YEAR,DOY,PRECTOTCORR,GWETROOT,GWETTOP,T2M_MAX,RH2M,WS2M,ALLSKY_SFC_SW_DWN,ALLSKY_SFC_PAR_TOT,CIDADE,ESTADO,REGIAO,LATITUDE,LONGITUDE
2015,1,0.37,0.54,0.51,36.59,58.79,1.74,27.82,12.95,Uruaçu,GO,Centro-Oeste,-14.52,-48.86
2015,2,0.52,0.53,0.5,36.69,56.9,0.86,23.44,10.96,Uruaçu,GO,Centro-Oeste,-14.52,-48.86
2015,3,2.46,0.53,0.51,36.48,59.77,1.35,25.21,11.8,Uruaçu,GO,Centro-Oeste,-14.52,-48.86
2015,4,1.25,0.53,0.52,33.58,65.6,1.4,24.9,11.58,Uruaçu,GO,Centro-Oeste,-14.52,-48.86
2015,5,1.07,0.52,0.5,35.2,59.86,1.36,26.32,12.2,Uruaçu,GO,Centro-Oeste,-14.52,-48.86
2015,6,1.44,0.52,0.5,35.89,58.5,1.4,21.02,9.84,Uruaçu,GO,Centro-Oeste,-14.52,-48.86
2015,7,0.01,0.52,0.48,36.1,57.63,1.43,26.66,12.42,Uruaçu,GO,Centro-Oeste,-14.52,-48.86
2015,8,0.01,0.51,0.46,36.35,54.14,2.18,27.07,12.53,Uruaçu,GO,Centro-Oeste,-14.52,-48.86
2015,9,0.01,0.51,0.45,33.97,53.71,1.47,22.47,10.31,Uruaçu,GO,Centro-Oeste,-14.52,-48.86
2015,10,0.29,0.51,0.43,36.48,53.54,1.58,26.24,12.12,Uruaçu,GO,Centro-Oeste,-14.52,-48.86
2015,11,0.54,0.51,0.42,36.55,57.01,1.56,26.17,12.15,Uruaçu,GO,Centro-Oeste,-14.52,-48.86
2015,12,1.52,0.5,0.42,36.74,57.13,2.04,23.48,10.97,Uruaçu,GO,Centro-Oeste,-14.52,-48.86
2015,13,0.54,0.5,0.42,36.56,55.39,2.04,22.99,10.68,Uruaçu,GO,Centro-Oeste,-14.52,-48.86
2015,14,0.99,0.5,0.4,35.69,54.41,1.11,25.85,12.0,Uruaçu,GO,Centro-Oeste,-14.52,-48.86
2015,15,0.14,0.5,0.39,36.17,52.53,1.8,23.29,10.77,Uruaçu,GO,Centro-Oeste,-14.52,-48.86
2015,16,0.0,0.5,0.38,32.41,55.51,1.38,22.68,10.48,Uruaçu,GO,Centro-Oeste,-14.52,-48.86
2015,17,0.02,0.5,0.36,36.23,52.86,1.84,12.92,6.12,Uruaçu,GO,Centro-Oeste,-14.52,-48.86
2015,18,0.14,0.5,0.34,37.35,52.16,2.09,24.53,11.4,Uruaçu,GO,Centro-Oeste,-14.52,-48.86
2015,19,0.08,0.49,0.32,37.95,46.87,1.85,20.64,9.61,Uruaçu,GO,Centro-Oeste,-14.52,-48.86
2015,20,3.13,0.49,0.34,37.48,49.89,1.31,23.99,11.2,Uruaçu,GO,Centro-Oeste,-14.52,-48.86
2015,21,1.87,0.5,0.4,37.78,53.17,1.84,24.19,11.22,Uruaçu,GO,Centro-Oeste,-14.52,-48.86
2015,22,1.35,0.5,0.39,33.67,58.47,1.79,25.75,12.02,Uruaçu,GO,Centro-Oeste,-14.52,-48.86
2015,23,2.38,0.5,0.41,33.52,54.96,1.23,22.09,10.37,Uruaçu,GO,Centro-Oeste,-14.52,-48.86
2015,24,8.94,0.5,0.47,31.8,65.12,2.11,17.3,8.24,Uruaçu,GO,Centro-Oeste,-14.52,-48.86
2015,25,3.14,0.52,0.56,27.42,76.33,0.8,12.18,5.91,Uruaçu,GO,Centro-Oeste,-14.52,-48.86
2015,26,1.08,0.52,0.5,31.34,69.36,1.47,16.4,7.81,Uruaçu,GO,Centro-Oeste,-14.52,-48.86
2015,27,1.65,0.52,0.5,33.13,65.33,1.52,20.34,9.58,Uruaçu,GO,Centro-Oeste,-14.52,-48.86
2015,28,0.97,0.51,0.5,31.86,62.96,0.85,23.43,10.95,Uruaçu,GO,Centro-Oeste,-14.52,-48.86
2015,29,0.41,0.51,0.48,35.05,57.43,1.78,24.93,11.65,Uruaçu,GO,Centro-Oeste,-14.52,-48.86
2015,30,1.75,0.51,0.47,37.65,53.02,2.0,28.61,13.25,Uruaçu,GO,Centro-Oeste,-14.52,-48.86
2015,31,1.28,0.51,0.45,39.36,48.91,1.2,28.73,13.28,Uruaçu,GO,Centro-Oeste,-14.52,-48.86
2015,32,1.87,0.5,0.48,33.46,63.6,1.78,24.57,11.4,Uruaçu,GO,Centro-Oeste,-14.52,-48.86
2015,33,0.0,0.5,0.44,37.23,56.19,1.46,26.83,12.47,Uruaçu,GO,Centro-Oeste,-14.52,-48.86
2015,34,0.76,0.5,0.41,34.75,57.13,2.44,26.15,12.16,Uruaçu,GO,Centro-Oeste,-14.52,-48.86
2015,35,1.21,0.5,0.41,33.79,57.85,1.23,19.76,9.29,Uruaçu,GO,Centro-Oeste,-14.52,-48.86
2015,36,7.39,0.5,0.48,31.31,73.95,2.37,18.33,8.64,Uruaçu,GO,Centro-Oeste,-14.52,-48.86
2015,37,15.22,0.52,0.61,25.99,88.03,2.76,7.2,3.58,Uruaçu,GO,Centro-Oeste,-14.52,-48.86
2015,38,38.52,0.58,0.75,25.48,88.06,2.47,8.14,4.02,Uruaçu,GO,Centro-Oeste,-14.52,-48.86
2015,39,7.35,0.61,0.68,29.34,82.19,2.59,10.11,4.92,Uruaçu,GO,Centro-Oeste,-14.52,-48.86
2015,40,8.9,0.6,0.66,29.64,79.45,1.11,11.97,5.75,Uruaçu,GO,Centro-Oeste,-14.52,-48.86
2015,41,11.33,0.62,0.71,28.47,81.42,0.8,20.34,9.51,Uruaçu,GO,Centro-Oeste,-14.52,-48.86
2015,42,0.61,0.61,0.64,33.55,70.92,1.41,25.02,11.63,Uruaçu,GO,Centro-Oeste,-14.52,-48.86
2015,43,0.0,0.6,0.61,33.27,66.36,1.17,27.09,12.6,Uruaçu,GO,Centro-Oeste,-14.52,-48.86
2015,44,2.02,0.59,0.59,34.42,63.72,1.16,28.55,13.24,Uruaçu,GO,Centro-Oeste,-14.52,-48.86
2015,45,1.14,0.58,0.58,34.42,61.18,1.28,28.15,13.0,Uruaçu,GO,Centro-Oeste,-14.52,-48.86
2015,46,0.55,0.57,0.56,32.12,70.29,1.28,24.58,11.5,Uruaçu,GO,Centro-Oeste,-14.52,-48.86
2015,47,1.71,0.57,0.57,31.17,72.83,0.94,23.25,10.86,Uruaçu,GO,Centro-Oeste,-14.52,-48.86
2015,48,6.49,0.57,0.59,31.68,72.84,1.9,19.6,9.2,Uruaçu,GO,Centro-Oeste,-14.52,-48.86
2015,49,8.51,0.58,0.64,28.58,81.3,1.52,15.66,7.4,Uruaçu,GO,Centro-Oeste,-14.52,-48.86
2015,50,5.27,0.59,0.63,27.08,85.29,1.3,11.12,5.34,Uruaçu,GO,Centro-Oeste,-14.52,-48.86
2015,51,3.73,0.59,0.62,28.04,83.12,1.51,18.71,8.69,Uruaçu,GO,Centro-Oeste,-14.52,-48.86
2015,52,1.32,0.59,0.59,32.67,70.84,1.65,22.66,10.5,Uruaçu,GO,Centro-Oeste,-14.52,-48.86
2015,53,1.54,0.58,0.57,33.49,65.09,2.59,26.89,12.5,Uruaçu,GO,Centro-Oeste,-14.52,-48.86
2015,54,0.93,0.57,0.56,32.87,66.27,1.94,25.74,11.98,Uruaçu,GO,Centro-Oeste,-14.52,-48.86
2015,55,0.11,0.56,0.55,32.27,66.73,2.26,19.9,9.34,Uruaçu,GO,Centro-Oeste,-14.52,-48.86
2015,56,0.25,0.56,0.54,31.65,70.23,1.92,23.36,10.94,Uruaçu,GO,Centro-Oeste,-14.52,-48.86
2015,57,2.6,0.56,0.56,30.52,76.57,1.81,19.8,9.36,Uruaçu,GO,Centro-Oeste,-14.52,-48.86
2015,58,1.41,0.56,0.56,29.84,75.18,1.19,13.99,6.65,Uruaçu,GO,Centro-Oeste,-14.52,-48.86
2015,59,0.82,0.56,0.55,28.8,75.04,1.13,21.67,10.14,Uruaçu,GO,Centro-Oeste,-14.52,-48.86
2015,60,2.95,0.56,0.55,33.91,69.7,1.36,18.13,8.53,Uruaçu,GO,Centro-Oeste,-14.52,-48.86
2015,61,4.15,0.56,0.57,30.23,75.94,0.9,21.43,10.06,Uruaçu,GO,Centro-Oeste,-14.52,-48.86
2015,62,2.37,0.56,0.55,33.47,68.1,1.73,22.31,10.42,Uruaçu,GO,Centro-Oeste,-14.52,-48.86
2015,63,0.94,0.55,0.54,32.59,70.09,1.38,16.92,7.91,Uruaçu,GO,Centro-Oeste,-14.52,-48.86
2015,64,1.06,0.55,0.54,31.49,71.26,1.02,12.16,5.85,Uruaçu,GO,Centro-Oeste,-14.52,-48.86
2015,65,0.48,0.55,0.53,32.84,69.94,1.05,19.56,9.18,Uruaçu,GO,Centro-Oeste,-14.52,-48.86
2015,66,3.96,0.54,0.53,35.33,65.59,1.31,25.03,11.68,Uruaçu,GO,Centro-Oeste,-14.52,-48.86
2015,67,7.24,0.56,0.6,29.09,80.06,1.13,20.25,9.49,Uruaçu,GO,Centro-Oeste,-14.52,-48.86
2015,68,0.98,0.55,0.54,33.51,68.98,1.24,17.38,8.22,Uruaçu,GO,Centro-Oeste,-14.52,-48.86
2015,69,7.12,0.55,0.58,31.57,74.6,0.86,18.29,8.63,Uruaçu,GO,Centro-Oeste,-14.52,-48.86
2015,70,21.2,0.58,0.68,29.87,77.23,0.87,22.17,10.48,Uruaçu,GO,Centro-Oeste,-14.52,-48.86
2015,71,11.81,0.61,0.69,27.62,85.21,1.19,12.31,5.92,Uruaçu,GO,Centro-Oeste,-14.52,-48.86
2015,72,2.58,0.61,0.64,28.22,84.26,1.38,16.3,7.65,Uruaçu,GO,Centro-Oeste,-14.52,-48.86
2015,73,3.04,0.6,0.63,30.5,78.03,1.9,16.99,8.05,Uruaçu,GO,Centro-Oeste,-14.52,-48.86
2015,74,2.78,0.6,0.61,31.03,80.05,2.03,19.34,9.1,Uruaçu,GO,Centro-Oeste,-14.52,-48.86
2015,75,4.85,0.6,0.64,26.13,85.12,1.76,16.06,7.57,Uruaçu,GO,Centro-Oeste,-14.52,-48.86
2015,76,1.68,0.6,0.61,31.74,69.51,0.97,19.39,9.1,Uruaçu,GO,Centro-Oeste,-14.52,-48.86
2015,77,9.31,0.59,0.64,30.0,77.19,1.47,14.08,6.64,Uruaçu,GO,Centro-Oeste,-14.52,-48.86
2015,78,31.5,0.64,0.77,24.81,89.84,1.45,7.45,3.68,Uruaçu,GO,Centro-Oeste,-14.52,-48.86
2015,79,1.29,0.65,0.7,27.69,84.23,1.72,13.02,6.25,Uruaçu,GO,Centro-Oeste,-14.52,-48.86
2015,80,6.78,0.64,0.71,27.78,86.08,2.31,13.29,6.38,Uruaçu,GO,Centro-Oeste,-14.52,-48.86
2015,81,8.51,0.65,0.73,27.88,87.51,2.4,14.08,6.7,Uruaçu,GO,Centro-Oeste,-14.52,-48.86
2015,82,1.55,0.65,0.69,29.24,84.55,1.7,22.12,10.32,Uruaçu,GO,Centro-Oeste,-14.52,-48.86
2015,83,0.8,0.64,0.69,26.47,85.42,0.81,20.36,9.55,Uruaçu,GO,Centro-Oeste,-14.52,-48.86
2015,84,0.27,0.64,0.68,29.4,81.57,1.22,14.46,6.87,Uruaçu,GO,Centro-Oeste,-14.52,-48.86
2015,85,2.47,0.63,0.68,28.49,83.86,0.82,11.62,5.54,Uruaçu,GO,Centro-Oeste,-14.52,-48.86
2015,86,2.18,0.63,0.68,30.12,79.26,1.03,18.41,8.69,Uruaçu,GO,Centro-Oeste,-14.52,-48.86
2015,87,0.15,0.62,0.65,30.96,73.67,1.54,21.85,10.27,Uruaçu,GO,Centro-Oeste,-14.52,-48.86
2015,88,0.11,0.61,0.63,31.85,72.34,0.96,21.46,10.1,Uruaçu,GO,Centro-Oeste,-14.52,-48.86
2015,89,0.23,0.6,0.62,32.1,73.83,0.91,22.74,10.63,Uruaçu,GO,Centro-Oeste,-14.52,-48.86
2015,90,0.12,0.6,0.6,32.14,75.58,1.51,15.28,7.24,Uruaçu,GO,Centro-Oeste,-14.52,-48.86
2015,91,1.6,0.59,0.59,31.95,75.17,1.73,19.41,9.08,Uruaçu,GO,Centro-Oeste,-14.52,-48.86
2015,92,6.85,0.59,0.65,30.54,81.83,0.87,19.94,9.38,Uruaçu,GO,Centro-Oeste,-14.52,-48.86
2015,93,7.65,0.6,0.66,28.82,80.3,1.26,20.13,9.48,Uruaçu,GO,Centro-Oeste,-14.52,-48.86
2015,94,2.39,0.6,0.63,31.22,76.18,1.47,19.74,9.26,Uruaçu,GO,Centro-Oeste,-14.52,-48.86
2015,95,1.13,0.6,0.61,30.76,77.53,1.06,14.16,6.7,Uruaçu,GO,Centro-Oeste,-14.52,-48.86
2015,96,0.17,0.59,0.59,31.82,75.17,1.42,19.24,9.03,Uruaçu,GO,Centro-Oeste,-14.52,-48.86
2015,97,1.42,0.58,0.58,30.19,78.37,1.82,15.59,7.34,Uruaçu,GO,Centro-Oeste,-14.52,-48.86
2015,98,24.73,0.6,0.7,30.0,83.55,1.11,18.07,8.49,Uruaçu,GO,Centro-Oeste,-14.52,-48.86
2015,99,0.17,0.62,0.66,28.44,82.21,1.86,18.74,8.81,Uruaçu,GO,Centro-Oeste,-14.52,-48.86
2015,100,1.06,0.61,0.63,30.68,77.26,1.91,19.49,9.1,Uruaçu,GO,Centro-Oeste,-14.52,-48.86
2015,101,5.46,0.6,0.64,30.46,76.64,1.7,21.74,10.23,Uruaçu,GO,Centro-Oeste,-14.52,-48.86
2015,102,1.42,0.6,0.64,30.47,79.26,1.52,20.34,9.6,Uruaçu,GO,Centro-Oeste,-14.52,-48.86
2015,103,7.0,0.6,0.65,29.63,79.47,1.24,20.03,9.44,Uruaçu,GO,Centro-Oeste,-14.52,-48.86
2015,104,0.4,0.6,0.63,29.92,78.4,1.18,13.41,6.42,Uruaçu,GO,Centro-Oeste,-14.52,-48.86
2015,105,2.23,0.6,0.62,30.73,77.67,1.02,17.51,8.24,Uruaçu,GO,Centro-Oeste,-14.52,-48.86
2015,106,2.42,0.6,0.63,26.19,88.52,0.71,14.51,6.86,Uruaçu,GO,Centro-Oeste,-14.52,-48.86
2015,107,13.39,0.61,0.7,29.08,78.97,0.96,19.36,9.14,Uruaçu,GO,Centro-Oeste,-14.52,-48.86
2015,108,0.63,0.61,0.64,30.13,73.97,0.76,16.36,7.77,Uruaçu,GO,Centro-Oeste,-14.52,-48.86
2015,109,2.62,0.6,0.63,31.48,75.02,0.79,19.93,9.44,Uruaçu,GO,Centro-Oeste,-14.52,-48.86
2015,110,1.68,0.6,0.63,31.67,77.88,1.31,18.77,8.9,Uruaçu,GO,Centro-Oeste,-14.52,-48.86
2015,111,0.03,0.59,0.6,30.74,76.21,1.1,17.41,8.21,Uruaçu,GO,Centro-Oeste,-14.52,-48.86
2015,112,0.23,0.59,0.59,31.31,73.52,0.64,18.23,8.57,Uruaçu,GO,Centro-Oeste,-14.52,-48.86
2015,113,1.7,0.58,0.59,30.89,74.36,1.34,16.98,7.94,Uruaçu,GO,Centro-Oeste,-14.52,-48.86
2015,114,0.75,0.58,0.59,29.33,82.36,1.41,16.4,7.68,Uruaçu,GO,Centro-Oeste,-14.52,-48.86
2015,115,1.53,0.58,0.59,29.12,81.82,1.63,15.51,7.36,Uruaçu,GO,Centro-Oeste,-14.52,-48.86
2015,116,6.45,0.58,0.61,30.43,79.27,0.95,15.42,7.29,Uruaçu,GO,Centro-Oeste,-14.52,-48.86
2015,117,5.2,0.59,0.64,29.17,80.14,1.51,17.75,8.32,Uruaçu,GO,Centro-Oeste,-14.52,-48.86
2015,118,3.21,0.59,0.61,29.72,80.9,1.75,15.96,7.49,Uruaçu,GO,Centro-Oeste,-14.52,-48.86
2015,119,4.22,0.59,0.62,29.03,81.81,1.46,17.25,8.06,Uruaçu,GO,Centro-Oeste,-14.52,-48.86
2015,120,2.71,0.59,0.62,26.68,84.72,2.43,15.38,7.19,Uruaçu,GO,Centro-Oeste,-14.52,-48.86
2015,121,0.65,0.59,0.59,29.88,78.07,1.57,18.16,8.4,Uruaçu,GO,Centro-Oeste,-14.52,-48.86
2015,122,0.48,0.58,0.58,30.07,76.94,1.16,18.62,8.67,Uruaçu,GO,Centro-Oeste,-14.52,-48.86
2015,123,0.47,0.58,0.57,30.05,77.32,1.32,18.78,8.78,Uruaçu,GO,Centro-Oeste,-14.52,-48.86
2015,124,1.88,0.57,0.57,30.68,76.57,0.98,13.78,6.48,Uruaçu,GO,Centro-Oeste,-14.52,-48.86
2015,125,0.23,0.57,0.56,31.29,73.19,1.02,15.05,7.11,Uruaçu,GO,Centro-Oeste,-14.52,-48.86
2015,126,6.37,0.57,0.59,30.57,76.47,1.08,14.32,6.78,Uruaçu,GO,Centro-Oeste,-14.52,-48.86
2015,127,0.01,0.57,0.56,31.74,74.73,1.32,19.31,8.99,Uruaçu,GO,Centro-Oeste,-14.52,-48.86
2015,128,0.0,0.56,0.54,32.17,72.28,1.78,17.33,8.13,Uruaçu,GO,Centro-Oeste,-14.52,-48.86
2015,129,0.02,0.56,0.54,31.22,71.8,2.75,16.58,7.79,Uruaçu,GO,Centro-Oeste,-14.52,-48.86
2015,130,0.13,0.55,0.53,32.52,69.06,1.96,19.45,9.08,Uruaçu,GO,Centro-Oeste,-14.52,-48.86
2015,131,0.72,0.55,0.54,28.21,76.71,1.36,5.22,2.63,Uruaçu,GO,Centro-Oeste,-14.52,-48.86
2015,132,0.04,0.55,0.52,31.48,68.74,1.57,20.14,9.35,Uruaçu,GO,Centro-Oeste,-14.52,-48.86
2015,133,0.0,0.54,0.52,31.51,68.15,1.58,13.53,6.38,Uruaçu,GO,Centro-Oeste,-14.52,-48.86
2015,134,0.0,0.54,0.52,30.89,69.39,2.43,14.39,6.78,Uruaçu,GO,Centro-Oeste,-14.52,-48.86
2015,135,0.0,0.54,0.51,31.06,66.97,2.77,15.47,7.22,Uruaçu,GO,Centro-Oeste,-14.52,-48.86
2015,136,0.0,0.53,0.51,32.24,62.42,2.61,13.44,6.34,Uruaçu,GO,Centro-Oeste,-14.52,-48.86
2015,137,0.0,0.53,0.5,32.75,61.63,2.81,19.78,9.21,Uruaçu,GO,Centro-Oeste,-14.52,-48.86
2015,138,0.0,0.53,0.5,31.66,64.96,2.37,19.14,8.94,Uruaçu,GO,Centro-Oeste,-14.52,-48.86
2015,139,0.01,0.52,0.5,32.82,59.39,2.25,19.54,9.07,Uruaçu,GO,Centro-Oeste,-14.52,-48.86
2015,140,0.0,0.52,0.49,33.06,57.74,2.22,19.28,8.96,Uruaçu,GO,Centro-Oeste,-14.52,-48.86
2015,141,0.0,0.52,0.49,32.96,61.05,2.93,19.49,9.09,Uruaçu,GO,Centro-Oeste,-14.52,-48.86
2015,142,0.0,0.51,0.49,29.88,63.82,3.02,18.68,8.7,Uruaçu,GO,Centro-Oeste,-14.52,-48.86
2015,143,0.0,0.51,0.48,33.53,57.87,2.42,19.25,8.89,Uruaçu,GO,Centro-Oeste,-14.52,-48.86
2015,144,0.0,0.51,0.47,33.84,56.53,1.81,19.2,8.88,Uruaçu,GO,Centro-Oeste,-14.52,-48.86
2015,145,0.0,0.51,0.45,33.54,54.43,1.71,19.86,9.19,Uruaçu,GO,Centro-Oeste,-14.52,-48.86
2015,146,0.0,0.5,0.44,34.4,50.89,2.22,20.05,9.21,Uruaçu,GO,Centro-Oeste,-14.52,-48.86
2015,147,0.01,0.5,0.41,34.93,48.76,1.39,20.04,9.17,Uruaçu,GO,Centro-Oeste,-14.52,-48.86
2015,148,0.04,0.5,0.39,34.52,50.08,0.94,18.46,8.51,Uruaçu,GO,Centro-Oeste,-14.52,-48.86
2015,149,0.01,0.5,0.37,33.46,53.6,1.16,17.72,8.21,Uruaçu,GO,Centro-Oeste,-14.52,-48.86
2015,150,0.0,0.5,0.35,33.73,52.57,1.17,16.76,7.73,Uruaçu,GO,Centro-Oeste,-14.52,-48.86
2015,151,0.0,0.5,0.34,34.52,46.68,1.66,18.04,8.27,Uruaçu,GO,Centro-Oeste,-14.52,-48.86
2015,152,0.0,0.49,0.32,35.87,44.56,2.23,18.25,8.37,Uruaçu,GO,Centro-Oeste,-14.52,-48.86
2015,153,0.0,0.49,0.3,35.69,42.7,2.63,18.26,8.44,Uruaçu,GO,Centro-Oeste,-14.52,-48.86
2015,154,0.0,0.49,0.29,34.29,43.08,2.75,18.74,8.65,Uruaçu,GO,Centro-Oeste,-14.52,-48.86
2015,155,0.0,0.49,0.28,33.95,46.37,2.87,18.82,8.67,Uruaçu,GO,Centro-Oeste,-14.52,-48.86
2015,156,0.0,0.49,0.27,33.93,46.96,3.18,18.52,8.49,Uruaçu,GO,Centro-Oeste,-14.52,-48.86
2015,157,0.0,0.49,0.26,33.25,48.88,3.09,17.41,8.01,Uruaçu,GO,Centro-Oeste,-14.52,-48.86
2015,158,0.0,0.49,0.26,32.86,52.65,3.07,18.46,8.52,Uruaçu,GO,Centro-Oeste,-14.52,-48.86
2015,159,0.0,0.49,0.25,33.13,51.49,2.68,18.69,8.62,Uruaçu,GO,Centro-Oeste,-14.52,-48.86
2015,160,0.0,0.49,0.25,34.13,44.43,2.42,18.75,8.66,Uruaçu,GO,Centro-Oeste,-14.52,-48.86
2015,161,0.0,0.49,0.24,34.9,40.89,2.37,18.42,8.42,Uruaçu,GO,Centro-Oeste,-14.52,-48.86
2015,162,0.0,0.49,0.23,32.98,45.47,1.7,17.08,7.88,Uruaçu,GO,Centro-Oeste,-14.52,-48.86
2015,163,0.0,0.49,0.23,34.21,45.24,2.18,16.2,7.45,Uruaçu,GO,Centro-Oeste,-14.52,-48.86
2015,164,0.05,0.49,0.22,34.3,42.3,1.6,17.52,8.05,Uruaçu,GO,Centro-Oeste,-14.52,-48.86
2015,165,0.0,0.49,0.22,35.39,40.91,1.43,18.99,8.65,Uruaçu,GO,Centro-Oeste,-14.52,-48.86
2015,166,0.0,0.49,0.21,35.53,39.62,1.15,18.64,8.5,Uruaçu,GO,Centro-Oeste,-14.52,-48.86
2015,167,0.0,0.49,0.21,36.08,42.89,2.15,18.37,8.42,Uruaçu,GO,Centro-Oeste,-14.52,-48.86
2015,168,0.0,0.49,0.2,35.45,38.47,2.87,18.71,8.62,Uruaçu,GO,Centro-Oeste,-14.52,-48.86
2015,169,0.43,0.49,0.2,34.74,43.82,2.31,17.36,7.99,Uruaçu,GO,Centro-Oeste,-14.52,-48.86
2015,170,0.12,0.49,0.2,34.56,41.02,2.63,18.32,8.41,Uruaçu,GO,Centro-Oeste,-14.52,-48.86
2015,171,0.0,0.49,0.2,32.84,35.94,3.85,18.21,8.24,Uruaçu,GO,Centro-Oeste,-14.52,-48.86
2015,172,0.0,0.49,0.2,30.98,43.24,2.78,16.06,7.33,Uruaçu,GO,Centro-Oeste,-14.52,-48.86
2015,173,0.0,0.49,0.2,30.56,47.59,2.6,16.62,7.54,Uruaçu,GO,Centro-Oeste,-14.52,-48.86
2015,174,0.0,0.49,0.19,32.64,42.79,2.04,18.85,8.47,Uruaçu,GO,Centro-Oeste,-14.52,-48.86
2015,175,0.0,0.49,0.19,32.8,40.54,2.88,18.33,8.27,Uruaçu,GO,Centro-Oeste,-14.52,-48.86
2015,176,0.0,0.49,0.19,32.31,44.75,3.73,17.25,7.9,Uruaçu,GO,Centro-Oeste,-14.52,-48.86
2015,177,0.0,0.49,0.19,31.93,46.51,4.25,18.84,8.66,Uruaçu,GO,Centro-Oeste,-14.52,-48.86
2015,178,0.0,0.49,0.19,30.82,42.23,3.61,18.84,8.54,Uruaçu,GO,Centro-Oeste,-14.52,-48.86
2015,179,0.0,0.49,0.18,29.72,46.78,3.05,15.93,7.26,Uruaçu,GO,Centro-Oeste,-14.52,-48.86
2015,180,0.0,0.49,0.18,32.64,46.79,2.41,17.83,8.12,Uruaçu,GO,Centro-Oeste,-14.52,-48.86
2015,181,0.0,0.49,0.18,33.36,41.25,2.2,18.57,8.47,Uruaçu,GO,Centro-Oeste,-14.52,-48.86
2015,182,0.0,0.49,0.18,34.12,36.97,1.62,19.07,8.67,Uruaçu,GO,Centro-Oeste,-14.52,-48.86
2015,183,0.0,0.49,0.18,34.45,40.83,2.0,18.04,8.24,Uruaçu,GO,Centro-Oeste,-14.52,-48.86
2015,184,0.0,0.49,0.17,34.82,38.23,2.0,17.94,8.18,Uruaçu,GO,Centro-Oeste,-14.52,-48.86
2015,185,0.0,0.49,0.17,34.89,37.05,0.93,18.0,8.25,Uruaçu,GO,Centro-Oeste,-14.52,-48.86
2015,186,0.0,0.49,0.17,35.98,33.56,2.05,18.9,8.67,Uruaçu,GO,Centro-Oeste,-14.52,-48.86
2015,187,0.0,0.49,0.17,32.43,36.79,2.09,13.64,6.3,Uruaçu,GO,Centro-Oeste,-14.52,-48.86
2015,188,0.0,0.49,0.17,30.56,45.21,2.1,10.55,4.95,Uruaçu,GO,Centro-Oeste,-14.52,-48.86
2015,189,0.53,0.49,0.17,30.98,51.44,1.41,6.46,3.19,Uruaçu,GO,Centro-Oeste,-14.52,-48.86
2015,190,0.02,0.49,0.18,33.56,43.59,1.99,10.48,4.91,Uruaçu,GO,Centro-Oeste,-14.52,-48.86
2015,191,0.0,0.49,0.18,34.74,41.58,2.96,18.01,8.25,Uruaçu,GO,Centro-Oeste,-14.52,-48.86
2015,192,0.0,0.49,0.17,35.21,40.51,2.8,19.01,8.75,Uruaçu,GO,Centro-Oeste,-14.52,-48.86
2015,193,0.0,0.49,0.17,35.37,39.34,2.96,17.35,7.97,Uruaçu,GO,Centro-Oeste,-14.52,-48.86
2015,194,0.0,0.49,0.17,35.55,42.27,2.69,19.54,8.92,Uruaçu,GO,Centro-Oeste,-14.52,-48.86
2015,195,0.0,0.49,0.17,35.01,42.1,2.73,17.98,8.25,Uruaçu,GO,Centro-Oeste,-14.52,-48.86
2015,196,0.0,0.49,0.17,34.27,41.54,3.32,19.65,8.98,Uruaçu,GO,Centro-Oeste,-14.52,-48.86
2015,197,0.0,0.49,0.17,33.18,37.84,3.66,19.85,8.98,Uruaçu,GO,Centro-Oeste,-14.52,-48.86
2015,198,0.0,0.49,0.17,32.77,38.69,3.45,20.14,9.11,Uruaçu,GO,Centro-Oeste,-14.52,-48.86
2015,199,0.0,0.49,0.16,32.06,39.93,3.94,16.02,7.22,Uruaçu,GO,Centro-Oeste,-14.52,-48.86
2015,200,0.0,0.49,0.16,32.28,39.03,2.98,17.95,8.15,Uruaçu,GO,Centro-Oeste,-14.52,-48.86
2015,201,0.0,0.49,0.16,33.49,40.92,2.2,19.93,9.03,Uruaçu,GO,Centro-Oeste,-14.52,-48.86
2015,202,0.0,0.49,0.16,33.81,38.85,1.42,17.41,7.91,Uruaçu,GO,Centro-Oeste,-14.52,-48.86
2015,203,0.0,0.49,0.16,34.89,33.06,1.91,19.59,8.85,Uruaçu,GO,Centro-Oeste,-14.52,-48.86
2015,204,0.0,0.49,0.16,33.75,33.29,3.62,20.77,9.36,Uruaçu,GO,Centro-Oeste,-14.52,-48.86
2015,205,0.0,0.49,0.16,33.74,32.41,2.36,19.81,8.91,Uruaçu,GO,Centro-Oeste,-14.52,-48.86
2015,206,0.0,0.49,0.15,34.61,33.7,1.44,18.43,8.38,Uruaçu,GO,Centro-Oeste,-14.52,-48.86
2015,207,0.0,0.49,0.15,32.94,33.78,1.2,18.35,8.35,Uruaçu,GO,Centro-Oeste,-14.52,-48.86
2015,208,0.0,0.49,0.15,35.82,31.27,1.25,17.91,8.12,Uruaçu,GO,Centro-Oeste,-14.52,-48.86
2015,209,0.0,0.49,0.15,36.05,28.78,2.1,18.99,8.65,Uruaçu,GO,Centro-Oeste,-14.52,-48.86
2015,210,0.0,0.49,0.15,34.95,29.72,3.59,20.78,9.42,Uruaçu,GO,Centro-Oeste,-14.52,-48.86
2015,211,0.0,0.49,0.15,33.98,35.18,3.39,21.28,9.57,Uruaçu,GO,Centro-Oeste,-14.52,-48.86
2015,212,0.0,0.49,0.15,34.58,33.35,2.98,21.56,9.63,Uruaçu,GO,Centro-Oeste,-14.52,-48.86
2015,213,0.0,0.49,0.15,34.56,31.72,3.18,21.65,9.68,Uruaçu,GO,Centro-Oeste,-14.52,-48.86
2015,214,0.0,0.49,0.14,34.57,33.02,2.86,21.68,9.72,Uruaçu,GO,Centro-Oeste,-14.52,-48.86
2015,215,0.0,0.49,0.14,34.87,31.11,2.66,21.79,9.76,Uruaçu,GO,Centro-Oeste,-14.52,-48.86
2015,216,0.0,0.49,0.14,34.89,26.19,2.65,22.12,9.78,Uruaçu,GO,Centro-Oeste,-14.52,-48.86
2015,217,0.0,0.48,0.14,34.95,25.22,2.38,22.39,9.85,Uruaçu,GO,Centro-Oeste,-14.52,-48.86
2015,218,0.0,0.48,0.14,35.44,26.48,2.45,22.21,9.87,Uruaçu,GO,Centro-Oeste,-14.52,-48.86
2015,219,0.0,0.48,0.14,36.13,22.77,2.04,22.18,9.86,Uruaçu,GO,Centro-Oeste,-14.52,-48.86
2015,220,0.0,0.48,0.14,34.87,29.66,3.44,22.29,9.98,Uruaçu,GO,Centro-Oeste,-14.52,-48.86
2015,221,0.0,0.48,0.13,34.23,32.81,3.62,22.43,10.04,Uruaçu,GO,Centro-Oeste,-14.52,-48.86
2015,222,0.0,0.48,0.13,34.53,35.71,3.77,22.14,9.97,Uruaçu,GO,Centro-Oeste,-14.52,-48.86
2015,223,0.0,0.48,0.13,33.82,37.94,4.2,22.27,10.02,Uruaçu,GO,Centro-Oeste,-14.52,-48.86
2015,224,0.0,0.48,0.13,33.39,31.23,3.74,22.98,10.19,Uruaçu,GO,Centro-Oeste,-14.52,-48.86
2015,225,0.0,0.48,0.13,32.89,33.17,3.77,23.0,10.19,Uruaçu,GO,Centro-Oeste,-14.52,-48.86
2015,226,0.0,0.48,0.13,32.92,34.48,3.71,22.9,10.22,Uruaçu,GO,Centro-Oeste,-14.52,-48.86
2015,227,0.0,0.48,0.13,34.85,34.99,3.2,22.79,10.25,Uruaçu,GO,Centro-Oeste,-14.52,-48.86
2015,228,0.0,0.48,0.13,35.04,37.78,3.68,22.41,10.16,Uruaçu,GO,Centro-Oeste,-14.52,-48.86
2015,229,0.0,0.48,0.13,33.78,36.93,4.01,22.18,10.07,Uruaçu,GO,Centro-Oeste,-14.52,-48.86
2015,230,0.0,0.48,0.13,34.19,37.35,2.97,22.02,9.98,Uruaçu,GO,Centro-Oeste,-14.52,-48.86
2015,231,0.01,0.48,0.13,35.6,31.28,2.54,22.77,10.33,Uruaçu,GO,Centro-Oeste,-14.52,-48.86
2015,232,0.0,0.48,0.13,36.89,34.67,1.51,20.75,9.43,Uruaçu,GO,Centro-Oeste,-14.52,-48.86
2015,233,0.0,0.48,0.13,37.41,28.7,1.79,18.68,8.46,Uruaçu,GO,Centro-Oeste,-14.52,-48.86
2015,234,0.0,0.48,0.13,38.35,26.83,1.55,21.26,9.61,Uruaçu,GO,Centro-Oeste,-14.52,-48.86
2015,235,0.0,0.48,0.12,38.46,24.38,1.15,20.77,9.47,Uruaçu,GO,Centro-Oeste,-14.52,-48.86
2015,236,0.02,0.48,0.12,37.62,25.35,1.65,19.94,9.07,Uruaçu,GO,Centro-Oeste,-14.52,-48.86
2015,237,0.03,0.48,0.12,38.63,24.84,2.16,21.41,9.56,Uruaçu,GO,Centro-Oeste,-14.52,-48.86
2015,238,0.0,0.48,0.12,38.45,22.86,2.89,22.43,10.18,Uruaçu,GO,Centro-Oeste,-14.52,-48.86
2015,239,0.0,0.48,0.12,38.69,22.32,2.18,22.16,9.96,Uruaçu,GO,Centro-Oeste,-14.52,-48.86
2015,240,0.02,0.48,0.12,38.32,29.96,3.03,21.5,9.77,Uruaçu,GO,Centro-Oeste,-14.52,-48.86
2015,241,0.06,0.48,0.12,35.91,30.81,3.99,18.44,8.53,Uruaçu,GO,Centro-Oeste,-14.52,-48.86
2015,242,0.0,0.48,0.12,37.11,37.0,3.77,23.19,10.6,Uruaçu,GO,Centro-Oeste,-14.52,-48.86
2015,243,0.0,0.48,0.12,37.06,32.59,3.29,24.44,11.01,Uruaçu,GO,Centro-Oeste,-14.52,-48.86
2015,244,0.0,0.48,0.12,38.17,23.96,2.32,23.92,10.65,Uruaçu,GO,Centro-Oeste,-14.52,-48.86
2015,245,0.0,0.48,0.12,39.26,19.7,2.7,25.44,11.17,Uruaçu,GO,Centro-Oeste,-14.52,-48.86
2015,246,0.0,0.48,0.12,38.92,20.1,2.4,25.31,11.21,Uruaçu,GO,Centro-Oeste,-14.52,-48.86
2015,247,0.0,0.48,0.12,38.86,21.44,1.29,24.39,10.88,Uruaçu,GO,Centro-Oeste,-14.52,-48.86
2015,248,0.0,0.48,0.11,39.36,19.76,1.2,22.87,10.17,Uruaçu,GO,Centro-Oeste,-14.52,-48.86
2015,249,0.0,0.48,0.11,40.0,21.01,1.53,22.76,10.04,Uruaçu,GO,Centro-Oeste,-14.52,-48.86
2015,250,0.02,0.48,0.11,38.3,27.86,3.08,18.16,8.07,Uruaçu,GO,Centro-Oeste,-14.52,-48.86
2015,251,0.32,0.48,0.11,38.55,31.26,2.79,17.9,8.03,Uruaçu,GO,Centro-Oeste,-14.52,-48.86
2015,252,2.19,0.48,0.16,38.33,26.92,2.35,15.39,7.01,Uruaçu,GO,Centro-Oeste,-14.52,-48.86
2015,253,2.71,0.49,0.3,38.47,34.71,2.58,22.98,10.33,Uruaçu,GO,Centro-Oeste,-14.52,-48.86
2015,254,0.0,0.49,0.28,39.4,30.06,1.48,21.94,9.72,Uruaçu,GO,Centro-Oeste,-14.52,-48.86
2015,255,0.04,0.49,0.26,38.85,34.38,2.03,21.01,9.34,Uruaçu,GO,Centro-Oeste,-14.52,-48.86
2015,256,8.51,0.5,0.4,36.69,51.2,2.44,18.94,8.47,Uruaçu,GO,Centro-Oeste,-14.52,-48.86
2015,257,2.29,0.5,0.5,35.93,55.54,3.22,14.23,6.62,Uruaçu,GO,Centro-Oeste,-14.52,-48.86
2015,258,0.11,0.5,0.45,36.69,46.65,3.15,21.72,10.02,Uruaçu,GO,Centro-Oeste,-14.52,-48.86
2015,259,0.0,0.5,0.39,38.13,35.0,3.41,25.02,11.47,Uruaçu,GO,Centro-Oeste,-14.52,-48.86
2015,260,0.0,0.49,0.33,38.27,29.35,2.81,26.06,11.89,Uruaçu,GO,Centro-Oeste,-14.52,-48.86
2015,261,0.0,0.49,0.29,39.05,24.97,3.45,26.66,11.95,Uruaçu,GO,Centro-Oeste,-14.52,-48.86
2015,262,0.0,0.49,0.26,38.85,21.02,3.24,24.79,11.03,Uruaçu,GO,Centro-Oeste,-14.52,-48.86
2015,263,0.0,0.49,0.24,38.77,19.91,2.22,27.23,12.0,Uruaçu,GO,Centro-Oeste,-14.52,-48.86
2015,264,0.0,0.49,0.22,39.34,20.55,1.71,25.89,11.64,Uruaçu,GO,Centro-Oeste,-14.52,-48.86
2015,265,0.0,0.49,0.21,38.42,31.61,2.18,19.58,8.89,Uruaçu,GO,Centro-Oeste,-14.52,-48.86
2015,266,0.0,0.49,0.21,37.14,31.57,1.28,22.42,10.27,Uruaçu,GO,Centro-Oeste,-14.52,-48.86
2015,267,0.0,0.49,0.2,41.35,22.81,1.85,24.81,11.15,Uruaçu,GO,Centro-Oeste,-14.52,-48.86
2015,268,0.0,0.49,0.19,41.45,20.35,1.98,24.19,10.85,Uruaçu,GO,Centro-Oeste,-14.52,-48.86
2015,269,0.0,0.49,0.18,40.47,21.83,0.98,22.33,9.91,Uruaçu,GO,Centro-Oeste,-14.52,-48.86
2015,270,0.02,0.49,0.17,41.08,20.24,1.77,23.18,10.25,Uruaçu,GO,Centro-Oeste,-14.52,-48.86
2015,271,0.77,0.49,0.18,38.92,27.18,1.52,16.04,7.1,Uruaçu,GO,Centro-Oeste,-14.52,-48.86
2015,272,0.99,0.49,0.22,37.06,43.16,2.86,8.25,3.91,Uruaçu,GO,Centro-Oeste,-14.52,-48.86
2015,273,0.01,0.49,0.22,38.51,38.28,2.58,18.78,8.54,Uruaçu,GO,Centro-Oeste,-14.52,-48.86
2015,274,0.0,0.49,0.21,40.21,26.66,2.3,27.18,12.13,Uruaçu,GO,Centro-Oeste,-14.52,-48.86
2015,275,0.0,0.49,0.2,40.3,21.57,2.81,26.67,11.92,Uruaçu,GO,Centro-Oeste,-14.52,-48.86
2015,276,0.0,0.49,0.19,41.13,22.34,1.63,26.71,11.94,Uruaçu,GO,Centro-Oeste,-14.52,-48.86
2015,277,0.0,0.49,0.18,41.41,25.27,1.45,25.4,11.35,Uruaçu,GO,Centro-Oeste,-14.52,-48.86
2015,278,0.0,0.49,0.18,41.41,29.7,2.48,20.33,9.28,Uruaçu,GO,Centro-Oeste,-14.52,-48.86
2015,279,0.6,0.49,0.17,41.02,30.52,2.55,18.41,8.43,Uruaçu,GO,Centro-Oeste,-14.52,-48.86
2015,280,10.81,0.5,0.43,36.05,50.67,1.96,20.06,9.09,Uruaçu,GO,Centro-Oeste,-14.52,-48.86
2015,281,0.47,0.5,0.47,37.58,51.37,2.9,23.94,11.0,Uruaçu,GO,Centro-Oeste,-14.52,-48.86
2015,282,0.05,0.5,0.4,38.87,37.64,3.01,26.72,12.15,Uruaçu,GO,Centro-Oeste,-14.52,-48.86
2015,283,0.0,0.49,0.34,38.83,25.53,2.9,27.43,12.29,Uruaçu,GO,Centro-Oeste,-14.52,-48.86
2015,284,0.0,0.49,0.3,39.86,25.79,3.27,27.23,12.23,Uruaçu,GO,Centro-Oeste,-14.52,-48.86
2015,285,0.0,0.49,0.27,39.5,26.17,3.15,26.09,11.81,Uruaçu,GO,Centro-Oeste,-14.52,-48.86
2015,286,0.0,0.49,0.24,40.88,22.38,3.18,27.79,12.53,Uruaçu,GO,Centro-Oeste,-14.52,-48.86
2015,287,0.0,0.49,0.22,40.65,23.63,3.4,27.94,12.5,Uruaçu,GO,Centro-Oeste,-14.52,-48.86
2015,288,0.0,0.49,0.21,41.03,22.31,3.11,27.18,12.24,Uruaçu,GO,Centro-Oeste,-14.52,-48.86
2015,289,0.0,0.49,0.2,41.1,22.38,3.52,24.06,10.95,Uruaçu,GO,Centro-Oeste,-14.52,-48.86
2015,290,0.0,0.49,0.19,41.9,19.43,2.47,27.55,12.39,Uruaçu,GO,Centro-Oeste,-14.52,-48.86
2015,291,0.0,0.49,0.18,42.6,18.52,3.14,26.82,11.89,Uruaçu,GO,Centro-Oeste,-14.52,-48.86
2015,292,0.0,0.49,0.17,41.3,17.71,3.81,28.29,12.58,Uruaçu,GO,Centro-Oeste,-14.52,-48.86
2015,293,0.0,0.49,0.17,41.23,21.21,3.16,27.36,12.21,Uruaçu,GO,Centro-Oeste,-14.52,-48.86
2015,294,0.0,0.49,0.16,42.27,21.28,1.67,22.92,10.31,Uruaçu,GO,Centro-Oeste,-14.52,-48.86
2015,295,0.22,0.49,0.16,41.15,24.81,0.82,21.35,9.62,Uruaçu,GO,Centro-Oeste,-14.52,-48.86
2015,296,4.48,0.49,0.29,31.47,47.93,3.84,12.83,6.01,Uruaçu,GO,Centro-Oeste,-14.52,-48.86
2015,297,12.31,0.49,0.38,40.99,45.11,2.92,22.56,10.37,Uruaçu,GO,Centro-Oeste,-14.52,-48.86
2015,298,11.18,0.53,0.6,32.36,70.24,1.68,15.87,7.43,Uruaçu,GO,Centro-Oeste,-14.52,-48.86
2015,299,11.83,0.55,0.61,32.52,69.88,2.9,14.61,7.0,Uruaçu,GO,Centro-Oeste,-14.52,-48.86
2015,300,7.96,0.55,0.57,35.36,63.43,1.66,22.84,10.66,Uruaçu,GO,Centro-Oeste,-14.52,-48.86
2015,301,13.41,0.57,0.64,26.54,82.56,1.69,20.25,9.56,Uruaçu,GO,Centro-Oeste,-14.52,-48.86
2015,302,11.5,0.58,0.64,33.68,65.04,1.27,21.46,10.01,Uruaçu,GO,Centro-Oeste,-14.52,-48.86
2015,303,9.65,0.59,0.64,31.14,73.62,1.44,15.64,7.33,Uruaçu,GO,Centro-Oeste,-14.52,-48.86
2015,304,10.63,0.6,0.68,30.45,75.14,0.95,13.81,6.61,Uruaçu,GO,Centro-Oeste,-14.52,-48.86
2015,305,8.86,0.61,0.68,25.98,88.75,1.39,12.25,5.93,Uruaçu,GO,Centro-Oeste,-14.52,-48.86
2015,306,28.68,0.65,0.79,28.05,84.08,1.8,17.48,8.29,Uruaçu,GO,Centro-Oeste,-14.52,-48.86
2015,307,3.68,0.65,0.71,31.21,77.03,1.56,25.22,11.76,Uruaçu,GO,Centro-Oeste,-14.52,-48.86
2015,308,0.02,0.64,0.66,33.62,63.82,1.98,28.23,13.03,Uruaçu,GO,Centro-Oeste,-14.52,-48.86
2015,309,4.19,0.63,0.68,33.26,64.54,1.2,25.14,11.59,Uruaçu,GO,Centro-Oeste,-14.52,-48.86
2015,310,2.29,0.62,0.66,33.83,68.7,1.77,24.23,11.21,Uruaçu,GO,Centro-Oeste,-14.52,-48.86
2015,311,3.56,0.62,0.66,33.0,73.94,1.48,24.44,11.35,Uruaçu,GO,Centro-Oeste,-14.52,-48.86
2015,312,0.25,0.61,0.63,33.57,72.59,1.63,23.46,10.92,Uruaçu,GO,Centro-Oeste,-14.52,-48.86
2015,313,0.03,0.6,0.6,36.31,58.63,2.14,27.91,12.77,Uruaçu,GO,Centro-Oeste,-14.52,-48.86
2015,314,0.01,0.59,0.57,35.87,54.26,2.19,28.18,12.67,Uruaçu,GO,Centro-Oeste,-14.52,-48.86
2015,315,0.0,0.58,0.55,36.78,42.31,2.44,28.44,12.84,Uruaçu,GO,Centro-Oeste,-14.52,-48.86
2015,316,0.0,0.57,0.54,37.89,47.78,1.55,27.65,12.52,Uruaçu,GO,Centro-Oeste,-14.52,-48.86
2015,317,0.01,0.56,0.53,37.82,53.78,1.01,24.3,10.95,Uruaçu,GO,Centro-Oeste,-14.52,-48.86
2015,318,0.17,0.55,0.54,30.81,69.68,1.9,20.88,9.71,Uruaçu,GO,Centro-Oeste,-14.52,-48.86
2015,319,8.94,0.56,0.59,31.86,72.19,1.02,17.68,8.3,Uruaçu,GO,Centro-Oeste,-14.52,-48.86
2015,320,2.06,0.57,0.58,33.98,69.52,1.44,19.71,9.27,Uruaçu,GO,Centro-Oeste,-14.52,-48.86
2015,321,2.64,0.56,0.56,32.14,71.79,1.3,18.32,8.62,Uruaçu,GO,Centro-Oeste,-14.52,-48.86
2015,322,0.91,0.56,0.55,31.9,74.12,1.52,18.38,8.72,Uruaçu,GO,Centro-Oeste,-14.52,-48.86
2015,323,3.96,0.56,0.57,30.72,76.08,1.82,16.63,7.95,Uruaçu,GO,Centro-Oeste,-14.52,-48.86
2015,324,1.56,0.56,0.56,29.16,78.15,1.46,19.1,8.99,Uruaçu,GO,Centro-Oeste,-14.52,-48.86
2015,325,0.29,0.56,0.54,34.29,68.33,1.22,17.9,8.41,Uruaçu,GO,Centro-Oeste,-14.52,-48.86
2015,326,12.57,0.57,0.63,32.89,67.64,1.23,21.52,10.15,Uruaçu,GO,Centro-Oeste,-14.52,-48.86
2015,327,35.54,0.6,0.73,31.5,76.64,1.1,17.56,8.35,Uruaçu,GO,Centro-Oeste,-14.52,-48.86
2015,328,8.07,0.64,0.72,29.74,84.14,1.47,17.0,8.03,Uruaçu,GO,Centro-Oeste,-14.52,-48.86
2015,329,0.33,0.63,0.67,30.1,82.07,1.52,23.98,11.05,Uruaçu,GO,Centro-Oeste,-14.52,-48.86
2015,330,3.07,0.62,0.65,32.6,72.64,1.58,21.98,10.26,Uruaçu,GO,Centro-Oeste,-14.52,-48.86
2015,331,32.67,0.66,0.78,31.06,81.8,1.56,18.36,8.71,Uruaçu,GO,Centro-Oeste,-14.52,-48.86
2015,332,12.83,0.66,0.75,29.34,82.84,1.63,13.58,6.62,Uruaçu,GO,Centro-Oeste,-14.52,-48.86
2015,333,2.45,0.66,0.71,30.93,80.5,1.2,24.32,11.37,Uruaçu,GO,Centro-Oeste,-14.52,-48.86
2015,334,1.68,0.65,0.7,31.94,75.35,1.18,23.71,11.05,Uruaçu,GO,Centro-Oeste,-14.52,-48.86
2015,335,0.58,0.64,0.67,32.99,73.32,1.69,27.34,12.72,Uruaçu,GO,Centro-Oeste,-14.52,-48.86
2015,336,0.02,0.62,0.65,34.55,64.47,1.23,28.23,13.06,Uruaçu,GO,Centro-Oeste,-14.52,-48.86
2015,337,1.04,0.61,0.64,34.76,63.75,1.6,26.61,12.32,Uruaçu,GO,Centro-Oeste,-14.52,-48.86
2015,338,0.89,0.6,0.61,34.68,65.2,1.42,27.2,12.55,Uruaçu,GO,Centro-Oeste,-14.52,-48.86
2015,339,10.92,0.61,0.67,31.05,74.19,1.09,20.68,9.71,Uruaçu,GO,Centro-Oeste,-14.52,-48.86
2015,340,0.82,0.61,0.63,30.4,74.91,1.59,16.75,7.81,Uruaçu,GO,Centro-Oeste,-14.52,-48.86
2015,341,0.32,0.6,0.61,32.45,69.73,1.07,24.43,11.19,Uruaçu,GO,Centro-Oeste,-14.52,-48.86
2015,342,8.49,0.59,0.64,31.17,74.23,1.68,16.99,8.01,Uruaçu,GO,Centro-Oeste,-14.52,-48.86
2015,343,3.48,0.61,0.66,31.43,76.87,1.37,25.15,11.69,Uruaçu,GO,Centro-Oeste,-14.52,-48.86
2015,344,3.7,0.6,0.63,31.69,74.97,1.75,22.53,10.5,Uruaçu,GO,Centro-Oeste,-14.52,-48.86
2015,345,0.8,0.6,0.62,33.09,70.29,1.99,22.2,10.35,Uruaçu,GO,Centro-Oeste,-14.52,-48.86
2015,346,3.39,0.59,0.6,35.98,61.7,2.1,27.23,12.44,Uruaçu,GO,Centro-Oeste,-14.52,-48.86
2015,347,14.52,0.6,0.69,28.39,81.02,1.39,12.61,6.07,Uruaçu,GO,Centro-Oeste,-14.52,-48.86
2015,348,0.06,0.61,0.63,28.52,76.66,2.05,22.06,10.42,Uruaçu,GO,Centro-Oeste,-14.52,-48.86
2015,349,0.03,0.6,0.6,34.97,61.96,2.51,28.62,13.13,Uruaçu,GO,Centro-Oeste,-14.52,-48.86
2015,350,0.09,0.58,0.57,35.31,56.46,2.14,25.65,11.75,Uruaçu,GO,Centro-Oeste,-14.52,-48.86
2015,351,14.0,0.59,0.63,34.55,59.75,1.46,22.72,10.41,Uruaçu,GO,Centro-Oeste,-14.52,-48.86
2015,352,2.59,0.6,0.63,32.58,66.62,1.92,23.8,11.09,Uruaçu,GO,Centro-Oeste,-14.52,-48.86
2015,353,1.94,0.59,0.59,33.09,63.69,2.24,23.11,10.85,Uruaçu,GO,Centro-Oeste,-14.52,-48.86
2015,354,5.7,0.58,0.59,33.04,65.95,2.0,24.87,11.57,Uruaçu,GO,Centro-Oeste,-14.52,-48.86
2015,355,16.72,0.61,0.71,30.12,75.49,1.97,19.66,9.31,Uruaçu,GO,Centro-Oeste,-14.52,-48.86
2015,356,5.69,0.61,0.65,30.54,72.36,1.74,21.68,10.19,Uruaçu,GO,Centro-Oeste,-14.52,-48.86
2015,357,0.88,0.6,0.61,34.46,66.4,1.93,27.5,12.7,Uruaçu,GO,Centro-Oeste,-14.52,-48.86
2015,358,0.0,0.59,0.57,35.44,59.17,2.37,28.88,13.18,Uruaçu,GO,Centro-Oeste,-14.52,-48.86
2015,359,0.01,0.58,0.56,35.16,59.62,1.73,27.72,12.54,Uruaçu,GO,Centro-Oeste,-14.52,-48.86
2015,360,12.83,0.58,0.64,29.23,76.27,1.8,16.64,7.9,Uruaçu,GO,Centro-Oeste,-14.52,-48.86
2015,361,0.76,0.59,0.6,30.9,71.83,1.82,23.68,11.13,Uruaçu,GO,Centro-Oeste,-14.52,-48.86
2015,362,0.5,0.58,0.57,31.94,65.3,2.57,23.02,10.82,Uruaçu,GO,Centro-Oeste,-14.52,-48.86
2015,363,20.35,0.58,0.61,33.81,66.37,2.26,15.94,7.61,Uruaçu,GO,Centro-Oeste,-14.52,-48.86
2015,364,20.29,0.63,0.75,28.77,78.87,1.6,15.19,7.32,Uruaçu,GO,Centro-Oeste,-14.52,-48.86
2015,365,0.13,0.62,0.65,31.61,70.12,1.23,22.77,10.61,Uruaçu,GO,Centro-Oeste,-14.52,-48.86
2016,1,2.19,0.61,0.64,31.86,71.75,1.01,24.8,11.68,Uruaçu,GO,Centro-Oeste,-14.52,-48.86
2016,2,2.79,0.6,0.64,31.45,72.08,0.8,25.24,11.8,Uruaçu,GO,Centro-Oeste,-14.52,-48.86
2016,3,14.97,0.61,0.71,29.93,75.32,1.2,16.47,7.79,Uruaçu,GO,Centro-Oeste,-14.52,-48.86
2016,4,6.72,0.62,0.69,30.31,76.79,0.97,17.8,8.48,Uruaçu,GO,Centro-Oeste,-14.52,-48.86
2016,5,24.55,0.65,0.78,28.63,84.57,1.69,16.93,8.03,Uruaçu,GO,Centro-Oeste,-14.52,-48.86
2016,6,24.16,0.67,0.8,28.32,87.45,1.59,13.53,6.42,Uruaçu,GO,Centro-Oeste,-14.52,-48.86
2016,7,33.31,0.7,0.83,29.36,87.68,2.21,11.33,5.47,Uruaçu,GO,Centro-Oeste,-14.52,-48.86
2016,8,10.4,0.73,0.81,26.73,90.36,2.53,10.16,5.04,Uruaçu,GO,Centro-Oeste,-14.52,-48.86
2016,9,11.2,0.74,0.8,27.13,89.18,2.03,9.3,4.63,Uruaçu,GO,Centro-Oeste,-14.52,-48.86
2016,10,2.22,0.74,0.78,28.37,86.47,1.64,21.5,10.14,Uruaçu,GO,Centro-Oeste,-14.52,-48.86
2016,11,5.88,0.73,0.78,28.01,87.58,1.78,17.71,8.41,Uruaçu,GO,Centro-Oeste,-14.52,-48.86
2016,12,13.16,0.73,0.8,29.08,85.72,1.53,15.43,7.37,Uruaçu,GO,Centro-Oeste,-14.52,-48.86
2016,13,15.85,0.75,0.82,28.35,87.21,1.46,15.85,7.5,Uruaçu,GO,Centro-Oeste,-14.52,-48.86
2016,14,16.95,0.77,0.84,27.36,90.58,2.23,10.26,4.96,Uruaçu,GO,Centro-Oeste,-14.52,-48.86
2016,15,11.72,0.78,0.83,28.35,86.94,1.88,16.05,7.58,Uruaçu,GO,Centro-Oeste,-14.52,-48.86
2016,16,9.16,0.79,0.83,27.47,89.4,1.85,11.16,5.35,Uruaçu,GO,Centro-Oeste,-14.52,-48.86
2016,17,8.4,0.79,0.82,28.72,88.77,2.29,11.79,5.72,Uruaçu,GO,Centro-Oeste,-14.52,-48.86
2016,18,22.53,0.8,0.87,27.24,90.79,2.65,10.4,5.11,Uruaçu,GO,Centro-Oeste,-14.52,-48.86
2016,19,45.6,0.84,0.91,26.8,91.09,1.83,10.19,5.01,Uruaçu,GO,Centro-Oeste,-14.52,-48.86
2016,20,15.93,0.88,0.89,28.01,89.87,2.25,7.06,3.57,Uruaçu,GO,Centro-Oeste,-14.52,-48.86
2016,21,17.45,0.88,0.9,25.27,94.14,2.42,7.07,3.57,Uruaçu,GO,Centro-Oeste,-14.52,-48.86
2016,22,16.28,0.9,0.9,28.08,89.37,2.61,10.28,5.1,Uruaçu,GO,Centro-Oeste,-14.52,-48.86
2016,23,10.21,0.91,0.9,26.42,91.96,2.08,12.91,6.21,Uruaçu,GO,Centro-Oeste,-14.52,-48.86
2016,24,18.69,0.91,0.91,26.75,91.82,1.74,18.87,8.85,Uruaçu,GO,Centro-Oeste,-14.52,-48.86
2016,25,7.49,0.93,0.91,27.06,91.25,1.37,13.91,6.65,Uruaçu,GO,Centro-Oeste,-14.52,-48.86
2016,26,26.73,0.93,0.93,29.52,86.66,1.24,25.76,12.02,Uruaçu,GO,Centro-Oeste,-14.52,-48.86
2016,27,48.5,0.98,0.96,27.47,91.57,2.8,8.91,4.44,Uruaçu,GO,Centro-Oeste,-14.52,-48.86
2016,28,28.99,0.98,0.95,25.15,91.62,2.01,19.63,9.23,Uruaçu,GO,Centro-Oeste,-14.52,-48.86
2016,29,16.21,0.99,0.95,27.35,90.04,1.91,13.61,6.53,Uruaçu,GO,Centro-Oeste,-14.52,-48.86
2016,30,2.15,0.99,0.94,28.24,85.83,2.3,26.13,12.04,Uruaçu,GO,Centro-Oeste,-14.52,-48.86
2016,31,0.0,0.98,0.92,28.57,83.08,2.4,28.87,13.34,Uruaçu,GO,Centro-Oeste,-14.52,-48.86
2016,32,0.55,0.96,0.91,28.91,82.31,2.32,26.5,12.29,Uruaçu,GO,Centro-Oeste,-14.52,-48.86
2016,33,2.16,0.95,0.91,29.58,82.36,1.53,24.49,11.41,Uruaçu,GO,Centro-Oeste,-14.52,-48.86
2016,34,5.72,0.94,0.91,28.79,80.52,1.67,16.26,7.66,Uruaçu,GO,Centro-Oeste,-14.52,-48.86
2016,35,2.49,0.93,0.9,29.3,78.47,1.2,23.07,10.83,Uruaçu,GO,Centro-Oeste,-14.52,-48.86
2016,36,2.78,0.92,0.89,28.91,81.64,0.83,20.75,9.77,Uruaçu,GO,Centro-Oeste,-14.52,-48.86
2016,37,0.97,0.91,0.89,28.53,82.65,1.65,23.18,10.85,Uruaçu,GO,Centro-Oeste,-14.52,-48.86
2016,38,0.15,0.9,0.88,30.14,74.71,1.18,22.66,10.61,Uruaçu,GO,Centro-Oeste,-14.52,-48.86
2016,39,0.21,0.89,0.87,29.5,79.11,1.39,22.14,10.38,Uruaçu,GO,Centro-Oeste,-14.52,-48.86
2016,40,8.14,0.89,0.89,25.87,88.47,1.2,14.47,6.86,Uruaçu,GO,Centro-Oeste,-14.52,-48.86
2016,41,2.15,0.89,0.87,29.52,82.76,1.83,27.27,12.72,Uruaçu,GO,Centro-Oeste,-14.52,-48.86
2016,42,1.7,0.88,0.86,30.68,79.12,1.31,25.68,11.97,Uruaçu,GO,Centro-Oeste,-14.52,-48.86
2016,43,6.49,0.87,0.87,29.31,78.74,0.67,25.03,11.66,Uruaçu,GO,Centro-Oeste,-14.52,-48.86
2016,44,19.22,0.87,0.89,30.86,78.16,0.81,23.66,11.12,Uruaçu,GO,Centro-Oeste,-14.52,-48.86
2016,45,13.21,0.89,0.9,29.21,85.64,1.25,20.62,9.76,Uruaçu,GO,Centro-Oeste,-14.52,-48.86
2016,46,8.57,0.89,0.89,27.35,86.25,2.12,20.35,9.5,Uruaçu,GO,Centro-Oeste,-14.52,-48.86
2016,47,0.88,0.89,0.87,29.77,79.81,1.73,27.11,12.55,Uruaçu,GO,Centro-Oeste,-14.52,-48.86
2016,48,0.01,0.88,0.86,31.13,73.26,1.74,27.9,12.88,Uruaçu,GO,Centro-Oeste,-14.52,-48.86
2016,49,0.0,0.86,0.85,30.96,75.17,1.87,27.37,12.73,Uruaçu,GO,Centro-Oeste,-14.52,-48.86
2016,50,0.0,0.85,0.84,30.45,73.57,2.15,27.98,12.83,Uruaçu,GO,Centro-Oeste,-14.52,-48.86
2016,51,0.0,0.83,0.83,28.37,82.12,1.67,23.29,10.82,Uruaçu,GO,Centro-Oeste,-14.52,-48.86
2016,52,1.51,0.83,0.84,28.0,83.35,1.39,22.41,10.43,Uruaçu,GO,Centro-Oeste,-14.52,-48.86
2016,53,0.91,0.82,0.83,30.7,76.11,1.81,24.96,11.52,Uruaçu,GO,Centro-Oeste,-14.52,-48.86
2016,54,0.0,0.81,0.82,30.95,75.2,1.55,26.99,12.5,Uruaçu,GO,Centro-Oeste,-14.52,-48.86
2016,55,0.0,0.8,0.81,29.24,78.52,1.73,25.99,11.95,Uruaçu,GO,Centro-Oeste,-14.52,-48.86
2016,56,0.02,0.79,0.81,30.2,77.5,1.27,22.17,10.23,Uruaçu,GO,Centro-Oeste,-14.52,-48.86
2016,57,3.13,0.78,0.81,30.27,81.44,1.76,20.21,9.43,Uruaçu,GO,Centro-Oeste,-14.52,-48.86
2016,58,1.59,0.78,0.8,29.62,79.19,0.88,19.7,9.24,Uruaçu,GO,Centro-Oeste,-14.52,-48.86
2016,59,0.11,0.77,0.79,31.59,75.83,1.38,25.51,11.88,Uruaçu,GO,Centro-Oeste,-14.52,-48.86
2016,60,0.45,0.75,0.78,30.4,79.66,1.55,21.14,9.84,Uruaçu,GO,Centro-Oeste,-14.52,-48.86
2016,61,0.03,0.74,0.77,30.51,80.19,1.93,23.0,10.73,Uruaçu,GO,Centro-Oeste,-14.52,-48.86
2016,62,2.56,0.74,0.77,30.6,77.72,2.07,24.99,11.66,Uruaçu,GO,Centro-Oeste,-14.52,-48.86
2016,63,35.2,0.78,0.87,26.69,88.58,1.42,12.88,6.23,Uruaçu,GO,Centro-Oeste,-14.52,-48.86
2016,64,9.87,0.78,0.82,30.74,75.49,1.18,22.51,10.46,Uruaçu,GO,Centro-Oeste,-14.52,-48.86
2016,65,3.73,0.78,0.82,27.91,82.94,0.99,18.27,8.57,Uruaçu,GO,Centro-Oeste,-14.52,-48.86
2016,66,2.12,0.78,0.81,29.37,83.21,0.93,21.48,10.13,Uruaçu,GO,Centro-Oeste,-14.52,-48.86
2016,67,9.51,0.77,0.82,26.76,90.28,1.04,12.22,5.88,Uruaçu,GO,Centro-Oeste,-14.52,-48.86
2016,68,43.79,0.82,0.91,29.57,81.86,1.22,19.03,8.98,Uruaçu,GO,Centro-Oeste,-14.52,-48.86
2016,69,25.7,0.84,0.88,29.45,82.9,1.53,14.95,7.08,Uruaçu,GO,Centro-Oeste,-14.52,-48.86
2016,70,10.13,0.87,0.88,27.81,85.57,1.09,19.8,9.35,Uruaçu,GO,Centro-Oeste,-14.52,-48.86
2016,71,0.97,0.86,0.86,28.74,84.99,1.31,17.61,8.36,Uruaçu,GO,Centro-Oeste,-14.52,-48.86
2016,72,7.44,0.85,0.86,28.86,85.81,1.04,16.49,7.84,Uruaçu,GO,Centro-Oeste,-14.52,-48.86
2016,73,13.97,0.87,0.88,29.7,82.18,0.83,19.03,8.93,Uruaçu,GO,Centro-Oeste,-14.52,-48.86
2016,74,0.55,0.86,0.85,29.8,81.66,1.76,18.45,8.66,Uruaçu,GO,Centro-Oeste,-14.52,-48.86
2016,75,0.01,0.85,0.84,29.62,81.89,2.66,25.69,12.01,Uruaçu,GO,Centro-Oeste,-14.52,-48.86
2016,76,0.0,0.84,0.83,29.66,80.69,2.33,23.23,10.72,Uruaçu,GO,Centro-Oeste,-14.52,-48.86
2016,77,0.35,0.82,0.83,30.05,79.26,2.22,23.92,11.17,Uruaçu,GO,Centro-Oeste,-14.52,-48.86
2016,78,0.14,0.81,0.82,30.54,76.77,1.73,24.95,11.71,Uruaçu,GO,Centro-Oeste,-14.52,-48.86
2016,79,0.12,0.8,0.81,30.97,75.68,1.8,22.37,10.53,Uruaçu,GO,Centro-Oeste,-14.52,-48.86
2016,80,0.03,0.79,0.8,31.61,72.67,1.52,24.37,11.4,Uruaçu,GO,Centro-Oeste,-14.52,-48.86
2016,81,4.27,0.77,0.8,30.93,76.97,1.63,20.71,9.71,Uruaçu,GO,Centro-Oeste,-14.52,-48.86
2016,82,4.88,0.78,0.81,29.92,80.91,1.34,22.78,10.67,Uruaçu,GO,Centro-Oeste,-14.52,-48.86
2016,83,0.0,0.77,0.79,30.66,78.61,1.08,25.04,11.74,Uruaçu,GO,Centro-Oeste,-14.52,-48.86
2016,84,0.15,0.76,0.78,31.23,75.55,0.88,15.31,7.22,Uruaçu,GO,Centro-Oeste,-14.52,-48.86
2016,85,1.69,0.75,0.78,30.39,81.98,1.5,19.05,8.94,Uruaçu,GO,Centro-Oeste,-14.52,-48.86
2016,86,5.04,0.75,0.79,29.29,82.24,1.27,16.34,7.66,Uruaçu,GO,Centro-Oeste,-14.52,-48.86
2016,87,0.18,0.74,0.78,28.72,85.47,1.38,22.81,10.68,Uruaçu,GO,Centro-Oeste,-14.52,-48.86
2016,88,0.0,0.73,0.76,31.07,79.59,2.18,25.18,11.63,Uruaçu,GO,Centro-Oeste,-14.52,-48.86
2016,89,0.0,0.72,0.75,31.26,75.8,2.52,25.22,11.59,Uruaçu,GO,Centro-Oeste,-14.52,-48.86
2016,90,0.0,0.71,0.74,31.49,75.94,2.5,24.96,11.48,Uruaçu,GO,Centro-Oeste,-14.52,-48.86
2016,91,0.0,0.7,0.73,28.39,79.82,2.3,21.36,9.89,Uruaçu,GO,Centro-Oeste,-14.52,-48.86
2016,92,0.0,0.69,0.72,31.23,74.35,2.03,25.35,11.71,Uruaçu,GO,Centro-Oeste,-14.52,-48.86
2016,93,0.0,0.68,0.71,31.71,72.95,1.14,24.24,11.23,Uruaçu,GO,Centro-Oeste,-14.52,-48.86
2016,94,0.0,0.67,0.7,30.06,75.39,1.69,23.64,10.93,Uruaçu,GO,Centro-Oeste,-14.52,-48.86
2016,95,0.0,0.66,0.69,32.0,74.01,1.93,20.93,9.71,Uruaçu,GO,Centro-Oeste,-14.52,-48.86
2016,96,0.01,0.65,0.67,32.48,74.95,2.03,22.48,10.39,Uruaçu,GO,Centro-Oeste,-14.52,-48.86
2016,97,0.0,0.64,0.66,32.79,72.36,2.3,22.86,10.57,Uruaçu,GO,Centro-Oeste,-14.52,-48.86
2016,98,0.0,0.62,0.65,32.56,70.06,1.73,22.97,10.63,Uruaçu,GO,Centro-Oeste,-14.52,-48.86
2016,99,0.13,0.61,0.64,33.3,67.16,1.53,22.1,10.28,Uruaçu,GO,Centro-Oeste,-14.52,-48.86
2016,100,0.12,0.6,0.62,33.44,66.6,1.28,21.68,10.1,Uruaçu,GO,Centro-Oeste,-14.52,-48.86
2016,101,0.01,0.6,0.61,33.25,67.38,1.56,21.6,10.0,Uruaçu,GO,Centro-Oeste,-14.52,-48.86
2016,102,0.08,0.59,0.59,32.82,66.01,1.33,21.93,10.16,Uruaçu,GO,Centro-Oeste,-14.52,-48.86
2016,103,0.0,0.58,0.57,34.01,59.95,2.51,24.15,11.18,Uruaçu,GO,Centro-Oeste,-14.52,-48.86
2016,104,0.0,0.57,0.56,34.43,64.15,2.73,22.67,10.49,Uruaçu,GO,Centro-Oeste,-14.52,-48.86
2016,105,0.0,0.56,0.54,34.91,55.69,2.56,24.5,11.17,Uruaçu,GO,Centro-Oeste,-14.52,-48.86
2016,106,0.0,0.56,0.53,34.81,50.95,2.58,24.72,11.2,Uruaçu,GO,Centro-Oeste,-14.52,-48.86
2016,107,0.01,0.55,0.52,35.17,51.24,2.89,24.42,11.15,Uruaçu,GO,Centro-Oeste,-14.52,-48.86
2016,108,0.06,0.54,0.51,35.28,52.4,3.23,22.57,10.3,Uruaçu,GO,Centro-Oeste,-14.52,-48.86
2016,109,0.02,0.54,0.5,34.9,52.45,3.17,23.64,10.91,Uruaçu,GO,Centro-Oeste,-14.52,-48.86
2016,110,0.0,0.53,0.5,32.03,55.12,2.62,21.96,10.06,Uruaçu,GO,Centro-Oeste,-14.52,-48.86
2016,111,0.0,0.53,0.49,34.65,54.81,2.74,21.38,9.77,Uruaçu,GO,Centro-Oeste,-14.52,-48.86
2016,112,0.01,0.53,0.48,36.26,50.21,2.05,22.11,10.1,Uruaçu,GO,Centro-Oeste,-14.52,-48.86
2016,113,0.02,0.52,0.47,36.08,48.3,1.82,21.36,9.7,Uruaçu,GO,Centro-Oeste,-14.52,-48.86
2016,114,0.19,0.52,0.46,36.97,49.98,2.04,22.09,10.09,Uruaçu,GO,Centro-Oeste,-14.52,-48.86
2016,115,0.19,0.51,0.46,36.65,50.92,1.74,21.36,9.76,Uruaçu,GO,Centro-Oeste,-14.52,-48.86
2016,116,0.01,0.51,0.45,34.65,53.46,1.53,20.34,9.33,Uruaçu,GO,Centro-Oeste,-14.52,-48.86
2016,117,0.0,0.51,0.44,34.95,54.56,1.72,18.49,8.5,Uruaçu,GO,Centro-Oeste,-14.52,-48.86
2016,118,7.67,0.51,0.52,30.96,73.88,1.04,16.2,7.55,Uruaçu,GO,Centro-Oeste,-14.52,-48.86
2016,119,0.13,0.52,0.49,34.85,64.3,2.1,17.2,7.98,Uruaçu,GO,Centro-Oeste,-14.52,-48.86
2016,120,0.88,0.52,0.48,33.72,63.46,2.19,17.39,8.1,Uruaçu,GO,Centro-Oeste,-14.52,-48.86
2016,121,0.08,0.51,0.47,34.63,61.64,2.34,20.13,9.35,Uruaçu,GO,Centro-Oeste,-14.52,-48.86
2016,122,0.0,0.51,0.45,35.65,54.15,1.97,21.59,9.96,Uruaçu,GO,Centro-Oeste,-14.52,-48.86
2016,123,0.0,0.5,0.43,36.41,50.93,2.64,21.16,9.68,Uruaçu,GO,Centro-Oeste,-14.52,-48.86
2016,124,0.0,0.5,0.41,36.24,49.71,2.37,21.26,9.74,Uruaçu,GO,Centro-Oeste,-14.52,-48.86
2016,125,0.0,0.5,0.39,36.59,42.41,2.36,18.79,8.58,Uruaçu,GO,Centro-Oeste,-14.52,-48.86
2016,126,0.0,0.5,0.36,36.8,40.68,2.28,21.44,9.68,Uruaçu,GO,Centro-Oeste,-14.52,-48.86
2016,127,0.0,0.5,0.34,33.77,46.91,1.35,14.67,6.71,Uruaçu,GO,Centro-Oeste,-14.52,-48.86
2016,128,0.0,0.49,0.32,36.42,43.03,2.05,20.28,9.25,Uruaçu,GO,Centro-Oeste,-14.52,-48.86
2016,129,0.0,0.49,0.31,35.32,40.21,2.79,21.11,9.63,Uruaçu,GO,Centro-Oeste,-14.52,-48.86
2016,130,0.0,0.49,0.29,35.4,39.05,1.95,20.43,9.3,Uruaçu,GO,Centro-Oeste,-14.52,-48.86
2016,131,0.0,0.49,0.28,37.86,35.1,1.97,19.96,9.05,Uruaçu,GO,Centro-Oeste,-14.52,-48.86
2016,132,0.0,0.49,0.26,38.04,34.62,1.43,20.83,9.36,Uruaçu,GO,Centro-Oeste,-14.52,-48.86
2016,133,0.0,0.49,0.25,38.47,36.14,1.78,20.43,9.29,Uruaçu,GO,Centro-Oeste,-14.52,-48.86
2016,134,0.0,0.49,0.24,38.64,33.61,2.05,19.73,9.07,Uruaçu,GO,Centro-Oeste,-14.52,-48.86
2016,135,0.24,0.49,0.23,36.77,37.05,2.58,18.58,8.54,Uruaçu,GO,Centro-Oeste,-14.52,-48.86
2016,136,0.1,0.49,0.23,35.45,41.35,2.24,18.27,8.37,Uruaçu,GO,Centro-Oeste,-14.52,-48.86
2016,137,0.22,0.49,0.23,29.28,53.59,1.61,15.85,7.29,Uruaçu,GO,Centro-Oeste,-14.52,-48.86
2016,138,0.01,0.49,0.23,35.4,42.18,1.42,16.03,7.38,Uruaçu,GO,Centro-Oeste,-14.52,-48.86
2016,139,0.2,0.49,0.22,37.05,43.2,1.75,16.66,7.69,Uruaçu,GO,Centro-Oeste,-14.52,-48.86
2016,140,0.0,0.49,0.22,36.68,39.33,2.17,15.72,7.28,Uruaçu,GO,Centro-Oeste,-14.52,-48.86
2016,141,0.0,0.49,0.21,35.51,44.4,3.35,16.21,7.46,Uruaçu,GO,Centro-Oeste,-14.52,-48.86
2016,142,0.0,0.49,0.21,36.39,40.91,2.65,19.2,8.84,Uruaçu,GO,Centro-Oeste,-14.52,-48.86
2016,143,0.0,0.49,0.21,36.25,39.66,2.21,19.13,8.85,Uruaçu,GO,Centro-Oeste,-14.52,-48.86
2016,144,0.0,0.49,0.2,36.29,40.97,1.58,18.08,8.3,Uruaçu,GO,Centro-Oeste,-14.52,-48.86
2016,145,0.0,0.49,0.2,36.18,43.56,3.04,18.44,8.46,Uruaçu,GO,Centro-Oeste,-14.52,-48.86
2016,146,0.0,0.49,0.2,36.05,40.43,3.42,19.66,8.95,Uruaçu,GO,Centro-Oeste,-14.52,-48.86
2016,147,0.0,0.49,0.19,34.47,39.7,2.68,19.26,8.78,Uruaçu,GO,Centro-Oeste,-14.52,-48.86
2016,148,0.0,0.49,0.19,34.11,40.77,2.0,18.53,8.44,Uruaçu,GO,Centro-Oeste,-14.52,-48.86
2016,149,0.0,0.49,0.19,33.76,35.29,2.61,15.05,6.84,Uruaçu,GO,Centro-Oeste,-14.52,-48.86
2016,150,0.0,0.49,0.18,35.88,38.05,1.81,19.48,8.83,Uruaçu,GO,Centro-Oeste,-14.52,-48.86
2016,151,0.0,0.49,0.18,35.86,36.71,1.52,20.13,9.08,Uruaçu,GO,Centro-Oeste,-14.52,-48.86
2016,152,0.0,0.49,0.18,36.39,33.99,1.35,19.11,8.51,Uruaçu,GO,Centro-Oeste,-14.52,-48.86
2016,153,0.0,0.49,0.17,37.1,31.38,1.33,19.66,8.76,Uruaçu,GO,Centro-Oeste,-14.52,-48.86
2016,154,0.0,0.49,0.17,36.82,29.46,1.3,16.63,7.33,Uruaçu,GO,Centro-Oeste,-14.52,-48.86
2016,155,0.0,0.49,0.17,36.57,34.98,1.19,17.51,7.76,Uruaçu,GO,Centro-Oeste,-14.52,-48.86
2016,156,0.0,0.49,0.17,37.14,34.52,0.99,17.17,7.64,Uruaçu,GO,Centro-Oeste,-14.52,-48.86
2016,157,0.0,0.49,0.16,37.8,30.12,1.32,17.99,7.93,Uruaçu,GO,Centro-Oeste,-14.52,-48.86
2016,158,0.0,0.49,0.16,37.58,30.95,1.16,18.81,8.33,Uruaçu,GO,Centro-Oeste,-14.52,-48.86
2016,159,0.0,0.49,0.16,37.12,33.6,2.0,16.98,7.55,Uruaçu,GO,Centro-Oeste,-14.52,-48.86
2016,160,0.0,0.49,0.16,36.83,41.85,2.29,17.87,8.04,Uruaçu,GO,Centro-Oeste,-14.52,-48.86
2016,161,0.0,0.49,0.16,35.64,44.69,1.76,15.85,7.17,Uruaçu,GO,Centro-Oeste,-14.52,-48.86
2016,162,0.0,0.49,0.16,33.42,48.94,1.43,15.56,7.04,Uruaçu,GO,Centro-Oeste,-14.52,-48.86
2016,163,0.0,0.49,0.16,34.98,40.82,2.75,17.8,8.06,Uruaçu,GO,Centro-Oeste,-14.52,-48.86
2016,164,0.0,0.49,0.15,34.22,39.84,2.47,14.06,6.32,Uruaçu,GO,Centro-Oeste,-14.52,-48.86
2016,165,0.0,0.49,0.15,34.43,35.09,2.28,17.2,7.68,Uruaçu,GO,Centro-Oeste,-14.52,-48.86
2016,166,0.0,0.49,0.15,31.56,52.57,3.52,14.47,6.61,Uruaçu,GO,Centro-Oeste,-14.52,-48.86
2016,167,0.0,0.49,0.15,33.76,42.38,2.86,18.53,8.4,Uruaçu,GO,Centro-Oeste,-14.52,-48.86
2016,168,0.0,0.49,0.15,34.17,34.15,2.47,19.78,8.77,Uruaçu,GO,Centro-Oeste,-14.52,-48.86
2016,169,0.0,0.49,0.15,34.22,29.71,2.49,20.15,8.82,Uruaçu,GO,Centro-Oeste,-14.52,-48.86
2016,170,0.0,0.49,0.15,34.47,27.75,2.41,20.07,8.78,Uruaçu,GO,Centro-Oeste,-14.52,-48.86
2016,171,0.0,0.49,0.15,33.75,29.96,2.36,19.3,8.56,Uruaçu,GO,Centro-Oeste,-14.52,-48.86
2016,172,0.0,0.49,0.15,34.72,36.83,2.2,16.01,7.2,Uruaçu,GO,Centro-Oeste,-14.52,-48.86
2016,173,0.0,0.49,0.15,34.13,37.26,2.5,15.85,7.17,Uruaçu,GO,Centro-Oeste,-14.52,-48.86
2016,174,0.0,0.49,0.15,32.6,37.08,3.09,18.44,8.33,Uruaçu,GO,Centro-Oeste,-14.52,-48.86
2016,175,0.0,0.49,0.14,34.52,30.2,1.9,18.76,8.45,Uruaçu,GO,Centro-Oeste,-14.52,-48.86
2016,176,0.0,0.49,0.14,34.76,33.43,3.02,19.45,8.73,Uruaçu,GO,Centro-Oeste,-14.52,-48.86
2016,177,0.0,0.49,0.14,32.77,35.0,3.83,19.64,8.76,Uruaçu,GO,Centro-Oeste,-14.52,-48.86
2016,178,0.0,0.49,0.14,32.28,42.45,3.83,19.11,8.58,Uruaçu,GO,Centro-Oeste,-14.52,-48.86
2016,179,0.0,0.49,0.14,31.76,36.84,3.56,19.78,8.77,Uruaçu,GO,Centro-Oeste,-14.52,-48.86
2016,180,0.0,0.49,0.14,32.01,37.88,3.27,19.45,8.64,Uruaçu,GO,Centro-Oeste,-14.52,-48.86
2016,181,0.0,0.49,0.14,31.84,41.42,3.16,16.52,7.44,Uruaçu,GO,Centro-Oeste,-14.52,-48.86
2016,182,0.0,0.49,0.14,33.0,38.73,3.16,18.34,8.25,Uruaçu,GO,Centro-Oeste,-14.52,-48.86
2016,183,0.0,0.48,0.14,32.96,43.67,3.43,19.06,8.58,Uruaçu,GO,Centro-Oeste,-14.52,-48.86
2016,184,0.0,0.48,0.14,32.16,38.98,3.41,18.91,8.43,Uruaçu,GO,Centro-Oeste,-14.52,-48.86
2016,185,0.0,0.48,0.14,32.67,38.51,3.54,18.85,8.47,Uruaçu,GO,Centro-Oeste,-14.52,-48.86
2016,186,0.0,0.48,0.14,32.59,38.46,3.02,18.6,8.4,Uruaçu,GO,Centro-Oeste,-14.52,-48.86
2016,187,0.0,0.48,0.14,33.04,43.11,3.41,17.91,8.11,Uruaçu,GO,Centro-Oeste,-14.52,-48.86
2016,188,0.0,0.48,0.14,34.0,38.66,1.83,17.56,7.9,Uruaçu,GO,Centro-Oeste,-14.52,-48.86
2016,189,0.0,0.48,0.14,34.93,33.64,1.18,18.92,8.54,Uruaçu,GO,Centro-Oeste,-14.52,-48.86
2016,190,0.0,0.48,0.14,35.3,31.83,2.18,17.63,7.97,Uruaçu,GO,Centro-Oeste,-14.52,-48.86
2016,191,0.0,0.48,0.14,36.46,30.02,2.0,19.58,8.79,Uruaçu,GO,Centro-Oeste,-14.52,-48.86
2016,192,0.0,0.48,0.13,35.77,33.63,1.28,18.69,8.4,Uruaçu,GO,Centro-Oeste,-14.52,-48.86
2016,193,0.0,0.48,0.13,35.35,32.92,2.22,19.61,8.78,Uruaçu,GO,Centro-Oeste,-14.52,-48.86
2016,194,0.0,0.48,0.13,35.24,33.56,2.01,18.71,8.34,Uruaçu,GO,Centro-Oeste,-14.52,-48.86
2016,195,0.0,0.48,0.13,34.98,32.69,2.13,18.53,8.21,Uruaçu,GO,Centro-Oeste,-14.52,-48.86
2016,196,0.0,0.48,0.13,36.28,29.04,2.24,20.32,8.98,Uruaçu,GO,Centro-Oeste,-14.52,-48.86
2016,197,0.0,0.48,0.13,36.45,26.2,1.36,20.25,8.95,Uruaçu,GO,Centro-Oeste,-14.52,-48.86
2016,198,0.0,0.48,0.13,36.16,28.87,1.94,20.57,9.06,Uruaçu,GO,Centro-Oeste,-14.52,-48.86
2016,199,0.0,0.48,0.13,34.73,35.51,2.23,20.09,8.93,Uruaçu,GO,Centro-Oeste,-14.52,-48.86
2016,200,0.0,0.48,0.13,35.52,32.06,2.09,20.03,8.9,Uruaçu,GO,Centro-Oeste,-14.52,-48.86
2016,201,0.0,0.48,0.13,36.09,30.2,1.77,20.07,8.86,Uruaçu,GO,Centro-Oeste,-14.52,-48.86
2016,202,0.0,0.48,0.13,36.5,28.43,1.91,19.78,8.84,Uruaçu,GO,Centro-Oeste,-14.52,-48.86
2016,203,0.0,0.48,0.13,35.99,28.3,2.21,20.24,8.99,Uruaçu,GO,Centro-Oeste,-14.52,-48.86
2016,204,0.0,0.48,0.12,36.15,26.0,1.8,18.3,8.07,Uruaçu,GO,Centro-Oeste,-14.52,-48.86
2016,205,0.0,0.48,0.12,34.75,33.85,3.19,18.76,8.43,Uruaçu,GO,Centro-Oeste,-14.52,-48.86
2016,206,0.0,0.48,0.12,34.2,36.09,3.63,20.7,9.28,Uruaçu,GO,Centro-Oeste,-14.52,-48.86
2016,207,0.0,0.48,0.12,33.58,36.63,3.41,20.77,9.29,Uruaçu,GO,Centro-Oeste,-14.52,-48.86
2016,208,0.0,0.48,0.12,33.98,36.0,2.4,20.79,9.29,Uruaçu,GO,Centro-Oeste,-14.52,-48.86
2016,209,0.0,0.48,0.12,35.22,33.25,1.64,20.47,9.18,Uruaçu,GO,Centro-Oeste,-14.52,-48.86
2016,210,0.0,0.48,0.12,35.25,28.56,2.86,21.47,9.48,Uruaçu,GO,Centro-Oeste,-14.52,-48.86
2016,211,0.0,0.48,0.12,33.82,31.11,3.76,21.61,9.6,Uruaçu,GO,Centro-Oeste,-14.52,-48.86
2016,212,0.0,0.48,0.12,33.2,34.11,3.96,21.71,9.63,Uruaçu,GO,Centro-Oeste,-14.52,-48.86
2016,213,0.0,0.48,0.12,33.12,37.33,3.72,21.45,9.61,Uruaçu,GO,Centro-Oeste,-14.52,-48.86
2016,214,0.0,0.48,0.12,33.08,40.19,2.69,21.55,9.6,Uruaçu,GO,Centro-Oeste,-14.52,-48.86
2016,215,0.0,0.48,0.12,34.43,31.47,2.58,22.01,9.75,Uruaçu,GO,Centro-Oeste,-14.52,-48.86
2016,216,0.0,0.48,0.12,34.94,35.33,2.87,21.31,9.61,Uruaçu,GO,Centro-Oeste,-14.52,-48.86
2016,217,0.0,0.48,0.12,34.66,37.81,3.44,21.07,9.47,Uruaçu,GO,Centro-Oeste,-14.52,-48.86
2016,218,0.0,0.48,0.12,33.95,35.9,3.55,21.83,9.84,Uruaçu,GO,Centro-Oeste,-14.52,-48.86
2016,219,0.0,0.48,0.12,34.94,31.71,2.62,22.15,9.85,Uruaçu,GO,Centro-Oeste,-14.52,-48.86
2016,220,0.0,0.48,0.12,36.08,32.18,1.66,22.14,9.86,Uruaçu,GO,Centro-Oeste,-14.52,-48.86
2016,221,0.0,0.48,0.12,36.86,27.1,1.68,22.47,9.96,Uruaçu,GO,Centro-Oeste,-14.52,-48.86
2016,222,0.0,0.48,0.12,37.21,24.1,1.49,22.2,9.84,Uruaçu,GO,Centro-Oeste,-14.52,-48.86
2016,223,0.0,0.48,0.12,37.31,23.95,1.87,22.29,9.81,Uruaçu,GO,Centro-Oeste,-14.52,-48.86
2016,224,0.0,0.48,0.11,36.69,29.91,2.4,20.88,9.3,Uruaçu,GO,Centro-Oeste,-14.52,-48.86
2016,225,0.0,0.48,0.11,37.06,29.05,2.05,18.6,8.33,Uruaçu,GO,Centro-Oeste,-14.52,-48.86
2016,226,0.0,0.48,0.11,36.89,26.57,2.1,18.24,8.16,Uruaçu,GO,Centro-Oeste,-14.52,-48.86
2016,227,0.17,0.48,0.11,35.32,34.9,2.55,17.54,7.9,Uruaçu,GO,Centro-Oeste,-14.52,-48.86
2016,228,0.04,0.48,0.12,37.85,35.55,2.36,19.32,8.79,Uruaçu,GO,Centro-Oeste,-14.52,-48.86
2016,229,1.11,0.48,0.14,36.01,32.7,0.88,14.98,6.7,Uruaçu,GO,Centro-Oeste,-14.52,-48.86
2016,230,0.47,0.49,0.17,36.46,36.22,1.51,14.24,6.41,Uruaçu,GO,Centro-Oeste,-14.52,-48.86
2016,231,0.01,0.49,0.17,37.52,32.94,1.98,15.62,6.97,Uruaçu,GO,Centro-Oeste,-14.52,-48.86
2016,232,0.0,0.49,0.17,37.47,30.74,2.63,19.16,8.68,Uruaçu,GO,Centro-Oeste,-14.52,-48.86
2016,233,0.0,0.49,0.16,37.71,30.64,2.98,19.76,8.98,Uruaçu,GO,Centro-Oeste,-14.52,-48.86
2016,234,0.0,0.49,0.16,37.5,36.48,3.15,17.84,7.99,Uruaçu,GO,Centro-Oeste,-14.52,-48.86
2016,235,0.0,0.49,0.16,35.89,39.78,3.5,21.49,9.68,Uruaçu,GO,Centro-Oeste,-14.52,-48.86
2016,236,0.09,0.49,0.16,37.82,36.08,2.99,20.67,9.37,Uruaçu,GO,Centro-Oeste,-14.52,-48.86
2016,237,0.05,0.49,0.16,35.96,40.18,4.21,19.78,9.11,Uruaçu,GO,Centro-Oeste,-14.52,-48.86
2016,238,0.0,0.49,0.15,36.3,33.37,3.59,22.29,10.09,Uruaçu,GO,Centro-Oeste,-14.52,-48.86
2016,239,0.0,0.49,0.15,36.02,25.92,3.55,24.17,10.77,Uruaçu,GO,Centro-Oeste,-14.52,-48.86
2016,240,0.0,0.49,0.15,35.4,30.34,3.32,22.31,9.99,Uruaçu,GO,Centro-Oeste,-14.52,-48.86
2016,241,0.05,0.49,0.15,36.59,34.41,3.35,21.38,9.8,Uruaçu,GO,Centro-Oeste,-14.52,-48.86
2016,242,0.01,0.49,0.15,36.75,32.14,2.88,23.66,10.8,Uruaçu,GO,Centro-Oeste,-14.52,-48.86
2016,243,0.0,0.49,0.15,36.91,26.5,3.17,22.63,10.19,Uruaçu,GO,Centro-Oeste,-14.52,-48.86
2016,244,0.0,0.49,0.14,36.79,28.04,2.77,18.69,8.31,Uruaçu,GO,Centro-Oeste,-14.52,-48.86
2016,245,0.07,0.49,0.14,36.97,31.48,1.65,21.89,9.85,Uruaçu,GO,Centro-Oeste,-14.52,-48.86
2016,246,0.53,0.49,0.14,37.69,31.51,3.43,20.8,9.53,Uruaçu,GO,Centro-Oeste,-14.52,-48.86
2016,247,0.01,0.49,0.15,36.32,30.5,4.34,24.33,10.99,Uruaçu,GO,Centro-Oeste,-14.52,-48.86
2016,248,0.0,0.49,0.15,36.7,27.3,3.57,22.92,10.25,Uruaçu,GO,Centro-Oeste,-14.52,-48.86
2016,249,0.0,0.49,0.15,36.5,26.54,3.7,24.78,11.22,Uruaçu,GO,Centro-Oeste,-14.52,-48.86
2016,250,0.0,0.49,0.15,37.09,27.14,2.76,21.83,9.85,Uruaçu,GO,Centro-Oeste,-14.52,-48.86
2016,251,0.0,0.49,0.14,38.04,27.18,2.31,21.57,9.78,Uruaçu,GO,Centro-Oeste,-14.52,-48.86
2016,252,0.0,0.49,0.14,38.89,25.25,2.5,18.37,8.24,Uruaçu,GO,Centro-Oeste,-14.52,-48.86
2016,253,0.0,0.48,0.14,37.84,28.99,2.94,21.17,9.57,Uruaçu,GO,Centro-Oeste,-14.52,-48.86
2016,254,0.0,0.48,0.14,37.6,27.75,4.43,22.85,10.3,Uruaçu,GO,Centro-Oeste,-14.52,-48.86
2016,255,0.0,0.48,0.14,36.99,27.86,3.91,24.16,10.82,Uruaçu,GO,Centro-Oeste,-14.52,-48.86
2016,256,0.0,0.48,0.14,37.26,22.43,3.1,26.54,11.69,Uruaçu,GO,Centro-Oeste,-14.52,-48.86
2016,257,0.0,0.48,0.13,36.67,25.65,1.78,20.2,8.86,Uruaçu,GO,Centro-Oeste,-14.52,-48.86
2016,258,0.0,0.48,0.13,39.28,23.8,1.16,20.92,8.9,Uruaçu,GO,Centro-Oeste,-14.52,-48.86
2016,259,0.0,0.48,0.13,39.39,23.96,2.11,20.87,9.04,Uruaçu,GO,Centro-Oeste,-14.52,-48.86
2016,260,0.05,0.48,0.13,39.96,23.27,1.31,16.46,7.16,Uruaçu,GO,Centro-Oeste,-14.52,-48.86
2016,261,0.49,0.49,0.15,40.33,23.27,3.21,18.3,7.97,Uruaçu,GO,Centro-Oeste,-14.52,-48.86
2016,262,0.01,0.49,0.15,39.94,28.62,3.12,22.88,10.17,Uruaçu,GO,Centro-Oeste,-14.52,-48.86
2016,263,0.0,0.49,0.14,39.85,25.52,1.73,18.12,8.18,Uruaçu,GO,Centro-Oeste,-14.52,-48.86
2016,264,0.0,0.48,0.14,38.82,28.61,1.53,19.67,8.89,Uruaçu,GO,Centro-Oeste,-14.52,-48.86
2016,265,0.22,0.49,0.14,38.84,33.02,1.84,17.37,7.92,Uruaçu,GO,Centro-Oeste,-14.52,-48.86
2016,266,2.62,0.49,0.17,38.57,32.85,2.17,18.06,8.14,Uruaçu,GO,Centro-Oeste,-14.52,-48.86
2016,267,1.38,0.49,0.28,28.32,66.63,2.68,9.21,4.46,Uruaçu,GO,Centro-Oeste,-14.52,-48.86
2016,268,0.8,0.49,0.3,31.77,60.0,1.55,20.81,9.6,Uruaçu,GO,Centro-Oeste,-14.52,-48.86
2016,269,18.79,0.5,0.48,34.44,61.77,1.52,18.11,8.42,Uruaçu,GO,Centro-Oeste,-14.52,-48.86
2016,270,0.61,0.53,0.54,33.13,63.89,1.74,19.13,8.82,Uruaçu,GO,Centro-Oeste,-14.52,-48.86
2016,271,1.44,0.52,0.5,34.01,60.07,1.09,21.63,9.91,Uruaçu,GO,Centro-Oeste,-14.52,-48.86
2016,272,0.12,0.52,0.48,35.47,55.59,1.83,23.05,10.63,Uruaçu,GO,Centro-Oeste,-14.52,-48.86
2016,273,8.23,0.53,0.54,32.91,58.31,0.71,20.51,9.44,Uruaçu,GO,Centro-Oeste,-14.52,-48.86
2016,274,0.42,0.52,0.5,34.61,57.67,1.46,18.88,8.84,Uruaçu,GO,Centro-Oeste,-14.52,-48.86
2016,275,3.12,0.52,0.52,31.33,66.38,1.08,13.3,6.29,Uruaçu,GO,Centro-Oeste,-14.52,-48.86
2016,276,1.01,0.52,0.5,32.73,64.89,2.38,22.43,10.4,Uruaçu,GO,Centro-Oeste,-14.52,-48.86
2016,277,0.2,0.52,0.48,36.68,56.63,2.78,19.4,9.07,Uruaçu,GO,Centro-Oeste,-14.52,-48.86
2016,278,2.38,0.52,0.49,33.27,63.38,2.16,8.94,4.41,Uruaçu,GO,Centro-Oeste,-14.52,-48.86
2016,279,15.78,0.53,0.61,31.5,73.99,1.81,15.42,7.23,Uruaçu,GO,Centro-Oeste,-14.52,-48.86
2016,280,0.05,0.54,0.54,29.23,73.0,2.19,18.46,8.53,Uruaçu,GO,Centro-Oeste,-14.52,-48.86
2016,281,0.0,0.54,0.51,34.55,59.24,1.65,26.83,11.94,Uruaçu,GO,Centro-Oeste,-14.52,-48.86
2016,282,0.0,0.53,0.49,36.92,48.47,2.17,25.89,11.47,Uruaçu,GO,Centro-Oeste,-14.52,-48.86
2016,283,1.93,0.52,0.51,34.61,61.71,1.89,21.62,9.96,Uruaçu,GO,Centro-Oeste,-14.52,-48.86
2016,284,0.57,0.52,0.49,35.59,60.0,2.01,20.41,9.57,Uruaçu,GO,Centro-Oeste,-14.52,-48.86
2016,285,0.12,0.52,0.48,34.94,55.85,3.34,22.74,10.6,Uruaçu,GO,Centro-Oeste,-14.52,-48.86
2016,286,0.09,0.51,0.47,36.1,49.82,3.12,24.69,11.38,Uruaçu,GO,Centro-Oeste,-14.52,-48.86
2016,287,0.07,0.51,0.45,36.12,50.48,3.05,22.23,10.27,Uruaçu,GO,Centro-Oeste,-14.52,-48.86
2016,288,0.01,0.5,0.43,37.03,45.16,2.26,25.82,11.93,Uruaçu,GO,Centro-Oeste,-14.52,-48.86
2016,289,0.0,0.5,0.4,38.6,39.75,2.75,25.85,11.86,Uruaçu,GO,Centro-Oeste,-14.52,-48.86
2016,290,0.0,0.5,0.36,39.31,33.81,2.69,26.87,12.25,Uruaçu,GO,Centro-Oeste,-14.52,-48.86
2016,291,0.0,0.49,0.33,39.19,30.61,2.12,26.86,12.27,Uruaçu,GO,Centro-Oeste,-14.52,-48.86
2016,292,0.04,0.49,0.3,38.29,34.81,2.24,23.38,10.74,Uruaçu,GO,Centro-Oeste,-14.52,-48.86
2016,293,0.5,0.49,0.29,38.38,35.93,0.69,20.66,9.47,Uruaçu,GO,Centro-Oeste,-14.52,-48.86
2016,294,21.76,0.5,0.46,37.96,50.82,1.04,17.31,8.03,Uruaçu,GO,Centro-Oeste,-14.52,-48.86
2016,295,6.19,0.54,0.57,34.12,70.54,1.46,17.5,8.16,Uruaçu,GO,Centro-Oeste,-14.52,-48.86
2016,296,0.9,0.54,0.54,33.7,69.19,2.01,17.57,8.32,Uruaçu,GO,Centro-Oeste,-14.52,-48.86
2016,297,0.96,0.53,0.51,36.05,60.99,1.48,22.74,10.54,Uruaçu,GO,Centro-Oeste,-14.52,-48.86
2016,298,0.02,0.53,0.49,36.93,50.25,2.04,25.38,11.6,Uruaçu,GO,Centro-Oeste,-14.52,-48.86
2016,299,1.74,0.52,0.49,35.09,56.68,1.08,19.38,9.03,Uruaçu,GO,Centro-Oeste,-14.52,-48.86
2016,300,3.47,0.52,0.52,34.44,64.02,1.54,25.1,11.61,Uruaçu,GO,Centro-Oeste,-14.52,-48.86
2016,301,12.0,0.53,0.57,34.74,64.96,1.96,18.11,8.49,Uruaçu,GO,Centro-Oeste,-14.52,-48.86
2016,302,8.35,0.55,0.59,33.43,69.95,1.58,23.81,11.03,Uruaçu,GO,Centro-Oeste,-14.52,-48.86
2016,303,1.79,0.55,0.54,34.08,67.67,2.08,13.32,6.38,Uruaçu,GO,Centro-Oeste,-14.52,-48.86
2016,304,0.47,0.54,0.53,30.15,72.5,3.71,21.14,9.87,Uruaçu,GO,Centro-Oeste,-14.52,-48.86
2016,305,2.35,0.54,0.53,32.92,57.87,2.53,18.88,8.91,Uruaçu,GO,Centro-Oeste,-14.52,-48.86
2016,306,0.23,0.54,0.51,34.78,58.01,2.82,16.63,7.9,Uruaçu,GO,Centro-Oeste,-14.52,-48.86
2016,307,0.72,0.53,0.5,34.92,55.09,2.52,21.05,9.82,Uruaçu,GO,Centro-Oeste,-14.52,-48.86
2016,308,0.04,0.53,0.49,36.97,50.17,2.67,24.15,11.15,Uruaçu,GO,Centro-Oeste,-14.52,-48.86
2016,309,0.0,0.52,0.48,35.73,48.57,3.13,27.59,12.69,Uruaçu,GO,Centro-Oeste,-14.52,-48.86
2016,310,0.02,0.52,0.47,37.82,48.62,3.55,26.82,12.41,Uruaçu,GO,Centro-Oeste,-14.52,-48.86
2016,311,3.63,0.51,0.47,36.05,51.83,2.73,22.21,10.36,Uruaçu,GO,Centro-Oeste,-14.52,-48.86
2016,312,4.23,0.52,0.53,34.65,59.8,2.38,8.57,4.32,Uruaçu,GO,Centro-Oeste,-14.52,-48.86
2016,313,0.13,0.52,0.48,33.01,60.16,1.67,23.74,11.0,Uruaçu,GO,Centro-Oeste,-14.52,-48.86
2016,314,17.23,0.53,0.6,29.89,74.24,1.39,23.92,11.07,Uruaçu,GO,Centro-Oeste,-14.52,-48.86
2016,315,0.59,0.54,0.54,32.91,69.13,1.35,17.81,8.43,Uruaçu,GO,Centro-Oeste,-14.52,-48.86
2016,316,25.58,0.56,0.65,32.06,70.35,0.71,24.5,11.37,Uruaçu,GO,Centro-Oeste,-14.52,-48.86
2016,317,17.96,0.6,0.7,26.36,85.71,1.04,9.3,4.56,Uruaçu,GO,Centro-Oeste,-14.52,-48.86
2016,318,17.1,0.62,0.74,27.71,84.71,2.67,10.03,4.97,Uruaçu,GO,Centro-Oeste,-14.52,-48.86
2016,319,26.16,0.65,0.8,24.33,92.39,2.72,11.31,5.5,Uruaçu,GO,Centro-Oeste,-14.52,-48.86
2016,320,3.2,0.66,0.71,29.35,85.28,2.46,18.15,8.54,Uruaçu,GO,Centro-Oeste,-14.52,-48.86
2016,321,1.71,0.65,0.7,28.65,84.71,2.04,20.27,9.43,Uruaçu,GO,Centro-Oeste,-14.52,-48.86
2016,322,16.61,0.66,0.75,29.0,85.41,1.8,21.41,9.95,Uruaçu,GO,Centro-Oeste,-14.52,-48.86
2016,323,6.07,0.67,0.73,30.17,81.18,1.4,14.86,7.16,Uruaçu,GO,Centro-Oeste,-14.52,-48.86
2016,324,1.59,0.66,0.7,30.23,78.58,0.79,19.74,9.27,Uruaçu,GO,Centro-Oeste,-14.52,-48.86
2016,325,4.91,0.66,0.71,28.72,82.15,1.72,12.64,6.04,Uruaçu,GO,Centro-Oeste,-14.52,-48.86
2016,326,8.28,0.66,0.74,27.78,84.19,1.75,16.61,7.93,Uruaçu,GO,Centro-Oeste,-14.52,-48.86
2016,327,8.29,0.67,0.75,27.1,87.31,1.5,11.88,5.77,Uruaçu,GO,Centro-Oeste,-14.52,-48.86
2016,328,4.29,0.67,0.72,28.89,84.03,1.57,20.18,9.56,Uruaçu,GO,Centro-Oeste,-14.52,-48.86
2016,329,11.92,0.67,0.75,29.58,81.42,1.1,16.31,7.75,Uruaçu,GO,Centro-Oeste,-14.52,-48.86
2016,330,7.66,0.68,0.76,30.85,79.04,1.37,23.46,10.98,Uruaçu,GO,Centro-Oeste,-14.52,-48.86
2016,331,5.46,0.68,0.75,30.07,79.65,1.82,27.08,12.57,Uruaçu,GO,Centro-Oeste,-14.52,-48.86
2016,332,1.74,0.68,0.72,31.23,75.73,1.72,24.38,11.37,Uruaçu,GO,Centro-Oeste,-14.52,-48.86
2016,333,1.6,0.67,0.71,31.07,74.12,1.64,21.0,9.87,Uruaçu,GO,Centro-Oeste,-14.52,-48.86
2016,334,0.95,0.66,0.7,31.72,74.28,1.48,22.33,10.53,Uruaçu,GO,Centro-Oeste,-14.52,-48.86
2016,335,5.78,0.65,0.71,31.12,78.3,1.24,21.5,10.13,Uruaçu,GO,Centro-Oeste,-14.52,-48.86
2016,336,7.95,0.66,0.72,31.42,76.3,1.37,17.99,8.5,Uruaçu,GO,Centro-Oeste,-14.52,-48.86
2016,337,4.53,0.66,0.72,30.96,78.76,1.77,21.48,10.01,Uruaçu,GO,Centro-Oeste,-14.52,-48.86
2016,338,3.28,0.65,0.71,28.18,84.13,1.46,24.41,11.35,Uruaçu,GO,Centro-Oeste,-14.52,-48.86
2016,339,11.79,0.66,0.74,30.55,79.86,1.43,8.86,4.41,Uruaçu,GO,Centro-Oeste,-14.52,-48.86
2016,340,1.52,0.66,0.71,27.94,86.45,1.7,20.17,9.38,Uruaçu,GO,Centro-Oeste,-14.52,-48.86
2016,341,4.38,0.66,0.72,29.29,82.07,1.35,13.91,6.6,Uruaçu,GO,Centro-Oeste,-14.52,-48.86
2016,342,3.42,0.65,0.71,30.65,78.49,0.93,18.97,8.93,Uruaçu,GO,Centro-Oeste,-14.52,-48.86
2016,343,3.54,0.65,0.7,30.9,77.47,1.59,17.7,8.36,Uruaçu,GO,Centro-Oeste,-14.52,-48.86
2016,344,3.13,0.65,0.7,29.36,80.15,1.3,21.46,10.05,Uruaçu,GO,Centro-Oeste,-14.52,-48.86
2016,345,2.98,0.64,0.69,29.49,79.9,1.12,16.0,7.63,Uruaçu,GO,Centro-Oeste,-14.52,-48.86
2016,346,1.7,0.64,0.68,30.9,77.55,1.37,22.85,10.69,Uruaçu,GO,Centro-Oeste,-14.52,-48.86
2016,347,4.5,0.63,0.69,29.21,81.93,0.85,18.32,8.7,Uruaçu,GO,Centro-Oeste,-14.52,-48.86
2016,348,20.6,0.65,0.77,26.09,91.26,1.41,12.69,6.14,Uruaçu,GO,Centro-Oeste,-14.52,-48.86
2016,349,11.29,0.67,0.76,27.12,86.49,1.03,18.41,8.81,Uruaçu,GO,Centro-Oeste,-14.52,-48.86
2016,350,4.96,0.68,0.74,27.82,86.03,1.92,15.65,7.55,Uruaçu,GO,Centro-Oeste,-14.52,-48.86
2016,351,1.67,0.67,0.71,28.82,82.64,2.54,21.15,9.87,Uruaçu,GO,Centro-Oeste,-14.52,-48.86
2016,352,0.01,0.66,0.69,29.6,75.1,3.11,25.77,11.85,Uruaçu,GO,Centro-Oeste,-14.52,-48.86
2016,353,0.02,0.65,0.68,29.57,74.38,2.26,25.19,11.54,Uruaçu,GO,Centro-Oeste,-14.52,-48.86
2016,354,10.05,0.64,0.72,28.33,77.83,2.15,24.15,11.15,Uruaçu,GO,Centro-Oeste,-14.52,-48.86
2016,355,2.13,0.65,0.7,29.12,76.54,1.94,24.2,11.24,Uruaçu,GO,Centro-Oeste,-14.52,-48.86
2016,356,0.95,0.64,0.68,29.37,76.03,1.94,20.63,9.67,Uruaçu,GO,Centro-Oeste,-14.52,-48.86
2016,357,0.0,0.63,0.66,31.38,68.89,2.25,22.57,10.47,Uruaçu,GO,Centro-Oeste,-14.52,-48.86
2016,358,0.0,0.61,0.64,31.91,71.51,2.12,28.37,13.14,Uruaçu,GO,Centro-Oeste,-14.52,-48.86
2016,359,0.0,0.6,0.61,33.86,64.55,2.6,29.83,13.79,Uruaçu,GO,Centro-Oeste,-14.52,-48.86
2016,360,0.03,0.59,0.58,35.15,63.65,1.72,29.14,13.46,Uruaçu,GO,Centro-Oeste,-14.52,-48.86
2016,361,1.02,0.58,0.58,33.38,66.29,0.97,20.81,9.77,Uruaçu,GO,Centro-Oeste,-14.52,-48.86
2016,362,1.69,0.58,0.57,34.19,64.32,1.94,22.16,10.38,Uruaçu,GO,Centro-Oeste,-14.52,-48.86
2016,363,0.82,0.57,0.56,34.41,62.58,1.62,22.74,10.6,Uruaçu,GO,Centro-Oeste,-14.52,-48.86
2016,364,2.09,0.57,0.58,27.58,78.7,1.48,13.96,6.62,Uruaçu,GO,Centro-Oeste,-14.52,-48.86
2016,365,0.01,0.57,0.55,33.05,67.33,2.12,20.55,9.51,Uruaçu,GO,Centro-Oeste,-14.52,-48.86
2016,366,0.0,0.56,0.53,35.89,53.81,2.21,28.31,13.0,Uruaçu,GO,Centro-Oeste,-14.52,-48.86
2017,1,0.0,0.55,0.52,33.31,57.06,1.49,28.07,12.9,Uruaçu,GO,Centro-Oeste,-14.52,-48.86
2017,2,0.71,0.55,0.52,34.71,58.27,1.13,27.62,12.76,Uruaçu,GO,Centro-Oeste,-14.52,-48.86
2017,3,0.08,0.54,0.51,35.33,58.5,1.23,24.35,11.27,Uruaçu,GO,Centro-Oeste,-14.52,-48.86
2017,4,14.48,0.55,0.61,28.37,80.51,1.14,9.61,4.72,Uruaçu,GO,Centro-Oeste,-14.52,-48.86
2017,5,4.04,0.57,0.59,32.89,70.98,1.85,26.96,12.58,Uruaçu,GO,Centro-Oeste,-14.52,-48.86
2017,6,2.98,0.56,0.56,36.76,61.82,2.42,27.96,12.98,Uruaçu,GO,Centro-Oeste,-14.52,-48.86
2017,7,0.08,0.56,0.53,36.58,58.52,1.77,28.12,13.07,Uruaçu,GO,Centro-Oeste,-14.52,-48.86
2017,8,0.01,0.55,0.51,37.79,48.94,1.68,29.76,13.69,Uruaçu,GO,Centro-Oeste,-14.52,-48.86
2017,9,0.0,0.54,0.5,36.72,52.56,0.76,28.89,13.08,Uruaçu,GO,Centro-Oeste,-14.52,-48.86
2017,10,0.26,0.53,0.5,35.62,56.3,1.47,25.03,11.5,Uruaçu,GO,Centro-Oeste,-14.52,-48.86
2017,11,0.3,0.53,0.5,33.64,62.4,1.98,24.8,11.53,Uruaçu,GO,Centro-Oeste,-14.52,-48.86
2017,12,0.12,0.53,0.5,32.38,65.43,1.88,22.88,10.7,Uruaçu,GO,Centro-Oeste,-14.52,-48.86
2017,13,2.34,0.52,0.51,32.28,69.38,1.19,18.35,8.68,Uruaçu,GO,Centro-Oeste,-14.52,-48.86
2017,14,7.11,0.53,0.57,28.1,81.32,1.38,19.76,9.28,Uruaçu,GO,Centro-Oeste,-14.52,-48.86
2017,15,1.6,0.54,0.54,30.93,69.26,1.24,18.11,8.49,Uruaçu,GO,Centro-Oeste,-14.52,-48.86
2017,16,8.18,0.54,0.57,28.14,76.75,0.84,16.81,7.82,Uruaçu,GO,Centro-Oeste,-14.52,-48.86
2017,17,5.32,0.55,0.59,28.86,78.53,0.9,19.47,9.09,Uruaçu,GO,Centro-Oeste,-14.52,-48.86
2017,18,5.41,0.55,0.57,28.65,82.73,1.22,11.96,5.75,Uruaçu,GO,Centro-Oeste,-14.52,-48.86
2017,19,0.66,0.56,0.55,31.34,73.44,0.89,21.49,9.96,Uruaçu,GO,Centro-Oeste,-14.52,-48.86
2017,20,6.7,0.56,0.58,31.28,70.82,1.16,18.61,8.65,Uruaçu,GO,Centro-Oeste,-14.52,-48.86
2017,21,3.73,0.56,0.57,32.81,72.51,2.27,22.55,10.49,Uruaçu,GO,Centro-Oeste,-14.52,-48.86
2017,22,4.84,0.56,0.59,25.67,85.99,1.08,15.1,7.2,Uruaçu,GO,Centro-Oeste,-14.52,-48.86
2017,23,8.21,0.56,0.6,32.21,73.08,1.67,19.3,8.98,Uruaçu,GO,Centro-Oeste,-14.52,-48.86
2017,24,8.57,0.58,0.62,30.1,77.26,1.62,17.48,8.19,Uruaçu,GO,Centro-Oeste,-14.52,-48.86
2017,25,4.78,0.58,0.6,30.41,77.12,0.95,18.31,8.62,Uruaçu,GO,Centro-Oeste,-14.52,-48.86
2017,26,3.41,0.58,0.6,31.1,79.7,1.43,19.82,9.23,Uruaçu,GO,Centro-Oeste,-14.52,-48.86
2017,27,0.22,0.58,0.57,32.25,72.87,1.08,17.27,8.1,Uruaçu,GO,Centro-Oeste,-14.52,-48.86
2017,28,3.0,0.57,0.57,34.16,68.97,1.78,23.75,11.05,Uruaçu,GO,Centro-Oeste,-14.52,-48.86
2017,29,0.17,0.57,0.55,33.74,68.55,1.72,26.15,12.06,Uruaçu,GO,Centro-Oeste,-14.52,-48.86
2017,30,0.82,0.56,0.53,35.6,63.73,2.36,26.71,12.22,Uruaçu,GO,Centro-Oeste,-14.52,-48.86
2017,31,1.01,0.55,0.53,34.64,66.12,2.0,21.35,9.85,Uruaçu,GO,Centro-Oeste,-14.52,-48.86
2017,32,6.73,0.55,0.56,30.68,74.4,1.13,20.05,9.44,Uruaçu,GO,Centro-Oeste,-14.52,-48.86
2017,33,0.95,0.56,0.57,28.9,77.32,1.17,19.68,9.23,Uruaçu,GO,Centro-Oeste,-14.52,-48.86
2017,34,0.2,0.55,0.53,32.5,69.5,1.28,18.82,8.79,Uruaçu,GO,Centro-Oeste,-14.52,-48.86
2017,35,5.57,0.56,0.57,30.22,77.03,0.8,19.09,8.97,Uruaçu,GO,Centro-Oeste,-14.52,-48.86
2017,36,6.29,0.56,0.59,29.89,77.57,0.8,16.9,8.03,Uruaçu,GO,Centro-Oeste,-14.52,-48.86
2017,37,3.5,0.57,0.58,31.73,73.61,0.89,21.79,10.23,Uruaçu,GO,Centro-Oeste,-14.52,-48.86
2017,38,5.45,0.57,0.6,27.76,85.06,1.27,22.87,10.66,Uruaçu,GO,Centro-Oeste,-14.52,-48.86
2017,39,5.32,0.57,0.59,31.43,75.46,1.19,21.5,10.05,Uruaçu,GO,Centro-Oeste,-14.52,-48.86
2017,40,14.64,0.59,0.66,29.68,79.16,1.51,17.9,8.32,Uruaçu,GO,Centro-Oeste,-14.52,-48.86
2017,41,6.83,0.6,0.65,27.7,86.23,1.56,12.17,5.87,Uruaçu,GO,Centro-Oeste,-14.52,-48.86
2017,42,14.26,0.61,0.69,27.89,86.98,1.75,10.09,4.94,Uruaçu,GO,Centro-Oeste,-14.52,-48.86
2017,43,14.95,0.64,0.74,27.26,89.1,2.2,14.79,7.01,Uruaçu,GO,Centro-Oeste,-14.52,-48.86
2017,44,10.93,0.64,0.73,27.4,88.25,1.91,15.55,7.52,Uruaçu,GO,Centro-Oeste,-14.52,-48.86
2017,45,3.85,0.65,0.7,26.87,85.66,2.18,17.3,8.09,Uruaçu,GO,Centro-Oeste,-14.52,-48.86
2017,46,0.92,0.64,0.67,30.46,79.17,1.66,23.86,11.16,Uruaçu,GO,Centro-Oeste,-14.52,-48.86
2017,47,11.89,0.64,0.74,28.51,84.16,0.98,19.51,9.09,Uruaçu,GO,Centro-Oeste,-14.52,-48.86
2017,48,0.3,0.64,0.68,29.97,78.43,1.46,21.74,10.11,Uruaçu,GO,Centro-Oeste,-14.52,-48.86
2017,49,3.46,0.63,0.68,29.68,76.36,1.4,15.86,7.42,Uruaçu,GO,Centro-Oeste,-14.52,-48.86
2017,50,1.85,0.63,0.67,30.37,74.53,1.18,15.55,7.27,Uruaçu,GO,Centro-Oeste,-14.52,-48.86
2017,51,0.36,0.62,0.66,30.07,77.8,1.47,25.23,11.78,Uruaçu,GO,Centro-Oeste,-14.52,-48.86
2017,52,0.44,0.61,0.64,30.49,76.22,1.99,24.54,11.35,Uruaçu,GO,Centro-Oeste,-14.52,-48.86
2017,53,0.62,0.6,0.61,32.22,72.94,2.0,23.74,11.02,Uruaçu,GO,Centro-Oeste,-14.52,-48.86
2017,54,1.99,0.6,0.61,29.27,78.01,0.84,23.09,10.75,Uruaçu,GO,Centro-Oeste,-14.52,-48.86
2017,55,1.32,0.59,0.61,31.38,74.14,0.93,24.19,11.24,Uruaçu,GO,Centro-Oeste,-14.52,-48.86
2017,56,16.17,0.6,0.68,29.04,80.61,1.35,21.8,10.14,Uruaçu,GO,Centro-Oeste,-14.52,-48.86
2017,57,5.11,0.62,0.68,28.3,82.47,1.19,19.22,9.06,Uruaçu,GO,Centro-Oeste,-14.52,-48.86
2017,58,0.56,0.61,0.64,29.09,80.02,1.31,17.03,7.96,Uruaçu,GO,Centro-Oeste,-14.52,-48.86
2017,59,4.28,0.61,0.65,29.37,79.19,1.52,17.11,8.06,Uruaçu,GO,Centro-Oeste,-14.52,-48.86
2017,60,0.26,0.6,0.61,30.84,75.53,1.36,18.09,8.51,Uruaçu,GO,Centro-Oeste,-14.52,-48.86
2017,61,1.69,0.59,0.6,31.91,70.58,0.76,19.47,9.12,Uruaçu,GO,Centro-Oeste,-14.52,-48.86
2017,62,1.01,0.59,0.59,32.9,70.74,0.92,22.62,10.53,Uruaçu,GO,Centro-Oeste,-14.52,-48.86
2017,63,0.09,0.58,0.56,34.23,67.94,2.15,25.69,11.91,Uruaçu,GO,Centro-Oeste,-14.52,-48.86
2017,64,0.0,0.57,0.56,28.82,76.56,1.17,18.59,8.69,Uruaçu,GO,Centro-Oeste,-14.52,-48.86
2017,65,0.0,0.57,0.54,34.29,65.38,1.2,23.7,10.98,Uruaçu,GO,Centro-Oeste,-14.52,-48.86
2017,66,0.0,0.56,0.53,35.5,62.57,1.1,25.96,12.05,Uruaçu,GO,Centro-Oeste,-14.52,-48.86
2017,67,0.0,0.55,0.51,37.35,57.42,1.02,26.9,12.5,Uruaçu,GO,Centro-Oeste,-14.52,-48.86
2017,68,0.0,0.54,0.5,36.93,58.05,1.26,26.88,12.4,Uruaçu,GO,Centro-Oeste,-14.52,-48.86
2017,69,1.12,0.54,0.51,34.95,62.66,0.92,23.98,11.1,Uruaçu,GO,Centro-Oeste,-14.52,-48.86
2017,70,7.8,0.54,0.55,36.28,63.34,2.32,24.48,11.34,Uruaçu,GO,Centro-Oeste,-14.52,-48.86
2017,71,13.25,0.55,0.61,34.2,68.53,1.27,26.01,12.01,Uruaçu,GO,Centro-Oeste,-14.52,-48.86
2017,72,4.08,0.57,0.59,33.47,67.5,1.18,18.53,8.62,Uruaçu,GO,Centro-Oeste,-14.52,-48.86
2017,73,4.01,0.56,0.56,32.76,68.69,0.8,20.56,9.61,Uruaçu,GO,Centro-Oeste,-14.52,-48.86
2017,74,0.57,0.56,0.55,34.25,63.45,0.81,16.42,7.76,Uruaçu,GO,Centro-Oeste,-14.52,-48.86
2017,75,1.11,0.55,0.53,33.7,64.51,1.01,14.46,6.86,Uruaçu,GO,Centro-Oeste,-14.52,-48.86
2017,76,2.07,0.55,0.54,33.98,67.04,1.21,21.68,10.2,Uruaçu,GO,Centro-Oeste,-14.52,-48.86
2017,77,8.13,0.55,0.57,33.23,68.7,0.84,14.88,7.08,Uruaçu,GO,Centro-Oeste,-14.52,-48.86
2017,78,14.68,0.58,0.66,29.31,78.94,1.13,17.51,8.19,Uruaçu,GO,Centro-Oeste,-14.52,-48.86
2017,79,1.21,0.58,0.58,31.61,73.31,0.86,22.22,10.38,Uruaçu,GO,Centro-Oeste,-14.52,-48.86
2017,80,0.38,0.57,0.55,33.73,66.15,0.9,19.25,8.98,Uruaçu,GO,Centro-Oeste,-14.52,-48.86
2017,81,1.14,0.56,0.55,30.97,73.49,0.9,20.34,9.52,Uruaçu,GO,Centro-Oeste,-14.52,-48.86
2017,82,0.5,0.56,0.54,33.29,71.8,1.59,21.91,10.22,Uruaçu,GO,Centro-Oeste,-14.52,-48.86
2017,83,0.78,0.56,0.55,28.8,78.04,1.33,17.96,8.46,Uruaçu,GO,Centro-Oeste,-14.52,-48.86
2017,84,1.92,0.55,0.54,34.14,71.54,1.33,22.56,10.54,Uruaçu,GO,Centro-Oeste,-14.52,-48.86
2017,85,0.48,0.55,0.53,34.85,66.13,1.35,22.83,10.74,Uruaçu,GO,Centro-Oeste,-14.52,-48.86
2017,86,2.78,0.55,0.53,33.49,69.46,1.31,18.97,8.85,Uruaçu,GO,Centro-Oeste,-14.52,-48.86
2017,87,2.08,0.55,0.54,32.71,73.2,1.05,19.6,9.18,Uruaçu,GO,Centro-Oeste,-14.52,-48.86
2017,88,2.91,0.54,0.54,31.21,74.42,1.15,19.24,9.04,Uruaçu,GO,Centro-Oeste,-14.52,-48.86
2017,89,15.63,0.56,0.62,31.73,75.42,1.33,20.04,9.41,Uruaçu,GO,Centro-Oeste,-14.52,-48.86
2017,90,4.13,0.57,0.6,31.5,77.59,1.44,18.63,8.7,Uruaçu,GO,Centro-Oeste,-14.52,-48.86
2017,91,6.09,0.57,0.6,33.27,74.11,1.23,16.88,7.89,Uruaçu,GO,Centro-Oeste,-14.52,-48.86
2017,92,1.97,0.57,0.56,31.41,74.82,2.19,15.36,7.16,Uruaçu,GO,Centro-Oeste,-14.52,-48.86
2017,93,1.16,0.56,0.55,33.04,73.78,2.35,17.8,8.35,Uruaçu,GO,Centro-Oeste,-14.52,-48.86
2017,94,3.53,0.56,0.56,29.97,79.11,2.31,16.56,7.77,Uruaçu,GO,Centro-Oeste,-14.52,-48.86
2017,95,7.12,0.57,0.6,30.02,80.15,2.14,20.44,9.64,Uruaçu,GO,Centro-Oeste,-14.52,-48.86
2017,96,2.68,0.57,0.58,31.61,79.23,1.21,18.44,8.65,Uruaçu,GO,Centro-Oeste,-14.52,-48.86
2017,97,0.56,0.56,0.55,34.06,69.51,1.24,22.95,10.7,Uruaçu,GO,Centro-Oeste,-14.52,-48.86
2017,98,0.14,0.56,0.53,34.63,62.58,1.68,23.69,10.95,Uruaçu,GO,Centro-Oeste,-14.52,-48.86
2017,99,0.0,0.55,0.52,34.91,57.89,1.94,24.41,11.14,Uruaçu,GO,Centro-Oeste,-14.52,-48.86
2017,100,0.0,0.54,0.51,34.68,56.95,1.22,23.3,10.72,Uruaçu,GO,Centro-Oeste,-14.52,-48.86
2017,101,0.0,0.54,0.51,35.17,56.73,1.2,23.02,10.64,Uruaçu,GO,Centro-Oeste,-14.52,-48.86
2017,102,0.0,0.53,0.5,35.63,57.3,0.92,22.22,10.29,Uruaçu,GO,Centro-Oeste,-14.52,-48.86
2017,103,0.58,0.53,0.5,35.91,57.8,1.25,21.05,9.75,Uruaçu,GO,Centro-Oeste,-14.52,-48.86
2017,104,0.96,0.53,0.51,33.64,65.43,1.19,18.73,8.66,Uruaçu,GO,Centro-Oeste,-14.52,-48.86
2017,105,0.09,0.52,0.49,35.61,59.29,2.26,19.83,9.19,Uruaçu,GO,Centro-Oeste,-14.52,-48.86
2017,106,0.01,0.52,0.48,35.63,57.88,1.68,23.03,10.58,Uruaçu,GO,Centro-Oeste,-14.52,-48.86
2017,107,0.2,0.52,0.48,34.02,61.14,1.15,21.73,10.01,Uruaçu,GO,Centro-Oeste,-14.52,-48.86
2017,108,0.96,0.51,0.48,36.1,57.36,0.89,20.41,9.51,Uruaçu,GO,Centro-Oeste,-14.52,-48.86
2017,109,2.13,0.51,0.49,34.62,59.05,1.52,20.42,9.5,Uruaçu,GO,Centro-Oeste,-14.52,-48.86
2017,110,0.84,0.51,0.48,34.86,60.46,1.79,21.07,9.8,Uruaçu,GO,Centro-Oeste,-14.52,-48.86
2017,111,6.95,0.51,0.52,33.1,70.96,1.44,10.73,5.14,Uruaçu,GO,Centro-Oeste,-14.52,-48.86
2017,112,2.83,0.52,0.53,33.03,70.36,1.49,21.24,9.96,Uruaçu,GO,Centro-Oeste,-14.52,-48.86
2017,113,0.04,0.52,0.49,34.38,64.7,1.75,17.29,8.12,Uruaçu,GO,Centro-Oeste,-14.52,-48.86
2017,114,2.74,0.52,0.51,33.64,67.61,1.61,19.48,9.15,Uruaçu,GO,Centro-Oeste,-14.52,-48.86
2017,115,7.72,0.52,0.54,34.15,71.09,1.67,18.63,8.66,Uruaçu,GO,Centro-Oeste,-14.52,-48.86
2017,116,4.39,0.53,0.56,32.49,74.0,1.39,15.94,7.46,Uruaçu,GO,Centro-Oeste,-14.52,-48.86
2017,117,3.05,0.53,0.54,32.61,71.71,1.21,16.18,7.6,Uruaçu,GO,Centro-Oeste,-14.52,-48.86
2017,118,0.77,0.53,0.5,35.23,63.05,1.52,20.3,9.4,Uruaçu,GO,Centro-Oeste,-14.52,-48.86
2017,119,1.84,0.53,0.51,35.36,63.78,2.41,21.13,9.81,Uruaçu,GO,Centro-Oeste,-14.52,-48.86
2017,120,0.23,0.52,0.49,34.97,56.57,2.65,21.4,9.96,Uruaçu,GO,Centro-Oeste,-14.52,-48.86
2017,121,0.01,0.52,0.49,34.04,56.28,2.94,19.28,8.93,Uruaçu,GO,Centro-Oeste,-14.52,-48.86
2017,122,0.0,0.51,0.48,34.16,54.84,3.22,20.9,9.65,Uruaçu,GO,Centro-Oeste,-14.52,-48.86
2017,123,0.05,0.51,0.46,34.03,55.4,3.06,20.23,9.33,Uruaçu,GO,Centro-Oeste,-14.52,-48.86
2017,124,0.03,0.51,0.44,35.2,49.7,2.62,21.69,9.94,Uruaçu,GO,Centro-Oeste,-14.52,-48.86
2017,125,0.36,0.5,0.42,35.0,49.22,2.15,20.86,9.5,Uruaçu,GO,Centro-Oeste,-14.52,-48.86
2017,126,0.01,0.5,0.4,36.06,45.18,1.93,21.26,9.7,Uruaçu,GO,Centro-Oeste,-14.52,-48.86
2017,127,0.03,0.5,0.37,35.93,46.49,2.16,21.0,9.54,Uruaçu,GO,Centro-Oeste,-14.52,-48.86
2017,128,0.0,0.5,0.36,35.75,46.72,2.02,19.27,8.76,Uruaçu,GO,Centro-Oeste,-14.52,-48.86
2017,129,0.02,0.5,0.34,35.17,46.95,2.15,20.11,9.12,Uruaçu,GO,Centro-Oeste,-14.52,-48.86
2017,130,0.0,0.49,0.32,36.16,40.18,2.57,21.71,9.69,Uruaçu,GO,Centro-Oeste,-14.52,-48.86
2017,131,0.0,0.49,0.3,36.32,36.69,2.45,21.88,9.6,Uruaçu,GO,Centro-Oeste,-14.52,-48.86
2017,132,0.04,0.49,0.29,35.26,35.64,2.37,20.65,9.24,Uruaçu,GO,Centro-Oeste,-14.52,-48.86
2017,133,0.0,0.49,0.27,36.8,36.55,1.5,20.13,9.02,Uruaçu,GO,Centro-Oeste,-14.52,-48.86
2017,134,0.0,0.49,0.26,36.82,37.76,1.52,18.38,8.18,Uruaçu,GO,Centro-Oeste,-14.52,-48.86
2017,135,0.2,0.49,0.25,35.6,48.87,1.78,17.55,7.92,Uruaçu,GO,Centro-Oeste,-14.52,-48.86
2017,136,0.15,0.49,0.25,35.99,49.71,1.5,16.3,7.46,Uruaçu,GO,Centro-Oeste,-14.52,-48.86
2017,137,0.67,0.49,0.25,34.72,50.63,1.57,15.68,7.27,Uruaçu,GO,Centro-Oeste,-14.52,-48.86
2017,138,5.42,0.49,0.32,35.27,52.9,1.48,15.93,7.43,Uruaçu,GO,Centro-Oeste,-14.52,-48.86
2017,139,11.56,0.51,0.57,29.94,74.77,1.31,11.93,5.57,Uruaçu,GO,Centro-Oeste,-14.52,-48.86
2017,140,1.85,0.52,0.53,30.21,71.33,0.65,13.49,6.3,Uruaçu,GO,Centro-Oeste,-14.52,-48.86
2017,141,0.1,0.52,0.5,31.33,69.05,1.73,16.56,7.76,Uruaçu,GO,Centro-Oeste,-14.52,-48.86
2017,142,0.01,0.52,0.49,34.32,62.29,2.05,15.56,7.28,Uruaçu,GO,Centro-Oeste,-14.52,-48.86
2017,143,0.15,0.51,0.48,35.4,58.51,2.25,18.16,8.48,Uruaçu,GO,Centro-Oeste,-14.52,-48.86
2017,144,0.17,0.51,0.47,34.28,60.04,2.81,18.05,8.32,Uruaçu,GO,Centro-Oeste,-14.52,-48.86
2017,145,0.0,0.5,0.45,34.45,56.33,2.84,18.89,8.66,Uruaçu,GO,Centro-Oeste,-14.52,-48.86
2017,146,0.0,0.5,0.43,33.74,53.8,2.54,18.56,8.53,Uruaçu,GO,Centro-Oeste,-14.52,-48.86
2017,147,0.0,0.5,0.4,33.54,51.26,2.39,17.28,7.93,Uruaçu,GO,Centro-Oeste,-14.52,-48.86
2017,148,0.0,0.5,0.37,34.09,48.17,2.23,16.95,7.64,Uruaçu,GO,Centro-Oeste,-14.52,-48.86
2017,149,0.02,0.5,0.35,34.77,45.18,2.02,19.27,8.79,Uruaçu,GO,Centro-Oeste,-14.52,-48.86
2017,150,0.15,0.49,0.32,34.85,44.34,1.63,18.29,8.33,Uruaçu,GO,Centro-Oeste,-14.52,-48.86
2017,151,0.13,0.49,0.31,35.47,43.78,1.54,18.6,8.44,Uruaçu,GO,Centro-Oeste,-14.52,-48.86
2017,152,0.0,0.49,0.29,35.0,45.56,1.52,17.37,7.82,Uruaçu,GO,Centro-Oeste,-14.52,-48.86
2017,153,0.0,0.49,0.28,36.5,43.92,1.68,19.07,8.71,Uruaçu,GO,Centro-Oeste,-14.52,-48.86
2017,154,0.0,0.49,0.27,37.15,43.24,2.7,18.0,8.21,Uruaçu,GO,Centro-Oeste,-14.52,-48.86
2017,155,0.0,0.49,0.26,36.01,43.07,3.18,18.11,8.35,Uruaçu,GO,Centro-Oeste,-14.52,-48.86
2017,156,0.0,0.49,0.25,36.0,43.25,2.85,19.1,8.75,Uruaçu,GO,Centro-Oeste,-14.52,-48.86
2017,157,0.0,0.49,0.24,35.94,41.05,2.68,18.04,8.2,Uruaçu,GO,Centro-Oeste,-14.52,-48.86
2017,158,0.0,0.49,0.24,35.69,42.87,2.72,19.46,8.74,Uruaçu,GO,Centro-Oeste,-14.52,-48.86
2017,159,0.0,0.49,0.23,35.87,37.58,2.06,19.72,8.9,Uruaçu,GO,Centro-Oeste,-14.52,-48.86
2017,160,0.0,0.49,0.22,36.08,36.95,1.45,18.75,8.41,Uruaçu,GO,Centro-Oeste,-14.52,-48.86
2017,161,0.0,0.49,0.22,35.84,41.49,2.2,18.68,8.45,Uruaçu,GO,Centro-Oeste,-14.52,-48.86
2017,162,0.0,0.49,0.21,35.05,43.55,2.07,16.48,7.45,Uruaçu,GO,Centro-Oeste,-14.52,-48.86
2017,163,0.0,0.49,0.21,36.3,35.38,1.07,17.59,7.91,Uruaçu,GO,Centro-Oeste,-14.52,-48.86
2017,164,0.0,0.49,0.2,36.21,32.57,2.53,18.86,8.52,Uruaçu,GO,Centro-Oeste,-14.52,-48.86
2017,165,0.0,0.49,0.2,35.78,35.1,2.92,19.49,8.81,Uruaçu,GO,Centro-Oeste,-14.52,-48.86
2017,166,0.0,0.49,0.19,34.56,39.82,3.1,19.15,8.68,Uruaçu,GO,Centro-Oeste,-14.52,-48.86
2017,167,0.0,0.49,0.19,33.31,38.23,3.35,19.67,8.8,Uruaçu,GO,Centro-Oeste,-14.52,-48.86
2017,168,0.0,0.49,0.19,33.21,39.14,2.87,19.08,8.57,Uruaçu,GO,Centro-Oeste,-14.52,-48.86
2017,169,0.0,0.49,0.18,33.52,32.08,1.82,17.65,7.83,Uruaçu,GO,Centro-Oeste,-14.52,-48.86
2017,170,0.0,0.49,0.18,33.34,32.01,1.59,17.88,8.01,Uruaçu,GO,Centro-Oeste,-14.52,-48.86
2017,171,0.01,0.49,0.18,34.39,30.93,1.5,17.98,7.99,Uruaçu,GO,Centro-Oeste,-14.52,-48.86
2017,172,0.14,0.49,0.18,34.31,30.44,3.42,19.12,8.54,Uruaçu,GO,Centro-Oeste,-14.52,-48.86
2017,173,0.0,0.49,0.18,32.04,38.99,3.91,18.74,8.41,Uruaçu,GO,Centro-Oeste,-14.52,-48.86
2017,174,0.0,0.49,0.17,32.11,44.16,3.96,17.41,7.89,Uruaçu,GO,Centro-Oeste,-14.52,-48.86
2017,175,0.0,0.49,0.17,31.75,42.43,3.8,17.1,7.74,Uruaçu,GO,Centro-Oeste,-14.52,-48.86
2017,176,0.0,0.49,0.17,31.48,39.86,3.87,15.34,6.9,Uruaçu,GO,Centro-Oeste,-14.52,-48.86
2017,177,0.0,0.49,0.17,31.49,45.11,4.0,15.42,6.97,Uruaçu,GO,Centro-Oeste,-14.52,-48.86
2017,178,0.14,0.49,0.17,31.62,43.84,3.81,18.79,8.44,Uruaçu,GO,Centro-Oeste,-14.52,-48.86
2017,179,0.01,0.49,0.17,31.82,37.93,3.57,19.63,8.8,Uruaçu,GO,Centro-Oeste,-14.52,-48.86
2017,180,0.0,0.49,0.17,31.87,42.57,3.39,18.53,8.33,Uruaçu,GO,Centro-Oeste,-14.52,-48.86
2017,181,0.0,0.49,0.17,32.29,33.94,2.34,19.32,8.62,Uruaçu,GO,Centro-Oeste,-14.52,-48.86
2017,182,0.0,0.49,0.17,32.89,34.98,2.0,17.95,8.01,Uruaçu,GO,Centro-Oeste,-14.52,-48.86
2017,183,0.0,0.49,0.16,32.64,29.86,3.08,19.89,8.78,Uruaçu,GO,Centro-Oeste,-14.52,-48.86
2017,184,0.0,0.49,0.16,30.67,37.32,4.62,19.54,8.79,Uruaçu,GO,Centro-Oeste,-14.52,-48.86
2017,185,0.0,0.49,0.16,29.25,39.59,4.27,19.6,8.84,Uruaçu,GO,Centro-Oeste,-14.52,-48.86
2017,186,0.0,0.49,0.16,29.58,38.42,3.88,19.99,8.96,Uruaçu,GO,Centro-Oeste,-14.52,-48.86
2017,187,0.0,0.49,0.16,30.45,42.85,3.46,19.72,8.83,Uruaçu,GO,Centro-Oeste,-14.52,-48.86
2017,188,0.0,0.49,0.16,31.6,42.01,3.29,19.76,8.87,Uruaçu,GO,Centro-Oeste,-14.52,-48.86
2017,189,0.0,0.49,0.16,32.11,41.24,3.74,19.97,8.92,Uruaçu,GO,Centro-Oeste,-14.52,-48.86
2017,190,0.0,0.49,0.16,31.53,39.93,3.66,19.84,8.89,Uruaçu,GO,Centro-Oeste,-14.52,-48.86
2017,191,0.0,0.49,0.16,31.26,45.8,3.68,18.51,8.3,Uruaçu,GO,Centro-Oeste,-14.52,-48.86
2017,192,0.0,0.49,0.16,32.12,45.02,3.47,18.99,8.6,Uruaçu,GO,Centro-Oeste,-14.52,-48.86
2017,193,0.0,0.49,0.16,32.53,39.05,3.61,20.02,8.96,Uruaçu,GO,Centro-Oeste,-14.52,-48.86
2017,194,0.0,0.49,0.16,31.98,38.59,3.57,20.27,9.06,Uruaçu,GO,Centro-Oeste,-14.52,-48.86
2017,195,1.61,0.49,0.21,31.55,38.61,3.73,20.24,9.0,Uruaçu,GO,Centro-Oeste,-14.52,-48.86
2017,196,0.0,0.49,0.22,31.16,36.76,3.7,18.55,8.28,Uruaçu,GO,Centro-Oeste,-14.52,-48.86
2017,197,0.0,0.49,0.21,31.4,34.04,3.02,20.82,9.16,Uruaçu,GO,Centro-Oeste,-14.52,-48.86
2017,198,0.0,0.49,0.21,32.24,34.26,2.37,20.79,9.16,Uruaçu,GO,Centro-Oeste,-14.52,-48.86
2017,199,0.0,0.49,0.2,32.6,37.23,2.08,20.32,9.0,Uruaçu,GO,Centro-Oeste,-14.52,-48.86
2017,200,0.0,0.49,0.2,32.33,40.39,1.99,17.69,7.87,Uruaçu,GO,Centro-Oeste,-14.52,-48.86
2017,201,0.0,0.49,0.19,32.15,32.91,1.37,19.45,8.68,Uruaçu,GO,Centro-Oeste,-14.52,-48.86
2017,202,0.0,0.49,0.19,33.91,32.01,1.78,20.3,9.13,Uruaçu,GO,Centro-Oeste,-14.52,-48.86
2017,203,0.0,0.49,0.19,34.3,30.74,1.8,20.4,9.1,Uruaçu,GO,Centro-Oeste,-14.52,-48.86
2017,204,0.0,0.49,0.18,33.33,27.15,4.09,20.94,9.3,Uruaçu,GO,Centro-Oeste,-14.52,-48.86
2017,205,0.0,0.49,0.18,31.89,31.19,3.94,21.11,9.36,Uruaçu,GO,Centro-Oeste,-14.52,-48.86
2017,206,0.11,0.49,0.18,32.74,36.15,3.8,20.7,9.27,Uruaçu,GO,Centro-Oeste,-14.52,-48.86
2017,207,0.0,0.49,0.18,30.85,31.24,4.04,21.43,9.46,Uruaçu,GO,Centro-Oeste,-14.52,-48.86
2017,208,0.0,0.49,0.17,31.07,37.96,3.67,21.31,9.53,Uruaçu,GO,Centro-Oeste,-14.52,-48.86
2017,209,0.0,0.49,0.17,31.36,43.15,4.33,18.25,8.16,Uruaçu,GO,Centro-Oeste,-14.52,-48.86
2017,210,0.0,0.49,0.17,31.68,39.64,4.07,21.45,9.6,Uruaçu,GO,Centro-Oeste,-14.52,-48.86
2017,211,0.0,0.49,0.17,30.87,38.96,3.98,20.13,8.99,Uruaçu,GO,Centro-Oeste,-14.52,-48.86
2017,212,0.0,0.49,0.17,31.03,34.6,3.5,21.54,9.58,Uruaçu,GO,Centro-Oeste,-14.52,-48.86
2017,213,1.37,0.49,0.22,32.1,35.48,2.55,21.9,9.71,Uruaçu,GO,Centro-Oeste,-14.52,-48.86
2017,214,0.0,0.49,0.21,33.77,33.28,2.12,22.0,9.73,Uruaçu,GO,Centro-Oeste,-14.52,-48.86
2017,215,0.0,0.49,0.21,34.3,30.51,1.57,22.28,9.75,Uruaçu,GO,Centro-Oeste,-14.52,-48.86
2017,216,0.0,0.49,0.2,34.56,33.27,1.79,22.08,9.72,Uruaçu,GO,Centro-Oeste,-14.52,-48.86
2017,217,0.35,0.49,0.2,34.75,36.32,2.08,22.13,9.77,Uruaçu,GO,Centro-Oeste,-14.52,-48.86
2017,218,0.0,0.49,0.2,35.38,30.93,1.61,21.74,9.62,Uruaçu,GO,Centro-Oeste,-14.52,-48.86
2017,219,0.07,0.49,0.19,35.07,37.6,2.62,19.8,8.91,Uruaçu,GO,Centro-Oeste,-14.52,-48.86
2017,220,0.1,0.49,0.19,36.0,31.85,1.98,19.8,8.82,Uruaçu,GO,Centro-Oeste,-14.52,-48.86
2017,221,0.0,0.49,0.19,36.29,29.5,1.23,20.51,9.15,Uruaçu,GO,Centro-Oeste,-14.52,-48.86
2017,222,0.0,0.49,0.18,37.41,26.79,1.72,21.9,9.66,Uruaçu,GO,Centro-Oeste,-14.52,-48.86
2017,223,0.0,0.49,0.18,37.54,22.74,2.52,22.28,9.8,Uruaçu,GO,Centro-Oeste,-14.52,-48.86
2017,224,0.0,0.49,0.17,35.61,23.75,3.42,22.66,10.03,Uruaçu,GO,Centro-Oeste,-14.52,-48.86
2017,225,0.0,0.49,0.17,36.28,26.94,2.5,22.8,10.01,Uruaçu,GO,Centro-Oeste,-14.52,-48.86
2017,226,0.0,0.49,0.16,37.28,25.89,1.53,22.65,9.93,Uruaçu,GO,Centro-Oeste,-14.52,-48.86
2017,227,0.0,0.49,0.16,37.54,22.82,2.65,22.69,9.99,Uruaçu,GO,Centro-Oeste,-14.52,-48.86
2017,228,0.0,0.49,0.16,36.9,25.68,3.19,22.71,10.04,Uruaçu,GO,Centro-Oeste,-14.52,-48.86
2017,229,0.0,0.49,0.15,36.75,24.22,1.96,22.74,10.04,Uruaçu,GO,Centro-Oeste,-14.52,-48.86
2017,230,0.0,0.49,0.15,37.22,21.9,1.63,22.97,10.07,Uruaçu,GO,Centro-Oeste,-14.52,-48.86
2017,231,0.0,0.49,0.15,37.84,23.19,2.39,23.51,10.33,Uruaçu,GO,Centro-Oeste,-14.52,-48.86
2017,232,0.0,0.49,0.15,37.64,21.95,2.39,23.56,10.39,Uruaçu,GO,Centro-Oeste,-14.52,-48.86
2017,233,0.03,0.49,0.14,37.59,24.08,1.67,22.39,9.83,Uruaçu,GO,Centro-Oeste,-14.52,-48.86
2017,234,0.67,0.49,0.16,31.51,37.66,4.3,21.72,9.79,Uruaçu,GO,Centro-Oeste,-14.52,-48.86
2017,235,0.0,0.49,0.17,32.03,43.57,4.53,19.78,8.95,Uruaçu,GO,Centro-Oeste,-14.52,-48.86
2017,236,0.0,0.49,0.17,34.59,41.68,3.99,23.12,10.48,Uruaçu,GO,Centro-Oeste,-14.52,-48.86
2017,237,0.0,0.49,0.16,35.11,38.07,3.34,21.33,9.65,Uruaçu,GO,Centro-Oeste,-14.52,-48.86
2017,238,0.0,0.49,0.16,36.19,31.4,3.2,24.09,10.86,Uruaçu,GO,Centro-Oeste,-14.52,-48.86
2017,239,0.0,0.49,0.16,36.94,24.77,2.51,23.47,10.36,Uruaçu,GO,Centro-Oeste,-14.52,-48.86
2017,240,0.0,0.49,0.15,37.42,20.96,2.24,22.64,10.0,Uruaçu,GO,Centro-Oeste,-14.52,-48.86
2017,241,0.0,0.49,0.15,36.89,22.53,2.55,22.32,9.92,Uruaçu,GO,Centro-Oeste,-14.52,-48.86
2017,242,0.0,0.49,0.15,37.83,21.98,2.25,24.05,10.65,Uruaçu,GO,Centro-Oeste,-14.52,-48.86
2017,243,0.0,0.49,0.15,38.18,20.39,2.5,25.06,11.0,Uruaçu,GO,Centro-Oeste,-14.52,-48.86
2017,244,0.0,0.49,0.14,37.2,19.41,4.36,25.05,11.0,Uruaçu,GO,Centro-Oeste,-14.52,-48.86
2017,245,0.06,0.49,0.14,35.1,29.5,4.25,24.66,11.04,Uruaçu,GO,Centro-Oeste,-14.52,-48.86
2017,246,0.0,0.49,0.14,35.02,32.89,4.3,24.79,11.11,Uruaçu,GO,Centro-Oeste,-14.52,-48.86
2017,247,0.0,0.48,0.14,33.66,26.05,4.38,25.79,11.36,Uruaçu,GO,Centro-Oeste,-14.52,-48.86
2017,248,0.02,0.48,0.14,33.86,25.52,2.98,25.66,11.31,Uruaçu,GO,Centro-Oeste,-14.52,-48.86
2017,249,0.0,0.48,0.14,35.7,24.73,3.0,25.64,11.36,Uruaçu,GO,Centro-Oeste,-14.52,-48.86
2017,250,0.0,0.48,0.14,37.36,25.3,2.92,24.63,11.05,Uruaçu,GO,Centro-Oeste,-14.52,-48.86
2017,251,0.0,0.48,0.13,37.51,26.19,3.13,24.15,10.8,Uruaçu,GO,Centro-Oeste,-14.52,-48.86
2017,252,0.0,0.48,0.13,36.44,23.56,4.31,25.74,11.36,Uruaçu,GO,Centro-Oeste,-14.52,-48.86
2017,253,0.0,0.48,0.13,36.85,25.63,3.28,25.99,11.48,Uruaçu,GO,Centro-Oeste,-14.52,-48.86
2017,254,0.0,0.48,0.13,37.83,26.84,3.4,25.72,11.52,Uruaçu,GO,Centro-Oeste,-14.52,-48.86
2017,255,0.0,0.48,0.13,36.24,25.54,4.65,26.24,11.66,Uruaçu,GO,Centro-Oeste,-14.52,-48.86
2017,256,0.0,0.48,0.13,35.84,26.74,3.88,26.3,11.69,Uruaçu,GO,Centro-Oeste,-14.52,-48.86
2017,257,0.0,0.48,0.13,36.42,29.82,3.96,26.24,11.71,Uruaçu,GO,Centro-Oeste,-14.52,-48.86
2017,258,0.0,0.48,0.13,36.64,26.6,3.72,26.49,11.8,Uruaçu,GO,Centro-Oeste,-14.52,-48.86
2017,259,0.0,0.48,0.12,35.93,26.45,4.07,27.03,11.87,Uruaçu,GO,Centro-Oeste,-14.52,-48.86
2017,260,0.0,0.48,0.12,35.49,27.79,3.89,26.53,11.81,Uruaçu,GO,Centro-Oeste,-14.52,-48.86
2017,261,0.0,0.48,0.12,36.28,27.61,3.5,26.54,11.8,Uruaçu,GO,Centro-Oeste,-14.52,-48.86
2017,262,0.0,0.48,0.12,36.63,27.34,3.62,26.68,11.92,Uruaçu,GO,Centro-Oeste,-14.52,-48.86
2017,263,0.0,0.48,0.12,37.0,27.8,3.78,25.35,11.4,Uruaçu,GO,Centro-Oeste,-14.52,-48.86
2017,264,0.01,0.48,0.12,35.15,29.5,4.48,12.92,5.69,Uruaçu,GO,Centro-Oeste,-14.52,-48.86
2017,265,0.0,0.48,0.12,34.89,31.2,4.0,9.57,4.42,Uruaçu,GO,Centro-Oeste,-14.52,-48.86
2017,266,0.0,0.48,0.12,36.76,29.56,3.17,24.8,11.13,Uruaçu,GO,Centro-Oeste,-14.52,-48.86
2017,267,0.0,0.48,0.12,37.83,27.82,3.84,25.92,11.69,Uruaçu,GO,Centro-Oeste,-14.52,-48.86
2017,268,0.0,0.48,0.12,36.57,28.33,3.01,25.25,11.37,Uruaçu,GO,Centro-Oeste,-14.52,-48.86
2017,269,0.0,0.48,0.12,37.49,27.28,3.51,21.83,9.79,Uruaçu,GO,Centro-Oeste,-14.52,-48.86
2017,270,0.67,0.48,0.13,33.19,36.14,4.16,12.86,5.92,Uruaçu,GO,Centro-Oeste,-14.52,-48.86
2017,271,0.01,0.48,0.14,34.58,41.66,2.63,14.17,6.43,Uruaçu,GO,Centro-Oeste,-14.52,-48.86
2017,272,0.0,0.48,0.14,38.03,30.39,2.76,23.52,10.71,Uruaçu,GO,Centro-Oeste,-14.52,-48.86
2017,273,0.1,0.48,0.14,37.43,27.48,1.87,15.61,7.13,Uruaçu,GO,Centro-Oeste,-14.52,-48.86
2017,274,0.02,0.48,0.14,38.17,38.3,2.55,20.41,9.1,Uruaçu,GO,Centro-Oeste,-14.52,-48.86
2017,275,1.8,0.49,0.16,35.55,41.02,3.14,11.6,5.27,Uruaçu,GO,Centro-Oeste,-14.52,-48.86
2017,276,16.73,0.51,0.5,31.41,71.32,2.03,9.83,4.66,Uruaçu,GO,Centro-Oeste,-14.52,-48.86
2017,277,0.02,0.52,0.49,34.09,58.05,2.57,20.5,9.38,Uruaçu,GO,Centro-Oeste,-14.52,-48.86
2017,278,0.69,0.51,0.48,36.67,49.46,4.42,22.46,10.32,Uruaçu,GO,Centro-Oeste,-14.52,-48.86
2017,279,0.0,0.51,0.45,37.74,38.82,3.77,27.33,12.49,Uruaçu,GO,Centro-Oeste,-14.52,-48.86
2017,280,0.0,0.5,0.41,38.05,33.01,3.37,28.75,12.78,Uruaçu,GO,Centro-Oeste,-14.52,-48.86
2017,281,0.0,0.5,0.37,38.87,28.26,2.95,27.37,12.14,Uruaçu,GO,Centro-Oeste,-14.52,-48.86
2017,282,0.05,0.49,0.33,37.87,27.56,2.37,24.66,11.0,Uruaçu,GO,Centro-Oeste,-14.52,-48.86
2017,283,0.0,0.49,0.3,39.57,27.56,3.59,26.45,11.92,Uruaçu,GO,Centro-Oeste,-14.52,-48.86
2017,284,0.0,0.49,0.27,39.71,21.1,3.65,29.36,12.95,Uruaçu,GO,Centro-Oeste,-14.52,-48.86
2017,285,0.0,0.49,0.25,40.32,17.3,3.23,29.54,12.96,Uruaçu,GO,Centro-Oeste,-14.52,-48.86
2017,286,0.0,0.49,0.23,40.36,20.2,2.63,29.34,12.97,Uruaçu,GO,Centro-Oeste,-14.52,-48.86
2017,287,0.0,0.49,0.22,40.69,21.28,1.57,27.72,12.23,Uruaçu,GO,Centro-Oeste,-14.52,-48.86
2017,288,0.0,0.49,0.21,41.77,20.18,1.01,24.17,10.59,Uruaçu,GO,Centro-Oeste,-14.52,-48.86
2017,289,0.0,0.49,0.2,41.97,21.73,3.6,25.84,11.64,Uruaçu,GO,Centro-Oeste,-14.52,-48.86
2017,290,0.0,0.49,0.19,39.72,25.94,4.36,27.97,12.67,Uruaçu,GO,Centro-Oeste,-14.52,-48.86
2017,291,0.0,0.49,0.18,38.25,25.1,4.03,26.05,11.78,Uruaçu,GO,Centro-Oeste,-14.52,-48.86
2017,292,0.0,0.49,0.18,38.56,22.42,2.67,27.02,12.12,Uruaçu,GO,Centro-Oeste,-14.52,-48.86
2017,293,0.0,0.49,0.17,39.97,24.89,2.79,22.89,10.42,Uruaçu,GO,Centro-Oeste,-14.52,-48.86
2017,294,0.0,0.49,0.17,39.93,23.94,2.63,23.15,10.54,Uruaçu,GO,Centro-Oeste,-14.52,-48.86
2017,295,0.0,0.49,0.16,39.33,24.19,2.47,24.72,11.15,Uruaçu,GO,Centro-Oeste,-14.52,-48.86
2017,296,0.0,0.49,0.16,38.32,28.22,2.55,15.98,7.34,Uruaçu,GO,Centro-Oeste,-14.52,-48.86
2017,297,0.0,0.49,0.16,39.84,28.19,3.38,27.07,12.15,Uruaçu,GO,Centro-Oeste,-14.52,-48.86
2017,298,0.0,0.49,0.15,41.1,23.22,3.43,26.98,12.11,Uruaçu,GO,Centro-Oeste,-14.52,-48.86
2017,299,0.0,0.49,0.15,39.93,23.13,3.18,25.83,11.64,Uruaçu,GO,Centro-Oeste,-14.52,-48.86
2017,300,2.28,0.49,0.19,38.06,32.42,2.26,15.35,6.96,Uruaçu,GO,Centro-Oeste,-14.52,-48.86
2017,301,6.32,0.5,0.38,34.01,45.47,0.68,16.23,7.48,Uruaçu,GO,Centro-Oeste,-14.52,-48.86
2017,302,0.09,0.5,0.41,34.25,51.28,1.04,14.48,6.87,Uruaçu,GO,Centro-Oeste,-14.52,-48.86
2017,303,7.98,0.5,0.46,35.59,52.54,1.53,17.89,8.32,Uruaçu,GO,Centro-Oeste,-14.52,-48.86
2017,304,7.47,0.52,0.55,30.34,74.12,1.91,13.23,6.28,Uruaçu,GO,Centro-Oeste,-14.52,-48.86
2017,305,5.24,0.52,0.56,30.77,72.67,1.5,19.5,9.16,Uruaçu,GO,Centro-Oeste,-14.52,-48.86
2017,306,0.38,0.52,0.5,33.88,62.28,1.53,16.93,8.01,Uruaçu,GO,Centro-Oeste,-14.52,-48.86
2017,307,1.04,0.52,0.5,33.01,66.29,1.97,19.82,9.35,Uruaçu,GO,Centro-Oeste,-14.52,-48.86
2017,308,4.94,0.52,0.54,26.92,82.47,1.78,20.79,9.75,Uruaçu,GO,Centro-Oeste,-14.52,-48.86
2017,309,12.78,0.54,0.61,30.83,76.82,1.04,8.57,4.25,Uruaçu,GO,Centro-Oeste,-14.52,-48.86
2017,310,6.73,0.54,0.56,33.58,67.98,1.32,21.8,10.29,Uruaçu,GO,Centro-Oeste,-14.52,-48.86
2017,311,18.88,0.56,0.65,33.97,69.27,1.94,23.64,11.1,Uruaçu,GO,Centro-Oeste,-14.52,-48.86
2017,312,17.67,0.6,0.7,28.17,80.45,1.92,12.64,6.23,Uruaçu,GO,Centro-Oeste,-14.52,-48.86
2017,313,5.58,0.6,0.65,29.0,83.27,2.94,14.92,7.12,Uruaçu,GO,Centro-Oeste,-14.52,-48.86
2017,314,14.66,0.6,0.67,30.04,81.22,2.0,16.57,7.95,Uruaçu,GO,Centro-Oeste,-14.52,-48.86
2017,315,30.65,0.65,0.81,26.14,88.8,1.8,10.54,5.23,Uruaçu,GO,Centro-Oeste,-14.52,-48.86
2017,316,5.65,0.66,0.73,28.41,83.11,1.96,19.51,9.23,Uruaçu,GO,Centro-Oeste,-14.52,-48.86
2017,317,15.6,0.66,0.75,30.52,80.09,1.33,24.13,11.29,Uruaçu,GO,Centro-Oeste,-14.52,-48.86
2017,318,2.79,0.66,0.71,31.25,77.85,1.53,26.08,12.07,Uruaçu,GO,Centro-Oeste,-14.52,-48.86
2017,319,12.63,0.67,0.75,29.86,78.56,2.77,25.01,11.64,Uruaçu,GO,Centro-Oeste,-14.52,-48.86
2017,320,0.66,0.66,0.7,27.74,81.5,2.74,24.05,11.19,Uruaçu,GO,Centro-Oeste,-14.52,-48.86
2017,321,3.86,0.65,0.7,29.48,77.96,1.44,19.45,9.19,Uruaçu,GO,Centro-Oeste,-14.52,-48.86
2017,322,2.62,0.65,0.7,26.61,87.05,1.6,12.13,5.93,Uruaçu,GO,Centro-Oeste,-14.52,-48.86
2017,323,4.73,0.65,0.71,25.91,88.59,1.5,16.83,8.01,Uruaçu,GO,Centro-Oeste,-14.52,-48.86
2017,324,1.25,0.65,0.7,29.03,81.4,1.59,23.18,10.79,Uruaçu,GO,Centro-Oeste,-14.52,-48.86
2017,325,2.54,0.65,0.69,28.65,83.47,1.19,19.0,8.93,Uruaçu,GO,Centro-Oeste,-14.52,-48.86
2017,326,0.44,0.64,0.68,28.53,80.97,1.29,14.0,6.57,Uruaçu,GO,Centro-Oeste,-14.52,-48.86
2017,327,0.04,0.63,0.66,30.89,73.34,1.05,20.17,9.39,Uruaçu,GO,Centro-Oeste,-14.52,-48.86
2017,328,2.5,0.63,0.67,30.85,77.89,1.0,17.72,8.37,Uruaçu,GO,Centro-Oeste,-14.52,-48.86
2017,329,5.59,0.62,0.68,29.13,81.03,1.64,23.54,11.01,Uruaçu,GO,Centro-Oeste,-14.52,-48.86
2017,330,3.64,0.63,0.68,29.49,79.91,1.2,17.94,8.52,Uruaçu,GO,Centro-Oeste,-14.52,-48.86
2017,331,0.09,0.62,0.65,30.35,74.24,1.08,22.1,10.26,Uruaçu,GO,Centro-Oeste,-14.52,-48.86
2017,332,0.26,0.61,0.64,31.82,71.33,1.38,25.09,11.74,Uruaçu,GO,Centro-Oeste,-14.52,-48.86
2017,333,7.48,0.61,0.66,30.64,73.8,0.88,17.43,8.3,Uruaçu,GO,Centro-Oeste,-14.52,-48.86
2017,334,12.67,0.62,0.72,25.42,88.39,1.29,5.29,2.76,Uruaçu,GO,Centro-Oeste,-14.52,-48.86
2017,335,0.74,0.63,0.68,28.16,84.39,1.9,14.31,6.94,Uruaçu,GO,Centro-Oeste,-14.52,-48.86
2017,336,0.35,0.62,0.65,29.42,80.37,1.57,12.85,6.2,Uruaçu,GO,Centro-Oeste,-14.52,-48.86
2017,337,1.26,0.61,0.64,29.6,78.71,1.82,14.91,6.86,Uruaçu,GO,Centro-Oeste,-14.52,-48.86
2017,338,0.15,0.6,0.62,32.15,72.01,1.07,19.24,9.03,Uruaçu,GO,Centro-Oeste,-14.52,-48.86
2017,339,0.19,0.6,0.6,31.06,74.57,1.14,20.61,9.76,Uruaçu,GO,Centro-Oeste,-14.52,-48.86
2017,340,2.36,0.59,0.61,29.79,77.76,1.41,20.03,9.39,Uruaçu,GO,Centro-Oeste,-14.52,-48.86
2017,341,0.81,0.59,0.59,31.66,73.67,1.75,15.17,7.15,Uruaçu,GO,Centro-Oeste,-14.52,-48.86
2017,342,1.01,0.58,0.59,28.55,81.03,1.41,14.56,6.91,Uruaçu,GO,Centro-Oeste,-14.52,-48.86
2017,343,5.92,0.58,0.61,30.5,80.72,2.53,10.06,5.0,Uruaçu,GO,Centro-Oeste,-14.52,-48.86
2017,344,9.33,0.59,0.64,29.53,84.35,3.37,7.0,3.52,Uruaçu,GO,Centro-Oeste,-14.52,-48.86
2017,345,19.87,0.61,0.72,27.3,83.21,2.7,5.13,2.68,Uruaçu,GO,Centro-Oeste,-14.52,-48.86
2017,346,25.51,0.65,0.78,26.25,89.09,1.6,11.03,5.38,Uruaçu,GO,Centro-Oeste,-14.52,-48.86
2017,347,2.39,0.65,0.7,28.09,83.69,1.16,15.87,7.53,Uruaçu,GO,Centro-Oeste,-14.52,-48.86
2017,348,11.99,0.65,0.74,28.35,85.18,1.95,9.56,4.7,Uruaçu,GO,Centro-Oeste,-14.52,-48.86
2017,349,7.53,0.66,0.74,26.92,86.56,1.91,12.68,6.13,Uruaçu,GO,Centro-Oeste,-14.52,-48.86
2017,350,4.75,0.66,0.72,27.41,84.65,1.45,13.61,6.55,Uruaçu,GO,Centro-Oeste,-14.52,-48.86
2017,351,12.12,0.66,0.74,28.85,82.51,1.7,13.52,6.54,Uruaçu,GO,Centro-Oeste,-14.52,-48.86
2017,352,1.3,0.67,0.71,29.74,76.31,1.61,20.35,9.55,Uruaçu,GO,Centro-Oeste,-14.52,-48.86
2017,353,1.38,0.66,0.69,30.77,77.73,2.1,27.77,12.91,Uruaçu,GO,Centro-Oeste,-14.52,-48.86
2017,354,0.42,0.65,0.67,31.41,72.31,1.67,28.18,13.03,Uruaçu,GO,Centro-Oeste,-14.52,-48.86
2017,355,1.61,0.63,0.66,31.1,73.52,1.43,26.82,12.43,Uruaçu,GO,Centro-Oeste,-14.52,-48.86
2017,356,3.18,0.63,0.67,27.35,81.09,1.07,16.81,7.9,Uruaçu,GO,Centro-Oeste,-14.52,-48.86
2017,357,0.37,0.63,0.66,29.87,78.38,0.97,16.79,7.92,Uruaçu,GO,Centro-Oeste,-14.52,-48.86
2017,358,0.85,0.62,0.64,32.15,73.5,1.08,24.78,11.53,Uruaçu,GO,Centro-Oeste,-14.52,-48.86
2017,359,1.69,0.61,0.63,31.76,72.55,0.86,22.31,10.4,Uruaçu,GO,Centro-Oeste,-14.52,-48.86
2017,360,0.5,0.61,0.61,31.91,73.57,0.78,26.04,12.08,Uruaçu,GO,Centro-Oeste,-14.52,-48.86
2017,361,0.9,0.6,0.6,33.04,70.71,1.36,26.33,12.19,Uruaçu,GO,Centro-Oeste,-14.52,-48.86
2017,362,0.05,0.59,0.58,35.2,65.66,1.97,27.24,12.71,Uruaçu,GO,Centro-Oeste,-14.52,-48.86
2017,363,5.06,0.59,0.62,28.89,82.25,1.78,23.76,11.05,Uruaçu,GO,Centro-Oeste,-14.52,-48.86
2017,364,5.73,0.59,0.63,29.1,79.22,1.03,14.11,6.74,Uruaçu,GO,Centro-Oeste,-14.52,-48.86
2017,365,1.17,0.6,0.61,29.25,78.81,1.09,23.12,10.79,Uruaçu,GO,Centro-Oeste,-14.52,-48.86
2018,1,4.77,0.6,0.62,31.42,69.18,1.11,21.03,9.82,Uruaçu,GO,Centro-Oeste,-14.52,-48.86
2018,2,6.04,0.6,0.63,32.05,74.25,1.58,16.76,7.94,Uruaçu,GO,Centro-Oeste,-14.52,-48.86
2018,3,5.84,0.6,0.64,31.41,76.56,1.94,16.42,7.79,Uruaçu,GO,Centro-Oeste,-14.52,-48.86
2018,4,0.91,0.6,0.6,31.18,76.72,1.58,22.62,10.61,Uruaçu,GO,Centro-Oeste,-14.52,-48.86
2018,5,10.96,0.59,0.64,27.77,81.05,1.11,11.63,5.69,Uruaçu,GO,Centro-Oeste,-14.52,-48.86
2018,6,6.9,0.61,0.68,27.33,83.15,1.15,14.9,7.06,Uruaçu,GO,Centro-Oeste,-14.52,-48.86
2018,7,1.8,0.61,0.63,28.64,80.44,1.23,20.37,9.5,Uruaçu,GO,Centro-Oeste,-14.52,-48.86
2018,8,5.49,0.61,0.64,29.38,80.73,1.16,18.56,8.69,Uruaçu,GO,Centro-Oeste,-14.52,-48.86
2018,9,0.27,0.6,0.61,32.43,68.42,1.67,24.15,11.2,Uruaçu,GO,Centro-Oeste,-14.52,-48.86
2018,10,0.01,0.6,0.58,33.54,66.06,2.7,28.42,13.22,Uruaçu,GO,Centro-Oeste,-14.52,-48.86
2018,11,0.69,0.59,0.57,31.27,66.65,2.89,27.42,12.78,Uruaçu,GO,Centro-Oeste,-14.52,-48.86
2018,12,1.89,0.58,0.57,33.34,66.41,1.38,16.42,7.68,Uruaçu,GO,Centro-Oeste,-14.52,-48.86
2018,13,1.54,0.58,0.58,27.93,77.93,0.98,23.63,11.04,Uruaçu,GO,Centro-Oeste,-14.52,-48.86
2018,14,0.29,0.58,0.57,30.41,70.88,0.93,7.64,3.82,Uruaçu,GO,Centro-Oeste,-14.52,-48.86
2018,15,0.14,0.57,0.56,31.46,68.62,1.42,16.77,7.84,Uruaçu,GO,Centro-Oeste,-14.52,-48.86
2018,16,0.14,0.57,0.55,29.91,69.92,1.5,17.23,8.11,Uruaçu,GO,Centro-Oeste,-14.52,-48.86
2018,17,0.01,0.56,0.53,35.83,56.89,2.32,28.83,13.21,Uruaçu,GO,Centro-Oeste,-14.52,-48.86
2018,18,0.0,0.55,0.52,36.26,52.63,2.04,26.85,12.36,Uruaçu,GO,Centro-Oeste,-14.52,-48.86
2018,19,0.0,0.54,0.51,36.02,53.89,1.83,27.32,12.55,Uruaçu,GO,Centro-Oeste,-14.52,-48.86
2018,20,0.0,0.54,0.51,35.0,54.22,0.88,25.45,11.8,Uruaçu,GO,Centro-Oeste,-14.52,-48.86
2018,21,0.58,0.53,0.5,35.98,53.15,1.06,26.45,12.28,Uruaçu,GO,Centro-Oeste,-14.52,-48.86
2018,22,0.17,0.53,0.5,35.97,55.12,1.18,28.21,13.06,Uruaçu,GO,Centro-Oeste,-14.52,-48.86
2018,23,0.0,0.52,0.48,38.19,52.33,1.28,29.11,13.37,Uruaçu,GO,Centro-Oeste,-14.52,-48.86
2018,24,0.66,0.52,0.48,36.27,56.45,1.33,26.37,12.24,Uruaçu,GO,Centro-Oeste,-14.52,-48.86
2018,25,4.71,0.52,0.53,31.01,72.74,1.52,14.9,7.05,Uruaçu,GO,Centro-Oeste,-14.52,-48.86
2018,26,4.48,0.52,0.53,30.63,73.49,1.6,18.84,8.82,Uruaçu,GO,Centro-Oeste,-14.52,-48.86
2018,27,0.93,0.53,0.52,34.98,64.98,1.63,20.52,9.56,Uruaçu,GO,Centro-Oeste,-14.52,-48.86
2018,28,1.13,0.52,0.5,33.16,68.22,1.63,16.54,7.83,Uruaçu,GO,Centro-Oeste,-14.52,-48.86
2018,29,17.2,0.53,0.6,31.02,75.27,1.45,18.83,8.91,Uruaçu,GO,Centro-Oeste,-14.52,-48.86
2018,30,5.6,0.55,0.59,32.59,73.96,1.16,20.28,9.52,Uruaçu,GO,Centro-Oeste,-14.52,-48.86
2018,31,2.72,0.55,0.54,33.36,74.02,1.77,19.15,9.08,Uruaçu,GO,Centro-Oeste,-14.52,-48.86
2018,32,4.53,0.55,0.56,32.4,77.27,2.95,18.14,8.65,Uruaçu,GO,Centro-Oeste,-14.52,-48.86
2018,33,4.48,0.55,0.58,28.41,82.26,2.03,16.22,7.66,Uruaçu,GO,Centro-Oeste,-14.52,-48.86
2018,34,7.14,0.56,0.59,28.98,85.76,3.34,11.73,5.63,Uruaçu,GO,Centro-Oeste,-14.52,-48.86
2018,35,26.94,0.59,0.73,24.72,90.84,2.2,5.44,2.77,Uruaçu,GO,Centro-Oeste,-14.52,-48.86
2018,36,1.77,0.61,0.63,28.9,83.61,3.01,12.75,6.2,Uruaçu,GO,Centro-Oeste,-14.52,-48.86
2018,37,1.12,0.6,0.61,28.69,82.55,2.93,18.16,8.51,Uruaçu,GO,Centro-Oeste,-14.52,-48.86
2018,38,6.95,0.59,0.63,27.67,85.2,1.71,16.88,7.86,Uruaçu,GO,Centro-Oeste,-14.52,-48.86
2018,39,3.82,0.6,0.64,30.14,80.18,1.02,22.75,10.58,Uruaçu,GO,Centro-Oeste,-14.52,-48.86
2018,40,4.55,0.6,0.63,29.54,83.85,2.05,11.85,5.72,Uruaçu,GO,Centro-Oeste,-14.52,-48.86
2018,41,6.15,0.6,0.64,30.4,80.9,1.96,22.72,10.59,Uruaçu,GO,Centro-Oeste,-14.52,-48.86
2018,42,0.74,0.6,0.62,31.91,76.14,1.26,24.64,11.41,Uruaçu,GO,Centro-Oeste,-14.52,-48.86
2018,43,3.98,0.59,0.6,33.01,71.6,1.11,25.49,11.83,Uruaçu,GO,Centro-Oeste,-14.52,-48.86
2018,44,0.73,0.58,0.58,33.6,67.13,1.15,28.03,12.88,Uruaçu,GO,Centro-Oeste,-14.52,-48.86
2018,45,0.49,0.58,0.56,35.03,61.82,2.25,27.61,12.74,Uruaçu,GO,Centro-Oeste,-14.52,-48.86
2018,46,0.0,0.57,0.54,33.66,60.92,2.7,27.3,12.53,Uruaçu,GO,Centro-Oeste,-14.52,-48.86
2018,47,0.02,0.56,0.53,34.25,62.17,2.32,26.32,12.15,Uruaçu,GO,Centro-Oeste,-14.52,-48.86
2018,48,0.05,0.55,0.52,34.35,62.66,1.91,26.61,12.41,Uruaçu,GO,Centro-Oeste,-14.52,-48.86
2018,49,2.49,0.55,0.55,26.69,84.26,1.05,14.64,6.98,Uruaçu,GO,Centro-Oeste,-14.52,-48.86
2018,50,12.36,0.57,0.63,30.56,79.45,1.23,18.27,8.55,Uruaçu,GO,Centro-Oeste,-14.52,-48.86
2018,51,3.52,0.57,0.58,32.34,74.12,1.42,20.69,9.56,Uruaçu,GO,Centro-Oeste,-14.52,-48.86
2018,52,9.3,0.57,0.59,31.74,77.31,1.77,19.5,9.09,Uruaçu,GO,Centro-Oeste,-14.52,-48.86
2018,53,7.46,0.59,0.65,29.14,82.08,1.13,10.93,5.31,Uruaçu,GO,Centro-Oeste,-14.52,-48.86
2018,54,3.44,0.59,0.61,29.8,81.91,1.16,21.13,9.85,Uruaçu,GO,Centro-Oeste,-14.52,-48.86
2018,55,13.62,0.59,0.67,29.96,77.61,0.69,24.49,11.29,Uruaçu,GO,Centro-Oeste,-14.52,-48.86
2018,56,17.23,0.61,0.71,27.81,83.78,1.02,18.41,8.64,Uruaçu,GO,Centro-Oeste,-14.52,-48.86
2018,57,3.76,0.63,0.7,28.99,79.5,1.06,21.94,10.27,Uruaçu,GO,Centro-Oeste,-14.52,-48.86
2018,58,2.37,0.62,0.66,30.5,75.75,1.05,24.33,11.31,Uruaçu,GO,Centro-Oeste,-14.52,-48.86
2018,59,0.59,0.61,0.63,31.29,73.56,1.3,24.96,11.61,Uruaçu,GO,Centro-Oeste,-14.52,-48.86
2018,60,0.54,0.6,0.6,32.75,69.82,1.62,26.03,11.91,Uruaçu,GO,Centro-Oeste,-14.52,-48.86
2018,61,0.48,0.59,0.59,33.33,65.42,0.64,24.16,11.15,Uruaçu,GO,Centro-Oeste,-14.52,-48.86
2018,62,1.09,0.58,0.57,32.87,69.65,0.95,22.66,10.46,Uruaçu,GO,Centro-Oeste,-14.52,-48.86
2018,63,0.13,0.58,0.56,32.03,75.24,1.41,24.76,11.43,Uruaçu,GO,Centro-Oeste,-14.52,-48.86
2018,64,0.08,0.57,0.55,34.75,71.0,1.92,21.78,10.15,Uruaçu,GO,Centro-Oeste,-14.52,-48.86
2018,65,0.81,0.56,0.56,30.23,73.52,0.83,20.89,9.77,Uruaçu,GO,Centro-Oeste,-14.52,-48.86
2018,66,4.0,0.56,0.56,33.04,70.98,1.16,19.68,9.19,Uruaçu,GO,Centro-Oeste,-14.52,-48.86
2018,67,2.28,0.57,0.58,26.62,87.81,1.0,11.55,5.51,Uruaçu,GO,Centro-Oeste,-14.52,-48.86
2018,68,5.59,0.57,0.6,28.52,87.22,1.19,18.86,8.83,Uruaçu,GO,Centro-Oeste,-14.52,-48.86
2018,69,6.95,0.58,0.62,27.74,85.25,1.87,14.68,6.92,Uruaçu,GO,Centro-Oeste,-14.52,-48.86
2018,70,2.62,0.58,0.61,28.78,83.81,1.74,13.59,6.42,Uruaçu,GO,Centro-Oeste,-14.52,-48.86
2018,71,1.6,0.58,0.59,30.83,80.51,1.35,20.1,9.43,Uruaçu,GO,Centro-Oeste,-14.52,-48.86
2018,72,4.67,0.58,0.61,28.13,89.48,1.96,18.44,8.66,Uruaçu,GO,Centro-Oeste,-14.52,-48.86
2018,73,5.35,0.58,0.61,31.48,81.93,1.89,14.46,6.82,Uruaçu,GO,Centro-Oeste,-14.52,-48.86
2018,74,1.09,0.58,0.59,33.04,73.66,1.07,23.67,11.03,Uruaçu,GO,Centro-Oeste,-14.52,-48.86
2018,75,4.93,0.58,0.59,31.84,69.84,0.77,21.51,10.04,Uruaçu,GO,Centro-Oeste,-14.52,-48.86
2018,76,3.09,0.58,0.59,31.98,74.02,1.21,21.73,10.13,Uruaçu,GO,Centro-Oeste,-14.52,-48.86
2018,77,2.1,0.58,0.58,31.81,74.18,0.87,22.62,10.61,Uruaçu,GO,Centro-Oeste,-14.52,-48.86
2018,78,1.76,0.57,0.56,33.02,69.88,0.67,20.33,9.58,Uruaçu,GO,Centro-Oeste,-14.52,-48.86
2018,79,6.88,0.57,0.61,31.39,78.75,1.25,21.37,10.03,Uruaçu,GO,Centro-Oeste,-14.52,-48.86
2018,80,0.73,0.57,0.56,32.14,74.27,0.96,21.75,10.22,Uruaçu,GO,Centro-Oeste,-14.52,-48.86
2018,81,3.73,0.57,0.58,29.68,80.44,1.06,20.59,9.65,Uruaçu,GO,Centro-Oeste,-14.52,-48.86
2018,82,2.22,0.57,0.57,30.22,79.69,1.6,22.34,10.49,Uruaçu,GO,Centro-Oeste,-14.52,-48.86
2018,83,4.05,0.57,0.6,29.99,81.37,2.04,17.5,8.24,Uruaçu,GO,Centro-Oeste,-14.52,-48.86
2018,84,4.97,0.57,0.6,30.86,80.96,1.48,16.22,7.63,Uruaçu,GO,Centro-Oeste,-14.52,-48.86
2018,85,1.38,0.57,0.58,29.43,78.2,1.42,17.09,7.99,Uruaçu,GO,Centro-Oeste,-14.52,-48.86
2018,86,0.0,0.57,0.55,32.2,69.12,1.94,23.92,11.09,Uruaçu,GO,Centro-Oeste,-14.52,-48.86
2018,87,0.01,0.56,0.54,33.38,65.95,2.01,25.31,11.73,Uruaçu,GO,Centro-Oeste,-14.52,-48.86
2018,88,0.82,0.55,0.53,33.65,66.02,2.52,24.97,11.53,Uruaçu,GO,Centro-Oeste,-14.52,-48.86
2018,89,0.19,0.55,0.52,34.2,63.65,2.01,22.09,10.29,Uruaçu,GO,Centro-Oeste,-14.52,-48.86
2018,90,0.34,0.54,0.52,32.78,68.05,2.15,18.78,8.73,Uruaçu,GO,Centro-Oeste,-14.52,-48.86
2018,91,1.04,0.54,0.52,32.86,70.46,1.29,18.69,8.75,Uruaçu,GO,Centro-Oeste,-14.52,-48.86
2018,92,4.49,0.54,0.54,33.11,70.97,1.27,13.44,6.35,Uruaçu,GO,Centro-Oeste,-14.52,-48.86
2018,93,1.53,0.54,0.54,32.04,75.46,1.25,20.47,9.67,Uruaçu,GO,Centro-Oeste,-14.52,-48.86
2018,94,1.11,0.54,0.53,30.9,76.45,1.46,20.18,9.49,Uruaçu,GO,Centro-Oeste,-14.52,-48.86
2018,95,2.13,0.54,0.53,31.33,76.24,1.07,14.08,6.65,Uruaçu,GO,Centro-Oeste,-14.52,-48.86
2018,96,2.27,0.54,0.55,29.53,78.67,1.13,19.05,8.94,Uruaçu,GO,Centro-Oeste,-14.52,-48.86
2018,97,2.19,0.54,0.53,33.04,74.93,1.7,14.26,6.72,Uruaçu,GO,Centro-Oeste,-14.52,-48.86
2018,98,2.03,0.54,0.53,31.5,77.51,1.58,15.59,7.36,Uruaçu,GO,Centro-Oeste,-14.52,-48.86
2018,99,0.78,0.54,0.52,32.27,73.02,1.72,20.48,9.6,Uruaçu,GO,Centro-Oeste,-14.52,-48.86
2018,100,0.6,0.53,0.51,32.9,68.04,2.43,19.17,9.0,Uruaçu,GO,Centro-Oeste,-14.52,-48.86
2018,101,3.05,0.53,0.53,31.49,71.48,2.86,20.71,9.72,Uruaçu,GO,Centro-Oeste,-14.52,-48.86
2018,102,0.25,0.53,0.51,30.86,71.24,2.25,11.44,5.49,Uruaçu,GO,Centro-Oeste,-14.52,-48.86
2018,103,1.86,0.53,0.52,29.57,75.57,2.02,17.28,7.94,Uruaçu,GO,Centro-Oeste,-14.52,-48.86
2018,104,0.78,0.53,0.53,27.91,78.51,1.42,10.56,5.12,Uruaçu,GO,Centro-Oeste,-14.52,-48.86
2018,105,4.79,0.53,0.54,31.85,73.69,1.94,18.96,8.85,Uruaçu,GO,Centro-Oeste,-14.52,-48.86
2018,106,2.27,0.53,0.53,31.87,74.18,1.96,18.99,8.88,Uruaçu,GO,Centro-Oeste,-14.52,-48.86
2018,107,3.28,0.54,0.55,28.92,77.83,2.21,11.13,5.39,Uruaçu,GO,Centro-Oeste,-14.52,-48.86
2018,108,0.0,0.54,0.52,30.57,69.24,2.78,15.35,7.19,Uruaçu,GO,Centro-Oeste,-14.52,-48.86
2018,109,0.0,0.53,0.51,32.22,67.37,2.49,19.48,9.04,Uruaçu,GO,Centro-Oeste,-14.52,-48.86
2018,110,0.0,0.53,0.5,32.9,63.01,2.05,18.64,8.65,Uruaçu,GO,Centro-Oeste,-14.52,-48.86
2018,111,0.0,0.52,0.49,34.29,60.75,1.65,20.42,9.53,Uruaçu,GO,Centro-Oeste,-14.52,-48.86
2018,112,0.04,0.52,0.49,33.23,63.61,1.42,19.48,9.13,Uruaçu,GO,Centro-Oeste,-14.52,-48.86
2018,113,0.04,0.52,0.48,33.92,61.4,1.85,20.67,9.65,Uruaçu,GO,Centro-Oeste,-14.52,-48.86
2018,114,0.0,0.51,0.46,34.86,59.2,2.41,21.44,10.0,Uruaçu,GO,Centro-Oeste,-14.52,-48.86
2018,115,0.17,0.51,0.45,34.86,56.93,2.29,21.63,10.06,Uruaçu,GO,Centro-Oeste,-14.52,-48.86
2018,116,0.02,0.51,0.43,34.72,53.81,2.01,21.05,9.77,Uruaçu,GO,Centro-Oeste,-14.52,-48.86
2018,117,0.0,0.5,0.4,35.54,51.67,2.18,21.25,9.86,Uruaçu,GO,Centro-Oeste,-14.52,-48.86
2018,118,0.0,0.5,0.38,35.69,50.65,2.56,20.7,9.63,Uruaçu,GO,Centro-Oeste,-14.52,-48.86
2018,119,0.0,0.5,0.37,34.73,53.16,2.12,18.89,8.74,Uruaçu,GO,Centro-Oeste,-14.52,-48.86
2018,120,0.0,0.5,0.35,34.11,50.71,1.72,20.52,9.48,Uruaçu,GO,Centro-Oeste,-14.52,-48.86
2018,121,0.0,0.5,0.34,35.13,45.49,2.16,21.54,9.92,Uruaçu,GO,Centro-Oeste,-14.52,-48.86
2018,122,0.0,0.5,0.33,35.77,44.52,2.11,21.89,10.03,Uruaçu,GO,Centro-Oeste,-14.52,-48.86
2018,123,0.0,0.5,0.32,36.22,47.84,2.81,21.36,9.91,Uruaçu,GO,Centro-Oeste,-14.52,-48.86
2018,124,0.0,0.49,0.31,35.48,53.46,2.47,19.96,9.23,Uruaçu,GO,Centro-Oeste,-14.52,-48.86
2018,125,0.0,0.49,0.3,35.64,48.24,3.16,21.1,9.69,Uruaçu,GO,Centro-Oeste,-14.52,-48.86
2018,126,0.0,0.49,0.29,35.97,45.48,3.2,21.38,9.79,Uruaçu,GO,Centro-Oeste,-14.52,-48.86
2018,127,0.0,0.49,0.28,32.54,47.91,2.66,21.57,9.92,Uruaçu,GO,Centro-Oeste,-14.52,-48.86
2018,128,0.0,0.49,0.27,34.57,46.98,2.67,20.17,9.33,Uruaçu,GO,Centro-Oeste,-14.52,-48.86
2018,129,0.0,0.49,0.26,34.68,42.89,2.99,21.25,9.74,Uruaçu,GO,Centro-Oeste,-14.52,-48.86
2018,130,0.0,0.49,0.25,34.75,42.58,3.45,20.98,9.59,Uruaçu,GO,Centro-Oeste,-14.52,-48.86
2018,131,0.0,0.49,0.24,35.34,36.48,2.02,21.14,9.65,Uruaçu,GO,Centro-Oeste,-14.52,-48.86
2018,132,0.0,0.49,0.23,35.3,38.6,1.76,20.7,9.34,Uruaçu,GO,Centro-Oeste,-14.52,-48.86
2018,133,0.0,0.49,0.22,35.77,33.91,1.78,21.04,9.52,Uruaçu,GO,Centro-Oeste,-14.52,-48.86
2018,134,1.06,0.49,0.25,36.01,39.26,2.46,19.15,8.72,Uruaçu,GO,Centro-Oeste,-14.52,-48.86
2018,135,0.0,0.49,0.24,33.98,46.9,2.34,19.1,8.71,Uruaçu,GO,Centro-Oeste,-14.52,-48.86
2018,136,0.0,0.49,0.24,34.54,43.7,1.48,17.58,8.08,Uruaçu,GO,Centro-Oeste,-14.52,-48.86
2018,137,0.41,0.49,0.23,34.62,40.5,1.3,18.05,8.28,Uruaçu,GO,Centro-Oeste,-14.52,-48.86
2018,138,0.0,0.49,0.24,35.32,41.38,1.75,18.67,8.57,Uruaçu,GO,Centro-Oeste,-14.52,-48.86
2018,139,23.91,0.51,0.45,34.58,59.7,1.8,15.35,7.1,Uruaçu,GO,Centro-Oeste,-14.52,-48.86
2018,140,3.05,0.54,0.56,28.21,78.86,2.06,16.33,7.56,Uruaçu,GO,Centro-Oeste,-14.52,-48.86
2018,141,0.05,0.53,0.51,32.17,60.88,1.83,18.68,8.54,Uruaçu,GO,Centro-Oeste,-14.52,-48.86
2018,142,0.0,0.53,0.5,32.92,60.93,1.28,18.82,8.68,Uruaçu,GO,Centro-Oeste,-14.52,-48.86
2018,143,0.0,0.52,0.5,32.51,60.64,2.36,17.61,8.1,Uruaçu,GO,Centro-Oeste,-14.52,-48.86
2018,144,0.0,0.52,0.49,32.91,60.49,2.36,17.11,7.89,Uruaçu,GO,Centro-Oeste,-14.52,-48.86
2018,145,0.0,0.52,0.49,32.28,60.69,3.04,19.39,8.88,Uruaçu,GO,Centro-Oeste,-14.52,-48.86
2018,146,0.0,0.51,0.49,32.12,56.78,2.98,20.02,9.14,Uruaçu,GO,Centro-Oeste,-14.52,-48.86
2018,147,0.0,0.51,0.48,31.94,51.7,3.71,20.02,9.08,Uruaçu,GO,Centro-Oeste,-14.52,-48.86
2018,148,0.0,0.51,0.47,31.59,55.18,3.46,19.42,8.85,Uruaçu,GO,Centro-Oeste,-14.52,-48.86
2018,149,0.0,0.5,0.45,31.48,54.12,3.45,19.43,8.86,Uruaçu,GO,Centro-Oeste,-14.52,-48.86
2018,150,0.0,0.5,0.43,31.67,49.5,3.31,18.95,8.58,Uruaçu,GO,Centro-Oeste,-14.52,-48.86
2018,151,0.0,0.5,0.4,32.07,48.99,2.19,19.46,8.78,Uruaçu,GO,Centro-Oeste,-14.52,-48.86
2018,152,0.0,0.5,0.38,33.15,42.24,1.82,17.84,8.0,Uruaçu,GO,Centro-Oeste,-14.52,-48.86
2018,153,0.0,0.5,0.35,34.19,40.11,2.18,19.34,8.73,Uruaçu,GO,Centro-Oeste,-14.52,-48.86
2018,154,0.0,0.49,0.33,34.73,41.77,2.88,18.99,8.63,Uruaçu,GO,Centro-Oeste,-14.52,-48.86
2018,155,0.0,0.49,0.31,34.65,45.0,3.02,18.37,8.4,Uruaçu,GO,Centro-Oeste,-14.52,-48.86
2018,156,0.0,0.49,0.3,34.31,43.41,2.18,18.15,8.28,Uruaçu,GO,Centro-Oeste,-14.52,-48.86
2018,157,0.0,0.49,0.29,34.87,42.02,1.56,15.03,6.89,Uruaçu,GO,Centro-Oeste,-14.52,-48.86
2018,158,0.0,0.49,0.28,33.81,43.19,1.16,17.28,7.88,Uruaçu,GO,Centro-Oeste,-14.52,-48.86
2018,159,0.0,0.49,0.27,36.16,42.46,1.84,18.04,8.22,Uruaçu,GO,Centro-Oeste,-14.52,-48.86
2018,160,0.0,0.49,0.26,36.68,39.6,2.13,18.23,8.32,Uruaçu,GO,Centro-Oeste,-14.52,-48.86
2018,161,0.0,0.49,0.25,36.14,39.64,2.9,18.94,8.62,Uruaçu,GO,Centro-Oeste,-14.52,-48.86
2018,162,0.0,0.49,0.24,34.25,44.35,2.43,17.98,8.18,Uruaçu,GO,Centro-Oeste,-14.52,-48.86
2018,163,0.0,0.49,0.23,34.52,42.42,1.83,18.06,8.13,Uruaçu,GO,Centro-Oeste,-14.52,-48.86
2018,164,0.0,0.49,0.23,35.31,35.44,1.99,18.04,8.18,Uruaçu,GO,Centro-Oeste,-14.52,-48.86
2018,165,0.0,0.49,0.22,35.02,37.66,2.71,18.42,8.32,Uruaçu,GO,Centro-Oeste,-14.52,-48.86
2018,166,0.0,0.49,0.22,34.51,34.61,2.75,16.99,7.66,Uruaçu,GO,Centro-Oeste,-14.52,-48.86
2018,167,0.0,0.49,0.21,33.89,36.25,3.09,18.48,8.21,Uruaçu,GO,Centro-Oeste,-14.52,-48.86
2018,168,0.0,0.49,0.21,33.65,37.06,3.09,18.77,8.38,Uruaçu,GO,Centro-Oeste,-14.52,-48.86
2018,169,0.0,0.49,0.2,32.36,39.77,3.43,18.71,8.35,Uruaçu,GO,Centro-Oeste,-14.52,-48.86
2018,170,0.0,0.49,0.2,31.75,38.92,3.11,17.69,7.97,Uruaçu,GO,Centro-Oeste,-14.52,-48.86
2018,171,0.0,0.49,0.2,32.12,42.61,3.2,18.6,8.43,Uruaçu,GO,Centro-Oeste,-14.52,-48.86
2018,172,0.0,0.49,0.2,32.85,41.29,2.85,18.85,8.57,Uruaçu,GO,Centro-Oeste,-14.52,-48.86
2018,173,0.0,0.49,0.19,33.32,38.56,1.8,18.08,8.19,Uruaçu,GO,Centro-Oeste,-14.52,-48.86
2018,174,0.0,0.49,0.19,34.03,34.97,2.23,19.65,8.77,Uruaçu,GO,Centro-Oeste,-14.52,-48.86
2018,175,0.0,0.49,0.19,34.17,33.08,1.85,19.75,8.77,Uruaçu,GO,Centro-Oeste,-14.52,-48.86
2018,176,0.0,0.49,0.18,33.65,35.59,2.63,19.6,8.75,Uruaçu,GO,Centro-Oeste,-14.52,-48.86
2018,177,0.0,0.49,0.18,33.6,31.71,2.14,18.97,8.49,Uruaçu,GO,Centro-Oeste,-14.52,-48.86
2018,178,0.0,0.49,0.18,33.93,35.21,2.29,19.64,8.81,Uruaçu,GO,Centro-Oeste,-14.52,-48.86
2018,179,0.0,0.49,0.17,33.68,35.04,3.13,19.69,8.8,Uruaçu,GO,Centro-Oeste,-14.52,-48.86
2018,180,0.0,0.49,0.17,32.64,38.05,3.03,20.03,8.88,Uruaçu,GO,Centro-Oeste,-14.52,-48.86
2018,181,0.0,0.49,0.17,33.3,37.63,2.29,19.71,8.78,Uruaçu,GO,Centro-Oeste,-14.52,-48.86
2018,182,0.0,0.49,0.17,34.03,40.14,2.19,19.08,8.61,Uruaçu,GO,Centro-Oeste,-14.52,-48.86
2018,183,0.0,0.49,0.17,34.2,36.21,2.3,19.06,8.56,Uruaçu,GO,Centro-Oeste,-14.52,-48.86
2018,184,0.0,0.49,0.16,34.25,34.68,2.58,16.98,7.6,Uruaçu,GO,Centro-Oeste,-14.52,-48.86
2018,185,0.0,0.49,0.16,34.31,33.47,3.19,19.37,8.7,Uruaçu,GO,Centro-Oeste,-14.52,-48.86
2018,186,0.0,0.49,0.16,32.55,36.23,3.23,19.95,8.87,Uruaçu,GO,Centro-Oeste,-14.52,-48.86
2018,187,0.0,0.49,0.16,32.84,37.18,3.0,19.26,8.62,Uruaçu,GO,Centro-Oeste,-14.52,-48.86
2018,188,0.0,0.49,0.16,34.51,36.44,2.77,19.89,8.89,Uruaçu,GO,Centro-Oeste,-14.52,-48.86
2018,189,0.0,0.49,0.16,35.22,35.87,1.65,19.75,8.88,Uruaçu,GO,Centro-Oeste,-14.52,-48.86
2018,190,0.0,0.49,0.16,35.3,35.6,1.55,19.87,8.86,Uruaçu,GO,Centro-Oeste,-14.52,-48.86
2018,191,0.0,0.49,0.15,35.27,32.88,1.52,19.76,8.82,Uruaçu,GO,Centro-Oeste,-14.52,-48.86
2018,192,0.0,0.49,0.15,34.52,37.86,1.96,19.05,8.56,Uruaçu,GO,Centro-Oeste,-14.52,-48.86
2018,193,0.0,0.49,0.15,35.15,31.87,1.71,19.54,8.74,Uruaçu,GO,Centro-Oeste,-14.52,-48.86
2018,194,0.0,0.49,0.15,35.26,34.08,2.15,19.61,8.74,Uruaçu,GO,Centro-Oeste,-14.52,-48.86
2018,195,0.0,0.49,0.15,34.64,34.72,3.05,19.69,8.82,Uruaçu,GO,Centro-Oeste,-14.52,-48.86
2018,196,0.0,0.49,0.15,34.21,35.35,3.08,20.0,9.01,Uruaçu,GO,Centro-Oeste,-14.52,-48.86
2018,197,0.0,0.49,0.15,34.6,38.67,2.89,17.9,8.11,Uruaçu,GO,Centro-Oeste,-14.52,-48.86
2018,198,0.0,0.49,0.15,33.74,40.1,3.71,20.15,9.07,Uruaçu,GO,Centro-Oeste,-14.52,-48.86
2018,199,0.0,0.49,0.14,33.39,41.17,3.51,19.12,8.61,Uruaçu,GO,Centro-Oeste,-14.52,-48.86
2018,200,0.0,0.49,0.14,33.51,33.53,3.39,20.77,9.24,Uruaçu,GO,Centro-Oeste,-14.52,-48.86
2018,201,0.0,0.49,0.14,33.64,35.98,2.92,20.84,9.26,Uruaçu,GO,Centro-Oeste,-14.52,-48.86
2018,202,0.0,0.49,0.14,34.07,36.0,3.13,20.66,9.23,Uruaçu,GO,Centro-Oeste,-14.52,-48.86
2018,203,0.0,0.49,0.14,33.7,32.38,3.17,20.15,8.96,Uruaçu,GO,Centro-Oeste,-14.52,-48.86
2018,204,0.0,0.48,0.14,32.75,28.94,3.57,21.22,9.35,Uruaçu,GO,Centro-Oeste,-14.52,-48.86
2018,205,0.0,0.48,0.14,32.71,34.08,3.37,21.13,9.41,Uruaçu,GO,Centro-Oeste,-14.52,-48.86
2018,206,0.0,0.48,0.14,32.56,37.42,3.52,20.62,9.26,Uruaçu,GO,Centro-Oeste,-14.52,-48.86
2018,207,0.0,0.48,0.14,33.07,36.65,3.11,20.68,9.25,Uruaçu,GO,Centro-Oeste,-14.52,-48.86
2018,208,0.0,0.48,0.14,33.85,33.41,3.07,21.05,9.46,Uruaçu,GO,Centro-Oeste,-14.52,-48.86
2018,209,0.0,0.48,0.14,34.77,31.37,2.86,21.38,9.53,Uruaçu,GO,Centro-Oeste,-14.52,-48.86
2018,210,0.0,0.48,0.14,34.99,28.99,2.35,21.5,9.52,Uruaçu,GO,Centro-Oeste,-14.52,-48.86
2018,211,0.0,0.48,0.13,35.46,28.08,1.98,21.61,9.58,Uruaçu,GO,Centro-Oeste,-14.52,-48.86
2018,212,0.0,0.48,0.13,35.51,28.21,1.44,21.14,9.35,Uruaçu,GO,Centro-Oeste,-14.52,-48.86
2018,213,0.0,0.48,0.13,36.18,27.84,1.23,20.77,9.12,Uruaçu,GO,Centro-Oeste,-14.52,-48.86
2018,214,0.0,0.48,0.13,36.65,25.99,1.15,19.25,8.54,Uruaçu,GO,Centro-Oeste,-14.52,-48.86
2018,215,0.0,0.48,0.13,36.62,27.56,1.92,19.95,8.99,Uruaçu,GO,Centro-Oeste,-14.52,-48.86
2018,216,0.0,0.48,0.13,35.17,27.65,0.69,19.34,8.58,Uruaçu,GO,Centro-Oeste,-14.52,-48.86
2018,217,0.0,0.48,0.13,36.81,27.28,1.21,17.09,7.63,Uruaçu,GO,Centro-Oeste,-14.52,-48.86
2018,218,0.0,0.48,0.13,37.43,26.65,1.17,17.9,7.93,Uruaçu,GO,Centro-Oeste,-14.52,-48.86
2018,219,0.0,0.48,0.13,37.98,27.59,1.46,19.03,8.5,Uruaçu,GO,Centro-Oeste,-14.52,-48.86
2018,220,0.03,0.48,0.12,37.49,29.62,2.87,20.23,9.2,Uruaçu,GO,Centro-Oeste,-14.52,-48.86
2018,221,0.01,0.48,0.12,32.45,40.27,1.84,16.05,7.31,Uruaçu,GO,Centro-Oeste,-14.52,-48.86
2018,222,0.11,0.48,0.12,36.1,39.19,1.29,17.76,8.0,Uruaçu,GO,Centro-Oeste,-14.52,-48.86
2018,223,0.0,0.48,0.13,36.02,31.11,1.58,18.91,8.56,Uruaçu,GO,Centro-Oeste,-14.52,-48.86
2018,224,0.0,0.48,0.13,36.95,20.11,2.43,22.37,9.96,Uruaçu,GO,Centro-Oeste,-14.52,-48.86
2018,225,0.0,0.48,0.12,37.83,16.0,1.88,22.1,9.72,Uruaçu,GO,Centro-Oeste,-14.52,-48.86
2018,226,0.0,0.48,0.12,37.75,24.97,1.64,21.22,9.43,Uruaçu,GO,Centro-Oeste,-14.52,-48.86
2018,227,6.62,0.49,0.25,35.55,38.35,1.38,18.7,8.55,Uruaçu,GO,Centro-Oeste,-14.52,-48.86
2018,228,5.39,0.51,0.5,26.54,72.13,2.01,7.95,3.84,Uruaçu,GO,Centro-Oeste,-14.52,-48.86
2018,229,2.82,0.51,0.53,27.56,71.14,2.7,10.41,4.91,Uruaçu,GO,Centro-Oeste,-14.52,-48.86
2018,230,0.26,0.51,0.48,32.76,57.82,2.25,18.35,8.36,Uruaçu,GO,Centro-Oeste,-14.52,-48.86
2018,231,0.02,0.5,0.45,33.75,50.06,2.69,21.04,9.57,Uruaçu,GO,Centro-Oeste,-14.52,-48.86
2018,232,0.0,0.5,0.41,34.24,44.98,3.41,21.93,9.95,Uruaçu,GO,Centro-Oeste,-14.52,-48.86
2018,233,0.0,0.5,0.38,34.54,39.57,2.98,22.18,10.08,Uruaçu,GO,Centro-Oeste,-14.52,-48.86
2018,234,0.0,0.5,0.34,35.15,38.9,2.38,21.05,9.55,Uruaçu,GO,Centro-Oeste,-14.52,-48.86
2018,235,0.0,0.49,0.31,35.67,35.45,3.02,20.45,9.34,Uruaçu,GO,Centro-Oeste,-14.52,-48.86
2018,236,0.0,0.49,0.29,36.05,32.37,2.58,22.36,10.2,Uruaçu,GO,Centro-Oeste,-14.52,-48.86
2018,237,0.08,0.49,0.27,36.95,31.63,1.65,21.63,9.85,Uruaçu,GO,Centro-Oeste,-14.52,-48.86
2018,238,0.07,0.49,0.26,36.3,34.5,3.1,21.36,9.8,Uruaçu,GO,Centro-Oeste,-14.52,-48.86
2018,239,0.0,0.49,0.24,36.49,36.37,4.21,23.13,10.6,Uruaçu,GO,Centro-Oeste,-14.52,-48.86
2018,240,0.0,0.49,0.23,34.55,34.36,4.83,23.73,10.81,Uruaçu,GO,Centro-Oeste,-14.52,-48.86
2018,241,0.0,0.49,0.23,34.52,31.15,3.91,23.51,10.65,Uruaçu,GO,Centro-Oeste,-14.52,-48.86
2018,242,0.0,0.49,0.22,34.73,30.12,3.56,24.73,11.07,Uruaçu,GO,Centro-Oeste,-14.52,-48.86
2018,243,0.0,0.49,0.21,35.61,29.68,2.83,24.02,10.84,Uruaçu,GO,Centro-Oeste,-14.52,-48.86
2018,244,0.0,0.49,0.2,36.97,28.62,3.02,24.86,11.17,Uruaçu,GO,Centro-Oeste,-14.52,-48.86
2018,245,0.0,0.49,0.2,37.37,26.24,2.68,24.93,11.17,Uruaçu,GO,Centro-Oeste,-14.52,-48.86
2018,246,0.0,0.49,0.19,37.81,25.9,2.73,23.96,10.66,Uruaçu,GO,Centro-Oeste,-14.52,-48.86
2018,247,0.15,0.49,0.19,35.82,33.39,3.41,24.46,10.83,Uruaçu,GO,Centro-Oeste,-14.52,-48.86
2018,248,0.0,0.49,0.19,35.86,25.29,2.17,25.3,11.08,Uruaçu,GO,Centro-Oeste,-14.52,-48.86
2018,249,0.0,0.49,0.18,38.04,22.07,1.38,24.55,10.77,Uruaçu,GO,Centro-Oeste,-14.52,-48.86
2018,250,0.0,0.49,0.17,37.21,32.23,3.25,22.46,10.25,Uruaçu,GO,Centro-Oeste,-14.52,-48.86
2018,251,0.0,0.49,0.17,37.06,26.45,3.79,25.86,11.49,Uruaçu,GO,Centro-Oeste,-14.52,-48.86
2018,252,0.0,0.49,0.17,36.6,21.6,3.82,26.4,11.61,Uruaçu,GO,Centro-Oeste,-14.52,-48.86
2018,253,0.0,0.49,0.16,36.5,21.37,2.72,26.49,11.64,Uruaçu,GO,Centro-Oeste,-14.52,-48.86
2018,254,0.0,0.49,0.16,37.48,23.66,2.04,23.78,10.6,Uruaçu,GO,Centro-Oeste,-14.52,-48.86
2018,255,0.34,0.49,0.16,38.77,26.84,2.24,23.89,10.62,Uruaçu,GO,Centro-Oeste,-14.52,-48.86
2018,256,0.11,0.49,0.17,37.19,33.71,2.71,21.77,9.82,Uruaçu,GO,Centro-Oeste,-14.52,-48.86
2018,257,0.0,0.49,0.16,36.67,35.64,1.92,24.01,10.8,Uruaçu,GO,Centro-Oeste,-14.52,-48.86
2018,258,0.0,0.49,0.16,36.71,28.35,1.47,14.6,6.66,Uruaçu,GO,Centro-Oeste,-14.52,-48.86
2018,259,0.11,0.49,0.16,36.61,28.63,1.61,21.4,9.59,Uruaçu,GO,Centro-Oeste,-14.52,-48.86
2018,260,1.07,0.49,0.18,35.13,36.12,1.83,17.11,7.75,Uruaçu,GO,Centro-Oeste,-14.52,-48.86
2018,261,0.77,0.49,0.21,36.69,40.51,1.73,16.99,7.67,Uruaçu,GO,Centro-Oeste,-14.52,-48.86
2018,262,3.03,0.49,0.24,36.24,44.44,3.34,18.6,8.45,Uruaçu,GO,Centro-Oeste,-14.52,-48.86
2018,263,0.27,0.49,0.34,35.72,50.74,3.08,19.71,9.12,Uruaçu,GO,Centro-Oeste,-14.52,-48.86
2018,264,0.52,0.49,0.32,38.02,46.09,2.66,17.22,7.85,Uruaçu,GO,Centro-Oeste,-14.52,-48.86
2018,265,0.01,0.49,0.3,38.44,38.95,1.81,20.88,9.6,Uruaçu,GO,Centro-Oeste,-14.52,-48.86
2018,266,0.0,0.49,0.27,38.48,32.38,2.1,20.89,9.56,Uruaçu,GO,Centro-Oeste,-14.52,-48.86
2018,267,0.01,0.49,0.26,35.93,32.01,1.65,19.76,9.01,Uruaçu,GO,Centro-Oeste,-14.52,-48.86
2018,268,0.0,0.49,0.24,39.58,31.04,1.66,23.16,10.57,Uruaçu,GO,Centro-Oeste,-14.52,-48.86
2018,269,0.0,0.49,0.23,39.91,27.36,1.56,25.37,11.39,Uruaçu,GO,Centro-Oeste,-14.52,-48.86
2018,270,0.0,0.49,0.21,40.24,23.88,1.98,26.31,11.8,Uruaçu,GO,Centro-Oeste,-14.52,-48.86
2018,271,0.0,0.49,0.2,39.25,26.88,1.7,24.41,10.93,Uruaçu,GO,Centro-Oeste,-14.52,-48.86
2018,272,3.03,0.49,0.21,39.91,32.57,1.19,23.63,10.67,Uruaçu,GO,Centro-Oeste,-14.52,-48.86
2018,273,3.8,0.49,0.33,39.88,37.88,2.09,18.36,8.23,Uruaçu,GO,Centro-Oeste,-14.52,-48.86
2018,274,1.99,0.5,0.46,35.18,55.38,2.86,15.55,7.1,Uruaçu,GO,Centro-Oeste,-14.52,-48.86
2018,275,1.1,0.5,0.43,34.77,56.41,2.43,12.05,5.74,Uruaçu,GO,Centro-Oeste,-14.52,-48.86
2018,276,0.02,0.5,0.39,36.3,46.28,1.41,18.81,8.68,Uruaçu,GO,Centro-Oeste,-14.52,-48.86
2018,277,1.05,0.5,0.35,37.55,41.4,0.83,21.77,10.07,Uruaçu,GO,Centro-Oeste,-14.52,-48.86
2018,278,11.28,0.51,0.53,36.75,56.35,2.33,23.37,10.86,Uruaçu,GO,Centro-Oeste,-14.52,-48.86
2018,279,18.84,0.52,0.62,27.89,76.62,2.91,18.39,8.51,Uruaçu,GO,Centro-Oeste,-14.52,-48.86
2018,280,3.11,0.55,0.57,30.72,69.35,2.68,16.17,7.62,Uruaçu,GO,Centro-Oeste,-14.52,-48.86
2018,281,0.07,0.54,0.51,34.75,59.02,1.62,21.44,9.91,Uruaçu,GO,Centro-Oeste,-14.52,-48.86
2018,282,0.42,0.54,0.5,35.07,57.15,0.88,18.51,8.63,Uruaçu,GO,Centro-Oeste,-14.52,-48.86
2018,283,1.71,0.53,0.51,34.45,59.86,1.58,15.44,7.28,Uruaçu,GO,Centro-Oeste,-14.52,-48.86
2018,284,0.0,0.53,0.49,36.98,55.32,2.3,20.97,9.55,Uruaçu,GO,Centro-Oeste,-14.52,-48.86
2018,285,0.19,0.52,0.48,38.26,43.36,2.77,26.83,12.01,Uruaçu,GO,Centro-Oeste,-14.52,-48.86
2018,286,1.25,0.52,0.48,38.3,47.76,1.59,24.38,11.04,Uruaçu,GO,Centro-Oeste,-14.52,-48.86
2018,287,1.62,0.51,0.5,36.77,57.87,1.11,20.92,9.65,Uruaçu,GO,Centro-Oeste,-14.52,-48.86
2018,288,5.06,0.51,0.52,35.38,60.42,1.21,16.83,7.95,Uruaçu,GO,Centro-Oeste,-14.52,-48.86
2018,289,15.74,0.53,0.61,32.82,70.95,1.68,17.81,8.49,Uruaçu,GO,Centro-Oeste,-14.52,-48.86
2018,290,6.59,0.55,0.59,28.73,81.37,0.91,21.97,10.29,Uruaçu,GO,Centro-Oeste,-14.52,-48.86
2018,291,2.71,0.55,0.54,32.42,69.55,1.58,20.82,9.73,Uruaçu,GO,Centro-Oeste,-14.52,-48.86
2018,292,5.83,0.56,0.59,30.53,77.61,1.49,8.36,4.22,Uruaçu,GO,Centro-Oeste,-14.52,-48.86
2018,293,1.8,0.55,0.53,35.76,64.15,1.6,21.1,9.82,Uruaçu,GO,Centro-Oeste,-14.52,-48.86
2018,294,24.32,0.57,0.69,29.85,79.78,1.6,9.57,4.67,Uruaçu,GO,Centro-Oeste,-14.52,-48.86
2018,295,1.51,0.59,0.61,32.14,73.72,1.86,19.06,9.01,Uruaçu,GO,Centro-Oeste,-14.52,-48.86
2018,296,8.63,0.58,0.61,33.26,67.69,1.66,22.91,10.77,Uruaçu,GO,Centro-Oeste,-14.52,-48.86
2018,297,16.1,0.61,0.73,28.45,82.94,1.28,22.27,10.45,Uruaçu,GO,Centro-Oeste,-14.52,-48.86
2018,298,4.78,0.61,0.66,31.2,75.26,1.64,19.03,8.94,Uruaçu,GO,Centro-Oeste,-14.52,-48.86
2018,299,2.95,0.61,0.66,30.89,74.65,1.05,23.14,10.82,Uruaçu,GO,Centro-Oeste,-14.52,-48.86
2018,300,2.43,0.6,0.63,31.34,75.17,1.08,21.37,10.01,Uruaçu,GO,Centro-Oeste,-14.52,-48.86
2018,301,1.33,0.6,0.64,28.29,76.84,0.92,21.09,9.8,Uruaçu,GO,Centro-Oeste,-14.52,-48.86
2018,302,1.17,0.6,0.61,32.26,67.29,0.95,19.72,9.25,Uruaçu,GO,Centro-Oeste,-14.52,-48.86
2018,303,0.06,0.59,0.59,33.23,69.41,1.63,21.22,9.91,Uruaçu,GO,Centro-Oeste,-14.52,-48.86
2018,304,0.29,0.58,0.57,34.31,65.28,1.65,15.59,7.4,Uruaçu,GO,Centro-Oeste,-14.52,-48.86
2018,305,2.3,0.58,0.59,27.64,80.29,0.99,13.28,6.33,Uruaçu,GO,Centro-Oeste,-14.52,-48.86
2018,306,1.86,0.58,0.58,33.16,70.65,1.12,16.87,8.01,Uruaçu,GO,Centro-Oeste,-14.52,-48.86
2018,307,17.19,0.59,0.67,27.83,82.09,0.93,12.0,5.88,Uruaçu,GO,Centro-Oeste,-14.52,-48.86
2018,308,5.09,0.61,0.67,28.31,80.12,1.51,17.92,8.43,Uruaçu,GO,Centro-Oeste,-14.52,-48.86
2018,309,4.37,0.6,0.64,32.43,76.22,1.38,22.52,10.45,Uruaçu,GO,Centro-Oeste,-14.52,-48.86
2018,310,25.27,0.61,0.73,30.22,79.47,1.57,8.38,4.1,Uruaçu,GO,Centro-Oeste,-14.52,-48.86
2018,311,4.66,0.64,0.7,27.58,83.83,1.85,19.38,9.09,Uruaçu,GO,Centro-Oeste,-14.52,-48.86
2018,312,27.79,0.66,0.81,26.19,87.66,1.34,10.99,5.39,Uruaçu,GO,Centro-Oeste,-14.52,-48.86
2018,313,12.08,0.69,0.78,26.99,86.45,1.01,13.19,6.41,Uruaçu,GO,Centro-Oeste,-14.52,-48.86
2018,314,9.52,0.69,0.77,26.23,84.89,0.97,12.01,5.87,Uruaçu,GO,Centro-Oeste,-14.52,-48.86
2018,315,1.46,0.7,0.73,30.4,78.09,0.99,24.27,11.34,Uruaçu,GO,Centro-Oeste,-14.52,-48.86
2018,316,12.25,0.69,0.77,30.56,80.47,1.25,17.83,8.53,Uruaçu,GO,Centro-Oeste,-14.52,-48.86
2018,317,8.7,0.7,0.76,29.89,81.78,2.13,24.05,11.32,Uruaçu,GO,Centro-Oeste,-14.52,-48.86
2018,318,14.1,0.71,0.78,30.02,81.97,1.34,23.09,10.8,Uruaçu,GO,Centro-Oeste,-14.52,-48.86
2018,319,2.24,0.71,0.75,30.05,81.49,1.33,22.36,10.42,Uruaçu,GO,Centro-Oeste,-14.52,-48.86
2018,320,7.96,0.71,0.77,28.06,86.56,1.12,14.51,6.94,Uruaçu,GO,Centro-Oeste,-14.52,-48.86
2018,321,7.45,0.72,0.78,26.17,90.35,2.0,17.65,8.36,Uruaçu,GO,Centro-Oeste,-14.52,-48.86
2018,322,0.54,0.71,0.74,30.87,76.78,1.74,23.46,11.02,Uruaçu,GO,Centro-Oeste,-14.52,-48.86
2018,323,0.34,0.7,0.73,30.91,75.23,1.16,20.91,9.82,Uruaçu,GO,Centro-Oeste,-14.52,-48.86
2018,324,1.92,0.69,0.73,29.01,80.66,1.9,16.8,7.94,Uruaçu,GO,Centro-Oeste,-14.52,-48.86
2018,325,2.16,0.68,0.72,31.18,76.34,2.39,19.01,8.92,Uruaçu,GO,Centro-Oeste,-14.52,-48.86
2018,326,0.66,0.68,0.71,28.67,81.0,2.97,13.27,6.4,Uruaçu,GO,Centro-Oeste,-14.52,-48.86
2018,327,12.75,0.67,0.74,29.79,79.9,1.81,20.85,9.67,Uruaçu,GO,Centro-Oeste,-14.52,-48.86
2018,328,19.06,0.7,0.81,27.0,87.56,1.59,8.52,4.29,Uruaçu,GO,Centro-Oeste,-14.52,-48.86
2018,329,8.84,0.72,0.78,27.3,83.94,1.13,8.38,4.19,Uruaçu,GO,Centro-Oeste,-14.52,-48.86
2018,330,2.77,0.71,0.75,28.5,83.49,1.79,20.79,9.77,Uruaçu,GO,Centro-Oeste,-14.52,-48.86
2018,331,4.47,0.71,0.75,28.41,81.65,2.69,22.33,10.45,Uruaçu,GO,Centro-Oeste,-14.52,-48.86
2018,332,1.03,0.7,0.73,29.16,81.04,2.61,24.98,11.59,Uruaçu,GO,Centro-Oeste,-14.52,-48.86
2018,333,0.01,0.69,0.72,29.15,79.13,1.67,24.34,11.33,Uruaçu,GO,Centro-Oeste,-14.52,-48.86
2018,334,17.11,0.69,0.77,28.01,84.37,1.38,13.79,6.64,Uruaçu,GO,Centro-Oeste,-14.52,-48.86
2018,335,14.01,0.71,0.8,25.41,89.47,2.21,13.92,6.69,Uruaçu,GO,Centro-Oeste,-14.52,-48.86
2018,336,28.12,0.74,0.84,26.09,89.76,3.36,17.34,8.24,Uruaçu,GO,Centro-Oeste,-14.52,-48.86
2018,337,25.8,0.78,0.86,26.25,90.71,2.92,9.39,4.71,Uruaçu,GO,Centro-Oeste,-14.52,-48.86
2018,338,9.12,0.79,0.83,27.27,89.7,1.99,12.64,6.2,Uruaçu,GO,Centro-Oeste,-14.52,-48.86
2018,339,5.28,0.79,0.83,25.49,92.18,2.32,15.86,7.59,Uruaçu,GO,Centro-Oeste,-14.52,-48.86
2018,340,2.42,0.79,0.81,29.6,83.18,1.17,18.16,8.55,Uruaçu,GO,Centro-Oeste,-14.52,-48.86
2018,341,2.24,0.78,0.81,26.2,89.04,1.72,9.07,4.52,Uruaçu,GO,Centro-Oeste,-14.52,-48.86
2018,342,14.67,0.78,0.84,28.61,81.88,1.08,19.92,9.38,Uruaçu,GO,Centro-Oeste,-14.52,-48.86
2018,343,7.16,0.8,0.83,29.33,84.12,1.71,15.52,7.38,Uruaçu,GO,Centro-Oeste,-14.52,-48.86
2018,344,4.28,0.79,0.81,29.09,80.01,2.54,20.61,9.69,Uruaçu,GO,Centro-Oeste,-14.52,-48.86
2018,345,0.02,0.78,0.79,29.68,79.28,2.09,25.98,12.12,Uruaçu,GO,Centro-Oeste,-14.52,-48.86
2018,346,0.09,0.77,0.79,28.89,82.24,2.02,22.95,10.74,Uruaçu,GO,Centro-Oeste,-14.52,-48.86
2018,347,0.42,0.76,0.78,29.35,79.58,1.92,25.44,11.82,Uruaçu,GO,Centro-Oeste,-14.52,-48.86
2018,348,0.34,0.74,0.77,29.78,75.12,1.32,26.8,12.47,Uruaçu,GO,Centro-Oeste,-14.52,-48.86
2018,349,7.15,0.74,0.79,29.88,74.53,1.55,25.4,11.84,Uruaçu,GO,Centro-Oeste,-14.52,-48.86
2018,350,0.69,0.73,0.76,30.68,76.8,2.15,25.85,11.94,Uruaçu,GO,Centro-Oeste,-14.52,-48.86
2018,351,0.0,0.72,0.75,29.35,79.05,1.76,21.93,10.01,Uruaçu,GO,Centro-Oeste,-14.52,-48.86
2018,352,0.03,0.71,0.74,29.97,73.24,1.21,26.72,12.37,Uruaçu,GO,Centro-Oeste,-14.52,-48.86
2018,353,0.0,0.7,0.73,31.61,67.12,1.11,29.17,13.35,Uruaçu,GO,Centro-Oeste,-14.52,-48.86
2018,354,2.27,0.68,0.72,31.49,66.92,1.07,28.19,13.0,Uruaçu,GO,Centro-Oeste,-14.52,-48.86
2018,355,0.32,0.67,0.71,31.36,67.99,1.2,27.86,12.85,Uruaçu,GO,Centro-Oeste,-14.52,-48.86
2018,356,4.61,0.67,0.72,30.32,70.23,0.74,25.39,11.73,Uruaçu,GO,Centro-Oeste,-14.52,-48.86
2018,357,7.95,0.67,0.74,29.93,79.22,1.11,26.68,12.38,Uruaçu,GO,Centro-Oeste,-14.52,-48.86
2018,358,4.89,0.67,0.73,30.17,73.87,0.84,22.08,10.33,Uruaçu,GO,Centro-Oeste,-14.52,-48.86
2018,359,11.06,0.67,0.75,29.8,71.65,0.76,23.72,11.05,Uruaçu,GO,Centro-Oeste,-14.52,-48.86
2018,360,1.23,0.67,0.71,30.22,70.77,0.78,24.35,11.37,Uruaçu,GO,Centro-Oeste,-14.52,-48.86
2018,361,3.47,0.66,0.71,30.29,74.55,0.99,21.82,10.22,Uruaçu,GO,Centro-Oeste,-14.52,-48.86
2018,362,10.07,0.66,0.74,27.13,85.38,1.23,17.05,8.1,Uruaçu,GO,Centro-Oeste,-14.52,-48.86
2018,363,5.98,0.67,0.74,29.54,81.19,1.5,18.3,8.47,Uruaçu,GO,Centro-Oeste,-14.52,-48.86
2018,364,0.01,0.66,0.7,29.58,77.69,1.21,24.2,11.17,Uruaçu,GO,Centro-Oeste,-14.52,-48.86
2018,365,17.07,0.67,0.76,26.94,84.93,1.29,16.09,7.61,Uruaçu,GO,Centro-Oeste,-14.52,-48.86
2019,1,1.23,0.68,0.72,29.33,79.21,1.08,20.62,9.75,Uruaçu,GO,Centro-Oeste,-14.52,-48.86
2019,2,0.0,0.66,0.69,31.85,73.34,1.7,28.35,13.14,Uruaçu,GO,Centro-Oeste,-14.52,-48.86
2019,3,0.29,0.65,0.68,32.48,70.33,1.29,28.69,13.23,Uruaçu,GO,Centro-Oeste,-14.52,-48.86
2019,4,2.52,0.64,0.68,31.7,67.31,0.95,23.42,10.85,Uruaçu,GO,Centro-Oeste,-14.52,-48.86
2019,5,2.18,0.63,0.67,30.79,74.2,1.22,15.81,7.48,Uruaçu,GO,Centro-Oeste,-14.52,-48.86
2019,6,1.68,0.62,0.67,30.92,75.06,1.55,23.59,11.12,Uruaçu,GO,Centro-Oeste,-14.52,-48.86
2019,7,1.19,0.61,0.64,31.13,72.23,1.11,28.13,13.14,Uruaçu,GO,Centro-Oeste,-14.52,-48.86
2019,8,0.12,0.6,0.62,32.09,68.25,1.89,27.14,12.52,Uruaçu,GO,Centro-Oeste,-14.52,-48.86
2019,9,0.0,0.59,0.59,33.52,64.57,2.32,26.69,12.3,Uruaçu,GO,Centro-Oeste,-14.52,-48.86
2019,10,6.69,0.59,0.63,29.23,75.04,1.3,14.29,6.77,Uruaçu,GO,Centro-Oeste,-14.52,-48.86
2019,11,0.15,0.59,0.6,29.62,70.74,0.65,18.3,8.54,Uruaçu,GO,Centro-Oeste,-14.52,-48.86
2019,12,0.58,0.59,0.59,30.31,75.93,1.72,20.89,9.67,Uruaçu,GO,Centro-Oeste,-14.52,-48.86
2019,13,2.99,0.59,0.61,28.44,77.25,1.29,16.7,7.8,Uruaçu,GO,Centro-Oeste,-14.52,-48.86
2019,14,0.81,0.58,0.58,34.19,67.35,1.68,27.11,12.57,Uruaçu,GO,Centro-Oeste,-14.52,-48.86
2019,15,2.74,0.58,0.58,32.4,71.29,1.08,26.04,12.03,Uruaçu,GO,Centro-Oeste,-14.52,-48.86
2019,16,0.29,0.57,0.56,34.66,65.67,0.9,27.33,12.66,Uruaçu,GO,Centro-Oeste,-14.52,-48.86
2019,17,8.28,0.57,0.6,32.76,67.21,0.86,21.56,9.93,Uruaçu,GO,Centro-Oeste,-14.52,-48.86
2019,18,5.59,0.58,0.62,32.52,70.49,2.14,19.99,9.28,Uruaçu,GO,Centro-Oeste,-14.52,-48.86
2019,19,0.39,0.58,0.57,33.79,67.01,1.91,21.41,9.9,Uruaçu,GO,Centro-Oeste,-14.52,-48.86
2019,20,2.09,0.57,0.56,34.58,64.94,1.15,20.27,9.43,Uruaçu,GO,Centro-Oeste,-14.52,-48.86
2019,21,0.72,0.57,0.55,35.72,64.8,1.19,26.85,12.36,Uruaçu,GO,Centro-Oeste,-14.52,-48.86
2019,22,1.6,0.56,0.53,37.68,58.44,1.81,28.16,13.06,Uruaçu,GO,Centro-Oeste,-14.52,-48.86
2019,23,1.39,0.55,0.52,38.01,54.88,1.44,27.22,12.64,Uruaçu,GO,Centro-Oeste,-14.52,-48.86
2019,24,8.2,0.56,0.58,34.18,65.82,1.36,25.91,12.0,Uruaçu,GO,Centro-Oeste,-14.52,-48.86
2019,25,1.77,0.55,0.53,34.69,63.75,0.98,15.26,7.23,Uruaçu,GO,Centro-Oeste,-14.52,-48.86
2019,26,14.46,0.56,0.63,25.26,86.86,1.83,8.85,4.39,Uruaçu,GO,Centro-Oeste,-14.52,-48.86
2019,27,2.68,0.58,0.61,30.72,72.91,1.33,14.49,6.86,Uruaçu,GO,Centro-Oeste,-14.52,-48.86
2019,28,0.08,0.57,0.56,31.61,70.44,1.84,21.75,10.16,Uruaçu,GO,Centro-Oeste,-14.52,-48.86
2019,29,0.03,0.57,0.54,34.56,62.47,2.29,28.71,13.28,Uruaçu,GO,Centro-Oeste,-14.52,-48.86
2019,30,0.0,0.56,0.52,37.0,58.85,1.84,28.38,13.2,Uruaçu,GO,Centro-Oeste,-14.52,-48.86
2019,31,0.0,0.55,0.51,37.6,50.89,1.49,29.87,13.81,Uruaçu,GO,Centro-Oeste,-14.52,-48.86
2019,32,0.0,0.54,0.5,38.19,50.24,1.76,29.26,13.5,Uruaçu,GO,Centro-Oeste,-14.52,-48.86
2019,33,0.13,0.53,0.5,32.52,60.24,1.09,22.18,10.32,Uruaçu,GO,Centro-Oeste,-14.52,-48.86
2019,34,0.83,0.53,0.51,32.18,67.57,1.47,24.8,11.54,Uruaçu,GO,Centro-Oeste,-14.52,-48.86
2019,35,6.74,0.54,0.56,32.98,69.32,1.28,16.74,7.91,Uruaçu,GO,Centro-Oeste,-14.52,-48.86
2019,36,1.17,0.54,0.51,36.76,61.78,1.6,23.95,11.02,Uruaçu,GO,Centro-Oeste,-14.52,-48.86
2019,37,8.13,0.54,0.56,31.72,73.07,1.5,14.45,6.88,Uruaçu,GO,Centro-Oeste,-14.52,-48.86
2019,38,10.52,0.55,0.6,33.39,71.44,1.02,20.64,9.67,Uruaçu,GO,Centro-Oeste,-14.52,-48.86
2019,39,6.91,0.56,0.6,32.36,75.46,1.11,21.05,9.82,Uruaçu,GO,Centro-Oeste,-14.52,-48.86
2019,40,4.64,0.56,0.58,31.06,79.16,1.36,16.46,7.76,Uruaçu,GO,Centro-Oeste,-14.52,-48.86
2019,41,3.55,0.57,0.58,30.97,75.69,1.05,15.49,7.3,Uruaçu,GO,Centro-Oeste,-14.52,-48.86
2019,42,7.33,0.57,0.61,31.68,73.08,0.58,21.65,10.09,Uruaçu,GO,Centro-Oeste,-14.52,-48.86
2019,43,0.58,0.57,0.55,34.49,67.28,1.62,22.4,10.27,Uruaçu,GO,Centro-Oeste,-14.52,-48.86
2019,44,0.01,0.56,0.53,35.22,65.94,1.73,21.09,9.73,Uruaçu,GO,Centro-Oeste,-14.52,-48.86
2019,45,0.57,0.55,0.52,35.47,62.85,1.31,27.51,12.65,Uruaçu,GO,Centro-Oeste,-14.52,-48.86
2019,46,0.6,0.55,0.52,34.53,65.45,1.5,25.38,11.94,Uruaçu,GO,Centro-Oeste,-14.52,-48.86
2019,47,9.6,0.55,0.58,31.46,75.96,2.09,16.67,7.85,Uruaçu,GO,Centro-Oeste,-14.52,-48.86
2019,48,12.31,0.57,0.62,29.65,78.88,2.26,12.3,5.91,Uruaçu,GO,Centro-Oeste,-14.52,-48.86
2019,49,5.28,0.58,0.61,28.49,85.57,2.3,9.63,4.67,Uruaçu,GO,Centro-Oeste,-14.52,-48.86
2019,50,0.99,0.57,0.57,31.74,75.35,1.52,22.24,10.39,Uruaçu,GO,Centro-Oeste,-14.52,-48.86
2019,51,9.3,0.57,0.62,30.79,79.89,1.32,17.85,8.38,Uruaçu,GO,Centro-Oeste,-14.52,-48.86
2019,52,2.83,0.58,0.6,31.55,73.41,0.93,22.97,10.65,Uruaçu,GO,Centro-Oeste,-14.52,-48.86
2019,53,17.9,0.59,0.66,32.59,73.46,1.53,23.77,11.1,Uruaçu,GO,Centro-Oeste,-14.52,-48.86
2019,54,4.12,0.6,0.66,31.15,78.61,1.51,20.45,9.5,Uruaçu,GO,Centro-Oeste,-14.52,-48.86
2019,55,9.3,0.6,0.65,32.68,76.02,1.1,14.66,6.91,Uruaçu,GO,Centro-Oeste,-14.52,-48.86
2019,56,6.18,0.61,0.67,28.2,83.67,1.18,25.09,11.74,Uruaçu,GO,Centro-Oeste,-14.52,-48.86
2019,57,0.67,0.6,0.63,29.27,82.58,1.75,20.59,9.58,Uruaçu,GO,Centro-Oeste,-14.52,-48.86
2019,58,0.95,0.6,0.61,30.22,76.8,1.44,21.25,9.8,Uruaçu,GO,Centro-Oeste,-14.52,-48.86
2019,59,24.81,0.61,0.72,28.09,85.7,1.36,14.05,6.59,Uruaçu,GO,Centro-Oeste,-14.52,-48.86
2019,60,8.53,0.64,0.72,29.57,81.05,1.16,17.29,8.09,Uruaçu,GO,Centro-Oeste,-14.52,-48.86
2019,61,7.25,0.64,0.71,28.99,80.72,0.8,19.14,8.92,Uruaçu,GO,Centro-Oeste,-14.52,-48.86
2019,62,7.29,0.64,0.7,29.0,79.32,1.1,16.21,7.62,Uruaçu,GO,Centro-Oeste,-14.52,-48.86
2019,63,24.37,0.66,0.79,28.13,84.03,1.6,16.89,7.9,Uruaçu,GO,Centro-Oeste,-14.52,-48.86
2019,64,28.96,0.69,0.81,27.79,87.51,1.23,14.67,6.93,Uruaçu,GO,Centro-Oeste,-14.52,-48.86
2019,65,12.22,0.71,0.8,28.17,85.2,1.28,15.83,7.45,Uruaçu,GO,Centro-Oeste,-14.52,-48.86
2019,66,4.3,0.72,0.77,26.92,85.64,1.26,20.58,9.54,Uruaçu,GO,Centro-Oeste,-14.52,-48.86
2019,67,0.36,0.71,0.74,30.65,74.16,1.47,24.44,11.45,Uruaçu,GO,Centro-Oeste,-14.52,-48.86
2019,68,3.6,0.7,0.74,31.48,74.07,1.34,24.72,11.55,Uruaçu,GO,Centro-Oeste,-14.52,-48.86
2019,69,3.28,0.69,0.74,30.66,79.1,1.34,17.61,8.29,Uruaçu,GO,Centro-Oeste,-14.52,-48.86
2019,70,3.43,0.69,0.74,28.13,84.67,0.63,14.71,6.97,Uruaçu,GO,Centro-Oeste,-14.52,-48.86
2019,71,5.85,0.69,0.75,28.48,77.27,0.64,22.46,10.48,Uruaçu,GO,Centro-Oeste,-14.52,-48.86
2019,72,3.44,0.69,0.74,30.64,75.53,1.08,22.7,10.59,Uruaçu,GO,Centro-Oeste,-14.52,-48.86
2019,73,3.86,0.69,0.74,29.9,79.79,1.16,22.4,10.55,Uruaçu,GO,Centro-Oeste,-14.52,-48.86
2019,74,8.94,0.68,0.75,30.74,79.91,1.28,24.32,11.36,Uruaçu,GO,Centro-Oeste,-14.52,-48.86
2019,75,2.41,0.68,0.73,31.41,77.59,1.34,18.63,8.72,Uruaçu,GO,Centro-Oeste,-14.52,-48.86
2019,76,1.2,0.68,0.73,28.39,83.47,0.98,15.7,7.48,Uruaçu,GO,Centro-Oeste,-14.52,-48.86
2019,77,0.29,0.67,0.71,31.55,74.6,0.69,24.61,11.5,Uruaçu,GO,Centro-Oeste,-14.52,-48.86
2019,78,6.4,0.66,0.73,30.68,80.34,1.37,23.7,11.04,Uruaçu,GO,Centro-Oeste,-14.52,-48.86
2019,79,5.01,0.66,0.72,29.53,86.5,1.87,19.78,9.23,Uruaçu,GO,Centro-Oeste,-14.52,-48.86
2019,80,9.48,0.68,0.76,28.01,89.17,1.43,17.01,7.99,Uruaçu,GO,Centro-Oeste,-14.52,-48.86
2019,81,13.55,0.69,0.77,27.15,86.89,0.91,17.91,8.4,Uruaçu,GO,Centro-Oeste,-14.52,-48.86
2019,82,5.42,0.7,0.76,26.81,87.37,1.44,15.92,7.54,Uruaçu,GO,Centro-Oeste,-14.52,-48.86
2019,83,3.54,0.7,0.75,28.84,86.64,1.21,8.2,4.1,Uruaçu,GO,Centro-Oeste,-14.52,-48.86
2019,84,19.06,0.71,0.81,29.43,84.52,1.01,19.6,9.21,Uruaçu,GO,Centro-Oeste,-14.52,-48.86
2019,85,3.93,0.71,0.76,27.32,90.66,2.36,11.53,5.59,Uruaçu,GO,Centro-Oeste,-14.52,-48.86
2019,86,31.68,0.74,0.85,28.49,86.67,2.17,16.48,7.82,Uruaçu,GO,Centro-Oeste,-14.52,-48.86
2019,87,8.03,0.76,0.81,29.53,83.73,2.28,20.81,9.79,Uruaçu,GO,Centro-Oeste,-14.52,-48.86
2019,88,0.87,0.75,0.78,30.15,82.61,2.1,21.46,10.1,Uruaçu,GO,Centro-Oeste,-14.52,-48.86
2019,89,0.04,0.73,0.76,30.28,80.16,1.91,22.98,10.81,Uruaçu,GO,Centro-Oeste,-14.52,-48.86
2019,90,0.29,0.72,0.75,29.93,78.44,1.79,23.83,11.13,Uruaçu,GO,Centro-Oeste,-14.52,-48.86
2019,91,0.04,0.71,0.74,30.62,73.94,1.54,23.25,10.84,Uruaçu,GO,Centro-Oeste,-14.52,-48.86
2019,92,0.91,0.7,0.73,30.34,74.27,1.3,19.53,9.12,Uruaçu,GO,Centro-Oeste,-14.52,-48.86
2019,93,1.96,0.69,0.73,30.51,76.92,0.84,21.03,9.83,Uruaçu,GO,Centro-Oeste,-14.52,-48.86
2019,94,13.29,0.69,0.76,29.74,83.47,1.39,17.78,8.36,Uruaçu,GO,Centro-Oeste,-14.52,-48.86
2019,95,18.49,0.71,0.81,25.06,91.85,1.22,18.59,8.77,Uruaçu,GO,Centro-Oeste,-14.52,-48.86
2019,96,1.83,0.73,0.78,27.83,85.71,0.97,17.13,8.03,Uruaçu,GO,Centro-Oeste,-14.52,-48.86
2019,97,4.85,0.72,0.77,29.41,81.78,1.41,18.45,8.62,Uruaçu,GO,Centro-Oeste,-14.52,-48.86
2019,98,15.32,0.73,0.81,27.9,86.97,1.18,6.72,3.38,Uruaçu,GO,Centro-Oeste,-14.52,-48.86
2019,99,2.73,0.74,0.78,30.19,76.9,0.97,20.75,9.7,Uruaçu,GO,Centro-Oeste,-14.52,-48.86
2019,100,15.24,0.73,0.81,29.86,80.86,0.97,18.38,8.62,Uruaçu,GO,Centro-Oeste,-14.52,-48.86
2019,101,8.5,0.75,0.81,29.4,84.97,1.22,16.33,7.77,Uruaçu,GO,Centro-Oeste,-14.52,-48.86
2019,102,10.71,0.75,0.81,28.26,83.48,1.25,20.43,9.6,Uruaçu,GO,Centro-Oeste,-14.52,-48.86
2019,103,17.67,0.77,0.85,27.1,91.65,1.29,13.1,6.25,Uruaçu,GO,Centro-Oeste,-14.52,-48.86
2019,104,3.62,0.78,0.82,27.62,89.81,1.4,14.31,6.76,Uruaçu,GO,Centro-Oeste,-14.52,-48.86
2019,105,3.09,0.78,0.81,29.41,83.12,1.44,17.43,8.22,Uruaçu,GO,Centro-Oeste,-14.52,-48.86
2019,106,4.03,0.77,0.8,29.17,82.54,1.42,15.78,7.42,Uruaçu,GO,Centro-Oeste,-14.52,-48.86
2019,107,1.75,0.77,0.8,29.34,79.05,0.86,20.73,9.65,Uruaçu,GO,Centro-Oeste,-14.52,-48.86
2019,108,0.97,0.76,0.79,30.33,76.64,0.74,21.9,10.23,Uruaçu,GO,Centro-Oeste,-14.52,-48.86
2019,109,7.47,0.75,0.8,30.29,77.96,1.02,21.68,10.12,Uruaçu,GO,Centro-Oeste,-14.52,-48.86
2019,110,1.27,0.75,0.78,30.05,79.21,1.01,19.0,8.93,Uruaçu,GO,Centro-Oeste,-14.52,-48.86
2019,111,7.71,0.75,0.8,29.59,78.89,0.84,21.45,10.04,Uruaçu,GO,Centro-Oeste,-14.52,-48.86
2019,112,3.94,0.75,0.79,29.16,82.95,1.11,15.21,7.13,Uruaçu,GO,Centro-Oeste,-14.52,-48.86
2019,113,16.07,0.76,0.83,28.43,87.97,1.24,18.34,8.59,Uruaçu,GO,Centro-Oeste,-14.52,-48.86
2019,114,10.38,0.77,0.82,29.25,84.65,2.04,19.21,9.0,Uruaçu,GO,Centro-Oeste,-14.52,-48.86
2019,115,0.07,0.77,0.79,28.93,81.08,2.24,21.87,10.16,Uruaçu,GO,Centro-Oeste,-14.52,-48.86
2019,116,0.0,0.75,0.78,29.38,80.57,2.13,22.16,10.26,Uruaçu,GO,Centro-Oeste,-14.52,-48.86
2019,117,0.0,0.74,0.77,29.52,79.8,1.95,22.24,10.31,Uruaçu,GO,Centro-Oeste,-14.52,-48.86
2019,118,0.78,0.73,0.76,29.84,72.58,1.09,21.15,9.75,Uruaçu,GO,Centro-Oeste,-14.52,-48.86
2019,119,0.06,0.72,0.76,29.97,73.22,0.81,20.84,9.62,Uruaçu,GO,Centro-Oeste,-14.52,-48.86
2019,120,0.69,0.71,0.75,30.08,77.78,1.55,18.83,8.8,Uruaçu,GO,Centro-Oeste,-14.52,-48.86
2019,121,1.64,0.7,0.74,30.35,77.91,1.54,19.92,9.24,Uruaçu,GO,Centro-Oeste,-14.52,-48.86
2019,122,7.18,0.7,0.76,30.43,77.37,1.24,15.84,7.35,Uruaçu,GO,Centro-Oeste,-14.52,-48.86
2019,123,0.71,0.7,0.74,29.71,82.02,1.62,13.21,6.22,Uruaçu,GO,Centro-Oeste,-14.52,-48.86
2019,124,0.37,0.69,0.73,29.78,82.55,2.12,19.69,9.21,Uruaçu,GO,Centro-Oeste,-14.52,-48.86
2019,125,0.06,0.68,0.72,29.64,82.94,2.19,20.13,9.39,Uruaçu,GO,Centro-Oeste,-14.52,-48.86
2019,126,0.0,0.67,0.71,29.69,79.68,2.05,20.67,9.65,Uruaçu,GO,Centro-Oeste,-14.52,-48.86
2019,127,0.0,0.66,0.7,29.8,79.04,1.39,20.32,9.46,Uruaçu,GO,Centro-Oeste,-14.52,-48.86
2019,128,0.1,0.65,0.69,30.77,74.19,1.51,19.66,9.13,Uruaçu,GO,Centro-Oeste,-14.52,-48.86
2019,129,0.09,0.64,0.68,30.57,73.83,1.96,20.76,9.61,Uruaçu,GO,Centro-Oeste,-14.52,-48.86
2019,130,0.11,0.63,0.67,30.73,74.64,1.86,21.11,9.74,Uruaçu,GO,Centro-Oeste,-14.52,-48.86
2019,131,0.22,0.62,0.66,30.44,76.27,1.92,19.65,9.12,Uruaçu,GO,Centro-Oeste,-14.52,-48.86
2019,132,0.0,0.61,0.64,31.02,74.57,2.1,20.77,9.58,Uruaçu,GO,Centro-Oeste,-14.52,-48.86
2019,133,0.0,0.6,0.62,31.49,70.78,1.98,20.82,9.59,Uruaçu,GO,Centro-Oeste,-14.52,-48.86
2019,134,0.0,0.6,0.6,31.95,67.93,2.02,20.54,9.41,Uruaçu,GO,Centro-Oeste,-14.52,-48.86
2019,135,0.38,0.59,0.59,32.08,67.99,1.82,19.75,9.08,Uruaçu,GO,Centro-Oeste,-14.52,-48.86
2019,136,1.13,0.58,0.59,28.02,78.12,1.83,9.53,4.54,Uruaçu,GO,Centro-Oeste,-14.52,-48.86
2019,137,0.14,0.58,0.58,28.99,74.3,0.95,14.56,6.75,Uruaçu,GO,Centro-Oeste,-14.52,-48.86
2019,138,0.03,0.58,0.57,30.37,70.13,1.47,18.96,8.61,Uruaçu,GO,Centro-Oeste,-14.52,-48.86
2019,139,0.0,0.57,0.55,31.26,63.3,1.82,19.81,9.01,Uruaçu,GO,Centro-Oeste,-14.52,-48.86
2019,140,0.0,0.57,0.54,32.29,64.54,1.55,19.08,8.73,Uruaçu,GO,Centro-Oeste,-14.52,-48.86
2019,141,0.0,0.56,0.54,32.19,67.21,2.06,18.95,8.77,Uruaçu,GO,Centro-Oeste,-14.52,-48.86
2019,142,0.0,0.55,0.53,32.74,64.97,1.94,18.06,8.34,Uruaçu,GO,Centro-Oeste,-14.52,-48.86
2019,143,0.0,0.55,0.52,33.37,61.25,1.31,18.9,8.7,Uruaçu,GO,Centro-Oeste,-14.52,-48.86
2019,144,0.0,0.54,0.52,32.95,61.44,1.47,15.74,7.2,Uruaçu,GO,Centro-Oeste,-14.52,-48.86
2019,145,0.43,0.54,0.51,33.56,62.24,1.42,19.42,8.85,Uruaçu,GO,Centro-Oeste,-14.52,-48.86
2019,146,0.02,0.54,0.51,33.88,63.13,1.22,18.77,8.67,Uruaçu,GO,Centro-Oeste,-14.52,-48.86
2019,147,0.0,0.53,0.5,34.25,58.81,2.09,18.92,8.77,Uruaçu,GO,Centro-Oeste,-14.52,-48.86
2019,148,0.0,0.53,0.5,34.17,56.62,2.06,19.69,9.05,Uruaçu,GO,Centro-Oeste,-14.52,-48.86
2019,149,0.0,0.53,0.49,34.41,53.92,1.98,17.79,8.13,Uruaçu,GO,Centro-Oeste,-14.52,-48.86
2019,150,0.0,0.52,0.49,34.87,53.63,1.92,19.28,8.85,Uruaçu,GO,Centro-Oeste,-14.52,-48.86
2019,151,0.0,0.52,0.49,34.57,52.86,1.63,18.36,8.4,Uruaçu,GO,Centro-Oeste,-14.52,-48.86
2019,152,0.0,0.51,0.48,34.39,54.1,1.08,18.95,8.66,Uruaçu,GO,Centro-Oeste,-14.52,-48.86
2019,153,0.0,0.51,0.48,34.44,52.54,1.26,18.77,8.62,Uruaçu,GO,Centro-Oeste,-14.52,-48.86
2019,154,0.9,0.51,0.47,34.6,54.5,1.84,17.95,8.21,Uruaçu,GO,Centro-Oeste,-14.52,-48.86
2019,155,0.01,0.51,0.46,32.93,58.96,2.33,16.9,7.74,Uruaçu,GO,Centro-Oeste,-14.52,-48.86
2019,156,0.0,0.5,0.45,32.71,54.8,2.79,19.13,8.71,Uruaçu,GO,Centro-Oeste,-14.52,-48.86
2019,157,0.0,0.5,0.43,32.62,52.42,3.3,18.37,8.39,Uruaçu,GO,Centro-Oeste,-14.52,-48.86
2019,158,0.0,0.5,0.41,31.16,52.75,3.03,15.84,7.19,Uruaçu,GO,Centro-Oeste,-14.52,-48.86
2019,159,0.0,0.5,0.39,33.28,47.02,2.42,18.73,8.44,Uruaçu,GO,Centro-Oeste,-14.52,-48.86
2019,160,0.0,0.5,0.36,33.73,44.28,2.3,19.64,8.86,Uruaçu,GO,Centro-Oeste,-14.52,-48.86
2019,161,0.0,0.5,0.34,33.4,42.99,3.36,19.29,8.73,Uruaçu,GO,Centro-Oeste,-14.52,-48.86
2019,162,0.0,0.49,0.33,32.91,44.53,3.06,18.28,8.3,Uruaçu,GO,Centro-Oeste,-14.52,-48.86
2019,163,0.0,0.49,0.31,32.84,45.89,3.25,18.37,8.36,Uruaçu,GO,Centro-Oeste,-14.52,-48.86
2019,164,0.0,0.49,0.3,33.67,44.55,3.5,19.42,8.71,Uruaçu,GO,Centro-Oeste,-14.52,-48.86
2019,165,0.0,0.49,0.29,33.25,43.0,3.22,18.22,8.3,Uruaçu,GO,Centro-Oeste,-14.52,-48.86
2019,166,0.0,0.49,0.28,33.15,47.91,3.38,18.69,8.46,Uruaçu,GO,Centro-Oeste,-14.52,-48.86
2019,167,0.0,0.49,0.27,32.37,46.94,3.28,18.62,8.35,Uruaçu,GO,Centro-Oeste,-14.52,-48.86
2019,168,0.0,0.49,0.27,33.01,44.91,2.82,19.09,8.57,Uruaçu,GO,Centro-Oeste,-14.52,-48.86
2019,169,0.0,0.49,0.26,34.79,38.14,2.12,19.33,8.74,Uruaçu,GO,Centro-Oeste,-14.52,-48.86
2019,170,0.05,0.49,0.25,34.98,42.32,1.99,19.1,8.63,Uruaçu,GO,Centro-Oeste,-14.52,-48.86
2019,171,0.0,0.49,0.24,34.53,40.19,3.35,19.49,8.76,Uruaçu,GO,Centro-Oeste,-14.52,-48.86
2019,172,0.0,0.49,0.23,34.27,40.35,3.37,19.54,8.74,Uruaçu,GO,Centro-Oeste,-14.52,-48.86
2019,173,0.0,0.49,0.23,33.24,41.29,3.74,19.45,8.76,Uruaçu,GO,Centro-Oeste,-14.52,-48.86
2019,174,0.0,0.49,0.22,33.1,41.63,2.98,19.02,8.55,Uruaçu,GO,Centro-Oeste,-14.52,-48.86
2019,175,0.0,0.49,0.22,33.94,44.37,2.36,18.29,8.2,Uruaçu,GO,Centro-Oeste,-14.52,-48.86
2019,176,0.0,0.49,0.21,33.85,41.35,2.07,15.91,7.18,Uruaçu,GO,Centro-Oeste,-14.52,-48.86
2019,177,0.0,0.49,0.21,34.42,34.87,1.22,19.08,8.6,Uruaçu,GO,Centro-Oeste,-14.52,-48.86
2019,178,0.0,0.49,0.21,34.96,36.05,2.8,18.64,8.48,Uruaçu,GO,Centro-Oeste,-14.52,-48.86
2019,179,0.0,0.49,0.2,34.45,38.86,3.25,19.39,8.77,Uruaçu,GO,Centro-Oeste,-14.52,-48.86
2019,180,0.0,0.49,0.2,33.57,41.29,3.34,19.06,8.65,Uruaçu,GO,Centro-Oeste,-14.52,-48.86
2019,181,0.0,0.49,0.2,33.63,43.79,2.92,18.77,8.42,Uruaçu,GO,Centro-Oeste,-14.52,-48.86
2019,182,0.0,0.49,0.19,34.23,35.72,2.12,19.75,8.82,Uruaçu,GO,Centro-Oeste,-14.52,-48.86
2019,183,0.0,0.49,0.19,34.63,37.83,2.01,20.1,8.87,Uruaçu,GO,Centro-Oeste,-14.52,-48.86
2019,184,0.0,0.49,0.19,33.76,31.49,1.28,19.94,8.68,Uruaçu,GO,Centro-Oeste,-14.52,-48.86
2019,185,0.0,0.49,0.18,35.09,27.55,1.37,20.04,8.79,Uruaçu,GO,Centro-Oeste,-14.52,-48.86
2019,186,0.47,0.49,0.19,35.16,38.94,2.2,19.64,8.67,Uruaçu,GO,Centro-Oeste,-14.52,-48.86
2019,187,0.0,0.49,0.19,34.0,49.8,3.55,18.68,8.42,Uruaçu,GO,Centro-Oeste,-14.52,-48.86
2019,188,0.0,0.49,0.19,33.98,33.98,2.23,20.08,8.89,Uruaçu,GO,Centro-Oeste,-14.52,-48.86
2019,189,0.0,0.49,0.19,33.95,35.69,2.87,19.49,8.75,Uruaçu,GO,Centro-Oeste,-14.52,-48.86
2019,190,0.0,0.49,0.18,32.5,36.17,3.58,20.02,8.95,Uruaçu,GO,Centro-Oeste,-14.52,-48.86
2019,191,0.0,0.49,0.18,32.54,30.3,2.71,20.64,9.0,Uruaçu,GO,Centro-Oeste,-14.52,-48.86
2019,192,0.0,0.49,0.18,34.23,34.27,2.64,20.28,9.04,Uruaçu,GO,Centro-Oeste,-14.52,-48.86
2019,193,0.0,0.49,0.18,34.89,31.89,2.84,20.02,9.01,Uruaçu,GO,Centro-Oeste,-14.52,-48.86
2019,194,0.0,0.49,0.17,35.13,30.03,2.75,20.4,9.07,Uruaçu,GO,Centro-Oeste,-14.52,-48.86
2019,195,0.0,0.49,0.17,34.78,25.75,2.29,20.67,9.11,Uruaçu,GO,Centro-Oeste,-14.52,-48.86
2019,196,0.0,0.49,0.17,35.37,25.56,1.84,20.66,9.1,Uruaçu,GO,Centro-Oeste,-14.52,-48.86
2019,197,0.0,0.49,0.16,35.34,29.05,1.52,20.4,9.05,Uruaçu,GO,Centro-Oeste,-14.52,-48.86
2019,198,0.0,0.49,0.16,35.77,34.23,2.05,19.2,8.63,Uruaçu,GO,Centro-Oeste,-14.52,-48.86
2019,199,0.0,0.49,0.16,34.53,36.73,3.73,19.18,8.67,Uruaçu,GO,Centro-Oeste,-14.52,-48.86
2019,200,0.0,0.49,0.16,32.09,36.57,3.97,20.26,9.09,Uruaçu,GO,Centro-Oeste,-14.52,-48.86
2019,201,0.0,0.49,0.16,31.34,37.14,3.78,20.82,9.3,Uruaçu,GO,Centro-Oeste,-14.52,-48.86
2019,202,0.0,0.49,0.16,31.73,40.53,3.61,18.8,8.41,Uruaçu,GO,Centro-Oeste,-14.52,-48.86
2019,203,0.0,0.49,0.16,32.42,39.44,3.48,18.57,8.29,Uruaçu,GO,Centro-Oeste,-14.52,-48.86
2019,204,0.0,0.49,0.16,32.8,41.67,3.49,20.56,9.22,Uruaçu,GO,Centro-Oeste,-14.52,-48.86
2019,205,0.0,0.49,0.15,33.27,43.85,3.1,18.79,8.51,Uruaçu,GO,Centro-Oeste,-14.52,-48.86
2019,206,0.0,0.49,0.15,33.13,39.3,3.19,20.28,9.0,Uruaçu,GO,Centro-Oeste,-14.52,-48.86
2019,207,0.0,0.49,0.15,32.47,40.32,3.36,18.15,8.18,Uruaçu,GO,Centro-Oeste,-14.52,-48.86
2019,208,0.0,0.49,0.15,31.38,35.75,3.82,19.3,8.62,Uruaçu,GO,Centro-Oeste,-14.52,-48.86
2019,209,0.0,0.49,0.15,32.54,39.45,3.08,18.23,8.23,Uruaçu,GO,Centro-Oeste,-14.52,-48.86
2019,210,0.0,0.49,0.15,34.42,33.85,2.47,20.33,9.12,Uruaçu,GO,Centro-Oeste,-14.52,-48.86
2019,211,0.0,0.49,0.15,34.9,33.54,2.29,19.36,8.77,Uruaçu,GO,Centro-Oeste,-14.52,-48.86
2019,212,0.0,0.49,0.15,35.27,34.09,2.0,19.27,8.67,Uruaçu,GO,Centro-Oeste,-14.52,-48.86
2019,213,0.0,0.49,0.15,35.94,31.07,2.79,20.34,9.05,Uruaçu,GO,Centro-Oeste,-14.52,-48.86
2019,214,0.0,0.49,0.14,36.36,31.51,1.66,20.57,9.24,Uruaçu,GO,Centro-Oeste,-14.52,-48.86
2019,215,0.0,0.49,0.14,36.44,28.26,1.61,20.08,8.92,Uruaçu,GO,Centro-Oeste,-14.52,-48.86
2019,216,0.0,0.49,0.14,36.33,30.82,2.92,20.5,9.2,Uruaçu,GO,Centro-Oeste,-14.52,-48.86
2019,217,0.02,0.49,0.14,33.09,37.95,4.22,15.8,7.16,Uruaçu,GO,Centro-Oeste,-14.52,-48.86
2019,218,0.01,0.49,0.14,33.93,43.14,4.13,19.19,8.71,Uruaçu,GO,Centro-Oeste,-14.52,-48.86
2019,219,0.0,0.48,0.14,32.79,33.5,3.9,22.26,9.95,Uruaçu,GO,Centro-Oeste,-14.52,-48.86
2019,220,0.26,0.49,0.15,34.05,35.9,2.88,21.6,9.7,Uruaçu,GO,Centro-Oeste,-14.52,-48.86
2019,221,0.0,0.49,0.15,34.4,37.73,2.97,21.7,9.89,Uruaçu,GO,Centro-Oeste,-14.52,-48.86
2019,222,0.0,0.49,0.15,35.25,38.66,2.66,19.57,8.91,Uruaçu,GO,Centro-Oeste,-14.52,-48.86
2019,223,0.0,0.49,0.14,35.25,34.95,3.53,18.95,8.63,Uruaçu,GO,Centro-Oeste,-14.52,-48.86
2019,224,0.0,0.49,0.14,36.11,30.48,2.76,21.75,9.78,Uruaçu,GO,Centro-Oeste,-14.52,-48.86
2019,225,0.0,0.49,0.14,36.47,26.62,3.05,22.19,9.89,Uruaçu,GO,Centro-Oeste,-14.52,-48.86
2019,226,0.0,0.48,0.14,36.13,27.69,4.06,22.92,10.18,Uruaçu,GO,Centro-Oeste,-14.52,-48.86
2019,227,0.4,0.48,0.14,34.05,34.37,4.46,21.15,9.59,Uruaçu,GO,Centro-Oeste,-14.52,-48.86
2019,228,0.08,0.49,0.15,33.49,37.83,4.34,22.63,10.2,Uruaçu,GO,Centro-Oeste,-14.52,-48.86
2019,229,0.0,0.49,0.15,33.09,38.25,3.17,21.8,9.83,Uruaçu,GO,Centro-Oeste,-14.52,-48.86
2019,230,0.0,0.49,0.15,34.11,31.93,1.93,20.32,9.07,Uruaçu,GO,Centro-Oeste,-14.52,-48.86
2019,231,0.0,0.49,0.15,36.3,28.31,1.76,21.02,9.38,Uruaçu,GO,Centro-Oeste,-14.52,-48.86
2019,232,0.0,0.49,0.15,37.42,23.37,2.26,20.45,9.03,Uruaçu,GO,Centro-Oeste,-14.52,-48.86
2019,233,0.32,0.49,0.16,37.65,25.8,2.61,21.16,9.37,Uruaçu,GO,Centro-Oeste,-14.52,-48.86
2019,234,0.0,0.49,0.15,38.3,25.24,2.83,22.01,9.73,Uruaçu,GO,Centro-Oeste,-14.52,-48.86
2019,235,0.0,0.49,0.15,37.35,27.62,2.28,20.36,9.19,Uruaçu,GO,Centro-Oeste,-14.52,-48.86
2019,236,0.0,0.49,0.15,35.11,30.01,2.25,18.9,8.47,Uruaçu,GO,Centro-Oeste,-14.52,-48.86
2019,237,0.0,0.49,0.15,36.78,29.3,3.01,21.48,9.6,Uruaçu,GO,Centro-Oeste,-14.52,-48.86
2019,238,0.0,0.49,0.15,31.83,35.82,4.39,22.18,10.03,Uruaçu,GO,Centro-Oeste,-14.52,-48.86
2019,239,0.0,0.49,0.15,34.61,36.29,2.96,21.84,9.74,Uruaçu,GO,Centro-Oeste,-14.52,-48.86
2019,240,0.0,0.49,0.15,35.32,30.73,2.99,22.53,10.1,Uruaçu,GO,Centro-Oeste,-14.52,-48.86
2019,241,0.0,0.49,0.14,35.7,31.32,3.01,20.25,9.15,Uruaçu,GO,Centro-Oeste,-14.52,-48.86
2019,242,0.0,0.49,0.14,36.67,27.39,2.73,22.63,10.17,Uruaçu,GO,Centro-Oeste,-14.52,-48.86
2019,243,0.0,0.49,0.14,37.9,26.16,2.64,22.85,10.31,Uruaçu,GO,Centro-Oeste,-14.52,-48.86
2019,244,0.0,0.48,0.14,37.79,25.76,2.57,19.38,8.66,Uruaçu,GO,Centro-Oeste,-14.52,-48.86
2019,245,0.0,0.48,0.14,39.08,24.66,2.55,23.57,10.5,Uruaçu,GO,Centro-Oeste,-14.52,-48.86
2019,246,0.0,0.48,0.14,39.41,23.01,3.56,24.58,11.01,Uruaçu,GO,Centro-Oeste,-14.52,-48.86
2019,247,0.0,0.48,0.13,39.9,22.09,3.78,25.04,11.24,Uruaçu,GO,Centro-Oeste,-14.52,-48.86
2019,248,1.57,0.49,0.19,39.41,19.47,3.85,25.58,11.31,Uruaçu,GO,Centro-Oeste,-14.52,-48.86
2019,249,2.77,0.49,0.29,36.72,26.01,4.13,25.2,11.21,Uruaçu,GO,Centro-Oeste,-14.52,-48.86
2019,250,0.0,0.49,0.28,36.32,36.02,3.95,23.66,10.81,Uruaçu,GO,Centro-Oeste,-14.52,-48.86
2019,251,0.0,0.49,0.27,36.8,36.48,3.68,23.39,10.67,Uruaçu,GO,Centro-Oeste,-14.52,-48.86
2019,252,0.0,0.49,0.25,37.47,31.18,3.03,24.66,11.13,Uruaçu,GO,Centro-Oeste,-14.52,-48.86
2019,253,0.0,0.49,0.23,37.8,27.44,3.27,25.47,11.38,Uruaçu,GO,Centro-Oeste,-14.52,-48.86
2019,254,0.0,0.49,0.22,38.79,25.47,2.98,25.83,11.43,Uruaçu,GO,Centro-Oeste,-14.52,-48.86
2019,255,0.0,0.49,0.21,39.2,21.13,2.63,25.93,11.45,Uruaçu,GO,Centro-Oeste,-14.52,-48.86
2019,256,0.0,0.49,0.2,40.41,18.24,2.82,26.43,11.61,Uruaçu,GO,Centro-Oeste,-14.52,-48.86
2019,257,0.0,0.49,0.19,40.12,19.0,3.36,26.05,11.58,Uruaçu,GO,Centro-Oeste,-14.52,-48.86
2019,258,0.0,0.49,0.18,38.21,23.79,4.01,26.25,11.64,Uruaçu,GO,Centro-Oeste,-14.52,-48.86
2019,259,0.0,0.49,0.18,38.48,25.59,3.74,26.5,11.84,Uruaçu,GO,Centro-Oeste,-14.52,-48.86
2019,260,0.0,0.49,0.17,39.01,22.28,2.79,26.83,11.82,Uruaçu,GO,Centro-Oeste,-14.52,-48.86
2019,261,0.0,0.49,0.17,39.53,22.47,2.37,26.26,11.57,Uruaçu,GO,Centro-Oeste,-14.52,-48.86
2019,262,0.0,0.49,0.16,40.38,21.74,2.1,24.93,10.76,Uruaçu,GO,Centro-Oeste,-14.52,-48.86
2019,263,0.0,0.49,0.16,40.76,22.27,0.93,23.11,10.01,Uruaçu,GO,Centro-Oeste,-14.52,-48.86
2019,264,0.0,0.49,0.15,40.97,22.44,0.99,22.37,9.82,Uruaçu,GO,Centro-Oeste,-14.52,-48.86
2019,265,0.0,0.49,0.15,40.87,23.11,1.71,21.99,9.69,Uruaçu,GO,Centro-Oeste,-14.52,-48.86
2019,266,0.0,0.49,0.15,38.98,28.62,4.27,25.61,11.43,Uruaçu,GO,Centro-Oeste,-14.52,-48.86
2019,267,0.0,0.49,0.15,38.03,29.97,4.02,25.67,11.6,Uruaçu,GO,Centro-Oeste,-14.52,-48.86
2019,268,0.38,0.49,0.14,38.38,31.19,3.14,21.62,9.82,Uruaçu,GO,Centro-Oeste,-14.52,-48.86
2019,269,0.15,0.49,0.15,38.39,30.87,2.92,14.61,6.76,Uruaçu,GO,Centro-Oeste,-14.52,-48.86
2019,270,1.77,0.49,0.19,37.35,39.76,2.57,15.54,7.05,Uruaçu,GO,Centro-Oeste,-14.52,-48.86
2019,271,0.81,0.49,0.22,38.11,39.52,1.39,15.56,6.94,Uruaçu,GO,Centro-Oeste,-14.52,-48.86
2019,272,3.76,0.49,0.26,38.08,41.85,1.19,18.88,8.56,Uruaçu,GO,Centro-Oeste,-14.52,-48.86
2019,273,3.79,0.5,0.45,36.16,53.85,1.66,17.35,7.97,Uruaçu,GO,Centro-Oeste,-14.52,-48.86
2019,274,0.08,0.5,0.39,37.55,47.56,2.34,24.88,11.41,Uruaçu,GO,Centro-Oeste,-14.52,-48.86
2019,275,0.07,0.5,0.34,38.54,36.37,2.71,25.47,11.65,Uruaçu,GO,Centro-Oeste,-14.52,-48.86
2019,276,1.36,0.5,0.35,38.12,38.32,1.49,24.7,11.17,Uruaçu,GO,Centro-Oeste,-14.52,-48.86
2019,277,0.13,0.49,0.31,37.76,35.37,1.67,23.64,10.68,Uruaçu,GO,Centro-Oeste,-14.52,-48.86
2019,278,0.42,0.49,0.29,38.18,37.9,1.67,21.06,9.63,Uruaçu,GO,Centro-Oeste,-14.52,-48.86
2019,279,2.87,0.5,0.36,31.56,59.12,1.55,17.16,8.04,Uruaçu,GO,Centro-Oeste,-14.52,-48.86
2019,280,0.51,0.5,0.36,35.48,46.31,1.89,18.65,8.68,Uruaçu,GO,Centro-Oeste,-14.52,-48.86
2019,281,14.35,0.51,0.48,35.56,52.25,1.4,19.02,8.81,Uruaçu,GO,Centro-Oeste,-14.52,-48.86
2019,282,15.06,0.53,0.61,35.96,63.5,2.0,20.08,9.26,Uruaçu,GO,Centro-Oeste,-14.52,-48.86
2019,283,0.58,0.54,0.54,37.09,51.77,1.73,25.27,11.55,Uruaçu,GO,Centro-Oeste,-14.52,-48.86
2019,284,0.02,0.53,0.49,36.31,48.01,2.53,23.03,10.5,Uruaçu,GO,Centro-Oeste,-14.52,-48.86
2019,285,0.0,0.52,0.49,35.94,45.22,2.13,24.56,11.28,Uruaçu,GO,Centro-Oeste,-14.52,-48.86
2019,286,0.0,0.52,0.48,37.21,37.0,2.51,26.21,11.68,Uruaçu,GO,Centro-Oeste,-14.52,-48.86
2019,287,0.0,0.51,0.47,38.41,35.37,1.96,26.62,11.89,Uruaçu,GO,Centro-Oeste,-14.52,-48.86
2019,288,0.0,0.51,0.45,38.8,34.91,2.12,27.67,12.35,Uruaçu,GO,Centro-Oeste,-14.52,-48.86
2019,289,0.03,0.5,0.42,38.86,32.63,1.81,27.61,12.36,Uruaçu,GO,Centro-Oeste,-14.52,-48.86
2019,290,0.0,0.5,0.39,37.65,40.57,1.45,22.91,10.4,Uruaçu,GO,Centro-Oeste,-14.52,-48.86
2019,291,0.0,0.5,0.35,39.69,37.04,1.15,24.18,11.02,Uruaçu,GO,Centro-Oeste,-14.52,-48.86
2019,292,0.01,0.49,0.31,40.84,26.2,1.58,24.83,11.15,Uruaçu,GO,Centro-Oeste,-14.52,-48.86
2019,293,0.83,0.49,0.29,39.83,34.78,1.76,22.41,10.08,Uruaçu,GO,Centro-Oeste,-14.52,-48.86
2019,294,3.04,0.5,0.38,33.5,59.2,2.4,14.21,6.73,Uruaçu,GO,Centro-Oeste,-14.52,-48.86
2019,295,2.64,0.5,0.44,32.0,67.98,1.22,17.79,8.29,Uruaçu,GO,Centro-Oeste,-14.52,-48.86
2019,296,6.94,0.51,0.51,32.19,67.92,0.54,18.99,8.86,Uruaçu,GO,Centro-Oeste,-14.52,-48.86
2019,297,12.18,0.52,0.58,31.9,69.98,1.38,14.9,7.15,Uruaçu,GO,Centro-Oeste,-14.52,-48.86
2019,298,0.44,0.53,0.52,33.0,68.25,2.46,19.28,9.08,Uruaçu,GO,Centro-Oeste,-14.52,-48.86
2019,299,5.79,0.53,0.53,33.5,65.55,1.48,16.29,7.75,Uruaçu,GO,Centro-Oeste,-14.52,-48.86
2019,300,3.28,0.53,0.55,34.81,63.82,1.96,15.21,7.3,Uruaçu,GO,Centro-Oeste,-14.52,-48.86
2019,301,0.63,0.53,0.5,36.24,57.83,1.77,24.99,11.63,Uruaçu,GO,Centro-Oeste,-14.52,-48.86
2019,302,4.16,0.53,0.53,35.36,59.38,1.88,26.87,12.49,Uruaçu,GO,Centro-Oeste,-14.52,-48.86
2019,303,1.36,0.53,0.5,37.55,51.86,2.85,24.63,11.46,Uruaçu,GO,Centro-Oeste,-14.52,-48.86
2019,304,0.36,0.52,0.49,37.67,52.75,1.62,28.19,13.01,Uruaçu,GO,Centro-Oeste,-14.52,-48.86
2019,305,0.0,0.52,0.47,37.12,51.92,1.59,27.97,12.84,Uruaçu,GO,Centro-Oeste,-14.52,-48.86
2019,306,8.1,0.51,0.53,37.02,57.12,1.47,25.51,11.64,Uruaçu,GO,Centro-Oeste,-14.52,-48.86
2019,307,8.13,0.54,0.59,29.55,74.43,2.32,23.05,10.75,Uruaçu,GO,Centro-Oeste,-14.52,-48.86
2019,308,9.82,0.54,0.58,35.32,65.32,1.71,20.88,9.81,Uruaçu,GO,Centro-Oeste,-14.52,-48.86
2019,309,1.98,0.55,0.55,33.91,70.86,1.26,17.85,8.44,Uruaçu,GO,Centro-Oeste,-14.52,-48.86
2019,310,4.3,0.54,0.54,36.2,65.08,2.04,16.47,7.8,Uruaçu,GO,Centro-Oeste,-14.52,-48.86
2019,311,0.17,0.54,0.51,36.51,59.94,1.52,21.05,9.91,Uruaçu,GO,Centro-Oeste,-14.52,-48.86
2019,312,5.75,0.54,0.54,36.72,56.26,1.05,24.48,11.41,Uruaçu,GO,Centro-Oeste,-14.52,-48.86
2019,313,2.65,0.54,0.53,38.08,58.39,2.54,23.97,10.98,Uruaçu,GO,Centro-Oeste,-14.52,-48.86
2019,314,2.52,0.54,0.53,35.97,60.47,1.37,25.55,11.73,Uruaçu,GO,Centro-Oeste,-14.52,-48.86
2019,315,0.06,0.53,0.5,36.42,57.62,1.36,25.32,11.74,Uruaçu,GO,Centro-Oeste,-14.52,-48.86
2019,316,0.14,0.53,0.48,38.54,54.04,1.77,25.16,11.44,Uruaçu,GO,Centro-Oeste,-14.52,-48.86
2019,317,0.19,0.52,0.48,38.4,50.71,2.84,28.56,12.87,Uruaçu,GO,Centro-Oeste,-14.52,-48.86
2019,318,0.98,0.52,0.48,37.0,54.3,1.6,24.25,11.05,Uruaçu,GO,Centro-Oeste,-14.52,-48.86
2019,319,1.56,0.51,0.48,36.39,55.73,2.08,23.99,11.05,Uruaçu,GO,Centro-Oeste,-14.52,-48.86
2019,320,10.83,0.52,0.57,29.96,68.35,1.64,23.29,10.81,Uruaçu,GO,Centro-Oeste,-14.52,-48.86
2019,321,17.38,0.54,0.62,31.62,72.14,1.56,18.62,8.78,Uruaçu,GO,Centro-Oeste,-14.52,-48.86
2019,322,2.16,0.56,0.57,30.75,72.56,1.43,16.8,7.96,Uruaçu,GO,Centro-Oeste,-14.52,-48.86
2019,323,3.69,0.55,0.56,33.42,65.89,1.46,18.14,8.52,Uruaçu,GO,Centro-Oeste,-14.52,-48.86
2019,324,10.77,0.56,0.62,29.34,77.19,1.25,17.04,8.11,Uruaçu,GO,Centro-Oeste,-14.52,-48.86
2019,325,7.03,0.57,0.61,30.36,74.76,1.67,16.36,7.77,Uruaçu,GO,Centro-Oeste,-14.52,-48.86
2019,326,2.73,0.57,0.6,28.78,77.57,0.97,19.06,9.05,Uruaçu,GO,Centro-Oeste,-14.52,-48.86
2019,327,11.74,0.57,0.62,31.74,72.74,1.4,16.77,7.85,Uruaçu,GO,Centro-Oeste,-14.52,-48.86
2019,328,1.21,0.59,0.61,29.83,73.2,1.37,20.1,9.42,Uruaçu,GO,Centro-Oeste,-14.52,-48.86
2019,329,1.27,0.58,0.58,32.05,65.32,0.94,20.02,9.54,Uruaçu,GO,Centro-Oeste,-14.52,-48.86
2019,330,7.84,0.57,0.59,33.53,70.1,1.86,19.59,9.31,Uruaçu,GO,Centro-Oeste,-14.52,-48.86
2019,331,11.7,0.59,0.67,31.27,78.39,2.37,18.18,8.63,Uruaçu,GO,Centro-Oeste,-14.52,-48.86
2019,332,9.05,0.6,0.66,29.47,81.12,1.21,10.45,5.18,Uruaçu,GO,Centro-Oeste,-14.52,-48.86
2019,333,2.01,0.6,0.63,31.91,77.04,1.64,23.59,11.11,Uruaçu,GO,Centro-Oeste,-14.52,-48.86
2019,334,5.35,0.59,0.63,31.7,75.02,1.31,15.4,7.37,Uruaçu,GO,Centro-Oeste,-14.52,-48.86
2019,335,2.19,0.59,0.61,30.7,72.32,1.47,21.14,9.97,Uruaçu,GO,Centro-Oeste,-14.52,-48.86
2019,336,4.25,0.59,0.62,31.72,71.19,1.48,21.15,9.95,Uruaçu,GO,Centro-Oeste,-14.52,-48.86
2019,337,11.3,0.59,0.65,31.13,72.65,1.35,12.14,5.89,Uruaçu,GO,Centro-Oeste,-14.52,-48.86
2019,338,5.72,0.61,0.68,28.98,80.05,0.92,20.65,9.74,Uruaçu,GO,Centro-Oeste,-14.52,-48.86
2019,339,4.24,0.61,0.65,30.24,74.91,0.68,18.17,8.66,Uruaçu,GO,Centro-Oeste,-14.52,-48.86
2019,340,9.87,0.61,0.67,32.3,70.47,1.05,14.49,6.99,Uruaçu,GO,Centro-Oeste,-14.52,-48.86
2019,341,6.45,0.62,0.69,29.33,82.72,1.08,19.93,9.49,Uruaçu,GO,Centro-Oeste,-14.52,-48.86
2019,342,7.15,0.62,0.68,30.8,79.33,1.38,23.3,10.91,Uruaçu,GO,Centro-Oeste,-14.52,-48.86
2019,343,7.86,0.62,0.7,30.15,77.66,1.25,18.04,8.6,Uruaçu,GO,Centro-Oeste,-14.52,-48.86
2019,344,3.75,0.62,0.66,31.03,76.67,1.07,16.95,8.15,Uruaçu,GO,Centro-Oeste,-14.52,-48.86
2019,345,3.57,0.62,0.67,31.11,77.24,1.32,23.0,10.86,Uruaçu,GO,Centro-Oeste,-14.52,-48.86
2019,346,2.08,0.61,0.63,31.44,75.84,1.07,25.66,11.89,Uruaçu,GO,Centro-Oeste,-14.52,-48.86
2019,347,1.08,0.6,0.62,32.24,72.71,1.94,20.76,9.78,Uruaçu,GO,Centro-Oeste,-14.52,-48.86
2019,348,2.65,0.59,0.61,33.71,70.4,2.39,25.35,11.77,Uruaçu,GO,Centro-Oeste,-14.52,-48.86
2019,349,0.0,0.58,0.57,34.25,66.83,3.11,28.43,13.13,Uruaçu,GO,Centro-Oeste,-14.52,-48.86
2019,350,0.0,0.57,0.55,35.06,60.13,2.35,29.26,13.39,Uruaçu,GO,Centro-Oeste,-14.52,-48.86
2019,351,0.0,0.56,0.53,35.9,52.26,1.33,24.82,11.42,Uruaçu,GO,Centro-Oeste,-14.52,-48.86
2019,352,0.87,0.56,0.53,35.06,57.09,1.3,25.86,12.08,Uruaçu,GO,Centro-Oeste,-14.52,-48.86
2019,353,0.37,0.55,0.53,33.3,65.45,1.51,22.41,10.55,Uruaçu,GO,Centro-Oeste,-14.52,-48.86
2019,354,0.03,0.55,0.52,34.79,60.97,1.83,24.78,11.57,Uruaçu,GO,Centro-Oeste,-14.52,-48.86
2019,355,0.17,0.54,0.52,33.54,60.9,1.58,27.25,12.63,Uruaçu,GO,Centro-Oeste,-14.52,-48.86
2019,356,0.74,0.54,0.51,36.37,60.05,2.13,25.79,12.06,Uruaçu,GO,Centro-Oeste,-14.52,-48.86
2019,357,2.84,0.54,0.53,34.59,64.7,0.98,24.95,11.7,Uruaçu,GO,Centro-Oeste,-14.52,-48.86
2019,358,1.18,0.54,0.52,31.79,68.21,2.5,24.7,11.58,Uruaçu,GO,Centro-Oeste,-14.52,-48.86
2019,359,0.14,0.53,0.51,33.95,65.08,2.25,15.76,7.57,Uruaçu,GO,Centro-Oeste,-14.52,-48.86
2019,360,0.04,0.53,0.51,31.42,67.62,1.45,24.03,11.28,Uruaçu,GO,Centro-Oeste,-14.52,-48.86
2019,361,1.47,0.53,0.51,34.62,58.93,2.32,24.17,11.33,Uruaçu,GO,Centro-Oeste,-14.52,-48.86
2019,362,1.56,0.53,0.5,36.65,57.44,1.3,25.47,11.91,Uruaçu,GO,Centro-Oeste,-14.52,-48.86
2019,363,1.97,0.53,0.52,31.65,70.09,1.67,24.71,11.61,Uruaçu,GO,Centro-Oeste,-14.52,-48.86
2019,364,0.51,0.52,0.49,37.44,60.96,1.42,24.69,11.48,Uruaçu,GO,Centro-Oeste,-14.52,-48.86
2019,365,3.97,0.52,0.52,33.42,69.42,1.55,15.12,7.3,Uruaçu,GO,Centro-Oeste,-14.52,-48.86
2020,1,2.2,0.52,0.52,32.02,74.73,1.96,21.99,10.36,Uruaçu,GO,Centro-Oeste,-14.52,-48.86
2020,2,3.54,0.52,0.53,30.15,79.57,2.73,13.53,6.62,Uruaçu,GO,Centro-Oeste,-14.52,-48.86
2020,3,1.05,0.53,0.52,28.98,77.38,1.9,15.07,7.24,Uruaçu,GO,Centro-Oeste,-14.52,-48.86
2020,4,4.33,0.52,0.53,30.7,79.69,3.52,10.95,5.43,Uruaçu,GO,Centro-Oeste,-14.52,-48.86
2020,5,55.38,0.57,0.76,29.63,85.11,3.2,10.63,5.3,Uruaçu,GO,Centro-Oeste,-14.52,-48.86
2020,6,5.27,0.62,0.69,29.37,84.73,2.57,21.09,9.95,Uruaçu,GO,Centro-Oeste,-14.52,-48.86
2020,7,1.53,0.61,0.65,28.55,83.31,1.58,16.86,7.97,Uruaçu,GO,Centro-Oeste,-14.52,-48.86
2020,8,0.44,0.6,0.62,30.25,78.65,1.24,18.43,8.74,Uruaçu,GO,Centro-Oeste,-14.52,-48.86
2020,9,3.45,0.6,0.63,28.9,85.0,2.22,11.62,5.62,Uruaçu,GO,Centro-Oeste,-14.52,-48.86
2020,10,2.84,0.6,0.62,33.94,72.02,0.88,27.09,12.63,Uruaçu,GO,Centro-Oeste,-14.52,-48.86
2020,11,9.13,0.59,0.64,34.0,67.18,1.0,26.27,12.26,Uruaçu,GO,Centro-Oeste,-14.52,-48.86
2020,12,0.63,0.59,0.59,34.73,66.26,1.21,28.38,13.25,Uruaçu,GO,Centro-Oeste,-14.52,-48.86
2020,13,7.73,0.58,0.62,34.44,65.17,1.06,23.04,10.83,Uruaçu,GO,Centro-Oeste,-14.52,-48.86
2020,14,0.58,0.58,0.58,35.93,64.02,1.08,27.03,12.6,Uruaçu,GO,Centro-Oeste,-14.52,-48.86
2020,15,0.11,0.57,0.55,35.6,64.07,0.88,26.28,12.23,Uruaçu,GO,Centro-Oeste,-14.52,-48.86
2020,16,4.31,0.56,0.55,36.81,62.29,0.84,29.12,13.49,Uruaçu,GO,Centro-Oeste,-14.52,-48.86
2020,17,3.44,0.56,0.57,36.26,66.7,1.46,16.91,7.99,Uruaçu,GO,Centro-Oeste,-14.52,-48.86
2020,18,1.5,0.56,0.56,33.83,69.06,1.0,18.91,8.9,Uruaçu,GO,Centro-Oeste,-14.52,-48.86
2020,19,6.15,0.56,0.57,34.3,69.67,1.71,24.86,11.59,Uruaçu,GO,Centro-Oeste,-14.52,-48.86
2020,20,1.3,0.56,0.55,33.7,72.19,1.69,21.8,10.29,Uruaçu,GO,Centro-Oeste,-14.52,-48.86
2020,21,3.82,0.56,0.55,32.66,73.45,2.43,13.73,6.6,Uruaçu,GO,Centro-Oeste,-14.52,-48.86
2020,22,10.95,0.57,0.63,27.85,86.36,2.44,13.48,6.54,Uruaçu,GO,Centro-Oeste,-14.52,-48.86
2020,23,9.5,0.58,0.63,27.64,86.67,3.49,12.6,6.15,Uruaçu,GO,Centro-Oeste,-14.52,-48.86
2020,24,29.48,0.62,0.77,26.94,89.01,4.06,11.19,5.43,Uruaçu,GO,Centro-Oeste,-14.52,-48.86
2020,25,15.96,0.64,0.75,25.44,91.67,3.21,6.33,3.26,Uruaçu,GO,Centro-Oeste,-14.52,-48.86
2020,26,10.84,0.66,0.75,27.33,90.61,3.18,16.59,7.96,Uruaçu,GO,Centro-Oeste,-14.52,-48.86
2020,27,10.65,0.66,0.74,28.92,85.89,2.36,5.44,2.81,Uruaçu,GO,Centro-Oeste,-14.52,-48.86
2020,28,1.59,0.66,0.71,28.76,84.39,1.87,14.43,6.96,Uruaçu,GO,Centro-Oeste,-14.52,-48.86
2020,29,3.52,0.65,0.7,29.13,80.5,0.68,21.54,10.09,Uruaçu,GO,Centro-Oeste,-14.52,-48.86
2020,30,1.17,0.65,0.7,30.64,75.83,0.95,25.04,11.68,Uruaçu,GO,Centro-Oeste,-14.52,-48.86
2020,31,0.14,0.64,0.67,31.61,75.72,1.16,25.62,11.93,Uruaçu,GO,Centro-Oeste,-14.52,-48.86
2020,32,0.04,0.63,0.66,31.77,75.03,1.24,26.36,12.22,Uruaçu,GO,Centro-Oeste,-14.52,-48.86
2020,33,0.03,0.61,0.64,32.81,71.34,1.11,25.19,11.77,Uruaçu,GO,Centro-Oeste,-14.52,-48.86
2020,34,22.35,0.61,0.71,32.26,73.72,0.97,21.47,10.11,Uruaçu,GO,Centro-Oeste,-14.52,-48.86
2020,35,19.7,0.66,0.79,28.74,84.3,1.2,14.66,7.05,Uruaçu,GO,Centro-Oeste,-14.52,-48.86
2020,36,14.28,0.67,0.76,28.57,82.48,1.05,19.07,8.97,Uruaçu,GO,Centro-Oeste,-14.52,-48.86
2020,37,52.84,0.7,0.85,28.42,85.04,0.97,18.94,8.94,Uruaçu,GO,Centro-Oeste,-14.52,-48.86
2020,38,56.71,0.79,0.91,25.6,91.12,1.92,7.63,3.86,Uruaçu,GO,Centro-Oeste,-14.52,-48.86
2020,39,33.05,0.85,0.91,25.59,90.42,2.66,8.66,4.38,Uruaçu,GO,Centro-Oeste,-14.52,-48.86
2020,40,12.8,0.85,0.87,25.24,89.97,2.74,12.45,6.12,Uruaçu,GO,Centro-Oeste,-14.52,-48.86
2020,41,5.6,0.85,0.86,27.67,83.49,1.76,20.43,9.6,Uruaçu,GO,Centro-Oeste,-14.52,-48.86
2020,42,0.04,0.84,0.84,31.19,77.5,1.1,23.31,10.86,Uruaçu,GO,Centro-Oeste,-14.52,-48.86
2020,43,8.91,0.83,0.86,28.45,86.18,0.91,20.15,9.47,Uruaçu,GO,Centro-Oeste,-14.52,-48.86
2020,44,4.28,0.84,0.85,29.43,79.81,1.1,20.35,9.48,Uruaçu,GO,Centro-Oeste,-14.52,-48.86
2020,45,0.88,0.83,0.84,29.81,77.04,0.7,20.89,9.82,Uruaçu,GO,Centro-Oeste,-14.52,-48.86
2020,46,3.7,0.82,0.83,30.81,80.32,1.36,21.61,10.12,Uruaçu,GO,Centro-Oeste,-14.52,-48.86
2020,47,2.32,0.81,0.83,30.99,80.67,0.8,21.48,10.1,Uruaçu,GO,Centro-Oeste,-14.52,-48.86
2020,48,1.76,0.81,0.83,25.55,91.52,1.58,20.96,9.88,Uruaçu,GO,Centro-Oeste,-14.52,-48.86
2020,49,0.28,0.8,0.81,31.88,78.14,1.32,19.6,9.21,Uruaçu,GO,Centro-Oeste,-14.52,-48.86
2020,50,2.0,0.79,0.81,30.67,79.7,1.18,20.36,9.57,Uruaçu,GO,Centro-Oeste,-14.52,-48.86
2020,51,1.13,0.78,0.8,29.75,83.01,1.78,25.16,11.79,Uruaçu,GO,Centro-Oeste,-14.52,-48.86
2020,52,0.19,0.77,0.79,29.18,84.11,1.55,22.78,10.65,Uruaçu,GO,Centro-Oeste,-14.52,-48.86
2020,53,5.64,0.77,0.81,29.11,83.1,1.15,20.33,9.55,Uruaçu,GO,Centro-Oeste,-14.52,-48.86
2020,54,0.41,0.76,0.79,29.47,81.38,0.73,21.79,10.29,Uruaçu,GO,Centro-Oeste,-14.52,-48.86
2020,55,11.6,0.77,0.83,26.24,87.23,0.9,11.26,5.44,Uruaçu,GO,Centro-Oeste,-14.52,-48.86
2020,56,4.9,0.77,0.81,30.17,82.96,1.17,23.62,11.09,Uruaçu,GO,Centro-Oeste,-14.52,-48.86
2020,57,0.99,0.77,0.79,29.01,84.83,1.46,16.6,7.79,Uruaçu,GO,Centro-Oeste,-14.52,-48.86
2020,58,4.88,0.76,0.79,30.8,81.25,1.3,24.52,11.4,Uruaçu,GO,Centro-Oeste,-14.52,-48.86
2020,59,8.27,0.76,0.81,30.28,84.86,0.96,13.32,6.39,Uruaçu,GO,Centro-Oeste,-14.52,-48.86
2020,60,36.68,0.78,0.88,30.22,86.02,1.16,12.05,5.79,Uruaçu,GO,Centro-Oeste,-14.52,-48.86
2020,61,2.27,0.8,0.83,28.57,85.3,0.89,19.26,9.03,Uruaçu,GO,Centro-Oeste,-14.52,-48.86
2020,62,23.14,0.81,0.87,28.35,85.67,1.38,16.27,7.69,Uruaçu,GO,Centro-Oeste,-14.52,-48.86
2020,63,13.1,0.82,0.85,28.69,87.95,2.27,15.82,7.51,Uruaçu,GO,Centro-Oeste,-14.52,-48.86
2020,64,9.28,0.84,0.86,28.48,89.39,2.62,15.25,7.14,Uruaçu,GO,Centro-Oeste,-14.52,-48.86
2020,65,27.27,0.85,0.89,28.28,90.03,1.52,16.71,7.9,Uruaçu,GO,Centro-Oeste,-14.52,-48.86
2020,66,38.79,0.89,0.93,25.88,92.55,1.46,10.46,5.07,Uruaçu,GO,Centro-Oeste,-14.52,-48.86
2020,67,10.66,0.91,0.9,27.97,87.2,1.23,11.91,5.76,Uruaçu,GO,Centro-Oeste,-14.52,-48.86
2020,68,1.26,0.9,0.88,29.02,83.24,0.83,19.48,9.03,Uruaçu,GO,Centro-Oeste,-14.52,-48.86
2020,69,6.11,0.9,0.89,29.39,84.0,1.21,18.1,8.37,Uruaçu,GO,Centro-Oeste,-14.52,-48.86
2020,70,6.63,0.9,0.88,29.74,86.57,0.95,23.12,10.77,Uruaçu,GO,Centro-Oeste,-14.52,-48.86
2020,71,13.56,0.9,0.9,27.72,87.57,1.72,19.3,9.0,Uruaçu,GO,Centro-Oeste,-14.52,-48.86
2020,72,6.58,0.91,0.89,28.65,88.04,1.75,15.35,7.27,Uruaçu,GO,Centro-Oeste,-14.52,-48.86
2020,73,5.47,0.91,0.89,27.32,88.51,1.45,19.96,9.34,Uruaçu,GO,Centro-Oeste,-14.52,-48.86
2020,74,4.32,0.9,0.89,27.99,85.77,1.29,21.75,10.2,Uruaçu,GO,Centro-Oeste,-14.52,-48.86
2020,75,4.04,0.9,0.89,27.59,87.97,1.22,21.55,10.04,Uruaçu,GO,Centro-Oeste,-14.52,-48.86
2020,76,0.06,0.9,0.88,26.86,82.57,1.17,19.5,9.06,Uruaçu,GO,Centro-Oeste,-14.52,-48.86
2020,77,1.56,0.89,0.87,29.27,79.13,1.28,19.8,9.27,Uruaçu,GO,Centro-Oeste,-14.52,-48.86
2020,78,5.35,0.88,0.88,30.12,76.34,0.77,22.72,10.72,Uruaçu,GO,Centro-Oeste,-14.52,-48.86
2020,79,3.33,0.88,0.87,30.63,78.23,0.72,22.76,10.71,Uruaçu,GO,Centro-Oeste,-14.52,-48.86
2020,80,12.19,0.88,0.89,28.42,87.98,1.67,13.64,6.48,Uruaçu,GO,Centro-Oeste,-14.52,-48.86
2020,81,29.11,0.9,0.92,27.49,91.29,1.67,13.43,6.4,Uruaçu,GO,Centro-Oeste,-14.52,-48.86
2020,82,15.4,0.92,0.91,27.15,86.4,1.14,14.69,7.0,Uruaçu,GO,Centro-Oeste,-14.52,-48.86
2020,83,8.81,0.92,0.9,28.72,83.28,0.7,22.44,10.55,Uruaçu,GO,Centro-Oeste,-14.52,-48.86
2020,84,8.53,0.93,0.91,27.0,90.11,1.5,12.91,6.14,Uruaçu,GO,Centro-Oeste,-14.52,-48.86
2020,85,11.18,0.93,0.91,27.81,84.76,1.32,18.0,8.48,Uruaçu,GO,Centro-Oeste,-14.52,-48.86
2020,86,31.62,0.95,0.94,25.41,92.68,1.85,19.53,9.19,Uruaçu,GO,Centro-Oeste,-14.52,-48.86
2020,87,10.9,0.96,0.93,27.13,89.61,2.08,18.93,8.87,Uruaçu,GO,Centro-Oeste,-14.52,-48.86
2020,88,11.03,0.96,0.93,27.63,87.73,2.05,16.37,7.74,Uruaçu,GO,Centro-Oeste,-14.52,-48.86
2020,89,0.79,0.96,0.91,28.31,86.63,2.75,23.98,11.24,Uruaçu,GO,Centro-Oeste,-14.52,-48.86
2020,90,0.01,0.95,0.9,29.44,83.94,2.07,24.86,11.57,Uruaçu,GO,Centro-Oeste,-14.52,-48.86
2020,91,0.0,0.93,0.89,29.57,81.06,1.95,25.1,11.65,Uruaçu,GO,Centro-Oeste,-14.52,-48.86
2020,92,0.05,0.92,0.89,30.15,77.44,1.84,24.94,11.58,Uruaçu,GO,Centro-Oeste,-14.52,-48.86
2020,93,0.45,0.9,0.88,30.87,80.19,1.17,24.38,11.38,Uruaçu,GO,Centro-Oeste,-14.52,-48.86
2020,94,0.21,0.89,0.87,30.17,82.06,1.11,23.13,10.81,Uruaçu,GO,Centro-Oeste,-14.52,-48.86
2020,95,0.53,0.88,0.87,30.18,82.1,1.12,23.68,11.0,Uruaçu,GO,Centro-Oeste,-14.52,-48.86
2020,96,0.17,0.87,0.86,30.47,82.05,1.16,24.2,11.3,Uruaçu,GO,Centro-Oeste,-14.52,-48.86
2020,97,2.42,0.86,0.86,30.41,80.73,1.31,14.6,7.01,Uruaçu,GO,Centro-Oeste,-14.52,-48.86
2020,98,5.1,0.86,0.86,30.34,80.91,0.92,18.38,8.64,Uruaçu,GO,Centro-Oeste,-14.52,-48.86
2020,99,4.8,0.86,0.87,28.93,86.21,1.22,20.33,9.55,Uruaçu,GO,Centro-Oeste,-14.52,-48.86
2020,100,1.27,0.86,0.85,29.39,83.05,1.36,19.71,9.2,Uruaçu,GO,Centro-Oeste,-14.52,-48.86
2020,101,0.93,0.85,0.85,29.82,81.19,0.95,18.66,8.72,Uruaçu,GO,Centro-Oeste,-14.52,-48.86
2020,102,1.79,0.84,0.85,28.77,83.21,0.76,15.97,7.55,Uruaçu,GO,Centro-Oeste,-14.52,-48.86
2020,103,6.12,0.84,0.85,29.57,83.6,1.14,19.22,9.04,Uruaçu,GO,Centro-Oeste,-14.52,-48.86
2020,104,3.73,0.84,0.85,29.19,83.78,1.49,20.88,9.81,Uruaçu,GO,Centro-Oeste,-14.52,-48.86
2020,105,1.47,0.83,0.84,28.46,83.67,1.59,17.62,8.2,Uruaçu,GO,Centro-Oeste,-14.52,-48.86
2020,106,22.22,0.85,0.89,25.97,91.74,1.85,8.94,4.38,Uruaçu,GO,Centro-Oeste,-14.52,-48.86
2020,107,9.93,0.87,0.88,25.4,90.43,1.82,9.9,4.84,Uruaçu,GO,Centro-Oeste,-14.52,-48.86
2020,108,7.72,0.87,0.87,28.9,84.18,1.29,19.55,9.18,Uruaçu,GO,Centro-Oeste,-14.52,-48.86
2020,109,2.55,0.87,0.86,28.54,83.14,1.53,14.37,6.75,Uruaçu,GO,Centro-Oeste,-14.52,-48.86
2020,110,1.47,0.86,0.86,27.73,87.5,2.17,17.57,8.26,Uruaçu,GO,Centro-Oeste,-14.52,-48.86
2020,111,3.07,0.85,0.86,27.35,86.29,2.07,15.38,7.32,Uruaçu,GO,Centro-Oeste,-14.52,-48.86
2020,112,1.42,0.85,0.85,28.31,83.71,1.62,15.53,7.33,Uruaçu,GO,Centro-Oeste,-14.52,-48.86
2020,113,13.3,0.86,0.88,26.91,85.75,1.26,16.77,7.94,Uruaçu,GO,Centro-Oeste,-14.52,-48.86
2020,114,4.93,0.86,0.86,27.41,86.83,1.28,14.48,6.92,Uruaçu,GO,Centro-Oeste,-14.52,-48.86
2020,115,0.06,0.85,0.85,26.36,88.88,2.15,16.56,7.76,Uruaçu,GO,Centro-Oeste,-14.52,-48.86
2020,116,0.0,0.85,0.84,28.57,83.34,2.55,21.56,10.01,Uruaçu,GO,Centro-Oeste,-14.52,-48.86
2020,117,0.0,0.83,0.84,28.4,81.1,2.36,23.1,10.57,Uruaçu,GO,Centro-Oeste,-14.52,-48.86
2020,118,0.0,0.82,0.83,27.81,81.15,2.83,22.85,10.5,Uruaçu,GO,Centro-Oeste,-14.52,-48.86
2020,119,0.01,0.81,0.82,27.31,80.48,2.43,22.92,10.41,Uruaçu,GO,Centro-Oeste,-14.52,-48.86
2020,120,0.0,0.8,0.82,27.91,77.06,1.91,22.45,10.2,Uruaçu,GO,Centro-Oeste,-14.52,-48.86
2020,121,0.01,0.79,0.81,28.27,76.95,1.59,21.87,9.97,Uruaçu,GO,Centro-Oeste,-14.52,-48.86
2020,122,0.0,0.78,0.8,28.56,76.55,1.43,21.51,9.76,Uruaçu,GO,Centro-Oeste,-14.52,-48.86
2020,123,0.0,0.77,0.8,28.25,76.57,1.38,22.64,10.29,Uruaçu,GO,Centro-Oeste,-14.52,-48.86
2020,124,0.01,0.76,0.79,28.58,73.84,1.42,22.1,10.0,Uruaçu,GO,Centro-Oeste,-14.52,-48.86
2020,125,0.0,0.75,0.78,28.8,73.44,1.76,22.22,10.0,Uruaçu,GO,Centro-Oeste,-14.52,-48.86
2020,126,0.0,0.74,0.77,28.97,75.92,1.56,21.3,9.58,Uruaçu,GO,Centro-Oeste,-14.52,-48.86
2020,127,0.03,0.73,0.77,28.84,76.11,1.14,13.42,6.14,Uruaçu,GO,Centro-Oeste,-14.52,-48.86
2020,128,1.56,0.73,0.77,27.17,83.29,1.65,10.8,5.13,Uruaçu,GO,Centro-Oeste,-14.52,-48.86
2020,129,0.99,0.73,0.76,27.68,84.47,2.01,16.84,7.83,Uruaçu,GO,Centro-Oeste,-14.52,-48.86
2020,130,0.0,0.72,0.75,27.46,82.75,2.81,15.57,7.14,Uruaçu,GO,Centro-Oeste,-14.52,-48.86
2020,131,0.0,0.71,0.74,27.73,78.54,2.46,21.27,9.71,Uruaçu,GO,Centro-Oeste,-14.52,-48.86
2020,132,0.0,0.7,0.73,28.27,78.01,2.28,21.24,9.66,Uruaçu,GO,Centro-Oeste,-14.52,-48.86
2020,133,0.0,0.69,0.72,28.55,76.29,1.96,20.23,9.15,Uruaçu,GO,Centro-Oeste,-14.52,-48.86
2020,134,1.56,0.68,0.73,28.87,78.32,1.52,18.72,8.56,Uruaçu,GO,Centro-Oeste,-14.52,-48.86
2020,135,0.58,0.67,0.72,29.09,79.02,0.87,17.6,8.16,Uruaçu,GO,Centro-Oeste,-14.52,-48.86
2020,136,1.44,0.67,0.71,28.37,82.42,1.29,15.38,7.17,Uruaçu,GO,Centro-Oeste,-14.52,-48.86
2020,137,2.11,0.67,0.72,27.11,84.53,1.1,16.98,7.93,Uruaçu,GO,Centro-Oeste,-14.52,-48.86
2020,138,0.31,0.66,0.7,28.23,85.03,1.58,15.45,7.22,Uruaçu,GO,Centro-Oeste,-14.52,-48.86
2020,139,0.37,0.65,0.69,29.11,80.82,2.23,17.51,8.15,Uruaçu,GO,Centro-Oeste,-14.52,-48.86
2020,140,1.01,0.65,0.69,27.16,83.95,2.6,13.6,6.38,Uruaçu,GO,Centro-Oeste,-14.52,-48.86
2020,141,0.0,0.64,0.68,27.35,78.43,2.54,16.55,7.66,Uruaçu,GO,Centro-Oeste,-14.52,-48.86
2020,142,0.0,0.63,0.67,29.55,74.87,2.33,20.01,9.31,Uruaçu,GO,Centro-Oeste,-14.52,-48.86
2020,143,0.0,0.62,0.66,30.12,74.36,1.87,18.83,8.72,Uruaçu,GO,Centro-Oeste,-14.52,-48.86
2020,144,0.0,0.62,0.65,30.21,76.66,1.14,17.65,8.23,Uruaçu,GO,Centro-Oeste,-14.52,-48.86
2020,145,0.42,0.61,0.64,29.36,81.62,1.4,15.75,7.29,Uruaçu,GO,Centro-Oeste,-14.52,-48.86
2020,146,1.88,0.61,0.64,27.47,84.03,1.66,16.22,7.54,Uruaçu,GO,Centro-Oeste,-14.52,-48.86
2020,147,0.3,0.6,0.62,28.28,77.29,1.86,16.38,7.47,Uruaçu,GO,Centro-Oeste,-14.52,-48.86
2020,148,0.0,0.6,0.6,27.85,65.94,1.99,20.49,9.22,Uruaçu,GO,Centro-Oeste,-14.52,-48.86
2020,149,0.0,0.59,0.59,29.65,62.54,1.78,20.32,9.16,Uruaçu,GO,Centro-Oeste,-14.52,-48.86
2020,150,0.01,0.58,0.58,30.09,60.37,2.46,20.6,9.16,Uruaçu,GO,Centro-Oeste,-14.52,-48.86
2020,151,0.0,0.58,0.57,29.29,60.9,2.22,18.84,8.22,Uruaçu,GO,Centro-Oeste,-14.52,-48.86
2020,152,0.0,0.57,0.56,29.1,65.52,1.85,20.36,9.11,Uruaçu,GO,Centro-Oeste,-14.52,-48.86
2020,153,0.01,0.57,0.55,30.71,65.5,1.71,20.3,9.09,Uruaçu,GO,Centro-Oeste,-14.52,-48.86
2020,154,0.0,0.56,0.54,31.25,67.31,1.55,18.14,8.14,Uruaçu,GO,Centro-Oeste,-14.52,-48.86
2020,155,0.0,0.56,0.54,32.13,67.69,1.17,18.33,8.29,Uruaçu,GO,Centro-Oeste,-14.52,-48.86
2020,156,0.0,0.55,0.53,33.11,64.82,2.29,18.0,8.2,Uruaçu,GO,Centro-Oeste,-14.52,-48.86
2020,157,0.0,0.55,0.52,32.9,64.51,2.17,18.62,8.51,Uruaçu,GO,Centro-Oeste,-14.52,-48.86
2020,158,0.0,0.54,0.52,32.73,61.87,1.99,19.0,8.68,Uruaçu,GO,Centro-Oeste,-14.52,-48.86
2020,159,0.0,0.54,0.51,32.99,60.73,2.22,19.32,8.83,Uruaçu,GO,Centro-Oeste,-14.52,-48.86
2020,160,0.0,0.54,0.51,33.34,60.75,2.21,19.32,8.74,Uruaçu,GO,Centro-Oeste,-14.52,-48.86
2020,161,0.0,0.53,0.5,33.69,60.47,2.14,18.37,8.3,Uruaçu,GO,Centro-Oeste,-14.52,-48.86
2020,162,0.0,0.53,0.5,33.16,54.07,1.48,19.55,8.7,Uruaçu,GO,Centro-Oeste,-14.52,-48.86
2020,163,0.0,0.52,0.5,33.2,55.3,1.14,17.26,7.71,Uruaçu,GO,Centro-Oeste,-14.52,-48.86
2020,164,0.0,0.52,0.49,33.57,54.58,1.43,19.55,8.68,Uruaçu,GO,Centro-Oeste,-14.52,-48.86
2020,165,0.0,0.52,0.49,32.78,54.25,1.83,16.82,7.55,Uruaçu,GO,Centro-Oeste,-14.52,-48.86
2020,166,0.0,0.51,0.48,33.2,51.43,2.8,19.3,8.72,Uruaçu,GO,Centro-Oeste,-14.52,-48.86
2020,167,0.0,0.51,0.48,31.69,53.47,3.43,19.51,8.75,Uruaçu,GO,Centro-Oeste,-14.52,-48.86
2020,168,0.0,0.51,0.47,31.48,61.08,3.5,16.71,7.57,Uruaçu,GO,Centro-Oeste,-14.52,-48.86
2020,169,0.0,0.51,0.46,31.1,57.73,3.45,18.19,8.17,Uruaçu,GO,Centro-Oeste,-14.52,-48.86
2020,170,0.0,0.5,0.45,31.88,60.91,2.92,19.05,8.56,Uruaçu,GO,Centro-Oeste,-14.52,-48.86
2020,171,0.0,0.5,0.43,32.65,51.63,2.38,19.26,8.66,Uruaçu,GO,Centro-Oeste,-14.52,-48.86
2020,172,0.0,0.5,0.41,33.15,53.24,2.86,17.77,8.05,Uruaçu,GO,Centro-Oeste,-14.52,-48.86
2020,173,0.0,0.5,0.38,33.66,44.63,3.07,19.1,8.57,Uruaçu,GO,Centro-Oeste,-14.52,-48.86
2020,174,0.0,0.5,0.36,33.05,43.12,2.67,19.22,8.59,Uruaçu,GO,Centro-Oeste,-14.52,-48.86
2020,175,0.0,0.5,0.34,33.71,45.31,2.58,19.36,8.74,Uruaçu,GO,Centro-Oeste,-14.52,-48.86
2020,176,0.04,0.49,0.33,33.33,52.42,2.26,17.21,7.78,Uruaçu,GO,Centro-Oeste,-14.52,-48.86
2020,177,0.0,0.49,0.31,33.61,43.98,1.77,19.01,8.47,Uruaçu,GO,Centro-Oeste,-14.52,-48.86
2020,178,0.0,0.49,0.3,34.02,39.13,1.34,18.86,8.32,Uruaçu,GO,Centro-Oeste,-14.52,-48.86
2020,179,0.0,0.49,0.29,33.46,44.68,1.96,17.31,7.7,Uruaçu,GO,Centro-Oeste,-14.52,-48.86
2020,180,0.0,0.49,0.28,34.31,44.32,2.42,18.43,8.38,Uruaçu,GO,Centro-Oeste,-14.52,-48.86
2020,181,0.0,0.49,0.27,33.05,44.85,3.86,17.47,7.89,Uruaçu,GO,Centro-Oeste,-14.52,-48.86
2020,182,0.0,0.49,0.26,32.85,39.22,2.56,16.47,7.37,Uruaçu,GO,Centro-Oeste,-14.52,-48.86
2020,183,0.0,0.49,0.25,32.21,47.39,1.54,19.26,8.71,Uruaçu,GO,Centro-Oeste,-14.52,-48.86
2020,184,0.0,0.49,0.25,33.9,44.91,1.63,16.34,7.4,Uruaçu,GO,Centro-Oeste,-14.52,-48.86
2020,185,0.0,0.49,0.24,34.93,42.62,2.23,17.91,8.11,Uruaçu,GO,Centro-Oeste,-14.52,-48.86
2020,186,0.0,0.49,0.23,35.22,36.17,2.79,18.29,8.29,Uruaçu,GO,Centro-Oeste,-14.52,-48.86
2020,187,0.0,0.49,0.23,33.67,40.24,3.4,18.99,8.57,Uruaçu,GO,Centro-Oeste,-14.52,-48.86
2020,188,0.0,0.49,0.22,33.84,40.08,2.95,19.89,8.89,Uruaçu,GO,Centro-Oeste,-14.52,-48.86
2020,189,0.0,0.49,0.22,33.85,42.9,2.27,20.11,8.93,Uruaçu,GO,Centro-Oeste,-14.52,-48.86
2020,190,0.0,0.49,0.21,33.83,43.54,1.43,19.0,8.5,Uruaçu,GO,Centro-Oeste,-14.52,-48.86
2020,191,0.0,0.49,0.21,34.65,38.31,1.87,20.16,8.96,Uruaçu,GO,Centro-Oeste,-14.52,-48.86
2020,192,0.0,0.49,0.2,34.58,35.99,3.2,19.91,8.86,Uruaçu,GO,Centro-Oeste,-14.52,-48.86
2020,193,0.0,0.49,0.2,33.61,40.27,2.26,18.53,8.49,Uruaçu,GO,Centro-Oeste,-14.52,-48.86
2020,194,0.0,0.49,0.2,34.34,36.33,1.91,18.92,8.6,Uruaçu,GO,Centro-Oeste,-14.52,-48.86
2020,195,0.0,0.49,0.19,34.53,33.97,2.1,20.01,8.98,Uruaçu,GO,Centro-Oeste,-14.52,-48.86
2020,196,0.0,0.49,0.19,34.85,25.08,2.52,20.62,9.11,Uruaçu,GO,Centro-Oeste,-14.52,-48.86
2020,197,0.0,0.49,0.18,34.73,28.02,3.32,20.49,9.13,Uruaçu,GO,Centro-Oeste,-14.52,-48.86
2020,198,0.0,0.49,0.18,33.55,32.13,3.36,20.18,8.99,Uruaçu,GO,Centro-Oeste,-14.52,-48.86
2020,199,0.0,0.49,0.18,33.25,34.0,3.06,20.26,9.05,Uruaçu,GO,Centro-Oeste,-14.52,-48.86
2020,200,0.0,0.49,0.18,32.58,44.34,3.64,19.38,8.7,Uruaçu,GO,Centro-Oeste,-14.52,-48.86
2020,201,0.0,0.49,0.17,32.42,41.2,3.38,20.53,9.12,Uruaçu,GO,Centro-Oeste,-14.52,-48.86
2020,202,0.0,0.49,0.17,32.5,42.63,3.47,21.07,9.3,Uruaçu,GO,Centro-Oeste,-14.52,-48.86
2020,203,0.0,0.49,0.17,33.76,43.42,2.74,20.62,9.28,Uruaçu,GO,Centro-Oeste,-14.52,-48.86
2020,204,0.0,0.49,0.17,34.59,41.77,2.68,20.85,9.3,Uruaçu,GO,Centro-Oeste,-14.52,-48.86
2020,205,0.0,0.49,0.17,33.9,36.12,2.85,21.31,9.37,Uruaçu,GO,Centro-Oeste,-14.52,-48.86
2020,206,0.0,0.49,0.17,33.87,37.31,2.92,20.79,9.22,Uruaçu,GO,Centro-Oeste,-14.52,-48.86
2020,207,0.0,0.49,0.16,34.17,40.75,2.54,20.48,9.24,Uruaçu,GO,Centro-Oeste,-14.52,-48.86
2020,208,0.0,0.49,0.16,33.24,38.31,3.51,21.03,9.42,Uruaçu,GO,Centro-Oeste,-14.52,-48.86
2020,209,0.0,0.49,0.16,34.21,44.18,3.25,20.09,9.06,Uruaçu,GO,Centro-Oeste,-14.52,-48.86
2020,210,0.0,0.49,0.16,32.93,45.03,2.26,18.16,8.26,Uruaçu,GO,Centro-Oeste,-14.52,-48.86
2020,211,0.0,0.49,0.16,34.51,34.81,1.54,20.47,9.25,Uruaçu,GO,Centro-Oeste,-14.52,-48.86
2020,212,0.0,0.49,0.16,35.13,34.03,2.83,21.79,9.61,Uruaçu,GO,Centro-Oeste,-14.52,-48.86
2020,213,0.0,0.49,0.16,32.96,34.38,3.85,21.69,9.6,Uruaçu,GO,Centro-Oeste,-14.52,-48.86
2020,214,0.03,0.49,0.15,32.46,39.39,3.6,21.43,9.41,Uruaçu,GO,Centro-Oeste,-14.52,-48.86
2020,215,0.0,0.49,0.15,32.76,41.77,3.71,21.49,9.59,Uruaçu,GO,Centro-Oeste,-14.52,-48.86
2020,216,0.0,0.49,0.15,32.48,43.64,3.94,21.45,9.53,Uruaçu,GO,Centro-Oeste,-14.52,-48.86
2020,217,0.0,0.49,0.15,32.23,35.57,4.05,22.06,9.77,Uruaçu,GO,Centro-Oeste,-14.52,-48.86
2020,218,0.0,0.49,0.15,31.82,34.34,3.91,22.4,9.85,Uruaçu,GO,Centro-Oeste,-14.52,-48.86
2020,219,0.0,0.49,0.15,31.52,38.48,3.89,20.55,9.15,Uruaçu,GO,Centro-Oeste,-14.52,-48.86
2020,220,0.0,0.49,0.15,31.97,41.66,3.98,18.55,8.32,Uruaçu,GO,Centro-Oeste,-14.52,-48.86
2020,221,0.0,0.49,0.15,30.94,45.37,3.54,18.77,8.44,Uruaçu,GO,Centro-Oeste,-14.52,-48.86
2020,222,0.0,0.49,0.15,32.54,43.43,3.2,20.12,9.02,Uruaçu,GO,Centro-Oeste,-14.52,-48.86
2020,223,0.0,0.49,0.15,33.92,37.55,2.76,21.57,9.56,Uruaçu,GO,Centro-Oeste,-14.52,-48.86
2020,224,0.0,0.49,0.15,35.02,34.96,2.31,21.73,9.68,Uruaçu,GO,Centro-Oeste,-14.52,-48.86
2020,225,0.0,0.49,0.15,35.58,35.13,3.03,22.08,9.82,Uruaçu,GO,Centro-Oeste,-14.52,-48.86
2020,226,0.0,0.49,0.14,35.56,36.02,3.32,22.46,10.03,Uruaçu,GO,Centro-Oeste,-14.52,-48.86
2020,227,0.0,0.49,0.14,36.43,37.44,2.69,22.88,10.18,Uruaçu,GO,Centro-Oeste,-14.52,-48.86
2020,228,0.0,0.49,0.14,37.16,35.41,2.11,22.79,10.2,Uruaçu,GO,Centro-Oeste,-14.52,-48.86
2020,229,0.0,0.48,0.14,37.23,32.91,1.19,20.55,9.29,Uruaçu,GO,Centro-Oeste,-14.52,-48.86
2020,230,0.0,0.48,0.14,38.31,28.9,1.65,22.19,9.98,Uruaçu,GO,Centro-Oeste,-14.52,-48.86
2020,231,0.0,0.48,0.14,38.43,32.49,1.95,22.55,10.05,Uruaçu,GO,Centro-Oeste,-14.52,-48.86
2020,232,0.0,0.48,0.14,37.66,33.92,2.14,22.73,10.25,Uruaçu,GO,Centro-Oeste,-14.52,-48.86
2020,233,0.0,0.48,0.13,38.06,32.19,1.3,22.09,9.94,Uruaçu,GO,Centro-Oeste,-14.52,-48.86
2020,234,0.0,0.48,0.13,35.89,36.9,1.77,20.64,9.34,Uruaçu,GO,Centro-Oeste,-14.52,-48.86
2020,235,0.0,0.48,0.13,35.64,41.25,2.77,20.64,9.33,Uruaçu,GO,Centro-Oeste,-14.52,-48.86
2020,236,0.0,0.48,0.13,35.07,41.53,2.52,20.58,9.45,Uruaçu,GO,Centro-Oeste,-14.52,-48.86
2020,237,0.0,0.48,0.13,36.51,39.15,2.61,21.75,9.83,Uruaçu,GO,Centro-Oeste,-14.52,-48.86
2020,238,0.0,0.48,0.13,36.48,34.5,2.77,23.24,10.34,Uruaçu,GO,Centro-Oeste,-14.52,-48.86
2020,239,0.0,0.48,0.13,35.97,24.2,2.96,24.75,10.8,Uruaçu,GO,Centro-Oeste,-14.52,-48.86
2020,240,0.0,0.48,0.13,36.56,21.2,2.83,25.26,10.82,Uruaçu,GO,Centro-Oeste,-14.52,-48.86
2020,241,0.0,0.48,0.13,36.12,31.27,3.69,24.86,10.89,Uruaçu,GO,Centro-Oeste,-14.52,-48.86
2020,242,0.0,0.48,0.13,37.43,32.73,3.26,24.37,10.88,Uruaçu,GO,Centro-Oeste,-14.52,-48.86
2020,243,0.0,0.48,0.12,37.69,30.48,2.78,23.19,10.42,Uruaçu,GO,Centro-Oeste,-14.52,-48.86
2020,244,0.0,0.48,0.12,37.66,31.56,3.89,23.72,10.61,Uruaçu,GO,Centro-Oeste,-14.52,-48.86
2020,245,0.0,0.48,0.12,36.66,26.95,4.06,24.73,10.95,Uruaçu,GO,Centro-Oeste,-14.52,-48.86
2020,246,0.0,0.48,0.12,35.36,32.11,4.11,24.68,11.08,Uruaçu,GO,Centro-Oeste,-14.52,-48.86
2020,247,0.0,0.48,0.12,35.54,33.87,3.91,25.06,11.2,Uruaçu,GO,Centro-Oeste,-14.52,-48.86
2020,248,0.0,0.48,0.12,36.25,32.85,3.18,24.87,11.06,Uruaçu,GO,Centro-Oeste,-14.52,-48.86
2020,249,0.0,0.48,0.12,36.69,33.2,3.11,25.79,11.43,Uruaçu,GO,Centro-Oeste,-14.52,-48.86
2020,250,0.0,0.48,0.12,37.12,31.23,2.87,25.78,11.44,Uruaçu,GO,Centro-Oeste,-14.52,-48.86
2020,251,0.0,0.48,0.12,37.63,29.8,3.08,25.69,11.46,Uruaçu,GO,Centro-Oeste,-14.52,-48.86
2020,252,0.0,0.48,0.12,38.6,30.25,3.2,25.68,11.51,Uruaçu,GO,Centro-Oeste,-14.52,-48.86
2020,253,0.0,0.48,0.12,38.07,30.88,3.54,26.18,11.63,Uruaçu,GO,Centro-Oeste,-14.52,-48.86
2020,254,0.0,0.48,0.12,38.34,28.48,3.26,26.47,11.63,Uruaçu,GO,Centro-Oeste,-14.52,-48.86
2020,255,0.0,0.48,0.11,38.45,25.31,3.52,26.19,11.63,Uruaçu,GO,Centro-Oeste,-14.52,-48.86
2020,256,0.0,0.48,0.11,37.6,25.08,3.64,26.19,11.5,Uruaçu,GO,Centro-Oeste,-14.52,-48.86
2020,257,0.0,0.48,0.11,36.66,30.62,4.14,26.22,11.68,Uruaçu,GO,Centro-Oeste,-14.52,-48.86
2020,258,0.0,0.48,0.11,36.53,33.05,3.31,20.68,9.3,Uruaçu,GO,Centro-Oeste,-14.52,-48.86
2020,259,0.0,0.48,0.11,37.23,30.93,3.57,26.27,11.65,Uruaçu,GO,Centro-Oeste,-14.52,-48.86
2020,260,0.0,0.48,0.11,37.46,28.36,3.19,26.49,11.9,Uruaçu,GO,Centro-Oeste,-14.52,-48.86
2020,261,0.0,0.48,0.11,38.06,27.78,1.78,21.46,9.53,Uruaçu,GO,Centro-Oeste,-14.52,-48.86
2020,262,0.0,0.48,0.11,39.62,25.12,1.47,21.21,9.29,Uruaçu,GO,Centro-Oeste,-14.52,-48.86
2020,263,0.0,0.48,0.11,40.56,22.07,0.92,20.98,9.37,Uruaçu,GO,Centro-Oeste,-14.52,-48.86
2020,264,0.0,0.48,0.11,40.59,23.27,1.19,22.73,10.05,Uruaçu,GO,Centro-Oeste,-14.52,-48.86
2020,265,9.48,0.49,0.24,38.33,40.08,1.11,13.93,6.21,Uruaçu,GO,Centro-Oeste,-14.52,-48.86
2020,266,11.26,0.52,0.58,28.85,76.3,2.77,13.89,6.34,Uruaçu,GO,Centro-Oeste,-14.52,-48.86
2020,267,0.18,0.52,0.5,34.17,64.64,3.03,17.87,8.32,Uruaçu,GO,Centro-Oeste,-14.52,-48.86
2020,268,0.0,0.52,0.49,34.4,62.81,2.42,22.38,10.31,Uruaçu,GO,Centro-Oeste,-14.52,-48.86
2020,269,0.0,0.51,0.47,36.88,52.21,2.57,25.65,11.6,Uruaçu,GO,Centro-Oeste,-14.52,-48.86
2020,270,0.0,0.51,0.44,37.69,41.17,2.37,26.16,11.76,Uruaçu,GO,Centro-Oeste,-14.52,-48.86
2020,271,0.0,0.5,0.4,38.92,35.2,2.25,26.37,11.73,Uruaçu,GO,Centro-Oeste,-14.52,-48.86
2020,272,0.0,0.5,0.36,40.12,27.63,1.81,28.16,12.43,Uruaçu,GO,Centro-Oeste,-14.52,-48.86
2020,273,0.0,0.49,0.31,41.39,22.51,2.97,28.0,12.34,Uruaçu,GO,Centro-Oeste,-14.52,-48.86
2020,274,0.0,0.49,0.28,40.74,25.37,3.98,26.09,11.68,Uruaçu,GO,Centro-Oeste,-14.52,-48.86
2020,275,0.0,0.49,0.26,39.98,27.38,3.58,26.63,11.97,Uruaçu,GO,Centro-Oeste,-14.52,-48.86
2020,276,0.0,0.49,0.25,40.71,25.5,2.61,28.52,12.55,Uruaçu,GO,Centro-Oeste,-14.52,-48.86
2020,277,0.0,0.49,0.23,41.67,23.86,2.03,28.54,12.5,Uruaçu,GO,Centro-Oeste,-14.52,-48.86
2020,278,0.0,0.49,0.22,42.61,20.52,2.38,28.14,12.54,Uruaçu,GO,Centro-Oeste,-14.52,-48.86
2020,279,0.0,0.49,0.21,41.48,21.72,3.95,27.92,12.34,Uruaçu,GO,Centro-Oeste,-14.52,-48.86
2020,280,0.0,0.49,0.2,41.3,27.64,3.19,26.74,11.95,Uruaçu,GO,Centro-Oeste,-14.52,-48.86
2020,281,0.0,0.49,0.19,42.24,23.35,2.57,27.23,12.12,Uruaçu,GO,Centro-Oeste,-14.52,-48.86
2020,282,0.0,0.49,0.18,42.51,23.59,1.16,25.22,11.11,Uruaçu,GO,Centro-Oeste,-14.52,-48.86
2020,283,0.0,0.49,0.17,42.44,24.31,1.57,22.65,10.01,Uruaçu,GO,Centro-Oeste,-14.52,-48.86
2020,284,15.98,0.5,0.4,36.42,44.48,2.21,13.94,6.07,Uruaçu,GO,Centro-Oeste,-14.52,-48.86
2020,285,15.69,0.53,0.62,33.02,74.3,1.71,6.91,3.11,Uruaçu,GO,Centro-Oeste,-14.52,-48.86
2020,286,2.78,0.54,0.55,33.19,70.87,1.0,21.43,9.39,Uruaçu,GO,Centro-Oeste,-14.52,-48.86
2020,287,4.71,0.54,0.56,33.86,66.37,1.66,21.2,9.66,Uruaçu,GO,Centro-Oeste,-14.52,-48.86
2020,288,10.07,0.55,0.61,30.46,73.1,1.71,22.55,10.32,Uruaçu,GO,Centro-Oeste,-14.52,-48.86
2020,289,2.26,0.55,0.54,36.16,59.89,1.18,25.08,11.56,Uruaçu,GO,Centro-Oeste,-14.52,-48.86
2020,290,0.34,0.55,0.52,38.02,59.45,1.46,25.11,11.53,Uruaçu,GO,Centro-Oeste,-14.52,-48.86
2020,291,0.06,0.54,0.51,37.48,52.61,1.59,25.56,11.75,Uruaçu,GO,Centro-Oeste,-14.52,-48.86
2020,292,3.26,0.54,0.52,31.13,62.0,1.72,20.23,9.31,Uruaçu,GO,Centro-Oeste,-14.52,-48.86
2020,293,2.39,0.54,0.55,31.89,70.52,3.34,8.06,4.02,Uruaçu,GO,Centro-Oeste,-14.52,-48.86
2020,294,5.14,0.54,0.56,31.77,71.55,2.56,19.36,9.0,Uruaçu,GO,Centro-Oeste,-14.52,-48.86
2020,295,1.11,0.54,0.53,34.89,62.0,1.56,18.45,8.66,Uruaçu,GO,Centro-Oeste,-14.52,-48.86
2020,296,0.87,0.54,0.51,34.65,62.81,1.9,20.34,9.51,Uruaçu,GO,Centro-Oeste,-14.52,-48.86
2020,297,14.63,0.55,0.6,31.66,68.97,1.68,18.91,8.87,Uruaçu,GO,Centro-Oeste,-14.52,-48.86
2020,298,11.52,0.58,0.64,28.29,79.74,2.51,13.62,6.56,Uruaçu,GO,Centro-Oeste,-14.52,-48.86
2020,299,0.07,0.57,0.56,33.44,68.74,2.24,23.71,10.94,Uruaçu,GO,Centro-Oeste,-14.52,-48.86
2020,300,2.44,0.57,0.56,31.17,73.92,2.31,16.56,7.82,Uruaçu,GO,Centro-Oeste,-14.52,-48.86
2020,301,1.93,0.56,0.56,31.99,72.67,1.55,22.4,10.38,Uruaçu,GO,Centro-Oeste,-14.52,-48.86
2020,302,11.8,0.58,0.64,29.97,81.21,1.81,10.21,5.02,Uruaçu,GO,Centro-Oeste,-14.52,-48.86
2020,303,11.64,0.59,0.65,28.36,79.58,1.14,18.66,8.73,Uruaçu,GO,Centro-Oeste,-14.52,-48.86
2020,304,5.36,0.59,0.63,32.54,73.83,1.38,20.45,9.56,Uruaçu,GO,Centro-Oeste,-14.52,-48.86
2020,305,7.89,0.6,0.66,29.01,84.23,2.33,9.84,4.86,Uruaçu,GO,Centro-Oeste,-14.52,-48.86
2020,306,0.84,0.6,0.62,27.76,84.3,2.06,16.53,7.83,Uruaçu,GO,Centro-Oeste,-14.52,-48.86
2020,307,9.19,0.6,0.65,29.4,82.21,1.3,12.69,6.16,Uruaçu,GO,Centro-Oeste,-14.52,-48.86
2020,308,7.21,0.61,0.68,28.45,82.58,1.21,22.71,10.6,Uruaçu,GO,Centro-Oeste,-14.52,-48.86
2020,309,8.67,0.62,0.7,29.91,74.81,0.77,18.87,8.77,Uruaçu,GO,Centro-Oeste,-14.52,-48.86
2020,310,0.15,0.61,0.64,32.28,68.17,1.2,27.32,12.62,Uruaçu,GO,Centro-Oeste,-14.52,-48.86
2020,311,6.18,0.6,0.64,33.06,72.83,1.56,25.96,11.98,Uruaçu,GO,Centro-Oeste,-14.52,-48.86
2020,312,2.83,0.61,0.65,29.82,75.08,1.31,18.4,8.67,Uruaçu,GO,Centro-Oeste,-14.52,-48.86
2020,313,0.12,0.6,0.61,33.19,69.94,1.86,25.33,11.67,Uruaçu,GO,Centro-Oeste,-14.52,-48.86
2020,314,1.01,0.59,0.59,33.1,68.41,1.34,24.87,11.56,Uruaçu,GO,Centro-Oeste,-14.52,-48.86
2020,315,3.68,0.59,0.62,28.81,78.54,1.56,21.7,10.1,Uruaçu,GO,Centro-Oeste,-14.52,-48.86
2020,316,0.66,0.59,0.59,33.75,69.79,1.35,24.6,11.34,Uruaçu,GO,Centro-Oeste,-14.52,-48.86
2020,317,14.65,0.6,0.68,31.57,74.74,1.01,17.28,8.14,Uruaçu,GO,Centro-Oeste,-14.52,-48.86
2020,318,0.59,0.6,0.62,27.64,79.97,1.25,17.34,8.07,Uruaçu,GO,Centro-Oeste,-14.52,-48.86
2020,319,0.54,0.59,0.6,32.45,71.37,1.17,19.62,9.08,Uruaçu,GO,Centro-Oeste,-14.52,-48.86
2020,320,1.58,0.59,0.6,30.98,74.5,1.02,14.34,6.9,Uruaçu,GO,Centro-Oeste,-14.52,-48.86
2020,321,12.54,0.59,0.65,31.27,74.13,1.25,23.55,10.88,Uruaçu,GO,Centro-Oeste,-14.52,-48.86
2020,322,7.7,0.61,0.69,29.38,78.84,1.0,13.79,6.67,Uruaçu,GO,Centro-Oeste,-14.52,-48.86
2020,323,21.03,0.62,0.73,30.25,78.15,1.47,19.82,9.31,Uruaçu,GO,Centro-Oeste,-14.52,-48.86
2020,324,11.99,0.65,0.74,26.84,87.31,2.12,9.61,4.73,Uruaçu,GO,Centro-Oeste,-14.52,-48.86
2020,325,0.51,0.64,0.68,29.59,82.02,1.5,19.24,9.04,Uruaçu,GO,Centro-Oeste,-14.52,-48.86
2020,326,0.04,0.63,0.66,31.83,74.13,1.22,21.35,10.06,Uruaçu,GO,Centro-Oeste,-14.52,-48.86
2020,327,0.51,0.62,0.64,31.3,77.08,1.75,23.55,10.84,Uruaçu,GO,Centro-Oeste,-14.52,-48.86
2020,328,7.4,0.61,0.67,30.65,78.83,1.6,16.06,7.69,Uruaçu,GO,Centro-Oeste,-14.52,-48.86
2020,329,8.82,0.62,0.7,29.89,76.05,3.29,23.41,10.99,Uruaçu,GO,Centro-Oeste,-14.52,-48.86
2020,330,0.47,0.61,0.64,30.09,75.28,2.9,25.25,11.64,Uruaçu,GO,Centro-Oeste,-14.52,-48.86
2020,331,0.03,0.6,0.62,30.7,71.39,2.79,27.89,12.82,Uruaçu,GO,Centro-Oeste,-14.52,-48.86
2020,332,0.0,0.6,0.59,31.75,66.2,2.48,28.32,12.89,Uruaçu,GO,Centro-Oeste,-14.52,-48.86
2020,333,0.0,0.59,0.57,33.39,66.22,2.8,28.77,13.2,Uruaçu,GO,Centro-Oeste,-14.52,-48.86
2020,334,0.0,0.58,0.55,33.18,64.47,3.36,28.97,13.2,Uruaçu,GO,Centro-Oeste,-14.52,-48.86
2020,335,0.0,0.57,0.54,33.66,58.91,2.57,25.74,11.68,Uruaçu,GO,Centro-Oeste,-14.52,-48.86
2020,336,0.0,0.56,0.52,35.3,55.16,1.8,28.24,12.86,Uruaçu,GO,Centro-Oeste,-14.52,-48.86
2020,337,0.0,0.55,0.52,35.82,49.63,1.22,28.44,13.04,Uruaçu,GO,Centro-Oeste,-14.52,-48.86
2020,338,0.09,0.54,0.51,37.71,50.38,0.99,27.17,12.37,Uruaçu,GO,Centro-Oeste,-14.52,-48.86
2020,339,0.13,0.54,0.5,36.81,53.83,1.03,20.86,9.66,Uruaçu,GO,Centro-Oeste,-14.52,-48.86
2020,340,2.97,0.54,0.51,36.54,60.8,1.18,18.62,8.72,Uruaçu,GO,Centro-Oeste,-14.52,-48.86
2020,341,7.9,0.54,0.58,30.83,76.79,1.64,20.11,9.37,Uruaçu,GO,Centro-Oeste,-14.52,-48.86
2020,342,1.36,0.55,0.54,33.51,68.63,1.17,22.01,10.28,Uruaçu,GO,Centro-Oeste,-14.52,-48.86
2020,343,2.21,0.54,0.53,31.21,69.66,1.47,19.13,8.99,Uruaçu,GO,Centro-Oeste,-14.52,-48.86
2020,344,8.3,0.56,0.6,30.71,74.72,1.48,19.67,9.28,Uruaçu,GO,Centro-Oeste,-14.52,-48.86
2020,345,21.14,0.57,0.66,28.23,79.48,1.65,17.15,8.09,Uruaçu,GO,Centro-Oeste,-14.52,-48.86
2020,346,4.29,0.59,0.62,30.68,74.32,1.31,14.36,6.85,Uruaçu,GO,Centro-Oeste,-14.52,-48.86
2020,347,4.76,0.58,0.6,31.25,75.99,1.18,13.76,6.53,Uruaçu,GO,Centro-Oeste,-14.52,-48.86
2020,348,3.29,0.59,0.61,34.36,69.07,1.09,27.27,12.52,Uruaçu,GO,Centro-Oeste,-14.52,-48.86
2020,349,0.02,0.58,0.55,35.21,60.57,1.21,30.57,13.63,Uruaçu,GO,Centro-Oeste,-14.52,-48.86
2020,350,0.0,0.57,0.53,36.32,56.13,0.97,29.12,13.11,Uruaçu,GO,Centro-Oeste,-14.52,-48.86
2020,351,0.0,0.55,0.52,37.44,53.35,1.84,26.9,12.24,Uruaçu,GO,Centro-Oeste,-14.52,-48.86
2020,352,0.37,0.55,0.51,37.51,54.15,1.41,27.21,12.35,Uruaçu,GO,Centro-Oeste,-14.52,-48.86
2020,353,0.03,0.54,0.5,37.84,52.04,1.03,28.26,12.78,Uruaçu,GO,Centro-Oeste,-14.52,-48.86
2020,354,0.0,0.53,0.49,36.1,57.38,1.12,22.35,10.39,Uruaçu,GO,Centro-Oeste,-14.52,-48.86
2020,355,3.03,0.53,0.52,29.6,74.23,1.49,17.63,8.44,Uruaçu,GO,Centro-Oeste,-14.52,-48.86
2020,356,2.57,0.53,0.52,34.61,70.09,1.63,18.02,8.48,Uruaçu,GO,Centro-Oeste,-14.52,-48.86
2020,357,8.4,0.54,0.57,31.64,76.44,1.41,14.96,7.17,Uruaçu,GO,Centro-Oeste,-14.52,-48.86
2020,358,16.81,0.56,0.65,29.96,78.83,1.19,16.66,7.93,Uruaçu,GO,Centro-Oeste,-14.52,-48.86
2020,359,7.77,0.58,0.62,30.65,77.01,1.1,18.56,8.78,Uruaçu,GO,Centro-Oeste,-14.52,-48.86
2020,360,3.5,0.58,0.59,30.59,76.56,1.73,19.13,8.97,Uruaçu,GO,Centro-Oeste,-14.52,-48.86
2020,361,2.11,0.58,0.59,30.9,73.26,1.56,15.8,7.52,Uruaçu,GO,Centro-Oeste,-14.52,-48.86
2020,362,2.64,0.57,0.57,31.77,72.32,0.83,18.68,8.85,Uruaçu,GO,Centro-Oeste,-14.52,-48.86
2020,363,1.36,0.57,0.56,35.17,65.06,2.0,21.07,9.87,Uruaçu,GO,Centro-Oeste,-14.52,-48.86
2020,364,0.0,0.56,0.53,36.56,57.94,1.57,27.7,12.49,Uruaçu,GO,Centro-Oeste,-14.52,-48.86
2020,365,0.17,0.55,0.52,35.19,57.58,1.49,27.51,12.54,Uruaçu,GO,Centro-Oeste,-14.52,-48.86
2020,366,0.92,0.54,0.51,35.36,60.31,1.41,26.91,12.51,Uruaçu,GO,Centro-Oeste,-14.52,-48.86
2021,1,1.43,0.54,0.52,36.4,62.32,1.71,24.63,11.46,Uruaçu,GO,Centro-Oeste,-14.52,-48.86
2021,2,1.19,0.54,0.52,34.46,64.45,1.6,22.78,10.57,Uruaçu,GO,Centro-Oeste,-14.52,-48.86
2021,3,12.21,0.54,0.58,36.1,64.66,1.51,25.52,11.85,Uruaçu,GO,Centro-Oeste,-14.52,-48.86
2021,4,4.57,0.56,0.58,29.32,71.24,1.83,17.65,8.29,Uruaçu,GO,Centro-Oeste,-14.52,-48.86
2021,5,0.11,0.55,0.53,35.07,59.65,1.59,24.98,11.51,Uruaçu,GO,Centro-Oeste,-14.52,-48.86
2021,6,0.15,0.54,0.51,37.33,55.01,1.64,28.71,13.21,Uruaçu,GO,Centro-Oeste,-14.52,-48.86
2021,7,1.02,0.54,0.51,35.88,62.22,1.66,26.13,12.06,Uruaçu,GO,Centro-Oeste,-14.52,-48.86
2021,8,0.49,0.54,0.51,34.4,64.72,1.72,22.45,10.39,Uruaçu,GO,Centro-Oeste,-14.52,-48.86
2021,9,4.24,0.53,0.51,37.15,58.52,1.6,26.97,12.52,Uruaçu,GO,Centro-Oeste,-14.52,-48.86
2021,10,19.78,0.56,0.67,30.94,77.22,1.34,23.13,10.76,Uruaçu,GO,Centro-Oeste,-14.52,-48.86
2021,11,2.8,0.57,0.59,31.7,73.94,1.32,17.86,8.36,Uruaçu,GO,Centro-Oeste,-14.52,-48.86
2021,12,0.13,0.56,0.54,31.38,72.04,1.17,20.03,9.29,Uruaçu,GO,Centro-Oeste,-14.52,-48.86
2021,13,3.3,0.56,0.56,31.03,71.8,0.76,20.2,9.45,Uruaçu,GO,Centro-Oeste,-14.52,-48.86
2021,14,3.36,0.56,0.58,27.21,83.31,1.18,14.72,6.99,Uruaçu,GO,Centro-Oeste,-14.52,-48.86
2021,15,6.81,0.57,0.6,30.86,76.4,1.49,19.87,9.22,Uruaçu,GO,Centro-Oeste,-14.52,-48.86
2021,16,20.58,0.59,0.71,25.07,90.03,0.84,11.03,5.34,Uruaçu,GO,Centro-Oeste,-14.52,-48.86
2021,17,6.18,0.61,0.67,30.1,77.88,0.83,18.65,8.68,Uruaçu,GO,Centro-Oeste,-14.52,-48.86
2021,18,6.96,0.6,0.65,30.13,77.45,1.27,21.95,10.31,Uruaçu,GO,Centro-Oeste,-14.52,-48.86
2021,19,6.42,0.61,0.66,32.64,71.15,1.09,19.86,9.38,Uruaçu,GO,Centro-Oeste,-14.52,-48.86
2021,20,2.2,0.6,0.61,32.71,66.53,1.51,25.64,11.88,Uruaçu,GO,Centro-Oeste,-14.52,-48.86
2021,21,0.07,0.59,0.58,33.36,61.84,1.69,27.36,12.72,Uruaçu,GO,Centro-Oeste,-14.52,-48.86
2021,22,0.04,0.58,0.56,34.75,59.48,1.42,25.67,11.97,Uruaçu,GO,Centro-Oeste,-14.52,-48.86
2021,23,0.03,0.57,0.55,34.58,61.35,1.44,27.4,12.72,Uruaçu,GO,Centro-Oeste,-14.52,-48.86
2021,24,0.01,0.56,0.53,35.57,58.98,1.41,26.56,12.32,Uruaçu,GO,Centro-Oeste,-14.52,-48.86
2021,25,0.2,0.55,0.52,34.2,57.3,0.97,26.38,12.15,Uruaçu,GO,Centro-Oeste,-14.52,-48.86
2021,26,3.53,0.55,0.55,33.0,67.23,1.39,22.92,10.69,Uruaçu,GO,Centro-Oeste,-14.52,-48.86
2021,27,3.85,0.56,0.57,32.59,70.21,1.43,24.24,11.22,Uruaçu,GO,Centro-Oeste,-14.52,-48.86
2021,28,0.37,0.55,0.53,35.12,60.18,1.25,24.56,11.34,Uruaçu,GO,Centro-Oeste,-14.52,-48.86
2021,29,0.53,0.54,0.51,35.72,55.32,0.81,22.96,10.61,Uruaçu,GO,Centro-Oeste,-14.52,-48.86
2021,30,0.45,0.54,0.51,36.72,55.55,1.8,23.64,10.94,Uruaçu,GO,Centro-Oeste,-14.52,-48.86
2021,31,0.15,0.53,0.49,37.05,52.9,0.67,22.89,10.62,Uruaçu,GO,Centro-Oeste,-14.52,-48.86
2021,32,1.89,0.53,0.51,34.76,57.16,0.73,23.41,10.75,Uruaçu,GO,Centro-Oeste,-14.52,-48.86
2021,33,2.72,0.53,0.52,36.31,63.21,1.24,25.38,11.67,Uruaçu,GO,Centro-Oeste,-14.52,-48.86
2021,34,3.08,0.53,0.53,32.84,65.5,0.78,22.58,10.49,Uruaçu,GO,Centro-Oeste,-14.52,-48.86
2021,35,1.16,0.53,0.5,35.79,62.73,1.14,23.35,10.84,Uruaçu,GO,Centro-Oeste,-14.52,-48.86
2021,36,3.92,0.53,0.53,29.15,79.07,1.64,23.34,10.84,Uruaçu,GO,Centro-Oeste,-14.52,-48.86
2021,37,9.67,0.54,0.59,29.54,82.04,1.79,2.98,1.6,Uruaçu,GO,Centro-Oeste,-14.52,-48.86
2021,38,11.76,0.55,0.61,28.47,82.62,3.15,10.01,4.91,Uruaçu,GO,Centro-Oeste,-14.52,-48.86
2021,39,3.49,0.56,0.58,29.3,79.41,2.27,10.31,5.03,Uruaçu,GO,Centro-Oeste,-14.52,-48.86
2021,40,1.35,0.56,0.54,32.79,69.5,1.22,23.09,10.69,Uruaçu,GO,Centro-Oeste,-14.52,-48.86
2021,41,0.55,0.55,0.53,33.78,66.91,1.09,23.46,10.85,Uruaçu,GO,Centro-Oeste,-14.52,-48.86
2021,42,10.08,0.56,0.6,31.25,74.54,1.11,19.45,9.0,Uruaçu,GO,Centro-Oeste,-14.52,-48.86
2021,43,21.68,0.57,0.67,28.48,82.37,1.17,4.85,2.49,Uruaçu,GO,Centro-Oeste,-14.52,-48.86
2021,44,3.28,0.6,0.64,28.19,79.61,1.59,17.26,8.06,Uruaçu,GO,Centro-Oeste,-14.52,-48.86
2021,45,30.98,0.62,0.76,27.7,87.84,1.23,18.43,8.57,Uruaçu,GO,Centro-Oeste,-14.52,-48.86
2021,46,18.85,0.65,0.77,30.04,84.22,1.52,17.74,8.32,Uruaçu,GO,Centro-Oeste,-14.52,-48.86
2021,47,15.95,0.68,0.78,27.1,89.01,1.23,14.99,7.07,Uruaçu,GO,Centro-Oeste,-14.52,-48.86
2021,48,13.45,0.68,0.76,29.37,83.6,1.29,15.15,7.14,Uruaçu,GO,Centro-Oeste,-14.52,-48.86
2021,49,7.85,0.69,0.76,28.04,86.85,1.37,11.89,5.75,Uruaçu,GO,Centro-Oeste,-14.52,-48.86
2021,50,14.04,0.7,0.78,29.33,85.29,2.13,18.05,8.38,Uruaçu,GO,Centro-Oeste,-14.52,-48.86
2021,51,21.63,0.71,0.8,28.6,88.03,1.87,16.17,7.66,Uruaçu,GO,Centro-Oeste,-14.52,-48.86
2021,52,27.2,0.75,0.85,26.74,90.77,2.23,10.99,5.39,Uruaçu,GO,Centro-Oeste,-14.52,-48.86
2021,53,1.0,0.75,0.78,29.17,80.77,0.97,18.31,8.57,Uruaçu,GO,Centro-Oeste,-14.52,-48.86
2021,54,17.55,0.75,0.82,29.23,80.49,0.8,21.5,10.03,Uruaçu,GO,Centro-Oeste,-14.52,-48.86
2021,55,5.14,0.76,0.8,29.5,82.37,1.09,22.79,10.59,Uruaçu,GO,Centro-Oeste,-14.52,-48.86
2021,56,5.96,0.75,0.79,29.78,79.32,0.84,22.33,10.38,Uruaçu,GO,Centro-Oeste,-14.52,-48.86
2021,57,9.14,0.76,0.81,27.67,86.33,1.07,10.26,4.99,Uruaçu,GO,Centro-Oeste,-14.52,-48.86
2021,58,13.09,0.76,0.82,26.44,84.92,1.17,10.15,4.95,Uruaçu,GO,Centro-Oeste,-14.52,-48.86
2021,59,15.05,0.79,0.85,26.37,87.49,1.79,17.86,8.3,Uruaçu,GO,Centro-Oeste,-14.52,-48.86
2021,60,3.1,0.78,0.81,27.93,82.63,2.1,18.01,8.32,Uruaçu,GO,Centro-Oeste,-14.52,-48.86
2021,61,12.5,0.8,0.85,25.32,88.97,1.62,11.55,5.64,Uruaçu,GO,Centro-Oeste,-14.52,-48.86
2021,62,0.04,0.79,0.81,29.43,76.63,1.75,24.91,11.43,Uruaçu,GO,Centro-Oeste,-14.52,-48.86
2021,63,0.53,0.78,0.8,30.23,78.19,1.52,23.91,11.02,Uruaçu,GO,Centro-Oeste,-14.52,-48.86
2021,64,1.14,0.77,0.79,30.54,80.58,1.27,25.44,11.74,Uruaçu,GO,Centro-Oeste,-14.52,-48.86
2021,65,0.3,0.76,0.78,30.16,79.78,1.35,20.57,9.58,Uruaçu,GO,Centro-Oeste,-14.52,-48.86
2021,66,0.09,0.75,0.78,28.17,83.67,1.11,25.64,11.85,Uruaçu,GO,Centro-Oeste,-14.52,-48.86
2021,67,3.39,0.74,0.78,27.3,85.97,1.17,12.49,5.87,Uruaçu,GO,Centro-Oeste,-14.52,-48.86
2021,68,3.99,0.74,0.78,28.81,83.82,1.23,22.63,10.48,Uruaçu,GO,Centro-Oeste,-14.52,-48.86
2021,69,3.92,0.74,0.79,25.45,82.77,0.83,18.53,8.65,Uruaçu,GO,Centro-Oeste,-14.52,-48.86
2021,70,1.53,0.74,0.77,29.0,78.57,0.97,13.92,6.64,Uruaçu,GO,Centro-Oeste,-14.52,-48.86
2021,71,22.82,0.75,0.83,29.7,80.64,0.88,17.89,8.36,Uruaçu,GO,Centro-Oeste,-14.52,-48.86
2021,72,6.91,0.76,0.8,30.11,80.89,1.15,17.52,8.26,Uruaçu,GO,Centro-Oeste,-14.52,-48.86
2021,73,12.36,0.76,0.82,29.55,80.48,0.92,16.39,7.72,Uruaçu,GO,Centro-Oeste,-14.52,-48.86
2021,74,2.76,0.76,0.79,29.5,79.38,1.53,20.28,9.53,Uruaçu,GO,Centro-Oeste,-14.52,-48.86
2021,75,1.74,0.76,0.79,28.34,82.24,1.14,19.05,8.95,Uruaçu,GO,Centro-Oeste,-14.52,-48.86
2021,76,4.96,0.75,0.79,28.53,81.74,0.92,11.39,5.47,Uruaçu,GO,Centro-Oeste,-14.52,-48.86
2021,77,15.56,0.75,0.82,28.92,84.16,1.28,16.77,7.8,Uruaçu,GO,Centro-Oeste,-14.52,-48.86
2021,78,10.43,0.77,0.83,27.2,87.57,1.05,15.01,7.02,Uruaçu,GO,Centro-Oeste,-14.52,-48.86
2021,79,7.25,0.77,0.81,30.0,81.55,1.7,23.33,10.9,Uruaçu,GO,Centro-Oeste,-14.52,-48.86
2021,80,2.05,0.77,0.8,29.11,80.03,1.8,23.49,10.9,Uruaçu,GO,Centro-Oeste,-14.52,-48.86
2021,81,0.07,0.76,0.79,26.99,82.22,2.03,18.78,8.69,Uruaçu,GO,Centro-Oeste,-14.52,-48.86
2021,82,0.0,0.75,0.77,30.44,75.5,1.81,22.33,10.2,Uruaçu,GO,Centro-Oeste,-14.52,-48.86
2021,83,0.0,0.73,0.76,30.89,70.93,1.84,25.75,11.73,Uruaçu,GO,Centro-Oeste,-14.52,-48.86
2021,84,0.0,0.72,0.75,29.9,70.2,2.01,22.54,10.32,Uruaçu,GO,Centro-Oeste,-14.52,-48.86
2021,85,0.0,0.71,0.74,29.93,69.54,1.34,24.61,11.19,Uruaçu,GO,Centro-Oeste,-14.52,-48.86
2021,86,0.0,0.7,0.73,30.62,70.97,1.08,24.29,11.05,Uruaçu,GO,Centro-Oeste,-14.52,-48.86
2021,87,0.0,0.69,0.72,30.95,67.74,1.35,23.94,10.93,Uruaçu,GO,Centro-Oeste,-14.52,-48.86
2021,88,0.03,0.68,0.72,29.87,66.43,0.87,25.0,11.53,Uruaçu,GO,Centro-Oeste,-14.52,-48.86
2021,89,0.47,0.67,0.71,31.52,60.23,0.67,25.58,11.79,Uruaçu,GO,Centro-Oeste,-14.52,-48.86
2021,90,0.42,0.66,0.7,31.43,65.98,1.12,25.09,11.62,Uruaçu,GO,Centro-Oeste,-14.52,-48.86
2021,91,1.68,0.65,0.69,31.63,69.71,1.07,24.13,11.25,Uruaçu,GO,Centro-Oeste,-14.52,-48.86
2021,92,5.45,0.64,0.7,30.29,79.94,1.63,15.11,7.04,Uruaçu,GO,Centro-Oeste,-14.52,-48.86
2021,93,2.55,0.65,0.7,28.4,86.0,1.44,15.6,7.32,Uruaçu,GO,Centro-Oeste,-14.52,-48.86
2021,94,1.88,0.64,0.68,30.61,77.17,1.73,18.82,8.74,Uruaçu,GO,Centro-Oeste,-14.52,-48.86
2021,95,19.13,0.64,0.74,30.19,82.61,2.17,20.56,9.52,Uruaçu,GO,Centro-Oeste,-14.52,-48.86
2021,96,8.82,0.67,0.75,27.12,85.83,1.74,12.04,5.72,Uruaçu,GO,Centro-Oeste,-14.52,-48.86
2021,97,31.66,0.7,0.81,27.78,87.61,2.0,17.4,8.16,Uruaçu,GO,Centro-Oeste,-14.52,-48.86
2021,98,17.75,0.72,0.8,25.86,87.49,2.31,10.55,5.09,Uruaçu,GO,Centro-Oeste,-14.52,-48.86
2021,99,10.69,0.73,0.8,25.55,85.48,2.5,18.97,8.86,Uruaçu,GO,Centro-Oeste,-14.52,-48.86
2021,100,0.25,0.73,0.76,29.33,72.35,2.39,24.35,11.12,Uruaçu,GO,Centro-Oeste,-14.52,-48.86
2021,101,0.33,0.72,0.75,28.54,66.23,1.52,20.83,9.54,Uruaçu,GO,Centro-Oeste,-14.52,-48.86
2021,102,2.64,0.71,0.75,28.68,76.12,1.22,19.08,8.88,Uruaçu,GO,Centro-Oeste,-14.52,-48.86
2021,103,2.4,0.7,0.75,30.15,76.76,1.31,18.53,8.68,Uruaçu,GO,Centro-Oeste,-14.52,-48.86
2021,104,0.22,0.7,0.74,27.65,75.28,1.45,17.67,8.18,Uruaçu,GO,Centro-Oeste,-14.52,-48.86
2021,105,0.12,0.69,0.72,29.58,69.41,1.57,17.6,8.15,Uruaçu,GO,Centro-Oeste,-14.52,-48.86
2021,106,0.03,0.68,0.71,29.5,72.04,1.46,22.21,10.29,Uruaçu,GO,Centro-Oeste,-14.52,-48.86
2021,107,0.26,0.67,0.7,29.64,72.1,1.07,19.71,9.15,Uruaçu,GO,Centro-Oeste,-14.52,-48.86
2021,108,9.62,0.67,0.73,28.56,79.08,1.12,18.85,8.82,Uruaçu,GO,Centro-Oeste,-14.52,-48.86
2021,109,11.29,0.69,0.77,28.14,83.61,0.94,14.24,6.7,Uruaçu,GO,Centro-Oeste,-14.52,-48.86
2021,110,1.06,0.68,0.72,27.73,79.44,0.75,16.32,7.65,Uruaçu,GO,Centro-Oeste,-14.52,-48.86
2021,111,0.09,0.68,0.71,28.29,72.7,0.87,19.31,8.96,Uruaçu,GO,Centro-Oeste,-14.52,-48.86
2021,112,0.01,0.67,0.7,28.63,66.67,1.14,22.55,10.44,Uruaçu,GO,Centro-Oeste,-14.52,-48.86
2021,113,0.35,0.66,0.69,29.19,64.62,1.02,21.32,9.87,Uruaçu,GO,Centro-Oeste,-14.52,-48.86
2021,114,0.85,0.65,0.68,29.73,72.24,1.32,22.33,10.36,Uruaçu,GO,Centro-Oeste,-14.52,-48.86
2021,115,0.32,0.64,0.67,30.68,70.59,1.39,20.75,9.55,Uruaçu,GO,Centro-Oeste,-14.52,-48.86
2021,116,3.1,0.64,0.68,26.57,82.53,0.78,19.67,8.96,Uruaçu,GO,Centro-Oeste,-14.52,-48.86
2021,117,0.32,0.64,0.67,29.77,76.67,0.87,19.61,9.01,Uruaçu,GO,Centro-Oeste,-14.52,-48.86
2021,118,1.28,0.63,0.66,30.41,75.96,0.92,19.56,9.1,Uruaçu,GO,Centro-Oeste,-14.52,-48.86
2021,119,7.49,0.63,0.7,27.38,88.0,1.54,14.97,7.01,Uruaçu,GO,Centro-Oeste,-14.52,-48.86
2021,120,0.14,0.63,0.67,28.52,83.64,1.93,15.39,7.16,Uruaçu,GO,Centro-Oeste,-14.52,-48.86
2021,121,0.06,0.63,0.66,26.96,80.09,2.27,14.19,6.56,Uruaçu,GO,Centro-Oeste,-14.52,-48.86
2021,122,0.0,0.62,0.65,28.53,76.56,1.89,18.29,8.43,Uruaçu,GO,Centro-Oeste,-14.52,-48.86
2021,123,0.0,0.61,0.64,29.09,67.31,1.7,22.82,10.23,Uruaçu,GO,Centro-Oeste,-14.52,-48.86
2021,124,0.0,0.6,0.62,29.31,71.75,1.8,22.57,10.05,Uruaçu,GO,Centro-Oeste,-14.52,-48.86
2021,125,0.0,0.59,0.61,29.78,71.63,1.8,21.88,9.66,Uruaçu,GO,Centro-Oeste,-14.52,-48.86
2021,126,0.1,0.59,0.59,30.16,72.58,1.33,20.59,9.33,Uruaçu,GO,Centro-Oeste,-14.52,-48.86
2021,127,0.03,0.58,0.58,31.05,69.57,0.94,20.64,9.4,Uruaçu,GO,Centro-Oeste,-14.52,-48.86
2021,128,0.0,0.57,0.57,32.54,64.78,1.45,20.15,9.24,Uruaçu,GO,Centro-Oeste,-14.52,-48.86
2021,129,0.0,0.57,0.55,31.56,63.29,2.39,21.31,9.61,Uruaçu,GO,Centro-Oeste,-14.52,-48.86
2021,130,0.0,0.56,0.55,31.13,60.34,2.27,21.42,9.59,Uruaçu,GO,Centro-Oeste,-14.52,-48.86
2021,131,0.0,0.56,0.54,30.7,62.79,2.03,21.34,9.6,Uruaçu,GO,Centro-Oeste,-14.52,-48.86
2021,132,0.0,0.55,0.53,31.08,64.5,1.8,19.49,8.77,Uruaçu,GO,Centro-Oeste,-14.52,-48.86
2021,133,0.0,0.55,0.52,31.92,62.49,0.87,19.56,8.81,Uruaçu,GO,Centro-Oeste,-14.52,-48.86
2021,134,0.0,0.54,0.52,32.32,58.8,1.29,19.71,8.87,Uruaçu,GO,Centro-Oeste,-14.52,-48.86
2021,135,0.0,0.54,0.51,32.17,59.36,1.76,18.77,8.35,Uruaçu,GO,Centro-Oeste,-14.52,-48.86
2021,136,0.0,0.54,0.5,31.33,59.77,1.46,18.46,8.28,Uruaçu,GO,Centro-Oeste,-14.52,-48.86
2021,137,0.0,0.53,0.49,32.21,59.47,1.37,16.55,7.46,Uruaçu,GO,Centro-Oeste,-14.52,-48.86
2021,138,0.0,0.53,0.49,29.18,62.08,1.04,15.87,7.2,Uruaçu,GO,Centro-Oeste,-14.52,-48.86
2021,139,0.0,0.53,0.48,32.88,56.1,1.54,19.74,8.87,Uruaçu,GO,Centro-Oeste,-14.52,-48.86
2021,140,0.0,0.52,0.47,33.16,59.96,1.68,19.91,8.98,Uruaçu,GO,Centro-Oeste,-14.52,-48.86
2021,141,0.0,0.52,0.46,33.61,61.48,1.69,20.04,9.01,Uruaçu,GO,Centro-Oeste,-14.52,-48.86
2021,142,0.0,0.52,0.46,33.46,61.0,1.63,17.58,7.91,Uruaçu,GO,Centro-Oeste,-14.52,-48.86
2021,143,0.0,0.52,0.45,34.39,60.29,1.24,19.18,8.68,Uruaçu,GO,Centro-Oeste,-14.52,-48.86
2021,144,0.0,0.51,0.45,33.53,58.82,1.33,16.07,7.36,Uruaçu,GO,Centro-Oeste,-14.52,-48.86
2021,145,0.0,0.51,0.44,35.97,55.1,1.59,19.24,8.8,Uruaçu,GO,Centro-Oeste,-14.52,-48.86
2021,146,0.0,0.51,0.43,35.62,54.67,1.63,19.78,9.06,Uruaçu,GO,Centro-Oeste,-14.52,-48.86
2021,147,0.0,0.5,0.42,35.81,53.05,1.37,18.94,8.69,Uruaçu,GO,Centro-Oeste,-14.52,-48.86
2021,148,0.0,0.5,0.41,34.82,55.3,1.93,17.96,8.23,Uruaçu,GO,Centro-Oeste,-14.52,-48.86
2021,149,0.0,0.5,0.4,34.37,53.76,1.19,14.47,6.61,Uruaçu,GO,Centro-Oeste,-14.52,-48.86
2021,150,0.0,0.5,0.38,35.1,49.98,1.03,18.37,8.41,Uruaçu,GO,Centro-Oeste,-14.52,-48.86
2021,151,0.0,0.5,0.36,34.75,44.61,1.55,15.08,6.92,Uruaçu,GO,Centro-Oeste,-14.52,-48.86
2021,152,0.0,0.5,0.34,35.11,45.94,1.07,19.11,8.7,Uruaçu,GO,Centro-Oeste,-14.52,-48.86
2021,153,0.0,0.49,0.32,35.23,44.42,1.63,18.88,8.56,Uruaçu,GO,Centro-Oeste,-14.52,-48.86
2021,154,0.28,0.49,0.31,35.14,43.26,2.55,19.26,8.7,Uruaçu,GO,Centro-Oeste,-14.52,-48.86
2021,155,0.0,0.49,0.29,34.39,41.85,3.33,19.81,8.87,Uruaçu,GO,Centro-Oeste,-14.52,-48.86
2021,156,0.0,0.49,0.29,33.52,47.93,2.87,18.7,8.47,Uruaçu,GO,Centro-Oeste,-14.52,-48.86
2021,157,0.0,0.49,0.28,33.9,44.56,2.74,14.52,6.64,Uruaçu,GO,Centro-Oeste,-14.52,-48.86
2021,158,0.0,0.49,0.27,34.48,41.99,1.76,18.49,8.37,Uruaçu,GO,Centro-Oeste,-14.52,-48.86
2021,159,0.0,0.49,0.26,35.16,45.05,1.51,19.12,8.6,Uruaçu,GO,Centro-Oeste,-14.52,-48.86
2021,160,0.0,0.49,0.25,35.95,42.22,1.39,19.17,8.66,Uruaçu,GO,Centro-Oeste,-14.52,-48.86
2021,161,0.01,0.49,0.24,35.23,40.54,1.89,18.89,8.6,Uruaçu,GO,Centro-Oeste,-14.52,-48.86
2021,162,0.0,0.49,0.23,34.42,43.6,1.62,16.35,7.47,Uruaçu,GO,Centro-Oeste,-14.52,-48.86
2021,163,0.0,0.49,0.23,32.91,49.9,1.71,16.59,7.56,Uruaçu,GO,Centro-Oeste,-14.52,-48.86
2021,164,0.25,0.49,0.23,33.59,47.65,1.57,16.49,7.55,Uruaçu,GO,Centro-Oeste,-14.52,-48.86
2021,165,2.38,0.49,0.25,33.18,54.26,1.83,14.4,6.61,Uruaçu,GO,Centro-Oeste,-14.52,-48.86
2021,166,3.23,0.5,0.39,30.76,68.85,1.69,13.04,5.99,Uruaçu,GO,Centro-Oeste,-14.52,-48.86
2021,167,0.04,0.5,0.38,33.49,55.04,1.29,18.7,8.43,Uruaçu,GO,Centro-Oeste,-14.52,-48.86
2021,168,0.0,0.5,0.35,33.64,39.14,2.07,19.4,8.55,Uruaçu,GO,Centro-Oeste,-14.52,-48.86
2021,169,0.0,0.49,0.32,33.9,43.34,2.09,18.69,8.33,Uruaçu,GO,Centro-Oeste,-14.52,-48.86
2021,170,0.0,0.49,0.3,34.02,41.37,1.96,17.6,7.83,Uruaçu,GO,Centro-Oeste,-14.52,-48.86
2021,171,0.0,0.49,0.28,33.9,44.97,1.39,17.4,7.83,Uruaçu,GO,Centro-Oeste,-14.52,-48.86
2021,172,0.0,0.49,0.27,34.93,42.68,1.26,18.26,8.22,Uruaçu,GO,Centro-Oeste,-14.52,-48.86
2021,173,0.49,0.49,0.27,35.04,38.71,2.29,19.66,8.63,Uruaçu,GO,Centro-Oeste,-14.52,-48.86
2021,174,0.0,0.49,0.26,34.93,35.93,2.67,19.39,8.6,Uruaçu,GO,Centro-Oeste,-14.52,-48.86
2021,175,0.0,0.49,0.25,34.78,39.75,2.13,19.71,8.7,Uruaçu,GO,Centro-Oeste,-14.52,-48.86
2021,176,0.0,0.49,0.24,34.47,40.55,1.93,18.33,8.15,Uruaçu,GO,Centro-Oeste,-14.52,-48.86
2021,177,0.0,0.49,0.23,33.05,32.22,3.2,20.33,8.85,Uruaçu,GO,Centro-Oeste,-14.52,-48.86
2021,178,0.0,0.49,0.22,32.43,34.23,2.09,20.21,8.8,Uruaçu,GO,Centro-Oeste,-14.52,-48.86
2021,179,0.0,0.49,0.22,32.56,41.26,2.04,19.65,8.74,Uruaçu,GO,Centro-Oeste,-14.52,-48.86
2021,180,0.0,0.49,0.21,31.89,38.01,2.45,19.8,8.73,Uruaçu,GO,Centro-Oeste,-14.52,-48.86
2021,181,0.0,0.49,0.21,31.35,48.13,2.24,19.9,8.77,Uruaçu,GO,Centro-Oeste,-14.52,-48.86
2021,182,0.0,0.49,0.21,33.42,41.68,2.73,19.98,8.79,Uruaçu,GO,Centro-Oeste,-14.52,-48.86
2021,183,0.0,0.49,0.2,33.68,46.21,2.59,19.66,8.85,Uruaçu,GO,Centro-Oeste,-14.52,-48.86
2021,184,0.0,0.49,0.2,32.86,43.94,2.16,19.73,8.82,Uruaçu,GO,Centro-Oeste,-14.52,-48.86
2021,185,0.0,0.49,0.2,32.13,37.0,2.58,20.09,8.91,Uruaçu,GO,Centro-Oeste,-14.52,-48.86
2021,186,0.0,0.49,0.19,33.21,35.91,1.94,19.77,8.7,Uruaçu,GO,Centro-Oeste,-14.52,-48.86
2021,187,0.0,0.49,0.19,33.54,43.02,1.56,20.35,8.89,Uruaçu,GO,Centro-Oeste,-14.52,-48.86
2021,188,0.0,0.49,0.19,33.54,38.43,1.52,20.47,8.91,Uruaçu,GO,Centro-Oeste,-14.52,-48.86
2021,189,0.0,0.49,0.18,33.31,32.1,1.4,20.08,8.74,Uruaçu,GO,Centro-Oeste,-14.52,-48.86
2021,190,0.0,0.49,0.18,33.2,34.65,2.18,20.49,8.91,Uruaçu,GO,Centro-Oeste,-14.52,-48.86
2021,191,0.0,0.49,0.18,32.89,33.22,2.5,20.7,8.97,Uruaçu,GO,Centro-Oeste,-14.52,-48.86
2021,192,0.0,0.49,0.17,32.99,33.1,1.84,20.13,8.79,Uruaçu,GO,Centro-Oeste,-14.52,-48.86
2021,193,0.0,0.49,0.17,33.72,34.72,2.38,20.5,8.95,Uruaçu,GO,Centro-Oeste,-14.52,-48.86
2021,194,0.0,0.49,0.17,33.3,34.52,3.01,20.51,9.01,Uruaçu,GO,Centro-Oeste,-14.52,-48.86
2021,195,0.0,0.49,0.17,33.06,38.34,2.58,20.63,9.09,Uruaçu,GO,Centro-Oeste,-14.52,-48.86
2021,196,0.0,0.49,0.17,34.72,35.34,1.77,20.6,9.1,Uruaçu,GO,Centro-Oeste,-14.52,-48.86
2021,197,0.0,0.49,0.16,35.13,38.02,1.67,20.71,9.11,Uruaçu,GO,Centro-Oeste,-14.52,-48.86
2021,198,0.0,0.49,0.16,35.24,34.53,1.35,20.08,8.85,Uruaçu,GO,Centro-Oeste,-14.52,-48.86
2021,199,0.0,0.49,0.16,35.95,29.62,1.86,19.9,8.72,Uruaçu,GO,Centro-Oeste,-14.52,-48.86
2021,200,0.55,0.49,0.18,35.0,38.49,2.58,20.09,8.88,Uruaçu,GO,Centro-Oeste,-14.52,-48.86
2021,201,0.0,0.49,0.17,35.37,20.88,2.81,20.96,9.11,Uruaçu,GO,Centro-Oeste,-14.52,-48.86
2021,202,0.0,0.49,0.17,35.09,28.64,2.69,19.07,8.5,Uruaçu,GO,Centro-Oeste,-14.52,-48.86
2021,203,0.0,0.49,0.17,34.22,34.59,3.37,18.97,8.51,Uruaçu,GO,Centro-Oeste,-14.52,-48.86
2021,204,0.0,0.49,0.17,31.28,38.85,3.74,19.14,8.57,Uruaçu,GO,Centro-Oeste,-14.52,-48.86
2021,205,0.0,0.49,0.17,32.97,37.19,3.45,21.12,9.29,Uruaçu,GO,Centro-Oeste,-14.52,-48.86
2021,206,0.0,0.49,0.16,33.38,34.35,2.87,21.45,9.47,Uruaçu,GO,Centro-Oeste,-14.52,-48.86
2021,207,0.0,0.49,0.16,34.04,35.54,2.43,21.33,9.36,Uruaçu,GO,Centro-Oeste,-14.52,-48.86
2021,208,0.0,0.49,0.16,34.72,33.38,1.82,21.48,9.51,Uruaçu,GO,Centro-Oeste,-14.52,-48.86
2021,209,0.0,0.49,0.16,35.38,31.71,1.5,21.0,9.2,Uruaçu,GO,Centro-Oeste,-14.52,-48.86
2021,210,0.0,0.49,0.16,32.69,37.46,3.26,19.97,8.63,Uruaçu,GO,Centro-Oeste,-14.52,-48.86
2021,211,0.0,0.49,0.16,34.38,26.53,2.1,20.32,8.74,Uruaçu,GO,Centro-Oeste,-14.52,-48.86
2021,212,0.0,0.49,0.15,34.93,31.36,2.91,19.58,8.34,Uruaçu,GO,Centro-Oeste,-14.52,-48.86
2021,213,0.0,0.49,0.15,34.37,36.63,3.61,20.96,9.4,Uruaçu,GO,Centro-Oeste,-14.52,-48.86
2021,214,0.0,0.49,0.15,33.42,36.57,3.32,22.08,9.71,Uruaçu,GO,Centro-Oeste,-14.52,-48.86
2021,215,0.0,0.49,0.15,35.1,31.87,2.12,21.97,9.74,Uruaçu,GO,Centro-Oeste,-14.52,-48.86
2021,216,0.0,0.49,0.15,34.97,30.61,2.43,19.84,8.85,Uruaçu,GO,Centro-Oeste,-14.52,-48.86
2021,217,0.0,0.49,0.15,32.8,32.73,4.11,20.84,9.23,Uruaçu,GO,Centro-Oeste,-14.52,-48.86
2021,218,0.0,0.49,0.15,32.62,38.0,3.43,18.48,8.35,Uruaçu,GO,Centro-Oeste,-14.52,-48.86
2021,219,0.0,0.49,0.15,30.16,43.6,3.51,14.69,6.72,Uruaçu,GO,Centro-Oeste,-14.52,-48.86
2021,220,0.0,0.49,0.15,32.66,34.23,3.24,21.91,9.74,Uruaçu,GO,Centro-Oeste,-14.52,-48.86
2021,221,0.0,0.49,0.14,33.64,33.73,2.6,20.66,9.17,Uruaçu,GO,Centro-Oeste,-14.52,-48.86
2021,222,0.0,0.49,0.14,35.15,32.04,1.94,21.84,9.76,Uruaçu,GO,Centro-Oeste,-14.52,-48.86
2021,223,0.29,0.49,0.15,36.24,30.53,1.55,22.0,9.81,Uruaçu,GO,Centro-Oeste,-14.52,-48.86
2021,224,0.0,0.49,0.15,36.92,27.44,2.32,22.6,10.07,Uruaçu,GO,Centro-Oeste,-14.52,-48.86
2021,225,0.19,0.49,0.15,36.18,26.9,3.63,22.88,10.11,Uruaçu,GO,Centro-Oeste,-14.52,-48.86
2021,226,0.01,0.49,0.15,35.93,25.42,3.25,23.03,10.22,Uruaçu,GO,Centro-Oeste,-14.52,-48.86
2021,227,0.0,0.49,0.15,36.7,26.1,3.07,22.69,10.03,Uruaçu,GO,Centro-Oeste,-14.52,-48.86
2021,228,0.0,0.49,0.15,36.57,27.17,2.98,22.06,9.82,Uruaçu,GO,Centro-Oeste,-14.52,-48.86
2021,229,0.0,0.49,0.14,36.11,27.43,3.8,22.57,10.01,Uruaçu,GO,Centro-Oeste,-14.52,-48.86
2021,230,0.0,0.49,0.14,35.27,31.09,3.93,23.02,10.29,Uruaçu,GO,Centro-Oeste,-14.52,-48.86
2021,231,0.0,0.49,0.14,34.23,33.91,3.56,23.17,10.4,Uruaçu,GO,Centro-Oeste,-14.52,-48.86
2021,232,0.0,0.48,0.14,34.43,31.45,3.51,22.59,10.03,Uruaçu,GO,Centro-Oeste,-14.52,-48.86
2021,233,0.0,0.48,0.14,34.79,28.43,3.03,23.07,10.23,Uruaçu,GO,Centro-Oeste,-14.52,-48.86
2021,234,0.0,0.48,0.14,35.86,31.88,2.99,23.87,10.6,Uruaçu,GO,Centro-Oeste,-14.52,-48.86
2021,235,0.0,0.48,0.14,36.63,27.86,2.26,23.8,10.56,Uruaçu,GO,Centro-Oeste,-14.52,-48.86
2021,236,0.0,0.48,0.14,37.03,28.81,2.61,23.47,10.49,Uruaçu,GO,Centro-Oeste,-14.52,-48.86
2021,237,0.0,0.48,0.13,37.02,26.81,2.23,22.44,10.08,Uruaçu,GO,Centro-Oeste,-14.52,-48.86
2021,238,0.0,0.48,0.13,37.24,24.1,1.18,20.88,9.26,Uruaçu,GO,Centro-Oeste,-14.52,-48.86
2021,239,0.0,0.48,0.13,38.14,26.29,3.7,19.91,8.8,Uruaçu,GO,Centro-Oeste,-14.52,-48.86
2021,240,0.0,0.48,0.13,36.29,28.45,4.03,23.35,10.49,Uruaçu,GO,Centro-Oeste,-14.52,-48.86
2021,241,0.0,0.48,0.13,36.4,33.36,3.74,22.77,10.21,Uruaçu,GO,Centro-Oeste,-14.52,-48.86
2021,242,0.06,0.48,0.13,36.42,33.42,3.0,20.1,9.07,Uruaçu,GO,Centro-Oeste,-14.52,-48.86
2021,243,0.27,0.48,0.14,35.76,33.07,3.55,19.97,9.03,Uruaçu,GO,Centro-Oeste,-14.52,-48.86
2021,244,0.01,0.48,0.13,34.79,33.57,3.22,20.98,9.51,Uruaçu,GO,Centro-Oeste,-14.52,-48.86
2021,245,0.0,0.48,0.13,35.67,29.8,2.27,18.92,8.57,Uruaçu,GO,Centro-Oeste,-14.52,-48.86
2021,246,0.0,0.48,0.13,36.3,30.31,1.7,22.04,9.9,Uruaçu,GO,Centro-Oeste,-14.52,-48.86
2021,247,0.0,0.48,0.13,37.85,28.81,1.99,23.63,10.61,Uruaçu,GO,Centro-Oeste,-14.52,-48.86
2021,248,0.0,0.48,0.13,38.68,24.64,1.77,21.47,9.66,Uruaçu,GO,Centro-Oeste,-14.52,-48.86
2021,249,0.0,0.48,0.13,39.46,20.67,0.84,23.86,10.66,Uruaçu,GO,Centro-Oeste,-14.52,-48.86
2021,250,0.0,0.48,0.13,40.59,21.03,2.06,21.87,9.66,Uruaçu,GO,Centro-Oeste,-14.52,-48.86
2021,251,0.0,0.48,0.12,37.71,25.56,2.1,24.23,10.92,Uruaçu,GO,Centro-Oeste,-14.52,-48.86
2021,252,0.0,0.48,0.12,39.65,21.26,2.97,23.93,10.69,Uruaçu,GO,Centro-Oeste,-14.52,-48.86
2021,253,0.0,0.48,0.12,39.75,17.14,2.19,23.33,10.12,Uruaçu,GO,Centro-Oeste,-14.52,-48.86
2021,254,0.0,0.48,0.12,40.66,19.08,2.28,24.16,10.57,Uruaçu,GO,Centro-Oeste,-14.52,-48.86
2021,255,0.01,0.48,0.12,40.6,20.1,2.73,24.23,10.6,Uruaçu,GO,Centro-Oeste,-14.52,-48.86
2021,256,0.0,0.48,0.12,39.22,21.05,2.85,24.61,10.82,Uruaçu,GO,Centro-Oeste,-14.52,-48.86
2021,257,0.0,0.48,0.12,39.86,22.39,1.89,22.46,9.75,Uruaçu,GO,Centro-Oeste,-14.52,-48.86
2021,258,0.01,0.48,0.12,40.27,20.84,2.51,24.77,10.86,Uruaçu,GO,Centro-Oeste,-14.52,-48.86
2021,259,0.0,0.48,0.11,40.02,20.1,3.38,25.03,10.98,Uruaçu,GO,Centro-Oeste,-14.52,-48.86
2021,260,0.0,0.48,0.11,37.81,23.26,4.08,25.99,11.5,Uruaçu,GO,Centro-Oeste,-14.52,-48.86
2021,261,0.0,0.48,0.11,37.98,17.62,3.36,26.78,11.65,Uruaçu,GO,Centro-Oeste,-14.52,-48.86
2021,262,0.0,0.48,0.11,38.95,13.11,3.26,26.85,11.73,Uruaçu,GO,Centro-Oeste,-14.52,-48.86
2021,263,0.0,0.48,0.11,40.34,18.96,2.83,26.16,11.59,Uruaçu,GO,Centro-Oeste,-14.52,-48.86
2021,264,0.0,0.48,0.11,40.8,22.96,2.4,23.62,10.41,Uruaçu,GO,Centro-Oeste,-14.52,-48.86
2021,265,0.0,0.48,0.11,41.15,21.57,1.38,21.89,9.41,Uruaçu,GO,Centro-Oeste,-14.52,-48.86
2021,266,0.65,0.48,0.12,39.9,24.6,2.45,19.05,8.13,Uruaçu,GO,Centro-Oeste,-14.52,-48.86
2021,267,3.73,0.49,0.21,38.74,35.71,2.8,17.65,7.71,Uruaçu,GO,Centro-Oeste,-14.52,-48.86
2021,268,0.58,0.49,0.28,37.92,37.93,1.35,17.1,7.64,Uruaçu,GO,Centro-Oeste,-14.52,-48.86
2021,269,0.27,0.49,0.28,37.01,38.9,1.95,13.0,5.97,Uruaçu,GO,Centro-Oeste,-14.52,-48.86
2021,270,0.53,0.49,0.27,38.54,34.71,2.43,19.31,8.66,Uruaçu,GO,Centro-Oeste,-14.52,-48.86
2021,271,0.0,0.49,0.26,38.99,30.92,2.29,22.71,10.24,Uruaçu,GO,Centro-Oeste,-14.52,-48.86
2021,272,0.55,0.49,0.24,37.16,32.68,1.48,21.46,9.83,Uruaçu,GO,Centro-Oeste,-14.52,-48.86
2021,273,0.76,0.49,0.27,38.47,36.41,0.89,24.23,11.01,Uruaçu,GO,Centro-Oeste,-14.52,-48.86
2021,274,2.47,0.49,0.3,37.57,36.75,0.78,23.6,10.75,Uruaçu,GO,Centro-Oeste,-14.52,-48.86
2021,275,1.04,0.49,0.34,38.67,41.23,2.19,20.79,9.47,Uruaçu,GO,Centro-Oeste,-14.52,-48.86
2021,276,1.42,0.5,0.35,37.71,47.39,2.11,21.45,9.73,Uruaçu,GO,Centro-Oeste,-14.52,-48.86
2021,277,0.12,0.49,0.33,39.14,43.93,2.41,20.03,9.02,Uruaçu,GO,Centro-Oeste,-14.52,-48.86
2021,278,0.05,0.49,0.3,40.64,36.22,2.29,24.38,10.91,Uruaçu,GO,Centro-Oeste,-14.52,-48.86
2021,279,0.01,0.49,0.27,40.49,33.92,1.84,24.81,11.13,Uruaçu,GO,Centro-Oeste,-14.52,-48.86
2021,280,0.0,0.49,0.24,39.13,29.17,2.11,25.08,11.34,Uruaçu,GO,Centro-Oeste,-14.52,-48.86
2021,281,0.31,0.49,0.23,38.01,33.32,2.09,20.83,9.51,Uruaçu,GO,Centro-Oeste,-14.52,-48.86
2021,282,4.09,0.49,0.28,38.09,40.06,1.77,18.97,8.67,Uruaçu,GO,Centro-Oeste,-14.52,-48.86
2021,283,5.32,0.5,0.42,36.74,50.2,2.02,16.19,7.52,Uruaçu,GO,Centro-Oeste,-14.52,-48.86
2021,284,0.91,0.5,0.48,37.16,52.59,2.35,15.28,7.14,Uruaçu,GO,Centro-Oeste,-14.52,-48.86
2021,285,1.59,0.5,0.44,36.99,47.45,1.26,20.37,9.35,Uruaçu,GO,Centro-Oeste,-14.52,-48.86
2021,286,2.75,0.5,0.45,35.85,53.26,1.18,19.76,9.08,Uruaçu,GO,Centro-Oeste,-14.52,-48.86
2021,287,3.78,0.5,0.48,34.44,60.55,1.72,14.16,6.67,Uruaçu,GO,Centro-Oeste,-14.52,-48.86
2021,288,0.38,0.5,0.47,36.66,59.07,1.92,25.0,11.4,Uruaçu,GO,Centro-Oeste,-14.52,-48.86
2021,289,10.87,0.51,0.53,30.61,64.37,1.18,11.05,5.33,Uruaçu,GO,Centro-Oeste,-14.52,-48.86
2021,290,1.79,0.52,0.5,36.53,59.96,1.47,24.77,11.49,Uruaçu,GO,Centro-Oeste,-14.52,-48.86
2021,291,13.19,0.53,0.58,32.32,66.12,1.51,12.66,6.12,Uruaçu,GO,Centro-Oeste,-14.52,-48.86
2021,292,1.63,0.54,0.54,32.02,69.09,1.3,18.4,8.67,Uruaçu,GO,Centro-Oeste,-14.52,-48.86
2021,293,0.08,0.53,0.5,35.73,59.89,1.75,25.51,11.72,Uruaçu,GO,Centro-Oeste,-14.52,-48.86
2021,294,7.54,0.53,0.55,33.97,64.52,1.23,20.27,9.3,Uruaçu,GO,Centro-Oeste,-14.52,-48.86
2021,295,9.46,0.55,0.59,32.13,68.77,1.47,17.84,8.26,Uruaçu,GO,Centro-Oeste,-14.52,-48.86
2021,296,0.1,0.54,0.52,35.06,63.21,2.23,21.1,9.74,Uruaçu,GO,Centro-Oeste,-14.52,-48.86
2021,297,0.65,0.54,0.51,32.83,71.38,1.54,20.59,9.27,Uruaçu,GO,Centro-Oeste,-14.52,-48.86
2021,298,2.38,0.54,0.54,32.15,70.02,1.41,21.41,9.9,Uruaçu,GO,Centro-Oeste,-14.52,-48.86
2021,299,2.07,0.53,0.51,35.7,61.79,1.53,20.74,9.67,Uruaçu,GO,Centro-Oeste,-14.52,-48.86
2021,300,3.19,0.54,0.55,34.62,64.3,2.33,27.29,12.66,Uruaçu,GO,Centro-Oeste,-14.52,-48.86
2021,301,0.0,0.53,0.5,36.99,53.75,2.63,26.54,12.17,Uruaçu,GO,Centro-Oeste,-14.52,-48.86
2021,302,0.01,0.53,0.48,36.75,51.35,2.2,26.98,12.43,Uruaçu,GO,Centro-Oeste,-14.52,-48.86
2021,303,0.31,0.52,0.48,36.32,55.24,1.5,21.81,10.04,Uruaçu,GO,Centro-Oeste,-14.52,-48.86
2021,304,29.34,0.55,0.66,29.02,78.36,1.32,12.43,5.93,Uruaçu,GO,Centro-Oeste,-14.52,-48.86
2021,305,4.01,0.57,0.58,31.21,72.89,2.24,11.19,5.33,Uruaçu,GO,Centro-Oeste,-14.52,-48.86
2021,306,15.92,0.58,0.65,28.96,77.1,1.55,18.57,8.42,Uruaçu,GO,Centro-Oeste,-14.52,-48.86
2021,307,3.14,0.59,0.64,27.52,81.93,1.75,12.79,6.03,Uruaçu,GO,Centro-Oeste,-14.52,-48.86
2021,308,3.69,0.59,0.62,27.63,83.89,1.7,17.07,7.95,Uruaçu,GO,Centro-Oeste,-14.52,-48.86
2021,309,3.36,0.59,0.61,30.91,78.83,1.24,12.13,5.8,Uruaçu,GO,Centro-Oeste,-14.52,-48.86
2021,310,12.26,0.59,0.67,31.36,78.44,1.2,21.8,10.07,Uruaçu,GO,Centro-Oeste,-14.52,-48.86
2021,311,4.78,0.6,0.66,28.81,83.18,1.36,20.52,9.5,Uruaçu,GO,Centro-Oeste,-14.52,-48.86
2021,312,18.61,0.61,0.71,27.61,81.16,0.93,18.52,8.7,Uruaçu,GO,Centro-Oeste,-14.52,-48.86
2021,313,17.88,0.65,0.77,28.37,84.65,1.52,14.75,7.04,Uruaçu,GO,Centro-Oeste,-14.52,-48.86
2021,314,14.14,0.66,0.76,27.57,84.66,2.85,13.58,6.51,Uruaçu,GO,Centro-Oeste,-14.52,-48.86
2021,315,2.75,0.66,0.72,27.86,86.69,1.75,17.68,8.27,Uruaçu,GO,Centro-Oeste,-14.52,-48.86
2021,316,13.29,0.67,0.75,27.75,84.39,1.21,14.4,6.92,Uruaçu,GO,Centro-Oeste,-14.52,-48.86
2021,317,2.06,0.67,0.72,29.01,82.99,1.19,19.69,9.25,Uruaçu,GO,Centro-Oeste,-14.52,-48.86
2021,318,8.0,0.67,0.74,27.1,87.6,1.87,15.17,7.16,Uruaçu,GO,Centro-Oeste,-14.52,-48.86
2021,319,17.75,0.69,0.79,28.7,84.4,2.43,15.6,7.38,Uruaçu,GO,Centro-Oeste,-14.52,-48.86
2021,320,17.06,0.71,0.8,28.38,82.93,2.25,17.0,8.09,Uruaçu,GO,Centro-Oeste,-14.52,-48.86
2021,321,17.33,0.72,0.81,28.25,81.62,1.83,21.89,10.23,Uruaçu,GO,Centro-Oeste,-14.52,-48.86
2021,322,30.39,0.76,0.87,27.96,83.39,1.34,9.19,4.54,Uruaçu,GO,Centro-Oeste,-14.52,-48.86
2021,323,16.88,0.77,0.84,27.78,86.23,1.1,21.31,9.96,Uruaçu,GO,Centro-Oeste,-14.52,-48.86
2021,324,8.96,0.79,0.84,26.39,85.75,1.18,18.72,8.83,Uruaçu,GO,Centro-Oeste,-14.52,-48.86
2021,325,2.93,0.79,0.82,28.29,84.24,1.07,17.88,8.46,Uruaçu,GO,Centro-Oeste,-14.52,-48.86
2021,326,1.99,0.78,0.81,29.38,85.49,1.65,16.99,8.02,Uruaçu,GO,Centro-Oeste,-14.52,-48.86
2021,327,4.41,0.78,0.82,28.6,84.32,1.12,19.43,9.1,Uruaçu,GO,Centro-Oeste,-14.52,-48.86
2021,328,1.52,0.78,0.8,30.46,79.08,1.31,24.47,11.25,Uruaçu,GO,Centro-Oeste,-14.52,-48.86
2021,329,0.0,0.76,0.78,31.39,75.02,2.11,28.97,13.21,Uruaçu,GO,Centro-Oeste,-14.52,-48.86
2021,330,0.0,0.75,0.77,30.68,76.81,1.0,26.01,11.99,Uruaçu,GO,Centro-Oeste,-14.52,-48.86
2021,331,2.29,0.74,0.77,28.7,84.2,2.1,23.47,10.79,Uruaçu,GO,Centro-Oeste,-14.52,-48.86
2021,332,10.08,0.74,0.8,29.7,84.3,2.38,12.66,6.09,Uruaçu,GO,Centro-Oeste,-14.52,-48.86
2021,333,11.81,0.75,0.82,25.35,93.71,1.75,10.09,4.94,Uruaçu,GO,Centro-Oeste,-14.52,-48.86
2021,334,1.9,0.76,0.79,27.85,84.04,1.24,19.89,9.35,Uruaçu,GO,Centro-Oeste,-14.52,-48.86
2021,335,4.46,0.75,0.79,28.27,87.13,1.35,10.75,5.28,Uruaçu,GO,Centro-Oeste,-14.52,-48.86
2021,336,33.37,0.78,0.88,28.79,87.14,1.11,16.28,7.73,Uruaçu,GO,Centro-Oeste,-14.52,-48.86
2021,337,3.16,0.79,0.82,25.94,86.5,1.8,19.46,9.0,Uruaçu,GO,Centro-Oeste,-14.52,-48.86
2021,338,24.5,0.8,0.87,29.95,84.68,1.61,18.79,8.85,Uruaçu,GO,Centro-Oeste,-14.52,-48.86
2021,339,2.07,0.82,0.83,28.09,85.86,2.04,19.62,9.23,Uruaçu,GO,Centro-Oeste,-14.52,-48.86
2021,340,7.46,0.81,0.83,29.45,84.01,1.58,20.66,9.65,Uruaçu,GO,Centro-Oeste,-14.52,-48.86
2021,341,6.58,0.81,0.83,29.52,81.38,1.33,22.21,10.43,Uruaçu,GO,Centro-Oeste,-14.52,-48.86
2021,342,5.16,0.8,0.83,29.23,83.11,1.23,11.15,5.53,Uruaçu,GO,Centro-Oeste,-14.52,-48.86
2021,343,12.91,0.81,0.85,28.98,84.34,1.16,14.52,6.86,Uruaçu,GO,Centro-Oeste,-14.52,-48.86
2021,344,1.88,0.81,0.82,29.38,84.12,1.71,22.56,10.56,Uruaçu,GO,Centro-Oeste,-14.52,-48.86
2021,345,6.4,0.8,0.83,29.6,85.78,1.47,16.33,7.74,Uruaçu,GO,Centro-Oeste,-14.52,-48.86
2021,346,2.91,0.8,0.82,27.66,90.25,1.41,14.55,6.96,Uruaçu,GO,Centro-Oeste,-14.52,-48.86
2021,347,8.66,0.8,0.84,28.52,86.0,0.91,13.33,6.38,Uruaçu,GO,Centro-Oeste,-14.52,-48.86
2021,348,9.03,0.81,0.84,29.36,83.8,1.12,17.3,8.1,Uruaçu,GO,Centro-Oeste,-14.52,-48.86
2021,349,4.73,0.81,0.83,27.41,84.75,1.28,12.86,6.23,Uruaçu,GO,Centro-Oeste,-14.52,-48.86
2021,350,9.48,0.81,0.85,28.95,86.37,1.5,14.21,6.78,Uruaçu,GO,Centro-Oeste,-14.52,-48.86
2021,351,9.95,0.81,0.84,28.65,82.38,1.2,20.13,9.42,Uruaçu,GO,Centro-Oeste,-14.52,-48.86
2021,352,3.7,0.82,0.84,27.21,88.64,1.88,15.02,7.17,Uruaçu,GO,Centro-Oeste,-14.52,-48.86
2021,353,3.28,0.81,0.83,27.9,85.36,1.08,12.66,6.15,Uruaçu,GO,Centro-Oeste,-14.52,-48.86
2021,354,3.57,0.81,0.83,29.59,82.99,1.24,21.3,9.99,Uruaçu,GO,Centro-Oeste,-14.52,-48.86
2021,355,12.71,0.81,0.85,29.24,87.35,2.15,16.68,7.92,Uruaçu,GO,Centro-Oeste,-14.52,-48.86
2021,356,7.7,0.82,0.84,29.51,86.97,2.14,19.51,9.22,Uruaçu,GO,Centro-Oeste,-14.52,-48.86
2021,357,34.06,0.84,0.9,26.31,92.47,2.37,13.59,6.56,Uruaçu,GO,Centro-Oeste,-14.52,-48.86
2021,358,34.12,0.89,0.92,26.89,89.97,1.2,7.96,3.97,Uruaçu,GO,Centro-Oeste,-14.52,-48.86
2021,359,1.36,0.89,0.87,30.22,85.43,1.95,21.36,10.0,Uruaçu,GO,Centro-Oeste,-14.52,-48.86
2021,360,1.45,0.88,0.86,28.13,80.54,3.02,27.29,12.81,Uruaçu,GO,Centro-Oeste,-14.52,-48.86
2021,361,11.19,0.87,0.88,28.5,88.08,2.98,16.99,8.18,Uruaçu,GO,Centro-Oeste,-14.52,-48.86
2021,362,18.91,0.89,0.9,24.77,90.16,2.01,13.18,6.42,Uruaçu,GO,Centro-Oeste,-14.52,-48.86
2021,363,12.75,0.9,0.9,28.16,88.4,1.61,14.28,6.84,Uruaçu,GO,Centro-Oeste,-14.52,-48.86
2021,364,14.6,0.91,0.91,26.34,87.34,0.68,8.39,4.2,Uruaçu,GO,Centro-Oeste,-14.52,-48.86
2021,365,17.37,0.93,0.92,24.39,92.53,1.76,14.04,6.65,Uruaçu,GO,Centro-Oeste,-14.52,-48.86
2022,1,27.76,0.94,0.93,26.95,89.68,1.88,8.34,4.17,Uruaçu,GO,Centro-Oeste,-14.52,-48.86
2022,2,28.65,0.97,0.94,25.79,88.51,1.88,16.98,8.04,Uruaçu,GO,Centro-Oeste,-14.52,-48.86
2022,3,57.66,0.98,0.96,27.72,87.84,1.45,21.31,10.06,Uruaçu,GO,Centro-Oeste,-14.52,-48.86
2022,4,16.66,1.0,0.96,26.84,92.01,1.71,12.27,5.92,Uruaçu,GO,Centro-Oeste,-14.52,-48.86
2022,5,3.23,0.99,0.95,27.76,85.82,1.53,23.54,10.96,Uruaçu,GO,Centro-Oeste,-14.52,-48.86
2022,6,23.14,0.98,0.95,27.38,89.24,1.97,11.71,5.68,Uruaçu,GO,Centro-Oeste,-14.52,-48.86
2022,7,42.25,1.0,0.97,26.36,92.25,2.18,8.96,4.38,Uruaçu,GO,Centro-Oeste,-14.52,-48.86
2022,8,19.72,1.0,0.97,25.19,92.46,2.38,10.97,5.37,Uruaçu,GO,Centro-Oeste,-14.52,-48.86
2022,9,25.24,1.0,0.98,24.48,94.14,2.16,12.23,5.95,Uruaçu,GO,Centro-Oeste,-14.52,-48.86
2022,10,9.74,1.0,0.97,26.44,92.7,2.36,10.18,5.07,Uruaçu,GO,Centro-Oeste,-14.52,-48.86
2022,11,32.36,1.0,0.98,25.4,92.23,1.61,10.75,5.25,Uruaçu,GO,Centro-Oeste,-14.52,-48.86
2022,12,11.21,1.0,0.97,25.65,91.94,1.78,14.3,6.85,Uruaçu,GO,Centro-Oeste,-14.52,-48.86
2022,13,0.69,1.0,0.96,27.59,87.89,1.43,22.26,10.31,Uruaçu,GO,Centro-Oeste,-14.52,-48.86
2022,14,0.04,0.99,0.94,29.65,82.57,1.8,28.91,13.38,Uruaçu,GO,Centro-Oeste,-14.52,-48.86
2022,15,0.03,0.97,0.92,29.47,79.88,2.43,30.19,13.78,Uruaçu,GO,Centro-Oeste,-14.52,-48.86
2022,16,0.0,0.96,0.91,29.34,76.96,1.71,29.65,13.56,Uruaçu,GO,Centro-Oeste,-14.52,-48.86
2022,17,2.88,0.95,0.91,27.76,82.18,1.97,24.22,11.21,Uruaçu,GO,Centro-Oeste,-14.52,-48.86
2022,18,6.07,0.94,0.91,29.1,83.2,1.59,19.7,9.15,Uruaçu,GO,Centro-Oeste,-14.52,-48.86
2022,19,2.71,0.93,0.9,29.33,78.45,1.59,27.9,12.86,Uruaçu,GO,Centro-Oeste,-14.52,-48.86
2022,20,0.11,0.92,0.89,29.97,75.93,1.77,28.87,13.25,Uruaçu,GO,Centro-Oeste,-14.52,-48.86
2022,21,0.17,0.9,0.88,30.09,76.7,1.38,24.42,11.37,Uruaçu,GO,Centro-Oeste,-14.52,-48.86
2022,22,1.07,0.89,0.87,30.21,80.38,1.77,27.93,12.92,Uruaçu,GO,Centro-Oeste,-14.52,-48.86
2022,23,5.58,0.88,0.87,29.98,81.2,2.2,27.77,12.7,Uruaçu,GO,Centro-Oeste,-14.52,-48.86
2022,24,5.76,0.87,0.87,30.22,79.14,1.61,23.92,11.07,Uruaçu,GO,Centro-Oeste,-14.52,-48.86
2022,25,3.17,0.87,0.87,29.07,81.67,1.18,21.5,9.94,Uruaçu,GO,Centro-Oeste,-14.52,-48.86
2022,26,21.93,0.88,0.9,26.03,87.43,1.72,9.07,4.41,Uruaçu,GO,Centro-Oeste,-14.52,-48.86
2022,27,7.19,0.89,0.88,28.14,82.74,1.16,17.74,8.22,Uruaçu,GO,Centro-Oeste,-14.52,-48.86
2022,28,4.87,0.88,0.87,27.31,85.88,2.11,22.61,10.32,Uruaçu,GO,Centro-Oeste,-14.52,-48.86
2022,29,2.87,0.88,0.87,27.65,86.76,2.43,22.21,10.21,Uruaçu,GO,Centro-Oeste,-14.52,-48.86
2022,30,1.06,0.87,0.86,27.24,87.4,2.79,22.87,10.65,Uruaçu,GO,Centro-Oeste,-14.52,-48.86
2022,31,12.37,0.87,0.88,26.29,89.45,1.08,10.8,5.22,Uruaçu,GO,Centro-Oeste,-14.52,-48.86
2022,32,8.95,0.87,0.88,26.56,86.18,1.28,20.48,9.55,Uruaçu,GO,Centro-Oeste,-14.52,-48.86
2022,33,19.14,0.88,0.9,28.07,83.41,1.17,22.4,10.45,Uruaçu,GO,Centro-Oeste,-14.52,-48.86
2022,34,9.73,0.9,0.89,27.68,82.94,1.15,18.91,8.83,Uruaçu,GO,Centro-Oeste,-14.52,-48.86
2022,35,35.23,0.91,0.92,27.58,82.18,1.07,25.67,11.92,Uruaçu,GO,Centro-Oeste,-14.52,-48.86
2022,36,6.69,0.92,0.9,29.43,81.21,0.71,21.68,10.1,Uruaçu,GO,Centro-Oeste,-14.52,-48.86
2022,37,16.5,0.93,0.92,27.84,84.45,1.46,17.26,8.13,Uruaçu,GO,Centro-Oeste,-14.52,-48.86
2022,38,3.85,0.93,0.9,27.64,84.27,0.91,15.94,7.42,Uruaçu,GO,Centro-Oeste,-14.52,-48.86
2022,39,33.98,0.94,0.93,28.66,82.49,0.92,22.4,10.31,Uruaçu,GO,Centro-Oeste,-14.52,-48.86
2022,40,39.23,0.97,0.95,26.38,88.64,1.31,19.48,9.02,Uruaçu,GO,Centro-Oeste,-14.52,-48.86
2022,41,15.21,0.99,0.95,27.44,84.89,1.06,14.35,6.78,Uruaçu,GO,Centro-Oeste,-14.52,-48.86
2022,42,18.23,0.99,0.95,25.72,87.27,0.91,16.04,7.59,Uruaçu,GO,Centro-Oeste,-14.52,-48.86
2022,43,23.36,1.0,0.96,28.24,82.56,0.8,22.81,10.71,Uruaçu,GO,Centro-Oeste,-14.52,-48.86
2022,44,16.03,1.0,0.96,26.56,85.75,0.79,14.72,6.97,Uruaçu,GO,Centro-Oeste,-14.52,-48.86
2022,45,3.97,0.99,0.95,28.19,87.58,1.56,21.73,10.08,Uruaçu,GO,Centro-Oeste,-14.52,-48.86
2022,46,6.42,0.99,0.95,27.59,85.52,0.82,16.82,7.96,Uruaçu,GO,Centro-Oeste,-14.52,-48.86
2022,47,2.03,0.98,0.94,29.0,85.56,1.11,20.52,9.47,Uruaçu,GO,Centro-Oeste,-14.52,-48.86
2022,48,2.35,0.98,0.93,25.31,91.04,1.04,15.48,7.28,Uruaçu,GO,Centro-Oeste,-14.52,-48.86
2022,49,4.66,0.97,0.93,27.69,85.76,1.49,15.88,7.46,Uruaçu,GO,Centro-Oeste,-14.52,-48.86
2022,50,13.38,0.98,0.94,25.28,92.22,1.42,12.21,5.85,Uruaçu,GO,Centro-Oeste,-14.52,-48.86
2022,51,1.58,0.98,0.93,28.31,83.24,1.09,18.05,8.45,Uruaçu,GO,Centro-Oeste,-14.52,-48.86
2022,52,1.44,0.97,0.92,27.29,85.3,1.31,18.07,8.49,Uruaçu,GO,Centro-Oeste,-14.52,-48.86
2022,53,3.23,0.96,0.92,27.81,83.38,1.5,21.69,10.06,Uruaçu,GO,Centro-Oeste,-14.52,-48.86
2022,54,8.98,0.96,0.93,27.47,82.81,1.24,25.05,11.63,Uruaçu,GO,Centro-Oeste,-14.52,-48.86
2022,55,2.74,0.96,0.92,29.03,80.7,1.15,18.64,8.72,Uruaçu,GO,Centro-Oeste,-14.52,-48.86
2022,56,1.27,0.95,0.91,30.26,82.99,1.85,26.77,12.46,Uruaçu,GO,Centro-Oeste,-14.52,-48.86
2022,57,0.05,0.93,0.89,29.95,82.51,2.21,27.25,12.64,Uruaçu,GO,Centro-Oeste,-14.52,-48.86
2022,58,0.0,0.92,0.89,29.81,80.5,2.01,26.7,12.41,Uruaçu,GO,Centro-Oeste,-14.52,-48.86
2022,59,0.0,0.9,0.88,30.16,76.32,1.77,25.96,12.08,Uruaçu,GO,Centro-Oeste,-14.52,-48.86
2022,60,1.73,0.89,0.87,30.08,78.32,1.78,25.56,11.87,Uruaçu,GO,Centro-Oeste,-14.52,-48.86
2022,61,0.96,0.88,0.87,29.2,82.33,1.75,25.0,11.67,Uruaçu,GO,Centro-Oeste,-14.52,-48.86
2022,62,3.15,0.87,0.87,25.44,86.09,0.99,16.35,7.65,Uruaçu,GO,Centro-Oeste,-14.52,-48.86
2022,63,1.89,0.87,0.86,28.34,83.28,1.36,20.93,9.71,Uruaçu,GO,Centro-Oeste,-14.52,-48.86
2022,64,6.84,0.87,0.87,28.61,82.87,1.9,23.85,11.11,Uruaçu,GO,Centro-Oeste,-14.52,-48.86
2022,65,7.08,0.87,0.87,27.97,84.74,2.15,16.53,7.74,Uruaçu,GO,Centro-Oeste,-14.52,-48.86
2022,66,5.94,0.87,0.87,26.33,87.66,1.49,16.25,7.57,Uruaçu,GO,Centro-Oeste,-14.52,-48.86
2022,67,2.22,0.86,0.86,29.11,82.66,1.86,18.82,8.76,Uruaçu,GO,Centro-Oeste,-14.52,-48.86
2022,68,0.11,0.85,0.85,29.94,78.72,1.74,24.84,11.39,Uruaçu,GO,Centro-Oeste,-14.52,-48.86
2022,69,1.46,0.84,0.84,30.08,78.06,1.61,22.97,10.57,Uruaçu,GO,Centro-Oeste,-14.52,-48.86
2022,70,0.76,0.83,0.84,30.39,78.9,1.1,23.45,10.83,Uruaçu,GO,Centro-Oeste,-14.52,-48.86
2022,71,0.3,0.82,0.83,29.83,84.55,1.37,13.67,6.44,Uruaçu,GO,Centro-Oeste,-14.52,-48.86
2022,72,0.19,0.81,0.82,29.23,79.5,1.2,22.71,10.57,Uruaçu,GO,Centro-Oeste,-14.52,-48.86
2022,73,0.29,0.8,0.82,29.41,80.63,1.14,14.48,6.83,Uruaçu,GO,Centro-Oeste,-14.52,-48.86
2022,74,6.57,0.8,0.83,28.2,83.87,0.83,15.76,7.47,Uruaçu,GO,Centro-Oeste,-14.52,-48.86
2022,75,5.83,0.8,0.83,29.56,84.03,1.42,17.86,8.41,Uruaçu,GO,Centro-Oeste,-14.52,-48.86
2022,76,4.67,0.8,0.83,28.86,85.27,2.11,23.26,10.85,Uruaçu,GO,Centro-Oeste,-14.52,-48.86
2022,77,7.05,0.79,0.82,29.95,79.3,1.38,16.73,7.93,Uruaçu,GO,Centro-Oeste,-14.52,-48.86
2022,78,0.4,0.79,0.81,30.17,78.25,1.79,24.76,11.48,Uruaçu,GO,Centro-Oeste,-14.52,-48.86
2022,79,2.75,0.78,0.8,30.09,75.49,1.6,25.25,11.59,Uruaçu,GO,Centro-Oeste,-14.52,-48.86
2022,80,1.28,0.77,0.79,30.1,79.06,1.74,20.72,9.56,Uruaçu,GO,Centro-Oeste,-14.52,-48.86
2022,81,0.17,0.76,0.78,29.63,80.22,2.37,24.02,11.03,Uruaçu,GO,Centro-Oeste,-14.52,-48.86
2022,82,0.02,0.74,0.77,29.89,79.64,2.37,23.27,10.69,Uruaçu,GO,Centro-Oeste,-14.52,-48.86
2022,83,10.7,0.74,0.8,29.94,78.56,1.68,23.32,10.78,Uruaçu,GO,Centro-Oeste,-14.52,-48.86
2022,84,4.52,0.75,0.79,29.63,76.38,1.31,20.75,9.66,Uruaçu,GO,Centro-Oeste,-14.52,-48.86
2022,85,1.11,0.74,0.77,30.22,76.01,1.43,24.27,11.21,Uruaçu,GO,Centro-Oeste,-14.52,-48.86
2022,86,2.27,0.72,0.76,30.54,73.49,1.57,23.01,10.8,Uruaçu,GO,Centro-Oeste,-14.52,-48.86
2022,87,0.67,0.72,0.75,30.66,73.98,1.3,23.03,10.75,Uruaçu,GO,Centro-Oeste,-14.52,-48.86
2022,88,0.1,0.71,0.74,29.39,78.8,1.78,21.76,10.13,Uruaçu,GO,Centro-Oeste,-14.52,-48.86
2022,89,2.83,0.7,0.74,29.71,74.9,0.96,20.77,9.6,Uruaçu,GO,Centro-Oeste,-14.52,-48.86
2022,90,0.12,0.69,0.72,30.79,75.9,1.35,24.87,11.58,Uruaçu,GO,Centro-Oeste,-14.52,-48.86
2022,91,1.13,0.68,0.72,30.39,76.18,1.18,23.53,10.88,Uruaçu,GO,Centro-Oeste,-14.52,-48.86
2022,92,0.29,0.67,0.7,30.4,72.43,1.79,24.76,11.31,Uruaçu,GO,Centro-Oeste,-14.52,-48.86
2022,93,0.03,0.66,0.68,30.23,71.97,2.0,25.11,11.36,Uruaçu,GO,Centro-Oeste,-14.52,-48.86
2022,94,0.01,0.65,0.67,30.66,66.76,1.55,23.51,10.72,Uruaçu,GO,Centro-Oeste,-14.52,-48.86
2022,95,0.0,0.64,0.66,31.17,63.22,1.33,24.38,11.06,Uruaçu,GO,Centro-Oeste,-14.52,-48.86
2022,96,0.02,0.62,0.65,31.81,64.83,1.35,22.83,10.45,Uruaçu,GO,Centro-Oeste,-14.52,-48.86
2022,97,3.11,0.62,0.65,31.71,71.56,1.25,22.28,10.28,Uruaçu,GO,Centro-Oeste,-14.52,-48.86
2022,98,5.82,0.62,0.68,31.09,72.01,1.07,20.17,9.39,Uruaçu,GO,Centro-Oeste,-14.52,-48.86
2022,99,0.61,0.61,0.64,31.33,72.13,1.02,21.46,9.96,Uruaçu,GO,Centro-Oeste,-14.52,-48.86
2022,100,1.98,0.61,0.64,31.18,76.95,1.26,22.25,10.35,Uruaçu,GO,Centro-Oeste,-14.52,-48.86
2022,101,2.74,0.6,0.64,31.34,73.55,0.93,18.39,8.63,Uruaçu,GO,Centro-Oeste,-14.52,-48.86
2022,102,13.1,0.61,0.7,28.49,80.0,0.91,12.34,5.94,Uruaçu,GO,Centro-Oeste,-14.52,-48.86
2022,103,0.19,0.62,0.65,30.3,78.19,0.92,18.76,8.84,Uruaçu,GO,Centro-Oeste,-14.52,-48.86
2022,104,4.19,0.61,0.66,31.25,78.0,1.33,18.33,8.6,Uruaçu,GO,Centro-Oeste,-14.52,-48.86
2022,105,0.09,0.61,0.64,30.69,78.82,1.64,19.09,8.93,Uruaçu,GO,Centro-Oeste,-14.52,-48.86
2022,106,0.03,0.6,0.61,31.45,73.89,1.46,21.56,10.08,Uruaçu,GO,Centro-Oeste,-14.52,-48.86
2022,107,0.0,0.59,0.6,30.29,77.55,2.09,17.78,8.35,Uruaçu,GO,Centro-Oeste,-14.52,-48.86
2022,108,0.0,0.58,0.59,29.25,75.57,1.76,21.04,9.8,Uruaçu,GO,Centro-Oeste,-14.52,-48.86
2022,109,0.78,0.58,0.59,30.11,73.89,1.65,21.25,9.81,Uruaçu,GO,Centro-Oeste,-14.52,-48.86
2022,110,0.0,0.57,0.57,32.27,61.29,1.94,22.78,10.41,Uruaçu,GO,Centro-Oeste,-14.52,-48.86
2022,111,0.0,0.57,0.55,32.55,59.48,2.09,23.27,10.55,Uruaçu,GO,Centro-Oeste,-14.52,-48.86
2022,112,0.0,0.56,0.54,32.46,66.63,1.3,21.49,9.87,Uruaçu,GO,Centro-Oeste,-14.52,-48.86
2022,113,0.13,0.55,0.54,31.79,71.97,1.34,16.73,7.84,Uruaçu,GO,Centro-Oeste,-14.52,-48.86
2022,114,2.32,0.55,0.55,32.91,70.07,1.94,18.38,8.56,Uruaçu,GO,Centro-Oeste,-14.52,-48.86
2022,115,0.01,0.55,0.53,33.61,63.64,2.61,22.79,10.44,Uruaçu,GO,Centro-Oeste,-14.52,-48.86
2022,116,0.0,0.54,0.52,33.27,61.12,2.71,22.93,10.43,Uruaçu,GO,Centro-Oeste,-14.52,-48.86
2022,117,0.0,0.54,0.51,33.49,60.72,2.13,22.51,10.22,Uruaçu,GO,Centro-Oeste,-14.52,-48.86
2022,118,0.12,0.53,0.5,33.43,59.18,1.92,22.3,10.12,Uruaçu,GO,Centro-Oeste,-14.52,-48.86
2022,119,0.01,0.53,0.49,34.09,58.38,2.01,22.23,10.05,Uruaçu,GO,Centro-Oeste,-14.52,-48.86
2022,120,0.0,0.53,0.48,33.38,56.0,2.4,22.47,10.14,Uruaçu,GO,Centro-Oeste,-14.52,-48.86
2022,121,0.01,0.52,0.47,33.31,57.55,1.8,20.93,9.52,Uruaçu,GO,Centro-Oeste,-14.52,-48.86
2022,122,0.0,0.52,0.46,34.32,56.62,1.41,20.07,9.18,Uruaçu,GO,Centro-Oeste,-14.52,-48.86
2022,123,0.0,0.52,0.46,34.02,60.19,1.3,16.81,7.77,Uruaçu,GO,Centro-Oeste,-14.52,-48.86
2022,124,0.0,0.51,0.46,33.84,62.64,1.63,19.45,8.96,Uruaçu,GO,Centro-Oeste,-14.52,-48.86
2022,125,0.0,0.51,0.45,33.83,66.09,1.69,19.38,8.93,Uruaçu,GO,Centro-Oeste,-14.52,-48.86
2022,126,0.18,0.51,0.45,35.12,61.76,1.5,18.47,8.52,Uruaçu,GO,Centro-Oeste,-14.52,-48.86
2022,127,3.73,0.51,0.47,35.2,63.49,1.8,17.5,8.09,Uruaçu,GO,Centro-Oeste,-14.52,-48.86
2022,128,0.56,0.51,0.48,34.14,63.89,1.62,19.78,9.15,Uruaçu,GO,Centro-Oeste,-14.52,-48.86
2022,129,0.0,0.51,0.45,33.48,57.62,2.1,20.29,9.26,Uruaçu,GO,Centro-Oeste,-14.52,-48.86
2022,130,0.0,0.5,0.44,33.19,51.44,2.17,20.43,9.28,Uruaçu,GO,Centro-Oeste,-14.52,-48.86
2022,131,0.0,0.5,0.42,33.85,49.17,1.35,20.09,9.05,Uruaçu,GO,Centro-Oeste,-14.52,-48.86
2022,132,0.0,0.5,0.4,33.99,52.33,1.35,19.85,9.07,Uruaçu,GO,Centro-Oeste,-14.52,-48.86
2022,133,0.0,0.5,0.38,34.73,50.07,1.4,18.87,8.62,Uruaçu,GO,Centro-Oeste,-14.52,-48.86
2022,134,0.0,0.5,0.35,34.63,48.34,2.13,18.98,8.72,Uruaçu,GO,Centro-Oeste,-14.52,-48.86
2022,135,0.0,0.49,0.33,35.33,53.46,1.92,18.26,8.36,Uruaçu,GO,Centro-Oeste,-14.52,-48.86
2022,136,0.0,0.49,0.32,34.59,57.38,1.71,17.71,8.14,Uruaçu,GO,Centro-Oeste,-14.52,-48.86
2022,137,0.0,0.49,0.31,33.87,55.44,3.2,17.11,7.83,Uruaçu,GO,Centro-Oeste,-14.52,-48.86
2022,138,0.0,0.49,0.3,25.02,34.38,3.75,15.76,7.25,Uruaçu,GO,Centro-Oeste,-14.52,-48.86
2022,139,0.0,0.49,0.29,27.22,34.58,2.7,21.88,9.32,Uruaçu,GO,Centro-Oeste,-14.52,-48.86
2022,140,0.01,0.49,0.28,30.04,42.99,2.42,20.3,8.74,Uruaçu,GO,Centro-Oeste,-14.52,-48.86
2022,141,0.0,0.49,0.27,32.42,38.54,1.57,21.21,9.18,Uruaçu,GO,Centro-Oeste,-14.52,-48.86
2022,142,0.0,0.49,0.26,33.85,39.36,1.75,20.9,9.23,Uruaçu,GO,Centro-Oeste,-14.52,-48.86
2022,143,0.0,0.49,0.25,34.0,49.43,1.83,19.15,8.66,Uruaçu,GO,Centro-Oeste,-14.52,-48.86
2022,144,0.0,0.49,0.24,33.78,45.03,2.38,19.24,8.79,Uruaçu,GO,Centro-Oeste,-14.52,-48.86
2022,145,0.0,0.49,0.24,33.02,40.82,3.44,20.2,9.03,Uruaçu,GO,Centro-Oeste,-14.52,-48.86
2022,146,0.0,0.49,0.23,33.23,44.7,2.83,19.65,8.87,Uruaçu,GO,Centro-Oeste,-14.52,-48.86
2022,147,0.03,0.49,0.23,33.37,44.66,2.17,18.94,8.61,Uruaçu,GO,Centro-Oeste,-14.52,-48.86
2022,148,0.0,0.49,0.22,33.91,36.85,2.07,19.93,8.94,Uruaçu,GO,Centro-Oeste,-14.52,-48.86
2022,149,0.0,0.49,0.21,34.66,33.86,1.45,20.49,9.07,Uruaçu,GO,Centro-Oeste,-14.52,-48.86
2022,150,0.04,0.49,0.21,35.08,36.93,1.26,19.99,8.91,Uruaçu,GO,Centro-Oeste,-14.52,-48.86
2022,151,0.0,0.49,0.2,36.54,31.46,2.02,19.83,8.83,Uruaçu,GO,Centro-Oeste,-14.52,-48.86
2022,152,0.0,0.49,0.2,36.39,31.34,1.83,19.38,8.56,Uruaçu,GO,Centro-Oeste,-14.52,-48.86
2022,153,0.0,0.49,0.19,35.58,41.31,1.29,18.81,8.45,Uruaçu,GO,Centro-Oeste,-14.52,-48.86
2022,154,0.0,0.49,0.19,36.12,34.45,2.54,18.74,8.44,Uruaçu,GO,Centro-Oeste,-14.52,-48.86
2022,155,0.0,0.49,0.19,35.57,38.11,3.0,19.1,8.53,Uruaçu,GO,Centro-Oeste,-14.52,-48.86
2022,156,0.0,0.49,0.18,34.25,45.01,3.27,18.78,8.47,Uruaçu,GO,Centro-Oeste,-14.52,-48.86
2022,157,0.0,0.49,0.18,33.8,44.66,2.36,19.51,8.73,Uruaçu,GO,Centro-Oeste,-14.52,-48.86
2022,158,0.0,0.49,0.18,33.67,39.16,1.24,19.26,8.64,Uruaçu,GO,Centro-Oeste,-14.52,-48.86
2022,159,0.0,0.49,0.18,34.39,36.01,0.97,19.32,8.68,Uruaçu,GO,Centro-Oeste,-14.52,-48.86
2022,160,0.0,0.49,0.17,35.09,35.58,1.21,19.12,8.54,Uruaçu,GO,Centro-Oeste,-14.52,-48.86
2022,161,0.0,0.49,0.17,34.27,37.97,1.67,17.92,8.07,Uruaçu,GO,Centro-Oeste,-14.52,-48.86
2022,162,0.0,0.49,0.17,33.32,45.74,1.83,17.81,8.01,Uruaçu,GO,Centro-Oeste,-14.52,-48.86
2022,163,0.0,0.49,0.17,34.61,44.7,2.13,17.85,8.1,Uruaçu,GO,Centro-Oeste,-14.52,-48.86
2022,164,0.0,0.49,0.17,34.2,41.63,2.03,17.18,7.87,Uruaçu,GO,Centro-Oeste,-14.52,-48.86
2022,165,0.0,0.49,0.16,34.64,42.06,1.59,17.11,7.81,Uruaçu,GO,Centro-Oeste,-14.52,-48.86
2022,166,0.04,0.49,0.16,32.87,48.47,2.33,16.2,7.45,Uruaçu,GO,Centro-Oeste,-14.52,-48.86
2022,167,0.0,0.49,0.16,34.86,40.84,3.02,18.89,8.61,Uruaçu,GO,Centro-Oeste,-14.52,-48.86
2022,168,0.0,0.49,0.16,34.77,38.84,1.49,19.46,8.69,Uruaçu,GO,Centro-Oeste,-14.52,-48.86
2022,169,0.0,0.49,0.16,34.91,40.58,1.39,18.48,8.32,Uruaçu,GO,Centro-Oeste,-14.52,-48.86
2022,170,0.0,0.49,0.16,35.6,31.81,2.44,19.15,8.57,Uruaçu,GO,Centro-Oeste,-14.52,-48.86
2022,171,0.0,0.49,0.16,34.26,36.67,3.19,18.95,8.58,Uruaçu,GO,Centro-Oeste,-14.52,-48.86
2022,172,0.0,0.49,0.16,33.6,40.53,3.25,19.29,8.62,Uruaçu,GO,Centro-Oeste,-14.52,-48.86
2022,173,0.0,0.49,0.15,33.97,40.25,2.21,19.24,8.58,Uruaçu,GO,Centro-Oeste,-14.52,-48.86
2022,174,0.0,0.49,0.15,34.03,42.14,2.23,18.91,8.49,Uruaçu,GO,Centro-Oeste,-14.52,-48.86
2022,175,0.0,0.49,0.15,34.41,39.31,2.32,18.04,8.06,Uruaçu,GO,Centro-Oeste,-14.52,-48.86
2022,176,0.0,0.49,0.15,34.62,36.85,2.51,19.26,8.53,Uruaçu,GO,Centro-Oeste,-14.52,-48.86
2022,177,0.0,0.49,0.15,34.15,33.13,2.2,19.28,8.47,Uruaçu,GO,Centro-Oeste,-14.52,-48.86
2022,178,0.0,0.49,0.15,33.18,37.86,2.85,19.22,8.51,Uruaçu,GO,Centro-Oeste,-14.52,-48.86
2022,179,0.48,0.49,0.16,32.89,41.49,2.37,19.48,8.64,Uruaçu,GO,Centro-Oeste,-14.52,-48.86
2022,180,0.38,0.49,0.17,33.23,43.72,1.34,18.49,8.29,Uruaçu,GO,Centro-Oeste,-14.52,-48.86
2022,181,0.0,0.49,0.17,34.13,35.61,1.23,19.24,8.58,Uruaçu,GO,Centro-Oeste,-14.52,-48.86
2022,182,0.0,0.49,0.17,34.52,34.66,2.42,19.21,8.53,Uruaçu,GO,Centro-Oeste,-14.52,-48.86
2022,183,0.0,0.49,0.17,34.64,39.46,3.28,19.06,8.57,Uruaçu,GO,Centro-Oeste,-14.52,-48.86
2022,184,0.0,0.49,0.16,34.15,37.74,3.73,19.43,8.68,Uruaçu,GO,Centro-Oeste,-14.52,-48.86
2022,185,0.0,0.49,0.16,32.05,40.48,3.37,19.45,8.58,Uruaçu,GO,Centro-Oeste,-14.52,-48.86
2022,186,0.0,0.49,0.16,32.68,37.48,2.82,19.52,8.69,Uruaçu,GO,Centro-Oeste,-14.52,-48.86
2022,187,0.0,0.49,0.16,33.02,36.78,2.56,19.61,8.67,Uruaçu,GO,Centro-Oeste,-14.52,-48.86
2022,188,0.0,0.49,0.16,33.47,39.16,2.01,18.76,8.43,Uruaçu,GO,Centro-Oeste,-14.52,-48.86
2022,189,0.0,0.49,0.16,34.04,40.08,2.72,19.38,8.71,Uruaçu,GO,Centro-Oeste,-14.52,-48.86
2022,190,0.0,0.49,0.16,33.15,37.61,3.6,19.42,8.65,Uruaçu,GO,Centro-Oeste,-14.52,-48.86
2022,191,0.0,0.49,0.16,32.26,41.7,3.18,18.68,8.34,Uruaçu,GO,Centro-Oeste,-14.52,-48.86
2022,192,0.0,0.49,0.15,31.95,40.7,2.84,19.4,8.6,Uruaçu,GO,Centro-Oeste,-14.52,-48.86
2022,193,0.0,0.49,0.15,33.09,40.77,1.62,19.39,8.6,Uruaçu,GO,Centro-Oeste,-14.52,-48.86
2022,194,0.0,0.49,0.15,34.26,32.1,2.22,19.66,8.7,Uruaçu,GO,Centro-Oeste,-14.52,-48.86
2022,195,0.0,0.49,0.15,34.47,38.41,2.41,15.99,7.29,Uruaçu,GO,Centro-Oeste,-14.52,-48.86
2022,196,0.0,0.49,0.15,34.35,39.97,2.15,18.8,8.5,Uruaçu,GO,Centro-Oeste,-14.52,-48.86
2022,197,0.0,0.49,0.15,34.21,37.59,2.23,19.71,8.84,Uruaçu,GO,Centro-Oeste,-14.52,-48.86
2022,198,0.0,0.49,0.15,34.7,33.61,3.14,17.98,8.0,Uruaçu,GO,Centro-Oeste,-14.52,-48.86
2022,199,0.01,0.49,0.15,33.8,36.12,3.54,20.55,9.06,Uruaçu,GO,Centro-Oeste,-14.52,-48.86
2022,200,0.0,0.49,0.15,33.24,39.73,2.86,18.85,8.52,Uruaçu,GO,Centro-Oeste,-14.52,-48.86
2022,201,0.0,0.49,0.15,33.31,38.72,3.33,20.1,8.96,Uruaçu,GO,Centro-Oeste,-14.52,-48.86
2022,202,0.0,0.49,0.14,33.54,38.18,2.79,18.53,8.3,Uruaçu,GO,Centro-Oeste,-14.52,-48.86
2022,203,0.0,0.49,0.14,33.17,35.68,3.25,20.07,8.95,Uruaçu,GO,Centro-Oeste,-14.52,-48.86
2022,204,0.0,0.49,0.14,33.53,36.44,2.85,20.13,8.98,Uruaçu,GO,Centro-Oeste,-14.52,-48.86
2022,205,0.0,0.49,0.14,33.99,37.22,3.3,20.25,9.03,Uruaçu,GO,Centro-Oeste,-14.52,-48.86
2022,206,0.01,0.48,0.14,34.4,39.69,2.94,20.13,9.0,Uruaçu,GO,Centro-Oeste,-14.52,-48.86
2022,207,0.0,0.48,0.14,34.09,34.6,3.4,20.77,9.2,Uruaçu,GO,Centro-Oeste,-14.52,-48.86
2022,208,0.0,0.48,0.14,33.61,33.66,2.95,21.1,9.32,Uruaçu,GO,Centro-Oeste,-14.52,-48.86
2022,209,0.0,0.48,0.14,33.94,31.47,2.03,21.19,9.32,Uruaçu,GO,Centro-Oeste,-14.52,-48.86
2022,210,0.0,0.48,0.14,33.89,32.0,1.62,20.94,9.29,Uruaçu,GO,Centro-Oeste,-14.52,-48.86
2022,211,0.0,0.48,0.14,34.66,27.37,1.23,21.01,9.21,Uruaçu,GO,Centro-Oeste,-14.52,-48.86
2022,212,0.0,0.48,0.13,35.25,29.45,1.2,20.95,9.21,Uruaçu,GO,Centro-Oeste,-14.52,-48.86
2022,213,0.0,0.48,0.13,36.06,28.33,1.77,20.81,9.24,Uruaçu,GO,Centro-Oeste,-14.52,-48.86
2022,214,0.0,0.48,0.13,35.59,34.46,2.72,18.32,8.23,Uruaçu,GO,Centro-Oeste,-14.52,-48.86
2022,215,0.0,0.48,0.13,34.83,33.53,3.12,21.12,9.43,Uruaçu,GO,Centro-Oeste,-14.52,-48.86
2022,216,0.0,0.48,0.13,34.85,29.65,2.0,21.39,9.47,Uruaçu,GO,Centro-Oeste,-14.52,-48.86
2022,217,0.02,0.48,0.13,34.27,34.02,1.51,18.96,8.54,Uruaçu,GO,Centro-Oeste,-14.52,-48.86
2022,218,0.0,0.48,0.13,36.84,26.79,1.38,21.18,9.48,Uruaçu,GO,Centro-Oeste,-14.52,-48.86
2022,219,0.0,0.48,0.13,37.23,29.13,1.7,20.84,9.39,Uruaçu,GO,Centro-Oeste,-14.52,-48.86
2022,220,0.0,0.48,0.13,36.09,30.01,1.22,19.11,8.65,Uruaçu,GO,Centro-Oeste,-14.52,-48.86
2022,221,0.35,0.48,0.14,37.59,29.86,1.8,16.78,7.62,Uruaçu,GO,Centro-Oeste,-14.52,-48.86
2022,222,0.0,0.48,0.14,36.28,32.74,2.37,18.3,8.27,Uruaçu,GO,Centro-Oeste,-14.52,-48.86
2022,223,0.0,0.48,0.14,32.43,35.17,2.47,19.97,8.96,Uruaçu,GO,Centro-Oeste,-14.52,-48.86
2022,224,0.0,0.48,0.14,35.54,30.17,1.7,19.53,8.78,Uruaçu,GO,Centro-Oeste,-14.52,-48.86
2022,225,0.0,0.48,0.13,35.19,33.87,2.88,19.92,9.01,Uruaçu,GO,Centro-Oeste,-14.52,-48.86
2022,226,0.0,0.48,0.13,34.83,34.48,3.47,21.71,9.67,Uruaçu,GO,Centro-Oeste,-14.52,-48.86
2022,227,0.0,0.48,0.13,35.08,31.72,2.69,22.4,9.98,Uruaçu,GO,Centro-Oeste,-14.52,-48.86
2022,228,0.0,0.48,0.13,35.19,32.69,2.24,16.4,7.43,Uruaçu,GO,Centro-Oeste,-14.52,-48.86
2022,229,0.0,0.48,0.13,36.35,30.6,2.64,22.45,10.05,Uruaçu,GO,Centro-Oeste,-14.52,-48.86
2022,230,0.0,0.48,0.13,36.31,31.29,2.3,22.69,10.13,Uruaçu,GO,Centro-Oeste,-14.52,-48.86
2022,231,0.0,0.48,0.13,36.27,28.22,1.76,21.63,9.66,Uruaçu,GO,Centro-Oeste,-14.52,-48.86
2022,232,0.0,0.48,0.13,33.82,32.1,4.59,22.9,10.23,Uruaçu,GO,Centro-Oeste,-14.52,-48.86
2022,233,0.0,0.48,0.13,33.12,35.59,4.14,23.14,10.3,Uruaçu,GO,Centro-Oeste,-14.52,-48.86
2022,234,0.0,0.48,0.13,32.92,35.04,4.05,22.76,10.14,Uruaçu,GO,Centro-Oeste,-14.52,-48.86
2022,235,0.0,0.48,0.13,33.21,34.6,3.69,22.44,10.02,Uruaçu,GO,Centro-Oeste,-14.52,-48.86
2022,236,0.0,0.48,0.13,33.63,35.19,2.77,20.03,9.03,Uruaçu,GO,Centro-Oeste,-14.52,-48.86
2022,237,0.0,0.48,0.13,34.55,29.7,2.75,19.79,8.84,Uruaçu,GO,Centro-Oeste,-14.52,-48.86
2022,238,0.0,0.48,0.13,35.07,32.02,2.87,20.53,9.24,Uruaçu,GO,Centro-Oeste,-14.52,-48.86
2022,239,0.0,0.48,0.12,34.74,29.42,3.53,23.06,10.32,Uruaçu,GO,Centro-Oeste,-14.52,-48.86
2022,240,0.0,0.48,0.12,35.69,29.17,2.83,22.43,10.04,Uruaçu,GO,Centro-Oeste,-14.52,-48.86
2022,241,0.0,0.48,0.12,36.9,27.61,3.74,23.89,10.61,Uruaçu,GO,Centro-Oeste,-14.52,-48.86
2022,242,0.0,0.48,0.12,35.44,30.31,3.93,23.48,10.51,Uruaçu,GO,Centro-Oeste,-14.52,-48.86
2022,243,0.0,0.48,0.12,34.48,35.61,4.33,23.45,10.51,Uruaçu,GO,Centro-Oeste,-14.52,-48.86
2022,244,0.0,0.48,0.12,34.27,27.06,4.07,24.55,10.81,Uruaçu,GO,Centro-Oeste,-14.52,-48.86
2022,245,0.0,0.48,0.12,35.04,27.28,3.27,24.94,10.94,Uruaçu,GO,Centro-Oeste,-14.52,-48.86
2022,246,0.0,0.48,0.12,36.34,23.63,2.9,25.29,11.02,Uruaçu,GO,Centro-Oeste,-14.52,-48.86
2022,247,0.0,0.48,0.12,37.35,23.0,3.33,24.74,10.88,Uruaçu,GO,Centro-Oeste,-14.52,-48.86
2022,248,0.0,0.48,0.12,37.56,22.4,3.78,24.58,10.84,Uruaçu,GO,Centro-Oeste,-14.52,-48.86
2022,249,0.0,0.48,0.12,35.79,27.83,4.55,23.5,10.38,Uruaçu,GO,Centro-Oeste,-14.52,-48.86
2022,250,0.0,0.48,0.12,32.35,36.5,3.81,15.36,6.98,Uruaçu,GO,Centro-Oeste,-14.52,-48.86
2022,251,0.0,0.48,0.12,36.64,30.2,3.43,24.54,10.87,Uruaçu,GO,Centro-Oeste,-14.52,-48.86
2022,252,0.0,0.48,0.12,36.54,27.42,3.58,25.31,11.18,Uruaçu,GO,Centro-Oeste,-14.52,-48.86
2022,253,0.0,0.48,0.11,37.72,21.44,2.81,25.41,11.17,Uruaçu,GO,Centro-Oeste,-14.52,-48.86
2022,254,0.0,0.48,0.11,39.19,19.48,2.66,25.11,11.11,Uruaçu,GO,Centro-Oeste,-14.52,-48.86
2022,255,0.0,0.48,0.11,39.29,20.23,2.73,22.11,9.88,Uruaçu,GO,Centro-Oeste,-14.52,-48.86
2022,256,0.0,0.48,0.11,39.36,19.96,2.57,24.59,10.84,Uruaçu,GO,Centro-Oeste,-14.52,-48.86
2022,257,0.0,0.48,0.11,39.44,20.36,2.16,21.43,9.47,Uruaçu,GO,Centro-Oeste,-14.52,-48.86
2022,258,0.0,0.48,0.11,38.23,27.45,1.6,21.44,9.42,Uruaçu,GO,Centro-Oeste,-14.52,-48.86
2022,259,0.01,0.48,0.11,39.45,30.88,1.98,22.15,9.86,Uruaçu,GO,Centro-Oeste,-14.52,-48.86
2022,260,3.9,0.48,0.14,39.84,28.25,2.23,19.59,8.73,Uruaçu,GO,Centro-Oeste,-14.52,-48.86
2022,261,3.07,0.49,0.33,36.45,42.89,2.29,16.33,7.43,Uruaçu,GO,Centro-Oeste,-14.52,-48.86
2022,262,1.26,0.5,0.39,35.76,47.95,2.03,15.77,7.22,Uruaçu,GO,Centro-Oeste,-14.52,-48.86
2022,263,2.03,0.5,0.38,36.02,46.49,1.48,17.82,8.14,Uruaçu,GO,Centro-Oeste,-14.52,-48.86
2022,264,2.31,0.5,0.42,34.8,54.86,2.11,15.85,7.32,Uruaçu,GO,Centro-Oeste,-14.52,-48.86
2022,265,15.23,0.51,0.55,31.52,68.35,1.63,17.21,7.9,Uruaçu,GO,Centro-Oeste,-14.52,-48.86
2022,266,2.41,0.53,0.55,29.89,76.1,0.8,13.74,6.49,Uruaçu,GO,Centro-Oeste,-14.52,-48.86
2022,267,5.44,0.53,0.54,34.74,65.56,1.04,19.99,9.23,Uruaçu,GO,Centro-Oeste,-14.52,-48.86
2022,268,3.14,0.53,0.55,29.54,74.51,2.9,9.48,4.62,Uruaçu,GO,Centro-Oeste,-14.52,-48.86
2022,269,0.61,0.53,0.51,34.69,60.82,2.88,25.29,11.61,Uruaçu,GO,Centro-Oeste,-14.52,-48.86
2022,270,0.0,0.53,0.49,36.18,51.55,1.92,26.03,11.87,Uruaçu,GO,Centro-Oeste,-14.52,-48.86
2022,271,0.0,0.52,0.48,36.86,48.88,1.42,25.45,11.56,Uruaçu,GO,Centro-Oeste,-14.52,-48.86
2022,272,0.0,0.51,0.46,37.34,46.24,1.21,23.44,10.68,Uruaçu,GO,Centro-Oeste,-14.52,-48.86
2022,273,0.0,0.51,0.45,37.31,49.41,2.39,25.34,11.62,Uruaçu,GO,Centro-Oeste,-14.52,-48.86
2022,274,0.45,0.51,0.44,36.07,48.59,2.76,23.91,10.96,Uruaçu,GO,Centro-Oeste,-14.52,-48.86
2022,275,3.31,0.5,0.46,32.99,59.75,1.51,16.87,7.97,Uruaçu,GO,Centro-Oeste,-14.52,-48.86
2022,276,3.93,0.51,0.5,32.0,66.86,2.65,18.87,8.86,Uruaçu,GO,Centro-Oeste,-14.52,-48.86
2022,277,0.3,0.51,0.47,35.38,52.57,1.8,18.06,8.35,Uruaçu,GO,Centro-Oeste,-14.52,-48.86
2022,278,1.49,0.51,0.46,36.39,51.18,2.43,9.84,4.71,Uruaçu,GO,Centro-Oeste,-14.52,-48.86
2022,279,0.09,0.5,0.43,38.17,46.2,3.53,24.02,10.95,Uruaçu,GO,Centro-Oeste,-14.52,-48.86
2022,280,5.63,0.5,0.46,33.72,58.87,1.5,13.0,6.03,Uruaçu,GO,Centro-Oeste,-14.52,-48.86
2022,281,0.12,0.51,0.48,36.53,57.88,1.86,24.0,10.77,Uruaçu,GO,Centro-Oeste,-14.52,-48.86
2022,282,3.43,0.51,0.47,34.59,57.01,2.47,24.53,11.24,Uruaçu,GO,Centro-Oeste,-14.52,-48.86
2022,283,0.82,0.51,0.47,37.71,48.41,3.4,24.85,11.24,Uruaçu,GO,Centro-Oeste,-14.52,-48.86
2022,284,0.08,0.5,0.42,37.01,38.9,3.86,23.74,10.79,Uruaçu,GO,Centro-Oeste,-14.52,-48.86
2022,285,0.0,0.5,0.38,37.73,34.1,3.38,27.26,12.26,Uruaçu,GO,Centro-Oeste,-14.52,-48.86
2022,286,0.0,0.5,0.34,37.51,32.33,3.61,24.7,11.11,Uruaçu,GO,Centro-Oeste,-14.52,-48.86
2022,287,0.0,0.49,0.3,38.84,29.48,3.19,27.0,12.21,Uruaçu,GO,Centro-Oeste,-14.52,-48.86
2022,288,0.0,0.49,0.28,38.97,26.52,3.87,27.36,12.33,Uruaçu,GO,Centro-Oeste,-14.52,-48.86
2022,289,0.0,0.49,0.26,37.27,32.0,3.27,28.42,12.75,Uruaçu,GO,Centro-Oeste,-14.52,-48.86
2022,290,0.0,0.49,0.24,38.72,27.13,2.96,27.36,12.21,Uruaçu,GO,Centro-Oeste,-14.52,-48.86
2022,291,0.0,0.49,0.23,40.16,28.17,2.45,25.84,11.66,Uruaçu,GO,Centro-Oeste,-14.52,-48.86
2022,292,0.0,0.49,0.22,38.76,28.49,2.76,26.1,11.89,Uruaçu,GO,Centro-Oeste,-14.52,-48.86
2022,293,0.0,0.49,0.21,39.07,25.71,1.93,25.86,11.72,Uruaçu,GO,Centro-Oeste,-14.52,-48.86
2022,294,0.67,0.49,0.2,38.72,29.28,2.58,12.84,6.04,Uruaçu,GO,Centro-Oeste,-14.52,-48.86
2022,295,0.49,0.49,0.21,38.85,40.75,2.07,18.51,8.43,Uruaçu,GO,Centro-Oeste,-14.52,-48.86
2022,296,2.45,0.49,0.29,34.42,45.41,1.81,14.65,6.81,Uruaçu,GO,Centro-Oeste,-14.52,-48.86
2022,297,11.57,0.51,0.5,31.38,65.58,1.83,11.36,5.53,Uruaçu,GO,Centro-Oeste,-14.52,-48.86
2022,298,3.24,0.51,0.5,34.62,58.27,1.23,20.94,9.73,Uruaçu,GO,Centro-Oeste,-14.52,-48.86
2022,299,1.27,0.51,0.5,35.49,59.96,1.49,24.62,11.32,Uruaçu,GO,Centro-Oeste,-14.52,-48.86
2022,300,2.36,0.51,0.5,34.99,58.14,1.38,20.85,9.67,Uruaçu,GO,Centro-Oeste,-14.52,-48.86
2022,301,1.95,0.51,0.49,34.7,61.38,1.7,23.75,11.06,Uruaçu,GO,Centro-Oeste,-14.52,-48.86
2022,302,4.06,0.51,0.52,30.68,70.7,1.65,11.84,5.74,Uruaçu,GO,Centro-Oeste,-14.52,-48.86
2022,303,0.87,0.51,0.5,35.41,65.46,1.85,17.61,8.39,Uruaçu,GO,Centro-Oeste,-14.52,-48.86
2022,304,12.74,0.52,0.56,31.59,73.67,1.81,20.01,9.49,Uruaçu,GO,Centro-Oeste,-14.52,-48.86
2022,305,32.53,0.55,0.67,32.82,75.57,2.01,22.69,10.62,Uruaçu,GO,Centro-Oeste,-14.52,-48.86
2022,306,13.55,0.61,0.71,27.58,79.87,2.64,10.02,4.99,Uruaçu,GO,Centro-Oeste,-14.52,-48.86
2022,307,0.78,0.6,0.61,30.57,73.08,2.37,22.22,10.41,Uruaçu,GO,Centro-Oeste,-14.52,-48.86
2022,308,0.37,0.58,0.58,31.13,62.94,2.43,26.52,12.08,Uruaçu,GO,Centro-Oeste,-14.52,-48.86
2022,309,0.57,0.57,0.56,31.49,63.56,1.75,26.36,12.01,Uruaçu,GO,Centro-Oeste,-14.52,-48.86
2022,310,0.41,0.57,0.55,32.65,63.42,1.43,20.04,9.29,Uruaçu,GO,Centro-Oeste,-14.52,-48.86
2022,311,3.32,0.56,0.56,32.06,69.27,1.69,21.06,9.82,Uruaçu,GO,Centro-Oeste,-14.52,-48.86
2022,312,11.91,0.57,0.62,31.35,71.29,1.79,18.59,8.7,Uruaçu,GO,Centro-Oeste,-14.52,-48.86
2022,313,7.07,0.58,0.62,32.0,72.25,1.65,25.79,11.94,Uruaçu,GO,Centro-Oeste,-14.52,-48.86
2022,314,25.65,0.6,0.73,30.83,74.52,1.36,25.09,11.64,Uruaçu,GO,Centro-Oeste,-14.52,-48.86
2022,315,4.3,0.62,0.67,30.77,72.6,0.95,20.66,9.65,Uruaçu,GO,Centro-Oeste,-14.52,-48.86
2022,316,4.13,0.61,0.66,29.59,78.5,1.32,22.22,10.44,Uruaçu,GO,Centro-Oeste,-14.52,-48.86
2022,317,2.44,0.61,0.64,30.64,77.12,2.21,25.34,11.78,Uruaçu,GO,Centro-Oeste,-14.52,-48.86
2022,318,6.03,0.6,0.65,31.46,73.51,1.33,21.24,10.02,Uruaçu,GO,Centro-Oeste,-14.52,-48.86
2022,319,4.63,0.61,0.66,31.09,76.83,1.02,19.4,9.13,Uruaçu,GO,Centro-Oeste,-14.52,-48.86
2022,320,6.11,0.61,0.66,31.27,77.2,1.05,12.54,6.07,Uruaçu,GO,Centro-Oeste,-14.52,-48.86
2022,321,8.69,0.61,0.66,31.79,72.95,0.99,26.44,12.27,Uruaçu,GO,Centro-Oeste,-14.52,-48.86
2022,322,13.57,0.62,0.71,30.39,78.45,1.35,17.64,8.43,Uruaçu,GO,Centro-Oeste,-14.52,-48.86
2022,323,9.09,0.63,0.71,26.52,82.29,2.33,22.49,10.61,Uruaçu,GO,Centro-Oeste,-14.52,-48.86
2022,324,1.79,0.63,0.68,26.73,83.36,1.98,13.97,6.79,Uruaçu,GO,Centro-Oeste,-14.52,-48.86
2022,325,7.07,0.63,0.69,29.77,77.05,1.91,21.55,10.06,Uruaçu,GO,Centro-Oeste,-14.52,-48.86
2022,326,10.88,0.63,0.7,29.63,77.54,1.95,23.62,11.07,Uruaçu,GO,Centro-Oeste,-14.52,-48.86
2022,327,13.81,0.65,0.75,27.93,82.02,1.07,13.66,6.68,Uruaçu,GO,Centro-Oeste,-14.52,-48.86
2022,328,9.54,0.66,0.72,28.32,83.04,1.61,21.87,10.36,Uruaçu,GO,Centro-Oeste,-14.52,-48.86
2022,329,20.98,0.69,0.79,28.85,83.41,1.66,17.56,8.34,Uruaçu,GO,Centro-Oeste,-14.52,-48.86
2022,330,6.39,0.68,0.74,27.43,86.24,2.46,17.73,8.44,Uruaçu,GO,Centro-Oeste,-14.52,-48.86
2022,331,5.79,0.69,0.75,26.91,87.61,2.26,19.5,9.22,Uruaçu,GO,Centro-Oeste,-14.52,-48.86
2022,332,15.56,0.69,0.78,27.89,87.29,2.27,18.58,8.78,Uruaçu,GO,Centro-Oeste,-14.52,-48.86
2022,333,12.32,0.71,0.78,28.15,84.79,2.17,14.59,7.03,Uruaçu,GO,Centro-Oeste,-14.52,-48.86
2022,334,15.13,0.72,0.81,26.87,87.92,2.68,14.18,6.78,Uruaçu,GO,Centro-Oeste,-14.52,-48.86
2022,335,2.48,0.72,0.76,28.9,81.74,1.38,22.23,10.34,Uruaçu,GO,Centro-Oeste,-14.52,-48.86
2022,336,5.54,0.72,0.77,27.69,83.1,1.23,13.2,6.33,Uruaçu,GO,Centro-Oeste,-14.52,-48.86
2022,337,15.31,0.73,0.81,27.3,87.37,1.21,11.21,5.46,Uruaçu,GO,Centro-Oeste,-14.52,-48.86
2022,338,0.74,0.73,0.76,28.17,83.51,2.21,14.51,6.98,Uruaçu,GO,Centro-Oeste,-14.52,-48.86
2022,339,14.17,0.73,0.8,28.31,86.05,2.17,23.1,10.85,Uruaçu,GO,Centro-Oeste,-14.52,-48.86
2022,340,16.7,0.76,0.84,26.75,83.52,1.57,14.15,6.8,Uruaçu,GO,Centro-Oeste,-14.52,-48.86
2022,341,0.55,0.75,0.78,28.45,80.97,1.26,24.79,11.57,Uruaçu,GO,Centro-Oeste,-14.52,-48.86
2022,342,7.94,0.75,0.79,30.09,79.5,1.34,24.29,11.38,Uruaçu,GO,Centro-Oeste,-14.52,-48.86
2022,343,14.12,0.75,0.81,29.63,82.48,1.61,12.22,5.9,Uruaçu,GO,Centro-Oeste,-14.52,-48.86
2022,344,5.28,0.76,0.81,28.27,82.99,1.94,15.06,7.17,Uruaçu,GO,Centro-Oeste,-14.52,-48.86
2022,345,1.86,0.75,0.78,30.01,78.17,1.14,24.73,11.48,Uruaçu,GO,Centro-Oeste,-14.52,-48.86
2022,346,4.76,0.74,0.78,28.77,80.37,1.33,20.98,9.82,Uruaçu,GO,Centro-Oeste,-14.52,-48.86
2022,347,8.81,0.74,0.8,27.66,86.73,1.56,17.5,8.34,Uruaçu,GO,Centro-Oeste,-14.52,-48.86
2022,348,24.99,0.76,0.85,27.07,87.41,1.55,17.07,8.19,Uruaçu,GO,Centro-Oeste,-14.52,-48.86
2022,349,27.14,0.81,0.88,26.36,88.43,2.13,10.09,5.0,Uruaçu,GO,Centro-Oeste,-14.52,-48.86
2022,350,25.01,0.83,0.88,26.04,91.15,1.71,7.24,3.68,Uruaçu,GO,Centro-Oeste,-14.52,-48.86
2022,351,20.95,0.86,0.9,25.37,90.52,2.19,15.67,7.5,Uruaçu,GO,Centro-Oeste,-14.52,-48.86
2022,352,8.47,0.87,0.87,26.36,89.09,1.82,9.4,4.71,Uruaçu,GO,Centro-Oeste,-14.52,-48.86
2022,353,29.5,0.89,0.92,27.61,88.79,1.74,18.89,8.96,Uruaçu,GO,Centro-Oeste,-14.52,-48.86
2022,354,3.79,0.89,0.88,26.88,88.49,2.59,14.18,6.8,Uruaçu,GO,Centro-Oeste,-14.52,-48.86
2022,355,10.86,0.89,0.89,26.28,88.4,2.46,9.15,4.58,Uruaçu,GO,Centro-Oeste,-14.52,-48.86
2022,356,17.5,0.91,0.91,25.94,91.84,2.83,19.34,9.2,Uruaçu,GO,Centro-Oeste,-14.52,-48.86
2022,357,11.37,0.91,0.9,26.75,89.21,1.66,19.37,9.16,Uruaçu,GO,Centro-Oeste,-14.52,-48.86
2022,358,2.34,0.91,0.89,27.18,86.23,1.06,14.01,6.73,Uruaçu,GO,Centro-Oeste,-14.52,-48.86
2022,359,27.32,0.91,0.91,27.26,87.15,1.47,20.64,9.72,Uruaçu,GO,Centro-Oeste,-14.52,-48.86
2022,360,28.18,0.94,0.94,25.62,88.99,1.42,6.87,3.5,Uruaçu,GO,Centro-Oeste,-14.52,-48.86
2022,361,1.83,0.95,0.91,26.86,87.38,1.93,16.19,7.77,Uruaçu,GO,Centro-Oeste,-14.52,-48.86
2022,362,9.83,0.94,0.91,27.71,86.06,1.75,15.94,7.68,Uruaçu,GO,Centro-Oeste,-14.52,-48.86
2022,363,1.56,0.94,0.91,27.15,86.27,1.15,23.65,11.11,Uruaçu,GO,Centro-Oeste,-14.52,-48.86
2022,364,3.65,0.93,0.9,28.26,84.56,1.41,12.59,6.1,Uruaçu,GO,Centro-Oeste,-14.52,-48.86
2022,365,1.18,0.93,0.89,28.6,83.22,1.43,16.77,7.97,Uruaçu,GO,Centro-Oeste,-14.52,-48.86
2023,1,5.53,0.92,0.9,28.75,85.01,1.93,24.42,11.44,Uruaçu,GO,Centro-Oeste,-14.52,-48.86
2023,2,2.38,0.91,0.89,28.98,83.98,2.0,22.26,10.4,Uruaçu,GO,Centro-Oeste,-14.52,-48.86
2023,3,5.98,0.91,0.89,27.76,84.03,1.15,16.14,7.64,Uruaçu,GO,Centro-Oeste,-14.52,-48.86
2023,4,19.35,0.91,0.91,27.55,87.76,1.65,15.22,7.22,Uruaçu,GO,Centro-Oeste,-14.52,-48.86
2023,5,14.17,0.92,0.91,28.17,85.48,1.32,17.34,8.19,Uruaçu,GO,Centro-Oeste,-14.52,-48.86
2023,6,13.28,0.93,0.92,26.43,90.05,2.0,9.69,4.76,Uruaçu,GO,Centro-Oeste,-14.52,-48.86
2023,7,2.66,0.93,0.9,26.28,88.77,1.68,20.42,9.58,Uruaçu,GO,Centro-Oeste,-14.52,-48.86
2023,8,3.4,0.92,0.9,27.33,84.37,1.1,16.89,7.96,Uruaçu,GO,Centro-Oeste,-14.52,-48.86
2023,9,16.4,0.92,0.91,27.1,86.49,1.32,11.93,5.78,Uruaçu,GO,Centro-Oeste,-14.52,-48.86
2023,10,2.35,0.93,0.9,28.06,84.51,1.4,25.22,11.76,Uruaçu,GO,Centro-Oeste,-14.52,-48.86
2023,11,3.49,0.92,0.9,28.95,85.31,1.26,18.09,8.49,Uruaçu,GO,Centro-Oeste,-14.52,-48.86
2023,12,8.25,0.92,0.9,27.01,87.91,1.22,16.85,7.97,Uruaçu,GO,Centro-Oeste,-14.52,-48.86
2023,13,8.49,0.92,0.9,29.19,82.37,0.93,12.55,6.02,Uruaçu,GO,Centro-Oeste,-14.52,-48.86
2023,14,9.31,0.93,0.91,27.67,84.3,1.06,23.31,10.93,Uruaçu,GO,Centro-Oeste,-14.52,-48.86
2023,15,4.57,0.92,0.9,29.77,81.17,1.28,21.43,10.02,Uruaçu,GO,Centro-Oeste,-14.52,-48.86
2023,16,1.09,0.91,0.88,29.5,81.42,2.1,25.84,11.91,Uruaçu,GO,Centro-Oeste,-14.52,-48.86
2023,17,2.17,0.9,0.88,29.15,79.69,1.92,23.82,10.99,Uruaçu,GO,Centro-Oeste,-14.52,-48.86
2023,18,1.2,0.89,0.87,29.53,77.22,1.48,21.56,10.0,Uruaçu,GO,Centro-Oeste,-14.52,-48.86
2023,19,2.25,0.88,0.87,28.61,75.69,0.57,19.73,9.17,Uruaçu,GO,Centro-Oeste,-14.52,-48.86
2023,20,0.08,0.87,0.86,28.47,81.71,1.04,21.6,10.06,Uruaçu,GO,Centro-Oeste,-14.52,-48.86
2023,21,17.38,0.87,0.89,27.86,86.21,1.52,15.2,7.2,Uruaçu,GO,Centro-Oeste,-14.52,-48.86
2023,22,7.7,0.88,0.88,27.16,87.59,1.68,18.93,8.86,Uruaçu,GO,Centro-Oeste,-14.52,-48.86
2023,23,7.22,0.88,0.88,27.47,86.13,1.22,15.68,7.44,Uruaçu,GO,Centro-Oeste,-14.52,-48.86
2023,24,5.79,0.88,0.88,27.27,88.64,1.52,19.08,8.9,Uruaçu,GO,Centro-Oeste,-14.52,-48.86
2023,25,0.93,0.88,0.87,28.73,84.23,0.88,24.76,11.56,Uruaçu,GO,Centro-Oeste,-14.52,-48.86
2023,26,22.68,0.88,0.9,28.06,89.49,1.21,9.63,4.69,Uruaçu,GO,Centro-Oeste,-14.52,-48.86
2023,27,1.81,0.89,0.88,26.41,88.98,1.02,18.55,8.76,Uruaçu,GO,Centro-Oeste,-14.52,-48.86
2023,28,1.85,0.89,0.87,29.21,82.12,1.45,24.36,11.26,Uruaçu,GO,Centro-Oeste,-14.52,-48.86
2023,29,0.28,0.88,0.86,28.57,79.21,1.58,22.12,10.29,Uruaçu,GO,Centro-Oeste,-14.52,-48.86
2023,30,1.09,0.87,0.86,28.25,78.42,0.98,20.74,9.76,Uruaçu,GO,Centro-Oeste,-14.52,-48.86
2023,31,0.33,0.86,0.85,29.81,76.44,1.56,25.06,11.61,Uruaçu,GO,Centro-Oeste,-14.52,-48.86
2023,32,2.11,0.85,0.84,30.16,76.04,1.65,24.64,11.31,Uruaçu,GO,Centro-Oeste,-14.52,-48.86
2023,33,2.43,0.83,0.84,29.99,78.86,1.88,22.74,10.48,Uruaçu,GO,Centro-Oeste,-14.52,-48.86
2023,34,5.39,0.83,0.84,29.93,81.68,1.5,15.23,7.24,Uruaçu,GO,Centro-Oeste,-14.52,-48.86
2023,35,2.01,0.82,0.83,28.94,83.53,1.09,23.26,10.86,Uruaçu,GO,Centro-Oeste,-14.52,-48.86
2023,36,3.56,0.82,0.84,28.18,82.38,1.04,21.71,10.14,Uruaçu,GO,Centro-Oeste,-14.52,-48.86
2023,37,3.53,0.82,0.83,29.8,77.5,0.92,16.52,7.81,Uruaçu,GO,Centro-Oeste,-14.52,-48.86
2023,38,0.5,0.81,0.82,31.34,71.72,1.12,26.78,12.24,Uruaçu,GO,Centro-Oeste,-14.52,-48.86
2023,39,0.82,0.79,0.81,31.01,71.65,1.32,26.22,12.03,Uruaçu,GO,Centro-Oeste,-14.52,-48.86
2023,40,1.13,0.78,0.8,29.77,75.25,1.22,24.2,11.18,Uruaçu,GO,Centro-Oeste,-14.52,-48.86
2023,41,4.99,0.78,0.81,29.71,76.62,1.41,25.83,11.95,Uruaçu,GO,Centro-Oeste,-14.52,-48.86
2023,42,0.43,0.77,0.79,31.02,70.88,1.57,28.11,12.93,Uruaçu,GO,Centro-Oeste,-14.52,-48.86
2023,43,0.94,0.76,0.78,30.66,74.92,1.67,22.47,10.43,Uruaçu,GO,Centro-Oeste,-14.52,-48.86
2023,44,0.01,0.74,0.76,31.49,74.05,1.63,27.4,12.54,Uruaçu,GO,Centro-Oeste,-14.52,-48.86
2023,45,1.03,0.73,0.76,31.34,71.44,1.4,27.31,12.54,Uruaçu,GO,Centro-Oeste,-14.52,-48.86
2023,46,0.01,0.72,0.75,31.97,66.91,1.45,27.56,12.5,Uruaçu,GO,Centro-Oeste,-14.52,-48.86
2023,47,1.09,0.71,0.74,31.04,71.27,0.9,25.55,11.69,Uruaçu,GO,Centro-Oeste,-14.52,-48.86
2023,48,1.48,0.7,0.74,30.29,74.93,0.79,18.75,8.67,Uruaçu,GO,Centro-Oeste,-14.52,-48.86
2023,49,5.86,0.7,0.76,27.1,85.75,1.65,19.38,9.08,Uruaçu,GO,Centro-Oeste,-14.52,-48.86
2023,50,2.53,0.7,0.73,29.68,81.1,2.11,21.44,9.99,Uruaçu,GO,Centro-Oeste,-14.52,-48.86
2023,51,4.62,0.69,0.74,29.96,78.86,1.61,21.43,9.91,Uruaçu,GO,Centro-Oeste,-14.52,-48.86
2023,52,12.27,0.69,0.77,29.63,77.03,1.36,19.62,9.1,Uruaçu,GO,Centro-Oeste,-14.52,-48.86
2023,53,14.26,0.71,0.79,29.13,82.87,1.69,16.21,7.62,Uruaçu,GO,Centro-Oeste,-14.52,-48.86
2023,54,1.18,0.7,0.74,29.47,80.16,1.77,18.49,8.72,Uruaçu,GO,Centro-Oeste,-14.52,-48.86
2023,55,1.76,0.7,0.74,29.45,83.48,1.45,21.06,9.83,Uruaçu,GO,Centro-Oeste,-14.52,-48.86
2023,56,17.05,0.7,0.78,30.48,80.11,1.48,24.53,11.38,Uruaçu,GO,Centro-Oeste,-14.52,-48.86
2023,57,7.56,0.72,0.78,30.97,77.47,1.56,25.36,11.69,Uruaçu,GO,Centro-Oeste,-14.52,-48.86
2023,58,0.03,0.7,0.73,31.75,75.34,1.77,26.03,12.02,Uruaçu,GO,Centro-Oeste,-14.52,-48.86
2023,59,0.79,0.69,0.72,31.16,75.84,1.72,24.68,11.32,Uruaçu,GO,Centro-Oeste,-14.52,-48.86
2023,60,5.52,0.68,0.74,28.85,79.96,1.0,15.83,7.52,Uruaçu,GO,Centro-Oeste,-14.52,-48.86
2023,61,1.62,0.68,0.72,29.35,78.52,1.67,22.2,10.32,Uruaçu,GO,Centro-Oeste,-14.52,-48.86
2023,62,7.3,0.68,0.74,30.41,78.05,1.71,19.52,9.15,Uruaçu,GO,Centro-Oeste,-14.52,-48.86
2023,63,0.27,0.67,0.71,30.94,71.43,1.81,24.28,11.18,Uruaçu,GO,Centro-Oeste,-14.52,-48.86
2023,64,0.0,0.66,0.69,31.66,67.18,1.03,26.74,12.22,Uruaçu,GO,Centro-Oeste,-14.52,-48.86
2023,65,7.14,0.65,0.71,31.48,73.05,1.26,21.68,9.99,Uruaçu,GO,Centro-Oeste,-14.52,-48.86
2023,66,7.3,0.66,0.73,28.39,83.61,0.97,9.25,4.57,Uruaçu,GO,Centro-Oeste,-14.52,-48.86
2023,67,14.34,0.67,0.76,28.55,87.03,1.9,20.04,9.35,Uruaçu,GO,Centro-Oeste,-14.52,-48.86
2023,68,6.49,0.69,0.76,27.66,83.41,1.11,16.83,7.88,Uruaçu,GO,Centro-Oeste,-14.52,-48.86
2023,69,0.29,0.68,0.71,30.35,74.18,1.95,20.53,9.52,Uruaçu,GO,Centro-Oeste,-14.52,-48.86
2023,70,2.23,0.67,0.71,30.15,76.98,1.47,15.35,7.17,Uruaçu,GO,Centro-Oeste,-14.52,-48.86
2023,71,5.52,0.66,0.72,29.47,81.25,1.49,17.53,8.23,Uruaçu,GO,Centro-Oeste,-14.52,-48.86
2023,72,23.68,0.68,0.78,28.74,86.78,1.3,16.45,7.79,Uruaçu,GO,Centro-Oeste,-14.52,-48.86
2023,73,11.33,0.71,0.8,25.12,89.9,1.13,9.06,4.47,Uruaçu,GO,Centro-Oeste,-14.52,-48.86
2023,74,9.19,0.71,0.76,30.03,82.26,1.26,20.58,9.61,Uruaçu,GO,Centro-Oeste,-14.52,-48.86
2023,75,3.84,0.72,0.78,27.79,87.57,1.7,15.06,7.1,Uruaçu,GO,Centro-Oeste,-14.52,-48.86
2023,76,17.32,0.72,0.8,27.63,86.44,2.0,14.47,6.8,Uruaçu,GO,Centro-Oeste,-14.52,-48.86
2023,77,3.98,0.74,0.79,24.93,89.12,1.48,11.64,5.62,Uruaçu,GO,Centro-Oeste,-14.52,-48.86
2023,78,8.53,0.74,0.79,24.64,90.12,2.07,17.0,7.96,Uruaçu,GO,Centro-Oeste,-14.52,-48.86
2023,79,4.24,0.74,0.79,26.06,89.27,1.09,13.43,6.44,Uruaçu,GO,Centro-Oeste,-14.52,-48.86
2023,80,10.58,0.75,0.81,26.13,88.32,1.41,10.23,4.94,Uruaçu,GO,Centro-Oeste,-14.52,-48.86
2023,81,2.82,0.75,0.79,28.0,85.5,1.75,16.79,7.92,Uruaçu,GO,Centro-Oeste,-14.52,-48.86
2023,82,4.26,0.74,0.78,29.18,82.1,2.09,22.6,10.53,Uruaçu,GO,Centro-Oeste,-14.52,-48.86
2023,83,1.52,0.73,0.77,29.49,77.73,2.15,24.6,11.32,Uruaçu,GO,Centro-Oeste,-14.52,-48.86
2023,84,0.07,0.72,0.75,29.71,74.42,1.91,25.28,11.54,Uruaçu,GO,Centro-Oeste,-14.52,-48.86
2023,85,0.28,0.71,0.74,30.58,74.79,1.81,24.87,11.45,Uruaçu,GO,Centro-Oeste,-14.52,-48.86
2023,86,0.91,0.7,0.73,30.18,79.23,1.44,23.98,11.11,Uruaçu,GO,Centro-Oeste,-14.52,-48.86
2023,87,9.16,0.69,0.76,29.11,79.8,1.17,16.99,7.94,Uruaçu,GO,Centro-Oeste,-14.52,-48.86
2023,88,0.63,0.7,0.74,28.15,79.36,1.98,24.25,11.07,Uruaçu,GO,Centro-Oeste,-14.52,-48.86
2023,89,0.0,0.69,0.72,29.97,72.69,1.72,24.98,11.44,Uruaçu,GO,Centro-Oeste,-14.52,-48.86
2023,90,0.09,0.67,0.71,30.92,70.85,1.14,23.91,11.04,Uruaçu,GO,Centro-Oeste,-14.52,-48.86
2023,91,0.2,0.66,0.7,30.75,75.95,1.16,21.56,10.05,Uruaçu,GO,Centro-Oeste,-14.52,-48.86
2023,92,7.23,0.66,0.72,28.3,83.43,0.78,11.04,5.37,Uruaçu,GO,Centro-Oeste,-14.52,-48.86
2023,93,1.67,0.66,0.71,28.88,76.79,1.14,17.1,8.01,Uruaçu,GO,Centro-Oeste,-14.52,-48.86
2023,94,1.51,0.66,0.7,28.16,82.11,1.6,19.67,9.23,Uruaçu,GO,Centro-Oeste,-14.52,-48.86
2023,95,0.45,0.65,0.68,29.74,76.4,1.51,21.6,10.06,Uruaçu,GO,Centro-Oeste,-14.52,-48.86
2023,96,1.21,0.64,0.67,30.34,76.76,1.69,21.27,9.93,Uruaçu,GO,Centro-Oeste,-14.52,-48.86
2023,97,4.59,0.64,0.69,28.61,81.66,1.05,14.93,7.08,Uruaçu,GO,Centro-Oeste,-14.52,-48.86
2023,98,1.47,0.64,0.68,29.18,83.91,1.56,18.29,8.63,Uruaçu,GO,Centro-Oeste,-14.52,-48.86
2023,99,3.06,0.63,0.68,30.03,79.12,1.29,21.5,10.11,Uruaçu,GO,Centro-Oeste,-14.52,-48.86
2023,100,2.93,0.63,0.68,28.24,83.94,1.93,12.41,5.98,Uruaçu,GO,Centro-Oeste,-14.52,-48.86
2023,101,5.42,0.63,0.68,28.39,80.91,1.69,18.05,8.43,Uruaçu,GO,Centro-Oeste,-14.52,-48.86
2023,102,25.32,0.65,0.77,29.05,83.35,1.69,20.89,9.8,Uruaçu,GO,Centro-Oeste,-14.52,-48.86
2023,103,9.43,0.67,0.75,29.94,80.82,2.02,17.7,8.33,Uruaçu,GO,Centro-Oeste,-14.52,-48.86
2023,104,4.41,0.67,0.73,29.15,79.82,0.76,18.47,8.6,Uruaçu,GO,Centro-Oeste,-14.52,-48.86
2023,105,1.08,0.67,0.71,31.25,76.04,1.46,21.86,10.14,Uruaçu,GO,Centro-Oeste,-14.52,-48.86
2023,106,2.86,0.66,0.7,31.45,73.84,1.47,21.85,10.15,Uruaçu,GO,Centro-Oeste,-14.52,-48.86
2023,107,2.45,0.65,0.69,31.1,76.17,1.42,19.25,9.02,Uruaçu,GO,Centro-Oeste,-14.52,-48.86
2023,108,1.38,0.64,0.68,30.53,79.95,1.31,19.69,9.28,Uruaçu,GO,Centro-Oeste,-14.52,-48.86
2023,109,0.77,0.64,0.67,28.88,86.92,1.62,13.81,6.6,Uruaçu,GO,Centro-Oeste,-14.52,-48.86
2023,110,0.14,0.63,0.66,28.87,84.07,1.32,19.15,9.03,Uruaçu,GO,Centro-Oeste,-14.52,-48.86
2023,111,4.32,0.62,0.67,30.49,78.97,2.1,19.79,9.26,Uruaçu,GO,Centro-Oeste,-14.52,-48.86
2023,112,0.19,0.62,0.66,29.91,79.72,2.7,17.69,8.38,Uruaçu,GO,Centro-Oeste,-14.52,-48.86
2023,113,0.06,0.61,0.64,29.42,77.25,2.6,21.06,9.79,Uruaçu,GO,Centro-Oeste,-14.52,-48.86
2023,114,0.0,0.6,0.62,29.9,74.97,2.82,21.6,10.05,Uruaçu,GO,Centro-Oeste,-14.52,-48.86
2023,115,0.0,0.59,0.6,30.43,72.83,2.26,21.85,10.1,Uruaçu,GO,Centro-Oeste,-14.52,-48.86
2023,116,0.0,0.59,0.59,31.29,67.6,1.77,21.64,10.0,Uruaçu,GO,Centro-Oeste,-14.52,-48.86
2023,117,0.11,0.58,0.57,31.91,66.71,1.23,20.7,9.58,Uruaçu,GO,Centro-Oeste,-14.52,-48.86
2023,118,0.0,0.57,0.56,31.85,69.32,1.06,19.68,9.16,Uruaçu,GO,Centro-Oeste,-14.52,-48.86
2023,119,0.0,0.57,0.55,33.11,66.39,1.25,20.81,9.62,Uruaçu,GO,Centro-Oeste,-14.52,-48.86
2023,120,3.93,0.56,0.57,32.4,66.14,1.2,20.13,9.29,Uruaçu,GO,Centro-Oeste,-14.52,-48.86
2023,121,0.1,0.56,0.55,32.58,66.53,1.39,20.71,9.53,Uruaçu,GO,Centro-Oeste,-14.52,-48.86
2023,122,0.0,0.56,0.54,31.54,63.95,1.57,21.19,9.62,Uruaçu,GO,Centro-Oeste,-14.52,-48.86
2023,123,0.01,0.55,0.53,31.91,60.07,1.37,21.68,9.76,Uruaçu,GO,Centro-Oeste,-14.52,-48.86
2023,124,0.02,0.54,0.52,32.83,60.35,1.98,21.22,9.62,Uruaçu,GO,Centro-Oeste,-14.52,-48.86
2023,125,0.01,0.54,0.51,33.3,60.77,2.19,20.15,9.25,Uruaçu,GO,Centro-Oeste,-14.52,-48.86
2023,126,0.01,0.54,0.5,33.27,59.41,2.3,21.29,9.66,Uruaçu,GO,Centro-Oeste,-14.52,-48.86
2023,127,0.0,0.53,0.5,32.75,58.03,2.23,20.8,9.39,Uruaçu,GO,Centro-Oeste,-14.52,-48.86
2023,128,0.01,0.53,0.48,33.72,56.18,1.66,20.84,9.46,Uruaçu,GO,Centro-Oeste,-14.52,-48.86
2023,129,0.01,0.52,0.48,33.69,57.66,1.32,18.63,8.5,Uruaçu,GO,Centro-Oeste,-14.52,-48.86
2023,130,0.0,0.52,0.47,34.11,58.37,1.47,20.46,9.32,Uruaçu,GO,Centro-Oeste,-14.52,-48.86
2023,131,0.0,0.52,0.46,33.96,58.06,1.55,19.12,8.71,Uruaçu,GO,Centro-Oeste,-14.52,-48.86
2023,132,0.01,0.52,0.46,34.53,58.92,1.98,18.64,8.51,Uruaçu,GO,Centro-Oeste,-14.52,-48.86
2023,133,0.03,0.51,0.45,34.44,56.04,1.72,18.51,8.41,Uruaçu,GO,Centro-Oeste,-14.52,-48.86
2023,134,0.0,0.51,0.44,35.08,53.76,1.74,17.89,8.16,Uruaçu,GO,Centro-Oeste,-14.52,-48.86
2023,135,0.02,0.51,0.44,34.12,57.47,1.51,19.57,8.9,Uruaçu,GO,Centro-Oeste,-14.52,-48.86
2023,136,0.01,0.5,0.42,34.96,56.44,1.58,19.37,8.81,Uruaçu,GO,Centro-Oeste,-14.52,-48.86
2023,137,0.61,0.5,0.41,35.15,55.29,1.63,19.96,9.07,Uruaçu,GO,Centro-Oeste,-14.52,-48.86
2023,138,0.06,0.5,0.4,34.98,46.33,1.56,20.74,9.24,Uruaçu,GO,Centro-Oeste,-14.52,-48.86
2023,139,0.0,0.5,0.38,34.73,37.41,1.84,21.29,9.37,Uruaçu,GO,Centro-Oeste,-14.52,-48.86
2023,140,0.0,0.5,0.35,33.91,37.19,2.12,21.07,9.26,Uruaçu,GO,Centro-Oeste,-14.52,-48.86
2023,141,0.0,0.49,0.33,32.93,37.88,2.75,21.09,9.29,Uruaçu,GO,Centro-Oeste,-14.52,-48.86
2023,142,0.0,0.49,0.31,33.78,37.1,2.45,20.54,9.19,Uruaçu,GO,Centro-Oeste,-14.52,-48.86
2023,143,0.01,0.49,0.3,33.94,41.07,2.65,17.66,8.01,Uruaçu,GO,Centro-Oeste,-14.52,-48.86
2023,144,0.01,0.49,0.29,33.69,46.08,3.06,18.94,8.6,Uruaçu,GO,Centro-Oeste,-14.52,-48.86
2023,145,0.0,0.49,0.28,33.82,46.62,2.99,19.06,8.68,Uruaçu,GO,Centro-Oeste,-14.52,-48.86
2023,146,0.0,0.49,0.27,33.65,46.73,2.72,19.56,8.96,Uruaçu,GO,Centro-Oeste,-14.52,-48.86
2023,147,0.0,0.49,0.26,34.32,46.03,1.75,17.83,8.2,Uruaçu,GO,Centro-Oeste,-14.52,-48.86
2023,148,0.0,0.49,0.26,34.78,44.72,1.46,18.08,8.26,Uruaçu,GO,Centro-Oeste,-14.52,-48.86
2023,149,0.0,0.49,0.25,35.11,41.52,1.11,17.81,8.12,Uruaçu,GO,Centro-Oeste,-14.52,-48.86
2023,150,0.0,0.49,0.24,35.81,37.97,2.54,19.0,8.62,Uruaçu,GO,Centro-Oeste,-14.52,-48.86
2023,151,0.0,0.49,0.23,33.09,45.22,1.9,15.6,7.23,Uruaçu,GO,Centro-Oeste,-14.52,-48.86
2023,152,0.0,0.49,0.23,33.58,45.48,1.72,16.16,7.5,Uruaçu,GO,Centro-Oeste,-14.52,-48.86
2023,153,0.01,0.49,0.22,35.46,44.05,2.07,18.82,8.6,Uruaçu,GO,Centro-Oeste,-14.52,-48.86
2023,154,0.0,0.49,0.22,35.39,38.1,2.41,19.33,8.7,Uruaçu,GO,Centro-Oeste,-14.52,-48.86
2023,155,0.0,0.49,0.21,34.14,37.53,2.59,19.56,8.79,Uruaçu,GO,Centro-Oeste,-14.52,-48.86
2023,156,0.0,0.49,0.21,33.84,37.86,1.63,19.04,8.59,Uruaçu,GO,Centro-Oeste,-14.52,-48.86
2023,157,0.14,0.49,0.2,34.43,33.2,1.82,18.88,8.47,Uruaçu,GO,Centro-Oeste,-14.52,-48.86
2023,158,0.0,0.49,0.2,34.42,36.47,1.87,18.62,8.47,Uruaçu,GO,Centro-Oeste,-14.52,-48.86
2023,159,0.0,0.49,0.2,34.02,37.95,2.44,18.53,8.46,Uruaçu,GO,Centro-Oeste,-14.52,-48.86
2023,160,0.0,0.49,0.19,34.56,38.48,1.98,17.9,8.2,Uruaçu,GO,Centro-Oeste,-14.52,-48.86
2023,161,0.0,0.49,0.19,34.87,42.41,1.86,18.03,8.25,Uruaçu,GO,Centro-Oeste,-14.52,-48.86
2023,162,0.0,0.49,0.19,35.68,43.55,1.85,18.13,8.29,Uruaçu,GO,Centro-Oeste,-14.52,-48.86
2023,163,0.0,0.49,0.19,35.69,36.51,1.44,16.47,7.59,Uruaçu,GO,Centro-Oeste,-14.52,-48.86
2023,164,0.0,0.49,0.18,35.91,33.26,1.68,16.75,7.72,Uruaçu,GO,Centro-Oeste,-14.52,-48.86
2023,165,0.0,0.49,0.18,35.77,32.9,2.01,17.7,8.11,Uruaçu,GO,Centro-Oeste,-14.52,-48.86
2023,166,0.0,0.49,0.18,35.45,37.37,1.9,17.71,8.12,Uruaçu,GO,Centro-Oeste,-14.52,-48.86
2023,167,0.02,0.49,0.18,34.39,43.07,1.79,17.29,7.99,Uruaçu,GO,Centro-Oeste,-14.52,-48.86
2023,168,0.01,0.49,0.17,31.86,51.12,2.36,16.31,7.56,Uruaçu,GO,Centro-Oeste,-14.52,-48.86
2023,169,0.0,0.49,0.17,33.93,44.32,1.86,18.39,8.34,Uruaçu,GO,Centro-Oeste,-14.52,-48.86
2023,170,0.0,0.49,0.17,35.03,37.52,2.11,18.01,8.13,Uruaçu,GO,Centro-Oeste,-14.52,-48.86
2023,171,0.0,0.49,0.17,33.76,36.56,3.07,18.15,8.15,Uruaçu,GO,Centro-Oeste,-14.52,-48.86
2023,172,0.0,0.49,0.17,33.56,36.65,2.77,19.04,8.5,Uruaçu,GO,Centro-Oeste,-14.52,-48.86
2023,173,0.0,0.49,0.17,33.38,39.87,2.13,18.27,8.21,Uruaçu,GO,Centro-Oeste,-14.52,-48.86
2023,174,0.0,0.49,0.16,33.71,38.38,2.21,18.81,8.42,Uruaçu,GO,Centro-Oeste,-14.52,-48.86
2023,175,0.0,0.49,0.16,33.08,37.54,2.02,17.72,7.98,Uruaçu,GO,Centro-Oeste,-14.52,-48.86
2023,176,0.0,0.49,0.16,29.07,40.89,2.62,13.34,6.03,Uruaçu,GO,Centro-Oeste,-14.52,-48.86
2023,177,0.0,0.49,0.16,31.67,45.16,3.21,14.85,6.74,Uruaçu,GO,Centro-Oeste,-14.52,-48.86
2023,178,0.0,0.49,0.16,33.41,43.44,2.77,18.59,8.38,Uruaçu,GO,Centro-Oeste,-14.52,-48.86
2023,179,0.0,0.49,0.16,33.48,40.25,2.31,19.39,8.71,Uruaçu,GO,Centro-Oeste,-14.52,-48.86
2023,180,0.0,0.49,0.16,33.39,35.89,2.84,19.59,8.65,Uruaçu,GO,Centro-Oeste,-14.52,-48.86
2023,181,0.15,0.49,0.16,33.21,43.15,2.84,18.88,8.46,Uruaçu,GO,Centro-Oeste,-14.52,-48.86
2023,182,0.01,0.49,0.16,33.5,39.06,2.73,18.8,8.42,Uruaçu,GO,Centro-Oeste,-14.52,-48.86
2023,183,0.0,0.49,0.16,33.28,32.95,2.3,19.48,8.64,Uruaçu,GO,Centro-Oeste,-14.52,-48.86
2023,184,0.0,0.49,0.15,33.25,30.34,2.07,19.48,8.58,Uruaçu,GO,Centro-Oeste,-14.52,-48.86
2023,185,0.0,0.49,0.15,34.04,32.08,2.56,19.48,8.6,Uruaçu,GO,Centro-Oeste,-14.52,-48.86
2023,186,0.0,0.49,0.15,32.97,33.22,3.35,19.59,8.63,Uruaçu,GO,Centro-Oeste,-14.52,-48.86
2023,187,0.01,0.49,0.15,32.15,30.93,2.51,18.95,8.38,Uruaçu,GO,Centro-Oeste,-14.52,-48.86
2023,188,0.0,0.49,0.15,32.57,38.88,1.83,18.8,8.43,Uruaçu,GO,Centro-Oeste,-14.52,-48.86
2023,189,0.0,0.49,0.15,34.05,38.61,1.72,19.23,8.65,Uruaçu,GO,Centro-Oeste,-14.52,-48.86
2023,190,0.0,0.49,0.15,34.3,32.92,1.37,16.68,7.48,Uruaçu,GO,Centro-Oeste,-14.52,-48.86
2023,191,0.0,0.49,0.15,35.52,32.13,2.01,18.71,8.36,Uruaçu,GO,Centro-Oeste,-14.52,-48.86
2023,192,0.0,0.49,0.14,35.85,33.55,1.43,18.15,8.2,Uruaçu,GO,Centro-Oeste,-14.52,-48.86
2023,193,0.0,0.49,0.14,35.73,33.14,1.3,17.92,8.09,Uruaçu,GO,Centro-Oeste,-14.52,-48.86
2023,194,0.0,0.49,0.14,35.46,32.97,1.54,17.79,8.01,Uruaçu,GO,Centro-Oeste,-14.52,-48.86
2023,195,0.0,0.48,0.14,35.35,36.8,1.84,18.05,8.14,Uruaçu,GO,Centro-Oeste,-14.52,-48.86
2023,196,0.0,0.48,0.14,36.53,38.5,2.25,17.73,8.0,Uruaçu,GO,Centro-Oeste,-14.52,-48.86
2023,197,0.0,0.48,0.14,36.29,30.82,1.22,18.36,8.26,Uruaçu,GO,Centro-Oeste,-14.52,-48.86
2023,198,0.0,0.48,0.14,35.42,32.54,1.8,17.58,8.02,Uruaçu,GO,Centro-Oeste,-14.52,-48.86
2023,199,0.0,0.48,0.14,36.06,30.09,2.38,19.11,8.57,Uruaçu,GO,Centro-Oeste,-14.52,-48.86
2023,200,0.0,0.48,0.14,36.15,29.32,3.13,19.69,8.82,Uruaçu,GO,Centro-Oeste,-14.52,-48.86
2023,201,0.0,0.48,0.13,33.54,33.04,4.39,19.93,8.91,Uruaçu,GO,Centro-Oeste,-14.52,-48.86
2023,202,0.0,0.48,0.13,32.3,44.35,3.94,18.53,8.35,Uruaçu,GO,Centro-Oeste,-14.52,-48.86
2023,203,0.0,0.48,0.13,32.27,44.3,3.4,18.85,8.55,Uruaçu,GO,Centro-Oeste,-14.52,-48.86
2023,204,0.0,0.48,0.13,33.21,38.88,3.46,19.86,8.93,Uruaçu,GO,Centro-Oeste,-14.52,-48.86
2023,205,0.0,0.48,0.13,33.4,42.22,3.0,18.08,8.23,Uruaçu,GO,Centro-Oeste,-14.52,-48.86
2023,206,0.0,0.48,0.13,32.97,40.5,2.21,17.11,7.81,Uruaçu,GO,Centro-Oeste,-14.52,-48.86
2023,207,0.0,0.48,0.13,34.59,29.26,2.17,20.52,9.17,Uruaçu,GO,Centro-Oeste,-14.52,-48.86
2023,208,0.0,0.48,0.13,34.74,33.02,2.68,19.71,8.85,Uruaçu,GO,Centro-Oeste,-14.52,-48.86
2023,209,0.0,0.48,0.13,34.8,36.48,2.81,18.32,8.33,Uruaçu,GO,Centro-Oeste,-14.52,-48.86
2023,210,0.0,0.48,0.13,34.68,35.4,2.09,17.52,7.96,Uruaçu,GO,Centro-Oeste,-14.52,-48.86
2023,211,0.0,0.48,0.13,34.75,33.5,3.05,18.15,8.22,Uruaçu,GO,Centro-Oeste,-14.52,-48.86
2023,212,0.0,0.48,0.13,35.02,34.53,3.47,18.57,8.42,Uruaçu,GO,Centro-Oeste,-14.52,-48.86
2023,213,0.0,0.48,0.13,35.2,32.56,3.17,20.91,9.33,Uruaçu,GO,Centro-Oeste,-14.52,-48.86
2023,214,0.0,0.48,0.13,34.73,31.87,2.9,21.26,9.43,Uruaçu,GO,Centro-Oeste,-14.52,-48.86
2023,215,0.0,0.48,0.13,35.58,29.43,1.95,20.67,9.15,Uruaçu,GO,Centro-Oeste,-14.52,-48.86
2023,216,0.0,0.48,0.13,35.0,25.66,1.85,19.22,8.58,Uruaçu,GO,Centro-Oeste,-14.52,-48.86
2023,217,0.0,0.48,0.13,36.64,26.65,1.98,20.5,9.22,Uruaçu,GO,Centro-Oeste,-14.52,-48.86
2023,218,0.0,0.48,0.13,36.49,23.91,3.59,22.0,9.74,Uruaçu,GO,Centro-Oeste,-14.52,-48.86
2023,219,0.0,0.48,0.12,35.99,24.56,2.12,21.71,9.63,Uruaçu,GO,Centro-Oeste,-14.52,-48.86
2023,220,0.0,0.48,0.12,37.65,23.03,2.42,21.53,9.47,Uruaçu,GO,Centro-Oeste,-14.52,-48.86
2023,221,0.0,0.48,0.12,36.84,26.58,3.26,21.85,9.79,Uruaçu,GO,Centro-Oeste,-14.52,-48.86
2023,222,0.0,0.48,0.12,36.57,32.07,3.23,21.46,9.71,Uruaçu,GO,Centro-Oeste,-14.52,-48.86
2023,223,0.0,0.48,0.12,35.64,30.17,2.78,19.63,8.83,Uruaçu,GO,Centro-Oeste,-14.52,-48.86
2023,224,0.0,0.48,0.12,37.15,26.42,3.1,21.04,9.31,Uruaçu,GO,Centro-Oeste,-14.52,-48.86
2023,225,0.0,0.48,0.12,33.74,32.55,3.1,19.65,8.87,Uruaçu,GO,Centro-Oeste,-14.52,-48.86
2023,226,0.0,0.48,0.12,33.47,34.69,3.67,18.97,8.58,Uruaçu,GO,Centro-Oeste,-14.52,-48.86
2023,227,0.0,0.48,0.12,32.29,34.18,4.01,19.22,8.69,Uruaçu,GO,Centro-Oeste,-14.52,-48.86
2023,228,0.0,0.48,0.12,33.28,38.68,3.79,19.42,8.85,Uruaçu,GO,Centro-Oeste,-14.52,-48.86
2023,229,0.0,0.48,0.12,34.64,36.45,2.75,20.33,9.2,Uruaçu,GO,Centro-Oeste,-14.52,-48.86
2023,230,0.0,0.48,0.12,36.08,31.49,1.96,20.34,9.2,Uruaçu,GO,Centro-Oeste,-14.52,-48.86
2023,231,0.0,0.48,0.12,35.48,31.49,1.43,16.52,7.49,Uruaçu,GO,Centro-Oeste,-14.52,-48.86
2023,232,0.0,0.48,0.12,36.71,31.08,1.86,21.1,9.5,Uruaçu,GO,Centro-Oeste,-14.52,-48.86
2023,233,0.0,0.48,0.12,36.98,31.46,2.35,22.16,9.98,Uruaçu,GO,Centro-Oeste,-14.52,-48.86
2023,234,0.0,0.48,0.12,38.11,27.88,1.65,21.09,9.46,Uruaçu,GO,Centro-Oeste,-14.52,-48.86
2023,235,0.07,0.48,0.12,38.71,27.23,1.68,19.84,8.95,Uruaçu,GO,Centro-Oeste,-14.52,-48.86
2023,236,6.71,0.49,0.26,36.41,39.73,1.27,17.2,7.88,Uruaçu,GO,Centro-Oeste,-14.52,-48.86
2023,237,1.95,0.5,0.4,36.06,51.3,1.21,17.13,7.85,Uruaçu,GO,Centro-Oeste,-14.52,-48.86
2023,238,0.73,0.5,0.39,32.63,55.58,1.23,17.21,7.88,Uruaçu,GO,Centro-Oeste,-14.52,-48.86
2023,239,1.16,0.5,0.4,33.67,58.04,0.73,15.34,7.09,Uruaçu,GO,Centro-Oeste,-14.52,-48.86
2023,240,1.83,0.5,0.4,35.04,52.69,1.04,16.7,7.63,Uruaçu,GO,Centro-Oeste,-14.52,-48.86
2023,241,1.3,0.5,0.42,35.88,53.79,1.18,17.55,8.12,Uruaçu,GO,Centro-Oeste,-14.52,-48.86
2023,242,1.54,0.5,0.4,33.86,61.07,1.68,10.97,5.2,Uruaçu,GO,Centro-Oeste,-14.52,-48.86
2023,243,0.24,0.5,0.39,35.03,56.98,1.33,19.76,9.15,Uruaçu,GO,Centro-Oeste,-14.52,-48.86
2023,244,0.25,0.5,0.36,37.27,46.23,2.11,20.83,9.61,Uruaçu,GO,Centro-Oeste,-14.52,-48.86
2023,245,0.14,0.49,0.33,35.04,53.98,2.04,18.84,8.79,Uruaçu,GO,Centro-Oeste,-14.52,-48.86
2023,246,0.0,0.49,0.31,37.43,43.64,2.02,21.81,10.07,Uruaçu,GO,Centro-Oeste,-14.52,-48.86
2023,247,0.0,0.49,0.29,36.08,39.26,1.36,22.17,10.2,Uruaçu,GO,Centro-Oeste,-14.52,-48.86
2023,248,0.45,0.49,0.28,36.84,39.56,0.96,18.15,8.45,Uruaçu,GO,Centro-Oeste,-14.52,-48.86
2023,249,0.03,0.49,0.27,38.06,41.54,3.91,20.75,9.52,Uruaçu,GO,Centro-Oeste,-14.52,-48.86
2023,250,0.0,0.49,0.26,36.33,39.45,4.57,25.01,11.29,Uruaçu,GO,Centro-Oeste,-14.52,-48.86
2023,251,0.0,0.49,0.24,36.2,35.95,3.47,22.97,10.37,Uruaçu,GO,Centro-Oeste,-14.52,-48.86
2023,252,0.0,0.49,0.23,37.44,29.83,2.82,23.51,10.6,Uruaçu,GO,Centro-Oeste,-14.52,-48.86
2023,253,0.0,0.49,0.22,37.33,32.61,3.72,25.29,11.35,Uruaçu,GO,Centro-Oeste,-14.52,-48.86
2023,254,0.0,0.49,0.21,37.81,31.17,3.3,25.75,11.49,Uruaçu,GO,Centro-Oeste,-14.52,-48.86
2023,255,0.0,0.49,0.2,38.5,31.77,2.12,22.52,10.22,Uruaçu,GO,Centro-Oeste,-14.52,-48.86
2023,256,0.0,0.49,0.2,39.53,28.63,2.25,23.99,10.89,Uruaçu,GO,Centro-Oeste,-14.52,-48.86
2023,257,0.0,0.49,0.19,39.24,25.23,1.51,22.25,10.08,Uruaçu,GO,Centro-Oeste,-14.52,-48.86
2023,258,0.0,0.49,0.18,39.33,28.36,2.46,19.86,8.96,Uruaçu,GO,Centro-Oeste,-14.52,-48.86
2023,259,0.2,0.49,0.18,39.16,33.25,3.45,20.17,9.33,Uruaçu,GO,Centro-Oeste,-14.52,-48.86
2023,260,0.0,0.49,0.18,38.9,31.07,3.28,18.38,8.49,Uruaçu,GO,Centro-Oeste,-14.52,-48.86
2023,261,0.0,0.49,0.17,39.34,29.68,3.22,22.56,10.23,Uruaçu,GO,Centro-Oeste,-14.52,-48.86
2023,262,0.0,0.49,0.17,39.58,23.86,3.07,25.1,11.3,Uruaçu,GO,Centro-Oeste,-14.52,-48.86
2023,263,0.0,0.49,0.16,40.17,22.84,3.36,25.48,11.47,Uruaçu,GO,Centro-Oeste,-14.52,-48.86
2023,264,0.0,0.49,0.16,40.06,24.66,3.11,25.52,11.48,Uruaçu,GO,Centro-Oeste,-14.52,-48.86
2023,265,0.0,0.49,0.16,39.93,25.26,3.16,25.04,11.37,Uruaçu,GO,Centro-Oeste,-14.52,-48.86
2023,266,0.0,0.49,0.15,40.83,21.72,2.76,25.14,11.4,Uruaçu,GO,Centro-Oeste,-14.52,-48.86
2023,267,0.0,0.49,0.15,41.22,20.63,1.57,23.39,10.65,Uruaçu,GO,Centro-Oeste,-14.52,-48.86
2023,268,0.0,0.49,0.15,41.73,21.75,0.59,23.65,10.71,Uruaçu,GO,Centro-Oeste,-14.52,-48.86
2023,269,4.36,0.49,0.16,40.82,28.32,1.64,22.27,10.04,Uruaçu,GO,Centro-Oeste,-14.52,-48.86
2023,270,2.06,0.5,0.36,39.47,43.04,1.83,9.08,4.36,Uruaçu,GO,Centro-Oeste,-14.52,-48.86
2023,271,6.79,0.5,0.38,38.13,48.56,1.47,19.66,8.98,Uruaçu,GO,Centro-Oeste,-14.52,-48.86
2023,272,3.09,0.51,0.53,34.39,62.72,1.12,16.88,7.83,Uruaçu,GO,Centro-Oeste,-14.52,-48.86
2023,273,0.04,0.51,0.46,38.78,50.35,2.17,18.96,8.84,Uruaçu,GO,Centro-Oeste,-14.52,-48.86
2023,274,0.01,0.5,0.41,39.03,42.8,1.56,23.95,11.05,Uruaçu,GO,Centro-Oeste,-14.52,-48.86
2023,275,2.98,0.5,0.4,39.81,46.47,1.6,20.62,9.53,Uruaçu,GO,Centro-Oeste,-14.52,-48.86
2023,276,3.57,0.5,0.49,34.83,63.95,2.0,10.85,5.27,Uruaçu,GO,Centro-Oeste,-14.52,-48.86
2023,277,0.0,0.5,0.44,36.8,52.36,1.38,13.84,6.46,Uruaçu,GO,Centro-Oeste,-14.52,-48.86
2023,278,5.65,0.51,0.47,36.33,55.99,1.69,18.74,8.61,Uruaçu,GO,Centro-Oeste,-14.52,-48.86
2023,279,1.03,0.51,0.48,31.44,67.22,1.82,14.54,6.9,Uruaçu,GO,Centro-Oeste,-14.52,-48.86
2023,280,3.33,0.51,0.48,35.48,62.88,1.81,17.3,8.12,Uruaçu,GO,Centro-Oeste,-14.52,-48.86
2023,281,9.99,0.52,0.57,35.88,62.81,1.56,22.55,10.46,Uruaçu,GO,Centro-Oeste,-14.52,-48.86
2023,282,0.74,0.52,0.49,36.8,57.04,1.49,17.57,8.18,Uruaçu,GO,Centro-Oeste,-14.52,-48.86
2023,283,0.26,0.51,0.48,37.37,59.76,2.03,21.28,10.01,Uruaçu,GO,Centro-Oeste,-14.52,-48.86
2023,284,0.11,0.51,0.46,39.27,53.89,2.38,24.81,11.44,Uruaçu,GO,Centro-Oeste,-14.52,-48.86
2023,285,0.1,0.5,0.43,38.75,49.0,1.02,26.44,12.14,Uruaçu,GO,Centro-Oeste,-14.52,-48.86
2023,286,0.23,0.5,0.39,39.09,47.02,1.88,22.3,10.33,Uruaçu,GO,Centro-Oeste,-14.52,-48.86
2023,287,3.06,0.5,0.44,39.94,50.0,2.96,25.44,11.67,Uruaçu,GO,Centro-Oeste,-14.52,-48.86
2023,288,1.22,0.5,0.41,39.18,43.58,3.36,26.18,12.04,Uruaçu,GO,Centro-Oeste,-14.52,-48.86
2023,289,0.0,0.5,0.35,39.21,35.13,3.65,26.63,12.13,Uruaçu,GO,Centro-Oeste,-14.52,-48.86
2023,290,0.0,0.49,0.31,39.25,32.57,2.76,26.94,12.26,Uruaçu,GO,Centro-Oeste,-14.52,-48.86
2023,291,0.0,0.49,0.28,40.75,28.13,2.77,29.12,13.03,Uruaçu,GO,Centro-Oeste,-14.52,-48.86
2023,292,0.0,0.49,0.26,41.97,27.21,2.23,26.43,12.01,Uruaçu,GO,Centro-Oeste,-14.52,-48.86
2023,293,0.26,0.49,0.24,40.1,30.94,2.35,23.9,11.0,Uruaçu,GO,Centro-Oeste,-14.52,-48.86
2023,294,4.43,0.5,0.33,39.58,40.87,2.96,23.01,10.66,Uruaçu,GO,Centro-Oeste,-14.52,-48.86
2023,295,0.26,0.5,0.35,38.27,42.94,2.79,25.07,11.62,Uruaçu,GO,Centro-Oeste,-14.52,-48.86
2023,296,0.17,0.49,0.32,39.43,39.53,2.41,24.61,11.35,Uruaçu,GO,Centro-Oeste,-14.52,-48.86
2023,297,2.29,0.49,0.32,38.63,42.55,1.19,25.35,11.65,Uruaçu,GO,Centro-Oeste,-14.52,-48.86
2023,298,1.32,0.5,0.35,39.13,43.91,1.34,24.51,11.24,Uruaçu,GO,Centro-Oeste,-14.52,-48.86
2023,299,0.41,0.49,0.33,38.98,41.02,1.83,15.15,7.11,Uruaçu,GO,Centro-Oeste,-14.52,-48.86
2023,300,0.17,0.49,0.3,37.77,43.33,1.87,19.5,9.1,Uruaçu,GO,Centro-Oeste,-14.52,-48.86
2023,301,5.74,0.49,0.38,37.32,50.59,1.63,15.1,7.18,Uruaçu,GO,Centro-Oeste,-14.52,-48.86
2023,302,0.52,0.5,0.44,38.63,50.74,2.33,25.93,12.01,Uruaçu,GO,Centro-Oeste,-14.52,-48.86
2023,303,0.85,0.5,0.37,41.15,41.13,1.46,25.49,11.75,Uruaçu,GO,Centro-Oeste,-14.52,-48.86
2023,304,4.75,0.5,0.42,38.82,47.76,2.26,22.04,10.22,Uruaçu,GO,Centro-Oeste,-14.52,-48.86
2023,305,4.74,0.5,0.45,37.9,53.11,2.81,24.77,11.5,Uruaçu,GO,Centro-Oeste,-14.52,-48.86
2023,306,16.04,0.53,0.61,34.16,69.52,2.69,18.72,8.84,Uruaçu,GO,Centro-Oeste,-14.52,-48.86
2023,307,4.12,0.53,0.56,29.85,76.74,1.48,18.77,8.85,Uruaçu,GO,Centro-Oeste,-14.52,-48.86
2023,308,2.47,0.53,0.53,35.26,65.82,1.88,22.93,10.69,Uruaçu,GO,Centro-Oeste,-14.52,-48.86
2023,309,0.91,0.53,0.51,33.68,67.83,1.98,22.28,10.44,Uruaçu,GO,Centro-Oeste,-14.52,-48.86
2023,310,12.03,0.55,0.59,35.39,68.33,2.18,23.33,10.92,Uruaçu,GO,Centro-Oeste,-14.52,-48.86
2023,311,0.41,0.54,0.51,36.36,62.68,2.41,22.56,10.51,Uruaçu,GO,Centro-Oeste,-14.52,-48.86
2023,312,0.98,0.54,0.51,37.45,51.47,1.99,26.8,12.24,Uruaçu,GO,Centro-Oeste,-14.52,-48.86
2023,313,0.06,0.53,0.49,38.2,42.76,2.04,28.59,13.06,Uruaçu,GO,Centro-Oeste,-14.52,-48.86
2023,314,0.0,0.52,0.47,38.67,43.06,2.2,27.79,12.65,Uruaçu,GO,Centro-Oeste,-14.52,-48.86
2023,315,0.0,0.52,0.46,38.96,42.37,1.66,27.63,12.57,Uruaçu,GO,Centro-Oeste,-14.52,-48.86
2023,316,0.0,0.51,0.45,38.36,47.91,1.6,25.53,11.76,Uruaçu,GO,Centro-Oeste,-14.52,-48.86
2023,317,0.74,0.51,0.44,40.11,45.68,1.61,26.11,12.03,Uruaçu,GO,Centro-Oeste,-14.52,-48.86
2023,318,1.16,0.5,0.44,40.85,43.82,1.38,26.51,12.13,Uruaçu,GO,Centro-Oeste,-14.52,-48.86
2023,319,0.38,0.5,0.4,41.9,38.82,2.1,25.02,11.51,Uruaçu,GO,Centro-Oeste,-14.52,-48.86
2023,320,2.36,0.5,0.42,40.65,43.65,1.51,26.77,12.27,Uruaçu,GO,Centro-Oeste,-14.52,-48.86
2023,321,1.05,0.5,0.38,39.31,45.85,2.04,22.06,10.31,Uruaçu,GO,Centro-Oeste,-14.52,-48.86
2023,322,0.04,0.5,0.36,39.27,46.54,2.23,24.64,11.41,Uruaçu,GO,Centro-Oeste,-14.52,-48.86
2023,323,8.24,0.51,0.45,38.2,46.69,0.72,23.83,11.02,Uruaçu,GO,Centro-Oeste,-14.52,-48.86
2023,324,12.04,0.52,0.57,36.19,60.29,0.99,7.08,3.6,Uruaçu,GO,Centro-Oeste,-14.52,-48.86
2023,325,12.42,0.54,0.61,26.73,80.23,1.16,20.03,9.44,Uruaçu,GO,Centro-Oeste,-14.52,-48.86
2023,326,5.07,0.54,0.56,30.88,74.31,1.46,17.82,8.45,Uruaçu,GO,Centro-Oeste,-14.52,-48.86
2023,327,1.92,0.54,0.53,36.09,63.95,1.66,20.84,9.74,Uruaçu,GO,Centro-Oeste,-14.52,-48.86
2023,328,0.45,0.54,0.51,36.52,59.31,1.07,24.42,11.26,Uruaçu,GO,Centro-Oeste,-14.52,-48.86
2023,329,0.1,0.53,0.49,38.04,54.78,1.52,22.6,10.45,Uruaçu,GO,Centro-Oeste,-14.52,-48.86
2023,330,15.53,0.54,0.59,33.83,62.35,1.79,26.43,12.3,Uruaçu,GO,Centro-Oeste,-14.52,-48.86
2023,331,9.37,0.56,0.62,32.23,70.29,1.56,21.45,10.07,Uruaçu,GO,Centro-Oeste,-14.52,-48.86
2023,332,0.03,0.56,0.53,36.07,58.01,2.11,25.04,11.64,Uruaçu,GO,Centro-Oeste,-14.52,-48.86
2023,333,0.0,0.55,0.51,36.8,44.84,1.67,26.73,12.14,Uruaçu,GO,Centro-Oeste,-14.52,-48.86
2023,334,3.75,0.54,0.53,36.26,53.35,1.73,23.88,11.05,Uruaçu,GO,Centro-Oeste,-14.52,-48.86
2023,335,0.19,0.54,0.51,36.5,55.99,1.56,23.89,11.1,Uruaçu,GO,Centro-Oeste,-14.52,-48.86
2023,336,5.2,0.54,0.54,35.0,55.17,1.16,18.84,8.88,Uruaçu,GO,Centro-Oeste,-14.52,-48.86
2023,337,14.16,0.54,0.57,35.61,57.85,1.08,9.85,4.72,Uruaçu,GO,Centro-Oeste,-14.52,-48.86
2023,338,17.47,0.59,0.69,28.64,79.92,1.18,19.34,9.18,Uruaçu,GO,Centro-Oeste,-14.52,-48.86
2023,339,1.0,0.58,0.58,33.79,68.43,1.43,18.63,8.79,Uruaçu,GO,Centro-Oeste,-14.52,-48.86
2023,340,0.07,0.57,0.55,36.79,57.97,2.44,26.54,12.31,Uruaçu,GO,Centro-Oeste,-14.52,-48.86
2023,341,0.0,0.56,0.52,36.95,53.51,2.62,29.39,13.4,Uruaçu,GO,Centro-Oeste,-14.52,-48.86
2023,342,0.0,0.55,0.51,38.08,43.34,1.77,27.86,12.62,Uruaçu,GO,Centro-Oeste,-14.52,-48.86
2023,343,0.0,0.54,0.5,38.94,44.94,1.14,26.57,12.12,Uruaçu,GO,Centro-Oeste,-14.52,-48.86
2023,344,3.27,0.53,0.5,37.92,50.4,2.11,27.23,12.59,Uruaçu,GO,Centro-Oeste,-14.52,-48.86
2023,345,39.59,0.55,0.65,33.09,72.65,2.23,14.42,6.93,Uruaçu,GO,Centro-Oeste,-14.52,-48.86
2023,346,14.52,0.62,0.71,32.01,72.21,0.81,22.47,10.51,Uruaçu,GO,Centro-Oeste,-14.52,-48.86
2023,347,0.34,0.6,0.61,34.07,61.75,1.41,25.72,11.93,Uruaçu,GO,Centro-Oeste,-14.52,-48.86
2023,348,0.19,0.59,0.58,35.69,57.72,2.25,28.39,13.03,Uruaçu,GO,Centro-Oeste,-14.52,-48.86
2023,349,0.0,0.57,0.55,36.67,42.82,2.44,29.91,13.47,Uruaçu,GO,Centro-Oeste,-14.52,-48.86
2023,350,0.0,0.56,0.53,36.97,42.45,2.1,29.87,13.49,Uruaçu,GO,Centro-Oeste,-14.52,-48.86
2023,351,2.57,0.55,0.53,37.06,45.4,1.14,28.09,12.84,Uruaçu,GO,Centro-Oeste,-14.52,-48.86
2023,352,2.42,0.55,0.54,36.34,49.56,1.18,25.73,11.87,Uruaçu,GO,Centro-Oeste,-14.52,-48.86
2023,353,4.69,0.55,0.57,35.29,56.01,1.53,25.6,11.94,Uruaçu,GO,Centro-Oeste,-14.52,-48.86
2023,354,5.0,0.55,0.56,34.54,63.77,2.11,19.77,9.31,Uruaçu,GO,Centro-Oeste,-14.52,-48.86
2023,355,21.47,0.57,0.66,29.42,79.29,2.66,5.72,2.97,Uruaçu,GO,Centro-Oeste,-14.52,-48.86
2023,356,2.03,0.59,0.61,30.18,76.68,1.73,15.95,7.57,Uruaçu,GO,Centro-Oeste,-14.52,-48.86
2023,357,4.19,0.58,0.6,32.28,72.99,1.13,18.08,8.53,Uruaçu,GO,Centro-Oeste,-14.52,-48.86
2023,358,0.26,0.58,0.57,34.42,66.16,1.67,23.69,11.05,Uruaçu,GO,Centro-Oeste,-14.52,-48.86
2023,359,1.65,0.56,0.54,36.99,59.92,1.75,25.19,11.75,Uruaçu,GO,Centro-Oeste,-14.52,-48.86
2023,360,4.98,0.57,0.59,31.17,74.72,1.6,21.19,9.95,Uruaçu,GO,Centro-Oeste,-14.52,-48.86
2023,361,0.15,0.56,0.54,36.89,60.67,1.18,26.08,11.99,Uruaçu,GO,Centro-Oeste,-14.52,-48.86
2023,362,0.64,0.55,0.52,36.73,57.27,1.43,22.87,10.68,Uruaçu,GO,Centro-Oeste,-14.52,-48.86
2023,363,0.78,0.55,0.52,35.76,63.49,1.71,20.07,9.5,Uruaçu,GO,Centro-Oeste,-14.52,-48.86
2023,364,16.17,0.56,0.61,31.92,76.88,1.44,20.45,9.67,Uruaçu,GO,Centro-Oeste,-14.52,-48.86
2023,365,9.5,0.59,0.66,28.33,84.27,1.9,18.31,8.63,Uruaçu,GO,Centro-Oeste,-14.52,-48.86
2024,1,13.54,0.59,0.65,29.29,81.11,1.53,15.77,7.51,Uruaçu,GO,Centro-Oeste,-14.52,-48.86
2024,2,10.56,0.61,0.69,29.8,81.8,1.76,16.81,8.05,Uruaçu,GO,Centro-Oeste,-14.52,-48.86
2024,3,20.49,0.62,0.74,29.75,84.79,2.16,8.82,4.49,Uruaçu,GO,Centro-Oeste,-14.52,-48.86
2024,4,32.2,0.66,0.81,28.89,89.04,2.45,9.75,4.91,Uruaçu,GO,Centro-Oeste,-14.52,-48.86
2024,5,5.19,0.68,0.74,26.41,89.64,1.95,9.07,4.6,Uruaçu,GO,Centro-Oeste,-14.52,-48.86
2024,6,0.48,0.67,0.71,30.39,80.73,0.92,17.14,8.23,Uruaçu,GO,Centro-Oeste,-14.52,-48.86
2024,7,6.29,0.66,0.72,29.63,82.87,1.09,21.64,10.26,Uruaçu,GO,Centro-Oeste,-14.52,-48.86
2024,8,5.9,0.66,0.73,29.1,84.66,1.14,15.38,7.42,Uruaçu,GO,Centro-Oeste,-14.52,-48.86
2024,9,2.2,0.66,0.7,29.23,84.44,1.22,18.76,8.96,Uruaçu,GO,Centro-Oeste,-14.52,-48.86
2024,10,23.84,0.68,0.8,26.08,89.46,1.09,6.84,3.5,Uruaçu,GO,Centro-Oeste,-14.52,-48.86
2024,11,1.09,0.69,0.74,28.46,83.61,1.25,23.03,10.77,Uruaçu,GO,Centro-Oeste,-14.52,-48.86
2024,12,0.22,0.68,0.72,31.07,79.69,1.22,24.75,11.57,Uruaçu,GO,Centro-Oeste,-14.52,-48.86
2024,13,1.03,0.67,0.71,31.29,77.72,0.99,21.99,10.32,Uruaçu,GO,Centro-Oeste,-14.52,-48.86
2024,14,2.65,0.66,0.7,30.48,79.55,1.28,14.84,7.2,Uruaçu,GO,Centro-Oeste,-14.52,-48.86
2024,15,2.25,0.65,0.71,30.97,72.32,0.49,25.7,11.98,Uruaçu,GO,Centro-Oeste,-14.52,-48.86
2024,16,1.92,0.64,0.68,31.79,71.95,1.34,25.77,12.01,Uruaçu,GO,Centro-Oeste,-14.52,-48.86
2024,17,0.18,0.63,0.66,33.1,67.91,1.12,28.84,13.31,Uruaçu,GO,Centro-Oeste,-14.52,-48.86
2024,18,8.45,0.62,0.69,32.39,71.92,0.9,26.36,12.26,Uruaçu,GO,Centro-Oeste,-14.52,-48.86
2024,19,35.28,0.65,0.79,31.19,80.18,1.13,28.43,13.23,Uruaçu,GO,Centro-Oeste,-14.52,-48.86
2024,20,0.23,0.67,0.71,31.91,77.43,1.04,25.72,11.92,Uruaçu,GO,Centro-Oeste,-14.52,-48.86
2024,21,0.63,0.65,0.69,31.45,78.4,1.34,21.87,10.25,Uruaçu,GO,Centro-Oeste,-14.52,-48.86
2024,22,1.78,0.64,0.68,30.68,81.77,1.32,22.55,10.68,Uruaçu,GO,Centro-Oeste,-14.52,-48.86
2024,23,9.84,0.65,0.72,29.3,84.77,1.63,22.12,10.51,Uruaçu,GO,Centro-Oeste,-14.52,-48.86
2024,24,15.33,0.66,0.75,28.06,86.71,2.84,9.08,4.55,Uruaçu,GO,Centro-Oeste,-14.52,-48.86
2024,25,6.88,0.67,0.74,26.92,91.72,2.83,12.7,6.23,Uruaçu,GO,Centro-Oeste,-14.52,-48.86
2024,26,8.11,0.67,0.74,26.7,90.93,2.18,11.17,5.5,Uruaçu,GO,Centro-Oeste,-14.52,-48.86
2024,27,7.9,0.68,0.75,28.57,88.85,2.43,17.93,8.61,Uruaçu,GO,Centro-Oeste,-14.52,-48.86
2024,28,5.22,0.68,0.74,26.99,87.64,3.4,14.12,6.86,Uruaçu,GO,Centro-Oeste,-14.52,-48.86
2024,29,0.59,0.67,0.71,29.74,82.24,1.12,16.35,7.77,Uruaçu,GO,Centro-Oeste,-14.52,-48.86
2024,30,0.42,0.66,0.7,30.84,81.07,1.11,18.76,8.81,Uruaçu,GO,Centro-Oeste,-14.52,-48.86
2024,31,9.45,0.65,0.72,29.73,82.45,1.08,20.36,9.56,Uruaçu,GO,Centro-Oeste,-14.52,-48.86
2024,32,0.37,0.66,0.71,29.9,82.74,1.6,15.26,7.26,Uruaçu,GO,Centro-Oeste,-14.52,-48.86
2024,33,1.59,0.65,0.7,29.75,80.04,1.55,16.17,7.62,Uruaçu,GO,Centro-Oeste,-14.52,-48.86
2024,34,2.12,0.65,0.69,30.35,80.39,2.28,17.13,8.06,Uruaçu,GO,Centro-Oeste,-14.52,-48.86
2024,35,0.22,0.64,0.68,30.31,73.62,1.6,20.31,9.38,Uruaçu,GO,Centro-Oeste,-14.52,-48.86
2024,36,6.8,0.64,0.7,28.85,79.1,1.13,14.09,6.7,Uruaçu,GO,Centro-Oeste,-14.52,-48.86
2024,37,1.58,0.64,0.68,31.45,75.68,1.5,20.78,9.78,Uruaçu,GO,Centro-Oeste,-14.52,-48.86
2024,38,1.99,0.63,0.67,29.99,76.24,1.28,22.03,10.39,Uruaçu,GO,Centro-Oeste,-14.52,-48.86
2024,39,2.96,0.62,0.67,30.82,78.55,1.25,17.09,8.14,Uruaçu,GO,Centro-Oeste,-14.52,-48.86
2024,40,0.33,0.61,0.65,31.33,77.37,1.05,22.46,10.53,Uruaçu,GO,Centro-Oeste,-14.52,-48.86
2024,41,9.09,0.61,0.69,30.42,81.61,1.0,11.98,5.88,Uruaçu,GO,Centro-Oeste,-14.52,-48.86
2024,42,0.88,0.62,0.66,27.52,83.74,2.69,11.17,5.48,Uruaçu,GO,Centro-Oeste,-14.52,-48.86
2024,43,0.01,0.61,0.62,32.97,71.6,1.83,25.37,11.79,Uruaçu,GO,Centro-Oeste,-14.52,-48.86
2024,44,0.04,0.59,0.59,34.54,68.3,1.97,28.91,13.38,Uruaçu,GO,Centro-Oeste,-14.52,-48.86
2024,45,0.0,0.58,0.57,34.53,62.15,1.47,28.53,13.13,Uruaçu,GO,Centro-Oeste,-14.52,-48.86
2024,46,0.06,0.57,0.55,34.98,59.69,1.12,27.69,12.82,Uruaçu,GO,Centro-Oeste,-14.52,-48.86
2024,47,0.79,0.57,0.54,34.72,64.78,1.33,22.13,10.36,Uruaçu,GO,Centro-Oeste,-14.52,-48.86
2024,48,8.61,0.56,0.57,32.73,71.59,1.43,15.42,7.34,Uruaçu,GO,Centro-Oeste,-14.52,-48.86
2024,49,2.31,0.57,0.6,32.07,74.99,1.53,17.14,8.15,Uruaçu,GO,Centro-Oeste,-14.52,-48.86
2024,50,7.08,0.58,0.61,31.24,78.55,2.27,14.79,7.0,Uruaçu,GO,Centro-Oeste,-14.52,-48.86
2024,51,15.64,0.59,0.67,27.4,87.03,2.53,10.74,5.26,Uruaçu,GO,Centro-Oeste,-14.52,-48.86
2024,52,10.91,0.61,0.7,27.52,88.4,2.6,10.59,5.14,Uruaçu,GO,Centro-Oeste,-14.52,-48.86
2024,53,10.15,0.62,0.71,28.51,87.01,1.79,16.22,7.62,Uruaçu,GO,Centro-Oeste,-14.52,-48.86
2024,54,1.64,0.62,0.66,28.15,84.9,1.09,16.44,7.79,Uruaçu,GO,Centro-Oeste,-14.52,-48.86
2024,55,3.52,0.61,0.66,30.8,79.03,2.1,24.7,11.49,Uruaçu,GO,Centro-Oeste,-14.52,-48.86
2024,56,0.36,0.6,0.62,33.58,72.62,2.1,27.12,12.52,Uruaçu,GO,Centro-Oeste,-14.52,-48.86
2024,57,0.0,0.59,0.59,32.8,64.62,2.2,26.13,11.88,Uruaçu,GO,Centro-Oeste,-14.52,-48.86
2024,58,0.0,0.58,0.57,32.41,69.6,1.89,25.79,11.88,Uruaçu,GO,Centro-Oeste,-14.52,-48.86
2024,59,0.32,0.57,0.55,34.86,69.25,1.58,26.78,12.38,Uruaçu,GO,Centro-Oeste,-14.52,-48.86
2024,60,1.66,0.57,0.55,34.7,69.07,1.09,20.59,9.59,Uruaçu,GO,Centro-Oeste,-14.52,-48.86
2024,61,1.35,0.56,0.55,35.25,68.57,0.91,18.79,8.75,Uruaçu,GO,Centro-Oeste,-14.52,-48.86
2024,62,0.85,0.56,0.55,30.38,79.22,1.27,23.38,10.96,Uruaçu,GO,Centro-Oeste,-14.52,-48.86
2024,63,4.17,0.56,0.57,30.93,80.71,1.06,15.72,7.46,Uruaçu,GO,Centro-Oeste,-14.52,-48.86
2024,64,2.75,0.56,0.57,31.35,76.74,1.44,16.47,7.84,Uruaçu,GO,Centro-Oeste,-14.52,-48.86
2024,65,1.82,0.56,0.55,33.25,69.45,1.55,20.11,9.53,Uruaçu,GO,Centro-Oeste,-14.52,-48.86
2024,66,2.77,0.56,0.54,33.79,70.45,1.31,20.32,9.61,Uruaçu,GO,Centro-Oeste,-14.52,-48.86
2024,67,0.47,0.55,0.54,34.07,70.93,1.67,21.15,10.01,Uruaçu,GO,Centro-Oeste,-14.52,-48.86
2024,68,0.1,0.55,0.51,36.58,62.38,1.68,22.99,10.73,Uruaçu,GO,Centro-Oeste,-14.52,-48.86
2024,69,0.16,0.54,0.51,36.54,63.37,1.74,22.35,10.44,Uruaçu,GO,Centro-Oeste,-14.52,-48.86
2024,70,0.09,0.54,0.5,35.43,66.05,1.35,18.78,8.88,Uruaçu,GO,Centro-Oeste,-14.52,-48.86
2024,71,0.0,0.53,0.5,34.98,67.37,1.66,21.21,9.96,Uruaçu,GO,Centro-Oeste,-14.52,-48.86
2024,72,0.31,0.53,0.49,36.19,62.44,1.87,22.8,10.67,Uruaçu,GO,Centro-Oeste,-14.52,-48.86
2024,73,12.97,0.53,0.58,33.31,70.71,0.76,19.83,9.33,Uruaçu,GO,Centro-Oeste,-14.52,-48.86
2024,74,2.92,0.55,0.56,35.49,69.23,1.5,19.45,9.18,Uruaçu,GO,Centro-Oeste,-14.52,-48.86
2024,75,0.26,0.54,0.51,37.37,62.1,1.86,24.5,11.43,Uruaçu,GO,Centro-Oeste,-14.52,-48.86
2024,76,0.16,0.53,0.5,36.23,63.7,2.07,21.78,10.23,Uruaçu,GO,Centro-Oeste,-14.52,-48.86
2024,77,0.32,0.53,0.51,30.25,76.5,0.83,19.95,9.48,Uruaçu,GO,Centro-Oeste,-14.52,-48.86
2024,78,0.36,0.53,0.5,37.78,61.56,1.2,24.33,11.31,Uruaçu,GO,Centro-Oeste,-14.52,-48.86
2024,79,1.64,0.52,0.5,36.87,61.92,1.22,20.87,9.78,Uruaçu,GO,Centro-Oeste,-14.52,-48.86
2024,80,1.79,0.52,0.5,35.82,65.27,1.44,16.12,7.62,Uruaçu,GO,Centro-Oeste,-14.52,-48.86
2024,81,10.07,0.52,0.55,34.03,70.82,1.46,19.83,9.27,Uruaçu,GO,Centro-Oeste,-14.52,-48.86
2024,82,21.54,0.55,0.66,33.44,74.63,1.42,22.62,10.55,Uruaçu,GO,Centro-Oeste,-14.52,-48.86
2024,83,52.25,0.62,0.82,29.74,79.86,0.93,8.52,4.2,Uruaçu,GO,Centro-Oeste,-14.52,-48.86
2024,84,3.21,0.64,0.7,30.71,79.22,1.43,22.36,10.48,Uruaçu,GO,Centro-Oeste,-14.52,-48.86
2024,85,5.68,0.63,0.69,29.59,80.51,1.69,10.5,5.13,Uruaçu,GO,Centro-Oeste,-14.52,-48.86
2024,86,11.71,0.63,0.72,30.12,82.2,1.76,20.77,9.72,Uruaçu,GO,Centro-Oeste,-14.52,-48.86
2024,87,5.34,0.64,0.7,29.53,83.09,1.24,11.84,5.73,Uruaçu,GO,Centro-Oeste,-14.52,-48.86
2024,88,16.31,0.66,0.76,27.31,86.63,1.48,8.53,4.14,Uruaçu,GO,Centro-Oeste,-14.52,-48.86
2024,89,2.23,0.66,0.7,31.28,78.93,2.2,23.67,11.08,Uruaçu,GO,Centro-Oeste,-14.52,-48.86
2024,90,5.38,0.65,0.71,31.63,76.08,1.29,15.42,7.34,Uruaçu,GO,Centro-Oeste,-14.52,-48.86
2024,91,0.31,0.64,0.68,31.37,78.48,1.06,22.21,10.43,Uruaçu,GO,Centro-Oeste,-14.52,-48.86
2024,92,0.36,0.63,0.66,31.87,79.65,1.33,20.24,9.55,Uruaçu,GO,Centro-Oeste,-14.52,-48.86
2024,93,0.95,0.62,0.66,28.87,79.77,0.76,18.87,9.01,Uruaçu,GO,Centro-Oeste,-14.52,-48.86
2024,94,0.99,0.62,0.66,30.56,81.15,1.02,18.07,8.59,Uruaçu,GO,Centro-Oeste,-14.52,-48.86
2024,95,6.48,0.62,0.68,29.29,84.73,0.85,17.11,8.16,Uruaçu,GO,Centro-Oeste,-14.52,-48.86
2024,96,1.53,0.62,0.66,30.26,81.64,1.7,18.14,8.67,Uruaçu,GO,Centro-Oeste,-14.52,-48.86
2024,97,2.49,0.61,0.65,29.92,82.97,1.89,16.18,7.77,Uruaçu,GO,Centro-Oeste,-14.52,-48.86
2024,98,4.3,0.61,0.65,30.77,80.8,1.66,16.36,7.78,Uruaçu,GO,Centro-Oeste,-14.52,-48.86
2024,99,2.96,0.6,0.63,31.36,75.01,1.94,18.72,8.81,Uruaçu,GO,Centro-Oeste,-14.52,-48.86
2024,100,3.33,0.6,0.64,31.75,76.27,1.7,21.37,10.05,Uruaçu,GO,Centro-Oeste,-14.52,-48.86
2024,101,2.13,0.6,0.61,31.76,77.55,2.06,18.72,8.74,Uruaçu,GO,Centro-Oeste,-14.52,-48.86
2024,102,1.28,0.59,0.6,30.65,80.53,1.12,16.26,7.8,Uruaçu,GO,Centro-Oeste,-14.52,-48.86
2024,103,2.31,0.59,0.6,32.69,75.8,1.64,14.52,6.95,Uruaçu,GO,Centro-Oeste,-14.52,-48.86
2024,104,2.08,0.58,0.59,33.03,74.27,2.25,20.54,9.67,Uruaçu,GO,Centro-Oeste,-14.52,-48.86
2024,105,1.14,0.58,0.57,32.8,71.72,2.39,19.48,9.12,Uruaçu,GO,Centro-Oeste,-14.52,-48.86
2024,106,0.0,0.57,0.55,33.08,68.26,2.7,21.13,9.74,Uruaçu,GO,Centro-Oeste,-14.52,-48.86
2024,107,0.15,0.56,0.54,33.46,66.28,2.73,21.36,9.97,Uruaçu,GO,Centro-Oeste,-14.52,-48.86
2024,108,0.01,0.55,0.53,34.69,66.05,2.16,21.79,10.18,Uruaçu,GO,Centro-Oeste,-14.52,-48.86
2024,109,0.93,0.55,0.52,34.74,64.6,1.52,20.21,9.54,Uruaçu,GO,Centro-Oeste,-14.52,-48.86
2024,110,10.07,0.55,0.59,33.59,70.02,1.36,16.56,7.83,Uruaçu,GO,Centro-Oeste,-14.52,-48.86
2024,111,0.86,0.56,0.55,34.34,68.03,1.97,19.84,9.31,Uruaçu,GO,Centro-Oeste,-14.52,-48.86
2024,112,0.35,0.55,0.53,34.31,65.4,1.96,20.92,9.69,Uruaçu,GO,Centro-Oeste,-14.52,-48.86
2024,113,0.04,0.55,0.52,33.9,60.36,1.57,21.28,9.85,Uruaçu,GO,Centro-Oeste,-14.52,-48.86
2024,114,0.0,0.54,0.51,35.08,58.59,1.37,21.16,9.75,Uruaçu,GO,Centro-Oeste,-14.52,-48.86
2024,115,0.02,0.54,0.5,35.05,56.85,1.21,20.38,9.43,Uruaçu,GO,Centro-Oeste,-14.52,-48.86
2024,116,0.64,0.53,0.5,36.55,55.05,1.63,20.95,9.59,Uruaçu,GO,Centro-Oeste,-14.52,-48.86
2024,117,0.04,0.53,0.49,36.12,53.57,2.19,20.93,9.66,Uruaçu,GO,Centro-Oeste,-14.52,-48.86
2024,118,0.0,0.52,0.49,36.08,54.19,2.37,22.12,10.19,Uruaçu,GO,Centro-Oeste,-14.52,-48.86
2024,119,0.22,0.52,0.48,36.11,55.19,1.66,21.11,9.75,Uruaçu,GO,Centro-Oeste,-14.52,-48.86
2024,120,0.01,0.51,0.48,36.81,53.86,1.85,21.27,9.75,Uruaçu,GO,Centro-Oeste,-14.52,-48.86
2024,121,0.01,0.51,0.47,36.55,50.05,2.18,21.45,9.76,Uruaçu,GO,Centro-Oeste,-14.52,-48.86
2024,122,0.0,0.51,0.46,36.45,48.8,1.94,21.3,9.66,Uruaçu,GO,Centro-Oeste,-14.52,-48.86
2024,123,0.0,0.5,0.44,36.59,48.52,2.1,21.17,9.65,Uruaçu,GO,Centro-Oeste,-14.52,-48.86
2024,124,0.0,0.5,0.41,36.99,47.37,1.72,20.76,9.52,Uruaçu,GO,Centro-Oeste,-14.52,-48.86
2024,125,0.0,0.5,0.38,37.05,37.38,2.84,21.49,9.69,Uruaçu,GO,Centro-Oeste,-14.52,-48.86
2024,126,0.0,0.5,0.35,36.01,40.58,3.06,21.69,9.82,Uruaçu,GO,Centro-Oeste,-14.52,-48.86
2024,127,0.0,0.5,0.33,36.25,46.36,2.89,20.12,9.26,Uruaçu,GO,Centro-Oeste,-14.52,-48.86
2024,128,0.0,0.49,0.32,36.42,42.48,3.17,21.41,9.78,Uruaçu,GO,Centro-Oeste,-14.52,-48.86
2024,129,0.0,0.49,0.3,36.25,39.09,2.15,21.72,9.79,Uruaçu,GO,Centro-Oeste,-14.52,-48.86
2024,130,0.0,0.49,0.29,37.32,35.75,2.42,21.05,9.5,Uruaçu,GO,Centro-Oeste,-14.52,-48.86
2024,131,0.0,0.49,0.28,36.54,31.77,1.88,22.0,9.7,Uruaçu,GO,Centro-Oeste,-14.52,-48.86
2024,132,0.0,0.49,0.26,36.26,28.25,1.43,21.13,9.31,Uruaçu,GO,Centro-Oeste,-14.52,-48.86
2024,133,0.0,0.49,0.25,37.27,27.23,1.6,21.03,9.42,Uruaçu,GO,Centro-Oeste,-14.52,-48.86
2024,134,0.0,0.49,0.24,37.31,33.49,1.09,19.33,8.86,Uruaçu,GO,Centro-Oeste,-14.52,-48.86
2024,135,0.01,0.49,0.23,38.12,33.98,1.36,20.16,9.22,Uruaçu,GO,Centro-Oeste,-14.52,-48.86
2024,136,0.0,0.49,0.22,38.02,29.72,2.24,20.68,9.4,Uruaçu,GO,Centro-Oeste,-14.52,-48.86
2024,137,0.0,0.49,0.21,37.98,24.49,2.95,21.23,9.44,Uruaçu,GO,Centro-Oeste,-14.52,-48.86
2024,138,0.0,0.49,0.21,36.2,28.74,2.72,20.19,9.01,Uruaçu,GO,Centro-Oeste,-14.52,-48.86
2024,139,0.0,0.49,0.2,36.4,31.44,1.71,20.81,9.31,Uruaçu,GO,Centro-Oeste,-14.52,-48.86
2024,140,0.0,0.49,0.2,36.87,28.2,1.13,20.13,9.03,Uruaçu,GO,Centro-Oeste,-14.52,-48.86
2024,141,0.01,0.49,0.19,35.06,44.4,1.81,16.79,7.81,Uruaçu,GO,Centro-Oeste,-14.52,-48.86
2024,142,0.0,0.49,0.19,36.68,35.83,2.74,19.9,8.97,Uruaçu,GO,Centro-Oeste,-14.52,-48.86
2024,143,0.0,0.49,0.19,36.03,33.09,2.81,19.96,8.99,Uruaçu,GO,Centro-Oeste,-14.52,-48.86
2024,144,0.0,0.49,0.18,36.12,34.61,2.19,19.16,8.67,Uruaçu,GO,Centro-Oeste,-14.52,-48.86
2024,145,0.0,0.49,0.18,36.66,35.83,1.62,18.76,8.52,Uruaçu,GO,Centro-Oeste,-14.52,-48.86
2024,146,0.0,0.49,0.18,36.36,32.21,1.99,17.6,8.02,Uruaçu,GO,Centro-Oeste,-14.52,-48.86
2024,147,0.0,0.49,0.17,36.67,26.7,2.61,19.87,8.89,Uruaçu,GO,Centro-Oeste,-14.52,-48.86
2024,148,0.0,0.49,0.17,35.83,28.91,2.18,19.29,8.67,Uruaçu,GO,Centro-Oeste,-14.52,-48.86
2024,149,0.0,0.49,0.17,35.96,33.64,1.95,19.34,8.76,Uruaçu,GO,Centro-Oeste,-14.52,-48.86
2024,150,0.0,0.49,0.17,36.2,32.62,2.05,19.23,8.64,Uruaçu,GO,Centro-Oeste,-14.52,-48.86
2024,151,0.01,0.49,0.16,35.5,33.9,2.44,18.99,8.44,Uruaçu,GO,Centro-Oeste,-14.52,-48.86
2024,152,0.0,0.49,0.16,35.33,30.15,2.46,19.13,8.46,Uruaçu,GO,Centro-Oeste,-14.52,-48.86
2024,153,0.0,0.49,0.16,33.58,40.68,3.66,19.57,8.84,Uruaçu,GO,Centro-Oeste,-14.52,-48.86
2024,154,0.0,0.49,0.16,33.68,42.16,2.87,19.25,8.71,Uruaçu,GO,Centro-Oeste,-14.52,-48.86
2024,155,0.34,0.49,0.16,33.48,43.01,2.51,18.46,8.42,Uruaçu,GO,Centro-Oeste,-14.52,-48.86
2024,156,0.0,0.49,0.16,34.45,40.38,2.48,14.48,6.63,Uruaçu,GO,Centro-Oeste,-14.52,-48.86
2024,157,0.0,0.49,0.16,34.47,40.16,2.82,17.62,8.0,Uruaçu,GO,Centro-Oeste,-14.52,-48.86
2024,158,0.0,0.49,0.16,33.99,41.33,3.01,17.55,7.97,Uruaçu,GO,Centro-Oeste,-14.52,-48.86
2024,159,0.0,0.49,0.16,34.53,42.73,2.88,18.15,8.26,Uruaçu,GO,Centro-Oeste,-14.52,-48.86
2024,160,0.0,0.49,0.16,34.96,41.91,2.74,18.62,8.4,Uruaçu,GO,Centro-Oeste,-14.52,-48.86
2024,161,0.0,0.49,0.16,34.86,39.11,2.6,18.89,8.48,Uruaçu,GO,Centro-Oeste,-14.52,-48.86
2024,162,0.0,0.49,0.16,34.66,37.1,2.78,19.26,8.59,Uruaçu,GO,Centro-Oeste,-14.52,-48.86
2024,163,0.0,0.49,0.16,34.89,43.56,2.85,17.68,7.99,Uruaçu,GO,Centro-Oeste,-14.52,-48.86
2024,164,0.0,0.49,0.15,34.56,35.97,3.21,19.24,8.56,Uruaçu,GO,Centro-Oeste,-14.52,-48.86
2024,165,0.0,0.49,0.15,34.16,38.75,3.34,18.36,8.29,Uruaçu,GO,Centro-Oeste,-14.52,-48.86
2024,166,0.0,0.49,0.15,34.76,38.79,2.73,18.53,8.34,Uruaçu,GO,Centro-Oeste,-14.52,-48.86
2024,167,0.0,0.49,0.15,34.02,37.97,2.69,18.62,8.42,Uruaçu,GO,Centro-Oeste,-14.52,-48.86
2024,168,0.0,0.49,0.15,33.53,36.47,2.85,19.69,8.72,Uruaçu,GO,Centro-Oeste,-14.52,-48.86
2024,169,0.0,0.49,0.15,33.68,33.52,2.1,19.64,8.73,Uruaçu,GO,Centro-Oeste,-14.52,-48.86
2024,170,0.0,0.49,0.15,33.86,34.07,2.64,19.62,8.71,Uruaçu,GO,Centro-Oeste,-14.52,-48.86
2024,171,0.0,0.49,0.15,34.15,40.01,2.25,17.38,7.87,Uruaçu,GO,Centro-Oeste,-14.52,-48.86
2024,172,0.0,0.49,0.15,34.14,41.22,2.69,18.1,8.22,Uruaçu,GO,Centro-Oeste,-14.52,-48.86
2024,173,0.0,0.49,0.15,33.7,38.57,2.67,18.34,8.25,Uruaçu,GO,Centro-Oeste,-14.52,-48.86
2024,174,0.0,0.49,0.15,34.01,36.4,2.61,18.61,8.37,Uruaçu,GO,Centro-Oeste,-14.52,-48.86
2024,175,0.0,0.49,0.14,34.4,32.38,1.86,18.66,8.37,Uruaçu,GO,Centro-Oeste,-14.52,-48.86
2024,176,0.0,0.49,0.14,34.33,31.29,1.22,17.19,7.71,Uruaçu,GO,Centro-Oeste,-14.52,-48.86
2024,177,0.0,0.49,0.14,34.36,34.97,1.86,18.24,8.2,Uruaçu,GO,Centro-Oeste,-14.52,-48.86
2024,178,0.0,0.49,0.14,34.55,34.05,1.79,19.14,8.55,Uruaçu,GO,Centro-Oeste,-14.52,-48.86
2024,179,0.0,0.48,0.14,34.68,31.94,1.1,19.09,8.5,Uruaçu,GO,Centro-Oeste,-14.52,-48.86
2024,180,0.0,0.48,0.14,35.16,29.48,1.46,19.21,8.51,Uruaçu,GO,Centro-Oeste,-14.52,-48.86
2024,181,0.0,0.48,0.14,34.38,28.8,1.58,19.43,8.56,Uruaçu,GO,Centro-Oeste,-14.52,-48.86
2024,182,0.0,0.48,0.14,35.04,27.98,1.79,18.9,8.41,Uruaçu,GO,Centro-Oeste,-14.52,-48.86
2024,183,0.0,0.48,0.14,35.1,27.24,1.86,17.79,8.0,Uruaçu,GO,Centro-Oeste,-14.52,-48.86
2024,184,0.0,0.48,0.13,34.75,29.91,3.19,18.98,8.48,Uruaçu,GO,Centro-Oeste,-14.52,-48.86
2024,185,0.0,0.48,0.13,34.34,35.13,2.62,17.95,8.08,Uruaçu,GO,Centro-Oeste,-14.52,-48.86
2024,186,0.0,0.48,0.13,34.22,36.72,2.06,19.19,8.62,Uruaçu,GO,Centro-Oeste,-14.52,-48.86
2024,187,0.0,0.48,0.13,34.67,34.67,2.38,19.34,8.67,Uruaçu,GO,Centro-Oeste,-14.52,-48.86
2024,188,0.0,0.48,0.13,34.83,33.61,2.36,19.54,8.67,Uruaçu,GO,Centro-Oeste,-14.52,-48.86
2024,189,0.0,0.48,0.13,35.19,30.7,2.03,19.62,8.71,Uruaçu,GO,Centro-Oeste,-14.52,-48.86
2024,190,0.0,0.48,0.13,35.15,25.88,1.43,19.42,8.6,Uruaçu,GO,Centro-Oeste,-14.52,-48.86
2024,191,0.0,0.48,0.13,35.75,25.95,1.65,18.98,8.42,Uruaçu,GO,Centro-Oeste,-14.52,-48.86
2024,192,0.0,0.48,0.13,36.05,27.45,1.23,19.52,8.67,Uruaçu,GO,Centro-Oeste,-14.52,-48.86
2024,193,0.0,0.48,0.13,36.19,27.62,2.61,19.55,8.72,Uruaçu,GO,Centro-Oeste,-14.52,-48.86
2024,194,0.0,0.48,0.13,35.46,30.82,2.87,19.44,8.72,Uruaçu,GO,Centro-Oeste,-14.52,-48.86
2024,195,0.0,0.48,0.13,32.4,31.83,3.64,20.22,8.9,Uruaçu,GO,Centro-Oeste,-14.52,-48.86
2024,196,0.0,0.48,0.13,32.9,29.18,2.37,20.04,8.86,Uruaçu,GO,Centro-Oeste,-14.52,-48.86
2024,197,0.0,0.48,0.12,32.91,31.57,2.59,20.11,8.92,Uruaçu,GO,Centro-Oeste,-14.52,-48.86
2024,198,0.0,0.48,0.12,33.95,30.83,2.63,20.39,8.97,Uruaçu,GO,Centro-Oeste,-14.52,-48.86
2024,199,0.0,0.48,0.12,33.78,28.51,2.82,20.44,8.95,Uruaçu,GO,Centro-Oeste,-14.52,-48.86
2024,200,0.0,0.48,0.12,34.49,30.98,2.95,20.22,8.93,Uruaçu,GO,Centro-Oeste,-14.52,-48.86
2024,201,0.0,0.48,0.12,34.61,29.34,2.76,20.25,8.94,Uruaçu,GO,Centro-Oeste,-14.52,-48.86
2024,202,0.0,0.48,0.12,33.45,33.58,3.02,20.47,9.08,Uruaçu,GO,Centro-Oeste,-14.52,-48.86
2024,203,0.0,0.48,0.12,32.9,36.3,2.93,20.09,8.93,Uruaçu,GO,Centro-Oeste,-14.52,-48.86
2024,204,0.0,0.48,0.12,33.58,35.54,2.86,20.6,9.19,Uruaçu,GO,Centro-Oeste,-14.52,-48.86
2024,205,0.0,0.48,0.12,34.22,34.09,3.08,20.74,9.2,Uruaçu,GO,Centro-Oeste,-14.52,-48.86
2024,206,0.0,0.48,0.12,34.74,27.84,2.96,21.09,9.24,Uruaçu,GO,Centro-Oeste,-14.52,-48.86
2024,207,0.0,0.48,0.12,34.29,26.74,2.78,21.15,9.21,Uruaçu,GO,Centro-Oeste,-14.52,-48.86
2024,208,0.0,0.48,0.12,34.14,31.13,2.59,21.18,9.27,Uruaçu,GO,Centro-Oeste,-14.52,-48.86
2024,209,0.0,0.48,0.12,34.57,35.99,2.52,18.54,8.33,Uruaçu,GO,Centro-Oeste,-14.52,-48.86
2024,210,0.01,0.48,0.12,34.88,33.88,2.71,20.13,9.04,Uruaçu,GO,Centro-Oeste,-14.52,-48.86
2024,211,0.0,0.48,0.12,35.2,33.87,2.04,20.44,9.22,Uruaçu,GO,Centro-Oeste,-14.52,-48.86
2024,212,0.0,0.48,0.12,35.83,28.14,1.61,18.42,8.31,Uruaçu,GO,Centro-Oeste,-14.52,-48.86
2024,213,0.0,0.48,0.12,35.66,26.04,3.79,20.85,9.25,Uruaçu,GO,Centro-Oeste,-14.52,-48.86
2024,214,0.0,0.48,0.12,33.93,34.35,3.66,20.96,9.32,Uruaçu,GO,Centro-Oeste,-14.52,-48.86
2024,215,0.0,0.48,0.12,33.43,36.93,3.57,18.43,8.29,Uruaçu,GO,Centro-Oeste,-14.52,-48.86
2024,216,0.0,0.48,0.12,33.5,35.0,3.6,20.86,9.3,Uruaçu,GO,Centro-Oeste,-14.52,-48.86
2024,217,0.0,0.48,0.12,33.29,33.34,3.42,21.21,9.47,Uruaçu,GO,Centro-Oeste,-14.52,-48.86
2024,218,0.0,0.48,0.12,33.77,36.15,3.38,21.27,9.57,Uruaçu,GO,Centro-Oeste,-14.52,-48.86
2024,219,0.0,0.48,0.12,33.72,37.84,3.08,17.61,7.96,Uruaçu,GO,Centro-Oeste,-14.52,-48.86
2024,220,0.0,0.48,0.11,33.93,26.79,2.43,21.9,9.73,Uruaçu,GO,Centro-Oeste,-14.52,-48.86
2024,221,0.0,0.48,0.11,35.38,30.67,1.26,21.76,9.66,Uruaçu,GO,Centro-Oeste,-14.52,-48.86
2024,222,0.0,0.48,0.11,36.32,28.87,1.52,21.88,9.73,Uruaçu,GO,Centro-Oeste,-14.52,-48.86
2024,223,0.0,0.48,0.11,35.07,31.54,2.82,21.39,9.56,Uruaçu,GO,Centro-Oeste,-14.52,-48.86
2024,224,0.0,0.48,0.11,35.13,36.15,2.75,19.52,8.75,Uruaçu,GO,Centro-Oeste,-14.52,-48.86
2024,225,0.0,0.48,0.11,35.81,17.35,2.96,22.16,9.71,Uruaçu,GO,Centro-Oeste,-14.52,-48.86
2024,226,0.0,0.48,0.11,36.26,16.22,2.24,21.92,9.55,Uruaçu,GO,Centro-Oeste,-14.52,-48.86
2024,227,0.0,0.48,0.11,36.54,28.1,2.63,18.54,8.37,Uruaçu,GO,Centro-Oeste,-14.52,-48.86
2024,228,0.0,0.48,0.11,36.89,34.42,2.93,20.48,9.29,Uruaçu,GO,Centro-Oeste,-14.52,-48.86
2024,229,0.0,0.48,0.11,37.22,30.06,3.25,21.87,9.81,Uruaçu,GO,Centro-Oeste,-14.52,-48.86
2024,230,0.0,0.48,0.11,37.16,27.11,3.24,22.99,10.17,Uruaçu,GO,Centro-Oeste,-14.52,-48.86
2024,231,0.0,0.48,0.11,37.26,23.26,2.98,23.44,10.26,Uruaçu,GO,Centro-Oeste,-14.52,-48.86
2024,232,0.0,0.48,0.11,36.71,21.7,3.28,23.4,10.22,Uruaçu,GO,Centro-Oeste,-14.52,-48.86
2024,233,0.0,0.48,0.11,36.55,23.9,3.1,23.37,10.2,Uruaçu,GO,Centro-Oeste,-14.52,-48.86
2024,234,0.0,0.48,0.11,37.16,24.98,2.82,23.6,10.34,Uruaçu,GO,Centro-Oeste,-14.52,-48.86
2024,235,0.0,0.48,0.11,38.23,21.75,3.03,23.58,10.41,Uruaçu,GO,Centro-Oeste,-14.52,-48.86
2024,236,0.0,0.48,0.11,37.68,25.15,2.65,23.33,10.39,Uruaçu,GO,Centro-Oeste,-14.52,-48.86
2024,237,0.0,0.48,0.11,37.88,25.3,1.8,22.62,10.05,Uruaçu,GO,Centro-Oeste,-14.52,-48.86
2024,238,0.0,0.48,0.11,37.33,26.19,1.52,22.27,9.94,Uruaçu,GO,Centro-Oeste,-14.52,-48.86
2024,239,0.0,0.48,0.1,36.87,32.79,2.74,22.91,10.2,Uruaçu,GO,Centro-Oeste,-14.52,-48.86
2024,240,0.0,0.48,0.1,37.92,28.85,3.26,21.0,9.23,Uruaçu,GO,Centro-Oeste,-14.52,-48.86
2024,241,0.0,0.48,0.1,36.25,33.0,4.37,22.58,10.08,Uruaçu,GO,Centro-Oeste,-14.52,-48.86
2024,242,0.0,0.48,0.1,35.55,33.99,3.87,21.09,9.5,Uruaçu,GO,Centro-Oeste,-14.52,-48.86
2024,243,0.0,0.48,0.1,36.0,31.49,3.2,24.22,10.79,Uruaçu,GO,Centro-Oeste,-14.52,-48.86
2024,244,0.0,0.48,0.1,37.92,23.59,2.96,24.86,10.84,Uruaçu,GO,Centro-Oeste,-14.52,-48.86
2024,245,0.0,0.48,0.1,37.99,21.24,3.06,24.97,10.89,Uruaçu,GO,Centro-Oeste,-14.52,-48.86
2024,246,0.0,0.48,0.1,38.48,19.52,2.79,24.49,10.51,Uruaçu,GO,Centro-Oeste,-14.52,-48.86
2024,247,0.0,0.48,0.1,38.75,20.07,2.71,25.08,10.87,Uruaçu,GO,Centro-Oeste,-14.52,-48.86
2024,248,0.0,0.48,0.1,39.54,17.11,2.8,24.33,10.48,Uruaçu,GO,Centro-Oeste,-14.52,-48.86
2024,249,0.0,0.48,0.1,38.88,21.52,2.83,21.69,9.27,Uruaçu,GO,Centro-Oeste,-14.52,-48.86
2024,250,0.0,0.48,0.1,38.98,22.82,3.56,23.32,10.05,Uruaçu,GO,Centro-Oeste,-14.52,-48.86
2024,251,0.0,0.48,0.1,38.06,22.33,4.35,24.69,10.85,Uruaçu,GO,Centro-Oeste,-14.52,-48.86
2024,252,0.0,0.48,0.1,37.09,22.81,4.13,25.2,11.02,Uruaçu,GO,Centro-Oeste,-14.52,-48.86
2024,253,0.0,0.48,0.1,37.37,22.27,3.52,25.13,11.01,Uruaçu,GO,Centro-Oeste,-14.52,-48.86
2024,254,0.0,0.48,0.1,37.17,22.88,3.44,25.47,11.25,Uruaçu,GO,Centro-Oeste,-14.52,-48.86
2024,255,0.01,0.48,0.1,37.3,27.74,3.62,24.69,11.01,Uruaçu,GO,Centro-Oeste,-14.52,-48.86
2024,256,0.0,0.48,0.1,37.76,24.21,3.45,23.25,10.35,Uruaçu,GO,Centro-Oeste,-14.52,-48.86
2024,257,0.0,0.48,0.1,38.02,24.52,3.44,24.67,11.06,Uruaçu,GO,Centro-Oeste,-14.52,-48.86
2024,258,0.0,0.48,0.1,37.67,24.8,3.42,24.92,11.19,Uruaçu,GO,Centro-Oeste,-14.52,-48.86
2024,259,0.0,0.48,0.1,39.05,21.46,2.87,25.62,11.35,Uruaçu,GO,Centro-Oeste,-14.52,-48.86
2024,260,0.0,0.48,0.1,39.64,23.11,2.02,24.91,11.14,Uruaçu,GO,Centro-Oeste,-14.52,-48.86
2024,261,0.0,0.48,0.1,40.26,23.75,2.54,22.92,10.25,Uruaçu,GO,Centro-Oeste,-14.52,-48.86
2024,262,0.0,0.48,0.1,39.26,26.18,4.0,23.07,10.39,Uruaçu,GO,Centro-Oeste,-14.52,-48.86
2024,263,0.0,0.48,0.1,38.79,27.03,3.93,25.27,11.25,Uruaçu,GO,Centro-Oeste,-14.52,-48.86
2024,264,0.0,0.48,0.1,38.54,24.14,3.67,25.65,11.24,Uruaçu,GO,Centro-Oeste,-14.52,-48.86
2024,265,0.05,0.48,0.1,39.65,21.26,2.72,25.94,11.36,Uruaçu,GO,Centro-Oeste,-14.52,-48.86
2024,266,0.0,0.48,0.09,40.45,21.84,3.15,23.73,10.53,Uruaçu,GO,Centro-Oeste,-14.52,-48.86
2024,267,0.0,0.48,0.09,40.13,23.62,3.48,22.18,9.8,Uruaçu,GO,Centro-Oeste,-14.52,-48.86
2024,268,0.0,0.48,0.09,40.0,24.28,3.43,22.31,9.91,Uruaçu,GO,Centro-Oeste,-14.52,-48.86
2024,269,0.0,0.48,0.09,39.44,23.13,3.25,24.95,11.17,Uruaçu,GO,Centro-Oeste,-14.52,-48.86
2024,270,0.0,0.48,0.09,39.87,22.62,2.81,24.25,10.76,Uruaçu,GO,Centro-Oeste,-14.52,-48.86
2024,271,0.0,0.48,0.09,41.0,22.35,1.83,24.42,10.87,Uruaçu,GO,Centro-Oeste,-14.52,-48.86
2024,272,0.23,0.48,0.09,41.04,20.0,1.3,23.6,10.62,Uruaçu,GO,Centro-Oeste,-14.52,-48.86
2024,273,0.53,0.48,0.12,40.58,26.52,3.11,23.41,10.59,Uruaçu,GO,Centro-Oeste,-14.52,-48.86
2024,274,0.0,0.48,0.12,38.9,25.5,4.22,25.61,11.52,Uruaçu,GO,Centro-Oeste,-14.52,-48.86
2024,275,0.0,0.48,0.11,38.66,25.03,3.23,26.29,11.8,Uruaçu,GO,Centro-Oeste,-14.52,-48.86
2024,276,0.0,0.48,0.11,40.27,23.75,2.24,24.86,11.08,Uruaçu,GO,Centro-Oeste,-14.52,-48.86
2024,277,0.0,0.48,0.11,41.6,21.53,2.32,25.01,11.16,Uruaçu,GO,Centro-Oeste,-14.52,-48.86
2024,278,0.0,0.48,0.11,42.68,18.1,2.44,23.05,10.24,Uruaçu,GO,Centro-Oeste,-14.52,-48.86
2024,279,0.0,0.48,0.11,40.66,21.98,1.26,22.65,10.25,Uruaçu,GO,Centro-Oeste,-14.52,-48.86
2024,280,0.62,0.48,0.11,41.27,24.32,1.36,22.51,10.23,Uruaçu,GO,Centro-Oeste,-14.52,-48.86
2024,281,0.22,0.48,0.13,41.85,26.43,1.52,20.32,9.13,Uruaçu,GO,Centro-Oeste,-14.52,-48.86
2024,282,1.68,0.49,0.17,38.94,31.34,2.04,15.99,7.35,Uruaçu,GO,Centro-Oeste,-14.52,-48.86
2024,283,0.26,0.49,0.2,40.75,34.05,1.7,19.98,9.11,Uruaçu,GO,Centro-Oeste,-14.52,-48.86
2024,284,1.26,0.49,0.22,39.84,37.75,2.55,16.26,7.47,Uruaçu,GO,Centro-Oeste,-14.52,-48.86
2024,285,10.63,0.5,0.4,37.77,47.84,2.58,19.91,9.06,Uruaçu,GO,Centro-Oeste,-14.52,-48.86
2024,286,1.72,0.51,0.48,36.85,56.12,1.94,9.19,4.45,Uruaçu,GO,Centro-Oeste,-14.52,-48.86
2024,287,0.19,0.5,0.43,39.06,50.17,2.52,20.27,9.22,Uruaçu,GO,Centro-Oeste,-14.52,-48.86
2024,288,3.9,0.5,0.44,35.2,54.5,2.88,18.32,8.48,Uruaçu,GO,Centro-Oeste,-14.52,-48.86
2024,289,5.11,0.51,0.53,35.22,61.65,2.72,7.24,3.62,Uruaçu,GO,Centro-Oeste,-14.52,-48.86
2024,290,1.6,0.51,0.49,32.74,64.72,1.8,18.93,8.72,Uruaçu,GO,Centro-Oeste,-14.52,-48.86
2024,291,6.48,0.51,0.53,35.64,61.25,1.53,12.3,5.77,Uruaçu,GO,Centro-Oeste,-14.52,-48.86
2024,292,7.54,0.52,0.53,33.59,65.67,1.33,18.86,8.8,Uruaçu,GO,Centro-Oeste,-14.52,-48.86
2024,293,8.91,0.54,0.6,31.16,74.93,2.33,12.02,5.82,Uruaçu,GO,Centro-Oeste,-14.52,-48.86
2024,294,3.8,0.54,0.55,30.92,73.34,2.03,13.88,6.56,Uruaçu,GO,Centro-Oeste,-14.52,-48.86
2024,295,18.82,0.55,0.64,28.65,78.16,1.6,12.79,6.14,Uruaçu,GO,Centro-Oeste,-14.52,-48.86
2024,296,15.49,0.58,0.64,32.44,73.32,1.92,21.65,10.03,Uruaçu,GO,Centro-Oeste,-14.52,-48.86
2024,297,6.45,0.6,0.65,32.79,72.13,2.09,23.13,10.84,Uruaçu,GO,Centro-Oeste,-14.52,-48.86
2024,298,5.15,0.59,0.61,34.04,65.47,1.35,25.56,11.86,Uruaçu,GO,Centro-Oeste,-14.52,-48.86
2024,299,5.87,0.59,0.64,30.82,79.47,1.87,11.94,5.78,Uruaçu,GO,Centro-Oeste,-14.52,-48.86
2024,300,1.57,0.59,0.61,31.87,70.48,1.12,16.18,7.64,Uruaçu,GO,Centro-Oeste,-14.52,-48.86
2024,301,3.61,0.59,0.61,31.35,75.75,1.58,15.85,7.52,Uruaçu,GO,Centro-Oeste,-14.52,-48.86
2024,302,0.52,0.59,0.59,32.19,70.95,1.61,22.45,10.52,Uruaçu,GO,Centro-Oeste,-14.52,-48.86
2024,303,6.17,0.59,0.62,33.21,71.72,2.08,17.23,8.14,Uruaçu,GO,Centro-Oeste,-14.52,-48.86
2024,304,4.1,0.59,0.61,28.77,79.54,2.18,13.5,6.46,Uruaçu,GO,Centro-Oeste,-14.52,-48.86
2024,305,4.76,0.59,0.62,31.87,72.22,2.38,8.78,4.32,Uruaçu,GO,Centro-Oeste,-14.52,-48.86
2024,306,0.07,0.58,0.57,32.82,70.23,2.46,14.94,7.07,Uruaçu,GO,Centro-Oeste,-14.52,-48.86
2024,307,0.99,0.58,0.57,31.33,72.56,1.67,15.37,7.31,Uruaçu,GO,Centro-Oeste,-14.52,-48.86
2024,308,2.89,0.57,0.58,30.33,77.3,1.97,17.52,8.34,Uruaçu,GO,Centro-Oeste,-14.52,-48.86
2024,309,19.16,0.58,0.67,29.9,78.86,1.83,20.81,9.84,Uruaçu,GO,Centro-Oeste,-14.52,-48.86
2024,310,13.48,0.62,0.73,26.91,86.53,1.7,7.4,3.79,Uruaçu,GO,Centro-Oeste,-14.52,-48.86
2024,311,1.26,0.62,0.65,31.48,73.45,2.62,19.34,9.07,Uruaçu,GO,Centro-Oeste,-14.52,-48.86
2024,312,2.22,0.61,0.64,30.85,79.19,2.17,11.46,5.56,Uruaçu,GO,Centro-Oeste,-14.52,-48.86
2024,313,2.25,0.6,0.62,31.28,76.31,1.76,13.96,6.62,Uruaçu,GO,Centro-Oeste,-14.52,-48.86
2024,314,6.47,0.6,0.65,30.41,76.59,1.3,7.95,3.98,Uruaçu,GO,Centro-Oeste,-14.52,-48.86
2024,315,0.63,0.6,0.62,29.58,78.0,1.51,19.21,9.07,Uruaçu,GO,Centro-Oeste,-14.52,-48.86
2024,316,1.22,0.6,0.61,28.9,82.63,2.24,11.87,5.85,Uruaçu,GO,Centro-Oeste,-14.52,-48.86
2024,317,3.27,0.6,0.63,27.78,82.01,1.21,16.35,7.77,Uruaçu,GO,Centro-Oeste,-14.52,-48.86
2024,318,17.98,0.6,0.66,30.97,77.8,1.64,8.32,4.14,Uruaçu,GO,Centro-Oeste,-14.52,-48.86
2024,319,17.05,0.63,0.76,29.36,85.71,1.62,16.57,7.81,Uruaçu,GO,Centro-Oeste,-14.52,-48.86
2024,320,14.88,0.66,0.77,24.6,90.7,1.99,13.95,6.79,Uruaçu,GO,Centro-Oeste,-14.52,-48.86
2024,321,2.98,0.66,0.71,28.15,80.81,1.99,17.85,8.48,Uruaçu,GO,Centro-Oeste,-14.52,-48.86
2024,322,7.85,0.66,0.72,29.64,79.4,1.84,7.39,3.75,Uruaçu,GO,Centro-Oeste,-14.52,-48.86
2024,323,3.04,0.66,0.71,31.19,74.7,1.57,20.77,9.8,Uruaçu,GO,Centro-Oeste,-14.52,-48.86
2024,324,1.26,0.65,0.69,31.48,73.03,0.91,24.38,11.42,Uruaçu,GO,Centro-Oeste,-14.52,-48.86
2024,325,3.11,0.64,0.68,31.81,74.23,0.89,23.93,11.19,Uruaçu,GO,Centro-Oeste,-14.52,-48.86
2024,326,6.08,0.63,0.69,32.08,75.27,1.1,19.2,9.05,Uruaçu,GO,Centro-Oeste,-14.52,-48.86
2024,327,15.95,0.65,0.75,31.48,76.78,0.94,16.13,7.71,Uruaçu,GO,Centro-Oeste,-14.52,-48.86
2024,328,1.95,0.65,0.7,30.41,79.77,1.4,8.75,4.38,Uruaçu,GO,Centro-Oeste,-14.52,-48.86
2024,329,6.71,0.65,0.71,30.1,79.47,1.2,9.93,4.83,Uruaçu,GO,Centro-Oeste,-14.52,-48.86
2024,330,3.85,0.64,0.69,30.6,79.31,1.11,22.54,10.51,Uruaçu,GO,Centro-Oeste,-14.52,-48.86
2024,331,3.14,0.64,0.69,30.15,81.77,1.54,20.54,9.66,Uruaçu,GO,Centro-Oeste,-14.52,-48.86
2024,332,2.38,0.63,0.67,31.18,74.45,0.78,19.3,9.12,Uruaçu,GO,Centro-Oeste,-14.52,-48.86
2024,333,1.72,0.62,0.67,30.72,78.98,1.26,21.12,9.98,Uruaçu,GO,Centro-Oeste,-14.52,-48.86
2024,334,1.07,0.62,0.66,29.69,82.44,1.02,18.48,8.69,Uruaçu,GO,Centro-Oeste,-14.52,-48.86
2024,335,1.41,0.61,0.64,31.83,76.7,1.51,23.77,11.1,Uruaçu,GO,Centro-Oeste,-14.52,-48.86
2024,336,0.6,0.6,0.62,31.29,76.94,1.36,18.69,8.88,Uruaçu,GO,Centro-Oeste,-14.52,-48.86
2024,337,0.24,0.6,0.62,29.62,78.87,0.88,20.14,9.59,Uruaçu,GO,Centro-Oeste,-14.52,-48.86
2024,338,2.08,0.59,0.61,32.54,73.52,1.27,18.11,8.58,Uruaçu,GO,Centro-Oeste,-14.52,-48.86
2024,339,1.44,0.59,0.59,31.97,76.13,1.3,22.11,10.4,Uruaçu,GO,Centro-Oeste,-14.52,-48.86
2024,340,1.2,0.59,0.6,31.06,77.68,1.16,22.8,10.73,Uruaçu,GO,Centro-Oeste,-14.52,-48.86
2024,341,0.33,0.58,0.56,35.18,62.55,2.14,28.34,12.94,Uruaçu,GO,Centro-Oeste,-14.52,-48.86
2024,342,0.2,0.57,0.54,35.13,58.32,1.84,27.56,12.63,Uruaçu,GO,Centro-Oeste,-14.52,-48.86
2024,343,5.44,0.56,0.57,35.23,59.86,1.68,20.81,9.74,Uruaçu,GO,Centro-Oeste,-14.52,-48.86
2024,344,1.74,0.57,0.56,35.26,61.55,1.2,23.92,11.18,Uruaçu,GO,Centro-Oeste,-14.52,-48.86
2024,345,2.41,0.56,0.55,35.18,63.14,1.47,20.86,9.8,Uruaçu,GO,Centro-Oeste,-14.52,-48.86
2024,346,1.3,0.56,0.55,32.19,68.91,1.15,22.25,10.46,Uruaçu,GO,Centro-Oeste,-14.52,-48.86
2024,347,0.96,0.55,0.53,35.25,61.93,1.38,14.22,6.73,Uruaçu,GO,Centro-Oeste,-14.52,-48.86
2024,348,0.58,0.55,0.52,35.39,59.59,1.3,25.07,11.59,Uruaçu,GO,Centro-Oeste,-14.52,-48.86
2024,349,2.11,0.54,0.52,33.59,65.87,1.86,17.01,7.99,Uruaçu,GO,Centro-Oeste,-14.52,-48.86
2024,350,6.2,0.54,0.56,30.94,74.09,1.23,15.14,7.22,Uruaçu,GO,Centro-Oeste,-14.52,-48.86
2024,351,1.08,0.55,0.55,33.07,69.76,0.97,20.96,9.84,Uruaçu,GO,Centro-Oeste,-14.52,-48.86
2024,352,11.06,0.55,0.6,32.81,73.12,0.97,10.14,4.95,Uruaçu,GO,Centro-Oeste,-14.52,-48.86
2024,353,1.38,0.56,0.56,35.49,66.83,1.38,24.92,11.65,Uruaçu,GO,Centro-Oeste,-14.52,-48.86
2024,354,6.44,0.56,0.58,33.63,67.73,0.92,22.07,10.36,Uruaçu,GO,Centro-Oeste,-14.52,-48.86
2024,355,2.76,0.56,0.57,31.39,75.27,1.17,23.6,11.07,Uruaçu,GO,Centro-Oeste,-14.52,-48.86
2024,356,3.51,0.56,0.57,31.82,72.82,1.41,19.96,9.43,Uruaçu,GO,Centro-Oeste,-14.52,-48.86
2024,357,2.58,0.56,0.56,31.21,76.12,1.3,15.26,7.31,Uruaçu,GO,Centro-Oeste,-14.52,-48.86
2024,358,2.38,0.56,0.56,33.0,73.51,1.38,19.83,9.4,Uruaçu,GO,Centro-Oeste,-14.52,-48.86
2024,359,1.27,0.56,0.55,30.91,74.77,1.21,18.68,8.85,Uruaçu,GO,Centro-Oeste,-14.52,-48.86
2024,360,11.0,0.56,0.59,30.09,78.19,1.63,18.37,8.72,Uruaçu,GO,Centro-Oeste,-14.52,-48.86
2024,361,17.86,0.59,0.69,30.0,82.36,2.15,17.16,8.26,Uruaçu,GO,Centro-Oeste,-14.52,-48.86
2024,362,1.37,0.59,0.62,30.33,80.05,1.29,17.08,8.16,Uruaçu,GO,Centro-Oeste,-14.52,-48.86
2024,363,1.55,0.59,0.59,30.98,73.3,1.08,19.58,9.29,Uruaçu,GO,Centro-Oeste,-14.52,-48.86
2024,364,1.17,0.58,0.58,32.0,69.63,1.16,19.47,9.23,Uruaçu,GO,Centro-Oeste,-14.52,-48.86
2024,365,12.35,0.58,0.63,31.3,71.66,1.35,8.42,4.09,Uruaçu,GO,Centro-Oeste,-14.52,-48.86
2024,366,5.93,0.59,0.64,30.77,73.89,1.19,18.12,8.54,Uruaçu,GO,Centro-Oeste,-14.52,-48.86
2025,1,1.37,0.59,0.59,32.88,71.03,1.28,19.97,9.36,Uruaçu,GO,Centro-Oeste,-14.52,-48.86
2025,2,14.46,0.6,0.68,27.83,80.47,0.83,17.09,8.09,Uruaçu,GO,Centro-Oeste,-14.52,-48.86
2025,3,0.26,0.6,0.61,32.72,70.6,1.45,19.51,9.14,Uruaçu,GO,Centro-Oeste,-14.52,-48.86
2025,4,0.47,0.59,0.58,33.78,68.07,1.46,24.02,11.19,Uruaçu,GO,Centro-Oeste,-14.52,-48.86
2025,5,4.52,0.58,0.59,31.26,76.31,1.45,19.91,9.35,Uruaçu,GO,Centro-Oeste,-14.52,-48.86
2025,6,3.3,0.58,0.61,31.28,76.83,1.17,18.95,8.9,Uruaçu,GO,Centro-Oeste,-14.52,-48.86
2025,7,0.12,0.58,0.57,31.57,74.87,1.52,20.4,9.53,Uruaçu,GO,Centro-Oeste,-14.52,-48.86
2025,8,24.28,0.59,0.69,28.98,84.2,1.54,15.8,7.5,Uruaçu,GO,Centro-Oeste,-14.52,-48.86
2025,9,52.56,0.68,0.87,26.04,90.15,1.96,6.8,3.44,Uruaçu,GO,Centro-Oeste,-14.52,-48.86
2025,10,5.33,0.69,0.75,28.84,85.04,1.68,14.57,6.98,Uruaçu,GO,Centro-Oeste,-14.52,-48.86
2025,11,3.31,0.68,0.72,29.64,84.83,2.17,21.4,10.12,Uruaçu,GO,Centro-Oeste,-14.52,-48.86
2025,12,5.4,0.67,0.73,27.94,88.77,1.98,15.64,7.49,Uruaçu,GO,Centro-Oeste,-14.52,-48.86
2025,13,69.38,0.73,0.9,25.29,93.62,2.43,12.76,6.23,Uruaçu,GO,Centro-Oeste,-14.52,-48.86
2025,14,48.71,0.81,0.92,25.25,93.18,3.1,8.12,4.12,Uruaçu,GO,Centro-Oeste,-14.52,-48.86
2025,15,25.93,0.85,0.89,26.82,89.29,2.92,13.49,6.58,Uruaçu,GO,Centro-Oeste,-14.52,-48.86
2025,16,12.27,0.85,0.87,27.91,87.72,3.49,12.03,5.82,Uruaçu,GO,Centro-Oeste,-14.52,-48.86
2025,17,3.42,0.85,0.85,27.47,88.26,2.32,20.57,9.67,Uruaçu,GO,Centro-Oeste,-14.52,-48.86
2025,18,2.52,0.84,0.84,29.54,81.59,1.04,22.53,10.57,Uruaçu,GO,Centro-Oeste,-14.52,-48.86
2025,19,0.9,0.83,0.83,29.15,83.2,1.27,25.38,11.8,Uruaçu,GO,Centro-Oeste,-14.52,-48.86
2025,20,2.66,0.82,0.83,29.12,80.69,1.1,27.15,12.58,Uruaçu,GO,Centro-Oeste,-14.52,-48.86
2025,21,0.51,0.81,0.82,29.57,80.58,0.82,14.7,7.09,Uruaçu,GO,Centro-Oeste,-14.52,-48.86
2025,22,0.27,0.8,0.81,30.37,79.37,1.36,22.59,10.52,Uruaçu,GO,Centro-Oeste,-14.52,-48.86
2025,23,1.92,0.79,0.81,31.33,77.84,0.89,25.9,12.02,Uruaçu,GO,Centro-Oeste,-14.52,-48.86
2025,24,0.49,0.78,0.8,31.8,76.69,1.82,27.2,12.57,Uruaçu,GO,Centro-Oeste,-14.52,-48.86
2025,25,1.83,0.77,0.79,31.21,75.58,1.7,25.98,12.05,Uruaçu,GO,Centro-Oeste,-14.52,-48.86
2025,26,1.5,0.76,0.79,30.19,76.53,1.42,22.91,10.71,Uruaçu,GO,Centro-Oeste,-14.52,-48.86
2025,27,0.76,0.75,0.78,29.82,77.33,1.11,21.91,10.26,Uruaçu,GO,Centro-Oeste,-14.52,-48.86
2025,28,0.25,0.74,0.77,30.86,78.46,0.96,22.84,10.64,Uruaçu,GO,Centro-Oeste,-14.52,-48.86
2025,29,11.23,0.73,0.8,30.03,79.47,0.79,18.64,8.77,Uruaçu,GO,Centro-Oeste,-14.52,-48.86
2025,30,3.66,0.74,0.79,27.06,87.92,1.21,19.26,9.11,Uruaçu,GO,Centro-Oeste,-14.52,-48.86
2025,31,14.58,0.75,0.82,27.8,85.74,1.43,9.67,4.7,Uruaçu,GO,Centro-Oeste,-14.52,-48.86
2025,32,30.71,0.77,0.85,25.34,88.16,1.13,19.99,9.43,Uruaçu,GO,Centro-Oeste,-14.52,-48.86
2025,33,4.23,0.8,0.83,26.66,87.09,1.47,17.95,8.51,Uruaçu,GO,Centro-Oeste,-14.52,-48.86
2025,34,2.67,0.79,0.81,27.91,82.87,1.65,18.84,8.86,Uruaçu,GO,Centro-Oeste,-14.52,-48.86
2025,35,0.2,0.78,0.8,29.69,78.85,1.65,20.14,9.43,Uruaçu,GO,Centro-Oeste,-14.52,-48.86
2025,36,0.28,0.77,0.79,29.34,74.28,1.25,22.1,10.18,Uruaçu,GO,Centro-Oeste,-14.52,-48.86
2025,37,0.01,0.75,0.77,30.95,69.36,1.79,29.08,13.17,Uruaçu,GO,Centro-Oeste,-14.52,-48.86
2025,38,0.0,0.74,0.76,30.82,73.67,2.11,27.3,12.46,Uruaçu,GO,Centro-Oeste,-14.52,-48.86
2025,39,1.24,0.72,0.76,30.55,74.74,2.17,26.42,12.1,Uruaçu,GO,Centro-Oeste,-14.52,-48.86
2025,40,4.73,0.72,0.77,28.32,82.48,2.08,16.78,7.85,Uruaçu,GO,Centro-Oeste,-14.52,-48.86
2025,41,4.67,0.72,0.76,30.14,75.51,1.85,20.83,9.66,Uruaçu,GO,Centro-Oeste,-14.52,-48.86
2025,42,1.79,0.72,0.75,28.36,80.06,1.56,14.3,6.7,Uruaçu,GO,Centro-Oeste,-14.52,-48.86
2025,43,1.97,0.71,0.74,31.01,74.83,1.77,22.99,10.69,Uruaçu,GO,Centro-Oeste,-14.52,-48.86
2025,44,0.24,0.7,0.73,31.24,71.5,1.56,25.18,11.66,Uruaçu,GO,Centro-Oeste,-14.52,-48.86
2025,45,0.87,0.68,0.72,31.26,70.95,1.05,24.98,11.59,Uruaçu,GO,Centro-Oeste,-14.52,-48.86
2025,46,2.59,0.67,0.71,31.45,73.93,1.13,20.83,9.67,Uruaçu,GO,Centro-Oeste,-14.52,-48.86
2025,47,6.43,0.67,0.73,30.38,78.5,1.12,18.36,8.64,Uruaçu,GO,Centro-Oeste,-14.52,-48.86
2025,48,2.27,0.66,0.71,31.19,70.6,1.24,23.41,10.83,Uruaçu,GO,Centro-Oeste,-14.52,-48.86
2025,49,0.0,0.65,0.68,32.4,66.39,1.44,22.95,10.49,Uruaçu,GO,Centro-Oeste,-14.52,-48.86
2025,50,0.23,0.64,0.67,32.89,68.81,1.27,26.47,12.19,Uruaçu,GO,Centro-Oeste,-14.52,-48.86
2025,51,0.0,0.63,0.65,33.65,61.55,1.71,26.07,11.81,Uruaçu,GO,Centro-Oeste,-14.52,-48.86
2025,52,0.0,0.61,0.64,34.0,62.04,1.76,27.61,12.54,Uruaçu,GO,Centro-Oeste,-14.52,-48.86
2025,53,0.12,0.6,0.62,33.4,64.98,1.37,24.33,11.17,Uruaçu,GO,Centro-Oeste,-14.52,-48.86
2025,54,2.15,0.6,0.61,33.17,67.23,0.87,23.93,11.08,Uruaçu,GO,Centro-Oeste,-14.52,-48.86
2025,55,4.7,0.59,0.61,32.28,74.24,0.88,18.87,8.84,Uruaçu,GO,Centro-Oeste,-14.52,-48.86
2025,56,2.78,0.59,0.61,32.84,72.74,1.49,21.94,10.25,Uruaçu,GO,Centro-Oeste,-14.52,-48.86
2025,57,1.15,0.59,0.6,31.45,76.37,1.6,16.16,7.63,Uruaçu,GO,Centro-Oeste,-14.52,-48.86
2025,58,0.18,0.58,0.57,33.27,69.92,1.6,20.13,9.4,Uruaçu,GO,Centro-Oeste,-14.52,-48.86
2025,59,2.42,0.57,0.57,33.66,66.61,1.77,23.11,10.66,Uruaçu,GO,Centro-Oeste,-14.52,-48.86
2025,60,0.98,0.57,0.56,34.96,62.22,2.6,24.11,11.19,Uruaçu,GO,Centro-Oeste,-14.52,-48.86
2025,61,0.0,0.56,0.54,34.87,59.89,2.49,22.28,10.29,Uruaçu,GO,Centro-Oeste,-14.52,-48.86
2025,62,0.0,0.55,0.53,36.02,55.71,1.55,23.71,10.92,Uruaçu,GO,Centro-Oeste,-14.52,-48.86
2025,63,0.0,0.55,0.52,35.05,55.38,2.59,24.76,11.34,Uruaçu,GO,Centro-Oeste,-14.52,-48.86
2025,64,0.02,0.54,0.51,34.57,50.8,3.02,24.41,11.2,Uruaçu,GO,Centro-Oeste,-14.52,-48.86
2025,65,0.03,0.54,0.5,35.79,51.69,3.02,24.29,11.17,Uruaçu,GO,Centro-Oeste,-14.52,-48.86
2025,66,0.0,0.53,0.5,35.86,54.55,2.56,26.53,12.19,Uruaçu,GO,Centro-Oeste,-14.52,-48.86
2025,67,0.0,0.53,0.49,36.98,51.43,1.65,25.6,11.71,Uruaçu,GO,Centro-Oeste,-14.52,-48.86
2025,68,0.0,0.52,0.48,36.12,50.19,1.82,23.78,10.87,Uruaçu,GO,Centro-Oeste,-14.52,-48.86
2025,69,0.0,0.52,0.47,38.8,49.22,2.3,25.63,11.7,Uruaçu,GO,Centro-Oeste,-14.52,-48.86
2025,70,1.79,0.51,0.47,36.2,58.7,0.99,19.78,9.17,Uruaçu,GO,Centro-Oeste,-14.52,-48.86
2025,71,5.58,0.52,0.53,35.69,61.3,1.12,15.95,7.53,Uruaçu,GO,Centro-Oeste,-14.52,-48.86
2025,72,3.96,0.52,0.52,37.21,58.35,1.37,18.23,8.5,Uruaçu,GO,Centro-Oeste,-14.52,-48.86
2025,73,7.09,0.52,0.52,38.04,61.38,1.72,22.73,10.53,Uruaçu,GO,Centro-Oeste,-14.52,-48.86
2025,74,3.42,0.53,0.54,37.82,59.72,1.97,24.19,11.2,Uruaçu,GO,Centro-Oeste,-14.52,-48.86
2025,75,0.26,0.53,0.48,38.72,53.75,2.48,20.68,9.45,Uruaçu,GO,Centro-Oeste,-14.52,-48.86
2025,76,0.18,0.52,0.47,38.5,53.88,1.18,24.28,11.02,Uruaçu,GO,Centro-Oeste,-14.52,-48.86
2025,77,0.12,0.51,0.46,37.41,50.23,1.73,24.21,11.09,Uruaçu,GO,Centro-Oeste,-14.52,-48.86
2025,78,0.02,0.51,0.44,37.75,52.74,2.05,23.7,10.88,Uruaçu,GO,Centro-Oeste,-14.52,-48.86
2025,79,3.37,0.51,0.46,37.79,57.25,1.35,21.18,9.83,Uruaçu,GO,Centro-Oeste,-14.52,-48.86
2025,80,4.54,0.51,0.52,34.37,68.67,1.51,19.22,9.01,Uruaçu,GO,Centro-Oeste,-14.52,-48.86
2025,81,2.13,0.51,0.49,36.65,60.84,1.32,16.81,7.92,Uruaçu,GO,Centro-Oeste,-14.52,-48.86
2025,82,4.45,0.51,0.52,33.38,67.39,1.05,16.29,7.71,Uruaçu,GO,Centro-Oeste,-14.52,-48.86
2025,83,6.02,0.52,0.55,33.11,69.35,1.47,18.47,8.71,Uruaçu,GO,Centro-Oeste,-14.52,-48.86
2025,84,7.07,0.52,0.54,34.38,69.11,1.18,19.54,9.23,Uruaçu,GO,Centro-Oeste,-14.52,-48.86
2025,85,17.57,0.55,0.65,30.35,80.96,0.89,14.1,6.74,Uruaçu,GO,Centro-Oeste,-14.52,-48.86
2025,86,9.38,0.57,0.63,28.16,85.77,1.13,18.03,8.53,Uruaçu,GO,Centro-Oeste,-14.52,-48.86
2025,87,5.0,0.57,0.6,31.34,75.35,0.9,18.2,8.58,Uruaçu,GO,Centro-Oeste,-14.52,-48.86
2025,88,8.42,0.57,0.61,32.91,70.44,1.31,19.72,9.26,Uruaçu,GO,Centro-Oeste,-14.52,-48.86
2025,89,7.04,0.57,0.6,33.35,72.55,1.65,22.95,10.63,Uruaçu,GO,Centro-Oeste,-14.52,-48.86
2025,90,3.07,0.58,0.59,33.68,69.5,1.19,21.27,9.9,Uruaçu,GO,Centro-Oeste,-14.52,-48.86
2025,91,1.08,0.57,0.56,35.0,63.08,1.41,24.62,11.3,Uruaçu,GO,Centro-Oeste,-14.52,-48.86
2025,92,0.0,0.56,0.53,35.66,58.68,1.84,23.54,10.8,Uruaçu,GO,Centro-Oeste,-14.52,-48.86
2025,93,0.0,0.55,0.52,35.99,58.11,1.09,23.78,10.95,Uruaçu,GO,Centro-Oeste,-14.52,-48.86
2025,94,0.24,0.54,0.51,35.85,60.12,1.93,22.91,10.64,Uruaçu,GO,Centro-Oeste,-14.52,-48.86
2025,95,3.94,0.54,0.54,33.73,67.22,1.63,20.36,9.59,Uruaçu,GO,Centro-Oeste,-14.52,-48.86
2025,96,0.2,0.54,0.52,35.69,59.49,2.11,22.52,10.27,Uruaçu,GO,Centro-Oeste,-14.52,-48.86
2025,97,0.01,0.54,0.5,34.24,58.52,2.68,21.6,10.01,Uruaçu,GO,Centro-Oeste,-14.52,-48.86
2025,98,0.03,0.53,0.5,32.52,60.59,2.3,19.93,9.29,Uruaçu,GO,Centro-Oeste,-14.52,-48.86
2025,99,0.17,0.53,0.5,35.55,59.45,1.66,21.07,9.79,Uruaçu,GO,Centro-Oeste,-14.52,-48.86
2025,100,3.46,0.53,0.52,34.16,67.16,1.63,15.36,7.31,Uruaçu,GO,Centro-Oeste,-14.52,-48.86
2025,101,6.67,0.53,0.55,34.84,64.17,1.28,18.64,8.77,Uruaçu,GO,Centro-Oeste,-14.52,-48.86
2025,102,2.35,0.54,0.53,34.77,64.19,1.49,18.77,8.77,Uruaçu,GO,Centro-Oeste,-14.52,-48.86
2025,103,3.9,0.54,0.55,30.95,72.87,1.09,13.97,6.7,Uruaçu,GO,Centro-Oeste,-14.52,-48.86
2025,104,0.93,0.54,0.52,34.05,68.48,1.32,15.75,7.48,Uruaçu,GO,Centro-Oeste,-14.52,-48.86
2025,105,6.36,0.53,0.55,32.17,74.99,1.76,11.5,5.61,Uruaçu,GO,Centro-Oeste,-14.52,-48.86
2025,106,0.94,0.54,0.53,33.07,72.96,1.31,17.76,8.39,Uruaçu,GO,Centro-Oeste,-14.52,-48.86
2025,107,0.76,0.54,0.52,34.56,67.17,0.76,20.16,9.48,Uruaçu,GO,Centro-Oeste,-14.52,-48.86
2025,108,0.36,0.53,0.5,34.49,62.65,1.29,16.28,7.72,Uruaçu,GO,Centro-Oeste,-14.52,-48.86
2025,109,0.7,0.53,0.5,34.9,63.58,1.0,18.73,8.78,Uruaçu,GO,Centro-Oeste,-14.52,-48.86
2025,110,0.04,0.52,0.49,35.59,61.04,1.0,20.44,9.57,Uruaçu,GO,Centro-Oeste,-14.52,-48.86
2025,111,0.41,0.52,0.47,36.43,55.3,1.04,20.57,9.58,Uruaçu,GO,Centro-Oeste,-14.52,-48.86
2025,112,0.15,0.51,0.46,36.82,57.15,2.04,15.63,7.3,Uruaçu,GO,Centro-Oeste,-14.52,-48.86
2025,113,2.13,0.51,0.47,35.7,62.17,1.97,17.56,8.24,Uruaçu,GO,Centro-Oeste,-14.52,-48.86
2025,114,0.45,0.51,0.47,35.45,61.24,1.71,18.21,8.47,Uruaçu,GO,Centro-Oeste,-14.52,-48.86
2025,115,3.6,0.51,0.49,32.12,67.8,0.99,15.74,7.43,Uruaçu,GO,Centro-Oeste,-14.52,-48.86
2025,116,0.86,0.51,0.48,34.23,62.06,0.78,19.04,8.92,Uruaçu,GO,Centro-Oeste,-14.52,-48.86
2025,117,0.05,0.51,0.46,33.81,63.81,1.32,16.84,7.96,Uruaçu,GO,Centro-Oeste,-14.52,-48.86
2025,118,1.49,0.51,0.47,33.56,65.59,0.96,15.91,7.54,Uruaçu,GO,Centro-Oeste,-14.52,-48.86
2025,119,0.01,0.51,0.46,32.38,65.62,1.31,19.57,9.14,Uruaçu,GO,Centro-Oeste,-14.52,-48.86
2025,120,0.13,0.5,0.44,36.08,59.39,1.24,18.82,8.79,Uruaçu,GO,Centro-Oeste,-14.52,-48.86
2025,121,3.68,0.51,0.47,34.36,66.68,1.56,18.4,8.65,Uruaçu,GO,Centro-Oeste,-14.52,-48.86
2025,122,0.02,0.5,0.44,34.53,61.17,2.54,18.21,8.51,Uruaçu,GO,Centro-Oeste,-14.52,-48.86
2025,123,0.0,0.5,0.42,35.16,52.64,2.53,19.8,9.14,Uruaçu,GO,Centro-Oeste,-14.52,-48.86
2025,124,0.0,0.5,0.39,35.1,47.17,1.68,21.45,9.75,Uruaçu,GO,Centro-Oeste,-14.52,-48.86
2025,125,0.0,0.5,0.36,35.52,43.89,1.79,21.14,9.65,Uruaçu,GO,Centro-Oeste,-14.52,-48.86
2025,126,0.0,0.5,0.34,34.14,50.15,2.0,20.73,9.57,Uruaçu,GO,Centro-Oeste,-14.52,-48.86
2025,127,0.02,0.49,0.32,35.34,47.09,2.03,20.36,9.39,Uruaçu,GO,Centro-Oeste,-14.52,-48.86
2025,128,0.0,0.49,0.3,36.11,42.93,2.89,21.13,9.66,Uruaçu,GO,Centro-Oeste,-14.52,-48.86
2025,129,0.0,0.49,0.29,36.64,40.43,2.19,20.84,9.49,Uruaçu,GO,Centro-Oeste,-14.52,-48.86
2025,130,0.0,0.49,0.27,36.98,40.13,1.44,20.54,9.37,Uruaçu,GO,Centro-Oeste,-14.52,-48.86
2025,131,0.05,0.49,0.26,37.16,41.97,2.12,19.61,9.03,Uruaçu,GO,Centro-Oeste,-14.52,-48.86
2025,132,0.0,0.49,0.25,37.37,36.01,3.19,20.83,9.48,Uruaçu,GO,Centro-Oeste,-14.52,-48.86
2025,133,0.0,0.49,0.24,35.25,40.9,3.56,21.02,9.52,Uruaçu,GO,Centro-Oeste,-14.52,-48.86
2025,134,0.0,0.49,0.23,34.29,42.98,3.37,19.87,9.08,Uruaçu,GO,Centro-Oeste,-14.52,-48.86
2025,135,0.0,0.49,0.23,33.75,45.57,3.52,20.52,9.36,Uruaçu,GO,Centro-Oeste,-14.52,-48.86
2025,136,0.01,0.49,0.22,34.19,44.58,3.64,19.37,8.85,Uruaçu,GO,Centro-Oeste,-14.52,-48.86
2025,137,0.0,0.49,0.22,34.53,47.29,3.79,16.7,7.71,Uruaçu,GO,Centro-Oeste,-14.52,-48.86
2025,138,0.0,0.49,0.22,35.01,41.26,3.41,20.66,9.38,Uruaçu,GO,Centro-Oeste,-14.52,-48.86
2025,139,0.0,0.49,0.21,34.42,37.76,2.94,20.55,9.27,Uruaçu,GO,Centro-Oeste,-14.52,-48.86
2025,140,0.0,0.49,0.21,34.72,35.62,2.27,20.37,9.13,Uruaçu,GO,Centro-Oeste,-14.52,-48.86
2025,141,0.0,0.49,0.2,35.34,36.0,1.94,18.59,8.35,Uruaçu,GO,Centro-Oeste,-14.52,-48.86
2025,142,0.38,0.49,0.2,34.39,37.91,1.88,17.44,7.98,Uruaçu,GO,Centro-Oeste,-14.52,-48.86
2025,143,0.05,0.49,0.2,34.39,39.64,1.26,18.81,8.63,Uruaçu,GO,Centro-Oeste,-14.52,-48.86
2025,144,0.0,0.49,0.2,35.68,35.36,1.84,19.14,8.72,Uruaçu,GO,Centro-Oeste,-14.52,-48.86
2025,145,0.0,0.49,0.19,35.36,34.21,2.78,19.24,8.69,Uruaçu,GO,Centro-Oeste,-14.52,-48.86
2025,146,0.0,0.49,0.19,34.58,36.19,2.77,19.03,8.55,Uruaçu,GO,Centro-Oeste,-14.52,-48.86
2025,147,0.0,0.49,0.19,35.62,34.67,1.96,17.82,8.03,Uruaçu,GO,Centro-Oeste,-14.52,-48.86
2025,148,0.0,0.49,0.18,35.02,34.43,1.38,15.95,7.27,Uruaçu,GO,Centro-Oeste,-14.52,-48.86
2025,149,0.0,0.49,0.18,35.37,35.17,2.01,19.06,8.58,Uruaçu,GO,Centro-Oeste,-14.52,-48.86
2025,150,0.0,0.49,0.18,34.89,37.93,1.8,18.39,8.3,Uruaçu,GO,Centro-Oeste,-14.52,-48.86
2025,151,0.0,0.49,0.18,35.69,36.48,1.59,17.49,8.03,Uruaçu,GO,Centro-Oeste,-14.52,-48.86
2025,152,0.01,0.49,0.17,34.09,42.57,2.59,11.19,5.26,Uruaçu,GO,Centro-Oeste,-14.52,-48.86
2025,153,0.0,0.49,0.17,31.78,47.07,2.86,15.49,7.21,Uruaçu,GO,Centro-Oeste,-14.52,-48.86
2025,154,0.01,0.49,0.17,35.33,43.62,2.92,18.39,8.45,Uruaçu,GO,Centro-Oeste,-14.52,-48.86
2025,155,0.05,0.49,0.17,35.65,36.38,2.84,18.6,8.51,Uruaçu,GO,Centro-Oeste,-14.52,-48.86
2025,156,0.0,0.49,0.17,35.81,38.53,2.25,16.49,7.46,Uruaçu,GO,Centro-Oeste,-14.52,-48.86
2025,157,0.0,0.49,0.17,36.12,33.15,1.58,18.73,8.38,Uruaçu,GO,Centro-Oeste,-14.52,-48.86
2025,158,0.0,0.49,0.17,36.06,29.45,1.78,19.28,8.59,Uruaçu,GO,Centro-Oeste,-14.52,-48.86
2025,159,0.0,0.49,0.16,35.66,31.81,1.69,18.4,8.26,Uruaçu,GO,Centro-Oeste,-14.52,-48.86
2025,160,2.38,0.49,0.18,35.26,34.17,1.51,18.81,8.43,Uruaçu,GO,Centro-Oeste,-14.52,-48.86
2025,161,13.27,0.52,0.53,32.95,57.0,1.6,16.15,7.34,Uruaçu,GO,Centro-Oeste,-14.52,-48.86
2025,162,0.0,0.51,0.49,33.21,53.21,2.43,17.22,7.82,Uruaçu,GO,Centro-Oeste,-14.52,-48.86
2025,163,0.07,0.51,0.47,33.02,50.21,2.13,18.09,8.15,Uruaçu,GO,Centro-Oeste,-14.52,-48.86
2025,164,4.0,0.51,0.51,31.48,61.31,2.92,17.3,7.85,Uruaçu,GO,Centro-Oeste,-14.52,-48.86
2025,165,0.0,0.51,0.48,31.38,55.57,3.89,18.76,8.51,Uruaçu,GO,Centro-Oeste,-14.52,-48.86
2025,166,0.0,0.51,0.46,30.66,54.01,3.03,18.92,8.54,Uruaçu,GO,Centro-Oeste,-14.52,-48.86
2025,167,0.0,0.5,0.44,30.86,51.05,3.11,18.4,8.18,Uruaçu,GO,Centro-Oeste,-14.52,-48.86
2025,168,0.0,0.5,0.42,31.94,54.37,2.77,18.69,8.41,Uruaçu,GO,Centro-Oeste,-14.52,-48.86
2025,169,0.0,0.5,0.39,31.76,52.03,2.94,17.26,7.86,Uruaçu,GO,Centro-Oeste,-14.52,-48.86
2025,170,0.0,0.5,0.36,31.8,46.3,2.93,14.94,6.84,Uruaçu,GO,Centro-Oeste,-14.52,-48.86
2025,171,0.0,0.5,0.34,32.34,43.49,2.3,18.65,8.36,Uruaçu,GO,Centro-Oeste,-14.52,-48.86
2025,172,0.0,0.49,0.32,33.75,40.47,1.74,18.49,8.28,Uruaçu,GO,Centro-Oeste,-14.52,-48.86
2025,173,0.0,0.49,0.3,34.53,39.12,1.13,18.02,8.15,Uruaçu,GO,Centro-Oeste,-14.52,-48.86
2025,174,0.0,0.49,0.29,35.19,40.61,1.2,18.0,8.16,Uruaçu,GO,Centro-Oeste,-14.52,-48.86
2025,175,0.0,0.49,0.28,33.22,45.26,1.72,12.85,5.93,Uruaçu,GO,Centro-Oeste,-14.52,-48.86
2025,176,0.0,0.49,0.27,34.28,46.82,3.27,18.17,8.32,Uruaçu,GO,Centro-Oeste,-14.52,-48.86
2025,177,0.0,0.49,0.26,34.02,43.41,3.43,19.13,8.63,Uruaçu,GO,Centro-Oeste,-14.52,-48.86
2025,178,0.0,0.49,0.25,34.26,42.34,2.89,19.33,8.66,Uruaçu,GO,Centro-Oeste,-14.52,-48.86
2025,179,0.0,0.49,0.24,34.15,41.82,3.32,19.25,8.67,Uruaçu,GO,Centro-Oeste,-14.52,-48.86
2025,180,0.0,0.49,0.23,33.5,37.43,2.05,18.55,8.34,Uruaçu,GO,Centro-Oeste,-14.52,-48.86
2025,181,0.0,0.49,0.23,33.97,39.15,2.84,18.79,8.51,Uruaçu,GO,Centro-Oeste,-14.52,-48.86
2025,182,0.0,0.49,0.22,34.46,34.0,2.5,19.43,8.63,Uruaçu,GO,Centro-Oeste,-14.52,-48.86
2025,183,0.0,0.49,0.21,34.64,32.39,2.94,19.13,8.68,Uruaçu,GO,Centro-Oeste,-14.52,-48.86
2025,184,0.0,0.49,0.21,33.51,36.43,3.52,19.3,8.65,Uruaçu,GO,Centro-Oeste,-14.52,-48.86
2025,185,0.0,0.49,0.21,32.4,39.68,3.3,18.57,8.27,Uruaçu,GO,Centro-Oeste,-14.52,-48.86
2025,186,0.0,0.49,0.2,32.13,42.34,2.72,18.28,8.17,Uruaçu,GO,Centro-Oeste,-14.52,-48.86
2025,187,0.0,0.49,0.2,32.65,40.33,2.59,19.11,8.57,Uruaçu,GO,Centro-Oeste,-14.52,-48.86
2025,188,0.0,0.49,0.2,33.36,34.67,2.63,19.65,8.71,Uruaçu,GO,Centro-Oeste,-14.52,-48.86
2025,189,0.0,0.49,0.19,33.49,36.53,2.05,18.94,8.48,Uruaçu,GO,Centro-Oeste,-14.52,-48.86
2025,190,0.0,0.49,0.19,33.48,33.83,2.29,18.75,8.4,Uruaçu,GO,Centro-Oeste,-14.52,-48.86
2025,191,0.0,0.49,0.19,32.51,32.67,3.43,18.35,8.24,Uruaçu,GO,Centro-Oeste,-14.52,-48.86
2025,192,0.0,0.49,0.18,31.36,39.31,3.4,17.71,8.01,Uruaçu,GO,Centro-Oeste,-14.52,-48.86
2025,193,0.0,0.49,0.18,31.72,42.47,3.18,18.29,8.24,Uruaçu,GO,Centro-Oeste,-14.52,-48.86
2025,194,0.0,0.49,0.18,30.91,41.91,3.49,17.63,7.97,Uruaçu,GO,Centro-Oeste,-14.52,-48.86
2025,195,0.0,0.49,0.18,31.22,36.6,3.07,15.65,7.05,Uruaçu,GO,Centro-Oeste,-14.52,-48.86
2025,196,0.0,0.49,0.18,32.61,36.58,2.56,19.25,8.59,Uruaçu,GO,Centro-Oeste,-14.52,-48.86
2025,197,0.0,0.49,0.17,33.77,36.26,2.01,20.01,8.86,Uruaçu,GO,Centro-Oeste,-14.52,-48.86
2025,198,0.0,0.49,0.17,33.52,34.93,2.23,20.01,8.86,Uruaçu,GO,Centro-Oeste,-14.52,-48.86
2025,199,0.0,0.49,0.17,33.71,32.95,1.64,19.75,8.77,Uruaçu,GO,Centro-Oeste,-14.52,-48.86
2025,200,0.0,0.49,0.17,34.88,28.72,1.22,19.89,8.8,Uruaçu,GO,Centro-Oeste,-14.52,-48.86
2025,201,0.0,0.49,0.16,35.37,29.47,1.6,20.23,8.99,Uruaçu,GO,Centro-Oeste,-14.52,-48.86
2025,202,0.0,0.49,0.16,35.47,35.74,1.87,19.78,8.93,Uruaçu,GO,Centro-Oeste,-14.52,-48.86
2025,203,0.0,0.49,0.16,35.33,34.27,1.74,19.63,8.86,Uruaçu,GO,Centro-Oeste,-14.52,-48.86
2025,204,0.0,0.49,0.16,35.37,31.48,1.81,20.05,9.05,Uruaçu,GO,Centro-Oeste,-14.52,-48.86
2025,205,0.0,0.49,0.16,35.87,28.41,2.46,20.63,9.21,Uruaçu,GO,Centro-Oeste,-14.52,-48.86
2025,206,0.01,0.49,0.15,35.9,31.59,2.29,20.38,9.14,Uruaçu,GO,Centro-Oeste,-14.52,-48.86
2025,207,0.0,0.49,0.15,35.88,32.37,2.43,20.54,9.24,Uruaçu,GO,Centro-Oeste,-14.52,-48.86
2025,208,0.0,0.49,0.15,35.66,27.98,2.98,20.81,9.24,Uruaçu,GO,Centro-Oeste,-14.52,-48.86
2025,209,0.0,0.49,0.15,35.42,32.58,2.01,19.39,8.73,Uruaçu,GO,Centro-Oeste,-14.52,-48.86
2025,210,0.0,0.49,0.15,35.7,33.02,1.94,19.68,8.82,Uruaçu,GO,Centro-Oeste,-14.52,-48.86
2025,211,0.0,0.49,0.15,35.07,34.08,2.39,19.76,8.87,Uruaçu,GO,Centro-Oeste,-14.52,-48.86
2025,212,0.0,0.49,0.14,35.39,29.11,2.61,19.52,8.77,Uruaçu,GO,Centro-Oeste,-14.52,-48.86
2025,213,0.0,0.49,0.14,35.4,38.34,3.7,19.87,8.98,Uruaçu,GO,Centro-Oeste,-14.52,-48.86
2025,214,0.0,0.49,0.14,33.28,32.68,3.74,21.26,9.38,Uruaçu,GO,Centro-Oeste,-14.52,-48.86
2025,215,0.0,0.49,0.14,33.27,29.18,3.03,21.3,9.45,Uruaçu,GO,Centro-Oeste,-14.52,-48.86
2025,216,0.0,0.48,0.14,34.33,29.51,2.13,19.74,8.89,Uruaçu,GO,Centro-Oeste,-14.52,-48.86
2025,217,0.0,0.48,0.14,32.74,33.41,1.56,15.28,6.97,Uruaçu,GO,Centro-Oeste,-14.52,-48.86
2025,218,0.0,0.48,0.14,35.45,31.66,1.7,19.51,8.81,Uruaçu,GO,Centro-Oeste,-14.52,-48.86
2025,219,0.0,0.48,0.14,36.07,29.8,1.84,19.94,9.02,Uruaçu,GO,Centro-Oeste,-14.52,-48.86
2025,220,0.0,0.48,0.14,35.48,28.88,1.46,18.28,8.24,Uruaçu,GO,Centro-Oeste,-14.52,-48.86
2025,221,0.0,0.48,0.14,35.62,28.22,3.0,20.38,9.05,Uruaçu,GO,Centro-Oeste,-14.52,-48.86
2025,222,0.0,0.48,0.13,34.67,33.27,3.23,21.28,9.54,Uruaçu,GO,Centro-Oeste,-14.52,-48.86
2025,223,0.0,0.48,0.13,34.13,25.94,3.18,21.94,9.78,Uruaçu,GO,Centro-Oeste,-14.52,-48.86
2025,224,0.0,0.48,0.13,34.71,17.73,2.15,22.1,9.56,Uruaçu,GO,Centro-Oeste,-14.52,-48.86
2025,225,0.0,0.48,0.13,36.27,24.5,1.64,20.66,9.07,Uruaçu,GO,Centro-Oeste,-14.52,-48.86
2025,226,0.0,0.48,0.13,34.35,38.46,0.93,19.82,8.98,Uruaçu,GO,Centro-Oeste,-14.52,-48.86
2025,227,0.0,0.48,0.13,36.37,30.11,3.12,20.55,9.28,Uruaçu,GO,Centro-Oeste,-14.52,-48.86
2025,228,0.0,0.48,0.13,34.45,28.95,3.53,22.26,9.95,Uruaçu,GO,Centro-Oeste,-14.52,-48.86
2025,229,0.0,0.48,0.13,35.68,27.51,3.27,22.57,10.08,Uruaçu,GO,Centro-Oeste,-14.52,-48.86
2025,230,0.0,0.48,0.13,36.18,28.86,3.01,22.86,10.23,Uruaçu,GO,Centro-Oeste,-14.52,-48.86
2025,231,0.0,0.48,0.13,36.23,27.36,3.46,22.62,10.1,Uruaçu,GO,Centro-Oeste,-14.52,-48.86
2025,232,0.0,0.48,0.13,35.75,28.73,3.04,22.25,9.94,Uruaçu,GO,Centro-Oeste,-14.52,-48.86
2025,233,0.0,0.48,0.12,36.28,24.93,3.89,23.17,10.16,Uruaçu,GO,Centro-Oeste,-14.52,-48.86
2025,234,0.0,0.48,0.12,36.63,21.18,2.85,24.01,10.45,Uruaçu,GO,Centro-Oeste,-14.52,-48.86
2025,235,0.0,0.48,0.12,36.89,25.16,2.31,20.51,9.16,Uruaçu,GO,Centro-Oeste,-14.52,-48.86
2025,236,0.0,0.48,0.12,36.73,26.09,2.82,23.03,10.27,Uruaçu,GO,Centro-Oeste,-14.52,-48.86
2025,237,0.0,0.48,0.12,36.95,27.43,2.96,23.57,10.56,Uruaçu,GO,Centro-Oeste,-14.52,-48.86
2025,238,0.0,0.48,0.12,37.35,27.97,3.09,23.56,10.54,Uruaçu,GO,Centro-Oeste,-14.52,-48.86
2025,239,0.0,0.48,0.12,37.93,28.15,2.43,20.76,9.42,Uruaçu,GO,Centro-Oeste,-14.52,-48.86
2025,240,0.0,0.48,0.12,38.0,24.36,2.75,21.15,9.59,Uruaçu,GO,Centro-Oeste,-14.52,-48.86
2025,241,0.0,0.48,0.12,35.91,26.06,3.26,20.19,9.15,Uruaçu,GO,Centro-Oeste,-14.52,-48.86
2025,242,0.0,0.48,0.12,36.41,27.5,3.59,20.69,9.33,Uruaçu,GO,Centro-Oeste,-14.52,-48.86
2025,243,0.0,0.48,0.12,36.35,27.82,2.94,20.26,9.2,Uruaçu,GO,Centro-Oeste,-14.52,-48.86
2025,244,0.0,0.48,0.12,36.37,27.61,3.89,21.81,9.93,Uruaçu,GO,Centro-Oeste,-14.52,-48.86
2025,245,0.0,0.48,0.12,35.61,30.36,4.72,22.77,10.28,Uruaçu,GO,Centro-Oeste,-14.52,-48.86
2025,246,0.0,0.48,0.12,34.97,33.16,3.91,23.3,10.48,Uruaçu,GO,Centro-Oeste,-14.52,-48.86
2025,247,0.0,0.48,0.11,34.62,34.05,3.09,22.29,10.1,Uruaçu,GO,Centro-Oeste,-14.52,-48.86
2025,248,0.0,0.48,0.11,36.09,30.36,2.52,21.15,9.6,Uruaçu,GO,Centro-Oeste,-14.52,-48.86
2025,249,0.0,0.48,0.11,37.8,27.13,1.79,22.53,10.14,Uruaçu,GO,Centro-Oeste,-14.52,-48.86
2025,250,0.0,0.48,0.11,37.98,22.74,2.81,23.82,10.65,Uruaçu,GO,Centro-Oeste,-14.52,-48.86
2025,251,0.0,0.48,0.11,37.42,20.16,3.31,24.87,11.06,Uruaçu,GO,Centro-Oeste,-14.52,-48.86
2025,252,0.0,0.48,0.11,38.8,21.27,2.38,24.47,10.91,Uruaçu,GO,Centro-Oeste,-14.52,-48.86
2025,253,0.0,0.48,0.11,39.32,23.91,2.09,23.44,10.47,Uruaçu,GO,Centro-Oeste,-14.52,-48.86
2025,254,0.0,0.48,0.11,39.99,21.36,3.15,22.55,10.04,Uruaçu,GO,Centro-Oeste,-14.52,-48.86
2025,255,0.0,0.48,0.11,40.31,20.72,2.28,23.35,10.33,Uruaçu,GO,Centro-Oeste,-14.52,-48.86
2025,256,0.0,0.48,0.11,39.49,22.1,1.78,23.75,10.64,Uruaçu,GO,Centro-Oeste,-14.52,-48.86
2025,257,3.03,0.48,0.15,37.88,26.56,1.38,19.24,8.69,Uruaçu,GO,Centro-Oeste,-14.52,-48.86
2025,258,0.13,0.49,0.23,37.53,29.02,1.89,21.88,9.92,Uruaçu,GO,Centro-Oeste,-14.52,-48.86
2025,259,0.0,0.49,0.22,37.76,26.16,1.72,19.33,8.81,Uruaçu,GO,Centro-Oeste,-14.52,-48.86
2025,260,0.0,0.49,0.21,36.24,27.68,1.37,19.03,8.72,Uruaçu,GO,Centro-Oeste,-14.52,-48.86
2025,261,0.01,0.49,0.2,37.46,30.23,2.01,17.21,7.96,Uruaçu,GO,Centro-Oeste,-14.52,-48.86
2025,262,1.35,0.49,0.22,36.05,35.31,2.57,17.54,8.07,Uruaçu,GO,Centro-Oeste,-14.52,-48.86
2025,263,0.5,0.49,0.25,36.75,36.03,2.07,14.03,6.59,Uruaçu,GO,Centro-Oeste,-14.52,-48.86
2025,264,0.01,0.49,0.24,39.53,30.84,2.29,22.24,10.12,Uruaçu,GO,Centro-Oeste,-14.52,-48.86
2025,265,0.13,0.49,0.23,37.34,39.6,2.94,19.82,9.08,Uruaçu,GO,Centro-Oeste,-14.52,-48.86
2025,266,1.24,0.49,0.25,37.31,42.08,1.54,15.77,7.38,Uruaçu,GO,Centro-Oeste,-14.52,-48.86
2025,267,1.46,0.49,0.28,36.79,41.62,2.93,12.39,5.88,Uruaçu,GO,Centro-Oeste,-14.52,-48.86
2025,268,0.23,0.49,0.3,37.95,43.06,3.46,22.37,10.29,Uruaçu,GO,Centro-Oeste,-14.52,-48.86
2025,269,0.01,0.49,0.27,36.49,36.16,4.09,23.89,10.83,Uruaçu,GO,Centro-Oeste,-14.52,-48.86
2025,270,0.0,0.49,0.26,36.84,32.46,3.56,25.26,11.36,Uruaçu,GO,Centro-Oeste,-14.52,-48.86
2025,271,0.0,0.49,0.24,37.82,27.7,2.7,26.19,11.72,Uruaçu,GO,Centro-Oeste,-14.52,-48.86
2025,272,0.0,0.49,0.22,39.26,20.72,2.98,27.32,12.05,Uruaçu,GO,Centro-Oeste,-14.52,-48.86
2025,273,0.0,0.49,0.21,39.37,16.32,3.54,27.95,12.1,Uruaçu,GO,Centro-Oeste,-14.52,-48.86
2025,274,0.0,0.49,0.2,39.63,20.11,3.53,25.56,11.28,Uruaçu,GO,Centro-Oeste,-14.52,-48.86
2025,275,0.0,0.49,0.19,39.17,21.91,3.72,26.88,11.96,Uruaçu,GO,Centro-Oeste,-14.52,-48.86
2025,276,0.0,0.49,0.18,38.7,21.56,3.4,27.75,12.27,Uruaçu,GO,Centro-Oeste,-14.52,-48.86
2025,277,0.0,0.49,0.18,38.15,24.94,4.41,27.04,12.0,Uruaçu,GO,Centro-Oeste,-14.52,-48.86
2025,278,0.0,0.49,0.17,37.46,29.75,3.56,23.22,10.46,Uruaçu,GO,Centro-Oeste,-14.52,-48.86
2025,279,0.0,0.49,0.17,39.75,26.31,2.28,25.73,11.53,Uruaçu,GO,Centro-Oeste,-14.52,-48.86
2025,280,0.0,0.49,0.16,40.72,24.14,1.54,24.21,10.95,Uruaçu,GO,Centro-Oeste,-14.52,-48.86
2025,281,0.0,0.49,0.16,41.42,23.04,1.99,23.75,10.75,Uruaçu,GO,Centro-Oeste,-14.52,-48.86
2025,282,0.01,0.49,0.15,39.3,24.85,2.25,24.45,11.17,Uruaçu,GO,Centro-Oeste,-14.52,-48.86
2025,283,0.03,0.49,0.15,39.12,24.9,2.06,24.28,11.01,Uruaçu,GO,Centro-Oeste,-14.52,-48.86
2025,284,0.0,0.49,0.15,39.09,25.69,2.21,18.82,8.66,Uruaçu,GO,Centro-Oeste,-14.52,-48.86
2025,285,2.58,0.49,0.2,36.06,36.17,2.68,16.4,7.6,Uruaçu,GO,Centro-Oeste,-14.52,-48.86
2025,286,1.15,0.49,0.26,36.46,45.07,1.11,22.04,10.13,Uruaçu,GO,Centro-Oeste,-14.52,-48.86
2025,287,7.87,0.5,0.43,34.94,53.76,1.71,21.13,9.8,Uruaçu,GO,Centro-Oeste,-14.52,-48.86
2025,288,1.32,0.5,0.47,36.47,52.05,1.9,18.93,8.83,Uruaçu,GO,Centro-Oeste,-14.52,-48.86
2025,289,0.03,0.5,0.42,38.57,44.34,2.08,24.42,11.24,Uruaçu,GO,Centro-Oeste,-14.52,-48.86
2025,290,0.5,0.5,0.36,39.15,37.17,1.83,24.82,11.4,Uruaçu,GO,Centro-Oeste,-14.52,-48.86
2025,291,24.39,0.52,0.53,35.82,56.12,2.3,20.99,9.77,Uruaçu,GO,Centro-Oeste,-14.52,-48.86
2025,292,18.84,0.55,0.63,33.39,69.17,2.32,22.78,10.46,Uruaçu,GO,Centro-Oeste,-14.52,-48.86
2025,293,7.0,0.57,0.62,32.06,70.75,1.9,16.71,7.84,Uruaçu,GO,Centro-Oeste,-14.52,-48.86
2025,294,2.95,0.57,0.58,30.33,67.08,3.62,19.31,8.99,Uruaçu,GO,Centro-Oeste,-14.52,-48.86
2025,295,0.07,0.56,0.54,32.57,55.64,3.94,25.94,11.8,Uruaçu,GO,Centro-Oeste,-14.52,-48.86
2025,296,0.06,0.55,0.52,33.06,53.59,3.7,28.15,12.71,Uruaçu,GO,Centro-Oeste,-14.52,-48.86
2025,297,0.04,0.55,0.51,34.02,52.17,3.43,27.75,12.66,Uruaçu,GO,Centro-Oeste,-14.52,-48.86
2025,298,0.06,0.54,0.5,34.98,48.8,2.57,25.5,11.65,Uruaçu,GO,Centro-Oeste,-14.52,-48.86
2025,299,0.07,0.53,0.49,35.41,49.4,2.75,24.34,11.16,Uruaçu,GO,Centro-Oeste,-14.52,-48.86
2025,300,0.04,0.53,0.49,36.41,48.48,2.73,22.6,10.44,Uruaçu,GO,Centro-Oeste,-14.52,-48.86
2025,301,0.0,0.52,0.48,37.59,44.4,2.62,24.75,11.33,Uruaçu,GO,Centro-Oeste,-14.52,-48.86
2025,302,0.04,0.52,0.47,38.47,40.72,2.06,24.88,11.35,Uruaçu,GO,Centro-Oeste,-14.52,-48.86
2025,303,0.2,0.51,0.47,38.39,47.05,1.95,22.73,10.47,Uruaçu,GO,Centro-Oeste,-14.52,-48.86
2025,304,6.06,0.52,0.52,34.77,54.95,3.48,15.11,7.11,Uruaçu,GO,Centro-Oeste,-14.52,-48.86
2025,305,2.11,0.52,0.5,34.36,57.93,2.48,16.68,7.83,Uruaçu,GO,Centro-Oeste,-14.52,-48.86
2025,306,4.56,0.52,0.52,35.13,61.32,1.56,18.62,8.71,Uruaçu,GO,Centro-Oeste,-14.52,-48.86
2025,307,7.12,0.53,0.57,32.41,65.06,1.8,9.12,4.43,Uruaçu,GO,Centro-Oeste,-14.52,-48.86
2025,308,1.1,0.53,0.52,32.25,68.05,1.53,16.74,7.87,Uruaçu,GO,Centro-Oeste,-14.52,-48.86
2025,309,0.59,0.52,0.49,37.47,57.18,1.32,19.69,9.14,Uruaçu,GO,Centro-Oeste,-14.52,-48.86
2025,310,0.04,0.52,0.48,37.3,55.28,1.43,23.84,11.12,Uruaçu,GO,Centro-Oeste,-14.52,-48.86
2025,311,0.04,0.51,0.48,35.94,55.25,2.05,20.26,9.44,Uruaçu,GO,Centro-Oeste,-14.52,-48.86
2025,312,2.67,0.51,0.5,34.08,61.8,1.98,13.64,6.48,Uruaçu,GO,Centro-Oeste,-14.52,-48.86
2025,313,9.84,0.52,0.57,31.54,69.31,1.67,18.69,8.8,Uruaçu,GO,Centro-Oeste,-14.52,-48.86
2025,314,1.46,0.53,0.51,35.56,62.64,1.89,22.88,10.73,Uruaçu,GO,Centro-Oeste,-14.52,-48.86
2025,315,1.5,0.52,0.51,31.87,67.08,1.59,20.7,9.67,Uruaçu,GO,Centro-Oeste,-14.52,-48.86
2025,316,1.4,0.52,0.51,34.09,63.7,2.18,20.79,9.7,Uruaçu,GO,Centro-Oeste,-14.52,-48.86
2025,317,0.07,0.52,0.48,37.21,49.46,2.21,26.99,12.36,Uruaçu,GO,Centro-Oeste,-14.52,-48.86
2025,318,0.01,0.51,0.47,37.3,47.96,2.39,27.39,12.57,Uruaçu,GO,Centro-Oeste,-14.52,-48.86
2025,319,0.0,0.51,0.45,37.35,42.86,1.32,27.55,12.69,Uruaçu,GO,Centro-Oeste,-14.52,-48.86
2025,320,0.0,0.5,0.43,38.33,41.23,1.9,24.98,11.45,Uruaçu,GO,Centro-Oeste,-14.52,-48.86
2025,321,0.34,0.5,0.39,39.64,39.9,1.65,16.6,7.72,Uruaçu,GO,Centro-Oeste,-14.52,-48.86
2025,322,0.31,0.5,0.35,39.83,38.4,2.6,23.13,10.49,Uruaçu,GO,Centro-Oeste,-14.52,-48.86
2025,323,0.0,0.49,0.33,38.38,42.76,2.89,23.86,11.03,Uruaçu,GO,Centro-Oeste,-14.52,-48.86
2025,324,0.0,0.49,0.3,39.59,28.61,1.79,28.78,12.86,Uruaçu,GO,Centro-Oeste,-14.52,-48.86
2025,325,0.44,0.49,0.28,38.2,37.14,2.37,20.79,9.67,Uruaçu,GO,Centro-Oeste,-14.52,-48.86
2025,326,1.26,0.49,0.29,33.34,52.71,2.9,19.98,9.33,Uruaçu,GO,Centro-Oeste,-14.52,-48.86
2025,327,8.85,0.5,0.44,33.13,62.07,0.84,18.12,8.54,Uruaçu,GO,Centro-Oeste,-14.52,-48.86
2025,328,10.54,0.51,0.56,34.5,64.83,1.46,19.1,9.05,Uruaçu,GO,Centro-Oeste,-14.52,-48.86
2025,329,5.51,0.53,0.56,32.37,73.36,2.19,17.97,8.37,Uruaçu,GO,Centro-Oeste,-14.52,-48.86
2025,330,2.83,0.53,0.53,33.41,68.08,0.96,15.53,7.34,Uruaçu,GO,Centro-Oeste,-14.52,-48.86
2025,331,4.31,0.52,0.52,34.61,62.08,1.47,24.81,11.51,Uruaçu,GO,Centro-Oeste,-14.52,-48.86
2025,332,13.74,0.54,0.62,31.9,73.2,1.24,17.74,8.32,Uruaçu,GO,Centro-Oeste,-14.52,-48.86
2025,333,2.1,0.55,0.54,35.29,63.07,1.19,26.75,12.25,Uruaçu,GO,Centro-Oeste,-14.52,-48.86
2025,334,1.06,0.54,0.51,35.98,60.88,0.77,22.34,10.42,Uruaçu,GO,Centro-Oeste,-14.52,-48.86
2025,335,3.97,0.54,0.53,34.86,64.8,1.52,19.93,9.37,Uruaçu,GO,Centro-Oeste,-14.52,-48.86
2025,336,10.9,0.54,0.59,31.49,72.34,1.49,10.97,5.33,Uruaçu,GO,Centro-Oeste,-14.52,-48.86
2025,337,8.3,0.55,0.56,32.14,71.36,1.58,18.0,8.57,Uruaçu,GO,Centro-Oeste,-14.52,-48.86
2025,338,23.73,0.58,0.72,25.89,86.65,1.12,8.51,4.31,Uruaçu,GO,Centro-Oeste,-14.52,-48.86
2025,339,58.47,0.65,0.85,26.92,87.39,1.62,15.73,7.56,Uruaçu,GO,Centro-Oeste,-14.52,-48.86
2025,340,12.31,0.7,0.78,27.72,86.83,1.85,9.44,4.7,Uruaçu,GO,Centro-Oeste,-14.52,-48.86
2025,341,10.59,0.7,0.77,26.02,86.99,2.62,18.01,8.56,Uruaçu,GO,Centro-Oeste,-14.52,-48.86
2025,342,7.1,0.7,0.76,27.52,83.49,1.89,12.26,5.98,Uruaçu,GO,Centro-Oeste,-14.52,-48.86
2025,343,18.95,0.71,0.81,25.98,88.47,1.97,17.02,8.14,Uruaçu,GO,Centro-Oeste,-14.52,-48.86
2025,344,1.42,0.72,0.75,27.92,84.47,1.97,18.07,8.58,Uruaçu,GO,Centro-Oeste,-14.52,-48.86
2025,345,0.34,0.7,0.73,29.47,81.35,1.9,21.5,10.12,Uruaçu,GO,Centro-Oeste,-14.52,-48.86
2025,346,0.9,0.69,0.73,29.24,81.26,1.15,21.08,9.93,Uruaçu,GO,Centro-Oeste,-14.52,-48.86
2025,347,0.52,0.69,0.73,27.83,83.09,0.73,17.56,8.32,Uruaçu,GO,Centro-Oeste,-14.52,-48.86
2025,348,0.55,0.68,0.72,28.28,77.22,0.4,16.75,7.94,Uruaçu,GO,Centro-Oeste,-14.52,-48.86
2025,349,1.91,0.68,0.73,28.55,84.42,0.91,15.46,7.41,Uruaçu,GO,Centro-Oeste,-14.52,-48.86
2025,350,12.0,0.68,0.76,28.55,80.0,0.81,12.9,6.24,Uruaçu,GO,Centro-Oeste,-14.52,-48.86
2025,351,2.15,0.69,0.73,29.82,79.9,1.12,19.4,9.12,Uruaçu,GO,Centro-Oeste,-14.52,-48.86
2025,352,4.34,0.69,0.74,26.02,88.91,1.61,17.32,8.27,Uruaçu,GO,Centro-Oeste,-14.52,-48.86
2025,353,2.27,0.68,0.73,28.24,85.29,1.27,16.92,8.09,Uruaçu,GO,Centro-Oeste,-14.52,-48.86
2025,354,2.2,0.68,0.72,28.67,84.8,1.49,14.84,7.19,Uruaçu,GO,Centro-Oeste,-14.52,-48.86
2025,355,0.52,0.67,0.7,29.7,81.12,1.22,19.47,9.24,Uruaçu,GO,Centro-Oeste,-14.52,-48.86
2025,356,1.89,0.66,0.7,30.05,77.42,2.26,24.05,11.18,Uruaçu,GO,Centro-Oeste,-14.52,-48.86
2025,357,0.68,0.65,0.68,29.3,78.06,2.13,24.35,11.33,Uruaçu,GO,Centro-Oeste,-14.52,-48.86
2025,358,0.08,0.64,0.66,30.81,73.21,2.15,25.93,12.04,Uruaçu,GO,Centro-Oeste,-14.52,-48.86
2025,359,0.01,0.62,0.65,31.44,71.12,1.25,24.44,11.32,Uruaçu,GO,Centro-Oeste,-14.52,-48.86
2025,360,0.0,0.61,0.63,31.92,68.71,1.35,25.89,12.03,Uruaçu,GO,Centro-Oeste,-14.52,-48.86
2025,361,0.06,0.6,0.6,33.97,63.61,1.38,28.02,12.9,Uruaçu,GO,Centro-Oeste,-14.52,-48.86
2025,362,3.86,0.59,0.62,32.25,61.64,0.82,24.57,11.45,Uruaçu,GO,Centro-Oeste,-14.52,-48.86
2025,363,0.09,0.59,0.58,34.89,60.25,1.15,23.78,11.03,Uruaçu,GO,Centro-Oeste,-14.52,-48.86
2025,364,3.9,0.58,0.59,33.75,69.31,0.95,21.72,10.23,Uruaçu,GO,Centro-Oeste,-14.52,-48.86
2025,365,1.14,0.58,0.59,32.5,70.5,1.3,21.3,-999.0,Uruaçu,GO,Centro-Oeste,-14.52,-48.86
2026,1,0.1,0.57,0.56,34.52,64.29,1.26,24.97,-999.0,Uruaçu,GO,Centro-Oeste,-14.52,-48.86
2026,2,8.18,0.57,0.59,33.85,70.6,1.89,22.94,-999.0,Uruaçu,GO,Centro-Oeste,-14.52,-48.86
2026,3,14.81,0.59,0.67,29.76,81.36,1.95,24.14,-999.0,Uruaçu,GO,Centro-Oeste,-14.52,-48.86
2026,4,9.42,0.61,0.7,26.17,89.15,1.64,11.01,-999.0,Uruaçu,GO,Centro-Oeste,-14.52,-48.86
2026,5,8.24,0.61,0.69,27.61,84.4,2.06,6.32,-999.0,Uruaçu,GO,Centro-Oeste,-14.52,-48.86
2026,6,12.68,0.62,0.71,26.45,85.31,1.99,14.58,-999.0,Uruaçu,GO,Centro-Oeste,-14.52,-48.86
2026,7,1.65,0.63,0.68,26.29,86.26,1.59,15.71,-999.0,Uruaçu,GO,Centro-Oeste,-14.52,-48.86
2026,8,2.58,0.62,0.67,30.54,79.65,2.19,23.26,-999.0,Uruaçu,GO,Centro-Oeste,-14.52,-48.86
2026,9,0.18,0.61,0.64,31.94,71.28,1.81,24.95,-999.0,Uruaçu,GO,Centro-Oeste,-14.52,-48.86
2026,10,2.75,0.6,0.62,32.63,67.45,1.95,27.78,-999.0,Uruaçu,GO,Centro-Oeste,-14.52,-48.86
2026,11,0.69,0.6,0.6,33.3,67.15,2.09,26.21,-999.0,Uruaçu,GO,Centro-Oeste,-14.52,-48.86
2026,12,2.45,0.59,0.59,32.38,68.3,1.12,14.31,-999.0,Uruaçu,GO,Centro-Oeste,-14.52,-48.86
2026,13,3.71,0.59,0.61,28.76,76.14,0.88,24.63,-999.0,Uruaçu,GO,Centro-Oeste,-14.52,-48.86
2026,14,0.65,0.58,0.58,31.37,66.55,2.07,19.46,-999.0,Uruaçu,GO,Centro-Oeste,-14.52,-48.86
2026,15,0.22,0.57,0.56,33.29,66.85,2.56,26.57,-999.0,Uruaçu,GO,Centro-Oeste,-14.52,-48.86
2026,16,0.02,0.57,0.54,35.34,57.99,2.06,28.21,-999.0,Uruaçu,GO,Centro-Oeste,-14.52,-48.86
2026,17,0.07,0.56,0.52,35.98,53.8,1.69,28.23,-999.0,Uruaçu,GO,Centro-Oeste,-14.52,-48.86
2026,18,4.21,0.55,0.54,34.93,61.35,1.55,9.88,-999.0,Uruaçu,GO,Centro-Oeste,-14.52,-48.86
2026,19,12.07,0.56,0.61,30.39,74.26,1.39,11.74,-999.0,Uruaçu,GO,Centro-Oeste,-14.52,-48.86
2026,20,7.8,0.58,0.64,27.77,81.45,1.54,10.8,-999.0,Uruaçu,GO,Centro-Oeste,-14.52,-48.86
2026,21,2.39,0.58,0.6,28.2,85.18,1.77,13.93,-999.0,Uruaçu,GO,Centro-Oeste,-14.52,-48.86
2026,22,8.12,0.58,0.62,29.78,79.57,1.53,14.4,-999.0,Uruaçu,GO,Centro-Oeste,-14.52,-48.86
2026,23,15.08,0.59,0.68,30.36,80.59,1.72,1.75,-999.0,Uruaçu,GO,Centro-Oeste,-14.52,-48.86
2026,24,9.84,0.6,0.68,30.2,79.96,1.53,15.53,-999.0,Uruaçu,GO,Centro-Oeste,-14.52,-48.86
2026,25,11.74,0.62,0.71,29.75,78.54,1.4,9.27,-999.0,Uruaçu,GO,Centro-Oeste,-14.52,-48.86
2026,26,0.08,0.61,0.64,32.31,71.48,1.94,27.56,-999.0,Uruaçu,GO,Centro-Oeste,-14.52,-48.86
2026,27,1.4,0.6,0.61,33.43,65.38,1.74,25.58,-999.0,Uruaçu,GO,Centro-Oeste,-14.52,-48.86
2026,28,4.19,0.59,0.61,32.08,70.44,1.79,22.11,-999.0,Uruaçu,GO,Centro-Oeste,-14.52,-48.86
2026,29,0.95,0.59,0.6,31.45,72.9,1.04,7.87,-999.0,Uruaçu,GO,Centro-Oeste,-14.52,-48.86
2026,30,6.15,0.59,0.62,30.14,72.82,1.28,19.07,-999.0,Uruaçu,GO,Centro-Oeste,-14.52,-48.86
2026,31,5.23,0.59,0.62,31.69,73.88,1.42,25.08,-999.0,Uruaçu,GO,Centro-Oeste,-14.52,-48.86
2026,32,5.36,0.59,0.64,29.88,78.53,1.42,22.98,-999.0,Uruaçu,GO,Centro-Oeste,-14.52,-48.86
2026,33,21.46,0.6,0.69,29.55,81.15,1.55,17.58,-999.0,Uruaçu,GO,Centro-Oeste,-14.52,-48.86
2026,34,2.61,0.62,0.68,28.81,82.5,1.6,14.96,-999.0,Uruaçu,GO,Centro-Oeste,-14.52,-48.86
2026,35,0.84,0.61,0.65,30.1,80.38,1.17,22.53,-999.0,Uruaçu,GO,Centro-Oeste,-14.52,-48.86
2026,36,0.77,0.6,0.63,29.79,79.41,1.27,24.86,-999.0,Uruaçu,GO,Centro-Oeste,-14.52,-48.86
2026,37,2.22,0.6,0.62,31.27,75.86,1.04,23.17,-999.0,Uruaçu,GO,Centro-Oeste,-14.52,-48.86
2026,38,2.35,0.59,0.61,31.01,76.72,1.48,25.91,-999.0,Uruaçu,GO,Centro-Oeste,-14.52,-48.86
2026,39,1.93,0.59,0.6,30.94,78.06,2.04,22.51,-999.0,Uruaçu,GO,Centro-Oeste,-14.52,-48.86
2026,40,3.63,0.59,0.6,28.94,81.01,2.23,18.93,-999.0,Uruaçu,GO,Centro-Oeste,-14.52,-48.86
2026,41,9.96,0.59,0.65,27.57,85.51,1.37,15.32,-999.0,Uruaçu,GO,Centro-Oeste,-14.52,-48.86
2026,42,9.83,0.61,0.7,26.88,84.11,0.86,15.04,-999.0,Uruaçu,GO,Centro-Oeste,-14.52,-48.86
2026,43,1.56,0.61,0.64,30.54,73.87,1.75,16.76,-999.0,Uruaçu,GO,Centro-Oeste,-14.52,-48.86
2026,44,2.85,0.6,0.62,31.9,67.49,1.44,27.1,-999.0,Uruaçu,GO,Centro-Oeste,-14.52,-48.86
2026,45,3.24,0.6,0.62,33.83,65.6,1.67,24.76,-999.0,Uruaçu,GO,Centro-Oeste,-14.52,-48.86
2026,46,1.92,0.59,0.6,31.03,70.71,1.42,16.32,-999.0,Uruaçu,GO,Centro-Oeste,-14.52,-48.86
2026,47,0.42,0.58,0.58,33.75,67.02,1.63,21.55,-999.0,Uruaçu,GO,Centro-Oeste,-14.52,-48.86
2026,48,0.65,0.57,0.56,34.88,58.53,1.74,26.08,-999.0,Uruaçu,GO,Centro-Oeste,-14.52,-48.86
2026,49,0.76,0.57,0.54,33.61,63.37,1.39,19.84,-999.0,Uruaçu,GO,Centro-Oeste,-14.52,-48.86
2026,50,1.06,0.56,0.54,32.8,68.87,1.51,18.04,-999.0,Uruaçu,GO,Centro-Oeste,-14.52,-48.86
2026,51,3.89,0.56,0.56,30.79,74.72,1.85,17.4,-999.0,Uruaçu,GO,Centro-Oeste,-14.52,-48.86
2026,52,3.06,0.56,0.55,31.56,75.41,2.08,12.21,-999.0,Uruaçu,GO,Centro-Oeste,-14.52,-48.86
2026,53,5.86,0.56,0.59,26.77,85.13,1.47,14.08,-999.0,Uruaçu,GO,Centro-Oeste,-14.52,-48.86
2026,54,13.51,0.58,0.65,28.26,83.33,2.0,11.68,-999.0,Uruaçu,GO,Centro-Oeste,-14.52,-48.86
2026,55,5.0,0.59,0.62,27.9,83.42,1.86,17.72,-999.0,Uruaçu,GO,Centro-Oeste,-14.52,-48.86
2026,56,8.34,0.59,0.64,28.83,84.31,2.6,12.31,-999.0,Uruaçu,GO,Centro-Oeste,-14.52,-48.86
2026,57,12.4,0.61,0.7,25.62,90.25,2.84,14.89,-999.0,Uruaçu,GO,Centro-Oeste,-14.52,-48.86
2026,58,21.72,0.62,0.75,28.34,88.3,2.74,10.58,-999.0,Uruaçu,GO,Centro-Oeste,-14.52,-48.86
2026,59,9.87,0.65,0.73,28.78,87.52,3.05,16.23,-999.0,Uruaçu,GO,Centro-Oeste,-14.52,-48.86
2026,60,1.52,0.64,0.69,28.82,82.38,1.23,19.78,-999.0,Uruaçu,GO,Centro-Oeste,-14.52,-48.86
2026,61,0.37,0.63,0.66,30.17,80.33,1.33,22.95,-999.0,Uruaçu,GO,Centro-Oeste,-14.52,-48.86
2026,62,0.62,0.62,0.65,30.4,79.8,1.15,23.11,-999.0,Uruaçu,GO,Centro-Oeste,-14.52,-48.86
2026,63,6.73,0.62,0.68,30.79,76.62,1.16,22.51,-999.0,Uruaçu,GO,Centro-Oeste,-14.52,-48.86
2026,64,1.21,0.61,0.65,31.45,79.2,1.48,23.08,-999.0,Uruaçu,GO,Centro-Oeste,-14.52,-48.86
2026,65,17.61,0.62,0.73,27.85,87.43,2.33,15.71,-999.0,Uruaçu,GO,Centro-Oeste,-14.52,-48.86
2026,66,4.34,0.64,0.71,29.15,77.89,0.88,18.22,-999.0,Uruaçu,GO,Centro-Oeste,-14.52,-48.86
2026,67,7.66,0.63,0.7,30.03,80.6,1.24,8.25,-999.0,Uruaçu,GO,Centro-Oeste,-14.52,-48.86
2026,68,0.88,0.64,0.68,29.81,80.62,0.96,21.69,-999.0,Uruaçu,GO,Centro-Oeste,-14.52,-48.86
2026,69,0.21,0.62,0.65,31.55,75.56,1.02,19.9,-999.0,Uruaçu,GO,Centro-Oeste,-14.52,-48.86
2026,70,9.07,0.62,0.69,31.25,75.79,1.04,9.63,-999.0,Uruaçu,GO,Centro-Oeste,-14.52,-48.86
2026,71,5.01,0.62,0.68,29.6,82.1,0.97,3.71,-999.0,Uruaçu,GO,Centro-Oeste,-14.52,-48.86
2026,72,2.52,0.62,0.67,30.21,81.44,1.45,19.82,-999.0,Uruaçu,GO,Centro-Oeste,-14.52,-48.86
2026,73,2.71,0.62,0.66,28.4,82.31,1.15,21.38,-999.0,Uruaçu,GO,Centro-Oeste,-14.52,-48.86
2026,74,4.17,0.61,0.67,29.33,82.71,1.07,18.93,-999.0,Uruaçu,GO,Centro-Oeste,-14.52,-48.86
2026,75,4.75,0.61,0.66,31.57,78.59,0.83,13.82,-999.0,Uruaçu,GO,Centro-Oeste,-14.52,-48.86
2026,76,7.49,0.62,0.7,28.64,81.75,0.62,8.25,-999.0,Uruaçu,GO,Centro-Oeste,-14.52,-48.86
2026,77,3.04,0.62,0.68,28.73,85.19,1.22,14.89,-999.0,Uruaçu,GO,Centro-Oeste,-14.52,-48.86
2026,78,1.45,0.62,0.66,28.24,85.08,1.02,20.46,-999.0,Uruaçu,GO,Centro-Oeste,-14.52,-48.86
2026,79,3.75,0.61,0.67,29.55,79.88,1.01,17.16,-999.0,Uruaçu,GO,Centro-Oeste,-14.52,-48.86
2026,80,1.54,0.61,0.65,29.36,80.96,1.08,17.5,-999.0,Uruaçu,GO,Centro-Oeste,-14.52,-48.86
2026,81,6.12,0.61,0.67,30.65,80.83,0.8,15.58,-999.0,Uruaçu,GO,Centro-Oeste,-14.52,-48.86
2026,82,12.68,0.62,0.71,29.85,82.86,1.29,22.78,-999.0,Uruaçu,GO,Centro-Oeste,-14.52,-48.86
2026,83,3.54,0.62,0.68,29.67,82.45,1.3,18.75,-999.0,Uruaçu,GO,Centro-Oeste,-14.52,-48.86
2026,84,3.88,0.62,0.67,28.12,84.72,1.23,11.05,-999.0,Uruaçu,GO,Centro-Oeste,-14.52,-48.86
2026,85,3.75,0.62,0.66,27.57,81.73,1.44,19.5,-999.0,Uruaçu,GO,Centro-Oeste,-14.52,-48.86
2026,86,0.7,0.61,0.65,30.64,76.76,2.84,20.82,-999.0,Uruaçu,GO,Centro-Oeste,-14.52,-48.86
2026,87,0.05,0.6,0.61,32.02,68.54,3.05,24.43,-999.0,Uruaçu,GO,Centro-Oeste,-14.52,-48.86
2026,88,0.39,0.59,0.59,31.99,68.07,2.49,22.74,-999.0,Uruaçu,GO,Centro-Oeste,-14.52,-48.86
2026,89,0.52,0.58,0.57,32.41,65.23,1.71,24.04,-999.0,Uruaçu,GO,Centro-Oeste,-14.52,-48.86
2026,90,2.26,0.57,0.57,32.3,67.86,1.67,22.05,-999.0,Uruaçu,GO,Centro-Oeste,-14.52,-48.86
2026,91,8.9,0.58,0.62,31.38,72.07,1.02,14.36,-999.0,Uruaçu,GO,Centro-Oeste,-14.52,-48.86
