YEAR,DOY,PRECTOTCORR,GWETROOT,GWETTOP,T2M_MAX,RH2M,WS2M,ALLSKY_SFC_SW_DWN,ALLSKY_SFC_PAR_TOT,CIDADE,ESTADO,REGIAO,LATITUDE,LONGITUDE
2015,1,0.01,0.6,0.44,37.05,46.39,3.76,27.03,12.61,Cabrobó,PE,Nordeste,-8.51,-39.3
2015,2,0.64,0.6,0.4,35.54,52.57,3.14,20.43,9.68,Cabrobó,PE,Nordeste,-8.51,-39.3
2015,3,0.57,0.6,0.38,37.03,45.13,3.39,27.03,12.56,Cabrobó,PE,Nordeste,-8.51,-39.3
2015,4,0.88,0.6,0.38,35.31,45.69,2.57,22.06,10.3,Cabrobó,PE,Nordeste,-8.51,-39.3
2015,5,0.32,0.6,0.37,33.9,51.6,2.62,19.53,9.55,Cabrobó,PE,Nordeste,-8.51,-39.3
2015,6,0.02,0.6,0.35,36.17,47.39,3.7,24.45,11.62,Cabrobó,PE,Nordeste,-8.51,-39.3
2015,7,0.05,0.59,0.33,36.28,49.89,4.5,21.93,10.47,Cabrobó,PE,Nordeste,-8.51,-39.3
2015,8,0.01,0.59,0.32,35.11,49.12,4.6,21.63,10.39,Cabrobó,PE,Nordeste,-8.51,-39.3
2015,9,0.01,0.59,0.31,37.13,45.57,4.54,27.88,12.94,Cabrobó,PE,Nordeste,-8.51,-39.3
2015,10,0.05,0.59,0.29,37.57,45.67,4.6,27.2,12.69,Cabrobó,PE,Nordeste,-8.51,-39.3
2015,11,0.5,0.59,0.29,37.98,50.02,4.97,27.38,12.8,Cabrobó,PE,Nordeste,-8.51,-39.3
2015,12,0.02,0.59,0.29,37.48,48.02,4.94,23.83,11.29,Cabrobó,PE,Nordeste,-8.51,-39.3
2015,13,0.0,0.59,0.28,36.39,45.82,4.97,26.87,12.49,Cabrobó,PE,Nordeste,-8.51,-39.3
2015,14,0.0,0.59,0.27,35.77,46.44,4.32,27.46,12.7,Cabrobó,PE,Nordeste,-8.51,-39.3
2015,15,0.0,0.59,0.27,34.37,49.05,3.78,23.06,10.72,Cabrobó,PE,Nordeste,-8.51,-39.3
2015,16,0.0,0.59,0.26,35.85,47.74,3.63,25.73,11.97,Cabrobó,PE,Nordeste,-8.51,-39.3
2015,17,0.0,0.59,0.26,37.68,44.0,4.21,26.39,12.32,Cabrobó,PE,Nordeste,-8.51,-39.3
2015,18,0.0,0.59,0.25,38.13,42.23,4.28,27.44,12.77,Cabrobó,PE,Nordeste,-8.51,-39.3
2015,19,0.01,0.59,0.24,36.87,41.95,4.08,26.87,12.49,Cabrobó,PE,Nordeste,-8.51,-39.3
2015,20,0.11,0.59,0.24,37.27,43.37,3.81,26.27,12.16,Cabrobó,PE,Nordeste,-8.51,-39.3
2015,21,0.88,0.59,0.24,34.61,49.57,3.45,20.88,9.86,Cabrobó,PE,Nordeste,-8.51,-39.3
2015,22,1.99,0.59,0.31,31.28,52.27,2.29,18.84,8.89,Cabrobó,PE,Nordeste,-8.51,-39.3
2015,23,0.13,0.59,0.32,35.05,42.97,3.59,21.56,10.11,Cabrobó,PE,Nordeste,-8.51,-39.3
2015,24,1.34,0.59,0.31,37.03,52.74,3.85,20.94,9.83,Cabrobó,PE,Nordeste,-8.51,-39.3
2015,25,0.63,0.59,0.35,36.45,52.79,2.97,21.93,10.31,Cabrobó,PE,Nordeste,-8.51,-39.3
2015,26,0.01,0.59,0.33,37.39,44.88,3.23,23.59,10.86,Cabrobó,PE,Nordeste,-8.51,-39.3
2015,27,0.0,0.59,0.31,36.38,44.25,3.88,26.74,12.25,Cabrobó,PE,Nordeste,-8.51,-39.3
2015,28,0.0,0.59,0.3,37.48,46.1,4.4,28.44,13.06,Cabrobó,PE,Nordeste,-8.51,-39.3
2015,29,0.01,0.59,0.29,37.68,49.18,3.84,25.16,11.68,Cabrobó,PE,Nordeste,-8.51,-39.3
2015,30,0.01,0.59,0.28,37.72,49.94,3.22,19.59,9.28,Cabrobó,PE,Nordeste,-8.51,-39.3
2015,31,0.01,0.59,0.27,35.76,49.33,4.04,24.3,11.34,Cabrobó,PE,Nordeste,-8.51,-39.3
2015,32,0.03,0.59,0.26,36.32,50.22,4.23,21.55,10.1,Cabrobó,PE,Nordeste,-8.51,-39.3
2015,33,0.02,0.59,0.26,36.2,46.81,3.99,23.27,10.82,Cabrobó,PE,Nordeste,-8.51,-39.3
2015,34,0.25,0.59,0.25,36.11,53.72,3.3,18.2,8.62,Cabrobó,PE,Nordeste,-8.51,-39.3
2015,35,5.27,0.6,0.35,27.48,70.72,1.98,7.59,3.9,Cabrobó,PE,Nordeste,-8.51,-39.3
2015,36,4.41,0.6,0.5,35.61,58.53,2.09,22.02,10.51,Cabrobó,PE,Nordeste,-8.51,-39.3
2015,37,0.13,0.6,0.48,37.73,52.03,2.52,23.93,11.27,Cabrobó,PE,Nordeste,-8.51,-39.3
2015,38,0.0,0.6,0.42,37.36,44.91,2.39,26.9,12.65,Cabrobó,PE,Nordeste,-8.51,-39.3
2015,39,0.0,0.6,0.38,37.43,42.83,3.82,25.78,12.08,Cabrobó,PE,Nordeste,-8.51,-39.3
2015,40,0.0,0.6,0.35,36.68,51.98,4.56,26.72,12.49,Cabrobó,PE,Nordeste,-8.51,-39.3
2015,41,0.15,0.59,0.33,37.64,48.63,4.37,28.25,13.07,Cabrobó,PE,Nordeste,-8.51,-39.3
2015,42,0.85,0.59,0.34,37.83,48.71,4.43,25.85,12.02,Cabrobó,PE,Nordeste,-8.51,-39.3
2015,43,0.04,0.59,0.32,36.88,47.82,3.9,23.67,11.09,Cabrobó,PE,Nordeste,-8.51,-39.3
2015,44,3.66,0.6,0.36,36.93,50.09,4.16,25.77,12.0,Cabrobó,PE,Nordeste,-8.51,-39.3
2015,45,0.28,0.6,0.42,35.44,53.06,3.02,19.41,9.16,Cabrobó,PE,Nordeste,-8.51,-39.3
2015,46,3.35,0.6,0.44,30.72,63.16,2.08,15.43,7.37,Cabrobó,PE,Nordeste,-8.51,-39.3
2015,47,0.74,0.6,0.48,35.34,59.24,2.59,25.53,11.92,Cabrobó,PE,Nordeste,-8.51,-39.3
2015,48,0.35,0.6,0.43,37.72,50.72,3.58,26.59,12.35,Cabrobó,PE,Nordeste,-8.51,-39.3
2015,49,0.5,0.6,0.4,36.79,55.51,3.86,22.92,10.7,Cabrobó,PE,Nordeste,-8.51,-39.3
2015,50,0.59,0.6,0.38,35.35,55.15,3.34,18.73,8.79,Cabrobó,PE,Nordeste,-8.51,-39.3
2015,51,4.15,0.6,0.42,34.48,59.93,3.19,16.75,7.78,Cabrobó,PE,Nordeste,-8.51,-39.3
2015,52,11.73,0.62,0.65,27.05,78.84,2.38,16.18,7.64,Cabrobó,PE,Nordeste,-8.51,-39.3
2015,53,3.95,0.62,0.62,30.33,77.06,2.86,16.82,8.16,Cabrobó,PE,Nordeste,-8.51,-39.3
2015,54,7.09,0.62,0.63,33.49,73.06,2.92,16.13,7.9,Cabrobó,PE,Nordeste,-8.51,-39.3
2015,55,1.64,0.63,0.63,33.9,70.08,2.95,17.77,8.62,Cabrobó,PE,Nordeste,-8.51,-39.3
2015,56,0.42,0.62,0.6,35.33,62.52,3.87,21.83,10.3,Cabrobó,PE,Nordeste,-8.51,-39.3
2015,57,0.06,0.62,0.59,35.71,60.79,3.3,27.84,12.93,Cabrobó,PE,Nordeste,-8.51,-39.3
2015,58,0.22,0.61,0.58,34.55,64.08,1.82,24.83,11.66,Cabrobó,PE,Nordeste,-8.51,-39.3
2015,59,2.35,0.61,0.57,33.93,65.59,1.47,22.56,10.66,Cabrobó,PE,Nordeste,-8.51,-39.3
2015,60,21.45,0.64,0.71,32.44,69.39,1.64,21.74,10.34,Cabrobó,PE,Nordeste,-8.51,-39.3
2015,61,7.58,0.65,0.67,30.49,75.59,2.52,19.25,9.25,Cabrobó,PE,Nordeste,-8.51,-39.3
2015,62,0.36,0.65,0.62,34.26,62.84,3.2,23.21,10.78,Cabrobó,PE,Nordeste,-8.51,-39.3
2015,63,0.0,0.64,0.61,34.33,58.76,3.26,26.04,12.07,Cabrobó,PE,Nordeste,-8.51,-39.3
2015,64,2.47,0.63,0.62,32.55,69.43,3.29,23.9,11.32,Cabrobó,PE,Nordeste,-8.51,-39.3
2015,65,0.78,0.63,0.61,32.12,70.29,3.36,21.27,10.2,Cabrobó,PE,Nordeste,-8.51,-39.3
2015,66,0.0,0.62,0.6,35.54,59.01,3.41,24.54,11.48,Cabrobó,PE,Nordeste,-8.51,-39.3
2015,67,0.62,0.62,0.59,34.71,63.77,3.06,23.19,10.94,Cabrobó,PE,Nordeste,-8.51,-39.3
2015,68,3.95,0.62,0.62,33.59,71.83,2.92,22.0,10.39,Cabrobó,PE,Nordeste,-8.51,-39.3
2015,69,0.24,0.62,0.59,35.67,63.18,3.02,22.02,10.39,Cabrobó,PE,Nordeste,-8.51,-39.3
2015,70,0.0,0.61,0.57,36.39,54.91,3.55,25.95,11.97,Cabrobó,PE,Nordeste,-8.51,-39.3
2015,71,0.0,0.61,0.55,36.03,57.3,3.07,22.34,10.45,Cabrobó,PE,Nordeste,-8.51,-39.3
2015,72,0.67,0.61,0.54,35.93,57.46,3.4,24.98,11.68,Cabrobó,PE,Nordeste,-8.51,-39.3
2015,73,1.71,0.61,0.54,36.37,56.46,3.44,27.88,12.91,Cabrobó,PE,Nordeste,-8.51,-39.3
2015,74,0.28,0.6,0.5,35.93,55.66,3.02,26.02,11.99,Cabrobó,PE,Nordeste,-8.51,-39.3
2015,75,0.59,0.6,0.47,36.59,57.37,3.28,20.61,9.6,Cabrobó,PE,Nordeste,-8.51,-39.3
2015,76,1.53,0.6,0.46,35.03,60.71,2.86,19.35,9.03,Cabrobó,PE,Nordeste,-8.51,-39.3
2015,77,0.01,0.6,0.45,35.99,53.76,3.07,22.27,10.39,Cabrobó,PE,Nordeste,-8.51,-39.3
2015,78,0.0,0.6,0.42,35.45,51.46,3.83,23.07,10.76,Cabrobó,PE,Nordeste,-8.51,-39.3
2015,79,0.0,0.6,0.4,35.53,48.34,3.58,24.92,11.58,Cabrobó,PE,Nordeste,-8.51,-39.3
2015,80,10.85,0.61,0.51,31.64,66.49,2.37,17.15,8.18,Cabrobó,PE,Nordeste,-8.51,-39.3
2015,81,33.39,0.66,0.76,28.51,84.15,0.7,18.16,8.57,Cabrobó,PE,Nordeste,-8.51,-39.3
2015,82,14.3,0.69,0.75,27.92,83.64,0.84,20.06,9.46,Cabrobó,PE,Nordeste,-8.51,-39.3
2015,83,6.55,0.69,0.72,29.26,81.07,1.31,21.51,10.11,Cabrobó,PE,Nordeste,-8.51,-39.3
2015,84,0.49,0.67,0.67,32.45,71.02,1.88,21.66,10.17,Cabrobó,PE,Nordeste,-8.51,-39.3
2015,85,1.83,0.66,0.65,33.42,67.83,1.8,23.02,10.73,Cabrobó,PE,Nordeste,-8.51,-39.3
2015,86,0.32,0.65,0.63,34.12,63.06,2.32,24.76,11.55,Cabrobó,PE,Nordeste,-8.51,-39.3
2015,87,0.01,0.65,0.62,34.54,60.04,2.38,25.36,11.8,Cabrobó,PE,Nordeste,-8.51,-39.3
2015,88,7.75,0.65,0.66,33.57,65.23,1.77,21.05,9.92,Cabrobó,PE,Nordeste,-8.51,-39.3
2015,89,3.89,0.65,0.65,33.65,71.77,2.38,20.91,9.94,Cabrobó,PE,Nordeste,-8.51,-39.3
2015,90,0.15,0.65,0.62,34.36,60.79,2.49,26.2,12.12,Cabrobó,PE,Nordeste,-8.51,-39.3
2015,91,0.0,0.64,0.61,35.24,59.78,1.85,27.01,12.44,Cabrobó,PE,Nordeste,-8.51,-39.3
2015,92,0.06,0.63,0.6,34.94,63.4,1.81,23.07,10.62,Cabrobó,PE,Nordeste,-8.51,-39.3
2015,93,0.09,0.63,0.58,35.63,55.34,2.78,26.44,12.08,Cabrobó,PE,Nordeste,-8.51,-39.3
2015,94,0.89,0.63,0.58,34.27,65.67,2.08,22.7,10.63,Cabrobó,PE,Nordeste,-8.51,-39.3
2015,95,0.68,0.62,0.58,34.26,64.81,1.53,21.07,9.97,Cabrobó,PE,Nordeste,-8.51,-39.3
2015,96,1.02,0.62,0.59,34.05,67.7,1.96,22.69,10.67,Cabrobó,PE,Nordeste,-8.51,-39.3
2015,97,2.12,0.62,0.59,34.92,65.63,1.8,20.34,9.59,Cabrobó,PE,Nordeste,-8.51,-39.3
2015,98,4.27,0.62,0.62,33.18,72.43,1.44,18.3,8.7,Cabrobó,PE,Nordeste,-8.51,-39.3
2015,99,1.62,0.63,0.62,30.71,72.38,2.2,20.46,9.55,Cabrobó,PE,Nordeste,-8.51,-39.3
2015,100,0.01,0.62,0.59,36.07,59.82,2.7,21.86,10.18,Cabrobó,PE,Nordeste,-8.51,-39.3
2015,101,0.02,0.62,0.59,35.66,60.31,3.33,19.96,9.3,Cabrobó,PE,Nordeste,-8.51,-39.3
2015,102,0.1,0.62,0.58,34.96,64.51,3.62,18.37,8.7,Cabrobó,PE,Nordeste,-8.51,-39.3
2015,103,1.04,0.61,0.57,35.44,63.79,3.2,17.92,8.43,Cabrobó,PE,Nordeste,-8.51,-39.3
2015,104,0.15,0.61,0.55,36.17,57.0,3.33,21.06,9.84,Cabrobó,PE,Nordeste,-8.51,-39.3
2015,105,0.06,0.61,0.53,36.26,57.33,3.47,21.37,9.94,Cabrobó,PE,Nordeste,-8.51,-39.3
2015,106,0.0,0.6,0.5,36.18,54.91,2.76,24.76,11.43,Cabrobó,PE,Nordeste,-8.51,-39.3
2015,107,0.0,0.6,0.47,36.61,54.57,2.62,23.73,11.1,Cabrobó,PE,Nordeste,-8.51,-39.3
2015,108,0.01,0.6,0.44,36.88,50.73,3.24,24.94,11.51,Cabrobó,PE,Nordeste,-8.51,-39.3
2015,109,0.0,0.6,0.42,36.26,51.82,2.68,20.88,9.68,Cabrobó,PE,Nordeste,-8.51,-39.3
2015,110,1.7,0.6,0.42,36.17,57.09,2.36,18.86,8.86,Cabrobó,PE,Nordeste,-8.51,-39.3
2015,111,1.97,0.6,0.46,33.87,62.96,1.58,18.47,8.84,Cabrobó,PE,Nordeste,-8.51,-39.3
2015,112,1.15,0.6,0.47,35.87,58.91,1.77,21.69,10.23,Cabrobó,PE,Nordeste,-8.51,-39.3
2015,113,12.11,0.61,0.61,31.97,74.44,2.35,19.07,9.1,Cabrobó,PE,Nordeste,-8.51,-39.3
2015,114,1.7,0.62,0.61,32.95,70.59,1.84,18.67,8.85,Cabrobó,PE,Nordeste,-8.51,-39.3
2015,115,2.27,0.62,0.61,35.65,66.66,1.72,21.27,9.98,Cabrobó,PE,Nordeste,-8.51,-39.3
2015,116,0.14,0.62,0.59,34.98,65.81,1.69,21.72,10.23,Cabrobó,PE,Nordeste,-8.51,-39.3
2015,117,0.23,0.61,0.58,34.65,62.01,2.07,21.2,9.93,Cabrobó,PE,Nordeste,-8.51,-39.3
2015,118,0.53,0.61,0.57,35.29,59.48,2.72,23.48,10.99,Cabrobó,PE,Nordeste,-8.51,-39.3
2015,119,0.0,0.61,0.54,35.1,59.97,2.04,21.5,10.05,Cabrobó,PE,Nordeste,-8.51,-39.3
2015,120,0.0,0.6,0.5,35.33,56.09,1.78,20.61,9.66,Cabrobó,PE,Nordeste,-8.51,-39.3
2015,121,0.0,0.6,0.46,34.88,51.01,2.82,20.8,9.74,Cabrobó,PE,Nordeste,-8.51,-39.3
2015,122,0.03,0.6,0.43,34.5,53.51,3.45,18.44,8.59,Cabrobó,PE,Nordeste,-8.51,-39.3
2015,123,11.93,0.61,0.54,34.6,62.06,4.01,16.19,7.63,Cabrobó,PE,Nordeste,-8.51,-39.3
2015,124,1.02,0.62,0.6,34.07,63.69,3.11,17.96,8.43,Cabrobó,PE,Nordeste,-8.51,-39.3
2015,125,0.04,0.61,0.58,34.73,62.55,2.78,19.48,9.13,Cabrobó,PE,Nordeste,-8.51,-39.3
2015,126,0.02,0.61,0.56,34.61,61.32,2.57,19.96,9.35,Cabrobó,PE,Nordeste,-8.51,-39.3
2015,127,0.05,0.61,0.53,35.54,58.73,2.78,20.08,9.37,Cabrobó,PE,Nordeste,-8.51,-39.3
2015,128,1.17,0.6,0.49,35.24,60.36,2.2,17.87,8.42,Cabrobó,PE,Nordeste,-8.51,-39.3
2015,129,4.71,0.61,0.57,35.12,62.53,3.66,17.4,8.18,Cabrobó,PE,Nordeste,-8.51,-39.3
2015,130,2.11,0.61,0.56,34.5,63.78,3.34,17.84,8.36,Cabrobó,PE,Nordeste,-8.51,-39.3
2015,131,0.8,0.61,0.54,35.14,58.74,2.36,19.98,9.3,Cabrobó,PE,Nordeste,-8.51,-39.3
2015,132,0.02,0.6,0.5,35.47,58.12,2.38,20.27,9.4,Cabrobó,PE,Nordeste,-8.51,-39.3
2015,133,0.0,0.6,0.45,35.5,48.4,3.53,19.88,9.15,Cabrobó,PE,Nordeste,-8.51,-39.3
2015,134,0.01,0.6,0.42,35.09,56.87,4.06,17.84,8.3,Cabrobó,PE,Nordeste,-8.51,-39.3
2015,135,0.08,0.6,0.4,35.03,56.38,4.16,21.22,9.77,Cabrobó,PE,Nordeste,-8.51,-39.3
2015,136,0.01,0.6,0.38,35.3,55.66,4.27,20.16,9.38,Cabrobó,PE,Nordeste,-8.51,-39.3
2015,137,0.01,0.6,0.36,35.27,54.74,3.75,22.03,10.24,Cabrobó,PE,Nordeste,-8.51,-39.3
2015,138,0.26,0.6,0.35,35.84,58.45,3.48,16.0,7.55,Cabrobó,PE,Nordeste,-8.51,-39.3
2015,139,0.21,0.6,0.35,35.2,56.37,3.74,13.58,6.48,Cabrobó,PE,Nordeste,-8.51,-39.3
2015,140,0.24,0.59,0.34,34.73,55.45,3.45,12.43,5.95,Cabrobó,PE,Nordeste,-8.51,-39.3
2015,141,0.03,0.59,0.33,35.7,53.91,4.18,13.52,6.42,Cabrobó,PE,Nordeste,-8.51,-39.3
2015,142,0.21,0.59,0.33,34.38,66.16,4.77,15.69,7.5,Cabrobó,PE,Nordeste,-8.51,-39.3
2015,143,0.59,0.59,0.33,33.37,69.99,4.7,13.83,6.66,Cabrobó,PE,Nordeste,-8.51,-39.3
2015,144,0.9,0.59,0.34,34.38,68.21,3.34,13.17,6.35,Cabrobó,PE,Nordeste,-8.51,-39.3
2015,145,0.13,0.59,0.34,35.35,60.33,3.68,15.08,7.09,Cabrobó,PE,Nordeste,-8.51,-39.3
2015,146,0.1,0.59,0.33,35.44,61.4,4.24,13.15,6.19,Cabrobó,PE,Nordeste,-8.51,-39.3
2015,147,0.03,0.59,0.32,33.69,59.69,4.33,16.16,7.59,Cabrobó,PE,Nordeste,-8.51,-39.3
2015,148,0.03,0.59,0.32,34.33,58.2,3.94,14.69,6.9,Cabrobó,PE,Nordeste,-8.51,-39.3
2015,149,0.0,0.59,0.31,35.18,56.59,3.16,17.83,8.32,Cabrobó,PE,Nordeste,-8.51,-39.3
2015,150,0.05,0.59,0.3,34.32,60.51,3.91,18.28,8.56,Cabrobó,PE,Nordeste,-8.51,-39.3
2015,151,0.01,0.59,0.3,34.75,58.25,4.55,17.17,7.99,Cabrobó,PE,Nordeste,-8.51,-39.3
2015,152,0.02,0.59,0.29,32.95,62.04,3.76,17.18,8.0,Cabrobó,PE,Nordeste,-8.51,-39.3
2015,153,0.01,0.59,0.29,34.1,61.79,3.98,17.55,8.22,Cabrobó,PE,Nordeste,-8.51,-39.3
2015,154,0.03,0.59,0.29,34.12,62.16,4.39,13.14,6.25,Cabrobó,PE,Nordeste,-8.51,-39.3
2015,155,0.74,0.59,0.29,33.45,62.67,4.42,12.86,6.11,Cabrobó,PE,Nordeste,-8.51,-39.3
2015,156,0.24,0.59,0.29,33.92,58.83,4.31,15.68,7.4,Cabrobó,PE,Nordeste,-8.51,-39.3
2015,157,0.04,0.59,0.29,34.51,62.26,4.34,14.77,6.96,Cabrobó,PE,Nordeste,-8.51,-39.3
2015,158,0.25,0.59,0.28,33.45,62.34,4.42,17.19,7.99,Cabrobó,PE,Nordeste,-8.51,-39.3
2015,159,0.03,0.59,0.28,32.75,60.73,4.03,14.07,6.59,Cabrobó,PE,Nordeste,-8.51,-39.3
2015,160,0.0,0.59,0.28,34.3,49.98,3.65,17.22,7.94,Cabrobó,PE,Nordeste,-8.51,-39.3
2015,161,0.0,0.59,0.27,34.52,57.69,3.81,18.74,8.7,Cabrobó,PE,Nordeste,-8.51,-39.3
2015,162,0.0,0.59,0.27,34.0,58.97,4.0,16.72,7.82,Cabrobó,PE,Nordeste,-8.51,-39.3
2015,163,0.0,0.59,0.26,33.92,56.85,3.64,17.78,8.36,Cabrobó,PE,Nordeste,-8.51,-39.3
2015,164,0.0,0.59,0.26,33.84,56.99,4.38,20.01,9.32,Cabrobó,PE,Nordeste,-8.51,-39.3
2015,165,0.0,0.59,0.25,34.8,56.65,3.42,18.82,8.75,Cabrobó,PE,Nordeste,-8.51,-39.3
2015,166,0.0,0.59,0.25,35.39,59.29,3.35,16.15,7.53,Cabrobó,PE,Nordeste,-8.51,-39.3
2015,167,0.0,0.59,0.25,34.72,57.91,4.47,20.45,9.5,Cabrobó,PE,Nordeste,-8.51,-39.3
2015,168,0.0,0.59,0.24,32.96,56.0,4.19,20.85,9.61,Cabrobó,PE,Nordeste,-8.51,-39.3
2015,169,0.01,0.59,0.24,33.68,56.38,3.91,16.37,7.61,Cabrobó,PE,Nordeste,-8.51,-39.3
2015,170,0.01,0.59,0.24,33.16,58.34,3.76,19.2,8.87,Cabrobó,PE,Nordeste,-8.51,-39.3
2015,171,1.16,0.59,0.26,32.57,63.94,5.03,14.1,6.63,Cabrobó,PE,Nordeste,-8.51,-39.3
2015,172,0.17,0.59,0.27,31.89,61.11,4.67,15.56,7.28,Cabrobó,PE,Nordeste,-8.51,-39.3
2015,173,0.04,0.59,0.27,32.17,59.1,4.03,15.38,7.21,Cabrobó,PE,Nordeste,-8.51,-39.3
2015,174,0.03,0.59,0.26,32.25,61.92,3.5,12.29,5.9,Cabrobó,PE,Nordeste,-8.51,-39.3
2015,175,0.53,0.59,0.26,31.09,72.73,3.64,11.15,5.4,Cabrobó,PE,Nordeste,-8.51,-39.3
2015,176,1.29,0.59,0.3,27.16,73.39,4.96,11.53,5.62,Cabrobó,PE,Nordeste,-8.51,-39.3
2015,177,0.06,0.59,0.31,31.65,64.27,4.87,15.81,7.46,Cabrobó,PE,Nordeste,-8.51,-39.3
2015,178,0.01,0.59,0.3,32.24,61.96,4.27,13.63,6.39,Cabrobó,PE,Nordeste,-8.51,-39.3
2015,179,0.03,0.59,0.3,32.17,65.77,4.46,11.73,5.54,Cabrobó,PE,Nordeste,-8.51,-39.3
2015,180,0.06,0.59,0.29,32.0,65.44,4.39,11.99,5.8,Cabrobó,PE,Nordeste,-8.51,-39.3
2015,181,9.98,0.6,0.42,32.29,72.6,4.86,12.06,5.86,Cabrobó,PE,Nordeste,-8.51,-39.3
2015,182,0.99,0.61,0.59,30.93,71.5,4.39,15.44,7.28,Cabrobó,PE,Nordeste,-8.51,-39.3
2015,183,1.07,0.61,0.57,30.0,75.28,4.18,11.54,5.6,Cabrobó,PE,Nordeste,-8.51,-39.3
2015,184,1.22,0.61,0.57,31.63,73.72,3.88,13.95,6.68,Cabrobó,PE,Nordeste,-8.51,-39.3
2015,185,0.59,0.61,0.54,32.56,72.08,3.62,14.63,6.96,Cabrobó,PE,Nordeste,-8.51,-39.3
2015,186,1.53,0.61,0.53,32.46,70.88,3.86,14.49,6.96,Cabrobó,PE,Nordeste,-8.51,-39.3
2015,187,1.46,0.61,0.54,32.16,67.98,4.37,16.72,7.9,Cabrobó,PE,Nordeste,-8.51,-39.3
2015,188,0.28,0.6,0.5,31.89,69.26,3.84,15.38,7.19,Cabrobó,PE,Nordeste,-8.51,-39.3
2015,189,2.14,0.61,0.53,30.86,68.9,3.39,13.61,6.5,Cabrobó,PE,Nordeste,-8.51,-39.3
2015,190,0.2,0.6,0.5,32.7,63.5,3.51,16.99,7.89,Cabrobó,PE,Nordeste,-8.51,-39.3
2015,191,0.09,0.6,0.46,33.73,59.6,3.76,22.03,10.1,Cabrobó,PE,Nordeste,-8.51,-39.3
2015,192,0.0,0.6,0.43,32.63,61.08,4.23,22.05,10.12,Cabrobó,PE,Nordeste,-8.51,-39.3
2015,193,0.0,0.6,0.4,32.42,62.66,3.94,15.96,7.42,Cabrobó,PE,Nordeste,-8.51,-39.3
2015,194,0.0,0.6,0.39,32.86,63.19,4.67,16.35,7.56,Cabrobó,PE,Nordeste,-8.51,-39.3
2015,195,0.01,0.6,0.37,32.32,61.82,4.97,20.83,9.5,Cabrobó,PE,Nordeste,-8.51,-39.3
2015,196,0.6,0.6,0.37,32.5,66.18,5.33,16.27,7.57,Cabrobó,PE,Nordeste,-8.51,-39.3
2015,197,0.18,0.6,0.36,31.44,62.97,5.66,15.48,7.23,Cabrobó,PE,Nordeste,-8.51,-39.3
2015,198,0.04,0.6,0.35,30.67,62.19,4.78,12.85,6.04,Cabrobó,PE,Nordeste,-8.51,-39.3
2015,199,0.0,0.59,0.34,31.23,58.44,4.72,18.94,8.71,Cabrobó,PE,Nordeste,-8.51,-39.3
2015,200,0.0,0.59,0.33,31.49,58.11,4.5,13.34,6.28,Cabrobó,PE,Nordeste,-8.51,-39.3
2015,201,0.0,0.59,0.32,32.4,60.39,4.11,20.97,9.74,Cabrobó,PE,Nordeste,-8.51,-39.3
2015,202,0.0,0.59,0.32,32.62,59.47,3.3,20.13,9.34,Cabrobó,PE,Nordeste,-8.51,-39.3
2015,203,0.01,0.59,0.31,33.23,62.64,4.12,20.99,9.75,Cabrobó,PE,Nordeste,-8.51,-39.3
2015,204,0.37,0.59,0.3,31.87,64.91,4.23,13.85,6.63,Cabrobó,PE,Nordeste,-8.51,-39.3
2015,205,0.27,0.59,0.31,33.08,62.88,4.28,13.99,6.66,Cabrobó,PE,Nordeste,-8.51,-39.3
2015,206,0.01,0.59,0.3,33.35,58.69,4.24,21.51,9.98,Cabrobó,PE,Nordeste,-8.51,-39.3
2015,207,0.03,0.59,0.29,32.01,64.9,4.59,16.54,7.78,Cabrobó,PE,Nordeste,-8.51,-39.3
2015,208,0.04,0.59,0.29,33.06,61.68,4.56,17.13,8.05,Cabrobó,PE,Nordeste,-8.51,-39.3
2015,209,0.0,0.59,0.28,33.19,60.31,4.8,19.67,9.18,Cabrobó,PE,Nordeste,-8.51,-39.3
2015,210,0.01,0.59,0.28,33.36,61.09,4.85,20.55,9.44,Cabrobó,PE,Nordeste,-8.51,-39.3
2015,211,0.05,0.59,0.27,31.65,59.19,5.32,21.83,9.99,Cabrobó,PE,Nordeste,-8.51,-39.3
2015,212,0.98,0.59,0.28,32.11,62.66,5.0,13.6,6.55,Cabrobó,PE,Nordeste,-8.51,-39.3
2015,213,1.9,0.6,0.34,31.74,63.56,4.42,21.67,9.94,Cabrobó,PE,Nordeste,-8.51,-39.3
2015,214,1.02,0.6,0.37,31.23,60.42,4.6,22.25,10.11,Cabrobó,PE,Nordeste,-8.51,-39.3
2015,215,0.24,0.6,0.37,32.04,58.54,4.16,22.32,10.15,Cabrobó,PE,Nordeste,-8.51,-39.3
2015,216,0.0,0.6,0.35,32.5,52.98,3.62,23.48,10.66,Cabrobó,PE,Nordeste,-8.51,-39.3
2015,217,0.0,0.59,0.34,33.13,56.47,4.09,23.57,10.66,Cabrobó,PE,Nordeste,-8.51,-39.3
2015,218,0.0,0.59,0.32,33.61,56.86,4.84,19.26,8.88,Cabrobó,PE,Nordeste,-8.51,-39.3
2015,219,0.0,0.59,0.31,32.73,56.45,4.71,21.09,9.62,Cabrobó,PE,Nordeste,-8.51,-39.3
2015,220,0.0,0.59,0.3,32.66,54.37,4.4,22.76,10.32,Cabrobó,PE,Nordeste,-8.51,-39.3
2015,221,0.0,0.59,0.29,31.41,58.3,4.32,19.93,9.14,Cabrobó,PE,Nordeste,-8.51,-39.3
2015,222,0.04,0.59,0.29,32.75,61.07,5.4,19.63,9.07,Cabrobó,PE,Nordeste,-8.51,-39.3
2015,223,0.17,0.59,0.28,31.8,58.89,6.23,19.2,8.89,Cabrobó,PE,Nordeste,-8.51,-39.3
2015,224,0.01,0.59,0.28,31.34,55.06,5.52,20.75,9.46,Cabrobó,PE,Nordeste,-8.51,-39.3
2015,225,0.0,0.59,0.27,31.83,52.9,4.96,22.96,10.47,Cabrobó,PE,Nordeste,-8.51,-39.3
2015,226,0.0,0.59,0.27,33.03,59.96,5.06,16.56,7.7,Cabrobó,PE,Nordeste,-8.51,-39.3
2015,227,0.0,0.59,0.26,33.27,58.68,5.26,14.33,6.8,Cabrobó,PE,Nordeste,-8.51,-39.3
2015,228,0.01,0.59,0.26,32.87,59.4,5.34,20.55,9.41,Cabrobó,PE,Nordeste,-8.51,-39.3
2015,229,0.02,0.59,0.25,33.04,55.25,5.47,18.23,8.52,Cabrobó,PE,Nordeste,-8.51,-39.3
2015,230,0.01,0.59,0.25,33.7,56.54,5.06,24.35,11.1,Cabrobó,PE,Nordeste,-8.51,-39.3
2015,231,0.04,0.59,0.25,33.39,60.25,5.17,18.99,8.82,Cabrobó,PE,Nordeste,-8.51,-39.3
2015,232,0.0,0.59,0.24,34.28,55.47,3.92,23.9,11.0,Cabrobó,PE,Nordeste,-8.51,-39.3
2015,233,0.0,0.59,0.24,35.94,53.48,3.77,23.6,10.87,Cabrobó,PE,Nordeste,-8.51,-39.3
2015,234,0.09,0.59,0.23,35.24,52.92,4.83,23.51,10.78,Cabrobó,PE,Nordeste,-8.51,-39.3
2015,235,0.66,0.59,0.25,34.86,54.04,4.82,21.46,9.94,Cabrobó,PE,Nordeste,-8.51,-39.3
2015,236,0.11,0.59,0.25,34.92,48.52,3.92,24.59,11.3,Cabrobó,PE,Nordeste,-8.51,-39.3
2015,237,0.0,0.59,0.25,36.01,50.61,3.78,22.19,10.27,Cabrobó,PE,Nordeste,-8.51,-39.3
2015,238,0.12,0.59,0.24,36.38,47.28,4.16,24.0,11.1,Cabrobó,PE,Nordeste,-8.51,-39.3
2015,239,0.18,0.59,0.24,36.26,48.7,4.31,24.12,11.08,Cabrobó,PE,Nordeste,-8.51,-39.3
2015,240,0.0,0.59,0.24,35.55,47.75,5.08,25.1,11.51,Cabrobó,PE,Nordeste,-8.51,-39.3
2015,241,0.0,0.59,0.23,34.71,50.38,5.08,25.66,11.69,Cabrobó,PE,Nordeste,-8.51,-39.3
2015,242,0.0,0.59,0.23,34.38,52.63,5.39,21.08,9.68,Cabrobó,PE,Nordeste,-8.51,-39.3
2015,243,0.01,0.59,0.23,34.05,50.55,5.18,23.73,10.81,Cabrobó,PE,Nordeste,-8.51,-39.3
2015,244,1.65,0.59,0.27,33.57,54.55,3.93,24.05,11.05,Cabrobó,PE,Nordeste,-8.51,-39.3
2015,245,0.62,0.59,0.3,35.67,48.8,3.38,25.93,11.79,Cabrobó,PE,Nordeste,-8.51,-39.3
2015,246,0.0,0.59,0.29,35.07,51.58,4.11,20.71,9.6,Cabrobó,PE,Nordeste,-8.51,-39.3
2015,247,0.0,0.59,0.28,36.11,48.68,3.48,22.78,10.55,Cabrobó,PE,Nordeste,-8.51,-39.3
2015,248,0.0,0.59,0.27,37.9,45.94,3.3,25.54,11.66,Cabrobó,PE,Nordeste,-8.51,-39.3
2015,249,0.0,0.59,0.26,36.92,42.32,4.41,26.58,12.01,Cabrobó,PE,Nordeste,-8.51,-39.3
2015,250,0.0,0.59,0.25,36.1,43.46,4.11,26.82,12.04,Cabrobó,PE,Nordeste,-8.51,-39.3
2015,251,0.0,0.59,0.24,36.61,43.19,3.97,26.34,11.9,Cabrobó,PE,Nordeste,-8.51,-39.3
2015,252,0.0,0.59,0.24,36.58,48.01,5.0,24.91,11.3,Cabrobó,PE,Nordeste,-8.51,-39.3
2015,253,0.0,0.59,0.23,35.87,50.17,5.56,25.5,11.61,Cabrobó,PE,Nordeste,-8.51,-39.3
2015,254,0.0,0.59,0.23,35.89,49.32,3.83,25.88,11.63,Cabrobó,PE,Nordeste,-8.51,-39.3
2015,255,0.0,0.59,0.22,37.24,46.8,3.59,26.35,11.97,Cabrobó,PE,Nordeste,-8.51,-39.3
2015,256,0.0,0.59,0.22,36.71,49.74,4.18,24.38,11.12,Cabrobó,PE,Nordeste,-8.51,-39.3
2015,257,0.0,0.59,0.21,36.01,49.91,4.73,23.44,10.74,Cabrobó,PE,Nordeste,-8.51,-39.3
2015,258,0.0,0.59,0.21,35.3,51.92,5.9,21.78,10.1,Cabrobó,PE,Nordeste,-8.51,-39.3
2015,259,0.0,0.59,0.21,35.13,54.51,5.73,21.25,9.82,Cabrobó,PE,Nordeste,-8.51,-39.3
2015,260,0.06,0.59,0.21,34.92,51.4,5.61,21.91,10.18,Cabrobó,PE,Nordeste,-8.51,-39.3
2015,261,0.04,0.59,0.21,34.6,55.9,5.34,19.07,8.99,Cabrobó,PE,Nordeste,-8.51,-39.3
2015,262,0.0,0.59,0.2,35.63,49.63,4.97,26.98,12.33,Cabrobó,PE,Nordeste,-8.51,-39.3
2015,263,0.0,0.59,0.2,35.66,50.71,4.95,25.29,11.66,Cabrobó,PE,Nordeste,-8.51,-39.3
2015,264,0.0,0.59,0.2,36.03,48.15,4.65,26.62,12.21,Cabrobó,PE,Nordeste,-8.51,-39.3
2015,265,0.0,0.59,0.2,36.15,49.42,4.94,24.77,11.35,Cabrobó,PE,Nordeste,-8.51,-39.3
2015,266,0.0,0.59,0.19,36.91,47.54,4.94,27.34,12.42,Cabrobó,PE,Nordeste,-8.51,-39.3
2015,267,0.01,0.59,0.19,36.5,48.24,4.96,27.18,12.29,Cabrobó,PE,Nordeste,-8.51,-39.3
2015,268,0.22,0.59,0.19,36.83,48.65,4.64,25.12,11.56,Cabrobó,PE,Nordeste,-8.51,-39.3
2015,269,0.0,0.59,0.19,37.89,45.83,4.1,27.57,12.58,Cabrobó,PE,Nordeste,-8.51,-39.3
2015,270,0.0,0.59,0.19,36.51,46.33,4.49,23.68,10.87,Cabrobó,PE,Nordeste,-8.51,-39.3
2015,271,0.0,0.59,0.19,36.74,43.93,4.06,27.65,12.57,Cabrobó,PE,Nordeste,-8.51,-39.3
2015,272,0.0,0.59,0.18,36.8,42.91,4.24,27.78,12.53,Cabrobó,PE,Nordeste,-8.51,-39.3
2015,273,0.0,0.59,0.18,37.07,46.18,5.49,27.37,12.43,Cabrobó,PE,Nordeste,-8.51,-39.3
2015,274,0.0,0.59,0.18,36.29,48.22,5.58,24.92,11.4,Cabrobó,PE,Nordeste,-8.51,-39.3
2015,275,0.0,0.59,0.18,36.21,46.1,4.56,26.88,12.15,Cabrobó,PE,Nordeste,-8.51,-39.3
2015,276,0.17,0.59,0.18,36.94,48.54,4.51,24.41,11.22,Cabrobó,PE,Nordeste,-8.51,-39.3
2015,277,0.0,0.59,0.18,38.07,43.8,3.6,27.57,12.56,Cabrobó,PE,Nordeste,-8.51,-39.3
2015,278,0.0,0.59,0.18,39.83,40.01,3.26,27.42,12.64,Cabrobó,PE,Nordeste,-8.51,-39.3
2015,279,0.0,0.59,0.17,37.57,44.85,3.67,19.59,9.26,Cabrobó,PE,Nordeste,-8.51,-39.3
2015,280,0.0,0.59,0.17,36.97,47.97,5.8,24.01,11.13,Cabrobó,PE,Nordeste,-8.51,-39.3
2015,281,0.02,0.59,0.17,35.66,53.8,6.22,20.63,9.7,Cabrobó,PE,Nordeste,-8.51,-39.3
2015,282,0.11,0.59,0.17,35.83,52.79,5.95,19.38,9.2,Cabrobó,PE,Nordeste,-8.51,-39.3
2015,283,0.01,0.59,0.17,36.06,50.79,5.49,27.01,12.46,Cabrobó,PE,Nordeste,-8.51,-39.3
2015,284,0.0,0.59,0.17,35.88,47.83,5.46,25.87,11.88,Cabrobó,PE,Nordeste,-8.51,-39.3
2015,285,0.0,0.59,0.17,35.76,47.18,5.33,22.15,10.21,Cabrobó,PE,Nordeste,-8.51,-39.3
2015,286,0.0,0.59,0.17,36.65,48.16,5.62,28.12,12.8,Cabrobó,PE,Nordeste,-8.51,-39.3
2015,287,0.0,0.59,0.17,37.34,53.27,6.24,16.93,8.1,Cabrobó,PE,Nordeste,-8.51,-39.3
2015,288,0.0,0.59,0.17,37.16,50.48,6.56,21.01,9.72,Cabrobó,PE,Nordeste,-8.51,-39.3
2015,289,0.0,0.59,0.17,36.76,49.98,5.87,23.88,10.98,Cabrobó,PE,Nordeste,-8.51,-39.3
2015,290,0.0,0.59,0.16,37.0,47.02,4.84,27.11,12.36,Cabrobó,PE,Nordeste,-8.51,-39.3
2015,291,0.0,0.59,0.16,37.69,45.73,3.98,28.79,13.03,Cabrobó,PE,Nordeste,-8.51,-39.3
2015,292,0.0,0.59,0.16,36.83,48.11,4.83,21.32,10.02,Cabrobó,PE,Nordeste,-8.51,-39.3
2015,293,0.0,0.59,0.16,37.32,45.51,4.08,24.45,11.36,Cabrobó,PE,Nordeste,-8.51,-39.3
2015,294,0.0,0.59,0.16,38.6,39.33,3.19,28.37,12.97,Cabrobó,PE,Nordeste,-8.51,-39.3
2015,295,0.0,0.59,0.16,39.54,40.62,3.21,28.34,13.07,Cabrobó,PE,Nordeste,-8.51,-39.3
2015,296,0.0,0.59,0.16,39.45,37.06,3.51,27.67,12.8,Cabrobó,PE,Nordeste,-8.51,-39.3
2015,297,0.0,0.59,0.15,38.87,37.62,4.16,27.36,12.7,Cabrobó,PE,Nordeste,-8.51,-39.3
2015,298,0.0,0.59,0.15,38.1,42.97,5.1,27.23,12.62,Cabrobó,PE,Nordeste,-8.51,-39.3
2015,299,0.0,0.59,0.15,37.57,44.65,5.19,28.16,12.94,Cabrobó,PE,Nordeste,-8.51,-39.3
2015,300,0.0,0.59,0.15,37.33,42.25,4.69,28.92,13.15,Cabrobó,PE,Nordeste,-8.51,-39.3
2015,301,0.0,0.59,0.15,37.93,40.4,3.43,28.72,13.22,Cabrobó,PE,Nordeste,-8.51,-39.3
2015,302,0.0,0.59,0.15,39.54,39.73,3.42,28.18,13.06,Cabrobó,PE,Nordeste,-8.51,-39.3
2015,303,0.87,0.59,0.16,37.95,42.07,3.54,24.43,11.4,Cabrobó,PE,Nordeste,-8.51,-39.3
2015,304,1.14,0.59,0.21,35.51,47.81,4.1,14.86,7.32,Cabrobó,PE,Nordeste,-8.51,-39.3
2015,305,0.0,0.59,0.22,37.05,42.07,4.77,21.24,10.09,Cabrobó,PE,Nordeste,-8.51,-39.3
2015,306,0.0,0.59,0.21,37.34,46.14,5.96,27.25,12.59,Cabrobó,PE,Nordeste,-8.51,-39.3
2015,307,0.0,0.59,0.21,37.56,47.33,5.82,25.86,11.95,Cabrobó,PE,Nordeste,-8.51,-39.3
2015,308,0.0,0.59,0.21,36.96,45.54,5.08,24.05,11.2,Cabrobó,PE,Nordeste,-8.51,-39.3
2015,309,0.0,0.59,0.2,38.13,42.47,3.18,26.81,12.39,Cabrobó,PE,Nordeste,-8.51,-39.3
2015,310,0.0,0.59,0.2,39.9,39.65,3.15,27.14,12.53,Cabrobó,PE,Nordeste,-8.51,-39.3
2015,311,0.0,0.59,0.19,39.4,39.93,3.99,28.16,12.98,Cabrobó,PE,Nordeste,-8.51,-39.3
2015,312,0.0,0.59,0.19,37.46,45.19,4.82,26.83,12.45,Cabrobó,PE,Nordeste,-8.51,-39.3
2015,313,0.0,0.59,0.19,36.58,47.04,4.81,24.46,11.46,Cabrobó,PE,Nordeste,-8.51,-39.3
2015,314,0.0,0.59,0.19,36.31,47.93,5.16,21.71,10.21,Cabrobó,PE,Nordeste,-8.51,-39.3
2015,315,0.0,0.59,0.19,37.3,44.09,5.03,27.55,12.54,Cabrobó,PE,Nordeste,-8.51,-39.3
2015,316,0.0,0.59,0.18,38.08,42.96,3.53,29.14,13.24,Cabrobó,PE,Nordeste,-8.51,-39.3
2015,317,0.0,0.59,0.18,39.36,37.83,2.89,28.1,12.83,Cabrobó,PE,Nordeste,-8.51,-39.3
2015,318,0.0,0.59,0.18,40.06,34.12,3.76,28.63,13.23,Cabrobó,PE,Nordeste,-8.51,-39.3
2015,319,0.0,0.59,0.17,39.44,38.19,3.78,27.32,12.69,Cabrobó,PE,Nordeste,-8.51,-39.3
2015,320,0.0,0.59,0.17,39.14,38.45,3.94,25.82,12.1,Cabrobó,PE,Nordeste,-8.51,-39.3
2015,321,0.0,0.59,0.17,38.96,33.94,3.49,28.58,13.12,Cabrobó,PE,Nordeste,-8.51,-39.3
2015,322,0.0,0.59,0.17,38.76,32.41,2.78,28.16,12.92,Cabrobó,PE,Nordeste,-8.51,-39.3
2015,323,0.0,0.59,0.17,39.12,37.01,2.46,27.27,12.63,Cabrobó,PE,Nordeste,-8.51,-39.3
2015,324,0.0,0.59,0.16,39.5,34.84,3.26,26.6,12.38,Cabrobó,PE,Nordeste,-8.51,-39.3
2015,325,0.0,0.59,0.16,39.92,33.79,3.18,28.03,13.04,Cabrobó,PE,Nordeste,-8.51,-39.3
2015,326,0.0,0.59,0.16,39.12,36.53,3.63,26.24,12.22,Cabrobó,PE,Nordeste,-8.51,-39.3
2015,327,0.0,0.59,0.16,38.95,36.46,2.85,26.36,12.32,Cabrobó,PE,Nordeste,-8.51,-39.3
2015,328,0.03,0.59,0.16,39.09,36.03,3.06,25.56,11.98,Cabrobó,PE,Nordeste,-8.51,-39.3
2015,329,0.01,0.59,0.16,39.56,37.94,3.19,25.79,12.06,Cabrobó,PE,Nordeste,-8.51,-39.3
2015,330,0.0,0.59,0.16,40.48,34.54,3.41,25.5,11.96,Cabrobó,PE,Nordeste,-8.51,-39.3
2015,331,0.0,0.59,0.15,39.35,36.64,3.29,25.29,11.8,Cabrobó,PE,Nordeste,-8.51,-39.3
2015,332,0.0,0.59,0.15,39.48,34.45,3.17,25.77,12.03,Cabrobó,PE,Nordeste,-8.51,-39.3
2015,333,0.0,0.59,0.15,39.67,31.15,3.78,28.55,13.13,Cabrobó,PE,Nordeste,-8.51,-39.3
2015,334,0.0,0.59,0.15,39.55,36.12,4.41,29.02,13.24,Cabrobó,PE,Nordeste,-8.51,-39.3
2015,335,0.0,0.59,0.15,39.43,39.65,5.15,28.62,13.18,Cabrobó,PE,Nordeste,-8.51,-39.3
2015,336,0.0,0.59,0.15,39.0,41.97,4.48,28.81,13.21,Cabrobó,PE,Nordeste,-8.51,-39.3
2015,337,0.0,0.59,0.15,38.86,40.88,2.89,26.93,12.5,Cabrobó,PE,Nordeste,-8.51,-39.3
2015,338,0.0,0.58,0.15,40.09,32.53,2.32,26.65,12.37,Cabrobó,PE,Nordeste,-8.51,-39.3
2015,339,0.11,0.58,0.15,38.92,37.24,2.72,24.96,11.66,Cabrobó,PE,Nordeste,-8.51,-39.3
2015,340,0.08,0.58,0.15,38.92,38.62,2.36,25.47,11.98,Cabrobó,PE,Nordeste,-8.51,-39.3
2015,341,0.0,0.58,0.15,39.72,31.24,3.38,27.67,12.92,Cabrobó,PE,Nordeste,-8.51,-39.3
2015,342,0.0,0.58,0.15,39.61,28.99,3.51,28.8,13.24,Cabrobó,PE,Nordeste,-8.51,-39.3
2015,343,0.0,0.58,0.14,38.23,41.05,4.42,27.78,12.85,Cabrobó,PE,Nordeste,-8.51,-39.3
2015,344,0.0,0.58,0.14,37.9,43.95,3.95,27.76,12.9,Cabrobó,PE,Nordeste,-8.51,-39.3
2015,345,0.0,0.58,0.14,39.1,38.35,3.52,28.47,13.18,Cabrobó,PE,Nordeste,-8.51,-39.3
2015,346,0.01,0.58,0.14,39.59,33.74,3.7,27.74,12.87,Cabrobó,PE,Nordeste,-8.51,-39.3
2015,347,0.01,0.58,0.14,39.27,39.78,4.67,27.54,12.78,Cabrobó,PE,Nordeste,-8.51,-39.3
2015,348,0.03,0.58,0.14,37.86,45.08,5.24,28.79,13.21,Cabrobó,PE,Nordeste,-8.51,-39.3
2015,349,0.0,0.58,0.14,37.86,41.77,4.57,28.61,13.16,Cabrobó,PE,Nordeste,-8.51,-39.3
2015,350,0.01,0.58,0.14,38.24,42.1,3.99,27.7,12.81,Cabrobó,PE,Nordeste,-8.51,-39.3
2015,351,0.15,0.58,0.14,36.55,42.37,3.74,21.73,10.22,Cabrobó,PE,Nordeste,-8.51,-39.3
2015,352,1.5,0.58,0.15,37.66,49.1,4.23,22.21,10.42,Cabrobó,PE,Nordeste,-8.51,-39.3
2015,353,1.75,0.59,0.25,35.15,55.93,3.99,18.85,9.09,Cabrobó,PE,Nordeste,-8.51,-39.3
2015,354,0.0,0.59,0.25,36.44,50.23,4.41,20.4,9.55,Cabrobó,PE,Nordeste,-8.51,-39.3
2015,355,0.0,0.59,0.24,31.59,53.8,4.35,20.11,9.36,Cabrobó,PE,Nordeste,-8.51,-39.3
2015,356,3.88,0.59,0.27,36.59,54.81,4.8,23.58,10.94,Cabrobó,PE,Nordeste,-8.51,-39.3
2015,357,3.66,0.6,0.46,35.05,55.49,4.87,24.46,11.31,Cabrobó,PE,Nordeste,-8.51,-39.3
2015,358,1.16,0.6,0.43,34.29,59.57,4.62,19.77,9.28,Cabrobó,PE,Nordeste,-8.51,-39.3
2015,359,2.95,0.6,0.49,33.95,63.32,3.81,23.82,11.16,Cabrobó,PE,Nordeste,-8.51,-39.3
2015,360,0.03,0.6,0.46,34.27,58.41,4.17,27.18,12.67,Cabrobó,PE,Nordeste,-8.51,-39.3
2015,361,0.09,0.6,0.43,36.15,56.07,4.64,22.45,10.43,Cabrobó,PE,Nordeste,-8.51,-39.3
2015,362,0.36,0.6,0.4,34.51,56.37,3.88,20.69,9.65,Cabrobó,PE,Nordeste,-8.51,-39.3
2015,363,3.51,0.6,0.46,32.0,67.32,3.49,17.33,8.32,Cabrobó,PE,Nordeste,-8.51,-39.3
2015,364,0.03,0.6,0.46,34.13,61.08,3.68,18.1,8.81,Cabrobó,PE,Nordeste,-8.51,-39.3
2015,365,2.0,0.6,0.46,35.47,58.46,3.84,24.05,11.34,Cabrobó,PE,Nordeste,-8.51,-39.3
2016,1,1.31,0.6,0.47,35.8,58.4,2.35,22.63,10.72,Cabrobó,PE,Nordeste,-8.51,-39.3
2016,2,0.34,0.6,0.44,37.53,50.25,1.96,24.71,11.66,Cabrobó,PE,Nordeste,-8.51,-39.3
2016,3,0.14,0.6,0.39,38.12,46.71,2.68,25.39,11.95,Cabrobó,PE,Nordeste,-8.51,-39.3
2016,4,0.21,0.6,0.36,37.03,46.65,3.08,24.5,11.63,Cabrobó,PE,Nordeste,-8.51,-39.3
2016,5,0.36,0.6,0.35,32.11,60.25,2.78,17.37,8.51,Cabrobó,PE,Nordeste,-8.51,-39.3
2016,6,22.17,0.61,0.56,29.22,74.14,1.7,14.88,7.21,Cabrobó,PE,Nordeste,-8.51,-39.3
2016,7,15.72,0.65,0.7,27.58,82.38,2.4,16.51,8.02,Cabrobó,PE,Nordeste,-8.51,-39.3
2016,8,17.27,0.68,0.76,27.95,82.1,1.83,8.16,4.25,Cabrobó,PE,Nordeste,-8.51,-39.3
2016,9,0.9,0.67,0.67,32.66,73.85,2.69,15.77,7.76,Cabrobó,PE,Nordeste,-8.51,-39.3
2016,10,1.05,0.66,0.65,33.81,71.5,3.04,23.71,11.27,Cabrobó,PE,Nordeste,-8.51,-39.3
2016,11,0.0,0.65,0.63,35.07,65.76,3.14,21.91,10.29,Cabrobó,PE,Nordeste,-8.51,-39.3
2016,12,0.0,0.64,0.61,36.22,62.02,3.01,26.23,12.35,Cabrobó,PE,Nordeste,-8.51,-39.3
2016,13,2.13,0.64,0.62,34.24,66.25,2.26,20.26,9.65,Cabrobó,PE,Nordeste,-8.51,-39.3
2016,14,10.57,0.65,0.68,30.22,77.23,1.54,12.61,6.25,Cabrobó,PE,Nordeste,-8.51,-39.3
2016,15,3.71,0.66,0.66,33.08,72.08,1.41,23.47,11.14,Cabrobó,PE,Nordeste,-8.51,-39.3
2016,16,13.07,0.65,0.68,31.45,71.18,1.86,20.68,9.91,Cabrobó,PE,Nordeste,-8.51,-39.3
2016,17,37.19,0.72,0.85,27.31,86.13,1.56,10.52,5.29,Cabrobó,PE,Nordeste,-8.51,-39.3
2016,18,11.4,0.73,0.77,29.2,79.2,1.96,17.12,8.37,Cabrobó,PE,Nordeste,-8.51,-39.3
2016,19,2.41,0.72,0.75,30.59,77.14,1.95,20.58,9.93,Cabrobó,PE,Nordeste,-8.51,-39.3
2016,20,9.45,0.72,0.76,27.33,82.16,1.82,11.11,5.59,Cabrobó,PE,Nordeste,-8.51,-39.3
2016,21,14.75,0.73,0.78,29.36,83.98,1.34,13.47,6.62,Cabrobó,PE,Nordeste,-8.51,-39.3
2016,22,24.87,0.76,0.85,26.56,88.66,2.1,6.6,3.49,Cabrobó,PE,Nordeste,-8.51,-39.3
2016,23,3.04,0.76,0.78,30.08,82.04,2.06,21.83,10.39,Cabrobó,PE,Nordeste,-8.51,-39.3
2016,24,4.97,0.75,0.77,30.67,81.83,2.14,16.63,8.05,Cabrobó,PE,Nordeste,-8.51,-39.3
2016,25,7.88,0.75,0.79,30.96,80.42,1.75,21.07,10.03,Cabrobó,PE,Nordeste,-8.51,-39.3
2016,26,0.14,0.74,0.75,31.11,76.36,1.89,21.75,10.32,Cabrobó,PE,Nordeste,-8.51,-39.3
2016,27,2.29,0.73,0.75,31.17,73.53,1.94,20.98,9.94,Cabrobó,PE,Nordeste,-8.51,-39.3
2016,28,7.29,0.73,0.77,31.03,76.12,1.94,20.29,9.72,Cabrobó,PE,Nordeste,-8.51,-39.3
2016,29,0.16,0.72,0.73,31.55,72.11,3.76,25.18,11.75,Cabrobó,PE,Nordeste,-8.51,-39.3
2016,30,2.74,0.71,0.73,30.21,77.64,3.45,23.98,11.27,Cabrobó,PE,Nordeste,-8.51,-39.3
2016,31,5.25,0.71,0.74,30.55,79.01,2.84,24.96,11.72,Cabrobó,PE,Nordeste,-8.51,-39.3
2016,32,3.39,0.71,0.74,29.55,81.77,3.25,23.11,10.85,Cabrobó,PE,Nordeste,-8.51,-39.3
2016,33,0.68,0.71,0.72,29.86,80.74,2.71,20.01,9.52,Cabrobó,PE,Nordeste,-8.51,-39.3
2016,34,0.0,0.7,0.71,29.15,77.88,2.68,17.62,8.43,Cabrobó,PE,Nordeste,-8.51,-39.3
2016,35,0.0,0.7,0.7,32.25,72.52,3.14,21.28,9.95,Cabrobó,PE,Nordeste,-8.51,-39.3
2016,36,0.01,0.69,0.68,32.66,68.42,3.6,28.66,13.26,Cabrobó,PE,Nordeste,-8.51,-39.3
2016,37,0.0,0.68,0.67,32.65,67.47,3.27,25.52,11.85,Cabrobó,PE,Nordeste,-8.51,-39.3
2016,38,0.0,0.67,0.66,33.14,66.56,3.29,26.64,12.37,Cabrobó,PE,Nordeste,-8.51,-39.3
2016,39,0.0,0.67,0.64,33.37,60.58,2.89,28.78,13.16,Cabrobó,PE,Nordeste,-8.51,-39.3
2016,40,0.02,0.66,0.64,33.87,66.92,3.29,24.47,11.41,Cabrobó,PE,Nordeste,-8.51,-39.3
2016,41,0.06,0.66,0.63,33.18,69.17,3.14,23.06,10.79,Cabrobó,PE,Nordeste,-8.51,-39.3
2016,42,1.14,0.65,0.63,34.31,67.11,2.14,23.64,11.09,Cabrobó,PE,Nordeste,-8.51,-39.3
2016,43,0.39,0.65,0.62,35.5,61.21,1.47,25.66,12.01,Cabrobó,PE,Nordeste,-8.51,-39.3
2016,44,1.25,0.65,0.62,33.84,65.65,2.08,23.48,11.02,Cabrobó,PE,Nordeste,-8.51,-39.3
2016,45,11.01,0.66,0.68,31.15,75.5,2.09,16.77,8.04,Cabrobó,PE,Nordeste,-8.51,-39.3
2016,46,4.09,0.66,0.66,33.58,68.87,3.03,23.17,10.82,Cabrobó,PE,Nordeste,-8.51,-39.3
2016,47,8.93,0.68,0.71,32.08,73.91,3.46,17.08,8.2,Cabrobó,PE,Nordeste,-8.51,-39.3
2016,48,0.11,0.67,0.66,33.75,66.7,3.65,25.49,11.94,Cabrobó,PE,Nordeste,-8.51,-39.3
2016,49,0.03,0.66,0.64,34.25,64.09,2.68,26.36,12.32,Cabrobó,PE,Nordeste,-8.51,-39.3
2016,50,1.53,0.65,0.64,34.25,69.39,2.97,22.16,10.52,Cabrobó,PE,Nordeste,-8.51,-39.3
2016,51,0.56,0.65,0.63,33.68,67.51,3.19,23.47,11.03,Cabrobó,PE,Nordeste,-8.51,-39.3
2016,52,0.03,0.65,0.62,35.27,62.74,3.98,21.82,10.26,Cabrobó,PE,Nordeste,-8.51,-39.3
2016,53,0.02,0.64,0.61,35.73,60.33,4.05,26.94,12.56,Cabrobó,PE,Nordeste,-8.51,-39.3
2016,54,0.22,0.63,0.6,35.78,62.9,3.35,21.37,10.06,Cabrobó,PE,Nordeste,-8.51,-39.3
2016,55,0.19,0.63,0.6,35.71,64.95,2.93,25.02,11.82,Cabrobó,PE,Nordeste,-8.51,-39.3
2016,56,0.0,0.63,0.6,36.58,59.85,3.25,20.32,9.57,Cabrobó,PE,Nordeste,-8.51,-39.3
2016,57,0.0,0.62,0.59,37.25,56.85,3.53,21.46,10.02,Cabrobó,PE,Nordeste,-8.51,-39.3
2016,58,0.0,0.62,0.58,36.39,56.79,3.73,26.9,12.49,Cabrobó,PE,Nordeste,-8.51,-39.3
2016,59,0.15,0.62,0.58,36.72,57.0,3.29,25.74,12.02,Cabrobó,PE,Nordeste,-8.51,-39.3
2016,60,0.18,0.61,0.56,37.51,55.33,3.34,28.12,13.2,Cabrobó,PE,Nordeste,-8.51,-39.3
2016,61,0.06,0.61,0.54,37.44,51.91,3.6,28.32,13.21,Cabrobó,PE,Nordeste,-8.51,-39.3
2016,62,0.2,0.61,0.52,36.85,53.72,3.58,27.46,12.72,Cabrobó,PE,Nordeste,-8.51,-39.3
2016,63,0.07,0.6,0.49,37.19,55.3,2.79,23.5,11.01,Cabrobó,PE,Nordeste,-8.51,-39.3
2016,64,0.07,0.6,0.48,35.72,60.33,3.12,24.38,11.55,Cabrobó,PE,Nordeste,-8.51,-39.3
2016,65,0.06,0.6,0.46,38.32,53.35,3.6,22.03,10.39,Cabrobó,PE,Nordeste,-8.51,-39.3
2016,66,0.01,0.6,0.44,38.13,51.69,4.07,26.75,12.5,Cabrobó,PE,Nordeste,-8.51,-39.3
2016,67,0.17,0.6,0.43,36.95,53.08,3.19,26.18,12.25,Cabrobó,PE,Nordeste,-8.51,-39.3
2016,68,0.02,0.6,0.42,37.5,53.79,3.46,23.09,10.79,Cabrobó,PE,Nordeste,-8.51,-39.3
2016,69,0.57,0.6,0.41,36.78,55.24,3.28,22.04,10.38,Cabrobó,PE,Nordeste,-8.51,-39.3
2016,70,0.17,0.6,0.41,37.49,53.23,2.91,20.2,9.58,Cabrobó,PE,Nordeste,-8.51,-39.3
2016,71,0.22,0.6,0.4,36.49,54.93,2.94,20.93,9.92,Cabrobó,PE,Nordeste,-8.51,-39.3
2016,72,0.56,0.6,0.4,33.97,59.82,2.12,20.83,9.85,Cabrobó,PE,Nordeste,-8.51,-39.3
2016,73,0.06,0.6,0.39,37.38,49.52,3.75,24.24,11.37,Cabrobó,PE,Nordeste,-8.51,-39.3
2016,74,0.03,0.6,0.38,36.7,53.06,4.65,24.48,11.35,Cabrobó,PE,Nordeste,-8.51,-39.3
2016,75,0.0,0.6,0.38,36.59,52.46,4.12,20.5,9.59,Cabrobó,PE,Nordeste,-8.51,-39.3
2016,76,0.0,0.6,0.36,37.46,51.03,4.34,22.88,10.8,Cabrobó,PE,Nordeste,-8.51,-39.3
2016,77,12.47,0.6,0.42,34.9,64.85,3.33,18.95,9.0,Cabrobó,PE,Nordeste,-8.51,-39.3
2016,78,11.86,0.64,0.68,34.31,70.03,2.76,17.15,8.27,Cabrobó,PE,Nordeste,-8.51,-39.3
2016,79,0.08,0.63,0.6,36.2,61.92,2.76,23.26,11.0,Cabrobó,PE,Nordeste,-8.51,-39.3
2016,80,0.63,0.62,0.61,32.9,66.18,1.99,20.89,9.88,Cabrobó,PE,Nordeste,-8.51,-39.3
2016,81,0.03,0.62,0.6,33.43,66.56,2.34,19.79,9.37,Cabrobó,PE,Nordeste,-8.51,-39.3
2016,82,0.43,0.62,0.59,35.05,68.24,2.41,19.62,9.32,Cabrobó,PE,Nordeste,-8.51,-39.3
2016,83,0.45,0.62,0.59,32.28,71.38,1.49,21.63,10.24,Cabrobó,PE,Nordeste,-8.51,-39.3
2016,84,0.72,0.61,0.58,36.37,61.74,2.58,20.75,9.8,Cabrobó,PE,Nordeste,-8.51,-39.3
2016,85,0.51,0.61,0.56,36.8,55.84,3.69,25.0,11.65,Cabrobó,PE,Nordeste,-8.51,-39.3
2016,86,0.36,0.61,0.52,37.2,55.16,3.6,21.87,10.24,Cabrobó,PE,Nordeste,-8.51,-39.3
2016,87,0.0,0.6,0.48,37.43,54.52,4.04,21.38,10.06,Cabrobó,PE,Nordeste,-8.51,-39.3
2016,88,0.0,0.6,0.44,37.13,51.28,4.21,25.58,11.88,Cabrobó,PE,Nordeste,-8.51,-39.3
2016,89,4.4,0.6,0.42,37.07,58.82,3.34,22.3,10.49,Cabrobó,PE,Nordeste,-8.51,-39.3
2016,90,22.47,0.65,0.7,31.58,78.41,2.88,17.25,8.31,Cabrobó,PE,Nordeste,-8.51,-39.3
2016,91,0.01,0.64,0.61,34.03,62.05,3.56,24.22,11.34,Cabrobó,PE,Nordeste,-8.51,-39.3
2016,92,0.0,0.63,0.6,34.95,62.61,3.12,21.64,10.11,Cabrobó,PE,Nordeste,-8.51,-39.3
2016,93,0.01,0.62,0.6,35.74,59.52,2.77,19.09,8.97,Cabrobó,PE,Nordeste,-8.51,-39.3
2016,94,0.0,0.62,0.6,31.9,66.17,2.55,21.12,9.78,Cabrobó,PE,Nordeste,-8.51,-39.3
2016,95,0.0,0.62,0.59,33.76,61.82,2.88,21.68,10.13,Cabrobó,PE,Nordeste,-8.51,-39.3
2016,96,0.69,0.61,0.58,35.89,66.19,3.44,18.04,8.5,Cabrobó,PE,Nordeste,-8.51,-39.3
2016,97,0.05,0.61,0.56,36.12,60.23,3.54,16.81,7.96,Cabrobó,PE,Nordeste,-8.51,-39.3
2016,98,0.0,0.61,0.52,36.29,60.15,3.16,22.35,10.49,Cabrobó,PE,Nordeste,-8.51,-39.3
2016,99,0.0,0.6,0.48,36.99,56.51,2.31,20.83,9.76,Cabrobó,PE,Nordeste,-8.51,-39.3
2016,100,0.0,0.6,0.44,38.29,50.68,2.89,21.34,10.03,Cabrobó,PE,Nordeste,-8.51,-39.3
2016,101,0.0,0.6,0.41,37.89,49.57,3.77,20.32,9.56,Cabrobó,PE,Nordeste,-8.51,-39.3
2016,102,0.0,0.6,0.39,37.17,54.9,4.33,19.24,9.1,Cabrobó,PE,Nordeste,-8.51,-39.3
2016,103,0.68,0.6,0.39,34.44,54.57,4.47,18.98,8.88,Cabrobó,PE,Nordeste,-8.51,-39.3
2016,104,0.41,0.6,0.39,34.12,57.65,3.98,18.08,8.35,Cabrobó,PE,Nordeste,-8.51,-39.3
2016,105,0.2,0.6,0.39,34.67,59.98,3.94,16.72,7.94,Cabrobó,PE,Nordeste,-8.51,-39.3
2016,106,0.06,0.6,0.38,36.23,56.92,4.34,19.7,9.23,Cabrobó,PE,Nordeste,-8.51,-39.3
2016,107,0.01,0.6,0.37,36.44,54.78,4.97,16.69,7.83,Cabrobó,PE,Nordeste,-8.51,-39.3
2016,108,0.02,0.6,0.36,33.7,56.25,5.13,17.33,8.23,Cabrobó,PE,Nordeste,-8.51,-39.3
2016,109,0.27,0.6,0.36,35.02,59.17,5.45,13.07,6.31,Cabrobó,PE,Nordeste,-8.51,-39.3
2016,110,0.06,0.6,0.36,35.62,53.96,4.79,22.56,10.49,Cabrobó,PE,Nordeste,-8.51,-39.3
2016,111,2.32,0.6,0.36,35.49,60.56,4.23,19.6,9.1,Cabrobó,PE,Nordeste,-8.51,-39.3
2016,112,0.47,0.6,0.41,35.01,61.63,3.8,19.27,8.97,Cabrobó,PE,Nordeste,-8.51,-39.3
2016,113,0.31,0.6,0.4,35.51,60.22,3.65,19.11,8.94,Cabrobó,PE,Nordeste,-8.51,-39.3
2016,114,0.01,0.6,0.39,35.61,54.52,4.27,20.04,9.36,Cabrobó,PE,Nordeste,-8.51,-39.3
2016,115,0.0,0.6,0.37,36.08,53.87,3.95,22.0,10.17,Cabrobó,PE,Nordeste,-8.51,-39.3
2016,116,0.0,0.6,0.36,35.86,56.49,4.3,19.02,8.84,Cabrobó,PE,Nordeste,-8.51,-39.3
2016,117,0.0,0.59,0.35,36.54,52.7,3.32,22.32,10.38,Cabrobó,PE,Nordeste,-8.51,-39.3
2016,118,0.0,0.59,0.33,35.2,51.96,3.35,21.73,10.16,Cabrobó,PE,Nordeste,-8.51,-39.3
2016,119,0.0,0.59,0.32,37.46,48.1,3.51,22.1,10.32,Cabrobó,PE,Nordeste,-8.51,-39.3
2016,120,0.0,0.59,0.31,37.43,48.95,3.91,22.26,10.36,Cabrobó,PE,Nordeste,-8.51,-39.3
2016,121,0.0,0.59,0.31,36.69,51.49,3.94,22.55,10.48,Cabrobó,PE,Nordeste,-8.51,-39.3
2016,122,0.04,0.59,0.3,36.32,49.72,3.15,22.72,10.45,Cabrobó,PE,Nordeste,-8.51,-39.3
2016,123,0.58,0.59,0.3,33.4,62.85,3.53,19.97,9.27,Cabrobó,PE,Nordeste,-8.51,-39.3
2016,124,0.0,0.59,0.3,35.54,53.64,4.3,14.26,6.74,Cabrobó,PE,Nordeste,-8.51,-39.3
2016,125,0.0,0.59,0.3,35.21,50.56,3.79,21.0,9.76,Cabrobó,PE,Nordeste,-8.51,-39.3
2016,126,0.0,0.59,0.29,35.58,49.41,3.32,23.17,10.65,Cabrobó,PE,Nordeste,-8.51,-39.3
2016,127,0.0,0.59,0.28,35.55,52.52,4.21,21.16,9.75,Cabrobó,PE,Nordeste,-8.51,-39.3
2016,128,0.0,0.59,0.28,35.25,52.27,4.23,19.9,9.24,Cabrobó,PE,Nordeste,-8.51,-39.3
2016,129,0.03,0.59,0.27,34.76,53.34,3.95,21.48,9.93,Cabrobó,PE,Nordeste,-8.51,-39.3
2016,130,0.34,0.59,0.27,34.38,58.92,4.07,16.15,7.56,Cabrobó,PE,Nordeste,-8.51,-39.3
2016,131,0.22,0.59,0.27,34.83,62.18,4.16,12.98,6.26,Cabrobó,PE,Nordeste,-8.51,-39.3
2016,132,0.21,0.59,0.27,36.09,60.69,3.81,15.67,7.53,Cabrobó,PE,Nordeste,-8.51,-39.3
2016,133,0.02,0.59,0.27,36.23,56.23,3.33,16.84,7.93,Cabrobó,PE,Nordeste,-8.51,-39.3
2016,134,0.0,0.59,0.27,36.57,51.47,2.84,19.74,9.14,Cabrobó,PE,Nordeste,-8.51,-39.3
2016,135,0.0,0.59,0.26,35.66,50.84,3.78,22.31,10.3,Cabrobó,PE,Nordeste,-8.51,-39.3
2016,136,0.22,0.59,0.26,35.29,58.69,4.27,17.11,8.0,Cabrobó,PE,Nordeste,-8.51,-39.3
2016,137,0.18,0.59,0.26,35.2,62.43,4.29,16.63,7.87,Cabrobó,PE,Nordeste,-8.51,-39.3
2016,138,0.01,0.59,0.26,36.08,56.7,3.36,20.85,9.71,Cabrobó,PE,Nordeste,-8.51,-39.3
2016,139,0.0,0.59,0.25,36.68,50.14,3.41,20.88,9.67,Cabrobó,PE,Nordeste,-8.51,-39.3
2016,140,0.0,0.59,0.25,35.43,52.26,3.9,21.93,10.07,Cabrobó,PE,Nordeste,-8.51,-39.3
2016,141,0.0,0.59,0.25,34.05,53.47,4.13,21.21,9.63,Cabrobó,PE,Nordeste,-8.51,-39.3
2016,142,0.0,0.59,0.24,35.11,54.75,3.7,18.6,8.56,Cabrobó,PE,Nordeste,-8.51,-39.3
2016,143,0.0,0.59,0.24,35.6,50.09,3.47,22.67,10.46,Cabrobó,PE,Nordeste,-8.51,-39.3
2016,144,0.05,0.59,0.24,36.13,58.29,2.99,15.92,7.48,Cabrobó,PE,Nordeste,-8.51,-39.3
2016,145,28.33,0.61,0.49,33.36,71.2,3.19,15.6,7.38,Cabrobó,PE,Nordeste,-8.51,-39.3
2016,146,12.42,0.66,0.71,30.51,78.65,3.82,11.85,5.79,Cabrobó,PE,Nordeste,-8.51,-39.3
2016,147,0.28,0.65,0.63,30.47,72.34,4.05,13.75,6.49,Cabrobó,PE,Nordeste,-8.51,-39.3
2016,148,0.01,0.64,0.62,31.3,70.17,3.0,17.77,8.28,Cabrobó,PE,Nordeste,-8.51,-39.3
2016,149,0.0,0.63,0.61,32.55,70.0,3.31,18.4,8.54,Cabrobó,PE,Nordeste,-8.51,-39.3
2016,150,0.07,0.63,0.61,32.16,72.98,3.06,16.25,7.61,Cabrobó,PE,Nordeste,-8.51,-39.3
2016,151,0.67,0.63,0.6,31.54,75.18,3.52,11.72,5.66,Cabrobó,PE,Nordeste,-8.51,-39.3
2016,152,0.1,0.62,0.59,32.79,68.23,3.4,16.57,7.76,Cabrobó,PE,Nordeste,-8.51,-39.3
2016,153,0.0,0.62,0.58,33.9,64.6,3.4,20.79,9.56,Cabrobó,PE,Nordeste,-8.51,-39.3
2016,154,0.0,0.62,0.58,30.4,70.97,2.43,20.73,9.51,Cabrobó,PE,Nordeste,-8.51,-39.3
2016,155,0.0,0.61,0.57,33.1,68.97,2.6,19.3,8.97,Cabrobó,PE,Nordeste,-8.51,-39.3
2016,156,0.16,0.61,0.56,34.68,65.97,2.9,20.49,9.7,Cabrobó,PE,Nordeste,-8.51,-39.3
2016,157,4.32,0.61,0.59,34.67,61.9,3.38,16.06,7.64,Cabrobó,PE,Nordeste,-8.51,-39.3
2016,158,0.41,0.61,0.57,34.07,62.8,2.48,21.08,9.7,Cabrobó,PE,Nordeste,-8.51,-39.3
2016,159,0.0,0.61,0.56,33.93,64.57,1.94,20.25,9.5,Cabrobó,PE,Nordeste,-8.51,-39.3
2016,160,0.0,0.61,0.54,35.1,57.2,1.69,21.36,9.81,Cabrobó,PE,Nordeste,-8.51,-39.3
2016,161,0.0,0.6,0.51,35.28,55.8,2.28,20.68,9.47,Cabrobó,PE,Nordeste,-8.51,-39.3
2016,162,0.0,0.6,0.48,34.32,57.7,2.36,19.22,8.83,Cabrobó,PE,Nordeste,-8.51,-39.3
2016,163,0.0,0.6,0.45,34.39,56.32,2.21,21.24,9.69,Cabrobó,PE,Nordeste,-8.51,-39.3
2016,164,0.0,0.6,0.42,34.58,51.96,3.28,21.71,9.9,Cabrobó,PE,Nordeste,-8.51,-39.3
2016,165,0.0,0.6,0.4,33.43,53.17,3.79,21.72,9.97,Cabrobó,PE,Nordeste,-8.51,-39.3
2016,166,0.0,0.6,0.39,32.48,56.45,3.99,19.48,8.96,Cabrobó,PE,Nordeste,-8.51,-39.3
2016,167,0.02,0.6,0.39,32.87,59.7,3.98,12.62,5.92,Cabrobó,PE,Nordeste,-8.51,-39.3
2016,168,0.22,0.6,0.38,32.38,67.54,3.56,12.05,5.72,Cabrobó,PE,Nordeste,-8.51,-39.3
2016,169,0.1,0.6,0.38,33.44,61.11,3.97,12.44,6.02,Cabrobó,PE,Nordeste,-8.51,-39.3
2016,170,0.0,0.6,0.37,33.65,58.71,3.74,18.39,8.56,Cabrobó,PE,Nordeste,-8.51,-39.3
2016,171,0.04,0.6,0.36,33.7,63.03,4.27,15.9,7.39,Cabrobó,PE,Nordeste,-8.51,-39.3
2016,172,0.08,0.6,0.36,32.6,57.78,4.4,13.94,6.42,Cabrobó,PE,Nordeste,-8.51,-39.3
2016,173,0.0,0.6,0.35,32.69,61.16,4.37,19.47,9.03,Cabrobó,PE,Nordeste,-8.51,-39.3
2016,174,1.1,0.6,0.36,31.58,67.96,5.14,12.49,6.03,Cabrobó,PE,Nordeste,-8.51,-39.3
2016,175,0.53,0.6,0.38,32.18,64.91,4.4,18.01,8.42,Cabrobó,PE,Nordeste,-8.51,-39.3
2016,176,1.04,0.6,0.39,31.81,63.3,3.91,15.51,7.21,Cabrobó,PE,Nordeste,-8.51,-39.3
2016,177,1.08,0.6,0.39,32.08,65.63,4.5,16.17,7.53,Cabrobó,PE,Nordeste,-8.51,-39.3
2016,178,3.52,0.6,0.53,29.39,69.56,5.22,14.35,6.76,Cabrobó,PE,Nordeste,-8.51,-39.3
2016,179,0.39,0.6,0.51,29.15,73.93,4.66,13.29,6.23,Cabrobó,PE,Nordeste,-8.51,-39.3
2016,180,0.02,0.6,0.48,30.36,66.47,4.37,13.45,6.24,Cabrobó,PE,Nordeste,-8.51,-39.3
2016,181,0.04,0.6,0.45,30.6,63.62,4.23,17.02,7.79,Cabrobó,PE,Nordeste,-8.51,-39.3
2016,182,0.0,0.6,0.43,31.05,65.41,4.63,18.55,8.5,Cabrobó,PE,Nordeste,-8.51,-39.3
2016,183,0.03,0.6,0.41,31.59,67.54,5.06,15.38,7.12,Cabrobó,PE,Nordeste,-8.51,-39.3
2016,184,0.2,0.6,0.4,31.19,65.24,5.04,14.95,7.03,Cabrobó,PE,Nordeste,-8.51,-39.3
2016,185,0.81,0.6,0.41,31.43,65.08,4.76,15.9,7.41,Cabrobó,PE,Nordeste,-8.51,-39.3
2016,186,0.4,0.6,0.4,31.44,65.85,4.94,17.35,8.0,Cabrobó,PE,Nordeste,-8.51,-39.3
2016,187,0.04,0.6,0.39,31.6,68.15,4.76,18.0,8.41,Cabrobó,PE,Nordeste,-8.51,-39.3
2016,188,0.09,0.6,0.38,31.55,64.76,4.22,14.78,6.87,Cabrobó,PE,Nordeste,-8.51,-39.3
2016,189,0.08,0.6,0.37,33.18,62.65,3.46,20.79,9.69,Cabrobó,PE,Nordeste,-8.51,-39.3
2016,190,0.0,0.6,0.35,34.25,57.92,3.5,18.43,8.64,Cabrobó,PE,Nordeste,-8.51,-39.3
2016,191,0.0,0.59,0.34,32.7,59.61,4.17,19.18,8.87,Cabrobó,PE,Nordeste,-8.51,-39.3
2016,192,0.0,0.59,0.33,32.82,60.98,4.15,20.64,9.51,Cabrobó,PE,Nordeste,-8.51,-39.3
2016,193,0.03,0.59,0.32,32.73,62.92,4.43,13.62,6.36,Cabrobó,PE,Nordeste,-8.51,-39.3
2016,194,0.02,0.59,0.31,32.52,59.74,3.81,16.35,7.52,Cabrobó,PE,Nordeste,-8.51,-39.3
2016,195,0.0,0.59,0.31,33.14,59.19,3.88,19.05,8.8,Cabrobó,PE,Nordeste,-8.51,-39.3
2016,196,0.0,0.59,0.3,33.19,57.92,4.4,20.91,9.59,Cabrobó,PE,Nordeste,-8.51,-39.3
2016,197,0.0,0.59,0.29,32.91,56.65,4.28,20.4,9.33,Cabrobó,PE,Nordeste,-8.51,-39.3
2016,198,0.0,0.59,0.29,33.38,52.13,2.69,22.65,10.22,Cabrobó,PE,Nordeste,-8.51,-39.3
2016,199,0.0,0.59,0.28,34.52,48.64,2.0,22.55,10.28,Cabrobó,PE,Nordeste,-8.51,-39.3
2016,200,0.0,0.59,0.27,35.66,47.04,2.94,21.97,10.05,Cabrobó,PE,Nordeste,-8.51,-39.3
2016,201,0.0,0.59,0.26,34.22,53.37,4.58,22.12,10.13,Cabrobó,PE,Nordeste,-8.51,-39.3
2016,202,0.0,0.59,0.26,32.63,55.35,4.31,21.84,9.93,Cabrobó,PE,Nordeste,-8.51,-39.3
2016,203,0.0,0.59,0.26,32.49,48.7,3.87,22.48,10.17,Cabrobó,PE,Nordeste,-8.51,-39.3
2016,204,0.0,0.59,0.25,32.04,55.11,4.16,23.15,10.48,Cabrobó,PE,Nordeste,-8.51,-39.3
2016,205,0.0,0.59,0.25,31.87,59.16,4.95,18.56,8.53,Cabrobó,PE,Nordeste,-8.51,-39.3
2016,206,0.01,0.59,0.25,32.24,57.64,4.67,19.75,9.05,Cabrobó,PE,Nordeste,-8.51,-39.3
2016,207,0.0,0.59,0.24,31.9,56.49,5.06,21.85,9.96,Cabrobó,PE,Nordeste,-8.51,-39.3
2016,208,0.0,0.59,0.24,31.8,56.49,4.41,21.56,9.81,Cabrobó,PE,Nordeste,-8.51,-39.3
2016,209,0.01,0.59,0.24,32.16,56.44,4.31,20.79,9.51,Cabrobó,PE,Nordeste,-8.51,-39.3
2016,210,0.35,0.59,0.24,33.19,60.89,4.73,20.76,9.57,Cabrobó,PE,Nordeste,-8.51,-39.3
2016,211,0.71,0.59,0.26,31.5,56.97,5.44,18.12,8.32,Cabrobó,PE,Nordeste,-8.51,-39.3
2016,212,0.8,0.59,0.28,31.36,65.05,5.3,17.88,8.3,Cabrobó,PE,Nordeste,-8.51,-39.3
2016,213,0.46,0.59,0.29,31.2,59.56,5.66,22.16,10.14,Cabrobó,PE,Nordeste,-8.51,-39.3
2016,214,0.12,0.59,0.29,30.91,59.97,4.63,15.3,7.12,Cabrobó,PE,Nordeste,-8.51,-39.3
2016,215,0.03,0.59,0.28,32.46,56.85,4.41,21.87,9.99,Cabrobó,PE,Nordeste,-8.51,-39.3
2016,216,0.0,0.59,0.28,32.5,54.84,4.56,21.69,9.94,Cabrobó,PE,Nordeste,-8.51,-39.3
2016,217,0.0,0.59,0.27,31.9,53.93,4.71,23.84,10.88,Cabrobó,PE,Nordeste,-8.51,-39.3
2016,218,0.0,0.59,0.27,32.73,54.75,4.35,22.02,10.12,Cabrobó,PE,Nordeste,-8.51,-39.3
2016,219,0.0,0.59,0.26,32.93,55.08,4.28,22.58,10.31,Cabrobó,PE,Nordeste,-8.51,-39.3
2016,220,0.0,0.59,0.26,33.6,53.17,3.84,24.26,11.0,Cabrobó,PE,Nordeste,-8.51,-39.3
2016,221,0.0,0.59,0.25,33.84,52.25,3.25,24.2,11.04,Cabrobó,PE,Nordeste,-8.51,-39.3
2016,222,0.0,0.59,0.25,33.55,51.03,4.16,18.47,8.44,Cabrobó,PE,Nordeste,-8.51,-39.3
2016,223,0.0,0.59,0.24,34.86,52.34,3.54,23.81,10.79,Cabrobó,PE,Nordeste,-8.51,-39.3
2016,224,0.0,0.59,0.24,35.59,50.92,3.97,24.04,10.92,Cabrobó,PE,Nordeste,-8.51,-39.3
2016,225,0.0,0.59,0.23,35.65,46.32,4.49,23.79,10.71,Cabrobó,PE,Nordeste,-8.51,-39.3
2016,226,0.0,0.59,0.23,33.26,50.63,4.46,23.26,10.6,Cabrobó,PE,Nordeste,-8.51,-39.3
2016,227,0.0,0.59,0.23,34.21,49.77,3.99,23.97,10.98,Cabrobó,PE,Nordeste,-8.51,-39.3
2016,228,0.0,0.59,0.22,34.76,47.12,3.3,24.62,11.19,Cabrobó,PE,Nordeste,-8.51,-39.3
2016,229,0.0,0.59,0.22,36.02,50.03,3.35,24.09,10.98,Cabrobó,PE,Nordeste,-8.51,-39.3
2016,230,0.0,0.59,0.21,36.39,47.12,4.06,23.17,10.57,Cabrobó,PE,Nordeste,-8.51,-39.3
2016,231,0.0,0.59,0.21,36.15,47.08,4.23,24.08,10.98,Cabrobó,PE,Nordeste,-8.51,-39.3
2016,232,0.0,0.59,0.21,34.58,51.72,5.1,21.78,9.95,Cabrobó,PE,Nordeste,-8.51,-39.3
2016,233,0.04,0.59,0.21,34.61,55.69,4.7,18.42,8.55,Cabrobó,PE,Nordeste,-8.51,-39.3
2016,234,0.0,0.59,0.21,34.91,50.74,3.38,22.63,10.36,Cabrobó,PE,Nordeste,-8.51,-39.3
2016,235,0.0,0.59,0.2,36.91,46.6,3.25,25.12,11.41,Cabrobó,PE,Nordeste,-8.51,-39.3
2016,236,0.0,0.59,0.2,35.11,50.03,5.25,23.27,10.66,Cabrobó,PE,Nordeste,-8.51,-39.3
2016,237,0.01,0.59,0.2,34.12,56.52,5.87,21.17,9.71,Cabrobó,PE,Nordeste,-8.51,-39.3
2016,238,0.02,0.59,0.2,33.65,56.91,5.69,17.25,8.06,Cabrobó,PE,Nordeste,-8.51,-39.3
2016,239,0.26,0.59,0.2,34.25,58.71,5.13,15.04,7.15,Cabrobó,PE,Nordeste,-8.51,-39.3
2016,240,0.19,0.59,0.2,34.01,58.69,6.01,18.65,8.77,Cabrobó,PE,Nordeste,-8.51,-39.3
2016,241,0.01,0.59,0.2,33.11,56.96,5.42,22.19,10.06,Cabrobó,PE,Nordeste,-8.51,-39.3
2016,242,0.0,0.59,0.2,34.2,52.52,4.68,24.55,11.18,Cabrobó,PE,Nordeste,-8.51,-39.3
2016,243,0.0,0.59,0.2,35.91,52.65,5.14,25.0,11.36,Cabrobó,PE,Nordeste,-8.51,-39.3
2016,244,0.17,0.59,0.2,34.71,56.68,5.43,19.01,8.78,Cabrobó,PE,Nordeste,-8.51,-39.3
2016,245,0.29,0.59,0.21,34.69,52.37,5.4,23.32,10.71,Cabrobó,PE,Nordeste,-8.51,-39.3
2016,246,0.0,0.59,0.21,34.06,53.71,5.87,23.27,10.67,Cabrobó,PE,Nordeste,-8.51,-39.3
2016,247,0.3,0.59,0.21,33.84,58.28,5.85,23.92,10.99,Cabrobó,PE,Nordeste,-8.51,-39.3
2016,248,0.49,0.59,0.22,33.75,57.42,5.59,23.33,10.75,Cabrobó,PE,Nordeste,-8.51,-39.3
2016,249,0.02,0.59,0.22,33.38,55.65,5.73,18.48,8.58,Cabrobó,PE,Nordeste,-8.51,-39.3
2016,250,0.0,0.59,0.22,33.83,52.97,5.07,23.35,10.79,Cabrobó,PE,Nordeste,-8.51,-39.3
2016,251,0.0,0.59,0.21,34.7,51.99,5.14,25.0,11.45,Cabrobó,PE,Nordeste,-8.51,-39.3
2016,252,0.0,0.59,0.21,35.25,49.5,4.93,24.94,11.43,Cabrobó,PE,Nordeste,-8.51,-39.3
2016,253,0.0,0.59,0.21,34.29,49.0,5.24,27.0,12.26,Cabrobó,PE,Nordeste,-8.51,-39.3
2016,254,0.01,0.59,0.21,34.32,52.43,5.53,21.42,9.99,Cabrobó,PE,Nordeste,-8.51,-39.3
2016,255,0.01,0.59,0.2,34.38,56.7,5.66,16.94,8.14,Cabrobó,PE,Nordeste,-8.51,-39.3
2016,256,0.0,0.59,0.2,33.59,53.49,5.29,21.24,9.97,Cabrobó,PE,Nordeste,-8.51,-39.3
2016,257,0.0,0.59,0.2,34.6,48.29,5.31,26.41,12.06,Cabrobó,PE,Nordeste,-8.51,-39.3
2016,258,0.0,0.59,0.2,35.37,51.57,4.6,26.02,11.97,Cabrobó,PE,Nordeste,-8.51,-39.3
2016,259,0.0,0.59,0.19,36.38,48.47,4.39,26.41,12.18,Cabrobó,PE,Nordeste,-8.51,-39.3
2016,260,0.0,0.59,0.19,37.29,44.18,4.14,26.89,12.36,Cabrobó,PE,Nordeste,-8.51,-39.3
2016,261,0.0,0.59,0.19,36.27,51.16,5.26,21.07,9.74,Cabrobó,PE,Nordeste,-8.51,-39.3
2016,262,0.0,0.59,0.19,35.63,47.83,4.98,26.22,11.9,Cabrobó,PE,Nordeste,-8.51,-39.3
2016,263,0.0,0.59,0.18,35.62,42.65,3.75,27.55,12.44,Cabrobó,PE,Nordeste,-8.51,-39.3
2016,264,0.0,0.59,0.18,36.95,44.06,3.34,26.96,12.18,Cabrobó,PE,Nordeste,-8.51,-39.3
2016,265,0.0,0.59,0.18,38.23,41.84,2.82,26.37,12.09,Cabrobó,PE,Nordeste,-8.51,-39.3
2016,266,0.0,0.59,0.18,38.29,43.35,4.73,22.88,10.61,Cabrobó,PE,Nordeste,-8.51,-39.3
2016,267,0.0,0.59,0.18,36.72,48.99,5.29,18.4,8.66,Cabrobó,PE,Nordeste,-8.51,-39.3
2016,268,0.0,0.59,0.17,36.23,48.27,4.75,23.39,10.87,Cabrobó,PE,Nordeste,-8.51,-39.3
2016,269,0.0,0.59,0.17,37.55,42.38,3.71,27.3,12.48,Cabrobó,PE,Nordeste,-8.51,-39.3
2016,270,0.03,0.59,0.17,38.17,42.24,3.35,25.44,11.73,Cabrobó,PE,Nordeste,-8.51,-39.3
2016,271,0.12,0.59,0.17,37.56,43.33,3.92,20.71,9.58,Cabrobó,PE,Nordeste,-8.51,-39.3
2016,272,0.01,0.59,0.17,37.4,46.63,4.99,25.21,11.62,Cabrobó,PE,Nordeste,-8.51,-39.3
2016,273,0.0,0.59,0.17,37.25,45.6,4.86,22.06,10.27,Cabrobó,PE,Nordeste,-8.51,-39.3
2016,274,0.0,0.59,0.17,38.07,42.61,4.11,24.76,11.39,Cabrobó,PE,Nordeste,-8.51,-39.3
2016,275,0.0,0.59,0.16,37.92,42.59,4.9,25.4,11.66,Cabrobó,PE,Nordeste,-8.51,-39.3
2016,276,0.0,0.59,0.16,37.16,46.75,6.3,25.83,11.78,Cabrobó,PE,Nordeste,-8.51,-39.3
2016,277,0.0,0.59,0.16,37.08,47.87,5.77,26.88,12.31,Cabrobó,PE,Nordeste,-8.51,-39.3
2016,278,0.0,0.59,0.16,37.39,45.71,4.36,24.5,11.16,Cabrobó,PE,Nordeste,-8.51,-39.3
2016,279,0.0,0.59,0.16,38.71,42.35,2.56,26.5,12.15,Cabrobó,PE,Nordeste,-8.51,-39.3
2016,280,0.18,0.59,0.16,37.79,38.86,2.44,22.97,10.61,Cabrobó,PE,Nordeste,-8.51,-39.3
2016,281,0.2,0.59,0.16,36.84,44.0,2.79,21.31,9.94,Cabrobó,PE,Nordeste,-8.51,-39.3
2016,282,0.04,0.59,0.16,38.72,39.64,3.43,25.0,11.7,Cabrobó,PE,Nordeste,-8.51,-39.3
2016,283,0.0,0.59,0.16,38.9,35.44,4.68,27.23,12.31,Cabrobó,PE,Nordeste,-8.51,-39.3
2016,284,0.0,0.59,0.16,36.94,45.05,6.28,28.38,12.88,Cabrobó,PE,Nordeste,-8.51,-39.3
2016,285,0.0,0.59,0.16,36.14,48.55,6.62,26.1,11.92,Cabrobó,PE,Nordeste,-8.51,-39.3
2016,286,0.0,0.59,0.16,35.99,52.43,6.1,20.66,9.59,Cabrobó,PE,Nordeste,-8.51,-39.3
2016,287,0.01,0.59,0.16,36.54,50.54,6.03,22.08,10.23,Cabrobó,PE,Nordeste,-8.51,-39.3
2016,288,0.01,0.59,0.16,36.72,49.64,6.01,25.38,11.63,Cabrobó,PE,Nordeste,-8.51,-39.3
2016,289,0.01,0.59,0.16,36.1,48.96,5.98,24.73,11.31,Cabrobó,PE,Nordeste,-8.51,-39.3
2016,290,0.0,0.59,0.16,36.95,48.87,5.72,27.91,12.78,Cabrobó,PE,Nordeste,-8.51,-39.3
2016,291,0.02,0.59,0.16,37.11,48.21,4.89,26.1,12.01,Cabrobó,PE,Nordeste,-8.51,-39.3
2016,292,0.0,0.59,0.16,37.35,44.68,4.19,27.29,12.56,Cabrobó,PE,Nordeste,-8.51,-39.3
2016,293,0.0,0.59,0.15,38.14,42.6,4.05,28.08,12.87,Cabrobó,PE,Nordeste,-8.51,-39.3
2016,294,0.0,0.59,0.15,38.02,43.6,3.46,22.12,10.2,Cabrobó,PE,Nordeste,-8.51,-39.3
2016,295,0.09,0.59,0.15,37.9,44.55,3.9,20.85,9.67,Cabrobó,PE,Nordeste,-8.51,-39.3
2016,296,0.02,0.59,0.15,38.31,44.16,4.99,20.75,9.6,Cabrobó,PE,Nordeste,-8.51,-39.3
2016,297,0.0,0.59,0.15,37.46,45.46,5.74,24.35,11.23,Cabrobó,PE,Nordeste,-8.51,-39.3
2016,298,0.0,0.59,0.15,35.66,48.28,5.1,21.26,9.88,Cabrobó,PE,Nordeste,-8.51,-39.3
2016,299,0.0,0.59,0.15,37.12,44.48,4.63,26.84,12.15,Cabrobó,PE,Nordeste,-8.51,-39.3
2016,300,0.0,0.59,0.15,37.55,45.38,5.14,27.99,12.81,Cabrobó,PE,Nordeste,-8.51,-39.3
2016,301,0.0,0.59,0.15,37.34,44.47,4.6,28.63,13.0,Cabrobó,PE,Nordeste,-8.51,-39.3
2016,302,0.0,0.59,0.15,38.47,37.5,3.75,28.69,12.95,Cabrobó,PE,Nordeste,-8.51,-39.3
2016,303,0.0,0.58,0.15,38.8,38.15,4.08,29.0,13.03,Cabrobó,PE,Nordeste,-8.51,-39.3
2016,304,0.0,0.58,0.15,37.19,48.35,5.98,22.74,10.52,Cabrobó,PE,Nordeste,-8.51,-39.3
2016,305,0.0,0.58,0.15,37.35,48.06,5.5,25.44,11.67,Cabrobó,PE,Nordeste,-8.51,-39.3
2016,306,0.0,0.58,0.14,37.28,46.01,5.91,25.79,11.82,Cabrobó,PE,Nordeste,-8.51,-39.3
2016,307,0.0,0.58,0.14,37.1,47.89,6.17,26.07,11.9,Cabrobó,PE,Nordeste,-8.51,-39.3
2016,308,0.0,0.58,0.14,36.3,51.16,6.12,22.51,10.45,Cabrobó,PE,Nordeste,-8.51,-39.3
2016,309,0.0,0.58,0.14,36.53,47.85,5.86,24.26,11.17,Cabrobó,PE,Nordeste,-8.51,-39.3
2016,310,0.0,0.58,0.14,36.44,49.18,5.99,25.67,11.76,Cabrobó,PE,Nordeste,-8.51,-39.3
2016,311,0.0,0.58,0.14,36.52,50.54,6.1,25.38,11.64,Cabrobó,PE,Nordeste,-8.51,-39.3
2016,312,0.01,0.58,0.14,36.1,47.76,5.23,23.56,10.84,Cabrobó,PE,Nordeste,-8.51,-39.3
2016,313,0.0,0.58,0.14,37.58,44.51,4.56,25.69,11.82,Cabrobó,PE,Nordeste,-8.51,-39.3
2016,314,0.01,0.58,0.14,33.11,51.79,4.0,18.01,8.45,Cabrobó,PE,Nordeste,-8.51,-39.3
2016,315,0.15,0.58,0.14,36.5,44.24,4.52,19.03,8.88,Cabrobó,PE,Nordeste,-8.51,-39.3
2016,316,0.01,0.58,0.14,38.12,41.1,3.23,21.92,10.18,Cabrobó,PE,Nordeste,-8.51,-39.3
2016,317,0.01,0.58,0.14,37.41,41.11,3.13,24.28,11.33,Cabrobó,PE,Nordeste,-8.51,-39.3
2016,318,0.51,0.58,0.15,37.98,41.4,3.34,23.45,10.96,Cabrobó,PE,Nordeste,-8.51,-39.3
2016,319,0.19,0.59,0.16,34.75,47.68,2.64,23.61,11.07,Cabrobó,PE,Nordeste,-8.51,-39.3
2016,320,0.04,0.59,0.16,38.78,38.59,2.8,22.6,10.61,Cabrobó,PE,Nordeste,-8.51,-39.3
2016,321,0.32,0.59,0.16,39.54,37.68,3.54,21.05,9.92,Cabrobó,PE,Nordeste,-8.51,-39.3
2016,322,0.61,0.59,0.18,39.14,38.85,3.38,23.56,11.07,Cabrobó,PE,Nordeste,-8.51,-39.3
2016,323,0.0,0.59,0.18,37.67,38.0,2.5,27.59,12.87,Cabrobó,PE,Nordeste,-8.51,-39.3
2016,324,0.3,0.59,0.19,38.25,39.15,2.79,18.89,8.91,Cabrobó,PE,Nordeste,-8.51,-39.3
2016,325,0.39,0.59,0.19,37.1,42.22,2.9,18.35,8.73,Cabrobó,PE,Nordeste,-8.51,-39.3
2016,326,0.11,0.59,0.2,37.69,42.9,4.27,19.74,9.15,Cabrobó,PE,Nordeste,-8.51,-39.3
2016,327,0.0,0.59,0.19,38.69,41.49,4.25,26.01,11.93,Cabrobó,PE,Nordeste,-8.51,-39.3
2016,328,0.0,0.59,0.19,39.65,38.17,3.84,28.1,12.95,Cabrobó,PE,Nordeste,-8.51,-39.3
2016,329,0.0,0.59,0.19,39.81,35.05,3.84,28.5,13.15,Cabrobó,PE,Nordeste,-8.51,-39.3
2016,330,0.0,0.59,0.18,39.74,34.18,4.56,29.12,13.31,Cabrobó,PE,Nordeste,-8.51,-39.3
2016,331,0.0,0.59,0.18,37.92,42.43,4.98,29.27,13.22,Cabrobó,PE,Nordeste,-8.51,-39.3
2016,332,0.0,0.59,0.18,37.64,44.56,4.45,28.68,13.14,Cabrobó,PE,Nordeste,-8.51,-39.3
2016,333,0.0,0.59,0.18,37.62,42.15,3.89,25.71,11.78,Cabrobó,PE,Nordeste,-8.51,-39.3
2016,334,0.0,0.59,0.17,38.58,38.32,3.46,29.1,13.14,Cabrobó,PE,Nordeste,-8.51,-39.3
2016,335,0.0,0.59,0.17,39.02,36.63,3.02,26.53,12.22,Cabrobó,PE,Nordeste,-8.51,-39.3
2016,336,0.15,0.59,0.17,38.69,38.48,4.04,25.12,11.57,Cabrobó,PE,Nordeste,-8.51,-39.3
2016,337,0.17,0.59,0.17,38.03,44.02,4.29,23.34,10.82,Cabrobó,PE,Nordeste,-8.51,-39.3
2016,338,0.0,0.59,0.17,38.05,41.64,3.47,27.57,12.69,Cabrobó,PE,Nordeste,-8.51,-39.3
2016,339,0.0,0.59,0.17,39.4,33.66,2.88,28.36,13.16,Cabrobó,PE,Nordeste,-8.51,-39.3
2016,340,0.0,0.59,0.17,40.32,32.6,2.99,26.65,12.35,Cabrobó,PE,Nordeste,-8.51,-39.3
2016,341,0.0,0.59,0.16,40.29,32.68,2.82,27.19,12.66,Cabrobó,PE,Nordeste,-8.51,-39.3
2016,342,0.0,0.59,0.16,38.83,36.31,2.46,26.24,12.19,Cabrobó,PE,Nordeste,-8.51,-39.3
2016,343,0.1,0.59,0.16,38.32,38.91,2.34,25.73,11.88,Cabrobó,PE,Nordeste,-8.51,-39.3
2016,344,0.19,0.59,0.16,39.11,37.09,3.06,22.56,10.49,Cabrobó,PE,Nordeste,-8.51,-39.3
2016,345,0.03,0.59,0.16,39.98,35.63,3.27,24.04,11.12,Cabrobó,PE,Nordeste,-8.51,-39.3
2016,346,1.18,0.59,0.18,37.04,41.22,2.69,22.73,10.6,Cabrobó,PE,Nordeste,-8.51,-39.3
2016,347,0.29,0.59,0.21,38.77,40.03,2.55,25.79,12.05,Cabrobó,PE,Nordeste,-8.51,-39.3
2016,348,1.76,0.59,0.23,37.65,44.73,2.82,17.46,8.41,Cabrobó,PE,Nordeste,-8.51,-39.3
2016,349,0.76,0.59,0.27,37.65,37.94,2.63,23.08,10.79,Cabrobó,PE,Nordeste,-8.51,-39.3
2016,350,0.85,0.59,0.27,37.59,39.24,3.67,24.76,11.47,Cabrobó,PE,Nordeste,-8.51,-39.3
2016,351,25.28,0.63,0.64,33.17,58.09,4.47,12.0,5.91,Cabrobó,PE,Nordeste,-8.51,-39.3
2016,352,0.79,0.63,0.61,33.87,61.08,4.27,22.25,10.44,Cabrobó,PE,Nordeste,-8.51,-39.3
2016,353,0.3,0.62,0.6,32.19,60.33,4.19,19.5,9.22,Cabrobó,PE,Nordeste,-8.51,-39.3
2016,354,0.06,0.62,0.59,33.6,58.91,3.41,11.21,5.52,Cabrobó,PE,Nordeste,-8.51,-39.3
2016,355,0.01,0.61,0.58,34.23,57.63,4.47,18.0,8.54,Cabrobó,PE,Nordeste,-8.51,-39.3
2016,356,0.01,0.61,0.55,35.41,57.1,4.72,18.98,8.92,Cabrobó,PE,Nordeste,-8.51,-39.3
2016,357,0.0,0.6,0.52,36.47,55.85,5.0,21.87,10.27,Cabrobó,PE,Nordeste,-8.51,-39.3
2016,358,0.0,0.6,0.47,36.44,52.01,4.85,26.86,12.38,Cabrobó,PE,Nordeste,-8.51,-39.3
2016,359,0.0,0.6,0.42,36.52,47.54,3.81,25.25,11.58,Cabrobó,PE,Nordeste,-8.51,-39.3
2016,360,0.01,0.6,0.39,36.62,49.97,3.26,26.11,12.01,Cabrobó,PE,Nordeste,-8.51,-39.3
2016,361,0.08,0.6,0.37,36.95,48.25,4.0,24.4,11.38,Cabrobó,PE,Nordeste,-8.51,-39.3
2016,362,0.04,0.6,0.35,38.59,46.61,5.12,27.03,12.47,Cabrobó,PE,Nordeste,-8.51,-39.3
2016,363,0.37,0.59,0.34,34.97,50.34,4.79,23.23,10.77,Cabrobó,PE,Nordeste,-8.51,-39.3
2016,364,0.43,0.59,0.34,37.31,49.97,4.94,23.27,10.83,Cabrobó,PE,Nordeste,-8.51,-39.3
2016,365,0.0,0.59,0.34,35.66,47.87,4.73,24.7,11.4,Cabrobó,PE,Nordeste,-8.51,-39.3
2016,366,0.0,0.59,0.33,37.57,45.58,4.69,27.06,12.47,Cabrobó,PE,Nordeste,-8.51,-39.3
2017,1,0.01,0.59,0.31,38.09,47.17,4.82,23.88,11.15,Cabrobó,PE,Nordeste,-8.51,-39.3
2017,2,0.0,0.59,0.3,38.75,44.74,4.2,25.34,11.66,Cabrobó,PE,Nordeste,-8.51,-39.3
2017,3,0.0,0.59,0.29,37.75,42.23,3.4,23.27,10.84,Cabrobó,PE,Nordeste,-8.51,-39.3
2017,4,0.04,0.59,0.29,36.89,42.66,3.73,22.33,10.47,Cabrobó,PE,Nordeste,-8.51,-39.3
2017,5,0.06,0.59,0.28,37.55,45.21,5.04,24.99,11.56,Cabrobó,PE,Nordeste,-8.51,-39.3
2017,6,0.0,0.59,0.28,36.38,46.2,4.72,22.67,10.4,Cabrobó,PE,Nordeste,-8.51,-39.3
2017,7,0.0,0.59,0.27,35.91,46.63,4.15,27.16,12.53,Cabrobó,PE,Nordeste,-8.51,-39.3
2017,8,0.0,0.59,0.27,36.44,42.55,3.61,26.76,12.29,Cabrobó,PE,Nordeste,-8.51,-39.3
2017,9,0.0,0.59,0.26,37.1,45.15,3.44,25.45,11.72,Cabrobó,PE,Nordeste,-8.51,-39.3
2017,10,1.37,0.59,0.28,34.7,53.0,3.14,22.37,10.51,Cabrobó,PE,Nordeste,-8.51,-39.3
2017,11,0.06,0.59,0.3,35.17,47.9,1.64,20.1,9.57,Cabrobó,PE,Nordeste,-8.51,-39.3
2017,12,0.38,0.59,0.29,37.55,42.41,2.62,24.76,11.66,Cabrobó,PE,Nordeste,-8.51,-39.3
2017,13,0.54,0.59,0.29,38.82,45.35,3.71,24.83,11.59,Cabrobó,PE,Nordeste,-8.51,-39.3
2017,14,0.03,0.59,0.29,34.78,49.09,1.98,23.24,10.81,Cabrobó,PE,Nordeste,-8.51,-39.3
2017,15,0.07,0.59,0.28,37.26,47.76,3.35,24.29,11.3,Cabrobó,PE,Nordeste,-8.51,-39.3
2017,16,0.56,0.59,0.28,37.02,45.63,3.7,26.45,12.25,Cabrobó,PE,Nordeste,-8.51,-39.3
2017,17,0.16,0.59,0.28,36.83,44.18,3.35,22.02,10.28,Cabrobó,PE,Nordeste,-8.51,-39.3
2017,18,0.12,0.59,0.27,35.41,50.3,3.28,20.95,9.76,Cabrobó,PE,Nordeste,-8.51,-39.3
2017,19,0.18,0.59,0.27,36.88,45.6,4.14,21.65,10.14,Cabrobó,PE,Nordeste,-8.51,-39.3
2017,20,0.13,0.59,0.26,37.66,44.69,3.78,21.93,10.23,Cabrobó,PE,Nordeste,-8.51,-39.3
2017,21,0.0,0.59,0.25,38.11,43.65,3.44,22.0,10.08,Cabrobó,PE,Nordeste,-8.51,-39.3
2017,22,0.13,0.59,0.25,38.01,46.47,3.86,23.21,10.7,Cabrobó,PE,Nordeste,-8.51,-39.3
2017,23,0.35,0.59,0.25,39.01,44.42,3.93,25.32,11.81,Cabrobó,PE,Nordeste,-8.51,-39.3
2017,24,0.88,0.59,0.26,38.17,46.44,3.93,21.82,10.13,Cabrobó,PE,Nordeste,-8.51,-39.3
2017,25,0.16,0.59,0.26,37.39,45.48,3.67,22.74,10.47,Cabrobó,PE,Nordeste,-8.51,-39.3
2017,26,0.37,0.59,0.25,37.36,43.81,2.95,23.57,10.84,Cabrobó,PE,Nordeste,-8.51,-39.3
2017,27,0.89,0.59,0.26,36.35,45.51,3.34,20.59,9.53,Cabrobó,PE,Nordeste,-8.51,-39.3
2017,28,1.28,0.59,0.28,36.86,52.18,4.21,18.64,8.72,Cabrobó,PE,Nordeste,-8.51,-39.3
2017,29,0.04,0.59,0.28,36.34,47.01,4.38,24.02,11.05,Cabrobó,PE,Nordeste,-8.51,-39.3
2017,30,0.56,0.59,0.28,37.07,50.62,4.02,25.36,11.77,Cabrobó,PE,Nordeste,-8.51,-39.3
2017,31,0.33,0.59,0.28,36.11,52.83,3.43,24.41,11.31,Cabrobó,PE,Nordeste,-8.51,-39.3
2017,32,0.16,0.59,0.27,38.08,46.95,3.07,23.77,11.0,Cabrobó,PE,Nordeste,-8.51,-39.3
2017,33,0.68,0.59,0.27,38.09,50.68,2.19,19.11,8.84,Cabrobó,PE,Nordeste,-8.51,-39.3
2017,34,0.12,0.59,0.27,37.52,45.26,2.39,23.74,10.97,Cabrobó,PE,Nordeste,-8.51,-39.3
2017,35,0.0,0.59,0.26,38.96,41.72,3.34,26.42,12.17,Cabrobó,PE,Nordeste,-8.51,-39.3
2017,36,0.0,0.59,0.25,38.75,42.65,3.2,25.04,11.51,Cabrobó,PE,Nordeste,-8.51,-39.3
2017,37,0.03,0.59,0.24,38.76,42.66,3.41,25.25,11.68,Cabrobó,PE,Nordeste,-8.51,-39.3
2017,38,0.74,0.59,0.24,38.2,44.68,2.55,20.42,9.48,Cabrobó,PE,Nordeste,-8.51,-39.3
2017,39,1.28,0.59,0.25,37.69,48.15,1.85,23.71,11.09,Cabrobó,PE,Nordeste,-8.51,-39.3
2017,40,4.17,0.59,0.31,37.24,55.16,2.04,19.19,9.03,Cabrobó,PE,Nordeste,-8.51,-39.3
2017,41,18.16,0.62,0.64,27.07,79.34,2.05,11.5,5.66,Cabrobó,PE,Nordeste,-8.51,-39.3
2017,42,0.08,0.63,0.6,32.48,68.54,2.06,17.87,8.47,Cabrobó,PE,Nordeste,-8.51,-39.3
2017,43,0.12,0.62,0.59,32.97,56.64,2.69,19.61,9.13,Cabrobó,PE,Nordeste,-8.51,-39.3
2017,44,10.34,0.62,0.62,34.0,57.66,2.87,20.14,9.4,Cabrobó,PE,Nordeste,-8.51,-39.3
2017,45,1.62,0.63,0.63,29.76,69.58,3.1,14.41,6.99,Cabrobó,PE,Nordeste,-8.51,-39.3
2017,46,0.0,0.62,0.6,34.21,59.16,3.92,20.83,9.71,Cabrobó,PE,Nordeste,-8.51,-39.3
2017,47,0.0,0.62,0.58,35.85,59.56,2.94,18.04,8.56,Cabrobó,PE,Nordeste,-8.51,-39.3
2017,48,0.02,0.61,0.57,35.45,54.85,2.64,20.82,9.61,Cabrobó,PE,Nordeste,-8.51,-39.3
2017,49,0.08,0.61,0.55,34.32,55.07,2.89,19.12,8.92,Cabrobó,PE,Nordeste,-8.51,-39.3
2017,50,0.4,0.6,0.52,35.94,52.56,3.31,21.38,9.98,Cabrobó,PE,Nordeste,-8.51,-39.3
2017,51,19.18,0.61,0.57,34.81,66.46,2.98,21.65,10.25,Cabrobó,PE,Nordeste,-8.51,-39.3
2017,52,10.07,0.65,0.69,31.53,71.12,2.75,19.89,9.35,Cabrobó,PE,Nordeste,-8.51,-39.3
2017,53,0.17,0.64,0.62,32.76,64.28,3.32,23.16,10.75,Cabrobó,PE,Nordeste,-8.51,-39.3
2017,54,0.03,0.64,0.61,34.57,57.42,2.83,26.35,12.18,Cabrobó,PE,Nordeste,-8.51,-39.3
2017,55,0.55,0.63,0.6,34.23,62.36,2.61,24.57,11.48,Cabrobó,PE,Nordeste,-8.51,-39.3
2017,56,0.38,0.62,0.59,36.06,57.76,2.42,25.03,11.55,Cabrobó,PE,Nordeste,-8.51,-39.3
2017,57,1.01,0.62,0.59,36.0,59.74,1.86,21.38,9.92,Cabrobó,PE,Nordeste,-8.51,-39.3
2017,58,3.22,0.62,0.59,36.14,59.96,2.3,22.24,10.28,Cabrobó,PE,Nordeste,-8.51,-39.3
2017,59,2.8,0.62,0.61,35.15,65.39,2.39,20.26,9.47,Cabrobó,PE,Nordeste,-8.51,-39.3
2017,60,0.15,0.62,0.58,33.07,66.49,1.75,16.14,7.6,Cabrobó,PE,Nordeste,-8.51,-39.3
2017,61,0.34,0.61,0.57,36.19,57.34,2.66,23.08,10.7,Cabrobó,PE,Nordeste,-8.51,-39.3
2017,62,0.03,0.61,0.54,36.04,52.31,2.97,23.3,10.72,Cabrobó,PE,Nordeste,-8.51,-39.3
2017,63,0.2,0.61,0.51,36.48,52.75,2.96,25.65,11.86,Cabrobó,PE,Nordeste,-8.51,-39.3
2017,64,0.2,0.6,0.47,37.55,50.65,2.32,27.26,12.53,Cabrobó,PE,Nordeste,-8.51,-39.3
2017,65,0.05,0.6,0.44,36.95,53.21,2.21,20.89,9.59,Cabrobó,PE,Nordeste,-8.51,-39.3
2017,66,1.65,0.6,0.43,34.18,59.45,1.58,18.18,8.54,Cabrobó,PE,Nordeste,-8.51,-39.3
2017,67,1.73,0.6,0.48,29.25,74.39,1.58,14.97,7.1,Cabrobó,PE,Nordeste,-8.51,-39.3
2017,68,0.75,0.6,0.49,31.8,70.83,2.18,16.19,7.64,Cabrobó,PE,Nordeste,-8.51,-39.3
2017,69,0.18,0.6,0.47,33.25,60.7,2.66,23.9,11.03,Cabrobó,PE,Nordeste,-8.51,-39.3
2017,70,0.0,0.6,0.44,36.48,50.48,2.59,22.89,10.45,Cabrobó,PE,Nordeste,-8.51,-39.3
2017,71,0.02,0.6,0.41,35.65,55.21,2.6,17.78,8.32,Cabrobó,PE,Nordeste,-8.51,-39.3
2017,72,0.02,0.6,0.39,33.49,57.87,2.77,17.09,8.14,Cabrobó,PE,Nordeste,-8.51,-39.3
2017,73,0.72,0.6,0.38,35.57,58.11,2.87,20.11,9.43,Cabrobó,PE,Nordeste,-8.51,-39.3
2017,74,0.07,0.6,0.38,36.41,50.38,3.22,19.51,9.02,Cabrobó,PE,Nordeste,-8.51,-39.3
2017,75,0.85,0.6,0.37,35.85,54.93,2.6,18.36,8.47,Cabrobó,PE,Nordeste,-8.51,-39.3
2017,76,9.38,0.6,0.43,34.2,67.05,2.26,18.41,8.71,Cabrobó,PE,Nordeste,-8.51,-39.3
2017,77,1.32,0.61,0.6,31.17,74.7,1.55,16.44,7.83,Cabrobó,PE,Nordeste,-8.51,-39.3
2017,78,1.41,0.61,0.59,35.27,63.8,2.25,23.04,10.77,Cabrobó,PE,Nordeste,-8.51,-39.3
2017,79,0.0,0.61,0.53,35.81,56.28,2.92,25.52,11.81,Cabrobó,PE,Nordeste,-8.51,-39.3
2017,80,0.0,0.6,0.48,36.93,54.81,3.03,26.23,12.15,Cabrobó,PE,Nordeste,-8.51,-39.3
2017,81,0.09,0.6,0.44,36.82,53.81,3.32,26.84,12.33,Cabrobó,PE,Nordeste,-8.51,-39.3
2017,82,0.16,0.6,0.41,37.62,52.19,3.49,23.79,11.0,Cabrobó,PE,Nordeste,-8.51,-39.3
2017,83,0.78,0.6,0.39,36.55,57.79,3.58,21.73,10.12,Cabrobó,PE,Nordeste,-8.51,-39.3
2017,84,0.14,0.6,0.38,37.46,52.99,2.85,20.74,9.67,Cabrobó,PE,Nordeste,-8.51,-39.3
2017,85,0.18,0.6,0.36,37.67,49.85,2.59,25.07,11.65,Cabrobó,PE,Nordeste,-8.51,-39.3
2017,86,0.67,0.6,0.36,37.78,52.93,2.34,21.42,10.01,Cabrobó,PE,Nordeste,-8.51,-39.3
2017,87,1.5,0.6,0.36,36.73,56.17,2.46,19.18,9.04,Cabrobó,PE,Nordeste,-8.51,-39.3
2017,88,0.64,0.6,0.37,38.19,54.38,2.26,22.01,10.3,Cabrobó,PE,Nordeste,-8.51,-39.3
2017,89,5.17,0.6,0.45,33.54,68.63,1.79,13.16,6.37,Cabrobó,PE,Nordeste,-8.51,-39.3
2017,90,11.36,0.61,0.63,30.94,79.23,2.16,18.4,8.71,Cabrobó,PE,Nordeste,-8.51,-39.3
2017,91,2.4,0.62,0.62,35.18,66.45,2.18,18.91,8.86,Cabrobó,PE,Nordeste,-8.51,-39.3
2017,92,7.62,0.63,0.64,31.24,76.21,1.66,18.58,8.87,Cabrobó,PE,Nordeste,-8.51,-39.3
2017,93,4.06,0.63,0.64,30.15,74.89,2.79,19.65,9.32,Cabrobó,PE,Nordeste,-8.51,-39.3
2017,94,0.0,0.63,0.6,34.65,61.91,3.21,24.27,11.39,Cabrobó,PE,Nordeste,-8.51,-39.3
2017,95,1.06,0.62,0.6,34.68,68.12,3.28,16.34,7.59,Cabrobó,PE,Nordeste,-8.51,-39.3
2017,96,0.19,0.62,0.6,34.93,61.62,3.89,23.92,11.07,Cabrobó,PE,Nordeste,-8.51,-39.3
2017,97,0.0,0.61,0.58,34.95,60.42,3.23,22.9,10.59,Cabrobó,PE,Nordeste,-8.51,-39.3
2017,98,0.02,0.61,0.55,35.1,58.33,3.77,22.79,10.47,Cabrobó,PE,Nordeste,-8.51,-39.3
2017,99,0.05,0.61,0.51,34.75,60.99,3.56,20.17,9.43,Cabrobó,PE,Nordeste,-8.51,-39.3
2017,100,0.32,0.6,0.47,36.39,56.34,3.11,22.07,10.21,Cabrobó,PE,Nordeste,-8.51,-39.3
2017,101,1.47,0.6,0.45,35.02,63.62,2.99,16.71,7.88,Cabrobó,PE,Nordeste,-8.51,-39.3
2017,102,2.56,0.6,0.49,32.77,72.98,2.69,20.38,9.59,Cabrobó,PE,Nordeste,-8.51,-39.3
2017,103,3.41,0.61,0.56,30.15,75.0,2.61,17.12,8.16,Cabrobó,PE,Nordeste,-8.51,-39.3
2017,104,4.57,0.61,0.57,34.97,69.39,3.71,20.93,9.84,Cabrobó,PE,Nordeste,-8.51,-39.3
2017,105,4.19,0.62,0.62,34.36,70.2,4.0,17.4,8.24,Cabrobó,PE,Nordeste,-8.51,-39.3
2017,106,0.19,0.61,0.58,35.18,66.45,3.59,18.3,8.58,Cabrobó,PE,Nordeste,-8.51,-39.3
2017,107,0.02,0.61,0.56,35.59,62.07,3.12,19.9,9.35,Cabrobó,PE,Nordeste,-8.51,-39.3
2017,108,0.02,0.61,0.52,36.32,56.57,3.19,24.42,11.43,Cabrobó,PE,Nordeste,-8.51,-39.3
2017,109,0.01,0.6,0.47,36.1,55.2,4.27,22.81,10.54,Cabrobó,PE,Nordeste,-8.51,-39.3
2017,110,0.0,0.6,0.43,35.79,57.63,3.88,17.69,8.27,Cabrobó,PE,Nordeste,-8.51,-39.3
2017,111,0.0,0.6,0.41,36.3,53.21,3.01,18.23,8.44,Cabrobó,PE,Nordeste,-8.51,-39.3
2017,112,0.18,0.6,0.39,36.66,56.46,2.75,23.47,10.87,Cabrobó,PE,Nordeste,-8.51,-39.3
2017,113,0.3,0.6,0.38,35.95,58.07,1.9,19.58,9.19,Cabrobó,PE,Nordeste,-8.51,-39.3
2017,114,0.0,0.6,0.36,36.79,52.03,3.69,20.95,9.74,Cabrobó,PE,Nordeste,-8.51,-39.3
2017,115,0.0,0.6,0.35,35.49,55.05,3.68,21.14,9.74,Cabrobó,PE,Nordeste,-8.51,-39.3
2017,116,0.0,0.6,0.34,36.58,52.88,3.45,19.4,9.09,Cabrobó,PE,Nordeste,-8.51,-39.3
2017,117,0.0,0.59,0.33,37.16,49.49,3.4,24.19,11.27,Cabrobó,PE,Nordeste,-8.51,-39.3
2017,118,0.0,0.59,0.32,37.06,53.26,3.84,22.04,10.36,Cabrobó,PE,Nordeste,-8.51,-39.3
2017,119,0.65,0.59,0.31,35.39,59.94,4.68,16.92,7.98,Cabrobó,PE,Nordeste,-8.51,-39.3
2017,120,0.8,0.59,0.33,33.86,66.88,4.32,14.27,6.85,Cabrobó,PE,Nordeste,-8.51,-39.3
2017,121,0.04,0.59,0.33,34.65,59.92,4.68,16.94,7.89,Cabrobó,PE,Nordeste,-8.51,-39.3
2017,122,0.0,0.59,0.32,33.83,57.71,4.3,16.73,7.68,Cabrobó,PE,Nordeste,-8.51,-39.3
2017,123,0.09,0.59,0.31,33.63,59.33,4.12,17.83,8.25,Cabrobó,PE,Nordeste,-8.51,-39.3
2017,124,0.93,0.59,0.32,34.07,66.3,4.3,13.78,6.54,Cabrobó,PE,Nordeste,-8.51,-39.3
2017,125,0.43,0.59,0.32,34.48,62.16,4.0,17.52,8.21,Cabrobó,PE,Nordeste,-8.51,-39.3
2017,126,0.03,0.59,0.32,34.75,61.12,3.92,19.08,8.87,Cabrobó,PE,Nordeste,-8.51,-39.3
2017,127,0.0,0.59,0.31,35.61,55.68,3.42,22.46,10.34,Cabrobó,PE,Nordeste,-8.51,-39.3
2017,128,0.0,0.59,0.3,35.85,53.84,3.54,21.92,10.11,Cabrobó,PE,Nordeste,-8.51,-39.3
2017,129,0.01,0.59,0.29,36.01,56.46,3.6,18.28,8.56,Cabrobó,PE,Nordeste,-8.51,-39.3
2017,130,0.0,0.59,0.29,36.61,54.01,4.0,17.43,8.18,Cabrobó,PE,Nordeste,-8.51,-39.3
2017,131,0.0,0.59,0.28,35.6,51.83,4.13,19.32,8.94,Cabrobó,PE,Nordeste,-8.51,-39.3
2017,132,0.0,0.59,0.27,35.11,52.58,4.43,21.4,9.84,Cabrobó,PE,Nordeste,-8.51,-39.3
2017,133,0.0,0.59,0.27,35.01,55.6,3.88,16.83,7.82,Cabrobó,PE,Nordeste,-8.51,-39.3
2017,134,0.0,0.59,0.26,36.29,51.61,2.11,20.1,9.42,Cabrobó,PE,Nordeste,-8.51,-39.3
2017,135,0.0,0.59,0.26,36.99,46.83,1.43,20.01,9.26,Cabrobó,PE,Nordeste,-8.51,-39.3
2017,136,0.0,0.59,0.25,37.58,42.7,1.81,20.0,9.3,Cabrobó,PE,Nordeste,-8.51,-39.3
2017,137,0.0,0.59,0.25,38.11,39.82,3.01,21.24,9.88,Cabrobó,PE,Nordeste,-8.51,-39.3
2017,138,0.0,0.59,0.24,36.65,50.02,3.56,18.23,8.46,Cabrobó,PE,Nordeste,-8.51,-39.3
2017,139,0.01,0.59,0.24,36.11,55.53,4.05,10.37,5.0,Cabrobó,PE,Nordeste,-8.51,-39.3
2017,140,0.0,0.59,0.23,36.06,58.44,4.16,16.03,7.56,Cabrobó,PE,Nordeste,-8.51,-39.3
2017,141,0.05,0.59,0.23,35.42,63.51,5.09,14.41,6.86,Cabrobó,PE,Nordeste,-8.51,-39.3
2017,142,1.49,0.59,0.24,34.6,68.54,4.67,11.38,5.42,Cabrobó,PE,Nordeste,-8.51,-39.3
2017,143,0.57,0.59,0.27,35.32,65.9,3.57,12.7,6.14,Cabrobó,PE,Nordeste,-8.51,-39.3
2017,144,1.61,0.59,0.28,31.26,72.1,4.19,12.16,5.9,Cabrobó,PE,Nordeste,-8.51,-39.3
2017,145,0.67,0.59,0.3,32.98,67.66,4.73,14.09,6.72,Cabrobó,PE,Nordeste,-8.51,-39.3
2017,146,0.44,0.59,0.3,33.15,65.24,4.77,14.18,6.72,Cabrobó,PE,Nordeste,-8.51,-39.3
2017,147,0.09,0.59,0.3,32.91,69.16,4.28,11.55,5.67,Cabrobó,PE,Nordeste,-8.51,-39.3
2017,148,3.92,0.6,0.36,32.57,69.82,4.97,13.18,6.34,Cabrobó,PE,Nordeste,-8.51,-39.3
2017,149,0.82,0.6,0.42,32.15,65.76,4.38,12.14,5.73,Cabrobó,PE,Nordeste,-8.51,-39.3
2017,150,0.14,0.6,0.4,32.76,66.59,3.86,17.93,8.39,Cabrobó,PE,Nordeste,-8.51,-39.3
2017,151,8.15,0.6,0.43,32.57,75.18,3.58,12.1,5.83,Cabrobó,PE,Nordeste,-8.51,-39.3
2017,152,8.54,0.63,0.66,28.75,84.09,2.98,16.43,7.79,Cabrobó,PE,Nordeste,-8.51,-39.3
2017,153,2.47,0.63,0.62,31.83,78.15,3.03,13.62,6.52,Cabrobó,PE,Nordeste,-8.51,-39.3
2017,154,0.73,0.62,0.61,32.72,74.6,3.97,14.54,6.82,Cabrobó,PE,Nordeste,-8.51,-39.3
2017,155,0.16,0.62,0.6,31.4,72.33,4.26,16.4,7.59,Cabrobó,PE,Nordeste,-8.51,-39.3
2017,156,0.04,0.61,0.59,31.28,71.44,4.0,16.39,7.54,Cabrobó,PE,Nordeste,-8.51,-39.3
2017,157,0.03,0.61,0.57,32.13,70.75,3.87,15.81,7.32,Cabrobó,PE,Nordeste,-8.51,-39.3
2017,158,0.19,0.61,0.55,31.8,70.31,4.24,19.05,8.79,Cabrobó,PE,Nordeste,-8.51,-39.3
2017,159,0.28,0.61,0.52,32.4,70.34,3.67,16.49,7.63,Cabrobó,PE,Nordeste,-8.51,-39.3
2017,160,0.01,0.6,0.48,33.32,66.79,3.61,17.27,8.03,Cabrobó,PE,Nordeste,-8.51,-39.3
2017,161,0.0,0.6,0.46,33.66,64.95,3.03,20.41,9.42,Cabrobó,PE,Nordeste,-8.51,-39.3
2017,162,0.0,0.6,0.43,31.68,67.27,3.36,20.0,9.39,Cabrobó,PE,Nordeste,-8.51,-39.3
2017,163,0.02,0.6,0.42,32.52,66.29,4.24,19.91,9.3,Cabrobó,PE,Nordeste,-8.51,-39.3
2017,164,1.21,0.6,0.42,32.54,72.42,4.21,15.22,7.14,Cabrobó,PE,Nordeste,-8.51,-39.3
2017,165,0.29,0.6,0.42,31.7,64.53,4.23,17.55,8.1,Cabrobó,PE,Nordeste,-8.51,-39.3
2017,166,0.06,0.6,0.41,32.0,66.03,4.02,13.36,6.19,Cabrobó,PE,Nordeste,-8.51,-39.3
2017,167,0.4,0.6,0.4,31.54,69.06,4.19,15.22,7.15,Cabrobó,PE,Nordeste,-8.51,-39.3
2017,168,0.22,0.6,0.39,31.18,68.49,4.31,18.57,8.67,Cabrobó,PE,Nordeste,-8.51,-39.3
2017,169,1.4,0.6,0.39,31.0,74.21,3.93,13.14,6.28,Cabrobó,PE,Nordeste,-8.51,-39.3
2017,170,8.23,0.61,0.6,29.77,75.72,3.47,12.41,5.89,Cabrobó,PE,Nordeste,-8.51,-39.3
2017,171,0.34,0.61,0.59,30.94,73.0,3.79,13.62,6.4,Cabrobó,PE,Nordeste,-8.51,-39.3
2017,172,0.58,0.61,0.58,29.93,73.96,4.67,12.29,5.87,Cabrobó,PE,Nordeste,-8.51,-39.3
2017,173,0.07,0.61,0.55,30.46,70.16,4.12,17.05,7.86,Cabrobó,PE,Nordeste,-8.51,-39.3
2017,174,0.64,0.61,0.52,30.83,74.12,4.72,12.28,5.81,Cabrobó,PE,Nordeste,-8.51,-39.3
2017,175,0.32,0.6,0.5,31.01,71.53,4.36,11.67,5.56,Cabrobó,PE,Nordeste,-8.51,-39.3
2017,176,0.03,0.6,0.47,30.8,69.33,4.31,12.28,5.83,Cabrobó,PE,Nordeste,-8.51,-39.3
2017,177,0.07,0.6,0.45,29.51,70.79,4.62,14.12,6.65,Cabrobó,PE,Nordeste,-8.51,-39.3
2017,178,0.03,0.6,0.43,30.73,66.55,4.56,14.85,6.99,Cabrobó,PE,Nordeste,-8.51,-39.3
2017,179,0.1,0.6,0.41,31.19,67.1,4.32,14.61,6.86,Cabrobó,PE,Nordeste,-8.51,-39.3
2017,180,0.84,0.6,0.41,30.32,72.77,4.79,10.95,5.32,Cabrobó,PE,Nordeste,-8.51,-39.3
2017,181,5.1,0.6,0.46,31.9,74.87,3.87,10.03,4.89,Cabrobó,PE,Nordeste,-8.51,-39.3
2017,182,5.24,0.61,0.62,30.35,78.91,4.1,11.01,5.43,Cabrobó,PE,Nordeste,-8.51,-39.3
2017,183,1.0,0.61,0.59,30.68,72.25,4.44,13.03,6.28,Cabrobó,PE,Nordeste,-8.51,-39.3
2017,184,0.51,0.61,0.59,29.01,72.42,5.34,11.04,5.27,Cabrobó,PE,Nordeste,-8.51,-39.3
2017,185,1.45,0.61,0.59,28.21,71.72,6.07,10.37,4.93,Cabrobó,PE,Nordeste,-8.51,-39.3
2017,186,0.21,0.61,0.56,29.18,71.13,5.33,11.06,5.38,Cabrobó,PE,Nordeste,-8.51,-39.3
2017,187,0.06,0.61,0.53,29.62,70.69,4.69,13.16,6.23,Cabrobó,PE,Nordeste,-8.51,-39.3
2017,188,0.04,0.6,0.5,29.87,70.63,4.93,10.14,4.82,Cabrobó,PE,Nordeste,-8.51,-39.3
2017,189,0.18,0.6,0.47,29.79,67.42,5.13,13.35,6.28,Cabrobó,PE,Nordeste,-8.51,-39.3
2017,190,2.24,0.6,0.51,29.07,71.08,4.79,12.83,5.96,Cabrobó,PE,Nordeste,-8.51,-39.3
2017,191,0.11,0.6,0.49,30.75,67.73,4.08,15.67,7.36,Cabrobó,PE,Nordeste,-8.51,-39.3
2017,192,0.43,0.6,0.46,30.23,71.25,5.14,13.89,6.62,Cabrobó,PE,Nordeste,-8.51,-39.3
2017,193,0.46,0.6,0.45,30.07,66.06,5.08,21.52,9.88,Cabrobó,PE,Nordeste,-8.51,-39.3
2017,194,0.49,0.6,0.44,29.69,69.82,4.97,13.23,6.18,Cabrobó,PE,Nordeste,-8.51,-39.3
2017,195,0.16,0.6,0.43,30.22,61.93,4.53,21.72,9.8,Cabrobó,PE,Nordeste,-8.51,-39.3
2017,196,0.02,0.6,0.41,29.63,65.0,4.5,15.44,7.08,Cabrobó,PE,Nordeste,-8.51,-39.3
2017,197,0.01,0.6,0.4,30.48,61.68,4.46,22.27,10.14,Cabrobó,PE,Nordeste,-8.51,-39.3
2017,198,0.0,0.6,0.38,29.71,62.18,4.69,19.45,8.8,Cabrobó,PE,Nordeste,-8.51,-39.3
2017,199,0.0,0.6,0.37,30.63,64.17,3.81,18.24,8.45,Cabrobó,PE,Nordeste,-8.51,-39.3
2017,200,0.02,0.6,0.36,30.17,66.17,3.85,15.84,7.36,Cabrobó,PE,Nordeste,-8.51,-39.3
2017,201,0.11,0.6,0.35,30.78,68.91,4.93,14.45,6.86,Cabrobó,PE,Nordeste,-8.51,-39.3
2017,202,0.1,0.6,0.35,31.88,70.08,5.13,17.09,8.13,Cabrobó,PE,Nordeste,-8.51,-39.3
2017,203,0.02,0.59,0.34,32.15,64.73,4.37,16.53,7.83,Cabrobó,PE,Nordeste,-8.51,-39.3
2017,204,5.58,0.6,0.4,31.8,70.15,4.81,13.97,6.67,Cabrobó,PE,Nordeste,-8.51,-39.3
2017,205,4.29,0.61,0.58,29.44,73.0,4.76,13.6,6.44,Cabrobó,PE,Nordeste,-8.51,-39.3
2017,206,0.74,0.61,0.57,29.39,71.14,4.8,13.95,6.53,Cabrobó,PE,Nordeste,-8.51,-39.3
2017,207,0.17,0.61,0.54,29.7,69.49,4.77,15.18,7.08,Cabrobó,PE,Nordeste,-8.51,-39.3
2017,208,0.04,0.6,0.5,30.05,66.37,4.7,15.02,7.01,Cabrobó,PE,Nordeste,-8.51,-39.3
2017,209,0.28,0.6,0.47,30.54,69.56,4.97,14.56,6.92,Cabrobó,PE,Nordeste,-8.51,-39.3
2017,210,0.06,0.6,0.44,29.42,63.82,5.72,18.96,8.84,Cabrobó,PE,Nordeste,-8.51,-39.3
2017,211,0.4,0.6,0.43,29.31,69.59,5.47,14.33,6.79,Cabrobó,PE,Nordeste,-8.51,-39.3
2017,212,0.13,0.6,0.42,30.06,65.63,4.3,19.67,9.11,Cabrobó,PE,Nordeste,-8.51,-39.3
2017,213,0.0,0.6,0.4,31.45,67.03,4.1,20.39,9.51,Cabrobó,PE,Nordeste,-8.51,-39.3
2017,214,0.0,0.6,0.39,31.91,66.48,4.21,15.77,7.56,Cabrobó,PE,Nordeste,-8.51,-39.3
2017,215,0.0,0.6,0.37,33.15,61.57,3.99,18.65,8.77,Cabrobó,PE,Nordeste,-8.51,-39.3
2017,216,0.0,0.6,0.35,34.87,58.46,3.45,23.09,10.61,Cabrobó,PE,Nordeste,-8.51,-39.3
2017,217,0.0,0.59,0.34,34.47,57.95,4.17,23.62,10.84,Cabrobó,PE,Nordeste,-8.51,-39.3
2017,218,0.0,0.59,0.33,33.33,62.53,4.87,22.34,10.33,Cabrobó,PE,Nordeste,-8.51,-39.3
2017,219,0.0,0.59,0.32,32.56,60.79,5.33,17.73,8.21,Cabrobó,PE,Nordeste,-8.51,-39.3
2017,220,0.0,0.59,0.31,32.8,62.06,4.7,18.15,8.37,Cabrobó,PE,Nordeste,-8.51,-39.3
2017,221,0.0,0.59,0.3,33.93,59.05,3.92,23.19,10.75,Cabrobó,PE,Nordeste,-8.51,-39.3
2017,222,0.0,0.59,0.29,35.08,56.57,3.83,23.61,10.86,Cabrobó,PE,Nordeste,-8.51,-39.3
2017,223,0.0,0.59,0.28,34.48,53.88,4.13,24.28,11.06,Cabrobó,PE,Nordeste,-8.51,-39.3
2017,224,0.0,0.59,0.28,32.97,57.19,4.9,22.03,10.11,Cabrobó,PE,Nordeste,-8.51,-39.3
2017,225,0.0,0.59,0.27,33.25,56.36,4.45,23.05,10.57,Cabrobó,PE,Nordeste,-8.51,-39.3
2017,226,0.0,0.59,0.27,33.73,55.44,4.55,23.89,10.8,Cabrobó,PE,Nordeste,-8.51,-39.3
2017,227,0.0,0.59,0.26,32.72,56.87,4.29,24.67,11.13,Cabrobó,PE,Nordeste,-8.51,-39.3
2017,228,0.0,0.59,0.26,33.27,57.87,4.33,21.22,9.71,Cabrobó,PE,Nordeste,-8.51,-39.3
2017,229,0.0,0.59,0.25,34.13,56.52,4.41,19.37,8.94,Cabrobó,PE,Nordeste,-8.51,-39.3
2017,230,0.0,0.59,0.25,34.75,60.06,5.12,21.56,9.97,Cabrobó,PE,Nordeste,-8.51,-39.3
2017,231,0.09,0.59,0.24,33.31,60.51,5.12,17.54,8.25,Cabrobó,PE,Nordeste,-8.51,-39.3
2017,232,0.09,0.59,0.24,33.57,57.73,4.66,15.07,7.16,Cabrobó,PE,Nordeste,-8.51,-39.3
2017,233,0.0,0.59,0.24,35.48,56.92,4.66,22.93,10.6,Cabrobó,PE,Nordeste,-8.51,-39.3
2017,234,0.02,0.59,0.24,33.65,58.28,5.87,20.27,9.37,Cabrobó,PE,Nordeste,-8.51,-39.3
2017,235,0.32,0.59,0.24,32.83,62.94,5.39,15.72,7.45,Cabrobó,PE,Nordeste,-8.51,-39.3
2017,236,1.96,0.59,0.27,32.92,66.75,5.35,15.87,7.5,Cabrobó,PE,Nordeste,-8.51,-39.3
2017,237,0.45,0.59,0.31,33.01,62.17,5.37,15.49,7.34,Cabrobó,PE,Nordeste,-8.51,-39.3
2017,238,0.04,0.59,0.31,32.57,58.96,5.08,22.16,10.15,Cabrobó,PE,Nordeste,-8.51,-39.3
2017,239,0.01,0.59,0.3,33.05,57.16,4.77,20.08,9.18,Cabrobó,PE,Nordeste,-8.51,-39.3
2017,240,0.02,0.59,0.29,33.05,58.63,5.25,20.55,9.52,Cabrobó,PE,Nordeste,-8.51,-39.3
2017,241,0.1,0.59,0.28,33.14,59.49,5.08,23.13,10.59,Cabrobó,PE,Nordeste,-8.51,-39.3
2017,242,0.03,0.59,0.28,33.15,59.22,4.66,17.62,8.23,Cabrobó,PE,Nordeste,-8.51,-39.3
2017,243,0.0,0.59,0.27,34.64,56.95,4.37,25.15,11.43,Cabrobó,PE,Nordeste,-8.51,-39.3
2017,244,0.01,0.59,0.26,33.76,58.65,5.33,19.03,8.82,Cabrobó,PE,Nordeste,-8.51,-39.3
2017,245,0.02,0.59,0.26,32.35,54.88,5.59,21.06,9.64,Cabrobó,PE,Nordeste,-8.51,-39.3
2017,246,0.01,0.59,0.26,32.2,54.92,5.75,21.75,10.0,Cabrobó,PE,Nordeste,-8.51,-39.3
2017,247,0.82,0.59,0.26,31.6,64.72,5.82,16.63,7.84,Cabrobó,PE,Nordeste,-8.51,-39.3
2017,248,2.21,0.6,0.34,32.35,63.32,5.65,16.71,7.89,Cabrobó,PE,Nordeste,-8.51,-39.3
2017,249,0.17,0.6,0.35,34.29,59.67,5.23,22.53,10.48,Cabrobó,PE,Nordeste,-8.51,-39.3
2017,250,0.14,0.59,0.34,33.67,62.65,5.63,17.75,8.31,Cabrobó,PE,Nordeste,-8.51,-39.3
2017,251,0.01,0.59,0.32,33.06,58.56,5.41,25.66,11.77,Cabrobó,PE,Nordeste,-8.51,-39.3
2017,252,0.07,0.59,0.31,32.75,60.02,5.51,20.01,9.42,Cabrobó,PE,Nordeste,-8.51,-39.3
2017,253,0.77,0.59,0.32,33.13,61.28,6.16,19.03,9.09,Cabrobó,PE,Nordeste,-8.51,-39.3
2017,254,1.44,0.6,0.36,32.42,60.38,6.03,19.68,9.35,Cabrobó,PE,Nordeste,-8.51,-39.3
2017,255,0.31,0.6,0.36,32.54,62.14,5.49,19.82,9.27,Cabrobó,PE,Nordeste,-8.51,-39.3
2017,256,0.09,0.6,0.35,32.38,62.73,5.85,20.41,9.62,Cabrobó,PE,Nordeste,-8.51,-39.3
2017,257,0.05,0.59,0.34,32.29,60.83,6.15,20.69,9.65,Cabrobó,PE,Nordeste,-8.51,-39.3
2017,258,0.16,0.59,0.33,31.76,62.1,5.95,21.2,9.88,Cabrobó,PE,Nordeste,-8.51,-39.3
2017,259,0.67,0.59,0.33,32.43,60.51,5.68,19.77,9.34,Cabrobó,PE,Nordeste,-8.51,-39.3
2017,260,0.05,0.59,0.33,33.46,60.29,5.3,23.05,10.82,Cabrobó,PE,Nordeste,-8.51,-39.3
2017,261,0.04,0.59,0.32,33.19,58.55,5.94,24.65,11.48,Cabrobó,PE,Nordeste,-8.51,-39.3
2017,262,0.1,0.59,0.31,32.95,59.88,6.01,20.08,9.69,Cabrobó,PE,Nordeste,-8.51,-39.3
2017,263,0.23,0.59,0.3,33.17,59.59,5.7,21.43,10.15,Cabrobó,PE,Nordeste,-8.51,-39.3
2017,264,0.3,0.59,0.3,33.27,60.7,6.18,20.34,9.7,Cabrobó,PE,Nordeste,-8.51,-39.3
2017,265,1.89,0.6,0.35,32.87,61.15,5.51,20.14,9.66,Cabrobó,PE,Nordeste,-8.51,-39.3
2017,266,0.72,0.6,0.37,32.51,61.15,5.37,18.23,8.89,Cabrobó,PE,Nordeste,-8.51,-39.3
2017,267,0.01,0.6,0.36,33.5,58.03,5.56,27.23,12.56,Cabrobó,PE,Nordeste,-8.51,-39.3
2017,268,0.25,0.59,0.35,33.09,59.09,5.73,20.14,9.73,Cabrobó,PE,Nordeste,-8.51,-39.3
2017,269,0.16,0.59,0.34,34.1,56.82,5.49,24.81,11.55,Cabrobó,PE,Nordeste,-8.51,-39.3
2017,270,0.02,0.59,0.32,34.47,58.21,5.6,22.02,10.45,Cabrobó,PE,Nordeste,-8.51,-39.3
2017,271,0.12,0.59,0.31,35.18,57.67,5.61,20.44,9.68,Cabrobó,PE,Nordeste,-8.51,-39.3
2017,272,0.0,0.59,0.3,35.34,55.66,5.46,22.98,10.82,Cabrobó,PE,Nordeste,-8.51,-39.3
2017,273,0.0,0.59,0.29,35.09,52.47,4.85,24.83,11.44,Cabrobó,PE,Nordeste,-8.51,-39.3
2017,274,0.01,0.59,0.28,36.69,52.13,5.18,27.33,12.31,Cabrobó,PE,Nordeste,-8.51,-39.3
2017,275,0.0,0.59,0.27,37.17,51.55,5.13,27.63,12.56,Cabrobó,PE,Nordeste,-8.51,-39.3
2017,276,0.02,0.59,0.26,37.25,52.17,5.34,26.54,12.12,Cabrobó,PE,Nordeste,-8.51,-39.3
2017,277,0.04,0.59,0.26,36.32,52.19,5.74,24.71,11.27,Cabrobó,PE,Nordeste,-8.51,-39.3
2017,278,0.0,0.59,0.25,35.21,54.7,6.0,21.64,9.93,Cabrobó,PE,Nordeste,-8.51,-39.3
2017,279,0.0,0.59,0.24,35.2,53.11,6.0,23.66,10.79,Cabrobó,PE,Nordeste,-8.51,-39.3
2017,280,0.01,0.59,0.24,34.91,53.81,5.1,21.1,9.72,Cabrobó,PE,Nordeste,-8.51,-39.3
2017,281,0.0,0.59,0.24,35.1,53.83,5.55,23.01,10.57,Cabrobó,PE,Nordeste,-8.51,-39.3
2017,282,0.0,0.59,0.23,35.07,52.46,5.41,26.51,12.12,Cabrobó,PE,Nordeste,-8.51,-39.3
2017,283,0.0,0.59,0.23,35.61,50.54,5.19,27.12,12.38,Cabrobó,PE,Nordeste,-8.51,-39.3
2017,284,0.01,0.59,0.22,35.12,55.55,5.31,21.85,10.1,Cabrobó,PE,Nordeste,-8.51,-39.3
2017,285,0.0,0.59,0.22,36.05,52.37,5.23,22.58,10.46,Cabrobó,PE,Nordeste,-8.51,-39.3
2017,286,0.0,0.59,0.22,36.4,52.42,5.13,26.09,11.97,Cabrobó,PE,Nordeste,-8.51,-39.3
2017,287,0.0,0.59,0.21,37.23,51.15,4.6,27.99,12.86,Cabrobó,PE,Nordeste,-8.51,-39.3
2017,288,0.0,0.59,0.21,37.95,48.96,4.33,26.45,12.2,Cabrobó,PE,Nordeste,-8.51,-39.3
2017,289,0.0,0.59,0.21,36.46,49.59,5.72,26.69,12.04,Cabrobó,PE,Nordeste,-8.51,-39.3
2017,290,0.01,0.59,0.2,35.45,49.45,5.43,25.93,11.87,Cabrobó,PE,Nordeste,-8.51,-39.3
2017,291,0.03,0.59,0.2,35.37,56.26,5.84,23.51,10.89,Cabrobó,PE,Nordeste,-8.51,-39.3
2017,292,0.04,0.59,0.2,36.29,50.51,5.84,23.68,11.03,Cabrobó,PE,Nordeste,-8.51,-39.3
2017,293,0.08,0.59,0.2,36.77,54.88,5.8,24.53,11.32,Cabrobó,PE,Nordeste,-8.51,-39.3
2017,294,0.03,0.59,0.2,37.17,54.02,6.41,26.65,12.18,Cabrobó,PE,Nordeste,-8.51,-39.3
2017,295,0.0,0.59,0.19,36.51,51.63,6.07,25.76,11.84,Cabrobó,PE,Nordeste,-8.51,-39.3
2017,296,0.0,0.59,0.19,37.09,49.46,4.71,28.73,12.98,Cabrobó,PE,Nordeste,-8.51,-39.3
2017,297,0.0,0.59,0.19,37.06,52.7,5.98,19.9,9.28,Cabrobó,PE,Nordeste,-8.51,-39.3
2017,298,0.0,0.59,0.19,36.99,52.21,5.92,25.48,11.64,Cabrobó,PE,Nordeste,-8.51,-39.3
2017,299,0.02,0.59,0.19,37.41,52.04,5.76,21.72,9.97,Cabrobó,PE,Nordeste,-8.51,-39.3
2017,300,0.0,0.59,0.18,37.36,50.14,5.08,23.78,10.83,Cabrobó,PE,Nordeste,-8.51,-39.3
2017,301,0.0,0.59,0.18,38.63,42.31,4.38,25.56,11.66,Cabrobó,PE,Nordeste,-8.51,-39.3
2017,302,0.0,0.59,0.18,38.79,45.46,4.02,27.76,12.62,Cabrobó,PE,Nordeste,-8.51,-39.3
2017,303,0.0,0.59,0.18,38.58,43.58,3.31,28.3,12.79,Cabrobó,PE,Nordeste,-8.51,-39.3
2017,304,0.01,0.59,0.18,38.44,39.47,3.12,23.09,10.67,Cabrobó,PE,Nordeste,-8.51,-39.3
2017,305,0.01,0.59,0.17,38.8,37.23,2.41,21.33,9.97,Cabrobó,PE,Nordeste,-8.51,-39.3
2017,306,0.18,0.59,0.17,38.78,39.13,4.09,25.34,11.84,Cabrobó,PE,Nordeste,-8.51,-39.3
2017,307,0.22,0.59,0.18,37.21,46.38,5.33,23.79,10.96,Cabrobó,PE,Nordeste,-8.51,-39.3
2017,308,0.0,0.59,0.18,37.57,46.53,5.23,27.43,12.66,Cabrobó,PE,Nordeste,-8.51,-39.3
2017,309,0.0,0.59,0.17,38.11,42.68,4.65,27.94,12.94,Cabrobó,PE,Nordeste,-8.51,-39.3
2017,310,0.0,0.59,0.17,38.46,42.97,3.7,28.17,12.98,Cabrobó,PE,Nordeste,-8.51,-39.3
2017,311,0.47,0.59,0.17,35.77,43.98,3.64,22.77,10.69,Cabrobó,PE,Nordeste,-8.51,-39.3
2017,312,3.75,0.59,0.27,34.34,51.44,3.52,9.85,4.92,Cabrobó,PE,Nordeste,-8.51,-39.3
2017,313,0.15,0.59,0.32,35.98,47.67,4.01,20.61,9.62,Cabrobó,PE,Nordeste,-8.51,-39.3
2017,314,0.03,0.59,0.3,37.63,46.16,4.21,23.73,10.98,Cabrobó,PE,Nordeste,-8.51,-39.3
2017,315,0.0,0.59,0.28,39.08,39.47,3.19,28.36,13.08,Cabrobó,PE,Nordeste,-8.51,-39.3
2017,316,0.0,0.59,0.27,39.15,35.4,2.38,27.55,12.68,Cabrobó,PE,Nordeste,-8.51,-39.3
2017,317,3.38,0.59,0.28,38.84,40.47,2.84,24.86,11.6,Cabrobó,PE,Nordeste,-8.51,-39.3
2017,318,6.06,0.61,0.53,33.08,56.47,3.3,16.08,7.78,Cabrobó,PE,Nordeste,-8.51,-39.3
2017,319,0.0,0.6,0.5,36.08,47.7,5.32,24.85,11.53,Cabrobó,PE,Nordeste,-8.51,-39.3
2017,320,0.0,0.6,0.44,31.59,50.67,4.51,26.08,12.0,Cabrobó,PE,Nordeste,-8.51,-39.3
2017,321,0.0,0.6,0.41,32.52,54.42,3.6,18.95,8.76,Cabrobó,PE,Nordeste,-8.51,-39.3
2017,322,0.0,0.6,0.38,36.68,48.58,3.75,24.41,11.27,Cabrobó,PE,Nordeste,-8.51,-39.3
2017,323,0.0,0.6,0.35,36.91,46.89,3.22,25.82,11.9,Cabrobó,PE,Nordeste,-8.51,-39.3
2017,324,0.0,0.59,0.32,38.52,41.57,3.91,27.54,12.74,Cabrobó,PE,Nordeste,-8.51,-39.3
2017,325,0.0,0.59,0.3,37.92,42.49,4.3,28.96,13.28,Cabrobó,PE,Nordeste,-8.51,-39.3
2017,326,0.01,0.59,0.29,38.13,42.81,3.05,26.43,12.09,Cabrobó,PE,Nordeste,-8.51,-39.3
2017,327,1.61,0.59,0.28,38.87,37.86,3.08,25.59,11.84,Cabrobó,PE,Nordeste,-8.51,-39.3
2017,328,1.85,0.6,0.35,35.38,44.32,3.65,20.86,9.77,Cabrobó,PE,Nordeste,-8.51,-39.3
2017,329,0.47,0.6,0.37,36.11,49.39,4.7,20.82,9.68,Cabrobó,PE,Nordeste,-8.51,-39.3
2017,330,0.0,0.59,0.34,35.83,45.63,4.27,24.32,11.21,Cabrobó,PE,Nordeste,-8.51,-39.3
2017,331,0.1,0.59,0.32,37.77,43.79,4.33,28.6,13.12,Cabrobó,PE,Nordeste,-8.51,-39.3
2017,332,0.48,0.59,0.32,37.49,44.91,3.17,28.78,13.13,Cabrobó,PE,Nordeste,-8.51,-39.3
2017,333,0.03,0.59,0.3,37.9,43.37,2.69,23.89,10.98,Cabrobó,PE,Nordeste,-8.51,-39.3
2017,334,0.48,0.59,0.28,38.06,42.58,2.81,22.57,10.46,Cabrobó,PE,Nordeste,-8.51,-39.3
2017,335,0.05,0.59,0.28,38.43,39.19,3.87,22.93,10.65,Cabrobó,PE,Nordeste,-8.51,-39.3
2017,336,0.0,0.59,0.27,37.73,37.89,3.51,26.07,12.01,Cabrobó,PE,Nordeste,-8.51,-39.3
2017,337,0.0,0.59,0.26,38.6,37.53,3.41,23.66,10.91,Cabrobó,PE,Nordeste,-8.51,-39.3
2017,338,0.0,0.59,0.25,36.86,42.6,3.2,26.45,12.15,Cabrobó,PE,Nordeste,-8.51,-39.3
2017,339,0.0,0.59,0.24,39.4,37.14,2.69,27.32,12.65,Cabrobó,PE,Nordeste,-8.51,-39.3
2017,340,0.0,0.59,0.24,39.16,38.61,3.67,27.64,12.63,Cabrobó,PE,Nordeste,-8.51,-39.3
2017,341,0.02,0.59,0.23,38.63,40.33,2.21,26.18,12.03,Cabrobó,PE,Nordeste,-8.51,-39.3
2017,342,0.18,0.59,0.23,36.72,43.3,2.51,24.41,11.32,Cabrobó,PE,Nordeste,-8.51,-39.3
2017,343,0.18,0.59,0.23,37.87,43.13,3.5,22.31,10.44,Cabrobó,PE,Nordeste,-8.51,-39.3
2017,344,2.75,0.59,0.26,29.21,62.79,1.92,12.35,6.03,Cabrobó,PE,Nordeste,-8.51,-39.3
2017,345,0.91,0.59,0.34,33.1,59.95,2.23,17.88,8.59,Cabrobó,PE,Nordeste,-8.51,-39.3
2017,346,0.27,0.59,0.33,37.16,49.42,2.69,19.74,9.33,Cabrobó,PE,Nordeste,-8.51,-39.3
2017,347,2.28,0.6,0.38,37.05,44.68,3.47,22.7,10.62,Cabrobó,PE,Nordeste,-8.51,-39.3
2017,348,0.07,0.6,0.36,37.03,40.56,3.99,28.3,13.06,Cabrobó,PE,Nordeste,-8.51,-39.3
2017,349,0.11,0.59,0.33,35.74,46.85,3.53,24.28,11.19,Cabrobó,PE,Nordeste,-8.51,-39.3
2017,350,0.22,0.59,0.31,34.84,49.46,3.9,22.9,10.55,Cabrobó,PE,Nordeste,-8.51,-39.3
2017,351,1.21,0.59,0.32,34.64,48.91,4.01,19.87,9.2,Cabrobó,PE,Nordeste,-8.51,-39.3
2017,352,0.07,0.59,0.33,36.63,47.62,4.77,21.93,10.19,Cabrobó,PE,Nordeste,-8.51,-39.3
2017,353,0.12,0.59,0.32,33.42,49.37,4.28,18.6,8.63,Cabrobó,PE,Nordeste,-8.51,-39.3
2017,354,0.0,0.59,0.3,35.95,47.05,4.19,22.05,10.27,Cabrobó,PE,Nordeste,-8.51,-39.3
2017,355,0.01,0.59,0.29,35.26,49.97,3.62,21.02,9.77,Cabrobó,PE,Nordeste,-8.51,-39.3
2017,356,0.14,0.59,0.28,35.52,48.27,4.17,21.79,10.21,Cabrobó,PE,Nordeste,-8.51,-39.3
2017,357,4.39,0.6,0.35,34.97,60.72,4.92,23.06,10.82,Cabrobó,PE,Nordeste,-8.51,-39.3
2017,358,4.05,0.6,0.49,32.69,66.81,3.84,18.58,8.86,Cabrobó,PE,Nordeste,-8.51,-39.3
2017,359,0.1,0.6,0.47,34.15,60.13,3.18,23.51,10.92,Cabrobó,PE,Nordeste,-8.51,-39.3
2017,360,0.0,0.6,0.43,35.95,52.8,3.04,22.5,10.38,Cabrobó,PE,Nordeste,-8.51,-39.3
2017,361,0.0,0.6,0.4,36.48,53.59,3.62,23.41,10.78,Cabrobó,PE,Nordeste,-8.51,-39.3
2017,362,0.01,0.6,0.37,36.03,54.85,3.42,22.55,10.45,Cabrobó,PE,Nordeste,-8.51,-39.3
2017,363,0.0,0.6,0.35,37.65,47.46,3.14,25.56,11.86,Cabrobó,PE,Nordeste,-8.51,-39.3
2017,364,0.03,0.59,0.33,38.31,44.19,3.6,26.45,12.31,Cabrobó,PE,Nordeste,-8.51,-39.3
2017,365,0.05,0.59,0.31,38.63,43.45,3.66,25.91,12.02,Cabrobó,PE,Nordeste,-8.51,-39.3
2018,1,0.47,0.59,0.3,38.67,42.5,3.1,27.82,12.86,Cabrobó,PE,Nordeste,-8.51,-39.3
2018,2,0.8,0.59,0.31,38.13,44.1,1.93,24.84,11.46,Cabrobó,PE,Nordeste,-8.51,-39.3
2018,3,0.17,0.59,0.3,36.92,44.87,1.89,22.21,10.27,Cabrobó,PE,Nordeste,-8.51,-39.3
2018,4,10.17,0.6,0.48,32.35,60.85,2.94,19.48,9.15,Cabrobó,PE,Nordeste,-8.51,-39.3
2018,5,1.56,0.61,0.58,36.07,56.2,2.33,16.29,7.76,Cabrobó,PE,Nordeste,-8.51,-39.3
2018,6,2.58,0.61,0.57,35.84,53.65,3.08,23.39,10.83,Cabrobó,PE,Nordeste,-8.51,-39.3
2018,7,0.85,0.61,0.53,35.06,52.05,2.89,22.63,10.51,Cabrobó,PE,Nordeste,-8.51,-39.3
2018,8,0.12,0.6,0.47,35.36,52.33,3.53,24.61,11.51,Cabrobó,PE,Nordeste,-8.51,-39.3
2018,9,0.0,0.6,0.42,36.64,45.75,4.35,25.87,11.87,Cabrobó,PE,Nordeste,-8.51,-39.3
2018,10,0.73,0.6,0.39,34.31,55.03,4.29,22.01,10.27,Cabrobó,PE,Nordeste,-8.51,-39.3
2018,11,0.45,0.6,0.39,33.33,57.58,3.49,14.99,7.12,Cabrobó,PE,Nordeste,-8.51,-39.3
2018,12,4.3,0.6,0.41,29.92,63.06,2.77,17.59,8.37,Cabrobó,PE,Nordeste,-8.51,-39.3
2018,13,4.27,0.61,0.6,31.62,69.16,3.19,20.92,9.87,Cabrobó,PE,Nordeste,-8.51,-39.3
2018,14,0.83,0.61,0.56,35.71,61.01,3.69,24.27,11.26,Cabrobó,PE,Nordeste,-8.51,-39.3
2018,15,0.14,0.6,0.51,36.12,56.05,4.95,27.64,12.74,Cabrobó,PE,Nordeste,-8.51,-39.3
2018,16,0.0,0.6,0.45,35.51,54.07,4.71,24.82,11.46,Cabrobó,PE,Nordeste,-8.51,-39.3
2018,17,0.0,0.6,0.4,36.62,50.68,4.69,25.75,11.84,Cabrobó,PE,Nordeste,-8.51,-39.3
2018,18,0.0,0.6,0.37,36.53,50.34,4.72,23.46,10.84,Cabrobó,PE,Nordeste,-8.51,-39.3
2018,19,0.11,0.6,0.35,36.56,55.4,4.62,20.0,9.33,Cabrobó,PE,Nordeste,-8.51,-39.3
2018,20,0.32,0.59,0.34,35.79,54.92,3.36,20.27,9.62,Cabrobó,PE,Nordeste,-8.51,-39.3
2018,21,0.0,0.59,0.32,37.29,45.6,4.12,25.76,11.94,Cabrobó,PE,Nordeste,-8.51,-39.3
2018,22,0.0,0.59,0.31,37.53,44.1,4.53,24.05,11.06,Cabrobó,PE,Nordeste,-8.51,-39.3
2018,23,0.04,0.59,0.3,32.35,54.79,3.97,24.82,11.47,Cabrobó,PE,Nordeste,-8.51,-39.3
2018,24,0.42,0.59,0.3,29.45,65.75,2.61,19.47,9.18,Cabrobó,PE,Nordeste,-8.51,-39.3
2018,25,0.02,0.59,0.3,31.22,56.64,2.18,22.27,10.37,Cabrobó,PE,Nordeste,-8.51,-39.3
2018,26,0.78,0.59,0.29,30.62,59.19,1.83,16.63,7.92,Cabrobó,PE,Nordeste,-8.51,-39.3
2018,27,3.91,0.6,0.39,30.18,66.47,1.78,16.01,7.62,Cabrobó,PE,Nordeste,-8.51,-39.3
2018,28,2.77,0.6,0.48,33.16,63.17,1.77,19.76,9.27,Cabrobó,PE,Nordeste,-8.51,-39.3
2018,29,0.03,0.6,0.46,34.3,58.99,1.96,20.76,9.73,Cabrobó,PE,Nordeste,-8.51,-39.3
2018,30,2.61,0.6,0.45,36.68,54.91,1.9,23.47,11.01,Cabrobó,PE,Nordeste,-8.51,-39.3
2018,31,0.01,0.6,0.46,36.44,48.49,1.65,25.25,11.74,Cabrobó,PE,Nordeste,-8.51,-39.3
2018,32,0.04,0.6,0.4,38.84,42.35,2.4,27.24,12.68,Cabrobó,PE,Nordeste,-8.51,-39.3
2018,33,4.24,0.6,0.46,36.99,51.85,2.22,23.2,10.96,Cabrobó,PE,Nordeste,-8.51,-39.3
2018,34,0.2,0.6,0.45,37.53,51.03,2.07,22.47,10.61,Cabrobó,PE,Nordeste,-8.51,-39.3
2018,35,3.99,0.6,0.43,32.24,55.57,2.0,18.71,8.95,Cabrobó,PE,Nordeste,-8.51,-39.3
2018,36,3.87,0.61,0.59,33.69,67.97,1.72,16.42,7.86,Cabrobó,PE,Nordeste,-8.51,-39.3
2018,37,1.05,0.61,0.54,36.34,59.97,1.21,14.79,7.23,Cabrobó,PE,Nordeste,-8.51,-39.3
2018,38,19.04,0.63,0.69,27.85,80.98,1.35,10.59,5.34,Cabrobó,PE,Nordeste,-8.51,-39.3
2018,39,11.02,0.64,0.66,33.0,72.31,1.6,21.9,10.4,Cabrobó,PE,Nordeste,-8.51,-39.3
2018,40,13.14,0.66,0.69,34.82,70.63,2.34,21.07,9.87,Cabrobó,PE,Nordeste,-8.51,-39.3
2018,41,21.1,0.68,0.76,30.5,76.23,2.38,20.47,9.66,Cabrobó,PE,Nordeste,-8.51,-39.3
2018,42,0.61,0.68,0.68,31.81,68.35,3.19,23.13,10.77,Cabrobó,PE,Nordeste,-8.51,-39.3
2018,43,0.02,0.66,0.64,32.72,66.3,2.15,25.03,11.63,Cabrobó,PE,Nordeste,-8.51,-39.3
2018,44,5.1,0.66,0.65,31.27,72.85,2.05,20.33,9.65,Cabrobó,PE,Nordeste,-8.51,-39.3
2018,45,6.03,0.66,0.67,32.64,69.76,3.75,18.5,8.86,Cabrobó,PE,Nordeste,-8.51,-39.3
2018,46,6.57,0.66,0.67,31.83,73.37,3.0,20.8,9.81,Cabrobó,PE,Nordeste,-8.51,-39.3
2018,47,2.11,0.66,0.65,32.87,69.12,3.76,20.18,9.6,Cabrobó,PE,Nordeste,-8.51,-39.3
2018,48,11.16,0.66,0.66,31.72,74.53,3.78,16.91,8.19,Cabrobó,PE,Nordeste,-8.51,-39.3
2018,49,7.07,0.67,0.71,31.0,77.95,3.28,14.67,7.18,Cabrobó,PE,Nordeste,-8.51,-39.3
2018,50,12.68,0.69,0.74,30.25,81.06,2.49,20.77,9.85,Cabrobó,PE,Nordeste,-8.51,-39.3
2018,51,6.7,0.69,0.71,31.4,76.56,2.65,22.84,10.74,Cabrobó,PE,Nordeste,-8.51,-39.3
2018,52,2.2,0.68,0.68,31.95,75.58,2.31,23.71,11.08,Cabrobó,PE,Nordeste,-8.51,-39.3
2018,53,1.05,0.67,0.66,32.47,75.34,2.0,19.23,9.18,Cabrobó,PE,Nordeste,-8.51,-39.3
2018,54,9.81,0.67,0.7,32.33,78.25,1.57,22.3,10.57,Cabrobó,PE,Nordeste,-8.51,-39.3
2018,55,24.24,0.71,0.78,30.24,79.76,1.35,19.81,9.3,Cabrobó,PE,Nordeste,-8.51,-39.3
2018,56,4.53,0.7,0.72,30.87,74.45,2.82,26.7,12.44,Cabrobó,PE,Nordeste,-8.51,-39.3
2018,57,7.96,0.7,0.74,29.4,80.44,2.3,21.58,10.16,Cabrobó,PE,Nordeste,-8.51,-39.3
2018,58,0.7,0.7,0.7,31.09,75.8,2.72,20.26,9.58,Cabrobó,PE,Nordeste,-8.51,-39.3
2018,59,0.5,0.68,0.68,31.42,72.54,2.7,24.99,11.6,Cabrobó,PE,Nordeste,-8.51,-39.3
2018,60,24.59,0.7,0.78,29.45,81.54,2.13,17.39,8.31,Cabrobó,PE,Nordeste,-8.51,-39.3
2018,61,5.59,0.72,0.76,29.88,81.78,1.33,25.86,12.18,Cabrobó,PE,Nordeste,-8.51,-39.3
2018,62,2.93,0.71,0.73,30.07,81.07,1.75,23.86,11.3,Cabrobó,PE,Nordeste,-8.51,-39.3
2018,63,0.83,0.7,0.71,31.48,78.56,2.02,23.01,10.84,Cabrobó,PE,Nordeste,-8.51,-39.3
2018,64,1.21,0.69,0.7,31.77,77.32,1.94,25.1,11.88,Cabrobó,PE,Nordeste,-8.51,-39.3
2018,65,8.17,0.69,0.73,31.1,79.51,2.47,24.22,11.44,Cabrobó,PE,Nordeste,-8.51,-39.3
2018,66,0.25,0.69,0.69,32.36,75.92,2.37,25.06,11.75,Cabrobó,PE,Nordeste,-8.51,-39.3
2018,67,0.07,0.68,0.67,32.02,75.07,2.45,21.31,10.03,Cabrobó,PE,Nordeste,-8.51,-39.3
2018,68,1.22,0.67,0.66,32.34,74.88,2.37,19.43,9.14,Cabrobó,PE,Nordeste,-8.51,-39.3
2018,69,3.48,0.67,0.67,32.6,76.53,2.36,17.7,8.43,Cabrobó,PE,Nordeste,-8.51,-39.3
2018,70,0.51,0.67,0.66,31.24,76.87,1.9,23.59,11.14,Cabrobó,PE,Nordeste,-8.51,-39.3
2018,71,5.34,0.66,0.67,31.64,75.7,2.04,22.06,10.33,Cabrobó,PE,Nordeste,-8.51,-39.3
2018,72,0.15,0.67,0.66,32.1,72.44,1.88,21.95,10.25,Cabrobó,PE,Nordeste,-8.51,-39.3
2018,73,0.22,0.66,0.64,34.1,68.31,2.06,24.98,11.68,Cabrobó,PE,Nordeste,-8.51,-39.3
2018,74,0.0,0.65,0.63,34.71,61.29,2.86,27.1,12.63,Cabrobó,PE,Nordeste,-8.51,-39.3
2018,75,0.0,0.65,0.62,34.36,60.85,2.27,27.59,12.79,Cabrobó,PE,Nordeste,-8.51,-39.3
2018,76,0.01,0.64,0.61,34.34,64.39,2.14,24.51,11.46,Cabrobó,PE,Nordeste,-8.51,-39.3
2018,77,0.58,0.64,0.61,34.1,66.04,1.94,22.43,10.55,Cabrobó,PE,Nordeste,-8.51,-39.3
2018,78,0.52,0.63,0.61,34.89,64.62,2.02,22.21,10.53,Cabrobó,PE,Nordeste,-8.51,-39.3
2018,79,0.48,0.63,0.61,32.5,67.13,1.72,20.11,9.59,Cabrobó,PE,Nordeste,-8.51,-39.3
2018,80,1.18,0.63,0.61,33.59,65.9,1.72,20.83,9.89,Cabrobó,PE,Nordeste,-8.51,-39.3
2018,81,1.55,0.63,0.61,35.05,66.41,1.79,21.46,10.19,Cabrobó,PE,Nordeste,-8.51,-39.3
2018,82,0.62,0.63,0.6,35.0,66.26,2.44,19.82,9.34,Cabrobó,PE,Nordeste,-8.51,-39.3
2018,83,0.66,0.63,0.6,30.57,73.49,1.7,17.97,8.54,Cabrobó,PE,Nordeste,-8.51,-39.3
2018,84,1.88,0.63,0.61,34.59,69.48,3.3,18.66,8.85,Cabrobó,PE,Nordeste,-8.51,-39.3
2018,85,0.12,0.62,0.6,32.86,68.66,2.28,16.98,8.02,Cabrobó,PE,Nordeste,-8.51,-39.3
2018,86,0.03,0.62,0.59,33.81,63.78,3.09,16.79,7.97,Cabrobó,PE,Nordeste,-8.51,-39.3
2018,87,0.04,0.62,0.58,35.74,58.56,3.74,21.59,10.19,Cabrobó,PE,Nordeste,-8.51,-39.3
2018,88,0.71,0.61,0.58,35.32,60.24,3.77,17.1,8.06,Cabrobó,PE,Nordeste,-8.51,-39.3
2018,89,8.12,0.62,0.62,30.73,71.62,2.06,18.11,8.59,Cabrobó,PE,Nordeste,-8.51,-39.3
2018,90,1.37,0.63,0.6,35.18,65.45,2.85,20.48,9.72,Cabrobó,PE,Nordeste,-8.51,-39.3
2018,91,0.54,0.62,0.58,34.64,66.1,2.88,23.12,10.92,Cabrobó,PE,Nordeste,-8.51,-39.3
2018,92,1.2,0.62,0.58,34.94,67.09,2.84,18.39,8.78,Cabrobó,PE,Nordeste,-8.51,-39.3
2018,93,0.05,0.62,0.57,32.81,66.8,2.42,17.86,8.47,Cabrobó,PE,Nordeste,-8.51,-39.3
2018,94,4.28,0.62,0.59,34.32,66.5,1.49,18.01,8.48,Cabrobó,PE,Nordeste,-8.51,-39.3
2018,95,8.3,0.62,0.64,33.64,74.29,2.07,18.82,8.91,Cabrobó,PE,Nordeste,-8.51,-39.3
2018,96,8.59,0.64,0.65,26.92,87.06,1.2,14.73,7.04,Cabrobó,PE,Nordeste,-8.51,-39.3
2018,97,10.33,0.66,0.7,27.9,86.72,0.75,12.73,6.13,Cabrobó,PE,Nordeste,-8.51,-39.3
2018,98,3.04,0.66,0.65,32.36,74.16,1.76,16.59,7.9,Cabrobó,PE,Nordeste,-8.51,-39.3
2018,99,0.77,0.65,0.63,32.46,68.88,2.59,20.67,9.75,Cabrobó,PE,Nordeste,-8.51,-39.3
2018,100,0.0,0.64,0.62,33.14,61.89,2.81,20.45,9.55,Cabrobó,PE,Nordeste,-8.51,-39.3
2018,101,0.03,0.64,0.61,32.4,69.89,3.01,20.43,9.49,Cabrobó,PE,Nordeste,-8.51,-39.3
2018,102,6.66,0.64,0.65,30.32,78.46,2.32,17.35,8.21,Cabrobó,PE,Nordeste,-8.51,-39.3
2018,103,32.05,0.68,0.76,26.63,87.25,2.43,10.24,5.07,Cabrobó,PE,Nordeste,-8.51,-39.3
2018,104,11.03,0.7,0.76,28.93,78.29,2.21,18.01,8.54,Cabrobó,PE,Nordeste,-8.51,-39.3
2018,105,0.02,0.69,0.69,31.04,74.92,2.83,20.16,9.48,Cabrobó,PE,Nordeste,-8.51,-39.3
2018,106,0.0,0.67,0.67,29.76,72.52,3.0,21.15,9.8,Cabrobó,PE,Nordeste,-8.51,-39.3
2018,107,0.0,0.67,0.65,31.24,69.05,3.28,20.13,9.4,Cabrobó,PE,Nordeste,-8.51,-39.3
2018,108,0.01,0.66,0.64,32.13,70.74,3.16,21.05,9.86,Cabrobó,PE,Nordeste,-8.51,-39.3
2018,109,0.0,0.65,0.63,33.22,67.24,3.2,24.83,11.47,Cabrobó,PE,Nordeste,-8.51,-39.3
2018,110,0.01,0.65,0.62,33.52,67.95,3.16,20.99,9.87,Cabrobó,PE,Nordeste,-8.51,-39.3
2018,111,5.13,0.64,0.64,32.57,74.74,3.47,18.2,8.59,Cabrobó,PE,Nordeste,-8.51,-39.3
2018,112,1.89,0.65,0.65,30.39,76.18,4.0,13.46,6.47,Cabrobó,PE,Nordeste,-8.51,-39.3
2018,113,0.08,0.65,0.62,32.26,69.94,3.71,16.55,7.82,Cabrobó,PE,Nordeste,-8.51,-39.3
2018,114,2.99,0.64,0.64,31.99,74.73,3.4,13.99,6.73,Cabrobó,PE,Nordeste,-8.51,-39.3
2018,115,0.11,0.64,0.62,32.68,69.11,3.19,21.53,10.08,Cabrobó,PE,Nordeste,-8.51,-39.3
2018,116,0.0,0.64,0.61,31.88,63.96,3.32,20.12,9.46,Cabrobó,PE,Nordeste,-8.51,-39.3
2018,117,0.0,0.63,0.61,33.54,64.43,3.09,22.53,10.48,Cabrobó,PE,Nordeste,-8.51,-39.3
2018,118,0.0,0.63,0.61,30.17,70.8,3.27,15.9,7.55,Cabrobó,PE,Nordeste,-8.51,-39.3
2018,119,0.04,0.63,0.61,30.05,72.17,3.33,17.51,8.23,Cabrobó,PE,Nordeste,-8.51,-39.3
2018,120,0.66,0.63,0.6,33.65,67.71,3.55,15.8,7.47,Cabrobó,PE,Nordeste,-8.51,-39.3
2018,121,0.63,0.62,0.61,33.01,71.81,3.11,14.46,6.93,Cabrobó,PE,Nordeste,-8.51,-39.3
2018,122,0.21,0.62,0.6,33.16,68.55,3.58,17.3,8.16,Cabrobó,PE,Nordeste,-8.51,-39.3
2018,123,0.01,0.62,0.6,32.47,67.3,3.63,19.6,9.16,Cabrobó,PE,Nordeste,-8.51,-39.3
2018,124,0.05,0.62,0.59,33.45,66.27,4.1,22.21,10.33,Cabrobó,PE,Nordeste,-8.51,-39.3
2018,125,0.14,0.61,0.58,32.62,67.95,3.97,14.69,6.89,Cabrobó,PE,Nordeste,-8.51,-39.3
2018,126,0.16,0.61,0.58,33.3,65.98,3.7,15.11,7.1,Cabrobó,PE,Nordeste,-8.51,-39.3
2018,127,1.3,0.61,0.57,33.09,67.77,3.45,15.57,7.28,Cabrobó,PE,Nordeste,-8.51,-39.3
2018,128,0.68,0.61,0.57,33.22,66.78,3.4,16.49,7.7,Cabrobó,PE,Nordeste,-8.51,-39.3
2018,129,0.0,0.61,0.55,33.58,62.34,3.89,20.49,9.59,Cabrobó,PE,Nordeste,-8.51,-39.3
2018,130,0.0,0.61,0.52,33.71,63.82,2.89,19.14,9.0,Cabrobó,PE,Nordeste,-8.51,-39.3
2018,131,0.31,0.6,0.5,34.39,64.4,3.59,16.1,7.6,Cabrobó,PE,Nordeste,-8.51,-39.3
2018,132,0.14,0.6,0.48,35.02,60.31,3.3,21.29,9.96,Cabrobó,PE,Nordeste,-8.51,-39.3
2018,133,0.17,0.6,0.45,34.98,57.16,3.32,19.03,8.91,Cabrobó,PE,Nordeste,-8.51,-39.3
2018,134,0.04,0.6,0.44,34.55,57.37,4.06,21.71,10.08,Cabrobó,PE,Nordeste,-8.51,-39.3
2018,135,1.39,0.6,0.43,34.67,66.22,3.63,19.77,9.23,Cabrobó,PE,Nordeste,-8.51,-39.3
2018,136,0.51,0.6,0.46,33.85,64.64,3.26,15.61,7.42,Cabrobó,PE,Nordeste,-8.51,-39.3
2018,137,0.11,0.6,0.44,34.67,60.07,3.16,20.13,9.38,Cabrobó,PE,Nordeste,-8.51,-39.3
2018,138,0.03,0.6,0.43,34.22,63.66,3.98,18.51,8.72,Cabrobó,PE,Nordeste,-8.51,-39.3
2018,139,0.0,0.6,0.41,34.19,54.09,3.21,21.74,10.07,Cabrobó,PE,Nordeste,-8.51,-39.3
2018,140,0.74,0.6,0.41,35.91,56.58,2.04,22.08,10.23,Cabrobó,PE,Nordeste,-8.51,-39.3
2018,141,0.17,0.6,0.4,35.61,54.25,2.91,21.62,10.1,Cabrobó,PE,Nordeste,-8.51,-39.3
2018,142,0.02,0.6,0.39,33.94,61.62,4.19,15.07,7.17,Cabrobó,PE,Nordeste,-8.51,-39.3
2018,143,0.0,0.6,0.38,33.9,58.46,4.18,21.75,10.12,Cabrobó,PE,Nordeste,-8.51,-39.3
2018,144,0.01,0.6,0.38,33.22,60.79,4.22,20.43,9.47,Cabrobó,PE,Nordeste,-8.51,-39.3
2018,145,0.02,0.6,0.37,33.08,60.49,3.97,21.59,10.01,Cabrobó,PE,Nordeste,-8.51,-39.3
2018,146,0.06,0.6,0.36,33.05,56.78,4.0,16.8,7.85,Cabrobó,PE,Nordeste,-8.51,-39.3
2018,147,0.01,0.6,0.36,32.82,58.72,4.05,20.44,9.42,Cabrobó,PE,Nordeste,-8.51,-39.3
2018,148,0.07,0.6,0.35,33.29,58.97,4.35,15.25,7.16,Cabrobó,PE,Nordeste,-8.51,-39.3
2018,149,0.32,0.6,0.35,33.23,61.6,4.36,14.11,6.66,Cabrobó,PE,Nordeste,-8.51,-39.3
2018,150,0.18,0.6,0.35,31.92,63.95,4.4,16.16,7.67,Cabrobó,PE,Nordeste,-8.51,-39.3
2018,151,0.01,0.6,0.35,32.24,61.04,4.14,15.54,7.34,Cabrobó,PE,Nordeste,-8.51,-39.3
2018,152,0.0,0.6,0.35,33.92,56.27,3.49,21.61,9.97,Cabrobó,PE,Nordeste,-8.51,-39.3
2018,153,0.0,0.59,0.34,35.55,57.51,2.76,17.16,8.14,Cabrobó,PE,Nordeste,-8.51,-39.3
2018,154,0.0,0.59,0.33,35.28,60.77,4.22,16.41,7.81,Cabrobó,PE,Nordeste,-8.51,-39.3
2018,155,0.05,0.59,0.32,32.99,61.8,4.76,14.53,6.95,Cabrobó,PE,Nordeste,-8.51,-39.3
2018,156,0.02,0.59,0.32,33.16,57.93,4.11,18.89,8.77,Cabrobó,PE,Nordeste,-8.51,-39.3
2018,157,0.01,0.59,0.32,33.93,55.53,3.51,21.53,9.92,Cabrobó,PE,Nordeste,-8.51,-39.3
2018,158,0.01,0.59,0.31,34.65,60.77,3.89,16.95,8.01,Cabrobó,PE,Nordeste,-8.51,-39.3
2018,159,0.26,0.59,0.31,35.2,60.82,3.36,17.61,8.32,Cabrobó,PE,Nordeste,-8.51,-39.3
2018,160,0.03,0.59,0.31,34.45,56.88,3.81,18.04,8.46,Cabrobó,PE,Nordeste,-8.51,-39.3
2018,161,0.16,0.59,0.3,33.09,61.28,4.54,15.68,7.35,Cabrobó,PE,Nordeste,-8.51,-39.3
2018,162,0.21,0.59,0.3,32.66,63.91,4.37,13.78,6.49,Cabrobó,PE,Nordeste,-8.51,-39.3
2018,163,0.0,0.59,0.3,32.7,62.01,4.22,18.69,8.68,Cabrobó,PE,Nordeste,-8.51,-39.3
2018,164,0.01,0.59,0.29,32.51,61.04,4.18,17.06,7.91,Cabrobó,PE,Nordeste,-8.51,-39.3
2018,165,0.0,0.59,0.29,32.26,59.38,3.87,17.15,7.9,Cabrobó,PE,Nordeste,-8.51,-39.3
2018,166,0.02,0.59,0.29,32.54,57.65,4.2,18.79,8.72,Cabrobó,PE,Nordeste,-8.51,-39.3
2018,167,0.01,0.59,0.28,32.29,56.88,4.07,19.24,8.88,Cabrobó,PE,Nordeste,-8.51,-39.3
2018,168,0.17,0.59,0.28,32.46,64.76,4.25,15.09,7.1,Cabrobó,PE,Nordeste,-8.51,-39.3
2018,169,0.34,0.59,0.28,30.5,74.09,3.39,13.45,6.41,Cabrobó,PE,Nordeste,-8.51,-39.3
2018,170,0.09,0.59,0.29,31.5,64.09,4.16,17.4,8.16,Cabrobó,PE,Nordeste,-8.51,-39.3
2018,171,0.04,0.59,0.28,31.22,58.67,4.39,18.29,8.42,Cabrobó,PE,Nordeste,-8.51,-39.3
2018,172,0.0,0.59,0.28,32.5,58.69,3.94,20.1,9.24,Cabrobó,PE,Nordeste,-8.51,-39.3
2018,173,0.0,0.59,0.27,32.84,55.12,3.75,21.46,9.75,Cabrobó,PE,Nordeste,-8.51,-39.3
2018,174,0.0,0.59,0.27,32.24,59.43,4.34,20.5,9.41,Cabrobó,PE,Nordeste,-8.51,-39.3
2018,175,0.0,0.59,0.27,32.01,56.93,4.45,20.13,9.19,Cabrobó,PE,Nordeste,-8.51,-39.3
2018,176,0.0,0.59,0.26,32.04,55.49,4.23,17.31,7.89,Cabrobó,PE,Nordeste,-8.51,-39.3
2018,177,0.0,0.59,0.26,31.96,60.15,3.64,21.02,9.54,Cabrobó,PE,Nordeste,-8.51,-39.3
2018,178,0.0,0.59,0.26,33.05,59.28,3.86,18.87,8.71,Cabrobó,PE,Nordeste,-8.51,-39.3
2018,179,0.0,0.59,0.25,31.89,58.19,4.48,19.38,8.87,Cabrobó,PE,Nordeste,-8.51,-39.3
2018,180,0.02,0.59,0.25,31.83,59.47,4.25,17.01,7.84,Cabrobó,PE,Nordeste,-8.51,-39.3
2018,181,0.0,0.59,0.25,32.02,57.0,3.91,21.31,9.73,Cabrobó,PE,Nordeste,-8.51,-39.3
2018,182,0.0,0.59,0.25,32.84,58.63,3.53,21.41,9.77,Cabrobó,PE,Nordeste,-8.51,-39.3
2018,183,0.08,0.59,0.24,32.69,64.7,4.21,16.0,7.54,Cabrobó,PE,Nordeste,-8.51,-39.3
2018,184,0.01,0.59,0.24,32.93,59.67,3.99,16.96,7.88,Cabrobó,PE,Nordeste,-8.51,-39.3
2018,185,0.0,0.59,0.24,32.31,59.04,4.4,21.66,9.89,Cabrobó,PE,Nordeste,-8.51,-39.3
2018,186,0.01,0.59,0.24,32.21,62.42,4.12,19.49,8.96,Cabrobó,PE,Nordeste,-8.51,-39.3
2018,187,0.17,0.59,0.24,32.82,66.56,4.78,12.03,5.78,Cabrobó,PE,Nordeste,-8.51,-39.3
2018,188,0.1,0.59,0.24,31.73,61.84,4.66,12.71,6.1,Cabrobó,PE,Nordeste,-8.51,-39.3
2018,189,0.0,0.59,0.24,32.62,60.44,3.87,21.54,9.84,Cabrobó,PE,Nordeste,-8.51,-39.3
2018,190,0.0,0.59,0.23,32.94,55.42,4.21,22.18,10.08,Cabrobó,PE,Nordeste,-8.51,-39.3
2018,191,0.0,0.59,0.23,32.58,58.6,3.32,20.26,9.27,Cabrobó,PE,Nordeste,-8.51,-39.3
2018,192,0.0,0.59,0.23,31.57,61.1,3.61,13.71,6.5,Cabrobó,PE,Nordeste,-8.51,-39.3
2018,193,0.0,0.59,0.23,34.09,57.64,4.61,18.18,8.54,Cabrobó,PE,Nordeste,-8.51,-39.3
2018,194,0.0,0.59,0.23,32.49,58.51,4.72,18.58,8.59,Cabrobó,PE,Nordeste,-8.51,-39.3
2018,195,0.0,0.59,0.22,31.69,54.61,3.71,21.31,9.67,Cabrobó,PE,Nordeste,-8.51,-39.3
2018,196,0.0,0.59,0.22,32.57,55.83,3.68,22.26,10.1,Cabrobó,PE,Nordeste,-8.51,-39.3
2018,197,0.0,0.59,0.22,31.71,56.09,4.25,20.2,9.22,Cabrobó,PE,Nordeste,-8.51,-39.3
2018,198,0.0,0.59,0.22,32.52,55.9,4.23,21.43,9.8,Cabrobó,PE,Nordeste,-8.51,-39.3
2018,199,0.01,0.59,0.22,32.31,56.34,4.5,16.06,7.45,Cabrobó,PE,Nordeste,-8.51,-39.3
2018,200,0.32,0.59,0.22,31.91,60.6,4.53,14.84,6.94,Cabrobó,PE,Nordeste,-8.51,-39.3
2018,201,0.29,0.59,0.23,32.32,57.03,4.56,19.91,9.18,Cabrobó,PE,Nordeste,-8.51,-39.3
2018,202,0.0,0.59,0.22,32.42,56.55,4.43,19.02,8.72,Cabrobó,PE,Nordeste,-8.51,-39.3
2018,203,0.0,0.59,0.22,32.91,58.14,4.76,19.3,8.95,Cabrobó,PE,Nordeste,-8.51,-39.3
2018,204,0.08,0.59,0.22,32.6,58.53,5.04,21.27,9.77,Cabrobó,PE,Nordeste,-8.51,-39.3
2018,205,0.28,0.59,0.23,32.18,59.88,4.54,18.52,8.59,Cabrobó,PE,Nordeste,-8.51,-39.3
2018,206,0.03,0.59,0.23,31.57,63.61,4.72,15.45,7.25,Cabrobó,PE,Nordeste,-8.51,-39.3
2018,207,0.01,0.59,0.22,32.3,61.84,4.78,16.97,7.94,Cabrobó,PE,Nordeste,-8.51,-39.3
2018,208,0.0,0.59,0.22,32.76,61.14,4.74,21.0,9.76,Cabrobó,PE,Nordeste,-8.51,-39.3
2018,209,0.06,0.59,0.22,33.07,63.67,4.88,16.15,7.64,Cabrobó,PE,Nordeste,-8.51,-39.3
2018,210,0.01,0.59,0.22,32.54,58.54,4.54,19.84,9.15,Cabrobó,PE,Nordeste,-8.51,-39.3
2018,211,0.0,0.59,0.22,32.9,56.46,3.61,21.5,9.87,Cabrobó,PE,Nordeste,-8.51,-39.3
2018,212,0.02,0.59,0.22,33.48,58.52,3.91,17.04,7.92,Cabrobó,PE,Nordeste,-8.51,-39.3
2018,213,0.0,0.59,0.21,34.12,55.86,4.05,20.98,9.67,Cabrobó,PE,Nordeste,-8.51,-39.3
2018,214,0.0,0.59,0.21,33.82,52.07,4.45,22.95,10.45,Cabrobó,PE,Nordeste,-8.51,-39.3
2018,215,0.0,0.59,0.21,33.43,50.76,4.16,22.91,10.41,Cabrobó,PE,Nordeste,-8.51,-39.3
2018,216,0.0,0.59,0.21,34.29,48.7,3.3,23.6,10.72,Cabrobó,PE,Nordeste,-8.51,-39.3
2018,217,0.0,0.59,0.2,35.01,48.65,3.32,23.48,10.67,Cabrobó,PE,Nordeste,-8.51,-39.3
2018,218,0.0,0.59,0.2,34.78,52.33,4.3,23.41,10.73,Cabrobó,PE,Nordeste,-8.51,-39.3
2018,219,0.0,0.59,0.2,34.25,52.65,4.27,23.1,10.5,Cabrobó,PE,Nordeste,-8.51,-39.3
2018,220,0.0,0.59,0.2,34.07,54.22,4.49,23.04,10.53,Cabrobó,PE,Nordeste,-8.51,-39.3
2018,221,0.0,0.59,0.2,34.2,52.35,4.04,21.77,9.97,Cabrobó,PE,Nordeste,-8.51,-39.3
2018,222,0.0,0.59,0.2,35.18,49.64,3.13,24.35,10.99,Cabrobó,PE,Nordeste,-8.51,-39.3
2018,223,0.0,0.59,0.19,35.72,46.08,3.35,24.17,10.98,Cabrobó,PE,Nordeste,-8.51,-39.3
2018,224,0.0,0.59,0.19,36.48,37.72,2.57,23.87,10.86,Cabrobó,PE,Nordeste,-8.51,-39.3
2018,225,0.0,0.59,0.19,36.35,44.46,3.48,19.19,8.88,Cabrobó,PE,Nordeste,-8.51,-39.3
2018,226,0.0,0.59,0.19,35.28,45.83,4.27,22.56,10.28,Cabrobó,PE,Nordeste,-8.51,-39.3
2018,227,0.0,0.59,0.18,35.03,45.74,4.15,24.48,11.13,Cabrobó,PE,Nordeste,-8.51,-39.3
2018,228,0.0,0.59,0.18,35.12,48.28,4.38,23.51,10.84,Cabrobó,PE,Nordeste,-8.51,-39.3
2018,229,0.0,0.59,0.18,34.64,51.6,5.31,21.79,10.04,Cabrobó,PE,Nordeste,-8.51,-39.3
2018,230,0.0,0.59,0.18,34.01,51.79,4.98,24.0,10.93,Cabrobó,PE,Nordeste,-8.51,-39.3
2018,231,0.0,0.59,0.18,34.18,54.82,5.37,18.83,8.78,Cabrobó,PE,Nordeste,-8.51,-39.3
2018,232,0.03,0.59,0.18,33.54,55.5,5.58,19.5,9.08,Cabrobó,PE,Nordeste,-8.51,-39.3
2018,233,0.05,0.59,0.18,33.91,55.18,5.3,22.61,10.24,Cabrobó,PE,Nordeste,-8.51,-39.3
2018,234,0.01,0.59,0.18,33.93,56.34,5.16,21.81,10.03,Cabrobó,PE,Nordeste,-8.51,-39.3
2018,235,0.01,0.59,0.18,33.76,52.16,4.93,24.59,11.18,Cabrobó,PE,Nordeste,-8.51,-39.3
2018,236,0.01,0.59,0.18,33.92,52.8,5.1,21.3,9.84,Cabrobó,PE,Nordeste,-8.51,-39.3
2018,237,0.0,0.59,0.18,34.5,53.37,4.75,24.1,11.0,Cabrobó,PE,Nordeste,-8.51,-39.3
2018,238,0.0,0.59,0.17,34.3,51.89,4.99,25.38,11.51,Cabrobó,PE,Nordeste,-8.51,-39.3
2018,239,0.02,0.59,0.17,33.52,52.33,5.13,21.96,10.15,Cabrobó,PE,Nordeste,-8.51,-39.3
2018,240,0.01,0.59,0.17,33.59,52.02,5.22,23.82,10.94,Cabrobó,PE,Nordeste,-8.51,-39.3
2018,241,0.09,0.59,0.17,32.45,56.79,5.63,18.73,8.79,Cabrobó,PE,Nordeste,-8.51,-39.3
2018,242,0.05,0.59,0.17,32.4,54.84,5.14,22.43,10.28,Cabrobó,PE,Nordeste,-8.51,-39.3
2018,243,0.0,0.59,0.17,32.56,54.64,5.14,25.23,11.46,Cabrobó,PE,Nordeste,-8.51,-39.3
2018,244,0.05,0.59,0.17,31.85,57.2,4.59,19.22,8.92,Cabrobó,PE,Nordeste,-8.51,-39.3
2018,245,0.01,0.59,0.17,34.69,57.96,5.04,21.51,9.96,Cabrobó,PE,Nordeste,-8.51,-39.3
2018,246,0.01,0.59,0.17,34.41,55.78,4.3,23.12,10.7,Cabrobó,PE,Nordeste,-8.51,-39.3
2018,247,0.0,0.59,0.17,37.0,46.96,3.71,25.61,11.75,Cabrobó,PE,Nordeste,-8.51,-39.3
2018,248,0.04,0.59,0.17,37.89,45.33,3.67,25.55,11.82,Cabrobó,PE,Nordeste,-8.51,-39.3
2018,249,0.44,0.59,0.18,35.96,50.87,5.21,22.05,10.33,Cabrobó,PE,Nordeste,-8.51,-39.3
2018,250,0.01,0.59,0.18,34.17,55.68,5.89,22.0,10.21,Cabrobó,PE,Nordeste,-8.51,-39.3
2018,251,0.03,0.59,0.18,33.03,54.32,5.55,18.77,8.79,Cabrobó,PE,Nordeste,-8.51,-39.3
2018,252,0.0,0.59,0.18,33.92,54.67,5.45,23.42,10.77,Cabrobó,PE,Nordeste,-8.51,-39.3
2018,253,0.0,0.59,0.18,34.76,55.25,5.13,20.73,9.66,Cabrobó,PE,Nordeste,-8.51,-39.3
2018,254,0.0,0.59,0.18,35.39,52.81,5.36,24.71,11.38,Cabrobó,PE,Nordeste,-8.51,-39.3
2018,255,0.0,0.59,0.18,36.01,49.13,5.34,26.56,12.21,Cabrobó,PE,Nordeste,-8.51,-39.3
2018,256,0.0,0.59,0.18,34.53,50.05,5.92,26.25,12.04,Cabrobó,PE,Nordeste,-8.51,-39.3
2018,257,0.0,0.59,0.18,34.87,49.63,5.3,25.57,11.7,Cabrobó,PE,Nordeste,-8.51,-39.3
2018,258,0.0,0.59,0.17,35.95,49.62,4.53,26.43,12.18,Cabrobó,PE,Nordeste,-8.51,-39.3
2018,259,0.0,0.59,0.17,37.13,47.67,4.47,26.08,11.93,Cabrobó,PE,Nordeste,-8.51,-39.3
2018,260,0.0,0.59,0.17,38.18,45.63,4.77,26.56,12.13,Cabrobó,PE,Nordeste,-8.51,-39.3
2018,261,0.0,0.59,0.17,37.32,49.36,5.47,26.17,11.95,Cabrobó,PE,Nordeste,-8.51,-39.3
2018,262,0.0,0.59,0.17,37.04,50.02,5.55,26.1,11.91,Cabrobó,PE,Nordeste,-8.51,-39.3
2018,263,0.0,0.59,0.17,36.49,50.4,5.79,24.74,11.33,Cabrobó,PE,Nordeste,-8.51,-39.3
2018,264,0.0,0.59,0.17,36.26,48.5,5.13,25.5,11.7,Cabrobó,PE,Nordeste,-8.51,-39.3
2018,265,0.0,0.59,0.17,37.24,44.2,4.19,27.38,12.46,Cabrobó,PE,Nordeste,-8.51,-39.3
2018,266,0.0,0.59,0.16,37.06,47.28,4.89,26.75,12.3,Cabrobó,PE,Nordeste,-8.51,-39.3
2018,267,0.0,0.59,0.16,36.58,49.34,4.9,23.98,11.11,Cabrobó,PE,Nordeste,-8.51,-39.3
2018,268,0.0,0.59,0.16,35.88,50.55,4.6,20.21,9.42,Cabrobó,PE,Nordeste,-8.51,-39.3
2018,269,0.0,0.59,0.16,36.38,48.63,5.43,21.61,10.02,Cabrobó,PE,Nordeste,-8.51,-39.3
2018,270,0.0,0.59,0.16,36.74,47.89,5.47,26.45,11.97,Cabrobó,PE,Nordeste,-8.51,-39.3
2018,271,0.0,0.59,0.16,37.25,45.91,4.58,26.02,11.93,Cabrobó,PE,Nordeste,-8.51,-39.3
2018,272,0.0,0.59,0.16,37.67,44.78,3.99,27.37,12.51,Cabrobó,PE,Nordeste,-8.51,-39.3
2018,273,0.0,0.59,0.16,36.83,47.99,4.69,22.85,10.57,Cabrobó,PE,Nordeste,-8.51,-39.3
2018,274,0.0,0.59,0.16,36.32,45.2,5.05,26.5,12.11,Cabrobó,PE,Nordeste,-8.51,-39.3
2018,275,0.0,0.59,0.15,36.63,46.03,4.54,26.98,12.24,Cabrobó,PE,Nordeste,-8.51,-39.3
2018,276,0.0,0.59,0.15,37.28,46.49,3.71,25.98,11.86,Cabrobó,PE,Nordeste,-8.51,-39.3
2018,277,0.0,0.59,0.15,38.29,47.16,3.63,24.49,11.27,Cabrobó,PE,Nordeste,-8.51,-39.3
2018,278,0.0,0.59,0.15,38.11,48.34,4.43,23.66,10.94,Cabrobó,PE,Nordeste,-8.51,-39.3
2018,279,0.01,0.59,0.15,36.8,47.33,4.32,26.06,11.98,Cabrobó,PE,Nordeste,-8.51,-39.3
2018,280,0.02,0.59,0.15,36.6,48.65,5.27,22.22,10.41,Cabrobó,PE,Nordeste,-8.51,-39.3
2018,281,0.0,0.59,0.15,36.78,44.43,5.48,26.07,11.96,Cabrobó,PE,Nordeste,-8.51,-39.3
2018,282,0.0,0.59,0.15,36.72,43.8,5.02,28.16,12.7,Cabrobó,PE,Nordeste,-8.51,-39.3
2018,283,0.0,0.59,0.15,36.95,47.16,5.14,26.57,12.13,Cabrobó,PE,Nordeste,-8.51,-39.3
2018,284,0.0,0.59,0.15,37.02,47.57,4.75,26.06,11.96,Cabrobó,PE,Nordeste,-8.51,-39.3
2018,285,0.0,0.58,0.15,36.45,46.81,4.71,26.53,12.16,Cabrobó,PE,Nordeste,-8.51,-39.3
2018,286,0.0,0.58,0.15,37.09,47.52,4.28,24.64,11.35,Cabrobó,PE,Nordeste,-8.51,-39.3
2018,287,0.0,0.58,0.15,38.38,44.42,2.88,25.73,11.83,Cabrobó,PE,Nordeste,-8.51,-39.3
2018,288,0.06,0.58,0.14,38.95,40.28,2.61,19.31,9.08,Cabrobó,PE,Nordeste,-8.51,-39.3
2018,289,0.54,0.59,0.15,37.58,44.06,2.72,18.89,8.8,Cabrobó,PE,Nordeste,-8.51,-39.3
2018,290,0.38,0.59,0.17,36.87,47.27,3.48,18.02,8.57,Cabrobó,PE,Nordeste,-8.51,-39.3
2018,291,0.03,0.59,0.17,37.65,45.62,4.16,20.83,9.86,Cabrobó,PE,Nordeste,-8.51,-39.3
2018,292,0.0,0.59,0.16,38.17,39.23,2.79,24.16,11.31,Cabrobó,PE,Nordeste,-8.51,-39.3
2018,293,0.0,0.59,0.16,40.19,33.18,3.34,27.01,12.5,Cabrobó,PE,Nordeste,-8.51,-39.3
2018,294,0.02,0.59,0.16,38.66,38.87,3.94,22.34,10.43,Cabrobó,PE,Nordeste,-8.51,-39.3
2018,295,0.02,0.59,0.16,37.53,48.44,5.6,19.38,9.1,Cabrobó,PE,Nordeste,-8.51,-39.3
2018,296,0.01,0.59,0.16,37.29,47.13,5.28,26.14,12.01,Cabrobó,PE,Nordeste,-8.51,-39.3
2018,297,0.04,0.59,0.16,37.83,45.14,4.94,27.45,12.55,Cabrobó,PE,Nordeste,-8.51,-39.3
2018,298,0.0,0.59,0.16,38.17,46.48,4.92,27.96,12.67,Cabrobó,PE,Nordeste,-8.51,-39.3
2018,299,0.0,0.59,0.16,38.9,44.6,3.94,28.13,12.88,Cabrobó,PE,Nordeste,-8.51,-39.3
2018,300,0.0,0.59,0.16,39.94,38.38,3.19,28.11,13.0,Cabrobó,PE,Nordeste,-8.51,-39.3
2018,301,0.01,0.59,0.15,39.69,37.93,2.76,26.51,12.33,Cabrobó,PE,Nordeste,-8.51,-39.3
2018,302,0.57,0.59,0.16,39.81,37.44,3.08,26.0,12.15,Cabrobó,PE,Nordeste,-8.51,-39.3
2018,303,2.13,0.59,0.23,38.26,43.56,4.7,20.31,9.62,Cabrobó,PE,Nordeste,-8.51,-39.3
2018,304,0.02,0.59,0.25,38.2,41.75,5.01,24.05,11.12,Cabrobó,PE,Nordeste,-8.51,-39.3
2018,305,0.0,0.59,0.24,37.63,42.56,4.24,25.43,11.72,Cabrobó,PE,Nordeste,-8.51,-39.3
2018,306,0.0,0.59,0.23,38.29,40.0,3.56,28.2,12.94,Cabrobó,PE,Nordeste,-8.51,-39.3
2018,307,0.0,0.59,0.23,38.13,42.91,4.26,25.4,11.77,Cabrobó,PE,Nordeste,-8.51,-39.3
2018,308,0.0,0.59,0.22,38.58,42.28,4.14,22.58,10.57,Cabrobó,PE,Nordeste,-8.51,-39.3
2018,309,0.01,0.59,0.22,39.18,42.18,4.16,25.41,11.81,Cabrobó,PE,Nordeste,-8.51,-39.3
2018,310,0.0,0.59,0.21,37.39,46.17,4.88,25.84,12.01,Cabrobó,PE,Nordeste,-8.51,-39.3
2018,311,0.0,0.59,0.21,37.29,46.77,4.67,25.92,12.0,Cabrobó,PE,Nordeste,-8.51,-39.3
2018,312,0.01,0.59,0.2,38.05,47.1,4.79,23.32,10.93,Cabrobó,PE,Nordeste,-8.51,-39.3
2018,313,0.0,0.59,0.2,39.19,42.66,4.44,27.56,12.8,Cabrobó,PE,Nordeste,-8.51,-39.3
2018,314,0.0,0.59,0.2,38.89,43.45,4.52,26.39,12.22,Cabrobó,PE,Nordeste,-8.51,-39.3
2018,315,0.0,0.59,0.19,39.12,40.6,4.25,26.28,12.18,Cabrobó,PE,Nordeste,-8.51,-39.3
2018,316,0.27,0.59,0.19,38.39,37.8,4.1,25.55,11.96,Cabrobó,PE,Nordeste,-8.51,-39.3
2018,317,0.15,0.59,0.2,38.98,39.77,4.86,27.58,12.87,Cabrobó,PE,Nordeste,-8.51,-39.3
2018,318,0.0,0.59,0.2,38.54,43.13,4.71,28.25,13.04,Cabrobó,PE,Nordeste,-8.51,-39.3
2018,319,0.12,0.59,0.19,38.73,43.4,4.47,25.65,11.9,Cabrobó,PE,Nordeste,-8.51,-39.3
2018,320,0.08,0.59,0.19,38.71,38.74,4.13,25.91,12.03,Cabrobó,PE,Nordeste,-8.51,-39.3
2018,321,0.0,0.59,0.19,38.09,41.37,5.15,25.56,11.88,Cabrobó,PE,Nordeste,-8.51,-39.3
2018,322,0.0,0.59,0.19,37.47,48.28,5.99,22.44,10.37,Cabrobó,PE,Nordeste,-8.51,-39.3
2018,323,0.0,0.59,0.19,37.78,46.2,5.1,26.21,12.0,Cabrobó,PE,Nordeste,-8.51,-39.3
2018,324,0.0,0.59,0.18,37.97,46.54,5.37,26.88,12.29,Cabrobó,PE,Nordeste,-8.51,-39.3
2018,325,0.0,0.59,0.18,37.65,48.19,5.39,25.7,11.86,Cabrobó,PE,Nordeste,-8.51,-39.3
2018,326,0.0,0.59,0.18,37.7,46.82,5.26,25.36,11.77,Cabrobó,PE,Nordeste,-8.51,-39.3
2018,327,0.08,0.59,0.18,36.82,47.68,5.11,19.75,9.27,Cabrobó,PE,Nordeste,-8.51,-39.3
2018,328,0.59,0.59,0.18,36.34,52.81,4.35,16.52,7.84,Cabrobó,PE,Nordeste,-8.51,-39.3
2018,329,2.49,0.59,0.24,34.9,55.96,3.46,16.68,8.01,Cabrobó,PE,Nordeste,-8.51,-39.3
2018,330,6.56,0.6,0.39,31.6,68.87,4.5,17.39,8.33,Cabrobó,PE,Nordeste,-8.51,-39.3
2018,331,0.24,0.6,0.48,32.56,62.91,4.6,13.18,6.54,Cabrobó,PE,Nordeste,-8.51,-39.3
2018,332,0.01,0.6,0.44,34.38,58.43,4.68,22.55,10.67,Cabrobó,PE,Nordeste,-8.51,-39.3
2018,333,0.04,0.6,0.41,36.0,55.32,4.52,25.52,11.88,Cabrobó,PE,Nordeste,-8.51,-39.3
2018,334,0.42,0.6,0.38,36.74,50.11,3.17,23.76,11.19,Cabrobó,PE,Nordeste,-8.51,-39.3
2018,335,1.0,0.6,0.38,35.69,52.22,2.06,19.09,9.18,Cabrobó,PE,Nordeste,-8.51,-39.3
2018,336,5.1,0.6,0.49,31.11,65.99,1.66,18.44,8.91,Cabrobó,PE,Nordeste,-8.51,-39.3
2018,337,3.29,0.61,0.59,31.03,74.06,1.59,17.4,8.43,Cabrobó,PE,Nordeste,-8.51,-39.3
2018,338,21.63,0.63,0.69,26.51,83.62,1.83,6.94,3.61,Cabrobó,PE,Nordeste,-8.51,-39.3
2018,339,3.61,0.64,0.64,29.36,79.96,1.7,18.06,8.78,Cabrobó,PE,Nordeste,-8.51,-39.3
2018,340,14.32,0.66,0.72,29.21,80.65,1.13,17.0,8.17,Cabrobó,PE,Nordeste,-8.51,-39.3
2018,341,1.05,0.66,0.64,34.12,69.38,1.78,21.55,10.28,Cabrobó,PE,Nordeste,-8.51,-39.3
2018,342,1.59,0.65,0.63,34.52,65.3,1.78,26.45,12.44,Cabrobó,PE,Nordeste,-8.51,-39.3
2018,343,3.3,0.64,0.64,32.4,68.35,2.78,17.84,8.61,Cabrobó,PE,Nordeste,-8.51,-39.3
2018,344,6.53,0.65,0.66,31.4,73.16,4.28,14.45,7.05,Cabrobó,PE,Nordeste,-8.51,-39.3
2018,345,0.9,0.65,0.63,34.02,64.85,5.1,25.75,12.02,Cabrobó,PE,Nordeste,-8.51,-39.3
2018,346,0.01,0.64,0.61,33.26,62.6,4.73,23.28,10.83,Cabrobó,PE,Nordeste,-8.51,-39.3
2018,347,0.02,0.63,0.61,33.64,61.41,4.04,23.26,10.84,Cabrobó,PE,Nordeste,-8.51,-39.3
2018,348,0.24,0.63,0.61,31.52,64.69,3.48,21.77,10.11,Cabrobó,PE,Nordeste,-8.51,-39.3
2018,349,0.0,0.63,0.6,34.1,57.52,4.29,21.89,9.99,Cabrobó,PE,Nordeste,-8.51,-39.3
2018,350,0.0,0.62,0.59,34.74,55.97,3.55,26.87,12.23,Cabrobó,PE,Nordeste,-8.51,-39.3
2018,351,13.81,0.62,0.62,34.65,66.43,4.48,20.56,9.7,Cabrobó,PE,Nordeste,-8.51,-39.3
2018,352,3.55,0.65,0.66,31.11,71.69,3.86,22.87,10.76,Cabrobó,PE,Nordeste,-8.51,-39.3
2018,353,0.01,0.64,0.61,34.27,60.62,4.04,28.39,13.07,Cabrobó,PE,Nordeste,-8.51,-39.3
2018,354,0.0,0.63,0.6,34.86,59.58,3.34,26.33,12.12,Cabrobó,PE,Nordeste,-8.51,-39.3
2018,355,0.0,0.63,0.6,32.81,60.5,3.23,23.74,11.01,Cabrobó,PE,Nordeste,-8.51,-39.3
2018,356,0.0,0.62,0.6,33.41,60.05,3.21,20.19,9.35,Cabrobó,PE,Nordeste,-8.51,-39.3
2018,357,0.52,0.62,0.6,32.03,69.15,2.31,17.72,8.3,Cabrobó,PE,Nordeste,-8.51,-39.3
2018,358,6.55,0.63,0.64,31.91,70.87,2.15,11.81,5.75,Cabrobó,PE,Nordeste,-8.51,-39.3
2018,359,1.69,0.63,0.61,33.97,64.88,1.57,20.9,9.84,Cabrobó,PE,Nordeste,-8.51,-39.3
2018,360,0.03,0.62,0.59,35.45,55.63,1.91,26.23,12.33,Cabrobó,PE,Nordeste,-8.51,-39.3
2018,361,0.01,0.62,0.58,36.43,55.81,2.16,26.85,12.56,Cabrobó,PE,Nordeste,-8.51,-39.3
2018,362,0.0,0.61,0.57,36.65,54.87,2.42,27.01,12.6,Cabrobó,PE,Nordeste,-8.51,-39.3
2018,363,0.0,0.61,0.55,36.81,52.12,2.71,25.99,12.1,Cabrobó,PE,Nordeste,-8.51,-39.3
2018,364,0.21,0.61,0.51,37.04,48.84,2.87,23.91,11.14,Cabrobó,PE,Nordeste,-8.51,-39.3
2018,365,0.09,0.6,0.48,36.26,53.0,2.66,26.42,12.27,Cabrobó,PE,Nordeste,-8.51,-39.3
2019,1,0.14,0.6,0.45,37.36,47.75,3.58,25.65,12.03,Cabrobó,PE,Nordeste,-8.51,-39.3
2019,2,0.05,0.6,0.42,37.9,49.38,4.93,26.1,12.19,Cabrobó,PE,Nordeste,-8.51,-39.3
2019,3,0.0,0.6,0.4,37.42,46.74,3.51,28.32,13.08,Cabrobó,PE,Nordeste,-8.51,-39.3
2019,4,0.01,0.6,0.38,37.0,45.54,3.38,24.8,11.68,Cabrobó,PE,Nordeste,-8.51,-39.3
2019,5,0.15,0.6,0.37,37.12,44.4,3.58,22.02,10.44,Cabrobó,PE,Nordeste,-8.51,-39.3
2019,6,0.63,0.6,0.37,35.95,47.99,4.08,14.58,7.07,Cabrobó,PE,Nordeste,-8.51,-39.3
2019,7,0.55,0.6,0.38,32.81,53.93,3.72,14.14,6.94,Cabrobó,PE,Nordeste,-8.51,-39.3
2019,8,1.14,0.6,0.41,31.99,62.54,3.03,19.56,9.3,Cabrobó,PE,Nordeste,-8.51,-39.3
2019,9,4.05,0.6,0.43,34.27,62.02,3.42,18.37,8.84,Cabrobó,PE,Nordeste,-8.51,-39.3
2019,10,3.76,0.61,0.58,35.93,56.54,3.78,21.34,10.07,Cabrobó,PE,Nordeste,-8.51,-39.3
2019,11,0.0,0.61,0.53,36.37,51.4,4.21,17.36,8.29,Cabrobó,PE,Nordeste,-8.51,-39.3
2019,12,0.0,0.6,0.49,36.72,49.44,2.94,26.08,12.13,Cabrobó,PE,Nordeste,-8.51,-39.3
2019,13,0.6,0.6,0.44,37.27,52.94,3.74,26.78,12.59,Cabrobó,PE,Nordeste,-8.51,-39.3
2019,14,1.17,0.6,0.44,33.31,60.05,3.47,15.34,7.47,Cabrobó,PE,Nordeste,-8.51,-39.3
2019,15,0.0,0.6,0.42,37.37,47.04,3.79,24.13,11.21,Cabrobó,PE,Nordeste,-8.51,-39.3
2019,16,0.06,0.6,0.39,36.57,47.4,3.52,18.17,8.61,Cabrobó,PE,Nordeste,-8.51,-39.3
2019,17,0.44,0.6,0.37,38.22,51.63,3.91,20.57,9.68,Cabrobó,PE,Nordeste,-8.51,-39.3
2019,18,0.38,0.6,0.36,36.85,52.05,4.06,21.1,9.9,Cabrobó,PE,Nordeste,-8.51,-39.3
2019,19,0.36,0.6,0.35,37.62,49.81,3.93,23.37,10.93,Cabrobó,PE,Nordeste,-8.51,-39.3
2019,20,0.8,0.6,0.35,34.97,58.42,3.16,20.12,9.6,Cabrobó,PE,Nordeste,-8.51,-39.3
2019,21,0.24,0.6,0.35,38.14,47.44,4.53,27.16,12.72,Cabrobó,PE,Nordeste,-8.51,-39.3
2019,22,0.0,0.59,0.33,37.74,45.97,4.56,27.92,12.83,Cabrobó,PE,Nordeste,-8.51,-39.3
2019,23,0.2,0.59,0.32,37.93,49.31,3.96,24.49,11.5,Cabrobó,PE,Nordeste,-8.51,-39.3
2019,24,0.53,0.59,0.32,35.65,50.06,3.0,16.23,7.79,Cabrobó,PE,Nordeste,-8.51,-39.3
2019,25,0.62,0.59,0.32,36.55,48.38,3.0,19.14,8.96,Cabrobó,PE,Nordeste,-8.51,-39.3
2019,26,0.27,0.59,0.32,38.07,42.6,3.56,23.44,10.88,Cabrobó,PE,Nordeste,-8.51,-39.3
2019,27,1.83,0.59,0.34,37.84,47.45,4.04,24.93,11.66,Cabrobó,PE,Nordeste,-8.51,-39.3
2019,28,0.73,0.59,0.34,36.86,53.14,4.74,25.48,11.96,Cabrobó,PE,Nordeste,-8.51,-39.3
2019,29,0.02,0.59,0.33,37.82,47.15,4.48,25.35,11.88,Cabrobó,PE,Nordeste,-8.51,-39.3
2019,30,0.0,0.59,0.32,37.51,46.79,3.71,27.57,12.74,Cabrobó,PE,Nordeste,-8.51,-39.3
2019,31,0.0,0.59,0.3,38.1,45.18,3.48,26.73,12.48,Cabrobó,PE,Nordeste,-8.51,-39.3
2019,32,0.0,0.59,0.29,36.5,48.31,3.58,23.63,11.14,Cabrobó,PE,Nordeste,-8.51,-39.3
2019,33,0.09,0.59,0.29,35.63,49.8,3.59,20.87,9.96,Cabrobó,PE,Nordeste,-8.51,-39.3
2019,34,0.0,0.59,0.28,36.42,47.88,2.97,24.16,11.38,Cabrobó,PE,Nordeste,-8.51,-39.3
2019,35,1.93,0.59,0.32,32.54,57.98,1.53,23.86,11.28,Cabrobó,PE,Nordeste,-8.51,-39.3
2019,36,1.94,0.6,0.37,36.32,54.52,2.57,17.08,8.37,Cabrobó,PE,Nordeste,-8.51,-39.3
2019,37,2.84,0.6,0.44,34.37,59.88,2.25,19.83,9.51,Cabrobó,PE,Nordeste,-8.51,-39.3
2019,38,2.47,0.6,0.46,36.79,59.51,2.74,18.01,8.78,Cabrobó,PE,Nordeste,-8.51,-39.3
2019,39,0.0,0.6,0.43,38.73,46.76,3.49,26.11,12.24,Cabrobó,PE,Nordeste,-8.51,-39.3
2019,40,0.0,0.6,0.39,37.53,49.19,3.4,25.1,11.69,Cabrobó,PE,Nordeste,-8.51,-39.3
2019,41,0.01,0.6,0.36,38.13,47.43,4.8,27.36,12.66,Cabrobó,PE,Nordeste,-8.51,-39.3
2019,42,0.18,0.59,0.34,37.98,50.62,5.1,25.16,11.8,Cabrobó,PE,Nordeste,-8.51,-39.3
2019,43,0.0,0.59,0.32,38.51,47.61,4.19,26.37,12.37,Cabrobó,PE,Nordeste,-8.51,-39.3
2019,44,0.04,0.59,0.31,32.09,60.4,2.74,17.74,8.49,Cabrobó,PE,Nordeste,-8.51,-39.3
2019,45,0.01,0.59,0.3,36.01,50.12,1.68,19.3,9.07,Cabrobó,PE,Nordeste,-8.51,-39.3
2019,46,0.46,0.59,0.29,35.99,50.97,1.15,22.58,10.67,Cabrobó,PE,Nordeste,-8.51,-39.3
2019,47,15.21,0.61,0.58,26.68,80.96,1.72,15.83,7.67,Cabrobó,PE,Nordeste,-8.51,-39.3
2019,48,0.45,0.62,0.6,34.96,67.84,1.93,21.98,10.38,Cabrobó,PE,Nordeste,-8.51,-39.3
2019,49,4.25,0.62,0.62,35.31,72.39,1.59,22.04,10.46,Cabrobó,PE,Nordeste,-8.51,-39.3
2019,50,0.37,0.62,0.59,37.07,59.15,3.13,25.78,12.01,Cabrobó,PE,Nordeste,-8.51,-39.3
2019,51,0.88,0.61,0.56,37.1,55.63,2.3,27.72,12.94,Cabrobó,PE,Nordeste,-8.51,-39.3
2019,52,2.72,0.61,0.57,36.13,59.51,2.1,23.55,11.04,Cabrobó,PE,Nordeste,-8.51,-39.3
2019,53,0.49,0.61,0.54,35.2,60.76,2.38,20.98,9.75,Cabrobó,PE,Nordeste,-8.51,-39.3
2019,54,1.45,0.6,0.52,29.98,75.27,1.66,18.21,8.62,Cabrobó,PE,Nordeste,-8.51,-39.3
2019,55,3.52,0.61,0.6,29.46,82.6,1.23,20.02,9.49,Cabrobó,PE,Nordeste,-8.51,-39.3
2019,56,0.04,0.61,0.58,27.87,77.9,1.38,15.06,7.24,Cabrobó,PE,Nordeste,-8.51,-39.3
2019,57,1.45,0.61,0.59,32.33,74.03,1.4,22.98,10.84,Cabrobó,PE,Nordeste,-8.51,-39.3
2019,58,0.69,0.61,0.58,31.79,71.46,1.33,20.41,9.65,Cabrobó,PE,Nordeste,-8.51,-39.3
2019,59,0.01,0.61,0.54,36.14,55.75,2.26,24.45,11.52,Cabrobó,PE,Nordeste,-8.51,-39.3
2019,60,0.01,0.6,0.48,36.21,52.17,2.58,25.64,12.11,Cabrobó,PE,Nordeste,-8.51,-39.3
2019,61,0.9,0.6,0.43,36.64,55.52,2.19,23.35,11.02,Cabrobó,PE,Nordeste,-8.51,-39.3
2019,62,0.86,0.6,0.43,37.31,57.32,2.45,22.97,10.68,Cabrobó,PE,Nordeste,-8.51,-39.3
2019,63,9.11,0.6,0.54,35.89,65.16,2.79,21.98,10.44,Cabrobó,PE,Nordeste,-8.51,-39.3
2019,64,1.4,0.61,0.6,36.02,61.88,3.42,22.08,10.37,Cabrobó,PE,Nordeste,-8.51,-39.3
2019,65,0.02,0.61,0.55,36.62,53.91,3.24,24.64,11.41,Cabrobó,PE,Nordeste,-8.51,-39.3
2019,66,0.18,0.6,0.49,37.03,52.09,3.18,22.3,10.45,Cabrobó,PE,Nordeste,-8.51,-39.3
2019,67,0.26,0.6,0.44,37.2,50.74,3.36,25.81,12.05,Cabrobó,PE,Nordeste,-8.51,-39.3
2019,68,0.05,0.6,0.4,37.91,48.71,3.79,25.53,11.85,Cabrobó,PE,Nordeste,-8.51,-39.3
2019,69,0.0,0.6,0.36,38.58,40.5,2.63,27.52,12.72,Cabrobó,PE,Nordeste,-8.51,-39.3
2019,70,0.0,0.59,0.34,37.28,42.66,2.29,27.5,12.88,Cabrobó,PE,Nordeste,-8.51,-39.3
2019,71,1.91,0.59,0.33,38.99,48.07,3.16,26.12,12.31,Cabrobó,PE,Nordeste,-8.51,-39.3
2019,72,0.96,0.6,0.38,38.75,58.51,3.97,21.42,10.05,Cabrobó,PE,Nordeste,-8.51,-39.3
2019,73,2.7,0.6,0.44,33.68,67.14,2.88,21.51,10.16,Cabrobó,PE,Nordeste,-8.51,-39.3
2019,74,0.1,0.6,0.42,35.83,58.17,3.09,21.98,10.37,Cabrobó,PE,Nordeste,-8.51,-39.3
2019,75,0.11,0.6,0.39,38.31,46.88,3.15,27.16,12.57,Cabrobó,PE,Nordeste,-8.51,-39.3
2019,76,0.01,0.6,0.36,37.68,48.4,2.45,25.7,11.96,Cabrobó,PE,Nordeste,-8.51,-39.3
2019,77,0.13,0.59,0.34,37.01,51.35,2.35,23.89,11.21,Cabrobó,PE,Nordeste,-8.51,-39.3
2019,78,0.43,0.59,0.33,38.05,51.44,2.14,22.81,10.66,Cabrobó,PE,Nordeste,-8.51,-39.3
2019,79,0.13,0.59,0.32,38.83,50.51,2.66,23.51,11.04,Cabrobó,PE,Nordeste,-8.51,-39.3
2019,80,11.12,0.59,0.37,36.83,59.71,2.92,18.58,8.8,Cabrobó,PE,Nordeste,-8.51,-39.3
2019,81,10.24,0.63,0.67,27.99,81.16,1.32,21.47,10.11,Cabrobó,PE,Nordeste,-8.51,-39.3
2019,82,12.43,0.64,0.67,32.57,76.72,0.72,15.07,7.27,Cabrobó,PE,Nordeste,-8.51,-39.3
2019,83,9.53,0.65,0.69,26.31,88.32,1.78,17.43,8.32,Cabrobó,PE,Nordeste,-8.51,-39.3
2019,84,41.89,0.7,0.8,27.83,85.75,1.15,14.88,7.29,Cabrobó,PE,Nordeste,-8.51,-39.3
2019,85,0.96,0.7,0.71,31.38,76.0,1.42,24.09,11.35,Cabrobó,PE,Nordeste,-8.51,-39.3
2019,86,11.19,0.69,0.73,30.11,79.49,3.07,19.83,9.48,Cabrobó,PE,Nordeste,-8.51,-39.3
2019,87,5.24,0.69,0.72,31.89,75.11,3.38,23.45,11.08,Cabrobó,PE,Nordeste,-8.51,-39.3
2019,88,0.09,0.68,0.67,32.57,71.45,2.87,23.47,11.05,Cabrobó,PE,Nordeste,-8.51,-39.3
2019,89,1.86,0.67,0.66,32.92,74.99,3.18,19.63,9.39,Cabrobó,PE,Nordeste,-8.51,-39.3
2019,90,3.52,0.67,0.67,30.7,80.5,2.45,17.61,8.46,Cabrobó,PE,Nordeste,-8.51,-39.3
2019,91,0.42,0.66,0.66,27.89,82.11,2.2,17.67,8.38,Cabrobó,PE,Nordeste,-8.51,-39.3
2019,92,0.5,0.66,0.64,33.65,72.47,1.76,19.54,9.19,Cabrobó,PE,Nordeste,-8.51,-39.3
2019,93,2.56,0.66,0.65,33.47,73.68,2.35,23.16,10.93,Cabrobó,PE,Nordeste,-8.51,-39.3
2019,94,4.59,0.65,0.65,32.99,75.69,2.46,21.91,10.41,Cabrobó,PE,Nordeste,-8.51,-39.3
2019,95,4.64,0.66,0.66,32.74,75.36,1.82,16.25,7.79,Cabrobó,PE,Nordeste,-8.51,-39.3
2019,96,0.31,0.65,0.63,33.49,71.21,2.25,22.4,10.59,Cabrobó,PE,Nordeste,-8.51,-39.3
2019,97,0.02,0.65,0.62,34.27,68.62,2.39,21.24,9.97,Cabrobó,PE,Nordeste,-8.51,-39.3
2019,98,0.22,0.64,0.62,34.38,68.05,2.4,20.98,9.91,Cabrobó,PE,Nordeste,-8.51,-39.3
2019,99,1.86,0.64,0.62,33.22,72.71,2.11,19.99,9.53,Cabrobó,PE,Nordeste,-8.51,-39.3
2019,100,0.69,0.64,0.61,33.28,72.72,2.11,21.86,10.39,Cabrobó,PE,Nordeste,-8.51,-39.3
2019,101,0.08,0.63,0.6,34.52,67.38,1.22,19.4,9.11,Cabrobó,PE,Nordeste,-8.51,-39.3
2019,102,0.21,0.63,0.6,35.06,67.56,1.67,21.06,9.99,Cabrobó,PE,Nordeste,-8.51,-39.3
2019,103,0.09,0.62,0.59,34.93,63.89,2.67,22.79,10.66,Cabrobó,PE,Nordeste,-8.51,-39.3
2019,104,0.25,0.62,0.58,35.43,59.74,3.37,21.18,9.9,Cabrobó,PE,Nordeste,-8.51,-39.3
2019,105,0.53,0.62,0.58,35.14,65.18,2.67,23.8,11.12,Cabrobó,PE,Nordeste,-8.51,-39.3
2019,106,0.0,0.62,0.58,33.2,69.65,2.43,19.6,9.23,Cabrobó,PE,Nordeste,-8.51,-39.3
2019,107,0.05,0.61,0.57,36.04,63.37,2.39,19.73,9.24,Cabrobó,PE,Nordeste,-8.51,-39.3
2019,108,0.09,0.61,0.56,33.49,66.52,2.34,20.98,9.91,Cabrobó,PE,Nordeste,-8.51,-39.3
2019,109,0.78,0.61,0.56,34.43,65.64,1.51,20.26,9.46,Cabrobó,PE,Nordeste,-8.51,-39.3
2019,110,0.53,0.61,0.55,34.98,68.38,1.77,20.61,9.58,Cabrobó,PE,Nordeste,-8.51,-39.3
2019,111,2.87,0.61,0.58,33.18,71.69,1.66,16.71,8.0,Cabrobó,PE,Nordeste,-8.51,-39.3
2019,112,0.04,0.61,0.56,36.19,56.23,2.87,24.34,11.3,Cabrobó,PE,Nordeste,-8.51,-39.3
2019,113,0.38,0.61,0.53,35.79,64.8,3.36,19.38,9.19,Cabrobó,PE,Nordeste,-8.51,-39.3
2019,114,0.02,0.61,0.51,35.78,59.04,4.16,20.52,9.61,Cabrobó,PE,Nordeste,-8.51,-39.3
2019,115,0.0,0.6,0.48,35.43,56.64,3.8,22.29,10.34,Cabrobó,PE,Nordeste,-8.51,-39.3
2019,116,0.0,0.6,0.46,35.38,57.2,3.28,23.09,10.77,Cabrobó,PE,Nordeste,-8.51,-39.3
2019,117,0.0,0.6,0.44,35.03,58.09,3.37,18.59,8.74,Cabrobó,PE,Nordeste,-8.51,-39.3
2019,118,0.0,0.6,0.42,35.82,58.02,2.76,16.68,7.86,Cabrobó,PE,Nordeste,-8.51,-39.3
2019,119,0.0,0.6,0.41,33.13,57.58,1.76,17.92,8.49,Cabrobó,PE,Nordeste,-8.51,-39.3
2019,120,0.62,0.6,0.41,35.1,59.66,2.44,18.97,9.04,Cabrobó,PE,Nordeste,-8.51,-39.3
2019,121,12.74,0.62,0.61,32.89,73.1,2.33,18.45,8.81,Cabrobó,PE,Nordeste,-8.51,-39.3
2019,122,6.94,0.63,0.64,34.45,65.97,2.33,21.21,9.96,Cabrobó,PE,Nordeste,-8.51,-39.3
2019,123,0.04,0.62,0.6,34.93,62.2,2.66,23.89,11.05,Cabrobó,PE,Nordeste,-8.51,-39.3
2019,124,0.0,0.62,0.59,34.37,58.42,3.26,24.41,11.17,Cabrobó,PE,Nordeste,-8.51,-39.3
2019,125,0.0,0.61,0.58,34.04,58.05,3.37,24.26,11.1,Cabrobó,PE,Nordeste,-8.51,-39.3
2019,126,0.0,0.61,0.56,34.05,56.02,2.72,24.48,11.07,Cabrobó,PE,Nordeste,-8.51,-39.3
2019,127,0.0,0.61,0.54,34.66,59.88,2.13,23.53,10.82,Cabrobó,PE,Nordeste,-8.51,-39.3
2019,128,0.01,0.6,0.5,34.83,59.24,2.45,16.31,7.67,Cabrobó,PE,Nordeste,-8.51,-39.3
2019,129,0.12,0.6,0.47,33.21,63.41,3.42,17.72,8.44,Cabrobó,PE,Nordeste,-8.51,-39.3
2019,130,0.0,0.6,0.45,35.46,54.6,3.55,18.42,8.6,Cabrobó,PE,Nordeste,-8.51,-39.3
2019,131,0.0,0.6,0.42,36.38,50.09,2.81,20.37,9.43,Cabrobó,PE,Nordeste,-8.51,-39.3
2019,132,0.0,0.6,0.4,36.09,51.95,3.34,19.41,9.02,Cabrobó,PE,Nordeste,-8.51,-39.3
2019,133,0.05,0.6,0.39,33.49,62.5,2.97,16.69,7.86,Cabrobó,PE,Nordeste,-8.51,-39.3
2019,134,0.34,0.6,0.39,32.76,58.9,2.11,20.2,9.54,Cabrobó,PE,Nordeste,-8.51,-39.3
2019,135,0.5,0.6,0.39,35.23,57.68,1.82,17.44,8.28,Cabrobó,PE,Nordeste,-8.51,-39.3
2019,136,9.1,0.6,0.49,32.45,71.48,1.62,16.0,7.51,Cabrobó,PE,Nordeste,-8.51,-39.3
2019,137,3.81,0.62,0.63,30.7,76.94,1.54,13.86,6.63,Cabrobó,PE,Nordeste,-8.51,-39.3
2019,138,0.12,0.62,0.59,34.42,61.74,2.69,20.13,9.5,Cabrobó,PE,Nordeste,-8.51,-39.3
2019,139,0.37,0.61,0.58,34.41,66.07,2.37,19.14,9.02,Cabrobó,PE,Nordeste,-8.51,-39.3
2019,140,0.11,0.61,0.56,32.76,63.03,2.75,18.68,8.8,Cabrobó,PE,Nordeste,-8.51,-39.3
2019,141,0.01,0.61,0.53,33.2,66.82,3.28,15.53,7.34,Cabrobó,PE,Nordeste,-8.51,-39.3
2019,142,0.21,0.6,0.5,34.78,63.03,3.73,15.91,7.5,Cabrobó,PE,Nordeste,-8.51,-39.3
2019,143,0.04,0.6,0.46,35.23,55.69,3.35,21.02,9.84,Cabrobó,PE,Nordeste,-8.51,-39.3
2019,144,0.0,0.6,0.42,35.37,55.88,2.99,21.12,9.88,Cabrobó,PE,Nordeste,-8.51,-39.3
2019,145,0.0,0.6,0.4,36.24,52.24,3.11,22.07,10.26,Cabrobó,PE,Nordeste,-8.51,-39.3
2019,146,0.0,0.6,0.38,35.99,49.32,3.19,22.24,10.35,Cabrobó,PE,Nordeste,-8.51,-39.3
2019,147,0.0,0.6,0.36,34.35,56.47,3.8,20.68,9.59,Cabrobó,PE,Nordeste,-8.51,-39.3
2019,148,0.0,0.6,0.35,34.82,58.33,4.22,17.67,8.29,Cabrobó,PE,Nordeste,-8.51,-39.3
2019,149,0.0,0.59,0.34,34.89,57.38,3.58,18.75,8.8,Cabrobó,PE,Nordeste,-8.51,-39.3
2019,150,0.14,0.59,0.34,35.01,55.39,3.65,18.01,8.51,Cabrobó,PE,Nordeste,-8.51,-39.3
2019,151,0.95,0.6,0.35,35.11,57.27,3.47,20.41,9.5,Cabrobó,PE,Nordeste,-8.51,-39.3
2019,152,0.0,0.59,0.34,34.75,57.06,3.25,20.81,9.73,Cabrobó,PE,Nordeste,-8.51,-39.3
2019,153,0.0,0.59,0.33,34.83,53.78,3.42,18.49,8.67,Cabrobó,PE,Nordeste,-8.51,-39.3
2019,154,0.0,0.59,0.32,34.43,47.21,3.61,22.08,10.07,Cabrobó,PE,Nordeste,-8.51,-39.3
2019,155,0.0,0.59,0.31,34.18,54.16,3.26,21.45,9.93,Cabrobó,PE,Nordeste,-8.51,-39.3
2019,156,0.0,0.59,0.31,35.04,48.71,3.55,22.24,10.12,Cabrobó,PE,Nordeste,-8.51,-39.3
2019,157,0.3,0.59,0.3,33.95,60.74,4.17,16.55,7.82,Cabrobó,PE,Nordeste,-8.51,-39.3
2019,158,1.99,0.59,0.32,31.33,73.12,4.38,10.32,5.05,Cabrobó,PE,Nordeste,-8.51,-39.3
2019,159,0.72,0.6,0.35,32.92,69.49,4.14,12.97,6.21,Cabrobó,PE,Nordeste,-8.51,-39.3
2019,160,0.91,0.6,0.35,32.45,64.36,3.89,19.49,9.11,Cabrobó,PE,Nordeste,-8.51,-39.3
2019,161,0.8,0.6,0.37,33.21,64.92,4.76,13.43,6.36,Cabrobó,PE,Nordeste,-8.51,-39.3
2019,162,0.6,0.6,0.37,32.25,68.44,4.25,17.58,8.27,Cabrobó,PE,Nordeste,-8.51,-39.3
2019,163,0.05,0.6,0.36,32.92,63.18,4.3,18.78,8.71,Cabrobó,PE,Nordeste,-8.51,-39.3
2019,164,0.3,0.6,0.35,33.18,68.15,4.27,13.01,6.21,Cabrobó,PE,Nordeste,-8.51,-39.3
2019,165,0.04,0.59,0.34,32.4,61.66,4.82,15.66,7.41,Cabrobó,PE,Nordeste,-8.51,-39.3
2019,166,0.0,0.59,0.34,32.13,59.6,4.51,17.24,8.03,Cabrobó,PE,Nordeste,-8.51,-39.3
2019,167,0.01,0.59,0.33,32.15,56.73,4.04,15.28,7.12,Cabrobó,PE,Nordeste,-8.51,-39.3
2019,168,55.23,0.61,0.48,30.37,76.11,3.69,12.47,6.07,Cabrobó,PE,Nordeste,-8.51,-39.3
2019,169,5.45,0.68,0.72,29.48,77.43,3.99,11.23,5.51,Cabrobó,PE,Nordeste,-8.51,-39.3
2019,170,0.23,0.66,0.66,30.69,70.46,3.21,15.57,7.33,Cabrobó,PE,Nordeste,-8.51,-39.3
2019,171,0.0,0.65,0.64,31.08,70.26,3.56,16.68,7.76,Cabrobó,PE,Nordeste,-8.51,-39.3
2019,172,0.05,0.65,0.62,31.06,70.26,4.13,20.14,9.21,Cabrobó,PE,Nordeste,-8.51,-39.3
2019,173,0.52,0.64,0.61,30.91,71.37,4.14,14.24,6.68,Cabrobó,PE,Nordeste,-8.51,-39.3
2019,174,0.97,0.64,0.61,31.26,74.21,3.88,16.35,7.65,Cabrobó,PE,Nordeste,-8.51,-39.3
2019,175,0.68,0.64,0.61,29.01,76.91,3.02,20.37,9.35,Cabrobó,PE,Nordeste,-8.51,-39.3
2019,176,0.0,0.63,0.59,29.96,67.7,3.5,16.95,7.84,Cabrobó,PE,Nordeste,-8.51,-39.3
2019,177,0.02,0.63,0.59,30.09,67.84,3.52,20.28,9.2,Cabrobó,PE,Nordeste,-8.51,-39.3
2019,178,0.71,0.63,0.59,31.59,72.65,4.11,12.98,6.21,Cabrobó,PE,Nordeste,-8.51,-39.3
2019,179,0.19,0.62,0.58,31.04,68.39,4.1,16.7,7.8,Cabrobó,PE,Nordeste,-8.51,-39.3
2019,180,1.02,0.62,0.58,30.41,71.54,4.34,12.33,5.9,Cabrobó,PE,Nordeste,-8.51,-39.3
2019,181,0.84,0.62,0.58,30.21,75.52,4.19,10.98,5.28,Cabrobó,PE,Nordeste,-8.51,-39.3
2019,182,0.49,0.62,0.58,31.26,70.64,3.85,18.91,8.71,Cabrobó,PE,Nordeste,-8.51,-39.3
2019,183,0.02,0.62,0.57,31.69,68.19,3.34,17.62,8.22,Cabrobó,PE,Nordeste,-8.51,-39.3
2019,184,0.01,0.61,0.56,33.26,68.7,2.64,18.9,8.77,Cabrobó,PE,Nordeste,-8.51,-39.3
2019,185,0.0,0.61,0.55,33.67,65.52,3.03,19.01,8.92,Cabrobó,PE,Nordeste,-8.51,-39.3
2019,186,0.0,0.61,0.54,34.79,61.54,2.51,21.69,10.06,Cabrobó,PE,Nordeste,-8.51,-39.3
2019,187,0.0,0.61,0.52,35.35,59.92,2.77,21.04,9.76,Cabrobó,PE,Nordeste,-8.51,-39.3
2019,188,0.01,0.6,0.49,34.57,57.14,3.64,19.18,8.92,Cabrobó,PE,Nordeste,-8.51,-39.3
2019,189,0.47,0.6,0.47,31.51,72.78,4.9,12.08,5.84,Cabrobó,PE,Nordeste,-8.51,-39.3
2019,190,0.61,0.6,0.47,31.06,69.09,5.02,13.43,6.48,Cabrobó,PE,Nordeste,-8.51,-39.3
2019,191,7.58,0.61,0.56,28.91,77.82,4.44,12.53,6.1,Cabrobó,PE,Nordeste,-8.51,-39.3
2019,192,6.18,0.63,0.64,29.81,78.45,3.54,11.91,5.79,Cabrobó,PE,Nordeste,-8.51,-39.3
2019,193,1.86,0.63,0.62,30.3,75.82,3.74,12.21,5.84,Cabrobó,PE,Nordeste,-8.51,-39.3
2019,194,1.01,0.62,0.61,30.62,70.52,3.75,21.65,9.93,Cabrobó,PE,Nordeste,-8.51,-39.3
2019,195,0.03,0.62,0.6,31.19,73.6,3.5,14.5,6.86,Cabrobó,PE,Nordeste,-8.51,-39.3
2019,196,0.01,0.62,0.59,31.17,69.77,3.88,12.62,6.04,Cabrobó,PE,Nordeste,-8.51,-39.3
2019,197,0.0,0.61,0.58,31.05,63.79,3.09,22.62,10.21,Cabrobó,PE,Nordeste,-8.51,-39.3
2019,198,0.0,0.61,0.56,32.15,63.15,3.46,22.64,10.25,Cabrobó,PE,Nordeste,-8.51,-39.3
2019,199,0.43,0.61,0.55,30.35,68.59,4.56,20.3,9.33,Cabrobó,PE,Nordeste,-8.51,-39.3
2019,200,4.64,0.61,0.61,29.07,74.33,5.25,11.63,5.66,Cabrobó,PE,Nordeste,-8.51,-39.3
2019,201,0.46,0.61,0.59,29.86,72.45,4.59,12.27,5.9,Cabrobó,PE,Nordeste,-8.51,-39.3
2019,202,0.16,0.61,0.57,30.58,70.57,4.54,14.2,6.7,Cabrobó,PE,Nordeste,-8.51,-39.3
2019,203,0.03,0.61,0.55,30.87,69.85,4.59,14.15,6.6,Cabrobó,PE,Nordeste,-8.51,-39.3
2019,204,0.13,0.61,0.52,30.96,69.34,4.36,14.26,6.75,Cabrobó,PE,Nordeste,-8.51,-39.3
2019,205,0.66,0.6,0.5,31.69,70.54,4.29,14.26,6.71,Cabrobó,PE,Nordeste,-8.51,-39.3
2019,206,0.12,0.6,0.49,30.35,68.86,4.73,14.16,6.69,Cabrobó,PE,Nordeste,-8.51,-39.3
2019,207,0.12,0.6,0.46,30.59,68.76,4.66,16.47,7.7,Cabrobó,PE,Nordeste,-8.51,-39.3
2019,208,0.17,0.6,0.45,31.45,68.57,4.23,15.13,7.1,Cabrobó,PE,Nordeste,-8.51,-39.3
2019,209,0.54,0.6,0.44,30.9,70.13,4.46,16.72,7.86,Cabrobó,PE,Nordeste,-8.51,-39.3
2019,210,0.04,0.6,0.42,31.43,63.18,4.07,22.41,10.24,Cabrobó,PE,Nordeste,-8.51,-39.3
2019,211,1.43,0.6,0.42,30.85,74.68,3.79,16.17,7.61,Cabrobó,PE,Nordeste,-8.51,-39.3
2019,212,1.01,0.6,0.46,30.9,70.34,4.03,16.11,7.52,Cabrobó,PE,Nordeste,-8.51,-39.3
2019,213,0.0,0.6,0.44,32.16,66.54,4.39,22.52,10.34,Cabrobó,PE,Nordeste,-8.51,-39.3
2019,214,0.0,0.6,0.42,31.88,67.02,4.36,21.0,9.73,Cabrobó,PE,Nordeste,-8.51,-39.3
2019,215,0.0,0.6,0.41,32.94,61.17,3.95,22.95,10.48,Cabrobó,PE,Nordeste,-8.51,-39.3
2019,216,0.0,0.6,0.39,32.46,62.68,4.7,21.11,9.69,Cabrobó,PE,Nordeste,-8.51,-39.3
2019,217,0.61,0.6,0.39,30.95,65.81,5.9,16.84,7.83,Cabrobó,PE,Nordeste,-8.51,-39.3
2019,218,1.96,0.6,0.44,30.72,65.65,5.66,19.65,9.07,Cabrobó,PE,Nordeste,-8.51,-39.3
2019,219,0.16,0.6,0.43,30.76,64.91,4.63,20.2,9.34,Cabrobó,PE,Nordeste,-8.51,-39.3
2019,220,0.66,0.6,0.42,30.18,66.2,4.97,13.14,6.27,Cabrobó,PE,Nordeste,-8.51,-39.3
2019,221,0.04,0.6,0.41,31.0,63.22,4.68,20.76,9.46,Cabrobó,PE,Nordeste,-8.51,-39.3
2019,222,0.0,0.6,0.4,32.45,63.21,4.49,18.65,8.63,Cabrobó,PE,Nordeste,-8.51,-39.3
2019,223,0.01,0.6,0.38,32.95,62.7,4.54,21.47,9.92,Cabrobó,PE,Nordeste,-8.51,-39.3
2019,224,0.23,0.6,0.37,32.1,67.09,5.42,16.3,7.62,Cabrobó,PE,Nordeste,-8.51,-39.3
2019,225,0.03,0.6,0.36,32.03,61.52,4.12,23.63,10.8,Cabrobó,PE,Nordeste,-8.51,-39.3
2019,226,0.08,0.6,0.35,32.87,65.82,4.75,16.4,7.73,Cabrobó,PE,Nordeste,-8.51,-39.3
2019,227,0.21,0.6,0.35,31.25,63.07,5.81,15.17,7.11,Cabrobó,PE,Nordeste,-8.51,-39.3
2019,228,0.07,0.59,0.34,31.4,64.81,5.6,21.18,9.7,Cabrobó,PE,Nordeste,-8.51,-39.3
2019,229,0.09,0.59,0.33,32.09,64.31,5.55,13.99,6.61,Cabrobó,PE,Nordeste,-8.51,-39.3
2019,230,0.0,0.59,0.32,32.79,60.73,4.19,21.67,9.96,Cabrobó,PE,Nordeste,-8.51,-39.3
2019,231,0.0,0.59,0.32,33.42,60.2,3.9,22.88,10.43,Cabrobó,PE,Nordeste,-8.51,-39.3
2019,232,0.0,0.59,0.31,34.31,54.99,4.32,23.98,10.86,Cabrobó,PE,Nordeste,-8.51,-39.3
2019,233,0.0,0.59,0.3,34.87,54.33,4.44,24.82,11.31,Cabrobó,PE,Nordeste,-8.51,-39.3
2019,234,0.0,0.59,0.29,34.22,54.2,4.71,24.55,11.16,Cabrobó,PE,Nordeste,-8.51,-39.3
2019,235,0.02,0.59,0.28,32.77,58.88,5.1,18.35,8.47,Cabrobó,PE,Nordeste,-8.51,-39.3
2019,236,0.0,0.59,0.28,33.86,56.39,4.48,24.89,11.29,Cabrobó,PE,Nordeste,-8.51,-39.3
2019,237,0.0,0.59,0.27,33.32,58.9,5.23,22.18,10.13,Cabrobó,PE,Nordeste,-8.51,-39.3
2019,238,0.01,0.59,0.27,32.71,60.53,5.64,17.1,7.93,Cabrobó,PE,Nordeste,-8.51,-39.3
2019,239,0.05,0.59,0.26,32.26,61.15,5.67,13.81,6.64,Cabrobó,PE,Nordeste,-8.51,-39.3
2019,240,0.0,0.59,0.26,32.69,58.0,5.12,22.73,10.32,Cabrobó,PE,Nordeste,-8.51,-39.3
2019,241,0.0,0.59,0.25,33.37,56.34,4.79,19.84,9.19,Cabrobó,PE,Nordeste,-8.51,-39.3
2019,242,0.02,0.59,0.25,33.63,55.47,4.98,24.19,11.1,Cabrobó,PE,Nordeste,-8.51,-39.3
2019,243,0.0,0.59,0.25,34.35,54.57,4.85,19.27,8.95,Cabrobó,PE,Nordeste,-8.51,-39.3
2019,244,0.0,0.59,0.24,34.61,52.37,4.07,25.44,11.55,Cabrobó,PE,Nordeste,-8.51,-39.3
2019,245,0.0,0.59,0.24,35.6,55.83,4.3,22.86,10.49,Cabrobó,PE,Nordeste,-8.51,-39.3
2019,246,0.0,0.59,0.23,35.33,57.15,5.11,15.69,7.38,Cabrobó,PE,Nordeste,-8.51,-39.3
2019,247,0.0,0.59,0.23,35.66,53.57,4.95,21.28,9.78,Cabrobó,PE,Nordeste,-8.51,-39.3
2019,248,0.0,0.59,0.23,35.31,53.33,4.95,25.6,11.64,Cabrobó,PE,Nordeste,-8.51,-39.3
2019,249,0.02,0.59,0.22,33.99,56.69,6.03,21.11,9.78,Cabrobó,PE,Nordeste,-8.51,-39.3
2019,250,0.0,0.59,0.22,34.0,55.24,5.33,23.04,10.59,Cabrobó,PE,Nordeste,-8.51,-39.3
2019,251,0.0,0.59,0.22,34.19,52.81,5.61,22.64,10.47,Cabrobó,PE,Nordeste,-8.51,-39.3
2019,252,0.0,0.59,0.22,34.79,52.63,5.44,21.55,9.99,Cabrobó,PE,Nordeste,-8.51,-39.3
2019,253,0.01,0.59,0.21,35.3,57.46,5.26,21.34,9.93,Cabrobó,PE,Nordeste,-8.51,-39.3
2019,254,0.01,0.59,0.21,35.49,56.37,5.43,19.87,9.29,Cabrobó,PE,Nordeste,-8.51,-39.3
2019,255,0.0,0.59,0.21,36.13,51.81,5.11,25.44,11.64,Cabrobó,PE,Nordeste,-8.51,-39.3
2019,256,0.0,0.59,0.21,36.73,49.01,4.14,26.66,12.05,Cabrobó,PE,Nordeste,-8.51,-39.3
2019,257,0.0,0.59,0.2,35.56,51.26,4.82,23.13,10.57,Cabrobó,PE,Nordeste,-8.51,-39.3
2019,258,0.0,0.59,0.2,35.95,50.98,5.33,27.1,12.25,Cabrobó,PE,Nordeste,-8.51,-39.3
2019,259,0.04,0.59,0.2,35.25,52.52,5.65,19.36,9.08,Cabrobó,PE,Nordeste,-8.51,-39.3
2019,260,0.0,0.59,0.2,35.31,50.88,4.52,23.1,10.62,Cabrobó,PE,Nordeste,-8.51,-39.3
2019,261,0.01,0.59,0.19,36.04,53.71,4.93,17.47,8.24,Cabrobó,PE,Nordeste,-8.51,-39.3
2019,262,0.0,0.59,0.19,36.61,50.75,5.53,26.83,12.27,Cabrobó,PE,Nordeste,-8.51,-39.3
2019,263,0.0,0.59,0.19,36.35,48.23,5.11,27.4,12.38,Cabrobó,PE,Nordeste,-8.51,-39.3
2019,264,0.0,0.59,0.19,36.59,48.6,4.51,25.93,11.85,Cabrobó,PE,Nordeste,-8.51,-39.3
2019,265,0.0,0.59,0.19,36.35,48.33,4.33,24.98,11.39,Cabrobó,PE,Nordeste,-8.51,-39.3
2019,266,0.01,0.59,0.18,36.47,55.72,5.7,21.73,10.07,Cabrobó,PE,Nordeste,-8.51,-39.3
2019,267,0.02,0.59,0.18,34.96,51.88,5.62,20.89,9.7,Cabrobó,PE,Nordeste,-8.51,-39.3
2019,268,0.0,0.59,0.18,35.33,51.33,4.77,26.17,11.91,Cabrobó,PE,Nordeste,-8.51,-39.3
2019,269,0.0,0.59,0.18,35.75,48.66,4.46,25.98,11.97,Cabrobó,PE,Nordeste,-8.51,-39.3
2019,270,0.0,0.59,0.18,37.37,46.07,3.5,25.58,11.79,Cabrobó,PE,Nordeste,-8.51,-39.3
2019,271,0.0,0.59,0.18,39.29,39.56,3.9,26.54,12.29,Cabrobó,PE,Nordeste,-8.51,-39.3
2019,272,0.0,0.59,0.17,38.19,45.67,4.19,24.64,11.36,Cabrobó,PE,Nordeste,-8.51,-39.3
2019,273,0.0,0.59,0.17,37.63,46.27,4.38,25.41,11.72,Cabrobó,PE,Nordeste,-8.51,-39.3
2019,274,0.0,0.59,0.17,36.98,47.75,5.11,25.63,11.9,Cabrobó,PE,Nordeste,-8.51,-39.3
2019,275,0.0,0.59,0.17,36.8,47.6,4.8,18.46,8.62,Cabrobó,PE,Nordeste,-8.51,-39.3
2019,276,0.0,0.59,0.17,37.24,48.27,5.22,26.74,12.3,Cabrobó,PE,Nordeste,-8.51,-39.3
2019,277,0.03,0.59,0.17,37.04,49.04,5.69,24.57,11.3,Cabrobó,PE,Nordeste,-8.51,-39.3
2019,278,0.01,0.59,0.17,36.39,47.74,4.89,24.46,11.19,Cabrobó,PE,Nordeste,-8.51,-39.3
2019,279,0.0,0.59,0.16,36.87,45.76,4.43,26.36,12.03,Cabrobó,PE,Nordeste,-8.51,-39.3
2019,280,0.0,0.59,0.16,37.35,47.44,4.37,27.96,12.75,Cabrobó,PE,Nordeste,-8.51,-39.3
2019,281,0.0,0.59,0.16,36.83,45.91,5.23,26.69,12.25,Cabrobó,PE,Nordeste,-8.51,-39.3
2019,282,0.0,0.59,0.16,36.62,46.67,5.11,28.37,12.9,Cabrobó,PE,Nordeste,-8.51,-39.3
2019,283,0.0,0.59,0.16,36.46,50.1,6.38,25.4,11.71,Cabrobó,PE,Nordeste,-8.51,-39.3
2019,284,0.03,0.59,0.16,36.21,52.48,6.42,19.58,9.15,Cabrobó,PE,Nordeste,-8.51,-39.3
2019,285,0.1,0.59,0.16,36.55,53.96,6.37,22.96,10.71,Cabrobó,PE,Nordeste,-8.51,-39.3
2019,286,0.0,0.59,0.16,36.34,49.95,5.96,25.06,11.54,Cabrobó,PE,Nordeste,-8.51,-39.3
2019,287,0.0,0.59,0.16,37.13,48.97,4.86,28.14,12.92,Cabrobó,PE,Nordeste,-8.51,-39.3
2019,288,0.0,0.59,0.16,38.28,47.42,4.61,28.01,12.81,Cabrobó,PE,Nordeste,-8.51,-39.3
2019,289,0.0,0.59,0.16,37.39,48.16,5.31,22.02,10.18,Cabrobó,PE,Nordeste,-8.51,-39.3
2019,290,0.0,0.59,0.16,37.07,47.41,5.44,27.85,12.76,Cabrobó,PE,Nordeste,-8.51,-39.3
2019,291,0.0,0.59,0.15,37.09,46.09,4.78,28.09,12.88,Cabrobó,PE,Nordeste,-8.51,-39.3
2019,292,0.2,0.59,0.15,38.04,46.22,3.3,26.31,12.17,Cabrobó,PE,Nordeste,-8.51,-39.3
2019,293,0.11,0.59,0.16,40.08,39.7,2.81,24.36,11.29,Cabrobó,PE,Nordeste,-8.51,-39.3
2019,294,0.3,0.59,0.16,40.14,37.42,2.95,23.68,11.06,Cabrobó,PE,Nordeste,-8.51,-39.3
2019,295,1.35,0.59,0.18,38.89,39.19,2.55,22.22,10.38,Cabrobó,PE,Nordeste,-8.51,-39.3
2019,296,0.26,0.59,0.22,39.08,38.87,3.02,26.09,12.25,Cabrobó,PE,Nordeste,-8.51,-39.3
2019,297,0.05,0.59,0.21,38.76,39.69,4.33,25.54,11.85,Cabrobó,PE,Nordeste,-8.51,-39.3
2019,298,0.01,0.59,0.21,38.34,43.42,5.33,28.37,12.8,Cabrobó,PE,Nordeste,-8.51,-39.3
2019,299,0.0,0.59,0.21,38.02,47.15,5.07,27.18,12.41,Cabrobó,PE,Nordeste,-8.51,-39.3
2019,300,0.0,0.59,0.2,38.26,46.21,5.44,24.28,11.33,Cabrobó,PE,Nordeste,-8.51,-39.3
2019,301,0.0,0.59,0.2,38.06,43.96,5.75,28.45,12.94,Cabrobó,PE,Nordeste,-8.51,-39.3
2019,302,0.0,0.59,0.2,36.86,45.02,5.16,28.01,12.74,Cabrobó,PE,Nordeste,-8.51,-39.3
2019,303,0.0,0.59,0.19,36.67,46.36,4.92,29.03,13.19,Cabrobó,PE,Nordeste,-8.51,-39.3
2019,304,0.0,0.59,0.19,37.4,46.72,4.17,24.39,11.24,Cabrobó,PE,Nordeste,-8.51,-39.3
2019,305,0.02,0.59,0.19,38.1,42.74,3.88,25.87,11.73,Cabrobó,PE,Nordeste,-8.51,-39.3
2019,306,0.0,0.59,0.19,38.12,45.82,5.25,24.37,11.1,Cabrobó,PE,Nordeste,-8.51,-39.3
2019,307,0.0,0.59,0.18,36.88,46.64,3.9,26.14,12.09,Cabrobó,PE,Nordeste,-8.51,-39.3
2019,308,0.03,0.59,0.18,38.07,41.12,3.63,22.19,10.42,Cabrobó,PE,Nordeste,-8.51,-39.3
2019,309,0.0,0.59,0.18,39.91,35.88,3.81,28.28,13.14,Cabrobó,PE,Nordeste,-8.51,-39.3
2019,310,0.0,0.59,0.18,38.47,38.72,3.79,27.77,12.64,Cabrobó,PE,Nordeste,-8.51,-39.3
2019,311,0.0,0.59,0.17,38.89,42.46,4.85,27.23,12.57,Cabrobó,PE,Nordeste,-8.51,-39.3
2019,312,0.0,0.59,0.17,38.71,44.8,4.95,27.43,12.57,Cabrobó,PE,Nordeste,-8.51,-39.3
2019,313,0.0,0.59,0.17,38.38,43.15,4.78,28.05,12.82,Cabrobó,PE,Nordeste,-8.51,-39.3
2019,314,0.0,0.59,0.17,37.93,45.51,4.68,27.19,12.47,Cabrobó,PE,Nordeste,-8.51,-39.3
2019,315,0.0,0.59,0.17,37.78,45.01,4.68,27.37,12.61,Cabrobó,PE,Nordeste,-8.51,-39.3
2019,316,0.0,0.59,0.17,38.08,44.65,5.15,26.64,12.13,Cabrobó,PE,Nordeste,-8.51,-39.3
2019,317,0.0,0.59,0.17,36.35,47.09,4.76,26.8,12.27,Cabrobó,PE,Nordeste,-8.51,-39.3
2019,318,0.0,0.59,0.16,37.25,43.07,4.16,28.66,13.04,Cabrobó,PE,Nordeste,-8.51,-39.3
2019,319,0.0,0.59,0.16,38.32,42.12,2.88,28.25,12.99,Cabrobó,PE,Nordeste,-8.51,-39.3
2019,320,0.04,0.59,0.16,39.71,38.13,3.05,27.15,12.45,Cabrobó,PE,Nordeste,-8.51,-39.3
2019,321,0.58,0.59,0.17,38.1,39.22,3.32,25.36,11.82,Cabrobó,PE,Nordeste,-8.51,-39.3
2019,322,0.13,0.59,0.18,37.89,44.94,4.34,20.72,9.76,Cabrobó,PE,Nordeste,-8.51,-39.3
2019,323,0.03,0.59,0.18,34.31,46.74,4.47,23.85,11.03,Cabrobó,PE,Nordeste,-8.51,-39.3
2019,324,0.0,0.59,0.18,34.71,47.03,4.22,27.76,12.7,Cabrobó,PE,Nordeste,-8.51,-39.3
2019,325,0.0,0.59,0.18,37.46,46.44,4.42,24.6,11.26,Cabrobó,PE,Nordeste,-8.51,-39.3
2019,326,0.0,0.59,0.17,36.3,47.96,3.86,23.89,11.07,Cabrobó,PE,Nordeste,-8.51,-39.3
2019,327,0.0,0.59,0.17,38.59,42.91,2.48,26.43,12.22,Cabrobó,PE,Nordeste,-8.51,-39.3
2019,328,0.44,0.59,0.17,39.31,37.4,2.03,26.06,12.1,Cabrobó,PE,Nordeste,-8.51,-39.3
2019,329,3.23,0.59,0.21,37.47,48.95,2.17,18.94,9.03,Cabrobó,PE,Nordeste,-8.51,-39.3
2019,330,12.7,0.61,0.59,29.57,72.56,3.55,15.12,7.4,Cabrobó,PE,Nordeste,-8.51,-39.3
2019,331,0.01,0.61,0.57,36.0,58.64,3.81,19.69,9.38,Cabrobó,PE,Nordeste,-8.51,-39.3
2019,332,0.0,0.61,0.54,36.7,54.65,3.26,25.0,11.73,Cabrobó,PE,Nordeste,-8.51,-39.3
2019,333,0.0,0.6,0.48,37.54,47.17,3.08,27.56,12.82,Cabrobó,PE,Nordeste,-8.51,-39.3
2019,334,0.0,0.6,0.42,38.47,42.35,3.36,26.77,12.4,Cabrobó,PE,Nordeste,-8.51,-39.3
2019,335,0.0,0.6,0.38,38.49,39.78,2.53,28.75,13.29,Cabrobó,PE,Nordeste,-8.51,-39.3
2019,336,0.0,0.6,0.35,39.6,39.41,2.2,27.82,12.86,Cabrobó,PE,Nordeste,-8.51,-39.3
2019,337,0.11,0.59,0.32,40.23,36.36,3.17,26.78,12.48,Cabrobó,PE,Nordeste,-8.51,-39.3
2019,338,0.02,0.59,0.3,38.81,40.7,4.23,27.93,12.96,Cabrobó,PE,Nordeste,-8.51,-39.3
2019,339,0.0,0.59,0.29,37.97,42.72,3.57,26.59,12.22,Cabrobó,PE,Nordeste,-8.51,-39.3
2019,340,0.0,0.59,0.28,38.72,36.42,2.35,27.35,12.66,Cabrobó,PE,Nordeste,-8.51,-39.3
2019,341,0.0,0.59,0.27,39.5,33.89,1.88,27.62,12.67,Cabrobó,PE,Nordeste,-8.51,-39.3
2019,342,14.52,0.6,0.46,36.31,50.11,2.9,21.29,10.03,Cabrobó,PE,Nordeste,-8.51,-39.3
2019,343,8.15,0.63,0.64,34.79,58.3,2.81,22.17,10.35,Cabrobó,PE,Nordeste,-8.51,-39.3
2019,344,0.0,0.62,0.58,34.82,56.05,2.77,21.92,10.2,Cabrobó,PE,Nordeste,-8.51,-39.3
2019,345,0.06,0.61,0.57,35.84,53.82,2.36,25.65,11.94,Cabrobó,PE,Nordeste,-8.51,-39.3
2019,346,0.16,0.61,0.54,36.96,51.84,3.31,26.59,12.29,Cabrobó,PE,Nordeste,-8.51,-39.3
2019,347,0.02,0.6,0.49,37.01,47.17,3.8,28.76,13.17,Cabrobó,PE,Nordeste,-8.51,-39.3
2019,348,0.0,0.6,0.44,37.06,49.61,4.71,27.21,12.55,Cabrobó,PE,Nordeste,-8.51,-39.3
2019,349,0.01,0.6,0.4,36.54,51.96,4.48,24.67,11.44,Cabrobó,PE,Nordeste,-8.51,-39.3
2019,350,0.01,0.6,0.37,36.73,47.4,3.78,24.73,11.4,Cabrobó,PE,Nordeste,-8.51,-39.3
2019,351,0.02,0.6,0.35,36.62,48.34,3.83,22.49,10.62,Cabrobó,PE,Nordeste,-8.51,-39.3
2019,352,0.0,0.59,0.34,36.77,48.53,3.92,26.82,12.35,Cabrobó,PE,Nordeste,-8.51,-39.3
2019,353,0.0,0.59,0.33,35.09,45.23,3.73,23.76,10.97,Cabrobó,PE,Nordeste,-8.51,-39.3
2019,354,0.0,0.59,0.32,37.26,45.53,5.01,24.52,11.44,Cabrobó,PE,Nordeste,-8.51,-39.3
2019,355,0.0,0.59,0.31,36.98,48.21,4.88,26.6,12.27,Cabrobó,PE,Nordeste,-8.51,-39.3
2019,356,0.0,0.59,0.3,37.27,43.99,4.55,28.71,13.2,Cabrobó,PE,Nordeste,-8.51,-39.3
2019,357,0.0,0.59,0.29,38.55,43.45,4.09,28.54,13.11,Cabrobó,PE,Nordeste,-8.51,-39.3
2019,358,0.0,0.59,0.28,38.7,46.65,4.19,27.55,12.75,Cabrobó,PE,Nordeste,-8.51,-39.3
2019,359,0.0,0.59,0.27,39.12,45.75,4.81,27.77,12.82,Cabrobó,PE,Nordeste,-8.51,-39.3
2019,360,0.0,0.59,0.27,37.81,46.04,4.64,23.2,10.71,Cabrobó,PE,Nordeste,-8.51,-39.3
2019,361,0.0,0.59,0.26,37.24,46.19,4.46,23.15,10.71,Cabrobó,PE,Nordeste,-8.51,-39.3
2019,362,0.0,0.59,0.26,32.86,49.83,3.2,22.93,10.58,Cabrobó,PE,Nordeste,-8.51,-39.3
2019,363,0.0,0.59,0.25,37.86,46.6,3.5,20.66,9.62,Cabrobó,PE,Nordeste,-8.51,-39.3
2019,364,0.91,0.59,0.26,35.93,50.96,2.98,18.65,8.76,Cabrobó,PE,Nordeste,-8.51,-39.3
2019,365,12.5,0.6,0.52,29.95,73.24,1.75,12.38,5.96,Cabrobó,PE,Nordeste,-8.51,-39.3
2020,1,0.66,0.61,0.61,29.73,77.12,2.67,16.97,8.21,Cabrobó,PE,Nordeste,-8.51,-39.3
2020,2,0.12,0.61,0.58,33.75,63.69,2.18,17.52,8.38,Cabrobó,PE,Nordeste,-8.51,-39.3
2020,3,0.96,0.61,0.55,35.17,62.13,1.38,16.04,7.67,Cabrobó,PE,Nordeste,-8.51,-39.3
2020,4,2.5,0.6,0.53,34.35,65.49,0.89,13.76,6.65,Cabrobó,PE,Nordeste,-8.51,-39.3
2020,5,10.0,0.62,0.65,28.21,83.68,1.51,18.08,8.62,Cabrobó,PE,Nordeste,-8.51,-39.3
2020,6,2.13,0.62,0.61,34.93,67.37,1.5,21.18,9.95,Cabrobó,PE,Nordeste,-8.51,-39.3
2020,7,0.34,0.62,0.58,35.98,60.2,1.81,22.45,10.56,Cabrobó,PE,Nordeste,-8.51,-39.3
2020,8,7.99,0.62,0.62,35.42,61.82,1.63,18.4,8.73,Cabrobó,PE,Nordeste,-8.51,-39.3
2020,9,1.11,0.62,0.6,36.49,61.69,1.91,24.53,11.51,Cabrobó,PE,Nordeste,-8.51,-39.3
2020,10,0.78,0.62,0.58,36.02,59.85,2.69,22.89,10.81,Cabrobó,PE,Nordeste,-8.51,-39.3
2020,11,1.04,0.61,0.57,36.6,54.54,3.02,22.65,10.61,Cabrobó,PE,Nordeste,-8.51,-39.3
2020,12,0.12,0.61,0.53,37.27,50.75,2.7,26.66,12.4,Cabrobó,PE,Nordeste,-8.51,-39.3
2020,13,0.01,0.6,0.48,36.41,50.68,2.06,25.14,11.86,Cabrobó,PE,Nordeste,-8.51,-39.3
2020,14,0.0,0.6,0.43,38.7,46.94,2.99,23.39,11.01,Cabrobó,PE,Nordeste,-8.51,-39.3
2020,15,0.0,0.6,0.39,38.28,43.31,3.51,27.7,12.88,Cabrobó,PE,Nordeste,-8.51,-39.3
2020,16,0.0,0.6,0.36,37.3,45.39,2.96,24.74,11.56,Cabrobó,PE,Nordeste,-8.51,-39.3
2020,17,0.0,0.59,0.34,37.4,48.12,2.79,23.17,10.91,Cabrobó,PE,Nordeste,-8.51,-39.3
2020,18,2.08,0.6,0.36,36.72,49.92,3.22,23.88,11.29,Cabrobó,PE,Nordeste,-8.51,-39.3
2020,19,0.55,0.6,0.4,34.49,56.98,2.99,19.84,9.41,Cabrobó,PE,Nordeste,-8.51,-39.3
2020,20,0.05,0.6,0.38,34.46,54.47,2.52,20.52,9.61,Cabrobó,PE,Nordeste,-8.51,-39.3
2020,21,1.17,0.6,0.37,37.81,49.63,1.82,24.03,11.21,Cabrobó,PE,Nordeste,-8.51,-39.3
2020,22,0.75,0.6,0.38,35.31,53.21,2.78,8.31,4.21,Cabrobó,PE,Nordeste,-8.51,-39.3
2020,23,7.32,0.6,0.48,31.57,66.56,1.9,9.81,4.92,Cabrobó,PE,Nordeste,-8.51,-39.3
2020,24,3.16,0.61,0.6,34.63,65.38,1.93,14.8,7.15,Cabrobó,PE,Nordeste,-8.51,-39.3
2020,25,0.01,0.61,0.54,38.03,50.9,2.55,27.14,12.74,Cabrobó,PE,Nordeste,-8.51,-39.3
2020,26,11.15,0.61,0.58,37.47,60.53,2.25,17.47,8.35,Cabrobó,PE,Nordeste,-8.51,-39.3
2020,27,1.6,0.62,0.61,34.15,70.0,2.01,19.22,9.14,Cabrobó,PE,Nordeste,-8.51,-39.3
2020,28,7.69,0.63,0.65,32.6,70.11,2.37,19.65,9.37,Cabrobó,PE,Nordeste,-8.51,-39.3
2020,29,0.0,0.62,0.6,35.31,60.86,3.06,23.9,11.19,Cabrobó,PE,Nordeste,-8.51,-39.3
2020,30,0.0,0.62,0.59,35.53,58.99,3.25,27.62,12.84,Cabrobó,PE,Nordeste,-8.51,-39.3
2020,31,0.31,0.61,0.58,35.94,61.54,2.43,23.93,11.25,Cabrobó,PE,Nordeste,-8.51,-39.3
2020,32,0.29,0.61,0.55,34.8,62.01,1.51,23.38,11.07,Cabrobó,PE,Nordeste,-8.51,-39.3
2020,33,13.15,0.61,0.62,33.0,71.52,2.08,16.69,8.01,Cabrobó,PE,Nordeste,-8.51,-39.3
2020,34,7.24,0.64,0.67,29.3,81.9,1.43,11.17,5.49,Cabrobó,PE,Nordeste,-8.51,-39.3
2020,35,4.81,0.64,0.65,26.77,81.99,1.39,17.49,8.42,Cabrobó,PE,Nordeste,-8.51,-39.3
2020,36,9.52,0.65,0.68,29.55,75.33,1.58,17.47,8.36,Cabrobó,PE,Nordeste,-8.51,-39.3
2020,37,27.61,0.69,0.78,26.24,82.7,0.79,20.37,9.63,Cabrobó,PE,Nordeste,-8.51,-39.3
2020,38,1.65,0.69,0.7,31.29,78.52,1.52,18.32,8.77,Cabrobó,PE,Nordeste,-8.51,-39.3
2020,39,2.25,0.68,0.68,30.15,76.88,2.16,20.44,9.72,Cabrobó,PE,Nordeste,-8.51,-39.3
2020,40,0.05,0.67,0.65,32.57,69.97,1.96,23.36,11.01,Cabrobó,PE,Nordeste,-8.51,-39.3
2020,41,1.13,0.66,0.65,32.83,72.32,2.42,24.25,11.53,Cabrobó,PE,Nordeste,-8.51,-39.3
2020,42,0.12,0.65,0.63,34.56,66.68,3.41,26.58,12.41,Cabrobó,PE,Nordeste,-8.51,-39.3
2020,43,0.01,0.65,0.62,34.45,62.31,2.63,27.16,12.57,Cabrobó,PE,Nordeste,-8.51,-39.3
2020,44,3.86,0.64,0.63,33.49,71.11,2.57,19.07,9.13,Cabrobó,PE,Nordeste,-8.51,-39.3
2020,45,2.03,0.64,0.64,34.65,68.36,2.85,20.73,9.85,Cabrobó,PE,Nordeste,-8.51,-39.3
2020,46,0.09,0.64,0.61,35.42,61.45,3.24,23.36,10.97,Cabrobó,PE,Nordeste,-8.51,-39.3
2020,47,0.02,0.63,0.61,34.37,62.71,2.79,26.37,12.32,Cabrobó,PE,Nordeste,-8.51,-39.3
2020,48,0.48,0.63,0.6,34.92,64.82,2.64,23.51,11.1,Cabrobó,PE,Nordeste,-8.51,-39.3
2020,49,2.35,0.63,0.62,30.53,73.54,2.52,19.31,9.25,Cabrobó,PE,Nordeste,-8.51,-39.3
2020,50,0.03,0.63,0.6,35.81,57.2,3.35,22.99,10.83,Cabrobó,PE,Nordeste,-8.51,-39.3
2020,51,2.55,0.62,0.6,35.45,66.91,2.61,21.51,10.11,Cabrobó,PE,Nordeste,-8.51,-39.3
2020,52,2.57,0.63,0.63,32.97,71.98,0.96,11.53,5.73,Cabrobó,PE,Nordeste,-8.51,-39.3
2020,53,1.55,0.63,0.62,30.79,78.55,1.84,17.42,8.25,Cabrobó,PE,Nordeste,-8.51,-39.3
2020,54,0.32,0.63,0.61,29.29,79.18,1.19,20.77,9.8,Cabrobó,PE,Nordeste,-8.51,-39.3
2020,55,0.12,0.62,0.6,34.62,69.72,1.95,19.63,9.3,Cabrobó,PE,Nordeste,-8.51,-39.3
2020,56,0.01,0.62,0.59,36.3,63.69,2.99,21.39,10.05,Cabrobó,PE,Nordeste,-8.51,-39.3
2020,57,0.0,0.62,0.57,36.87,62.55,2.57,22.72,10.69,Cabrobó,PE,Nordeste,-8.51,-39.3
2020,58,0.0,0.61,0.55,37.93,59.65,1.98,26.18,12.26,Cabrobó,PE,Nordeste,-8.51,-39.3
2020,59,4.31,0.61,0.58,34.2,65.45,2.05,24.2,11.42,Cabrobó,PE,Nordeste,-8.51,-39.3
2020,60,1.77,0.62,0.59,35.69,66.92,1.6,22.37,10.6,Cabrobó,PE,Nordeste,-8.51,-39.3
2020,61,0.35,0.61,0.57,36.0,61.25,2.24,22.45,10.61,Cabrobó,PE,Nordeste,-8.51,-39.3
2020,62,0.36,0.61,0.55,35.93,62.67,1.82,22.31,10.58,Cabrobó,PE,Nordeste,-8.51,-39.3
2020,63,3.28,0.61,0.56,33.17,70.71,2.46,18.45,8.82,Cabrobó,PE,Nordeste,-8.51,-39.3
2020,64,9.0,0.62,0.64,27.91,83.5,1.82,14.4,6.97,Cabrobó,PE,Nordeste,-8.51,-39.3
2020,65,2.44,0.63,0.63,30.3,80.51,0.62,17.66,8.49,Cabrobó,PE,Nordeste,-8.51,-39.3
2020,66,0.45,0.63,0.6,34.99,70.28,1.47,23.31,11.11,Cabrobó,PE,Nordeste,-8.51,-39.3
2020,67,3.71,0.63,0.62,31.58,81.44,1.52,14.94,7.23,Cabrobó,PE,Nordeste,-8.51,-39.3
2020,68,2.24,0.63,0.62,33.69,74.01,1.61,18.77,8.97,Cabrobó,PE,Nordeste,-8.51,-39.3
2020,69,0.12,0.62,0.6,36.56,64.53,2.68,22.49,10.53,Cabrobó,PE,Nordeste,-8.51,-39.3
2020,70,0.05,0.62,0.58,36.18,60.9,2.06,23.19,10.89,Cabrobó,PE,Nordeste,-8.51,-39.3
2020,71,0.27,0.61,0.56,35.88,61.32,2.3,21.37,10.04,Cabrobó,PE,Nordeste,-8.51,-39.3
2020,72,1.66,0.61,0.55,36.68,61.68,3.33,22.2,10.63,Cabrobó,PE,Nordeste,-8.51,-39.3
2020,73,0.8,0.61,0.52,34.41,64.3,2.92,19.89,9.47,Cabrobó,PE,Nordeste,-8.51,-39.3
2020,74,0.11,0.61,0.5,33.2,65.3,3.14,16.4,7.83,Cabrobó,PE,Nordeste,-8.51,-39.3
2020,75,0.93,0.6,0.47,34.87,63.31,2.77,17.39,8.23,Cabrobó,PE,Nordeste,-8.51,-39.3
2020,76,9.01,0.61,0.59,26.96,85.37,1.99,12.78,6.29,Cabrobó,PE,Nordeste,-8.51,-39.3
2020,77,1.01,0.62,0.6,34.72,70.24,0.64,21.57,10.26,Cabrobó,PE,Nordeste,-8.51,-39.3
2020,78,3.96,0.62,0.61,31.54,75.25,0.97,12.71,6.24,Cabrobó,PE,Nordeste,-8.51,-39.3
2020,79,0.54,0.62,0.59,34.27,71.31,1.63,17.1,8.18,Cabrobó,PE,Nordeste,-8.51,-39.3
2020,80,0.33,0.62,0.59,32.89,72.43,1.51,21.64,10.28,Cabrobó,PE,Nordeste,-8.51,-39.3
2020,81,0.38,0.61,0.57,35.42,66.66,2.07,22.53,10.67,Cabrobó,PE,Nordeste,-8.51,-39.3
2020,82,2.1,0.61,0.57,30.95,73.83,1.46,21.38,10.16,Cabrobó,PE,Nordeste,-8.51,-39.3
2020,83,2.71,0.61,0.6,33.72,73.92,1.38,12.43,6.07,Cabrobó,PE,Nordeste,-8.51,-39.3
2020,84,1.02,0.61,0.59,30.96,79.94,2.01,19.48,9.25,Cabrobó,PE,Nordeste,-8.51,-39.3
2020,85,5.38,0.62,0.63,30.47,80.94,1.97,16.45,7.94,Cabrobó,PE,Nordeste,-8.51,-39.3
2020,86,2.12,0.62,0.62,29.63,81.32,2.02,18.89,9.05,Cabrobó,PE,Nordeste,-8.51,-39.3
2020,87,0.26,0.62,0.6,34.9,69.75,3.15,21.4,10.15,Cabrobó,PE,Nordeste,-8.51,-39.3
2020,88,0.78,0.61,0.58,34.83,68.87,3.67,23.58,11.08,Cabrobó,PE,Nordeste,-8.51,-39.3
2020,89,0.5,0.61,0.57,35.28,70.64,3.36,23.42,11.11,Cabrobó,PE,Nordeste,-8.51,-39.3
2020,90,0.92,0.61,0.55,34.54,68.16,3.58,19.4,9.19,Cabrobó,PE,Nordeste,-8.51,-39.3
2020,91,0.68,0.61,0.52,31.05,74.81,3.42,16.28,7.8,Cabrobó,PE,Nordeste,-8.51,-39.3
2020,92,1.43,0.61,0.51,34.98,66.47,3.97,18.55,8.67,Cabrobó,PE,Nordeste,-8.51,-39.3
2020,93,0.43,0.61,0.49,35.94,64.57,3.06,17.08,8.08,Cabrobó,PE,Nordeste,-8.51,-39.3
2020,94,1.97,0.61,0.5,34.82,71.56,2.67,20.67,9.86,Cabrobó,PE,Nordeste,-8.51,-39.3
2020,95,0.14,0.61,0.47,33.47,68.8,1.65,19.65,9.23,Cabrobó,PE,Nordeste,-8.51,-39.3
2020,96,0.51,0.6,0.45,35.88,61.45,2.36,20.62,9.7,Cabrobó,PE,Nordeste,-8.51,-39.3
2020,97,0.31,0.6,0.43,36.98,59.1,3.59,21.34,9.95,Cabrobó,PE,Nordeste,-8.51,-39.3
2020,98,0.0,0.6,0.41,37.12,59.73,2.93,22.62,10.6,Cabrobó,PE,Nordeste,-8.51,-39.3
2020,99,0.5,0.6,0.39,38.04,58.63,2.59,25.15,11.72,Cabrobó,PE,Nordeste,-8.51,-39.3
2020,100,0.13,0.6,0.38,37.85,58.53,2.43,21.57,10.1,Cabrobó,PE,Nordeste,-8.51,-39.3
2020,101,0.13,0.6,0.37,38.3,57.09,1.8,21.63,10.17,Cabrobó,PE,Nordeste,-8.51,-39.3
2020,102,0.09,0.6,0.36,32.26,62.78,1.67,20.04,9.51,Cabrobó,PE,Nordeste,-8.51,-39.3
2020,103,0.01,0.6,0.35,36.93,55.93,1.57,21.97,10.42,Cabrobó,PE,Nordeste,-8.51,-39.3
2020,104,3.81,0.6,0.39,36.97,56.07,2.19,21.16,9.99,Cabrobó,PE,Nordeste,-8.51,-39.3
2020,105,5.6,0.6,0.47,35.31,62.05,2.55,16.71,7.92,Cabrobó,PE,Nordeste,-8.51,-39.3
2020,106,2.25,0.61,0.59,34.84,71.56,1.33,19.91,9.41,Cabrobó,PE,Nordeste,-8.51,-39.3
2020,107,0.21,0.61,0.55,35.0,67.19,2.8,19.09,9.05,Cabrobó,PE,Nordeste,-8.51,-39.3
2020,108,4.22,0.61,0.57,32.53,74.21,2.2,21.11,10.08,Cabrobó,PE,Nordeste,-8.51,-39.3
2020,109,1.04,0.61,0.57,34.82,68.87,1.84,19.19,9.11,Cabrobó,PE,Nordeste,-8.51,-39.3
2020,110,2.92,0.61,0.57,33.4,73.12,3.18,20.73,9.86,Cabrobó,PE,Nordeste,-8.51,-39.3
2020,111,0.96,0.61,0.57,33.04,71.61,3.04,17.3,8.21,Cabrobó,PE,Nordeste,-8.51,-39.3
2020,112,0.0,0.61,0.53,35.88,60.94,2.8,18.65,8.73,Cabrobó,PE,Nordeste,-8.51,-39.3
2020,113,10.96,0.6,0.52,35.16,64.72,1.76,20.98,9.77,Cabrobó,PE,Nordeste,-8.51,-39.3
2020,114,19.44,0.65,0.73,29.01,83.32,1.78,15.9,7.58,Cabrobó,PE,Nordeste,-8.51,-39.3
2020,115,4.99,0.65,0.66,31.85,78.58,3.29,17.31,8.27,Cabrobó,PE,Nordeste,-8.51,-39.3
2020,116,0.54,0.65,0.63,32.3,70.14,3.78,16.94,8.11,Cabrobó,PE,Nordeste,-8.51,-39.3
2020,117,0.83,0.64,0.62,32.47,74.37,3.22,16.71,7.92,Cabrobó,PE,Nordeste,-8.51,-39.3
2020,118,1.17,0.63,0.61,32.34,74.0,3.65,19.02,8.99,Cabrobó,PE,Nordeste,-8.51,-39.3
2020,119,2.3,0.63,0.62,29.79,79.88,3.62,14.09,6.73,Cabrobó,PE,Nordeste,-8.51,-39.3
2020,120,0.24,0.63,0.61,33.33,70.55,3.57,19.15,9.0,Cabrobó,PE,Nordeste,-8.51,-39.3
2020,121,0.0,0.63,0.6,33.49,68.07,2.82,14.43,6.83,Cabrobó,PE,Nordeste,-8.51,-39.3
2020,122,7.75,0.63,0.65,28.91,81.39,2.11,14.57,7.05,Cabrobó,PE,Nordeste,-8.51,-39.3
2020,123,1.07,0.64,0.62,33.26,74.63,2.03,16.68,7.94,Cabrobó,PE,Nordeste,-8.51,-39.3
2020,124,0.09,0.63,0.61,34.48,70.26,2.53,20.0,9.47,Cabrobó,PE,Nordeste,-8.51,-39.3
2020,125,0.0,0.62,0.6,33.85,68.17,3.8,19.57,9.27,Cabrobó,PE,Nordeste,-8.51,-39.3
2020,126,0.0,0.62,0.6,32.85,68.88,3.94,17.02,7.98,Cabrobó,PE,Nordeste,-8.51,-39.3
2020,127,0.01,0.62,0.59,34.42,66.57,3.6,18.32,8.58,Cabrobó,PE,Nordeste,-8.51,-39.3
2020,128,0.02,0.61,0.58,34.59,66.86,3.23,17.35,8.15,Cabrobó,PE,Nordeste,-8.51,-39.3
2020,129,0.07,0.61,0.56,33.66,69.89,3.24,17.55,8.32,Cabrobó,PE,Nordeste,-8.51,-39.3
2020,130,1.26,0.61,0.56,31.63,74.08,3.66,14.97,7.2,Cabrobó,PE,Nordeste,-8.51,-39.3
2020,131,0.27,0.61,0.55,32.4,70.46,3.48,17.5,8.2,Cabrobó,PE,Nordeste,-8.51,-39.3
2020,132,0.01,0.61,0.52,33.87,67.55,3.62,16.63,7.88,Cabrobó,PE,Nordeste,-8.51,-39.3
2020,133,0.05,0.6,0.49,33.73,69.88,3.66,13.99,6.68,Cabrobó,PE,Nordeste,-8.51,-39.3
2020,134,0.24,0.6,0.47,33.83,69.39,3.7,16.12,7.7,Cabrobó,PE,Nordeste,-8.51,-39.3
2020,135,0.02,0.6,0.46,34.71,63.98,3.92,19.63,9.29,Cabrobó,PE,Nordeste,-8.51,-39.3
2020,136,0.0,0.6,0.44,33.79,65.23,3.64,19.28,9.11,Cabrobó,PE,Nordeste,-8.51,-39.3
2020,137,0.0,0.6,0.42,34.9,58.94,2.88,22.26,10.42,Cabrobó,PE,Nordeste,-8.51,-39.3
2020,138,0.36,0.6,0.41,35.06,63.43,2.68,19.62,9.25,Cabrobó,PE,Nordeste,-8.51,-39.3
2020,139,0.22,0.6,0.4,34.97,63.53,3.56,19.02,9.01,Cabrobó,PE,Nordeste,-8.51,-39.3
2020,140,0.13,0.6,0.4,35.04,63.14,3.5,16.78,8.0,Cabrobó,PE,Nordeste,-8.51,-39.3
2020,141,1.42,0.6,0.4,32.03,72.98,4.7,16.62,7.97,Cabrobó,PE,Nordeste,-8.51,-39.3
2020,142,1.65,0.6,0.42,33.91,71.45,4.2,16.43,7.87,Cabrobó,PE,Nordeste,-8.51,-39.3
2020,143,0.83,0.6,0.44,34.1,70.01,3.83,20.71,9.73,Cabrobó,PE,Nordeste,-8.51,-39.3
2020,144,0.58,0.6,0.43,33.98,67.49,3.46,19.61,9.22,Cabrobó,PE,Nordeste,-8.51,-39.3
2020,145,0.97,0.6,0.43,33.75,70.22,3.52,17.09,8.16,Cabrobó,PE,Nordeste,-8.51,-39.3
2020,146,2.91,0.6,0.45,33.4,67.99,2.26,17.73,8.48,Cabrobó,PE,Nordeste,-8.51,-39.3
2020,147,2.8,0.61,0.53,33.35,71.22,1.56,14.15,6.86,Cabrobó,PE,Nordeste,-8.51,-39.3
2020,148,0.26,0.61,0.51,28.56,77.69,1.22,18.64,8.87,Cabrobó,PE,Nordeste,-8.51,-39.3
2020,149,3.01,0.61,0.52,32.78,75.38,3.29,12.61,6.11,Cabrobó,PE,Nordeste,-8.51,-39.3
2020,150,0.14,0.61,0.52,30.11,69.86,4.51,14.5,6.91,Cabrobó,PE,Nordeste,-8.51,-39.3
2020,151,0.67,0.61,0.49,29.25,74.93,3.37,16.09,7.58,Cabrobó,PE,Nordeste,-8.51,-39.3
2020,152,0.98,0.61,0.49,28.75,78.13,3.06,11.73,5.74,Cabrobó,PE,Nordeste,-8.51,-39.3
2020,153,0.13,0.61,0.47,33.6,68.61,2.88,13.41,6.47,Cabrobó,PE,Nordeste,-8.51,-39.3
2020,154,0.04,0.6,0.44,34.15,67.09,2.75,16.74,7.93,Cabrobó,PE,Nordeste,-8.51,-39.3
2020,155,0.0,0.6,0.43,31.9,72.19,3.08,18.51,8.79,Cabrobó,PE,Nordeste,-8.51,-39.3
2020,156,1.33,0.6,0.42,33.28,71.39,3.77,18.33,8.63,Cabrobó,PE,Nordeste,-8.51,-39.3
2020,157,0.22,0.6,0.42,32.51,68.93,4.23,17.74,8.33,Cabrobó,PE,Nordeste,-8.51,-39.3
2020,158,0.09,0.6,0.41,32.39,69.93,3.77,16.9,8.01,Cabrobó,PE,Nordeste,-8.51,-39.3
2020,159,0.86,0.6,0.4,32.44,72.24,3.84,14.75,6.98,Cabrobó,PE,Nordeste,-8.51,-39.3
2020,160,1.29,0.6,0.41,31.55,74.32,3.71,14.38,6.8,Cabrobó,PE,Nordeste,-8.51,-39.3
2020,161,0.8,0.6,0.42,32.94,69.11,3.56,19.28,8.95,Cabrobó,PE,Nordeste,-8.51,-39.3
2020,162,0.38,0.6,0.41,32.2,71.56,3.62,15.86,7.5,Cabrobó,PE,Nordeste,-8.51,-39.3
2020,163,0.18,0.6,0.4,32.23,72.99,4.04,15.43,7.22,Cabrobó,PE,Nordeste,-8.51,-39.3
2020,164,0.14,0.6,0.39,31.88,71.0,3.9,16.15,7.59,Cabrobó,PE,Nordeste,-8.51,-39.3
2020,165,0.02,0.6,0.38,32.5,72.17,4.21,16.16,7.6,Cabrobó,PE,Nordeste,-8.51,-39.3
2020,166,0.63,0.6,0.38,31.17,69.93,4.83,11.91,5.88,Cabrobó,PE,Nordeste,-8.51,-39.3
2020,167,0.26,0.6,0.37,31.8,72.57,4.41,14.92,7.07,Cabrobó,PE,Nordeste,-8.51,-39.3
2020,168,0.13,0.6,0.37,31.61,70.55,5.04,13.41,6.42,Cabrobó,PE,Nordeste,-8.51,-39.3
2020,169,1.29,0.6,0.38,29.55,73.96,4.79,13.91,6.63,Cabrobó,PE,Nordeste,-8.51,-39.3
2020,170,0.68,0.6,0.39,30.7,73.94,4.04,18.9,8.77,Cabrobó,PE,Nordeste,-8.51,-39.3
2020,171,1.62,0.6,0.39,31.09,73.33,4.23,15.17,7.17,Cabrobó,PE,Nordeste,-8.51,-39.3
2020,172,0.31,0.6,0.41,31.16,70.81,5.03,15.69,7.4,Cabrobó,PE,Nordeste,-8.51,-39.3
2020,173,0.57,0.6,0.41,30.72,70.44,4.61,16.69,7.83,Cabrobó,PE,Nordeste,-8.51,-39.3
2020,174,0.35,0.6,0.4,31.47,71.73,3.96,17.76,8.2,Cabrobó,PE,Nordeste,-8.51,-39.3
2020,175,0.24,0.6,0.39,31.41,69.84,4.29,15.88,7.49,Cabrobó,PE,Nordeste,-8.51,-39.3
2020,176,1.02,0.6,0.39,31.4,71.51,4.23,20.95,9.69,Cabrobó,PE,Nordeste,-8.51,-39.3
2020,177,0.79,0.6,0.39,31.51,70.84,4.37,13.42,6.33,Cabrobó,PE,Nordeste,-8.51,-39.3
2020,178,0.12,0.6,0.39,31.3,67.92,3.88,20.3,9.37,Cabrobó,PE,Nordeste,-8.51,-39.3
2020,179,0.0,0.6,0.38,32.66,63.31,3.55,20.7,9.52,Cabrobó,PE,Nordeste,-8.51,-39.3
2020,180,0.0,0.6,0.36,33.23,64.61,3.65,21.13,9.71,Cabrobó,PE,Nordeste,-8.51,-39.3
2020,181,0.17,0.6,0.35,30.65,67.96,4.35,12.53,5.91,Cabrobó,PE,Nordeste,-8.51,-39.3
2020,182,0.04,0.6,0.35,32.34,68.28,3.79,15.09,7.08,Cabrobó,PE,Nordeste,-8.51,-39.3
2020,183,0.0,0.6,0.34,32.35,59.74,3.42,21.23,9.83,Cabrobó,PE,Nordeste,-8.51,-39.3
2020,184,0.0,0.59,0.33,33.36,55.05,3.15,21.97,9.98,Cabrobó,PE,Nordeste,-8.51,-39.3
2020,185,0.0,0.59,0.32,33.43,61.63,3.36,18.26,8.45,Cabrobó,PE,Nordeste,-8.51,-39.3
2020,186,0.05,0.59,0.31,32.39,64.47,4.03,21.08,9.73,Cabrobó,PE,Nordeste,-8.51,-39.3
2020,187,0.24,0.59,0.31,31.65,70.21,4.8,13.99,6.67,Cabrobó,PE,Nordeste,-8.51,-39.3
2020,188,0.12,0.59,0.3,31.88,69.43,4.55,13.09,6.24,Cabrobó,PE,Nordeste,-8.51,-39.3
2020,189,0.13,0.59,0.3,30.61,66.36,3.68,17.34,7.98,Cabrobó,PE,Nordeste,-8.51,-39.3
2020,190,0.01,0.59,0.29,33.19,65.71,3.15,20.19,9.41,Cabrobó,PE,Nordeste,-8.51,-39.3
2020,191,0.0,0.59,0.29,33.73,62.49,3.61,19.04,8.84,Cabrobó,PE,Nordeste,-8.51,-39.3
2020,192,0.75,0.59,0.29,31.76,67.14,4.4,13.07,6.23,Cabrobó,PE,Nordeste,-8.51,-39.3
2020,193,0.0,0.59,0.29,31.55,62.73,4.2,17.7,8.12,Cabrobó,PE,Nordeste,-8.51,-39.3
2020,194,0.27,0.59,0.29,32.57,67.77,3.96,14.18,6.72,Cabrobó,PE,Nordeste,-8.51,-39.3
2020,195,0.01,0.59,0.29,32.1,63.52,3.79,21.79,9.94,Cabrobó,PE,Nordeste,-8.51,-39.3
2020,196,0.0,0.59,0.28,31.5,67.69,3.29,18.06,8.43,Cabrobó,PE,Nordeste,-8.51,-39.3
2020,197,0.02,0.59,0.28,32.01,66.84,4.17,20.05,9.29,Cabrobó,PE,Nordeste,-8.51,-39.3
2020,198,0.54,0.59,0.28,31.18,69.61,4.81,14.6,6.92,Cabrobó,PE,Nordeste,-8.51,-39.3
2020,199,0.11,0.59,0.28,31.08,63.73,4.57,22.42,10.25,Cabrobó,PE,Nordeste,-8.51,-39.3
2020,200,0.14,0.59,0.28,30.78,65.7,5.19,14.31,6.72,Cabrobó,PE,Nordeste,-8.51,-39.3
2020,201,0.25,0.59,0.28,31.09,66.78,4.48,14.99,7.08,Cabrobó,PE,Nordeste,-8.51,-39.3
2020,202,0.21,0.59,0.28,30.91,68.42,4.96,12.97,6.2,Cabrobó,PE,Nordeste,-8.51,-39.3
2020,203,0.02,0.59,0.28,30.81,64.78,4.69,17.76,8.28,Cabrobó,PE,Nordeste,-8.51,-39.3
2020,204,0.25,0.59,0.28,31.23,65.02,4.45,16.04,7.55,Cabrobó,PE,Nordeste,-8.51,-39.3
2020,205,0.07,0.59,0.28,31.98,63.05,4.23,20.81,9.52,Cabrobó,PE,Nordeste,-8.51,-39.3
2020,206,0.01,0.59,0.27,31.61,61.65,4.51,18.53,8.53,Cabrobó,PE,Nordeste,-8.51,-39.3
2020,207,0.06,0.59,0.27,31.34,62.29,4.68,16.91,7.88,Cabrobó,PE,Nordeste,-8.51,-39.3
2020,208,0.02,0.59,0.27,31.5,59.5,4.72,20.18,9.27,Cabrobó,PE,Nordeste,-8.51,-39.3
2020,209,0.03,0.59,0.26,31.37,62.27,4.65,20.04,9.26,Cabrobó,PE,Nordeste,-8.51,-39.3
2020,210,0.16,0.59,0.26,31.44,64.89,4.89,22.39,10.22,Cabrobó,PE,Nordeste,-8.51,-39.3
2020,211,0.46,0.59,0.26,31.42,67.63,4.79,15.47,7.24,Cabrobó,PE,Nordeste,-8.51,-39.3
2020,212,0.63,0.59,0.28,30.69,61.44,4.44,22.32,10.12,Cabrobó,PE,Nordeste,-8.51,-39.3
2020,213,0.4,0.59,0.28,31.45,68.19,5.01,14.4,6.83,Cabrobó,PE,Nordeste,-8.51,-39.3
2020,214,0.33,0.59,0.28,30.89,68.92,4.93,14.3,6.72,Cabrobó,PE,Nordeste,-8.51,-39.3
2020,215,0.4,0.59,0.28,30.66,70.44,5.39,11.92,5.75,Cabrobó,PE,Nordeste,-8.51,-39.3
2020,216,0.07,0.59,0.28,31.08,65.68,4.83,18.12,8.4,Cabrobó,PE,Nordeste,-8.51,-39.3
2020,217,0.55,0.59,0.29,29.91,66.3,5.05,17.17,8.0,Cabrobó,PE,Nordeste,-8.51,-39.3
2020,218,1.12,0.59,0.31,29.61,69.15,4.9,15.08,7.1,Cabrobó,PE,Nordeste,-8.51,-39.3
2020,219,0.12,0.59,0.31,30.15,65.0,5.1,18.86,8.73,Cabrobó,PE,Nordeste,-8.51,-39.3
2020,220,0.13,0.59,0.3,30.41,66.6,4.8,19.54,8.98,Cabrobó,PE,Nordeste,-8.51,-39.3
2020,221,0.02,0.59,0.29,31.34,65.66,4.85,17.33,8.09,Cabrobó,PE,Nordeste,-8.51,-39.3
2020,222,0.02,0.59,0.29,32.06,67.68,4.11,18.55,8.68,Cabrobó,PE,Nordeste,-8.51,-39.3
2020,223,0.03,0.59,0.28,31.6,62.37,4.8,21.01,9.65,Cabrobó,PE,Nordeste,-8.51,-39.3
2020,224,0.0,0.59,0.28,32.0,61.27,4.66,21.39,9.77,Cabrobó,PE,Nordeste,-8.51,-39.3
2020,225,0.0,0.59,0.27,32.05,58.72,4.33,23.33,10.59,Cabrobó,PE,Nordeste,-8.51,-39.3
2020,226,0.0,0.59,0.26,33.14,61.94,4.42,19.61,9.02,Cabrobó,PE,Nordeste,-8.51,-39.3
2020,227,0.0,0.59,0.26,32.46,60.96,4.65,21.54,9.77,Cabrobó,PE,Nordeste,-8.51,-39.3
2020,228,0.0,0.59,0.26,33.81,56.21,4.18,22.67,10.31,Cabrobó,PE,Nordeste,-8.51,-39.3
2020,229,0.0,0.59,0.25,34.4,58.09,4.3,24.22,10.9,Cabrobó,PE,Nordeste,-8.51,-39.3
2020,230,0.0,0.59,0.25,33.54,57.77,4.95,20.86,9.56,Cabrobó,PE,Nordeste,-8.51,-39.3
2020,231,0.0,0.59,0.24,33.26,58.07,4.68,21.01,9.59,Cabrobó,PE,Nordeste,-8.51,-39.3
2020,232,0.0,0.59,0.24,34.11,54.62,4.32,24.7,11.17,Cabrobó,PE,Nordeste,-8.51,-39.3
2020,233,0.0,0.59,0.24,34.99,55.68,3.75,24.9,11.27,Cabrobó,PE,Nordeste,-8.51,-39.3
2020,234,0.0,0.59,0.23,35.44,57.38,4.27,22.61,10.2,Cabrobó,PE,Nordeste,-8.51,-39.3
2020,235,0.0,0.59,0.23,35.66,56.34,4.56,24.69,11.11,Cabrobó,PE,Nordeste,-8.51,-39.3
2020,236,0.02,0.59,0.23,34.27,57.21,4.79,23.79,10.67,Cabrobó,PE,Nordeste,-8.51,-39.3
2020,237,0.17,0.59,0.23,34.16,59.99,4.03,24.45,11.09,Cabrobó,PE,Nordeste,-8.51,-39.3
2020,238,0.04,0.59,0.23,34.34,59.31,4.48,20.02,9.27,Cabrobó,PE,Nordeste,-8.51,-39.3
2020,239,0.0,0.59,0.22,33.69,55.82,4.08,14.52,6.87,Cabrobó,PE,Nordeste,-8.51,-39.3
2020,240,0.0,0.59,0.22,34.48,48.98,4.33,25.7,11.56,Cabrobó,PE,Nordeste,-8.51,-39.3
2020,241,0.0,0.59,0.22,34.59,54.83,4.65,25.7,11.59,Cabrobó,PE,Nordeste,-8.51,-39.3
2020,242,0.0,0.59,0.21,34.98,56.93,5.27,19.39,9.0,Cabrobó,PE,Nordeste,-8.51,-39.3
2020,243,0.02,0.59,0.21,34.39,55.84,5.21,23.2,10.56,Cabrobó,PE,Nordeste,-8.51,-39.3
2020,244,0.44,0.59,0.22,33.49,59.7,5.82,20.99,9.69,Cabrobó,PE,Nordeste,-8.51,-39.3
2020,245,0.36,0.59,0.23,32.57,60.49,5.33,21.77,10.05,Cabrobó,PE,Nordeste,-8.51,-39.3
2020,246,0.04,0.59,0.23,31.9,58.94,5.27,21.74,10.0,Cabrobó,PE,Nordeste,-8.51,-39.3
2020,247,0.47,0.59,0.24,31.67,59.43,4.81,24.92,11.3,Cabrobó,PE,Nordeste,-8.51,-39.3
2020,248,0.0,0.59,0.23,33.87,53.84,4.75,25.03,11.37,Cabrobó,PE,Nordeste,-8.51,-39.3
2020,249,0.01,0.59,0.23,32.82,54.46,5.39,25.47,11.56,Cabrobó,PE,Nordeste,-8.51,-39.3
2020,250,0.0,0.59,0.23,33.31,56.01,5.13,23.59,10.78,Cabrobó,PE,Nordeste,-8.51,-39.3
2020,251,0.0,0.59,0.22,34.33,54.74,4.75,24.9,11.42,Cabrobó,PE,Nordeste,-8.51,-39.3
2020,252,0.01,0.59,0.22,34.02,55.83,5.09,21.71,10.04,Cabrobó,PE,Nordeste,-8.51,-39.3
2020,253,0.0,0.59,0.22,35.06,55.03,4.83,26.89,12.11,Cabrobó,PE,Nordeste,-8.51,-39.3
2020,254,0.04,0.59,0.21,34.4,55.3,5.18,21.01,9.75,Cabrobó,PE,Nordeste,-8.51,-39.3
2020,255,0.0,0.59,0.21,34.26,52.74,5.28,21.88,10.07,Cabrobó,PE,Nordeste,-8.51,-39.3
2020,256,0.0,0.59,0.21,33.83,48.83,5.4,27.06,12.26,Cabrobó,PE,Nordeste,-8.51,-39.3
2020,257,0.0,0.59,0.21,33.81,55.21,5.72,24.73,11.26,Cabrobó,PE,Nordeste,-8.51,-39.3
2020,258,0.01,0.59,0.2,34.6,53.16,5.18,25.91,11.8,Cabrobó,PE,Nordeste,-8.51,-39.3
2020,259,0.02,0.59,0.2,34.68,54.09,5.44,23.94,10.97,Cabrobó,PE,Nordeste,-8.51,-39.3
2020,260,0.01,0.59,0.2,34.83,51.84,5.44,23.96,11.05,Cabrobó,PE,Nordeste,-8.51,-39.3
2020,261,0.0,0.59,0.2,35.75,48.9,4.61,26.65,12.04,Cabrobó,PE,Nordeste,-8.51,-39.3
2020,262,0.0,0.59,0.19,36.65,46.0,4.24,27.39,12.43,Cabrobó,PE,Nordeste,-8.51,-39.3
2020,263,0.0,0.59,0.19,36.7,48.25,4.09,27.15,12.39,Cabrobó,PE,Nordeste,-8.51,-39.3
2020,264,0.0,0.59,0.19,37.08,48.15,3.71,26.42,12.01,Cabrobó,PE,Nordeste,-8.51,-39.3
2020,265,0.0,0.59,0.19,37.19,50.28,3.7,23.29,10.75,Cabrobó,PE,Nordeste,-8.51,-39.3
2020,266,0.0,0.59,0.18,37.24,47.82,4.33,22.14,10.3,Cabrobó,PE,Nordeste,-8.51,-39.3
2020,267,0.0,0.59,0.18,36.8,48.74,5.51,23.15,10.75,Cabrobó,PE,Nordeste,-8.51,-39.3
2020,268,0.0,0.59,0.18,36.15,50.22,5.48,27.65,12.57,Cabrobó,PE,Nordeste,-8.51,-39.3
2020,269,0.36,0.59,0.19,33.88,54.42,5.25,26.71,12.19,Cabrobó,PE,Nordeste,-8.51,-39.3
2020,270,0.0,0.59,0.19,35.04,54.89,4.48,18.23,8.53,Cabrobó,PE,Nordeste,-8.51,-39.3
2020,271,0.0,0.59,0.19,36.26,50.23,4.55,25.79,11.86,Cabrobó,PE,Nordeste,-8.51,-39.3
2020,272,0.12,0.59,0.19,37.71,52.38,4.75,23.45,10.9,Cabrobó,PE,Nordeste,-8.51,-39.3
2020,273,0.07,0.59,0.19,37.85,48.52,5.03,27.42,12.49,Cabrobó,PE,Nordeste,-8.51,-39.3
2020,274,0.0,0.59,0.18,36.52,50.22,5.49,26.35,11.99,Cabrobó,PE,Nordeste,-8.51,-39.3
2020,275,0.0,0.59,0.18,36.23,50.29,5.33,26.12,11.86,Cabrobó,PE,Nordeste,-8.51,-39.3
2020,276,0.0,0.59,0.18,36.56,51.1,4.86,26.78,12.11,Cabrobó,PE,Nordeste,-8.51,-39.3
2020,277,0.0,0.59,0.18,37.04,50.03,4.77,26.11,11.93,Cabrobó,PE,Nordeste,-8.51,-39.3
2020,278,0.0,0.59,0.18,38.48,46.1,4.91,28.02,12.67,Cabrobó,PE,Nordeste,-8.51,-39.3
2020,279,0.0,0.59,0.18,37.26,48.1,5.42,27.86,12.57,Cabrobó,PE,Nordeste,-8.51,-39.3
2020,280,0.0,0.59,0.17,37.36,46.39,4.88,25.06,11.32,Cabrobó,PE,Nordeste,-8.51,-39.3
2020,281,0.0,0.59,0.17,38.45,42.6,3.88,28.04,12.66,Cabrobó,PE,Nordeste,-8.51,-39.3
2020,282,0.0,0.59,0.17,39.87,39.5,3.24,27.69,12.66,Cabrobó,PE,Nordeste,-8.51,-39.3
2020,283,0.0,0.59,0.17,39.78,35.41,2.75,27.05,12.37,Cabrobó,PE,Nordeste,-8.51,-39.3
2020,284,0.0,0.59,0.16,40.27,37.12,2.95,25.84,11.91,Cabrobó,PE,Nordeste,-8.51,-39.3
2020,285,0.0,0.59,0.16,40.27,34.35,3.62,26.0,12.0,Cabrobó,PE,Nordeste,-8.51,-39.3
2020,286,0.0,0.59,0.16,38.63,35.58,4.45,25.87,11.76,Cabrobó,PE,Nordeste,-8.51,-39.3
2020,287,0.0,0.59,0.16,37.5,44.97,5.28,27.96,12.68,Cabrobó,PE,Nordeste,-8.51,-39.3
2020,288,0.0,0.59,0.16,37.39,47.3,5.16,27.71,12.48,Cabrobó,PE,Nordeste,-8.51,-39.3
2020,289,0.01,0.59,0.16,38.59,42.59,4.62,27.75,12.51,Cabrobó,PE,Nordeste,-8.51,-39.3
2020,290,0.0,0.59,0.16,38.42,41.96,4.57,28.65,12.9,Cabrobó,PE,Nordeste,-8.51,-39.3
2020,291,0.0,0.59,0.15,37.81,46.46,5.29,26.99,12.13,Cabrobó,PE,Nordeste,-8.51,-39.3
2020,292,0.0,0.59,0.15,37.34,48.65,5.48,27.75,12.56,Cabrobó,PE,Nordeste,-8.51,-39.3
2020,293,0.0,0.59,0.15,37.7,44.82,4.89,28.26,12.85,Cabrobó,PE,Nordeste,-8.51,-39.3
2020,294,0.0,0.59,0.15,37.67,44.29,5.13,26.84,12.24,Cabrobó,PE,Nordeste,-8.51,-39.3
2020,295,0.03,0.59,0.15,37.76,45.92,4.82,28.23,12.92,Cabrobó,PE,Nordeste,-8.51,-39.3
2020,296,0.02,0.59,0.15,38.28,48.92,4.91,25.5,11.74,Cabrobó,PE,Nordeste,-8.51,-39.3
2020,297,0.08,0.59,0.15,38.13,49.44,5.35,23.51,10.88,Cabrobó,PE,Nordeste,-8.51,-39.3
2020,298,0.14,0.59,0.15,38.21,48.22,4.34,23.05,10.52,Cabrobó,PE,Nordeste,-8.51,-39.3
2020,299,0.0,0.59,0.15,39.48,40.56,3.07,26.57,12.34,Cabrobó,PE,Nordeste,-8.51,-39.3
2020,300,2.26,0.59,0.17,37.87,43.62,2.73,21.17,10.06,Cabrobó,PE,Nordeste,-8.51,-39.3
2020,301,1.15,0.59,0.26,36.06,50.75,2.5,16.09,7.66,Cabrobó,PE,Nordeste,-8.51,-39.3
2020,302,0.74,0.59,0.27,38.36,51.6,3.05,19.7,9.29,Cabrobó,PE,Nordeste,-8.51,-39.3
2020,303,0.05,0.59,0.27,38.75,40.59,3.89,25.78,11.95,Cabrobó,PE,Nordeste,-8.51,-39.3
2020,304,0.0,0.59,0.25,37.69,43.11,4.13,26.79,12.4,Cabrobó,PE,Nordeste,-8.51,-39.3
2020,305,0.04,0.59,0.24,38.55,42.69,2.68,22.42,10.44,Cabrobó,PE,Nordeste,-8.51,-39.3
2020,306,5.19,0.59,0.26,36.79,45.82,1.93,20.47,9.67,Cabrobó,PE,Nordeste,-8.51,-39.3
2020,307,10.11,0.61,0.61,33.74,64.67,2.35,9.02,4.48,Cabrobó,PE,Nordeste,-8.51,-39.3
2020,308,3.99,0.62,0.63,27.51,81.41,3.17,15.21,7.32,Cabrobó,PE,Nordeste,-8.51,-39.3
2020,309,9.43,0.63,0.66,32.24,74.5,2.34,7.52,3.86,Cabrobó,PE,Nordeste,-8.51,-39.3
2020,310,0.04,0.63,0.6,35.75,63.09,2.47,19.81,9.35,Cabrobó,PE,Nordeste,-8.51,-39.3
2020,311,0.01,0.62,0.59,35.67,57.04,3.64,24.37,11.45,Cabrobó,PE,Nordeste,-8.51,-39.3
2020,312,0.0,0.61,0.57,36.51,56.53,4.79,25.03,11.65,Cabrobó,PE,Nordeste,-8.51,-39.3
2020,313,0.0,0.61,0.54,35.7,55.8,5.0,25.35,11.67,Cabrobó,PE,Nordeste,-8.51,-39.3
2020,314,0.2,0.6,0.5,35.4,57.57,4.24,21.66,10.07,Cabrobó,PE,Nordeste,-8.51,-39.3
2020,315,0.55,0.6,0.47,35.44,56.88,4.47,22.71,10.54,Cabrobó,PE,Nordeste,-8.51,-39.3
2020,316,0.12,0.6,0.43,35.39,54.58,4.03,25.81,11.75,Cabrobó,PE,Nordeste,-8.51,-39.3
2020,317,0.0,0.6,0.4,36.1,50.8,3.91,24.95,11.56,Cabrobó,PE,Nordeste,-8.51,-39.3
2020,318,0.0,0.6,0.37,37.12,49.73,3.82,26.72,12.35,Cabrobó,PE,Nordeste,-8.51,-39.3
2020,319,0.0,0.6,0.35,37.7,47.48,4.18,27.25,12.64,Cabrobó,PE,Nordeste,-8.51,-39.3
2020,320,0.0,0.59,0.33,38.78,44.43,4.18,27.84,12.8,Cabrobó,PE,Nordeste,-8.51,-39.3
2020,321,0.0,0.59,0.32,35.28,44.47,2.68,24.87,11.47,Cabrobó,PE,Nordeste,-8.51,-39.3
2020,322,0.98,0.59,0.32,38.11,40.88,2.29,21.95,10.24,Cabrobó,PE,Nordeste,-8.51,-39.3
2020,323,0.89,0.59,0.33,37.16,46.54,2.49,21.45,10.07,Cabrobó,PE,Nordeste,-8.51,-39.3
2020,324,1.24,0.6,0.35,36.78,46.82,2.23,18.78,9.01,Cabrobó,PE,Nordeste,-8.51,-39.3
2020,325,2.95,0.6,0.41,34.0,59.04,2.05,18.93,9.13,Cabrobó,PE,Nordeste,-8.51,-39.3
2020,326,0.72,0.6,0.43,34.66,60.99,1.76,15.35,7.42,Cabrobó,PE,Nordeste,-8.51,-39.3
2020,327,0.05,0.6,0.41,36.12,52.24,3.54,22.53,10.67,Cabrobó,PE,Nordeste,-8.51,-39.3
2020,328,0.02,0.6,0.38,35.73,51.82,4.24,23.3,10.9,Cabrobó,PE,Nordeste,-8.51,-39.3
2020,329,0.02,0.6,0.36,35.98,51.17,5.07,20.27,9.5,Cabrobó,PE,Nordeste,-8.51,-39.3
2020,330,0.01,0.59,0.34,35.25,49.05,4.72,23.01,10.68,Cabrobó,PE,Nordeste,-8.51,-39.3
2020,331,0.01,0.59,0.33,35.44,52.67,4.9,22.68,10.51,Cabrobó,PE,Nordeste,-8.51,-39.3
2020,332,0.01,0.59,0.32,35.03,53.13,4.92,20.59,9.67,Cabrobó,PE,Nordeste,-8.51,-39.3
2020,333,0.01,0.59,0.31,35.51,50.72,5.42,19.04,9.0,Cabrobó,PE,Nordeste,-8.51,-39.3
2020,334,0.0,0.59,0.3,36.08,48.85,4.33,25.9,11.91,Cabrobó,PE,Nordeste,-8.51,-39.3
2020,335,0.0,0.59,0.29,36.26,47.11,3.86,24.44,11.36,Cabrobó,PE,Nordeste,-8.51,-39.3
2020,336,0.0,0.59,0.28,37.14,47.09,4.22,25.21,11.7,Cabrobó,PE,Nordeste,-8.51,-39.3
2020,337,0.0,0.59,0.27,38.17,44.75,3.96,25.86,12.0,Cabrobó,PE,Nordeste,-8.51,-39.3
2020,338,0.51,0.59,0.26,38.4,43.84,3.52,23.55,11.06,Cabrobó,PE,Nordeste,-8.51,-39.3
2020,339,2.31,0.59,0.34,37.79,47.49,3.55,21.89,10.3,Cabrobó,PE,Nordeste,-8.51,-39.3
2020,340,0.0,0.59,0.33,36.85,46.9,3.48,25.68,11.8,Cabrobó,PE,Nordeste,-8.51,-39.3
2020,341,0.01,0.59,0.31,37.18,47.25,3.6,22.33,10.39,Cabrobó,PE,Nordeste,-8.51,-39.3
2020,342,0.0,0.59,0.3,36.28,46.81,3.96,19.23,9.09,Cabrobó,PE,Nordeste,-8.51,-39.3
2020,343,0.0,0.59,0.29,37.07,42.33,3.57,25.28,11.68,Cabrobó,PE,Nordeste,-8.51,-39.3
2020,344,0.0,0.59,0.28,38.06,37.27,2.78,24.46,11.37,Cabrobó,PE,Nordeste,-8.51,-39.3
2020,345,0.53,0.59,0.28,33.99,42.92,2.15,19.33,9.18,Cabrobó,PE,Nordeste,-8.51,-39.3
2020,346,0.07,0.59,0.28,38.18,41.01,4.17,26.62,12.38,Cabrobó,PE,Nordeste,-8.51,-39.3
2020,347,0.0,0.59,0.27,36.97,45.75,4.69,27.08,12.39,Cabrobó,PE,Nordeste,-8.51,-39.3
2020,348,0.0,0.59,0.26,35.8,47.77,4.13,19.0,8.88,Cabrobó,PE,Nordeste,-8.51,-39.3
2020,349,0.0,0.59,0.25,36.99,44.1,3.79,26.18,12.1,Cabrobó,PE,Nordeste,-8.51,-39.3
2020,350,0.0,0.59,0.24,37.58,43.51,3.49,25.53,11.82,Cabrobó,PE,Nordeste,-8.51,-39.3
2020,351,0.19,0.59,0.24,37.34,47.12,3.53,23.58,11.09,Cabrobó,PE,Nordeste,-8.51,-39.3
2020,352,0.62,0.59,0.25,37.02,50.04,3.08,19.36,9.32,Cabrobó,PE,Nordeste,-8.51,-39.3
2020,353,0.05,0.59,0.25,36.91,45.5,2.39,16.36,8.0,Cabrobó,PE,Nordeste,-8.51,-39.3
2020,354,0.04,0.59,0.24,37.99,42.78,2.83,24.74,11.68,Cabrobó,PE,Nordeste,-8.51,-39.3
2020,355,1.01,0.59,0.25,38.09,40.43,2.75,24.41,11.44,Cabrobó,PE,Nordeste,-8.51,-39.3
2020,356,0.61,0.59,0.27,37.02,40.73,3.19,26.16,12.25,Cabrobó,PE,Nordeste,-8.51,-39.3
2020,357,0.31,0.59,0.27,37.02,42.86,3.23,20.0,9.43,Cabrobó,PE,Nordeste,-8.51,-39.3
2020,358,0.02,0.59,0.26,36.19,42.95,2.61,15.77,7.51,Cabrobó,PE,Nordeste,-8.51,-39.3
2020,359,1.46,0.59,0.27,36.48,46.56,2.98,19.45,9.12,Cabrobó,PE,Nordeste,-8.51,-39.3
2020,360,6.52,0.6,0.48,32.35,59.33,2.45,13.63,6.61,Cabrobó,PE,Nordeste,-8.51,-39.3
2020,361,0.07,0.6,0.47,35.72,47.58,3.28,18.98,8.93,Cabrobó,PE,Nordeste,-8.51,-39.3
2020,362,0.08,0.6,0.41,36.83,45.11,4.68,26.92,12.28,Cabrobó,PE,Nordeste,-8.51,-39.3
2020,363,0.0,0.6,0.38,36.3,49.01,4.95,23.21,10.71,Cabrobó,PE,Nordeste,-8.51,-39.3
2020,364,0.0,0.6,0.35,36.51,47.98,3.85,27.15,12.37,Cabrobó,PE,Nordeste,-8.51,-39.3
2020,365,0.0,0.59,0.33,36.05,49.08,3.63,23.17,10.58,Cabrobó,PE,Nordeste,-8.51,-39.3
2020,366,0.12,0.59,0.31,37.29,47.93,4.19,24.28,11.19,Cabrobó,PE,Nordeste,-8.51,-39.3
2021,1,0.37,0.59,0.3,37.87,48.0,3.75,25.8,11.96,Cabrobó,PE,Nordeste,-8.51,-39.3
2021,2,0.04,0.59,0.29,36.5,47.03,3.23,25.25,11.69,Cabrobó,PE,Nordeste,-8.51,-39.3
2021,3,0.04,0.59,0.28,38.13,43.11,3.29,23.61,10.96,Cabrobó,PE,Nordeste,-8.51,-39.3
2021,4,0.36,0.59,0.27,36.55,47.23,3.81,24.02,11.08,Cabrobó,PE,Nordeste,-8.51,-39.3
2021,5,0.06,0.59,0.27,37.07,48.58,4.23,25.56,11.63,Cabrobó,PE,Nordeste,-8.51,-39.3
2021,6,0.01,0.59,0.26,36.71,45.39,2.79,26.19,12.03,Cabrobó,PE,Nordeste,-8.51,-39.3
2021,7,0.04,0.59,0.25,37.01,47.0,2.8,24.07,11.1,Cabrobó,PE,Nordeste,-8.51,-39.3
2021,8,0.07,0.59,0.25,32.01,54.85,2.0,22.81,10.52,Cabrobó,PE,Nordeste,-8.51,-39.3
2021,9,0.0,0.59,0.25,37.78,41.76,1.72,20.25,9.39,Cabrobó,PE,Nordeste,-8.51,-39.3
2021,10,1.11,0.59,0.26,33.29,48.55,1.97,19.38,9.0,Cabrobó,PE,Nordeste,-8.51,-39.3
2021,11,0.95,0.59,0.29,35.96,47.97,1.85,16.74,7.94,Cabrobó,PE,Nordeste,-8.51,-39.3
2021,12,2.13,0.59,0.33,32.25,53.7,1.44,13.88,6.65,Cabrobó,PE,Nordeste,-8.51,-39.3
2021,13,7.07,0.6,0.48,32.07,66.07,1.62,10.27,5.02,Cabrobó,PE,Nordeste,-8.51,-39.3
2021,14,2.57,0.61,0.59,32.8,63.81,2.31,18.43,8.72,Cabrobó,PE,Nordeste,-8.51,-39.3
2021,15,0.4,0.61,0.54,35.77,52.6,3.04,19.22,9.03,Cabrobó,PE,Nordeste,-8.51,-39.3
2021,16,0.02,0.6,0.47,37.09,49.69,3.67,26.53,12.24,Cabrobó,PE,Nordeste,-8.51,-39.3
2021,17,0.01,0.6,0.41,36.2,49.48,3.97,22.86,10.45,Cabrobó,PE,Nordeste,-8.51,-39.3
2021,18,0.03,0.6,0.38,36.61,45.96,4.0,25.48,11.6,Cabrobó,PE,Nordeste,-8.51,-39.3
2021,19,0.15,0.6,0.35,34.75,50.11,3.86,21.7,9.89,Cabrobó,PE,Nordeste,-8.51,-39.3
2021,20,0.47,0.59,0.34,36.33,49.58,3.83,15.61,7.35,Cabrobó,PE,Nordeste,-8.51,-39.3
2021,21,0.41,0.59,0.33,34.78,54.4,4.19,19.14,8.89,Cabrobó,PE,Nordeste,-8.51,-39.3
2021,22,0.03,0.59,0.33,31.7,54.53,3.92,13.6,6.51,Cabrobó,PE,Nordeste,-8.51,-39.3
2021,23,0.02,0.59,0.32,30.85,59.87,3.8,8.37,4.15,Cabrobó,PE,Nordeste,-8.51,-39.3
2021,24,0.0,0.59,0.32,31.26,58.75,3.8,13.04,6.25,Cabrobó,PE,Nordeste,-8.51,-39.3
2021,25,0.0,0.59,0.31,36.61,52.41,4.0,18.93,8.64,Cabrobó,PE,Nordeste,-8.51,-39.3
2021,26,0.0,0.59,0.3,37.03,49.34,4.28,20.34,9.3,Cabrobó,PE,Nordeste,-8.51,-39.3
2021,27,0.21,0.59,0.29,36.77,52.64,3.89,21.62,9.83,Cabrobó,PE,Nordeste,-8.51,-39.3
2021,28,0.26,0.59,0.28,36.03,52.41,4.18,17.37,8.02,Cabrobó,PE,Nordeste,-8.51,-39.3
2021,29,0.43,0.59,0.29,31.78,56.44,2.96,14.73,6.95,Cabrobó,PE,Nordeste,-8.51,-39.3
2021,30,2.53,0.59,0.33,29.3,66.04,2.7,7.35,3.68,Cabrobó,PE,Nordeste,-8.51,-39.3
2021,31,0.15,0.6,0.37,33.65,60.19,2.63,13.63,6.41,Cabrobó,PE,Nordeste,-8.51,-39.3
2021,32,1.39,0.6,0.37,37.45,51.17,2.58,21.36,9.86,Cabrobó,PE,Nordeste,-8.51,-39.3
2021,33,0.39,0.6,0.38,36.75,49.39,1.88,22.59,10.37,Cabrobó,PE,Nordeste,-8.51,-39.3
2021,34,0.78,0.6,0.36,37.28,45.64,2.57,25.99,12.0,Cabrobó,PE,Nordeste,-8.51,-39.3
2021,35,0.39,0.6,0.34,38.25,44.98,2.33,26.08,12.0,Cabrobó,PE,Nordeste,-8.51,-39.3
2021,36,0.23,0.59,0.33,36.78,42.34,2.19,25.7,11.88,Cabrobó,PE,Nordeste,-8.51,-39.3
2021,37,0.0,0.59,0.31,39.16,35.68,2.56,28.5,13.14,Cabrobó,PE,Nordeste,-8.51,-39.3
2021,38,0.47,0.59,0.3,38.32,40.46,1.48,24.1,11.26,Cabrobó,PE,Nordeste,-8.51,-39.3
2021,39,2.86,0.59,0.3,38.41,41.87,1.81,15.03,7.26,Cabrobó,PE,Nordeste,-8.51,-39.3
2021,40,5.02,0.6,0.53,30.56,64.98,1.57,13.63,6.59,Cabrobó,PE,Nordeste,-8.51,-39.3
2021,41,0.06,0.6,0.49,37.35,49.97,3.07,25.54,11.99,Cabrobó,PE,Nordeste,-8.51,-39.3
2021,42,3.59,0.6,0.48,35.66,57.5,3.62,20.95,9.85,Cabrobó,PE,Nordeste,-8.51,-39.3
2021,43,0.58,0.6,0.5,34.12,55.25,3.29,15.27,7.24,Cabrobó,PE,Nordeste,-8.51,-39.3
2021,44,0.5,0.6,0.44,36.9,52.23,3.39,24.08,11.08,Cabrobó,PE,Nordeste,-8.51,-39.3
2021,45,1.85,0.6,0.45,30.44,63.67,2.29,20.39,9.62,Cabrobó,PE,Nordeste,-8.51,-39.3
2021,46,11.85,0.61,0.57,31.12,71.84,1.31,20.84,9.84,Cabrobó,PE,Nordeste,-8.51,-39.3
2021,47,23.03,0.64,0.73,28.78,84.46,1.77,4.09,2.2,Cabrobó,PE,Nordeste,-8.51,-39.3
2021,48,1.97,0.65,0.66,30.13,80.51,1.57,16.61,8.12,Cabrobó,PE,Nordeste,-8.51,-39.3
2021,49,16.53,0.66,0.7,30.39,79.24,1.43,14.35,7.08,Cabrobó,PE,Nordeste,-8.51,-39.3
2021,50,2.07,0.66,0.67,32.41,74.48,1.82,19.16,9.29,Cabrobó,PE,Nordeste,-8.51,-39.3
2021,51,0.71,0.65,0.64,33.93,67.24,1.65,24.13,11.27,Cabrobó,PE,Nordeste,-8.51,-39.3
2021,52,0.55,0.65,0.62,34.25,65.27,1.5,20.35,9.61,Cabrobó,PE,Nordeste,-8.51,-39.3
2021,53,0.3,0.64,0.61,35.85,58.67,2.75,26.36,12.16,Cabrobó,PE,Nordeste,-8.51,-39.3
2021,54,0.93,0.63,0.61,33.72,61.93,1.44,18.73,8.76,Cabrobó,PE,Nordeste,-8.51,-39.3
2021,55,0.65,0.63,0.61,33.69,67.12,1.36,22.11,10.29,Cabrobó,PE,Nordeste,-8.51,-39.3
2021,56,0.26,0.63,0.6,34.3,64.21,1.73,20.71,9.8,Cabrobó,PE,Nordeste,-8.51,-39.3
2021,57,17.23,0.63,0.66,33.94,67.43,2.18,20.3,9.59,Cabrobó,PE,Nordeste,-8.51,-39.3
2021,58,13.89,0.67,0.72,31.97,75.33,1.62,15.48,7.41,Cabrobó,PE,Nordeste,-8.51,-39.3
2021,59,7.26,0.67,0.7,32.81,68.22,2.79,23.08,10.89,Cabrobó,PE,Nordeste,-8.51,-39.3
2021,60,1.96,0.66,0.65,33.35,68.21,3.31,23.57,10.99,Cabrobó,PE,Nordeste,-8.51,-39.3
2021,61,0.97,0.65,0.64,33.88,68.56,3.49,18.31,8.7,Cabrobó,PE,Nordeste,-8.51,-39.3
2021,62,1.05,0.65,0.63,34.09,65.05,2.86,25.06,11.64,Cabrobó,PE,Nordeste,-8.51,-39.3
2021,63,0.28,0.64,0.61,35.07,60.29,3.03,19.79,9.31,Cabrobó,PE,Nordeste,-8.51,-39.3
2021,64,0.25,0.63,0.6,35.48,61.47,2.48,26.56,12.29,Cabrobó,PE,Nordeste,-8.51,-39.3
2021,65,0.06,0.63,0.6,35.09,63.16,1.85,25.39,11.79,Cabrobó,PE,Nordeste,-8.51,-39.3
2021,66,0.0,0.62,0.59,37.16,55.04,1.64,27.34,12.62,Cabrobó,PE,Nordeste,-8.51,-39.3
2021,67,0.0,0.62,0.57,36.51,56.34,1.72,26.24,12.1,Cabrobó,PE,Nordeste,-8.51,-39.3
2021,68,0.0,0.62,0.56,36.77,53.21,1.81,23.68,10.96,Cabrobó,PE,Nordeste,-8.51,-39.3
2021,69,0.0,0.61,0.55,36.05,53.54,1.68,23.86,11.04,Cabrobó,PE,Nordeste,-8.51,-39.3
2021,70,0.0,0.61,0.54,36.34,50.98,2.5,23.41,10.87,Cabrobó,PE,Nordeste,-8.51,-39.3
2021,71,0.81,0.61,0.52,36.43,52.99,2.49,22.51,10.34,Cabrobó,PE,Nordeste,-8.51,-39.3
2021,72,1.32,0.61,0.52,35.7,57.88,1.94,21.99,10.11,Cabrobó,PE,Nordeste,-8.51,-39.3
2021,73,4.28,0.61,0.55,33.36,64.5,2.64,16.09,7.56,Cabrobó,PE,Nordeste,-8.51,-39.3
2021,74,0.02,0.61,0.54,36.24,48.88,2.74,25.49,11.74,Cabrobó,PE,Nordeste,-8.51,-39.3
2021,75,0.0,0.6,0.51,36.24,52.11,2.88,23.36,10.77,Cabrobó,PE,Nordeste,-8.51,-39.3
2021,76,0.01,0.6,0.47,36.69,48.1,2.87,27.68,12.7,Cabrobó,PE,Nordeste,-8.51,-39.3
2021,77,0.72,0.6,0.45,36.2,52.77,2.28,21.86,10.23,Cabrobó,PE,Nordeste,-8.51,-39.3
2021,78,1.63,0.6,0.46,35.5,55.2,2.6,17.74,8.34,Cabrobó,PE,Nordeste,-8.51,-39.3
2021,79,0.34,0.6,0.44,36.56,50.32,3.91,19.07,8.88,Cabrobó,PE,Nordeste,-8.51,-39.3
2021,80,0.43,0.6,0.42,34.69,55.88,4.21,17.7,8.31,Cabrobó,PE,Nordeste,-8.51,-39.3
2021,81,2.27,0.6,0.42,36.71,53.29,3.17,19.43,9.09,Cabrobó,PE,Nordeste,-8.51,-39.3
2021,82,6.18,0.61,0.56,35.26,64.83,2.98,16.75,7.9,Cabrobó,PE,Nordeste,-8.51,-39.3
2021,83,0.75,0.61,0.55,35.75,61.56,3.7,20.55,9.56,Cabrobó,PE,Nordeste,-8.51,-39.3
2021,84,0.1,0.6,0.51,35.46,57.14,3.75,18.68,8.76,Cabrobó,PE,Nordeste,-8.51,-39.3
2021,85,0.03,0.6,0.47,36.43,52.45,3.66,16.88,7.89,Cabrobó,PE,Nordeste,-8.51,-39.3
2021,86,0.01,0.6,0.43,36.69,52.21,2.97,24.2,11.07,Cabrobó,PE,Nordeste,-8.51,-39.3
2021,87,0.1,0.6,0.4,34.4,63.18,2.95,19.85,9.26,Cabrobó,PE,Nordeste,-8.51,-39.3
2021,88,2.91,0.6,0.46,30.0,74.07,1.66,20.09,9.43,Cabrobó,PE,Nordeste,-8.51,-39.3
2021,89,0.23,0.6,0.47,35.59,63.32,2.05,18.25,8.54,Cabrobó,PE,Nordeste,-8.51,-39.3
2021,90,9.69,0.61,0.56,31.37,70.56,1.67,20.26,9.43,Cabrobó,PE,Nordeste,-8.51,-39.3
2021,91,0.53,0.62,0.59,35.82,63.26,1.78,20.82,9.65,Cabrobó,PE,Nordeste,-8.51,-39.3
2021,92,0.02,0.61,0.57,36.35,59.18,2.16,23.54,10.97,Cabrobó,PE,Nordeste,-8.51,-39.3
2021,93,0.0,0.61,0.53,36.57,52.62,3.23,24.39,11.18,Cabrobó,PE,Nordeste,-8.51,-39.3
2021,94,0.48,0.6,0.48,36.65,57.65,3.82,23.42,10.75,Cabrobó,PE,Nordeste,-8.51,-39.3
2021,95,0.7,0.6,0.46,35.97,58.87,4.42,17.44,8.15,Cabrobó,PE,Nordeste,-8.51,-39.3
2021,96,0.11,0.6,0.43,36.25,52.84,3.6,23.29,10.57,Cabrobó,PE,Nordeste,-8.51,-39.3
2021,97,0.01,0.6,0.4,36.57,50.1,3.66,25.51,11.6,Cabrobó,PE,Nordeste,-8.51,-39.3
2021,98,0.66,0.6,0.39,34.89,51.84,3.71,23.03,10.57,Cabrobó,PE,Nordeste,-8.51,-39.3
2021,99,0.98,0.6,0.39,34.15,58.46,3.88,22.19,10.12,Cabrobó,PE,Nordeste,-8.51,-39.3
2021,100,0.09,0.6,0.38,35.01,54.25,3.73,21.29,9.8,Cabrobó,PE,Nordeste,-8.51,-39.3
2021,101,3.4,0.6,0.41,33.55,66.81,3.11,14.78,6.94,Cabrobó,PE,Nordeste,-8.51,-39.3
2021,102,3.23,0.6,0.47,34.19,67.85,2.97,15.94,7.48,Cabrobó,PE,Nordeste,-8.51,-39.3
2021,103,2.82,0.6,0.54,34.24,68.62,2.08,18.35,8.53,Cabrobó,PE,Nordeste,-8.51,-39.3
2021,104,3.39,0.61,0.56,31.04,73.37,2.94,15.57,7.29,Cabrobó,PE,Nordeste,-8.51,-39.3
2021,105,1.84,0.61,0.57,34.09,66.5,3.75,18.75,8.6,Cabrobó,PE,Nordeste,-8.51,-39.3
2021,106,0.52,0.61,0.52,34.03,65.39,3.06,13.46,6.33,Cabrobó,PE,Nordeste,-8.51,-39.3
2021,107,5.87,0.61,0.59,32.94,72.36,2.41,14.46,6.87,Cabrobó,PE,Nordeste,-8.51,-39.3
2021,108,4.6,0.61,0.6,29.77,75.95,2.1,18.27,8.53,Cabrobó,PE,Nordeste,-8.51,-39.3
2021,109,11.91,0.63,0.68,30.04,78.8,1.66,11.27,5.49,Cabrobó,PE,Nordeste,-8.51,-39.3
2021,110,1.72,0.63,0.62,32.96,70.88,0.78,20.39,9.62,Cabrobó,PE,Nordeste,-8.51,-39.3
2021,111,5.28,0.63,0.62,33.52,70.14,0.99,20.63,9.71,Cabrobó,PE,Nordeste,-8.51,-39.3
2021,112,21.61,0.65,0.73,30.63,79.6,0.73,18.31,8.68,Cabrobó,PE,Nordeste,-8.51,-39.3
2021,113,1.24,0.66,0.66,30.93,77.61,1.23,11.42,5.53,Cabrobó,PE,Nordeste,-8.51,-39.3
2021,114,0.36,0.65,0.63,33.99,68.25,2.51,22.24,10.36,Cabrobó,PE,Nordeste,-8.51,-39.3
2021,115,0.69,0.64,0.62,33.63,69.92,2.53,20.32,9.53,Cabrobó,PE,Nordeste,-8.51,-39.3
2021,116,0.55,0.64,0.61,34.6,67.19,2.76,21.67,10.07,Cabrobó,PE,Nordeste,-8.51,-39.3
2021,117,0.39,0.63,0.61,33.57,67.81,2.67,20.51,9.4,Cabrobó,PE,Nordeste,-8.51,-39.3
2021,118,0.21,0.63,0.6,34.59,66.86,2.85,18.38,8.49,Cabrobó,PE,Nordeste,-8.51,-39.3
2021,119,0.46,0.62,0.6,33.72,67.36,3.31,17.69,8.34,Cabrobó,PE,Nordeste,-8.51,-39.3
2021,120,0.13,0.62,0.58,34.39,62.69,4.11,19.08,8.86,Cabrobó,PE,Nordeste,-8.51,-39.3
2021,121,0.52,0.62,0.58,33.41,67.14,3.92,16.57,7.75,Cabrobó,PE,Nordeste,-8.51,-39.3
2021,122,2.35,0.61,0.59,32.49,72.11,3.51,13.08,6.27,Cabrobó,PE,Nordeste,-8.51,-39.3
2021,123,0.64,0.61,0.59,32.39,64.29,3.0,18.97,8.75,Cabrobó,PE,Nordeste,-8.51,-39.3
2021,124,1.18,0.61,0.58,32.8,70.08,2.55,17.89,8.32,Cabrobó,PE,Nordeste,-8.51,-39.3
2021,125,0.18,0.61,0.57,32.08,69.7,3.0,13.96,6.69,Cabrobó,PE,Nordeste,-8.51,-39.3
2021,126,0.0,0.61,0.55,33.38,64.95,2.66,16.5,7.67,Cabrobó,PE,Nordeste,-8.51,-39.3
2021,127,0.02,0.61,0.53,34.33,64.85,2.79,18.37,8.57,Cabrobó,PE,Nordeste,-8.51,-39.3
2021,128,0.04,0.6,0.5,34.82,61.69,3.6,19.84,9.16,Cabrobó,PE,Nordeste,-8.51,-39.3
2021,129,0.89,0.6,0.48,33.57,66.87,4.22,15.86,7.44,Cabrobó,PE,Nordeste,-8.51,-39.3
2021,130,0.63,0.6,0.47,33.98,67.78,4.53,14.1,6.62,Cabrobó,PE,Nordeste,-8.51,-39.3
2021,131,0.21,0.6,0.46,32.59,65.47,4.28,11.11,5.29,Cabrobó,PE,Nordeste,-8.51,-39.3
2021,132,0.05,0.6,0.44,33.66,64.61,4.05,13.56,6.3,Cabrobó,PE,Nordeste,-8.51,-39.3
2021,133,0.37,0.6,0.43,33.67,67.52,3.99,12.43,5.86,Cabrobó,PE,Nordeste,-8.51,-39.3
2021,134,1.14,0.6,0.44,29.6,74.07,4.05,12.46,6.02,Cabrobó,PE,Nordeste,-8.51,-39.3
2021,135,0.12,0.6,0.45,30.28,68.97,3.38,11.48,5.52,Cabrobó,PE,Nordeste,-8.51,-39.3
2021,136,0.86,0.6,0.44,32.89,68.85,3.66,13.37,6.35,Cabrobó,PE,Nordeste,-8.51,-39.3
2021,137,0.49,0.6,0.43,33.26,68.64,3.45,10.89,5.15,Cabrobó,PE,Nordeste,-8.51,-39.3
2021,138,0.06,0.6,0.42,34.03,62.69,3.0,20.3,9.31,Cabrobó,PE,Nordeste,-8.51,-39.3
2021,139,0.06,0.6,0.4,35.07,57.65,2.89,18.99,8.68,Cabrobó,PE,Nordeste,-8.51,-39.3
2021,140,0.33,0.6,0.39,35.06,62.18,3.28,17.51,7.97,Cabrobó,PE,Nordeste,-8.51,-39.3
2021,141,0.32,0.6,0.38,34.54,66.4,3.71,14.48,6.82,Cabrobó,PE,Nordeste,-8.51,-39.3
2021,142,0.61,0.6,0.38,35.24,63.17,3.48,13.83,6.52,Cabrobó,PE,Nordeste,-8.51,-39.3
2021,143,0.18,0.6,0.37,35.25,57.55,3.37,22.92,10.37,Cabrobó,PE,Nordeste,-8.51,-39.3
2021,144,0.0,0.6,0.36,35.6,57.03,3.32,21.96,9.92,Cabrobó,PE,Nordeste,-8.51,-39.3
2021,145,0.25,0.6,0.35,35.41,53.87,3.35,22.57,10.24,Cabrobó,PE,Nordeste,-8.51,-39.3
2021,146,0.2,0.59,0.34,34.45,59.13,4.13,20.5,9.39,Cabrobó,PE,Nordeste,-8.51,-39.3
2021,147,0.02,0.59,0.34,33.52,58.67,3.97,18.84,8.6,Cabrobó,PE,Nordeste,-8.51,-39.3
2021,148,0.01,0.59,0.33,34.25,56.22,3.57,16.24,7.52,Cabrobó,PE,Nordeste,-8.51,-39.3
2021,149,0.62,0.59,0.33,34.17,56.2,3.55,19.37,8.89,Cabrobó,PE,Nordeste,-8.51,-39.3
2021,150,0.45,0.59,0.34,34.08,57.28,3.65,19.91,9.08,Cabrobó,PE,Nordeste,-8.51,-39.3
2021,151,0.32,0.59,0.34,34.13,64.81,3.38,13.42,6.29,Cabrobó,PE,Nordeste,-8.51,-39.3
2021,152,0.29,0.59,0.33,33.94,64.22,3.38,14.56,6.79,Cabrobó,PE,Nordeste,-8.51,-39.3
2021,153,0.65,0.59,0.33,34.44,65.81,3.55,20.16,9.33,Cabrobó,PE,Nordeste,-8.51,-39.3
2021,154,0.74,0.59,0.34,33.97,64.38,4.04,13.45,6.34,Cabrobó,PE,Nordeste,-8.51,-39.3
2021,155,0.77,0.6,0.35,33.35,68.72,3.96,15.09,7.1,Cabrobó,PE,Nordeste,-8.51,-39.3
2021,156,0.15,0.6,0.35,33.01,68.4,4.37,14.41,6.73,Cabrobó,PE,Nordeste,-8.51,-39.3
2021,157,0.21,0.59,0.34,32.98,64.81,4.04,13.14,6.2,Cabrobó,PE,Nordeste,-8.51,-39.3
2021,158,0.26,0.59,0.34,33.43,64.8,3.31,13.5,6.28,Cabrobó,PE,Nordeste,-8.51,-39.3
2021,159,0.21,0.59,0.33,33.91,63.49,3.25,16.88,7.73,Cabrobó,PE,Nordeste,-8.51,-39.3
2021,160,0.17,0.59,0.32,33.38,62.68,4.01,17.94,8.09,Cabrobó,PE,Nordeste,-8.51,-39.3
2021,161,0.39,0.59,0.32,32.66,64.2,3.77,16.31,7.54,Cabrobó,PE,Nordeste,-8.51,-39.3
2021,162,0.2,0.59,0.32,33.34,59.49,3.0,17.27,7.93,Cabrobó,PE,Nordeste,-8.51,-39.3
2021,163,0.37,0.59,0.31,34.35,57.84,2.73,21.07,9.69,Cabrobó,PE,Nordeste,-8.51,-39.3
2021,164,0.17,0.59,0.31,35.23,55.35,3.65,21.32,9.83,Cabrobó,PE,Nordeste,-8.51,-39.3
2021,165,0.47,0.59,0.31,34.26,61.26,3.99,15.21,7.05,Cabrobó,PE,Nordeste,-8.51,-39.3
2021,166,0.09,0.59,0.3,33.98,59.3,3.29,16.61,7.59,Cabrobó,PE,Nordeste,-8.51,-39.3
2021,167,0.0,0.59,0.3,35.19,55.79,3.04,19.08,8.77,Cabrobó,PE,Nordeste,-8.51,-39.3
2021,168,0.21,0.59,0.29,34.96,54.06,3.73,21.26,9.74,Cabrobó,PE,Nordeste,-8.51,-39.3
2021,169,0.04,0.59,0.29,34.06,54.28,3.94,21.19,9.57,Cabrobó,PE,Nordeste,-8.51,-39.3
2021,170,0.13,0.59,0.28,33.19,54.78,4.31,19.76,9.01,Cabrobó,PE,Nordeste,-8.51,-39.3
2021,171,0.46,0.59,0.28,33.13,64.61,3.6,15.26,7.11,Cabrobó,PE,Nordeste,-8.51,-39.3
2021,172,0.4,0.59,0.29,34.6,62.0,3.17,15.58,7.37,Cabrobó,PE,Nordeste,-8.51,-39.3
2021,173,0.09,0.59,0.28,33.95,61.14,3.46,15.68,7.39,Cabrobó,PE,Nordeste,-8.51,-39.3
2021,174,2.69,0.59,0.3,33.23,64.94,3.71,18.7,8.64,Cabrobó,PE,Nordeste,-8.51,-39.3
2021,175,0.78,0.6,0.38,29.97,68.09,3.96,10.8,5.15,Cabrobó,PE,Nordeste,-8.51,-39.3
2021,176,0.04,0.6,0.37,32.66,61.05,3.71,18.64,8.58,Cabrobó,PE,Nordeste,-8.51,-39.3
2021,177,0.0,0.6,0.35,32.71,57.6,3.59,21.8,9.85,Cabrobó,PE,Nordeste,-8.51,-39.3
2021,178,0.03,0.59,0.34,31.75,60.65,4.0,15.7,7.24,Cabrobó,PE,Nordeste,-8.51,-39.3
2021,179,0.01,0.59,0.33,31.93,59.32,3.6,19.97,9.08,Cabrobó,PE,Nordeste,-8.51,-39.3
2021,180,0.0,0.59,0.32,32.39,55.15,3.39,20.36,9.25,Cabrobó,PE,Nordeste,-8.51,-39.3
2021,181,0.0,0.59,0.31,33.3,56.52,2.81,17.08,7.87,Cabrobó,PE,Nordeste,-8.51,-39.3
2021,182,4.28,0.59,0.34,31.86,70.9,3.97,11.95,5.78,Cabrobó,PE,Nordeste,-8.51,-39.3
2021,183,3.5,0.6,0.53,29.68,74.46,4.11,12.37,5.97,Cabrobó,PE,Nordeste,-8.51,-39.3
2021,184,1.96,0.6,0.52,31.3,71.86,4.38,11.54,5.62,Cabrobó,PE,Nordeste,-8.51,-39.3
2021,185,3.44,0.61,0.6,30.89,71.95,3.98,16.33,7.64,Cabrobó,PE,Nordeste,-8.51,-39.3
2021,186,0.76,0.61,0.57,31.94,70.9,3.28,16.4,7.64,Cabrobó,PE,Nordeste,-8.51,-39.3
2021,187,0.22,0.61,0.54,32.14,67.65,3.43,20.12,9.29,Cabrobó,PE,Nordeste,-8.51,-39.3
2021,188,0.6,0.6,0.51,32.06,69.46,3.8,16.29,7.61,Cabrobó,PE,Nordeste,-8.51,-39.3
2021,189,0.17,0.6,0.47,32.14,65.51,3.72,14.16,6.71,Cabrobó,PE,Nordeste,-8.51,-39.3
2021,190,0.04,0.6,0.44,31.59,64.72,3.68,14.62,6.87,Cabrobó,PE,Nordeste,-8.51,-39.3
2021,191,0.11,0.6,0.41,32.64,66.96,3.99,15.51,7.35,Cabrobó,PE,Nordeste,-8.51,-39.3
2021,192,0.39,0.6,0.4,31.95,67.49,4.07,12.77,6.13,Cabrobó,PE,Nordeste,-8.51,-39.3
2021,193,0.77,0.6,0.39,32.2,66.1,4.46,15.27,7.1,Cabrobó,PE,Nordeste,-8.51,-39.3
2021,194,0.2,0.6,0.39,32.56,64.13,4.41,19.05,8.79,Cabrobó,PE,Nordeste,-8.51,-39.3
2021,195,0.42,0.6,0.38,32.93,66.22,4.4,18.13,8.41,Cabrobó,PE,Nordeste,-8.51,-39.3
2021,196,0.09,0.6,0.36,32.8,64.05,4.02,12.95,6.12,Cabrobó,PE,Nordeste,-8.51,-39.3
2021,197,0.05,0.6,0.35,32.99,63.13,3.63,15.64,7.22,Cabrobó,PE,Nordeste,-8.51,-39.3
2021,198,0.45,0.59,0.34,33.32,61.59,3.48,20.76,9.51,Cabrobó,PE,Nordeste,-8.51,-39.3
2021,199,0.32,0.59,0.34,33.84,60.23,3.62,20.52,9.45,Cabrobó,PE,Nordeste,-8.51,-39.3
2021,200,0.35,0.59,0.34,35.1,54.9,3.46,21.55,9.86,Cabrobó,PE,Nordeste,-8.51,-39.3
2021,201,0.32,0.59,0.33,33.92,61.9,4.02,18.49,8.52,Cabrobó,PE,Nordeste,-8.51,-39.3
2021,202,0.07,0.59,0.32,32.31,57.32,4.97,17.92,8.28,Cabrobó,PE,Nordeste,-8.51,-39.3
2021,203,1.7,0.6,0.36,32.19,60.24,5.08,17.47,8.06,Cabrobó,PE,Nordeste,-8.51,-39.3
2021,204,0.09,0.6,0.36,31.87,60.41,4.82,22.61,10.27,Cabrobó,PE,Nordeste,-8.51,-39.3
2021,205,0.15,0.6,0.35,32.23,64.89,4.72,15.83,7.4,Cabrobó,PE,Nordeste,-8.51,-39.3
2021,206,0.01,0.59,0.34,32.18,60.74,4.75,22.64,10.35,Cabrobó,PE,Nordeste,-8.51,-39.3
2021,207,0.32,0.59,0.33,33.29,61.45,4.28,15.98,7.44,Cabrobó,PE,Nordeste,-8.51,-39.3
2021,208,0.18,0.59,0.33,33.34,63.06,3.49,16.03,7.45,Cabrobó,PE,Nordeste,-8.51,-39.3
2021,209,0.27,0.59,0.32,33.79,58.58,3.1,16.8,7.85,Cabrobó,PE,Nordeste,-8.51,-39.3
2021,210,0.15,0.59,0.31,35.74,50.05,3.05,21.85,10.02,Cabrobó,PE,Nordeste,-8.51,-39.3
2021,211,0.15,0.59,0.3,34.88,50.24,4.37,22.7,10.3,Cabrobó,PE,Nordeste,-8.51,-39.3
2021,212,0.94,0.59,0.31,32.34,64.94,5.34,14.42,6.87,Cabrobó,PE,Nordeste,-8.51,-39.3
2021,213,0.84,0.59,0.33,30.9,60.73,5.8,13.08,6.23,Cabrobó,PE,Nordeste,-8.51,-39.3
2021,214,0.29,0.59,0.33,31.67,59.64,4.13,22.88,10.43,Cabrobó,PE,Nordeste,-8.51,-39.3
2021,215,0.12,0.59,0.32,31.1,64.1,3.84,16.97,7.9,Cabrobó,PE,Nordeste,-8.51,-39.3
2021,216,0.0,0.59,0.31,32.67,53.63,4.17,18.42,8.49,Cabrobó,PE,Nordeste,-8.51,-39.3
2021,217,0.33,0.59,0.31,32.06,59.37,4.16,17.63,8.14,Cabrobó,PE,Nordeste,-8.51,-39.3
2021,218,0.31,0.59,0.31,32.45,64.84,5.34,12.91,6.14,Cabrobó,PE,Nordeste,-8.51,-39.3
2021,219,0.86,0.59,0.32,31.43,59.98,5.8,15.78,7.33,Cabrobó,PE,Nordeste,-8.51,-39.3
2021,220,0.3,0.59,0.33,32.26,53.85,4.08,24.07,10.83,Cabrobó,PE,Nordeste,-8.51,-39.3
2021,221,0.23,0.59,0.32,33.04,60.8,4.5,17.13,8.03,Cabrobó,PE,Nordeste,-8.51,-39.3
2021,222,0.2,0.59,0.32,33.0,59.72,4.89,17.84,8.4,Cabrobó,PE,Nordeste,-8.51,-39.3
2021,223,0.04,0.59,0.31,34.51,54.16,4.24,23.19,10.78,Cabrobó,PE,Nordeste,-8.51,-39.3
2021,224,0.2,0.59,0.3,34.5,53.67,4.45,24.21,11.08,Cabrobó,PE,Nordeste,-8.51,-39.3
2021,225,0.66,0.59,0.31,33.11,56.2,4.74,20.18,9.29,Cabrobó,PE,Nordeste,-8.51,-39.3
2021,226,0.08,0.59,0.31,33.88,53.77,4.13,24.62,11.23,Cabrobó,PE,Nordeste,-8.51,-39.3
2021,227,0.36,0.59,0.3,33.25,57.6,4.7,17.94,8.28,Cabrobó,PE,Nordeste,-8.51,-39.3
2021,228,0.15,0.59,0.3,33.18,56.04,4.95,23.84,10.87,Cabrobó,PE,Nordeste,-8.51,-39.3
2021,229,0.0,0.59,0.29,32.7,56.68,4.9,21.34,9.7,Cabrobó,PE,Nordeste,-8.51,-39.3
2021,230,0.0,0.59,0.28,32.54,57.15,5.55,21.04,9.6,Cabrobó,PE,Nordeste,-8.51,-39.3
2021,231,0.17,0.59,0.28,32.87,62.05,5.5,17.16,8.04,Cabrobó,PE,Nordeste,-8.51,-39.3
2021,232,0.5,0.59,0.29,32.27,57.12,4.81,14.81,7.01,Cabrobó,PE,Nordeste,-8.51,-39.3
2021,233,0.05,0.59,0.28,32.97,56.6,4.47,22.9,10.45,Cabrobó,PE,Nordeste,-8.51,-39.3
2021,234,0.83,0.59,0.29,33.3,59.48,4.71,19.88,9.27,Cabrobó,PE,Nordeste,-8.51,-39.3
2021,235,0.23,0.59,0.3,33.94,58.99,4.61,21.41,9.87,Cabrobó,PE,Nordeste,-8.51,-39.3
2021,236,0.0,0.59,0.29,34.25,54.9,5.15,23.01,10.49,Cabrobó,PE,Nordeste,-8.51,-39.3
2021,237,0.0,0.59,0.29,34.51,56.36,4.9,22.48,10.29,Cabrobó,PE,Nordeste,-8.51,-39.3
2021,238,0.01,0.59,0.28,34.62,54.72,4.78,24.93,11.42,Cabrobó,PE,Nordeste,-8.51,-39.3
2021,239,0.92,0.59,0.3,35.07,54.59,4.81,25.33,11.64,Cabrobó,PE,Nordeste,-8.51,-39.3
2021,240,0.66,0.59,0.31,34.61,55.04,5.3,18.67,8.71,Cabrobó,PE,Nordeste,-8.51,-39.3
2021,241,0.3,0.59,0.31,35.04,54.19,5.06,23.91,11.01,Cabrobó,PE,Nordeste,-8.51,-39.3
2021,242,0.3,0.59,0.31,35.45,56.0,4.83,17.96,8.41,Cabrobó,PE,Nordeste,-8.51,-39.3
2021,243,0.33,0.59,0.31,35.33,53.7,4.88,23.4,10.77,Cabrobó,PE,Nordeste,-8.51,-39.3
2021,244,0.19,0.59,0.3,34.15,55.06,5.47,20.75,9.68,Cabrobó,PE,Nordeste,-8.51,-39.3
2021,245,0.02,0.59,0.29,34.64,51.61,5.11,24.93,11.49,Cabrobó,PE,Nordeste,-8.51,-39.3
2021,246,0.37,0.59,0.29,35.2,51.39,4.28,24.04,11.09,Cabrobó,PE,Nordeste,-8.51,-39.3
2021,247,1.13,0.59,0.31,36.51,52.1,4.22,23.36,10.92,Cabrobó,PE,Nordeste,-8.51,-39.3
2021,248,0.2,0.59,0.31,36.71,47.26,3.85,24.88,11.61,Cabrobó,PE,Nordeste,-8.51,-39.3
2021,249,0.45,0.59,0.31,37.43,46.98,4.22,26.16,12.02,Cabrobó,PE,Nordeste,-8.51,-39.3
2021,250,0.54,0.59,0.32,36.78,48.81,4.18,26.69,12.16,Cabrobó,PE,Nordeste,-8.51,-39.3
2021,251,0.72,0.59,0.32,35.54,54.39,4.8,21.8,10.15,Cabrobó,PE,Nordeste,-8.51,-39.3
2021,252,0.04,0.59,0.32,35.61,49.04,4.18,26.0,11.86,Cabrobó,PE,Nordeste,-8.51,-39.3
2021,253,0.24,0.59,0.31,36.5,48.8,4.03,26.62,12.1,Cabrobó,PE,Nordeste,-8.51,-39.3
2021,254,0.34,0.59,0.3,36.52,46.01,4.88,26.87,12.2,Cabrobó,PE,Nordeste,-8.51,-39.3
2021,255,0.5,0.59,0.31,35.81,52.84,5.01,24.39,11.09,Cabrobó,PE,Nordeste,-8.51,-39.3
2021,256,1.02,0.59,0.33,35.72,55.43,5.15,20.93,9.73,Cabrobó,PE,Nordeste,-8.51,-39.3
2021,257,0.62,0.59,0.33,36.0,55.43,4.56,19.11,8.99,Cabrobó,PE,Nordeste,-8.51,-39.3
2021,258,0.47,0.59,0.34,36.43,54.35,4.56,25.07,11.53,Cabrobó,PE,Nordeste,-8.51,-39.3
2021,259,0.13,0.59,0.32,35.85,51.53,5.1,23.44,10.72,Cabrobó,PE,Nordeste,-8.51,-39.3
2021,260,0.5,0.59,0.32,34.8,54.96,5.53,24.97,11.42,Cabrobó,PE,Nordeste,-8.51,-39.3
2021,261,0.23,0.59,0.32,34.34,53.25,4.77,25.09,11.42,Cabrobó,PE,Nordeste,-8.51,-39.3
2021,262,0.47,0.59,0.31,35.95,49.43,3.61,24.81,11.25,Cabrobó,PE,Nordeste,-8.51,-39.3
2021,263,0.76,0.59,0.33,35.96,50.05,3.89,26.57,12.04,Cabrobó,PE,Nordeste,-8.51,-39.3
2021,264,0.55,0.59,0.33,36.03,47.91,3.21,26.68,12.01,Cabrobó,PE,Nordeste,-8.51,-39.3
2021,265,1.0,0.59,0.35,38.39,40.08,2.12,26.81,12.12,Cabrobó,PE,Nordeste,-8.51,-39.3
2021,266,0.24,0.59,0.33,37.72,45.37,4.75,21.24,9.76,Cabrobó,PE,Nordeste,-8.51,-39.3
2021,267,1.23,0.6,0.34,35.15,59.05,5.72,20.27,9.41,Cabrobó,PE,Nordeste,-8.51,-39.3
2021,268,0.26,0.6,0.35,34.42,58.48,5.14,17.46,8.25,Cabrobó,PE,Nordeste,-8.51,-39.3
2021,269,0.0,0.59,0.33,35.84,53.91,5.25,20.35,9.53,Cabrobó,PE,Nordeste,-8.51,-39.3
2021,270,0.0,0.59,0.32,36.01,53.6,5.72,25.78,11.78,Cabrobó,PE,Nordeste,-8.51,-39.3
2021,271,0.0,0.59,0.3,35.92,51.88,5.41,26.29,11.97,Cabrobó,PE,Nordeste,-8.51,-39.3
2021,272,0.0,0.59,0.29,36.05,52.67,4.56,25.05,11.34,Cabrobó,PE,Nordeste,-8.51,-39.3
2021,273,0.08,0.59,0.28,37.2,51.64,4.15,24.33,11.1,Cabrobó,PE,Nordeste,-8.51,-39.3
2021,274,0.18,0.59,0.28,37.22,50.62,4.56,23.0,10.59,Cabrobó,PE,Nordeste,-8.51,-39.3
2021,275,0.04,0.59,0.27,37.02,49.93,4.99,23.53,10.78,Cabrobó,PE,Nordeste,-8.51,-39.3
2021,276,1.94,0.59,0.31,36.68,49.11,4.85,25.91,11.9,Cabrobó,PE,Nordeste,-8.51,-39.3
2021,277,1.59,0.6,0.36,36.31,48.53,4.65,27.43,12.37,Cabrobó,PE,Nordeste,-8.51,-39.3
2021,278,0.0,0.6,0.35,36.73,45.77,4.06,27.67,12.5,Cabrobó,PE,Nordeste,-8.51,-39.3
2021,279,0.68,0.59,0.34,36.72,49.89,4.94,27.07,12.36,Cabrobó,PE,Nordeste,-8.51,-39.3
2021,280,0.77,0.59,0.35,37.26,46.86,3.72,26.24,11.96,Cabrobó,PE,Nordeste,-8.51,-39.3
2021,281,0.56,0.59,0.34,38.01,48.58,3.78,26.38,12.08,Cabrobó,PE,Nordeste,-8.51,-39.3
2021,282,0.5,0.59,0.34,37.36,48.99,5.03,27.49,12.5,Cabrobó,PE,Nordeste,-8.51,-39.3
2021,283,0.43,0.59,0.33,37.43,46.28,3.73,24.98,11.34,Cabrobó,PE,Nordeste,-8.51,-39.3
2021,284,0.63,0.59,0.33,38.44,43.32,2.67,26.42,12.04,Cabrobó,PE,Nordeste,-8.51,-39.3
2021,285,1.44,0.59,0.34,38.7,38.51,3.06,26.16,11.95,Cabrobó,PE,Nordeste,-8.51,-39.3
2021,286,0.0,0.59,0.33,39.66,36.18,3.81,28.14,12.97,Cabrobó,PE,Nordeste,-8.51,-39.3
2021,287,1.48,0.6,0.35,38.56,45.37,4.62,25.91,11.95,Cabrobó,PE,Nordeste,-8.51,-39.3
2021,288,1.14,0.6,0.37,38.21,48.25,5.39,25.42,11.72,Cabrobó,PE,Nordeste,-8.51,-39.3
2021,289,0.34,0.6,0.35,37.64,49.7,5.53,26.59,12.15,Cabrobó,PE,Nordeste,-8.51,-39.3
2021,290,0.03,0.59,0.33,37.67,48.38,4.83,26.39,12.08,Cabrobó,PE,Nordeste,-8.51,-39.3
2021,291,0.39,0.59,0.32,37.93,46.61,4.36,27.6,12.55,Cabrobó,PE,Nordeste,-8.51,-39.3
2021,292,0.01,0.59,0.3,37.67,44.71,3.56,23.48,10.76,Cabrobó,PE,Nordeste,-8.51,-39.3
2021,293,0.12,0.59,0.29,38.7,42.01,2.56,24.25,11.07,Cabrobó,PE,Nordeste,-8.51,-39.3
2021,294,14.07,0.6,0.38,37.71,48.54,2.63,18.98,8.87,Cabrobó,PE,Nordeste,-8.51,-39.3
2021,295,6.19,0.62,0.65,34.86,63.79,2.49,15.37,7.38,Cabrobó,PE,Nordeste,-8.51,-39.3
2021,296,2.53,0.62,0.62,31.91,69.85,2.51,22.21,10.57,Cabrobó,PE,Nordeste,-8.51,-39.3
2021,297,0.56,0.62,0.59,35.8,60.38,3.06,23.2,10.93,Cabrobó,PE,Nordeste,-8.51,-39.3
2021,298,0.05,0.61,0.57,36.88,54.17,3.88,27.64,12.88,Cabrobó,PE,Nordeste,-8.51,-39.3
2021,299,0.04,0.61,0.53,35.44,54.55,4.76,26.25,12.11,Cabrobó,PE,Nordeste,-8.51,-39.3
2021,300,0.36,0.6,0.49,35.23,55.0,4.77,24.24,11.18,Cabrobó,PE,Nordeste,-8.51,-39.3
2021,301,0.48,0.6,0.46,35.41,55.49,4.73,26.2,12.12,Cabrobó,PE,Nordeste,-8.51,-39.3
2021,302,0.26,0.6,0.43,34.78,56.27,4.5,23.83,11.05,Cabrobó,PE,Nordeste,-8.51,-39.3
2021,303,0.0,0.6,0.4,35.99,43.25,3.8,28.2,12.82,Cabrobó,PE,Nordeste,-8.51,-39.3
2021,304,0.0,0.6,0.37,36.47,46.56,3.63,25.16,11.59,Cabrobó,PE,Nordeste,-8.51,-39.3
2021,305,0.36,0.6,0.34,37.13,49.02,3.59,21.76,10.1,Cabrobó,PE,Nordeste,-8.51,-39.3
2021,306,0.51,0.6,0.35,36.49,49.42,2.91,21.5,9.99,Cabrobó,PE,Nordeste,-8.51,-39.3
2021,307,0.1,0.59,0.34,36.27,51.33,1.75,21.28,10.0,Cabrobó,PE,Nordeste,-8.51,-39.3
2021,308,1.92,0.59,0.34,37.66,50.08,2.62,22.5,10.59,Cabrobó,PE,Nordeste,-8.51,-39.3
2021,309,8.08,0.61,0.57,31.62,67.78,1.17,18.78,8.98,Cabrobó,PE,Nordeste,-8.51,-39.3
2021,310,0.06,0.61,0.56,35.59,59.99,1.88,16.67,8.0,Cabrobó,PE,Nordeste,-8.51,-39.3
2021,311,2.79,0.61,0.56,32.33,66.2,1.54,14.34,6.98,Cabrobó,PE,Nordeste,-8.51,-39.3
2021,312,0.41,0.61,0.57,32.93,66.86,1.44,18.28,8.6,Cabrobó,PE,Nordeste,-8.51,-39.3
2021,313,0.14,0.6,0.5,37.32,49.5,3.34,25.65,12.0,Cabrobó,PE,Nordeste,-8.51,-39.3
2021,314,0.03,0.6,0.43,37.28,44.75,3.46,25.92,11.97,Cabrobó,PE,Nordeste,-8.51,-39.3
2021,315,0.33,0.6,0.39,36.73,50.02,4.33,26.45,12.23,Cabrobó,PE,Nordeste,-8.51,-39.3
2021,316,0.39,0.6,0.37,37.18,50.58,3.77,23.45,10.99,Cabrobó,PE,Nordeste,-8.51,-39.3
2021,317,0.56,0.6,0.36,36.52,49.49,3.67,22.05,10.18,Cabrobó,PE,Nordeste,-8.51,-39.3
2021,318,0.27,0.59,0.34,37.9,45.13,4.09,25.01,11.46,Cabrobó,PE,Nordeste,-8.51,-39.3
2021,319,0.32,0.59,0.33,37.36,46.56,3.93,21.34,9.94,Cabrobó,PE,Nordeste,-8.51,-39.3
2021,320,0.66,0.59,0.32,37.27,46.1,4.33,20.11,9.37,Cabrobó,PE,Nordeste,-8.51,-39.3
2021,321,0.48,0.59,0.32,37.89,46.1,4.65,25.96,12.04,Cabrobó,PE,Nordeste,-8.51,-39.3
2021,322,0.17,0.59,0.32,37.53,45.15,4.27,28.4,13.05,Cabrobó,PE,Nordeste,-8.51,-39.3
2021,323,1.22,0.59,0.33,38.01,48.46,4.51,25.55,11.82,Cabrobó,PE,Nordeste,-8.51,-39.3
2021,324,0.11,0.59,0.32,38.1,43.33,3.8,28.71,13.1,Cabrobó,PE,Nordeste,-8.51,-39.3
2021,325,1.81,0.6,0.34,37.2,46.71,2.77,26.05,11.92,Cabrobó,PE,Nordeste,-8.51,-39.3
2021,326,0.83,0.59,0.34,37.9,44.37,3.17,24.61,11.41,Cabrobó,PE,Nordeste,-8.51,-39.3
2021,327,1.18,0.6,0.37,37.76,45.98,2.14,23.59,10.92,Cabrobó,PE,Nordeste,-8.51,-39.3
2021,328,0.52,0.6,0.35,38.48,41.55,2.72,23.83,11.11,Cabrobó,PE,Nordeste,-8.51,-39.3
2021,329,0.42,0.59,0.34,38.01,45.95,3.72,23.77,11.05,Cabrobó,PE,Nordeste,-8.51,-39.3
2021,330,1.42,0.6,0.35,33.75,56.4,3.6,17.76,8.32,Cabrobó,PE,Nordeste,-8.51,-39.3
2021,331,0.12,0.6,0.35,38.79,43.05,2.16,21.55,10.05,Cabrobó,PE,Nordeste,-8.51,-39.3
2021,332,0.17,0.59,0.33,34.12,46.25,2.55,17.83,8.52,Cabrobó,PE,Nordeste,-8.51,-39.3
2021,333,15.32,0.61,0.52,35.44,58.97,2.02,18.1,8.6,Cabrobó,PE,Nordeste,-8.51,-39.3
2021,334,2.91,0.62,0.62,33.27,64.87,1.74,17.4,8.28,Cabrobó,PE,Nordeste,-8.51,-39.3
2021,335,0.44,0.62,0.6,35.07,62.25,1.21,22.93,10.83,Cabrobó,PE,Nordeste,-8.51,-39.3
2021,336,1.93,0.61,0.59,35.4,57.58,1.6,22.44,10.54,Cabrobó,PE,Nordeste,-8.51,-39.3
2021,337,2.55,0.61,0.59,35.57,57.23,2.09,19.47,9.12,Cabrobó,PE,Nordeste,-8.51,-39.3
2021,338,10.64,0.61,0.63,35.06,62.02,3.05,17.21,8.17,Cabrobó,PE,Nordeste,-8.51,-39.3
2021,339,10.21,0.64,0.67,34.24,62.63,3.71,23.94,11.21,Cabrobó,PE,Nordeste,-8.51,-39.3
2021,340,3.09,0.64,0.62,35.39,61.66,3.22,26.08,12.23,Cabrobó,PE,Nordeste,-8.51,-39.3
2021,341,0.34,0.63,0.6,35.65,59.64,2.12,25.47,11.94,Cabrobó,PE,Nordeste,-8.51,-39.3
2021,342,1.17,0.62,0.6,35.91,58.26,2.03,25.05,11.75,Cabrobó,PE,Nordeste,-8.51,-39.3
2021,343,3.32,0.62,0.62,35.16,62.23,2.01,18.93,9.01,Cabrobó,PE,Nordeste,-8.51,-39.3
2021,344,2.02,0.62,0.6,35.93,58.06,2.24,18.7,8.82,Cabrobó,PE,Nordeste,-8.51,-39.3
2021,345,1.01,0.62,0.59,36.01,55.41,2.84,19.45,9.11,Cabrobó,PE,Nordeste,-8.51,-39.3
2021,346,0.55,0.61,0.57,35.87,55.11,3.26,22.38,10.36,Cabrobó,PE,Nordeste,-8.51,-39.3
2021,347,0.08,0.61,0.54,36.12,55.54,3.17,22.74,10.41,Cabrobó,PE,Nordeste,-8.51,-39.3
2021,348,1.41,0.61,0.53,34.67,59.53,3.41,20.53,9.66,Cabrobó,PE,Nordeste,-8.51,-39.3
2021,349,0.06,0.6,0.49,35.49,46.77,3.36,18.65,8.79,Cabrobó,PE,Nordeste,-8.51,-39.3
2021,350,0.06,0.6,0.44,36.58,47.03,2.76,21.38,9.98,Cabrobó,PE,Nordeste,-8.51,-39.3
2021,351,0.09,0.6,0.4,36.39,45.19,3.41,24.14,11.3,Cabrobó,PE,Nordeste,-8.51,-39.3
2021,352,0.33,0.6,0.38,36.9,47.02,2.92,19.86,9.36,Cabrobó,PE,Nordeste,-8.51,-39.3
2021,353,1.02,0.6,0.37,34.67,48.79,2.29,19.01,9.04,Cabrobó,PE,Nordeste,-8.51,-39.3
2021,354,3.74,0.6,0.45,36.14,54.61,2.7,13.22,6.48,Cabrobó,PE,Nordeste,-8.51,-39.3
2021,355,2.91,0.61,0.55,30.43,71.9,2.69,16.72,8.05,Cabrobó,PE,Nordeste,-8.51,-39.3
2021,356,0.02,0.6,0.53,32.93,64.75,1.77,17.89,8.49,Cabrobó,PE,Nordeste,-8.51,-39.3
2021,357,0.3,0.6,0.48,34.27,61.28,1.98,19.04,8.94,Cabrobó,PE,Nordeste,-8.51,-39.3
2021,358,1.31,0.6,0.47,34.31,64.21,1.82,12.73,6.23,Cabrobó,PE,Nordeste,-8.51,-39.3
2021,359,4.21,0.6,0.5,34.97,65.47,2.06,11.91,5.75,Cabrobó,PE,Nordeste,-8.51,-39.3
2021,360,35.24,0.63,0.71,30.53,75.56,1.78,14.87,7.16,Cabrobó,PE,Nordeste,-8.51,-39.3
2021,361,8.44,0.68,0.71,31.3,73.97,2.13,14.97,7.18,Cabrobó,PE,Nordeste,-8.51,-39.3
2021,362,0.21,0.66,0.65,33.32,70.11,2.07,18.57,8.89,Cabrobó,PE,Nordeste,-8.51,-39.3
2021,363,0.01,0.65,0.63,33.97,62.15,3.06,25.69,12.02,Cabrobó,PE,Nordeste,-8.51,-39.3
2021,364,0.4,0.64,0.62,33.49,65.48,2.34,23.17,10.8,Cabrobó,PE,Nordeste,-8.51,-39.3
2021,365,3.81,0.64,0.64,33.15,70.66,2.14,14.06,6.71,Cabrobó,PE,Nordeste,-8.51,-39.3
2022,1,7.18,0.65,0.66,26.59,80.43,1.43,15.21,7.08,Cabrobó,PE,Nordeste,-8.51,-39.3
2022,2,2.57,0.65,0.64,32.47,71.29,1.55,16.4,7.51,Cabrobó,PE,Nordeste,-8.51,-39.3
2022,3,4.24,0.65,0.65,32.83,68.76,2.33,20.54,9.54,Cabrobó,PE,Nordeste,-8.51,-39.3
2022,4,0.67,0.65,0.62,34.19,64.69,2.25,21.24,9.73,Cabrobó,PE,Nordeste,-8.51,-39.3
2022,5,6.05,0.64,0.64,32.95,70.19,1.93,21.74,9.99,Cabrobó,PE,Nordeste,-8.51,-39.3
2022,6,5.19,0.65,0.66,32.62,73.0,1.83,19.98,9.31,Cabrobó,PE,Nordeste,-8.51,-39.3
2022,7,1.86,0.65,0.64,33.21,73.08,2.1,18.96,8.9,Cabrobó,PE,Nordeste,-8.51,-39.3
2022,8,0.69,0.65,0.63,30.41,73.52,1.44,19.7,9.18,Cabrobó,PE,Nordeste,-8.51,-39.3
2022,9,0.07,0.64,0.61,35.4,63.1,1.69,17.04,7.97,Cabrobó,PE,Nordeste,-8.51,-39.3
2022,10,0.65,0.64,0.61,35.09,60.72,2.09,19.94,9.2,Cabrobó,PE,Nordeste,-8.51,-39.3
2022,11,0.52,0.63,0.6,35.59,62.47,2.25,22.11,10.33,Cabrobó,PE,Nordeste,-8.51,-39.3
2022,12,1.57,0.63,0.6,35.01,62.63,1.91,20.25,9.45,Cabrobó,PE,Nordeste,-8.51,-39.3
2022,13,1.4,0.63,0.61,31.94,67.21,2.1,20.41,9.66,Cabrobó,PE,Nordeste,-8.51,-39.3
2022,14,1.54,0.62,0.6,33.69,64.05,3.64,21.29,10.03,Cabrobó,PE,Nordeste,-8.51,-39.3
2022,15,0.18,0.62,0.59,35.39,56.31,3.66,23.1,10.73,Cabrobó,PE,Nordeste,-8.51,-39.3
2022,16,1.1,0.62,0.59,32.34,66.82,1.75,21.47,10.08,Cabrobó,PE,Nordeste,-8.51,-39.3
2022,17,0.4,0.62,0.58,34.79,60.47,2.85,22.43,10.44,Cabrobó,PE,Nordeste,-8.51,-39.3
2022,18,1.63,0.61,0.57,36.43,56.87,3.57,26.55,12.36,Cabrobó,PE,Nordeste,-8.51,-39.3
2022,19,0.11,0.61,0.55,36.48,52.08,3.07,25.87,11.95,Cabrobó,PE,Nordeste,-8.51,-39.3
2022,20,1.52,0.61,0.55,35.47,58.18,2.29,25.14,11.69,Cabrobó,PE,Nordeste,-8.51,-39.3
2022,21,0.32,0.61,0.52,36.69,53.7,2.81,24.39,11.41,Cabrobó,PE,Nordeste,-8.51,-39.3
2022,22,0.22,0.6,0.49,37.01,50.37,2.93,26.83,12.5,Cabrobó,PE,Nordeste,-8.51,-39.3
2022,23,0.89,0.6,0.46,35.82,52.53,2.25,20.87,9.75,Cabrobó,PE,Nordeste,-8.51,-39.3
2022,24,6.8,0.6,0.54,33.7,59.09,1.87,16.32,7.79,Cabrobó,PE,Nordeste,-8.51,-39.3
2022,25,0.62,0.61,0.58,33.24,61.58,1.98,21.91,10.17,Cabrobó,PE,Nordeste,-8.51,-39.3
2022,26,6.67,0.61,0.61,32.85,67.54,2.95,20.44,9.51,Cabrobó,PE,Nordeste,-8.51,-39.3
2022,27,2.24,0.62,0.61,35.01,64.99,2.78,20.82,9.73,Cabrobó,PE,Nordeste,-8.51,-39.3
2022,28,9.23,0.62,0.64,30.31,74.39,1.39,17.54,8.19,Cabrobó,PE,Nordeste,-8.51,-39.3
2022,29,11.39,0.65,0.69,26.83,79.61,1.8,12.41,5.95,Cabrobó,PE,Nordeste,-8.51,-39.3
2022,30,1.01,0.65,0.63,34.18,63.77,1.48,20.89,9.78,Cabrobó,PE,Nordeste,-8.51,-39.3
2022,31,0.0,0.64,0.61,35.21,60.94,2.21,27.04,12.44,Cabrobó,PE,Nordeste,-8.51,-39.3
2022,32,0.0,0.63,0.6,35.1,60.87,2.59,26.89,12.41,Cabrobó,PE,Nordeste,-8.51,-39.3
2022,33,0.0,0.62,0.6,34.95,61.2,2.14,24.37,11.23,Cabrobó,PE,Nordeste,-8.51,-39.3
2022,34,0.0,0.62,0.59,34.7,61.37,2.61,23.18,10.68,Cabrobó,PE,Nordeste,-8.51,-39.3
2022,35,0.02,0.61,0.58,35.2,59.91,3.06,24.43,11.26,Cabrobó,PE,Nordeste,-8.51,-39.3
2022,36,0.01,0.61,0.55,36.38,52.47,2.8,23.91,10.94,Cabrobó,PE,Nordeste,-8.51,-39.3
2022,37,0.0,0.6,0.51,36.29,54.76,2.17,23.81,10.89,Cabrobó,PE,Nordeste,-8.51,-39.3
2022,38,0.75,0.6,0.48,36.31,54.78,1.82,23.11,10.62,Cabrobó,PE,Nordeste,-8.51,-39.3
2022,39,0.1,0.6,0.45,37.05,49.32,2.61,24.5,11.34,Cabrobó,PE,Nordeste,-8.51,-39.3
2022,40,0.06,0.6,0.42,37.69,47.22,2.67,25.48,11.81,Cabrobó,PE,Nordeste,-8.51,-39.3
2022,41,0.44,0.6,0.4,36.68,51.04,2.5,21.46,10.1,Cabrobó,PE,Nordeste,-8.51,-39.3
2022,42,2.31,0.6,0.41,34.74,58.64,2.21,13.49,6.59,Cabrobó,PE,Nordeste,-8.51,-39.3
2022,43,8.77,0.61,0.61,33.26,69.86,1.84,16.57,7.95,Cabrobó,PE,Nordeste,-8.51,-39.3
2022,44,10.46,0.62,0.65,32.07,72.84,1.8,20.12,9.57,Cabrobó,PE,Nordeste,-8.51,-39.3
2022,45,0.7,0.63,0.61,33.22,69.65,1.81,17.87,8.45,Cabrobó,PE,Nordeste,-8.51,-39.3
2022,46,0.01,0.62,0.6,35.6,58.43,2.3,24.31,11.3,Cabrobó,PE,Nordeste,-8.51,-39.3
2022,47,0.37,0.62,0.59,35.49,59.07,1.79,24.47,11.35,Cabrobó,PE,Nordeste,-8.51,-39.3
2022,48,0.63,0.61,0.58,35.74,60.33,1.2,22.13,10.3,Cabrobó,PE,Nordeste,-8.51,-39.3
2022,49,1.45,0.61,0.57,34.57,63.41,1.95,20.25,9.36,Cabrobó,PE,Nordeste,-8.51,-39.3
2022,50,2.12,0.61,0.58,33.88,65.9,2.09,19.38,9.14,Cabrobó,PE,Nordeste,-8.51,-39.3
2022,51,2.99,0.61,0.59,31.22,73.23,1.68,15.2,7.24,Cabrobó,PE,Nordeste,-8.51,-39.3
2022,52,8.5,0.62,0.65,34.09,70.37,2.82,21.4,10.03,Cabrobó,PE,Nordeste,-8.51,-39.3
2022,53,0.5,0.62,0.6,35.41,60.65,3.22,21.84,10.25,Cabrobó,PE,Nordeste,-8.51,-39.3
2022,54,0.0,0.61,0.58,35.65,57.98,2.34,25.82,11.99,Cabrobó,PE,Nordeste,-8.51,-39.3
2022,55,0.08,0.61,0.56,35.91,57.55,2.43,25.2,11.76,Cabrobó,PE,Nordeste,-8.51,-39.3
2022,56,0.02,0.6,0.52,37.03,54.62,3.46,23.61,10.95,Cabrobó,PE,Nordeste,-8.51,-39.3
2022,57,0.09,0.6,0.47,36.7,52.55,3.69,21.22,9.83,Cabrobó,PE,Nordeste,-8.51,-39.3
2022,58,0.09,0.6,0.43,36.45,54.67,3.75,22.3,10.46,Cabrobó,PE,Nordeste,-8.51,-39.3
2022,59,0.05,0.6,0.4,36.52,52.19,3.53,21.69,10.14,Cabrobó,PE,Nordeste,-8.51,-39.3
2022,60,0.14,0.6,0.39,35.14,51.39,3.21,18.12,8.67,Cabrobó,PE,Nordeste,-8.51,-39.3
2022,61,0.21,0.6,0.37,37.09,46.88,3.39,21.61,9.94,Cabrobó,PE,Nordeste,-8.51,-39.3
2022,62,14.08,0.62,0.61,30.25,73.89,2.09,20.67,9.75,Cabrobó,PE,Nordeste,-8.51,-39.3
2022,63,1.83,0.62,0.61,30.88,73.25,2.62,18.99,8.97,Cabrobó,PE,Nordeste,-8.51,-39.3
2022,64,0.74,0.62,0.6,33.73,66.49,2.86,18.67,8.87,Cabrobó,PE,Nordeste,-8.51,-39.3
2022,65,0.8,0.61,0.6,32.96,65.24,3.31,18.49,8.88,Cabrobó,PE,Nordeste,-8.51,-39.3
2022,66,0.06,0.61,0.58,35.29,61.56,3.13,19.85,9.38,Cabrobó,PE,Nordeste,-8.51,-39.3
2022,67,0.12,0.61,0.54,35.44,60.26,3.21,22.1,10.25,Cabrobó,PE,Nordeste,-8.51,-39.3
2022,68,0.2,0.6,0.5,36.0,57.4,2.88,19.88,9.39,Cabrobó,PE,Nordeste,-8.51,-39.3
2022,69,0.02,0.6,0.45,34.61,57.47,3.52,19.05,8.99,Cabrobó,PE,Nordeste,-8.51,-39.3
2022,70,0.05,0.6,0.42,35.31,55.56,3.66,19.83,9.26,Cabrobó,PE,Nordeste,-8.51,-39.3
2022,71,0.23,0.6,0.4,35.99,52.6,2.39,19.41,9.02,Cabrobó,PE,Nordeste,-8.51,-39.3
2022,72,0.46,0.6,0.38,36.74,53.46,2.63,20.79,9.66,Cabrobó,PE,Nordeste,-8.51,-39.3
2022,73,2.31,0.6,0.4,35.96,57.53,1.89,20.78,9.71,Cabrobó,PE,Nordeste,-8.51,-39.3
2022,74,12.49,0.61,0.55,30.23,72.37,2.04,17.05,8.16,Cabrobó,PE,Nordeste,-8.51,-39.3
2022,75,6.19,0.63,0.65,29.7,81.48,1.97,16.02,7.68,Cabrobó,PE,Nordeste,-8.51,-39.3
2022,76,2.79,0.63,0.64,29.53,78.56,1.67,19.67,9.16,Cabrobó,PE,Nordeste,-8.51,-39.3
2022,77,0.08,0.63,0.6,34.98,62.84,3.37,19.78,9.19,Cabrobó,PE,Nordeste,-8.51,-39.3
2022,78,0.02,0.62,0.59,35.63,59.86,3.07,26.08,11.86,Cabrobó,PE,Nordeste,-8.51,-39.3
2022,79,0.8,0.61,0.58,35.31,62.82,2.2,19.35,8.97,Cabrobó,PE,Nordeste,-8.51,-39.3
2022,80,0.92,0.61,0.58,34.65,65.31,2.88,21.83,10.14,Cabrobó,PE,Nordeste,-8.51,-39.3
2022,81,5.56,0.61,0.6,34.76,66.68,2.6,19.56,9.25,Cabrobó,PE,Nordeste,-8.51,-39.3
2022,82,13.24,0.62,0.66,34.27,73.0,2.85,20.68,9.71,Cabrobó,PE,Nordeste,-8.51,-39.3
2022,83,2.69,0.63,0.63,34.51,68.24,2.98,18.93,8.85,Cabrobó,PE,Nordeste,-8.51,-39.3
2022,84,0.15,0.63,0.6,34.39,63.91,2.68,22.2,10.28,Cabrobó,PE,Nordeste,-8.51,-39.3
2022,85,1.6,0.62,0.6,33.1,68.73,2.52,23.47,10.91,Cabrobó,PE,Nordeste,-8.51,-39.3
2022,86,23.06,0.64,0.7,33.15,76.07,2.55,19.06,8.97,Cabrobó,PE,Nordeste,-8.51,-39.3
2022,87,18.62,0.68,0.75,30.83,76.9,2.98,18.94,8.94,Cabrobó,PE,Nordeste,-8.51,-39.3
2022,88,2.26,0.67,0.68,32.05,71.62,2.8,19.18,8.86,Cabrobó,PE,Nordeste,-8.51,-39.3
2022,89,0.0,0.66,0.64,34.15,65.16,3.01,21.87,10.05,Cabrobó,PE,Nordeste,-8.51,-39.3
2022,90,0.07,0.65,0.63,33.46,68.55,2.48,21.35,9.77,Cabrobó,PE,Nordeste,-8.51,-39.3
2022,91,1.14,0.64,0.63,28.0,78.72,2.17,17.11,8.08,Cabrobó,PE,Nordeste,-8.51,-39.3
2022,92,0.21,0.64,0.63,29.09,75.25,2.41,18.61,8.83,Cabrobó,PE,Nordeste,-8.51,-39.3
2022,93,0.02,0.64,0.61,34.18,63.39,3.27,22.25,10.24,Cabrobó,PE,Nordeste,-8.51,-39.3
2022,94,0.02,0.63,0.6,34.86,61.68,3.28,22.23,10.3,Cabrobó,PE,Nordeste,-8.51,-39.3
2022,95,0.05,0.63,0.6,34.33,61.73,2.57,21.53,9.84,Cabrobó,PE,Nordeste,-8.51,-39.3
2022,96,0.05,0.62,0.59,34.25,63.26,2.52,22.04,10.19,Cabrobó,PE,Nordeste,-8.51,-39.3
2022,97,0.02,0.62,0.58,35.24,60.44,2.31,23.9,11.0,Cabrobó,PE,Nordeste,-8.51,-39.3
2022,98,0.24,0.62,0.58,35.45,61.77,2.94,19.55,9.19,Cabrobó,PE,Nordeste,-8.51,-39.3
2022,99,0.07,0.61,0.57,35.41,61.81,2.84,20.96,9.88,Cabrobó,PE,Nordeste,-8.51,-39.3
2022,100,1.55,0.61,0.56,36.13,60.47,2.15,21.33,9.99,Cabrobó,PE,Nordeste,-8.51,-39.3
2022,101,8.8,0.62,0.62,34.28,69.14,1.42,18.11,8.54,Cabrobó,PE,Nordeste,-8.51,-39.3
2022,102,0.84,0.62,0.6,35.66,65.3,1.1,20.81,9.69,Cabrobó,PE,Nordeste,-8.51,-39.3
2022,103,0.04,0.62,0.58,34.63,64.38,1.49,22.33,10.39,Cabrobó,PE,Nordeste,-8.51,-39.3
2022,104,0.73,0.61,0.57,35.34,64.99,1.86,22.57,10.51,Cabrobó,PE,Nordeste,-8.51,-39.3
2022,105,0.84,0.61,0.57,35.87,65.19,2.08,19.86,9.29,Cabrobó,PE,Nordeste,-8.51,-39.3
2022,106,1.18,0.61,0.56,35.31,66.39,1.62,20.55,9.64,Cabrobó,PE,Nordeste,-8.51,-39.3
2022,107,26.01,0.62,0.66,33.84,73.29,1.24,16.95,8.08,Cabrobó,PE,Nordeste,-8.51,-39.3
2022,108,17.36,0.67,0.74,31.26,79.16,2.82,8.22,4.08,Cabrobó,PE,Nordeste,-8.51,-39.3
2022,109,0.62,0.67,0.67,32.27,72.38,2.87,19.34,9.07,Cabrobó,PE,Nordeste,-8.51,-39.3
2022,110,0.02,0.66,0.64,32.93,69.16,2.92,17.23,8.1,Cabrobó,PE,Nordeste,-8.51,-39.3
2022,111,0.03,0.65,0.62,33.97,65.22,3.03,23.11,10.69,Cabrobó,PE,Nordeste,-8.51,-39.3
2022,112,0.15,0.64,0.61,34.44,65.39,2.93,19.58,9.21,Cabrobó,PE,Nordeste,-8.51,-39.3
2022,113,6.08,0.64,0.64,32.69,72.99,2.79,17.53,8.38,Cabrobó,PE,Nordeste,-8.51,-39.3
2022,114,0.89,0.64,0.62,33.8,66.65,3.47,18.91,8.94,Cabrobó,PE,Nordeste,-8.51,-39.3
2022,115,0.98,0.64,0.61,33.51,70.52,3.82,20.18,9.37,Cabrobó,PE,Nordeste,-8.51,-39.3
2022,116,0.29,0.63,0.61,33.29,66.49,4.01,19.15,9.02,Cabrobó,PE,Nordeste,-8.51,-39.3
2022,117,0.0,0.63,0.6,33.92,63.58,3.44,21.33,9.82,Cabrobó,PE,Nordeste,-8.51,-39.3
2022,118,0.03,0.62,0.6,34.18,63.33,3.8,17.78,8.36,Cabrobó,PE,Nordeste,-8.51,-39.3
2022,119,0.07,0.62,0.6,32.72,67.54,3.55,17.6,8.26,Cabrobó,PE,Nordeste,-8.51,-39.3
2022,120,0.05,0.62,0.59,33.09,64.95,3.45,19.04,8.86,Cabrobó,PE,Nordeste,-8.51,-39.3
2022,121,0.01,0.61,0.58,34.42,60.8,3.51,20.93,9.73,Cabrobó,PE,Nordeste,-8.51,-39.3
2022,122,0.29,0.61,0.57,33.88,67.31,3.08,13.4,6.4,Cabrobó,PE,Nordeste,-8.51,-39.3
2022,123,0.54,0.61,0.56,33.85,66.91,3.36,15.07,7.16,Cabrobó,PE,Nordeste,-8.51,-39.3
2022,124,0.51,0.61,0.55,35.12,65.28,3.4,18.88,8.93,Cabrobó,PE,Nordeste,-8.51,-39.3
2022,125,0.04,0.61,0.53,34.67,62.77,3.48,20.06,9.33,Cabrobó,PE,Nordeste,-8.51,-39.3
2022,126,0.03,0.6,0.5,35.06,60.49,3.59,22.92,10.56,Cabrobó,PE,Nordeste,-8.51,-39.3
2022,127,0.1,0.6,0.47,34.34,59.66,3.23,22.83,10.51,Cabrobó,PE,Nordeste,-8.51,-39.3
2022,128,0.52,0.6,0.46,34.04,61.45,3.82,16.3,7.67,Cabrobó,PE,Nordeste,-8.51,-39.3
2022,129,0.25,0.6,0.45,34.38,58.85,3.93,14.88,6.96,Cabrobó,PE,Nordeste,-8.51,-39.3
2022,130,0.19,0.6,0.43,33.8,60.68,2.9,15.0,7.06,Cabrobó,PE,Nordeste,-8.51,-39.3
2022,131,0.51,0.6,0.42,34.92,58.79,2.29,16.89,7.9,Cabrobó,PE,Nordeste,-8.51,-39.3
2022,132,0.15,0.6,0.41,34.97,58.22,2.89,19.02,8.92,Cabrobó,PE,Nordeste,-8.51,-39.3
2022,133,0.2,0.6,0.4,34.83,54.78,3.41,16.5,7.84,Cabrobó,PE,Nordeste,-8.51,-39.3
2022,134,0.23,0.6,0.39,34.11,60.08,4.16,17.23,8.15,Cabrobó,PE,Nordeste,-8.51,-39.3
2022,135,0.28,0.6,0.39,33.4,61.41,3.03,12.18,5.86,Cabrobó,PE,Nordeste,-8.51,-39.3
2022,136,0.35,0.6,0.39,35.64,58.22,2.85,17.6,8.31,Cabrobó,PE,Nordeste,-8.51,-39.3
2022,137,0.07,0.6,0.38,36.92,55.4,2.25,17.15,8.09,Cabrobó,PE,Nordeste,-8.51,-39.3
2022,138,0.88,0.6,0.37,36.24,58.76,2.0,18.84,8.83,Cabrobó,PE,Nordeste,-8.51,-39.3
2022,139,4.86,0.6,0.41,31.93,71.52,2.77,13.06,6.25,Cabrobó,PE,Nordeste,-8.51,-39.3
2022,140,15.89,0.62,0.66,32.2,76.78,2.33,8.36,4.09,Cabrobó,PE,Nordeste,-8.51,-39.3
2022,141,0.18,0.63,0.62,29.8,73.11,3.15,11.0,5.34,Cabrobó,PE,Nordeste,-8.51,-39.3
2022,142,0.01,0.62,0.6,31.53,68.88,3.97,12.9,6.17,Cabrobó,PE,Nordeste,-8.51,-39.3
2022,143,0.0,0.62,0.6,32.07,67.34,3.63,14.36,6.76,Cabrobó,PE,Nordeste,-8.51,-39.3
2022,144,0.15,0.62,0.6,31.51,68.04,4.04,16.44,7.67,Cabrobó,PE,Nordeste,-8.51,-39.3
2022,145,1.12,0.61,0.6,31.62,74.73,4.82,13.11,6.27,Cabrobó,PE,Nordeste,-8.51,-39.3
2022,146,4.62,0.61,0.62,30.08,78.94,4.8,12.55,6.08,Cabrobó,PE,Nordeste,-8.51,-39.3
2022,147,0.4,0.62,0.61,30.96,74.44,4.49,14.92,7.11,Cabrobó,PE,Nordeste,-8.51,-39.3
2022,148,0.03,0.61,0.6,29.22,75.65,3.35,15.23,7.29,Cabrobó,PE,Nordeste,-8.51,-39.3
2022,149,2.64,0.61,0.6,31.6,76.19,3.34,14.85,7.1,Cabrobó,PE,Nordeste,-8.51,-39.3
2022,150,3.39,0.61,0.61,33.08,74.73,3.51,15.34,7.34,Cabrobó,PE,Nordeste,-8.51,-39.3
2022,151,4.88,0.62,0.62,32.66,76.58,3.97,14.24,6.88,Cabrobó,PE,Nordeste,-8.51,-39.3
2022,152,2.38,0.62,0.62,33.17,71.81,3.64,17.99,8.44,Cabrobó,PE,Nordeste,-8.51,-39.3
2022,153,2.08,0.62,0.61,32.56,75.03,2.72,12.96,6.24,Cabrobó,PE,Nordeste,-8.51,-39.3
2022,154,5.12,0.62,0.63,31.82,79.27,3.4,14.46,6.94,Cabrobó,PE,Nordeste,-8.51,-39.3
2022,155,0.99,0.62,0.61,31.27,76.93,4.06,12.4,6.01,Cabrobó,PE,Nordeste,-8.51,-39.3
2022,156,5.73,0.62,0.62,31.44,72.72,4.25,15.01,7.04,Cabrobó,PE,Nordeste,-8.51,-39.3
2022,157,0.63,0.63,0.62,30.54,72.88,4.06,13.17,6.25,Cabrobó,PE,Nordeste,-8.51,-39.3
2022,158,0.05,0.62,0.6,31.22,68.52,2.98,17.12,8.03,Cabrobó,PE,Nordeste,-8.51,-39.3
2022,159,0.01,0.62,0.6,31.92,72.91,2.9,16.62,7.79,Cabrobó,PE,Nordeste,-8.51,-39.3
2022,160,0.26,0.62,0.59,31.68,71.0,3.29,16.49,7.74,Cabrobó,PE,Nordeste,-8.51,-39.3
2022,161,0.41,0.61,0.59,31.82,72.32,3.53,15.04,7.14,Cabrobó,PE,Nordeste,-8.51,-39.3
2022,162,0.45,0.61,0.58,32.45,72.17,2.19,15.21,7.25,Cabrobó,PE,Nordeste,-8.51,-39.3
2022,163,1.66,0.61,0.58,31.78,72.23,2.83,18.54,8.75,Cabrobó,PE,Nordeste,-8.51,-39.3
2022,164,0.03,0.61,0.56,33.54,67.16,2.83,17.87,8.4,Cabrobó,PE,Nordeste,-8.51,-39.3
2022,165,1.4,0.61,0.55,32.71,71.37,3.76,18.32,8.48,Cabrobó,PE,Nordeste,-8.51,-39.3
2022,166,2.72,0.61,0.58,27.23,78.87,3.81,8.79,4.35,Cabrobó,PE,Nordeste,-8.51,-39.3
2022,167,0.98,0.61,0.59,30.39,71.89,3.38,15.43,7.26,Cabrobó,PE,Nordeste,-8.51,-39.3
2022,168,0.05,0.61,0.55,29.91,70.36,2.71,9.7,4.75,Cabrobó,PE,Nordeste,-8.51,-39.3
2022,169,0.02,0.61,0.53,31.73,69.72,2.94,19.31,8.99,Cabrobó,PE,Nordeste,-8.51,-39.3
2022,170,0.18,0.6,0.49,33.17,69.17,3.85,18.37,8.52,Cabrobó,PE,Nordeste,-8.51,-39.3
2022,171,3.85,0.61,0.53,31.39,72.67,4.07,13.24,6.26,Cabrobó,PE,Nordeste,-8.51,-39.3
2022,172,4.98,0.61,0.62,30.44,75.36,4.39,15.07,7.2,Cabrobó,PE,Nordeste,-8.51,-39.3
2022,173,0.31,0.61,0.59,31.28,71.73,3.6,17.81,8.32,Cabrobó,PE,Nordeste,-8.51,-39.3
2022,174,0.19,0.61,0.57,32.42,73.21,3.35,15.19,7.3,Cabrobó,PE,Nordeste,-8.51,-39.3
2022,175,0.01,0.61,0.55,31.24,69.33,4.48,10.99,5.38,Cabrobó,PE,Nordeste,-8.51,-39.3
2022,176,0.02,0.6,0.52,31.46,67.22,3.81,19.71,9.0,Cabrobó,PE,Nordeste,-8.51,-39.3
2022,177,0.06,0.6,0.49,31.56,67.72,3.27,16.34,7.62,Cabrobó,PE,Nordeste,-8.51,-39.3
2022,178,0.01,0.6,0.46,31.74,63.37,4.4,15.65,7.37,Cabrobó,PE,Nordeste,-8.51,-39.3
2022,179,0.21,0.6,0.44,31.21,67.69,4.01,11.21,5.37,Cabrobó,PE,Nordeste,-8.51,-39.3
2022,180,0.0,0.6,0.42,32.23,64.22,3.4,18.21,8.39,Cabrobó,PE,Nordeste,-8.51,-39.3
2022,181,0.02,0.6,0.4,33.16,64.43,3.38,18.9,8.71,Cabrobó,PE,Nordeste,-8.51,-39.3
2022,182,1.75,0.6,0.41,32.02,71.74,4.74,13.02,6.35,Cabrobó,PE,Nordeste,-8.51,-39.3
2022,183,3.54,0.6,0.48,31.7,74.41,5.29,10.65,5.32,Cabrobó,PE,Nordeste,-8.51,-39.3
2022,184,0.74,0.6,0.5,30.55,71.96,5.15,17.79,8.17,Cabrobó,PE,Nordeste,-8.51,-39.3
2022,185,2.68,0.61,0.53,30.85,74.84,4.81,9.62,4.74,Cabrobó,PE,Nordeste,-8.51,-39.3
2022,186,0.44,0.61,0.53,30.44,69.7,4.9,13.15,6.23,Cabrobó,PE,Nordeste,-8.51,-39.3
2022,187,0.65,0.6,0.5,30.99,73.15,4.13,12.17,5.8,Cabrobó,PE,Nordeste,-8.51,-39.3
2022,188,0.84,0.6,0.49,30.83,72.25,4.47,13.61,6.49,Cabrobó,PE,Nordeste,-8.51,-39.3
2022,189,0.09,0.6,0.47,31.29,69.28,4.75,13.79,6.51,Cabrobó,PE,Nordeste,-8.51,-39.3
2022,190,0.33,0.6,0.45,31.22,71.92,4.56,15.37,7.19,Cabrobó,PE,Nordeste,-8.51,-39.3
2022,191,2.0,0.6,0.47,30.07,70.63,4.37,14.3,6.75,Cabrobó,PE,Nordeste,-8.51,-39.3
2022,192,1.32,0.6,0.49,31.22,69.18,3.7,15.91,7.49,Cabrobó,PE,Nordeste,-8.51,-39.3
2022,193,0.32,0.6,0.47,32.67,67.64,3.9,20.96,9.65,Cabrobó,PE,Nordeste,-8.51,-39.3
2022,194,1.6,0.6,0.47,31.41,72.94,4.45,15.83,7.45,Cabrobó,PE,Nordeste,-8.51,-39.3
2022,195,0.2,0.6,0.46,30.88,65.71,4.48,21.16,9.62,Cabrobó,PE,Nordeste,-8.51,-39.3
2022,196,0.79,0.6,0.45,31.48,65.23,3.74,21.16,9.56,Cabrobó,PE,Nordeste,-8.51,-39.3
2022,197,0.9,0.6,0.44,31.59,68.09,4.1,17.24,8.02,Cabrobó,PE,Nordeste,-8.51,-39.3
2022,198,0.98,0.6,0.44,31.28,68.38,4.29,16.89,7.87,Cabrobó,PE,Nordeste,-8.51,-39.3
2022,199,0.24,0.6,0.43,31.18,65.91,4.32,15.37,7.21,Cabrobó,PE,Nordeste,-8.51,-39.3
2022,200,0.8,0.6,0.43,31.45,64.77,4.24,19.2,8.87,Cabrobó,PE,Nordeste,-8.51,-39.3
2022,201,1.62,0.6,0.43,31.97,68.73,4.08,15.8,7.33,Cabrobó,PE,Nordeste,-8.51,-39.3
2022,202,2.99,0.6,0.51,30.54,71.27,4.21,13.68,6.53,Cabrobó,PE,Nordeste,-8.51,-39.3
2022,203,0.61,0.6,0.5,31.05,68.75,4.16,19.96,9.26,Cabrobó,PE,Nordeste,-8.51,-39.3
2022,204,0.42,0.6,0.47,32.34,66.67,4.37,14.09,6.69,Cabrobó,PE,Nordeste,-8.51,-39.3
2022,205,0.56,0.6,0.45,31.81,63.53,4.85,17.48,8.17,Cabrobó,PE,Nordeste,-8.51,-39.3
2022,206,0.54,0.6,0.44,31.22,65.24,4.39,21.9,9.91,Cabrobó,PE,Nordeste,-8.51,-39.3
2022,207,1.38,0.6,0.43,31.01,69.02,4.19,19.58,8.99,Cabrobó,PE,Nordeste,-8.51,-39.3
2022,208,1.04,0.6,0.46,30.47,66.43,4.16,16.73,7.83,Cabrobó,PE,Nordeste,-8.51,-39.3
2022,209,1.63,0.6,0.48,31.29,65.76,3.74,21.11,9.7,Cabrobó,PE,Nordeste,-8.51,-39.3
2022,210,0.23,0.6,0.45,32.88,66.02,3.26,16.86,8.0,Cabrobó,PE,Nordeste,-8.51,-39.3
2022,211,1.27,0.6,0.44,34.08,64.5,3.34,20.18,9.48,Cabrobó,PE,Nordeste,-8.51,-39.3
2022,212,0.61,0.6,0.43,33.35,63.94,4.48,20.59,9.64,Cabrobó,PE,Nordeste,-8.51,-39.3
2022,213,0.24,0.6,0.41,32.47,62.38,4.88,20.85,9.58,Cabrobó,PE,Nordeste,-8.51,-39.3
2022,214,0.93,0.6,0.42,31.14,65.84,4.0,18.29,8.47,Cabrobó,PE,Nordeste,-8.51,-39.3
2022,215,2.8,0.6,0.43,28.06,71.03,4.24,15.51,7.41,Cabrobó,PE,Nordeste,-8.51,-39.3
2022,216,6.47,0.61,0.62,28.6,78.36,4.21,11.38,5.68,Cabrobó,PE,Nordeste,-8.51,-39.3
2022,217,0.34,0.61,0.59,31.99,66.89,3.88,14.8,7.07,Cabrobó,PE,Nordeste,-8.51,-39.3
2022,218,0.88,0.61,0.58,31.57,67.31,3.98,23.56,10.64,Cabrobó,PE,Nordeste,-8.51,-39.3
2022,219,1.49,0.61,0.56,31.76,67.98,4.09,22.64,10.26,Cabrobó,PE,Nordeste,-8.51,-39.3
2022,220,0.45,0.61,0.54,31.67,62.28,3.75,19.44,8.93,Cabrobó,PE,Nordeste,-8.51,-39.3
2022,221,0.83,0.6,0.51,31.56,60.41,3.12,24.06,10.72,Cabrobó,PE,Nordeste,-8.51,-39.3
2022,222,0.78,0.6,0.48,32.11,62.05,3.23,22.4,10.14,Cabrobó,PE,Nordeste,-8.51,-39.3
2022,223,1.08,0.6,0.47,34.21,56.5,2.13,24.18,10.89,Cabrobó,PE,Nordeste,-8.51,-39.3
2022,224,0.74,0.6,0.45,34.9,58.02,3.82,24.16,10.81,Cabrobó,PE,Nordeste,-8.51,-39.3
2022,225,1.47,0.6,0.45,32.12,65.04,5.04,17.3,8.07,Cabrobó,PE,Nordeste,-8.51,-39.3
2022,226,1.83,0.6,0.46,31.61,67.29,4.41,18.75,8.64,Cabrobó,PE,Nordeste,-8.51,-39.3
2022,227,2.9,0.6,0.53,30.54,73.59,4.74,11.87,5.78,Cabrobó,PE,Nordeste,-8.51,-39.3
2022,228,0.76,0.6,0.52,30.78,71.87,4.47,14.98,7.14,Cabrobó,PE,Nordeste,-8.51,-39.3
2022,229,2.08,0.6,0.55,31.42,69.71,5.07,15.56,7.37,Cabrobó,PE,Nordeste,-8.51,-39.3
2022,230,0.85,0.6,0.52,31.31,65.39,4.73,21.73,9.86,Cabrobó,PE,Nordeste,-8.51,-39.3
2022,231,1.42,0.6,0.52,31.37,64.12,4.22,19.24,8.87,Cabrobó,PE,Nordeste,-8.51,-39.3
2022,232,0.62,0.6,0.49,29.92,64.83,5.05,22.52,10.23,Cabrobó,PE,Nordeste,-8.51,-39.3
2022,233,1.75,0.6,0.5,29.65,67.56,4.02,19.97,9.22,Cabrobó,PE,Nordeste,-8.51,-39.3
2022,234,1.46,0.6,0.5,30.64,68.47,4.23,17.3,8.12,Cabrobó,PE,Nordeste,-8.51,-39.3
2022,235,0.67,0.6,0.48,31.54,67.96,4.53,16.22,7.64,Cabrobó,PE,Nordeste,-8.51,-39.3
2022,236,1.6,0.6,0.49,31.55,65.86,4.85,15.04,7.16,Cabrobó,PE,Nordeste,-8.51,-39.3
2022,237,0.26,0.6,0.46,31.09,63.76,5.16,19.11,8.86,Cabrobó,PE,Nordeste,-8.51,-39.3
2022,238,1.78,0.6,0.46,30.56,65.17,4.83,18.58,8.58,Cabrobó,PE,Nordeste,-8.51,-39.3
2022,239,9.58,0.62,0.62,30.97,67.3,4.29,23.83,10.69,Cabrobó,PE,Nordeste,-8.51,-39.3
2022,240,3.23,0.62,0.62,31.07,68.38,3.85,15.74,7.46,Cabrobó,PE,Nordeste,-8.51,-39.3
2022,241,0.76,0.62,0.6,32.98,59.39,4.14,24.87,11.18,Cabrobó,PE,Nordeste,-8.51,-39.3
2022,242,0.91,0.61,0.59,32.24,62.16,5.37,24.91,11.35,Cabrobó,PE,Nordeste,-8.51,-39.3
2022,243,0.64,0.61,0.57,31.46,61.51,5.2,16.17,7.67,Cabrobó,PE,Nordeste,-8.51,-39.3
2022,244,1.43,0.61,0.56,31.7,66.21,4.63,15.85,7.52,Cabrobó,PE,Nordeste,-8.51,-39.3
2022,245,1.99,0.61,0.58,31.43,65.93,4.43,21.84,10.09,Cabrobó,PE,Nordeste,-8.51,-39.3
2022,246,5.31,0.61,0.61,31.68,66.19,4.34,20.78,9.62,Cabrobó,PE,Nordeste,-8.51,-39.3
2022,247,0.7,0.61,0.58,32.92,63.71,4.4,20.69,9.67,Cabrobó,PE,Nordeste,-8.51,-39.3
2022,248,0.63,0.61,0.56,32.57,61.59,5.06,23.81,10.97,Cabrobó,PE,Nordeste,-8.51,-39.3
2022,249,0.78,0.61,0.54,32.51,65.36,4.91,23.48,10.73,Cabrobó,PE,Nordeste,-8.51,-39.3
2022,250,0.09,0.6,0.51,32.19,60.14,5.18,25.94,11.71,Cabrobó,PE,Nordeste,-8.51,-39.3
2022,251,0.65,0.6,0.48,32.49,61.95,4.56,23.88,10.87,Cabrobó,PE,Nordeste,-8.51,-39.3
2022,252,0.85,0.6,0.46,33.04,65.45,4.36,20.51,9.53,Cabrobó,PE,Nordeste,-8.51,-39.3
2022,253,0.92,0.6,0.45,33.48,64.69,4.22,20.88,9.71,Cabrobó,PE,Nordeste,-8.51,-39.3
2022,254,0.67,0.6,0.44,34.59,58.57,3.96,22.71,10.41,Cabrobó,PE,Nordeste,-8.51,-39.3
2022,255,0.63,0.6,0.42,34.06,54.49,4.35,24.98,11.27,Cabrobó,PE,Nordeste,-8.51,-39.3
2022,256,0.51,0.6,0.41,34.43,57.21,4.33,18.68,8.8,Cabrobó,PE,Nordeste,-8.51,-39.3
2022,257,0.77,0.6,0.4,36.12,55.19,3.56,24.98,11.45,Cabrobó,PE,Nordeste,-8.51,-39.3
2022,258,1.04,0.6,0.4,36.42,54.1,3.84,23.69,10.84,Cabrobó,PE,Nordeste,-8.51,-39.3
2022,259,0.7,0.6,0.4,35.37,52.47,4.06,26.63,11.97,Cabrobó,PE,Nordeste,-8.51,-39.3
2022,260,0.58,0.6,0.39,35.56,53.29,3.69,27.02,12.11,Cabrobó,PE,Nordeste,-8.51,-39.3
2022,261,1.16,0.6,0.4,34.53,52.03,4.11,25.51,11.53,Cabrobó,PE,Nordeste,-8.51,-39.3
2022,262,0.8,0.6,0.4,34.55,56.04,4.65,25.62,11.6,Cabrobó,PE,Nordeste,-8.51,-39.3
2022,263,0.0,0.6,0.38,35.13,54.38,4.71,26.73,12.14,Cabrobó,PE,Nordeste,-8.51,-39.3
2022,264,0.0,0.6,0.35,36.03,48.6,3.39,27.11,12.3,Cabrobó,PE,Nordeste,-8.51,-39.3
2022,265,0.82,0.59,0.35,36.88,52.33,2.58,26.35,12.04,Cabrobó,PE,Nordeste,-8.51,-39.3
2022,266,0.85,0.6,0.36,37.66,46.99,2.47,25.2,11.57,Cabrobó,PE,Nordeste,-8.51,-39.3
2022,267,1.73,0.6,0.37,38.09,50.64,4.01,21.94,10.25,Cabrobó,PE,Nordeste,-8.51,-39.3
2022,268,0.09,0.6,0.37,35.53,49.83,5.6,26.12,11.73,Cabrobó,PE,Nordeste,-8.51,-39.3
2022,269,0.78,0.6,0.36,34.42,54.16,4.8,25.3,11.49,Cabrobó,PE,Nordeste,-8.51,-39.3
2022,270,0.12,0.6,0.35,35.03,48.17,4.44,26.78,12.08,Cabrobó,PE,Nordeste,-8.51,-39.3
2022,271,1.64,0.6,0.38,35.06,55.15,4.7,25.91,11.71,Cabrobó,PE,Nordeste,-8.51,-39.3
2022,272,1.01,0.6,0.39,35.68,53.45,3.91,25.34,11.64,Cabrobó,PE,Nordeste,-8.51,-39.3
2022,273,0.79,0.6,0.39,35.85,49.67,5.15,26.85,12.12,Cabrobó,PE,Nordeste,-8.51,-39.3
2022,274,0.72,0.6,0.38,35.15,49.47,4.83,27.92,12.46,Cabrobó,PE,Nordeste,-8.51,-39.3
2022,275,0.68,0.6,0.38,35.38,46.27,4.23,28.35,12.64,Cabrobó,PE,Nordeste,-8.51,-39.3
2022,276,0.62,0.6,0.37,35.42,44.66,3.75,27.98,12.45,Cabrobó,PE,Nordeste,-8.51,-39.3
2022,277,0.5,0.6,0.36,36.26,46.58,3.22,27.85,12.57,Cabrobó,PE,Nordeste,-8.51,-39.3
2022,278,0.27,0.59,0.34,37.18,49.23,4.58,27.42,12.37,Cabrobó,PE,Nordeste,-8.51,-39.3
2022,279,0.86,0.59,0.35,37.37,49.55,4.33,27.01,12.25,Cabrobó,PE,Nordeste,-8.51,-39.3
2022,280,1.02,0.6,0.35,37.02,51.32,4.07,23.86,11.07,Cabrobó,PE,Nordeste,-8.51,-39.3
2022,281,0.14,0.59,0.34,38.17,48.35,4.32,27.61,12.55,Cabrobó,PE,Nordeste,-8.51,-39.3
2022,282,0.57,0.59,0.34,37.31,53.95,5.47,26.55,11.95,Cabrobó,PE,Nordeste,-8.51,-39.3
2022,283,0.59,0.59,0.34,36.27,56.69,5.6,23.63,10.89,Cabrobó,PE,Nordeste,-8.51,-39.3
2022,284,0.39,0.59,0.33,35.56,54.33,6.08,24.3,11.12,Cabrobó,PE,Nordeste,-8.51,-39.3
2022,285,1.04,0.6,0.35,35.2,52.38,5.34,25.94,11.78,Cabrobó,PE,Nordeste,-8.51,-39.3
2022,286,0.64,0.6,0.35,35.79,51.54,4.51,24.86,11.36,Cabrobó,PE,Nordeste,-8.51,-39.3
2022,287,0.72,0.6,0.35,35.82,50.71,5.24,22.7,10.46,Cabrobó,PE,Nordeste,-8.51,-39.3
2022,288,0.87,0.6,0.36,35.59,49.92,5.11,26.47,12.01,Cabrobó,PE,Nordeste,-8.51,-39.3
2022,289,0.97,0.6,0.37,34.93,50.7,4.87,27.59,12.36,Cabrobó,PE,Nordeste,-8.51,-39.3
2022,290,0.75,0.6,0.37,35.65,51.76,5.19,24.94,11.4,Cabrobó,PE,Nordeste,-8.51,-39.3
2022,291,0.45,0.6,0.36,36.15,50.66,5.27,25.24,11.54,Cabrobó,PE,Nordeste,-8.51,-39.3
2022,292,0.0,0.59,0.34,35.99,51.31,5.39,21.42,9.99,Cabrobó,PE,Nordeste,-8.51,-39.3
2022,293,0.04,0.59,0.32,36.68,48.46,4.76,25.46,11.72,Cabrobó,PE,Nordeste,-8.51,-39.3
2022,294,0.83,0.59,0.33,36.52,48.59,4.42,27.41,12.56,Cabrobó,PE,Nordeste,-8.51,-39.3
2022,295,0.01,0.59,0.31,37.41,48.57,3.93,27.75,12.73,Cabrobó,PE,Nordeste,-8.51,-39.3
2022,296,0.95,0.59,0.32,37.49,50.34,3.65,21.04,9.89,Cabrobó,PE,Nordeste,-8.51,-39.3
2022,297,0.14,0.59,0.31,38.06,49.25,3.89,23.49,10.95,Cabrobó,PE,Nordeste,-8.51,-39.3
2022,298,5.03,0.59,0.33,36.75,51.5,3.4,19.63,9.18,Cabrobó,PE,Nordeste,-8.51,-39.3
2022,299,17.33,0.63,0.67,29.37,73.58,2.49,13.02,6.34,Cabrobó,PE,Nordeste,-8.51,-39.3
2022,300,0.51,0.63,0.61,33.66,65.8,3.41,14.2,6.94,Cabrobó,PE,Nordeste,-8.51,-39.3
2022,301,0.59,0.62,0.6,35.32,57.84,4.03,24.26,11.36,Cabrobó,PE,Nordeste,-8.51,-39.3
2022,302,0.49,0.62,0.59,36.07,54.72,4.13,27.55,12.68,Cabrobó,PE,Nordeste,-8.51,-39.3
2022,303,0.7,0.61,0.57,36.32,52.88,3.79,27.44,12.63,Cabrobó,PE,Nordeste,-8.51,-39.3
2022,304,0.58,0.61,0.54,36.06,53.26,2.77,26.22,12.11,Cabrobó,PE,Nordeste,-8.51,-39.3
2022,305,0.71,0.6,0.49,36.91,54.55,2.35,23.66,11.02,Cabrobó,PE,Nordeste,-8.51,-39.3
2022,306,0.45,0.6,0.45,34.62,55.7,1.66,19.55,9.27,Cabrobó,PE,Nordeste,-8.51,-39.3
2022,307,9.77,0.61,0.56,30.53,73.17,1.49,21.09,10.01,Cabrobó,PE,Nordeste,-8.51,-39.3
2022,308,76.28,0.7,0.85,24.6,88.86,2.29,10.96,5.5,Cabrobó,PE,Nordeste,-8.51,-39.3
2022,309,5.18,0.71,0.73,30.74,75.64,1.67,16.33,7.88,Cabrobó,PE,Nordeste,-8.51,-39.3
2022,310,7.82,0.7,0.72,30.66,76.02,3.66,12.39,6.12,Cabrobó,PE,Nordeste,-8.51,-39.3
2022,311,2.27,0.69,0.71,32.48,73.38,3.36,15.7,7.6,Cabrobó,PE,Nordeste,-8.51,-39.3
2022,312,0.92,0.68,0.69,31.59,69.35,2.61,18.58,8.88,Cabrobó,PE,Nordeste,-8.51,-39.3
2022,313,0.85,0.67,0.67,32.77,65.91,2.11,21.58,10.13,Cabrobó,PE,Nordeste,-8.51,-39.3
2022,314,0.1,0.67,0.65,34.13,61.25,2.81,23.58,10.97,Cabrobó,PE,Nordeste,-8.51,-39.3
2022,315,0.66,0.66,0.64,34.92,62.18,2.91,27.07,12.44,Cabrobó,PE,Nordeste,-8.51,-39.3
2022,316,1.32,0.65,0.63,34.59,67.48,2.73,23.64,11.06,Cabrobó,PE,Nordeste,-8.51,-39.3
2022,317,1.93,0.65,0.64,33.95,67.12,3.23,23.18,10.89,Cabrobó,PE,Nordeste,-8.51,-39.3
2022,318,0.39,0.65,0.62,35.41,64.23,2.81,23.32,10.91,Cabrobó,PE,Nordeste,-8.51,-39.3
2022,319,1.41,0.64,0.62,34.46,63.17,2.89,22.3,10.44,Cabrobó,PE,Nordeste,-8.51,-39.3
2022,320,0.46,0.64,0.61,35.09,61.88,2.58,24.8,11.53,Cabrobó,PE,Nordeste,-8.51,-39.3
2022,321,0.18,0.63,0.6,35.57,60.08,2.76,27.84,12.79,Cabrobó,PE,Nordeste,-8.51,-39.3
2022,322,1.72,0.63,0.6,34.82,56.36,1.85,20.48,9.56,Cabrobó,PE,Nordeste,-8.51,-39.3
2022,323,2.64,0.63,0.62,32.17,65.98,1.68,18.25,8.63,Cabrobó,PE,Nordeste,-8.51,-39.3
2022,324,2.58,0.63,0.61,33.95,61.21,2.31,21.06,9.79,Cabrobó,PE,Nordeste,-8.51,-39.3
2022,325,0.61,0.63,0.6,33.35,57.29,3.57,25.0,11.5,Cabrobó,PE,Nordeste,-8.51,-39.3
2022,326,1.01,0.63,0.6,34.38,57.81,3.56,27.5,12.68,Cabrobó,PE,Nordeste,-8.51,-39.3
2022,327,1.15,0.62,0.59,34.68,59.53,3.32,19.75,9.31,Cabrobó,PE,Nordeste,-8.51,-39.3
2022,328,2.03,0.62,0.59,35.28,55.31,2.04,24.26,11.23,Cabrobó,PE,Nordeste,-8.51,-39.3
2022,329,0.93,0.62,0.6,35.57,58.75,2.21,20.55,9.63,Cabrobó,PE,Nordeste,-8.51,-39.3
2022,330,3.96,0.62,0.61,34.49,61.62,1.49,19.67,9.26,Cabrobó,PE,Nordeste,-8.51,-39.3
2022,331,4.49,0.63,0.63,31.48,68.9,1.62,12.24,5.98,Cabrobó,PE,Nordeste,-8.51,-39.3
2022,332,1.07,0.63,0.61,33.98,67.09,2.06,14.47,6.96,Cabrobó,PE,Nordeste,-8.51,-39.3
2022,333,27.0,0.64,0.7,30.72,77.0,1.88,15.47,7.43,Cabrobó,PE,Nordeste,-8.51,-39.3
2022,334,33.21,0.72,0.83,27.95,81.74,1.83,14.94,7.09,Cabrobó,PE,Nordeste,-8.51,-39.3
2022,335,18.29,0.73,0.79,30.5,76.88,1.78,15.64,7.51,Cabrobó,PE,Nordeste,-8.51,-39.3
2022,336,4.12,0.72,0.75,30.86,73.42,3.23,18.26,8.78,Cabrobó,PE,Nordeste,-8.51,-39.3
2022,337,0.4,0.71,0.71,32.2,69.31,3.75,26.99,12.35,Cabrobó,PE,Nordeste,-8.51,-39.3
2022,338,2.29,0.7,0.71,31.8,70.16,3.73,26.46,12.23,Cabrobó,PE,Nordeste,-8.51,-39.3
2022,339,9.39,0.69,0.72,32.06,74.87,3.63,20.1,9.47,Cabrobó,PE,Nordeste,-8.51,-39.3
2022,340,2.12,0.7,0.72,31.52,73.36,3.76,22.18,10.44,Cabrobó,PE,Nordeste,-8.51,-39.3
2022,341,0.25,0.69,0.69,32.66,66.16,3.12,25.16,11.6,Cabrobó,PE,Nordeste,-8.51,-39.3
2022,342,0.83,0.68,0.68,33.32,67.51,1.91,26.32,12.14,Cabrobó,PE,Nordeste,-8.51,-39.3
2022,343,0.08,0.67,0.66,33.62,63.66,2.37,26.27,12.14,Cabrobó,PE,Nordeste,-8.51,-39.3
2022,344,0.12,0.66,0.65,34.05,63.3,2.61,25.88,12.06,Cabrobó,PE,Nordeste,-8.51,-39.3
2022,345,1.05,0.66,0.64,34.38,64.46,2.28,25.43,11.79,Cabrobó,PE,Nordeste,-8.51,-39.3
2022,346,0.89,0.66,0.63,34.35,61.06,2.09,25.46,11.72,Cabrobó,PE,Nordeste,-8.51,-39.3
2022,347,0.61,0.65,0.62,34.47,59.94,2.11,27.59,12.68,Cabrobó,PE,Nordeste,-8.51,-39.3
2022,348,0.59,0.65,0.62,35.62,59.05,2.15,26.1,11.97,Cabrobó,PE,Nordeste,-8.51,-39.3
2022,349,0.25,0.64,0.62,33.22,60.46,2.11,23.4,10.85,Cabrobó,PE,Nordeste,-8.51,-39.3
2022,350,1.94,0.64,0.62,32.91,66.49,2.2,21.24,10.05,Cabrobó,PE,Nordeste,-8.51,-39.3
2022,351,0.48,0.64,0.61,34.29,60.37,1.69,22.84,10.64,Cabrobó,PE,Nordeste,-8.51,-39.3
2022,352,0.78,0.64,0.61,33.93,60.81,2.54,23.11,10.74,Cabrobó,PE,Nordeste,-8.51,-39.3
2022,353,0.07,0.63,0.6,34.83,56.02,2.29,26.13,12.0,Cabrobó,PE,Nordeste,-8.51,-39.3
2022,354,0.54,0.63,0.59,34.9,57.94,1.81,25.61,11.71,Cabrobó,PE,Nordeste,-8.51,-39.3
2022,355,0.22,0.62,0.59,35.99,54.56,1.52,25.56,11.71,Cabrobó,PE,Nordeste,-8.51,-39.3
2022,356,15.56,0.62,0.63,34.69,61.51,1.59,18.95,8.87,Cabrobó,PE,Nordeste,-8.51,-39.3
2022,357,34.22,0.7,0.82,29.58,81.29,1.63,8.73,4.42,Cabrobó,PE,Nordeste,-8.51,-39.3
2022,358,8.63,0.7,0.75,25.59,84.86,1.19,17.78,8.55,Cabrobó,PE,Nordeste,-8.51,-39.3
2022,359,7.55,0.71,0.75,30.98,75.24,2.77,14.5,7.1,Cabrobó,PE,Nordeste,-8.51,-39.3
2022,360,1.43,0.7,0.72,30.48,70.68,2.83,25.35,11.73,Cabrobó,PE,Nordeste,-8.51,-39.3
2022,361,0.15,0.69,0.7,30.66,72.0,2.89,21.46,10.1,Cabrobó,PE,Nordeste,-8.51,-39.3
2022,362,0.41,0.68,0.68,32.94,68.58,3.07,24.85,11.6,Cabrobó,PE,Nordeste,-8.51,-39.3
2022,363,0.3,0.67,0.66,33.22,66.75,2.76,23.55,11.03,Cabrobó,PE,Nordeste,-8.51,-39.3
2022,364,0.03,0.66,0.64,34.41,62.65,3.35,27.63,12.85,Cabrobó,PE,Nordeste,-8.51,-39.3
2022,365,0.22,0.66,0.63,34.42,61.35,4.27,25.16,11.61,Cabrobó,PE,Nordeste,-8.51,-39.3
2023,1,0.79,0.65,0.63,33.99,68.79,3.42,20.65,9.69,Cabrobó,PE,Nordeste,-8.51,-39.3
2023,2,2.06,0.65,0.65,29.42,77.01,2.4,12.49,6.19,Cabrobó,PE,Nordeste,-8.51,-39.3
2023,3,6.18,0.66,0.68,25.47,80.91,1.93,19.62,9.45,Cabrobó,PE,Nordeste,-8.51,-39.3
2023,4,0.8,0.66,0.65,32.43,70.13,1.92,22.28,10.54,Cabrobó,PE,Nordeste,-8.51,-39.3
2023,5,0.35,0.66,0.63,33.47,63.8,2.26,24.86,11.6,Cabrobó,PE,Nordeste,-8.51,-39.3
2023,6,1.08,0.65,0.63,33.57,62.79,1.98,25.34,11.83,Cabrobó,PE,Nordeste,-8.51,-39.3
2023,7,0.73,0.65,0.62,33.52,62.06,2.59,21.75,10.22,Cabrobó,PE,Nordeste,-8.51,-39.3
2023,8,0.94,0.64,0.62,34.29,60.0,2.48,26.09,12.05,Cabrobó,PE,Nordeste,-8.51,-39.3
2023,9,1.5,0.64,0.62,33.71,61.24,1.69,24.46,11.42,Cabrobó,PE,Nordeste,-8.51,-39.3
2023,10,1.47,0.64,0.61,34.69,62.96,2.08,19.99,9.46,Cabrobó,PE,Nordeste,-8.51,-39.3
2023,11,0.62,0.63,0.61,34.92,59.1,1.88,22.38,10.48,Cabrobó,PE,Nordeste,-8.51,-39.3
2023,12,1.19,0.63,0.61,33.48,61.49,2.17,21.53,10.17,Cabrobó,PE,Nordeste,-8.51,-39.3
2023,13,0.6,0.63,0.6,34.85,60.07,2.43,21.49,10.11,Cabrobó,PE,Nordeste,-8.51,-39.3
2023,14,1.91,0.63,0.61,34.69,62.73,3.2,19.68,9.33,Cabrobó,PE,Nordeste,-8.51,-39.3
2023,15,0.97,0.63,0.6,34.52,62.49,4.19,17.96,8.45,Cabrobó,PE,Nordeste,-8.51,-39.3
2023,16,0.94,0.62,0.6,32.92,63.12,2.98,16.44,7.74,Cabrobó,PE,Nordeste,-8.51,-39.3
2023,17,1.57,0.62,0.6,31.87,65.15,2.69,19.01,9.02,Cabrobó,PE,Nordeste,-8.51,-39.3
2023,18,0.5,0.62,0.6,35.2,57.74,3.25,20.27,9.5,Cabrobó,PE,Nordeste,-8.51,-39.3
2023,19,0.84,0.62,0.6,29.65,70.66,2.01,14.42,6.89,Cabrobó,PE,Nordeste,-8.51,-39.3
2023,20,3.01,0.62,0.61,31.1,70.29,1.94,15.64,7.48,Cabrobó,PE,Nordeste,-8.51,-39.3
2023,21,3.98,0.63,0.62,32.67,66.24,1.43,21.61,10.25,Cabrobó,PE,Nordeste,-8.51,-39.3
2023,22,3.04,0.63,0.61,34.54,64.63,1.21,22.13,10.44,Cabrobó,PE,Nordeste,-8.51,-39.3
2023,23,3.99,0.63,0.62,34.22,66.83,1.33,18.95,9.02,Cabrobó,PE,Nordeste,-8.51,-39.3
2023,24,0.62,0.63,0.6,35.2,59.26,2.15,21.95,10.27,Cabrobó,PE,Nordeste,-8.51,-39.3
2023,25,0.06,0.62,0.58,35.91,56.71,2.16,25.15,11.61,Cabrobó,PE,Nordeste,-8.51,-39.3
2023,26,0.81,0.62,0.58,36.05,55.26,2.18,23.26,10.76,Cabrobó,PE,Nordeste,-8.51,-39.3
2023,27,2.6,0.61,0.59,35.44,60.25,2.01,21.61,10.15,Cabrobó,PE,Nordeste,-8.51,-39.3
2023,28,2.29,0.62,0.6,36.79,54.62,3.47,25.79,11.86,Cabrobó,PE,Nordeste,-8.51,-39.3
2023,29,0.21,0.61,0.57,35.49,54.82,3.57,26.91,12.31,Cabrobó,PE,Nordeste,-8.51,-39.3
2023,30,2.0,0.61,0.57,34.91,58.64,2.79,20.84,9.83,Cabrobó,PE,Nordeste,-8.51,-39.3
2023,31,0.47,0.61,0.54,35.53,59.81,3.89,19.7,9.33,Cabrobó,PE,Nordeste,-8.51,-39.3
2023,32,0.54,0.61,0.52,35.26,59.01,3.28,17.75,8.41,Cabrobó,PE,Nordeste,-8.51,-39.3
2023,33,7.01,0.61,0.59,32.05,70.21,2.63,21.53,10.18,Cabrobó,PE,Nordeste,-8.51,-39.3
2023,34,2.26,0.62,0.6,32.86,67.49,1.86,19.68,9.35,Cabrobó,PE,Nordeste,-8.51,-39.3
2023,35,0.29,0.61,0.57,36.17,53.01,3.23,28.01,12.86,Cabrobó,PE,Nordeste,-8.51,-39.3
2023,36,1.19,0.61,0.56,36.39,57.61,2.79,25.91,12.03,Cabrobó,PE,Nordeste,-8.51,-39.3
2023,37,1.91,0.61,0.57,31.38,66.88,1.96,19.89,9.49,Cabrobó,PE,Nordeste,-8.51,-39.3
2023,38,1.59,0.61,0.57,35.64,52.86,2.99,19.56,9.23,Cabrobó,PE,Nordeste,-8.51,-39.3
2023,39,0.0,0.61,0.53,30.82,53.68,2.36,22.31,10.15,Cabrobó,PE,Nordeste,-8.51,-39.3
2023,40,1.11,0.6,0.52,36.47,54.43,2.62,26.49,12.21,Cabrobó,PE,Nordeste,-8.51,-39.3
2023,41,3.61,0.61,0.53,35.6,58.86,3.23,22.16,10.48,Cabrobó,PE,Nordeste,-8.51,-39.3
2023,42,0.3,0.6,0.51,36.05,52.73,4.03,24.67,11.36,Cabrobó,PE,Nordeste,-8.51,-39.3
2023,43,2.13,0.6,0.5,36.18,54.35,2.73,26.77,12.42,Cabrobó,PE,Nordeste,-8.51,-39.3
2023,44,1.54,0.6,0.48,36.98,54.82,3.65,22.86,10.68,Cabrobó,PE,Nordeste,-8.51,-39.3
2023,45,1.69,0.6,0.47,37.25,52.56,2.9,24.88,11.52,Cabrobó,PE,Nordeste,-8.51,-39.3
2023,46,0.56,0.6,0.45,35.56,53.04,2.59,18.05,8.58,Cabrobó,PE,Nordeste,-8.51,-39.3
2023,47,1.95,0.6,0.46,37.41,52.14,2.16,23.07,10.79,Cabrobó,PE,Nordeste,-8.51,-39.3
2023,48,0.96,0.6,0.43,37.16,50.55,2.17,22.21,10.48,Cabrobó,PE,Nordeste,-8.51,-39.3
2023,49,0.34,0.6,0.41,37.22,46.43,3.12,24.29,11.39,Cabrobó,PE,Nordeste,-8.51,-39.3
2023,50,4.99,0.6,0.47,35.5,56.32,2.32,18.81,9.12,Cabrobó,PE,Nordeste,-8.51,-39.3
2023,51,7.09,0.61,0.62,29.9,69.65,2.59,12.51,6.25,Cabrobó,PE,Nordeste,-8.51,-39.3
2023,52,2.14,0.61,0.6,34.84,63.8,3.66,21.07,10.16,Cabrobó,PE,Nordeste,-8.51,-39.3
2023,53,2.58,0.61,0.59,35.97,62.62,3.14,20.49,9.51,Cabrobó,PE,Nordeste,-8.51,-39.3
2023,54,0.31,0.61,0.57,35.78,59.14,3.02,22.34,10.34,Cabrobó,PE,Nordeste,-8.51,-39.3
2023,55,1.91,0.61,0.56,35.63,60.1,3.05,19.54,8.94,Cabrobó,PE,Nordeste,-8.51,-39.3
2023,56,4.62,0.61,0.57,34.4,63.66,2.72,19.07,9.0,Cabrobó,PE,Nordeste,-8.51,-39.3
2023,57,14.16,0.62,0.67,33.49,68.2,1.94,23.15,10.86,Cabrobó,PE,Nordeste,-8.51,-39.3
2023,58,0.99,0.63,0.6,36.32,56.8,3.1,25.38,11.71,Cabrobó,PE,Nordeste,-8.51,-39.3
2023,59,3.73,0.62,0.61,36.38,58.84,3.28,26.25,12.09,Cabrobó,PE,Nordeste,-8.51,-39.3
2023,60,0.45,0.62,0.59,36.49,57.61,3.8,22.65,10.56,Cabrobó,PE,Nordeste,-8.51,-39.3
2023,61,2.55,0.62,0.6,36.26,59.16,3.65,22.83,10.65,Cabrobó,PE,Nordeste,-8.51,-39.3
2023,62,3.32,0.62,0.59,36.42,58.89,3.04,23.87,11.11,Cabrobó,PE,Nordeste,-8.51,-39.3
2023,63,2.63,0.61,0.6,35.89,60.22,3.36,23.35,10.94,Cabrobó,PE,Nordeste,-8.51,-39.3
2023,64,2.01,0.61,0.58,36.25,60.19,2.37,23.61,11.03,Cabrobó,PE,Nordeste,-8.51,-39.3
2023,65,3.64,0.61,0.6,36.21,58.97,2.45,25.13,11.68,Cabrobó,PE,Nordeste,-8.51,-39.3
2023,66,1.53,0.61,0.58,36.64,53.96,3.38,25.78,11.8,Cabrobó,PE,Nordeste,-8.51,-39.3
2023,67,0.48,0.61,0.56,36.09,51.58,3.37,24.4,11.11,Cabrobó,PE,Nordeste,-8.51,-39.3
2023,68,0.0,0.6,0.52,36.29,52.79,3.34,22.22,10.37,Cabrobó,PE,Nordeste,-8.51,-39.3
2023,69,0.13,0.6,0.47,36.9,50.19,3.02,21.62,10.03,Cabrobó,PE,Nordeste,-8.51,-39.3
2023,70,4.12,0.6,0.49,34.19,64.12,2.53,19.3,9.0,Cabrobó,PE,Nordeste,-8.51,-39.3
2023,71,0.58,0.6,0.49,37.69,53.09,3.22,21.47,10.07,Cabrobó,PE,Nordeste,-8.51,-39.3
2023,72,1.49,0.6,0.48,37.59,54.8,2.96,17.83,8.45,Cabrobó,PE,Nordeste,-8.51,-39.3
2023,73,35.61,0.62,0.64,35.01,67.53,2.84,15.39,7.3,Cabrobó,PE,Nordeste,-8.51,-39.3
2023,74,22.97,0.68,0.75,31.18,74.04,2.02,10.92,5.33,Cabrobó,PE,Nordeste,-8.51,-39.3
2023,75,11.65,0.7,0.75,30.97,71.7,1.75,16.26,7.63,Cabrobó,PE,Nordeste,-8.51,-39.3
2023,76,1.57,0.68,0.69,31.31,71.96,1.81,20.3,9.62,Cabrobó,PE,Nordeste,-8.51,-39.3
2023,77,7.25,0.68,0.71,28.88,79.57,1.12,11.64,5.72,Cabrobó,PE,Nordeste,-8.51,-39.3
2023,78,10.82,0.68,0.73,29.67,81.5,1.16,19.96,9.49,Cabrobó,PE,Nordeste,-8.51,-39.3
2023,79,16.53,0.7,0.77,29.07,82.93,1.16,12.66,6.25,Cabrobó,PE,Nordeste,-8.51,-39.3
2023,80,62.6,0.75,0.87,26.85,85.86,1.44,15.55,7.47,Cabrobó,PE,Nordeste,-8.51,-39.3
2023,81,2.71,0.76,0.78,28.57,83.67,2.86,16.36,7.96,Cabrobó,PE,Nordeste,-8.51,-39.3
2023,82,3.39,0.74,0.76,30.15,80.07,3.28,23.88,11.2,Cabrobó,PE,Nordeste,-8.51,-39.3
2023,83,4.73,0.73,0.75,30.5,80.46,2.23,20.83,9.79,Cabrobó,PE,Nordeste,-8.51,-39.3
2023,84,7.36,0.73,0.77,30.07,79.57,2.0,21.15,10.04,Cabrobó,PE,Nordeste,-8.51,-39.3
2023,85,11.14,0.73,0.77,30.14,82.06,2.79,18.73,8.97,Cabrobó,PE,Nordeste,-8.51,-39.3
2023,86,4.23,0.73,0.76,30.47,78.31,2.47,20.61,9.7,Cabrobó,PE,Nordeste,-8.51,-39.3
2023,87,1.77,0.72,0.74,30.31,75.43,2.27,24.5,11.32,Cabrobó,PE,Nordeste,-8.51,-39.3
2023,88,5.26,0.72,0.74,31.32,78.05,2.65,22.27,10.49,Cabrobó,PE,Nordeste,-8.51,-39.3
2023,89,4.95,0.72,0.75,29.97,79.39,3.21,17.63,8.47,Cabrobó,PE,Nordeste,-8.51,-39.3
2023,90,0.13,0.71,0.72,30.5,70.52,2.5,23.37,10.69,Cabrobó,PE,Nordeste,-8.51,-39.3
2023,91,3.4,0.7,0.73,29.56,73.38,1.82,23.1,10.58,Cabrobó,PE,Nordeste,-8.51,-39.3
2023,92,1.39,0.7,0.71,30.77,74.98,1.19,20.82,9.71,Cabrobó,PE,Nordeste,-8.51,-39.3
2023,93,1.72,0.7,0.71,31.16,72.42,1.99,20.7,9.61,Cabrobó,PE,Nordeste,-8.51,-39.3
2023,94,2.09,0.69,0.69,31.1,75.51,2.2,20.96,9.85,Cabrobó,PE,Nordeste,-8.51,-39.3
2023,95,7.82,0.69,0.73,29.42,78.45,2.49,18.71,8.89,Cabrobó,PE,Nordeste,-8.51,-39.3
2023,96,0.45,0.69,0.7,28.99,76.44,2.33,23.07,10.8,Cabrobó,PE,Nordeste,-8.51,-39.3
2023,97,1.74,0.69,0.7,31.93,70.55,2.19,17.34,8.23,Cabrobó,PE,Nordeste,-8.51,-39.3
2023,98,3.44,0.68,0.69,31.9,76.22,2.43,23.28,10.91,Cabrobó,PE,Nordeste,-8.51,-39.3
2023,99,1.98,0.68,0.7,28.75,84.56,2.12,15.18,7.3,Cabrobó,PE,Nordeste,-8.51,-39.3
2023,100,1.61,0.68,0.68,31.49,75.83,2.28,23.22,10.87,Cabrobó,PE,Nordeste,-8.51,-39.3
2023,101,1.09,0.67,0.67,31.54,72.45,2.25,22.16,10.34,Cabrobó,PE,Nordeste,-8.51,-39.3
2023,102,0.28,0.67,0.65,32.54,67.58,2.33,24.0,11.03,Cabrobó,PE,Nordeste,-8.51,-39.3
2023,103,1.62,0.66,0.65,32.9,71.88,2.68,21.64,9.97,Cabrobó,PE,Nordeste,-8.51,-39.3
2023,104,4.48,0.66,0.67,32.07,72.07,2.8,19.53,9.21,Cabrobó,PE,Nordeste,-8.51,-39.3
2023,105,0.0,0.66,0.64,33.44,70.39,2.3,24.78,11.54,Cabrobó,PE,Nordeste,-8.51,-39.3
2023,106,0.18,0.66,0.65,29.12,78.42,1.32,21.63,10.25,Cabrobó,PE,Nordeste,-8.51,-39.3
2023,107,0.04,0.65,0.63,33.8,70.38,1.98,18.5,8.56,Cabrobó,PE,Nordeste,-8.51,-39.3
2023,108,5.91,0.66,0.66,31.03,77.1,2.29,19.53,9.22,Cabrobó,PE,Nordeste,-8.51,-39.3
2023,109,3.28,0.66,0.66,32.18,76.81,1.1,20.2,9.57,Cabrobó,PE,Nordeste,-8.51,-39.3
2023,110,7.65,0.66,0.68,32.87,75.98,1.03,20.02,9.41,Cabrobó,PE,Nordeste,-8.51,-39.3
2023,111,2.89,0.67,0.67,32.51,70.83,2.11,20.35,9.52,Cabrobó,PE,Nordeste,-8.51,-39.3
2023,112,2.96,0.66,0.66,32.79,69.87,3.92,19.87,9.28,Cabrobó,PE,Nordeste,-8.51,-39.3
2023,113,6.51,0.67,0.68,32.13,70.58,2.88,20.97,9.76,Cabrobó,PE,Nordeste,-8.51,-39.3
2023,114,0.42,0.66,0.65,32.23,67.83,3.03,20.52,9.41,Cabrobó,PE,Nordeste,-8.51,-39.3
2023,115,9.18,0.67,0.69,31.12,77.88,2.82,14.0,6.7,Cabrobó,PE,Nordeste,-8.51,-39.3
2023,116,4.13,0.67,0.67,31.23,77.77,2.94,14.84,7.16,Cabrobó,PE,Nordeste,-8.51,-39.3
2023,117,0.69,0.66,0.66,32.48,70.82,1.92,17.04,8.1,Cabrobó,PE,Nordeste,-8.51,-39.3
2023,118,10.49,0.67,0.7,30.1,79.96,1.47,19.8,9.4,Cabrobó,PE,Nordeste,-8.51,-39.3
2023,119,0.45,0.67,0.67,31.83,75.39,1.86,20.88,9.85,Cabrobó,PE,Nordeste,-8.51,-39.3
2023,120,9.78,0.68,0.7,30.49,79.31,2.0,20.61,9.74,Cabrobó,PE,Nordeste,-8.51,-39.3
2023,121,13.42,0.69,0.75,29.33,82.86,1.96,16.12,7.76,Cabrobó,PE,Nordeste,-8.51,-39.3
2023,122,6.75,0.7,0.73,29.84,79.08,1.5,17.99,8.59,Cabrobó,PE,Nordeste,-8.51,-39.3
2023,123,0.54,0.69,0.7,30.01,77.44,2.3,16.91,8.07,Cabrobó,PE,Nordeste,-8.51,-39.3
2023,124,2.09,0.68,0.69,31.1,77.49,2.03,17.13,8.13,Cabrobó,PE,Nordeste,-8.51,-39.3
2023,125,19.63,0.7,0.77,31.02,82.89,2.87,16.61,8.01,Cabrobó,PE,Nordeste,-8.51,-39.3
2023,126,4.97,0.7,0.73,30.27,79.12,2.89,15.43,7.38,Cabrobó,PE,Nordeste,-8.51,-39.3
2023,127,2.14,0.7,0.72,30.56,78.55,2.84,20.04,9.33,Cabrobó,PE,Nordeste,-8.51,-39.3
2023,128,5.88,0.69,0.73,30.43,79.1,2.56,19.0,8.87,Cabrobó,PE,Nordeste,-8.51,-39.3
2023,129,3.28,0.69,0.71,30.94,76.89,2.39,19.84,9.26,Cabrobó,PE,Nordeste,-8.51,-39.3
2023,130,4.62,0.69,0.71,30.94,72.57,1.98,17.93,8.42,Cabrobó,PE,Nordeste,-8.51,-39.3
2023,131,7.33,0.69,0.72,30.78,75.29,1.12,19.68,9.15,Cabrobó,PE,Nordeste,-8.51,-39.3
2023,132,2.79,0.69,0.71,31.22,74.39,1.01,18.75,8.74,Cabrobó,PE,Nordeste,-8.51,-39.3
2023,133,10.63,0.7,0.74,30.47,78.47,1.01,14.71,7.03,Cabrobó,PE,Nordeste,-8.51,-39.3
2023,134,13.8,0.71,0.77,26.14,90.22,1.74,13.5,6.56,Cabrobó,PE,Nordeste,-8.51,-39.3
2023,135,2.77,0.71,0.74,30.09,76.75,1.88,15.36,7.31,Cabrobó,PE,Nordeste,-8.51,-39.3
2023,136,3.27,0.71,0.72,30.6,77.14,2.26,18.19,8.6,Cabrobó,PE,Nordeste,-8.51,-39.3
2023,137,3.82,0.7,0.73,30.74,76.85,2.52,17.52,8.3,Cabrobó,PE,Nordeste,-8.51,-39.3
2023,138,3.11,0.7,0.72,29.57,79.72,2.68,15.17,7.27,Cabrobó,PE,Nordeste,-8.51,-39.3
2023,139,4.33,0.7,0.72,29.79,81.92,2.98,11.17,5.46,Cabrobó,PE,Nordeste,-8.51,-39.3
2023,140,3.22,0.7,0.72,28.24,80.7,2.85,11.4,5.53,Cabrobó,PE,Nordeste,-8.51,-39.3
2023,141,3.89,0.7,0.72,28.8,82.08,2.85,11.8,5.71,Cabrobó,PE,Nordeste,-8.51,-39.3
2023,142,4.53,0.7,0.72,29.41,83.19,3.79,12.25,5.91,Cabrobó,PE,Nordeste,-8.51,-39.3
2023,143,3.69,0.69,0.71,30.1,81.99,3.53,15.13,7.26,Cabrobó,PE,Nordeste,-8.51,-39.3
2023,144,1.81,0.7,0.71,29.61,78.92,3.05,16.66,7.91,Cabrobó,PE,Nordeste,-8.51,-39.3
2023,145,3.56,0.69,0.71,30.04,82.31,3.57,12.9,6.14,Cabrobó,PE,Nordeste,-8.51,-39.3
2023,146,2.88,0.69,0.7,30.13,79.89,3.5,15.83,7.52,Cabrobó,PE,Nordeste,-8.51,-39.3
2023,147,4.53,0.69,0.71,29.68,83.07,2.91,16.46,7.81,Cabrobó,PE,Nordeste,-8.51,-39.3
2023,148,1.7,0.68,0.7,30.2,80.37,2.74,15.05,7.2,Cabrobó,PE,Nordeste,-8.51,-39.3
2023,149,2.7,0.68,0.7,29.92,79.18,2.75,18.23,8.66,Cabrobó,PE,Nordeste,-8.51,-39.3
2023,150,2.23,0.68,0.69,30.53,73.52,3.43,19.39,9.04,Cabrobó,PE,Nordeste,-8.51,-39.3
2023,151,3.82,0.68,0.69,29.95,77.92,2.75,17.05,8.0,Cabrobó,PE,Nordeste,-8.51,-39.3
2023,152,5.27,0.68,0.7,28.93,83.55,2.32,15.96,7.65,Cabrobó,PE,Nordeste,-8.51,-39.3
2023,153,1.15,0.68,0.69,30.53,79.86,2.65,15.51,7.43,Cabrobó,PE,Nordeste,-8.51,-39.3
2023,154,3.03,0.68,0.69,29.94,79.89,3.72,15.02,7.19,Cabrobó,PE,Nordeste,-8.51,-39.3
2023,155,4.52,0.68,0.7,28.94,82.14,3.92,11.36,5.54,Cabrobó,PE,Nordeste,-8.51,-39.3
2023,156,0.66,0.68,0.68,30.05,75.41,3.21,13.78,6.56,Cabrobó,PE,Nordeste,-8.51,-39.3
2023,157,2.57,0.67,0.68,29.77,78.3,2.69,17.37,8.14,Cabrobó,PE,Nordeste,-8.51,-39.3
2023,158,4.26,0.67,0.69,28.95,82.93,3.02,15.85,7.58,Cabrobó,PE,Nordeste,-8.51,-39.3
2023,159,1.16,0.67,0.67,30.6,78.31,3.08,11.07,5.41,Cabrobó,PE,Nordeste,-8.51,-39.3
2023,160,1.71,0.67,0.67,30.66,75.26,2.69,20.07,9.27,Cabrobó,PE,Nordeste,-8.51,-39.3
2023,161,4.13,0.67,0.68,30.02,76.76,3.28,20.12,9.42,Cabrobó,PE,Nordeste,-8.51,-39.3
2023,162,0.9,0.67,0.66,30.62,75.57,3.08,17.11,7.96,Cabrobó,PE,Nordeste,-8.51,-39.3
2023,163,3.52,0.67,0.67,30.8,75.37,3.36,18.17,8.51,Cabrobó,PE,Nordeste,-8.51,-39.3
2023,164,3.02,0.67,0.67,30.34,76.34,3.5,11.99,5.72,Cabrobó,PE,Nordeste,-8.51,-39.3
2023,165,1.59,0.67,0.66,30.87,76.27,3.0,18.26,8.49,Cabrobó,PE,Nordeste,-8.51,-39.3
2023,166,8.3,0.67,0.7,30.48,81.18,3.26,13.76,6.61,Cabrobó,PE,Nordeste,-8.51,-39.3
2023,167,1.57,0.67,0.67,30.34,73.9,3.36,16.87,7.92,Cabrobó,PE,Nordeste,-8.51,-39.3
2023,168,3.61,0.67,0.67,28.95,81.39,2.66,14.35,6.95,Cabrobó,PE,Nordeste,-8.51,-39.3
2023,169,2.57,0.67,0.68,30.66,74.78,3.13,20.03,9.37,Cabrobó,PE,Nordeste,-8.51,-39.3
2023,170,2.92,0.67,0.67,30.21,77.98,3.43,13.55,6.45,Cabrobó,PE,Nordeste,-8.51,-39.3
2023,171,4.99,0.67,0.68,29.57,78.83,3.92,13.14,6.31,Cabrobó,PE,Nordeste,-8.51,-39.3
2023,172,3.69,0.67,0.69,26.49,80.93,3.88,12.49,5.99,Cabrobó,PE,Nordeste,-8.51,-39.3
2023,173,1.52,0.67,0.67,28.67,77.41,3.63,12.85,6.07,Cabrobó,PE,Nordeste,-8.51,-39.3
2023,174,2.8,0.67,0.67,28.77,79.17,3.51,11.18,5.37,Cabrobó,PE,Nordeste,-8.51,-39.3
2023,175,1.9,0.67,0.67,28.98,76.24,3.87,11.98,5.77,Cabrobó,PE,Nordeste,-8.51,-39.3
2023,176,3.43,0.67,0.67,29.4,77.82,4.18,15.07,7.06,Cabrobó,PE,Nordeste,-8.51,-39.3
2023,177,1.71,0.67,0.66,29.73,73.71,3.8,17.82,8.24,Cabrobó,PE,Nordeste,-8.51,-39.3
2023,178,4.72,0.67,0.68,28.13,80.91,3.51,12.18,5.89,Cabrobó,PE,Nordeste,-8.51,-39.3
2023,179,3.04,0.67,0.68,29.67,77.52,3.34,11.48,5.49,Cabrobó,PE,Nordeste,-8.51,-39.3
2023,180,2.03,0.67,0.67,29.77,78.39,3.18,17.31,8.17,Cabrobó,PE,Nordeste,-8.51,-39.3
2023,181,3.49,0.67,0.67,29.91,77.15,3.84,15.13,7.18,Cabrobó,PE,Nordeste,-8.51,-39.3
2023,182,2.16,0.67,0.67,29.8,76.17,3.56,14.5,6.91,Cabrobó,PE,Nordeste,-8.51,-39.3
2023,183,4.32,0.67,0.68,29.57,78.58,2.57,16.94,7.95,Cabrobó,PE,Nordeste,-8.51,-39.3
2023,184,5.75,0.67,0.69,29.51,77.36,2.78,16.19,7.63,Cabrobó,PE,Nordeste,-8.51,-39.3
2023,185,0.65,0.67,0.67,29.55,73.51,4.23,14.02,6.63,Cabrobó,PE,Nordeste,-8.51,-39.3
2023,186,3.52,0.67,0.67,28.83,73.04,4.33,19.12,8.84,Cabrobó,PE,Nordeste,-8.51,-39.3
2023,187,2.42,0.67,0.67,29.21,76.01,3.42,18.39,8.57,Cabrobó,PE,Nordeste,-8.51,-39.3
2023,188,3.39,0.67,0.67,30.14,79.6,3.27,12.42,5.95,Cabrobó,PE,Nordeste,-8.51,-39.3
2023,189,5.25,0.67,0.68,30.47,80.65,3.59,12.65,6.12,Cabrobó,PE,Nordeste,-8.51,-39.3
2023,190,0.53,0.67,0.67,31.37,75.51,2.95,17.12,8.12,Cabrobó,PE,Nordeste,-8.51,-39.3
2023,191,2.53,0.67,0.67,30.16,76.52,3.29,12.48,6.04,Cabrobó,PE,Nordeste,-8.51,-39.3
2023,192,0.06,0.66,0.65,31.22,73.52,3.32,20.82,9.65,Cabrobó,PE,Nordeste,-8.51,-39.3
2023,193,0.39,0.66,0.64,31.31,70.7,3.59,16.88,7.82,Cabrobó,PE,Nordeste,-8.51,-39.3
2023,194,0.0,0.65,0.63,31.35,70.43,2.41,21.61,9.87,Cabrobó,PE,Nordeste,-8.51,-39.3
2023,195,0.0,0.65,0.62,32.49,67.88,2.08,21.78,9.94,Cabrobó,PE,Nordeste,-8.51,-39.3
2023,196,0.0,0.64,0.62,32.35,63.98,3.44,21.92,9.92,Cabrobó,PE,Nordeste,-8.51,-39.3
2023,197,0.0,0.64,0.61,31.58,69.18,3.86,18.09,8.39,Cabrobó,PE,Nordeste,-8.51,-39.3
2023,198,0.0,0.64,0.61,31.58,67.26,3.95,18.52,8.53,Cabrobó,PE,Nordeste,-8.51,-39.3
2023,199,0.04,0.63,0.6,31.81,67.28,3.74,20.27,9.27,Cabrobó,PE,Nordeste,-8.51,-39.3
2023,200,0.6,0.63,0.61,30.95,72.1,4.26,16.89,7.81,Cabrobó,PE,Nordeste,-8.51,-39.3
2023,201,0.77,0.63,0.61,29.18,68.3,5.15,18.21,8.34,Cabrobó,PE,Nordeste,-8.51,-39.3
2023,202,0.57,0.63,0.61,29.56,69.32,4.49,18.18,8.42,Cabrobó,PE,Nordeste,-8.51,-39.3
2023,203,0.0,0.63,0.6,30.49,64.74,4.32,20.79,9.43,Cabrobó,PE,Nordeste,-8.51,-39.3
2023,204,0.0,0.62,0.6,30.36,67.43,3.97,16.9,7.88,Cabrobó,PE,Nordeste,-8.51,-39.3
2023,205,0.01,0.62,0.6,31.52,66.12,3.99,21.14,9.68,Cabrobó,PE,Nordeste,-8.51,-39.3
2023,206,0.1,0.62,0.59,30.97,67.25,3.51,19.61,9.01,Cabrobó,PE,Nordeste,-8.51,-39.3
2023,207,0.0,0.62,0.59,32.27,66.43,4.01,21.32,9.81,Cabrobó,PE,Nordeste,-8.51,-39.3
2023,208,0.01,0.62,0.58,32.14,66.59,3.16,20.77,9.53,Cabrobó,PE,Nordeste,-8.51,-39.3
2023,209,0.0,0.61,0.57,32.57,66.61,3.83,19.85,9.18,Cabrobó,PE,Nordeste,-8.51,-39.3
2023,210,0.0,0.61,0.56,32.81,64.73,3.43,22.28,10.25,Cabrobó,PE,Nordeste,-8.51,-39.3
2023,211,0.0,0.61,0.55,33.27,62.66,4.19,19.18,8.91,Cabrobó,PE,Nordeste,-8.51,-39.3
2023,212,0.08,0.61,0.53,32.37,62.63,4.3,22.5,10.29,Cabrobó,PE,Nordeste,-8.51,-39.3
2023,213,3.58,0.61,0.57,31.63,70.05,3.67,16.83,7.93,Cabrobó,PE,Nordeste,-8.51,-39.3
2023,214,0.47,0.61,0.57,32.57,69.07,4.21,17.82,8.37,Cabrobó,PE,Nordeste,-8.51,-39.3
2023,215,0.68,0.61,0.56,31.89,69.02,4.1,14.26,6.85,Cabrobó,PE,Nordeste,-8.51,-39.3
2023,216,0.0,0.61,0.53,32.36,62.77,3.63,23.08,10.55,Cabrobó,PE,Nordeste,-8.51,-39.3
2023,217,0.0,0.6,0.51,31.92,63.45,2.9,23.06,10.57,Cabrobó,PE,Nordeste,-8.51,-39.3
2023,218,0.02,0.6,0.48,33.36,62.11,4.18,21.78,10.02,Cabrobó,PE,Nordeste,-8.51,-39.3
2023,219,3.15,0.61,0.54,33.33,63.74,4.4,16.48,7.78,Cabrobó,PE,Nordeste,-8.51,-39.3
2023,220,1.52,0.61,0.55,32.74,63.65,3.9,22.46,10.32,Cabrobó,PE,Nordeste,-8.51,-39.3
2023,221,3.0,0.61,0.57,32.54,65.42,4.5,17.92,8.45,Cabrobó,PE,Nordeste,-8.51,-39.3
2023,222,3.14,0.61,0.59,31.37,66.93,4.03,17.23,8.07,Cabrobó,PE,Nordeste,-8.51,-39.3
2023,223,1.66,0.61,0.59,31.95,70.7,4.2,16.27,7.73,Cabrobó,PE,Nordeste,-8.51,-39.3
2023,224,1.63,0.61,0.59,31.13,65.84,4.2,19.86,9.14,Cabrobó,PE,Nordeste,-8.51,-39.3
2023,225,2.78,0.61,0.6,31.28,65.49,4.13,18.58,8.55,Cabrobó,PE,Nordeste,-8.51,-39.3
2023,226,1.94,0.61,0.6,31.66,65.82,4.68,21.6,9.87,Cabrobó,PE,Nordeste,-8.51,-39.3
2023,227,2.3,0.61,0.6,31.27,66.18,4.64,20.11,9.28,Cabrobó,PE,Nordeste,-8.51,-39.3
2023,228,1.34,0.61,0.59,31.19,64.72,4.9,18.0,8.37,Cabrobó,PE,Nordeste,-8.51,-39.3
2023,229,1.48,0.61,0.58,31.67,68.31,4.08,15.4,7.27,Cabrobó,PE,Nordeste,-8.51,-39.3
2023,230,2.44,0.61,0.6,31.99,66.97,3.78,20.2,9.33,Cabrobó,PE,Nordeste,-8.51,-39.3
2023,231,0.75,0.61,0.58,32.49,66.87,3.06,19.31,9.04,Cabrobó,PE,Nordeste,-8.51,-39.3
2023,232,6.58,0.62,0.62,32.5,71.5,3.4,16.35,7.83,Cabrobó,PE,Nordeste,-8.51,-39.3
2023,233,0.27,0.62,0.59,35.2,65.67,3.26,22.75,10.6,Cabrobó,PE,Nordeste,-8.51,-39.3
2023,234,2.19,0.61,0.59,34.78,63.32,3.83,20.82,9.69,Cabrobó,PE,Nordeste,-8.51,-39.3
2023,235,3.29,0.62,0.6,34.92,60.63,3.65,24.08,11.0,Cabrobó,PE,Nordeste,-8.51,-39.3
2023,236,3.61,0.62,0.61,34.83,61.0,3.64,22.22,10.19,Cabrobó,PE,Nordeste,-8.51,-39.3
2023,237,3.09,0.62,0.61,35.07,60.6,3.01,24.99,11.37,Cabrobó,PE,Nordeste,-8.51,-39.3
2023,238,3.46,0.62,0.6,36.05,56.92,1.87,25.04,11.39,Cabrobó,PE,Nordeste,-8.51,-39.3
2023,239,4.74,0.62,0.61,36.08,54.3,2.22,24.6,11.2,Cabrobó,PE,Nordeste,-8.51,-39.3
2023,240,1.74,0.62,0.6,35.21,61.61,2.93,18.81,8.8,Cabrobó,PE,Nordeste,-8.51,-39.3
2023,241,2.73,0.62,0.6,34.8,63.35,3.22,21.82,9.93,Cabrobó,PE,Nordeste,-8.51,-39.3
2023,242,1.14,0.62,0.59,35.52,59.66,2.99,24.67,11.26,Cabrobó,PE,Nordeste,-8.51,-39.3
2023,243,2.64,0.62,0.59,34.73,59.22,2.77,25.08,11.47,Cabrobó,PE,Nordeste,-8.51,-39.3
2023,244,2.7,0.62,0.59,34.42,57.27,3.67,24.55,11.08,Cabrobó,PE,Nordeste,-8.51,-39.3
2023,245,2.73,0.62,0.6,33.77,60.22,4.1,24.12,10.92,Cabrobó,PE,Nordeste,-8.51,-39.3
2023,246,2.93,0.62,0.6,33.56,57.94,4.37,24.97,11.17,Cabrobó,PE,Nordeste,-8.51,-39.3
2023,247,1.51,0.62,0.59,33.59,59.77,4.12,23.83,10.62,Cabrobó,PE,Nordeste,-8.51,-39.3
2023,248,0.79,0.61,0.58,33.95,61.86,4.71,24.98,11.31,Cabrobó,PE,Nordeste,-8.51,-39.3
2023,249,1.46,0.61,0.57,33.26,59.51,4.66,24.51,11.04,Cabrobó,PE,Nordeste,-8.51,-39.3
2023,250,1.87,0.61,0.57,33.42,60.39,4.72,23.31,10.72,Cabrobó,PE,Nordeste,-8.51,-39.3
2023,251,2.93,0.61,0.58,33.13,62.74,4.82,14.82,7.13,Cabrobó,PE,Nordeste,-8.51,-39.3
2023,252,0.51,0.61,0.56,33.46,57.82,4.75,24.73,11.24,Cabrobó,PE,Nordeste,-8.51,-39.3
2023,253,2.48,0.61,0.57,33.38,62.8,4.55,21.74,10.09,Cabrobó,PE,Nordeste,-8.51,-39.3
2023,254,1.95,0.61,0.57,33.36,59.33,5.11,21.36,9.92,Cabrobó,PE,Nordeste,-8.51,-39.3
2023,255,1.24,0.61,0.55,33.75,59.44,4.78,24.41,11.1,Cabrobó,PE,Nordeste,-8.51,-39.3
2023,256,0.01,0.61,0.5,34.35,56.09,4.95,25.2,11.43,Cabrobó,PE,Nordeste,-8.51,-39.3
2023,257,0.05,0.6,0.46,34.89,56.5,3.99,23.27,10.6,Cabrobó,PE,Nordeste,-8.51,-39.3
2023,258,1.86,0.6,0.47,36.68,53.07,3.97,25.58,11.6,Cabrobó,PE,Nordeste,-8.51,-39.3
2023,259,2.92,0.6,0.51,34.86,56.98,4.68,25.3,11.46,Cabrobó,PE,Nordeste,-8.51,-39.3
2023,260,1.93,0.61,0.52,34.46,59.25,4.94,21.58,9.83,Cabrobó,PE,Nordeste,-8.51,-39.3
2023,261,3.08,0.61,0.55,34.13,62.23,5.31,17.34,8.01,Cabrobó,PE,Nordeste,-8.51,-39.3
2023,262,2.71,0.61,0.57,34.39,63.63,4.64,13.23,6.2,Cabrobó,PE,Nordeste,-8.51,-39.3
2023,263,2.01,0.61,0.57,34.43,61.57,4.64,15.7,7.39,Cabrobó,PE,Nordeste,-8.51,-39.3
2023,264,2.02,0.61,0.56,34.36,61.06,4.8,19.05,8.9,Cabrobó,PE,Nordeste,-8.51,-39.3
2023,265,0.02,0.6,0.51,34.3,55.65,4.24,23.42,10.77,Cabrobó,PE,Nordeste,-8.51,-39.3
2023,266,0.02,0.6,0.46,35.7,55.45,3.84,23.42,10.84,Cabrobó,PE,Nordeste,-8.51,-39.3
2023,267,3.43,0.6,0.48,35.68,56.36,3.48,25.37,11.72,Cabrobó,PE,Nordeste,-8.51,-39.3
2023,268,0.33,0.6,0.48,37.42,51.37,2.99,26.0,11.89,Cabrobó,PE,Nordeste,-8.51,-39.3
2023,269,2.44,0.6,0.5,37.27,51.76,2.88,26.05,11.91,Cabrobó,PE,Nordeste,-8.51,-39.3
2023,270,0.0,0.6,0.44,37.69,45.55,2.99,24.5,11.3,Cabrobó,PE,Nordeste,-8.51,-39.3
2023,271,0.0,0.6,0.39,37.71,40.03,2.9,25.61,11.78,Cabrobó,PE,Nordeste,-8.51,-39.3
2023,272,0.0,0.6,0.36,38.9,39.8,3.95,26.6,12.11,Cabrobó,PE,Nordeste,-8.51,-39.3
2023,273,0.0,0.59,0.33,36.94,45.48,5.19,27.58,12.42,Cabrobó,PE,Nordeste,-8.51,-39.3
2023,274,0.0,0.59,0.32,36.49,44.43,3.45,27.98,12.55,Cabrobó,PE,Nordeste,-8.51,-39.3
2023,275,0.0,0.59,0.3,38.46,41.0,2.75,27.95,12.58,Cabrobó,PE,Nordeste,-8.51,-39.3
2023,276,0.0,0.59,0.29,39.31,37.06,3.08,27.91,12.64,Cabrobó,PE,Nordeste,-8.51,-39.3
2023,277,0.0,0.59,0.27,39.2,40.46,3.9,27.17,12.38,Cabrobó,PE,Nordeste,-8.51,-39.3
2023,278,0.0,0.59,0.26,38.92,40.38,4.23,27.73,12.67,Cabrobó,PE,Nordeste,-8.51,-39.3
2023,279,0.0,0.59,0.26,37.87,44.4,4.39,27.4,12.45,Cabrobó,PE,Nordeste,-8.51,-39.3
2023,280,0.0,0.59,0.25,38.08,48.39,4.62,26.16,11.96,Cabrobó,PE,Nordeste,-8.51,-39.3
2023,281,0.05,0.59,0.24,37.76,48.22,4.67,25.18,11.61,Cabrobó,PE,Nordeste,-8.51,-39.3
2023,282,0.0,0.59,0.24,37.65,46.46,4.48,27.17,12.44,Cabrobó,PE,Nordeste,-8.51,-39.3
2023,283,0.0,0.59,0.23,37.92,43.94,4.25,28.2,12.74,Cabrobó,PE,Nordeste,-8.51,-39.3
2023,284,0.0,0.59,0.23,36.83,46.99,4.64,26.06,11.89,Cabrobó,PE,Nordeste,-8.51,-39.3
2023,285,0.0,0.59,0.23,36.15,46.29,3.08,25.21,11.6,Cabrobó,PE,Nordeste,-8.51,-39.3
2023,286,0.0,0.59,0.22,37.55,44.98,3.75,25.65,11.81,Cabrobó,PE,Nordeste,-8.51,-39.3
2023,287,0.0,0.59,0.22,38.16,44.98,4.52,25.33,11.67,Cabrobó,PE,Nordeste,-8.51,-39.3
2023,288,0.0,0.59,0.21,37.01,48.7,5.79,22.53,10.51,Cabrobó,PE,Nordeste,-8.51,-39.3
2023,289,0.0,0.59,0.21,36.27,46.97,5.57,28.41,12.84,Cabrobó,PE,Nordeste,-8.51,-39.3
2023,290,0.01,0.59,0.21,35.15,48.6,5.28,26.95,12.19,Cabrobó,PE,Nordeste,-8.51,-39.3
2023,291,0.0,0.59,0.21,36.2,43.22,3.93,28.95,13.0,Cabrobó,PE,Nordeste,-8.51,-39.3
2023,292,0.0,0.59,0.2,37.37,42.66,3.39,27.26,12.37,Cabrobó,PE,Nordeste,-8.51,-39.3
2023,293,0.0,0.59,0.2,37.8,47.12,4.82,26.96,12.22,Cabrobó,PE,Nordeste,-8.51,-39.3
2023,294,0.0,0.59,0.2,37.56,46.75,4.94,23.88,11.01,Cabrobó,PE,Nordeste,-8.51,-39.3
2023,295,0.0,0.59,0.2,37.94,49.42,4.91,20.79,9.78,Cabrobó,PE,Nordeste,-8.51,-39.3
2023,296,0.0,0.59,0.19,37.05,43.8,4.65,26.4,12.17,Cabrobó,PE,Nordeste,-8.51,-39.3
2023,297,0.0,0.59,0.19,38.02,45.74,3.39,28.21,13.0,Cabrobó,PE,Nordeste,-8.51,-39.3
2023,298,0.0,0.59,0.19,39.75,35.91,2.52,26.94,12.4,Cabrobó,PE,Nordeste,-8.51,-39.3
2023,299,0.0,0.59,0.18,40.79,32.1,3.37,27.96,12.8,Cabrobó,PE,Nordeste,-8.51,-39.3
2023,300,0.0,0.59,0.18,40.0,36.26,3.65,26.5,12.26,Cabrobó,PE,Nordeste,-8.51,-39.3
2023,301,0.01,0.59,0.18,39.56,41.17,5.35,28.09,12.86,Cabrobó,PE,Nordeste,-8.51,-39.3
2023,302,0.0,0.59,0.18,37.34,47.34,5.28,26.69,12.18,Cabrobó,PE,Nordeste,-8.51,-39.3
2023,303,0.0,0.59,0.18,38.04,43.81,3.91,28.12,12.81,Cabrobó,PE,Nordeste,-8.51,-39.3
2023,304,0.0,0.59,0.17,39.69,39.67,2.59,28.15,12.94,Cabrobó,PE,Nordeste,-8.51,-39.3
2023,305,0.0,0.59,0.17,39.47,39.28,2.54,25.0,11.65,Cabrobó,PE,Nordeste,-8.51,-39.3
2023,306,2.52,0.59,0.21,39.36,41.28,3.18,20.88,9.88,Cabrobó,PE,Nordeste,-8.51,-39.3
2023,307,2.72,0.59,0.3,37.96,46.58,2.18,17.66,8.46,Cabrobó,PE,Nordeste,-8.51,-39.3
2023,308,0.42,0.6,0.35,39.19,44.46,1.99,22.24,10.5,Cabrobó,PE,Nordeste,-8.51,-39.3
2023,309,0.15,0.59,0.32,40.34,38.83,2.39,25.4,11.83,Cabrobó,PE,Nordeste,-8.51,-39.3
2023,310,0.16,0.59,0.3,39.68,39.16,3.37,20.64,9.8,Cabrobó,PE,Nordeste,-8.51,-39.3
2023,311,2.25,0.6,0.33,37.35,47.4,4.42,19.26,9.21,Cabrobó,PE,Nordeste,-8.51,-39.3
2023,312,2.13,0.6,0.4,37.56,46.58,4.92,25.78,11.99,Cabrobó,PE,Nordeste,-8.51,-39.3
2023,313,3.29,0.6,0.45,37.13,49.66,4.86,25.74,11.82,Cabrobó,PE,Nordeste,-8.51,-39.3
2023,314,1.09,0.6,0.45,37.67,44.77,4.45,28.67,13.1,Cabrobó,PE,Nordeste,-8.51,-39.3
2023,315,0.0,0.6,0.4,37.48,43.77,4.42,28.9,13.1,Cabrobó,PE,Nordeste,-8.51,-39.3
2023,316,0.0,0.6,0.36,36.9,41.9,3.87,23.43,10.79,Cabrobó,PE,Nordeste,-8.51,-39.3
2023,317,0.0,0.59,0.33,38.73,38.12,3.33,29.05,13.14,Cabrobó,PE,Nordeste,-8.51,-39.3
2023,318,5.05,0.6,0.43,39.17,47.57,2.88,27.78,12.75,Cabrobó,PE,Nordeste,-8.51,-39.3
2023,319,4.2,0.6,0.47,38.68,49.22,2.76,21.6,10.13,Cabrobó,PE,Nordeste,-8.51,-39.3
2023,320,2.32,0.6,0.52,38.02,50.45,2.86,24.3,11.27,Cabrobó,PE,Nordeste,-8.51,-39.3
2023,321,0.22,0.6,0.5,38.56,48.9,2.41,27.63,12.85,Cabrobó,PE,Nordeste,-8.51,-39.3
2023,322,0.05,0.6,0.41,39.21,42.45,2.48,24.33,11.36,Cabrobó,PE,Nordeste,-8.51,-39.3
2023,323,0.59,0.6,0.37,39.35,42.75,2.47,25.52,11.88,Cabrobó,PE,Nordeste,-8.51,-39.3
2023,324,4.79,0.6,0.42,37.74,48.15,2.36,20.97,9.8,Cabrobó,PE,Nordeste,-8.51,-39.3
2023,325,8.43,0.61,0.6,34.76,61.55,2.79,16.34,7.88,Cabrobó,PE,Nordeste,-8.51,-39.3
2023,326,5.61,0.61,0.63,34.67,63.74,2.54,22.25,10.5,Cabrobó,PE,Nordeste,-8.51,-39.3
2023,327,0.14,0.61,0.59,36.43,54.75,2.91,27.51,12.62,Cabrobó,PE,Nordeste,-8.51,-39.3
2023,328,3.26,0.61,0.6,36.7,54.02,2.34,27.38,12.62,Cabrobó,PE,Nordeste,-8.51,-39.3
2023,329,1.91,0.61,0.58,37.29,48.65,3.67,28.74,13.17,Cabrobó,PE,Nordeste,-8.51,-39.3
2023,330,2.24,0.61,0.57,35.1,52.9,4.28,29.13,13.09,Cabrobó,PE,Nordeste,-8.51,-39.3
2023,331,3.71,0.61,0.59,35.68,56.9,3.67,27.89,12.72,Cabrobó,PE,Nordeste,-8.51,-39.3
2023,332,4.26,0.61,0.6,35.28,60.56,3.44,19.92,9.51,Cabrobó,PE,Nordeste,-8.51,-39.3
2023,333,0.39,0.61,0.56,36.12,53.62,3.26,27.93,12.84,Cabrobó,PE,Nordeste,-8.51,-39.3
2023,334,2.74,0.61,0.57,36.55,52.87,2.9,28.78,13.12,Cabrobó,PE,Nordeste,-8.51,-39.3
2023,335,4.32,0.61,0.58,36.15,57.48,2.7,25.76,11.93,Cabrobó,PE,Nordeste,-8.51,-39.3
2023,336,5.06,0.61,0.58,36.89,56.44,2.43,25.52,11.85,Cabrobó,PE,Nordeste,-8.51,-39.3
2023,337,0.78,0.61,0.58,36.96,54.32,2.1,24.29,11.33,Cabrobó,PE,Nordeste,-8.51,-39.3
2023,338,5.4,0.61,0.6,34.9,60.32,1.76,20.23,9.59,Cabrobó,PE,Nordeste,-8.51,-39.3
2023,339,1.62,0.61,0.59,35.28,58.89,2.52,22.92,10.8,Cabrobó,PE,Nordeste,-8.51,-39.3
2023,340,0.02,0.61,0.55,36.25,53.01,4.31,27.16,12.5,Cabrobó,PE,Nordeste,-8.51,-39.3
2023,341,5.34,0.61,0.58,35.19,58.21,3.22,19.91,9.4,Cabrobó,PE,Nordeste,-8.51,-39.3
2023,342,2.74,0.61,0.58,35.65,59.92,2.73,21.99,10.33,Cabrobó,PE,Nordeste,-8.51,-39.3
2023,343,5.28,0.61,0.61,36.93,57.85,2.99,24.64,11.5,Cabrobó,PE,Nordeste,-8.51,-39.3
2023,344,0.44,0.61,0.57,36.51,53.24,3.45,25.42,11.76,Cabrobó,PE,Nordeste,-8.51,-39.3
2023,345,2.22,0.61,0.57,35.2,56.34,2.65,23.56,11.05,Cabrobó,PE,Nordeste,-8.51,-39.3
2023,346,0.12,0.6,0.52,36.82,51.31,3.63,26.05,12.14,Cabrobó,PE,Nordeste,-8.51,-39.3
2023,347,1.9,0.6,0.51,37.0,50.64,4.47,28.45,13.12,Cabrobó,PE,Nordeste,-8.51,-39.3
2023,348,0.0,0.6,0.45,36.36,49.12,5.04,25.43,11.64,Cabrobó,PE,Nordeste,-8.51,-39.3
2023,349,0.0,0.6,0.41,33.47,55.58,4.28,13.48,6.52,Cabrobó,PE,Nordeste,-8.51,-39.3
2023,350,0.0,0.6,0.39,36.16,47.48,4.07,22.08,10.29,Cabrobó,PE,Nordeste,-8.51,-39.3
2023,351,0.0,0.6,0.37,33.1,54.05,3.4,19.54,9.23,Cabrobó,PE,Nordeste,-8.51,-39.3
2023,352,0.01,0.6,0.35,34.02,51.56,2.07,19.67,9.3,Cabrobó,PE,Nordeste,-8.51,-39.3
2023,353,0.87,0.6,0.35,37.2,50.47,3.19,18.57,8.77,Cabrobó,PE,Nordeste,-8.51,-39.3
2023,354,1.03,0.6,0.37,35.57,56.84,3.73,9.87,4.95,Cabrobó,PE,Nordeste,-8.51,-39.3
2023,355,5.57,0.6,0.44,29.93,68.72,3.24,14.45,6.87,Cabrobó,PE,Nordeste,-8.51,-39.3
2023,356,0.53,0.61,0.55,35.58,59.64,4.44,20.56,9.65,Cabrobó,PE,Nordeste,-8.51,-39.3
2023,357,2.41,0.6,0.53,36.86,58.59,3.86,26.91,12.49,Cabrobó,PE,Nordeste,-8.51,-39.3
2023,358,2.35,0.6,0.53,37.35,55.21,3.08,26.14,12.19,Cabrobó,PE,Nordeste,-8.51,-39.3
2023,359,2.08,0.6,0.52,37.44,55.28,3.61,26.31,12.16,Cabrobó,PE,Nordeste,-8.51,-39.3
2023,360,0.07,0.6,0.46,36.99,53.05,2.36,26.82,12.5,Cabrobó,PE,Nordeste,-8.51,-39.3
2023,361,1.64,0.6,0.43,39.43,44.92,2.97,27.81,12.95,Cabrobó,PE,Nordeste,-8.51,-39.3
2023,362,0.33,0.6,0.41,39.32,42.97,2.84,26.93,12.45,Cabrobó,PE,Nordeste,-8.51,-39.3
2023,363,1.58,0.6,0.41,38.48,47.22,2.68,25.84,11.94,Cabrobó,PE,Nordeste,-8.51,-39.3
2023,364,0.32,0.6,0.38,39.73,45.89,2.09,25.47,11.82,Cabrobó,PE,Nordeste,-8.51,-39.3
2023,365,3.04,0.6,0.41,37.42,53.23,2.17,19.23,9.09,Cabrobó,PE,Nordeste,-8.51,-39.3
2024,1,10.27,0.61,0.58,29.5,77.53,1.83,18.01,8.74,Cabrobó,PE,Nordeste,-8.51,-39.3
2024,2,8.05,0.62,0.64,35.21,68.3,1.64,18.53,8.91,Cabrobó,PE,Nordeste,-8.51,-39.3
2024,3,3.86,0.62,0.62,35.39,68.42,1.3,19.47,9.29,Cabrobó,PE,Nordeste,-8.51,-39.3
2024,4,3.78,0.62,0.62,36.07,63.5,1.74,23.51,11.01,Cabrobó,PE,Nordeste,-8.51,-39.3
2024,5,0.05,0.62,0.59,37.64,56.94,1.48,23.87,11.05,Cabrobó,PE,Nordeste,-8.51,-39.3
2024,6,7.9,0.62,0.63,36.42,61.19,1.12,22.98,10.77,Cabrobó,PE,Nordeste,-8.51,-39.3
2024,7,0.97,0.62,0.6,37.51,52.0,2.64,24.48,11.37,Cabrobó,PE,Nordeste,-8.51,-39.3
2024,8,5.87,0.62,0.62,35.47,55.5,1.96,26.07,12.03,Cabrobó,PE,Nordeste,-8.51,-39.3
2024,9,1.06,0.62,0.59,35.85,58.73,2.1,23.62,11.02,Cabrobó,PE,Nordeste,-8.51,-39.3
2024,10,9.9,0.63,0.65,34.8,66.45,2.1,16.61,7.99,Cabrobó,PE,Nordeste,-8.51,-39.3
2024,11,9.35,0.64,0.66,32.55,70.22,2.51,20.9,9.91,Cabrobó,PE,Nordeste,-8.51,-39.3
2024,12,3.16,0.64,0.63,34.49,61.53,2.23,23.18,10.78,Cabrobó,PE,Nordeste,-8.51,-39.3
2024,13,1.79,0.63,0.61,34.78,60.96,2.12,23.82,11.06,Cabrobó,PE,Nordeste,-8.51,-39.3
2024,14,6.3,0.64,0.65,28.89,74.78,1.53,22.72,10.81,Cabrobó,PE,Nordeste,-8.51,-39.3
2024,15,4.52,0.64,0.64,33.01,66.57,2.2,23.91,11.21,Cabrobó,PE,Nordeste,-8.51,-39.3
2024,16,2.7,0.64,0.62,35.71,60.78,3.36,23.46,11.0,Cabrobó,PE,Nordeste,-8.51,-39.3
2024,17,0.48,0.63,0.61,35.24,58.46,2.31,27.12,12.43,Cabrobó,PE,Nordeste,-8.51,-39.3
2024,18,3.3,0.63,0.62,35.89,57.96,1.85,24.74,11.5,Cabrobó,PE,Nordeste,-8.51,-39.3
2024,19,0.35,0.63,0.59,36.07,57.98,1.67,23.53,11.05,Cabrobó,PE,Nordeste,-8.51,-39.3
2024,20,1.23,0.62,0.6,36.37,60.77,1.61,22.13,10.47,Cabrobó,PE,Nordeste,-8.51,-39.3
2024,21,5.46,0.62,0.62,35.56,64.03,1.41,21.97,10.51,Cabrobó,PE,Nordeste,-8.51,-39.3
2024,22,3.81,0.63,0.62,35.31,63.82,1.34,19.73,9.4,Cabrobó,PE,Nordeste,-8.51,-39.3
2024,23,10.26,0.63,0.65,34.15,68.34,2.17,20.88,10.04,Cabrobó,PE,Nordeste,-8.51,-39.3
2024,24,13.87,0.65,0.7,30.99,75.87,1.37,19.31,9.38,Cabrobó,PE,Nordeste,-8.51,-39.3
2024,25,7.46,0.66,0.69,31.81,76.31,1.72,13.33,6.69,Cabrobó,PE,Nordeste,-8.51,-39.3
2024,26,12.48,0.67,0.71,31.64,75.67,1.5,14.3,7.09,Cabrobó,PE,Nordeste,-8.51,-39.3
2024,27,7.99,0.68,0.71,33.07,71.51,2.16,14.67,7.28,Cabrobó,PE,Nordeste,-8.51,-39.3
2024,28,5.9,0.67,0.68,33.29,69.42,1.88,19.02,9.08,Cabrobó,PE,Nordeste,-8.51,-39.3
2024,29,3.4,0.67,0.67,34.27,68.96,2.29,24.96,11.7,Cabrobó,PE,Nordeste,-8.51,-39.3
2024,30,3.91,0.66,0.67,34.06,67.94,1.78,26.98,12.55,Cabrobó,PE,Nordeste,-8.51,-39.3
2024,31,4.51,0.66,0.66,34.65,63.27,2.48,27.88,13.0,Cabrobó,PE,Nordeste,-8.51,-39.3
2024,32,2.41,0.66,0.65,34.47,62.24,2.91,22.26,10.43,Cabrobó,PE,Nordeste,-8.51,-39.3
2024,33,5.72,0.66,0.66,33.63,65.54,3.27,21.12,10.03,Cabrobó,PE,Nordeste,-8.51,-39.3
2024,34,3.65,0.66,0.65,34.24,66.03,3.11,20.54,9.76,Cabrobó,PE,Nordeste,-8.51,-39.3
2024,35,4.24,0.66,0.66,34.55,66.22,3.58,21.76,10.32,Cabrobó,PE,Nordeste,-8.51,-39.3
2024,36,0.04,0.65,0.62,35.6,61.35,3.43,25.09,11.63,Cabrobó,PE,Nordeste,-8.51,-39.3
2024,37,7.39,0.65,0.66,34.42,67.58,2.85,21.69,10.37,Cabrobó,PE,Nordeste,-8.51,-39.3
2024,38,1.51,0.65,0.63,35.13,65.22,2.45,22.73,10.65,Cabrobó,PE,Nordeste,-8.51,-39.3
2024,39,9.72,0.66,0.67,33.68,68.43,1.94,18.65,9.0,Cabrobó,PE,Nordeste,-8.51,-39.3
2024,40,5.48,0.66,0.66,33.69,69.88,2.6,17.1,8.28,Cabrobó,PE,Nordeste,-8.51,-39.3
2024,41,11.06,0.67,0.71,31.74,74.25,3.41,15.46,7.46,Cabrobó,PE,Nordeste,-8.51,-39.3
2024,42,9.84,0.67,0.69,34.06,72.9,3.47,22.11,10.42,Cabrobó,PE,Nordeste,-8.51,-39.3
2024,43,4.44,0.68,0.7,32.1,71.5,3.7,20.53,9.77,Cabrobó,PE,Nordeste,-8.51,-39.3
2024,44,5.65,0.67,0.68,33.26,73.21,3.14,18.14,8.66,Cabrobó,PE,Nordeste,-8.51,-39.3
2024,45,4.3,0.67,0.68,32.64,73.75,1.81,20.61,9.82,Cabrobó,PE,Nordeste,-8.51,-39.3
2024,46,3.02,0.67,0.68,31.73,75.76,0.87,23.47,11.13,Cabrobó,PE,Nordeste,-8.51,-39.3
2024,47,4.06,0.67,0.67,33.55,72.95,1.52,23.68,11.21,Cabrobó,PE,Nordeste,-8.51,-39.3
2024,48,3.34,0.67,0.66,35.17,64.77,1.36,21.68,10.26,Cabrobó,PE,Nordeste,-8.51,-39.3
2024,49,11.18,0.68,0.72,30.59,80.96,1.43,16.36,7.91,Cabrobó,PE,Nordeste,-8.51,-39.3
2024,50,5.89,0.68,0.7,30.42,76.95,1.24,14.21,6.94,Cabrobó,PE,Nordeste,-8.51,-39.3
2024,51,8.86,0.69,0.73,31.81,78.3,0.88,14.57,7.09,Cabrobó,PE,Nordeste,-8.51,-39.3
2024,52,19.96,0.71,0.78,27.69,85.6,1.6,17.62,8.46,Cabrobó,PE,Nordeste,-8.51,-39.3
2024,53,17.24,0.72,0.79,30.96,77.57,1.17,18.39,8.84,Cabrobó,PE,Nordeste,-8.51,-39.3
2024,54,6.73,0.73,0.77,31.04,78.61,1.81,19.49,9.28,Cabrobó,PE,Nordeste,-8.51,-39.3
2024,55,1.21,0.72,0.73,31.58,76.25,3.22,24.49,11.42,Cabrobó,PE,Nordeste,-8.51,-39.3
2024,56,0.47,0.7,0.71,31.55,76.45,3.12,20.14,9.66,Cabrobó,PE,Nordeste,-8.51,-39.3
2024,57,0.37,0.69,0.7,32.19,73.56,2.96,20.81,9.92,Cabrobó,PE,Nordeste,-8.51,-39.3
2024,58,3.81,0.69,0.7,32.35,75.74,2.86,19.94,9.52,Cabrobó,PE,Nordeste,-8.51,-39.3
2024,59,5.99,0.69,0.72,31.8,79.43,2.73,19.64,9.45,Cabrobó,PE,Nordeste,-8.51,-39.3
2024,60,5.98,0.69,0.73,29.02,81.71,0.96,22.69,10.85,Cabrobó,PE,Nordeste,-8.51,-39.3
2024,61,15.35,0.71,0.77,31.55,76.89,0.87,14.92,7.28,Cabrobó,PE,Nordeste,-8.51,-39.3
2024,62,1.82,0.71,0.72,32.05,73.99,0.85,20.65,9.92,Cabrobó,PE,Nordeste,-8.51,-39.3
2024,63,8.45,0.71,0.75,27.96,86.7,1.24,15.51,7.62,Cabrobó,PE,Nordeste,-8.51,-39.3
2024,64,22.45,0.74,0.82,28.78,86.08,1.51,17.88,8.67,Cabrobó,PE,Nordeste,-8.51,-39.3
2024,65,4.0,0.74,0.76,31.09,78.91,1.46,21.99,10.51,Cabrobó,PE,Nordeste,-8.51,-39.3
2024,66,3.42,0.73,0.75,31.31,77.1,1.78,25.65,12.1,Cabrobó,PE,Nordeste,-8.51,-39.3
2024,67,2.31,0.72,0.74,32.18,76.93,2.28,22.77,10.88,Cabrobó,PE,Nordeste,-8.51,-39.3
2024,68,2.5,0.71,0.72,32.75,76.24,3.37,18.87,9.05,Cabrobó,PE,Nordeste,-8.51,-39.3
2024,69,1.74,0.7,0.72,32.59,72.6,2.19,24.21,11.34,Cabrobó,PE,Nordeste,-8.51,-39.3
2024,70,5.96,0.7,0.73,32.08,74.58,1.8,25.24,11.88,Cabrobó,PE,Nordeste,-8.51,-39.3
2024,71,2.09,0.7,0.71,32.78,75.88,1.31,23.99,11.26,Cabrobó,PE,Nordeste,-8.51,-39.3
2024,72,11.15,0.7,0.74,31.48,80.68,1.79,18.98,9.12,Cabrobó,PE,Nordeste,-8.51,-39.3
2024,73,10.32,0.72,0.76,31.36,82.17,1.32,13.17,6.47,Cabrobó,PE,Nordeste,-8.51,-39.3
2024,74,3.32,0.71,0.73,31.22,80.63,1.64,16.64,7.92,Cabrobó,PE,Nordeste,-8.51,-39.3
2024,75,5.67,0.71,0.74,32.41,74.25,2.01,19.77,9.44,Cabrobó,PE,Nordeste,-8.51,-39.3
2024,76,0.46,0.7,0.71,33.03,69.22,2.0,25.16,11.77,Cabrobó,PE,Nordeste,-8.51,-39.3
2024,77,5.57,0.7,0.73,32.55,76.05,1.77,20.82,10.05,Cabrobó,PE,Nordeste,-8.51,-39.3
2024,78,11.42,0.71,0.75,32.42,77.29,1.53,22.52,10.77,Cabrobó,PE,Nordeste,-8.51,-39.3
2024,79,5.22,0.71,0.74,32.5,73.37,1.92,20.58,9.87,Cabrobó,PE,Nordeste,-8.51,-39.3
2024,80,1.26,0.7,0.71,32.61,70.29,1.56,21.18,10.0,Cabrobó,PE,Nordeste,-8.51,-39.3
2024,81,6.31,0.7,0.73,31.99,75.83,1.39,23.57,11.21,Cabrobó,PE,Nordeste,-8.51,-39.3
2024,82,1.69,0.7,0.71,32.71,70.11,1.68,23.73,11.15,Cabrobó,PE,Nordeste,-8.51,-39.3
2024,83,6.46,0.69,0.72,32.61,71.62,2.62,23.25,10.98,Cabrobó,PE,Nordeste,-8.51,-39.3
2024,84,4.06,0.69,0.7,33.13,69.28,2.93,23.61,10.95,Cabrobó,PE,Nordeste,-8.51,-39.3
2024,85,4.88,0.69,0.71,32.68,74.65,1.91,18.97,8.97,Cabrobó,PE,Nordeste,-8.51,-39.3
2024,86,5.24,0.69,0.71,32.2,74.27,1.4,20.58,9.76,Cabrobó,PE,Nordeste,-8.51,-39.3
2024,87,10.31,0.69,0.73,32.45,75.97,2.13,17.98,8.52,Cabrobó,PE,Nordeste,-8.51,-39.3
2024,88,2.41,0.69,0.7,33.26,73.73,2.73,24.25,11.42,Cabrobó,PE,Nordeste,-8.51,-39.3
2024,89,1.31,0.68,0.69,33.04,72.53,3.31,16.81,8.1,Cabrobó,PE,Nordeste,-8.51,-39.3
2024,90,0.06,0.67,0.67,32.82,75.31,2.17,18.54,8.85,Cabrobó,PE,Nordeste,-8.51,-39.3
2024,91,2.76,0.67,0.66,34.2,72.57,1.11,20.72,9.87,Cabrobó,PE,Nordeste,-8.51,-39.3
2024,92,5.03,0.67,0.68,33.41,74.84,1.1,18.88,9.0,Cabrobó,PE,Nordeste,-8.51,-39.3
2024,93,15.35,0.69,0.74,28.96,85.67,1.31,18.14,8.72,Cabrobó,PE,Nordeste,-8.51,-39.3
2024,94,36.09,0.73,0.82,28.89,85.13,1.12,19.73,9.45,Cabrobó,PE,Nordeste,-8.51,-39.3
2024,95,8.62,0.74,0.78,30.58,81.99,1.27,18.02,8.67,Cabrobó,PE,Nordeste,-8.51,-39.3
2024,96,10.67,0.74,0.79,29.69,83.7,1.55,18.56,8.93,Cabrobó,PE,Nordeste,-8.51,-39.3
2024,97,0.36,0.73,0.74,30.96,78.32,1.91,23.99,11.29,Cabrobó,PE,Nordeste,-8.51,-39.3
2024,98,5.8,0.72,0.75,30.99,79.06,2.42,21.75,10.3,Cabrobó,PE,Nordeste,-8.51,-39.3
2024,99,4.15,0.72,0.74,31.47,79.55,2.37,24.09,11.31,Cabrobó,PE,Nordeste,-8.51,-39.3
2024,100,1.99,0.71,0.73,31.7,77.74,1.76,16.45,7.91,Cabrobó,PE,Nordeste,-8.51,-39.3
2024,101,6.93,0.71,0.74,31.31,80.04,1.64,18.46,8.8,Cabrobó,PE,Nordeste,-8.51,-39.3
2024,102,3.8,0.71,0.73,31.51,78.97,1.79,19.34,9.22,Cabrobó,PE,Nordeste,-8.51,-39.3
2024,103,2.81,0.7,0.72,31.5,79.68,2.61,17.92,8.61,Cabrobó,PE,Nordeste,-8.51,-39.3
2024,104,6.34,0.71,0.74,30.07,82.15,2.48,18.95,9.1,Cabrobó,PE,Nordeste,-8.51,-39.3
2024,105,6.11,0.71,0.74,31.13,79.63,2.48,22.04,10.4,Cabrobó,PE,Nordeste,-8.51,-39.3
2024,106,2.81,0.71,0.72,31.63,79.77,2.73,21.14,10.03,Cabrobó,PE,Nordeste,-8.51,-39.3
2024,107,12.85,0.71,0.76,31.38,83.06,2.62,20.0,9.61,Cabrobó,PE,Nordeste,-8.51,-39.3
2024,108,5.1,0.72,0.75,31.3,80.87,2.34,16.62,7.96,Cabrobó,PE,Nordeste,-8.51,-39.3
2024,109,7.59,0.71,0.74,31.41,84.41,2.44,15.23,7.36,Cabrobó,PE,Nordeste,-8.51,-39.3
2024,110,1.94,0.71,0.74,29.81,84.96,2.88,15.25,7.41,Cabrobó,PE,Nordeste,-8.51,-39.3
2024,111,0.15,0.71,0.72,30.12,78.25,2.39,18.41,8.7,Cabrobó,PE,Nordeste,-8.51,-39.3
2024,112,3.0,0.7,0.72,30.49,80.12,2.07,18.69,8.89,Cabrobó,PE,Nordeste,-8.51,-39.3
2024,113,8.79,0.7,0.73,30.87,80.94,2.01,20.55,9.77,Cabrobó,PE,Nordeste,-8.51,-39.3
2024,114,5.3,0.71,0.75,29.8,83.13,1.65,17.4,8.32,Cabrobó,PE,Nordeste,-8.51,-39.3
2024,115,3.24,0.71,0.73,31.18,76.18,2.0,20.17,9.48,Cabrobó,PE,Nordeste,-8.51,-39.3
2024,116,4.7,0.71,0.73,31.36,75.86,2.28,21.85,10.26,Cabrobó,PE,Nordeste,-8.51,-39.3
2024,117,2.78,0.7,0.72,31.92,77.8,2.81,18.62,8.78,Cabrobó,PE,Nordeste,-8.51,-39.3
2024,118,7.78,0.7,0.73,31.69,81.03,2.98,17.97,8.48,Cabrobó,PE,Nordeste,-8.51,-39.3
2024,119,4.25,0.7,0.72,30.5,78.54,2.98,18.93,8.87,Cabrobó,PE,Nordeste,-8.51,-39.3
2024,120,4.72,0.71,0.74,30.78,79.11,3.01,18.69,8.85,Cabrobó,PE,Nordeste,-8.51,-39.3
2024,121,0.01,0.7,0.7,31.52,76.75,2.55,19.86,9.26,Cabrobó,PE,Nordeste,-8.51,-39.3
2024,122,0.0,0.69,0.69,31.2,77.75,2.29,19.56,9.27,Cabrobó,PE,Nordeste,-8.51,-39.3
2024,123,3.16,0.68,0.69,32.17,77.96,2.55,21.63,10.19,Cabrobó,PE,Nordeste,-8.51,-39.3
2024,124,3.07,0.68,0.7,32.53,77.21,3.31,19.23,9.14,Cabrobó,PE,Nordeste,-8.51,-39.3
2024,125,3.16,0.68,0.69,31.85,73.9,3.69,15.49,7.35,Cabrobó,PE,Nordeste,-8.51,-39.3
2024,126,3.62,0.68,0.69,31.61,75.29,3.39,20.51,9.72,Cabrobó,PE,Nordeste,-8.51,-39.3
2024,127,6.66,0.68,0.71,30.34,80.4,2.96,16.34,7.74,Cabrobó,PE,Nordeste,-8.51,-39.3
2024,128,2.12,0.68,0.69,27.97,84.14,3.47,13.75,6.67,Cabrobó,PE,Nordeste,-8.51,-39.3
2024,129,4.06,0.68,0.7,30.77,81.25,2.55,16.41,7.8,Cabrobó,PE,Nordeste,-8.51,-39.3
2024,130,4.12,0.68,0.7,30.61,83.33,3.64,13.45,6.5,Cabrobó,PE,Nordeste,-8.51,-39.3
2024,131,0.52,0.68,0.68,29.91,72.74,2.29,22.51,10.07,Cabrobó,PE,Nordeste,-8.51,-39.3
2024,132,7.5,0.68,0.71,29.55,82.73,1.89,14.95,7.02,Cabrobó,PE,Nordeste,-8.51,-39.3
2024,133,1.4,0.68,0.69,31.27,76.51,2.36,16.43,7.79,Cabrobó,PE,Nordeste,-8.51,-39.3
2024,134,5.16,0.68,0.7,31.62,79.36,2.14,21.14,9.85,Cabrobó,PE,Nordeste,-8.51,-39.3
2024,135,5.67,0.68,0.7,31.53,79.06,1.97,20.32,9.56,Cabrobó,PE,Nordeste,-8.51,-39.3
2024,136,0.38,0.68,0.67,32.27,71.28,2.92,22.75,10.45,Cabrobó,PE,Nordeste,-8.51,-39.3
2024,137,7.15,0.68,0.7,29.51,79.55,2.78,17.24,8.13,Cabrobó,PE,Nordeste,-8.51,-39.3
2024,138,0.84,0.68,0.68,30.93,75.06,2.84,21.41,9.92,Cabrobó,PE,Nordeste,-8.51,-39.3
2024,139,4.9,0.68,0.69,30.54,80.26,2.18,15.28,7.33,Cabrobó,PE,Nordeste,-8.51,-39.3
2024,140,4.79,0.68,0.7,27.9,83.24,2.91,16.94,8.13,Cabrobó,PE,Nordeste,-8.51,-39.3
2024,141,2.99,0.68,0.69,29.04,79.37,2.15,12.36,6.07,Cabrobó,PE,Nordeste,-8.51,-39.3
2024,142,3.53,0.68,0.68,30.97,79.45,2.87,16.78,7.91,Cabrobó,PE,Nordeste,-8.51,-39.3
2024,143,1.45,0.68,0.68,30.86,75.96,3.68,18.12,8.46,Cabrobó,PE,Nordeste,-8.51,-39.3
2024,144,2.53,0.67,0.68,31.24,76.16,3.11,15.42,7.22,Cabrobó,PE,Nordeste,-8.51,-39.3
2024,145,2.18,0.67,0.67,30.74,73.89,2.89,20.51,9.55,Cabrobó,PE,Nordeste,-8.51,-39.3
2024,146,3.71,0.67,0.67,31.56,77.03,3.13,15.27,7.24,Cabrobó,PE,Nordeste,-8.51,-39.3
2024,147,5.3,0.67,0.68,30.08,76.0,3.07,17.03,8.05,Cabrobó,PE,Nordeste,-8.51,-39.3
2024,148,2.27,0.67,0.67,30.62,73.22,3.0,21.64,10.01,Cabrobó,PE,Nordeste,-8.51,-39.3
2024,149,2.67,0.67,0.67,31.23,76.75,2.85,16.21,7.71,Cabrobó,PE,Nordeste,-8.51,-39.3
2024,150,0.18,0.66,0.65,31.45,75.21,2.48,19.37,9.08,Cabrobó,PE,Nordeste,-8.51,-39.3
2024,151,0.01,0.66,0.64,31.84,74.55,2.62,20.47,9.53,Cabrobó,PE,Nordeste,-8.51,-39.3
2024,152,0.0,0.65,0.63,31.67,70.62,3.66,19.1,8.87,Cabrobó,PE,Nordeste,-8.51,-39.3
2024,153,0.02,0.65,0.63,31.68,73.48,3.72,16.8,7.82,Cabrobó,PE,Nordeste,-8.51,-39.3
2024,154,0.45,0.65,0.62,31.86,75.71,3.89,14.82,7.01,Cabrobó,PE,Nordeste,-8.51,-39.3
2024,155,0.26,0.64,0.62,32.23,69.16,3.81,17.61,8.18,Cabrobó,PE,Nordeste,-8.51,-39.3
2024,156,0.93,0.64,0.62,32.11,72.17,3.19,14.38,6.71,Cabrobó,PE,Nordeste,-8.51,-39.3
2024,157,2.97,0.64,0.64,32.63,73.78,3.4,14.76,7.01,Cabrobó,PE,Nordeste,-8.51,-39.3
2024,158,2.64,0.64,0.63,31.41,76.13,3.51,13.23,6.19,Cabrobó,PE,Nordeste,-8.51,-39.3
2024,159,8.17,0.65,0.66,31.26,79.54,3.42,13.36,6.39,Cabrobó,PE,Nordeste,-8.51,-39.3
2024,160,6.18,0.66,0.68,28.44,84.04,3.59,14.97,7.18,Cabrobó,PE,Nordeste,-8.51,-39.3
2024,161,0.92,0.66,0.65,31.34,74.47,3.67,20.17,9.38,Cabrobó,PE,Nordeste,-8.51,-39.3
2024,162,4.06,0.66,0.66,31.14,75.97,3.74,17.21,8.08,Cabrobó,PE,Nordeste,-8.51,-39.3
2024,163,1.08,0.66,0.64,31.11,72.78,3.49,20.34,9.32,Cabrobó,PE,Nordeste,-8.51,-39.3
2024,164,2.89,0.65,0.65,30.6,75.44,3.76,11.87,5.7,Cabrobó,PE,Nordeste,-8.51,-39.3
2024,165,0.89,0.65,0.63,31.25,76.61,3.85,11.77,5.69,Cabrobó,PE,Nordeste,-8.51,-39.3
2024,166,0.73,0.65,0.63,30.5,72.42,4.26,14.15,6.72,Cabrobó,PE,Nordeste,-8.51,-39.3
2024,167,4.71,0.65,0.65,30.91,73.86,3.65,11.72,5.59,Cabrobó,PE,Nordeste,-8.51,-39.3
2024,168,1.33,0.65,0.64,30.15,72.46,3.93,17.76,8.21,Cabrobó,PE,Nordeste,-8.51,-39.3
2024,169,2.46,0.65,0.64,30.27,72.06,3.21,21.11,9.67,Cabrobó,PE,Nordeste,-8.51,-39.3
2024,170,2.91,0.65,0.65,31.06,73.69,3.29,13.22,6.26,Cabrobó,PE,Nordeste,-8.51,-39.3
2024,171,0.11,0.65,0.62,31.2,73.17,3.38,19.19,8.83,Cabrobó,PE,Nordeste,-8.51,-39.3
2024,172,0.7,0.64,0.62,31.14,70.42,3.85,14.68,6.91,Cabrobó,PE,Nordeste,-8.51,-39.3
2024,173,18.5,0.66,0.71,29.94,77.28,3.7,16.2,7.56,Cabrobó,PE,Nordeste,-8.51,-39.3
2024,174,1.15,0.67,0.67,29.94,76.7,3.56,10.75,5.19,Cabrobó,PE,Nordeste,-8.51,-39.3
2024,175,0.27,0.66,0.65,30.53,75.85,3.37,16.15,7.59,Cabrobó,PE,Nordeste,-8.51,-39.3
2024,176,0.96,0.66,0.64,30.43,74.89,3.19,16.44,7.7,Cabrobó,PE,Nordeste,-8.51,-39.3
2024,177,0.33,0.65,0.63,30.3,75.18,3.02,17.3,8.05,Cabrobó,PE,Nordeste,-8.51,-39.3
2024,178,1.1,0.65,0.64,30.5,74.43,3.24,11.99,5.68,Cabrobó,PE,Nordeste,-8.51,-39.3
2024,179,2.56,0.65,0.64,31.06,73.35,2.42,19.43,8.94,Cabrobó,PE,Nordeste,-8.51,-39.3
2024,180,7.62,0.66,0.67,30.72,71.88,2.62,21.09,9.61,Cabrobó,PE,Nordeste,-8.51,-39.3
2024,181,11.87,0.67,0.7,29.97,70.0,3.0,20.65,9.37,Cabrobó,PE,Nordeste,-8.51,-39.3
2024,182,0.03,0.67,0.66,29.77,68.55,2.64,21.75,9.68,Cabrobó,PE,Nordeste,-8.51,-39.3
2024,183,9.21,0.67,0.7,29.42,76.62,3.28,18.99,8.73,Cabrobó,PE,Nordeste,-8.51,-39.3
2024,184,5.7,0.68,0.7,29.35,74.95,3.39,20.22,9.2,Cabrobó,PE,Nordeste,-8.51,-39.3
2024,185,9.02,0.68,0.72,28.79,76.5,3.21,14.07,6.64,Cabrobó,PE,Nordeste,-8.51,-39.3
2024,186,0.16,0.68,0.67,29.14,72.26,3.59,17.6,8.08,Cabrobó,PE,Nordeste,-8.51,-39.3
2024,187,13.58,0.69,0.73,29.19,78.09,3.06,16.04,7.42,Cabrobó,PE,Nordeste,-8.51,-39.3
2024,188,6.64,0.69,0.73,29.25,81.71,3.06,13.22,6.37,Cabrobó,PE,Nordeste,-8.51,-39.3
2024,189,6.66,0.69,0.73,28.63,80.22,3.75,12.0,5.85,Cabrobó,PE,Nordeste,-8.51,-39.3
2024,190,3.27,0.69,0.71,29.08,76.23,3.06,16.92,7.86,Cabrobó,PE,Nordeste,-8.51,-39.3
2024,191,0.01,0.69,0.69,29.17,76.51,2.5,17.11,7.95,Cabrobó,PE,Nordeste,-8.51,-39.3
2024,192,6.15,0.69,0.71,29.82,80.78,3.28,15.87,7.54,Cabrobó,PE,Nordeste,-8.51,-39.3
2024,193,0.43,0.68,0.69,28.52,69.1,4.33,20.28,9.17,Cabrobó,PE,Nordeste,-8.51,-39.3
2024,194,0.04,0.68,0.67,29.75,75.68,3.58,13.61,6.49,Cabrobó,PE,Nordeste,-8.51,-39.3
2024,195,0.0,0.67,0.66,28.62,70.17,4.74,19.88,9.11,Cabrobó,PE,Nordeste,-8.51,-39.3
2024,196,0.03,0.67,0.66,28.8,71.7,4.01,19.53,8.96,Cabrobó,PE,Nordeste,-8.51,-39.3
2024,197,0.01,0.66,0.65,29.57,68.68,4.12,19.21,8.8,Cabrobó,PE,Nordeste,-8.51,-39.3
2024,198,0.01,0.66,0.64,29.64,72.5,3.98,18.95,8.72,Cabrobó,PE,Nordeste,-8.51,-39.3
2024,199,0.54,0.66,0.64,29.96,74.5,3.8,15.64,7.37,Cabrobó,PE,Nordeste,-8.51,-39.3
2024,200,0.02,0.65,0.63,29.89,69.16,3.76,15.82,7.42,Cabrobó,PE,Nordeste,-8.51,-39.3
2024,201,0.03,0.65,0.63,29.78,70.62,3.93,13.83,6.56,Cabrobó,PE,Nordeste,-8.51,-39.3
2024,202,0.01,0.65,0.62,29.15,68.58,3.81,17.03,7.94,Cabrobó,PE,Nordeste,-8.51,-39.3
2024,203,0.0,0.64,0.62,29.34,68.29,3.59,18.39,8.47,Cabrobó,PE,Nordeste,-8.51,-39.3
2024,204,0.0,0.64,0.62,30.11,67.01,3.76,18.79,8.61,Cabrobó,PE,Nordeste,-8.51,-39.3
2024,205,0.07,0.64,0.61,30.58,68.45,4.09,17.62,8.15,Cabrobó,PE,Nordeste,-8.51,-39.3
2024,206,0.3,0.64,0.61,30.34,68.18,4.1,14.03,6.67,Cabrobó,PE,Nordeste,-8.51,-39.3
2024,207,0.0,0.63,0.61,30.73,67.54,3.79,17.25,8.0,Cabrobó,PE,Nordeste,-8.51,-39.3
2024,208,0.0,0.63,0.6,30.79,65.32,4.35,19.32,8.81,Cabrobó,PE,Nordeste,-8.51,-39.3
2024,209,0.0,0.63,0.6,30.53,62.37,4.16,19.26,8.81,Cabrobó,PE,Nordeste,-8.51,-39.3
2024,210,0.0,0.63,0.59,31.15,64.46,3.75,20.05,9.17,Cabrobó,PE,Nordeste,-8.51,-39.3
2024,211,0.03,0.62,0.59,32.08,65.74,3.28,17.16,7.87,Cabrobó,PE,Nordeste,-8.51,-39.3
2024,212,0.0,0.62,0.59,32.67,64.84,3.53,17.72,8.2,Cabrobó,PE,Nordeste,-8.51,-39.3
2024,213,0.0,0.62,0.59,32.18,64.61,4.67,22.65,10.22,Cabrobó,PE,Nordeste,-8.51,-39.3
2024,214,0.74,0.62,0.59,31.22,67.1,4.31,14.23,6.77,Cabrobó,PE,Nordeste,-8.51,-39.3
2024,215,1.5,0.62,0.6,30.7,66.25,4.34,19.85,9.14,Cabrobó,PE,Nordeste,-8.51,-39.3
2024,216,2.83,0.62,0.61,30.32,65.62,4.38,20.2,9.22,Cabrobó,PE,Nordeste,-8.51,-39.3
2024,217,0.04,0.62,0.59,30.41,62.79,4.32,15.15,7.07,Cabrobó,PE,Nordeste,-8.51,-39.3
2024,218,0.06,0.62,0.58,31.09,60.99,4.45,23.04,10.38,Cabrobó,PE,Nordeste,-8.51,-39.3
2024,219,0.0,0.61,0.58,30.99,62.85,4.08,19.17,8.8,Cabrobó,PE,Nordeste,-8.51,-39.3
2024,220,0.01,0.61,0.56,32.15,58.88,3.92,19.63,9.02,Cabrobó,PE,Nordeste,-8.51,-39.3
2024,221,0.0,0.61,0.54,32.37,61.91,3.65,23.61,10.65,Cabrobó,PE,Nordeste,-8.51,-39.3
2024,222,0.0,0.61,0.52,33.51,61.37,3.55,22.26,10.18,Cabrobó,PE,Nordeste,-8.51,-39.3
2024,223,0.0,0.61,0.49,34.39,55.33,2.24,23.99,10.94,Cabrobó,PE,Nordeste,-8.51,-39.3
2024,224,0.0,0.6,0.47,36.52,52.49,2.81,23.56,10.67,Cabrobó,PE,Nordeste,-8.51,-39.3
2024,225,0.0,0.6,0.44,35.75,53.49,3.74,23.27,10.58,Cabrobó,PE,Nordeste,-8.51,-39.3
2024,226,0.0,0.6,0.42,36.44,50.75,4.18,23.23,10.56,Cabrobó,PE,Nordeste,-8.51,-39.3
2024,227,0.0,0.6,0.41,33.33,58.47,5.33,20.0,9.11,Cabrobó,PE,Nordeste,-8.51,-39.3
2024,228,0.0,0.6,0.41,32.72,57.31,4.56,21.99,9.85,Cabrobó,PE,Nordeste,-8.51,-39.3
2024,229,0.0,0.6,0.4,32.79,59.56,4.55,17.88,8.19,Cabrobó,PE,Nordeste,-8.51,-39.3
2024,230,0.1,0.6,0.4,32.77,58.32,4.25,18.93,8.79,Cabrobó,PE,Nordeste,-8.51,-39.3
2024,231,0.02,0.6,0.39,32.49,53.52,4.46,18.84,8.59,Cabrobó,PE,Nordeste,-8.51,-39.3
2024,232,0.06,0.6,0.38,32.1,57.44,4.12,19.07,8.65,Cabrobó,PE,Nordeste,-8.51,-39.3
2024,233,0.12,0.6,0.38,33.89,54.51,3.97,21.05,9.56,Cabrobó,PE,Nordeste,-8.51,-39.3
2024,234,0.45,0.6,0.38,34.48,52.81,4.03,23.87,10.75,Cabrobó,PE,Nordeste,-8.51,-39.3
2024,235,0.0,0.6,0.37,34.57,58.25,5.47,20.04,9.18,Cabrobó,PE,Nordeste,-8.51,-39.3
2024,236,0.01,0.6,0.36,33.45,56.35,5.16,19.29,8.74,Cabrobó,PE,Nordeste,-8.51,-39.3
2024,237,0.09,0.6,0.36,33.78,54.03,3.96,21.5,9.76,Cabrobó,PE,Nordeste,-8.51,-39.3
2024,238,0.0,0.6,0.35,34.32,52.08,3.83,23.38,10.61,Cabrobó,PE,Nordeste,-8.51,-39.3
2024,239,0.0,0.59,0.34,35.15,52.33,3.75,24.52,11.16,Cabrobó,PE,Nordeste,-8.51,-39.3
2024,240,0.0,0.59,0.33,34.38,53.0,4.9,24.6,11.12,Cabrobó,PE,Nordeste,-8.51,-39.3
2024,241,0.0,0.59,0.32,33.37,54.86,5.92,21.32,9.77,Cabrobó,PE,Nordeste,-8.51,-39.3
2024,242,0.02,0.59,0.32,33.4,53.12,5.6,23.26,10.57,Cabrobó,PE,Nordeste,-8.51,-39.3
2024,243,0.0,0.59,0.32,33.07,53.13,5.02,22.3,10.04,Cabrobó,PE,Nordeste,-8.51,-39.3
2024,244,0.0,0.59,0.31,33.42,50.72,4.78,24.91,11.16,Cabrobó,PE,Nordeste,-8.51,-39.3
2024,245,0.0,0.59,0.31,33.01,50.47,4.87,23.11,10.46,Cabrobó,PE,Nordeste,-8.51,-39.3
2024,246,0.0,0.59,0.3,33.77,47.55,4.43,26.12,11.63,Cabrobó,PE,Nordeste,-8.51,-39.3
2024,247,0.0,0.59,0.29,34.92,45.65,4.07,26.49,11.74,Cabrobó,PE,Nordeste,-8.51,-39.3
2024,248,0.0,0.59,0.29,35.03,49.12,4.17,26.25,11.75,Cabrobó,PE,Nordeste,-8.51,-39.3
2024,249,0.0,0.59,0.28,34.66,48.1,4.46,26.04,11.67,Cabrobó,PE,Nordeste,-8.51,-39.3
2024,250,0.16,0.59,0.28,34.99,49.32,4.1,25.72,11.64,Cabrobó,PE,Nordeste,-8.51,-39.3
2024,251,3.72,0.6,0.39,34.13,55.58,5.53,21.26,9.81,Cabrobó,PE,Nordeste,-8.51,-39.3
2024,252,0.0,0.6,0.39,33.82,57.37,5.37,19.31,8.91,Cabrobó,PE,Nordeste,-8.51,-39.3
2024,253,0.01,0.6,0.37,33.91,53.22,5.4,23.34,10.59,Cabrobó,PE,Nordeste,-8.51,-39.3
2024,254,0.01,0.6,0.35,34.1,50.87,4.88,24.59,11.13,Cabrobó,PE,Nordeste,-8.51,-39.3
2024,255,0.0,0.59,0.34,34.3,51.31,5.36,24.89,11.27,Cabrobó,PE,Nordeste,-8.51,-39.3
2024,256,0.0,0.59,0.32,34.28,51.76,5.47,25.33,11.42,Cabrobó,PE,Nordeste,-8.51,-39.3
2024,257,0.0,0.59,0.31,33.88,52.03,5.02,18.82,8.72,Cabrobó,PE,Nordeste,-8.51,-39.3
2024,258,0.0,0.59,0.3,34.68,50.04,4.39,20.23,9.32,Cabrobó,PE,Nordeste,-8.51,-39.3
2024,259,0.01,0.59,0.29,35.57,50.08,4.72,24.28,10.99,Cabrobó,PE,Nordeste,-8.51,-39.3
2024,260,0.0,0.59,0.28,35.82,46.77,4.74,26.32,11.84,Cabrobó,PE,Nordeste,-8.51,-39.3
2024,261,0.0,0.59,0.27,36.56,47.75,4.56,26.78,12.15,Cabrobó,PE,Nordeste,-8.51,-39.3
2024,262,0.01,0.59,0.27,35.32,51.45,4.97,23.83,10.92,Cabrobó,PE,Nordeste,-8.51,-39.3
2024,263,0.0,0.59,0.26,35.29,49.68,4.79,20.79,9.69,Cabrobó,PE,Nordeste,-8.51,-39.3
2024,264,0.0,0.59,0.26,36.06,49.56,4.78,25.56,11.59,Cabrobó,PE,Nordeste,-8.51,-39.3
2024,265,0.0,0.59,0.25,35.74,47.86,4.56,26.09,11.82,Cabrobó,PE,Nordeste,-8.51,-39.3
2024,266,0.0,0.59,0.24,36.35,49.59,4.66,25.72,11.81,Cabrobó,PE,Nordeste,-8.51,-39.3
2024,267,0.01,0.59,0.24,36.76,49.63,4.53,25.23,11.56,Cabrobó,PE,Nordeste,-8.51,-39.3
2024,268,0.13,0.59,0.24,36.45,49.38,4.64,23.43,10.79,Cabrobó,PE,Nordeste,-8.51,-39.3
2024,269,3.02,0.59,0.27,35.14,50.08,5.0,22.78,10.48,Cabrobó,PE,Nordeste,-8.51,-39.3
2024,270,0.24,0.6,0.35,33.5,50.92,4.62,26.0,11.76,Cabrobó,PE,Nordeste,-8.51,-39.3
2024,271,0.01,0.59,0.33,36.21,50.21,3.05,25.97,11.89,Cabrobó,PE,Nordeste,-8.51,-39.3
2024,272,0.0,0.59,0.31,37.21,49.14,3.8,25.99,11.94,Cabrobó,PE,Nordeste,-8.51,-39.3
2024,273,0.01,0.59,0.3,36.34,53.05,5.5,17.57,8.28,Cabrobó,PE,Nordeste,-8.51,-39.3
2024,274,0.01,0.59,0.29,35.51,50.49,5.81,19.31,8.95,Cabrobó,PE,Nordeste,-8.51,-39.3
2024,275,0.0,0.59,0.28,35.34,48.07,4.89,26.67,11.95,Cabrobó,PE,Nordeste,-8.51,-39.3
2024,276,0.01,0.59,0.27,35.15,49.28,3.59,26.01,11.86,Cabrobó,PE,Nordeste,-8.51,-39.3
2024,277,0.02,0.59,0.26,37.12,49.3,4.26,24.8,11.36,Cabrobó,PE,Nordeste,-8.51,-39.3
2024,278,0.0,0.59,0.26,37.57,45.95,3.79,25.35,11.62,Cabrobó,PE,Nordeste,-8.51,-39.3
2024,279,0.0,0.59,0.25,37.98,46.13,4.27,27.25,12.39,Cabrobó,PE,Nordeste,-8.51,-39.3
2024,280,0.3,0.59,0.24,37.43,44.13,4.62,26.02,11.63,Cabrobó,PE,Nordeste,-8.51,-39.3
2024,281,0.03,0.59,0.24,38.03,43.84,3.73,27.55,12.49,Cabrobó,PE,Nordeste,-8.51,-39.3
2024,282,0.0,0.59,0.24,37.61,46.22,3.25,25.24,11.55,Cabrobó,PE,Nordeste,-8.51,-39.3
2024,283,0.06,0.59,0.23,40.06,34.14,2.3,27.86,12.59,Cabrobó,PE,Nordeste,-8.51,-39.3
2024,284,0.0,0.59,0.22,40.38,36.24,3.86,26.3,12.01,Cabrobó,PE,Nordeste,-8.51,-39.3
2024,285,0.0,0.59,0.22,38.0,45.75,4.57,22.46,10.3,Cabrobó,PE,Nordeste,-8.51,-39.3
2024,286,0.0,0.59,0.21,38.61,41.03,3.84,25.84,11.63,Cabrobó,PE,Nordeste,-8.51,-39.3
2024,287,0.0,0.59,0.21,38.64,44.65,4.4,26.67,12.13,Cabrobó,PE,Nordeste,-8.51,-39.3
2024,288,0.0,0.59,0.21,36.92,48.9,5.79,23.46,10.81,Cabrobó,PE,Nordeste,-8.51,-39.3
2024,289,0.0,0.59,0.2,37.6,47.4,4.57,22.76,10.59,Cabrobó,PE,Nordeste,-8.51,-39.3
2024,290,1.12,0.59,0.21,37.71,45.78,3.53,18.93,8.84,Cabrobó,PE,Nordeste,-8.51,-39.3
2024,291,1.29,0.59,0.26,37.0,47.75,2.42,16.44,7.8,Cabrobó,PE,Nordeste,-8.51,-39.3
2024,292,0.25,0.59,0.28,35.51,47.77,2.15,11.0,5.36,Cabrobó,PE,Nordeste,-8.51,-39.3
2024,293,0.0,0.59,0.27,37.74,44.71,2.93,20.95,9.87,Cabrobó,PE,Nordeste,-8.51,-39.3
2024,294,0.0,0.59,0.26,37.4,42.93,3.64,19.45,9.28,Cabrobó,PE,Nordeste,-8.51,-39.3
2024,295,0.0,0.59,0.25,37.87,42.6,4.36,24.13,11.18,Cabrobó,PE,Nordeste,-8.51,-39.3
2024,296,0.0,0.59,0.25,37.6,46.24,5.26,27.93,12.76,Cabrobó,PE,Nordeste,-8.51,-39.3
2024,297,0.0,0.59,0.24,37.59,43.03,4.09,27.77,12.56,Cabrobó,PE,Nordeste,-8.51,-39.3
2024,298,0.0,0.59,0.23,38.0,46.7,4.22,27.17,12.46,Cabrobó,PE,Nordeste,-8.51,-39.3
2024,299,0.0,0.59,0.23,38.28,42.87,3.82,28.21,12.92,Cabrobó,PE,Nordeste,-8.51,-39.3
2024,300,0.0,0.59,0.22,38.95,37.37,3.36,28.36,12.85,Cabrobó,PE,Nordeste,-8.51,-39.3
2024,301,0.0,0.59,0.22,39.21,37.44,3.62,28.48,12.95,Cabrobó,PE,Nordeste,-8.51,-39.3
2024,302,0.0,0.59,0.21,38.23,45.32,5.37,24.62,11.28,Cabrobó,PE,Nordeste,-8.51,-39.3
2024,303,0.0,0.59,0.21,37.29,46.44,4.94,27.6,12.52,Cabrobó,PE,Nordeste,-8.51,-39.3
2024,304,0.0,0.59,0.2,37.8,39.5,3.58,28.13,12.73,Cabrobó,PE,Nordeste,-8.51,-39.3
2024,305,0.0,0.59,0.2,37.74,42.19,3.46,25.81,11.89,Cabrobó,PE,Nordeste,-8.51,-39.3
2024,306,0.0,0.59,0.2,38.05,45.88,4.69,25.26,11.74,Cabrobó,PE,Nordeste,-8.51,-39.3
2024,307,0.0,0.59,0.19,37.83,45.87,5.07,24.12,11.22,Cabrobó,PE,Nordeste,-8.51,-39.3
2024,308,0.0,0.59,0.19,37.75,45.2,4.85,27.85,12.85,Cabrobó,PE,Nordeste,-8.51,-39.3
2024,309,0.0,0.59,0.19,38.01,42.85,4.89,28.05,12.9,Cabrobó,PE,Nordeste,-8.51,-39.3
2024,310,0.0,0.59,0.19,37.75,45.07,4.93,27.88,12.86,Cabrobó,PE,Nordeste,-8.51,-39.3
2024,311,0.0,0.59,0.18,37.33,41.72,4.4,27.18,12.58,Cabrobó,PE,Nordeste,-8.51,-39.3
2024,312,0.0,0.59,0.18,37.96,43.29,3.97,26.0,12.01,Cabrobó,PE,Nordeste,-8.51,-39.3
2024,313,0.01,0.59,0.18,38.99,40.24,3.52,27.01,12.47,Cabrobó,PE,Nordeste,-8.51,-39.3
2024,314,0.03,0.59,0.18,39.7,38.03,3.29,24.93,11.57,Cabrobó,PE,Nordeste,-8.51,-39.3
2024,315,0.03,0.59,0.18,40.3,36.45,3.06,26.93,12.53,Cabrobó,PE,Nordeste,-8.51,-39.3
2024,316,1.89,0.59,0.19,37.69,41.05,2.81,16.19,7.77,Cabrobó,PE,Nordeste,-8.51,-39.3
2024,317,0.33,0.59,0.24,35.3,49.4,1.48,16.73,8.11,Cabrobó,PE,Nordeste,-8.51,-39.3
2024,318,0.08,0.59,0.24,38.5,40.29,2.85,22.28,10.52,Cabrobó,PE,Nordeste,-8.51,-39.3
2024,319,0.0,0.59,0.24,38.94,36.39,4.04,27.36,12.67,Cabrobó,PE,Nordeste,-8.51,-39.3
2024,320,0.12,0.59,0.23,37.96,44.01,5.02,27.15,12.47,Cabrobó,PE,Nordeste,-8.51,-39.3
2024,321,0.0,0.59,0.23,37.67,46.57,5.2,22.19,10.34,Cabrobó,PE,Nordeste,-8.51,-39.3
2024,322,0.0,0.59,0.22,37.42,45.93,4.55,26.29,12.15,Cabrobó,PE,Nordeste,-8.51,-39.3
2024,323,0.0,0.59,0.22,38.04,46.15,4.3,25.21,11.7,Cabrobó,PE,Nordeste,-8.51,-39.3
2024,324,0.0,0.59,0.21,37.21,43.4,3.28,24.26,11.29,Cabrobó,PE,Nordeste,-8.51,-39.3
2024,325,0.05,0.59,0.21,38.75,40.86,3.18,24.9,11.57,Cabrobó,PE,Nordeste,-8.51,-39.3
2024,326,0.01,0.59,0.21,39.73,37.26,2.62,25.4,11.79,Cabrobó,PE,Nordeste,-8.51,-39.3
2024,327,0.0,0.59,0.2,39.43,37.02,2.84,25.76,11.97,Cabrobó,PE,Nordeste,-8.51,-39.3
2024,328,0.01,0.59,0.2,40.32,34.68,2.57,26.6,12.25,Cabrobó,PE,Nordeste,-8.51,-39.3
2024,329,0.09,0.59,0.19,39.0,40.39,2.8,22.41,10.49,Cabrobó,PE,Nordeste,-8.51,-39.3
2024,330,0.66,0.59,0.19,36.3,50.85,3.29,13.79,6.67,Cabrobó,PE,Nordeste,-8.51,-39.3
2024,331,2.09,0.59,0.27,29.51,63.94,3.01,17.48,8.34,Cabrobó,PE,Nordeste,-8.51,-39.3
2024,332,0.0,0.59,0.28,38.09,42.93,3.39,27.17,12.56,Cabrobó,PE,Nordeste,-8.51,-39.3
2024,333,0.03,0.59,0.27,38.58,38.66,3.9,28.23,12.97,Cabrobó,PE,Nordeste,-8.51,-39.3
2024,334,0.08,0.59,0.26,39.0,40.57,3.56,28.21,12.92,Cabrobó,PE,Nordeste,-8.51,-39.3
2024,335,0.04,0.59,0.25,39.22,40.79,3.62,27.99,12.9,Cabrobó,PE,Nordeste,-8.51,-39.3
2024,336,0.17,0.59,0.24,39.45,36.92,2.74,27.48,12.62,Cabrobó,PE,Nordeste,-8.51,-39.3
2024,337,0.23,0.59,0.24,39.11,37.75,2.82,25.31,11.74,Cabrobó,PE,Nordeste,-8.51,-39.3
2024,338,0.88,0.59,0.24,38.89,40.84,2.5,22.21,10.38,Cabrobó,PE,Nordeste,-8.51,-39.3
2024,339,1.07,0.59,0.27,37.76,42.5,2.32,24.04,11.19,Cabrobó,PE,Nordeste,-8.51,-39.3
2024,340,0.28,0.59,0.28,36.17,44.89,2.93,20.77,9.84,Cabrobó,PE,Nordeste,-8.51,-39.3
2024,341,0.0,0.59,0.27,37.5,42.55,4.42,25.84,11.94,Cabrobó,PE,Nordeste,-8.51,-39.3
2024,342,1.16,0.59,0.26,36.1,46.6,3.95,17.88,8.46,Cabrobó,PE,Nordeste,-8.51,-39.3
2024,343,0.6,0.59,0.31,35.89,52.75,3.16,21.55,10.22,Cabrobó,PE,Nordeste,-8.51,-39.3
2024,344,0.0,0.59,0.3,37.6,45.33,3.53,26.99,12.45,Cabrobó,PE,Nordeste,-8.51,-39.3
2024,345,0.0,0.59,0.28,37.17,45.48,3.03,27.49,12.62,Cabrobó,PE,Nordeste,-8.51,-39.3
2024,346,0.0,0.59,0.27,38.4,38.26,2.47,27.91,12.87,Cabrobó,PE,Nordeste,-8.51,-39.3
2024,347,0.0,0.59,0.26,39.69,35.93,3.3,27.06,12.52,Cabrobó,PE,Nordeste,-8.51,-39.3
2024,348,0.03,0.59,0.25,38.65,42.7,4.7,26.08,12.11,Cabrobó,PE,Nordeste,-8.51,-39.3
2024,349,0.01,0.59,0.24,38.7,42.94,3.7,26.71,12.3,Cabrobó,PE,Nordeste,-8.51,-39.3
2024,350,0.28,0.59,0.24,38.24,41.73,3.41,20.76,9.78,Cabrobó,PE,Nordeste,-8.51,-39.3
2024,351,0.05,0.59,0.23,39.44,38.88,3.41,23.0,10.69,Cabrobó,PE,Nordeste,-8.51,-39.3
2024,352,0.0,0.59,0.23,40.04,39.43,3.63,27.56,12.76,Cabrobó,PE,Nordeste,-8.51,-39.3
2024,353,0.05,0.59,0.22,39.44,40.97,3.89,27.03,12.65,Cabrobó,PE,Nordeste,-8.51,-39.3
2024,354,0.03,0.59,0.22,39.68,44.84,4.34,24.45,11.43,Cabrobó,PE,Nordeste,-8.51,-39.3
2024,355,0.12,0.59,0.22,39.25,43.64,4.27,21.8,10.27,Cabrobó,PE,Nordeste,-8.51,-39.3
2024,356,0.0,0.59,0.21,39.44,39.58,3.72,22.39,10.43,Cabrobó,PE,Nordeste,-8.51,-39.3
2024,357,0.16,0.59,0.21,38.72,43.75,3.67,21.31,10.01,Cabrobó,PE,Nordeste,-8.51,-39.3
2024,358,0.21,0.59,0.21,39.14,42.86,3.63,27.16,12.63,Cabrobó,PE,Nordeste,-8.51,-39.3
2024,359,0.0,0.59,0.2,39.47,37.63,3.47,27.34,12.61,Cabrobó,PE,Nordeste,-8.51,-39.3
2024,360,0.05,0.59,0.2,38.55,41.33,3.96,25.96,12.01,Cabrobó,PE,Nordeste,-8.51,-39.3
2024,361,0.0,0.59,0.2,38.29,38.87,3.8,27.94,12.78,Cabrobó,PE,Nordeste,-8.51,-39.3
2024,362,0.03,0.59,0.2,38.22,40.99,3.74,28.49,13.07,Cabrobó,PE,Nordeste,-8.51,-39.3
2024,363,0.21,0.59,0.19,39.05,42.7,3.69,24.48,11.38,Cabrobó,PE,Nordeste,-8.51,-39.3
2024,364,0.89,0.59,0.22,38.09,49.38,3.66,20.25,9.65,Cabrobó,PE,Nordeste,-8.51,-39.3
2024,365,0.06,0.59,0.22,40.05,37.42,3.68,27.16,12.53,Cabrobó,PE,Nordeste,-8.51,-39.3
2024,366,0.04,0.59,0.21,40.17,38.35,3.52,26.32,12.18,Cabrobó,PE,Nordeste,-8.51,-39.3
2025,1,0.04,0.59,0.21,39.21,43.68,3.67,23.26,10.77,Cabrobó,PE,Nordeste,-8.51,-39.3
2025,2,0.0,0.59,0.2,38.88,41.07,3.92,25.12,11.59,Cabrobó,PE,Nordeste,-8.51,-39.3
2025,3,0.0,0.59,0.2,39.55,39.48,3.69,26.85,12.36,Cabrobó,PE,Nordeste,-8.51,-39.3
2025,4,0.03,0.59,0.2,40.31,39.6,3.02,23.22,10.76,Cabrobó,PE,Nordeste,-8.51,-39.3
2025,5,0.16,0.59,0.19,40.12,36.74,2.93,23.63,10.92,Cabrobó,PE,Nordeste,-8.51,-39.3
2025,6,1.33,0.59,0.2,39.09,39.21,2.91,17.16,8.02,Cabrobó,PE,Nordeste,-8.51,-39.3
2025,7,1.16,0.59,0.26,38.33,44.24,1.91,20.87,9.85,Cabrobó,PE,Nordeste,-8.51,-39.3
2025,8,0.26,0.59,0.26,38.7,42.44,2.15,21.82,10.23,Cabrobó,PE,Nordeste,-8.51,-39.3
2025,9,1.16,0.59,0.26,37.09,48.91,2.23,17.26,8.22,Cabrobó,PE,Nordeste,-8.51,-39.3
2025,10,2.17,0.59,0.33,32.26,58.37,1.85,8.27,4.17,Cabrobó,PE,Nordeste,-8.51,-39.3
2025,11,1.32,0.59,0.35,30.88,66.13,1.68,12.6,6.18,Cabrobó,PE,Nordeste,-8.51,-39.3
2025,12,6.98,0.61,0.52,30.06,75.61,2.32,7.11,3.62,Cabrobó,PE,Nordeste,-8.51,-39.3
2025,13,1.59,0.61,0.57,33.38,68.95,2.13,18.51,8.86,Cabrobó,PE,Nordeste,-8.51,-39.3
2025,14,14.02,0.61,0.64,32.13,72.23,1.52,14.2,6.93,Cabrobó,PE,Nordeste,-8.51,-39.3
2025,15,12.18,0.65,0.7,27.37,83.34,1.26,10.94,5.5,Cabrobó,PE,Nordeste,-8.51,-39.3
2025,16,0.52,0.64,0.63,30.53,76.13,0.87,13.52,6.67,Cabrobó,PE,Nordeste,-8.51,-39.3
2025,17,0.18,0.64,0.61,33.47,65.03,2.41,25.12,11.67,Cabrobó,PE,Nordeste,-8.51,-39.3
2025,18,0.17,0.63,0.6,33.79,65.72,2.05,23.06,10.78,Cabrobó,PE,Nordeste,-8.51,-39.3
2025,19,0.41,0.62,0.6,33.55,66.15,1.14,14.86,7.23,Cabrobó,PE,Nordeste,-8.51,-39.3
2025,20,2.72,0.62,0.61,33.3,72.53,1.91,16.05,7.84,Cabrobó,PE,Nordeste,-8.51,-39.3
2025,21,0.4,0.62,0.6,35.44,65.89,1.89,26.29,12.32,Cabrobó,PE,Nordeste,-8.51,-39.3
2025,22,0.19,0.61,0.58,35.11,60.46,2.25,25.38,11.91,Cabrobó,PE,Nordeste,-8.51,-39.3
2025,23,0.83,0.61,0.57,35.48,60.11,2.27,23.0,10.82,Cabrobó,PE,Nordeste,-8.51,-39.3
2025,24,0.04,0.61,0.54,36.15,56.24,2.97,27.23,12.61,Cabrobó,PE,Nordeste,-8.51,-39.3
2025,25,0.03,0.6,0.48,36.65,54.16,2.43,24.4,11.38,Cabrobó,PE,Nordeste,-8.51,-39.3
2025,26,0.12,0.6,0.44,35.81,54.71,2.69,21.02,10.02,Cabrobó,PE,Nordeste,-8.51,-39.3
2025,27,0.07,0.6,0.42,35.96,55.11,1.89,24.28,11.49,Cabrobó,PE,Nordeste,-8.51,-39.3
2025,28,3.74,0.6,0.48,29.4,68.04,1.84,21.92,10.44,Cabrobó,PE,Nordeste,-8.51,-39.3
2025,29,8.45,0.62,0.62,34.28,67.76,1.69,20.54,9.76,Cabrobó,PE,Nordeste,-8.51,-39.3
2025,30,3.91,0.62,0.63,29.93,72.22,2.05,17.67,8.49,Cabrobó,PE,Nordeste,-8.51,-39.3
2025,31,0.21,0.62,0.59,36.1,56.38,2.7,25.58,11.93,Cabrobó,PE,Nordeste,-8.51,-39.3
2025,32,0.06,0.61,0.57,36.76,54.6,2.25,24.39,11.37,Cabrobó,PE,Nordeste,-8.51,-39.3
2025,33,0.0,0.61,0.54,36.08,55.07,2.08,24.38,11.39,Cabrobó,PE,Nordeste,-8.51,-39.3
2025,34,0.0,0.6,0.49,37.68,49.96,3.75,25.45,11.78,Cabrobó,PE,Nordeste,-8.51,-39.3
2025,35,0.0,0.6,0.44,37.23,50.28,4.68,24.82,11.44,Cabrobó,PE,Nordeste,-8.51,-39.3
2025,36,0.41,0.6,0.41,36.76,56.76,3.85,25.61,11.9,Cabrobó,PE,Nordeste,-8.51,-39.3
2025,37,0.3,0.6,0.4,34.68,63.73,3.81,18.49,8.75,Cabrobó,PE,Nordeste,-8.51,-39.3
2025,38,0.11,0.6,0.38,36.62,54.96,3.86,19.22,9.05,Cabrobó,PE,Nordeste,-8.51,-39.3
2025,39,0.06,0.6,0.36,36.54,47.94,3.82,25.87,11.87,Cabrobó,PE,Nordeste,-8.51,-39.3
2025,40,0.01,0.6,0.35,37.92,50.06,4.07,19.62,9.08,Cabrobó,PE,Nordeste,-8.51,-39.3
2025,41,0.0,0.59,0.34,35.87,56.6,4.12,20.5,9.57,Cabrobó,PE,Nordeste,-8.51,-39.3
2025,42,0.0,0.59,0.33,37.38,50.22,4.64,23.26,10.74,Cabrobó,PE,Nordeste,-8.51,-39.3
2025,43,0.0,0.59,0.32,37.66,46.56,4.17,25.9,11.86,Cabrobó,PE,Nordeste,-8.51,-39.3
2025,44,0.0,0.59,0.31,38.02,44.74,3.76,26.16,12.07,Cabrobó,PE,Nordeste,-8.51,-39.3
2025,45,0.0,0.59,0.3,38.16,45.0,3.52,27.02,12.52,Cabrobó,PE,Nordeste,-8.51,-39.3
2025,46,0.0,0.59,0.29,38.28,46.15,4.07,26.04,12.06,Cabrobó,PE,Nordeste,-8.51,-39.3
2025,47,0.01,0.59,0.28,37.89,52.89,4.71,23.44,10.86,Cabrobó,PE,Nordeste,-8.51,-39.3
2025,48,0.01,0.59,0.28,38.21,49.22,3.97,25.94,11.92,Cabrobó,PE,Nordeste,-8.51,-39.3
2025,49,0.36,0.59,0.27,38.35,48.3,3.42,27.84,12.97,Cabrobó,PE,Nordeste,-8.51,-39.3
2025,50,0.02,0.59,0.27,38.77,46.68,3.29,24.8,11.65,Cabrobó,PE,Nordeste,-8.51,-39.3
2025,51,0.07,0.59,0.27,38.66,42.11,3.81,25.18,11.75,Cabrobó,PE,Nordeste,-8.51,-39.3
2025,52,0.0,0.59,0.26,38.11,47.57,3.87,24.67,11.55,Cabrobó,PE,Nordeste,-8.51,-39.3
2025,53,0.0,0.59,0.25,38.44,44.65,3.83,25.51,11.87,Cabrobó,PE,Nordeste,-8.51,-39.3
2025,54,0.37,0.59,0.25,34.29,51.86,3.42,21.67,10.16,Cabrobó,PE,Nordeste,-8.51,-39.3
2025,55,0.57,0.59,0.26,37.3,45.63,3.62,25.61,11.82,Cabrobó,PE,Nordeste,-8.51,-39.3
2025,56,0.01,0.59,0.26,37.81,47.92,3.94,25.29,11.73,Cabrobó,PE,Nordeste,-8.51,-39.3
2025,57,0.0,0.59,0.26,37.74,48.99,3.55,24.34,11.33,Cabrobó,PE,Nordeste,-8.51,-39.3
2025,58,0.19,0.59,0.25,36.99,52.04,3.64,19.31,9.2,Cabrobó,PE,Nordeste,-8.51,-39.3
2025,59,0.16,0.59,0.25,37.12,54.42,4.73,18.53,8.91,Cabrobó,PE,Nordeste,-8.51,-39.3
2025,60,0.0,0.59,0.25,37.66,44.45,4.65,26.8,12.33,Cabrobó,PE,Nordeste,-8.51,-39.3
2025,61,1.54,0.59,0.28,38.01,54.58,4.12,21.7,10.17,Cabrobó,PE,Nordeste,-8.51,-39.3
2025,62,0.38,0.59,0.29,37.42,54.47,4.86,23.32,10.96,Cabrobó,PE,Nordeste,-8.51,-39.3
2025,63,1.22,0.59,0.31,36.31,55.69,4.47,18.62,8.79,Cabrobó,PE,Nordeste,-8.51,-39.3
2025,64,0.32,0.59,0.31,36.38,55.56,4.77,18.61,8.81,Cabrobó,PE,Nordeste,-8.51,-39.3
2025,65,0.02,0.59,0.3,37.62,50.9,4.9,22.97,10.73,Cabrobó,PE,Nordeste,-8.51,-39.3
2025,66,0.43,0.59,0.29,35.12,54.95,4.12,18.49,8.75,Cabrobó,PE,Nordeste,-8.51,-39.3
2025,67,0.12,0.59,0.29,35.07,51.89,4.05,20.1,9.32,Cabrobó,PE,Nordeste,-8.51,-39.3
2025,68,0.25,0.59,0.28,38.1,48.96,3.95,24.48,11.17,Cabrobó,PE,Nordeste,-8.51,-39.3
2025,69,1.24,0.59,0.29,34.46,55.98,2.53,17.47,8.3,Cabrobó,PE,Nordeste,-8.51,-39.3
2025,70,0.08,0.59,0.3,35.44,50.9,3.96,24.33,11.28,Cabrobó,PE,Nordeste,-8.51,-39.3
2025,71,0.5,0.59,0.29,37.46,52.28,4.08,22.43,10.39,Cabrobó,PE,Nordeste,-8.51,-39.3
2025,72,0.07,0.59,0.29,37.52,49.23,3.7,27.18,12.36,Cabrobó,PE,Nordeste,-8.51,-39.3
2025,73,0.07,0.59,0.28,38.22,47.2,2.5,26.2,12.05,Cabrobó,PE,Nordeste,-8.51,-39.3
2025,74,0.03,0.59,0.27,38.14,45.91,2.4,21.18,10.0,Cabrobó,PE,Nordeste,-8.51,-39.3
2025,75,0.35,0.59,0.26,38.31,48.2,3.05,23.26,10.87,Cabrobó,PE,Nordeste,-8.51,-39.3
2025,76,0.35,0.59,0.26,37.02,50.33,2.92,20.48,9.63,Cabrobó,PE,Nordeste,-8.51,-39.3
2025,77,0.05,0.59,0.26,37.89,43.29,3.06,23.47,10.91,Cabrobó,PE,Nordeste,-8.51,-39.3
2025,78,0.44,0.59,0.25,36.9,48.25,1.68,21.78,10.26,Cabrobó,PE,Nordeste,-8.51,-39.3
2025,79,0.25,0.59,0.25,38.17,49.22,2.11,22.08,10.35,Cabrobó,PE,Nordeste,-8.51,-39.3
2025,80,0.32,0.59,0.25,38.31,44.93,2.02,21.15,9.83,Cabrobó,PE,Nordeste,-8.51,-39.3
2025,81,5.01,0.6,0.34,36.25,52.87,2.25,19.58,9.21,Cabrobó,PE,Nordeste,-8.51,-39.3
2025,82,2.95,0.6,0.44,37.34,53.15,2.64,21.63,10.11,Cabrobó,PE,Nordeste,-8.51,-39.3
2025,83,0.02,0.6,0.41,37.34,47.07,3.11,24.51,11.33,Cabrobó,PE,Nordeste,-8.51,-39.3
2025,84,0.01,0.6,0.37,37.88,46.68,2.21,25.84,11.9,Cabrobó,PE,Nordeste,-8.51,-39.3
2025,85,0.09,0.59,0.34,39.0,39.99,2.41,23.49,10.92,Cabrobó,PE,Nordeste,-8.51,-39.3
2025,86,0.01,0.59,0.32,39.02,39.33,2.72,24.3,11.26,Cabrobó,PE,Nordeste,-8.51,-39.3
2025,87,1.93,0.6,0.34,38.21,44.53,2.58,22.29,10.36,Cabrobó,PE,Nordeste,-8.51,-39.3
2025,88,0.2,0.59,0.34,37.91,44.56,2.4,24.09,11.12,Cabrobó,PE,Nordeste,-8.51,-39.3
2025,89,2.06,0.6,0.35,37.04,48.55,2.9,21.96,10.29,Cabrobó,PE,Nordeste,-8.51,-39.3
2025,90,0.07,0.6,0.35,37.74,45.16,3.8,24.37,11.32,Cabrobó,PE,Nordeste,-8.51,-39.3
2025,91,0.0,0.59,0.33,37.61,48.25,4.76,24.21,11.2,Cabrobó,PE,Nordeste,-8.51,-39.3
2025,92,0.07,0.59,0.32,36.97,52.36,4.17,17.96,8.36,Cabrobó,PE,Nordeste,-8.51,-39.3
2025,93,0.0,0.59,0.3,37.57,45.7,3.86,25.33,11.38,Cabrobó,PE,Nordeste,-8.51,-39.3
2025,94,0.0,0.59,0.29,37.14,50.55,3.17,22.92,10.59,Cabrobó,PE,Nordeste,-8.51,-39.3
2025,95,0.0,0.59,0.28,37.73,50.86,3.33,21.66,10.17,Cabrobó,PE,Nordeste,-8.51,-39.3
2025,96,0.01,0.59,0.27,37.55,45.41,4.48,24.7,11.48,Cabrobó,PE,Nordeste,-8.51,-39.3
2025,97,0.04,0.59,0.26,36.93,46.57,4.0,21.37,9.83,Cabrobó,PE,Nordeste,-8.51,-39.3
2025,98,0.0,0.59,0.26,37.25,48.84,3.88,21.58,10.07,Cabrobó,PE,Nordeste,-8.51,-39.3
2025,99,0.0,0.59,0.25,38.16,48.17,3.19,23.37,10.87,Cabrobó,PE,Nordeste,-8.51,-39.3
2025,100,0.01,0.59,0.24,38.8,47.0,2.21,23.25,10.78,Cabrobó,PE,Nordeste,-8.51,-39.3
2025,101,4.55,0.59,0.28,37.43,54.99,2.14,17.91,8.47,Cabrobó,PE,Nordeste,-8.51,-39.3
2025,102,25.82,0.63,0.66,31.28,76.42,1.16,10.68,5.25,Cabrobó,PE,Nordeste,-8.51,-39.3
2025,103,0.16,0.64,0.61,34.26,69.67,2.25,21.31,10.06,Cabrobó,PE,Nordeste,-8.51,-39.3
2025,104,0.01,0.63,0.6,35.33,64.97,2.29,23.32,10.87,Cabrobó,PE,Nordeste,-8.51,-39.3
2025,105,0.04,0.62,0.6,35.76,63.28,1.95,21.27,9.97,Cabrobó,PE,Nordeste,-8.51,-39.3
2025,106,0.02,0.61,0.59,36.33,57.43,2.44,21.99,10.22,Cabrobó,PE,Nordeste,-8.51,-39.3
2025,107,0.01,0.61,0.57,36.0,54.85,2.66,25.17,11.56,Cabrobó,PE,Nordeste,-8.51,-39.3
2025,108,0.1,0.61,0.53,36.61,56.6,2.77,25.35,11.58,Cabrobó,PE,Nordeste,-8.51,-39.3
2025,109,0.21,0.6,0.48,36.32,52.72,2.32,24.67,11.31,Cabrobó,PE,Nordeste,-8.51,-39.3
2025,110,0.3,0.6,0.44,37.48,53.51,1.67,23.93,11.04,Cabrobó,PE,Nordeste,-8.51,-39.3
2025,111,0.64,0.6,0.42,37.54,51.39,1.66,23.58,10.87,Cabrobó,PE,Nordeste,-8.51,-39.3
2025,112,1.09,0.6,0.41,37.09,53.28,3.22,21.05,9.78,Cabrobó,PE,Nordeste,-8.51,-39.3
2025,113,0.26,0.6,0.4,36.38,51.38,3.44,22.96,10.56,Cabrobó,PE,Nordeste,-8.51,-39.3
2025,114,0.17,0.6,0.38,36.15,50.23,3.13,24.18,11.06,Cabrobó,PE,Nordeste,-8.51,-39.3
2025,115,0.23,0.6,0.36,36.8,47.39,2.76,23.77,10.9,Cabrobó,PE,Nordeste,-8.51,-39.3
2025,116,0.01,0.6,0.35,38.04,44.96,2.56,24.29,11.14,Cabrobó,PE,Nordeste,-8.51,-39.3
2025,117,0.42,0.59,0.34,38.06,44.44,2.41,24.35,11.17,Cabrobó,PE,Nordeste,-8.51,-39.3
2025,118,0.22,0.59,0.34,38.01,45.78,2.14,23.41,10.73,Cabrobó,PE,Nordeste,-8.51,-39.3
2025,119,0.37,0.59,0.33,38.33,41.15,2.0,20.44,9.4,Cabrobó,PE,Nordeste,-8.51,-39.3
2025,120,0.44,0.59,0.32,38.25,43.52,2.93,21.32,9.81,Cabrobó,PE,Nordeste,-8.51,-39.3
2025,121,0.4,0.59,0.32,36.44,47.86,3.05,20.39,9.4,Cabrobó,PE,Nordeste,-8.51,-39.3
2025,122,0.0,0.59,0.32,36.61,52.11,3.65,19.72,9.14,Cabrobó,PE,Nordeste,-8.51,-39.3
2025,123,0.0,0.59,0.31,36.46,58.15,3.8,18.75,8.81,Cabrobó,PE,Nordeste,-8.51,-39.3
2025,124,0.17,0.59,0.31,35.52,60.93,3.37,14.12,6.7,Cabrobó,PE,Nordeste,-8.51,-39.3
2025,125,0.13,0.59,0.3,36.44,53.61,3.67,18.02,8.48,Cabrobó,PE,Nordeste,-8.51,-39.3
2025,126,0.25,0.59,0.3,36.67,58.1,4.05,19.3,9.07,Cabrobó,PE,Nordeste,-8.51,-39.3
2025,127,0.42,0.59,0.3,35.46,59.47,3.78,16.47,7.85,Cabrobó,PE,Nordeste,-8.51,-39.3
2025,128,0.07,0.59,0.3,36.3,54.65,3.83,22.99,10.64,Cabrobó,PE,Nordeste,-8.51,-39.3
2025,129,0.29,0.59,0.29,35.73,55.8,3.76,19.16,8.9,Cabrobó,PE,Nordeste,-8.51,-39.3
2025,130,0.04,0.59,0.29,35.96,54.08,4.18,19.84,9.19,Cabrobó,PE,Nordeste,-8.51,-39.3
2025,131,0.45,0.59,0.29,34.69,62.82,3.4,17.99,8.46,Cabrobó,PE,Nordeste,-8.51,-39.3
2025,132,0.38,0.59,0.29,35.19,61.76,4.5,17.29,8.24,Cabrobó,PE,Nordeste,-8.51,-39.3
2025,133,0.08,0.59,0.29,35.38,59.06,4.62,11.22,5.43,Cabrobó,PE,Nordeste,-8.51,-39.3
2025,134,0.12,0.59,0.28,34.29,57.12,4.3,18.89,8.78,Cabrobó,PE,Nordeste,-8.51,-39.3
2025,135,0.03,0.59,0.28,34.56,52.7,4.17,12.97,6.23,Cabrobó,PE,Nordeste,-8.51,-39.3
2025,136,0.0,0.59,0.27,34.87,49.28,4.38,20.02,9.24,Cabrobó,PE,Nordeste,-8.51,-39.3
2025,137,0.46,0.59,0.27,34.1,67.75,4.47,15.42,7.35,Cabrobó,PE,Nordeste,-8.51,-39.3
2025,138,0.38,0.59,0.28,33.11,64.95,4.89,12.73,6.21,Cabrobó,PE,Nordeste,-8.51,-39.3
2025,139,0.66,0.59,0.28,32.73,63.38,4.89,10.46,5.14,Cabrobó,PE,Nordeste,-8.51,-39.3
2025,140,1.2,0.59,0.28,32.82,68.05,4.02,11.63,5.67,Cabrobó,PE,Nordeste,-8.51,-39.3
2025,141,2.93,0.6,0.39,31.26,69.42,4.04,11.24,5.59,Cabrobó,PE,Nordeste,-8.51,-39.3
2025,142,0.4,0.6,0.39,34.17,64.96,3.59,12.63,6.09,Cabrobó,PE,Nordeste,-8.51,-39.3
2025,143,0.04,0.6,0.37,34.81,57.44,3.42,15.6,7.34,Cabrobó,PE,Nordeste,-8.51,-39.3
2025,144,0.59,0.6,0.35,34.85,65.05,3.67,14.55,6.88,Cabrobó,PE,Nordeste,-8.51,-39.3
2025,145,0.39,0.6,0.35,33.5,64.07,4.34,13.66,6.57,Cabrobó,PE,Nordeste,-8.51,-39.3
2025,146,0.14,0.59,0.34,34.08,58.15,4.38,16.53,7.7,Cabrobó,PE,Nordeste,-8.51,-39.3
2025,147,0.0,0.59,0.33,33.83,59.26,4.24,16.34,7.66,Cabrobó,PE,Nordeste,-8.51,-39.3
2025,148,0.01,0.59,0.32,34.44,58.94,3.53,16.71,7.85,Cabrobó,PE,Nordeste,-8.51,-39.3
2025,149,0.01,0.59,0.31,34.84,58.28,3.25,20.67,9.56,Cabrobó,PE,Nordeste,-8.51,-39.3
2025,150,0.01,0.59,0.3,36.1,57.37,3.13,20.52,9.47,Cabrobó,PE,Nordeste,-8.51,-39.3
2025,151,0.06,0.59,0.29,35.09,56.85,3.86,15.4,7.29,Cabrobó,PE,Nordeste,-8.51,-39.3
2025,152,0.31,0.59,0.29,34.68,55.01,3.49,21.01,9.54,Cabrobó,PE,Nordeste,-8.51,-39.3
2025,153,0.92,0.59,0.3,34.27,64.08,3.85,16.0,7.56,Cabrobó,PE,Nordeste,-8.51,-39.3
2025,154,0.12,0.59,0.3,34.25,59.41,4.1,14.09,6.66,Cabrobó,PE,Nordeste,-8.51,-39.3
2025,155,0.77,0.59,0.3,33.02,62.59,3.52,17.12,8.0,Cabrobó,PE,Nordeste,-8.51,-39.3
2025,156,0.66,0.59,0.3,33.84,60.98,3.62,15.72,7.45,Cabrobó,PE,Nordeste,-8.51,-39.3
2025,157,0.14,0.59,0.3,34.53,60.29,3.78,19.55,9.0,Cabrobó,PE,Nordeste,-8.51,-39.3
2025,158,0.0,0.59,0.29,33.7,59.92,3.82,17.48,8.12,Cabrobó,PE,Nordeste,-8.51,-39.3
2025,159,0.0,0.59,0.29,34.38,58.41,3.66,16.59,7.76,Cabrobó,PE,Nordeste,-8.51,-39.3
2025,160,21.04,0.6,0.44,33.0,65.49,2.57,17.06,8.01,Cabrobó,PE,Nordeste,-8.51,-39.3
2025,161,28.06,0.67,0.76,30.83,77.04,2.47,19.42,9.05,Cabrobó,PE,Nordeste,-8.51,-39.3
2025,162,0.0,0.66,0.65,31.55,72.17,2.8,20.02,9.33,Cabrobó,PE,Nordeste,-8.51,-39.3
2025,163,0.0,0.65,0.63,30.78,68.03,3.22,20.39,9.42,Cabrobó,PE,Nordeste,-8.51,-39.3
2025,164,0.01,0.64,0.62,31.51,69.39,4.13,19.73,9.12,Cabrobó,PE,Nordeste,-8.51,-39.3
2025,165,0.28,0.64,0.62,30.31,75.57,4.87,10.72,5.2,Cabrobó,PE,Nordeste,-8.51,-39.3
2025,166,0.22,0.63,0.61,30.34,73.46,4.06,11.91,5.68,Cabrobó,PE,Nordeste,-8.51,-39.3
2025,167,0.45,0.63,0.61,29.85,77.83,3.19,11.77,5.7,Cabrobó,PE,Nordeste,-8.51,-39.3
2025,168,1.03,0.63,0.61,30.95,76.01,3.78,11.06,5.37,Cabrobó,PE,Nordeste,-8.51,-39.3
2025,169,0.47,0.63,0.61,29.73,71.72,4.43,16.8,7.94,Cabrobó,PE,Nordeste,-8.51,-39.3
2025,170,0.45,0.62,0.61,30.79,74.47,3.94,12.03,5.76,Cabrobó,PE,Nordeste,-8.51,-39.3
2025,171,0.63,0.62,0.6,31.43,74.54,3.87,12.26,5.86,Cabrobó,PE,Nordeste,-8.51,-39.3
2025,172,0.34,0.62,0.6,32.25,69.7,3.31,20.27,9.35,Cabrobó,PE,Nordeste,-8.51,-39.3
2025,173,0.3,0.62,0.6,32.16,68.03,3.35,17.38,8.11,Cabrobó,PE,Nordeste,-8.51,-39.3
2025,174,0.18,0.61,0.59,32.84,65.82,3.25,20.23,9.33,Cabrobó,PE,Nordeste,-8.51,-39.3
2025,175,0.0,0.61,0.58,32.65,70.63,2.45,15.87,7.44,Cabrobó,PE,Nordeste,-8.51,-39.3
2025,176,0.01,0.61,0.56,33.61,66.99,3.54,18.07,8.4,Cabrobó,PE,Nordeste,-8.51,-39.3
2025,177,0.07,0.61,0.54,31.94,68.32,4.51,14.07,6.71,Cabrobó,PE,Nordeste,-8.51,-39.3
2025,178,0.1,0.6,0.52,31.53,71.54,3.55,12.97,6.22,Cabrobó,PE,Nordeste,-8.51,-39.3
2025,179,0.09,0.6,0.5,32.07,67.44,4.42,14.21,6.8,Cabrobó,PE,Nordeste,-8.51,-39.3
2025,180,0.15,0.6,0.48,31.7,63.95,3.64,12.75,6.16,Cabrobó,PE,Nordeste,-8.51,-39.3
2025,181,3.26,0.61,0.52,31.36,68.41,3.5,10.83,5.34,Cabrobó,PE,Nordeste,-8.51,-39.3
2025,182,0.41,0.6,0.52,31.73,70.32,3.27,12.5,6.03,Cabrobó,PE,Nordeste,-8.51,-39.3
2025,183,0.37,0.6,0.5,31.37,67.38,4.24,10.38,5.13,Cabrobó,PE,Nordeste,-8.51,-39.3
2025,184,0.0,0.6,0.48,31.34,63.68,3.97,17.06,7.97,Cabrobó,PE,Nordeste,-8.51,-39.3
2025,185,0.08,0.6,0.45,31.56,66.15,3.52,13.52,6.41,Cabrobó,PE,Nordeste,-8.51,-39.3
2025,186,0.01,0.6,0.44,31.92,63.86,3.22,17.72,8.18,Cabrobó,PE,Nordeste,-8.51,-39.3
2025,187,0.01,0.6,0.42,30.8,64.71,3.06,13.95,6.67,Cabrobó,PE,Nordeste,-8.51,-39.3
2025,188,1.11,0.6,0.42,32.06,67.84,4.2,14.7,7.02,Cabrobó,PE,Nordeste,-8.51,-39.3
2025,189,0.31,0.6,0.44,31.58,68.4,4.27,11.65,5.72,Cabrobó,PE,Nordeste,-8.51,-39.3
2025,190,0.04,0.6,0.42,31.18,64.32,4.09,16.05,7.59,Cabrobó,PE,Nordeste,-8.51,-39.3
2025,191,0.12,0.6,0.41,31.25,65.29,4.15,17.72,8.37,Cabrobó,PE,Nordeste,-8.51,-39.3
2025,192,0.12,0.6,0.4,31.41,66.17,4.73,13.21,6.41,Cabrobó,PE,Nordeste,-8.51,-39.3
2025,193,0.04,0.6,0.39,30.95,62.31,4.54,15.29,7.24,Cabrobó,PE,Nordeste,-8.51,-39.3
2025,194,0.01,0.6,0.39,30.8,64.09,3.7,15.7,7.39,Cabrobó,PE,Nordeste,-8.51,-39.3
2025,195,0.01,0.6,0.38,32.13,62.43,4.16,17.17,8.06,Cabrobó,PE,Nordeste,-8.51,-39.3
2025,196,0.0,0.6,0.36,32.5,61.5,4.21,20.2,9.33,Cabrobó,PE,Nordeste,-8.51,-39.3
2025,197,0.0,0.6,0.36,32.56,57.97,4.13,22.16,10.04,Cabrobó,PE,Nordeste,-8.51,-39.3
2025,198,0.0,0.6,0.35,31.91,57.88,3.75,17.44,8.05,Cabrobó,PE,Nordeste,-8.51,-39.3
2025,199,0.0,0.59,0.34,33.52,57.86,3.59,19.57,9.02,Cabrobó,PE,Nordeste,-8.51,-39.3
2025,200,0.03,0.59,0.33,33.0,63.34,4.31,16.13,7.61,Cabrobó,PE,Nordeste,-8.51,-39.3
2025,201,0.0,0.59,0.33,33.15,57.66,3.91,20.35,9.41,Cabrobó,PE,Nordeste,-8.51,-39.3
2025,202,0.0,0.59,0.32,33.56,55.11,3.5,21.56,9.86,Cabrobó,PE,Nordeste,-8.51,-39.3
2025,203,0.0,0.59,0.31,33.26,54.87,4.15,21.37,9.71,Cabrobó,PE,Nordeste,-8.51,-39.3
2025,204,0.0,0.59,0.3,33.99,60.79,3.72,20.04,9.21,Cabrobó,PE,Nordeste,-8.51,-39.3
2025,205,0.0,0.59,0.3,33.54,61.96,4.55,17.42,8.13,Cabrobó,PE,Nordeste,-8.51,-39.3
2025,206,0.0,0.59,0.29,32.7,58.95,4.56,22.0,10.0,Cabrobó,PE,Nordeste,-8.51,-39.3
2025,207,0.01,0.59,0.29,32.08,54.3,4.5,23.41,10.49,Cabrobó,PE,Nordeste,-8.51,-39.3
2025,208,0.02,0.59,0.29,32.52,58.98,4.29,23.04,10.38,Cabrobó,PE,Nordeste,-8.51,-39.3
2025,209,0.08,0.59,0.28,33.0,61.21,4.04,15.67,7.46,Cabrobó,PE,Nordeste,-8.51,-39.3
2025,210,0.01,0.59,0.28,32.51,58.98,3.07,20.52,9.65,Cabrobó,PE,Nordeste,-8.51,-39.3
2025,211,0.0,0.59,0.28,35.44,50.46,3.66,22.74,10.41,Cabrobó,PE,Nordeste,-8.51,-39.3
2025,212,0.01,0.59,0.27,32.99,56.67,4.76,20.6,9.52,Cabrobó,PE,Nordeste,-8.51,-39.3
2025,213,0.03,0.59,0.27,31.69,62.23,4.45,17.69,8.25,Cabrobó,PE,Nordeste,-8.51,-39.3
2025,214,0.62,0.59,0.28,31.73,67.09,5.04,11.03,5.43,Cabrobó,PE,Nordeste,-8.51,-39.3
2025,215,0.08,0.59,0.28,32.37,62.92,4.9,11.66,5.69,Cabrobó,PE,Nordeste,-8.51,-39.3
2025,216,0.59,0.59,0.28,31.47,63.41,4.93,13.05,6.39,Cabrobó,PE,Nordeste,-8.51,-39.3
2025,217,0.04,0.59,0.28,33.46,60.59,4.35,18.88,8.71,Cabrobó,PE,Nordeste,-8.51,-39.3
2025,218,0.03,0.59,0.28,33.52,61.02,4.66,13.89,6.65,Cabrobó,PE,Nordeste,-8.51,-39.3
2025,219,0.03,0.59,0.27,33.07,58.18,4.44,21.8,10.01,Cabrobó,PE,Nordeste,-8.51,-39.3
2025,220,0.33,0.59,0.27,33.65,53.9,3.51,23.48,10.69,Cabrobó,PE,Nordeste,-8.51,-39.3
2025,221,0.23,0.59,0.27,34.56,54.99,2.38,20.27,9.4,Cabrobó,PE,Nordeste,-8.51,-39.3
2025,222,0.5,0.59,0.28,36.6,51.44,3.37,23.65,10.8,Cabrobó,PE,Nordeste,-8.51,-39.3
2025,223,0.27,0.59,0.28,36.32,50.25,3.69,21.81,10.02,Cabrobó,PE,Nordeste,-8.51,-39.3
2025,224,0.0,0.59,0.27,35.35,54.82,4.26,21.29,9.81,Cabrobó,PE,Nordeste,-8.51,-39.3
2025,225,0.31,0.59,0.27,33.73,59.75,4.42,21.56,9.89,Cabrobó,PE,Nordeste,-8.51,-39.3
2025,226,0.13,0.59,0.27,34.5,53.5,4.41,24.31,10.99,Cabrobó,PE,Nordeste,-8.51,-39.3
2025,227,0.45,0.59,0.28,33.48,56.06,4.75,15.35,7.23,Cabrobó,PE,Nordeste,-8.51,-39.3
2025,228,0.41,0.59,0.29,33.44,53.76,5.07,20.42,9.43,Cabrobó,PE,Nordeste,-8.51,-39.3
2025,229,0.0,0.59,0.28,32.91,54.93,4.87,24.22,11.0,Cabrobó,PE,Nordeste,-8.51,-39.3
2025,230,0.01,0.59,0.28,32.96,57.23,4.97,22.25,10.14,Cabrobó,PE,Nordeste,-8.51,-39.3
2025,231,0.34,0.59,0.28,32.04,61.87,5.61,14.45,6.84,Cabrobó,PE,Nordeste,-8.51,-39.3
2025,232,0.0,0.59,0.28,32.0,53.52,4.7,22.86,10.36,Cabrobó,PE,Nordeste,-8.51,-39.3
2025,233,0.09,0.59,0.27,33.14,61.34,4.89,17.66,8.3,Cabrobó,PE,Nordeste,-8.51,-39.3
2025,234,0.12,0.59,0.27,33.37,58.88,5.25,16.9,7.93,Cabrobó,PE,Nordeste,-8.51,-39.3
2025,235,0.0,0.59,0.26,32.68,54.39,4.99,25.01,11.24,Cabrobó,PE,Nordeste,-8.51,-39.3
2025,236,0.64,0.59,0.27,34.01,55.95,4.36,17.89,8.35,Cabrobó,PE,Nordeste,-8.51,-39.3
2025,237,0.26,0.59,0.28,34.38,54.92,4.82,23.7,10.84,Cabrobó,PE,Nordeste,-8.51,-39.3
2025,238,0.04,0.59,0.27,33.89,54.95,4.68,23.32,10.68,Cabrobó,PE,Nordeste,-8.51,-39.3
2025,239,0.31,0.59,0.27,34.49,56.11,4.95,19.14,8.92,Cabrobó,PE,Nordeste,-8.51,-39.3
2025,240,0.1,0.59,0.27,34.09,55.68,5.11,24.5,11.11,Cabrobó,PE,Nordeste,-8.51,-39.3
2025,241,0.53,0.59,0.28,33.42,57.09,4.77,18.71,8.71,Cabrobó,PE,Nordeste,-8.51,-39.3
2025,242,0.13,0.59,0.28,34.19,52.05,4.59,24.81,11.22,Cabrobó,PE,Nordeste,-8.51,-39.3
2025,243,0.61,0.59,0.29,34.42,56.11,4.77,19.64,9.12,Cabrobó,PE,Nordeste,-8.51,-39.3
2025,244,0.71,0.59,0.3,32.78,61.55,5.58,14.0,6.67,Cabrobó,PE,Nordeste,-8.51,-39.3
2025,245,0.37,0.59,0.31,32.73,61.24,6.01,15.18,7.21,Cabrobó,PE,Nordeste,-8.51,-39.3
2025,246,0.14,0.59,0.3,32.89,56.01,5.8,19.82,9.19,Cabrobó,PE,Nordeste,-8.51,-39.3
2025,247,4.78,0.6,0.43,32.73,64.38,5.34,17.81,8.3,Cabrobó,PE,Nordeste,-8.51,-39.3
2025,248,0.02,0.6,0.44,32.64,62.56,4.92,18.77,8.7,Cabrobó,PE,Nordeste,-8.51,-39.3
2025,249,0.03,0.6,0.41,34.22,59.74,5.03,19.53,9.1,Cabrobó,PE,Nordeste,-8.51,-39.3
2025,250,0.04,0.6,0.38,34.11,57.1,5.3,20.74,9.47,Cabrobó,PE,Nordeste,-8.51,-39.3
2025,251,0.05,0.6,0.36,33.25,60.97,5.16,18.13,8.4,Cabrobó,PE,Nordeste,-8.51,-39.3
2025,252,0.32,0.6,0.35,34.14,56.78,4.54,22.36,10.21,Cabrobó,PE,Nordeste,-8.51,-39.3
2025,253,0.02,0.59,0.33,36.01,52.67,4.46,23.41,10.78,Cabrobó,PE,Nordeste,-8.51,-39.3
2025,254,0.15,0.59,0.32,35.09,51.53,4.77,18.66,8.65,Cabrobó,PE,Nordeste,-8.51,-39.3
2025,255,0.4,0.59,0.32,35.24,51.83,4.55,26.55,11.99,Cabrobó,PE,Nordeste,-8.51,-39.3
2025,256,0.36,0.59,0.31,34.33,54.66,4.42,19.53,9.04,Cabrobó,PE,Nordeste,-8.51,-39.3
2025,257,0.38,0.59,0.31,34.63,54.36,4.74,18.3,8.54,Cabrobó,PE,Nordeste,-8.51,-39.3
2025,258,0.33,0.59,0.31,34.46,54.91,5.41,19.44,9.1,Cabrobó,PE,Nordeste,-8.51,-39.3
2025,259,0.01,0.59,0.3,34.56,55.43,5.23,18.88,8.85,Cabrobó,PE,Nordeste,-8.51,-39.3
2025,260,0.0,0.59,0.29,35.53,49.9,4.9,25.75,11.73,Cabrobó,PE,Nordeste,-8.51,-39.3
2025,261,0.0,0.59,0.28,36.1,50.73,4.94,25.26,11.5,Cabrobó,PE,Nordeste,-8.51,-39.3
2025,262,0.0,0.59,0.27,35.38,51.3,5.54,24.82,11.33,Cabrobó,PE,Nordeste,-8.51,-39.3
2025,263,0.5,0.59,0.28,35.63,49.24,4.44,23.1,10.6,Cabrobó,PE,Nordeste,-8.51,-39.3
2025,264,0.82,0.59,0.29,36.11,48.79,4.08,26.13,12.02,Cabrobó,PE,Nordeste,-8.51,-39.3
2025,265,0.99,0.59,0.31,36.0,51.49,3.72,24.57,11.33,Cabrobó,PE,Nordeste,-8.51,-39.3
2025,266,0.53,0.59,0.32,37.0,47.79,4.14,25.18,11.55,Cabrobó,PE,Nordeste,-8.51,-39.3
2025,267,0.11,0.59,0.31,35.74,51.52,5.66,24.17,10.99,Cabrobó,PE,Nordeste,-8.51,-39.3
2025,268,0.0,0.59,0.3,35.09,52.36,6.05,25.86,11.69,Cabrobó,PE,Nordeste,-8.51,-39.3
2025,269,0.0,0.59,0.29,34.62,54.14,5.59,22.22,10.22,Cabrobó,PE,Nordeste,-8.51,-39.3
2025,270,0.03,0.59,0.28,34.9,54.56,6.07,19.86,9.23,Cabrobó,PE,Nordeste,-8.51,-39.3
2025,271,0.22,0.59,0.28,35.19,59.43,6.21,14.99,7.2,Cabrobó,PE,Nordeste,-8.51,-39.3
2025,272,0.01,0.59,0.27,34.77,57.69,5.72,16.68,7.94,Cabrobó,PE,Nordeste,-8.51,-39.3
2025,273,0.0,0.59,0.27,35.23,54.12,5.65,19.66,9.19,Cabrobó,PE,Nordeste,-8.51,-39.3
2025,274,0.0,0.59,0.26,35.11,53.88,5.4,24.55,11.28,Cabrobó,PE,Nordeste,-8.51,-39.3
2025,275,0.0,0.59,0.25,35.19,53.02,5.54,19.91,9.28,Cabrobó,PE,Nordeste,-8.51,-39.3
2025,276,0.0,0.59,0.25,34.58,51.04,5.84,26.26,11.89,Cabrobó,PE,Nordeste,-8.51,-39.3
2025,277,0.0,0.59,0.24,35.17,51.29,5.41,25.08,11.42,Cabrobó,PE,Nordeste,-8.51,-39.3
2025,278,0.0,0.59,0.24,35.81,52.89,5.7,24.39,11.24,Cabrobó,PE,Nordeste,-8.51,-39.3
2025,279,0.0,0.59,0.23,35.74,52.35,5.37,25.97,11.96,Cabrobó,PE,Nordeste,-8.51,-39.3
2025,280,0.02,0.59,0.23,36.17,48.23,4.47,23.66,10.82,Cabrobó,PE,Nordeste,-8.51,-39.3
2025,281,0.03,0.59,0.23,36.38,47.34,4.31,26.41,12.14,Cabrobó,PE,Nordeste,-8.51,-39.3
2025,282,0.04,0.59,0.22,35.85,53.0,5.24,20.19,9.48,Cabrobó,PE,Nordeste,-8.51,-39.3
2025,283,0.0,0.59,0.22,36.07,49.23,5.15,23.31,10.75,Cabrobó,PE,Nordeste,-8.51,-39.3
2025,284,0.06,0.59,0.21,36.38,50.2,5.12,25.25,11.55,Cabrobó,PE,Nordeste,-8.51,-39.3
2025,285,0.02,0.59,0.21,37.1,50.25,4.99,24.43,11.2,Cabrobó,PE,Nordeste,-8.51,-39.3
2025,286,0.19,0.59,0.21,37.56,46.5,4.86,25.93,11.81,Cabrobó,PE,Nordeste,-8.51,-39.3
2025,287,0.0,0.59,0.21,37.07,44.77,4.89,27.11,12.18,Cabrobó,PE,Nordeste,-8.51,-39.3
2025,288,0.11,0.59,0.21,36.96,47.28,5.61,26.63,11.94,Cabrobó,PE,Nordeste,-8.51,-39.3
2025,289,0.0,0.59,0.21,36.24,45.76,5.33,28.59,12.81,Cabrobó,PE,Nordeste,-8.51,-39.3
2025,290,0.0,0.59,0.2,36.5,47.45,4.03,27.83,12.72,Cabrobó,PE,Nordeste,-8.51,-39.3
2025,291,0.0,0.59,0.2,37.3,46.32,3.34,24.69,11.35,Cabrobó,PE,Nordeste,-8.51,-39.3
2025,292,0.0,0.59,0.2,40.0,34.87,2.23,27.27,12.39,Cabrobó,PE,Nordeste,-8.51,-39.3
2025,293,0.01,0.59,0.19,40.25,34.56,3.2,25.69,11.83,Cabrobó,PE,Nordeste,-8.51,-39.3
2025,294,3.51,0.59,0.28,36.34,50.62,5.91,15.37,7.33,Cabrobó,PE,Nordeste,-8.51,-39.3
2025,295,4.52,0.6,0.42,34.51,55.74,5.22,17.7,8.41,Cabrobó,PE,Nordeste,-8.51,-39.3
2025,296,0.23,0.6,0.43,34.59,51.21,5.46,27.82,12.51,Cabrobó,PE,Nordeste,-8.51,-39.3
2025,297,4.18,0.6,0.49,33.54,61.35,5.77,20.15,9.41,Cabrobó,PE,Nordeste,-8.51,-39.3
2025,298,1.38,0.6,0.51,34.33,57.5,5.61,24.77,11.34,Cabrobó,PE,Nordeste,-8.51,-39.3
2025,299,2.8,0.6,0.53,33.19,60.39,5.68,27.51,12.47,Cabrobó,PE,Nordeste,-8.51,-39.3
2025,300,2.69,0.6,0.55,34.22,58.91,4.34,26.7,12.23,Cabrobó,PE,Nordeste,-8.51,-39.3
2025,301,1.54,0.6,0.52,35.08,57.42,5.15,25.3,11.65,Cabrobó,PE,Nordeste,-8.51,-39.3
2025,302,0.71,0.6,0.49,34.79,54.32,4.29,27.97,12.75,Cabrobó,PE,Nordeste,-8.51,-39.3
2025,303,1.47,0.6,0.47,36.08,53.82,3.36,28.17,12.83,Cabrobó,PE,Nordeste,-8.51,-39.3
2025,304,2.06,0.6,0.47,36.3,55.36,3.92,26.15,11.99,Cabrobó,PE,Nordeste,-8.51,-39.3
2025,305,3.5,0.6,0.51,35.64,55.96,4.07,25.99,11.96,Cabrobó,PE,Nordeste,-8.51,-39.3
2025,306,0.41,0.6,0.47,35.93,52.89,3.44,26.37,12.1,Cabrobó,PE,Nordeste,-8.51,-39.3
2025,307,1.03,0.6,0.44,37.31,50.2,2.33,25.38,11.71,Cabrobó,PE,Nordeste,-8.51,-39.3
2025,308,1.51,0.6,0.4,38.9,44.46,3.39,27.29,12.55,Cabrobó,PE,Nordeste,-8.51,-39.3
2025,309,0.09,0.6,0.4,39.41,43.62,3.6,28.25,12.95,Cabrobó,PE,Nordeste,-8.51,-39.3
2025,310,2.92,0.6,0.43,38.74,43.31,2.69,26.08,12.09,Cabrobó,PE,Nordeste,-8.51,-39.3
2025,311,0.14,0.6,0.4,38.33,42.24,2.28,24.78,11.42,Cabrobó,PE,Nordeste,-8.51,-39.3
2025,312,2.51,0.6,0.41,37.36,44.49,2.44,24.56,11.44,Cabrobó,PE,Nordeste,-8.51,-39.3
2025,313,2.58,0.6,0.45,37.86,40.65,3.14,24.62,11.4,Cabrobó,PE,Nordeste,-8.51,-39.3
2025,314,0.15,0.6,0.42,38.01,40.83,4.25,27.52,12.56,Cabrobó,PE,Nordeste,-8.51,-39.3
2025,315,0.99,0.6,0.4,36.15,46.84,4.67,27.63,12.51,Cabrobó,PE,Nordeste,-8.51,-39.3
2025,316,0.67,0.6,0.39,36.09,46.53,4.97,28.26,12.86,Cabrobó,PE,Nordeste,-8.51,-39.3
2025,317,1.43,0.6,0.4,35.82,45.14,4.18,29.19,13.19,Cabrobó,PE,Nordeste,-8.51,-39.3
2025,318,1.02,0.6,0.4,36.39,49.03,4.94,24.59,11.27,Cabrobó,PE,Nordeste,-8.51,-39.3
2025,319,0.67,0.6,0.39,36.17,46.96,4.77,28.96,13.15,Cabrobó,PE,Nordeste,-8.51,-39.3
2025,320,1.23,0.6,0.39,36.42,47.77,4.43,27.19,12.48,Cabrobó,PE,Nordeste,-8.51,-39.3
2025,321,0.97,0.6,0.39,37.42,46.72,3.26,28.59,13.09,Cabrobó,PE,Nordeste,-8.51,-39.3
2025,322,0.63,0.6,0.38,39.16,45.31,2.73,26.86,12.38,Cabrobó,PE,Nordeste,-8.51,-39.3
2025,323,6.01,0.6,0.4,31.32,57.55,2.61,23.36,11.01,Cabrobó,PE,Nordeste,-8.51,-39.3
2025,324,12.49,0.63,0.67,27.74,77.15,2.23,14.48,7.16,Cabrobó,PE,Nordeste,-8.51,-39.3
2025,325,4.61,0.63,0.63,34.23,67.35,2.05,12.36,6.09,Cabrobó,PE,Nordeste,-8.51,-39.3
2025,326,0.45,0.62,0.6,35.42,60.41,3.1,20.29,9.65,Cabrobó,PE,Nordeste,-8.51,-39.3
2025,327,0.46,0.62,0.59,35.73,60.57,3.3,23.68,11.09,Cabrobó,PE,Nordeste,-8.51,-39.3
2025,328,0.0,0.61,0.57,36.08,55.04,2.78,27.87,12.87,Cabrobó,PE,Nordeste,-8.51,-39.3
2025,329,0.05,0.61,0.53,37.32,49.4,2.82,27.05,12.5,Cabrobó,PE,Nordeste,-8.51,-39.3
2025,330,0.0,0.6,0.47,37.72,44.92,3.24,26.62,12.34,Cabrobó,PE,Nordeste,-8.51,-39.3
2025,331,0.0,0.6,0.42,37.33,46.61,3.73,27.35,12.77,Cabrobó,PE,Nordeste,-8.51,-39.3
2025,332,0.0,0.6,0.39,36.24,48.02,4.31,27.1,12.47,Cabrobó,PE,Nordeste,-8.51,-39.3
2025,333,0.0,0.6,0.37,36.73,50.39,3.65,26.22,12.12,Cabrobó,PE,Nordeste,-8.51,-39.3
2025,334,0.0,0.6,0.35,37.6,44.19,2.89,23.98,11.06,Cabrobó,PE,Nordeste,-8.51,-39.3
2025,335,0.55,0.59,0.34,38.83,40.88,3.44,22.85,10.64,Cabrobó,PE,Nordeste,-8.51,-39.3
2025,336,1.1,0.6,0.36,38.06,43.76,2.96,22.64,10.52,Cabrobó,PE,Nordeste,-8.51,-39.3
2025,337,0.0,0.6,0.34,37.85,41.44,2.97,24.21,11.27,Cabrobó,PE,Nordeste,-8.51,-39.3
2025,338,0.34,0.59,0.33,38.29,39.6,2.42,26.3,12.19,Cabrobó,PE,Nordeste,-8.51,-39.3
2025,339,25.73,0.6,0.52,35.24,53.86,2.4,21.19,9.92,Cabrobó,PE,Nordeste,-8.51,-39.3
2025,340,20.66,0.67,0.73,34.25,65.05,2.43,20.65,9.73,Cabrobó,PE,Nordeste,-8.51,-39.3
2025,341,0.07,0.66,0.63,34.4,60.46,2.92,17.35,8.12,Cabrobó,PE,Nordeste,-8.51,-39.3
2025,342,0.0,0.64,0.62,34.17,57.09,3.69,23.84,11.06,Cabrobó,PE,Nordeste,-8.51,-39.3
2025,343,0.0,0.64,0.6,35.24,55.67,3.03,27.09,12.45,Cabrobó,PE,Nordeste,-8.51,-39.3
2025,344,0.06,0.63,0.59,36.03,55.08,2.07,25.82,11.93,Cabrobó,PE,Nordeste,-8.51,-39.3
2025,345,0.53,0.62,0.59,36.55,53.87,2.0,25.5,11.85,Cabrobó,PE,Nordeste,-8.51,-39.3
2025,346,0.93,0.62,0.58,36.51,54.85,2.26,23.74,11.04,Cabrobó,PE,Nordeste,-8.51,-39.3
2025,347,1.95,0.62,0.59,36.12,55.38,2.19,23.85,11.11,Cabrobó,PE,Nordeste,-8.51,-39.3
2025,348,0.7,0.61,0.57,35.93,52.95,2.31,23.72,10.98,Cabrobó,PE,Nordeste,-8.51,-39.3
2025,349,1.09,0.61,0.55,36.36,51.17,2.37,24.6,11.41,Cabrobó,PE,Nordeste,-8.51,-39.3
2025,350,1.51,0.61,0.54,36.08,54.02,2.87,22.6,10.55,Cabrobó,PE,Nordeste,-8.51,-39.3
2025,351,3.67,0.61,0.56,35.37,57.11,2.65,20.22,9.47,Cabrobó,PE,Nordeste,-8.51,-39.3
2025,352,0.94,0.61,0.55,36.29,50.72,2.67,20.82,9.76,Cabrobó,PE,Nordeste,-8.51,-39.3
2025,353,1.41,0.6,0.52,34.51,54.52,2.56,19.52,9.13,Cabrobó,PE,Nordeste,-8.51,-39.3
2025,354,0.29,0.6,0.49,35.98,52.22,3.75,22.85,10.61,Cabrobó,PE,Nordeste,-8.51,-39.3
2025,355,1.69,0.6,0.46,36.19,50.08,3.45,25.67,11.83,Cabrobó,PE,Nordeste,-8.51,-39.3
2025,356,1.87,0.6,0.49,33.62,55.39,2.8,15.31,7.24,Cabrobó,PE,Nordeste,-8.51,-39.3
2025,357,1.72,0.6,0.51,32.83,57.8,2.67,13.6,6.56,Cabrobó,PE,Nordeste,-8.51,-39.3
2025,358,0.03,0.6,0.47,36.0,51.14,4.11,21.12,9.92,Cabrobó,PE,Nordeste,-8.51,-39.3
2025,359,0.41,0.6,0.44,32.48,51.58,2.18,24.28,11.28,Cabrobó,PE,Nordeste,-8.51,-39.3
2025,360,0.0,0.6,0.42,35.51,53.3,3.18,24.86,11.51,Cabrobó,PE,Nordeste,-8.51,-39.3
2025,361,0.0,0.6,0.39,37.8,47.92,2.24,25.79,11.96,Cabrobó,PE,Nordeste,-8.51,-39.3
2025,362,0.23,0.6,0.36,38.41,43.26,1.74,24.41,11.37,Cabrobó,PE,Nordeste,-8.51,-39.3
2025,363,0.27,0.6,0.35,37.97,46.17,1.75,22.39,10.53,Cabrobó,PE,Nordeste,-8.51,-39.3
2025,364,0.11,0.59,0.34,39.88,39.92,2.39,24.97,11.64,Cabrobó,PE,Nordeste,-8.51,-39.3
2025,365,0.45,0.59,0.33,37.78,44.58,2.2,18.57,-999.0,Cabrobó,PE,Nordeste,-8.51,-39.3
2026,1,0.27,0.59,0.32,38.29,43.41,2.19,21.11,-999.0,Cabrobó,PE,Nordeste,-8.51,-39.3
2026,2,0.31,0.59,0.32,37.35,45.27,1.92,19.58,-999.0,Cabrobó,PE,Nordeste,-8.51,-39.3
2026,3,0.93,0.59,0.33,31.49,59.32,2.54,20.23,-999.0,Cabrobó,PE,Nordeste,-8.51,-39.3
2026,4,1.28,0.6,0.36,37.2,48.97,1.85,24.2,-999.0,Cabrobó,PE,Nordeste,-8.51,-39.3
2026,5,0.54,0.6,0.36,38.07,42.21,2.31,25.04,-999.0,Cabrobó,PE,Nordeste,-8.51,-39.3
2026,6,0.17,0.6,0.34,37.54,39.78,3.21,24.54,-999.0,Cabrobó,PE,Nordeste,-8.51,-39.3
2026,7,0.92,0.6,0.35,36.93,46.51,4.24,20.66,-999.0,Cabrobó,PE,Nordeste,-8.51,-39.3
2026,8,0.6,0.59,0.35,37.28,47.08,3.93,25.9,-999.0,Cabrobó,PE,Nordeste,-8.51,-39.3
2026,9,0.72,0.59,0.35,36.37,50.49,3.98,22.68,-999.0,Cabrobó,PE,Nordeste,-8.51,-39.3
2026,10,0.02,0.59,0.34,37.02,49.58,4.34,22.99,-999.0,Cabrobó,PE,Nordeste,-8.51,-39.3
2026,11,0.21,0.59,0.32,37.08,45.94,3.61,24.67,-999.0,Cabrobó,PE,Nordeste,-8.51,-39.3
2026,12,0.34,0.59,0.31,38.45,44.6,4.2,24.79,-999.0,Cabrobó,PE,Nordeste,-8.51,-39.3
2026,13,0.45,0.59,0.31,33.3,53.2,4.5,28.03,-999.0,Cabrobó,PE,Nordeste,-8.51,-39.3
2026,14,1.17,0.59,0.34,35.47,55.21,4.47,23.69,-999.0,Cabrobó,PE,Nordeste,-8.51,-39.3
2026,15,0.65,0.6,0.35,36.24,52.94,4.15,22.8,-999.0,Cabrobó,PE,Nordeste,-8.51,-39.3
2026,16,1.13,0.6,0.35,36.98,48.68,3.83,23.86,-999.0,Cabrobó,PE,Nordeste,-8.51,-39.3
2026,17,1.63,0.6,0.36,37.54,48.75,3.42,24.61,-999.0,Cabrobó,PE,Nordeste,-8.51,-39.3
2026,18,3.65,0.6,0.45,36.74,51.7,1.81,21.92,-999.0,Cabrobó,PE,Nordeste,-8.51,-39.3
2026,19,1.36,0.6,0.44,35.36,52.71,1.46,21.64,-999.0,Cabrobó,PE,Nordeste,-8.51,-39.3
2026,20,7.65,0.61,0.58,33.88,63.46,2.08,15.12,-999.0,Cabrobó,PE,Nordeste,-8.51,-39.3
2026,21,4.06,0.61,0.62,34.36,62.13,2.02,17.12,-999.0,Cabrobó,PE,Nordeste,-8.51,-39.3
2026,22,0.03,0.61,0.57,36.43,51.6,3.37,25.34,-999.0,Cabrobó,PE,Nordeste,-8.51,-39.3
2026,23,0.22,0.6,0.52,36.39,51.79,3.41,27.85,-999.0,Cabrobó,PE,Nordeste,-8.51,-39.3
2026,24,0.01,0.6,0.46,36.53,48.57,3.46,25.86,-999.0,Cabrobó,PE,Nordeste,-8.51,-39.3
2026,25,0.96,0.6,0.43,36.98,49.53,3.82,25.3,-999.0,Cabrobó,PE,Nordeste,-8.51,-39.3
2026,26,0.21,0.6,0.4,36.41,49.99,3.96,23.52,-999.0,Cabrobó,PE,Nordeste,-8.51,-39.3
2026,27,0.3,0.6,0.37,36.76,49.09,3.58,16.0,-999.0,Cabrobó,PE,Nordeste,-8.51,-39.3
2026,28,1.53,0.6,0.39,32.36,58.56,2.63,10.69,-999.0,Cabrobó,PE,Nordeste,-8.51,-39.3
2026,29,0.04,0.6,0.38,37.79,49.4,3.19,17.11,-999.0,Cabrobó,PE,Nordeste,-8.51,-39.3
2026,30,0.05,0.6,0.35,36.6,52.38,2.37,18.42,-999.0,Cabrobó,PE,Nordeste,-8.51,-39.3
2026,31,0.0,0.59,0.33,38.85,43.06,1.97,23.44,-999.0,Cabrobó,PE,Nordeste,-8.51,-39.3
2026,32,0.0,0.59,0.31,39.66,38.36,2.47,25.82,-999.0,Cabrobó,PE,Nordeste,-8.51,-39.3
2026,33,0.08,0.59,0.3,39.0,39.28,2.53,26.07,-999.0,Cabrobó,PE,Nordeste,-8.51,-39.3
2026,34,1.1,0.59,0.3,39.36,41.29,1.42,23.8,-999.0,Cabrobó,PE,Nordeste,-8.51,-39.3
2026,35,1.75,0.59,0.33,37.63,46.61,1.57,22.73,-999.0,Cabrobó,PE,Nordeste,-8.51,-39.3
2026,36,1.92,0.59,0.33,38.2,46.25,1.74,22.25,-999.0,Cabrobó,PE,Nordeste,-8.51,-39.3
2026,37,2.11,0.6,0.41,36.18,56.39,2.86,24.0,-999.0,Cabrobó,PE,Nordeste,-8.51,-39.3
2026,38,3.38,0.6,0.41,34.74,61.21,3.35,18.98,-999.0,Cabrobó,PE,Nordeste,-8.51,-39.3
2026,39,13.09,0.61,0.62,32.33,67.5,1.65,22.75,-999.0,Cabrobó,PE,Nordeste,-8.51,-39.3
2026,40,0.2,0.62,0.6,34.66,61.87,2.26,23.6,-999.0,Cabrobó,PE,Nordeste,-8.51,-39.3
2026,41,0.39,0.61,0.59,36.01,56.27,3.28,27.57,-999.0,Cabrobó,PE,Nordeste,-8.51,-39.3
2026,42,1.01,0.61,0.57,35.54,58.22,3.33,27.6,-999.0,Cabrobó,PE,Nordeste,-8.51,-39.3
2026,43,1.49,0.61,0.56,33.51,61.57,3.5,21.71,-999.0,Cabrobó,PE,Nordeste,-8.51,-39.3
2026,44,1.96,0.61,0.54,34.26,64.71,2.14,17.84,-999.0,Cabrobó,PE,Nordeste,-8.51,-39.3
2026,45,1.38,0.61,0.57,30.94,72.07,2.6,22.6,-999.0,Cabrobó,PE,Nordeste,-8.51,-39.3
2026,46,0.95,0.6,0.54,32.36,63.82,2.93,16.52,-999.0,Cabrobó,PE,Nordeste,-8.51,-39.3
2026,47,0.5,0.6,0.5,36.52,51.06,3.35,18.97,-999.0,Cabrobó,PE,Nordeste,-8.51,-39.3
2026,48,0.67,0.6,0.45,35.84,55.71,2.8,26.11,-999.0,Cabrobó,PE,Nordeste,-8.51,-39.3
2026,49,1.83,0.6,0.45,29.61,66.06,2.32,15.86,-999.0,Cabrobó,PE,Nordeste,-8.51,-39.3
2026,50,4.78,0.6,0.53,30.23,72.75,1.13,19.24,-999.0,Cabrobó,PE,Nordeste,-8.51,-39.3
2026,51,2.87,0.61,0.61,30.26,73.1,1.16,17.46,-999.0,Cabrobó,PE,Nordeste,-8.51,-39.3
2026,52,9.66,0.62,0.65,32.17,73.15,1.83,23.98,-999.0,Cabrobó,PE,Nordeste,-8.51,-39.3
2026,53,4.57,0.62,0.63,32.16,73.4,1.67,21.08,-999.0,Cabrobó,PE,Nordeste,-8.51,-39.3
2026,54,1.37,0.63,0.62,32.11,70.72,1.4,22.26,-999.0,Cabrobó,PE,Nordeste,-8.51,-39.3
2026,55,4.34,0.62,0.62,34.1,69.71,1.01,20.8,-999.0,Cabrobó,PE,Nordeste,-8.51,-39.3
2026,56,10.95,0.63,0.66,27.47,86.24,1.3,18.14,-999.0,Cabrobó,PE,Nordeste,-8.51,-39.3
2026,57,16.13,0.65,0.71,29.62,81.31,1.17,22.88,-999.0,Cabrobó,PE,Nordeste,-8.51,-39.3
2026,58,9.1,0.67,0.7,29.73,81.77,1.72,20.72,-999.0,Cabrobó,PE,Nordeste,-8.51,-39.3
2026,59,21.06,0.69,0.77,28.1,85.39,1.46,10.22,-999.0,Cabrobó,PE,Nordeste,-8.51,-39.3
2026,60,6.94,0.69,0.72,30.44,79.79,1.76,22.18,-999.0,Cabrobó,PE,Nordeste,-8.51,-39.3
2026,61,7.26,0.69,0.74,29.41,81.2,0.92,16.09,-999.0,Cabrobó,PE,Nordeste,-8.51,-39.3
2026,62,16.23,0.71,0.77,29.26,79.32,0.8,13.46,-999.0,Cabrobó,PE,Nordeste,-8.51,-39.3
2026,63,39.83,0.74,0.83,28.95,84.11,1.52,18.44,-999.0,Cabrobó,PE,Nordeste,-8.51,-39.3
2026,64,4.28,0.75,0.77,30.0,77.52,2.11,26.19,-999.0,Cabrobó,PE,Nordeste,-8.51,-39.3
2026,65,0.69,0.73,0.74,30.58,77.29,2.17,21.69,-999.0,Cabrobó,PE,Nordeste,-8.51,-39.3
2026,66,0.44,0.71,0.72,31.15,74.64,2.52,26.45,-999.0,Cabrobó,PE,Nordeste,-8.51,-39.3
2026,67,0.75,0.7,0.71,31.21,72.47,1.67,26.06,-999.0,Cabrobó,PE,Nordeste,-8.51,-39.3
2026,68,5.4,0.7,0.73,29.59,75.01,1.1,23.2,-999.0,Cabrobó,PE,Nordeste,-8.51,-39.3
2026,69,5.79,0.7,0.73,30.69,80.06,1.83,22.63,-999.0,Cabrobó,PE,Nordeste,-8.51,-39.3
2026,70,0.91,0.7,0.7,31.89,74.38,2.3,-999.0,-999.0,Cabrobó,PE,Nordeste,-8.51,-39.3
2026,71,0.2,0.68,0.69,32.27,70.69,2.29,23.8,-999.0,Cabrobó,PE,Nordeste,-8.51,-39.3
2026,72,0.21,0.68,0.67,32.69,69.35,1.48,25.07,-999.0,Cabrobó,PE,Nordeste,-8.51,-39.3
2026,73,0.16,0.67,0.65,33.62,62.63,0.94,24.79,-999.0,Cabrobó,PE,Nordeste,-8.51,-39.3
2026,74,0.19,0.66,0.64,34.55,59.58,1.04,24.19,-999.0,Cabrobó,PE,Nordeste,-8.51,-39.3
2026,75,0.61,0.66,0.63,34.71,61.61,1.63,20.53,-999.0,Cabrobó,PE,Nordeste,-8.51,-39.3
2026,76,1.51,0.65,0.63,33.48,69.16,1.84,19.03,-999.0,Cabrobó,PE,Nordeste,-8.51,-39.3
2026,77,0.57,0.65,0.64,31.79,75.04,1.9,22.36,-999.0,Cabrobó,PE,Nordeste,-8.51,-39.3
2026,78,0.17,0.65,0.63,30.71,74.19,2.03,15.88,-999.0,Cabrobó,PE,Nordeste,-8.51,-39.3
2026,79,0.0,0.65,0.62,34.35,68.14,1.27,22.46,-999.0,Cabrobó,PE,Nordeste,-8.51,-39.3
2026,80,0.28,0.64,0.61,35.15,64.63,1.16,22.28,-999.0,Cabrobó,PE,Nordeste,-8.51,-39.3
2026,81,2.11,0.64,0.62,34.2,70.04,0.99,22.05,-999.0,Cabrobó,PE,Nordeste,-8.51,-39.3
2026,82,4.77,0.64,0.63,33.29,70.5,1.76,20.42,-999.0,Cabrobó,PE,Nordeste,-8.51,-39.3
2026,83,1.62,0.64,0.64,30.02,75.78,1.46,17.12,-999.0,Cabrobó,PE,Nordeste,-8.51,-39.3
2026,84,0.1,0.64,0.62,31.53,67.74,2.02,22.52,-999.0,Cabrobó,PE,Nordeste,-8.51,-39.3
2026,85,0.02,0.64,0.61,34.49,63.14,3.33,21.73,-999.0,Cabrobó,PE,Nordeste,-8.51,-39.3
2026,86,0.17,0.63,0.6,35.12,60.9,3.59,21.99,-999.0,Cabrobó,PE,Nordeste,-8.51,-39.3
2026,87,2.86,0.63,0.61,34.99,67.44,3.53,15.64,-999.0,Cabrobó,PE,Nordeste,-8.51,-39.3
2026,88,3.9,0.63,0.63,33.19,72.77,2.29,20.68,-999.0,Cabrobó,PE,Nordeste,-8.51,-39.3
2026,89,3.96,0.64,0.64,29.59,80.71,2.31,18.09,-999.0,Cabrobó,PE,Nordeste,-8.51,-39.3
2026,90,2.8,0.64,0.64,31.55,77.11,2.18,19.41,-999.0,Cabrobó,PE,Nordeste,-8.51,-39.3
2026,91,1.85,0.64,0.63,31.12,77.74,2.79,20.76,-999.0,Cabrobó,PE,Nordeste,-8.51,-39.3
