YEAR,DOY,PRECTOTCORR,GWETROOT,GWETTOP,T2M_MAX,RH2M,WS2M,ALLSKY_SFC_SW_DWN,ALLSKY_SFC_PAR_TOT,CIDADE,ESTADO,REGIAO,LATITUDE,LONGITUDE
2015,1,2.29,0.48,0.46,33.54,61.63,1.71,22.43,10.56,Santarém,PA,Norte,-2.43,-54.71
2015,2,0.6,0.48,0.44,33.76,60.6,1.54,20.15,9.41,Santarém,PA,Norte,-2.43,-54.71
2015,3,0.05,0.47,0.43,34.37,58.59,1.35,22.3,10.39,Santarém,PA,Norte,-2.43,-54.71
2015,4,3.22,0.47,0.44,32.67,61.67,1.13,20.41,9.55,Santarém,PA,Norte,-2.43,-54.71
2015,5,7.03,0.49,0.52,29.09,79.63,1.29,13.08,6.15,Santarém,PA,Norte,-2.43,-54.71
2015,6,0.09,0.49,0.47,30.95,69.32,1.31,20.46,9.63,Santarém,PA,Norte,-2.43,-54.71
2015,7,0.0,0.48,0.47,34.18,61.17,1.54,23.54,10.9,Santarém,PA,Norte,-2.43,-54.71
2015,8,0.97,0.48,0.47,33.28,63.72,1.67,20.02,9.45,Santarém,PA,Norte,-2.43,-54.71
2015,9,0.28,0.48,0.46,33.3,61.68,1.72,18.78,8.84,Santarém,PA,Norte,-2.43,-54.71
2015,10,4.5,0.48,0.47,33.23,63.57,1.54,19.67,9.28,Santarém,PA,Norte,-2.43,-54.71
2015,11,15.71,0.5,0.56,29.5,81.92,1.39,8.27,4.09,Santarém,PA,Norte,-2.43,-54.71
2015,12,14.49,0.53,0.58,29.22,84.22,1.39,14.38,6.95,Santarém,PA,Norte,-2.43,-54.71
2015,13,3.93,0.53,0.53,31.28,77.24,1.52,18.88,8.91,Santarém,PA,Norte,-2.43,-54.71
2015,14,5.47,0.52,0.52,30.89,77.89,1.5,13.28,6.36,Santarém,PA,Norte,-2.43,-54.71
2015,15,8.08,0.53,0.56,29.66,78.08,1.68,14.58,6.99,Santarém,PA,Norte,-2.43,-54.71
2015,16,0.55,0.52,0.51,30.95,71.61,1.45,13.95,6.65,Santarém,PA,Norte,-2.43,-54.71
2015,17,1.33,0.52,0.51,31.12,73.18,1.38,15.66,7.33,Santarém,PA,Norte,-2.43,-54.71
2015,18,11.28,0.52,0.53,30.41,77.75,1.53,19.79,9.33,Santarém,PA,Norte,-2.43,-54.71
2015,19,13.69,0.55,0.61,27.56,85.49,1.48,11.12,5.37,Santarém,PA,Norte,-2.43,-54.71
2015,20,9.16,0.55,0.58,28.5,83.22,1.35,11.98,5.82,Santarém,PA,Norte,-2.43,-54.71
2015,21,15.54,0.57,0.62,28.6,82.61,1.46,17.28,8.26,Santarém,PA,Norte,-2.43,-54.71
2015,22,1.95,0.56,0.57,28.95,81.13,1.29,14.98,7.21,Santarém,PA,Norte,-2.43,-54.71
2015,23,7.57,0.56,0.58,29.51,82.72,1.43,16.65,7.96,Santarém,PA,Norte,-2.43,-54.71
2015,24,10.86,0.57,0.62,26.19,88.82,1.21,14.38,6.98,Santarém,PA,Norte,-2.43,-54.71
2015,25,2.71,0.57,0.58,28.97,82.16,1.33,19.68,9.32,Santarém,PA,Norte,-2.43,-54.71
2015,26,8.52,0.57,0.61,29.17,82.33,1.7,15.19,7.31,Santarém,PA,Norte,-2.43,-54.71
2015,27,3.12,0.57,0.58,29.69,80.32,1.57,20.39,9.62,Santarém,PA,Norte,-2.43,-54.71
2015,28,0.43,0.56,0.56,30.87,76.62,1.59,20.79,9.7,Santarém,PA,Norte,-2.43,-54.71
2015,29,0.89,0.55,0.55,30.3,78.52,1.39,21.92,10.3,Santarém,PA,Norte,-2.43,-54.71
2015,30,0.28,0.55,0.54,30.03,76.28,1.71,21.99,10.23,Santarém,PA,Norte,-2.43,-54.71
2015,31,2.7,0.54,0.54,29.79,79.63,1.47,20.72,9.71,Santarém,PA,Norte,-2.43,-54.71
2015,32,11.61,0.55,0.59,29.44,80.66,1.43,18.64,8.71,Santarém,PA,Norte,-2.43,-54.71
2015,33,9.96,0.57,0.61,28.54,85.01,1.27,8.71,4.3,Santarém,PA,Norte,-2.43,-54.71
2015,34,2.64,0.57,0.58,29.07,80.33,1.25,13.73,6.53,Santarém,PA,Norte,-2.43,-54.71
2015,35,9.21,0.57,0.61,29.14,83.28,1.43,18.53,8.73,Santarém,PA,Norte,-2.43,-54.71
2015,36,3.05,0.57,0.58,28.73,79.72,1.7,21.75,10.2,Santarém,PA,Norte,-2.43,-54.71
2015,37,0.02,0.56,0.56,29.92,74.2,1.35,19.15,8.91,Santarém,PA,Norte,-2.43,-54.71
2015,38,0.0,0.55,0.54,30.8,72.88,1.45,19.8,9.33,Santarém,PA,Norte,-2.43,-54.71
2015,39,2.17,0.55,0.54,30.05,79.72,1.41,14.48,6.93,Santarém,PA,Norte,-2.43,-54.71
2015,40,19.89,0.56,0.61,28.83,86.77,1.27,6.47,3.25,Santarém,PA,Norte,-2.43,-54.71
2015,41,7.95,0.58,0.63,29.14,85.54,1.25,18.5,8.76,Santarém,PA,Norte,-2.43,-54.71
2015,42,3.27,0.58,0.59,29.15,82.93,1.39,18.08,8.54,Santarém,PA,Norte,-2.43,-54.71
2015,43,5.68,0.57,0.6,28.5,85.89,1.53,15.71,7.49,Santarém,PA,Norte,-2.43,-54.71
2015,44,3.57,0.58,0.6,29.67,85.44,1.48,20.48,9.57,Santarém,PA,Norte,-2.43,-54.71
2015,45,0.17,0.57,0.57,30.37,79.95,1.59,21.09,9.92,Santarém,PA,Norte,-2.43,-54.71
2015,46,0.0,0.56,0.55,30.76,78.12,1.55,20.66,9.67,Santarém,PA,Norte,-2.43,-54.71
2015,47,4.19,0.55,0.56,31.12,79.17,1.58,22.2,10.38,Santarém,PA,Norte,-2.43,-54.71
2015,48,5.95,0.56,0.59,29.33,82.68,1.39,17.48,8.25,Santarém,PA,Norte,-2.43,-54.71
2015,49,9.51,0.57,0.61,26.76,86.68,1.24,18.98,8.97,Santarém,PA,Norte,-2.43,-54.71
2015,50,0.58,0.57,0.57,29.56,78.28,1.6,20.62,9.72,Santarém,PA,Norte,-2.43,-54.71
2015,51,2.32,0.56,0.57,28.97,82.88,1.35,11.18,5.37,Santarém,PA,Norte,-2.43,-54.71
2015,52,4.08,0.56,0.57,29.48,80.61,1.21,16.78,7.98,Santarém,PA,Norte,-2.43,-54.71
2015,53,30.82,0.58,0.67,27.02,89.6,1.25,7.07,3.54,Santarém,PA,Norte,-2.43,-54.71
2015,54,13.6,0.62,0.69,26.89,87.12,0.85,16.66,7.91,Santarém,PA,Norte,-2.43,-54.71
2015,55,10.63,0.62,0.68,27.51,85.85,0.95,10.04,4.9,Santarém,PA,Norte,-2.43,-54.71
2015,56,10.64,0.63,0.68,27.24,90.11,1.31,19.46,9.25,Santarém,PA,Norte,-2.43,-54.71
2015,57,15.73,0.64,0.7,28.01,89.27,1.41,18.57,8.86,Santarém,PA,Norte,-2.43,-54.71
2015,58,8.16,0.64,0.69,27.14,86.04,1.01,20.7,9.79,Santarém,PA,Norte,-2.43,-54.71
2015,59,3.36,0.64,0.67,28.03,85.84,1.14,16.81,8.0,Santarém,PA,Norte,-2.43,-54.71
2015,60,6.74,0.63,0.68,28.23,84.08,1.13,12.86,6.18,Santarém,PA,Norte,-2.43,-54.71
2015,61,25.36,0.65,0.73,26.76,91.13,1.12,16.16,7.68,Santarém,PA,Norte,-2.43,-54.71
2015,62,9.15,0.67,0.72,28.05,84.76,1.44,18.04,8.53,Santarém,PA,Norte,-2.43,-54.71
2015,63,12.64,0.66,0.71,26.3,87.71,1.32,18.44,8.79,Santarém,PA,Norte,-2.43,-54.71
2015,64,19.29,0.69,0.75,27.54,87.51,1.38,15.37,7.32,Santarém,PA,Norte,-2.43,-54.71
2015,65,8.69,0.7,0.74,26.17,89.73,1.15,14.02,6.69,Santarém,PA,Norte,-2.43,-54.71
2015,66,2.97,0.69,0.72,27.88,85.62,1.2,11.15,5.29,Santarém,PA,Norte,-2.43,-54.71
2015,67,2.03,0.68,0.7,28.82,83.89,1.49,22.88,10.83,Santarém,PA,Norte,-2.43,-54.71
2015,68,3.48,0.67,0.7,28.35,86.44,1.45,16.83,7.96,Santarém,PA,Norte,-2.43,-54.71
2015,69,18.55,0.68,0.74,27.54,90.99,1.39,10.6,5.13,Santarém,PA,Norte,-2.43,-54.71
2015,70,12.22,0.7,0.74,27.7,88.87,1.4,18.92,8.85,Santarém,PA,Norte,-2.43,-54.71
2015,71,6.23,0.7,0.73,27.36,88.85,1.25,20.13,9.54,Santarém,PA,Norte,-2.43,-54.71
2015,72,17.57,0.7,0.75,28.38,87.16,1.12,18.56,8.86,Santarém,PA,Norte,-2.43,-54.71
2015,73,32.69,0.75,0.82,26.74,92.69,1.25,10.95,5.3,Santarém,PA,Norte,-2.43,-54.71
2015,74,11.73,0.76,0.8,27.12,89.42,1.13,17.19,8.17,Santarém,PA,Norte,-2.43,-54.71
2015,75,3.02,0.75,0.77,27.64,88.53,1.28,14.1,6.71,Santarém,PA,Norte,-2.43,-54.71
2015,76,2.79,0.74,0.76,26.69,90.31,1.36,16.22,7.8,Santarém,PA,Norte,-2.43,-54.71
2015,77,3.47,0.73,0.76,27.54,89.63,1.43,15.28,7.27,Santarém,PA,Norte,-2.43,-54.71
2015,78,7.96,0.73,0.76,27.01,88.64,1.05,18.5,8.69,Santarém,PA,Norte,-2.43,-54.71
2015,79,17.77,0.75,0.8,25.83,90.81,1.09,10.22,4.99,Santarém,PA,Norte,-2.43,-54.71
2015,80,5.09,0.75,0.77,27.0,87.21,0.84,7.31,3.66,Santarém,PA,Norte,-2.43,-54.71
2015,81,8.16,0.75,0.78,26.02,85.82,0.71,15.51,7.38,Santarém,PA,Norte,-2.43,-54.71
2015,82,12.84,0.76,0.79,27.17,83.44,0.93,9.29,4.54,Santarém,PA,Norte,-2.43,-54.71
2015,83,11.79,0.77,0.8,26.5,86.55,0.72,16.07,7.66,Santarém,PA,Norte,-2.43,-54.71
2015,84,5.24,0.77,0.79,27.29,83.79,0.88,17.06,8.11,Santarém,PA,Norte,-2.43,-54.71
2015,85,1.67,0.77,0.78,28.15,84.19,1.13,20.33,9.61,Santarém,PA,Norte,-2.43,-54.71
2015,86,3.85,0.76,0.77,28.27,87.31,1.27,21.68,10.29,Santarém,PA,Norte,-2.43,-54.71
2015,87,7.96,0.76,0.78,28.44,89.3,1.4,20.34,9.62,Santarém,PA,Norte,-2.43,-54.71
2015,88,4.68,0.76,0.78,28.77,87.77,1.32,19.23,9.04,Santarém,PA,Norte,-2.43,-54.71
2015,89,5.28,0.76,0.78,26.92,90.28,1.25,17.1,8.05,Santarém,PA,Norte,-2.43,-54.71
2015,90,13.41,0.77,0.79,27.5,84.96,1.12,20.26,9.59,Santarém,PA,Norte,-2.43,-54.71
2015,91,47.23,0.82,0.87,26.14,88.13,0.73,9.92,4.85,Santarém,PA,Norte,-2.43,-54.71
2015,92,2.82,0.82,0.82,28.15,83.21,0.97,15.88,7.6,Santarém,PA,Norte,-2.43,-54.71
2015,93,0.26,0.81,0.8,28.24,85.77,1.39,20.5,9.7,Santarém,PA,Norte,-2.43,-54.71
2015,94,0.03,0.79,0.79,28.39,82.59,1.45,19.79,9.43,Santarém,PA,Norte,-2.43,-54.71
2015,95,0.18,0.78,0.78,28.51,84.14,1.48,19.99,9.46,Santarém,PA,Norte,-2.43,-54.71
2015,96,8.44,0.77,0.79,27.87,86.89,1.5,19.01,8.84,Santarém,PA,Norte,-2.43,-54.71
2015,97,5.57,0.78,0.79,28.27,85.81,1.4,19.14,9.13,Santarém,PA,Norte,-2.43,-54.71
2015,98,1.87,0.77,0.78,28.08,86.58,1.55,20.18,9.63,Santarém,PA,Norte,-2.43,-54.71
2015,99,2.2,0.77,0.78,28.42,86.41,1.51,18.23,8.71,Santarém,PA,Norte,-2.43,-54.71
2015,100,5.13,0.77,0.78,27.84,89.55,1.44,15.31,7.44,Santarém,PA,Norte,-2.43,-54.71
2015,101,1.52,0.76,0.77,28.61,87.05,1.44,20.18,9.65,Santarém,PA,Norte,-2.43,-54.71
2015,102,10.36,0.77,0.79,25.83,90.67,1.14,19.06,9.16,Santarém,PA,Norte,-2.43,-54.71
2015,103,19.06,0.79,0.82,27.06,89.81,1.16,18.1,8.68,Santarém,PA,Norte,-2.43,-54.71
2015,104,10.28,0.79,0.8,27.2,90.55,1.25,16.39,7.87,Santarém,PA,Norte,-2.43,-54.71
2015,105,6.52,0.8,0.81,26.43,90.78,1.2,16.91,8.11,Santarém,PA,Norte,-2.43,-54.71
2015,106,19.6,0.8,0.82,27.87,89.69,1.3,18.46,8.78,Santarém,PA,Norte,-2.43,-54.71
2015,107,22.08,0.82,0.84,27.06,89.79,1.07,18.17,8.66,Santarém,PA,Norte,-2.43,-54.71
2015,108,15.73,0.84,0.85,27.94,88.08,1.0,17.79,8.44,Santarém,PA,Norte,-2.43,-54.71
2015,109,5.13,0.84,0.83,27.79,87.31,1.14,19.1,9.11,Santarém,PA,Norte,-2.43,-54.71
2015,110,0.36,0.83,0.82,27.94,87.91,1.19,18.51,8.84,Santarém,PA,Norte,-2.43,-54.71
2015,111,1.37,0.82,0.81,28.61,86.72,1.34,19.62,9.37,Santarém,PA,Norte,-2.43,-54.71
2015,112,7.68,0.81,0.82,28.64,87.95,1.32,21.34,10.15,Santarém,PA,Norte,-2.43,-54.71
2015,113,5.57,0.82,0.82,28.53,87.72,1.42,19.0,9.04,Santarém,PA,Norte,-2.43,-54.71
2015,114,12.43,0.82,0.83,26.19,92.6,1.41,19.59,9.39,Santarém,PA,Norte,-2.43,-54.71
2015,115,6.3,0.83,0.83,27.4,91.38,1.37,17.54,8.42,Santarém,PA,Norte,-2.43,-54.71
2015,116,4.53,0.83,0.82,27.56,91.1,1.33,18.24,8.78,Santarém,PA,Norte,-2.43,-54.71
2015,117,4.85,0.82,0.82,28.11,90.48,1.35,14.82,7.06,Santarém,PA,Norte,-2.43,-54.71
2015,118,22.96,0.83,0.85,27.24,92.16,1.26,16.56,7.9,Santarém,PA,Norte,-2.43,-54.71
2015,119,16.5,0.85,0.85,28.13,90.42,1.39,17.55,8.38,Santarém,PA,Norte,-2.43,-54.71
2015,120,1.94,0.85,0.84,27.99,87.67,1.14,18.19,8.73,Santarém,PA,Norte,-2.43,-54.71
2015,121,1.63,0.84,0.83,27.91,85.86,1.15,17.29,8.17,Santarém,PA,Norte,-2.43,-54.71
2015,122,17.84,0.84,0.85,27.61,86.12,1.01,15.59,7.49,Santarém,PA,Norte,-2.43,-54.71
2015,123,20.11,0.87,0.88,26.13,91.49,1.37,15.08,7.28,Santarém,PA,Norte,-2.43,-54.71
2015,124,3.13,0.86,0.85,27.48,88.93,1.41,17.85,8.52,Santarém,PA,Norte,-2.43,-54.71
2015,125,10.32,0.86,0.85,27.7,89.45,1.45,18.01,8.64,Santarém,PA,Norte,-2.43,-54.71
2015,126,13.9,0.86,0.86,25.96,90.25,1.46,16.46,7.81,Santarém,PA,Norte,-2.43,-54.71
2015,127,14.35,0.87,0.87,28.26,87.75,1.09,12.28,5.89,Santarém,PA,Norte,-2.43,-54.71
2015,128,17.33,0.88,0.87,27.59,89.43,1.3,17.42,8.27,Santarém,PA,Norte,-2.43,-54.71
2015,129,16.33,0.89,0.88,27.51,90.83,1.29,16.87,8.1,Santarém,PA,Norte,-2.43,-54.71
2015,130,14.06,0.89,0.88,28.16,90.58,1.33,17.81,8.57,Santarém,PA,Norte,-2.43,-54.71
2015,131,7.39,0.89,0.88,27.98,90.45,1.27,14.6,6.94,Santarém,PA,Norte,-2.43,-54.71
2015,132,1.0,0.88,0.86,28.6,87.15,1.32,19.48,9.22,Santarém,PA,Norte,-2.43,-54.71
2015,133,0.94,0.87,0.85,28.92,85.97,1.5,19.43,9.25,Santarém,PA,Norte,-2.43,-54.71
2015,134,0.09,0.86,0.85,28.27,86.26,1.39,20.18,9.57,Santarém,PA,Norte,-2.43,-54.71
2015,135,2.57,0.86,0.85,28.56,87.07,1.43,19.44,9.18,Santarém,PA,Norte,-2.43,-54.71
2015,136,2.53,0.86,0.84,26.73,89.37,1.31,18.22,8.73,Santarém,PA,Norte,-2.43,-54.71
2015,137,12.66,0.86,0.86,27.59,91.27,1.3,12.14,5.87,Santarém,PA,Norte,-2.43,-54.71
2015,138,10.2,0.87,0.87,27.6,92.07,1.1,11.87,5.76,Santarém,PA,Norte,-2.43,-54.71
2015,139,2.1,0.87,0.86,27.27,88.04,1.24,10.58,5.16,Santarém,PA,Norte,-2.43,-54.71
2015,140,1.29,0.86,0.85,27.91,88.21,1.15,15.13,7.22,Santarém,PA,Norte,-2.43,-54.71
2015,141,3.18,0.86,0.85,28.09,90.3,1.33,18.74,8.95,Santarém,PA,Norte,-2.43,-54.71
2015,142,9.18,0.87,0.86,27.77,89.86,1.45,17.76,8.56,Santarém,PA,Norte,-2.43,-54.71
2015,143,5.64,0.86,0.85,28.36,88.7,1.25,16.23,7.81,Santarém,PA,Norte,-2.43,-54.71
2015,144,6.75,0.86,0.85,28.38,88.13,1.47,16.97,8.1,Santarém,PA,Norte,-2.43,-54.71
2015,145,3.21,0.86,0.85,27.78,88.27,1.32,16.49,7.84,Santarém,PA,Norte,-2.43,-54.71
2015,146,0.54,0.86,0.84,28.04,88.73,1.29,15.52,7.37,Santarém,PA,Norte,-2.43,-54.71
2015,147,0.6,0.85,0.84,28.07,88.67,1.31,14.95,7.09,Santarém,PA,Norte,-2.43,-54.71
2015,148,0.18,0.84,0.83,28.47,87.32,1.35,18.38,8.78,Santarém,PA,Norte,-2.43,-54.71
2015,149,0.71,0.84,0.83,28.57,87.66,1.4,15.75,7.48,Santarém,PA,Norte,-2.43,-54.71
2015,150,0.57,0.83,0.82,28.53,87.85,1.39,17.19,8.1,Santarém,PA,Norte,-2.43,-54.71
2015,151,0.14,0.82,0.82,29.31,87.29,1.31,18.69,8.81,Santarém,PA,Norte,-2.43,-54.71
2015,152,1.8,0.82,0.82,27.76,89.18,1.36,18.77,8.92,Santarém,PA,Norte,-2.43,-54.71
2015,153,1.11,0.82,0.81,28.58,88.61,1.41,18.4,8.69,Santarém,PA,Norte,-2.43,-54.71
2015,154,1.35,0.82,0.81,27.9,87.85,1.51,17.56,8.32,Santarém,PA,Norte,-2.43,-54.71
2015,155,0.94,0.81,0.81,28.37,88.51,1.41,18.14,8.57,Santarém,PA,Norte,-2.43,-54.71
2015,156,8.47,0.81,0.82,27.32,89.55,1.55,16.26,7.74,Santarém,PA,Norte,-2.43,-54.71
2015,157,5.34,0.82,0.82,28.03,89.33,1.28,17.4,8.3,Santarém,PA,Norte,-2.43,-54.71
2015,158,0.8,0.82,0.81,27.48,90.3,1.2,15.53,7.36,Santarém,PA,Norte,-2.43,-54.71
2015,159,6.52,0.81,0.82,28.0,88.9,1.22,19.17,9.11,Santarém,PA,Norte,-2.43,-54.71
2015,160,12.28,0.82,0.83,28.03,89.21,1.47,14.84,7.13,Santarém,PA,Norte,-2.43,-54.71
2015,161,12.06,0.83,0.83,27.61,91.18,1.37,16.95,8.09,Santarém,PA,Norte,-2.43,-54.71
2015,162,6.28,0.83,0.83,27.18,91.18,1.27,12.0,5.8,Santarém,PA,Norte,-2.43,-54.71
2015,163,2.18,0.83,0.82,28.13,87.41,1.11,15.5,7.42,Santarém,PA,Norte,-2.43,-54.71
2015,164,0.08,0.82,0.81,28.71,87.3,1.39,17.5,8.32,Santarém,PA,Norte,-2.43,-54.71
2015,165,4.63,0.81,0.81,27.88,89.98,1.53,15.53,7.44,Santarém,PA,Norte,-2.43,-54.71
2015,166,1.72,0.81,0.81,28.89,88.74,1.51,17.78,8.4,Santarém,PA,Norte,-2.43,-54.71
2015,167,0.22,0.8,0.8,29.25,87.47,1.46,19.54,9.18,Santarém,PA,Norte,-2.43,-54.71
2015,168,1.1,0.79,0.79,28.75,84.22,1.47,18.8,8.91,Santarém,PA,Norte,-2.43,-54.71
2015,169,1.39,0.79,0.79,28.18,87.0,1.42,17.62,8.26,Santarém,PA,Norte,-2.43,-54.71
2015,170,0.47,0.79,0.79,27.96,88.57,1.37,19.0,8.97,Santarém,PA,Norte,-2.43,-54.71
2015,171,1.89,0.78,0.79,28.68,87.46,1.48,18.27,8.68,Santarém,PA,Norte,-2.43,-54.71
2015,172,4.42,0.78,0.79,27.66,89.26,1.56,19.02,9.04,Santarém,PA,Norte,-2.43,-54.71
2015,173,6.13,0.78,0.79,28.22,87.76,1.6,17.72,8.46,Santarém,PA,Norte,-2.43,-54.71
2015,174,7.12,0.78,0.8,28.02,88.23,1.41,17.58,8.35,Santarém,PA,Norte,-2.43,-54.71
2015,175,0.22,0.78,0.78,29.2,86.08,1.5,21.58,10.08,Santarém,PA,Norte,-2.43,-54.71
2015,176,1.51,0.77,0.77,28.85,86.64,1.43,16.95,8.03,Santarém,PA,Norte,-2.43,-54.71
2015,177,12.61,0.76,0.79,28.25,89.09,1.62,18.01,8.54,Santarém,PA,Norte,-2.43,-54.71
2015,178,7.14,0.78,0.79,28.14,87.8,1.56,17.17,8.15,Santarém,PA,Norte,-2.43,-54.71
2015,179,2.32,0.77,0.78,28.62,85.99,1.41,17.22,8.17,Santarém,PA,Norte,-2.43,-54.71
2015,180,1.88,0.76,0.77,28.83,86.43,1.43,18.04,8.5,Santarém,PA,Norte,-2.43,-54.71
2015,181,2.24,0.76,0.77,28.89,87.02,1.44,16.19,7.68,Santarém,PA,Norte,-2.43,-54.71
2015,182,0.66,0.75,0.76,29.35,86.71,1.41,19.3,9.13,Santarém,PA,Norte,-2.43,-54.71
2015,183,10.67,0.75,0.77,28.38,88.5,1.4,19.04,8.98,Santarém,PA,Norte,-2.43,-54.71
2015,184,23.84,0.78,0.82,26.93,92.69,1.57,11.76,5.69,Santarém,PA,Norte,-2.43,-54.71
2015,185,5.42,0.79,0.8,28.69,88.7,1.7,17.08,8.11,Santarém,PA,Norte,-2.43,-54.71
2015,186,2.07,0.78,0.78,28.68,87.44,1.38,18.89,8.89,Santarém,PA,Norte,-2.43,-54.71
2015,187,3.94,0.77,0.78,27.79,88.83,1.31,17.27,8.19,Santarém,PA,Norte,-2.43,-54.71
2015,188,2.86,0.77,0.78,27.78,87.3,1.29,20.53,9.69,Santarém,PA,Norte,-2.43,-54.71
2015,189,1.57,0.77,0.77,27.75,89.04,1.37,15.38,7.32,Santarém,PA,Norte,-2.43,-54.71
2015,190,1.12,0.76,0.77,28.66,87.74,1.45,17.68,8.32,Santarém,PA,Norte,-2.43,-54.71
2015,191,1.09,0.75,0.76,28.8,87.17,1.65,19.37,9.06,Santarém,PA,Norte,-2.43,-54.71
2015,192,0.44,0.74,0.75,29.04,86.08,1.67,19.14,8.97,Santarém,PA,Norte,-2.43,-54.71
2015,193,0.03,0.74,0.75,28.16,85.73,1.62,18.68,8.79,Santarém,PA,Norte,-2.43,-54.71
2015,194,0.36,0.73,0.74,28.77,86.21,1.61,18.48,8.61,Santarém,PA,Norte,-2.43,-54.71
2015,195,0.2,0.72,0.73,28.64,85.28,1.58,18.32,8.6,Santarém,PA,Norte,-2.43,-54.71
2015,196,0.84,0.71,0.73,29.54,85.7,1.29,20.72,9.71,Santarém,PA,Norte,-2.43,-54.71
2015,197,0.32,0.71,0.72,29.25,85.61,1.15,21.56,10.11,Santarém,PA,Norte,-2.43,-54.71
2015,198,0.02,0.7,0.72,29.57,85.28,1.49,20.33,9.55,Santarém,PA,Norte,-2.43,-54.71
2015,199,2.55,0.7,0.71,29.48,84.79,1.59,21.41,10.02,Santarém,PA,Norte,-2.43,-54.71
2015,200,4.27,0.69,0.72,28.83,87.06,1.62,15.27,7.27,Santarém,PA,Norte,-2.43,-54.71
2015,201,4.29,0.69,0.71,29.13,86.7,1.35,13.11,6.24,Santarém,PA,Norte,-2.43,-54.71
2015,202,2.12,0.69,0.71,29.4,87.06,1.4,19.01,8.92,Santarém,PA,Norte,-2.43,-54.71
2015,203,3.15,0.68,0.71,28.79,86.63,1.58,17.56,8.32,Santarém,PA,Norte,-2.43,-54.71
2015,204,1.4,0.68,0.7,29.23,86.07,1.31,18.31,8.62,Santarém,PA,Norte,-2.43,-54.71
2015,205,1.35,0.68,0.7,28.87,86.24,1.35,18.52,8.72,Santarém,PA,Norte,-2.43,-54.71
2015,206,8.25,0.68,0.71,28.64,88.04,1.54,17.23,8.15,Santarém,PA,Norte,-2.43,-54.71
2015,207,2.89,0.68,0.71,28.55,87.21,1.52,16.66,7.85,Santarém,PA,Norte,-2.43,-54.71
2015,208,1.15,0.67,0.69,29.34,85.28,1.47,17.26,8.07,Santarém,PA,Norte,-2.43,-54.71
2015,209,0.27,0.67,0.68,29.14,85.14,1.65,19.02,8.92,Santarém,PA,Norte,-2.43,-54.71
2015,210,0.27,0.66,0.68,29.64,85.77,1.48,20.88,9.72,Santarém,PA,Norte,-2.43,-54.71
2015,211,1.12,0.66,0.68,28.83,86.26,1.53,15.33,7.2,Santarém,PA,Norte,-2.43,-54.71
2015,212,0.44,0.65,0.67,28.63,86.21,1.5,18.9,8.85,Santarém,PA,Norte,-2.43,-54.71
2015,213,0.02,0.65,0.66,29.65,83.4,1.47,15.31,7.18,Santarém,PA,Norte,-2.43,-54.71
2015,214,0.01,0.64,0.65,29.9,83.46,1.47,21.99,10.27,Santarém,PA,Norte,-2.43,-54.71
2015,215,0.0,0.63,0.65,29.73,82.65,1.68,20.65,9.6,Santarém,PA,Norte,-2.43,-54.71
2015,216,0.0,0.62,0.64,30.0,81.91,1.52,20.98,9.85,Santarém,PA,Norte,-2.43,-54.71
2015,217,0.0,0.61,0.63,30.01,81.54,1.62,18.16,8.49,Santarém,PA,Norte,-2.43,-54.71
2015,218,1.16,0.61,0.63,29.66,83.5,1.8,20.65,9.62,Santarém,PA,Norte,-2.43,-54.71
2015,219,0.3,0.6,0.62,29.88,82.21,1.67,21.31,9.85,Santarém,PA,Norte,-2.43,-54.71
2015,220,1.2,0.6,0.61,30.16,81.52,1.64,19.12,8.84,Santarém,PA,Norte,-2.43,-54.71
2015,221,0.89,0.59,0.61,30.06,80.62,1.71,19.66,9.15,Santarém,PA,Norte,-2.43,-54.71
2015,222,0.0,0.59,0.59,30.38,80.22,1.74,22.35,10.34,Santarém,PA,Norte,-2.43,-54.71
2015,223,0.04,0.58,0.59,31.05,79.87,1.62,22.36,10.33,Santarém,PA,Norte,-2.43,-54.71
2015,224,0.44,0.58,0.58,30.88,78.81,1.58,17.46,8.1,Santarém,PA,Norte,-2.43,-54.71
2015,225,0.13,0.57,0.57,31.34,77.26,1.65,20.62,9.67,Santarém,PA,Norte,-2.43,-54.71
2015,226,0.0,0.56,0.56,32.01,76.3,1.59,22.2,10.17,Santarém,PA,Norte,-2.43,-54.71
2015,227,0.08,0.56,0.55,32.2,75.74,1.62,21.3,9.83,Santarém,PA,Norte,-2.43,-54.71
2015,228,0.34,0.55,0.54,32.71,76.72,1.49,21.81,10.06,Santarém,PA,Norte,-2.43,-54.71
2015,229,1.24,0.55,0.54,33.1,75.28,1.42,21.41,9.93,Santarém,PA,Norte,-2.43,-54.71
2015,230,0.87,0.55,0.54,32.72,76.5,1.38,21.77,10.08,Santarém,PA,Norte,-2.43,-54.71
2015,231,0.01,0.54,0.53,34.07,70.44,1.24,22.22,10.27,Santarém,PA,Norte,-2.43,-54.71
2015,232,0.01,0.54,0.52,33.31,73.03,1.5,19.86,9.13,Santarém,PA,Norte,-2.43,-54.71
2015,233,0.0,0.54,0.52,33.36,72.55,1.68,20.36,9.25,Santarém,PA,Norte,-2.43,-54.71
2015,234,0.0,0.53,0.51,33.47,69.9,1.74,21.77,10.01,Santarém,PA,Norte,-2.43,-54.71
2015,235,0.0,0.53,0.5,34.01,68.37,1.51,21.69,10.07,Santarém,PA,Norte,-2.43,-54.71
2015,236,0.14,0.52,0.5,34.74,66.43,1.46,21.43,9.96,Santarém,PA,Norte,-2.43,-54.71
2015,237,0.11,0.52,0.49,33.57,68.12,1.83,18.47,8.59,Santarém,PA,Norte,-2.43,-54.71
2015,238,0.04,0.52,0.49,32.71,68.14,2.25,18.76,8.73,Santarém,PA,Norte,-2.43,-54.71
2015,239,0.01,0.52,0.49,33.55,65.65,1.88,22.09,10.17,Santarém,PA,Norte,-2.43,-54.71
2015,240,0.22,0.51,0.49,33.68,66.28,1.46,22.77,10.61,Santarém,PA,Norte,-2.43,-54.71
2015,241,0.25,0.51,0.49,32.48,72.15,1.74,20.57,9.64,Santarém,PA,Norte,-2.43,-54.71
2015,242,0.0,0.51,0.48,32.9,68.12,2.0,18.99,8.82,Santarém,PA,Norte,-2.43,-54.71
2015,243,0.0,0.51,0.48,33.87,67.18,1.74,22.36,10.25,Santarém,PA,Norte,-2.43,-54.71
2015,244,0.13,0.51,0.48,33.88,66.38,1.41,23.0,10.57,Santarém,PA,Norte,-2.43,-54.71
2015,245,16.42,0.51,0.55,34.62,66.84,1.33,21.79,10.07,Santarém,PA,Norte,-2.43,-54.71
2015,246,10.47,0.54,0.59,33.76,71.66,1.34,22.92,10.61,Santarém,PA,Norte,-2.43,-54.71
2015,247,0.0,0.54,0.53,33.66,70.2,1.51,20.15,9.3,Santarém,PA,Norte,-2.43,-54.71
2015,248,0.15,0.53,0.51,34.66,68.73,1.77,20.89,9.67,Santarém,PA,Norte,-2.43,-54.71
2015,249,0.12,0.52,0.5,34.31,65.64,1.85,19.99,9.08,Santarém,PA,Norte,-2.43,-54.71
2015,250,0.0,0.52,0.49,33.99,61.77,2.01,20.71,9.56,Santarém,PA,Norte,-2.43,-54.71
2015,251,0.0,0.51,0.48,33.96,62.98,1.76,22.65,10.47,Santarém,PA,Norte,-2.43,-54.71
2015,252,0.0,0.51,0.48,34.48,64.01,1.74,22.71,10.41,Santarém,PA,Norte,-2.43,-54.71
2015,253,0.0,0.5,0.47,34.08,62.33,1.79,22.0,10.05,Santarém,PA,Norte,-2.43,-54.71
2015,254,0.0,0.5,0.47,35.25,59.53,1.48,23.05,10.45,Santarém,PA,Norte,-2.43,-54.71
2015,255,0.0,0.5,0.46,36.71,59.58,1.37,23.55,10.79,Santarém,PA,Norte,-2.43,-54.71
2015,256,0.08,0.49,0.46,36.95,59.22,1.46,20.02,9.07,Santarém,PA,Norte,-2.43,-54.71
2015,257,0.11,0.49,0.46,35.76,61.59,1.75,18.84,8.59,Santarém,PA,Norte,-2.43,-54.71
2015,258,0.04,0.49,0.46,36.17,59.54,1.72,22.28,10.15,Santarém,PA,Norte,-2.43,-54.71
2015,259,0.0,0.49,0.45,36.29,59.19,1.72,22.51,10.39,Santarém,PA,Norte,-2.43,-54.71
2015,260,0.0,0.49,0.45,36.93,57.5,1.76,22.42,10.31,Santarém,PA,Norte,-2.43,-54.71
2015,261,0.0,0.48,0.44,36.59,55.8,1.76,23.46,10.73,Santarém,PA,Norte,-2.43,-54.71
2015,262,0.0,0.48,0.44,36.39,55.71,1.82,24.15,11.05,Santarém,PA,Norte,-2.43,-54.71
2015,263,0.0,0.48,0.44,36.62,55.14,1.68,23.21,10.58,Santarém,PA,Norte,-2.43,-54.71
2015,264,0.0,0.48,0.43,36.08,56.94,1.82,22.92,10.59,Santarém,PA,Norte,-2.43,-54.71
2015,265,0.0,0.48,0.43,35.39,57.57,1.93,21.11,9.59,Santarém,PA,Norte,-2.43,-54.71
2015,266,0.0,0.47,0.42,35.79,56.82,1.77,22.88,10.46,Santarém,PA,Norte,-2.43,-54.71
2015,267,0.0,0.47,0.41,35.98,57.02,1.69,20.9,9.53,Santarém,PA,Norte,-2.43,-54.71
2015,268,0.0,0.47,0.4,35.39,57.3,1.9,21.21,9.8,Santarém,PA,Norte,-2.43,-54.71
2015,269,0.0,0.47,0.39,35.52,54.58,1.69,22.0,10.08,Santarém,PA,Norte,-2.43,-54.71
2015,270,0.0,0.47,0.38,36.28,51.75,1.68,23.63,10.87,Santarém,PA,Norte,-2.43,-54.71
2015,271,0.0,0.47,0.37,36.45,52.55,1.78,23.62,10.79,Santarém,PA,Norte,-2.43,-54.71
2015,272,0.0,0.47,0.36,36.43,50.91,1.75,22.85,10.37,Santarém,PA,Norte,-2.43,-54.71
2015,273,0.0,0.47,0.35,36.53,52.38,1.74,23.2,10.6,Santarém,PA,Norte,-2.43,-54.71
2015,274,0.13,0.47,0.34,36.71,52.77,1.83,20.18,9.16,Santarém,PA,Norte,-2.43,-54.71
2015,275,0.03,0.47,0.34,36.15,53.28,1.82,18.64,8.43,Santarém,PA,Norte,-2.43,-54.71
2015,276,0.0,0.47,0.33,36.47,52.37,1.73,23.63,10.81,Santarém,PA,Norte,-2.43,-54.71
2015,277,0.0,0.47,0.33,37.64,51.06,1.53,25.42,11.64,Santarém,PA,Norte,-2.43,-54.71
2015,278,0.09,0.47,0.32,37.87,51.88,1.49,22.61,10.23,Santarém,PA,Norte,-2.43,-54.71
2015,279,0.03,0.47,0.32,36.23,51.89,2.06,20.96,9.42,Santarém,PA,Norte,-2.43,-54.71
2015,280,0.0,0.47,0.31,36.62,47.59,1.74,20.06,9.15,Santarém,PA,Norte,-2.43,-54.71
2015,281,0.12,0.47,0.31,36.96,52.16,1.52,21.98,10.03,Santarém,PA,Norte,-2.43,-54.71
2015,282,1.31,0.47,0.32,36.01,57.41,1.94,15.59,7.14,Santarém,PA,Norte,-2.43,-54.71
2015,283,1.36,0.47,0.36,36.6,58.27,1.56,18.14,8.25,Santarém,PA,Norte,-2.43,-54.71
2015,284,0.03,0.47,0.35,36.62,54.32,1.69,19.59,8.89,Santarém,PA,Norte,-2.43,-54.71
2015,285,0.06,0.47,0.34,36.11,53.82,1.79,21.17,9.65,Santarém,PA,Norte,-2.43,-54.71
2015,286,0.22,0.47,0.33,35.94,53.57,1.92,17.73,7.97,Santarém,PA,Norte,-2.43,-54.71
2015,287,0.18,0.47,0.32,35.68,52.57,1.89,22.29,10.11,Santarém,PA,Norte,-2.43,-54.71
2015,288,0.0,0.47,0.31,36.18,52.13,1.76,20.36,9.16,Santarém,PA,Norte,-2.43,-54.71
2015,289,0.0,0.46,0.3,36.39,52.17,1.79,20.88,9.43,Santarém,PA,Norte,-2.43,-54.71
2015,290,0.0,0.46,0.3,36.46,52.11,1.69,20.17,9.03,Santarém,PA,Norte,-2.43,-54.71
2015,291,0.01,0.46,0.29,37.15,50.71,1.51,23.2,10.49,Santarém,PA,Norte,-2.43,-54.71
2015,292,0.01,0.46,0.29,36.67,49.99,1.64,23.08,10.46,Santarém,PA,Norte,-2.43,-54.71
2015,293,0.0,0.46,0.28,35.67,50.08,1.45,24.42,11.05,Santarém,PA,Norte,-2.43,-54.71
2015,294,0.0,0.46,0.28,37.3,47.48,1.5,24.35,11.02,Santarém,PA,Norte,-2.43,-54.71
2015,295,0.0,0.46,0.27,38.31,48.6,1.34,24.34,11.08,Santarém,PA,Norte,-2.43,-54.71
2015,296,0.65,0.46,0.27,38.02,49.84,1.55,23.71,10.84,Santarém,PA,Norte,-2.43,-54.71
2015,297,2.12,0.47,0.33,36.25,54.09,1.82,20.53,9.23,Santarém,PA,Norte,-2.43,-54.71
2015,298,0.0,0.47,0.32,36.28,50.77,1.73,23.08,10.58,Santarém,PA,Norte,-2.43,-54.71
2015,299,0.0,0.47,0.31,35.95,49.76,1.64,23.03,10.47,Santarém,PA,Norte,-2.43,-54.71
2015,300,0.0,0.46,0.29,37.09,45.05,1.4,22.14,10.01,Santarém,PA,Norte,-2.43,-54.71
2015,301,0.41,0.46,0.29,37.12,48.35,1.37,18.74,8.65,Santarém,PA,Norte,-2.43,-54.71
2015,302,3.42,0.47,0.35,36.78,50.87,1.24,21.92,10.04,Santarém,PA,Norte,-2.43,-54.71
2015,303,11.16,0.49,0.5,36.48,54.92,1.12,22.13,10.09,Santarém,PA,Norte,-2.43,-54.71
2015,304,1.45,0.48,0.47,33.45,62.98,1.4,14.15,6.38,Santarém,PA,Norte,-2.43,-54.71
2015,305,1.67,0.48,0.48,34.38,67.08,1.43,18.12,8.37,Santarém,PA,Norte,-2.43,-54.71
2015,306,0.0,0.48,0.46,35.52,58.88,1.55,21.05,9.66,Santarém,PA,Norte,-2.43,-54.71
2015,307,0.0,0.48,0.45,35.39,57.79,1.5,21.73,9.93,Santarém,PA,Norte,-2.43,-54.71
2015,308,0.4,0.47,0.44,33.66,62.52,1.54,19.11,8.79,Santarém,PA,Norte,-2.43,-54.71
2015,309,0.2,0.47,0.43,34.81,59.54,1.79,16.81,7.82,Santarém,PA,Norte,-2.43,-54.71
2015,310,0.0,0.47,0.4,35.08,53.97,1.53,22.64,10.25,Santarém,PA,Norte,-2.43,-54.71
2015,311,0.02,0.47,0.38,36.35,55.25,1.3,21.07,9.64,Santarém,PA,Norte,-2.43,-54.71
2015,312,0.01,0.47,0.36,36.23,55.49,1.47,19.89,9.1,Santarém,PA,Norte,-2.43,-54.71
2015,313,0.0,0.47,0.34,36.66,51.29,1.68,19.56,8.96,Santarém,PA,Norte,-2.43,-54.71
2015,314,0.02,0.47,0.33,35.92,49.83,1.65,20.61,9.51,Santarém,PA,Norte,-2.43,-54.71
2015,315,0.0,0.47,0.31,35.83,53.59,1.67,19.93,9.13,Santarém,PA,Norte,-2.43,-54.71
2015,316,0.04,0.46,0.31,37.24,49.81,1.32,20.76,9.44,Santarém,PA,Norte,-2.43,-54.71
2015,317,0.03,0.46,0.3,37.33,50.25,1.53,21.12,9.6,Santarém,PA,Norte,-2.43,-54.71
2015,318,0.12,0.46,0.29,36.75,51.38,1.96,18.68,8.51,Santarém,PA,Norte,-2.43,-54.71
2015,319,0.08,0.46,0.29,35.5,49.43,1.91,19.8,9.11,Santarém,PA,Norte,-2.43,-54.71
2015,320,0.0,0.46,0.28,35.83,48.3,1.81,19.82,8.98,Santarém,PA,Norte,-2.43,-54.71
2015,321,0.0,0.46,0.27,36.04,50.35,1.54,20.27,9.25,Santarém,PA,Norte,-2.43,-54.71
2015,322,0.67,0.46,0.27,36.28,52.76,1.4,16.99,7.56,Santarém,PA,Norte,-2.43,-54.71
2015,323,3.32,0.47,0.33,36.03,57.51,1.31,17.48,7.84,Santarém,PA,Norte,-2.43,-54.71
2015,324,3.91,0.47,0.42,35.95,56.74,1.09,16.87,7.68,Santarém,PA,Norte,-2.43,-54.71
2015,325,0.0,0.47,0.4,35.26,54.78,1.53,19.55,8.81,Santarém,PA,Norte,-2.43,-54.71
2015,326,0.0,0.47,0.38,35.56,51.14,1.81,18.37,8.34,Santarém,PA,Norte,-2.43,-54.71
2015,327,0.0,0.47,0.36,35.92,50.45,1.6,19.95,8.86,Santarém,PA,Norte,-2.43,-54.71
2015,328,0.0,0.47,0.34,36.51,51.22,1.53,19.33,8.66,Santarém,PA,Norte,-2.43,-54.71
2015,329,0.01,0.47,0.32,36.8,51.73,1.37,15.28,6.7,Santarém,PA,Norte,-2.43,-54.71
2015,330,0.01,0.47,0.31,35.98,52.1,1.61,17.36,7.68,Santarém,PA,Norte,-2.43,-54.71
2015,331,0.0,0.46,0.3,35.89,50.19,1.75,19.28,8.71,Santarém,PA,Norte,-2.43,-54.71
2015,332,0.0,0.46,0.29,36.71,47.3,1.76,20.58,9.27,Santarém,PA,Norte,-2.43,-54.71
2015,333,0.0,0.46,0.28,35.87,52.42,1.69,19.33,8.85,Santarém,PA,Norte,-2.43,-54.71
2015,334,0.0,0.46,0.27,35.85,50.49,1.92,17.79,8.07,Santarém,PA,Norte,-2.43,-54.71
2015,335,0.0,0.46,0.27,35.52,50.61,1.62,16.47,7.46,Santarém,PA,Norte,-2.43,-54.71
2015,336,0.0,0.46,0.26,36.74,53.06,1.28,14.97,6.66,Santarém,PA,Norte,-2.43,-54.71
2015,337,0.27,0.46,0.26,36.37,51.36,1.69,15.11,6.78,Santarém,PA,Norte,-2.43,-54.71
2015,338,0.22,0.46,0.27,34.93,51.13,1.68,15.91,7.24,Santarém,PA,Norte,-2.43,-54.71
2015,339,0.11,0.46,0.27,35.43,51.57,1.35,16.43,7.4,Santarém,PA,Norte,-2.43,-54.71
2015,340,0.27,0.46,0.27,34.38,54.09,1.48,13.12,5.8,Santarém,PA,Norte,-2.43,-54.71
2015,341,0.0,0.46,0.26,35.62,52.58,1.65,14.82,6.55,Santarém,PA,Norte,-2.43,-54.71
2015,342,0.0,0.46,0.26,33.26,53.84,1.93,14.75,6.62,Santarém,PA,Norte,-2.43,-54.71
2015,343,0.0,0.46,0.26,35.48,51.9,1.53,19.6,8.83,Santarém,PA,Norte,-2.43,-54.71
2015,344,0.0,0.46,0.25,35.6,53.14,1.35,13.58,6.16,Santarém,PA,Norte,-2.43,-54.71
2015,345,0.0,0.46,0.25,36.19,52.64,1.49,17.04,7.66,Santarém,PA,Norte,-2.43,-54.71
2015,346,0.1,0.46,0.25,35.63,52.98,1.81,16.18,7.36,Santarém,PA,Norte,-2.43,-54.71
2015,347,0.01,0.46,0.25,35.54,50.54,1.85,17.56,7.95,Santarém,PA,Norte,-2.43,-54.71
2015,348,0.0,0.46,0.24,36.02,50.39,1.55,16.84,7.58,Santarém,PA,Norte,-2.43,-54.71
2015,349,0.75,0.46,0.24,35.74,51.11,1.71,17.01,7.55,Santarém,PA,Norte,-2.43,-54.71
2015,350,0.14,0.46,0.25,35.29,53.56,1.71,17.03,7.68,Santarém,PA,Norte,-2.43,-54.71
2015,351,0.59,0.46,0.25,35.4,49.4,2.1,17.66,8.04,Santarém,PA,Norte,-2.43,-54.71
2015,352,0.08,0.46,0.25,35.22,48.84,2.25,18.58,8.63,Santarém,PA,Norte,-2.43,-54.71
2015,353,0.09,0.46,0.25,34.04,54.12,1.92,16.4,7.56,Santarém,PA,Norte,-2.43,-54.71
2015,354,0.18,0.46,0.25,34.11,56.58,1.59,16.56,7.66,Santarém,PA,Norte,-2.43,-54.71
2015,355,3.84,0.47,0.31,35.03,54.33,1.66,17.35,8.02,Santarém,PA,Norte,-2.43,-54.71
2015,356,1.14,0.47,0.35,35.03,54.62,1.74,14.93,6.92,Santarém,PA,Norte,-2.43,-54.71
2015,357,0.03,0.47,0.33,34.52,53.67,2.01,19.9,9.24,Santarém,PA,Norte,-2.43,-54.71
2015,358,0.01,0.47,0.31,34.83,52.45,2.1,19.09,8.83,Santarém,PA,Norte,-2.43,-54.71
2015,359,0.0,0.46,0.29,34.98,50.48,1.7,18.32,8.5,Santarém,PA,Norte,-2.43,-54.71
2015,360,0.0,0.46,0.28,35.04,51.38,1.84,18.54,8.56,Santarém,PA,Norte,-2.43,-54.71
2015,361,0.11,0.46,0.27,35.4,52.01,1.69,16.55,7.58,Santarém,PA,Norte,-2.43,-54.71
2015,362,0.43,0.46,0.27,34.59,54.95,1.93,17.4,8.06,Santarém,PA,Norte,-2.43,-54.71
2015,363,0.26,0.46,0.27,34.94,54.6,2.32,18.21,8.44,Santarém,PA,Norte,-2.43,-54.71
2015,364,0.0,0.46,0.27,34.73,53.58,1.98,18.17,8.35,Santarém,PA,Norte,-2.43,-54.71
2015,365,0.79,0.46,0.27,34.89,55.3,1.67,14.5,6.59,Santarém,PA,Norte,-2.43,-54.71
2016,1,1.53,0.46,0.31,34.73,56.15,1.93,15.1,7.15,Santarém,PA,Norte,-2.43,-54.71
2016,2,0.06,0.46,0.3,35.34,52.28,1.6,17.32,8.18,Santarém,PA,Norte,-2.43,-54.71
2016,3,0.25,0.46,0.29,35.57,50.05,1.77,20.56,9.67,Santarém,PA,Norte,-2.43,-54.71
2016,4,0.04,0.46,0.28,35.28,52.25,1.81,17.96,8.44,Santarém,PA,Norte,-2.43,-54.71
2016,5,0.0,0.46,0.27,35.56,52.93,1.7,15.44,7.34,Santarém,PA,Norte,-2.43,-54.71
2016,6,0.09,0.46,0.27,35.38,54.24,1.31,17.58,8.32,Santarém,PA,Norte,-2.43,-54.71
2016,7,0.36,0.46,0.27,33.5,57.07,1.32,19.44,9.12,Santarém,PA,Norte,-2.43,-54.71
2016,8,0.27,0.46,0.27,34.61,54.88,1.46,19.39,9.1,Santarém,PA,Norte,-2.43,-54.71
2016,9,0.0,0.46,0.27,33.99,51.96,1.8,22.47,10.52,Santarém,PA,Norte,-2.43,-54.71
2016,10,0.03,0.46,0.27,34.69,52.95,1.94,16.11,7.62,Santarém,PA,Norte,-2.43,-54.71
2016,11,1.88,0.46,0.26,35.02,56.54,1.62,16.97,8.05,Santarém,PA,Norte,-2.43,-54.71
2016,12,14.9,0.49,0.51,31.49,72.77,1.05,13.69,6.56,Santarém,PA,Norte,-2.43,-54.71
2016,13,2.14,0.49,0.49,31.25,71.26,1.37,14.16,6.45,Santarém,PA,Norte,-2.43,-54.71
2016,14,1.28,0.49,0.48,34.23,64.16,1.27,17.7,8.3,Santarém,PA,Norte,-2.43,-54.71
2016,15,2.06,0.49,0.48,33.59,66.75,1.29,18.46,8.67,Santarém,PA,Norte,-2.43,-54.71
2016,16,0.0,0.48,0.46,34.82,60.24,1.43,19.31,9.01,Santarém,PA,Norte,-2.43,-54.71
2016,17,0.0,0.48,0.45,35.21,58.64,1.51,19.76,9.23,Santarém,PA,Norte,-2.43,-54.71
2016,18,0.0,0.48,0.43,33.87,59.65,1.34,21.63,10.08,Santarém,PA,Norte,-2.43,-54.71
2016,19,3.3,0.48,0.44,34.06,61.92,1.57,17.0,7.87,Santarém,PA,Norte,-2.43,-54.71
2016,20,14.1,0.49,0.53,28.93,80.78,1.41,8.2,4.11,Santarém,PA,Norte,-2.43,-54.71
2016,21,2.96,0.5,0.51,33.25,66.33,1.23,18.8,8.92,Santarém,PA,Norte,-2.43,-54.71
2016,22,0.01,0.49,0.47,34.6,57.63,1.35,21.64,10.19,Santarém,PA,Norte,-2.43,-54.71
2016,23,0.06,0.49,0.47,34.43,58.07,1.4,23.39,11.01,Santarém,PA,Norte,-2.43,-54.71
2016,24,0.0,0.48,0.46,35.52,55.93,1.72,22.68,10.6,Santarém,PA,Norte,-2.43,-54.71
2016,25,2.61,0.48,0.45,34.62,58.23,1.99,13.84,6.77,Santarém,PA,Norte,-2.43,-54.71
2016,26,16.5,0.51,0.56,30.79,75.8,1.62,12.78,6.25,Santarém,PA,Norte,-2.43,-54.71
2016,27,0.36,0.5,0.49,31.58,71.02,1.39,18.09,8.63,Santarém,PA,Norte,-2.43,-54.71
2016,28,0.01,0.5,0.48,32.03,67.63,1.57,16.67,7.95,Santarém,PA,Norte,-2.43,-54.71
2016,29,2.16,0.49,0.48,32.5,66.56,1.39,18.04,8.51,Santarém,PA,Norte,-2.43,-54.71
2016,30,5.62,0.49,0.5,31.61,71.47,1.21,13.06,6.28,Santarém,PA,Norte,-2.43,-54.71
2016,31,14.85,0.51,0.56,30.39,80.98,1.55,12.83,6.26,Santarém,PA,Norte,-2.43,-54.71
2016,32,4.05,0.52,0.52,32.33,74.21,1.41,10.49,5.17,Santarém,PA,Norte,-2.43,-54.71
2016,33,3.74,0.51,0.51,32.44,71.91,1.46,13.51,6.53,Santarém,PA,Norte,-2.43,-54.71
2016,34,4.45,0.51,0.51,29.41,80.82,1.48,14.14,6.63,Santarém,PA,Norte,-2.43,-54.71
2016,35,10.02,0.51,0.53,30.03,80.46,1.22,16.03,7.48,Santarém,PA,Norte,-2.43,-54.71
2016,36,9.92,0.53,0.58,29.72,81.88,1.51,17.83,8.48,Santarém,PA,Norte,-2.43,-54.71
2016,37,8.03,0.53,0.56,31.19,80.4,1.51,18.8,8.82,Santarém,PA,Norte,-2.43,-54.71
2016,38,2.27,0.54,0.54,30.79,79.94,1.51,16.83,8.01,Santarém,PA,Norte,-2.43,-54.71
2016,39,0.33,0.53,0.51,32.59,71.4,1.81,21.42,10.17,Santarém,PA,Norte,-2.43,-54.71
2016,40,1.7,0.52,0.5,33.41,70.41,1.93,20.08,9.46,Santarém,PA,Norte,-2.43,-54.71
2016,41,2.39,0.52,0.51,31.89,75.7,1.8,20.1,9.46,Santarém,PA,Norte,-2.43,-54.71
2016,42,0.65,0.52,0.5,31.33,75.82,1.59,15.46,7.43,Santarém,PA,Norte,-2.43,-54.71
2016,43,3.51,0.51,0.5,31.94,72.78,1.26,13.39,6.5,Santarém,PA,Norte,-2.43,-54.71
2016,44,2.18,0.52,0.51,32.22,72.13,1.52,14.47,6.77,Santarém,PA,Norte,-2.43,-54.71
2016,45,1.09,0.51,0.49,33.2,69.2,1.65,19.13,9.03,Santarém,PA,Norte,-2.43,-54.71
2016,46,1.22,0.51,0.49,33.33,69.75,1.91,19.43,9.16,Santarém,PA,Norte,-2.43,-54.71
2016,47,1.53,0.51,0.49,33.96,68.43,1.83,20.08,9.52,Santarém,PA,Norte,-2.43,-54.71
2016,48,1.3,0.5,0.48,33.85,69.15,1.71,20.42,9.64,Santarém,PA,Norte,-2.43,-54.71
2016,49,2.7,0.5,0.49,33.64,70.34,1.73,20.33,9.64,Santarém,PA,Norte,-2.43,-54.71
2016,50,1.99,0.5,0.49,33.8,71.43,1.48,18.99,8.91,Santarém,PA,Norte,-2.43,-54.71
2016,51,1.68,0.5,0.49,32.21,71.46,1.75,16.82,8.01,Santarém,PA,Norte,-2.43,-54.71
2016,52,1.02,0.5,0.48,33.83,66.27,1.87,22.18,10.48,Santarém,PA,Norte,-2.43,-54.71
2016,53,2.96,0.5,0.49,33.26,70.67,1.79,20.75,9.8,Santarém,PA,Norte,-2.43,-54.71
2016,54,3.54,0.5,0.49,32.49,72.02,1.89,22.09,10.47,Santarém,PA,Norte,-2.43,-54.71
2016,55,0.95,0.5,0.48,34.01,70.4,1.68,17.17,8.2,Santarém,PA,Norte,-2.43,-54.71
2016,56,7.47,0.51,0.51,32.36,75.2,1.51,18.99,9.01,Santarém,PA,Norte,-2.43,-54.71
2016,57,7.56,0.51,0.53,30.57,80.62,1.19,9.24,4.52,Santarém,PA,Norte,-2.43,-54.71
2016,58,1.15,0.51,0.5,32.31,74.63,1.72,18.79,8.88,Santarém,PA,Norte,-2.43,-54.71
2016,59,1.36,0.51,0.49,32.89,73.02,1.75,20.08,9.48,Santarém,PA,Norte,-2.43,-54.71
2016,60,1.94,0.51,0.49,33.45,71.37,1.73,18.07,8.6,Santarém,PA,Norte,-2.43,-54.71
2016,61,11.39,0.51,0.53,31.68,83.38,1.54,14.83,7.1,Santarém,PA,Norte,-2.43,-54.71
2016,62,5.4,0.53,0.54,29.2,83.1,1.12,12.58,6.1,Santarém,PA,Norte,-2.43,-54.71
2016,63,2.1,0.52,0.51,31.94,77.38,1.49,16.56,7.95,Santarém,PA,Norte,-2.43,-54.71
2016,64,0.73,0.52,0.5,33.48,72.2,1.5,21.04,9.95,Santarém,PA,Norte,-2.43,-54.71
2016,65,0.27,0.51,0.49,33.5,70.41,1.58,20.7,9.84,Santarém,PA,Norte,-2.43,-54.71
2016,66,16.45,0.52,0.56,29.91,83.0,1.32,17.0,8.07,Santarém,PA,Norte,-2.43,-54.71
2016,67,17.42,0.55,0.6,28.52,89.67,1.11,9.23,4.54,Santarém,PA,Norte,-2.43,-54.71
2016,68,5.0,0.56,0.58,29.16,85.71,1.03,15.09,7.19,Santarém,PA,Norte,-2.43,-54.71
2016,69,15.26,0.56,0.61,29.64,84.37,0.99,11.82,5.72,Santarém,PA,Norte,-2.43,-54.71
2016,70,14.24,0.59,0.66,28.53,86.23,1.1,14.26,6.63,Santarém,PA,Norte,-2.43,-54.71
2016,71,2.4,0.58,0.6,28.87,84.01,1.35,19.69,9.25,Santarém,PA,Norte,-2.43,-54.71
2016,72,1.5,0.57,0.59,29.91,79.86,1.28,16.31,7.72,Santarém,PA,Norte,-2.43,-54.71
2016,73,9.94,0.57,0.6,28.95,84.52,1.56,17.16,8.1,Santarém,PA,Norte,-2.43,-54.71
2016,74,1.98,0.57,0.59,30.37,79.62,1.11,17.94,8.47,Santarém,PA,Norte,-2.43,-54.71
2016,75,38.51,0.59,0.69,28.77,83.08,1.15,17.52,8.3,Santarém,PA,Norte,-2.43,-54.71
2016,76,21.8,0.64,0.72,29.13,86.36,1.11,13.87,6.59,Santarém,PA,Norte,-2.43,-54.71
2016,77,6.92,0.65,0.69,29.3,87.94,1.45,18.43,8.75,Santarém,PA,Norte,-2.43,-54.71
2016,78,6.72,0.63,0.67,29.2,88.35,1.56,13.16,6.31,Santarém,PA,Norte,-2.43,-54.71
2016,79,11.77,0.64,0.69,27.86,92.06,1.43,16.53,7.92,Santarém,PA,Norte,-2.43,-54.71
2016,80,2.96,0.64,0.67,28.48,89.42,1.32,17.49,8.33,Santarém,PA,Norte,-2.43,-54.71
2016,81,0.34,0.62,0.65,29.35,84.82,1.34,20.11,9.39,Santarém,PA,Norte,-2.43,-54.71
2016,82,3.48,0.62,0.65,29.55,85.63,1.38,19.1,9.13,Santarém,PA,Norte,-2.43,-54.71
2016,83,5.81,0.61,0.65,28.33,87.95,1.43,18.41,8.76,Santarém,PA,Norte,-2.43,-54.71
2016,84,5.49,0.62,0.65,29.28,87.4,1.25,16.97,8.02,Santarém,PA,Norte,-2.43,-54.71
2016,85,14.33,0.63,0.68,28.66,88.03,1.29,18.16,8.64,Santarém,PA,Norte,-2.43,-54.71
2016,86,13.0,0.64,0.69,28.81,88.01,1.2,17.42,8.13,Santarém,PA,Norte,-2.43,-54.71
2016,87,56.43,0.68,0.8,27.48,90.0,1.22,16.84,7.95,Santarém,PA,Norte,-2.43,-54.71
2016,88,31.06,0.75,0.82,26.68,90.89,0.8,9.42,4.61,Santarém,PA,Norte,-2.43,-54.71
2016,89,4.33,0.75,0.77,28.38,88.75,1.1,18.59,8.84,Santarém,PA,Norte,-2.43,-54.71
2016,90,4.28,0.73,0.76,28.21,87.88,1.1,18.75,8.72,Santarém,PA,Norte,-2.43,-54.71
2016,91,6.31,0.72,0.75,28.94,88.26,1.34,18.61,8.87,Santarém,PA,Norte,-2.43,-54.71
2016,92,19.64,0.74,0.79,26.87,91.74,1.03,15.11,7.2,Santarém,PA,Norte,-2.43,-54.71
2016,93,45.03,0.77,0.84,26.82,92.39,1.19,16.24,7.8,Santarém,PA,Norte,-2.43,-54.71
2016,94,32.52,0.81,0.86,27.17,91.12,0.99,8.61,4.3,Santarém,PA,Norte,-2.43,-54.71
2016,95,4.46,0.81,0.82,28.88,87.35,1.3,20.34,9.65,Santarém,PA,Norte,-2.43,-54.71
2016,96,11.66,0.8,0.82,27.94,89.98,1.12,15.21,7.25,Santarém,PA,Norte,-2.43,-54.71
2016,97,6.74,0.8,0.82,27.54,88.6,1.21,14.66,7.03,Santarém,PA,Norte,-2.43,-54.71
2016,98,2.79,0.8,0.8,29.17,89.4,1.14,17.79,8.51,Santarém,PA,Norte,-2.43,-54.71
2016,99,0.46,0.79,0.79,29.4,87.87,1.35,19.01,9.04,Santarém,PA,Norte,-2.43,-54.71
2016,100,2.55,0.78,0.79,29.33,86.99,1.35,20.39,9.72,Santarém,PA,Norte,-2.43,-54.71
2016,101,15.33,0.79,0.82,27.18,93.58,1.15,18.0,8.58,Santarém,PA,Norte,-2.43,-54.71
2016,102,3.03,0.8,0.8,27.69,90.1,1.1,15.64,7.46,Santarém,PA,Norte,-2.43,-54.71
2016,103,14.4,0.79,0.81,28.54,89.05,0.97,15.6,7.4,Santarém,PA,Norte,-2.43,-54.71
2016,104,15.65,0.82,0.84,26.53,92.23,1.31,7.83,3.92,Santarém,PA,Norte,-2.43,-54.71
2016,105,0.19,0.81,0.81,28.47,84.56,1.26,18.11,8.63,Santarém,PA,Norte,-2.43,-54.71
2016,106,2.77,0.8,0.8,28.32,87.63,1.41,18.18,8.64,Santarém,PA,Norte,-2.43,-54.71
2016,107,5.42,0.79,0.8,29.11,88.85,1.45,14.5,7.0,Santarém,PA,Norte,-2.43,-54.71
2016,108,15.42,0.8,0.82,28.75,91.2,1.36,14.09,6.76,Santarém,PA,Norte,-2.43,-54.71
2016,109,13.56,0.82,0.83,28.04,92.72,1.35,15.39,7.4,Santarém,PA,Norte,-2.43,-54.71
2016,110,5.93,0.82,0.82,28.71,91.39,1.17,16.63,7.95,Santarém,PA,Norte,-2.43,-54.71
2016,111,0.91,0.82,0.82,28.55,89.8,1.12,18.69,8.91,Santarém,PA,Norte,-2.43,-54.71
2016,112,5.7,0.81,0.82,28.03,90.24,1.15,14.53,6.91,Santarém,PA,Norte,-2.43,-54.71
2016,113,4.6,0.81,0.82,27.68,89.78,1.37,14.33,6.94,Santarém,PA,Norte,-2.43,-54.71
2016,114,6.03,0.81,0.82,27.83,89.28,1.17,17.64,8.41,Santarém,PA,Norte,-2.43,-54.71
2016,115,2.75,0.81,0.81,28.83,87.65,1.16,17.95,8.54,Santarém,PA,Norte,-2.43,-54.71
2016,116,1.78,0.81,0.81,28.63,86.69,1.31,18.41,8.74,Santarém,PA,Norte,-2.43,-54.71
2016,117,1.28,0.8,0.8,27.21,90.58,1.38,19.28,9.18,Santarém,PA,Norte,-2.43,-54.71
2016,118,0.94,0.8,0.8,29.27,87.02,1.29,18.88,8.95,Santarém,PA,Norte,-2.43,-54.71
2016,119,27.94,0.81,0.84,27.56,91.13,0.94,16.92,8.03,Santarém,PA,Norte,-2.43,-54.71
2016,120,22.72,0.84,0.86,26.66,87.52,0.81,7.25,3.64,Santarém,PA,Norte,-2.43,-54.71
2016,121,11.97,0.85,0.86,27.04,84.74,0.68,14.09,6.72,Santarém,PA,Norte,-2.43,-54.71
2016,122,27.65,0.87,0.88,27.8,87.69,1.1,18.19,8.66,Santarém,PA,Norte,-2.43,-54.71
2016,123,28.68,0.88,0.89,28.16,87.98,1.03,10.22,4.92,Santarém,PA,Norte,-2.43,-54.71
2016,124,7.55,0.89,0.87,27.89,84.75,1.19,14.76,6.85,Santarém,PA,Norte,-2.43,-54.71
2016,125,4.47,0.88,0.86,28.2,83.7,0.98,12.49,6.02,Santarém,PA,Norte,-2.43,-54.71
2016,126,3.41,0.87,0.86,28.79,86.71,1.08,20.09,9.54,Santarém,PA,Norte,-2.43,-54.71
2016,127,0.69,0.87,0.85,28.45,88.35,1.34,17.31,8.21,Santarém,PA,Norte,-2.43,-54.71
2016,128,0.03,0.86,0.85,28.26,88.28,1.3,19.78,9.3,Santarém,PA,Norte,-2.43,-54.71
2016,129,0.0,0.86,0.84,28.58,87.01,1.06,17.25,8.08,Santarém,PA,Norte,-2.43,-54.71
2016,130,0.85,0.85,0.84,29.12,86.16,1.22,20.32,9.66,Santarém,PA,Norte,-2.43,-54.71
2016,131,3.96,0.85,0.84,28.45,90.99,1.22,16.25,7.71,Santarém,PA,Norte,-2.43,-54.71
2016,132,3.41,0.85,0.84,29.06,88.41,0.96,17.18,8.15,Santarém,PA,Norte,-2.43,-54.71
2016,133,10.68,0.85,0.85,28.03,89.25,1.0,13.76,6.5,Santarém,PA,Norte,-2.43,-54.71
2016,134,16.13,0.87,0.87,26.78,90.75,1.11,15.72,7.52,Santarém,PA,Norte,-2.43,-54.71
2016,135,5.19,0.87,0.86,27.37,89.83,1.24,19.96,9.46,Santarém,PA,Norte,-2.43,-54.71
2016,136,10.08,0.87,0.86,28.41,90.21,1.29,19.55,9.19,Santarém,PA,Norte,-2.43,-54.71
2016,137,11.76,0.88,0.87,28.25,90.63,1.26,17.11,8.13,Santarém,PA,Norte,-2.43,-54.71
2016,138,2.8,0.87,0.86,28.66,87.71,1.33,18.84,8.9,Santarém,PA,Norte,-2.43,-54.71
2016,139,1.09,0.87,0.85,28.65,87.02,1.24,17.76,8.42,Santarém,PA,Norte,-2.43,-54.71
2016,140,0.94,0.86,0.85,27.99,88.86,1.05,18.95,8.95,Santarém,PA,Norte,-2.43,-54.71
2016,141,0.56,0.86,0.84,29.09,86.93,1.37,19.47,9.18,Santarém,PA,Norte,-2.43,-54.71
2016,142,1.04,0.85,0.84,28.27,88.95,1.42,19.57,9.3,Santarém,PA,Norte,-2.43,-54.71
2016,143,0.49,0.85,0.84,28.0,90.97,1.35,17.97,8.48,Santarém,PA,Norte,-2.43,-54.71
2016,144,2.99,0.84,0.84,28.83,89.33,1.29,17.17,8.16,Santarém,PA,Norte,-2.43,-54.71
2016,145,2.57,0.84,0.83,29.07,88.42,1.2,11.5,5.52,Santarém,PA,Norte,-2.43,-54.71
2016,146,4.37,0.84,0.84,27.95,89.36,1.04,15.44,7.28,Santarém,PA,Norte,-2.43,-54.71
2016,147,4.72,0.85,0.84,27.84,90.16,0.96,9.77,4.73,Santarém,PA,Norte,-2.43,-54.71
2016,148,1.27,0.85,0.84,28.23,88.71,1.3,18.68,8.9,Santarém,PA,Norte,-2.43,-54.71
2016,149,0.78,0.84,0.83,27.87,88.36,1.27,15.66,7.4,Santarém,PA,Norte,-2.43,-54.71
2016,150,2.42,0.84,0.83,28.43,89.02,1.15,16.15,7.7,Santarém,PA,Norte,-2.43,-54.71
2016,151,1.6,0.84,0.83,27.83,89.9,1.07,14.38,6.81,Santarém,PA,Norte,-2.43,-54.71
2016,152,5.71,0.83,0.83,27.68,91.58,1.17,14.66,6.9,Santarém,PA,Norte,-2.43,-54.71
2016,153,1.32,0.84,0.83,28.24,90.63,1.18,18.1,8.61,Santarém,PA,Norte,-2.43,-54.71
2016,154,1.32,0.83,0.83,28.75,86.18,1.21,19.3,9.11,Santarém,PA,Norte,-2.43,-54.71
2016,155,2.16,0.83,0.82,28.5,88.77,1.23,16.49,7.82,Santarém,PA,Norte,-2.43,-54.71
2016,156,0.74,0.82,0.82,28.8,87.89,1.11,18.36,8.62,Santarém,PA,Norte,-2.43,-54.71
2016,157,0.99,0.82,0.81,29.12,88.81,1.24,17.68,8.32,Santarém,PA,Norte,-2.43,-54.71
2016,158,0.5,0.81,0.81,28.53,88.54,1.34,17.75,8.42,Santarém,PA,Norte,-2.43,-54.71
2016,159,0.0,0.8,0.8,28.93,84.93,1.39,20.35,9.56,Santarém,PA,Norte,-2.43,-54.71
2016,160,0.71,0.79,0.8,28.99,84.3,1.29,18.87,8.86,Santarém,PA,Norte,-2.43,-54.71
2016,161,1.31,0.79,0.8,27.66,87.94,1.35,18.62,8.7,Santarém,PA,Norte,-2.43,-54.71
2016,162,0.85,0.79,0.79,28.97,83.15,1.21,19.69,9.16,Santarém,PA,Norte,-2.43,-54.71
2016,163,0.98,0.78,0.79,28.81,84.51,1.25,19.09,8.94,Santarém,PA,Norte,-2.43,-54.71
2016,164,2.45,0.78,0.79,27.86,85.23,1.35,16.58,7.77,Santarém,PA,Norte,-2.43,-54.71
2016,165,3.32,0.78,0.79,28.04,86.61,1.26,17.72,8.34,Santarém,PA,Norte,-2.43,-54.71
2016,166,0.39,0.77,0.78,28.54,85.39,1.35,17.95,8.37,Santarém,PA,Norte,-2.43,-54.71
2016,167,2.06,0.76,0.78,28.37,87.16,1.36,18.33,8.5,Santarém,PA,Norte,-2.43,-54.71
2016,168,0.56,0.76,0.77,29.06,82.65,1.33,21.66,10.09,Santarém,PA,Norte,-2.43,-54.71
2016,169,2.55,0.75,0.77,28.34,85.15,1.15,19.28,9.06,Santarém,PA,Norte,-2.43,-54.71
2016,170,7.76,0.75,0.78,28.33,87.25,1.29,15.95,7.55,Santarém,PA,Norte,-2.43,-54.71
2016,171,6.74,0.76,0.78,28.38,88.54,1.39,18.61,8.69,Santarém,PA,Norte,-2.43,-54.71
2016,172,19.18,0.77,0.81,27.6,89.53,1.39,14.18,6.73,Santarém,PA,Norte,-2.43,-54.71
2016,173,9.85,0.79,0.81,26.91,92.25,1.18,15.16,7.18,Santarém,PA,Norte,-2.43,-54.71
2016,174,3.3,0.79,0.8,27.76,89.34,1.25,19.15,9.05,Santarém,PA,Norte,-2.43,-54.71
2016,175,4.96,0.78,0.8,28.33,88.46,1.23,17.33,8.14,Santarém,PA,Norte,-2.43,-54.71
2016,176,5.85,0.78,0.8,28.14,89.15,1.36,17.48,8.26,Santarém,PA,Norte,-2.43,-54.71
2016,177,5.68,0.78,0.8,28.37,89.25,1.3,17.38,8.14,Santarém,PA,Norte,-2.43,-54.71
2016,178,1.51,0.78,0.79,28.9,87.37,1.45,19.08,8.97,Santarém,PA,Norte,-2.43,-54.71
2016,179,0.11,0.76,0.78,29.0,85.52,1.34,19.3,9.01,Santarém,PA,Norte,-2.43,-54.71
2016,180,0.0,0.75,0.77,29.02,84.38,1.35,21.0,9.88,Santarém,PA,Norte,-2.43,-54.71
2016,181,0.01,0.74,0.76,29.15,85.09,1.42,19.51,9.17,Santarém,PA,Norte,-2.43,-54.71
2016,182,0.06,0.73,0.75,29.32,84.37,1.5,22.79,10.66,Santarém,PA,Norte,-2.43,-54.71
2016,183,1.87,0.72,0.75,29.02,85.62,1.38,19.36,9.08,Santarém,PA,Norte,-2.43,-54.71
2016,184,3.92,0.73,0.75,28.4,86.51,1.3,16.31,7.76,Santarém,PA,Norte,-2.43,-54.71
2016,185,1.31,0.72,0.74,28.98,84.47,1.14,19.95,9.4,Santarém,PA,Norte,-2.43,-54.71
2016,186,10.63,0.72,0.76,28.49,88.5,1.44,16.47,7.78,Santarém,PA,Norte,-2.43,-54.71
2016,187,7.69,0.74,0.77,28.19,89.3,1.39,15.27,7.23,Santarém,PA,Norte,-2.43,-54.71
2016,188,0.35,0.73,0.75,29.38,84.8,1.47,20.04,9.38,Santarém,PA,Norte,-2.43,-54.71
2016,189,0.94,0.72,0.74,28.95,85.32,1.28,18.13,8.49,Santarém,PA,Norte,-2.43,-54.71
2016,190,2.79,0.71,0.74,28.92,87.93,1.36,17.02,8.02,Santarém,PA,Norte,-2.43,-54.71
2016,191,2.47,0.71,0.74,28.05,88.52,1.43,18.73,8.77,Santarém,PA,Norte,-2.43,-54.71
2016,192,2.47,0.71,0.73,28.6,87.43,1.5,16.63,7.82,Santarém,PA,Norte,-2.43,-54.71
2016,193,0.81,0.7,0.72,28.62,86.85,1.3,19.6,9.17,Santarém,PA,Norte,-2.43,-54.71
2016,194,1.27,0.7,0.72,28.77,86.76,1.36,19.52,9.12,Santarém,PA,Norte,-2.43,-54.71
2016,195,0.36,0.69,0.72,28.05,88.19,1.49,18.91,8.81,Santarém,PA,Norte,-2.43,-54.71
2016,196,0.0,0.69,0.71,29.23,85.49,1.39,18.53,8.6,Santarém,PA,Norte,-2.43,-54.71
2016,197,1.16,0.68,0.71,29.66,86.13,1.19,18.64,8.65,Santarém,PA,Norte,-2.43,-54.71
2016,198,0.97,0.68,0.7,29.05,84.5,0.92,20.31,9.43,Santarém,PA,Norte,-2.43,-54.71
2016,199,4.62,0.68,0.71,28.38,87.63,1.05,18.56,8.64,Santarém,PA,Norte,-2.43,-54.71
2016,200,3.98,0.68,0.72,28.35,85.35,1.16,17.96,8.44,Santarém,PA,Norte,-2.43,-54.71
2016,201,0.77,0.68,0.7,28.56,85.9,1.31,19.96,9.36,Santarém,PA,Norte,-2.43,-54.71
2016,202,1.11,0.67,0.7,28.49,85.72,1.26,16.37,7.64,Santarém,PA,Norte,-2.43,-54.71
2016,203,1.39,0.67,0.7,27.72,88.35,1.13,18.01,8.48,Santarém,PA,Norte,-2.43,-54.71
2016,204,3.72,0.67,0.7,27.89,86.68,1.03,17.25,8.12,Santarém,PA,Norte,-2.43,-54.71
2016,205,1.13,0.67,0.7,28.66,87.39,1.32,19.99,9.3,Santarém,PA,Norte,-2.43,-54.71
2016,206,0.0,0.66,0.68,29.24,84.07,1.57,20.62,9.57,Santarém,PA,Norte,-2.43,-54.71
2016,207,0.0,0.65,0.67,29.57,83.33,1.39,23.3,10.79,Santarém,PA,Norte,-2.43,-54.71
2016,208,0.37,0.64,0.66,29.76,82.54,1.38,19.61,9.14,Santarém,PA,Norte,-2.43,-54.71
2016,209,0.32,0.63,0.65,29.18,84.79,1.47,19.31,9.04,Santarém,PA,Norte,-2.43,-54.71
2016,210,0.0,0.63,0.64,29.8,82.16,1.42,20.26,9.39,Santarém,PA,Norte,-2.43,-54.71
2016,211,0.1,0.62,0.63,30.08,82.01,1.47,21.47,9.92,Santarém,PA,Norte,-2.43,-54.71
2016,212,3.91,0.61,0.64,29.54,84.93,1.41,17.93,8.44,Santarém,PA,Norte,-2.43,-54.71
2016,213,2.16,0.61,0.64,29.6,84.19,1.6,19.25,8.97,Santarém,PA,Norte,-2.43,-54.71
2016,214,0.11,0.61,0.62,30.36,80.39,1.52,22.45,10.43,Santarém,PA,Norte,-2.43,-54.71
2016,215,0.0,0.6,0.61,30.72,80.99,1.36,21.62,10.07,Santarém,PA,Norte,-2.43,-54.71
2016,216,0.0,0.6,0.6,30.52,81.25,1.42,22.13,10.24,Santarém,PA,Norte,-2.43,-54.71
2016,217,0.97,0.59,0.59,30.98,79.36,1.53,21.46,10.01,Santarém,PA,Norte,-2.43,-54.71
2016,218,1.74,0.59,0.6,30.73,80.34,1.64,19.81,9.21,Santarém,PA,Norte,-2.43,-54.71
2016,219,0.12,0.58,0.58,31.18,77.82,1.64,22.36,10.4,Santarém,PA,Norte,-2.43,-54.71
2016,220,0.0,0.57,0.57,31.55,77.3,1.49,21.41,9.96,Santarém,PA,Norte,-2.43,-54.71
2016,221,0.0,0.57,0.56,31.81,78.06,1.69,21.94,10.13,Santarém,PA,Norte,-2.43,-54.71
2016,222,0.0,0.56,0.56,31.69,77.22,1.72,19.57,9.03,Santarém,PA,Norte,-2.43,-54.71
2016,223,0.0,0.55,0.55,31.99,75.73,1.53,20.96,9.64,Santarém,PA,Norte,-2.43,-54.71
2016,224,0.0,0.55,0.54,32.25,73.49,1.45,20.65,9.64,Santarém,PA,Norte,-2.43,-54.71
2016,225,0.0,0.54,0.53,32.14,73.71,1.49,20.93,9.73,Santarém,PA,Norte,-2.43,-54.71
2016,226,0.0,0.54,0.53,32.17,74.73,1.6,21.7,10.09,Santarém,PA,Norte,-2.43,-54.71
2016,227,0.0,0.54,0.52,31.17,75.26,1.67,19.89,9.2,Santarém,PA,Norte,-2.43,-54.71
2016,228,0.0,0.54,0.52,32.28,73.75,1.66,20.73,9.64,Santarém,PA,Norte,-2.43,-54.71
2016,229,0.0,0.53,0.51,33.19,72.57,1.62,21.22,9.73,Santarém,PA,Norte,-2.43,-54.71
2016,230,0.0,0.53,0.51,34.12,69.36,1.59,23.35,10.75,Santarém,PA,Norte,-2.43,-54.71
2016,231,0.0,0.52,0.5,34.12,68.5,1.68,21.31,9.84,Santarém,PA,Norte,-2.43,-54.71
2016,232,0.84,0.52,0.5,33.55,67.54,1.83,20.89,9.62,Santarém,PA,Norte,-2.43,-54.71
2016,233,1.02,0.52,0.5,33.02,69.29,1.95,20.22,9.29,Santarém,PA,Norte,-2.43,-54.71
2016,234,0.0,0.52,0.49,34.91,66.33,1.48,22.78,10.45,Santarém,PA,Norte,-2.43,-54.71
2016,235,0.35,0.51,0.49,35.96,64.89,1.32,21.46,9.89,Santarém,PA,Norte,-2.43,-54.71
2016,236,8.35,0.52,0.54,31.42,74.16,0.86,18.37,8.54,Santarém,PA,Norte,-2.43,-54.71
2016,237,7.73,0.54,0.57,28.95,83.87,1.16,10.44,5.07,Santarém,PA,Norte,-2.43,-54.71
2016,238,1.47,0.54,0.54,30.99,78.19,1.38,20.21,9.45,Santarém,PA,Norte,-2.43,-54.71
2016,239,0.92,0.53,0.52,32.46,74.43,1.57,21.64,10.06,Santarém,PA,Norte,-2.43,-54.71
2016,240,0.85,0.53,0.52,32.8,72.86,1.61,20.02,9.31,Santarém,PA,Norte,-2.43,-54.71
2016,241,0.0,0.52,0.51,33.52,68.13,1.32,22.65,10.49,Santarém,PA,Norte,-2.43,-54.71
2016,242,0.0,0.52,0.5,31.7,72.15,1.44,20.62,9.59,Santarém,PA,Norte,-2.43,-54.71
2016,243,0.0,0.52,0.5,33.6,68.97,1.67,20.73,9.62,Santarém,PA,Norte,-2.43,-54.71
2016,244,0.0,0.51,0.49,33.47,68.35,1.61,22.59,10.46,Santarém,PA,Norte,-2.43,-54.71
2016,245,0.03,0.51,0.49,34.16,68.25,1.58,21.03,9.71,Santarém,PA,Norte,-2.43,-54.71
2016,246,0.08,0.51,0.48,34.03,68.37,1.37,17.83,8.3,Santarém,PA,Norte,-2.43,-54.71
2016,247,0.04,0.51,0.49,32.82,71.08,1.08,17.98,8.23,Santarém,PA,Norte,-2.43,-54.71
2016,248,5.29,0.51,0.51,33.56,71.13,1.36,20.02,9.24,Santarém,PA,Norte,-2.43,-54.71
2016,249,3.25,0.51,0.52,34.59,71.87,1.63,20.58,9.53,Santarém,PA,Norte,-2.43,-54.71
2016,250,0.62,0.51,0.49,34.78,66.16,1.66,19.63,9.0,Santarém,PA,Norte,-2.43,-54.71
2016,251,4.69,0.51,0.51,34.26,69.13,1.38,19.61,9.11,Santarém,PA,Norte,-2.43,-54.71
2016,252,2.73,0.51,0.51,32.97,72.87,1.11,16.79,7.75,Santarém,PA,Norte,-2.43,-54.71
2016,253,5.5,0.52,0.52,33.15,68.08,0.92,20.6,9.59,Santarém,PA,Norte,-2.43,-54.71
2016,254,2.97,0.52,0.53,30.75,73.88,0.67,18.02,8.46,Santarém,PA,Norte,-2.43,-54.71
2016,255,0.26,0.52,0.5,33.35,67.51,1.27,20.08,9.39,Santarém,PA,Norte,-2.43,-54.71
2016,256,0.53,0.51,0.5,33.74,69.5,1.53,20.29,9.48,Santarém,PA,Norte,-2.43,-54.71
2016,257,0.03,0.51,0.49,35.08,63.64,1.64,21.94,10.1,Santarém,PA,Norte,-2.43,-54.71
2016,258,2.39,0.51,0.49,35.66,65.28,1.47,23.4,10.9,Santarém,PA,Norte,-2.43,-54.71
2016,259,3.23,0.51,0.52,29.5,78.01,1.41,15.93,7.43,Santarém,PA,Norte,-2.43,-54.71
2016,260,0.02,0.51,0.49,33.03,70.76,1.38,18.41,8.42,Santarém,PA,Norte,-2.43,-54.71
2016,261,0.22,0.51,0.48,32.8,68.14,1.56,20.07,9.22,Santarém,PA,Norte,-2.43,-54.71
2016,262,0.17,0.5,0.48,34.15,63.97,1.66,22.23,10.25,Santarém,PA,Norte,-2.43,-54.71
2016,263,0.22,0.5,0.48,34.46,63.39,1.58,23.46,10.87,Santarém,PA,Norte,-2.43,-54.71
2016,264,0.0,0.5,0.47,35.52,63.13,1.35,22.03,10.11,Santarém,PA,Norte,-2.43,-54.71
2016,265,0.0,0.49,0.47,34.91,65.54,1.35,22.77,10.51,Santarém,PA,Norte,-2.43,-54.71
2016,266,0.0,0.49,0.46,35.46,60.72,1.74,21.06,9.71,Santarém,PA,Norte,-2.43,-54.71
2016,267,0.14,0.49,0.46,35.99,58.2,1.73,19.63,8.94,Santarém,PA,Norte,-2.43,-54.71
2016,268,0.2,0.49,0.46,34.86,61.18,1.57,19.01,8.67,Santarém,PA,Norte,-2.43,-54.71
2016,269,0.0,0.48,0.45,35.62,59.02,1.41,22.19,10.24,Santarém,PA,Norte,-2.43,-54.71
2016,270,0.1,0.48,0.45,35.49,59.61,1.26,21.85,10.03,Santarém,PA,Norte,-2.43,-54.71
2016,271,3.29,0.48,0.47,34.28,63.23,1.19,19.94,9.3,Santarém,PA,Norte,-2.43,-54.71
2016,272,4.38,0.49,0.49,34.33,69.89,1.3,20.16,9.3,Santarém,PA,Norte,-2.43,-54.71
2016,273,14.13,0.5,0.56,29.04,83.98,1.29,17.69,8.19,Santarém,PA,Norte,-2.43,-54.71
2016,274,4.53,0.51,0.51,32.04,73.52,1.1,9.3,4.49,Santarém,PA,Norte,-2.43,-54.71
2016,275,3.97,0.52,0.53,32.39,74.25,1.74,17.39,8.17,Santarém,PA,Norte,-2.43,-54.71
2016,276,0.11,0.51,0.49,33.88,66.23,1.67,21.23,9.73,Santarém,PA,Norte,-2.43,-54.71
2016,277,0.21,0.51,0.49,34.58,66.14,1.37,21.71,9.98,Santarém,PA,Norte,-2.43,-54.71
2016,278,0.46,0.5,0.48,35.46,61.59,1.56,21.55,9.83,Santarém,PA,Norte,-2.43,-54.71
2016,279,0.32,0.5,0.48,36.23,58.1,1.34,23.11,10.65,Santarém,PA,Norte,-2.43,-54.71
2016,280,0.0,0.49,0.47,35.06,58.22,0.98,21.26,9.8,Santarém,PA,Norte,-2.43,-54.71
2016,281,6.5,0.5,0.5,33.81,63.79,1.02,20.57,9.5,Santarém,PA,Norte,-2.43,-54.71
2016,282,18.05,0.53,0.59,32.14,72.55,1.11,17.72,8.27,Santarém,PA,Norte,-2.43,-54.71
2016,283,3.9,0.53,0.54,31.96,76.36,1.56,17.99,8.37,Santarém,PA,Norte,-2.43,-54.71
2016,284,0.3,0.52,0.51,33.28,70.14,1.45,20.0,9.22,Santarém,PA,Norte,-2.43,-54.71
2016,285,0.01,0.52,0.5,35.55,64.63,1.3,22.65,10.4,Santarém,PA,Norte,-2.43,-54.71
2016,286,0.02,0.51,0.49,35.46,63.4,1.52,19.64,8.88,Santarém,PA,Norte,-2.43,-54.71
2016,287,0.01,0.51,0.48,35.36,60.97,1.91,18.16,8.1,Santarém,PA,Norte,-2.43,-54.71
2016,288,0.01,0.5,0.47,35.64,62.34,1.75,23.14,10.5,Santarém,PA,Norte,-2.43,-54.71
2016,289,0.0,0.5,0.47,35.98,59.59,1.58,23.37,10.69,Santarém,PA,Norte,-2.43,-54.71
2016,290,0.0,0.49,0.46,37.46,54.92,1.56,25.0,11.39,Santarém,PA,Norte,-2.43,-54.71
2016,291,0.25,0.49,0.46,36.35,57.53,1.77,21.16,9.54,Santarém,PA,Norte,-2.43,-54.71
2016,292,0.51,0.49,0.46,35.45,59.52,1.77,21.99,10.03,Santarém,PA,Norte,-2.43,-54.71
2016,293,0.0,0.48,0.46,35.28,58.76,1.6,19.79,8.91,Santarém,PA,Norte,-2.43,-54.71
2016,294,0.0,0.48,0.45,36.49,57.87,1.52,22.84,10.43,Santarém,PA,Norte,-2.43,-54.71
2016,295,0.01,0.48,0.45,35.12,58.58,1.51,17.98,8.12,Santarém,PA,Norte,-2.43,-54.71
2016,296,3.34,0.48,0.46,34.34,59.83,0.96,15.14,6.98,Santarém,PA,Norte,-2.43,-54.71
2016,297,17.97,0.5,0.57,30.61,78.98,1.18,15.44,7.07,Santarém,PA,Norte,-2.43,-54.71
2016,298,1.37,0.51,0.51,29.81,77.77,1.28,12.84,6.0,Santarém,PA,Norte,-2.43,-54.71
2016,299,0.02,0.51,0.49,33.58,67.9,1.39,16.19,7.45,Santarém,PA,Norte,-2.43,-54.71
2016,300,0.0,0.5,0.48,35.25,63.05,1.47,22.07,10.16,Santarém,PA,Norte,-2.43,-54.71
2016,301,0.96,0.5,0.48,35.82,60.19,1.32,20.67,9.52,Santarém,PA,Norte,-2.43,-54.71
2016,302,1.89,0.5,0.49,29.94,77.56,1.02,12.55,5.9,Santarém,PA,Norte,-2.43,-54.71
2016,303,12.13,0.5,0.52,32.56,75.7,1.1,11.62,5.58,Santarém,PA,Norte,-2.43,-54.71
2016,304,3.63,0.52,0.53,33.45,74.86,1.44,14.64,6.85,Santarém,PA,Norte,-2.43,-54.71
2016,305,0.96,0.52,0.5,32.58,71.45,1.45,17.51,7.88,Santarém,PA,Norte,-2.43,-54.71
2016,306,0.0,0.51,0.49,33.98,66.45,1.53,21.34,9.81,Santarém,PA,Norte,-2.43,-54.71
2016,307,0.0,0.51,0.48,32.94,69.95,1.56,19.36,8.88,Santarém,PA,Norte,-2.43,-54.71
2016,308,0.0,0.5,0.48,34.68,65.3,1.51,17.22,7.9,Santarém,PA,Norte,-2.43,-54.71
2016,309,0.0,0.5,0.47,35.42,64.08,1.32,20.6,9.42,Santarém,PA,Norte,-2.43,-54.71
2016,310,0.54,0.5,0.47,35.42,65.03,1.47,20.2,9.33,Santarém,PA,Norte,-2.43,-54.71
2016,311,3.26,0.5,0.49,33.89,66.46,1.39,18.53,8.42,Santarém,PA,Norte,-2.43,-54.71
2016,312,2.28,0.5,0.5,32.93,69.54,1.11,21.07,9.55,Santarém,PA,Norte,-2.43,-54.71
2016,313,0.4,0.5,0.48,34.08,63.24,1.07,18.26,8.28,Santarém,PA,Norte,-2.43,-54.71
2016,314,0.13,0.49,0.47,35.39,58.14,1.35,20.35,9.27,Santarém,PA,Norte,-2.43,-54.71
2016,315,0.0,0.49,0.47,35.09,62.34,1.34,21.71,10.02,Santarém,PA,Norte,-2.43,-54.71
2016,316,0.01,0.49,0.47,34.94,63.18,1.62,18.26,8.4,Santarém,PA,Norte,-2.43,-54.71
2016,317,0.01,0.49,0.46,35.76,56.42,1.66,20.37,9.29,Santarém,PA,Norte,-2.43,-54.71
2016,318,0.0,0.48,0.46,35.67,57.56,1.17,17.35,7.92,Santarém,PA,Norte,-2.43,-54.71
2016,319,0.0,0.48,0.46,36.46,55.62,1.03,17.77,8.18,Santarém,PA,Norte,-2.43,-54.71
2016,320,1.42,0.48,0.46,32.85,65.29,1.14,20.31,9.38,Santarém,PA,Norte,-2.43,-54.71
2016,321,0.56,0.48,0.47,32.85,65.72,1.52,15.31,7.02,Santarém,PA,Norte,-2.43,-54.71
2016,322,5.78,0.48,0.49,33.76,65.36,1.25,18.47,8.48,Santarém,PA,Norte,-2.43,-54.71
2016,323,5.12,0.5,0.51,33.56,70.88,0.96,20.13,9.36,Santarém,PA,Norte,-2.43,-54.71
2016,324,3.98,0.49,0.49,34.48,62.19,1.12,20.43,9.37,Santarém,PA,Norte,-2.43,-54.71
2016,325,11.86,0.52,0.56,28.99,81.31,1.44,11.69,5.65,Santarém,PA,Norte,-2.43,-54.71
2016,326,1.36,0.52,0.5,32.45,73.1,1.23,17.81,8.19,Santarém,PA,Norte,-2.43,-54.71
2016,327,1.66,0.51,0.5,32.45,74.29,1.33,17.3,7.95,Santarém,PA,Norte,-2.43,-54.71
2016,328,0.25,0.51,0.49,32.8,71.91,1.05,18.9,8.79,Santarém,PA,Norte,-2.43,-54.71
2016,329,1.24,0.51,0.49,31.32,70.16,1.17,17.48,8.01,Santarém,PA,Norte,-2.43,-54.71
2016,330,0.61,0.51,0.49,35.28,63.35,1.49,19.29,8.84,Santarém,PA,Norte,-2.43,-54.71
2016,331,0.0,0.5,0.48,34.95,64.45,1.52,18.59,8.44,Santarém,PA,Norte,-2.43,-54.71
2016,332,0.0,0.5,0.47,34.74,62.73,1.6,19.68,9.04,Santarém,PA,Norte,-2.43,-54.71
2016,333,0.0,0.49,0.47,35.91,60.91,1.46,19.22,8.73,Santarém,PA,Norte,-2.43,-54.71
2016,334,0.0,0.49,0.46,36.11,57.76,1.56,22.61,10.32,Santarém,PA,Norte,-2.43,-54.71
2016,335,0.0,0.49,0.46,35.87,59.42,1.58,21.53,9.81,Santarém,PA,Norte,-2.43,-54.71
2016,336,0.0,0.48,0.45,35.36,56.39,1.8,19.41,8.89,Santarém,PA,Norte,-2.43,-54.71
2016,337,0.32,0.48,0.45,35.4,58.58,1.62,16.13,7.46,Santarém,PA,Norte,-2.43,-54.71
2016,338,0.39,0.48,0.45,35.01,58.17,1.46,17.93,8.32,Santarém,PA,Norte,-2.43,-54.71
2016,339,14.57,0.49,0.53,30.41,71.03,1.26,18.34,8.44,Santarém,PA,Norte,-2.43,-54.71
2016,340,1.81,0.51,0.51,33.48,64.89,0.93,21.25,9.79,Santarém,PA,Norte,-2.43,-54.71
2016,341,0.04,0.5,0.48,34.0,58.78,1.4,22.5,10.45,Santarém,PA,Norte,-2.43,-54.71
2016,342,0.0,0.5,0.47,35.05,59.02,1.6,21.8,10.04,Santarém,PA,Norte,-2.43,-54.71
2016,343,0.02,0.49,0.47,34.61,60.6,1.52,18.67,8.58,Santarém,PA,Norte,-2.43,-54.71
2016,344,0.04,0.49,0.47,35.4,60.09,1.54,19.58,8.94,Santarém,PA,Norte,-2.43,-54.71
2016,345,0.37,0.49,0.46,35.15,60.66,1.35,20.95,9.62,Santarém,PA,Norte,-2.43,-54.71
2016,346,12.52,0.49,0.52,34.45,65.11,1.57,16.75,7.65,Santarém,PA,Norte,-2.43,-54.71
2016,347,7.22,0.51,0.53,33.61,68.5,1.16,14.03,6.52,Santarém,PA,Norte,-2.43,-54.71
2016,348,2.59,0.51,0.5,34.52,60.15,1.0,18.56,8.54,Santarém,PA,Norte,-2.43,-54.71
2016,349,19.52,0.51,0.55,32.16,74.0,1.08,17.01,7.91,Santarém,PA,Norte,-2.43,-54.71
2016,350,24.97,0.57,0.66,27.55,86.55,1.39,14.49,6.9,Santarém,PA,Norte,-2.43,-54.71
2016,351,3.71,0.57,0.59,27.78,83.52,1.31,16.79,7.87,Santarém,PA,Norte,-2.43,-54.71
2016,352,9.13,0.56,0.59,27.88,78.67,1.0,18.51,8.63,Santarém,PA,Norte,-2.43,-54.71
2016,353,30.43,0.6,0.71,27.64,87.79,1.0,6.0,3.03,Santarém,PA,Norte,-2.43,-54.71
2016,354,19.27,0.61,0.68,28.65,86.83,1.32,19.05,8.94,Santarém,PA,Norte,-2.43,-54.71
2016,355,13.52,0.63,0.7,27.87,86.19,1.35,15.26,7.06,Santarém,PA,Norte,-2.43,-54.71
2016,356,4.46,0.63,0.66,27.29,88.01,1.4,15.87,7.42,Santarém,PA,Norte,-2.43,-54.71
2016,357,9.23,0.63,0.68,27.91,88.57,1.24,17.69,8.34,Santarém,PA,Norte,-2.43,-54.71
2016,358,8.3,0.63,0.67,28.03,88.06,0.82,6.57,3.29,Santarém,PA,Norte,-2.43,-54.71
2016,359,1.91,0.63,0.66,27.68,87.47,0.68,15.5,7.31,Santarém,PA,Norte,-2.43,-54.71
2016,360,1.81,0.62,0.65,28.76,84.72,1.13,18.7,8.63,Santarém,PA,Norte,-2.43,-54.71
2016,361,1.85,0.62,0.64,29.02,85.18,1.23,19.63,9.24,Santarém,PA,Norte,-2.43,-54.71
2016,362,1.49,0.61,0.64,28.42,85.75,1.21,13.97,6.71,Santarém,PA,Norte,-2.43,-54.71
2016,363,0.67,0.6,0.63,28.8,85.39,1.39,17.49,8.24,Santarém,PA,Norte,-2.43,-54.71
2016,364,0.07,0.6,0.62,28.85,84.88,1.4,19.25,8.92,Santarém,PA,Norte,-2.43,-54.71
2016,365,3.31,0.6,0.62,27.74,85.34,1.37,18.55,8.7,Santarém,PA,Norte,-2.43,-54.71
2016,366,10.95,0.6,0.65,27.77,87.87,1.21,16.63,7.86,Santarém,PA,Norte,-2.43,-54.71
2017,1,12.75,0.62,0.68,27.22,87.29,1.22,11.0,5.37,Santarém,PA,Norte,-2.43,-54.71
2017,2,4.66,0.62,0.66,27.91,84.84,1.04,15.11,7.21,Santarém,PA,Norte,-2.43,-54.71
2017,3,2.2,0.62,0.65,25.84,87.73,1.0,18.57,8.82,Santarém,PA,Norte,-2.43,-54.71
2017,4,2.59,0.62,0.65,28.22,85.4,1.39,15.76,7.5,Santarém,PA,Norte,-2.43,-54.71
2017,5,0.45,0.61,0.63,28.3,85.6,1.63,19.03,9.02,Santarém,PA,Norte,-2.43,-54.71
2017,6,2.0,0.6,0.63,28.71,85.72,1.38,18.52,8.74,Santarém,PA,Norte,-2.43,-54.71
2017,7,2.06,0.6,0.63,29.08,83.35,1.28,19.85,9.4,Santarém,PA,Norte,-2.43,-54.71
2017,8,1.9,0.6,0.62,27.97,85.59,1.16,11.36,5.49,Santarém,PA,Norte,-2.43,-54.71
2017,9,0.82,0.59,0.61,28.6,83.16,1.17,19.45,9.13,Santarém,PA,Norte,-2.43,-54.71
2017,10,0.65,0.59,0.6,29.67,81.37,1.39,20.14,9.47,Santarém,PA,Norte,-2.43,-54.71
2017,11,2.41,0.58,0.6,27.46,85.74,1.36,16.79,8.02,Santarém,PA,Norte,-2.43,-54.71
2017,12,1.1,0.58,0.59,29.71,81.67,1.51,20.84,9.86,Santarém,PA,Norte,-2.43,-54.71
2017,13,5.33,0.58,0.61,27.74,84.39,1.1,15.17,7.2,Santarém,PA,Norte,-2.43,-54.71
2017,14,1.08,0.58,0.6,28.2,81.87,1.13,14.2,6.82,Santarém,PA,Norte,-2.43,-54.71
2017,15,4.25,0.58,0.6,29.2,80.65,1.1,20.23,9.53,Santarém,PA,Norte,-2.43,-54.71
2017,16,4.2,0.58,0.61,28.33,86.09,1.29,19.74,9.31,Santarém,PA,Norte,-2.43,-54.71
2017,17,4.01,0.58,0.6,28.04,86.2,0.99,17.07,8.07,Santarém,PA,Norte,-2.43,-54.71
2017,18,5.92,0.59,0.62,25.65,90.76,1.46,8.51,4.28,Santarém,PA,Norte,-2.43,-54.71
2017,19,0.08,0.58,0.59,29.4,79.87,1.17,19.79,9.29,Santarém,PA,Norte,-2.43,-54.71
2017,20,0.4,0.57,0.58,30.71,79.03,1.53,22.03,10.31,Santarém,PA,Norte,-2.43,-54.71
2017,21,34.49,0.58,0.67,29.02,85.41,1.22,18.45,8.66,Santarém,PA,Norte,-2.43,-54.71
2017,22,22.17,0.65,0.73,26.86,87.31,0.8,15.31,7.26,Santarém,PA,Norte,-2.43,-54.71
2017,23,24.96,0.66,0.74,26.5,84.87,0.69,8.98,4.42,Santarém,PA,Norte,-2.43,-54.71
2017,24,3.19,0.67,0.71,27.4,83.02,1.08,18.57,8.77,Santarém,PA,Norte,-2.43,-54.71
2017,25,0.09,0.66,0.68,28.83,84.08,1.35,19.66,9.24,Santarém,PA,Norte,-2.43,-54.71
2017,26,0.7,0.64,0.66,29.08,82.64,1.29,20.92,9.76,Santarém,PA,Norte,-2.43,-54.71
2017,27,1.88,0.63,0.66,28.56,84.64,1.49,22.73,10.69,Santarém,PA,Norte,-2.43,-54.71
2017,28,9.95,0.63,0.68,27.96,87.1,1.39,17.18,8.1,Santarém,PA,Norte,-2.43,-54.71
2017,29,22.62,0.66,0.74,27.4,89.38,1.39,10.08,4.9,Santarém,PA,Norte,-2.43,-54.71
2017,30,13.14,0.67,0.73,27.47,90.64,1.2,13.0,6.26,Santarém,PA,Norte,-2.43,-54.71
2017,31,10.84,0.67,0.72,28.09,88.3,1.29,16.85,8.0,Santarém,PA,Norte,-2.43,-54.71
2017,32,20.97,0.7,0.77,26.14,91.45,1.18,16.85,8.01,Santarém,PA,Norte,-2.43,-54.71
2017,33,1.68,0.7,0.72,27.72,87.71,1.32,19.02,9.02,Santarém,PA,Norte,-2.43,-54.71
2017,34,2.02,0.69,0.71,26.96,89.75,1.12,17.56,8.38,Santarém,PA,Norte,-2.43,-54.71
2017,35,6.26,0.68,0.71,28.91,86.98,1.38,16.62,7.9,Santarém,PA,Norte,-2.43,-54.71
2017,36,6.47,0.68,0.72,28.41,88.74,1.36,18.55,8.67,Santarém,PA,Norte,-2.43,-54.71
2017,37,5.96,0.68,0.72,28.4,87.18,1.3,19.07,9.05,Santarém,PA,Norte,-2.43,-54.71
2017,38,10.38,0.68,0.72,27.85,89.64,1.35,18.98,8.96,Santarém,PA,Norte,-2.43,-54.71
2017,39,8.44,0.69,0.73,28.48,88.34,1.43,19.07,9.02,Santarém,PA,Norte,-2.43,-54.71
2017,40,7.28,0.69,0.72,27.13,88.95,1.06,15.45,7.37,Santarém,PA,Norte,-2.43,-54.71
2017,41,25.05,0.71,0.78,25.55,90.15,0.86,11.7,5.73,Santarém,PA,Norte,-2.43,-54.71
2017,42,8.75,0.73,0.76,26.07,87.17,1.01,11.71,5.68,Santarém,PA,Norte,-2.43,-54.71
2017,43,4.74,0.72,0.75,27.0,82.82,0.89,9.01,4.49,Santarém,PA,Norte,-2.43,-54.71
2017,44,4.35,0.72,0.74,28.2,84.95,1.11,16.47,7.83,Santarém,PA,Norte,-2.43,-54.71
2017,45,6.08,0.71,0.74,27.94,88.68,1.23,19.53,9.23,Santarém,PA,Norte,-2.43,-54.71
2017,46,28.01,0.73,0.79,26.52,91.1,1.35,20.43,9.72,Santarém,PA,Norte,-2.43,-54.71
2017,47,36.36,0.77,0.83,27.78,89.17,1.02,11.28,5.45,Santarém,PA,Norte,-2.43,-54.71
2017,48,6.25,0.79,0.81,28.33,80.95,0.92,17.49,8.24,Santarém,PA,Norte,-2.43,-54.71
2017,49,0.39,0.77,0.78,28.6,84.95,1.38,17.75,8.27,Santarém,PA,Norte,-2.43,-54.71
2017,50,9.32,0.76,0.78,27.26,88.73,1.34,20.67,9.72,Santarém,PA,Norte,-2.43,-54.71
2017,51,25.08,0.78,0.82,27.4,91.75,1.18,10.06,4.86,Santarém,PA,Norte,-2.43,-54.71
2017,52,13.66,0.8,0.82,26.35,93.06,1.34,20.46,9.66,Santarém,PA,Norte,-2.43,-54.71
2017,53,8.03,0.8,0.81,25.34,92.79,1.3,9.22,4.49,Santarém,PA,Norte,-2.43,-54.71
2017,54,0.9,0.79,0.8,27.67,88.03,1.46,19.44,9.12,Santarém,PA,Norte,-2.43,-54.71
2017,55,2.7,0.78,0.79,28.01,86.7,1.25,19.49,9.24,Santarém,PA,Norte,-2.43,-54.71
2017,56,9.53,0.79,0.81,26.59,88.73,0.87,20.5,9.7,Santarém,PA,Norte,-2.43,-54.71
2017,57,4.49,0.79,0.8,26.51,88.37,1.06,12.4,6.03,Santarém,PA,Norte,-2.43,-54.71
2017,58,3.76,0.79,0.8,27.9,84.57,0.98,16.99,8.09,Santarém,PA,Norte,-2.43,-54.71
2017,59,18.42,0.79,0.82,26.09,87.78,0.96,13.53,6.47,Santarém,PA,Norte,-2.43,-54.71
2017,60,10.74,0.81,0.83,27.94,84.96,1.29,19.02,9.11,Santarém,PA,Norte,-2.43,-54.71
2017,61,0.56,0.79,0.8,28.44,83.5,1.56,19.48,9.31,Santarém,PA,Norte,-2.43,-54.71
2017,62,1.1,0.78,0.79,27.82,86.47,1.48,18.06,8.56,Santarém,PA,Norte,-2.43,-54.71
2017,63,1.09,0.78,0.79,27.42,89.58,1.25,15.48,7.28,Santarém,PA,Norte,-2.43,-54.71
2017,64,4.5,0.78,0.79,27.57,90.1,1.27,19.03,9.03,Santarém,PA,Norte,-2.43,-54.71
2017,65,8.29,0.78,0.8,28.13,90.22,1.21,19.1,9.02,Santarém,PA,Norte,-2.43,-54.71
2017,66,6.79,0.78,0.8,27.15,90.09,1.28,17.33,8.14,Santarém,PA,Norte,-2.43,-54.71
2017,67,7.04,0.79,0.81,27.12,88.99,1.18,17.27,8.16,Santarém,PA,Norte,-2.43,-54.71
2017,68,3.62,0.79,0.8,27.54,86.26,1.15,20.05,9.56,Santarém,PA,Norte,-2.43,-54.71
2017,69,20.14,0.8,0.83,26.62,90.77,1.09,17.17,8.15,Santarém,PA,Norte,-2.43,-54.71
2017,70,7.81,0.81,0.82,26.98,89.04,1.05,15.29,7.17,Santarém,PA,Norte,-2.43,-54.71
2017,71,6.65,0.8,0.81,27.46,89.04,1.15,18.26,8.69,Santarém,PA,Norte,-2.43,-54.71
2017,72,6.51,0.8,0.81,27.34,87.89,1.23,16.32,7.81,Santarém,PA,Norte,-2.43,-54.71
2017,73,21.91,0.81,0.84,28.23,83.84,0.79,8.23,4.01,Santarém,PA,Norte,-2.43,-54.71
2017,74,11.54,0.83,0.84,26.79,86.48,0.72,11.1,5.37,Santarém,PA,Norte,-2.43,-54.71
2017,75,30.43,0.84,0.87,27.42,85.23,0.94,9.53,4.62,Santarém,PA,Norte,-2.43,-54.71
2017,76,3.69,0.85,0.85,28.26,83.41,0.89,18.05,8.32,Santarém,PA,Norte,-2.43,-54.71
2017,77,6.12,0.84,0.84,27.59,88.42,1.41,14.85,7.1,Santarém,PA,Norte,-2.43,-54.71
2017,78,22.34,0.85,0.86,27.72,87.42,1.11,16.56,7.8,Santarém,PA,Norte,-2.43,-54.71
2017,79,43.06,0.89,0.91,27.07,83.48,0.74,13.59,6.35,Santarém,PA,Norte,-2.43,-54.71
2017,80,3.2,0.89,0.87,27.64,83.79,1.12,15.91,7.54,Santarém,PA,Norte,-2.43,-54.71
2017,81,0.17,0.87,0.86,28.52,85.63,1.24,19.99,9.52,Santarém,PA,Norte,-2.43,-54.71
2017,82,0.06,0.86,0.85,28.14,86.35,1.5,19.95,9.45,Santarém,PA,Norte,-2.43,-54.71
2017,83,17.62,0.87,0.87,28.0,87.94,1.32,19.97,9.44,Santarém,PA,Norte,-2.43,-54.71
2017,84,31.19,0.89,0.9,26.67,89.8,1.11,15.74,7.29,Santarém,PA,Norte,-2.43,-54.71
2017,85,6.19,0.9,0.88,28.06,83.75,0.92,11.65,5.49,Santarém,PA,Norte,-2.43,-54.71
2017,86,0.89,0.89,0.87,28.17,86.89,1.32,17.36,8.12,Santarém,PA,Norte,-2.43,-54.71
2017,87,4.05,0.88,0.87,28.12,87.69,1.44,18.8,9.0,Santarém,PA,Norte,-2.43,-54.71
2017,88,6.02,0.88,0.86,28.39,86.8,1.34,20.44,9.74,Santarém,PA,Norte,-2.43,-54.71
2017,89,11.51,0.88,0.87,28.18,89.1,1.28,16.64,7.93,Santarém,PA,Norte,-2.43,-54.71
2017,90,9.52,0.89,0.87,28.38,90.09,1.4,17.55,8.38,Santarém,PA,Norte,-2.43,-54.71
2017,91,9.12,0.89,0.87,28.59,87.65,1.2,15.8,7.58,Santarém,PA,Norte,-2.43,-54.71
2017,92,16.2,0.89,0.88,26.7,91.51,1.16,11.61,5.59,Santarém,PA,Norte,-2.43,-54.71
2017,93,4.37,0.9,0.88,27.94,85.71,1.29,18.75,8.92,Santarém,PA,Norte,-2.43,-54.71
2017,94,13.0,0.9,0.88,27.86,86.46,1.22,17.52,8.4,Santarém,PA,Norte,-2.43,-54.71
2017,95,34.73,0.92,0.91,27.61,87.85,1.11,13.19,6.25,Santarém,PA,Norte,-2.43,-54.71
2017,96,10.6,0.93,0.9,28.1,87.36,1.18,17.9,8.58,Santarém,PA,Norte,-2.43,-54.71
2017,97,3.94,0.92,0.89,27.59,88.31,1.4,18.65,8.89,Santarém,PA,Norte,-2.43,-54.71
2017,98,0.79,0.91,0.88,28.59,86.12,1.2,17.55,8.31,Santarém,PA,Norte,-2.43,-54.71
2017,99,0.82,0.9,0.88,28.16,86.56,1.34,19.66,9.29,Santarém,PA,Norte,-2.43,-54.71
2017,100,0.83,0.9,0.87,28.24,86.29,1.34,17.38,8.28,Santarém,PA,Norte,-2.43,-54.71
2017,101,0.81,0.89,0.87,26.99,88.29,1.11,19.5,9.23,Santarém,PA,Norte,-2.43,-54.71
2017,102,1.87,0.89,0.87,27.68,88.61,1.23,19.62,9.35,Santarém,PA,Norte,-2.43,-54.71
2017,103,5.09,0.89,0.87,27.18,90.38,1.24,19.44,9.22,Santarém,PA,Norte,-2.43,-54.71
2017,104,8.26,0.89,0.88,27.69,90.95,1.2,18.95,8.95,Santarém,PA,Norte,-2.43,-54.71
2017,105,9.9,0.9,0.88,27.74,92.9,1.24,16.01,7.67,Santarém,PA,Norte,-2.43,-54.71
2017,106,11.18,0.91,0.89,27.14,91.1,1.09,18.96,9.05,Santarém,PA,Norte,-2.43,-54.71
2017,107,9.0,0.91,0.89,26.47,90.71,1.1,16.54,7.86,Santarém,PA,Norte,-2.43,-54.71
2017,108,10.25,0.91,0.89,27.8,84.22,1.04,18.8,8.97,Santarém,PA,Norte,-2.43,-54.71
2017,109,3.01,0.91,0.88,28.14,87.7,1.28,19.53,9.24,Santarém,PA,Norte,-2.43,-54.71
2017,110,3.12,0.9,0.88,28.72,88.05,1.28,16.33,7.68,Santarém,PA,Norte,-2.43,-54.71
2017,111,8.8,0.9,0.88,27.45,90.08,1.11,16.41,7.84,Santarém,PA,Norte,-2.43,-54.71
2017,112,3.96,0.9,0.88,28.16,87.98,1.34,18.77,8.93,Santarém,PA,Norte,-2.43,-54.71
2017,113,10.04,0.9,0.89,28.74,86.62,1.19,20.9,9.92,Santarém,PA,Norte,-2.43,-54.71
2017,114,11.6,0.91,0.89,27.97,89.93,1.38,19.21,9.2,Santarém,PA,Norte,-2.43,-54.71
2017,115,1.6,0.91,0.88,28.26,88.04,1.49,19.01,9.0,Santarém,PA,Norte,-2.43,-54.71
2017,116,0.71,0.9,0.87,28.59,87.22,1.34,19.33,9.14,Santarém,PA,Norte,-2.43,-54.71
2017,117,3.88,0.89,0.87,28.41,88.78,1.43,18.96,9.01,Santarém,PA,Norte,-2.43,-54.71
2017,118,17.52,0.9,0.89,27.03,91.7,1.03,18.05,8.62,Santarém,PA,Norte,-2.43,-54.71
2017,119,18.44,0.92,0.9,27.83,83.12,0.59,15.53,7.34,Santarém,PA,Norte,-2.43,-54.71
2017,120,19.99,0.93,0.91,26.53,89.29,1.06,16.6,7.9,Santarém,PA,Norte,-2.43,-54.71
2017,121,2.65,0.93,0.9,28.27,87.58,1.17,19.38,9.21,Santarém,PA,Norte,-2.43,-54.71
2017,122,15.12,0.93,0.91,26.89,91.19,1.39,8.28,4.11,Santarém,PA,Norte,-2.43,-54.71
2017,123,6.75,0.94,0.9,27.52,88.17,1.05,16.3,7.76,Santarém,PA,Norte,-2.43,-54.71
2017,124,6.69,0.93,0.9,27.38,90.46,0.98,16.08,7.72,Santarém,PA,Norte,-2.43,-54.71
2017,125,4.17,0.94,0.9,26.94,90.54,1.55,9.2,4.52,Santarém,PA,Norte,-2.43,-54.71
2017,126,5.16,0.93,0.9,28.19,88.28,1.1,17.32,8.24,Santarém,PA,Norte,-2.43,-54.71
2017,127,4.1,0.93,0.9,28.17,89.74,1.26,17.11,8.14,Santarém,PA,Norte,-2.43,-54.71
2017,128,0.6,0.92,0.89,29.06,86.13,1.04,15.64,7.38,Santarém,PA,Norte,-2.43,-54.71
2017,129,12.46,0.92,0.9,27.24,91.81,1.24,16.81,7.85,Santarém,PA,Norte,-2.43,-54.71
2017,130,7.36,0.93,0.9,28.58,88.29,1.15,14.39,6.79,Santarém,PA,Norte,-2.43,-54.71
2017,131,12.97,0.94,0.91,27.35,89.0,1.2,16.66,7.85,Santarém,PA,Norte,-2.43,-54.71
2017,132,2.88,0.93,0.9,28.03,88.33,1.11,16.81,8.0,Santarém,PA,Norte,-2.43,-54.71
2017,133,3.45,0.93,0.9,27.14,92.0,1.24,16.85,8.04,Santarém,PA,Norte,-2.43,-54.71
2017,134,1.11,0.93,0.9,28.43,89.91,1.34,19.46,9.21,Santarém,PA,Norte,-2.43,-54.71
2017,135,0.18,0.92,0.89,29.04,89.09,1.29,19.31,9.1,Santarém,PA,Norte,-2.43,-54.71
2017,136,0.01,0.92,0.89,28.88,88.38,1.31,17.96,8.52,Santarém,PA,Norte,-2.43,-54.71
2017,137,0.01,0.91,0.88,28.88,87.72,1.38,20.77,9.75,Santarém,PA,Norte,-2.43,-54.71
2017,138,0.08,0.9,0.88,28.35,88.45,1.44,19.91,9.39,Santarém,PA,Norte,-2.43,-54.71
2017,139,0.14,0.9,0.87,28.74,87.19,1.39,18.47,8.73,Santarém,PA,Norte,-2.43,-54.71
2017,140,4.89,0.89,0.87,28.7,89.29,1.47,18.32,8.67,Santarém,PA,Norte,-2.43,-54.71
2017,141,8.12,0.89,0.88,28.84,90.48,1.28,16.6,7.87,Santarém,PA,Norte,-2.43,-54.71
2017,142,5.76,0.9,0.88,28.04,91.6,1.4,13.77,6.56,Santarém,PA,Norte,-2.43,-54.71
2017,143,1.45,0.89,0.87,28.94,88.62,1.49,17.27,8.09,Santarém,PA,Norte,-2.43,-54.71
2017,144,0.09,0.88,0.86,28.73,86.97,1.31,20.82,9.81,Santarém,PA,Norte,-2.43,-54.71
2017,145,0.01,0.88,0.86,29.17,85.71,1.31,20.63,9.68,Santarém,PA,Norte,-2.43,-54.71
2017,146,0.06,0.87,0.85,29.23,85.55,1.35,21.27,9.93,Santarém,PA,Norte,-2.43,-54.71
2017,147,0.95,0.86,0.85,28.93,87.6,1.25,16.08,7.68,Santarém,PA,Norte,-2.43,-54.71
2017,148,0.33,0.85,0.85,28.64,86.31,1.27,20.84,9.85,Santarém,PA,Norte,-2.43,-54.71
2017,149,6.01,0.85,0.85,28.43,88.86,1.28,18.65,8.86,Santarém,PA,Norte,-2.43,-54.71
2017,150,7.48,0.86,0.86,27.94,89.18,1.23,15.59,7.5,Santarém,PA,Norte,-2.43,-54.71
2017,151,6.37,0.86,0.86,27.66,88.58,1.11,15.99,7.61,Santarém,PA,Norte,-2.43,-54.71
2017,152,10.18,0.86,0.86,28.7,83.04,1.03,19.41,9.24,Santarém,PA,Norte,-2.43,-54.71
2017,153,16.71,0.88,0.88,28.16,89.54,1.17,10.02,4.91,Santarém,PA,Norte,-2.43,-54.71
2017,154,1.27,0.88,0.86,27.98,88.49,1.55,19.75,9.35,Santarém,PA,Norte,-2.43,-54.71
2017,155,0.42,0.86,0.85,28.97,87.25,1.45,19.99,9.41,Santarém,PA,Norte,-2.43,-54.71
2017,156,16.18,0.86,0.86,28.64,89.31,1.44,17.8,8.43,Santarém,PA,Norte,-2.43,-54.71
2017,157,12.54,0.88,0.88,28.98,90.1,1.31,12.05,5.82,Santarém,PA,Norte,-2.43,-54.71
2017,158,3.3,0.88,0.86,29.02,89.1,1.25,13.16,6.27,Santarém,PA,Norte,-2.43,-54.71
2017,159,0.75,0.87,0.85,29.56,86.02,1.24,20.24,9.48,Santarém,PA,Norte,-2.43,-54.71
2017,160,0.18,0.86,0.85,29.13,84.31,1.12,19.52,9.16,Santarém,PA,Norte,-2.43,-54.71
2017,161,1.01,0.85,0.85,29.15,79.57,0.98,21.09,9.97,Santarém,PA,Norte,-2.43,-54.71
2017,162,2.73,0.85,0.85,28.13,84.62,1.37,17.07,8.08,Santarém,PA,Norte,-2.43,-54.71
2017,163,2.89,0.85,0.84,28.57,88.1,1.48,16.91,7.98,Santarém,PA,Norte,-2.43,-54.71
2017,164,8.16,0.85,0.85,28.51,88.71,1.32,15.81,7.52,Santarém,PA,Norte,-2.43,-54.71
2017,165,5.98,0.85,0.85,28.61,87.92,1.34,14.82,7.06,Santarém,PA,Norte,-2.43,-54.71
2017,166,2.2,0.85,0.84,29.03,86.3,1.2,16.72,7.9,Santarém,PA,Norte,-2.43,-54.71
2017,167,0.99,0.84,0.84,27.84,88.19,1.32,19.81,9.42,Santarém,PA,Norte,-2.43,-54.71
2017,168,0.3,0.84,0.83,28.73,86.05,1.36,20.87,9.83,Santarém,PA,Norte,-2.43,-54.71
2017,169,0.71,0.83,0.83,28.78,86.06,1.23,18.68,8.8,Santarém,PA,Norte,-2.43,-54.71
2017,170,0.94,0.82,0.83,28.85,85.52,1.21,20.2,9.56,Santarém,PA,Norte,-2.43,-54.71
2017,171,1.69,0.82,0.82,28.86,85.58,1.34,19.45,9.22,Santarém,PA,Norte,-2.43,-54.71
2017,172,6.4,0.82,0.83,28.5,88.19,1.22,13.63,6.56,Santarém,PA,Norte,-2.43,-54.71
2017,173,2.64,0.82,0.83,28.13,88.69,1.24,19.69,9.28,Santarém,PA,Norte,-2.43,-54.71
2017,174,1.96,0.82,0.82,27.99,88.92,1.24,19.14,8.99,Santarém,PA,Norte,-2.43,-54.71
2017,175,0.89,0.82,0.82,28.38,87.76,1.21,20.47,9.62,Santarém,PA,Norte,-2.43,-54.71
2017,176,2.47,0.81,0.82,28.34,88.23,1.14,17.78,8.4,Santarém,PA,Norte,-2.43,-54.71
2017,177,1.8,0.81,0.82,28.69,84.69,1.1,16.44,7.81,Santarém,PA,Norte,-2.43,-54.71
2017,178,3.98,0.8,0.81,28.67,85.96,1.25,20.51,9.64,Santarém,PA,Norte,-2.43,-54.71
2017,179,5.57,0.8,0.82,28.04,88.76,1.25,13.05,6.27,Santarém,PA,Norte,-2.43,-54.71
2017,180,0.43,0.8,0.81,28.07,86.21,1.28,17.26,8.16,Santarém,PA,Norte,-2.43,-54.71
2017,181,0.2,0.79,0.8,28.51,86.46,1.23,18.39,8.73,Santarém,PA,Norte,-2.43,-54.71
2017,182,0.7,0.79,0.8,27.48,87.71,1.32,14.88,7.05,Santarém,PA,Norte,-2.43,-54.71
2017,183,1.51,0.78,0.8,28.41,86.37,1.26,17.3,8.15,Santarém,PA,Norte,-2.43,-54.71
2017,184,8.38,0.79,0.81,27.79,89.98,1.31,18.99,8.92,Santarém,PA,Norte,-2.43,-54.71
2017,185,6.04,0.79,0.81,26.89,90.54,1.41,18.44,8.7,Santarém,PA,Norte,-2.43,-54.71
2017,186,0.6,0.79,0.8,28.47,87.09,1.39,20.28,9.55,Santarém,PA,Norte,-2.43,-54.71
2017,187,0.0,0.78,0.79,28.21,83.13,1.41,21.46,10.04,Santarém,PA,Norte,-2.43,-54.71
2017,188,0.26,0.77,0.78,28.73,83.24,1.25,20.34,9.49,Santarém,PA,Norte,-2.43,-54.71
2017,189,2.38,0.76,0.78,27.84,87.91,1.33,16.3,7.75,Santarém,PA,Norte,-2.43,-54.71
2017,190,3.53,0.76,0.78,28.61,87.53,1.24,14.28,6.8,Santarém,PA,Norte,-2.43,-54.71
2017,191,0.31,0.76,0.77,28.55,85.17,1.43,22.43,10.49,Santarém,PA,Norte,-2.43,-54.71
2017,192,0.0,0.75,0.76,28.79,83.09,1.45,21.39,9.92,Santarém,PA,Norte,-2.43,-54.71
2017,193,1.43,0.74,0.76,29.11,80.85,1.11,20.55,9.61,Santarém,PA,Norte,-2.43,-54.71
2017,194,11.26,0.74,0.78,28.44,84.84,1.12,12.59,6.06,Santarém,PA,Norte,-2.43,-54.71
2017,195,1.97,0.75,0.77,28.77,84.48,1.17,19.98,9.38,Santarém,PA,Norte,-2.43,-54.71
2017,196,0.13,0.74,0.76,28.8,82.41,1.31,21.11,9.89,Santarém,PA,Norte,-2.43,-54.71
2017,197,0.0,0.73,0.75,28.8,82.08,1.5,21.98,10.33,Santarém,PA,Norte,-2.43,-54.71
2017,198,0.0,0.72,0.74,29.05,82.61,1.4,22.2,10.38,Santarém,PA,Norte,-2.43,-54.71
2017,199,0.0,0.71,0.73,29.03,81.46,1.39,20.73,9.7,Santarém,PA,Norte,-2.43,-54.71
2017,200,0.0,0.7,0.72,28.69,82.64,1.39,19.69,9.18,Santarém,PA,Norte,-2.43,-54.71
2017,201,0.0,0.7,0.72,29.34,83.03,1.42,22.43,10.48,Santarém,PA,Norte,-2.43,-54.71
2017,202,2.68,0.69,0.72,29.12,82.18,1.17,19.69,9.18,Santarém,PA,Norte,-2.43,-54.71
2017,203,6.21,0.69,0.73,28.31,85.82,1.26,18.81,8.89,Santarém,PA,Norte,-2.43,-54.71
2017,204,3.31,0.7,0.73,27.59,89.88,1.52,17.23,8.22,Santarém,PA,Norte,-2.43,-54.71
2017,205,0.36,0.69,0.71,28.95,86.52,1.61,19.91,9.35,Santarém,PA,Norte,-2.43,-54.71
2017,206,0.94,0.68,0.71,28.81,85.66,1.49,20.12,9.51,Santarém,PA,Norte,-2.43,-54.71
2017,207,0.25,0.67,0.7,29.39,84.92,1.53,21.89,10.3,Santarém,PA,Norte,-2.43,-54.71
2017,208,0.0,0.67,0.69,28.89,82.95,1.57,23.35,10.88,Santarém,PA,Norte,-2.43,-54.71
2017,209,0.0,0.66,0.68,28.98,82.69,1.5,22.85,10.65,Santarém,PA,Norte,-2.43,-54.71
2017,210,0.0,0.65,0.67,29.27,82.94,1.51,22.24,10.39,Santarém,PA,Norte,-2.43,-54.71
2017,211,0.68,0.64,0.66,29.56,82.73,1.36,19.71,9.35,Santarém,PA,Norte,-2.43,-54.71
2017,212,0.86,0.64,0.65,29.55,81.21,1.31,20.99,9.8,Santarém,PA,Norte,-2.43,-54.71
2017,213,0.45,0.63,0.64,29.82,81.04,1.35,20.86,9.72,Santarém,PA,Norte,-2.43,-54.71
2017,214,0.62,0.62,0.63,30.22,81.58,1.47,20.77,9.7,Santarém,PA,Norte,-2.43,-54.71
2017,215,0.42,0.61,0.63,30.06,82.74,1.51,17.17,8.05,Santarém,PA,Norte,-2.43,-54.71
2017,216,0.06,0.61,0.62,30.26,81.45,1.47,19.86,9.29,Santarém,PA,Norte,-2.43,-54.71
2017,217,0.0,0.6,0.61,30.82,79.9,1.57,21.71,10.1,Santarém,PA,Norte,-2.43,-54.71
2017,218,0.01,0.6,0.6,30.94,78.95,1.51,20.47,9.59,Santarém,PA,Norte,-2.43,-54.71
2017,219,1.18,0.59,0.6,30.93,79.22,1.67,19.64,9.22,Santarém,PA,Norte,-2.43,-54.71
2017,220,5.29,0.59,0.61,30.14,82.71,1.75,18.62,8.74,Santarém,PA,Norte,-2.43,-54.71
2017,221,4.01,0.6,0.62,30.03,82.72,1.79,18.09,8.55,Santarém,PA,Norte,-2.43,-54.71
2017,222,0.05,0.59,0.59,31.0,78.3,1.65,21.82,10.09,Santarém,PA,Norte,-2.43,-54.71
2017,223,0.1,0.58,0.58,31.39,76.21,1.55,22.52,10.45,Santarém,PA,Norte,-2.43,-54.71
2017,224,0.0,0.58,0.57,31.69,76.11,1.65,22.42,10.41,Santarém,PA,Norte,-2.43,-54.71
2017,225,0.25,0.57,0.57,31.7,76.62,1.71,19.72,9.16,Santarém,PA,Norte,-2.43,-54.71
2017,226,0.15,0.56,0.56,32.42,75.71,1.59,22.1,10.31,Santarém,PA,Norte,-2.43,-54.71
2017,227,0.05,0.56,0.55,32.81,73.89,1.56,21.85,10.15,Santarém,PA,Norte,-2.43,-54.71
2017,228,0.29,0.55,0.54,32.65,73.64,1.77,20.83,9.61,Santarém,PA,Norte,-2.43,-54.71
2017,229,0.36,0.55,0.54,32.59,73.96,1.7,20.61,9.47,Santarém,PA,Norte,-2.43,-54.71
2017,230,0.04,0.54,0.53,33.59,71.43,1.65,23.17,10.75,Santarém,PA,Norte,-2.43,-54.71
2017,231,0.0,0.54,0.52,34.23,69.68,1.6,22.97,10.64,Santarém,PA,Norte,-2.43,-54.71
2017,232,0.0,0.53,0.51,34.04,69.65,1.69,21.57,9.97,Santarém,PA,Norte,-2.43,-54.71
2017,233,0.37,0.53,0.51,33.11,71.23,1.8,18.77,8.59,Santarém,PA,Norte,-2.43,-54.71
2017,234,0.15,0.53,0.51,33.79,68.41,1.48,22.97,10.58,Santarém,PA,Norte,-2.43,-54.71
2017,235,3.55,0.52,0.52,32.5,73.87,1.25,21.23,9.89,Santarém,PA,Norte,-2.43,-54.71
2017,236,3.61,0.53,0.54,32.84,73.78,1.63,21.55,10.01,Santarém,PA,Norte,-2.43,-54.71
2017,237,0.92,0.53,0.51,33.6,69.61,1.63,21.34,9.79,Santarém,PA,Norte,-2.43,-54.71
2017,238,0.67,0.53,0.51,34.46,68.19,1.64,23.86,11.07,Santarém,PA,Norte,-2.43,-54.71
2017,239,0.0,0.52,0.5,34.3,67.1,1.65,21.58,10.08,Santarém,PA,Norte,-2.43,-54.71
2017,240,0.0,0.52,0.49,34.12,66.53,1.72,21.01,9.83,Santarém,PA,Norte,-2.43,-54.71
2017,241,0.0,0.51,0.49,33.63,66.47,1.77,20.23,9.49,Santarém,PA,Norte,-2.43,-54.71
2017,242,0.02,0.51,0.49,33.9,67.65,1.48,21.3,9.88,Santarém,PA,Norte,-2.43,-54.71
2017,243,0.0,0.51,0.49,35.11,67.07,1.53,19.98,9.19,Santarém,PA,Norte,-2.43,-54.71
2017,244,0.0,0.51,0.48,34.54,67.01,1.64,23.07,10.64,Santarém,PA,Norte,-2.43,-54.71
2017,245,0.0,0.5,0.48,35.32,63.79,1.64,22.88,10.5,Santarém,PA,Norte,-2.43,-54.71
2017,246,0.0,0.5,0.48,34.67,64.75,1.61,22.47,10.4,Santarém,PA,Norte,-2.43,-54.71
2017,247,0.85,0.5,0.48,35.03,63.45,1.56,21.2,9.65,Santarém,PA,Norte,-2.43,-54.71
2017,248,1.84,0.5,0.48,35.46,62.4,1.6,22.88,10.54,Santarém,PA,Norte,-2.43,-54.71
2017,249,2.5,0.5,0.49,35.07,63.47,1.83,22.56,10.41,Santarém,PA,Norte,-2.43,-54.71
2017,250,0.0,0.5,0.47,35.32,59.9,1.83,23.49,10.85,Santarém,PA,Norte,-2.43,-54.71
2017,251,0.01,0.49,0.47,35.21,61.82,1.7,21.6,10.02,Santarém,PA,Norte,-2.43,-54.71
2017,252,0.0,0.49,0.46,35.72,58.82,1.74,21.81,9.98,Santarém,PA,Norte,-2.43,-54.71
2017,253,0.0,0.49,0.46,36.28,58.82,1.72,21.78,10.01,Santarém,PA,Norte,-2.43,-54.71
2017,254,0.3,0.49,0.46,36.79,59.24,1.65,21.99,10.15,Santarém,PA,Norte,-2.43,-54.71
2017,255,0.57,0.49,0.46,36.45,59.65,1.8,20.72,9.53,Santarém,PA,Norte,-2.43,-54.71
2017,256,0.05,0.48,0.45,36.07,57.8,1.85,22.74,10.44,Santarém,PA,Norte,-2.43,-54.71
2017,257,0.0,0.48,0.45,35.75,57.48,1.72,24.28,11.27,Santarém,PA,Norte,-2.43,-54.71
2017,258,1.69,0.48,0.45,35.86,59.12,1.46,21.82,10.12,Santarém,PA,Norte,-2.43,-54.71
2017,259,3.84,0.49,0.48,35.35,64.69,1.32,20.19,9.18,Santarém,PA,Norte,-2.43,-54.71
2017,260,1.64,0.49,0.47,35.49,64.32,1.56,18.28,8.29,Santarém,PA,Norte,-2.43,-54.71
2017,261,1.0,0.49,0.46,35.72,60.56,1.53,21.47,9.77,Santarém,PA,Norte,-2.43,-54.71
2017,262,1.03,0.48,0.46,36.96,56.94,1.36,22.64,10.37,Santarém,PA,Norte,-2.43,-54.71
2017,263,0.47,0.48,0.45,35.53,60.02,1.37,19.06,8.67,Santarém,PA,Norte,-2.43,-54.71
2017,264,0.31,0.48,0.44,35.79,58.41,1.88,19.76,9.08,Santarém,PA,Norte,-2.43,-54.71
2017,265,0.06,0.48,0.42,34.65,60.42,1.76,16.04,7.39,Santarém,PA,Norte,-2.43,-54.71
2017,266,0.04,0.48,0.42,33.38,60.68,2.0,20.58,9.49,Santarém,PA,Norte,-2.43,-54.71
2017,267,0.09,0.48,0.41,36.28,55.41,1.65,23.58,10.82,Santarém,PA,Norte,-2.43,-54.71
2017,268,0.62,0.48,0.4,35.57,55.2,1.14,15.58,7.13,Santarém,PA,Norte,-2.43,-54.71
2017,269,5.36,0.48,0.45,34.71,63.73,1.22,18.72,8.61,Santarém,PA,Norte,-2.43,-54.71
2017,270,2.82,0.48,0.48,34.83,65.2,1.23,18.46,8.32,Santarém,PA,Norte,-2.43,-54.71
2017,271,0.2,0.48,0.45,35.49,58.98,1.61,20.98,9.65,Santarém,PA,Norte,-2.43,-54.71
2017,272,0.09,0.48,0.43,34.45,58.81,1.82,20.53,9.42,Santarém,PA,Norte,-2.43,-54.71
2017,273,0.0,0.48,0.42,35.6,56.41,1.71,23.63,10.89,Santarém,PA,Norte,-2.43,-54.71
2017,274,0.01,0.48,0.4,35.95,52.16,1.63,23.42,10.75,Santarém,PA,Norte,-2.43,-54.71
2017,275,0.02,0.47,0.39,36.9,50.62,1.71,23.26,10.52,Santarém,PA,Norte,-2.43,-54.71
2017,276,0.12,0.47,0.38,37.6,48.8,1.84,24.39,11.12,Santarém,PA,Norte,-2.43,-54.71
2017,277,0.11,0.47,0.37,36.54,54.38,1.5,17.96,8.13,Santarém,PA,Norte,-2.43,-54.71
2017,278,1.26,0.47,0.37,35.47,57.22,1.7,21.6,9.92,Santarém,PA,Norte,-2.43,-54.71
2017,279,1.31,0.47,0.38,35.88,54.55,1.89,17.95,8.17,Santarém,PA,Norte,-2.43,-54.71
2017,280,0.06,0.47,0.36,36.5,51.12,1.4,18.41,8.36,Santarém,PA,Norte,-2.43,-54.71
2017,281,2.91,0.47,0.39,33.49,56.6,0.92,14.86,6.88,Santarém,PA,Norte,-2.43,-54.71
2017,282,7.62,0.48,0.5,30.43,75.31,0.85,16.79,7.82,Santarém,PA,Norte,-2.43,-54.71
2017,283,0.79,0.49,0.48,34.14,65.43,1.29,21.23,9.82,Santarém,PA,Norte,-2.43,-54.71
2017,284,0.24,0.48,0.46,35.92,59.02,1.4,21.91,10.11,Santarém,PA,Norte,-2.43,-54.71
2017,285,0.3,0.48,0.46,34.28,65.56,1.44,20.67,9.52,Santarém,PA,Norte,-2.43,-54.71
2017,286,0.06,0.48,0.45,35.3,63.18,1.36,19.38,8.76,Santarém,PA,Norte,-2.43,-54.71
2017,287,0.0,0.48,0.44,35.98,58.09,1.58,20.28,9.3,Santarém,PA,Norte,-2.43,-54.71
2017,288,0.0,0.47,0.42,36.16,55.93,1.55,21.92,10.04,Santarém,PA,Norte,-2.43,-54.71
2017,289,0.0,0.47,0.4,36.64,53.24,1.59,19.29,8.83,Santarém,PA,Norte,-2.43,-54.71
2017,290,0.18,0.47,0.38,37.05,49.63,1.76,20.11,9.24,Santarém,PA,Norte,-2.43,-54.71
2017,291,0.86,0.47,0.37,36.24,52.83,1.96,20.34,9.42,Santarém,PA,Norte,-2.43,-54.71
2017,292,2.56,0.47,0.38,34.34,59.66,1.96,18.57,8.58,Santarém,PA,Norte,-2.43,-54.71
2017,293,0.77,0.47,0.39,35.37,55.7,2.14,19.21,8.94,Santarém,PA,Norte,-2.43,-54.71
2017,294,0.0,0.47,0.37,34.35,55.3,1.92,19.42,8.98,Santarém,PA,Norte,-2.43,-54.71
2017,295,0.0,0.47,0.36,35.63,52.82,1.78,21.16,9.69,Santarém,PA,Norte,-2.43,-54.71
2017,296,0.04,0.47,0.34,35.54,54.41,1.46,20.9,9.53,Santarém,PA,Norte,-2.43,-54.71
2017,297,0.1,0.47,0.34,33.34,59.19,0.91,19.85,9.0,Santarém,PA,Norte,-2.43,-54.71
2017,298,0.11,0.47,0.34,35.62,56.55,0.94,16.93,7.62,Santarém,PA,Norte,-2.43,-54.71
2017,299,0.91,0.47,0.33,35.86,54.76,1.36,15.42,7.1,Santarém,PA,Norte,-2.43,-54.71
2017,300,0.57,0.47,0.35,34.06,58.21,1.55,19.16,8.8,Santarém,PA,Norte,-2.43,-54.71
2017,301,0.52,0.47,0.34,35.04,57.38,1.79,20.75,9.58,Santarém,PA,Norte,-2.43,-54.71
2017,302,1.01,0.47,0.36,36.06,56.34,1.65,20.22,9.19,Santarém,PA,Norte,-2.43,-54.71
2017,303,0.37,0.47,0.34,35.78,53.3,1.15,21.9,9.95,Santarém,PA,Norte,-2.43,-54.71
2017,304,3.99,0.47,0.4,32.39,66.72,1.03,9.77,4.71,Santarém,PA,Norte,-2.43,-54.71
2017,305,0.22,0.47,0.42,35.12,59.66,1.32,20.6,9.69,Santarém,PA,Norte,-2.43,-54.71
2017,306,0.0,0.47,0.39,35.18,57.01,1.51,21.6,9.98,Santarém,PA,Norte,-2.43,-54.71
2017,307,0.0,0.47,0.36,36.3,53.07,1.7,21.9,10.18,Santarém,PA,Norte,-2.43,-54.71
2017,308,0.92,0.47,0.35,35.31,54.14,1.63,20.75,9.64,Santarém,PA,Norte,-2.43,-54.71
2017,309,0.6,0.47,0.35,35.83,54.62,1.71,20.3,9.37,Santarém,PA,Norte,-2.43,-54.71
2017,310,0.01,0.47,0.33,36.35,49.64,1.48,23.88,11.05,Santarém,PA,Norte,-2.43,-54.71
2017,311,0.0,0.47,0.32,34.98,50.69,0.98,21.91,9.88,Santarém,PA,Norte,-2.43,-54.71
2017,312,0.0,0.47,0.31,34.89,52.08,1.12,17.51,8.03,Santarém,PA,Norte,-2.43,-54.71
2017,313,0.02,0.46,0.31,35.79,53.41,1.43,18.8,8.49,Santarém,PA,Norte,-2.43,-54.71
2017,314,0.63,0.46,0.3,36.57,51.45,1.47,19.25,8.77,Santarém,PA,Norte,-2.43,-54.71
2017,315,0.36,0.47,0.31,35.96,52.6,1.21,18.91,8.59,Santarém,PA,Norte,-2.43,-54.71
2017,316,0.0,0.46,0.3,34.77,55.25,0.96,17.95,8.21,Santarém,PA,Norte,-2.43,-54.71
2017,317,0.0,0.46,0.3,36.55,47.37,1.27,19.93,9.13,Santarém,PA,Norte,-2.43,-54.71
2017,318,0.02,0.46,0.29,36.52,47.41,1.29,20.72,9.52,Santarém,PA,Norte,-2.43,-54.71
2017,319,0.14,0.46,0.28,36.08,50.66,1.44,18.13,8.35,Santarém,PA,Norte,-2.43,-54.71
2017,320,0.18,0.46,0.28,35.62,55.74,1.32,16.34,7.4,Santarém,PA,Norte,-2.43,-54.71
2017,321,0.09,0.46,0.28,34.67,55.28,1.36,18.06,8.29,Santarém,PA,Norte,-2.43,-54.71
2017,322,0.01,0.46,0.28,35.69,50.36,1.32,19.72,8.95,Santarém,PA,Norte,-2.43,-54.71
2017,323,0.06,0.46,0.27,36.34,49.37,1.3,21.11,9.66,Santarém,PA,Norte,-2.43,-54.71
2017,324,0.0,0.46,0.27,35.42,51.57,1.58,21.29,9.92,Santarém,PA,Norte,-2.43,-54.71
2017,325,0.0,0.46,0.26,36.27,42.94,1.17,19.9,9.0,Santarém,PA,Norte,-2.43,-54.71
2017,326,0.38,0.46,0.26,36.2,48.08,0.94,21.37,9.76,Santarém,PA,Norte,-2.43,-54.71
2017,327,1.09,0.46,0.29,34.11,60.69,1.18,18.06,8.31,Santarém,PA,Norte,-2.43,-54.71
2017,328,1.64,0.46,0.3,35.4,56.57,1.41,16.51,7.6,Santarém,PA,Norte,-2.43,-54.71
2017,329,0.85,0.47,0.34,35.65,50.99,1.61,17.89,8.25,Santarém,PA,Norte,-2.43,-54.71
2017,330,0.01,0.47,0.33,35.18,51.96,1.4,18.85,8.74,Santarém,PA,Norte,-2.43,-54.71
2017,331,0.01,0.47,0.31,35.22,53.02,1.59,19.75,9.06,Santarém,PA,Norte,-2.43,-54.71
2017,332,0.41,0.46,0.3,35.23,54.28,1.73,17.83,8.2,Santarém,PA,Norte,-2.43,-54.71
2017,333,1.15,0.47,0.33,35.66,53.5,1.52,19.16,8.76,Santarém,PA,Norte,-2.43,-54.71
2017,334,0.17,0.47,0.32,36.25,50.72,1.46,17.54,7.82,Santarém,PA,Norte,-2.43,-54.71
2017,335,0.3,0.46,0.31,35.93,48.32,1.7,19.16,8.79,Santarém,PA,Norte,-2.43,-54.71
2017,336,0.0,0.46,0.29,36.07,49.96,1.69,19.62,9.03,Santarém,PA,Norte,-2.43,-54.71
2017,337,0.0,0.46,0.28,35.98,49.74,1.61,20.91,9.51,Santarém,PA,Norte,-2.43,-54.71
2017,338,0.02,0.46,0.28,34.69,50.94,1.83,19.22,8.7,Santarém,PA,Norte,-2.43,-54.71
2017,339,0.0,0.46,0.27,35.95,49.06,1.77,19.02,8.6,Santarém,PA,Norte,-2.43,-54.71
2017,340,0.01,0.46,0.26,36.34,52.23,1.41,19.72,8.99,Santarém,PA,Norte,-2.43,-54.71
2017,341,0.0,0.46,0.26,36.78,50.67,1.41,20.81,9.49,Santarém,PA,Norte,-2.43,-54.71
2017,342,4.17,0.46,0.29,35.11,57.36,1.45,16.4,7.49,Santarém,PA,Norte,-2.43,-54.71
2017,343,6.49,0.48,0.48,33.64,64.76,1.0,16.15,7.42,Santarém,PA,Norte,-2.43,-54.71
2017,344,1.34,0.48,0.46,34.47,57.58,1.22,19.16,8.9,Santarém,PA,Norte,-2.43,-54.71
2017,345,3.8,0.48,0.48,30.48,76.32,0.99,17.22,8.05,Santarém,PA,Norte,-2.43,-54.71
2017,346,0.99,0.48,0.47,29.85,77.73,0.9,14.3,6.71,Santarém,PA,Norte,-2.43,-54.71
2017,347,12.56,0.48,0.51,31.81,74.0,0.94,14.01,6.51,Santarém,PA,Norte,-2.43,-54.71
2017,348,43.68,0.54,0.67,28.07,87.01,1.36,6.89,3.41,Santarém,PA,Norte,-2.43,-54.71
2017,349,8.87,0.58,0.62,30.26,80.9,1.1,13.66,6.21,Santarém,PA,Norte,-2.43,-54.71
2017,350,18.82,0.58,0.64,29.49,82.45,1.22,12.0,5.52,Santarém,PA,Norte,-2.43,-54.71
2017,351,8.95,0.59,0.62,29.22,83.89,1.42,9.81,4.79,Santarém,PA,Norte,-2.43,-54.71
2017,352,3.73,0.58,0.59,27.97,85.04,1.62,14.55,6.98,Santarém,PA,Norte,-2.43,-54.71
2017,353,4.02,0.57,0.58,29.13,81.21,1.58,12.19,5.84,Santarém,PA,Norte,-2.43,-54.71
2017,354,0.44,0.56,0.56,31.13,76.1,1.23,17.8,8.32,Santarém,PA,Norte,-2.43,-54.71
2017,355,0.03,0.55,0.54,31.23,72.24,1.68,16.19,7.57,Santarém,PA,Norte,-2.43,-54.71
2017,356,0.2,0.54,0.53,32.02,70.83,1.59,17.73,8.26,Santarém,PA,Norte,-2.43,-54.71
2017,357,0.45,0.53,0.52,30.56,72.76,1.55,20.97,9.81,Santarém,PA,Norte,-2.43,-54.71
2017,358,1.26,0.53,0.51,30.91,71.71,1.57,12.33,5.85,Santarém,PA,Norte,-2.43,-54.71
2017,359,1.11,0.53,0.51,30.74,72.62,1.55,12.18,5.84,Santarém,PA,Norte,-2.43,-54.71
2017,360,2.34,0.52,0.51,31.0,73.93,0.93,17.29,8.13,Santarém,PA,Norte,-2.43,-54.71
2017,361,7.47,0.53,0.55,28.31,84.88,0.81,11.62,5.62,Santarém,PA,Norte,-2.43,-54.71
2017,362,3.84,0.54,0.55,28.18,83.28,1.05,11.62,5.58,Santarém,PA,Norte,-2.43,-54.71
2017,363,2.5,0.54,0.53,31.59,74.82,1.17,18.78,8.82,Santarém,PA,Norte,-2.43,-54.71
2017,364,9.21,0.55,0.58,30.28,80.75,1.17,16.15,7.54,Santarém,PA,Norte,-2.43,-54.71
2017,365,3.23,0.55,0.55,30.87,77.49,1.28,17.4,8.1,Santarém,PA,Norte,-2.43,-54.71
2018,1,1.15,0.54,0.54,31.97,75.08,1.4,21.18,9.94,Santarém,PA,Norte,-2.43,-54.71
2018,2,0.16,0.54,0.52,32.24,72.25,1.47,20.8,9.7,Santarém,PA,Norte,-2.43,-54.71
2018,3,0.05,0.53,0.51,32.42,69.52,1.43,21.43,9.97,Santarém,PA,Norte,-2.43,-54.71
2018,4,0.72,0.53,0.51,31.37,71.27,1.31,21.31,9.87,Santarém,PA,Norte,-2.43,-54.71
2018,5,0.46,0.52,0.5,31.73,67.85,1.54,21.21,9.91,Santarém,PA,Norte,-2.43,-54.71
2018,6,0.55,0.52,0.49,32.68,65.44,1.51,16.56,7.75,Santarém,PA,Norte,-2.43,-54.71
2018,7,10.24,0.52,0.54,31.34,72.12,1.23,18.24,8.58,Santarém,PA,Norte,-2.43,-54.71
2018,8,23.21,0.55,0.63,27.88,85.18,1.19,7.56,3.71,Santarém,PA,Norte,-2.43,-54.71
2018,9,1.54,0.56,0.58,28.57,80.28,1.63,13.78,6.53,Santarém,PA,Norte,-2.43,-54.71
2018,10,0.21,0.55,0.55,31.02,73.38,1.5,20.68,9.63,Santarém,PA,Norte,-2.43,-54.71
2018,11,3.1,0.55,0.55,30.53,74.56,1.39,20.8,9.74,Santarém,PA,Norte,-2.43,-54.71
2018,12,2.21,0.54,0.54,31.67,73.18,1.1,20.21,9.45,Santarém,PA,Norte,-2.43,-54.71
2018,13,0.18,0.54,0.52,31.76,70.39,1.31,22.61,10.55,Santarém,PA,Norte,-2.43,-54.71
2018,14,5.96,0.53,0.54,31.07,74.38,1.34,17.95,8.41,Santarém,PA,Norte,-2.43,-54.71
2018,15,21.34,0.57,0.63,28.32,84.15,1.65,18.24,8.58,Santarém,PA,Norte,-2.43,-54.71
2018,16,0.3,0.57,0.57,30.4,75.92,1.68,19.17,8.98,Santarém,PA,Norte,-2.43,-54.71
2018,17,0.81,0.55,0.55,30.17,75.68,1.35,20.73,9.66,Santarém,PA,Norte,-2.43,-54.71
2018,18,1.2,0.55,0.55,27.65,83.35,1.33,11.05,5.4,Santarém,PA,Norte,-2.43,-54.71
2018,19,0.8,0.55,0.54,30.28,77.58,1.52,15.99,7.57,Santarém,PA,Norte,-2.43,-54.71
2018,20,2.08,0.54,0.53,31.01,76.63,1.48,17.62,8.35,Santarém,PA,Norte,-2.43,-54.71
2018,21,1.71,0.54,0.54,31.16,76.93,1.43,22.28,10.49,Santarém,PA,Norte,-2.43,-54.71
2018,22,0.54,0.54,0.52,31.59,73.09,1.54,21.38,10.07,Santarém,PA,Norte,-2.43,-54.71
2018,23,3.21,0.53,0.52,32.1,71.69,1.54,16.16,7.66,Santarém,PA,Norte,-2.43,-54.71
2018,24,2.89,0.53,0.53,31.39,76.0,1.45,17.06,8.04,Santarém,PA,Norte,-2.43,-54.71
2018,25,5.33,0.53,0.53,31.25,76.05,1.39,14.2,6.71,Santarém,PA,Norte,-2.43,-54.71
2018,26,10.62,0.54,0.57,30.6,76.63,1.11,20.51,9.64,Santarém,PA,Norte,-2.43,-54.71
2018,27,17.87,0.57,0.63,28.07,86.65,1.36,11.4,5.46,Santarém,PA,Norte,-2.43,-54.71
2018,28,7.12,0.57,0.61,28.97,84.49,1.3,18.23,8.63,Santarém,PA,Norte,-2.43,-54.71
2018,29,18.29,0.59,0.65,29.34,84.6,1.44,17.8,8.41,Santarém,PA,Norte,-2.43,-54.71
2018,30,6.25,0.59,0.62,29.01,83.38,1.55,18.32,8.66,Santarém,PA,Norte,-2.43,-54.71
2018,31,4.61,0.59,0.61,29.66,83.55,1.51,18.87,8.92,Santarém,PA,Norte,-2.43,-54.71
2018,32,1.4,0.58,0.58,30.51,81.71,1.31,18.96,8.99,Santarém,PA,Norte,-2.43,-54.71
2018,33,20.07,0.58,0.64,29.27,84.7,1.09,12.16,5.8,Santarém,PA,Norte,-2.43,-54.71
2018,34,10.97,0.61,0.66,27.61,85.68,0.8,8.37,4.19,Santarém,PA,Norte,-2.43,-54.71
2018,35,2.91,0.6,0.63,28.92,82.02,1.36,19.13,9.11,Santarém,PA,Norte,-2.43,-54.71
2018,36,2.04,0.6,0.62,29.44,79.7,1.51,24.52,11.55,Santarém,PA,Norte,-2.43,-54.71
2018,37,0.0,0.58,0.59,30.27,73.93,1.27,24.13,11.32,Santarém,PA,Norte,-2.43,-54.71
2018,38,0.01,0.57,0.58,30.19,73.69,1.29,24.02,11.24,Santarém,PA,Norte,-2.43,-54.71
2018,39,6.39,0.57,0.59,29.2,80.13,1.35,18.54,8.85,Santarém,PA,Norte,-2.43,-54.71
2018,40,18.25,0.59,0.66,27.57,90.34,1.49,13.04,6.36,Santarém,PA,Norte,-2.43,-54.71
2018,41,14.76,0.61,0.67,28.6,87.59,1.54,14.45,6.91,Santarém,PA,Norte,-2.43,-54.71
2018,42,5.29,0.61,0.66,27.03,88.92,1.47,17.25,8.2,Santarém,PA,Norte,-2.43,-54.71
2018,43,37.45,0.64,0.74,25.84,90.59,1.12,17.73,8.36,Santarém,PA,Norte,-2.43,-54.71
2018,44,21.81,0.68,0.75,26.78,90.27,1.1,22.33,10.54,Santarém,PA,Norte,-2.43,-54.71
2018,45,6.6,0.69,0.73,27.33,87.06,1.21,22.22,10.41,Santarém,PA,Norte,-2.43,-54.71
2018,46,3.28,0.67,0.7,28.19,84.75,1.14,15.5,7.33,Santarém,PA,Norte,-2.43,-54.71
2018,47,3.51,0.66,0.69,28.57,85.41,1.14,16.9,7.99,Santarém,PA,Norte,-2.43,-54.71
2018,48,14.23,0.66,0.72,27.79,85.78,0.92,19.39,9.15,Santarém,PA,Norte,-2.43,-54.71
2018,49,16.15,0.69,0.75,26.4,90.02,1.23,11.02,5.37,Santarém,PA,Norte,-2.43,-54.71
2018,50,2.0,0.68,0.71,27.77,82.83,0.96,19.21,9.14,Santarém,PA,Norte,-2.43,-54.71
2018,51,8.62,0.68,0.72,26.14,89.48,0.67,9.04,4.45,Santarém,PA,Norte,-2.43,-54.71
2018,52,21.32,0.7,0.76,25.78,90.71,1.02,11.32,5.5,Santarém,PA,Norte,-2.43,-54.71
2018,53,10.97,0.71,0.76,25.45,90.88,0.8,7.41,3.69,Santarém,PA,Norte,-2.43,-54.71
2018,54,23.4,0.74,0.79,27.31,88.79,0.98,17.85,8.38,Santarém,PA,Norte,-2.43,-54.71
2018,55,18.19,0.74,0.79,25.77,89.17,0.63,7.96,3.93,Santarém,PA,Norte,-2.43,-54.71
2018,56,2.22,0.75,0.77,25.83,88.89,1.2,10.23,5.05,Santarém,PA,Norte,-2.43,-54.71
2018,57,0.32,0.73,0.75,27.47,84.9,1.11,21.84,10.29,Santarém,PA,Norte,-2.43,-54.71
2018,58,9.67,0.73,0.77,27.92,84.65,0.81,10.85,5.36,Santarém,PA,Norte,-2.43,-54.71
2018,59,7.77,0.74,0.77,26.77,87.04,0.74,20.93,9.88,Santarém,PA,Norte,-2.43,-54.71
2018,60,2.96,0.74,0.76,27.43,90.22,1.28,20.01,9.41,Santarém,PA,Norte,-2.43,-54.71
2018,61,0.6,0.73,0.75,28.36,87.75,1.45,20.36,9.69,Santarém,PA,Norte,-2.43,-54.71
2018,62,1.14,0.72,0.74,28.93,85.6,1.35,22.37,10.59,Santarém,PA,Norte,-2.43,-54.71
2018,63,2.76,0.71,0.74,27.92,87.76,1.15,15.25,7.29,Santarém,PA,Norte,-2.43,-54.71
2018,64,0.82,0.71,0.73,28.38,88.54,1.39,17.75,8.48,Santarém,PA,Norte,-2.43,-54.71
2018,65,3.06,0.71,0.73,28.42,88.07,1.45,20.13,9.59,Santarém,PA,Norte,-2.43,-54.71
2018,66,4.24,0.71,0.73,27.72,88.12,1.21,18.79,8.95,Santarém,PA,Norte,-2.43,-54.71
2018,67,2.83,0.71,0.73,28.4,85.27,1.22,19.92,9.37,Santarém,PA,Norte,-2.43,-54.71
2018,68,1.14,0.7,0.72,28.08,87.53,1.4,11.31,5.41,Santarém,PA,Norte,-2.43,-54.71
2018,69,2.7,0.69,0.72,28.43,86.46,1.37,19.83,9.43,Santarém,PA,Norte,-2.43,-54.71
2018,70,5.59,0.69,0.72,28.43,87.05,1.47,16.07,7.63,Santarém,PA,Norte,-2.43,-54.71
2018,71,4.16,0.68,0.71,28.38,86.91,1.39,16.59,7.75,Santarém,PA,Norte,-2.43,-54.71
2018,72,4.19,0.68,0.72,28.55,87.0,1.4,16.98,7.92,Santarém,PA,Norte,-2.43,-54.71
2018,73,4.87,0.68,0.71,27.07,88.73,1.26,16.54,7.78,Santarém,PA,Norte,-2.43,-54.71
2018,74,16.02,0.7,0.75,26.93,90.23,1.5,12.3,5.89,Santarém,PA,Norte,-2.43,-54.71
2018,75,2.12,0.7,0.73,28.36,88.13,1.25,13.53,6.44,Santarém,PA,Norte,-2.43,-54.71
2018,76,0.87,0.69,0.71,28.74,83.83,1.29,18.33,8.7,Santarém,PA,Norte,-2.43,-54.71
2018,77,2.82,0.69,0.71,27.7,88.21,1.09,18.35,8.72,Santarém,PA,Norte,-2.43,-54.71
2018,78,1.42,0.68,0.7,29.07,84.75,1.16,22.52,10.61,Santarém,PA,Norte,-2.43,-54.71
2018,79,2.04,0.67,0.7,27.98,88.4,1.57,19.95,9.32,Santarém,PA,Norte,-2.43,-54.71
2018,80,1.63,0.67,0.7,28.37,88.75,1.56,20.88,9.84,Santarém,PA,Norte,-2.43,-54.71
2018,81,2.72,0.67,0.7,28.14,87.72,1.25,21.46,10.19,Santarém,PA,Norte,-2.43,-54.71
2018,82,4.94,0.67,0.71,27.21,84.63,1.05,19.22,9.03,Santarém,PA,Norte,-2.43,-54.71
2018,83,75.33,0.73,0.84,26.83,86.11,0.91,13.46,6.37,Santarém,PA,Norte,-2.43,-54.71
2018,84,18.94,0.77,0.81,27.53,86.54,1.17,8.56,4.22,Santarém,PA,Norte,-2.43,-54.71
2018,85,3.73,0.77,0.79,27.77,89.91,1.39,18.77,8.89,Santarém,PA,Norte,-2.43,-54.71
2018,86,2.61,0.75,0.77,28.66,85.97,1.42,20.55,9.78,Santarém,PA,Norte,-2.43,-54.71
2018,87,8.54,0.75,0.78,27.87,90.37,1.21,19.02,8.98,Santarém,PA,Norte,-2.43,-54.71
2018,88,7.24,0.75,0.78,28.63,88.12,1.14,17.21,8.15,Santarém,PA,Norte,-2.43,-54.71
2018,89,12.03,0.75,0.79,27.69,87.99,0.97,16.46,7.72,Santarém,PA,Norte,-2.43,-54.71
2018,90,10.37,0.76,0.79,28.11,87.7,1.17,19.98,9.49,Santarém,PA,Norte,-2.43,-54.71
2018,91,9.17,0.76,0.79,28.14,88.93,1.23,19.45,9.3,Santarém,PA,Norte,-2.43,-54.71
2018,92,29.58,0.79,0.83,26.56,90.62,0.95,12.82,6.23,Santarém,PA,Norte,-2.43,-54.71
2018,93,29.68,0.82,0.85,26.34,91.9,1.15,13.77,6.67,Santarém,PA,Norte,-2.43,-54.71
2018,94,28.8,0.83,0.86,28.11,85.91,1.0,19.97,9.47,Santarém,PA,Norte,-2.43,-54.71
2018,95,36.94,0.87,0.89,26.02,91.06,1.0,15.87,7.48,Santarém,PA,Norte,-2.43,-54.71
2018,96,11.12,0.88,0.87,26.3,87.28,0.94,13.49,6.51,Santarém,PA,Norte,-2.43,-54.71
2018,97,4.05,0.86,0.85,26.93,85.33,1.13,13.32,6.44,Santarém,PA,Norte,-2.43,-54.71
2018,98,7.31,0.86,0.85,26.98,88.66,1.05,17.92,8.52,Santarém,PA,Norte,-2.43,-54.71
2018,99,13.85,0.87,0.87,25.9,91.03,0.99,13.46,6.49,Santarém,PA,Norte,-2.43,-54.71
2018,100,13.68,0.88,0.87,26.55,89.64,1.05,16.65,7.93,Santarém,PA,Norte,-2.43,-54.71
2018,101,5.01,0.88,0.87,26.69,87.47,1.25,15.84,7.5,Santarém,PA,Norte,-2.43,-54.71
2018,102,19.38,0.88,0.88,26.65,88.48,1.38,16.3,7.5,Santarém,PA,Norte,-2.43,-54.71
2018,103,33.04,0.91,0.91,26.68,88.97,1.24,14.72,7.01,Santarém,PA,Norte,-2.43,-54.71
2018,104,8.37,0.9,0.89,27.76,89.32,1.19,18.67,8.9,Santarém,PA,Norte,-2.43,-54.71
2018,105,5.81,0.91,0.89,27.03,89.23,1.05,13.96,6.67,Santarém,PA,Norte,-2.43,-54.71
2018,106,9.74,0.9,0.89,26.73,88.14,0.59,9.38,4.69,Santarém,PA,Norte,-2.43,-54.71
2018,107,21.65,0.92,0.91,26.12,87.54,0.93,16.51,7.86,Santarém,PA,Norte,-2.43,-54.71
2018,108,4.54,0.92,0.89,28.59,86.73,1.24,19.16,9.03,Santarém,PA,Norte,-2.43,-54.71
2018,109,3.5,0.91,0.89,27.62,89.11,1.23,19.26,9.21,Santarém,PA,Norte,-2.43,-54.71
2018,110,3.63,0.91,0.89,27.61,88.41,1.31,18.08,8.56,Santarém,PA,Norte,-2.43,-54.71
2018,111,2.89,0.9,0.88,28.36,88.51,1.13,17.62,8.27,Santarém,PA,Norte,-2.43,-54.71
2018,112,3.21,0.9,0.88,27.68,88.5,1.33,17.74,8.31,Santarém,PA,Norte,-2.43,-54.71
2018,113,6.28,0.9,0.88,26.68,90.01,1.18,16.06,7.52,Santarém,PA,Norte,-2.43,-54.71
2018,114,27.23,0.92,0.91,26.3,92.52,1.2,14.31,6.7,Santarém,PA,Norte,-2.43,-54.71
2018,115,3.39,0.92,0.9,28.53,86.2,1.0,20.25,9.56,Santarém,PA,Norte,-2.43,-54.71
2018,116,0.01,0.91,0.89,28.27,87.03,1.27,19.84,9.32,Santarém,PA,Norte,-2.43,-54.71
2018,117,0.06,0.91,0.88,28.67,86.99,1.32,15.02,7.06,Santarém,PA,Norte,-2.43,-54.71
2018,118,2.02,0.9,0.88,28.25,87.51,1.33,19.54,9.23,Santarém,PA,Norte,-2.43,-54.71
2018,119,9.62,0.9,0.88,27.53,89.19,1.37,19.44,9.15,Santarém,PA,Norte,-2.43,-54.71
2018,120,4.36,0.9,0.88,26.54,91.24,1.47,17.2,7.99,Santarém,PA,Norte,-2.43,-54.71
2018,121,1.54,0.9,0.87,28.34,86.34,1.31,17.87,8.49,Santarém,PA,Norte,-2.43,-54.71
2018,122,5.67,0.89,0.87,28.11,88.04,1.22,17.9,8.4,Santarém,PA,Norte,-2.43,-54.71
2018,123,7.75,0.9,0.88,26.6,89.93,1.15,16.23,7.71,Santarém,PA,Norte,-2.43,-54.71
2018,124,3.21,0.9,0.88,28.0,88.03,1.3,18.43,8.8,Santarém,PA,Norte,-2.43,-54.71
2018,125,3.92,0.89,0.87,28.17,87.93,1.29,16.7,7.88,Santarém,PA,Norte,-2.43,-54.71
2018,126,0.29,0.89,0.87,28.1,88.0,1.18,16.0,7.54,Santarém,PA,Norte,-2.43,-54.71
2018,127,4.38,0.88,0.87,27.59,88.5,1.06,17.76,8.31,Santarém,PA,Norte,-2.43,-54.71
2018,128,3.08,0.88,0.87,27.85,87.21,1.18,16.82,7.91,Santarém,PA,Norte,-2.43,-54.71
2018,129,0.57,0.88,0.86,28.75,85.94,1.13,18.59,8.76,Santarém,PA,Norte,-2.43,-54.71
2018,130,0.59,0.87,0.85,28.54,84.45,1.27,18.35,8.59,Santarém,PA,Norte,-2.43,-54.71
2018,131,1.61,0.86,0.85,29.05,84.58,1.17,18.41,8.7,Santarém,PA,Norte,-2.43,-54.71
2018,132,34.28,0.88,0.9,26.24,93.59,1.16,10.91,5.22,Santarém,PA,Norte,-2.43,-54.71
2018,133,8.49,0.91,0.89,26.73,91.4,1.42,18.77,8.93,Santarém,PA,Norte,-2.43,-54.71
2018,134,6.97,0.9,0.88,27.01,89.64,1.14,14.38,6.8,Santarém,PA,Norte,-2.43,-54.71
2018,135,22.8,0.91,0.9,26.64,90.14,1.17,17.64,8.38,Santarém,PA,Norte,-2.43,-54.71
2018,136,11.35,0.92,0.9,27.71,86.05,1.03,13.76,6.52,Santarém,PA,Norte,-2.43,-54.71
2018,137,2.16,0.92,0.89,27.8,88.02,1.19,17.31,8.13,Santarém,PA,Norte,-2.43,-54.71
2018,138,0.66,0.91,0.88,27.71,89.41,1.32,18.29,8.63,Santarém,PA,Norte,-2.43,-54.71
2018,139,1.84,0.91,0.88,27.0,90.34,1.29,17.52,8.27,Santarém,PA,Norte,-2.43,-54.71
2018,140,3.75,0.91,0.88,26.79,90.61,1.15,17.56,8.21,Santarém,PA,Norte,-2.43,-54.71
2018,141,17.74,0.91,0.9,26.92,90.65,1.05,18.32,8.63,Santarém,PA,Norte,-2.43,-54.71
2018,142,24.13,0.94,0.92,26.38,92.57,0.95,11.47,5.48,Santarém,PA,Norte,-2.43,-54.71
2018,143,15.32,0.95,0.92,26.44,90.19,0.98,15.65,7.32,Santarém,PA,Norte,-2.43,-54.71
2018,144,3.0,0.94,0.91,27.72,89.19,1.28,14.86,7.1,Santarém,PA,Norte,-2.43,-54.71
2018,145,1.53,0.94,0.9,27.41,89.78,1.26,17.18,8.15,Santarém,PA,Norte,-2.43,-54.71
2018,146,0.09,0.93,0.9,28.3,87.51,1.25,17.69,8.38,Santarém,PA,Norte,-2.43,-54.71
2018,147,0.64,0.92,0.89,27.65,87.72,1.34,17.76,8.34,Santarém,PA,Norte,-2.43,-54.71
2018,148,1.19,0.92,0.89,27.2,88.16,1.16,14.03,6.5,Santarém,PA,Norte,-2.43,-54.71
2018,149,2.68,0.92,0.89,28.34,88.82,1.3,17.2,8.16,Santarém,PA,Norte,-2.43,-54.71
2018,150,1.09,0.91,0.88,28.47,86.81,1.29,16.55,7.85,Santarém,PA,Norte,-2.43,-54.71
2018,151,0.28,0.9,0.88,27.91,87.55,1.28,18.95,9.01,Santarém,PA,Norte,-2.43,-54.71
2018,152,0.0,0.9,0.87,28.75,87.43,1.47,21.0,9.9,Santarém,PA,Norte,-2.43,-54.71
2018,153,1.5,0.89,0.87,28.98,87.39,1.44,20.61,9.7,Santarém,PA,Norte,-2.43,-54.71
2018,154,1.78,0.89,0.86,28.8,86.44,1.16,16.49,7.78,Santarém,PA,Norte,-2.43,-54.71
2018,155,17.57,0.88,0.88,29.03,84.62,0.95,19.62,9.25,Santarém,PA,Norte,-2.43,-54.71
2018,156,10.37,0.91,0.89,27.46,89.45,1.33,10.29,5.03,Santarém,PA,Norte,-2.43,-54.71
2018,157,2.71,0.9,0.88,27.91,88.15,1.26,17.9,8.54,Santarém,PA,Norte,-2.43,-54.71
2018,158,4.09,0.9,0.87,27.98,88.59,1.39,15.21,7.3,Santarém,PA,Norte,-2.43,-54.71
2018,159,5.8,0.89,0.87,28.1,90.06,1.34,15.49,7.4,Santarém,PA,Norte,-2.43,-54.71
2018,160,4.51,0.89,0.88,28.03,89.86,1.6,18.95,9.05,Santarém,PA,Norte,-2.43,-54.71
2018,161,2.88,0.89,0.87,28.15,87.35,1.46,20.54,9.65,Santarém,PA,Norte,-2.43,-54.71
2018,162,2.22,0.88,0.86,28.71,87.81,1.3,18.01,8.41,Santarém,PA,Norte,-2.43,-54.71
2018,163,0.42,0.87,0.86,29.04,86.46,1.42,18.14,8.49,Santarém,PA,Norte,-2.43,-54.71
2018,164,0.25,0.86,0.85,29.14,84.49,1.26,20.36,9.56,Santarém,PA,Norte,-2.43,-54.71
2018,165,0.11,0.85,0.84,29.32,82.43,1.18,19.95,9.42,Santarém,PA,Norte,-2.43,-54.71
2018,166,0.11,0.85,0.84,28.8,84.38,1.33,19.56,9.23,Santarém,PA,Norte,-2.43,-54.71
2018,167,7.88,0.84,0.85,27.89,88.49,1.38,16.7,7.95,Santarém,PA,Norte,-2.43,-54.71
2018,168,13.06,0.86,0.86,27.21,90.48,1.26,17.04,8.13,Santarém,PA,Norte,-2.43,-54.71
2018,169,6.42,0.86,0.86,26.67,91.43,1.28,18.8,8.9,Santarém,PA,Norte,-2.43,-54.71
2018,170,8.91,0.87,0.86,27.41,90.47,1.42,18.38,8.67,Santarém,PA,Norte,-2.43,-54.71
2018,171,6.47,0.87,0.86,27.53,88.45,1.4,17.28,8.2,Santarém,PA,Norte,-2.43,-54.71
2018,172,1.68,0.86,0.85,28.28,86.61,1.23,16.51,7.84,Santarém,PA,Norte,-2.43,-54.71
2018,173,0.17,0.85,0.84,28.42,85.97,1.33,19.34,9.1,Santarém,PA,Norte,-2.43,-54.71
2018,174,0.22,0.85,0.84,28.36,86.03,1.25,18.92,8.9,Santarém,PA,Norte,-2.43,-54.71
2018,175,0.81,0.84,0.84,28.2,87.93,1.22,14.52,6.88,Santarém,PA,Norte,-2.43,-54.71
2018,176,3.66,0.84,0.84,28.11,88.64,1.2,18.79,8.81,Santarém,PA,Norte,-2.43,-54.71
2018,177,1.02,0.83,0.83,28.37,85.74,1.25,20.52,9.6,Santarém,PA,Norte,-2.43,-54.71
2018,178,0.1,0.83,0.83,28.31,84.62,1.36,19.6,9.32,Santarém,PA,Norte,-2.43,-54.71
2018,179,0.02,0.82,0.82,28.65,83.52,1.25,21.64,10.16,Santarém,PA,Norte,-2.43,-54.71
2018,180,0.06,0.81,0.81,28.95,83.44,1.1,13.15,6.25,Santarém,PA,Norte,-2.43,-54.71
2018,181,5.83,0.81,0.82,27.66,87.84,1.18,15.79,7.47,Santarém,PA,Norte,-2.43,-54.71
2018,182,5.09,0.82,0.83,28.67,85.37,1.19,19.84,9.36,Santarém,PA,Norte,-2.43,-54.71
2018,183,0.61,0.81,0.81,28.87,81.94,1.06,20.0,9.42,Santarém,PA,Norte,-2.43,-54.71
2018,184,4.51,0.8,0.82,28.69,83.04,0.96,19.91,9.38,Santarém,PA,Norte,-2.43,-54.71
2018,185,6.62,0.81,0.82,27.56,83.17,1.02,16.44,7.81,Santarém,PA,Norte,-2.43,-54.71
2018,186,1.24,0.81,0.81,28.78,80.46,0.88,19.44,9.08,Santarém,PA,Norte,-2.43,-54.71
2018,187,2.77,0.8,0.81,28.15,85.93,1.08,16.34,7.78,Santarém,PA,Norte,-2.43,-54.71
2018,188,0.51,0.79,0.8,28.86,85.31,1.51,18.94,8.97,Santarém,PA,Norte,-2.43,-54.71
2018,189,0.95,0.79,0.8,27.74,85.49,1.45,17.02,8.14,Santarém,PA,Norte,-2.43,-54.71
2018,190,1.58,0.78,0.79,28.81,85.72,1.18,19.43,9.18,Santarém,PA,Norte,-2.43,-54.71
2018,191,0.87,0.78,0.79,28.67,84.35,1.04,18.34,8.64,Santarém,PA,Norte,-2.43,-54.71
2018,192,4.13,0.77,0.79,27.03,88.89,1.47,16.56,7.77,Santarém,PA,Norte,-2.43,-54.71
2018,193,3.65,0.78,0.79,28.1,87.55,1.45,18.12,8.53,Santarém,PA,Norte,-2.43,-54.71
2018,194,0.05,0.77,0.78,28.79,84.11,1.26,21.1,9.88,Santarém,PA,Norte,-2.43,-54.71
2018,195,9.37,0.76,0.79,27.95,84.53,1.06,11.45,5.53,Santarém,PA,Norte,-2.43,-54.71
2018,196,7.64,0.78,0.8,27.1,90.04,1.51,16.72,7.95,Santarém,PA,Norte,-2.43,-54.71
2018,197,0.28,0.77,0.78,28.62,86.38,1.37,19.25,9.06,Santarém,PA,Norte,-2.43,-54.71
2018,198,0.1,0.76,0.78,29.18,85.52,1.37,20.54,9.64,Santarém,PA,Norte,-2.43,-54.71
2018,199,1.66,0.75,0.77,28.78,85.66,1.53,20.03,9.45,Santarém,PA,Norte,-2.43,-54.71
2018,200,1.81,0.75,0.76,28.87,86.04,1.42,17.42,8.27,Santarém,PA,Norte,-2.43,-54.71
2018,201,0.25,0.74,0.76,29.41,84.76,1.45,20.09,9.45,Santarém,PA,Norte,-2.43,-54.71
2018,202,0.0,0.73,0.75,29.49,83.44,1.41,21.87,10.22,Santarém,PA,Norte,-2.43,-54.71
2018,203,0.61,0.72,0.74,29.13,82.38,1.23,19.13,9.03,Santarém,PA,Norte,-2.43,-54.71
2018,204,2.37,0.72,0.74,29.57,85.92,1.35,18.38,8.68,Santarém,PA,Norte,-2.43,-54.71
2018,205,2.92,0.72,0.74,29.13,86.74,1.44,13.34,6.37,Santarém,PA,Norte,-2.43,-54.71
2018,206,2.56,0.71,0.74,28.76,84.79,1.37,16.38,7.74,Santarém,PA,Norte,-2.43,-54.71
2018,207,6.84,0.71,0.75,28.05,88.34,1.43,17.02,8.03,Santarém,PA,Norte,-2.43,-54.71
2018,208,7.27,0.72,0.75,28.73,87.44,1.48,18.17,8.61,Santarém,PA,Norte,-2.43,-54.71
2018,209,4.37,0.72,0.75,28.22,88.47,1.44,15.59,7.37,Santarém,PA,Norte,-2.43,-54.71
2018,210,2.58,0.72,0.74,28.57,86.98,1.22,18.68,8.76,Santarém,PA,Norte,-2.43,-54.71
2018,211,3.46,0.72,0.74,28.54,87.87,1.64,17.17,8.14,Santarém,PA,Norte,-2.43,-54.71
2018,212,1.68,0.71,0.74,28.47,87.63,1.55,17.46,8.19,Santarém,PA,Norte,-2.43,-54.71
2018,213,0.0,0.71,0.72,29.51,84.24,1.46,19.04,8.89,Santarém,PA,Norte,-2.43,-54.71
2018,214,0.01,0.7,0.72,28.35,85.22,1.35,19.98,9.31,Santarém,PA,Norte,-2.43,-54.71
2018,215,0.01,0.69,0.71,28.68,85.3,1.51,19.39,9.01,Santarém,PA,Norte,-2.43,-54.71
2018,216,1.15,0.68,0.71,28.97,83.3,1.64,16.44,7.74,Santarém,PA,Norte,-2.43,-54.71
2018,217,0.76,0.68,0.7,29.45,83.76,1.61,20.61,9.63,Santarém,PA,Norte,-2.43,-54.71
2018,218,0.13,0.67,0.69,29.6,82.45,1.35,20.87,9.66,Santarém,PA,Norte,-2.43,-54.71
2018,219,0.01,0.66,0.68,29.15,84.55,1.5,20.55,9.6,Santarém,PA,Norte,-2.43,-54.71
2018,220,0.0,0.66,0.68,29.58,82.82,1.65,19.08,8.88,Santarém,PA,Norte,-2.43,-54.71
2018,221,0.0,0.65,0.67,28.59,84.91,1.42,20.69,9.62,Santarém,PA,Norte,-2.43,-54.71
2018,222,0.0,0.65,0.67,28.88,82.74,1.47,21.57,10.07,Santarém,PA,Norte,-2.43,-54.71
2018,223,0.23,0.65,0.66,28.33,84.41,1.29,21.07,9.88,Santarém,PA,Norte,-2.43,-54.71
2018,224,0.44,0.64,0.66,28.27,86.22,1.23,21.81,10.22,Santarém,PA,Norte,-2.43,-54.71
2018,225,0.19,0.64,0.65,29.38,83.19,1.55,20.9,9.7,Santarém,PA,Norte,-2.43,-54.71
2018,226,0.02,0.63,0.64,29.51,78.17,1.55,20.9,9.65,Santarém,PA,Norte,-2.43,-54.71
2018,227,0.03,0.62,0.63,29.7,77.45,1.52,22.96,10.66,Santarém,PA,Norte,-2.43,-54.71
2018,228,0.03,0.62,0.62,30.08,78.28,1.5,21.93,10.18,Santarém,PA,Norte,-2.43,-54.71
2018,229,6.01,0.61,0.64,28.74,84.73,1.45,19.95,9.21,Santarém,PA,Norte,-2.43,-54.71
2018,230,4.54,0.63,0.66,27.43,87.85,1.5,17.41,8.11,Santarém,PA,Norte,-2.43,-54.71
2018,231,0.49,0.62,0.63,28.19,84.91,1.59,19.55,9.09,Santarém,PA,Norte,-2.43,-54.71
2018,232,1.15,0.62,0.63,29.12,83.24,1.55,22.34,10.27,Santarém,PA,Norte,-2.43,-54.71
2018,233,1.02,0.61,0.62,30.1,81.82,1.46,21.1,9.73,Santarém,PA,Norte,-2.43,-54.71
2018,234,0.19,0.6,0.61,30.77,78.81,1.36,21.41,9.81,Santarém,PA,Norte,-2.43,-54.71
2018,235,0.05,0.6,0.6,31.15,75.75,1.54,24.11,11.09,Santarém,PA,Norte,-2.43,-54.71
2018,236,0.0,0.59,0.59,31.25,74.88,1.62,22.49,10.34,Santarém,PA,Norte,-2.43,-54.71
2018,237,0.2,0.58,0.58,31.55,75.06,1.63,21.54,9.96,Santarém,PA,Norte,-2.43,-54.71
2018,238,0.54,0.58,0.58,31.5,73.03,1.34,19.96,9.33,Santarém,PA,Norte,-2.43,-54.71
2018,239,3.74,0.58,0.59,29.81,77.55,0.88,19.71,9.12,Santarém,PA,Norte,-2.43,-54.71
2018,240,4.1,0.58,0.6,29.62,81.93,1.57,19.61,9.08,Santarém,PA,Norte,-2.43,-54.71
2018,241,1.57,0.58,0.59,31.41,77.56,1.66,18.86,8.64,Santarém,PA,Norte,-2.43,-54.71
2018,242,0.0,0.57,0.57,32.49,72.03,1.51,22.19,10.24,Santarém,PA,Norte,-2.43,-54.71
2018,243,1.3,0.56,0.57,32.97,71.09,1.06,21.35,9.94,Santarém,PA,Norte,-2.43,-54.71
2018,244,2.78,0.56,0.57,33.06,72.86,1.35,21.71,10.12,Santarém,PA,Norte,-2.43,-54.71
2018,245,0.8,0.56,0.56,33.41,72.07,1.46,22.4,10.39,Santarém,PA,Norte,-2.43,-54.71
2018,246,0.01,0.55,0.55,33.17,71.07,1.45,21.27,9.83,Santarém,PA,Norte,-2.43,-54.71
2018,247,0.01,0.55,0.54,33.3,67.18,0.95,22.81,10.63,Santarém,PA,Norte,-2.43,-54.71
2018,248,2.18,0.55,0.55,31.76,69.93,1.21,18.8,8.74,Santarém,PA,Norte,-2.43,-54.71
2018,249,2.01,0.55,0.55,31.66,74.09,1.42,19.57,9.1,Santarém,PA,Norte,-2.43,-54.71
2018,250,3.26,0.54,0.55,32.33,73.18,1.32,13.07,6.21,Santarém,PA,Norte,-2.43,-54.71
2018,251,6.47,0.55,0.58,30.32,78.93,1.14,14.31,6.8,Santarém,PA,Norte,-2.43,-54.71
2018,252,20.48,0.57,0.63,29.6,76.86,0.74,18.27,8.49,Santarém,PA,Norte,-2.43,-54.71
2018,253,9.44,0.59,0.63,30.06,74.53,1.01,20.87,9.7,Santarém,PA,Norte,-2.43,-54.71
2018,254,3.26,0.59,0.61,31.13,76.23,1.11,19.76,9.29,Santarém,PA,Norte,-2.43,-54.71
2018,255,10.05,0.59,0.63,29.36,83.91,1.27,17.75,8.23,Santarém,PA,Norte,-2.43,-54.71
2018,256,7.71,0.6,0.63,30.0,83.77,1.55,19.48,9.03,Santarém,PA,Norte,-2.43,-54.71
2018,257,2.55,0.6,0.61,31.44,76.94,1.66,20.52,9.48,Santarém,PA,Norte,-2.43,-54.71
2018,258,0.19,0.58,0.59,31.77,71.6,1.65,23.05,10.67,Santarém,PA,Norte,-2.43,-54.71
2018,259,0.12,0.57,0.57,32.44,71.28,1.61,20.17,9.26,Santarém,PA,Norte,-2.43,-54.71
2018,260,0.0,0.56,0.56,32.87,69.78,1.47,22.34,10.28,Santarém,PA,Norte,-2.43,-54.71
2018,261,0.0,0.56,0.55,33.58,66.67,1.23,23.77,10.96,Santarém,PA,Norte,-2.43,-54.71
2018,262,0.18,0.55,0.54,33.96,66.46,1.67,21.47,9.92,Santarém,PA,Norte,-2.43,-54.71
2018,263,0.14,0.54,0.53,34.0,66.22,1.76,22.17,10.2,Santarém,PA,Norte,-2.43,-54.71
2018,264,0.0,0.54,0.52,34.24,63.88,1.74,20.52,9.41,Santarém,PA,Norte,-2.43,-54.71
2018,265,0.0,0.53,0.51,34.46,63.26,1.57,20.72,9.59,Santarém,PA,Norte,-2.43,-54.71
2018,266,0.0,0.53,0.51,34.06,63.94,1.56,21.03,9.61,Santarém,PA,Norte,-2.43,-54.71
2018,267,0.32,0.52,0.5,34.12,64.63,1.7,22.21,10.24,Santarém,PA,Norte,-2.43,-54.71
2018,268,0.55,0.52,0.5,35.36,62.34,1.36,21.86,10.06,Santarém,PA,Norte,-2.43,-54.71
2018,269,0.0,0.52,0.5,34.03,66.23,1.29,21.27,9.7,Santarém,PA,Norte,-2.43,-54.71
2018,270,0.0,0.52,0.49,34.12,64.61,1.68,18.11,8.21,Santarém,PA,Norte,-2.43,-54.71
2018,271,0.01,0.51,0.49,34.97,61.31,1.68,20.74,9.45,Santarém,PA,Norte,-2.43,-54.71
2018,272,0.84,0.51,0.49,34.35,64.26,1.67,20.58,9.5,Santarém,PA,Norte,-2.43,-54.71
2018,273,1.28,0.51,0.49,35.14,61.19,1.86,22.14,10.03,Santarém,PA,Norte,-2.43,-54.71
2018,274,0.0,0.51,0.48,35.28,58.12,1.71,22.95,10.35,Santarém,PA,Norte,-2.43,-54.71
2018,275,0.03,0.5,0.48,35.44,59.16,1.68,22.18,10.05,Santarém,PA,Norte,-2.43,-54.71
2018,276,0.01,0.5,0.47,35.57,61.04,1.66,21.25,9.55,Santarém,PA,Norte,-2.43,-54.71
2018,277,0.0,0.5,0.47,35.76,61.01,1.54,22.53,10.21,Santarém,PA,Norte,-2.43,-54.71
2018,278,0.0,0.5,0.46,36.12,57.2,1.56,22.92,10.39,Santarém,PA,Norte,-2.43,-54.71
2018,279,0.0,0.49,0.46,36.16,57.11,1.56,22.27,10.07,Santarém,PA,Norte,-2.43,-54.71
2018,280,0.02,0.49,0.46,36.48,58.08,1.45,19.33,8.61,Santarém,PA,Norte,-2.43,-54.71
2018,281,1.67,0.49,0.47,35.25,61.02,1.39,20.37,9.28,Santarém,PA,Norte,-2.43,-54.71
2018,282,1.06,0.49,0.47,34.47,62.74,1.6,20.84,9.48,Santarém,PA,Norte,-2.43,-54.71
2018,283,0.11,0.49,0.46,35.11,60.43,1.45,22.48,10.29,Santarém,PA,Norte,-2.43,-54.71
2018,284,0.28,0.49,0.46,33.57,63.92,1.61,20.43,9.35,Santarém,PA,Norte,-2.43,-54.71
2018,285,0.0,0.49,0.45,35.36,58.24,1.77,21.99,9.98,Santarém,PA,Norte,-2.43,-54.71
2018,286,0.0,0.48,0.44,36.15,55.87,1.65,23.18,10.49,Santarém,PA,Norte,-2.43,-54.71
2018,287,0.0,0.48,0.44,36.88,53.41,1.45,24.42,10.98,Santarém,PA,Norte,-2.43,-54.71
2018,288,0.04,0.48,0.43,37.33,52.13,1.28,24.14,10.95,Santarém,PA,Norte,-2.43,-54.71
2018,289,0.3,0.48,0.42,35.58,57.12,1.45,16.41,7.46,Santarém,PA,Norte,-2.43,-54.71
2018,290,0.05,0.48,0.42,35.26,60.39,1.53,17.37,7.99,Santarém,PA,Norte,-2.43,-54.71
2018,291,0.0,0.48,0.41,36.2,56.89,1.71,22.78,10.49,Santarém,PA,Norte,-2.43,-54.71
2018,292,1.31,0.48,0.41,36.19,55.16,1.41,20.86,9.57,Santarém,PA,Norte,-2.43,-54.71
2018,293,1.09,0.48,0.42,33.78,63.32,1.13,17.42,8.0,Santarém,PA,Norte,-2.43,-54.71
2018,294,0.0,0.48,0.41,34.15,65.16,0.93,21.81,9.97,Santarém,PA,Norte,-2.43,-54.71
2018,295,0.0,0.48,0.4,36.59,56.85,1.36,18.18,8.32,Santarém,PA,Norte,-2.43,-54.71
2018,296,0.0,0.48,0.39,37.25,53.51,1.54,19.75,8.84,Santarém,PA,Norte,-2.43,-54.71
2018,297,0.0,0.47,0.38,36.81,51.96,1.97,23.27,10.7,Santarém,PA,Norte,-2.43,-54.71
2018,298,0.0,0.47,0.37,36.77,51.7,1.59,22.42,10.19,Santarém,PA,Norte,-2.43,-54.71
2018,299,0.0,0.47,0.36,36.63,54.44,1.61,23.07,10.55,Santarém,PA,Norte,-2.43,-54.71
2018,300,0.0,0.47,0.36,36.84,52.04,1.55,23.33,10.66,Santarém,PA,Norte,-2.43,-54.71
2018,301,0.0,0.47,0.35,37.49,50.92,1.45,23.66,10.84,Santarém,PA,Norte,-2.43,-54.71
2018,302,0.11,0.47,0.35,37.18,50.43,1.36,20.61,9.38,Santarém,PA,Norte,-2.43,-54.71
2018,303,0.09,0.47,0.34,37.05,49.98,1.48,20.72,9.41,Santarém,PA,Norte,-2.43,-54.71
2018,304,0.0,0.47,0.33,37.19,47.68,1.66,19.98,9.11,Santarém,PA,Norte,-2.43,-54.71
2018,305,0.23,0.47,0.33,37.01,51.88,1.45,21.64,9.88,Santarém,PA,Norte,-2.43,-54.71
2018,306,0.44,0.47,0.33,34.32,56.6,1.3,20.41,9.35,Santarém,PA,Norte,-2.43,-54.71
2018,307,2.85,0.47,0.35,34.97,58.85,1.25,18.85,8.62,Santarém,PA,Norte,-2.43,-54.71
2018,308,4.37,0.48,0.43,30.57,75.3,1.01,16.09,7.34,Santarém,PA,Norte,-2.43,-54.71
2018,309,3.93,0.48,0.43,32.18,67.02,0.96,9.45,4.55,Santarém,PA,Norte,-2.43,-54.71
2018,310,10.29,0.5,0.54,29.02,82.22,0.89,11.79,5.59,Santarém,PA,Norte,-2.43,-54.71
2018,311,5.22,0.5,0.51,32.84,73.63,1.3,18.0,8.29,Santarém,PA,Norte,-2.43,-54.71
2018,312,0.63,0.5,0.49,33.12,71.56,1.38,18.2,8.38,Santarém,PA,Norte,-2.43,-54.71
2018,313,0.17,0.49,0.48,34.86,62.23,1.44,22.02,10.08,Santarém,PA,Norte,-2.43,-54.71
2018,314,0.0,0.49,0.47,35.59,59.9,1.35,22.59,10.27,Santarém,PA,Norte,-2.43,-54.71
2018,315,0.0,0.49,0.46,35.27,59.36,1.38,22.44,10.25,Santarém,PA,Norte,-2.43,-54.71
2018,316,0.0,0.48,0.46,36.44,58.0,1.39,21.15,9.6,Santarém,PA,Norte,-2.43,-54.71
2018,317,0.0,0.48,0.44,36.26,54.1,1.7,20.48,9.32,Santarém,PA,Norte,-2.43,-54.71
2018,318,0.0,0.48,0.43,36.12,55.16,1.64,21.71,9.92,Santarém,PA,Norte,-2.43,-54.71
2018,319,0.06,0.47,0.41,36.5,55.99,1.42,20.03,9.04,Santarém,PA,Norte,-2.43,-54.71
2018,320,0.38,0.47,0.4,35.66,57.53,1.52,18.05,8.31,Santarém,PA,Norte,-2.43,-54.71
2018,321,0.08,0.47,0.39,35.44,54.83,1.59,19.53,8.96,Santarém,PA,Norte,-2.43,-54.71
2018,322,0.0,0.47,0.37,36.44,47.91,1.63,23.05,10.61,Santarém,PA,Norte,-2.43,-54.71
2018,323,0.03,0.47,0.36,37.0,53.94,1.44,19.99,9.12,Santarém,PA,Norte,-2.43,-54.71
2018,324,0.01,0.47,0.35,36.18,52.85,1.44,19.72,9.0,Santarém,PA,Norte,-2.43,-54.71
2018,325,0.51,0.47,0.35,35.56,53.88,1.23,20.76,9.47,Santarém,PA,Norte,-2.43,-54.71
2018,326,0.58,0.47,0.35,35.73,52.24,1.47,15.56,7.12,Santarém,PA,Norte,-2.43,-54.71
2018,327,0.11,0.47,0.34,35.06,51.95,1.5,18.63,8.48,Santarém,PA,Norte,-2.43,-54.71
2018,328,0.43,0.47,0.34,34.76,55.89,1.86,18.96,8.79,Santarém,PA,Norte,-2.43,-54.71
2018,329,0.0,0.47,0.33,35.52,53.1,1.8,19.01,8.84,Santarém,PA,Norte,-2.43,-54.71
2018,330,0.45,0.47,0.32,35.27,57.05,1.68,16.75,7.79,Santarém,PA,Norte,-2.43,-54.71
2018,331,14.5,0.48,0.47,29.51,74.42,1.69,4.52,2.31,Santarém,PA,Norte,-2.43,-54.71
2018,332,24.42,0.51,0.59,29.07,83.8,1.1,16.73,7.9,Santarém,PA,Norte,-2.43,-54.71
2018,333,10.73,0.54,0.58,29.23,80.81,1.12,12.72,6.07,Santarém,PA,Norte,-2.43,-54.71
2018,334,23.5,0.57,0.65,28.42,83.8,1.25,12.16,5.8,Santarém,PA,Norte,-2.43,-54.71
2018,335,4.2,0.57,0.59,29.48,78.67,1.26,18.53,8.72,Santarém,PA,Norte,-2.43,-54.71
2018,336,16.26,0.57,0.62,27.73,79.9,1.23,16.48,7.75,Santarém,PA,Norte,-2.43,-54.71
2018,337,31.51,0.61,0.72,26.15,91.39,0.75,13.22,6.32,Santarém,PA,Norte,-2.43,-54.71
2018,338,10.62,0.62,0.68,27.18,88.46,0.8,5.76,2.9,Santarém,PA,Norte,-2.43,-54.71
2018,339,0.98,0.62,0.65,27.09,86.76,1.02,12.68,6.11,Santarém,PA,Norte,-2.43,-54.71
2018,340,1.47,0.6,0.62,28.89,82.94,1.34,8.28,4.15,Santarém,PA,Norte,-2.43,-54.71
2018,341,1.22,0.59,0.61,28.7,82.51,1.0,19.23,9.08,Santarém,PA,Norte,-2.43,-54.71
2018,342,14.03,0.59,0.64,28.39,81.54,0.78,13.36,6.39,Santarém,PA,Norte,-2.43,-54.71
2018,343,10.3,0.61,0.67,29.1,83.51,1.24,19.78,9.35,Santarém,PA,Norte,-2.43,-54.71
2018,344,13.86,0.62,0.68,28.73,86.72,1.45,13.14,6.38,Santarém,PA,Norte,-2.43,-54.71
2018,345,3.22,0.62,0.65,28.2,85.87,1.45,16.24,7.74,Santarém,PA,Norte,-2.43,-54.71
2018,346,4.54,0.61,0.64,28.75,84.5,1.39,19.43,9.21,Santarém,PA,Norte,-2.43,-54.71
2018,347,13.42,0.62,0.68,28.87,84.4,1.43,18.96,8.96,Santarém,PA,Norte,-2.43,-54.71
2018,348,9.3,0.63,0.68,27.75,85.99,1.36,15.06,7.26,Santarém,PA,Norte,-2.43,-54.71
2018,349,1.31,0.62,0.64,28.32,82.52,1.44,14.51,6.91,Santarém,PA,Norte,-2.43,-54.71
2018,350,0.47,0.61,0.63,28.87,79.79,1.3,20.56,9.61,Santarém,PA,Norte,-2.43,-54.71
2018,351,4.75,0.6,0.63,28.64,80.11,1.53,18.72,8.91,Santarém,PA,Norte,-2.43,-54.71
2018,352,3.03,0.6,0.63,28.79,83.93,1.54,18.34,8.74,Santarém,PA,Norte,-2.43,-54.71
2018,353,3.17,0.6,0.63,27.6,87.6,1.26,14.46,6.95,Santarém,PA,Norte,-2.43,-54.71
2018,354,4.54,0.6,0.63,29.7,81.89,1.35,18.34,8.61,Santarém,PA,Norte,-2.43,-54.71
2018,355,12.43,0.6,0.66,29.23,84.15,1.41,17.73,8.4,Santarém,PA,Norte,-2.43,-54.71
2018,356,21.38,0.63,0.72,26.78,89.72,1.14,10.62,5.07,Santarém,PA,Norte,-2.43,-54.71
2018,357,2.58,0.64,0.67,27.31,84.9,1.29,18.0,8.43,Santarém,PA,Norte,-2.43,-54.71
2018,358,6.65,0.63,0.67,27.77,86.8,1.54,15.59,7.36,Santarém,PA,Norte,-2.43,-54.71
2018,359,1.98,0.63,0.66,28.64,83.72,1.49,21.38,10.08,Santarém,PA,Norte,-2.43,-54.71
2018,360,1.26,0.61,0.64,29.24,80.77,1.64,18.15,8.48,Santarém,PA,Norte,-2.43,-54.71
2018,361,3.32,0.61,0.64,29.42,80.16,1.42,23.92,11.16,Santarém,PA,Norte,-2.43,-54.71
2018,362,3.68,0.61,0.64,29.68,81.63,1.5,22.03,10.34,Santarém,PA,Norte,-2.43,-54.71
2018,363,4.14,0.6,0.63,29.34,76.07,1.41,17.87,8.41,Santarém,PA,Norte,-2.43,-54.71
2018,364,9.8,0.61,0.66,28.11,81.58,1.27,17.45,8.3,Santarém,PA,Norte,-2.43,-54.71
2018,365,5.61,0.61,0.65,27.94,83.8,1.36,14.93,7.17,Santarém,PA,Norte,-2.43,-54.71
2019,1,2.01,0.61,0.63,29.16,80.91,1.39,18.65,8.91,Santarém,PA,Norte,-2.43,-54.71
2019,2,3.12,0.6,0.62,29.19,83.03,1.58,18.91,9.06,Santarém,PA,Norte,-2.43,-54.71
2019,3,2.67,0.6,0.62,30.07,82.37,1.73,21.74,10.31,Santarém,PA,Norte,-2.43,-54.71
2019,4,1.01,0.59,0.61,29.88,81.73,1.69,22.99,10.91,Santarém,PA,Norte,-2.43,-54.71
2019,5,1.53,0.58,0.6,30.71,79.31,1.63,21.47,10.21,Santarém,PA,Norte,-2.43,-54.71
2019,6,4.35,0.58,0.61,29.46,83.99,1.65,18.35,8.69,Santarém,PA,Norte,-2.43,-54.71
2019,7,7.56,0.59,0.62,28.34,84.29,1.8,14.59,7.03,Santarém,PA,Norte,-2.43,-54.71
2019,8,4.35,0.59,0.62,28.29,83.14,1.15,9.46,4.69,Santarém,PA,Norte,-2.43,-54.71
2019,9,20.75,0.6,0.66,28.29,80.28,0.81,19.16,8.99,Santarém,PA,Norte,-2.43,-54.71
2019,10,48.47,0.67,0.79,26.72,86.99,1.07,11.27,5.48,Santarém,PA,Norte,-2.43,-54.71
2019,11,6.12,0.69,0.73,25.86,88.7,1.34,8.34,4.21,Santarém,PA,Norte,-2.43,-54.71
2019,12,0.09,0.67,0.7,28.23,83.45,1.37,20.38,9.7,Santarém,PA,Norte,-2.43,-54.71
2019,13,13.62,0.67,0.72,27.69,85.17,1.3,20.87,9.88,Santarém,PA,Norte,-2.43,-54.71
2019,14,26.95,0.7,0.77,26.6,91.1,1.17,10.95,5.29,Santarém,PA,Norte,-2.43,-54.71
2019,15,1.15,0.7,0.72,28.15,87.25,1.41,18.41,8.76,Santarém,PA,Norte,-2.43,-54.71
2019,16,2.9,0.69,0.71,27.24,88.11,1.31,21.47,10.19,Santarém,PA,Norte,-2.43,-54.71
2019,17,3.52,0.68,0.71,28.55,87.06,1.41,16.86,8.06,Santarém,PA,Norte,-2.43,-54.71
2019,18,27.15,0.69,0.76,27.94,87.74,1.16,18.88,8.97,Santarém,PA,Norte,-2.43,-54.71
2019,19,21.36,0.73,0.79,27.09,91.29,1.26,8.54,4.19,Santarém,PA,Norte,-2.43,-54.71
2019,20,4.78,0.73,0.76,27.08,90.91,1.15,19.79,9.38,Santarém,PA,Norte,-2.43,-54.71
2019,21,6.57,0.73,0.76,27.19,90.49,1.33,17.51,8.33,Santarém,PA,Norte,-2.43,-54.71
2019,22,6.78,0.72,0.75,28.06,87.96,1.13,18.79,8.91,Santarém,PA,Norte,-2.43,-54.71
2019,23,18.43,0.74,0.79,26.17,92.1,1.16,12.61,5.99,Santarém,PA,Norte,-2.43,-54.71
2019,24,3.95,0.74,0.76,27.77,87.9,1.44,17.63,8.25,Santarém,PA,Norte,-2.43,-54.71
2019,25,5.6,0.73,0.76,26.47,89.0,1.12,15.67,7.44,Santarém,PA,Norte,-2.43,-54.71
2019,26,15.52,0.74,0.78,27.01,90.76,1.31,17.75,8.39,Santarém,PA,Norte,-2.43,-54.71
2019,27,4.97,0.75,0.77,28.16,85.89,1.59,14.57,6.97,Santarém,PA,Norte,-2.43,-54.71
2019,28,0.18,0.73,0.75,28.9,84.51,1.53,18.65,8.8,Santarém,PA,Norte,-2.43,-54.71
2019,29,5.2,0.72,0.75,28.3,86.79,1.39,21.03,9.9,Santarém,PA,Norte,-2.43,-54.71
2019,30,11.06,0.74,0.77,28.06,89.26,1.43,15.37,7.18,Santarém,PA,Norte,-2.43,-54.71
2019,31,0.4,0.73,0.75,27.15,86.56,1.58,16.82,7.95,Santarém,PA,Norte,-2.43,-54.71
2019,32,0.37,0.72,0.74,28.1,84.89,1.37,18.56,8.76,Santarém,PA,Norte,-2.43,-54.71
2019,33,1.82,0.72,0.74,28.19,87.28,1.36,16.69,7.79,Santarém,PA,Norte,-2.43,-54.71
2019,34,1.92,0.71,0.73,27.85,86.46,1.38,12.1,5.68,Santarém,PA,Norte,-2.43,-54.71
2019,35,1.13,0.71,0.72,28.51,84.97,1.41,21.91,10.32,Santarém,PA,Norte,-2.43,-54.71
2019,36,0.62,0.7,0.72,28.41,84.95,1.31,22.25,10.5,Santarém,PA,Norte,-2.43,-54.71
2019,37,24.88,0.71,0.77,28.22,87.06,1.23,20.39,9.66,Santarém,PA,Norte,-2.43,-54.71
2019,38,28.12,0.75,0.8,28.14,90.13,1.35,11.94,5.75,Santarém,PA,Norte,-2.43,-54.71
2019,39,25.89,0.78,0.82,27.76,90.67,1.26,18.86,8.92,Santarém,PA,Norte,-2.43,-54.71
2019,40,16.41,0.79,0.82,26.35,90.57,0.85,17.12,8.12,Santarém,PA,Norte,-2.43,-54.71
2019,41,12.2,0.8,0.82,28.4,87.08,1.25,19.5,9.19,Santarém,PA,Norte,-2.43,-54.71
2019,42,1.72,0.79,0.8,27.86,88.99,1.32,20.22,9.51,Santarém,PA,Norte,-2.43,-54.71
2019,43,4.9,0.78,0.79,28.54,87.57,1.41,19.4,9.1,Santarém,PA,Norte,-2.43,-54.71
2019,44,5.89,0.78,0.8,28.02,89.66,1.49,15.97,7.56,Santarém,PA,Norte,-2.43,-54.71
2019,45,3.41,0.78,0.79,28.2,88.95,1.23,16.45,7.8,Santarém,PA,Norte,-2.43,-54.71
2019,46,1.44,0.77,0.78,28.0,87.67,1.37,16.06,7.56,Santarém,PA,Norte,-2.43,-54.71
2019,47,0.01,0.76,0.77,28.46,83.03,1.23,17.8,8.37,Santarém,PA,Norte,-2.43,-54.71
2019,48,8.1,0.76,0.78,27.48,82.52,1.08,15.47,7.29,Santarém,PA,Norte,-2.43,-54.71
2019,49,32.3,0.78,0.82,26.5,90.89,1.24,10.96,5.33,Santarém,PA,Norte,-2.43,-54.71
2019,50,2.14,0.79,0.79,28.65,88.82,1.39,20.15,9.54,Santarém,PA,Norte,-2.43,-54.71
2019,51,1.22,0.78,0.79,27.92,88.85,1.22,20.0,9.41,Santarém,PA,Norte,-2.43,-54.71
2019,52,12.82,0.78,0.8,26.97,92.31,1.11,18.41,8.77,Santarém,PA,Norte,-2.43,-54.71
2019,53,21.48,0.8,0.83,26.61,92.64,1.25,18.91,8.93,Santarém,PA,Norte,-2.43,-54.71
2019,54,30.99,0.84,0.87,27.3,91.17,1.19,9.71,4.76,Santarém,PA,Norte,-2.43,-54.71
2019,55,14.95,0.84,0.85,27.71,89.0,1.27,19.41,9.2,Santarém,PA,Norte,-2.43,-54.71
2019,56,27.53,0.86,0.88,25.62,94.21,1.23,7.59,3.81,Santarém,PA,Norte,-2.43,-54.71
2019,57,7.14,0.86,0.85,28.17,87.96,1.3,13.17,6.32,Santarém,PA,Norte,-2.43,-54.71
2019,58,7.25,0.85,0.85,27.38,89.07,1.33,14.29,6.84,Santarém,PA,Norte,-2.43,-54.71
2019,59,1.23,0.85,0.83,27.24,84.77,1.32,16.79,7.96,Santarém,PA,Norte,-2.43,-54.71
2019,60,1.7,0.83,0.83,28.28,83.35,1.29,17.46,7.97,Santarém,PA,Norte,-2.43,-54.71
2019,61,12.25,0.84,0.84,28.01,86.97,1.38,19.4,9.24,Santarém,PA,Norte,-2.43,-54.71
2019,62,3.23,0.83,0.83,28.37,86.54,1.47,20.28,9.51,Santarém,PA,Norte,-2.43,-54.71
2019,63,0.65,0.83,0.82,28.72,84.1,1.6,22.24,10.45,Santarém,PA,Norte,-2.43,-54.71
2019,64,0.03,0.81,0.81,28.35,83.21,1.44,20.16,9.46,Santarém,PA,Norte,-2.43,-54.71
2019,65,2.73,0.81,0.81,26.9,86.79,1.47,18.6,8.77,Santarém,PA,Norte,-2.43,-54.71
2019,66,3.32,0.81,0.81,28.02,87.91,1.61,14.59,6.96,Santarém,PA,Norte,-2.43,-54.71
2019,67,7.01,0.8,0.81,27.98,88.28,1.55,18.09,8.62,Santarém,PA,Norte,-2.43,-54.71
2019,68,25.48,0.83,0.85,27.52,90.26,1.41,10.65,5.13,Santarém,PA,Norte,-2.43,-54.71
2019,69,7.9,0.83,0.84,28.05,89.41,1.37,20.19,9.58,Santarém,PA,Norte,-2.43,-54.71
2019,70,30.43,0.84,0.87,27.03,91.29,1.2,7.08,3.5,Santarém,PA,Norte,-2.43,-54.71
2019,71,9.57,0.86,0.86,27.66,87.63,1.17,18.21,8.55,Santarém,PA,Norte,-2.43,-54.71
2019,72,7.53,0.86,0.85,27.33,89.84,1.35,12.4,5.9,Santarém,PA,Norte,-2.43,-54.71
2019,73,4.4,0.85,0.84,28.61,87.89,1.39,14.43,6.89,Santarém,PA,Norte,-2.43,-54.71
2019,74,3.8,0.85,0.84,28.51,88.19,1.31,18.69,8.88,Santarém,PA,Norte,-2.43,-54.71
2019,75,1.85,0.84,0.83,28.28,86.87,1.4,19.05,9.0,Santarém,PA,Norte,-2.43,-54.71
2019,76,0.44,0.83,0.82,29.27,84.78,1.43,24.04,11.27,Santarém,PA,Norte,-2.43,-54.71
2019,77,1.53,0.82,0.82,29.04,85.82,1.43,18.76,8.82,Santarém,PA,Norte,-2.43,-54.71
2019,78,16.36,0.83,0.84,27.73,89.95,1.28,23.78,11.26,Santarém,PA,Norte,-2.43,-54.71
2019,79,22.77,0.86,0.87,26.23,93.62,1.12,12.85,6.11,Santarém,PA,Norte,-2.43,-54.71
2019,80,13.44,0.87,0.87,29.13,86.76,1.21,18.96,8.87,Santarém,PA,Norte,-2.43,-54.71
2019,81,6.97,0.86,0.86,27.66,89.85,1.28,14.7,6.91,Santarém,PA,Norte,-2.43,-54.71
2019,82,9.25,0.86,0.86,28.65,88.67,1.44,16.55,7.56,Santarém,PA,Norte,-2.43,-54.71
2019,83,6.56,0.86,0.85,27.8,88.8,1.43,15.97,7.28,Santarém,PA,Norte,-2.43,-54.71
2019,84,14.34,0.87,0.86,28.25,88.7,1.33,14.84,6.82,Santarém,PA,Norte,-2.43,-54.71
2019,85,18.52,0.88,0.87,27.5,90.82,1.44,14.91,7.12,Santarém,PA,Norte,-2.43,-54.71
2019,86,11.86,0.88,0.87,28.03,89.38,1.53,20.72,9.84,Santarém,PA,Norte,-2.43,-54.71
2019,87,3.75,0.88,0.86,28.77,87.77,1.55,16.96,8.06,Santarém,PA,Norte,-2.43,-54.71
2019,88,7.83,0.87,0.86,28.29,89.71,1.46,20.38,9.63,Santarém,PA,Norte,-2.43,-54.71
2019,89,35.77,0.89,0.9,26.25,91.32,1.1,19.02,8.97,Santarém,PA,Norte,-2.43,-54.71
2019,90,8.2,0.91,0.89,28.53,86.9,1.18,16.46,7.79,Santarém,PA,Norte,-2.43,-54.71
2019,91,4.06,0.9,0.88,28.6,89.81,1.39,18.62,8.93,Santarém,PA,Norte,-2.43,-54.71
2019,92,10.48,0.9,0.88,28.88,88.19,1.23,16.25,7.84,Santarém,PA,Norte,-2.43,-54.71
2019,93,16.88,0.91,0.9,28.22,89.87,1.2,15.34,7.35,Santarém,PA,Norte,-2.43,-54.71
2019,94,8.44,0.91,0.89,26.61,90.65,1.14,15.65,7.39,Santarém,PA,Norte,-2.43,-54.71
2019,95,0.31,0.9,0.88,27.85,87.62,1.43,16.52,7.85,Santarém,PA,Norte,-2.43,-54.71
2019,96,0.55,0.9,0.87,28.82,86.68,1.29,19.69,9.19,Santarém,PA,Norte,-2.43,-54.71
2019,97,12.4,0.9,0.88,28.34,86.08,1.21,15.16,7.22,Santarém,PA,Norte,-2.43,-54.71
2019,98,42.61,0.92,0.92,27.78,85.08,0.87,19.97,9.54,Santarém,PA,Norte,-2.43,-54.71
2019,99,29.77,0.95,0.93,26.58,89.28,0.97,7.69,3.79,Santarém,PA,Norte,-2.43,-54.71
2019,100,1.64,0.94,0.91,26.83,86.68,1.41,18.27,8.71,Santarém,PA,Norte,-2.43,-54.71
2019,101,2.6,0.93,0.91,28.79,85.38,1.42,21.09,10.04,Santarém,PA,Norte,-2.43,-54.71
2019,102,1.66,0.92,0.9,29.08,87.48,1.44,22.05,10.48,Santarém,PA,Norte,-2.43,-54.71
2019,103,2.84,0.92,0.89,28.32,88.52,1.39,18.4,8.78,Santarém,PA,Norte,-2.43,-54.71
2019,104,3.05,0.91,0.89,28.88,86.47,1.4,19.5,9.26,Santarém,PA,Norte,-2.43,-54.71
2019,105,6.15,0.91,0.89,27.93,87.97,1.3,16.61,7.91,Santarém,PA,Norte,-2.43,-54.71
2019,106,7.23,0.91,0.89,28.37,87.42,1.24,15.38,7.29,Santarém,PA,Norte,-2.43,-54.71
2019,107,3.15,0.91,0.88,28.4,87.32,1.26,19.91,9.48,Santarém,PA,Norte,-2.43,-54.71
2019,108,0.32,0.9,0.88,27.93,88.09,1.33,20.48,9.73,Santarém,PA,Norte,-2.43,-54.71
2019,109,6.72,0.9,0.88,28.25,89.12,1.37,19.86,9.55,Santarém,PA,Norte,-2.43,-54.71
2019,110,6.26,0.9,0.88,28.55,88.78,1.33,17.54,8.42,Santarém,PA,Norte,-2.43,-54.71
2019,111,2.81,0.9,0.88,28.02,88.88,1.31,16.71,8.06,Santarém,PA,Norte,-2.43,-54.71
2019,112,9.1,0.9,0.88,28.01,88.61,1.02,17.17,8.18,Santarém,PA,Norte,-2.43,-54.71
2019,113,8.52,0.9,0.88,27.01,91.31,1.38,16.01,7.66,Santarém,PA,Norte,-2.43,-54.71
2019,114,4.7,0.9,0.88,28.05,89.85,1.16,16.92,8.21,Santarém,PA,Norte,-2.43,-54.71
2019,115,13.51,0.91,0.89,28.1,90.97,1.41,18.98,9.17,Santarém,PA,Norte,-2.43,-54.71
2019,116,5.85,0.91,0.89,28.52,90.17,1.48,17.63,8.5,Santarém,PA,Norte,-2.43,-54.71
2019,117,20.88,0.92,0.9,28.04,90.26,1.12,15.91,7.7,Santarém,PA,Norte,-2.43,-54.71
2019,118,7.21,0.92,0.89,27.47,91.41,1.2,16.85,8.21,Santarém,PA,Norte,-2.43,-54.71
2019,119,4.87,0.92,0.89,27.62,89.41,1.22,19.34,9.29,Santarém,PA,Norte,-2.43,-54.71
2019,120,8.98,0.92,0.89,27.48,89.02,1.18,18.06,8.73,Santarém,PA,Norte,-2.43,-54.71
2019,121,12.81,0.93,0.91,27.87,88.16,1.25,17.69,8.58,Santarém,PA,Norte,-2.43,-54.71
2019,122,9.39,0.93,0.9,27.28,90.59,1.26,13.53,6.64,Santarém,PA,Norte,-2.43,-54.71
2019,123,7.04,0.93,0.9,27.91,89.39,1.34,17.05,8.29,Santarém,PA,Norte,-2.43,-54.71
2019,124,7.21,0.93,0.9,29.25,89.11,1.48,21.94,10.38,Santarém,PA,Norte,-2.43,-54.71
2019,125,3.95,0.92,0.89,29.19,88.81,1.38,15.29,7.36,Santarém,PA,Norte,-2.43,-54.71
2019,126,0.9,0.91,0.89,29.02,86.22,1.34,17.82,8.49,Santarém,PA,Norte,-2.43,-54.71
2019,127,4.48,0.91,0.88,28.61,89.14,1.27,19.29,9.08,Santarém,PA,Norte,-2.43,-54.71
2019,128,1.47,0.91,0.88,28.2,88.42,1.47,18.36,8.72,Santarém,PA,Norte,-2.43,-54.71
2019,129,9.48,0.9,0.88,28.91,87.37,1.14,20.04,9.56,Santarém,PA,Norte,-2.43,-54.71
2019,130,12.09,0.92,0.9,27.9,91.64,1.3,14.77,7.18,Santarém,PA,Norte,-2.43,-54.71
2019,131,9.72,0.91,0.89,27.82,89.67,1.04,17.06,8.14,Santarém,PA,Norte,-2.43,-54.71
2019,132,2.88,0.92,0.89,27.21,92.26,1.06,16.13,7.62,Santarém,PA,Norte,-2.43,-54.71
2019,133,0.34,0.91,0.88,28.37,86.61,1.13,14.91,7.04,Santarém,PA,Norte,-2.43,-54.71
2019,134,8.06,0.91,0.89,28.02,86.61,0.98,18.74,8.89,Santarém,PA,Norte,-2.43,-54.71
2019,135,13.03,0.92,0.9,27.65,85.03,0.85,14.04,6.66,Santarém,PA,Norte,-2.43,-54.71
2019,136,15.88,0.92,0.9,27.23,84.58,0.89,9.83,4.77,Santarém,PA,Norte,-2.43,-54.71
2019,137,1.88,0.93,0.89,27.84,85.92,1.04,14.82,7.06,Santarém,PA,Norte,-2.43,-54.71
2019,138,0.45,0.92,0.89,28.6,86.0,1.17,15.45,7.31,Santarém,PA,Norte,-2.43,-54.71
2019,139,4.55,0.91,0.89,28.53,89.92,1.23,15.54,7.35,Santarém,PA,Norte,-2.43,-54.71
2019,140,13.85,0.92,0.9,27.01,91.56,1.21,13.7,6.48,Santarém,PA,Norte,-2.43,-54.71
2019,141,29.49,0.94,0.92,27.45,90.89,1.31,12.64,6.09,Santarém,PA,Norte,-2.43,-54.71
2019,142,6.27,0.95,0.91,27.72,87.86,0.95,14.06,6.72,Santarém,PA,Norte,-2.43,-54.71
2019,143,1.38,0.94,0.9,28.11,89.27,1.19,18.63,8.77,Santarém,PA,Norte,-2.43,-54.71
2019,144,0.33,0.94,0.9,26.91,90.56,1.16,17.51,8.23,Santarém,PA,Norte,-2.43,-54.71
2019,145,0.16,0.93,0.9,28.12,89.21,1.26,18.69,8.69,Santarém,PA,Norte,-2.43,-54.71
2019,146,2.29,0.93,0.89,27.99,89.47,1.27,14.45,6.94,Santarém,PA,Norte,-2.43,-54.71
2019,147,4.0,0.93,0.89,27.74,90.96,1.23,16.22,7.67,Santarém,PA,Norte,-2.43,-54.71
2019,148,2.69,0.92,0.89,28.74,88.47,1.36,17.19,8.07,Santarém,PA,Norte,-2.43,-54.71
2019,149,8.22,0.92,0.89,27.47,92.62,1.36,17.58,8.3,Santarém,PA,Norte,-2.43,-54.71
2019,150,15.09,0.94,0.91,26.71,93.42,1.27,15.92,7.56,Santarém,PA,Norte,-2.43,-54.71
2019,151,16.86,0.94,0.91,26.64,93.25,1.19,16.36,7.74,Santarém,PA,Norte,-2.43,-54.71
2019,152,4.84,0.95,0.91,28.19,90.1,1.31,17.44,8.2,Santarém,PA,Norte,-2.43,-54.71
2019,153,0.45,0.94,0.9,28.14,89.12,1.21,17.74,8.37,Santarém,PA,Norte,-2.43,-54.71
2019,154,0.33,0.93,0.9,28.64,88.58,1.18,18.09,8.56,Santarém,PA,Norte,-2.43,-54.71
2019,155,0.07,0.93,0.89,28.58,88.51,1.3,18.96,8.96,Santarém,PA,Norte,-2.43,-54.71
2019,156,1.03,0.92,0.89,28.29,88.99,1.33,19.08,9.06,Santarém,PA,Norte,-2.43,-54.71
2019,157,0.86,0.91,0.88,28.63,87.25,1.36,19.16,9.05,Santarém,PA,Norte,-2.43,-54.71
2019,158,0.27,0.91,0.88,27.36,89.6,1.19,16.89,8.04,Santarém,PA,Norte,-2.43,-54.71
2019,159,2.28,0.9,0.88,28.23,88.74,1.28,17.21,8.17,Santarém,PA,Norte,-2.43,-54.71
2019,160,3.54,0.9,0.88,28.01,89.29,1.21,19.27,9.16,Santarém,PA,Norte,-2.43,-54.71
2019,161,2.05,0.9,0.87,28.88,87.76,1.26,15.93,7.62,Santarém,PA,Norte,-2.43,-54.71
2019,162,1.69,0.89,0.87,28.52,89.28,1.29,16.93,8.05,Santarém,PA,Norte,-2.43,-54.71
2019,163,1.66,0.89,0.87,29.03,88.52,1.31,15.99,7.53,Santarém,PA,Norte,-2.43,-54.71
2019,164,0.73,0.88,0.86,29.28,86.3,1.37,17.53,8.21,Santarém,PA,Norte,-2.43,-54.71
2019,165,6.04,0.88,0.86,28.74,88.0,1.2,14.73,7.1,Santarém,PA,Norte,-2.43,-54.71
2019,166,7.56,0.89,0.87,26.74,93.82,1.19,13.98,6.65,Santarém,PA,Norte,-2.43,-54.71
2019,167,3.19,0.89,0.86,28.46,89.18,1.43,11.9,5.74,Santarém,PA,Norte,-2.43,-54.71
2019,168,3.37,0.88,0.86,29.18,86.81,1.27,20.01,9.44,Santarém,PA,Norte,-2.43,-54.71
2019,169,4.32,0.88,0.86,29.32,88.08,1.39,19.15,9.05,Santarém,PA,Norte,-2.43,-54.71
2019,170,3.38,0.87,0.86,28.87,88.58,1.44,18.16,8.62,Santarém,PA,Norte,-2.43,-54.71
2019,171,1.4,0.86,0.85,28.99,86.72,1.34,19.53,9.19,Santarém,PA,Norte,-2.43,-54.71
2019,172,2.1,0.86,0.85,28.61,88.75,1.34,17.96,8.49,Santarém,PA,Norte,-2.43,-54.71
2019,173,1.3,0.86,0.85,28.18,88.32,1.46,19.07,8.92,Santarém,PA,Norte,-2.43,-54.71
2019,174,0.15,0.85,0.84,28.93,84.99,1.36,20.36,9.57,Santarém,PA,Norte,-2.43,-54.71
2019,175,0.1,0.84,0.84,28.36,84.18,1.28,16.77,7.9,Santarém,PA,Norte,-2.43,-54.71
2019,176,2.89,0.84,0.84,28.68,85.46,1.24,16.92,8.02,Santarém,PA,Norte,-2.43,-54.71
2019,177,3.82,0.84,0.84,28.4,88.23,1.32,15.94,7.55,Santarém,PA,Norte,-2.43,-54.71
2019,178,1.38,0.83,0.83,28.84,88.6,1.54,19.77,9.28,Santarém,PA,Norte,-2.43,-54.71
2019,179,0.09,0.83,0.82,29.15,86.62,1.45,18.39,8.61,Santarém,PA,Norte,-2.43,-54.71
2019,180,0.54,0.82,0.82,29.51,86.05,1.37,20.5,9.67,Santarém,PA,Norte,-2.43,-54.71
2019,181,0.18,0.81,0.81,29.47,85.94,1.35,20.99,9.88,Santarém,PA,Norte,-2.43,-54.71
2019,182,0.19,0.81,0.81,29.5,84.05,1.24,18.43,8.72,Santarém,PA,Norte,-2.43,-54.71
2019,183,0.72,0.8,0.81,27.93,86.29,0.93,17.4,8.22,Santarém,PA,Norte,-2.43,-54.71
2019,184,1.85,0.8,0.81,27.96,84.77,1.38,14.63,6.91,Santarém,PA,Norte,-2.43,-54.71
2019,185,1.74,0.8,0.8,28.89,87.47,1.36,18.26,8.69,Santarém,PA,Norte,-2.43,-54.71
2019,186,0.2,0.79,0.8,29.28,86.03,1.33,20.18,9.51,Santarém,PA,Norte,-2.43,-54.71
2019,187,0.12,0.78,0.79,29.53,85.78,1.35,20.28,9.5,Santarém,PA,Norte,-2.43,-54.71
2019,188,2.32,0.78,0.79,27.56,87.68,1.25,15.7,7.47,Santarém,PA,Norte,-2.43,-54.71
2019,189,2.73,0.78,0.79,27.78,87.23,1.17,17.83,8.39,Santarém,PA,Norte,-2.43,-54.71
2019,190,1.28,0.78,0.79,28.53,86.34,1.38,19.02,8.98,Santarém,PA,Norte,-2.43,-54.71
2019,191,1.19,0.77,0.79,28.16,86.33,1.25,17.69,8.48,Santarém,PA,Norte,-2.43,-54.71
2019,192,0.66,0.77,0.78,28.54,85.47,1.23,18.98,9.01,Santarém,PA,Norte,-2.43,-54.71
2019,193,0.29,0.76,0.77,28.73,85.68,1.47,18.29,8.67,Santarém,PA,Norte,-2.43,-54.71
2019,194,0.55,0.75,0.77,28.6,86.13,1.39,16.66,7.93,Santarém,PA,Norte,-2.43,-54.71
2019,195,0.16,0.75,0.76,28.21,87.75,1.38,16.93,8.1,Santarém,PA,Norte,-2.43,-54.71
2019,196,0.03,0.74,0.76,28.56,87.11,1.42,18.98,8.86,Santarém,PA,Norte,-2.43,-54.71
2019,197,1.38,0.74,0.76,28.26,87.73,1.16,17.75,8.43,Santarém,PA,Norte,-2.43,-54.71
2019,198,2.55,0.74,0.76,27.13,88.6,1.2,9.95,4.87,Santarém,PA,Norte,-2.43,-54.71
2019,199,0.95,0.74,0.76,28.21,86.74,1.3,19.44,9.14,Santarém,PA,Norte,-2.43,-54.71
2019,200,1.53,0.73,0.75,28.5,86.49,1.3,17.76,8.31,Santarém,PA,Norte,-2.43,-54.71
2019,201,0.29,0.73,0.74,28.91,85.74,1.46,22.5,10.51,Santarém,PA,Norte,-2.43,-54.71
2019,202,2.4,0.72,0.74,27.97,86.13,1.5,13.99,6.73,Santarém,PA,Norte,-2.43,-54.71
2019,203,1.2,0.72,0.74,28.9,86.18,1.54,21.59,10.15,Santarém,PA,Norte,-2.43,-54.71
2019,204,0.5,0.71,0.73,29.38,83.86,1.44,22.39,10.5,Santarém,PA,Norte,-2.43,-54.71
2019,205,0.19,0.7,0.72,29.45,80.19,1.31,22.62,10.5,Santarém,PA,Norte,-2.43,-54.71
2019,206,2.9,0.7,0.72,28.28,81.05,0.97,13.4,6.39,Santarém,PA,Norte,-2.43,-54.71
2019,207,0.71,0.7,0.72,28.43,84.3,0.91,19.29,9.09,Santarém,PA,Norte,-2.43,-54.71
2019,208,0.34,0.69,0.71,28.99,82.52,1.25,21.61,10.14,Santarém,PA,Norte,-2.43,-54.71
2019,209,0.83,0.68,0.71,29.01,82.02,1.35,15.43,7.29,Santarém,PA,Norte,-2.43,-54.71
2019,210,0.57,0.68,0.7,29.41,81.31,1.22,21.28,9.94,Santarém,PA,Norte,-2.43,-54.71
2019,211,0.37,0.67,0.69,29.59,79.51,1.17,19.28,9.11,Santarém,PA,Norte,-2.43,-54.71
2019,212,1.49,0.67,0.69,29.25,83.42,1.3,21.25,10.0,Santarém,PA,Norte,-2.43,-54.71
2019,213,0.89,0.67,0.69,29.91,83.56,1.47,20.88,9.83,Santarém,PA,Norte,-2.43,-54.71
2019,214,0.4,0.66,0.68,30.08,80.47,1.35,20.08,9.45,Santarém,PA,Norte,-2.43,-54.71
2019,215,0.23,0.65,0.67,28.32,85.31,1.28,20.14,9.5,Santarém,PA,Norte,-2.43,-54.71
2019,216,1.65,0.65,0.67,29.37,83.95,1.25,16.64,7.84,Santarém,PA,Norte,-2.43,-54.71
2019,217,7.77,0.66,0.69,27.56,88.06,1.23,14.9,7.02,Santarém,PA,Norte,-2.43,-54.71
2019,218,5.25,0.67,0.7,28.35,85.85,1.23,14.72,6.98,Santarém,PA,Norte,-2.43,-54.71
2019,219,0.52,0.66,0.68,29.58,82.2,1.43,20.11,9.41,Santarém,PA,Norte,-2.43,-54.71
2019,220,0.0,0.65,0.66,29.95,78.09,1.31,20.81,9.81,Santarém,PA,Norte,-2.43,-54.71
2019,221,0.0,0.64,0.65,30.22,73.4,1.19,20.79,9.8,Santarém,PA,Norte,-2.43,-54.71
2019,222,0.0,0.63,0.64,30.62,74.93,1.39,21.14,9.97,Santarém,PA,Norte,-2.43,-54.71
2019,223,0.0,0.62,0.63,31.01,77.58,1.59,23.33,10.9,Santarém,PA,Norte,-2.43,-54.71
2019,224,0.01,0.61,0.62,31.24,76.16,1.48,21.68,10.15,Santarém,PA,Norte,-2.43,-54.71
2019,225,1.78,0.61,0.62,30.72,76.19,1.16,20.55,9.69,Santarém,PA,Norte,-2.43,-54.71
2019,226,2.06,0.61,0.62,31.07,79.29,1.46,20.29,9.53,Santarém,PA,Norte,-2.43,-54.71
2019,227,0.95,0.6,0.61,29.72,80.86,1.68,18.3,8.55,Santarém,PA,Norte,-2.43,-54.71
2019,228,1.51,0.6,0.61,29.95,80.18,1.62,18.01,8.46,Santarém,PA,Norte,-2.43,-54.71
2019,229,0.28,0.6,0.6,30.41,77.76,1.44,19.35,9.0,Santarém,PA,Norte,-2.43,-54.71
2019,230,1.13,0.59,0.59,31.43,70.94,1.31,21.98,10.11,Santarém,PA,Norte,-2.43,-54.71
2019,231,0.66,0.59,0.59,32.08,71.46,1.26,22.09,10.27,Santarém,PA,Norte,-2.43,-54.71
2019,232,0.02,0.58,0.58,31.43,73.71,1.38,22.82,10.63,Santarém,PA,Norte,-2.43,-54.71
2019,233,0.04,0.58,0.57,32.29,71.49,1.67,20.65,9.56,Santarém,PA,Norte,-2.43,-54.71
2019,234,1.44,0.57,0.57,32.36,71.74,1.57,21.09,9.74,Santarém,PA,Norte,-2.43,-54.71
2019,235,1.14,0.57,0.57,32.09,73.72,1.32,20.55,9.5,Santarém,PA,Norte,-2.43,-54.71
2019,236,0.0,0.56,0.56,32.26,71.4,1.32,21.95,10.17,Santarém,PA,Norte,-2.43,-54.71
2019,237,0.07,0.56,0.55,32.79,71.06,1.51,22.09,10.18,Santarém,PA,Norte,-2.43,-54.71
2019,238,0.04,0.55,0.55,32.77,69.18,1.63,19.17,8.93,Santarém,PA,Norte,-2.43,-54.71
2019,239,0.0,0.55,0.54,33.74,65.57,1.58,23.12,10.72,Santarém,PA,Norte,-2.43,-54.71
2019,240,0.11,0.54,0.53,33.13,67.34,1.37,22.1,10.27,Santarém,PA,Norte,-2.43,-54.71
2019,241,0.8,0.54,0.53,32.99,68.64,1.41,23.27,10.74,Santarém,PA,Norte,-2.43,-54.71
2019,242,2.31,0.54,0.54,32.01,74.05,1.59,20.48,9.49,Santarém,PA,Norte,-2.43,-54.71
2019,243,1.26,0.54,0.54,30.84,77.86,1.45,20.5,9.53,Santarém,PA,Norte,-2.43,-54.71
2019,244,0.07,0.54,0.53,31.98,74.24,1.41,21.82,9.99,Santarém,PA,Norte,-2.43,-54.71
2019,245,0.0,0.53,0.53,32.33,72.86,1.37,23.06,10.63,Santarém,PA,Norte,-2.43,-54.71
2019,246,0.17,0.53,0.52,33.4,70.27,1.35,21.02,9.63,Santarém,PA,Norte,-2.43,-54.71
2019,247,0.06,0.53,0.52,32.96,72.55,1.44,19.58,8.96,Santarém,PA,Norte,-2.43,-54.71
2019,248,0.0,0.52,0.51,34.09,67.78,1.77,18.39,8.39,Santarém,PA,Norte,-2.43,-54.71
2019,249,0.03,0.52,0.5,34.64,64.22,1.64,24.41,11.25,Santarém,PA,Norte,-2.43,-54.71
2019,250,1.68,0.52,0.5,34.96,62.92,1.53,21.75,10.19,Santarém,PA,Norte,-2.43,-54.71
2019,251,2.7,0.52,0.52,31.74,74.95,1.53,20.58,9.59,Santarém,PA,Norte,-2.43,-54.71
2019,252,0.45,0.52,0.5,35.34,65.37,1.43,23.22,10.78,Santarém,PA,Norte,-2.43,-54.71
2019,253,0.2,0.51,0.49,35.4,63.25,1.66,21.87,10.11,Santarém,PA,Norte,-2.43,-54.71
2019,254,0.15,0.51,0.48,35.85,61.74,1.59,23.1,10.74,Santarém,PA,Norte,-2.43,-54.71
2019,255,0.0,0.5,0.47,36.13,60.24,1.67,24.17,11.19,Santarém,PA,Norte,-2.43,-54.71
2019,256,0.0,0.5,0.47,36.04,60.1,1.74,23.52,10.93,Santarém,PA,Norte,-2.43,-54.71
2019,257,0.0,0.5,0.47,35.78,61.32,1.56,23.21,10.83,Santarém,PA,Norte,-2.43,-54.71
2019,258,0.15,0.5,0.46,37.13,58.43,1.3,20.53,9.32,Santarém,PA,Norte,-2.43,-54.71
2019,259,0.12,0.49,0.46,36.47,59.42,1.57,22.22,10.32,Santarém,PA,Norte,-2.43,-54.71
2019,260,0.3,0.49,0.46,36.22,60.04,1.51,22.02,10.11,Santarém,PA,Norte,-2.43,-54.71
2019,261,0.19,0.49,0.46,35.84,61.49,1.57,21.15,9.72,Santarém,PA,Norte,-2.43,-54.71
2019,262,0.0,0.49,0.45,36.3,58.31,1.89,21.42,9.84,Santarém,PA,Norte,-2.43,-54.71
2019,263,0.0,0.49,0.44,36.64,51.14,1.84,25.86,11.86,Santarém,PA,Norte,-2.43,-54.71
2019,264,0.0,0.48,0.44,36.54,56.51,1.36,24.27,11.19,Santarém,PA,Norte,-2.43,-54.71
2019,265,0.01,0.48,0.44,37.05,55.87,1.6,21.96,10.0,Santarém,PA,Norte,-2.43,-54.71
2019,266,0.09,0.48,0.43,36.63,55.67,1.31,20.98,9.55,Santarém,PA,Norte,-2.43,-54.71
2019,267,0.35,0.48,0.43,33.5,61.01,1.4,21.03,9.65,Santarém,PA,Norte,-2.43,-54.71
2019,268,1.31,0.48,0.43,36.6,57.24,1.17,20.86,9.59,Santarém,PA,Norte,-2.43,-54.71
2019,269,1.45,0.48,0.44,35.46,59.62,1.28,21.61,10.01,Santarém,PA,Norte,-2.43,-54.71
2019,270,5.33,0.48,0.47,34.06,63.16,1.27,15.79,7.42,Santarém,PA,Norte,-2.43,-54.71
2019,271,1.73,0.49,0.49,33.62,66.34,1.21,18.79,8.64,Santarém,PA,Norte,-2.43,-54.71
2019,272,0.74,0.49,0.47,35.87,59.69,1.35,21.09,9.63,Santarém,PA,Norte,-2.43,-54.71
2019,273,0.35,0.49,0.46,36.04,56.82,1.82,22.23,10.16,Santarém,PA,Norte,-2.43,-54.71
2019,274,0.02,0.48,0.44,35.85,53.16,1.75,22.13,10.05,Santarém,PA,Norte,-2.43,-54.71
2019,275,0.1,0.48,0.43,36.11,55.82,1.62,22.88,10.49,Santarém,PA,Norte,-2.43,-54.71
2019,276,0.19,0.48,0.42,34.99,60.28,1.51,18.3,8.38,Santarém,PA,Norte,-2.43,-54.71
2019,277,0.88,0.48,0.42,35.45,59.44,1.45,22.4,10.33,Santarém,PA,Norte,-2.43,-54.71
2019,278,0.95,0.48,0.42,35.65,54.4,1.14,22.43,10.26,Santarém,PA,Norte,-2.43,-54.71
2019,279,1.15,0.48,0.41,35.65,57.93,1.08,20.27,9.25,Santarém,PA,Norte,-2.43,-54.71
2019,280,3.48,0.48,0.46,33.8,70.46,1.11,19.02,8.8,Santarém,PA,Norte,-2.43,-54.71
2019,281,13.67,0.49,0.52,32.96,70.86,1.16,19.63,9.02,Santarém,PA,Norte,-2.43,-54.71
2019,282,5.02,0.51,0.53,28.85,81.4,1.26,17.82,8.19,Santarém,PA,Norte,-2.43,-54.71
2019,283,0.41,0.51,0.49,33.84,69.12,1.42,21.43,9.78,Santarém,PA,Norte,-2.43,-54.71
2019,284,0.0,0.5,0.48,34.47,60.57,1.7,20.57,9.37,Santarém,PA,Norte,-2.43,-54.71
2019,285,0.06,0.5,0.47,34.56,60.17,1.75,22.81,10.49,Santarém,PA,Norte,-2.43,-54.71
2019,286,0.02,0.49,0.47,35.3,58.34,1.35,22.37,10.17,Santarém,PA,Norte,-2.43,-54.71
2019,287,0.02,0.49,0.46,34.99,62.68,1.26,20.32,9.32,Santarém,PA,Norte,-2.43,-54.71
2019,288,2.73,0.49,0.47,34.12,64.81,1.41,15.59,7.14,Santarém,PA,Norte,-2.43,-54.71
2019,289,1.46,0.49,0.48,33.52,67.54,0.91,17.9,8.27,Santarém,PA,Norte,-2.43,-54.71
2019,290,10.55,0.5,0.53,32.61,75.41,1.13,17.17,7.84,Santarém,PA,Norte,-2.43,-54.71
2019,291,2.5,0.51,0.51,33.74,74.19,1.21,18.46,8.54,Santarém,PA,Norte,-2.43,-54.71
2019,292,0.44,0.5,0.49,31.47,71.64,1.44,17.94,8.06,Santarém,PA,Norte,-2.43,-54.71
2019,293,1.63,0.5,0.49,34.3,66.42,1.2,18.48,8.45,Santarém,PA,Norte,-2.43,-54.71
2019,294,0.26,0.5,0.48,32.15,73.19,0.97,17.21,7.96,Santarém,PA,Norte,-2.43,-54.71
2019,295,2.84,0.5,0.5,29.64,78.24,0.83,15.33,7.07,Santarém,PA,Norte,-2.43,-54.71
2019,296,0.12,0.5,0.48,30.86,71.63,1.22,15.83,7.3,Santarém,PA,Norte,-2.43,-54.71
2019,297,0.01,0.5,0.47,35.62,60.22,0.99,23.38,10.79,Santarém,PA,Norte,-2.43,-54.71
2019,298,1.51,0.49,0.48,35.9,57.4,1.06,21.46,9.86,Santarém,PA,Norte,-2.43,-54.71
2019,299,1.54,0.49,0.48,33.11,72.82,1.1,18.23,8.3,Santarém,PA,Norte,-2.43,-54.71
2019,300,0.07,0.49,0.47,35.9,64.14,1.49,19.01,8.68,Santarém,PA,Norte,-2.43,-54.71
2019,301,0.27,0.49,0.46,35.79,60.33,1.63,18.82,8.4,Santarém,PA,Norte,-2.43,-54.71
2019,302,0.23,0.48,0.46,36.04,56.74,1.37,20.75,9.41,Santarém,PA,Norte,-2.43,-54.71
2019,303,0.16,0.48,0.45,35.75,58.27,1.24,18.81,8.55,Santarém,PA,Norte,-2.43,-54.71
2019,304,0.23,0.48,0.45,34.04,62.05,1.29,17.09,7.83,Santarém,PA,Norte,-2.43,-54.71
2019,305,0.13,0.48,0.45,31.13,68.92,1.23,18.11,8.25,Santarém,PA,Norte,-2.43,-54.71
2019,306,0.0,0.48,0.44,35.84,59.17,1.08,19.93,8.97,Santarém,PA,Norte,-2.43,-54.71
2019,307,15.84,0.49,0.52,32.4,68.59,0.89,19.05,8.59,Santarém,PA,Norte,-2.43,-54.71
2019,308,5.47,0.51,0.54,32.65,71.81,1.35,14.0,6.4,Santarém,PA,Norte,-2.43,-54.71
2019,309,0.56,0.51,0.49,33.38,68.81,1.6,18.43,8.48,Santarém,PA,Norte,-2.43,-54.71
2019,310,0.09,0.5,0.48,34.8,61.14,1.47,21.22,9.69,Santarém,PA,Norte,-2.43,-54.71
2019,311,0.15,0.5,0.47,35.78,60.39,1.04,21.54,9.85,Santarém,PA,Norte,-2.43,-54.71
2019,312,2.29,0.49,0.48,33.81,63.01,0.96,19.04,8.71,Santarém,PA,Norte,-2.43,-54.71
2019,313,0.88,0.49,0.49,31.07,73.28,1.12,9.47,4.58,Santarém,PA,Norte,-2.43,-54.71
2019,314,0.75,0.49,0.48,33.21,67.42,1.22,17.19,7.97,Santarém,PA,Norte,-2.43,-54.71
2019,315,4.47,0.5,0.5,33.58,68.27,1.15,19.7,9.11,Santarém,PA,Norte,-2.43,-54.71
2019,316,0.14,0.5,0.48,31.42,70.91,1.05,19.94,9.18,Santarém,PA,Norte,-2.43,-54.71
2019,317,1.07,0.49,0.48,32.91,70.07,1.09,15.7,7.29,Santarém,PA,Norte,-2.43,-54.71
2019,318,5.89,0.5,0.51,30.85,78.67,1.09,13.79,6.38,Santarém,PA,Norte,-2.43,-54.71
2019,319,0.12,0.5,0.49,32.41,72.77,1.08,16.58,7.59,Santarém,PA,Norte,-2.43,-54.71
2019,320,13.22,0.5,0.54,33.5,71.48,1.05,15.43,7.15,Santarém,PA,Norte,-2.43,-54.71
2019,321,13.0,0.53,0.59,27.72,89.68,0.82,11.65,5.49,Santarém,PA,Norte,-2.43,-54.71
2019,322,4.27,0.53,0.55,27.92,82.93,1.13,13.21,6.24,Santarém,PA,Norte,-2.43,-54.71
2019,323,0.64,0.53,0.53,32.63,70.7,1.07,13.81,6.54,Santarém,PA,Norte,-2.43,-54.71
2019,324,0.45,0.52,0.51,33.15,69.87,0.95,15.29,6.92,Santarém,PA,Norte,-2.43,-54.71
2019,325,4.39,0.52,0.52,28.14,81.53,1.11,6.28,3.07,Santarém,PA,Norte,-2.43,-54.71
2019,326,6.71,0.53,0.55,31.03,76.99,0.88,19.54,9.0,Santarém,PA,Norte,-2.43,-54.71
2019,327,0.0,0.53,0.51,29.06,75.43,1.34,21.02,9.82,Santarém,PA,Norte,-2.43,-54.71
2019,328,0.0,0.52,0.5,33.8,66.86,1.33,23.09,10.81,Santarém,PA,Norte,-2.43,-54.71
2019,329,0.01,0.51,0.49,34.84,67.51,1.37,22.76,10.55,Santarém,PA,Norte,-2.43,-54.71
2019,330,0.13,0.51,0.48,34.35,65.39,1.73,19.92,9.24,Santarém,PA,Norte,-2.43,-54.71
2019,331,0.05,0.51,0.48,33.83,62.97,1.65,18.0,8.35,Santarém,PA,Norte,-2.43,-54.71
2019,332,0.0,0.5,0.48,34.39,65.03,1.25,20.01,9.2,Santarém,PA,Norte,-2.43,-54.71
2019,333,0.0,0.5,0.48,34.31,66.15,1.24,19.76,9.08,Santarém,PA,Norte,-2.43,-54.71
2019,334,0.0,0.5,0.47,35.14,64.83,1.44,20.92,9.67,Santarém,PA,Norte,-2.43,-54.71
2019,335,0.0,0.49,0.47,34.28,62.75,1.81,20.59,9.56,Santarém,PA,Norte,-2.43,-54.71
2019,336,0.0,0.49,0.47,34.65,58.96,1.57,23.06,10.65,Santarém,PA,Norte,-2.43,-54.71
2019,337,0.44,0.49,0.47,35.26,59.1,1.51,19.41,9.0,Santarém,PA,Norte,-2.43,-54.71
2019,338,1.38,0.49,0.47,34.75,61.85,1.58,19.11,8.71,Santarém,PA,Norte,-2.43,-54.71
2019,339,0.32,0.49,0.47,31.74,69.06,1.41,13.49,6.21,Santarém,PA,Norte,-2.43,-54.71
2019,340,0.57,0.49,0.47,34.08,65.65,1.6,19.34,8.94,Santarém,PA,Norte,-2.43,-54.71
2019,341,1.61,0.49,0.47,35.09,61.55,1.46,20.42,9.46,Santarém,PA,Norte,-2.43,-54.71
2019,342,5.44,0.49,0.49,34.73,58.84,1.04,18.58,8.62,Santarém,PA,Norte,-2.43,-54.71
2019,343,8.87,0.5,0.53,31.42,70.34,1.32,16.98,7.92,Santarém,PA,Norte,-2.43,-54.71
2019,344,2.92,0.51,0.51,31.55,75.31,1.51,18.79,8.77,Santarém,PA,Norte,-2.43,-54.71
2019,345,0.96,0.5,0.49,34.2,65.48,1.38,20.72,9.62,Santarém,PA,Norte,-2.43,-54.71
2019,346,1.7,0.5,0.49,32.63,69.34,1.2,17.34,8.01,Santarém,PA,Norte,-2.43,-54.71
2019,347,0.86,0.5,0.49,33.88,65.87,1.1,19.05,8.76,Santarém,PA,Norte,-2.43,-54.71
2019,348,1.31,0.5,0.48,33.82,66.31,1.21,17.81,8.26,Santarém,PA,Norte,-2.43,-54.71
2019,349,4.15,0.5,0.5,29.58,79.2,0.88,12.3,5.88,Santarém,PA,Norte,-2.43,-54.71
2019,350,4.24,0.5,0.5,32.59,71.79,1.3,19.71,9.16,Santarém,PA,Norte,-2.43,-54.71
2019,351,1.07,0.5,0.5,29.83,75.38,1.2,12.85,6.06,Santarém,PA,Norte,-2.43,-54.71
2019,352,0.17,0.5,0.48,33.86,65.87,1.68,20.59,9.58,Santarém,PA,Norte,-2.43,-54.71
2019,353,0.08,0.5,0.47,34.54,62.59,1.84,19.54,9.11,Santarém,PA,Norte,-2.43,-54.71
2019,354,0.39,0.49,0.47,33.98,65.57,1.55,19.93,9.33,Santarém,PA,Norte,-2.43,-54.71
2019,355,0.49,0.49,0.47,33.13,68.2,1.46,18.76,8.75,Santarém,PA,Norte,-2.43,-54.71
2019,356,5.61,0.49,0.49,32.7,73.46,1.5,18.87,8.86,Santarém,PA,Norte,-2.43,-54.71
2019,357,5.56,0.5,0.52,32.18,77.1,1.07,15.94,7.57,Santarém,PA,Norte,-2.43,-54.71
2019,358,1.99,0.5,0.49,33.6,70.34,1.39,18.76,8.82,Santarém,PA,Norte,-2.43,-54.71
2019,359,2.63,0.5,0.49,32.62,68.94,1.38,15.07,7.1,Santarém,PA,Norte,-2.43,-54.71
2019,360,11.93,0.51,0.54,29.95,82.09,1.28,13.37,6.35,Santarém,PA,Norte,-2.43,-54.71
2019,361,8.86,0.52,0.56,31.64,78.77,1.09,17.72,8.32,Santarém,PA,Norte,-2.43,-54.71
2019,362,5.86,0.53,0.56,30.71,78.76,1.19,15.76,7.41,Santarém,PA,Norte,-2.43,-54.71
2019,363,3.99,0.53,0.54,29.69,81.37,1.33,11.26,5.51,Santarém,PA,Norte,-2.43,-54.71
2019,364,2.11,0.52,0.52,31.31,77.23,1.25,13.11,6.24,Santarém,PA,Norte,-2.43,-54.71
2019,365,4.19,0.52,0.53,29.01,80.71,1.25,16.45,7.81,Santarém,PA,Norte,-2.43,-54.71
2020,1,3.01,0.52,0.53,31.11,75.86,1.33,17.47,8.36,Santarém,PA,Norte,-2.43,-54.71
2020,2,7.4,0.52,0.54,28.96,81.38,1.21,17.55,8.39,Santarém,PA,Norte,-2.43,-54.71
2020,3,9.55,0.54,0.58,26.98,87.08,0.9,10.13,5.01,Santarém,PA,Norte,-2.43,-54.71
2020,4,0.83,0.53,0.53,31.75,70.97,0.84,16.94,8.11,Santarém,PA,Norte,-2.43,-54.71
2020,5,9.1,0.53,0.56,30.83,76.61,1.0,17.68,8.43,Santarém,PA,Norte,-2.43,-54.71
2020,6,8.34,0.54,0.58,29.15,82.88,1.52,12.69,6.12,Santarém,PA,Norte,-2.43,-54.71
2020,7,1.28,0.54,0.54,31.29,77.37,1.64,14.4,6.91,Santarém,PA,Norte,-2.43,-54.71
2020,8,1.52,0.53,0.53,31.06,76.11,1.56,16.77,7.95,Santarém,PA,Norte,-2.43,-54.71
2020,9,0.41,0.53,0.52,32.34,72.13,1.31,20.81,9.87,Santarém,PA,Norte,-2.43,-54.71
2020,10,0.93,0.52,0.5,32.01,69.88,1.47,20.59,9.68,Santarém,PA,Norte,-2.43,-54.71
2020,11,0.9,0.52,0.5,33.19,65.46,1.46,22.07,10.46,Santarém,PA,Norte,-2.43,-54.71
2020,12,1.42,0.51,0.49,33.57,64.73,1.44,17.98,8.52,Santarém,PA,Norte,-2.43,-54.71
2020,13,3.0,0.52,0.51,30.7,74.89,1.41,18.56,8.85,Santarém,PA,Norte,-2.43,-54.71
2020,14,1.09,0.51,0.5,33.48,67.53,1.33,17.18,8.16,Santarém,PA,Norte,-2.43,-54.71
2020,15,3.22,0.51,0.5,33.42,68.71,1.54,21.14,10.0,Santarém,PA,Norte,-2.43,-54.71
2020,16,6.2,0.52,0.53,31.19,78.96,1.25,18.8,8.95,Santarém,PA,Norte,-2.43,-54.71
2020,17,1.55,0.52,0.52,31.45,77.14,1.16,19.68,9.27,Santarém,PA,Norte,-2.43,-54.71
2020,18,1.68,0.52,0.51,31.47,76.11,1.31,14.49,6.94,Santarém,PA,Norte,-2.43,-54.71
2020,19,0.45,0.52,0.5,31.45,75.2,1.41,16.58,7.92,Santarém,PA,Norte,-2.43,-54.71
2020,20,2.25,0.51,0.5,32.7,69.93,1.24,20.38,9.68,Santarém,PA,Norte,-2.43,-54.71
2020,21,5.65,0.52,0.53,30.26,75.18,1.26,11.73,5.73,Santarém,PA,Norte,-2.43,-54.71
2020,22,0.34,0.52,0.5,32.84,65.27,0.98,16.62,7.83,Santarém,PA,Norte,-2.43,-54.71
2020,23,0.08,0.51,0.49,33.74,63.74,1.27,17.91,8.27,Santarém,PA,Norte,-2.43,-54.71
2020,24,0.04,0.51,0.48,34.78,63.04,1.29,23.95,11.27,Santarém,PA,Norte,-2.43,-54.71
2020,25,3.49,0.5,0.5,32.18,71.24,1.05,20.98,9.95,Santarém,PA,Norte,-2.43,-54.71
2020,26,1.29,0.51,0.5,31.75,75.95,1.31,17.59,8.3,Santarém,PA,Norte,-2.43,-54.71
2020,27,0.77,0.51,0.49,32.28,72.16,1.69,18.23,8.57,Santarém,PA,Norte,-2.43,-54.71
2020,28,0.48,0.5,0.48,32.93,67.02,1.55,19.62,9.19,Santarém,PA,Norte,-2.43,-54.71
2020,29,0.89,0.5,0.48,33.82,67.94,1.57,14.03,6.51,Santarém,PA,Norte,-2.43,-54.71
2020,30,0.42,0.5,0.47,34.18,66.32,1.7,20.44,9.57,Santarém,PA,Norte,-2.43,-54.71
2020,31,6.33,0.5,0.5,31.93,76.43,1.8,10.18,4.94,Santarém,PA,Norte,-2.43,-54.71
2020,32,1.8,0.5,0.5,33.51,69.27,1.78,20.36,9.62,Santarém,PA,Norte,-2.43,-54.71
2020,33,0.28,0.5,0.48,32.95,63.46,1.48,19.22,8.94,Santarém,PA,Norte,-2.43,-54.71
2020,34,7.94,0.51,0.52,28.75,79.36,1.26,18.36,8.66,Santarém,PA,Norte,-2.43,-54.71
2020,35,12.95,0.52,0.57,30.02,78.92,0.96,18.84,8.81,Santarém,PA,Norte,-2.43,-54.71
2020,36,4.42,0.53,0.55,30.91,72.91,1.44,19.58,9.22,Santarém,PA,Norte,-2.43,-54.71
2020,37,0.11,0.52,0.51,31.73,69.37,1.5,18.99,8.85,Santarém,PA,Norte,-2.43,-54.71
2020,38,1.33,0.52,0.5,32.05,66.68,1.28,15.52,7.35,Santarém,PA,Norte,-2.43,-54.71
2020,39,20.63,0.53,0.59,27.77,85.25,1.31,10.1,4.94,Santarém,PA,Norte,-2.43,-54.71
2020,40,6.19,0.55,0.57,29.16,81.04,1.37,15.19,7.25,Santarém,PA,Norte,-2.43,-54.71
2020,41,8.1,0.55,0.57,30.8,79.62,1.49,17.13,8.09,Santarém,PA,Norte,-2.43,-54.71
2020,42,16.83,0.56,0.62,30.39,83.12,1.35,11.33,5.53,Santarém,PA,Norte,-2.43,-54.71
2020,43,8.68,0.57,0.6,29.73,82.25,1.1,12.79,6.17,Santarém,PA,Norte,-2.43,-54.71
2020,44,18.67,0.58,0.63,29.21,84.41,1.25,19.38,9.16,Santarém,PA,Norte,-2.43,-54.71
2020,45,17.98,0.6,0.67,28.44,86.09,1.22,15.73,7.45,Santarém,PA,Norte,-2.43,-54.71
2020,46,3.53,0.6,0.62,29.37,84.38,1.27,16.77,7.95,Santarém,PA,Norte,-2.43,-54.71
2020,47,3.3,0.59,0.61,29.95,83.01,1.5,20.84,9.88,Santarém,PA,Norte,-2.43,-54.71
2020,48,2.89,0.58,0.59,30.53,80.57,1.61,19.94,9.48,Santarém,PA,Norte,-2.43,-54.71
2020,49,2.81,0.57,0.58,30.58,80.48,1.59,18.18,8.51,Santarém,PA,Norte,-2.43,-54.71
2020,50,10.82,0.57,0.61,29.4,84.28,1.35,16.4,7.71,Santarém,PA,Norte,-2.43,-54.71
2020,51,14.18,0.6,0.65,28.42,86.66,1.26,8.66,4.26,Santarém,PA,Norte,-2.43,-54.71
2020,52,6.24,0.6,0.63,29.09,86.72,1.3,15.43,7.32,Santarém,PA,Norte,-2.43,-54.71
2020,53,6.82,0.59,0.63,28.32,87.52,1.31,10.07,4.93,Santarém,PA,Norte,-2.43,-54.71
2020,54,10.16,0.6,0.64,28.62,87.05,1.25,14.83,6.99,Santarém,PA,Norte,-2.43,-54.71
2020,55,8.8,0.6,0.64,29.44,86.49,1.26,15.43,7.39,Santarém,PA,Norte,-2.43,-54.71
2020,56,5.39,0.6,0.64,28.26,89.04,1.27,17.76,8.4,Santarém,PA,Norte,-2.43,-54.71
2020,57,4.95,0.6,0.63,29.26,86.89,1.22,17.31,8.23,Santarém,PA,Norte,-2.43,-54.71
2020,58,2.43,0.6,0.63,29.35,87.15,1.15,19.55,9.25,Santarém,PA,Norte,-2.43,-54.71
2020,59,3.0,0.6,0.62,29.55,80.49,1.14,21.6,10.17,Santarém,PA,Norte,-2.43,-54.71
2020,60,2.21,0.59,0.61,29.33,77.03,1.01,13.56,6.35,Santarém,PA,Norte,-2.43,-54.71
2020,61,23.62,0.61,0.69,28.78,86.3,1.07,15.53,7.36,Santarém,PA,Norte,-2.43,-54.71
2020,62,19.03,0.64,0.71,26.78,88.37,1.08,13.63,6.33,Santarém,PA,Norte,-2.43,-54.71
2020,63,2.45,0.64,0.67,28.18,86.96,1.44,16.2,7.66,Santarém,PA,Norte,-2.43,-54.71
2020,64,3.02,0.63,0.66,28.96,85.03,1.52,19.01,9.02,Santarém,PA,Norte,-2.43,-54.71
2020,65,1.96,0.62,0.64,29.2,83.13,1.45,17.5,8.05,Santarém,PA,Norte,-2.43,-54.71
2020,66,0.42,0.61,0.63,29.16,81.87,1.36,17.6,8.23,Santarém,PA,Norte,-2.43,-54.71
2020,67,4.49,0.6,0.62,29.99,76.79,1.11,21.09,9.97,Santarém,PA,Norte,-2.43,-54.71
2020,68,13.44,0.61,0.66,27.52,85.83,0.99,16.02,7.62,Santarém,PA,Norte,-2.43,-54.71
2020,69,2.97,0.62,0.64,27.15,86.46,1.26,12.58,6.03,Santarém,PA,Norte,-2.43,-54.71
2020,70,2.94,0.61,0.64,28.75,81.86,1.24,16.79,7.95,Santarém,PA,Norte,-2.43,-54.71
2020,71,1.66,0.61,0.62,29.68,79.1,1.2,17.96,8.42,Santarém,PA,Norte,-2.43,-54.71
2020,72,0.78,0.6,0.61,30.47,79.9,1.4,21.42,10.1,Santarém,PA,Norte,-2.43,-54.71
2020,73,0.34,0.59,0.6,31.52,77.58,1.47,23.29,11.01,Santarém,PA,Norte,-2.43,-54.71
2020,74,34.7,0.6,0.69,28.66,84.31,1.24,16.66,7.81,Santarém,PA,Norte,-2.43,-54.71
2020,75,37.5,0.69,0.79,27.12,89.3,1.03,10.52,5.08,Santarém,PA,Norte,-2.43,-54.71
2020,76,0.06,0.68,0.7,29.2,83.03,1.31,25.5,12.11,Santarém,PA,Norte,-2.43,-54.71
2020,77,0.89,0.66,0.68,28.44,86.36,1.44,23.65,11.23,Santarém,PA,Norte,-2.43,-54.71
2020,78,2.39,0.65,0.68,28.33,86.85,1.21,21.71,10.29,Santarém,PA,Norte,-2.43,-54.71
2020,79,23.56,0.67,0.74,26.87,91.67,1.03,12.91,6.16,Santarém,PA,Norte,-2.43,-54.71
2020,80,2.61,0.68,0.71,26.74,86.49,1.27,10.44,5.09,Santarém,PA,Norte,-2.43,-54.71
2020,81,0.03,0.66,0.69,28.91,82.06,1.2,19.98,9.36,Santarém,PA,Norte,-2.43,-54.71
2020,82,0.01,0.65,0.67,29.35,84.79,1.38,22.84,10.78,Santarém,PA,Norte,-2.43,-54.71
2020,83,6.83,0.64,0.69,29.29,82.28,1.01,21.68,10.25,Santarém,PA,Norte,-2.43,-54.71
2020,84,10.16,0.66,0.71,27.73,85.7,0.95,11.78,5.64,Santarém,PA,Norte,-2.43,-54.71
2020,85,4.92,0.66,0.7,28.11,87.62,1.28,21.74,10.29,Santarém,PA,Norte,-2.43,-54.71
2020,86,1.41,0.65,0.68,29.34,86.28,1.32,23.68,11.24,Santarém,PA,Norte,-2.43,-54.71
2020,87,2.85,0.65,0.68,28.72,88.78,1.38,21.02,9.9,Santarém,PA,Norte,-2.43,-54.71
2020,88,1.02,0.65,0.67,29.66,86.49,1.48,18.5,8.69,Santarém,PA,Norte,-2.43,-54.71
2020,89,4.92,0.64,0.67,29.62,87.3,1.44,17.65,8.46,Santarém,PA,Norte,-2.43,-54.71
2020,90,8.55,0.65,0.69,27.99,91.05,1.27,14.69,7.01,Santarém,PA,Norte,-2.43,-54.71
2020,91,25.42,0.67,0.75,27.43,91.46,0.96,14.23,6.79,Santarém,PA,Norte,-2.43,-54.71
2020,92,11.58,0.69,0.74,28.77,87.16,0.96,14.33,6.87,Santarém,PA,Norte,-2.43,-54.71
2020,93,7.98,0.69,0.73,28.32,87.63,1.31,13.37,6.51,Santarém,PA,Norte,-2.43,-54.71
2020,94,25.96,0.71,0.77,27.06,93.7,1.2,19.3,9.27,Santarém,PA,Norte,-2.43,-54.71
2020,95,4.45,0.72,0.75,27.9,91.56,1.26,19.03,9.12,Santarém,PA,Norte,-2.43,-54.71
2020,96,3.5,0.71,0.74,29.28,89.69,1.46,18.08,8.72,Santarém,PA,Norte,-2.43,-54.71
2020,97,1.51,0.7,0.72,28.86,90.48,1.33,18.75,8.92,Santarém,PA,Norte,-2.43,-54.71
2020,98,3.02,0.69,0.72,28.76,89.55,1.31,14.16,6.77,Santarém,PA,Norte,-2.43,-54.71
2020,99,9.8,0.69,0.73,28.75,89.47,1.26,17.83,8.43,Santarém,PA,Norte,-2.43,-54.71
2020,100,4.95,0.7,0.74,28.55,87.07,0.93,14.37,6.86,Santarém,PA,Norte,-2.43,-54.71
2020,101,9.15,0.7,0.73,29.23,86.06,1.3,21.74,10.32,Santarém,PA,Norte,-2.43,-54.71
2020,102,6.94,0.7,0.74,28.09,88.29,1.14,14.2,6.71,Santarém,PA,Norte,-2.43,-54.71
2020,103,46.52,0.74,0.82,26.52,92.1,1.22,16.22,7.67,Santarém,PA,Norte,-2.43,-54.71
2020,104,16.93,0.77,0.81,26.88,89.83,0.89,7.57,3.8,Santarém,PA,Norte,-2.43,-54.71
2020,105,14.26,0.77,0.8,26.3,92.54,1.09,13.73,6.54,Santarém,PA,Norte,-2.43,-54.71
2020,106,6.16,0.78,0.8,26.22,90.1,1.11,6.42,3.24,Santarém,PA,Norte,-2.43,-54.71
2020,107,5.91,0.77,0.79,27.87,84.52,0.76,17.91,8.49,Santarém,PA,Norte,-2.43,-54.71
2020,108,2.61,0.76,0.78,26.73,85.08,0.82,12.98,6.25,Santarém,PA,Norte,-2.43,-54.71
2020,109,2.88,0.76,0.78,28.7,82.87,0.82,16.65,7.93,Santarém,PA,Norte,-2.43,-54.71
2020,110,31.3,0.78,0.83,26.72,86.27,0.57,8.98,4.45,Santarém,PA,Norte,-2.43,-54.71
2020,111,15.65,0.8,0.83,28.24,80.33,0.5,14.55,6.97,Santarém,PA,Norte,-2.43,-54.71
2020,112,4.26,0.8,0.81,28.73,78.02,0.58,19.2,9.17,Santarém,PA,Norte,-2.43,-54.71
2020,113,3.77,0.79,0.8,27.11,83.88,0.58,12.5,6.06,Santarém,PA,Norte,-2.43,-54.71
2020,114,11.35,0.79,0.82,27.79,83.03,0.9,16.58,7.96,Santarém,PA,Norte,-2.43,-54.71
2020,115,8.49,0.8,0.82,26.84,88.13,1.27,15.54,7.52,Santarém,PA,Norte,-2.43,-54.71
2020,116,6.09,0.8,0.81,28.05,86.06,0.99,19.58,9.36,Santarém,PA,Norte,-2.43,-54.71
2020,117,23.4,0.81,0.84,27.14,88.42,0.76,5.64,2.89,Santarém,PA,Norte,-2.43,-54.71
2020,118,10.63,0.83,0.84,27.65,90.12,1.01,20.36,9.68,Santarém,PA,Norte,-2.43,-54.71
2020,119,6.83,0.83,0.84,27.75,89.78,1.24,16.7,7.97,Santarém,PA,Norte,-2.43,-54.71
2020,120,3.98,0.83,0.83,27.69,92.08,1.27,13.75,6.55,Santarém,PA,Norte,-2.43,-54.71
2020,121,1.15,0.82,0.82,28.42,88.85,1.42,15.7,7.49,Santarém,PA,Norte,-2.43,-54.71
2020,122,7.86,0.82,0.82,28.35,89.28,1.34,19.34,9.17,Santarém,PA,Norte,-2.43,-54.71
2020,123,10.83,0.83,0.84,28.39,91.76,1.36,14.8,7.1,Santarém,PA,Norte,-2.43,-54.71
2020,124,5.91,0.83,0.83,28.57,90.41,1.15,19.05,9.05,Santarém,PA,Norte,-2.43,-54.71
2020,125,2.86,0.83,0.83,29.12,88.41,1.29,17.85,8.5,Santarém,PA,Norte,-2.43,-54.71
2020,126,5.99,0.82,0.83,27.97,91.25,1.34,16.83,7.92,Santarém,PA,Norte,-2.43,-54.71
2020,127,14.37,0.84,0.85,26.55,92.72,1.06,16.61,7.84,Santarém,PA,Norte,-2.43,-54.71
2020,128,14.25,0.85,0.86,26.23,91.96,0.85,8.65,4.23,Santarém,PA,Norte,-2.43,-54.71
2020,129,8.84,0.85,0.85,29.1,84.4,0.88,18.67,8.85,Santarém,PA,Norte,-2.43,-54.71
2020,130,1.14,0.84,0.84,29.43,85.16,1.13,22.13,10.49,Santarém,PA,Norte,-2.43,-54.71
2020,131,1.5,0.83,0.83,29.29,86.14,1.29,20.36,9.6,Santarém,PA,Norte,-2.43,-54.71
2020,132,2.8,0.83,0.83,28.43,88.99,1.45,16.33,7.71,Santarém,PA,Norte,-2.43,-54.71
2020,133,2.73,0.82,0.83,28.94,86.62,1.49,17.79,8.38,Santarém,PA,Norte,-2.43,-54.71
2020,134,6.46,0.83,0.83,27.78,90.4,1.22,18.35,8.64,Santarém,PA,Norte,-2.43,-54.71
2020,135,7.74,0.83,0.84,27.22,90.47,1.09,15.81,7.48,Santarém,PA,Norte,-2.43,-54.71
2020,136,2.14,0.83,0.83,29.2,85.55,1.01,17.66,8.3,Santarém,PA,Norte,-2.43,-54.71
2020,137,9.1,0.83,0.84,27.67,89.92,1.2,14.58,6.97,Santarém,PA,Norte,-2.43,-54.71
2020,138,8.66,0.84,0.84,27.77,88.43,1.28,18.48,8.78,Santarém,PA,Norte,-2.43,-54.71
2020,139,6.15,0.84,0.84,26.94,92.09,1.16,15.06,7.21,Santarém,PA,Norte,-2.43,-54.71
2020,140,2.51,0.84,0.84,28.05,89.07,1.19,18.09,8.52,Santarém,PA,Norte,-2.43,-54.71
2020,141,2.65,0.83,0.83,28.08,90.23,1.05,18.1,8.55,Santarém,PA,Norte,-2.43,-54.71
2020,142,2.28,0.83,0.83,28.46,90.69,1.39,16.34,7.75,Santarém,PA,Norte,-2.43,-54.71
2020,143,5.32,0.83,0.83,27.17,92.51,1.2,14.71,7.01,Santarém,PA,Norte,-2.43,-54.71
2020,144,12.04,0.84,0.85,27.94,91.8,1.13,13.88,6.68,Santarém,PA,Norte,-2.43,-54.71
2020,145,13.18,0.85,0.85,27.3,88.33,1.08,14.75,7.06,Santarém,PA,Norte,-2.43,-54.71
2020,146,4.9,0.85,0.85,28.04,87.43,0.96,17.66,8.39,Santarém,PA,Norte,-2.43,-54.71
2020,147,3.77,0.85,0.84,28.81,86.82,1.29,20.06,9.54,Santarém,PA,Norte,-2.43,-54.71
2020,148,4.99,0.84,0.84,28.53,86.64,1.17,17.01,8.01,Santarém,PA,Norte,-2.43,-54.71
2020,149,2.58,0.84,0.84,29.11,85.56,1.21,21.55,10.18,Santarém,PA,Norte,-2.43,-54.71
2020,150,2.68,0.83,0.83,28.36,88.43,1.1,18.46,8.65,Santarém,PA,Norte,-2.43,-54.71
2020,151,9.01,0.84,0.84,26.93,92.96,1.22,16.96,8.0,Santarém,PA,Norte,-2.43,-54.71
2020,152,26.36,0.85,0.87,27.39,91.39,1.41,17.61,8.32,Santarém,PA,Norte,-2.43,-54.71
2020,153,10.35,0.87,0.87,26.32,92.49,0.88,11.51,5.51,Santarém,PA,Norte,-2.43,-54.71
2020,154,3.39,0.87,0.86,28.01,89.84,1.16,15.85,7.48,Santarém,PA,Norte,-2.43,-54.71
2020,155,3.69,0.86,0.85,28.31,89.53,1.38,19.08,9.06,Santarém,PA,Norte,-2.43,-54.71
2020,156,2.66,0.86,0.85,28.92,87.49,1.37,18.55,8.76,Santarém,PA,Norte,-2.43,-54.71
2020,157,3.09,0.85,0.85,27.78,91.24,1.32,17.95,8.51,Santarém,PA,Norte,-2.43,-54.71
2020,158,4.13,0.85,0.85,28.12,90.28,1.34,15.85,7.55,Santarém,PA,Norte,-2.43,-54.71
2020,159,3.56,0.85,0.85,27.31,92.32,1.23,19.09,9.0,Santarém,PA,Norte,-2.43,-54.71
2020,160,0.08,0.85,0.84,29.37,82.9,1.02,21.87,10.26,Santarém,PA,Norte,-2.43,-54.71
2020,161,0.95,0.84,0.84,28.54,84.05,1.08,19.0,8.91,Santarém,PA,Norte,-2.43,-54.71
2020,162,2.6,0.84,0.84,28.39,86.02,1.27,15.71,7.48,Santarém,PA,Norte,-2.43,-54.71
2020,163,4.63,0.84,0.84,27.85,88.87,1.4,17.12,8.17,Santarém,PA,Norte,-2.43,-54.71
2020,164,6.82,0.84,0.84,27.59,89.13,1.37,16.58,7.93,Santarém,PA,Norte,-2.43,-54.71
2020,165,3.81,0.84,0.84,27.27,89.05,1.18,18.5,8.82,Santarém,PA,Norte,-2.43,-54.71
2020,166,0.11,0.84,0.83,28.99,86.45,1.11,21.49,10.12,Santarém,PA,Norte,-2.43,-54.71
2020,167,0.02,0.83,0.83,27.57,87.85,1.18,20.31,9.61,Santarém,PA,Norte,-2.43,-54.71
2020,168,0.39,0.82,0.82,28.64,88.08,1.23,17.36,8.25,Santarém,PA,Norte,-2.43,-54.71
2020,169,0.54,0.82,0.82,28.63,85.48,1.01,17.96,8.52,Santarém,PA,Norte,-2.43,-54.71
2020,170,1.46,0.82,0.82,27.74,89.42,1.07,16.17,7.74,Santarém,PA,Norte,-2.43,-54.71
2020,171,1.61,0.82,0.82,27.9,88.76,1.18,16.08,7.7,Santarém,PA,Norte,-2.43,-54.71
2020,172,0.88,0.81,0.82,28.47,87.71,1.21,18.54,8.79,Santarém,PA,Norte,-2.43,-54.71
2020,173,5.21,0.81,0.81,29.13,87.89,1.24,19.29,9.15,Santarém,PA,Norte,-2.43,-54.71
2020,174,3.95,0.81,0.82,27.93,89.15,1.12,16.43,7.86,Santarém,PA,Norte,-2.43,-54.71
2020,175,2.34,0.81,0.81,28.95,84.17,1.01,21.5,10.13,Santarém,PA,Norte,-2.43,-54.71
2020,176,1.26,0.8,0.81,29.0,84.5,1.16,21.43,10.08,Santarém,PA,Norte,-2.43,-54.71
2020,177,2.27,0.8,0.81,28.5,87.81,1.3,14.12,6.77,Santarém,PA,Norte,-2.43,-54.71
2020,178,2.25,0.8,0.81,29.0,87.56,1.24,18.9,8.99,Santarém,PA,Norte,-2.43,-54.71
2020,179,5.38,0.79,0.81,29.12,86.75,1.26,19.04,9.04,Santarém,PA,Norte,-2.43,-54.71
2020,180,12.86,0.8,0.83,27.05,91.9,1.19,11.51,5.51,Santarém,PA,Norte,-2.43,-54.71
2020,181,4.4,0.81,0.82,28.37,85.74,1.19,17.76,8.4,Santarém,PA,Norte,-2.43,-54.71
2020,182,5.19,0.81,0.82,27.14,87.91,1.19,15.27,7.3,Santarém,PA,Norte,-2.43,-54.71
2020,183,3.18,0.81,0.82,27.21,88.34,1.24,18.43,8.79,Santarém,PA,Norte,-2.43,-54.71
2020,184,0.15,0.8,0.8,29.25,84.07,1.25,19.82,9.41,Santarém,PA,Norte,-2.43,-54.71
2020,185,0.01,0.79,0.8,28.98,87.08,1.35,17.9,8.43,Santarém,PA,Norte,-2.43,-54.71
2020,186,0.4,0.79,0.79,28.95,87.98,1.25,18.39,8.66,Santarém,PA,Norte,-2.43,-54.71
2020,187,0.79,0.78,0.79,28.2,90.51,1.19,19.28,9.13,Santarém,PA,Norte,-2.43,-54.71
2020,188,0.26,0.78,0.79,29.19,87.79,1.29,20.56,9.68,Santarém,PA,Norte,-2.43,-54.71
2020,189,0.04,0.77,0.78,28.73,85.63,1.15,20.1,9.38,Santarém,PA,Norte,-2.43,-54.71
2020,190,0.0,0.77,0.78,28.47,84.34,1.17,18.49,8.78,Santarém,PA,Norte,-2.43,-54.71
2020,191,15.03,0.77,0.81,26.5,91.83,1.1,17.62,8.39,Santarém,PA,Norte,-2.43,-54.71
2020,192,2.29,0.78,0.8,28.16,89.56,1.35,19.13,9.02,Santarém,PA,Norte,-2.43,-54.71
2020,193,0.79,0.78,0.79,28.56,86.18,1.38,19.18,9.11,Santarém,PA,Norte,-2.43,-54.71
2020,194,1.38,0.77,0.78,28.48,86.53,1.28,18.31,8.62,Santarém,PA,Norte,-2.43,-54.71
2020,195,0.51,0.76,0.77,29.3,84.05,1.19,21.38,10.06,Santarém,PA,Norte,-2.43,-54.71
2020,196,3.14,0.76,0.77,29.18,81.74,1.12,19.76,9.26,Santarém,PA,Norte,-2.43,-54.71
2020,197,3.41,0.76,0.78,29.03,86.89,1.29,21.18,9.9,Santarém,PA,Norte,-2.43,-54.71
2020,198,2.77,0.75,0.77,28.87,88.33,1.35,19.87,9.36,Santarém,PA,Norte,-2.43,-54.71
2020,199,1.26,0.75,0.76,28.83,87.9,1.44,19.6,9.28,Santarém,PA,Norte,-2.43,-54.71
2020,200,0.11,0.74,0.76,29.5,86.26,1.45,21.89,10.31,Santarém,PA,Norte,-2.43,-54.71
2020,201,0.0,0.73,0.75,29.46,84.42,1.44,22.86,10.63,Santarém,PA,Norte,-2.43,-54.71
2020,202,0.02,0.72,0.74,29.49,83.45,1.35,21.61,10.1,Santarém,PA,Norte,-2.43,-54.71
2020,203,2.5,0.72,0.74,29.0,84.96,1.21,16.87,7.99,Santarém,PA,Norte,-2.43,-54.71
2020,204,1.88,0.72,0.74,26.31,88.63,1.14,15.36,7.35,Santarém,PA,Norte,-2.43,-54.71
2020,205,0.15,0.72,0.73,28.85,86.13,1.34,19.91,9.38,Santarém,PA,Norte,-2.43,-54.71
2020,206,0.01,0.71,0.73,28.28,86.93,1.23,21.23,9.88,Santarém,PA,Norte,-2.43,-54.71
2020,207,0.01,0.71,0.73,29.09,87.35,1.25,21.64,10.13,Santarém,PA,Norte,-2.43,-54.71
2020,208,0.0,0.7,0.72,29.59,84.27,1.29,22.16,10.31,Santarém,PA,Norte,-2.43,-54.71
2020,209,0.02,0.69,0.71,29.73,83.46,1.34,23.01,10.75,Santarém,PA,Norte,-2.43,-54.71
2020,210,0.01,0.68,0.7,29.69,82.84,1.44,23.22,10.76,Santarém,PA,Norte,-2.43,-54.71
2020,211,0.0,0.67,0.69,29.28,79.91,1.4,23.98,10.78,Santarém,PA,Norte,-2.43,-54.71
2020,212,0.05,0.66,0.68,29.78,76.48,1.25,17.16,8.06,Santarém,PA,Norte,-2.43,-54.71
2020,213,0.01,0.66,0.67,30.38,73.51,1.1,22.01,10.36,Santarém,PA,Norte,-2.43,-54.71
2020,214,0.0,0.65,0.66,30.19,79.53,1.46,22.35,10.43,Santarém,PA,Norte,-2.43,-54.71
2020,215,0.0,0.64,0.66,29.44,81.76,1.48,21.96,10.19,Santarém,PA,Norte,-2.43,-54.71
2020,216,0.01,0.64,0.65,29.82,80.0,1.44,21.32,9.98,Santarém,PA,Norte,-2.43,-54.71
2020,217,1.74,0.63,0.65,30.4,80.05,1.38,20.11,9.39,Santarém,PA,Norte,-2.43,-54.71
2020,218,0.54,0.63,0.64,29.85,81.8,1.44,21.35,9.96,Santarém,PA,Norte,-2.43,-54.71
2020,219,0.0,0.62,0.63,30.49,79.46,1.51,22.53,10.52,Santarém,PA,Norte,-2.43,-54.71
2020,220,0.0,0.62,0.62,30.66,77.93,1.49,23.52,10.91,Santarém,PA,Norte,-2.43,-54.71
2020,221,0.0,0.61,0.61,31.15,77.53,1.4,23.14,10.76,Santarém,PA,Norte,-2.43,-54.71
2020,222,0.0,0.6,0.6,31.52,75.49,1.43,23.62,10.92,Santarém,PA,Norte,-2.43,-54.71
2020,223,0.0,0.6,0.6,31.71,75.32,1.36,22.67,10.48,Santarém,PA,Norte,-2.43,-54.71
2020,224,0.04,0.59,0.59,31.91,75.59,1.51,20.51,9.47,Santarém,PA,Norte,-2.43,-54.71
2020,225,0.05,0.58,0.58,31.76,75.18,1.48,20.38,9.51,Santarém,PA,Norte,-2.43,-54.71
2020,226,0.01,0.58,0.57,32.41,74.03,1.71,17.33,8.04,Santarém,PA,Norte,-2.43,-54.71
2020,227,0.83,0.57,0.57,32.71,72.01,1.69,23.12,10.61,Santarém,PA,Norte,-2.43,-54.71
2020,228,1.81,0.57,0.57,32.24,75.38,1.5,21.27,9.79,Santarém,PA,Norte,-2.43,-54.71
2020,229,0.53,0.57,0.57,33.32,73.06,1.5,21.37,9.86,Santarém,PA,Norte,-2.43,-54.71
2020,230,0.0,0.56,0.55,33.66,70.21,1.46,22.61,10.43,Santarém,PA,Norte,-2.43,-54.71
2020,231,0.0,0.55,0.55,33.62,70.24,1.44,21.29,9.68,Santarém,PA,Norte,-2.43,-54.71
2020,232,0.01,0.55,0.54,34.15,66.9,1.66,21.43,9.91,Santarém,PA,Norte,-2.43,-54.71
2020,233,0.01,0.54,0.53,34.66,67.17,1.59,23.63,10.87,Santarém,PA,Norte,-2.43,-54.71
2020,234,0.01,0.54,0.52,34.9,64.15,1.58,24.92,11.28,Santarém,PA,Norte,-2.43,-54.71
2020,235,5.29,0.53,0.54,33.81,68.88,0.97,21.88,9.99,Santarém,PA,Norte,-2.43,-54.71
2020,236,12.99,0.55,0.6,28.85,73.32,0.58,9.81,4.71,Santarém,PA,Norte,-2.43,-54.71
2020,237,5.74,0.57,0.59,30.09,77.87,1.33,5.6,2.89,Santarém,PA,Norte,-2.43,-54.71
2020,238,1.18,0.56,0.57,31.88,75.57,1.32,19.64,9.11,Santarém,PA,Norte,-2.43,-54.71
2020,239,0.09,0.55,0.55,33.42,69.58,1.16,22.78,10.49,Santarém,PA,Norte,-2.43,-54.71
2020,240,7.47,0.55,0.57,33.87,69.58,1.05,23.26,10.81,Santarém,PA,Norte,-2.43,-54.71
2020,241,10.35,0.57,0.61,29.93,80.22,0.94,14.15,6.65,Santarém,PA,Norte,-2.43,-54.71
2020,242,1.43,0.57,0.57,31.35,72.35,1.26,19.55,9.13,Santarém,PA,Norte,-2.43,-54.71
2020,243,0.98,0.56,0.56,32.24,75.67,1.48,18.7,8.75,Santarém,PA,Norte,-2.43,-54.71
2020,244,12.62,0.56,0.6,31.75,75.99,1.35,19.73,9.26,Santarém,PA,Norte,-2.43,-54.71
2020,245,8.53,0.58,0.62,30.25,82.63,1.37,22.0,10.12,Santarém,PA,Norte,-2.43,-54.71
2020,246,2.0,0.58,0.59,31.99,76.75,1.62,24.27,11.22,Santarém,PA,Norte,-2.43,-54.71
2020,247,0.1,0.57,0.57,32.69,72.25,1.54,23.09,10.62,Santarém,PA,Norte,-2.43,-54.71
2020,248,0.1,0.56,0.55,33.27,69.56,1.59,24.8,11.37,Santarém,PA,Norte,-2.43,-54.71
2020,249,0.05,0.55,0.54,33.89,68.41,1.44,24.01,11.07,Santarém,PA,Norte,-2.43,-54.71
2020,250,0.04,0.54,0.53,33.89,68.54,1.21,23.3,10.86,Santarém,PA,Norte,-2.43,-54.71
2020,251,0.04,0.54,0.52,33.98,66.41,1.42,21.53,9.94,Santarém,PA,Norte,-2.43,-54.71
2020,252,0.04,0.53,0.52,34.3,67.0,1.44,21.47,9.85,Santarém,PA,Norte,-2.43,-54.71
2020,253,0.02,0.53,0.51,34.12,66.17,1.61,22.67,10.61,Santarém,PA,Norte,-2.43,-54.71
2020,254,0.0,0.52,0.5,34.58,65.47,1.65,22.64,10.54,Santarém,PA,Norte,-2.43,-54.71
2020,255,0.0,0.52,0.5,34.91,62.78,1.57,22.29,10.32,Santarém,PA,Norte,-2.43,-54.71
2020,256,0.94,0.52,0.49,35.0,64.23,1.57,22.37,10.39,Santarém,PA,Norte,-2.43,-54.71
2020,257,0.46,0.51,0.49,34.8,63.93,1.6,23.51,10.86,Santarém,PA,Norte,-2.43,-54.71
2020,258,0.05,0.51,0.48,34.34,65.09,1.6,21.06,9.67,Santarém,PA,Norte,-2.43,-54.71
2020,259,0.01,0.51,0.48,35.53,63.2,1.09,21.94,9.93,Santarém,PA,Norte,-2.43,-54.71
2020,260,3.35,0.51,0.5,35.26,62.54,1.16,21.13,9.63,Santarém,PA,Norte,-2.43,-54.71
2020,261,0.89,0.51,0.49,34.78,66.37,1.47,20.9,9.53,Santarém,PA,Norte,-2.43,-54.71
2020,262,0.0,0.51,0.48,35.94,60.19,1.73,23.58,10.88,Santarém,PA,Norte,-2.43,-54.71
2020,263,0.0,0.5,0.47,36.42,58.33,1.71,23.48,10.72,Santarém,PA,Norte,-2.43,-54.71
2020,264,0.0,0.5,0.46,36.09,57.77,1.69,23.26,10.77,Santarém,PA,Norte,-2.43,-54.71
2020,265,0.02,0.5,0.46,35.84,57.83,1.45,22.61,10.43,Santarém,PA,Norte,-2.43,-54.71
2020,266,0.09,0.5,0.46,35.07,61.88,1.69,19.11,8.67,Santarém,PA,Norte,-2.43,-54.71
2020,267,0.18,0.49,0.46,34.85,63.02,1.67,20.56,9.44,Santarém,PA,Norte,-2.43,-54.71
2020,268,0.13,0.49,0.46,35.63,59.77,1.6,22.12,10.22,Santarém,PA,Norte,-2.43,-54.71
2020,269,5.55,0.49,0.47,34.95,64.87,1.55,20.92,9.6,Santarém,PA,Norte,-2.43,-54.71
2020,270,7.15,0.51,0.53,29.72,80.92,1.15,14.21,6.59,Santarém,PA,Norte,-2.43,-54.71
2020,271,1.94,0.51,0.51,31.6,71.16,1.07,19.69,9.16,Santarém,PA,Norte,-2.43,-54.71
2020,272,1.64,0.51,0.5,33.77,67.22,1.27,23.07,10.66,Santarém,PA,Norte,-2.43,-54.71
2020,273,0.06,0.5,0.48,35.24,55.98,1.7,22.51,10.44,Santarém,PA,Norte,-2.43,-54.71
2020,274,3.84,0.5,0.49,35.39,59.88,1.6,22.44,10.29,Santarém,PA,Norte,-2.43,-54.71
2020,275,6.11,0.51,0.53,32.66,68.71,1.12,21.74,9.94,Santarém,PA,Norte,-2.43,-54.71
2020,276,0.0,0.51,0.49,34.37,60.59,1.11,23.1,10.63,Santarém,PA,Norte,-2.43,-54.71
2020,277,0.0,0.5,0.48,34.74,63.27,1.23,21.0,9.54,Santarém,PA,Norte,-2.43,-54.71
2020,278,0.0,0.5,0.47,35.79,62.58,1.43,23.19,10.61,Santarém,PA,Norte,-2.43,-54.71
2020,279,0.02,0.5,0.47,36.4,60.25,1.5,20.81,9.29,Santarém,PA,Norte,-2.43,-54.71
2020,280,1.69,0.49,0.47,35.27,59.46,1.54,21.45,9.84,Santarém,PA,Norte,-2.43,-54.71
2020,281,0.47,0.49,0.47,35.67,60.6,1.49,20.58,9.32,Santarém,PA,Norte,-2.43,-54.71
2020,282,0.02,0.49,0.46,36.01,59.24,1.46,23.74,10.77,Santarém,PA,Norte,-2.43,-54.71
2020,283,0.0,0.49,0.45,36.19,56.44,1.48,25.73,11.75,Santarém,PA,Norte,-2.43,-54.71
2020,284,0.01,0.48,0.45,36.29,56.54,1.32,24.25,10.87,Santarém,PA,Norte,-2.43,-54.71
2020,285,1.9,0.48,0.45,35.74,56.74,1.37,20.06,9.11,Santarém,PA,Norte,-2.43,-54.71
2020,286,0.68,0.48,0.45,35.82,60.73,1.55,20.51,9.26,Santarém,PA,Norte,-2.43,-54.71
2020,287,0.82,0.48,0.45,34.96,60.11,1.56,20.71,9.52,Santarém,PA,Norte,-2.43,-54.71
2020,288,0.55,0.48,0.44,35.16,58.73,1.77,20.47,9.27,Santarém,PA,Norte,-2.43,-54.71
2020,289,0.1,0.48,0.44,34.77,61.27,1.59,19.98,9.05,Santarém,PA,Norte,-2.43,-54.71
2020,290,0.02,0.48,0.42,36.6,56.02,1.61,22.93,10.47,Santarém,PA,Norte,-2.43,-54.71
2020,291,0.01,0.47,0.41,36.81,53.32,1.56,21.4,9.76,Santarém,PA,Norte,-2.43,-54.71
2020,292,0.0,0.47,0.4,35.86,54.18,1.71,22.92,10.53,Santarém,PA,Norte,-2.43,-54.71
2020,293,0.01,0.47,0.39,36.21,53.73,1.53,17.46,7.89,Santarém,PA,Norte,-2.43,-54.71
2020,294,0.04,0.47,0.38,35.92,55.13,1.76,19.87,9.07,Santarém,PA,Norte,-2.43,-54.71
2020,295,1.14,0.47,0.38,34.94,55.46,1.84,20.3,9.27,Santarém,PA,Norte,-2.43,-54.71
2020,296,2.14,0.47,0.4,35.55,57.2,1.44,17.29,7.86,Santarém,PA,Norte,-2.43,-54.71
2020,297,7.46,0.48,0.49,35.3,60.89,1.36,20.27,9.24,Santarém,PA,Norte,-2.43,-54.71
2020,298,4.06,0.49,0.49,33.16,58.05,1.18,15.56,7.04,Santarém,PA,Norte,-2.43,-54.71
2020,299,3.6,0.49,0.49,34.51,58.81,1.0,21.78,10.03,Santarém,PA,Norte,-2.43,-54.71
2020,300,1.79,0.49,0.47,35.62,56.36,1.1,21.83,9.99,Santarém,PA,Norte,-2.43,-54.71
2020,301,1.47,0.49,0.47,34.44,56.92,0.95,14.51,6.8,Santarém,PA,Norte,-2.43,-54.71
2020,302,2.56,0.49,0.46,34.48,61.03,1.17,20.61,9.5,Santarém,PA,Norte,-2.43,-54.71
2020,303,4.18,0.49,0.49,35.33,64.54,1.28,21.17,9.7,Santarém,PA,Norte,-2.43,-54.71
2020,304,2.42,0.49,0.49,35.33,66.87,1.19,12.42,5.79,Santarém,PA,Norte,-2.43,-54.71
2020,305,0.31,0.49,0.47,36.0,58.79,1.54,22.66,10.5,Santarém,PA,Norte,-2.43,-54.71
2020,306,0.0,0.48,0.45,35.4,56.94,1.16,23.97,11.09,Santarém,PA,Norte,-2.43,-54.71
2020,307,0.52,0.48,0.44,34.43,63.05,0.9,15.42,7.2,Santarém,PA,Norte,-2.43,-54.71
2020,308,2.76,0.48,0.47,30.15,72.09,1.05,13.79,6.43,Santarém,PA,Norte,-2.43,-54.71
2020,309,2.69,0.48,0.48,32.5,71.35,1.06,16.48,7.73,Santarém,PA,Norte,-2.43,-54.71
2020,310,7.99,0.49,0.52,28.33,84.88,1.38,12.02,5.75,Santarém,PA,Norte,-2.43,-54.71
2020,311,11.19,0.5,0.54,31.82,79.28,1.58,16.83,7.93,Santarém,PA,Norte,-2.43,-54.71
2020,312,4.5,0.51,0.52,32.38,76.52,1.65,16.72,7.93,Santarém,PA,Norte,-2.43,-54.71
2020,313,0.73,0.51,0.49,31.36,78.62,1.67,21.2,9.9,Santarém,PA,Norte,-2.43,-54.71
2020,314,0.17,0.51,0.48,32.41,69.22,1.64,21.31,9.86,Santarém,PA,Norte,-2.43,-54.71
2020,315,2.67,0.5,0.49,32.01,71.64,1.44,21.13,9.96,Santarém,PA,Norte,-2.43,-54.71
2020,316,5.4,0.51,0.51,29.81,81.48,1.4,18.69,8.75,Santarém,PA,Norte,-2.43,-54.71
2020,317,2.99,0.51,0.5,31.69,77.61,1.3,21.05,9.85,Santarém,PA,Norte,-2.43,-54.71
2020,318,5.0,0.51,0.52,31.35,80.66,1.38,18.37,8.49,Santarém,PA,Norte,-2.43,-54.71
2020,319,2.1,0.51,0.5,32.14,77.18,1.41,18.12,8.47,Santarém,PA,Norte,-2.43,-54.71
2020,320,0.79,0.51,0.49,32.73,74.5,1.56,19.18,8.92,Santarém,PA,Norte,-2.43,-54.71
2020,321,0.38,0.51,0.49,32.72,71.54,1.59,18.43,8.52,Santarém,PA,Norte,-2.43,-54.71
2020,322,0.02,0.5,0.48,33.5,69.09,1.43,20.61,9.54,Santarém,PA,Norte,-2.43,-54.71
2020,323,2.57,0.5,0.49,32.91,69.25,1.25,14.73,7.0,Santarém,PA,Norte,-2.43,-54.71
2020,324,4.68,0.51,0.51,30.61,75.32,1.15,15.89,7.54,Santarém,PA,Norte,-2.43,-54.71
2020,325,1.21,0.51,0.49,33.64,67.52,1.48,19.69,9.06,Santarém,PA,Norte,-2.43,-54.71
2020,326,7.91,0.51,0.51,33.02,71.6,1.4,13.96,6.58,Santarém,PA,Norte,-2.43,-54.71
2020,327,2.85,0.52,0.52,30.19,78.93,1.32,15.47,7.4,Santarém,PA,Norte,-2.43,-54.71
2020,328,0.36,0.51,0.49,31.05,74.31,1.59,18.27,8.75,Santarém,PA,Norte,-2.43,-54.71
2020,329,4.53,0.51,0.5,32.71,74.15,1.69,18.52,8.76,Santarém,PA,Norte,-2.43,-54.71
2020,330,14.74,0.52,0.56,29.87,84.14,1.43,15.79,7.48,Santarém,PA,Norte,-2.43,-54.71
2020,331,10.43,0.55,0.59,28.5,85.35,1.69,12.38,5.98,Santarém,PA,Norte,-2.43,-54.71
2020,332,0.9,0.54,0.54,30.23,77.49,1.64,15.66,7.43,Santarém,PA,Norte,-2.43,-54.71
2020,333,0.3,0.53,0.51,32.75,73.86,1.6,20.0,9.35,Santarém,PA,Norte,-2.43,-54.71
2020,334,2.52,0.53,0.52,32.51,75.43,1.56,19.45,8.94,Santarém,PA,Norte,-2.43,-54.71
2020,335,1.81,0.53,0.52,30.51,78.0,1.26,17.96,8.33,Santarém,PA,Norte,-2.43,-54.71
2020,336,0.62,0.52,0.51,31.96,73.11,1.27,20.67,9.61,Santarém,PA,Norte,-2.43,-54.71
2020,337,1.25,0.52,0.51,31.57,76.55,1.49,21.01,9.75,Santarém,PA,Norte,-2.43,-54.71
2020,338,0.89,0.52,0.5,31.26,75.48,1.85,18.72,8.72,Santarém,PA,Norte,-2.43,-54.71
2020,339,0.45,0.52,0.5,30.97,74.64,1.78,18.69,8.72,Santarém,PA,Norte,-2.43,-54.71
2020,340,0.04,0.51,0.49,32.99,70.76,1.51,20.17,9.37,Santarém,PA,Norte,-2.43,-54.71
2020,341,2.25,0.51,0.49,33.0,72.54,1.65,19.09,8.81,Santarém,PA,Norte,-2.43,-54.71
2020,342,9.32,0.51,0.54,31.44,77.49,1.44,19.0,8.76,Santarém,PA,Norte,-2.43,-54.71
2020,343,5.44,0.53,0.54,31.68,76.64,1.43,17.08,7.9,Santarém,PA,Norte,-2.43,-54.71
2020,344,11.42,0.53,0.56,31.26,78.44,1.55,16.26,7.62,Santarém,PA,Norte,-2.43,-54.71
2020,345,1.89,0.54,0.54,31.56,71.26,1.87,18.91,8.83,Santarém,PA,Norte,-2.43,-54.71
2020,346,0.21,0.53,0.51,32.23,71.79,1.79,20.68,9.6,Santarém,PA,Norte,-2.43,-54.71
2020,347,0.23,0.52,0.5,33.65,70.82,1.56,22.23,10.31,Santarém,PA,Norte,-2.43,-54.71
2020,348,2.21,0.52,0.51,30.38,77.55,1.44,17.45,8.21,Santarém,PA,Norte,-2.43,-54.71
2020,349,6.86,0.52,0.52,32.41,76.34,1.67,19.97,9.27,Santarém,PA,Norte,-2.43,-54.71
2020,350,6.26,0.53,0.55,29.92,81.6,1.19,14.74,6.97,Santarém,PA,Norte,-2.43,-54.71
2020,351,0.96,0.53,0.53,29.39,80.55,1.36,13.06,6.16,Santarém,PA,Norte,-2.43,-54.71
2020,352,2.31,0.53,0.51,32.07,73.01,1.47,20.31,9.46,Santarém,PA,Norte,-2.43,-54.71
2020,353,5.1,0.53,0.54,30.5,78.06,1.6,18.78,8.75,Santarém,PA,Norte,-2.43,-54.71
2020,354,5.38,0.53,0.54,31.53,77.3,1.35,17.93,8.32,Santarém,PA,Norte,-2.43,-54.71
2020,355,8.69,0.54,0.56,30.25,79.56,1.02,17.29,8.07,Santarém,PA,Norte,-2.43,-54.71
2020,356,8.51,0.55,0.58,30.22,81.14,1.35,21.23,10.02,Santarém,PA,Norte,-2.43,-54.71
2020,357,0.02,0.54,0.53,32.52,72.39,1.41,23.19,10.83,Santarém,PA,Norte,-2.43,-54.71
2020,358,0.31,0.54,0.52,32.5,71.53,1.35,22.73,10.66,Santarém,PA,Norte,-2.43,-54.71
2020,359,4.64,0.53,0.53,32.49,75.59,1.31,19.29,9.0,Santarém,PA,Norte,-2.43,-54.71
2020,360,14.3,0.54,0.58,29.17,85.55,1.39,9.88,4.75,Santarém,PA,Norte,-2.43,-54.71
2020,361,1.65,0.55,0.56,30.34,76.51,1.67,17.06,7.99,Santarém,PA,Norte,-2.43,-54.71
2020,362,0.08,0.55,0.53,31.27,75.52,1.48,17.44,8.17,Santarém,PA,Norte,-2.43,-54.71
2020,363,1.85,0.54,0.53,29.36,79.64,1.63,8.71,4.26,Santarém,PA,Norte,-2.43,-54.71
2020,364,10.68,0.54,0.56,29.5,82.43,1.08,7.78,3.84,Santarém,PA,Norte,-2.43,-54.71
2020,365,4.54,0.56,0.58,30.68,73.72,0.8,16.54,7.76,Santarém,PA,Norte,-2.43,-54.71
2020,366,2.22,0.55,0.55,30.84,78.48,1.37,8.98,4.42,Santarém,PA,Norte,-2.43,-54.71
2021,1,2.34,0.55,0.55,28.8,84.97,1.26,12.43,6.01,Santarém,PA,Norte,-2.43,-54.71
2021,2,3.2,0.55,0.54,31.41,77.47,1.42,19.99,9.36,Santarém,PA,Norte,-2.43,-54.71
2021,3,16.14,0.56,0.61,28.22,85.69,1.2,12.57,5.99,Santarém,PA,Norte,-2.43,-54.71
2021,4,0.73,0.56,0.57,30.28,79.29,1.17,18.34,8.72,Santarém,PA,Norte,-2.43,-54.71
2021,5,2.25,0.55,0.56,29.79,82.19,1.62,13.92,6.7,Santarém,PA,Norte,-2.43,-54.71
2021,6,1.14,0.55,0.55,30.41,81.49,1.53,17.1,8.13,Santarém,PA,Norte,-2.43,-54.71
2021,7,0.04,0.55,0.53,31.55,76.35,1.36,23.29,10.9,Santarém,PA,Norte,-2.43,-54.71
2021,8,7.11,0.54,0.56,29.96,81.68,1.19,9.35,4.55,Santarém,PA,Norte,-2.43,-54.71
2021,9,5.65,0.55,0.58,28.97,83.67,1.18,18.02,8.42,Santarém,PA,Norte,-2.43,-54.71
2021,10,7.04,0.56,0.59,28.83,83.78,1.05,17.35,8.17,Santarém,PA,Norte,-2.43,-54.71
2021,11,7.94,0.56,0.6,29.54,81.54,1.22,19.68,9.26,Santarém,PA,Norte,-2.43,-54.71
2021,12,7.83,0.57,0.61,29.56,83.27,1.33,17.19,8.15,Santarém,PA,Norte,-2.43,-54.71
2021,13,1.63,0.57,0.57,30.11,81.08,1.38,19.25,9.14,Santarém,PA,Norte,-2.43,-54.71
2021,14,1.11,0.56,0.56,30.67,79.22,1.57,19.93,9.36,Santarém,PA,Norte,-2.43,-54.71
2021,15,0.31,0.55,0.54,31.51,75.91,1.54,20.31,9.58,Santarém,PA,Norte,-2.43,-54.71
2021,16,0.0,0.54,0.53,31.89,73.05,1.55,23.57,10.91,Santarém,PA,Norte,-2.43,-54.71
2021,17,0.08,0.54,0.52,32.68,73.53,1.27,22.23,10.45,Santarém,PA,Norte,-2.43,-54.71
2021,18,1.36,0.53,0.52,30.89,76.08,1.4,11.77,5.78,Santarém,PA,Norte,-2.43,-54.71
2021,19,3.54,0.53,0.52,31.25,73.47,1.41,18.17,8.6,Santarém,PA,Norte,-2.43,-54.71
2021,20,21.0,0.55,0.62,27.05,86.91,1.15,10.77,5.33,Santarém,PA,Norte,-2.43,-54.71
2021,21,7.33,0.57,0.59,28.13,83.5,1.16,14.33,6.83,Santarém,PA,Norte,-2.43,-54.71
2021,22,6.64,0.57,0.6,29.52,83.67,1.58,12.17,5.84,Santarém,PA,Norte,-2.43,-54.71
2021,23,0.63,0.56,0.57,29.91,81.23,1.66,18.91,8.78,Santarém,PA,Norte,-2.43,-54.71
2021,24,5.52,0.56,0.57,30.35,81.72,1.47,18.08,8.35,Santarém,PA,Norte,-2.43,-54.71
2021,25,24.45,0.57,0.65,29.21,84.82,1.43,16.17,7.59,Santarém,PA,Norte,-2.43,-54.71
2021,26,9.96,0.6,0.65,27.47,88.0,1.34,15.51,7.33,Santarém,PA,Norte,-2.43,-54.71
2021,27,7.79,0.6,0.64,29.06,82.72,1.06,16.44,7.66,Santarém,PA,Norte,-2.43,-54.71
2021,28,8.41,0.61,0.66,27.28,87.22,1.37,13.72,6.52,Santarém,PA,Norte,-2.43,-54.71
2021,29,1.89,0.6,0.62,28.9,84.81,1.45,18.68,8.79,Santarém,PA,Norte,-2.43,-54.71
2021,30,4.27,0.59,0.62,29.64,84.97,1.61,15.42,7.26,Santarém,PA,Norte,-2.43,-54.71
2021,31,1.24,0.59,0.61,30.51,82.57,1.71,18.34,8.6,Santarém,PA,Norte,-2.43,-54.71
2021,32,1.26,0.58,0.59,29.96,81.42,1.57,18.49,8.68,Santarém,PA,Norte,-2.43,-54.71
2021,33,1.94,0.57,0.59,30.12,82.46,1.72,16.13,7.52,Santarém,PA,Norte,-2.43,-54.71
2021,34,0.08,0.57,0.57,30.73,79.95,1.66,20.28,9.41,Santarém,PA,Norte,-2.43,-54.71
2021,35,0.04,0.56,0.55,30.93,80.21,1.53,21.81,10.08,Santarém,PA,Norte,-2.43,-54.71
2021,36,0.0,0.55,0.54,30.86,78.41,1.53,18.39,8.56,Santarém,PA,Norte,-2.43,-54.71
2021,37,0.02,0.55,0.54,31.38,76.14,1.36,23.34,10.86,Santarém,PA,Norte,-2.43,-54.71
2021,38,0.73,0.55,0.53,30.78,76.5,1.34,17.16,8.2,Santarém,PA,Norte,-2.43,-54.71
2021,39,6.58,0.55,0.55,30.8,77.77,1.51,20.92,9.84,Santarém,PA,Norte,-2.43,-54.71
2021,40,29.3,0.57,0.65,29.12,83.31,1.5,15.46,7.44,Santarém,PA,Norte,-2.43,-54.71
2021,41,41.43,0.65,0.75,28.66,84.64,1.5,5.99,3.11,Santarém,PA,Norte,-2.43,-54.71
2021,42,12.0,0.65,0.7,27.83,87.26,1.31,17.56,8.34,Santarém,PA,Norte,-2.43,-54.71
2021,43,2.44,0.64,0.67,28.94,86.77,1.48,21.74,10.27,Santarém,PA,Norte,-2.43,-54.71
2021,44,16.42,0.64,0.7,27.41,90.63,1.2,17.8,8.51,Santarém,PA,Norte,-2.43,-54.71
2021,45,34.21,0.68,0.77,26.66,91.97,1.32,10.59,5.26,Santarém,PA,Norte,-2.43,-54.71
2021,46,34.8,0.73,0.81,26.18,90.94,0.79,11.37,5.56,Santarém,PA,Norte,-2.43,-54.71
2021,47,2.97,0.72,0.75,27.74,86.0,1.27,12.11,5.91,Santarém,PA,Norte,-2.43,-54.71
2021,48,3.6,0.71,0.74,26.66,88.23,0.93,18.01,8.45,Santarém,PA,Norte,-2.43,-54.71
2021,49,2.76,0.7,0.72,28.11,82.49,1.03,13.35,6.47,Santarém,PA,Norte,-2.43,-54.71
2021,50,1.0,0.68,0.71,28.79,84.81,1.31,21.64,10.05,Santarém,PA,Norte,-2.43,-54.71
2021,51,31.31,0.7,0.78,25.9,90.29,1.22,12.3,5.98,Santarém,PA,Norte,-2.43,-54.71
2021,52,7.54,0.73,0.76,26.43,88.87,1.2,14.09,6.82,Santarém,PA,Norte,-2.43,-54.71
2021,53,17.18,0.73,0.78,28.49,88.36,1.52,18.01,8.49,Santarém,PA,Norte,-2.43,-54.71
2021,54,2.16,0.72,0.75,28.79,84.55,1.57,23.55,11.05,Santarém,PA,Norte,-2.43,-54.71
2021,55,0.64,0.71,0.73,29.04,84.57,1.46,22.39,10.54,Santarém,PA,Norte,-2.43,-54.71
2021,56,6.89,0.7,0.73,28.21,85.72,1.26,19.93,9.38,Santarém,PA,Norte,-2.43,-54.71
2021,57,19.22,0.72,0.78,27.42,85.84,1.41,17.36,8.31,Santarém,PA,Norte,-2.43,-54.71
2021,58,5.85,0.72,0.75,27.44,85.54,1.4,18.4,8.66,Santarém,PA,Norte,-2.43,-54.71
2021,59,18.18,0.73,0.78,27.26,86.31,1.28,15.88,7.56,Santarém,PA,Norte,-2.43,-54.71
2021,60,31.75,0.76,0.82,25.25,92.24,1.32,11.35,5.44,Santarém,PA,Norte,-2.43,-54.71
2021,61,12.16,0.77,0.81,27.2,90.11,1.33,14.24,6.82,Santarém,PA,Norte,-2.43,-54.71
2021,62,12.73,0.77,0.81,26.59,88.53,1.3,13.89,6.63,Santarém,PA,Norte,-2.43,-54.71
2021,63,2.11,0.77,0.78,27.81,86.98,1.4,16.58,7.82,Santarém,PA,Norte,-2.43,-54.71
2021,64,8.87,0.76,0.79,27.86,87.32,1.35,20.04,9.58,Santarém,PA,Norte,-2.43,-54.71
2021,65,6.38,0.76,0.79,27.87,87.34,1.39,17.42,8.32,Santarém,PA,Norte,-2.43,-54.71
2021,66,3.24,0.75,0.78,28.04,86.74,1.51,19.71,9.4,Santarém,PA,Norte,-2.43,-54.71
2021,67,11.65,0.75,0.79,28.7,86.51,1.43,18.65,8.7,Santarém,PA,Norte,-2.43,-54.71
2021,68,15.02,0.77,0.8,25.75,89.96,1.37,5.08,2.59,Santarém,PA,Norte,-2.43,-54.71
2021,69,17.26,0.78,0.81,26.91,88.93,1.22,15.39,7.3,Santarém,PA,Norte,-2.43,-54.71
2021,70,39.27,0.82,0.87,25.53,90.6,1.16,15.3,7.31,Santarém,PA,Norte,-2.43,-54.71
2021,71,6.33,0.82,0.83,27.45,86.48,1.11,10.76,5.15,Santarém,PA,Norte,-2.43,-54.71
2021,72,3.12,0.81,0.82,27.41,84.13,0.92,16.71,7.9,Santarém,PA,Norte,-2.43,-54.71
2021,73,1.26,0.8,0.81,27.41,85.25,1.18,20.71,9.71,Santarém,PA,Norte,-2.43,-54.71
2021,74,0.33,0.79,0.8,28.81,86.53,1.35,20.65,9.77,Santarém,PA,Norte,-2.43,-54.71
2021,75,7.65,0.79,0.81,28.19,87.67,1.41,19.58,9.31,Santarém,PA,Norte,-2.43,-54.71
2021,76,5.71,0.79,0.81,27.87,88.62,1.38,20.23,9.57,Santarém,PA,Norte,-2.43,-54.71
2021,77,22.29,0.8,0.84,27.45,87.08,0.95,14.55,6.84,Santarém,PA,Norte,-2.43,-54.71
2021,78,1.87,0.82,0.82,26.42,87.0,1.14,16.64,7.81,Santarém,PA,Norte,-2.43,-54.71
2021,79,9.53,0.81,0.82,28.42,84.62,1.27,21.31,10.08,Santarém,PA,Norte,-2.43,-54.71
2021,80,22.85,0.83,0.85,27.77,86.18,0.9,14.92,7.1,Santarém,PA,Norte,-2.43,-54.71
2021,81,4.31,0.83,0.83,28.2,86.36,1.34,20.36,9.65,Santarém,PA,Norte,-2.43,-54.71
2021,82,0.87,0.81,0.82,28.32,83.12,1.21,21.23,10.02,Santarém,PA,Norte,-2.43,-54.71
2021,83,18.63,0.82,0.84,26.61,84.95,0.96,5.29,2.68,Santarém,PA,Norte,-2.43,-54.71
2021,84,5.46,0.83,0.83,27.59,85.52,1.15,18.58,8.79,Santarém,PA,Norte,-2.43,-54.71
2021,85,4.15,0.82,0.83,27.84,87.96,1.33,18.2,8.72,Santarém,PA,Norte,-2.43,-54.71
2021,86,1.54,0.82,0.82,28.52,85.91,1.61,18.57,8.92,Santarém,PA,Norte,-2.43,-54.71
2021,87,1.03,0.81,0.81,28.76,86.7,1.48,19.04,9.06,Santarém,PA,Norte,-2.43,-54.71
2021,88,2.04,0.8,0.81,28.79,86.94,1.45,19.26,9.26,Santarém,PA,Norte,-2.43,-54.71
2021,89,6.2,0.8,0.81,28.37,89.03,1.49,18.44,8.77,Santarém,PA,Norte,-2.43,-54.71
2021,90,10.53,0.8,0.82,28.46,86.13,1.1,17.94,8.48,Santarém,PA,Norte,-2.43,-54.71
2021,91,20.4,0.83,0.85,26.08,87.41,1.03,16.52,7.93,Santarém,PA,Norte,-2.43,-54.71
2021,92,1.95,0.82,0.83,28.17,86.34,1.4,18.29,8.79,Santarém,PA,Norte,-2.43,-54.71
2021,93,1.38,0.81,0.82,28.87,86.89,1.46,18.65,8.9,Santarém,PA,Norte,-2.43,-54.71
2021,94,3.35,0.81,0.82,28.73,86.66,1.44,19.96,9.5,Santarém,PA,Norte,-2.43,-54.71
2021,95,9.27,0.81,0.83,27.41,91.26,1.29,15.27,7.25,Santarém,PA,Norte,-2.43,-54.71
2021,96,2.28,0.81,0.82,29.02,87.12,1.19,18.91,8.83,Santarém,PA,Norte,-2.43,-54.71
2021,97,0.15,0.8,0.81,29.77,86.22,1.14,21.88,10.34,Santarém,PA,Norte,-2.43,-54.71
2021,98,0.66,0.79,0.8,28.96,86.02,1.3,21.31,9.96,Santarém,PA,Norte,-2.43,-54.71
2021,99,0.48,0.79,0.8,28.07,84.29,1.49,16.45,7.71,Santarém,PA,Norte,-2.43,-54.71
2021,100,4.25,0.78,0.8,27.83,89.06,1.18,17.87,8.47,Santarém,PA,Norte,-2.43,-54.71
2021,101,7.94,0.79,0.81,27.22,91.0,1.29,9.6,4.72,Santarém,PA,Norte,-2.43,-54.71
2021,102,2.56,0.79,0.81,29.07,86.81,1.2,21.62,10.28,Santarém,PA,Norte,-2.43,-54.71
2021,103,2.67,0.79,0.8,28.96,88.5,1.41,15.64,7.5,Santarém,PA,Norte,-2.43,-54.71
2021,104,2.71,0.78,0.8,28.98,86.46,1.44,19.49,9.27,Santarém,PA,Norte,-2.43,-54.71
2021,105,1.81,0.78,0.79,28.09,89.21,1.26,15.14,7.24,Santarém,PA,Norte,-2.43,-54.71
2021,106,1.73,0.77,0.79,27.88,86.16,1.37,17.2,8.05,Santarém,PA,Norte,-2.43,-54.71
2021,107,5.34,0.77,0.79,27.55,89.04,1.29,16.06,7.63,Santarém,PA,Norte,-2.43,-54.71
2021,108,21.97,0.79,0.83,25.47,93.7,1.07,11.15,5.41,Santarém,PA,Norte,-2.43,-54.71
2021,109,8.45,0.8,0.82,26.99,88.37,1.04,15.86,7.6,Santarém,PA,Norte,-2.43,-54.71
2021,110,15.14,0.81,0.83,26.15,89.8,1.22,5.76,2.93,Santarém,PA,Norte,-2.43,-54.71
2021,111,3.86,0.81,0.82,28.39,84.22,1.0,19.12,9.06,Santarém,PA,Norte,-2.43,-54.71
2021,112,2.68,0.8,0.81,27.99,84.73,1.41,17.14,8.21,Santarém,PA,Norte,-2.43,-54.71
2021,113,5.08,0.8,0.82,27.92,86.87,1.0,19.27,9.18,Santarém,PA,Norte,-2.43,-54.71
2021,114,1.35,0.8,0.8,28.37,88.61,1.19,19.31,9.22,Santarém,PA,Norte,-2.43,-54.71
2021,115,2.55,0.79,0.8,28.57,86.59,1.23,16.78,8.01,Santarém,PA,Norte,-2.43,-54.71
2021,116,4.75,0.79,0.81,27.48,87.8,0.78,11.66,5.56,Santarém,PA,Norte,-2.43,-54.71
2021,117,3.86,0.79,0.81,27.04,84.8,0.46,16.74,7.8,Santarém,PA,Norte,-2.43,-54.71
2021,118,5.55,0.79,0.81,28.36,79.57,0.57,19.09,9.04,Santarém,PA,Norte,-2.43,-54.71
2021,119,5.82,0.79,0.81,27.68,83.64,0.79,17.75,8.25,Santarém,PA,Norte,-2.43,-54.71
2021,120,7.69,0.79,0.82,27.36,87.79,0.73,10.8,5.16,Santarém,PA,Norte,-2.43,-54.71
2021,121,4.96,0.8,0.81,26.48,88.61,1.0,13.97,6.57,Santarém,PA,Norte,-2.43,-54.71
2021,122,4.3,0.8,0.81,27.92,88.22,1.24,18.32,8.65,Santarém,PA,Norte,-2.43,-54.71
2021,123,8.02,0.79,0.81,28.02,85.37,1.1,17.98,8.51,Santarém,PA,Norte,-2.43,-54.71
2021,124,9.24,0.8,0.82,28.02,81.05,0.96,15.6,7.37,Santarém,PA,Norte,-2.43,-54.71
2021,125,6.16,0.8,0.81,27.35,85.22,1.0,15.02,7.06,Santarém,PA,Norte,-2.43,-54.71
2021,126,1.89,0.8,0.8,28.22,83.43,1.13,18.35,8.65,Santarém,PA,Norte,-2.43,-54.71
2021,127,2.38,0.79,0.8,27.11,87.73,1.18,18.17,8.54,Santarém,PA,Norte,-2.43,-54.71
2021,128,2.23,0.79,0.8,28.06,87.46,1.25,15.06,7.13,Santarém,PA,Norte,-2.43,-54.71
2021,129,1.81,0.79,0.8,28.0,85.45,1.28,19.1,9.02,Santarém,PA,Norte,-2.43,-54.71
2021,130,1.51,0.78,0.79,28.92,84.68,1.21,12.44,5.98,Santarém,PA,Norte,-2.43,-54.71
2021,131,1.28,0.77,0.79,28.38,87.73,1.17,19.61,9.22,Santarém,PA,Norte,-2.43,-54.71
2021,132,2.72,0.77,0.79,28.52,86.21,1.22,17.93,8.41,Santarém,PA,Norte,-2.43,-54.71
2021,133,4.02,0.77,0.79,28.31,87.31,1.11,19.01,8.93,Santarém,PA,Norte,-2.43,-54.71
2021,134,1.18,0.77,0.78,28.65,86.33,1.2,10.62,5.14,Santarém,PA,Norte,-2.43,-54.71
2021,135,5.3,0.77,0.79,26.79,92.47,1.21,17.4,8.22,Santarém,PA,Norte,-2.43,-54.71
2021,136,1.53,0.77,0.78,28.24,88.13,1.34,15.82,7.45,Santarém,PA,Norte,-2.43,-54.71
2021,137,1.43,0.76,0.78,27.49,89.8,1.36,15.88,7.49,Santarém,PA,Norte,-2.43,-54.71
2021,138,0.38,0.76,0.78,27.46,86.7,1.2,18.73,8.83,Santarém,PA,Norte,-2.43,-54.71
2021,139,0.53,0.75,0.77,28.46,86.49,1.29,17.75,8.43,Santarém,PA,Norte,-2.43,-54.71
2021,140,0.12,0.75,0.76,28.9,87.02,1.25,19.9,9.37,Santarém,PA,Norte,-2.43,-54.71
2021,141,0.66,0.74,0.76,28.29,89.24,1.32,19.77,9.31,Santarém,PA,Norte,-2.43,-54.71
2021,142,0.41,0.74,0.76,28.14,89.5,1.37,17.29,8.11,Santarém,PA,Norte,-2.43,-54.71
2021,143,0.04,0.73,0.75,28.84,88.84,1.36,19.78,9.26,Santarém,PA,Norte,-2.43,-54.71
2021,144,3.89,0.73,0.76,29.11,89.18,1.22,15.7,7.38,Santarém,PA,Norte,-2.43,-54.71
2021,145,1.1,0.73,0.75,28.89,89.86,1.3,19.33,9.09,Santarém,PA,Norte,-2.43,-54.71
2021,146,0.13,0.73,0.74,30.0,87.15,1.23,21.16,9.95,Santarém,PA,Norte,-2.43,-54.71
2021,147,0.0,0.72,0.74,28.95,86.89,1.04,19.55,9.23,Santarém,PA,Norte,-2.43,-54.71
2021,148,3.22,0.71,0.74,29.13,82.61,1.08,18.63,8.77,Santarém,PA,Norte,-2.43,-54.71
2021,149,3.79,0.71,0.74,28.94,85.95,1.25,19.21,9.04,Santarém,PA,Norte,-2.43,-54.71
2021,150,0.02,0.71,0.73,29.7,85.53,1.39,20.84,9.79,Santarém,PA,Norte,-2.43,-54.71
2021,151,0.87,0.7,0.73,28.3,89.53,1.08,19.57,9.2,Santarém,PA,Norte,-2.43,-54.71
2021,152,0.84,0.7,0.72,29.06,87.37,1.31,19.17,8.94,Santarém,PA,Norte,-2.43,-54.71
2021,153,0.33,0.69,0.71,29.6,83.75,1.26,18.95,8.87,Santarém,PA,Norte,-2.43,-54.71
2021,154,3.23,0.69,0.71,28.85,87.84,1.35,16.99,7.96,Santarém,PA,Norte,-2.43,-54.71
2021,155,2.72,0.69,0.71,27.54,86.87,1.52,18.09,8.5,Santarém,PA,Norte,-2.43,-54.71
2021,156,1.19,0.68,0.7,28.63,83.16,1.51,17.81,8.36,Santarém,PA,Norte,-2.43,-54.71
2021,157,1.02,0.68,0.7,28.96,87.43,1.28,19.87,9.29,Santarém,PA,Norte,-2.43,-54.71
2021,158,5.11,0.68,0.7,29.18,87.42,1.31,19.31,9.04,Santarém,PA,Norte,-2.43,-54.71
2021,159,5.45,0.68,0.72,28.69,89.4,1.2,16.84,7.84,Santarém,PA,Norte,-2.43,-54.71
2021,160,6.06,0.68,0.72,27.14,87.7,0.87,14.02,6.55,Santarém,PA,Norte,-2.43,-54.71
2021,161,11.12,0.7,0.74,26.98,86.59,1.08,3.64,1.9,Santarém,PA,Norte,-2.43,-54.71
2021,162,2.57,0.7,0.72,27.66,85.38,1.02,16.6,7.81,Santarém,PA,Norte,-2.43,-54.71
2021,163,1.4,0.69,0.72,27.9,79.53,0.83,16.69,7.75,Santarém,PA,Norte,-2.43,-54.71
2021,164,0.38,0.68,0.7,28.85,84.7,1.11,17.92,8.32,Santarém,PA,Norte,-2.43,-54.71
2021,165,1.84,0.68,0.7,28.92,87.19,1.35,18.02,8.46,Santarém,PA,Norte,-2.43,-54.71
2021,166,3.73,0.67,0.7,29.26,86.88,1.42,17.2,8.1,Santarém,PA,Norte,-2.43,-54.71
2021,167,4.69,0.67,0.7,28.35,85.63,1.18,15.78,7.44,Santarém,PA,Norte,-2.43,-54.71
2021,168,3.75,0.68,0.71,28.31,87.08,1.21,14.36,6.74,Santarém,PA,Norte,-2.43,-54.71
2021,169,4.06,0.68,0.7,27.85,90.42,1.29,19.14,8.95,Santarém,PA,Norte,-2.43,-54.71
2021,170,2.65,0.68,0.7,28.0,89.37,1.67,16.32,7.64,Santarém,PA,Norte,-2.43,-54.71
2021,171,2.05,0.67,0.69,28.59,87.51,1.43,18.72,8.75,Santarém,PA,Norte,-2.43,-54.71
2021,172,0.44,0.67,0.68,29.67,84.92,1.31,21.15,9.83,Santarém,PA,Norte,-2.43,-54.71
2021,173,1.88,0.66,0.67,29.33,85.48,1.33,18.07,8.45,Santarém,PA,Norte,-2.43,-54.71
2021,174,1.84,0.65,0.67,29.15,84.66,1.36,19.28,9.04,Santarém,PA,Norte,-2.43,-54.71
2021,175,1.63,0.65,0.67,28.2,85.73,1.09,18.95,8.89,Santarém,PA,Norte,-2.43,-54.71
2021,176,0.74,0.65,0.66,27.91,87.75,1.38,18.91,8.82,Santarém,PA,Norte,-2.43,-54.71
2021,177,0.13,0.65,0.66,27.73,87.44,1.32,18.39,8.65,Santarém,PA,Norte,-2.43,-54.71
2021,178,1.1,0.65,0.65,29.38,83.69,1.48,19.52,9.17,Santarém,PA,Norte,-2.43,-54.71
2021,179,3.88,0.64,0.66,28.98,84.4,1.18,15.25,7.18,Santarém,PA,Norte,-2.43,-54.71
2021,180,0.94,0.64,0.65,29.14,81.56,0.86,20.35,9.53,Santarém,PA,Norte,-2.43,-54.71
2021,181,0.03,0.64,0.64,29.58,71.77,0.85,21.82,10.02,Santarém,PA,Norte,-2.43,-54.71
2021,182,4.23,0.63,0.64,28.11,78.72,1.07,20.24,9.38,Santarém,PA,Norte,-2.43,-54.71
2021,183,20.83,0.65,0.71,26.03,93.17,1.17,10.52,5.08,Santarém,PA,Norte,-2.43,-54.71
2021,184,12.5,0.67,0.72,25.0,91.46,1.04,15.35,7.36,Santarém,PA,Norte,-2.43,-54.71
2021,185,8.56,0.68,0.72,27.1,85.91,0.92,16.03,7.61,Santarém,PA,Norte,-2.43,-54.71
2021,186,10.39,0.68,0.72,27.66,84.71,0.95,16.23,7.7,Santarém,PA,Norte,-2.43,-54.71
2021,187,5.01,0.69,0.72,27.4,87.3,0.98,14.91,7.11,Santarém,PA,Norte,-2.43,-54.71
2021,188,0.87,0.68,0.7,27.64,86.22,1.12,18.58,8.79,Santarém,PA,Norte,-2.43,-54.71
2021,189,0.73,0.67,0.69,29.19,86.15,1.28,19.71,9.3,Santarém,PA,Norte,-2.43,-54.71
2021,190,1.31,0.67,0.68,28.01,87.97,1.41,19.14,9.01,Santarém,PA,Norte,-2.43,-54.71
2021,191,1.16,0.66,0.68,27.19,89.59,1.23,17.14,8.13,Santarém,PA,Norte,-2.43,-54.71
2021,192,0.69,0.66,0.67,28.4,86.69,1.34,17.73,8.32,Santarém,PA,Norte,-2.43,-54.71
2021,193,0.15,0.66,0.67,28.26,85.9,1.3,17.33,8.25,Santarém,PA,Norte,-2.43,-54.71
2021,194,0.97,0.65,0.66,29.83,84.95,1.2,18.05,8.58,Santarém,PA,Norte,-2.43,-54.71
2021,195,0.34,0.64,0.65,30.25,83.03,1.29,19.11,9.0,Santarém,PA,Norte,-2.43,-54.71
2021,196,0.39,0.64,0.64,29.19,79.65,1.32,18.57,8.68,Santarém,PA,Norte,-2.43,-54.71
2021,197,0.82,0.63,0.64,29.85,80.21,1.3,17.1,8.02,Santarém,PA,Norte,-2.43,-54.71
2021,198,0.42,0.62,0.63,30.05,81.4,1.49,20.06,9.43,Santarém,PA,Norte,-2.43,-54.71
2021,199,0.97,0.62,0.62,30.21,82.94,1.45,17.95,8.42,Santarém,PA,Norte,-2.43,-54.71
2021,200,1.56,0.62,0.62,30.33,80.47,1.17,19.75,9.2,Santarém,PA,Norte,-2.43,-54.71
2021,201,2.72,0.62,0.62,30.67,81.5,1.2,18.76,8.74,Santarém,PA,Norte,-2.43,-54.71
2021,202,0.86,0.61,0.62,30.38,82.33,1.49,19.42,9.11,Santarém,PA,Norte,-2.43,-54.71
2021,203,0.68,0.61,0.61,30.27,81.94,1.57,20.32,9.57,Santarém,PA,Norte,-2.43,-54.71
2021,204,0.46,0.6,0.6,30.61,80.17,1.72,21.1,9.9,Santarém,PA,Norte,-2.43,-54.71
2021,205,0.0,0.6,0.6,29.8,80.93,1.61,21.75,10.23,Santarém,PA,Norte,-2.43,-54.71
2021,206,0.0,0.6,0.59,31.45,76.74,1.44,22.71,10.63,Santarém,PA,Norte,-2.43,-54.71
2021,207,0.0,0.59,0.58,32.39,74.75,1.37,22.06,10.29,Santarém,PA,Norte,-2.43,-54.71
2021,208,0.01,0.58,0.58,32.26,74.69,1.3,21.38,10.05,Santarém,PA,Norte,-2.43,-54.71
2021,209,0.23,0.58,0.57,31.61,75.49,1.15,21.38,10.01,Santarém,PA,Norte,-2.43,-54.71
2021,210,2.4,0.58,0.58,30.48,76.29,1.48,16.27,7.65,Santarém,PA,Norte,-2.43,-54.71
2021,211,13.91,0.58,0.62,30.22,80.39,1.05,11.97,5.79,Santarém,PA,Norte,-2.43,-54.71
2021,212,8.72,0.6,0.63,26.71,91.39,1.29,13.09,6.24,Santarém,PA,Norte,-2.43,-54.71
2021,213,4.55,0.61,0.62,28.35,86.54,1.14,17.34,8.11,Santarém,PA,Norte,-2.43,-54.71
2021,214,4.64,0.61,0.62,30.83,80.67,1.31,20.06,9.4,Santarém,PA,Norte,-2.43,-54.71
2021,215,3.78,0.6,0.61,30.75,77.2,1.11,19.37,9.07,Santarém,PA,Norte,-2.43,-54.71
2021,216,2.17,0.6,0.6,31.22,74.98,0.86,21.59,10.13,Santarém,PA,Norte,-2.43,-54.71
2021,217,1.51,0.59,0.6,31.3,73.71,1.1,19.23,9.08,Santarém,PA,Norte,-2.43,-54.71
2021,218,0.22,0.59,0.58,31.02,75.46,1.25,17.84,8.34,Santarém,PA,Norte,-2.43,-54.71
2021,219,0.05,0.58,0.57,32.07,73.09,1.47,23.25,10.8,Santarém,PA,Norte,-2.43,-54.71
2021,220,0.0,0.57,0.57,32.37,73.3,1.5,22.81,10.67,Santarém,PA,Norte,-2.43,-54.71
2021,221,0.01,0.57,0.56,32.97,72.5,1.61,22.03,10.32,Santarém,PA,Norte,-2.43,-54.71
2021,222,0.72,0.56,0.55,33.35,71.02,1.5,21.88,10.21,Santarém,PA,Norte,-2.43,-54.71
2021,223,2.5,0.56,0.56,29.88,79.13,1.31,22.17,10.32,Santarém,PA,Norte,-2.43,-54.71
2021,224,6.17,0.56,0.58,29.98,81.12,1.17,19.68,9.23,Santarém,PA,Norte,-2.43,-54.71
2021,225,7.29,0.57,0.6,28.8,83.46,0.89,17.03,7.96,Santarém,PA,Norte,-2.43,-54.71
2021,226,6.85,0.58,0.6,29.39,80.81,1.14,17.23,8.12,Santarém,PA,Norte,-2.43,-54.71
2021,227,4.24,0.59,0.6,29.56,80.24,0.83,18.31,8.63,Santarém,PA,Norte,-2.43,-54.71
2021,228,3.75,0.59,0.6,29.28,80.4,0.83,19.39,9.04,Santarém,PA,Norte,-2.43,-54.71
2021,229,2.21,0.59,0.59,30.63,78.93,1.37,22.47,10.4,Santarém,PA,Norte,-2.43,-54.71
2021,230,1.32,0.58,0.58,33.34,73.24,1.48,22.19,10.2,Santarém,PA,Norte,-2.43,-54.71
2021,231,0.52,0.57,0.57,33.33,71.42,1.27,21.72,9.97,Santarém,PA,Norte,-2.43,-54.71
2021,232,0.46,0.56,0.56,32.99,72.42,1.24,20.95,9.72,Santarém,PA,Norte,-2.43,-54.71
2021,233,0.19,0.56,0.55,34.06,69.76,1.64,23.41,10.74,Santarém,PA,Norte,-2.43,-54.71
2021,234,0.0,0.55,0.54,33.48,71.01,1.65,22.64,10.46,Santarém,PA,Norte,-2.43,-54.71
2021,235,0.0,0.54,0.54,33.51,70.85,1.64,21.24,9.91,Santarém,PA,Norte,-2.43,-54.71
2021,236,0.0,0.54,0.53,33.73,69.82,1.81,21.11,9.88,Santarém,PA,Norte,-2.43,-54.71
2021,237,0.34,0.53,0.53,32.18,71.76,1.84,20.68,9.7,Santarém,PA,Norte,-2.43,-54.71
2021,238,0.25,0.53,0.53,32.64,71.33,1.47,19.68,9.22,Santarém,PA,Norte,-2.43,-54.71
2021,239,0.18,0.53,0.52,33.44,70.24,1.51,19.23,8.89,Santarém,PA,Norte,-2.43,-54.71
2021,240,0.5,0.52,0.52,33.02,72.22,1.69,19.41,9.1,Santarém,PA,Norte,-2.43,-54.71
2021,241,0.11,0.52,0.51,33.27,71.54,1.73,19.32,9.04,Santarém,PA,Norte,-2.43,-54.71
2021,242,1.31,0.52,0.52,32.93,68.4,1.55,17.2,8.02,Santarém,PA,Norte,-2.43,-54.71
2021,243,7.12,0.52,0.54,31.93,75.03,1.53,17.98,8.33,Santarém,PA,Norte,-2.43,-54.71
2021,244,6.15,0.53,0.56,31.73,77.17,0.89,20.72,9.73,Santarém,PA,Norte,-2.43,-54.71
2021,245,2.37,0.54,0.54,31.53,73.02,0.95,16.02,7.6,Santarém,PA,Norte,-2.43,-54.71
2021,246,1.7,0.53,0.54,31.75,75.22,1.15,17.93,8.54,Santarém,PA,Norte,-2.43,-54.71
2021,247,0.87,0.53,0.53,32.4,74.33,1.57,19.71,9.22,Santarém,PA,Norte,-2.43,-54.71
2021,248,0.57,0.53,0.52,31.82,73.44,1.83,18.21,8.59,Santarém,PA,Norte,-2.43,-54.71
2021,249,0.0,0.52,0.51,32.89,70.38,1.77,21.28,9.94,Santarém,PA,Norte,-2.43,-54.71
2021,250,0.01,0.52,0.5,33.75,66.6,1.56,21.31,9.95,Santarém,PA,Norte,-2.43,-54.71
2021,251,0.11,0.51,0.5,32.55,70.73,1.5,20.56,9.64,Santarém,PA,Norte,-2.43,-54.71
2021,252,0.09,0.51,0.5,32.48,71.91,1.42,19.78,9.28,Santarém,PA,Norte,-2.43,-54.71
2021,253,0.01,0.51,0.49,33.67,67.71,1.59,19.91,9.29,Santarém,PA,Norte,-2.43,-54.71
2021,254,0.01,0.51,0.49,33.81,69.02,1.85,19.47,8.98,Santarém,PA,Norte,-2.43,-54.71
2021,255,0.86,0.5,0.48,34.25,65.89,1.76,22.14,10.27,Santarém,PA,Norte,-2.43,-54.71
2021,256,2.44,0.5,0.5,33.15,70.61,1.52,21.27,9.94,Santarém,PA,Norte,-2.43,-54.71
2021,257,0.12,0.5,0.48,33.58,66.56,1.57,22.95,10.64,Santarém,PA,Norte,-2.43,-54.71
2021,258,0.14,0.5,0.48,34.78,64.94,1.62,22.0,10.17,Santarém,PA,Norte,-2.43,-54.71
2021,259,0.66,0.5,0.48,32.85,70.38,1.48,21.5,10.03,Santarém,PA,Norte,-2.43,-54.71
2021,260,0.94,0.5,0.49,31.28,74.83,1.44,19.91,9.39,Santarém,PA,Norte,-2.43,-54.71
2021,261,0.27,0.5,0.48,33.11,70.87,1.3,20.87,9.72,Santarém,PA,Norte,-2.43,-54.71
2021,262,0.87,0.5,0.48,33.5,69.21,1.37,19.08,8.94,Santarém,PA,Norte,-2.43,-54.71
2021,263,1.48,0.5,0.48,34.22,69.73,1.56,21.54,9.98,Santarém,PA,Norte,-2.43,-54.71
2021,264,0.96,0.5,0.48,33.88,69.07,1.5,19.92,9.35,Santarém,PA,Norte,-2.43,-54.71
2021,265,0.07,0.49,0.47,33.64,68.89,1.54,21.62,9.96,Santarém,PA,Norte,-2.43,-54.71
2021,266,0.03,0.49,0.47,31.96,72.3,1.57,19.86,9.21,Santarém,PA,Norte,-2.43,-54.71
2021,267,0.0,0.49,0.46,34.33,65.2,1.53,18.7,8.84,Santarém,PA,Norte,-2.43,-54.71
2021,268,0.0,0.49,0.45,34.33,64.86,1.57,20.57,9.52,Santarém,PA,Norte,-2.43,-54.71
2021,269,0.22,0.49,0.44,34.37,64.1,1.62,20.46,9.51,Santarém,PA,Norte,-2.43,-54.71
2021,270,1.35,0.48,0.44,34.61,65.03,1.54,21.02,9.78,Santarém,PA,Norte,-2.43,-54.71
2021,271,2.37,0.49,0.48,33.99,69.61,1.27,21.16,9.96,Santarém,PA,Norte,-2.43,-54.71
2021,272,1.16,0.49,0.48,33.76,68.93,1.31,20.16,9.51,Santarém,PA,Norte,-2.43,-54.71
2021,273,0.26,0.49,0.46,33.64,67.17,1.49,20.65,9.75,Santarém,PA,Norte,-2.43,-54.71
2021,274,0.95,0.49,0.45,33.35,66.64,1.29,18.58,8.55,Santarém,PA,Norte,-2.43,-54.71
2021,275,5.97,0.49,0.5,29.21,79.86,1.26,7.11,3.48,Santarém,PA,Norte,-2.43,-54.71
2021,276,0.77,0.49,0.49,32.59,72.06,1.63,21.02,9.67,Santarém,PA,Norte,-2.43,-54.71
2021,277,0.3,0.49,0.47,33.96,67.62,1.98,18.83,8.66,Santarém,PA,Norte,-2.43,-54.71
2021,278,0.27,0.49,0.47,34.56,66.2,1.86,22.11,10.14,Santarém,PA,Norte,-2.43,-54.71
2021,279,0.08,0.49,0.46,34.95,65.45,1.38,21.21,9.72,Santarém,PA,Norte,-2.43,-54.71
2021,280,0.09,0.48,0.45,34.75,67.33,1.12,20.41,9.34,Santarém,PA,Norte,-2.43,-54.71
2021,281,0.02,0.48,0.44,35.38,63.93,1.58,20.84,9.59,Santarém,PA,Norte,-2.43,-54.71
2021,282,0.13,0.48,0.42,35.69,60.82,1.52,19.93,9.24,Santarém,PA,Norte,-2.43,-54.71
2021,283,0.24,0.48,0.41,35.09,62.03,1.55,21.22,9.8,Santarém,PA,Norte,-2.43,-54.71
2021,284,0.16,0.48,0.4,34.33,58.24,1.95,22.04,10.19,Santarém,PA,Norte,-2.43,-54.71
2021,285,0.03,0.48,0.4,35.77,57.98,1.65,23.44,10.84,Santarém,PA,Norte,-2.43,-54.71
2021,286,0.0,0.47,0.39,35.91,59.0,1.46,24.34,11.17,Santarém,PA,Norte,-2.43,-54.71
2021,287,0.53,0.47,0.38,36.34,62.21,1.67,20.48,9.36,Santarém,PA,Norte,-2.43,-54.71
2021,288,0.17,0.47,0.38,36.06,57.88,1.92,21.93,10.01,Santarém,PA,Norte,-2.43,-54.71
2021,289,0.34,0.47,0.37,36.24,59.99,1.71,20.81,9.5,Santarém,PA,Norte,-2.43,-54.71
2021,290,3.77,0.47,0.39,34.94,63.19,1.55,19.99,9.15,Santarém,PA,Norte,-2.43,-54.71
2021,291,9.2,0.49,0.5,33.02,70.37,1.12,12.96,6.0,Santarém,PA,Norte,-2.43,-54.71
2021,292,5.41,0.5,0.51,33.77,67.49,1.17,17.34,8.06,Santarém,PA,Norte,-2.43,-54.71
2021,293,6.13,0.5,0.51,34.02,68.71,1.43,19.57,9.04,Santarém,PA,Norte,-2.43,-54.71
2021,294,13.3,0.51,0.55,31.41,78.53,1.16,18.89,8.67,Santarém,PA,Norte,-2.43,-54.71
2021,295,14.52,0.53,0.6,29.17,83.18,0.96,11.29,5.36,Santarém,PA,Norte,-2.43,-54.71
2021,296,7.3,0.54,0.57,30.98,77.75,1.0,7.5,3.66,Santarém,PA,Norte,-2.43,-54.71
2021,297,3.46,0.54,0.55,30.1,82.11,1.42,17.41,8.14,Santarém,PA,Norte,-2.43,-54.71
2021,298,1.02,0.53,0.53,32.88,74.59,1.17,20.35,9.43,Santarém,PA,Norte,-2.43,-54.71
2021,299,4.73,0.53,0.54,31.54,77.1,1.28,18.7,8.64,Santarém,PA,Norte,-2.43,-54.71
2021,300,5.26,0.53,0.55,31.73,75.08,1.49,14.3,6.75,Santarém,PA,Norte,-2.43,-54.71
2021,301,4.17,0.53,0.55,32.04,74.84,1.13,21.46,9.96,Santarém,PA,Norte,-2.43,-54.71
2021,302,2.11,0.53,0.52,30.23,75.25,1.39,20.79,9.68,Santarém,PA,Norte,-2.43,-54.71
2021,303,0.36,0.53,0.52,30.48,77.49,1.09,22.06,10.25,Santarém,PA,Norte,-2.43,-54.71
2021,304,0.09,0.52,0.51,31.01,76.03,1.28,21.49,9.88,Santarém,PA,Norte,-2.43,-54.71
2021,305,7.78,0.52,0.54,30.44,78.53,1.18,19.38,8.81,Santarém,PA,Norte,-2.43,-54.71
2021,306,4.98,0.54,0.56,29.32,84.19,1.26,11.01,5.19,Santarém,PA,Norte,-2.43,-54.71
2021,307,1.73,0.54,0.53,32.19,74.78,1.25,21.16,9.87,Santarém,PA,Norte,-2.43,-54.71
2021,308,1.07,0.53,0.52,32.75,72.38,1.56,22.41,10.4,Santarém,PA,Norte,-2.43,-54.71
2021,309,0.23,0.52,0.51,33.39,70.47,1.48,22.57,10.4,Santarém,PA,Norte,-2.43,-54.71
2021,310,1.95,0.52,0.5,33.81,71.47,1.29,18.1,8.36,Santarém,PA,Norte,-2.43,-54.71
2021,311,0.41,0.52,0.5,31.47,75.68,0.98,18.4,8.62,Santarém,PA,Norte,-2.43,-54.71
2021,312,23.06,0.53,0.59,30.36,78.77,1.23,20.51,9.62,Santarém,PA,Norte,-2.43,-54.71
2021,313,20.09,0.58,0.65,26.33,89.91,1.02,11.07,5.34,Santarém,PA,Norte,-2.43,-54.71
2021,314,2.19,0.58,0.59,30.36,78.41,1.12,18.65,8.78,Santarém,PA,Norte,-2.43,-54.71
2021,315,1.38,0.57,0.57,30.94,76.82,1.26,22.11,10.39,Santarém,PA,Norte,-2.43,-54.71
2021,316,0.67,0.56,0.56,32.32,72.73,1.33,22.79,10.67,Santarém,PA,Norte,-2.43,-54.71
2021,317,0.9,0.55,0.55,31.43,71.4,0.97,22.22,10.37,Santarém,PA,Norte,-2.43,-54.71
2021,318,5.56,0.55,0.56,30.7,71.29,0.63,19.69,9.16,Santarém,PA,Norte,-2.43,-54.71
2021,319,11.26,0.56,0.6,29.98,81.15,1.03,15.29,7.08,Santarém,PA,Norte,-2.43,-54.71
2021,320,6.71,0.57,0.6,29.98,82.69,1.57,14.58,6.84,Santarém,PA,Norte,-2.43,-54.71
2021,321,1.5,0.56,0.57,30.91,77.12,1.36,18.67,8.74,Santarém,PA,Norte,-2.43,-54.71
2021,322,1.04,0.56,0.56,31.03,74.76,1.21,18.56,8.65,Santarém,PA,Norte,-2.43,-54.71
2021,323,4.7,0.55,0.56,32.26,74.22,1.23,19.23,8.94,Santarém,PA,Norte,-2.43,-54.71
2021,324,44.79,0.59,0.71,28.16,87.02,1.25,4.64,2.35,Santarém,PA,Norte,-2.43,-54.71
2021,325,14.37,0.64,0.71,28.97,85.03,1.21,18.41,8.66,Santarém,PA,Norte,-2.43,-54.71
2021,326,5.9,0.64,0.68,27.96,84.86,1.2,13.91,6.53,Santarém,PA,Norte,-2.43,-54.71
2021,327,0.72,0.62,0.65,29.44,83.48,1.27,20.9,9.66,Santarém,PA,Norte,-2.43,-54.71
2021,328,1.35,0.61,0.63,30.54,82.24,1.34,21.78,10.12,Santarém,PA,Norte,-2.43,-54.71
2021,329,5.99,0.6,0.64,30.72,81.87,1.34,18.91,8.83,Santarém,PA,Norte,-2.43,-54.71
2021,330,4.79,0.61,0.64,29.41,82.88,1.17,17.3,8.0,Santarém,PA,Norte,-2.43,-54.71
2021,331,1.5,0.6,0.62,30.14,79.69,1.37,21.0,9.79,Santarém,PA,Norte,-2.43,-54.71
2021,332,1.9,0.59,0.61,30.09,81.97,1.37,22.05,10.31,Santarém,PA,Norte,-2.43,-54.71
2021,333,0.69,0.59,0.6,31.07,78.64,1.46,19.67,9.21,Santarém,PA,Norte,-2.43,-54.71
2021,334,1.33,0.58,0.59,30.36,80.58,1.55,17.01,7.95,Santarém,PA,Norte,-2.43,-54.71
2021,335,2.89,0.58,0.59,31.21,76.4,1.24,19.6,9.08,Santarém,PA,Norte,-2.43,-54.71
2021,336,3.42,0.57,0.59,30.91,73.54,1.08,19.87,9.21,Santarém,PA,Norte,-2.43,-54.71
2021,337,5.97,0.57,0.6,28.98,79.26,1.02,13.52,6.41,Santarém,PA,Norte,-2.43,-54.71
2021,338,24.07,0.6,0.68,28.52,84.01,1.38,14.88,7.1,Santarém,PA,Norte,-2.43,-54.71
2021,339,12.72,0.62,0.68,29.59,84.33,1.45,17.18,8.17,Santarém,PA,Norte,-2.43,-54.71
2021,340,7.95,0.62,0.66,29.24,86.36,1.37,17.43,8.21,Santarém,PA,Norte,-2.43,-54.71
2021,341,8.2,0.62,0.67,29.15,82.38,0.86,11.62,5.57,Santarém,PA,Norte,-2.43,-54.71
2021,342,3.47,0.62,0.65,28.64,81.66,1.12,15.76,7.43,Santarém,PA,Norte,-2.43,-54.71
2021,343,3.48,0.61,0.64,29.2,84.5,1.31,19.23,9.04,Santarém,PA,Norte,-2.43,-54.71
2021,344,5.35,0.61,0.65,29.84,83.43,1.34,18.72,8.79,Santarém,PA,Norte,-2.43,-54.71
2021,345,10.51,0.62,0.67,27.36,90.01,1.14,12.22,5.88,Santarém,PA,Norte,-2.43,-54.71
2021,346,9.04,0.63,0.68,28.6,88.36,1.26,15.09,7.11,Santarém,PA,Norte,-2.43,-54.71
2021,347,3.28,0.63,0.67,28.4,84.7,0.99,19.57,9.14,Santarém,PA,Norte,-2.43,-54.71
2021,348,0.8,0.62,0.65,29.11,85.53,1.39,19.76,9.28,Santarém,PA,Norte,-2.43,-54.71
2021,349,7.98,0.62,0.67,28.88,88.07,1.16,18.4,8.62,Santarém,PA,Norte,-2.43,-54.71
2021,350,6.23,0.63,0.68,28.41,90.2,1.25,14.61,6.89,Santarém,PA,Norte,-2.43,-54.71
2021,351,5.17,0.63,0.67,29.47,85.34,1.35,18.16,8.61,Santarém,PA,Norte,-2.43,-54.71
2021,352,6.75,0.63,0.67,29.26,85.86,1.29,18.16,8.51,Santarém,PA,Norte,-2.43,-54.71
2021,353,3.61,0.63,0.66,28.5,85.91,1.28,17.03,7.9,Santarém,PA,Norte,-2.43,-54.71
2021,354,9.86,0.64,0.69,27.62,89.59,1.2,13.58,6.46,Santarém,PA,Norte,-2.43,-54.71
2021,355,0.58,0.64,0.66,29.71,85.01,1.35,19.62,9.22,Santarém,PA,Norte,-2.43,-54.71
2021,356,0.24,0.62,0.64,30.2,84.66,1.35,19.69,9.15,Santarém,PA,Norte,-2.43,-54.71
2021,357,1.08,0.62,0.64,29.46,83.47,0.92,17.09,8.0,Santarém,PA,Norte,-2.43,-54.71
2021,358,16.37,0.62,0.67,27.52,84.72,0.84,19.55,9.12,Santarém,PA,Norte,-2.43,-54.71
2021,359,18.4,0.66,0.73,27.25,84.49,0.71,12.12,5.84,Santarém,PA,Norte,-2.43,-54.71
2021,360,0.06,0.65,0.67,29.46,84.12,1.3,19.52,9.24,Santarém,PA,Norte,-2.43,-54.71
2021,361,0.08,0.64,0.66,27.83,82.79,1.16,13.65,6.49,Santarém,PA,Norte,-2.43,-54.71
2021,362,0.38,0.63,0.65,28.53,83.59,1.43,14.29,6.82,Santarém,PA,Norte,-2.43,-54.71
2021,363,0.17,0.62,0.64,29.66,83.49,1.52,19.59,9.27,Santarém,PA,Norte,-2.43,-54.71
2021,364,13.26,0.62,0.67,29.06,80.73,1.01,18.35,8.64,Santarém,PA,Norte,-2.43,-54.71
2021,365,20.72,0.65,0.72,27.2,85.09,0.71,12.53,6.06,Santarém,PA,Norte,-2.43,-54.71
2022,1,12.37,0.67,0.73,27.12,87.13,1.43,8.51,4.21,Santarém,PA,Norte,-2.43,-54.71
2022,2,9.36,0.67,0.71,28.16,87.66,1.39,15.55,7.48,Santarém,PA,Norte,-2.43,-54.71
2022,3,32.16,0.69,0.78,26.65,90.75,1.24,12.43,5.95,Santarém,PA,Norte,-2.43,-54.71
2022,4,6.83,0.71,0.74,28.27,86.35,1.3,9.72,4.78,Santarém,PA,Norte,-2.43,-54.71
2022,5,10.89,0.7,0.75,28.3,87.53,1.13,16.69,7.92,Santarém,PA,Norte,-2.43,-54.71
2022,6,10.95,0.71,0.75,26.67,90.31,1.26,12.98,6.18,Santarém,PA,Norte,-2.43,-54.71
2022,7,18.97,0.72,0.78,27.36,86.94,1.2,16.7,7.99,Santarém,PA,Norte,-2.43,-54.71
2022,8,22.46,0.75,0.8,25.93,88.92,1.01,8.22,4.09,Santarém,PA,Norte,-2.43,-54.71
2022,9,10.21,0.75,0.78,27.22,84.22,0.7,14.79,7.04,Santarém,PA,Norte,-2.43,-54.71
2022,10,2.02,0.74,0.76,28.47,73.8,0.4,16.34,7.85,Santarém,PA,Norte,-2.43,-54.71
2022,11,13.37,0.74,0.78,27.56,78.67,0.66,20.75,9.83,Santarém,PA,Norte,-2.43,-54.71
2022,12,12.81,0.76,0.79,26.82,85.51,1.06,11.37,5.52,Santarém,PA,Norte,-2.43,-54.71
2022,13,0.4,0.75,0.76,29.04,84.61,1.46,22.21,10.51,Santarém,PA,Norte,-2.43,-54.71
2022,14,1.39,0.73,0.75,28.54,84.22,1.32,19.61,9.34,Santarém,PA,Norte,-2.43,-54.71
2022,15,0.96,0.73,0.74,28.81,86.49,1.49,18.0,8.57,Santarém,PA,Norte,-2.43,-54.71
2022,16,0.54,0.72,0.74,27.33,85.55,1.34,22.35,10.64,Santarém,PA,Norte,-2.43,-54.71
2022,17,1.27,0.71,0.73,28.16,85.29,1.3,21.94,10.46,Santarém,PA,Norte,-2.43,-54.71
2022,18,5.5,0.71,0.74,27.41,88.55,1.3,15.59,7.47,Santarém,PA,Norte,-2.43,-54.71
2022,19,2.74,0.71,0.74,28.87,85.57,1.57,20.06,9.5,Santarém,PA,Norte,-2.43,-54.71
2022,20,1.08,0.7,0.72,29.24,84.55,1.57,21.93,10.37,Santarém,PA,Norte,-2.43,-54.71
2022,21,1.6,0.7,0.72,28.65,84.93,1.32,19.55,9.24,Santarém,PA,Norte,-2.43,-54.71
2022,22,0.76,0.69,0.71,29.1,83.14,1.31,21.66,10.23,Santarém,PA,Norte,-2.43,-54.71
2022,23,9.98,0.69,0.73,27.14,88.01,1.04,14.53,6.85,Santarém,PA,Norte,-2.43,-54.71
2022,24,2.87,0.7,0.73,27.59,86.95,1.45,16.79,7.95,Santarém,PA,Norte,-2.43,-54.71
2022,25,1.56,0.69,0.72,28.5,84.82,1.5,20.63,9.78,Santarém,PA,Norte,-2.43,-54.71
2022,26,9.82,0.7,0.74,26.53,88.08,1.26,13.28,6.28,Santarém,PA,Norte,-2.43,-54.71
2022,27,12.09,0.7,0.75,27.0,87.94,1.12,12.0,5.76,Santarém,PA,Norte,-2.43,-54.71
2022,28,9.11,0.72,0.76,27.13,89.37,0.96,13.65,6.5,Santarém,PA,Norte,-2.43,-54.71
2022,29,8.18,0.72,0.76,25.6,91.5,1.21,9.16,4.5,Santarém,PA,Norte,-2.43,-54.71
2022,30,5.2,0.72,0.75,26.13,91.45,1.2,13.83,6.58,Santarém,PA,Norte,-2.43,-54.71
2022,31,2.28,0.72,0.74,27.78,87.5,1.45,17.84,8.48,Santarém,PA,Norte,-2.43,-54.71
2022,32,1.23,0.71,0.73,28.61,85.98,1.48,18.61,8.75,Santarém,PA,Norte,-2.43,-54.71
2022,33,3.69,0.7,0.73,28.03,84.91,1.56,18.72,8.81,Santarém,PA,Norte,-2.43,-54.71
2022,34,8.72,0.7,0.74,28.65,86.84,1.33,18.46,8.7,Santarém,PA,Norte,-2.43,-54.71
2022,35,4.78,0.7,0.74,27.71,88.02,1.31,15.6,7.42,Santarém,PA,Norte,-2.43,-54.71
2022,36,3.13,0.7,0.73,27.96,87.93,1.2,14.18,6.75,Santarém,PA,Norte,-2.43,-54.71
2022,37,16.48,0.71,0.76,26.77,91.09,1.11,9.93,4.85,Santarém,PA,Norte,-2.43,-54.71
2022,38,19.16,0.73,0.78,26.26,88.51,1.02,19.55,9.25,Santarém,PA,Norte,-2.43,-54.71
2022,39,14.39,0.75,0.79,26.25,91.12,0.94,13.24,6.36,Santarém,PA,Norte,-2.43,-54.71
2022,40,4.91,0.75,0.77,28.74,80.76,0.67,15.45,7.28,Santarém,PA,Norte,-2.43,-54.71
2022,41,12.93,0.75,0.79,26.65,90.07,1.03,7.36,3.62,Santarém,PA,Norte,-2.43,-54.71
2022,42,11.44,0.76,0.79,28.31,88.59,1.23,15.78,7.5,Santarém,PA,Norte,-2.43,-54.71
2022,43,5.92,0.76,0.78,28.43,87.33,1.43,16.9,7.94,Santarém,PA,Norte,-2.43,-54.71
2022,44,1.26,0.74,0.77,28.47,83.64,1.47,17.11,8.13,Santarém,PA,Norte,-2.43,-54.71
2022,45,5.63,0.74,0.77,26.81,85.98,1.09,20.11,9.56,Santarém,PA,Norte,-2.43,-54.71
2022,46,15.27,0.75,0.79,25.18,89.67,0.96,7.99,3.93,Santarém,PA,Norte,-2.43,-54.71
2022,47,13.3,0.77,0.81,26.49,87.48,1.31,19.44,9.17,Santarém,PA,Norte,-2.43,-54.71
2022,48,2.1,0.76,0.78,27.95,84.62,1.25,21.35,10.12,Santarém,PA,Norte,-2.43,-54.71
2022,49,7.16,0.76,0.79,26.83,85.43,0.96,13.65,6.51,Santarém,PA,Norte,-2.43,-54.71
2022,50,7.84,0.76,0.79,27.73,84.06,1.13,10.71,5.22,Santarém,PA,Norte,-2.43,-54.71
2022,51,7.13,0.76,0.79,28.02,88.43,1.26,20.04,9.47,Santarém,PA,Norte,-2.43,-54.71
2022,52,9.19,0.76,0.79,28.59,89.68,1.35,18.78,8.93,Santarém,PA,Norte,-2.43,-54.71
2022,53,5.9,0.77,0.79,28.16,89.72,1.47,20.16,9.53,Santarém,PA,Norte,-2.43,-54.71
2022,54,5.86,0.77,0.79,27.72,87.5,1.13,17.4,8.21,Santarém,PA,Norte,-2.43,-54.71
2022,55,3.94,0.77,0.79,28.36,86.86,1.08,16.06,7.65,Santarém,PA,Norte,-2.43,-54.71
2022,56,3.81,0.76,0.78,28.43,88.43,1.19,20.49,9.65,Santarém,PA,Norte,-2.43,-54.71
2022,57,6.99,0.76,0.79,28.59,85.77,1.31,17.56,8.27,Santarém,PA,Norte,-2.43,-54.71
2022,58,8.15,0.76,0.79,27.36,87.0,1.09,17.78,8.45,Santarém,PA,Norte,-2.43,-54.71
2022,59,4.5,0.76,0.79,27.62,87.91,1.2,19.25,9.01,Santarém,PA,Norte,-2.43,-54.71
2022,60,6.55,0.77,0.79,27.26,88.73,1.25,15.32,7.22,Santarém,PA,Norte,-2.43,-54.71
2022,61,1.92,0.76,0.78,28.61,85.27,1.35,21.48,10.13,Santarém,PA,Norte,-2.43,-54.71
2022,62,1.19,0.75,0.77,28.9,86.04,1.23,19.88,9.42,Santarém,PA,Norte,-2.43,-54.71
2022,63,6.88,0.75,0.78,28.45,85.1,1.27,21.17,10.01,Santarém,PA,Norte,-2.43,-54.71
2022,64,9.95,0.76,0.79,27.42,84.25,1.07,8.7,4.27,Santarém,PA,Norte,-2.43,-54.71
2022,65,9.57,0.76,0.79,26.9,87.05,1.03,21.14,10.02,Santarém,PA,Norte,-2.43,-54.71
2022,66,3.42,0.76,0.79,27.88,84.09,0.99,19.59,9.2,Santarém,PA,Norte,-2.43,-54.71
2022,67,36.46,0.78,0.84,27.62,86.89,1.29,18.34,8.67,Santarém,PA,Norte,-2.43,-54.71
2022,68,39.55,0.84,0.88,26.26,92.35,1.18,5.79,2.91,Santarém,PA,Norte,-2.43,-54.71
2022,69,18.2,0.84,0.86,27.86,83.73,1.0,18.56,8.78,Santarém,PA,Norte,-2.43,-54.71
2022,70,2.09,0.84,0.84,28.3,87.29,1.25,16.45,7.84,Santarém,PA,Norte,-2.43,-54.71
2022,71,1.54,0.82,0.82,29.11,85.35,1.23,19.13,9.02,Santarém,PA,Norte,-2.43,-54.71
2022,72,13.94,0.82,0.84,27.93,87.98,1.04,15.69,7.4,Santarém,PA,Norte,-2.43,-54.71
2022,73,9.85,0.83,0.85,26.87,88.16,0.99,9.36,4.51,Santarém,PA,Norte,-2.43,-54.71
2022,74,1.62,0.83,0.83,26.06,90.28,0.94,19.06,8.98,Santarém,PA,Norte,-2.43,-54.71
2022,75,0.37,0.82,0.82,28.6,84.26,1.2,21.96,10.34,Santarém,PA,Norte,-2.43,-54.71
2022,76,13.34,0.82,0.84,27.97,87.41,1.27,16.7,7.88,Santarém,PA,Norte,-2.43,-54.71
2022,77,15.77,0.84,0.86,26.56,93.1,1.21,16.35,7.66,Santarém,PA,Norte,-2.43,-54.71
2022,78,2.94,0.84,0.84,27.47,87.87,1.37,20.81,9.85,Santarém,PA,Norte,-2.43,-54.71
2022,79,14.99,0.84,0.85,27.85,84.01,0.9,19.54,9.21,Santarém,PA,Norte,-2.43,-54.71
2022,80,18.18,0.85,0.86,27.56,85.78,0.93,13.97,6.52,Santarém,PA,Norte,-2.43,-54.71
2022,81,3.01,0.85,0.85,28.5,87.28,1.2,18.93,8.94,Santarém,PA,Norte,-2.43,-54.71
2022,82,4.16,0.84,0.84,29.07,86.16,1.53,20.4,9.63,Santarém,PA,Norte,-2.43,-54.71
2022,83,6.23,0.84,0.84,28.3,88.01,1.65,19.07,9.01,Santarém,PA,Norte,-2.43,-54.71
2022,84,0.33,0.83,0.83,28.94,84.24,1.49,20.96,9.93,Santarém,PA,Norte,-2.43,-54.71
2022,85,8.61,0.83,0.84,27.95,87.09,1.5,19.52,9.31,Santarém,PA,Norte,-2.43,-54.71
2022,86,14.41,0.83,0.84,28.75,86.34,1.46,16.52,7.76,Santarém,PA,Norte,-2.43,-54.71
2022,87,35.43,0.88,0.89,26.35,91.56,1.38,10.64,5.12,Santarém,PA,Norte,-2.43,-54.71
2022,88,10.53,0.87,0.87,27.52,86.58,0.84,15.49,7.41,Santarém,PA,Norte,-2.43,-54.71
2022,89,43.3,0.9,0.91,25.64,87.93,0.75,6.39,3.17,Santarém,PA,Norte,-2.43,-54.71
2022,90,1.0,0.91,0.88,27.86,83.01,0.82,19.33,9.16,Santarém,PA,Norte,-2.43,-54.71
2022,91,2.1,0.9,0.88,28.77,86.38,1.3,18.22,8.71,Santarém,PA,Norte,-2.43,-54.71
2022,92,18.54,0.9,0.89,28.34,88.7,1.27,19.92,9.59,Santarém,PA,Norte,-2.43,-54.71
2022,93,15.22,0.92,0.9,27.43,85.86,0.87,11.84,5.84,Santarém,PA,Norte,-2.43,-54.71
2022,94,15.91,0.92,0.9,26.34,88.53,1.14,18.09,8.76,Santarém,PA,Norte,-2.43,-54.71
2022,95,11.02,0.93,0.9,27.66,89.52,1.22,20.0,9.66,Santarém,PA,Norte,-2.43,-54.71
2022,96,2.84,0.93,0.89,28.53,85.86,1.01,17.01,8.28,Santarém,PA,Norte,-2.43,-54.71
2022,97,3.79,0.92,0.89,28.02,88.26,1.19,19.57,9.45,Santarém,PA,Norte,-2.43,-54.71
2022,98,9.24,0.92,0.89,28.05,89.45,1.39,15.86,7.7,Santarém,PA,Norte,-2.43,-54.71
2022,99,8.13,0.92,0.9,27.95,88.55,1.39,18.88,9.14,Santarém,PA,Norte,-2.43,-54.71
2022,100,8.17,0.93,0.9,27.13,88.18,1.33,14.45,6.91,Santarém,PA,Norte,-2.43,-54.71
2022,101,3.16,0.92,0.89,28.62,85.28,1.21,19.65,9.41,Santarém,PA,Norte,-2.43,-54.71
2022,102,4.09,0.92,0.89,26.86,88.35,1.29,17.55,8.35,Santarém,PA,Norte,-2.43,-54.71
2022,103,0.54,0.91,0.88,28.45,85.76,1.36,19.86,9.47,Santarém,PA,Norte,-2.43,-54.71
2022,104,1.84,0.9,0.88,27.94,86.55,1.36,18.7,8.93,Santarém,PA,Norte,-2.43,-54.71
2022,105,12.27,0.91,0.89,27.09,80.08,0.68,17.35,8.3,Santarém,PA,Norte,-2.43,-54.71
2022,106,8.26,0.91,0.89,28.5,78.8,0.83,11.7,5.67,Santarém,PA,Norte,-2.43,-54.71
2022,107,8.05,0.91,0.89,26.74,85.8,0.88,13.06,6.31,Santarém,PA,Norte,-2.43,-54.71
2022,108,4.23,0.91,0.89,27.2,85.56,0.86,16.74,8.03,Santarém,PA,Norte,-2.43,-54.71
2022,109,6.62,0.91,0.89,28.99,80.8,0.95,15.98,7.64,Santarém,PA,Norte,-2.43,-54.71
2022,110,31.41,0.93,0.92,26.57,90.83,1.07,10.85,5.26,Santarém,PA,Norte,-2.43,-54.71
2022,111,14.53,0.95,0.91,27.68,85.09,0.84,14.24,6.88,Santarém,PA,Norte,-2.43,-54.71
2022,112,7.45,0.95,0.91,28.24,84.61,0.94,14.35,6.86,Santarém,PA,Norte,-2.43,-54.71
2022,113,2.95,0.94,0.9,28.65,81.23,0.96,15.21,7.27,Santarém,PA,Norte,-2.43,-54.71
2022,114,2.64,0.94,0.9,28.22,87.35,1.45,19.9,9.51,Santarém,PA,Norte,-2.43,-54.71
2022,115,1.16,0.93,0.89,28.97,85.76,1.49,20.09,9.59,Santarém,PA,Norte,-2.43,-54.71
2022,116,3.03,0.92,0.89,27.83,90.07,1.42,16.32,7.9,Santarém,PA,Norte,-2.43,-54.71
2022,117,3.0,0.92,0.89,27.08,88.7,1.38,18.31,8.72,Santarém,PA,Norte,-2.43,-54.71
2022,118,0.87,0.91,0.88,27.09,89.62,1.32,18.87,9.05,Santarém,PA,Norte,-2.43,-54.71
2022,119,4.25,0.91,0.88,27.86,89.59,1.29,14.47,6.9,Santarém,PA,Norte,-2.43,-54.71
2022,120,2.35,0.91,0.88,28.36,87.05,1.29,18.68,9.01,Santarém,PA,Norte,-2.43,-54.71
2022,121,12.3,0.91,0.89,27.77,85.99,1.21,16.37,7.94,Santarém,PA,Norte,-2.43,-54.71
2022,122,12.38,0.92,0.9,27.85,87.4,1.1,14.45,6.99,Santarém,PA,Norte,-2.43,-54.71
2022,123,7.38,0.92,0.89,27.93,87.96,1.03,15.23,7.4,Santarém,PA,Norte,-2.43,-54.71
2022,124,24.8,0.94,0.92,26.34,89.14,0.94,17.66,8.45,Santarém,PA,Norte,-2.43,-54.71
2022,125,1.0,0.94,0.9,28.04,87.59,1.14,19.79,9.49,Santarém,PA,Norte,-2.43,-54.71
2022,126,2.92,0.93,0.9,27.95,87.87,1.41,17.65,8.43,Santarém,PA,Norte,-2.43,-54.71
2022,127,4.58,0.93,0.89,28.26,86.82,1.14,17.4,8.3,Santarém,PA,Norte,-2.43,-54.71
2022,128,23.59,0.94,0.91,26.76,88.71,1.21,16.52,7.98,Santarém,PA,Norte,-2.43,-54.71
2022,129,10.73,0.95,0.91,26.21,90.16,0.99,15.61,7.54,Santarém,PA,Norte,-2.43,-54.71
2022,130,2.87,0.95,0.91,27.55,88.99,1.3,17.56,8.37,Santarém,PA,Norte,-2.43,-54.71
2022,131,0.64,0.94,0.9,28.72,85.45,1.2,19.28,9.19,Santarém,PA,Norte,-2.43,-54.71
2022,132,2.07,0.93,0.89,28.69,87.8,1.39,20.08,9.67,Santarém,PA,Norte,-2.43,-54.71
2022,133,1.35,0.93,0.89,28.5,89.87,1.32,18.15,8.78,Santarém,PA,Norte,-2.43,-54.71
2022,134,6.0,0.93,0.89,28.35,91.01,1.35,14.02,6.79,Santarém,PA,Norte,-2.43,-54.71
2022,135,5.04,0.93,0.89,27.95,91.19,1.46,11.54,5.61,Santarém,PA,Norte,-2.43,-54.71
2022,136,7.28,0.93,0.9,27.97,91.43,1.13,9.72,4.8,Santarém,PA,Norte,-2.43,-54.71
2022,137,5.95,0.93,0.9,28.71,88.14,1.05,15.74,7.57,Santarém,PA,Norte,-2.43,-54.71
2022,138,17.99,0.93,0.9,28.31,83.36,0.75,10.31,4.96,Santarém,PA,Norte,-2.43,-54.71
2022,139,14.19,0.95,0.92,26.59,89.0,1.05,14.47,7.03,Santarém,PA,Norte,-2.43,-54.71
2022,140,6.75,0.95,0.91,24.34,92.36,1.13,7.77,3.92,Santarém,PA,Norte,-2.43,-54.71
2022,141,6.41,0.95,0.91,26.42,88.91,1.09,15.8,7.64,Santarém,PA,Norte,-2.43,-54.71
2022,142,11.38,0.95,0.91,27.88,84.54,0.82,17.55,8.43,Santarém,PA,Norte,-2.43,-54.71
2022,143,5.35,0.95,0.91,27.06,87.9,1.28,14.19,6.83,Santarém,PA,Norte,-2.43,-54.71
2022,144,1.07,0.95,0.9,27.62,87.07,1.51,17.71,8.45,Santarém,PA,Norte,-2.43,-54.71
2022,145,0.15,0.94,0.9,28.44,87.84,1.47,18.94,9.05,Santarém,PA,Norte,-2.43,-54.71
2022,146,1.0,0.93,0.89,28.62,87.25,1.29,17.73,8.5,Santarém,PA,Norte,-2.43,-54.71
2022,147,5.03,0.93,0.89,27.88,89.94,1.27,16.66,8.05,Santarém,PA,Norte,-2.43,-54.71
2022,148,3.55,0.92,0.89,27.8,89.83,1.31,18.45,8.83,Santarém,PA,Norte,-2.43,-54.71
2022,149,2.06,0.92,0.89,28.18,88.21,1.42,16.66,8.0,Santarém,PA,Norte,-2.43,-54.71
2022,150,3.06,0.91,0.88,28.42,86.33,1.01,15.64,7.6,Santarém,PA,Norte,-2.43,-54.71
2022,151,18.4,0.92,0.9,26.51,91.45,1.01,18.83,9.06,Santarém,PA,Norte,-2.43,-54.71
2022,152,4.91,0.94,0.9,27.16,89.44,1.04,15.62,7.49,Santarém,PA,Norte,-2.43,-54.71
2022,153,5.67,0.93,0.9,27.64,85.29,1.12,14.57,7.06,Santarém,PA,Norte,-2.43,-54.71
2022,154,14.46,0.94,0.91,26.68,90.67,1.07,18.21,8.75,Santarém,PA,Norte,-2.43,-54.71
2022,155,7.61,0.95,0.91,26.53,90.35,1.05,17.09,8.19,Santarém,PA,Norte,-2.43,-54.71
2022,156,11.28,0.95,0.91,26.07,86.81,0.92,15.11,7.16,Santarém,PA,Norte,-2.43,-54.71
2022,157,11.75,0.96,0.92,26.31,80.77,0.79,7.64,3.84,Santarém,PA,Norte,-2.43,-54.71
2022,158,1.99,0.95,0.91,28.11,82.79,1.08,18.29,8.72,Santarém,PA,Norte,-2.43,-54.71
2022,159,10.75,0.96,0.91,26.55,92.05,1.11,13.71,6.58,Santarém,PA,Norte,-2.43,-54.71
2022,160,6.16,0.96,0.91,27.59,90.78,1.17,15.86,7.6,Santarém,PA,Norte,-2.43,-54.71
2022,161,0.32,0.96,0.91,27.43,88.66,1.24,19.01,9.05,Santarém,PA,Norte,-2.43,-54.71
2022,162,8.29,0.95,0.91,26.98,82.29,0.82,16.97,8.15,Santarém,PA,Norte,-2.43,-54.71
2022,163,6.3,0.96,0.91,26.03,89.31,0.62,13.86,6.75,Santarém,PA,Norte,-2.43,-54.71
2022,164,3.93,0.96,0.91,28.04,79.77,0.56,18.31,8.74,Santarém,PA,Norte,-2.43,-54.71
2022,165,2.68,0.95,0.91,27.51,83.79,1.01,14.17,6.91,Santarém,PA,Norte,-2.43,-54.71
2022,166,1.8,0.95,0.9,27.98,88.58,1.42,17.6,8.46,Santarém,PA,Norte,-2.43,-54.71
2022,167,0.23,0.93,0.89,28.51,84.79,1.38,22.25,10.34,Santarém,PA,Norte,-2.43,-54.71
2022,168,0.0,0.92,0.89,28.87,80.52,1.09,20.94,9.86,Santarém,PA,Norte,-2.43,-54.71
2022,169,1.39,0.92,0.89,27.41,88.63,1.25,18.93,9.02,Santarém,PA,Norte,-2.43,-54.71
2022,170,1.1,0.92,0.88,27.76,90.28,1.3,18.39,8.72,Santarém,PA,Norte,-2.43,-54.71
2022,171,1.55,0.91,0.88,28.08,89.61,1.29,16.99,8.15,Santarém,PA,Norte,-2.43,-54.71
2022,172,0.7,0.91,0.88,28.85,85.83,1.21,19.71,9.31,Santarém,PA,Norte,-2.43,-54.71
2022,173,0.77,0.9,0.87,28.26,86.03,1.24,16.48,7.86,Santarém,PA,Norte,-2.43,-54.71
2022,174,0.57,0.89,0.87,28.49,88.3,1.37,17.08,8.2,Santarém,PA,Norte,-2.43,-54.71
2022,175,0.02,0.88,0.86,28.88,86.01,1.42,19.16,9.03,Santarém,PA,Norte,-2.43,-54.71
2022,176,0.0,0.87,0.86,29.03,84.01,1.15,20.41,9.62,Santarém,PA,Norte,-2.43,-54.71
2022,177,2.84,0.87,0.86,27.73,87.39,0.97,18.28,8.8,Santarém,PA,Norte,-2.43,-54.71
2022,178,6.15,0.87,0.86,28.47,80.97,0.77,17.07,8.22,Santarém,PA,Norte,-2.43,-54.71
2022,179,0.3,0.86,0.85,28.72,80.66,1.04,18.1,8.64,Santarém,PA,Norte,-2.43,-54.71
2022,180,1.93,0.86,0.85,26.97,85.9,0.9,9.8,4.87,Santarém,PA,Norte,-2.43,-54.71
2022,181,0.26,0.86,0.85,27.28,87.08,1.29,18.07,8.63,Santarém,PA,Norte,-2.43,-54.71
2022,182,2.36,0.85,0.85,28.21,88.73,1.37,14.45,6.96,Santarém,PA,Norte,-2.43,-54.71
2022,183,3.56,0.85,0.85,28.07,88.82,1.44,17.56,8.39,Santarém,PA,Norte,-2.43,-54.71
2022,184,10.12,0.85,0.86,27.17,92.79,1.28,16.27,7.86,Santarém,PA,Norte,-2.43,-54.71
2022,185,2.35,0.86,0.85,28.36,89.13,1.41,16.74,8.01,Santarém,PA,Norte,-2.43,-54.71
2022,186,0.31,0.85,0.84,28.72,85.71,1.28,16.89,8.09,Santarém,PA,Norte,-2.43,-54.71
2022,187,0.47,0.84,0.84,28.77,85.35,1.16,18.15,8.62,Santarém,PA,Norte,-2.43,-54.71
2022,188,8.06,0.83,0.84,28.21,89.29,1.5,16.96,8.15,Santarém,PA,Norte,-2.43,-54.71
2022,189,6.22,0.84,0.85,27.89,89.41,1.49,14.12,6.91,Santarém,PA,Norte,-2.43,-54.71
2022,190,0.75,0.83,0.83,28.96,86.66,1.49,20.19,9.58,Santarém,PA,Norte,-2.43,-54.71
2022,191,2.19,0.82,0.83,29.31,84.55,1.28,19.2,9.13,Santarém,PA,Norte,-2.43,-54.71
2022,192,0.66,0.82,0.82,29.17,85.14,1.41,20.13,9.46,Santarém,PA,Norte,-2.43,-54.71
2022,193,5.74,0.81,0.82,29.04,85.7,1.25,20.08,9.53,Santarém,PA,Norte,-2.43,-54.71
2022,194,7.29,0.82,0.83,28.04,88.58,1.18,18.6,8.92,Santarém,PA,Norte,-2.43,-54.71
2022,195,5.06,0.82,0.83,27.81,84.89,1.28,12.68,6.16,Santarém,PA,Norte,-2.43,-54.71
2022,196,1.14,0.81,0.82,28.37,86.1,1.32,14.89,7.23,Santarém,PA,Norte,-2.43,-54.71
2022,197,2.11,0.81,0.82,28.46,88.13,1.28,19.15,9.14,Santarém,PA,Norte,-2.43,-54.71
2022,198,0.39,0.8,0.81,29.55,86.22,1.33,21.36,10.04,Santarém,PA,Norte,-2.43,-54.71
2022,199,0.08,0.79,0.8,29.33,84.45,1.36,17.55,8.43,Santarém,PA,Norte,-2.43,-54.71
2022,200,4.79,0.79,0.8,27.92,86.76,1.4,17.52,8.4,Santarém,PA,Norte,-2.43,-54.71
2022,201,2.9,0.79,0.8,28.61,85.75,1.24,18.41,8.81,Santarém,PA,Norte,-2.43,-54.71
2022,202,0.69,0.79,0.79,29.1,83.83,1.23,17.68,8.47,Santarém,PA,Norte,-2.43,-54.71
2022,203,0.35,0.78,0.79,29.29,84.6,1.36,18.61,8.89,Santarém,PA,Norte,-2.43,-54.71
2022,204,0.16,0.77,0.78,29.14,85.03,1.34,20.57,9.67,Santarém,PA,Norte,-2.43,-54.71
2022,205,0.0,0.76,0.78,29.58,84.24,1.36,21.51,10.11,Santarém,PA,Norte,-2.43,-54.71
2022,206,0.29,0.75,0.77,29.36,85.03,1.28,20.82,9.81,Santarém,PA,Norte,-2.43,-54.71
2022,207,1.23,0.75,0.77,28.62,86.45,1.29,17.61,8.41,Santarém,PA,Norte,-2.43,-54.71
2022,208,4.03,0.75,0.77,27.39,89.0,1.19,18.74,8.86,Santarém,PA,Norte,-2.43,-54.71
2022,209,2.14,0.75,0.77,28.9,85.09,1.26,20.15,9.47,Santarém,PA,Norte,-2.43,-54.71
2022,210,3.5,0.75,0.77,28.28,83.58,1.1,17.59,8.4,Santarém,PA,Norte,-2.43,-54.71
2022,211,6.87,0.75,0.78,28.43,83.39,1.0,17.38,8.24,Santarém,PA,Norte,-2.43,-54.71
2022,212,3.71,0.75,0.78,27.24,88.23,1.16,14.64,7.02,Santarém,PA,Norte,-2.43,-54.71
2022,213,0.19,0.75,0.77,27.73,87.8,1.34,19.66,9.29,Santarém,PA,Norte,-2.43,-54.71
2022,214,0.12,0.74,0.76,27.38,88.72,1.27,19.13,9.05,Santarém,PA,Norte,-2.43,-54.71
2022,215,0.06,0.74,0.76,28.67,87.14,1.38,20.01,9.4,Santarém,PA,Norte,-2.43,-54.71
2022,216,0.35,0.73,0.75,29.31,85.36,1.47,20.86,9.78,Santarém,PA,Norte,-2.43,-54.71
2022,217,0.42,0.72,0.74,29.2,85.71,1.4,21.53,10.07,Santarém,PA,Norte,-2.43,-54.71
2022,218,0.28,0.71,0.73,29.42,85.44,1.35,21.26,9.98,Santarém,PA,Norte,-2.43,-54.71
2022,219,0.1,0.71,0.73,29.43,82.52,1.36,22.56,10.51,Santarém,PA,Norte,-2.43,-54.71
2022,220,0.02,0.7,0.72,29.93,83.65,1.44,22.93,10.71,Santarém,PA,Norte,-2.43,-54.71
2022,221,0.09,0.69,0.71,30.37,83.26,1.48,22.7,10.56,Santarém,PA,Norte,-2.43,-54.71
2022,222,0.04,0.68,0.7,30.29,82.39,1.38,23.88,11.02,Santarém,PA,Norte,-2.43,-54.71
2022,223,0.07,0.68,0.69,29.56,82.67,1.06,20.96,9.85,Santarém,PA,Norte,-2.43,-54.71
2022,224,2.51,0.67,0.69,29.78,82.26,1.2,20.54,9.63,Santarém,PA,Norte,-2.43,-54.71
2022,225,3.04,0.67,0.69,30.1,84.71,1.54,20.27,9.49,Santarém,PA,Norte,-2.43,-54.71
2022,226,0.24,0.67,0.68,29.59,81.78,1.65,14.47,6.89,Santarém,PA,Norte,-2.43,-54.71
2022,227,0.01,0.66,0.67,30.29,80.22,1.53,22.96,10.66,Santarém,PA,Norte,-2.43,-54.71
2022,228,1.56,0.65,0.66,30.61,80.3,1.45,22.08,10.32,Santarém,PA,Norte,-2.43,-54.71
2022,229,1.27,0.65,0.66,31.1,79.9,1.35,23.41,10.86,Santarém,PA,Norte,-2.43,-54.71
2022,230,0.38,0.64,0.65,31.04,80.76,1.57,22.22,10.29,Santarém,PA,Norte,-2.43,-54.71
2022,231,0.0,0.63,0.64,30.61,80.78,1.71,20.65,9.7,Santarém,PA,Norte,-2.43,-54.71
2022,232,0.22,0.63,0.63,30.9,79.08,1.32,22.16,10.33,Santarém,PA,Norte,-2.43,-54.71
2022,233,8.86,0.63,0.66,29.83,80.35,0.86,13.07,6.27,Santarém,PA,Norte,-2.43,-54.71
2022,234,7.97,0.65,0.68,29.09,75.53,0.55,16.3,7.71,Santarém,PA,Norte,-2.43,-54.71
2022,235,4.06,0.65,0.66,29.15,74.87,0.9,13.72,6.58,Santarém,PA,Norte,-2.43,-54.71
2022,236,0.84,0.64,0.65,29.02,81.16,1.25,19.49,9.17,Santarém,PA,Norte,-2.43,-54.71
2022,237,6.04,0.64,0.66,29.84,80.87,1.34,16.91,8.04,Santarém,PA,Norte,-2.43,-54.71
2022,238,4.07,0.64,0.66,29.17,84.42,1.52,20.53,9.69,Santarém,PA,Norte,-2.43,-54.71
2022,239,0.16,0.64,0.64,30.07,80.85,1.34,22.22,10.43,Santarém,PA,Norte,-2.43,-54.71
2022,240,1.5,0.63,0.64,30.58,78.85,1.19,21.31,10.0,Santarém,PA,Norte,-2.43,-54.71
2022,241,0.98,0.63,0.63,31.79,78.91,1.2,23.11,10.66,Santarém,PA,Norte,-2.43,-54.71
2022,242,0.01,0.62,0.62,32.45,74.89,0.94,23.95,10.95,Santarém,PA,Norte,-2.43,-54.71
2022,243,4.56,0.61,0.62,31.96,75.31,1.05,21.45,9.95,Santarém,PA,Norte,-2.43,-54.71
2022,244,2.3,0.61,0.63,30.87,80.73,1.44,19.92,9.36,Santarém,PA,Norte,-2.43,-54.71
2022,245,0.06,0.61,0.61,31.32,78.48,1.61,20.48,9.58,Santarém,PA,Norte,-2.43,-54.71
2022,246,0.0,0.6,0.6,32.25,75.34,1.6,20.85,9.67,Santarém,PA,Norte,-2.43,-54.71
2022,247,0.0,0.6,0.59,32.44,74.61,1.47,23.03,10.67,Santarém,PA,Norte,-2.43,-54.71
2022,248,0.0,0.59,0.58,32.97,72.58,1.71,23.21,10.8,Santarém,PA,Norte,-2.43,-54.71
2022,249,0.51,0.58,0.58,32.2,71.31,1.59,19.5,9.14,Santarém,PA,Norte,-2.43,-54.71
2022,250,0.45,0.58,0.58,30.13,78.03,1.41,21.88,10.34,Santarém,PA,Norte,-2.43,-54.71
2022,251,1.72,0.58,0.58,29.95,79.1,1.48,21.17,9.97,Santarém,PA,Norte,-2.43,-54.71
2022,252,1.3,0.58,0.58,31.39,77.54,1.66,21.34,10.0,Santarém,PA,Norte,-2.43,-54.71
2022,253,0.0,0.57,0.57,33.26,72.37,1.56,24.81,11.4,Santarém,PA,Norte,-2.43,-54.71
2022,254,0.0,0.57,0.56,33.51,70.39,1.05,23.16,10.75,Santarém,PA,Norte,-2.43,-54.71
2022,255,0.04,0.56,0.55,33.31,69.57,1.05,20.52,9.53,Santarém,PA,Norte,-2.43,-54.71
2022,256,0.06,0.56,0.55,32.63,70.42,1.35,22.01,10.23,Santarém,PA,Norte,-2.43,-54.71
2022,257,0.02,0.55,0.55,32.73,70.87,1.72,22.41,10.41,Santarém,PA,Norte,-2.43,-54.71
2022,258,0.0,0.55,0.54,33.46,69.72,1.33,23.54,10.87,Santarém,PA,Norte,-2.43,-54.71
2022,259,0.0,0.54,0.54,33.53,70.07,1.36,20.6,9.54,Santarém,PA,Norte,-2.43,-54.71
2022,260,0.05,0.54,0.53,33.6,68.72,1.62,23.03,10.64,Santarém,PA,Norte,-2.43,-54.71
2022,261,0.16,0.54,0.53,33.69,67.0,1.78,23.42,10.8,Santarém,PA,Norte,-2.43,-54.71
2022,262,0.1,0.53,0.52,34.32,67.63,1.6,22.11,10.2,Santarém,PA,Norte,-2.43,-54.71
2022,263,0.0,0.53,0.52,35.24,66.15,1.42,22.96,10.49,Santarém,PA,Norte,-2.43,-54.71
2022,264,0.23,0.52,0.52,33.16,66.93,1.62,21.07,9.72,Santarém,PA,Norte,-2.43,-54.71
2022,265,0.1,0.52,0.51,34.24,64.96,1.75,22.18,10.07,Santarém,PA,Norte,-2.43,-54.71
2022,266,0.0,0.51,0.5,34.48,63.49,1.49,25.62,11.59,Santarém,PA,Norte,-2.43,-54.71
2022,267,0.16,0.51,0.5,35.83,63.91,1.23,23.69,10.72,Santarém,PA,Norte,-2.43,-54.71
2022,268,2.38,0.51,0.51,34.15,68.52,1.21,20.79,9.51,Santarém,PA,Norte,-2.43,-54.71
2022,269,1.5,0.51,0.51,33.23,71.63,1.64,19.71,9.25,Santarém,PA,Norte,-2.43,-54.71
2022,270,0.03,0.51,0.49,34.33,67.25,1.74,23.69,10.99,Santarém,PA,Norte,-2.43,-54.71
2022,271,0.0,0.51,0.49,35.02,65.66,1.62,23.37,10.75,Santarém,PA,Norte,-2.43,-54.71
2022,272,0.0,0.5,0.48,34.9,64.46,1.69,20.48,9.43,Santarém,PA,Norte,-2.43,-54.71
2022,273,0.08,0.5,0.48,34.64,65.88,1.75,22.62,10.43,Santarém,PA,Norte,-2.43,-54.71
2022,274,0.03,0.5,0.47,34.79,63.77,1.65,22.72,10.4,Santarém,PA,Norte,-2.43,-54.71
2022,275,0.07,0.49,0.47,34.6,63.69,1.46,19.72,9.06,Santarém,PA,Norte,-2.43,-54.71
2022,276,4.2,0.5,0.49,34.7,61.93,0.93,18.07,8.19,Santarém,PA,Norte,-2.43,-54.71
2022,277,5.98,0.51,0.53,34.27,64.68,1.23,19.87,9.23,Santarém,PA,Norte,-2.43,-54.71
2022,278,0.02,0.5,0.49,35.11,62.17,1.65,23.27,10.67,Santarém,PA,Norte,-2.43,-54.71
2022,279,0.01,0.5,0.48,35.26,59.47,1.87,23.74,10.74,Santarém,PA,Norte,-2.43,-54.71
2022,280,0.0,0.49,0.47,35.13,59.2,1.96,20.37,9.3,Santarém,PA,Norte,-2.43,-54.71
2022,281,0.0,0.49,0.46,35.32,55.65,1.73,24.21,11.08,Santarém,PA,Norte,-2.43,-54.71
2022,282,0.1,0.49,0.45,35.96,59.14,1.35,22.57,10.32,Santarém,PA,Norte,-2.43,-54.71
2022,283,12.36,0.5,0.53,29.74,73.44,1.28,10.87,5.13,Santarém,PA,Norte,-2.43,-54.71
2022,284,3.03,0.51,0.53,32.65,71.76,1.45,20.81,9.65,Santarém,PA,Norte,-2.43,-54.71
2022,285,9.0,0.51,0.55,30.82,71.33,0.75,21.5,9.99,Santarém,PA,Norte,-2.43,-54.71
2022,286,6.12,0.53,0.56,29.87,74.49,0.94,12.01,5.62,Santarém,PA,Norte,-2.43,-54.71
2022,287,0.56,0.53,0.53,32.48,72.22,1.41,17.93,8.35,Santarém,PA,Norte,-2.43,-54.71
2022,288,1.34,0.52,0.52,32.64,72.64,1.15,18.85,8.67,Santarém,PA,Norte,-2.43,-54.71
2022,289,6.64,0.53,0.55,29.84,74.51,0.91,17.3,8.05,Santarém,PA,Norte,-2.43,-54.71
2022,290,7.99,0.53,0.57,28.89,77.02,1.19,14.03,6.52,Santarém,PA,Norte,-2.43,-54.71
2022,291,0.9,0.53,0.53,31.82,72.17,0.88,16.96,7.98,Santarém,PA,Norte,-2.43,-54.71
2022,292,3.52,0.53,0.54,31.64,74.3,1.44,18.72,8.77,Santarém,PA,Norte,-2.43,-54.71
2022,293,1.22,0.53,0.53,32.73,73.79,1.21,18.21,8.42,Santarém,PA,Norte,-2.43,-54.71
2022,294,0.28,0.52,0.52,33.59,68.1,1.01,19.11,8.63,Santarém,PA,Norte,-2.43,-54.71
2022,295,0.01,0.52,0.51,34.4,64.51,1.02,15.51,6.85,Santarém,PA,Norte,-2.43,-54.71
2022,296,0.01,0.51,0.5,34.17,69.65,1.3,18.85,8.65,Santarém,PA,Norte,-2.43,-54.71
2022,297,0.74,0.51,0.49,34.13,64.82,1.17,19.47,8.94,Santarém,PA,Norte,-2.43,-54.71
2022,298,0.88,0.51,0.5,33.41,65.47,1.01,19.94,9.19,Santarém,PA,Norte,-2.43,-54.71
2022,299,9.91,0.52,0.55,28.96,80.25,1.14,8.19,3.93,Santarém,PA,Norte,-2.43,-54.71
2022,300,2.59,0.52,0.52,32.5,75.66,1.53,20.18,9.39,Santarém,PA,Norte,-2.43,-54.71
2022,301,0.41,0.52,0.51,33.47,66.51,1.66,18.74,8.66,Santarém,PA,Norte,-2.43,-54.71
2022,302,0.0,0.51,0.49,34.18,62.16,1.1,19.88,9.16,Santarém,PA,Norte,-2.43,-54.71
2022,303,0.81,0.51,0.49,34.18,62.28,0.85,16.99,7.8,Santarém,PA,Norte,-2.43,-54.71
2022,304,0.92,0.51,0.49,33.25,67.39,1.43,15.61,7.11,Santarém,PA,Norte,-2.43,-54.71
2022,305,0.42,0.5,0.48,34.51,61.69,1.42,16.77,7.75,Santarém,PA,Norte,-2.43,-54.71
2022,306,2.02,0.5,0.49,33.66,65.07,1.05,20.61,9.59,Santarém,PA,Norte,-2.43,-54.71
2022,307,2.44,0.5,0.5,33.46,67.97,1.26,15.29,7.18,Santarém,PA,Norte,-2.43,-54.71
2022,308,1.98,0.5,0.49,32.19,71.09,1.23,17.34,8.18,Santarém,PA,Norte,-2.43,-54.71
2022,309,4.06,0.5,0.51,32.1,72.26,1.14,18.97,8.96,Santarém,PA,Norte,-2.43,-54.71
2022,310,16.72,0.52,0.57,29.48,77.03,0.63,8.85,4.36,Santarém,PA,Norte,-2.43,-54.71
2022,311,15.65,0.54,0.59,30.0,76.74,0.82,15.65,7.46,Santarém,PA,Norte,-2.43,-54.71
2022,312,9.66,0.57,0.62,28.51,83.18,1.03,12.85,6.12,Santarém,PA,Norte,-2.43,-54.71
2022,313,2.43,0.56,0.57,30.09,80.32,1.38,20.92,9.85,Santarém,PA,Norte,-2.43,-54.71
2022,314,1.44,0.55,0.56,30.69,76.81,1.7,23.52,11.07,Santarém,PA,Norte,-2.43,-54.71
2022,315,0.0,0.54,0.53,32.16,70.59,1.45,24.87,11.52,Santarém,PA,Norte,-2.43,-54.71
2022,316,1.41,0.54,0.52,33.05,70.08,1.28,19.19,8.89,Santarém,PA,Norte,-2.43,-54.71
2022,317,0.2,0.53,0.52,30.27,79.03,1.3,19.73,9.14,Santarém,PA,Norte,-2.43,-54.71
2022,318,0.0,0.53,0.51,32.02,73.6,1.68,17.91,8.28,Santarém,PA,Norte,-2.43,-54.71
2022,319,0.01,0.52,0.51,31.3,70.37,1.62,18.52,8.65,Santarém,PA,Norte,-2.43,-54.71
2022,320,0.01,0.52,0.5,33.07,68.06,1.42,21.15,9.79,Santarém,PA,Norte,-2.43,-54.71
2022,321,0.0,0.52,0.5,33.55,66.06,1.08,19.64,9.05,Santarém,PA,Norte,-2.43,-54.71
2022,322,0.36,0.51,0.49,33.24,63.79,1.15,18.76,8.72,Santarém,PA,Norte,-2.43,-54.71
2022,323,0.44,0.51,0.49,31.98,67.01,1.42,15.68,7.37,Santarém,PA,Norte,-2.43,-54.71
2022,324,0.19,0.51,0.49,33.21,69.51,1.68,22.39,10.48,Santarém,PA,Norte,-2.43,-54.71
2022,325,0.04,0.51,0.48,33.73,64.7,1.54,22.3,10.41,Santarém,PA,Norte,-2.43,-54.71
2022,326,2.35,0.51,0.49,33.61,66.83,1.41,19.62,9.15,Santarém,PA,Norte,-2.43,-54.71
2022,327,10.23,0.52,0.54,30.73,73.79,1.05,12.57,5.96,Santarém,PA,Norte,-2.43,-54.71
2022,328,32.02,0.56,0.66,26.69,88.24,1.18,6.61,3.31,Santarém,PA,Norte,-2.43,-54.71
2022,329,1.06,0.57,0.59,30.39,75.85,1.08,18.95,8.98,Santarém,PA,Norte,-2.43,-54.71
2022,330,1.13,0.56,0.57,29.91,76.73,1.08,19.69,9.29,Santarém,PA,Norte,-2.43,-54.71
2022,331,1.75,0.55,0.56,31.6,73.45,1.22,19.33,9.08,Santarém,PA,Norte,-2.43,-54.71
2022,332,5.96,0.55,0.57,30.99,71.61,1.24,19.89,9.3,Santarém,PA,Norte,-2.43,-54.71
2022,333,8.78,0.56,0.6,27.8,85.07,1.09,13.4,6.37,Santarém,PA,Norte,-2.43,-54.71
2022,334,0.26,0.56,0.56,29.55,80.06,1.28,19.59,9.32,Santarém,PA,Norte,-2.43,-54.71
2022,335,6.84,0.56,0.58,28.07,85.99,1.42,11.79,5.65,Santarém,PA,Norte,-2.43,-54.71
2022,336,3.24,0.56,0.58,28.34,86.28,1.26,9.18,4.51,Santarém,PA,Norte,-2.43,-54.71
2022,337,3.14,0.56,0.58,29.77,81.68,0.89,20.07,9.49,Santarém,PA,Norte,-2.43,-54.71
2022,338,13.92,0.57,0.63,26.33,89.89,1.19,5.33,2.71,Santarém,PA,Norte,-2.43,-54.71
2022,339,1.98,0.58,0.6,29.02,82.1,1.4,19.82,9.4,Santarém,PA,Norte,-2.43,-54.71
2022,340,0.13,0.57,0.57,30.13,80.24,1.45,20.48,9.7,Santarém,PA,Norte,-2.43,-54.71
2022,341,0.48,0.56,0.56,31.57,79.28,1.43,20.01,9.46,Santarém,PA,Norte,-2.43,-54.71
2022,342,1.07,0.55,0.55,30.98,79.57,1.26,19.2,9.06,Santarém,PA,Norte,-2.43,-54.71
2022,343,1.06,0.55,0.55,31.24,77.46,1.56,23.44,10.86,Santarém,PA,Norte,-2.43,-54.71
2022,344,0.46,0.54,0.53,31.27,75.37,1.63,22.14,10.36,Santarém,PA,Norte,-2.43,-54.71
2022,345,0.49,0.54,0.53,31.26,76.41,1.61,22.07,10.38,Santarém,PA,Norte,-2.43,-54.71
2022,346,0.29,0.54,0.52,31.59,73.41,1.62,18.08,8.51,Santarém,PA,Norte,-2.43,-54.71
2022,347,0.53,0.53,0.52,29.61,76.15,1.39,21.46,10.09,Santarém,PA,Norte,-2.43,-54.71
2022,348,0.06,0.53,0.51,32.47,71.68,1.33,23.32,10.78,Santarém,PA,Norte,-2.43,-54.71
2022,349,0.16,0.53,0.51,31.98,72.33,1.44,20.95,9.87,Santarém,PA,Norte,-2.43,-54.71
2022,350,0.99,0.52,0.5,32.2,71.31,1.61,21.8,10.25,Santarém,PA,Norte,-2.43,-54.71
2022,351,1.1,0.52,0.51,32.58,70.19,1.46,21.95,10.31,Santarém,PA,Norte,-2.43,-54.71
2022,352,4.73,0.52,0.52,32.06,70.59,1.55,19.21,9.04,Santarém,PA,Norte,-2.43,-54.71
2022,353,7.26,0.53,0.55,29.62,80.27,1.32,15.54,7.35,Santarém,PA,Norte,-2.43,-54.71
2022,354,2.06,0.54,0.53,29.96,78.41,1.11,20.47,9.66,Santarém,PA,Norte,-2.43,-54.71
2022,355,18.37,0.55,0.61,27.23,86.81,0.93,19.79,9.44,Santarém,PA,Norte,-2.43,-54.71
2022,356,31.81,0.6,0.69,28.35,80.73,0.78,5.57,2.8,Santarém,PA,Norte,-2.43,-54.71
2022,357,2.77,0.6,0.63,28.19,79.48,1.19,15.8,7.47,Santarém,PA,Norte,-2.43,-54.71
2022,358,2.64,0.59,0.6,29.4,79.92,1.39,16.81,7.97,Santarém,PA,Norte,-2.43,-54.71
2022,359,3.76,0.58,0.61,29.56,80.98,1.39,20.14,9.54,Santarém,PA,Norte,-2.43,-54.71
2022,360,2.17,0.58,0.59,30.11,78.49,1.32,19.49,9.27,Santarém,PA,Norte,-2.43,-54.71
2022,361,5.03,0.58,0.6,26.93,85.46,1.41,6.8,3.38,Santarém,PA,Norte,-2.43,-54.71
2022,362,8.05,0.58,0.61,28.54,82.31,0.8,17.76,8.45,Santarém,PA,Norte,-2.43,-54.71
2022,363,7.09,0.59,0.62,26.27,86.23,1.37,13.15,6.29,Santarém,PA,Norte,-2.43,-54.71
2022,364,2.79,0.58,0.6,30.27,80.24,1.38,18.82,8.86,Santarém,PA,Norte,-2.43,-54.71
2022,365,3.78,0.58,0.6,28.87,82.03,1.21,20.74,9.84,Santarém,PA,Norte,-2.43,-54.71
2023,1,34.5,0.62,0.72,25.89,91.54,1.28,8.8,4.42,Santarém,PA,Norte,-2.43,-54.71
2023,2,8.09,0.63,0.67,28.71,84.12,1.22,20.54,9.73,Santarém,PA,Norte,-2.43,-54.71
2023,3,1.72,0.63,0.66,27.68,82.33,0.93,20.75,9.84,Santarém,PA,Norte,-2.43,-54.71
2023,4,0.8,0.61,0.63,29.49,77.17,1.05,18.93,8.98,Santarém,PA,Norte,-2.43,-54.71
2023,5,0.77,0.6,0.62,28.49,81.91,1.32,18.77,8.91,Santarém,PA,Norte,-2.43,-54.71
2023,6,0.08,0.6,0.61,28.87,82.54,1.18,22.31,10.51,Santarém,PA,Norte,-2.43,-54.71
2023,7,0.01,0.59,0.6,29.92,81.74,1.31,20.88,9.8,Santarém,PA,Norte,-2.43,-54.71
2023,8,0.64,0.58,0.59,30.12,79.21,1.29,19.45,9.18,Santarém,PA,Norte,-2.43,-54.71
2023,9,1.87,0.58,0.59,29.53,78.55,1.49,19.82,9.4,Santarém,PA,Norte,-2.43,-54.71
2023,10,1.3,0.57,0.58,30.09,79.91,1.25,18.53,8.77,Santarém,PA,Norte,-2.43,-54.71
2023,11,1.83,0.57,0.58,29.95,80.39,1.49,15.44,7.34,Santarém,PA,Norte,-2.43,-54.71
2023,12,0.39,0.56,0.57,29.84,80.92,1.5,20.84,9.88,Santarém,PA,Norte,-2.43,-54.71
2023,13,0.87,0.56,0.56,29.2,82.33,1.26,19.72,9.43,Santarém,PA,Norte,-2.43,-54.71
2023,14,11.12,0.57,0.6,26.8,84.4,0.76,9.72,4.81,Santarém,PA,Norte,-2.43,-54.71
2023,15,2.53,0.58,0.61,27.27,81.33,0.85,15.58,7.4,Santarém,PA,Norte,-2.43,-54.71
2023,16,0.42,0.57,0.58,29.9,75.16,1.19,19.75,9.38,Santarém,PA,Norte,-2.43,-54.71
2023,17,15.14,0.58,0.63,27.18,85.43,0.98,12.2,5.93,Santarém,PA,Norte,-2.43,-54.71
2023,18,31.29,0.62,0.71,25.84,89.56,1.01,9.47,4.76,Santarém,PA,Norte,-2.43,-54.71
2023,19,4.54,0.64,0.67,27.45,85.79,1.39,18.29,8.72,Santarém,PA,Norte,-2.43,-54.71
2023,20,0.45,0.62,0.64,28.43,84.02,1.26,21.25,10.12,Santarém,PA,Norte,-2.43,-54.71
2023,21,4.93,0.61,0.64,28.44,82.72,1.26,20.15,9.64,Santarém,PA,Norte,-2.43,-54.71
2023,22,10.59,0.62,0.68,28.45,85.64,1.38,20.81,9.96,Santarém,PA,Norte,-2.43,-54.71
2023,23,3.1,0.62,0.64,28.23,86.38,1.35,17.64,8.46,Santarém,PA,Norte,-2.43,-54.71
2023,24,11.29,0.62,0.67,27.14,84.35,1.06,17.86,8.55,Santarém,PA,Norte,-2.43,-54.71
2023,25,40.46,0.66,0.77,26.65,88.04,1.01,17.4,8.38,Santarém,PA,Norte,-2.43,-54.71
2023,26,22.75,0.7,0.77,26.89,84.7,0.79,15.41,7.47,Santarém,PA,Norte,-2.43,-54.71
2023,27,8.46,0.7,0.74,27.36,84.55,1.13,12.43,6.1,Santarém,PA,Norte,-2.43,-54.71
2023,28,5.16,0.69,0.73,26.88,88.34,1.34,16.98,8.17,Santarém,PA,Norte,-2.43,-54.71
2023,29,2.19,0.68,0.71,27.88,85.67,1.31,20.09,9.64,Santarém,PA,Norte,-2.43,-54.71
2023,30,3.18,0.67,0.7,27.99,86.8,1.4,10.14,5.11,Santarém,PA,Norte,-2.43,-54.71
2023,31,6.26,0.67,0.71,26.73,85.88,0.85,12.11,6.01,Santarém,PA,Norte,-2.43,-54.71
2023,32,5.78,0.67,0.71,28.15,85.88,1.17,11.1,5.54,Santarém,PA,Norte,-2.43,-54.71
2023,33,0.78,0.67,0.69,28.36,84.72,1.42,16.49,7.99,Santarém,PA,Norte,-2.43,-54.71
2023,34,1.62,0.65,0.68,28.79,83.78,1.51,21.91,10.45,Santarém,PA,Norte,-2.43,-54.71
2023,35,4.58,0.65,0.68,27.78,88.82,1.42,15.12,7.45,Santarém,PA,Norte,-2.43,-54.71
2023,36,3.38,0.65,0.69,26.71,88.85,1.31,16.07,7.74,Santarém,PA,Norte,-2.43,-54.71
2023,37,0.6,0.65,0.67,28.8,83.42,1.34,19.73,9.55,Santarém,PA,Norte,-2.43,-54.71
2023,38,3.92,0.64,0.67,27.78,86.57,1.33,15.18,7.51,Santarém,PA,Norte,-2.43,-54.71
2023,39,2.44,0.64,0.67,27.76,86.81,1.3,15.14,7.54,Santarém,PA,Norte,-2.43,-54.71
2023,40,1.65,0.63,0.66,28.98,84.71,1.32,17.78,8.74,Santarém,PA,Norte,-2.43,-54.71
2023,41,9.0,0.63,0.68,28.42,85.1,1.23,20.64,9.96,Santarém,PA,Norte,-2.43,-54.71
2023,42,10.19,0.65,0.7,28.4,87.49,1.23,19.84,9.63,Santarém,PA,Norte,-2.43,-54.71
2023,43,1.21,0.64,0.67,28.79,85.98,1.36,22.18,10.69,Santarém,PA,Norte,-2.43,-54.71
2023,44,4.03,0.64,0.67,28.06,88.55,1.41,19.86,9.69,Santarém,PA,Norte,-2.43,-54.71
2023,45,10.71,0.64,0.69,28.33,87.93,1.62,17.74,8.44,Santarém,PA,Norte,-2.43,-54.71
2023,46,3.66,0.64,0.67,28.84,84.76,1.35,18.23,8.65,Santarém,PA,Norte,-2.43,-54.71
2023,47,4.57,0.64,0.68,28.78,85.57,1.32,17.96,8.49,Santarém,PA,Norte,-2.43,-54.71
2023,48,0.94,0.63,0.65,27.11,82.21,1.25,17.04,8.09,Santarém,PA,Norte,-2.43,-54.71
2023,49,8.17,0.63,0.67,27.57,86.3,1.2,14.97,7.18,Santarém,PA,Norte,-2.43,-54.71
2023,50,18.67,0.65,0.71,25.11,93.51,1.06,13.15,6.38,Santarém,PA,Norte,-2.43,-54.71
2023,51,48.85,0.7,0.81,25.76,90.9,0.93,19.13,9.1,Santarém,PA,Norte,-2.43,-54.71
2023,52,46.13,0.77,0.85,25.1,89.65,0.86,4.22,2.22,Santarém,PA,Norte,-2.43,-54.71
2023,53,4.01,0.77,0.79,27.36,88.54,1.21,17.07,8.2,Santarém,PA,Norte,-2.43,-54.71
2023,54,4.54,0.75,0.78,27.75,87.28,1.24,17.83,8.64,Santarém,PA,Norte,-2.43,-54.71
2023,55,6.23,0.74,0.77,28.87,87.06,1.19,18.37,8.84,Santarém,PA,Norte,-2.43,-54.71
2023,56,6.86,0.74,0.77,27.18,88.41,0.98,14.94,7.1,Santarém,PA,Norte,-2.43,-54.71
2023,57,8.54,0.74,0.77,28.17,83.15,1.0,19.96,9.51,Santarém,PA,Norte,-2.43,-54.71
2023,58,5.19,0.74,0.77,26.08,89.91,1.4,15.41,7.38,Santarém,PA,Norte,-2.43,-54.71
2023,59,3.97,0.73,0.76,28.52,86.43,1.43,17.74,8.58,Santarém,PA,Norte,-2.43,-54.71
2023,60,6.02,0.73,0.76,28.59,87.19,1.34,18.57,8.93,Santarém,PA,Norte,-2.43,-54.71
2023,61,3.69,0.73,0.75,27.17,89.38,1.41,19.95,9.47,Santarém,PA,Norte,-2.43,-54.71
2023,62,8.49,0.73,0.76,27.75,89.49,1.48,18.03,8.68,Santarém,PA,Norte,-2.43,-54.71
2023,63,2.52,0.73,0.75,28.42,87.46,1.7,15.58,7.53,Santarém,PA,Norte,-2.43,-54.71
2023,64,4.08,0.71,0.74,28.7,84.68,1.31,21.15,10.15,Santarém,PA,Norte,-2.43,-54.71
2023,65,12.02,0.72,0.77,27.27,89.02,1.41,14.18,6.89,Santarém,PA,Norte,-2.43,-54.71
2023,66,19.99,0.74,0.79,27.18,89.47,1.21,16.91,8.18,Santarém,PA,Norte,-2.43,-54.71
2023,67,2.81,0.75,0.77,27.35,86.98,1.43,16.79,7.96,Santarém,PA,Norte,-2.43,-54.71
2023,68,0.36,0.74,0.76,28.41,84.95,1.3,19.62,9.32,Santarém,PA,Norte,-2.43,-54.71
2023,69,0.3,0.72,0.74,28.92,83.95,1.56,19.46,9.29,Santarém,PA,Norte,-2.43,-54.71
2023,70,5.42,0.71,0.74,28.33,84.99,1.34,19.8,9.53,Santarém,PA,Norte,-2.43,-54.71
2023,71,5.98,0.72,0.76,26.46,88.21,1.05,17.3,8.21,Santarém,PA,Norte,-2.43,-54.71
2023,72,2.18,0.72,0.75,27.66,81.45,1.11,16.33,7.82,Santarém,PA,Norte,-2.43,-54.71
2023,73,6.86,0.72,0.75,27.94,77.16,0.7,14.95,7.23,Santarém,PA,Norte,-2.43,-54.71
2023,74,5.62,0.72,0.75,28.28,83.04,0.79,9.5,4.72,Santarém,PA,Norte,-2.43,-54.71
2023,75,5.11,0.72,0.75,27.33,82.02,0.72,19.97,9.61,Santarém,PA,Norte,-2.43,-54.71
2023,76,17.61,0.74,0.79,26.88,82.53,0.67,9.53,4.76,Santarém,PA,Norte,-2.43,-54.71
2023,77,3.6,0.73,0.76,28.53,84.54,1.31,20.19,9.59,Santarém,PA,Norte,-2.43,-54.71
2023,78,3.49,0.73,0.75,28.38,84.68,1.57,18.68,8.88,Santarém,PA,Norte,-2.43,-54.71
2023,79,0.65,0.71,0.74,28.82,85.31,1.52,21.32,10.08,Santarém,PA,Norte,-2.43,-54.71
2023,80,0.41,0.71,0.73,27.58,85.7,1.47,21.61,10.25,Santarém,PA,Norte,-2.43,-54.71
2023,81,0.19,0.7,0.72,28.55,82.87,1.52,21.93,10.41,Santarém,PA,Norte,-2.43,-54.71
2023,82,15.46,0.7,0.75,25.79,88.64,1.08,15.75,7.59,Santarém,PA,Norte,-2.43,-54.71
2023,83,11.66,0.73,0.77,27.58,88.24,1.34,14.67,7.06,Santarém,PA,Norte,-2.43,-54.71
2023,84,16.75,0.74,0.78,27.2,89.4,1.16,19.08,9.16,Santarém,PA,Norte,-2.43,-54.71
2023,85,3.47,0.74,0.76,27.85,81.82,0.98,15.79,7.55,Santarém,PA,Norte,-2.43,-54.71
2023,86,13.87,0.75,0.79,26.48,87.38,1.03,9.33,4.68,Santarém,PA,Norte,-2.43,-54.71
2023,87,7.15,0.75,0.78,27.67,88.16,1.1,18.19,8.8,Santarém,PA,Norte,-2.43,-54.71
2023,88,11.32,0.75,0.78,28.13,87.56,1.2,21.58,10.34,Santarém,PA,Norte,-2.43,-54.71
2023,89,24.4,0.77,0.82,27.82,89.82,1.36,8.3,4.19,Santarém,PA,Norte,-2.43,-54.71
2023,90,10.37,0.78,0.8,28.11,89.71,1.41,21.25,10.2,Santarém,PA,Norte,-2.43,-54.71
2023,91,4.66,0.77,0.79,27.93,87.72,1.28,17.73,8.63,Santarém,PA,Norte,-2.43,-54.71
2023,92,10.3,0.77,0.8,26.59,88.94,1.14,11.75,5.67,Santarém,PA,Norte,-2.43,-54.71
2023,93,1.69,0.77,0.78,27.6,85.68,1.33,20.81,9.92,Santarém,PA,Norte,-2.43,-54.71
2023,94,8.82,0.77,0.8,25.52,91.89,1.1,16.87,8.24,Santarém,PA,Norte,-2.43,-54.71
2023,95,3.08,0.77,0.79,27.53,84.0,1.13,18.21,8.75,Santarém,PA,Norte,-2.43,-54.71
2023,96,7.06,0.77,0.79,25.75,86.93,0.91,19.3,9.27,Santarém,PA,Norte,-2.43,-54.71
2023,97,9.0,0.78,0.8,26.09,85.45,1.03,8.72,4.33,Santarém,PA,Norte,-2.43,-54.71
2023,98,5.7,0.78,0.8,27.57,87.54,1.13,16.48,7.91,Santarém,PA,Norte,-2.43,-54.71
2023,99,4.8,0.77,0.79,28.64,87.11,1.13,18.5,8.94,Santarém,PA,Norte,-2.43,-54.71
2023,100,11.4,0.78,0.81,28.1,85.08,0.76,14.46,6.95,Santarém,PA,Norte,-2.43,-54.71
2023,101,3.3,0.78,0.8,28.59,85.45,1.06,16.0,7.78,Santarém,PA,Norte,-2.43,-54.71
2023,102,0.05,0.77,0.78,28.98,84.83,1.24,16.75,8.15,Santarém,PA,Norte,-2.43,-54.71
2023,103,3.43,0.76,0.78,29.1,84.94,1.29,20.3,9.79,Santarém,PA,Norte,-2.43,-54.71
2023,104,5.23,0.77,0.79,28.69,88.17,1.29,20.14,9.73,Santarém,PA,Norte,-2.43,-54.71
2023,105,2.09,0.76,0.78,29.51,85.04,1.07,16.51,7.94,Santarém,PA,Norte,-2.43,-54.71
2023,106,3.03,0.76,0.78,28.13,89.19,1.34,17.33,8.25,Santarém,PA,Norte,-2.43,-54.71
2023,107,14.74,0.77,0.8,27.6,89.24,0.82,18.33,8.92,Santarém,PA,Norte,-2.43,-54.71
2023,108,20.07,0.79,0.83,26.54,89.29,0.87,11.02,5.4,Santarém,PA,Norte,-2.43,-54.71
2023,109,19.94,0.81,0.84,27.71,88.9,1.18,16.87,8.18,Santarém,PA,Norte,-2.43,-54.71
2023,110,8.32,0.82,0.83,28.6,89.04,1.36,17.57,8.45,Santarém,PA,Norte,-2.43,-54.71
2023,111,2.64,0.8,0.81,28.8,85.81,1.28,19.98,9.65,Santarém,PA,Norte,-2.43,-54.71
2023,112,4.34,0.8,0.82,26.71,91.22,0.97,15.1,7.25,Santarém,PA,Norte,-2.43,-54.71
2023,113,1.4,0.8,0.81,27.13,85.27,1.02,11.97,5.82,Santarém,PA,Norte,-2.43,-54.71
2023,114,0.27,0.79,0.8,28.78,83.92,1.42,19.62,9.31,Santarém,PA,Norte,-2.43,-54.71
2023,115,0.95,0.78,0.79,28.87,82.92,1.16,18.68,8.98,Santarém,PA,Norte,-2.43,-54.71
2023,116,4.73,0.78,0.79,28.62,85.52,0.98,10.37,5.1,Santarém,PA,Norte,-2.43,-54.71
2023,117,3.45,0.78,0.8,28.29,88.5,1.2,20.86,9.97,Santarém,PA,Norte,-2.43,-54.71
2023,118,0.67,0.77,0.79,28.05,87.39,1.33,20.38,9.77,Santarém,PA,Norte,-2.43,-54.71
2023,119,3.63,0.77,0.79,27.9,90.46,1.34,18.43,8.96,Santarém,PA,Norte,-2.43,-54.71
2023,120,4.67,0.77,0.79,27.79,90.8,1.25,18.38,8.89,Santarém,PA,Norte,-2.43,-54.71
2023,121,9.17,0.78,0.8,28.01,91.03,1.3,17.22,8.26,Santarém,PA,Norte,-2.43,-54.71
2023,122,8.02,0.78,0.81,27.84,89.16,0.98,12.73,6.29,Santarém,PA,Norte,-2.43,-54.71
2023,123,10.07,0.79,0.82,27.31,89.04,1.04,18.12,8.74,Santarém,PA,Norte,-2.43,-54.71
2023,124,6.17,0.79,0.81,28.1,88.36,1.52,14.57,7.03,Santarém,PA,Norte,-2.43,-54.71
2023,125,2.66,0.79,0.8,28.67,86.41,1.35,16.43,7.91,Santarém,PA,Norte,-2.43,-54.71
2023,126,4.0,0.78,0.8,29.04,87.42,1.3,16.07,7.79,Santarém,PA,Norte,-2.43,-54.71
2023,127,10.28,0.78,0.81,28.18,90.37,1.16,12.43,6.04,Santarém,PA,Norte,-2.43,-54.71
2023,128,0.37,0.78,0.79,29.33,86.37,1.21,19.19,9.2,Santarém,PA,Norte,-2.43,-54.71
2023,129,0.25,0.77,0.78,29.49,86.65,1.18,19.1,9.21,Santarém,PA,Norte,-2.43,-54.71
2023,130,2.83,0.77,0.79,28.06,87.65,0.97,17.33,8.33,Santarém,PA,Norte,-2.43,-54.71
2023,131,13.2,0.78,0.81,26.49,90.63,0.86,15.84,7.68,Santarém,PA,Norte,-2.43,-54.71
2023,132,21.04,0.8,0.84,26.39,87.68,0.71,9.8,4.77,Santarém,PA,Norte,-2.43,-54.71
2023,133,7.63,0.81,0.83,28.39,86.68,0.93,16.22,7.88,Santarém,PA,Norte,-2.43,-54.71
2023,134,3.29,0.8,0.82,28.96,89.78,1.25,17.78,8.55,Santarém,PA,Norte,-2.43,-54.71
2023,135,22.8,0.81,0.84,27.62,93.12,1.12,15.8,7.57,Santarém,PA,Norte,-2.43,-54.71
2023,136,2.91,0.83,0.83,29.15,87.32,0.93,15.67,7.5,Santarém,PA,Norte,-2.43,-54.71
2023,137,9.93,0.82,0.84,27.57,92.22,1.09,7.53,3.78,Santarém,PA,Norte,-2.43,-54.71
2023,138,6.04,0.82,0.83,28.07,91.29,1.07,16.03,7.79,Santarém,PA,Norte,-2.43,-54.71
2023,139,1.04,0.82,0.82,28.18,89.83,1.33,18.93,9.06,Santarém,PA,Norte,-2.43,-54.71
2023,140,0.37,0.81,0.82,29.58,86.72,1.37,17.21,8.24,Santarém,PA,Norte,-2.43,-54.71
2023,141,0.31,0.8,0.81,29.1,87.85,1.37,17.9,8.61,Santarém,PA,Norte,-2.43,-54.71
2023,142,2.77,0.8,0.81,28.08,90.65,1.43,17.48,8.38,Santarém,PA,Norte,-2.43,-54.71
2023,143,2.94,0.8,0.81,28.71,90.11,1.12,17.75,8.5,Santarém,PA,Norte,-2.43,-54.71
2023,144,0.7,0.8,0.81,29.18,89.12,1.26,20.09,9.58,Santarém,PA,Norte,-2.43,-54.71
2023,145,1.0,0.79,0.8,28.65,89.72,1.38,15.38,7.31,Santarém,PA,Norte,-2.43,-54.71
2023,146,3.2,0.79,0.8,29.48,87.75,1.39,17.78,8.55,Santarém,PA,Norte,-2.43,-54.71
2023,147,1.83,0.79,0.8,28.91,88.44,1.3,12.97,6.27,Santarém,PA,Norte,-2.43,-54.71
2023,148,4.37,0.78,0.8,29.11,88.15,1.15,17.37,8.35,Santarém,PA,Norte,-2.43,-54.71
2023,149,9.26,0.79,0.81,27.29,92.87,1.33,10.69,5.25,Santarém,PA,Norte,-2.43,-54.71
2023,150,5.82,0.79,0.81,28.78,88.72,1.24,17.86,8.6,Santarém,PA,Norte,-2.43,-54.71
2023,151,4.16,0.79,0.81,29.12,88.6,1.49,19.78,9.47,Santarém,PA,Norte,-2.43,-54.71
2023,152,0.48,0.78,0.8,28.57,87.02,1.28,18.75,9.01,Santarém,PA,Norte,-2.43,-54.71
2023,153,0.19,0.78,0.79,29.56,83.41,0.95,20.87,9.91,Santarém,PA,Norte,-2.43,-54.71
2023,154,7.98,0.77,0.8,28.02,88.41,1.08,9.36,4.63,Santarém,PA,Norte,-2.43,-54.71
2023,155,5.84,0.79,0.81,28.66,89.07,1.26,16.13,7.71,Santarém,PA,Norte,-2.43,-54.71
2023,156,0.85,0.78,0.79,29.06,87.14,1.29,19.58,9.37,Santarém,PA,Norte,-2.43,-54.71
2023,157,0.64,0.77,0.79,28.32,87.27,1.23,17.48,8.38,Santarém,PA,Norte,-2.43,-54.71
2023,158,0.36,0.77,0.78,28.57,86.57,1.36,17.09,8.21,Santarém,PA,Norte,-2.43,-54.71
2023,159,0.07,0.76,0.77,29.31,86.06,1.22,19.22,9.17,Santarém,PA,Norte,-2.43,-54.71
2023,160,0.56,0.75,0.77,28.89,88.41,1.22,19.22,9.19,Santarém,PA,Norte,-2.43,-54.71
2023,161,1.9,0.75,0.77,28.82,89.36,1.3,17.02,8.2,Santarém,PA,Norte,-2.43,-54.71
2023,162,3.03,0.75,0.77,27.8,91.01,1.28,18.24,8.75,Santarém,PA,Norte,-2.43,-54.71
2023,163,1.03,0.75,0.77,28.29,89.54,1.25,18.26,8.78,Santarém,PA,Norte,-2.43,-54.71
2023,164,3.42,0.75,0.77,28.16,90.03,1.28,17.95,8.6,Santarém,PA,Norte,-2.43,-54.71
2023,165,2.0,0.75,0.77,28.26,89.99,1.33,17.71,8.5,Santarém,PA,Norte,-2.43,-54.71
2023,166,4.9,0.74,0.77,29.06,85.97,1.02,18.57,8.82,Santarém,PA,Norte,-2.43,-54.71
2023,167,5.29,0.75,0.78,28.71,82.84,0.77,16.0,7.64,Santarém,PA,Norte,-2.43,-54.71
2023,168,8.51,0.75,0.78,28.52,82.78,0.53,9.85,4.9,Santarém,PA,Norte,-2.43,-54.71
2023,169,13.43,0.76,0.79,27.6,83.97,0.75,14.31,6.92,Santarém,PA,Norte,-2.43,-54.71
2023,170,2.86,0.76,0.78,28.4,83.3,0.93,17.16,8.2,Santarém,PA,Norte,-2.43,-54.71
2023,171,2.65,0.75,0.77,29.18,84.31,1.21,18.28,8.73,Santarém,PA,Norte,-2.43,-54.71
2023,172,3.32,0.75,0.77,29.33,88.69,1.34,17.93,8.58,Santarém,PA,Norte,-2.43,-54.71
2023,173,5.22,0.74,0.77,28.48,89.07,1.46,17.28,8.31,Santarém,PA,Norte,-2.43,-54.71
2023,174,2.46,0.74,0.77,28.15,90.21,1.35,14.64,7.01,Santarém,PA,Norte,-2.43,-54.71
2023,175,0.16,0.74,0.76,29.18,86.99,1.37,21.24,9.97,Santarém,PA,Norte,-2.43,-54.71
2023,176,0.08,0.73,0.75,27.89,88.92,1.27,20.75,9.8,Santarém,PA,Norte,-2.43,-54.71
2023,177,0.02,0.73,0.75,29.28,86.04,1.17,19.77,9.36,Santarém,PA,Norte,-2.43,-54.71
2023,178,0.01,0.72,0.74,29.41,85.81,1.34,20.75,9.75,Santarém,PA,Norte,-2.43,-54.71
2023,179,0.37,0.71,0.73,28.76,84.7,1.12,17.55,8.37,Santarém,PA,Norte,-2.43,-54.71
2023,180,0.73,0.71,0.73,29.5,84.69,1.15,18.58,8.84,Santarém,PA,Norte,-2.43,-54.71
2023,181,1.77,0.7,0.73,29.24,87.19,1.1,17.3,8.29,Santarém,PA,Norte,-2.43,-54.71
2023,182,3.93,0.7,0.73,29.08,88.43,1.16,15.09,7.25,Santarém,PA,Norte,-2.43,-54.71
2023,183,3.32,0.7,0.73,28.36,89.53,1.1,12.61,6.12,Santarém,PA,Norte,-2.43,-54.71
2023,184,2.91,0.7,0.73,29.64,86.56,1.32,14.6,7.04,Santarém,PA,Norte,-2.43,-54.71
2023,185,0.58,0.7,0.72,29.5,86.73,1.31,19.42,9.2,Santarém,PA,Norte,-2.43,-54.71
2023,186,3.42,0.69,0.72,29.05,88.3,1.02,18.03,8.59,Santarém,PA,Norte,-2.43,-54.71
2023,187,4.37,0.69,0.73,28.62,89.3,1.39,17.6,8.39,Santarém,PA,Norte,-2.43,-54.71
2023,188,0.22,0.69,0.71,29.38,84.76,1.6,21.27,10.0,Santarém,PA,Norte,-2.43,-54.71
2023,189,0.09,0.68,0.69,29.41,84.87,1.42,19.58,9.31,Santarém,PA,Norte,-2.43,-54.71
2023,190,0.09,0.67,0.68,29.71,84.67,1.27,18.1,8.58,Santarém,PA,Norte,-2.43,-54.71
2023,191,3.62,0.66,0.69,29.68,87.01,1.4,16.98,8.11,Santarém,PA,Norte,-2.43,-54.71
2023,192,1.81,0.66,0.68,29.75,85.38,1.65,19.35,9.18,Santarém,PA,Norte,-2.43,-54.71
2023,193,0.0,0.65,0.67,29.8,81.51,1.11,17.46,8.29,Santarém,PA,Norte,-2.43,-54.71
2023,194,3.0,0.65,0.67,29.66,81.26,1.34,15.4,7.38,Santarém,PA,Norte,-2.43,-54.71
2023,195,2.78,0.65,0.66,29.88,86.27,1.43,18.32,8.7,Santarém,PA,Norte,-2.43,-54.71
2023,196,0.68,0.64,0.66,30.58,83.59,1.58,19.75,9.31,Santarém,PA,Norte,-2.43,-54.71
2023,197,0.0,0.64,0.64,30.36,81.57,1.67,19.31,9.05,Santarém,PA,Norte,-2.43,-54.71
2023,198,2.37,0.63,0.64,30.27,82.49,1.47,19.38,9.16,Santarém,PA,Norte,-2.43,-54.71
2023,199,1.21,0.63,0.64,30.06,83.36,1.33,18.89,8.96,Santarém,PA,Norte,-2.43,-54.71
2023,200,0.09,0.62,0.63,31.13,81.12,1.42,21.53,10.03,Santarém,PA,Norte,-2.43,-54.71
2023,201,1.28,0.61,0.62,31.08,79.56,1.18,19.62,9.19,Santarém,PA,Norte,-2.43,-54.71
2023,202,1.15,0.61,0.62,30.7,80.08,1.57,17.22,8.13,Santarém,PA,Norte,-2.43,-54.71
2023,203,0.0,0.6,0.6,30.93,74.76,1.63,22.34,10.39,Santarém,PA,Norte,-2.43,-54.71
2023,204,0.0,0.59,0.59,31.73,74.29,1.38,21.46,10.01,Santarém,PA,Norte,-2.43,-54.71
2023,205,0.0,0.59,0.59,32.46,73.26,1.1,22.33,10.42,Santarém,PA,Norte,-2.43,-54.71
2023,206,0.0,0.58,0.58,32.64,71.94,1.22,22.66,10.56,Santarém,PA,Norte,-2.43,-54.71
2023,207,3.49,0.58,0.58,32.55,74.17,1.3,20.88,9.74,Santarém,PA,Norte,-2.43,-54.71
2023,208,2.29,0.58,0.58,33.03,76.62,1.47,21.76,10.13,Santarém,PA,Norte,-2.43,-54.71
2023,209,1.39,0.57,0.57,32.55,75.67,1.39,19.19,9.03,Santarém,PA,Norte,-2.43,-54.71
2023,210,1.51,0.57,0.58,30.97,78.49,1.08,20.55,9.71,Santarém,PA,Norte,-2.43,-54.71
2023,211,0.1,0.57,0.57,32.38,77.0,1.42,19.23,9.04,Santarém,PA,Norte,-2.43,-54.71
2023,212,0.88,0.57,0.56,32.69,75.46,1.5,21.87,10.14,Santarém,PA,Norte,-2.43,-54.71
2023,213,0.64,0.56,0.56,31.04,78.6,1.33,20.91,9.79,Santarém,PA,Norte,-2.43,-54.71
2023,214,0.02,0.56,0.56,32.23,75.25,1.23,20.16,9.52,Santarém,PA,Norte,-2.43,-54.71
2023,215,0.01,0.56,0.55,31.79,76.14,1.12,21.54,10.05,Santarém,PA,Norte,-2.43,-54.71
2023,216,1.33,0.55,0.55,32.69,75.18,1.17,21.97,10.25,Santarém,PA,Norte,-2.43,-54.71
2023,217,1.99,0.55,0.56,32.97,76.11,1.02,21.16,9.9,Santarém,PA,Norte,-2.43,-54.71
2023,218,0.74,0.55,0.55,33.39,72.73,1.56,20.9,9.8,Santarém,PA,Norte,-2.43,-54.71
2023,219,0.22,0.54,0.54,33.96,71.64,1.56,18.74,8.78,Santarém,PA,Norte,-2.43,-54.71
2023,220,0.7,0.54,0.54,33.4,73.64,1.32,19.88,9.36,Santarém,PA,Norte,-2.43,-54.71
2023,221,1.07,0.54,0.54,32.01,76.8,1.59,19.66,9.25,Santarém,PA,Norte,-2.43,-54.71
2023,222,0.93,0.54,0.53,33.19,72.05,1.79,20.24,9.52,Santarém,PA,Norte,-2.43,-54.71
2023,223,0.6,0.53,0.53,33.56,69.44,1.33,21.55,10.03,Santarém,PA,Norte,-2.43,-54.71
2023,224,0.92,0.53,0.53,33.0,70.74,1.18,21.38,10.0,Santarém,PA,Norte,-2.43,-54.71
2023,225,0.46,0.53,0.52,34.15,70.18,1.11,21.86,10.15,Santarém,PA,Norte,-2.43,-54.71
2023,226,0.0,0.52,0.52,33.99,68.01,0.95,21.51,10.01,Santarém,PA,Norte,-2.43,-54.71
2023,227,0.6,0.52,0.51,33.8,68.5,0.79,20.22,9.44,Santarém,PA,Norte,-2.43,-54.71
2023,228,0.89,0.52,0.51,34.78,61.8,0.99,21.39,9.9,Santarém,PA,Norte,-2.43,-54.71
2023,229,0.0,0.51,0.5,35.22,63.98,1.25,20.39,9.54,Santarém,PA,Norte,-2.43,-54.71
2023,230,0.0,0.51,0.49,35.96,63.01,1.33,22.95,10.71,Santarém,PA,Norte,-2.43,-54.71
2023,231,0.0,0.51,0.49,37.12,60.04,1.58,24.18,11.21,Santarém,PA,Norte,-2.43,-54.71
2023,232,0.0,0.5,0.48,35.94,61.69,1.9,22.56,10.43,Santarém,PA,Norte,-2.43,-54.71
2023,233,0.0,0.5,0.48,36.04,63.1,1.6,21.53,9.95,Santarém,PA,Norte,-2.43,-54.71
2023,234,0.01,0.5,0.47,35.85,63.88,1.69,19.61,9.18,Santarém,PA,Norte,-2.43,-54.71
2023,235,0.0,0.49,0.47,35.03,63.98,1.83,20.9,9.74,Santarém,PA,Norte,-2.43,-54.71
2023,236,0.0,0.49,0.47,35.04,63.02,1.64,21.92,10.15,Santarém,PA,Norte,-2.43,-54.71
2023,237,0.0,0.49,0.46,36.08,59.79,1.33,23.49,10.85,Santarém,PA,Norte,-2.43,-54.71
2023,238,0.0,0.49,0.45,36.55,58.27,1.33,22.54,10.37,Santarém,PA,Norte,-2.43,-54.71
2023,239,0.0,0.49,0.44,36.03,58.11,1.27,23.31,10.73,Santarém,PA,Norte,-2.43,-54.71
2023,240,0.01,0.49,0.43,36.62,58.78,1.53,23.29,10.71,Santarém,PA,Norte,-2.43,-54.71
2023,241,0.01,0.48,0.42,36.57,57.31,1.64,23.33,10.74,Santarém,PA,Norte,-2.43,-54.71
2023,242,0.04,0.48,0.41,36.25,56.12,1.52,23.29,10.7,Santarém,PA,Norte,-2.43,-54.71
2023,243,0.11,0.48,0.41,36.47,55.73,1.37,21.86,10.01,Santarém,PA,Norte,-2.43,-54.71
2023,244,0.03,0.48,0.4,36.08,55.16,1.67,22.22,10.19,Santarém,PA,Norte,-2.43,-54.71
2023,245,0.0,0.48,0.39,36.13,52.17,1.87,23.79,10.76,Santarém,PA,Norte,-2.43,-54.71
2023,246,0.0,0.48,0.39,36.06,52.37,1.81,23.37,10.72,Santarém,PA,Norte,-2.43,-54.71
2023,247,0.0,0.48,0.38,36.38,52.25,1.53,23.72,10.9,Santarém,PA,Norte,-2.43,-54.71
2023,248,0.0,0.48,0.38,37.54,54.26,1.34,22.54,10.43,Santarém,PA,Norte,-2.43,-54.71
2023,249,0.0,0.48,0.38,37.47,52.58,1.33,23.46,10.79,Santarém,PA,Norte,-2.43,-54.71
2023,250,0.0,0.47,0.37,36.95,53.21,1.64,22.98,10.51,Santarém,PA,Norte,-2.43,-54.71
2023,251,0.0,0.47,0.37,36.49,54.65,1.81,22.56,10.48,Santarém,PA,Norte,-2.43,-54.71
2023,252,0.0,0.47,0.36,36.91,53.41,1.7,23.06,10.73,Santarém,PA,Norte,-2.43,-54.71
2023,253,0.01,0.47,0.36,37.67,51.47,1.71,22.45,10.46,Santarém,PA,Norte,-2.43,-54.71
2023,254,0.82,0.47,0.36,37.25,53.43,1.72,20.68,9.64,Santarém,PA,Norte,-2.43,-54.71
2023,255,0.78,0.47,0.37,37.3,54.03,1.85,19.75,9.14,Santarém,PA,Norte,-2.43,-54.71
2023,256,0.0,0.47,0.35,37.22,49.85,1.83,24.13,11.06,Santarém,PA,Norte,-2.43,-54.71
2023,257,0.0,0.47,0.35,37.85,46.79,1.43,24.33,11.11,Santarém,PA,Norte,-2.43,-54.71
2023,258,0.22,0.47,0.34,38.87,48.74,1.53,24.29,11.09,Santarém,PA,Norte,-2.43,-54.71
2023,259,1.15,0.47,0.34,38.12,52.19,1.61,17.78,8.24,Santarém,PA,Norte,-2.43,-54.71
2023,260,0.27,0.47,0.34,37.22,51.73,1.96,20.74,9.61,Santarém,PA,Norte,-2.43,-54.71
2023,261,0.0,0.47,0.33,37.53,47.65,1.76,23.12,10.54,Santarém,PA,Norte,-2.43,-54.71
2023,262,0.0,0.47,0.32,37.97,46.15,1.49,23.5,10.61,Santarém,PA,Norte,-2.43,-54.71
2023,263,0.02,0.47,0.31,38.65,46.38,1.22,20.85,9.59,Santarém,PA,Norte,-2.43,-54.71
2023,264,4.21,0.47,0.35,37.65,46.95,0.79,16.75,7.83,Santarém,PA,Norte,-2.43,-54.71
2023,265,14.52,0.48,0.52,34.58,67.16,1.47,19.08,8.91,Santarém,PA,Norte,-2.43,-54.71
2023,266,3.69,0.5,0.51,34.13,70.97,1.64,22.98,10.69,Santarém,PA,Norte,-2.43,-54.71
2023,267,0.0,0.49,0.47,36.15,60.62,1.58,23.9,11.06,Santarém,PA,Norte,-2.43,-54.71
2023,268,0.0,0.49,0.47,36.8,59.41,1.46,23.83,11.01,Santarém,PA,Norte,-2.43,-54.71
2023,269,0.0,0.49,0.46,37.79,56.96,1.43,25.65,11.82,Santarém,PA,Norte,-2.43,-54.71
2023,270,0.02,0.48,0.46,38.11,57.98,1.5,23.35,10.73,Santarém,PA,Norte,-2.43,-54.71
2023,271,0.12,0.48,0.45,37.45,57.44,1.69,21.15,9.64,Santarém,PA,Norte,-2.43,-54.71
2023,272,0.01,0.48,0.44,37.16,56.95,1.72,22.56,10.47,Santarém,PA,Norte,-2.43,-54.71
2023,273,0.0,0.47,0.42,37.56,54.47,1.5,25.37,11.62,Santarém,PA,Norte,-2.43,-54.71
2023,274,0.0,0.47,0.4,37.92,55.85,1.41,23.39,10.68,Santarém,PA,Norte,-2.43,-54.71
2023,275,0.35,0.47,0.38,38.08,53.21,1.65,18.96,8.62,Santarém,PA,Norte,-2.43,-54.71
2023,276,0.11,0.47,0.37,37.32,51.43,1.75,20.93,9.58,Santarém,PA,Norte,-2.43,-54.71
2023,277,0.0,0.47,0.36,37.36,53.07,1.63,21.84,10.08,Santarém,PA,Norte,-2.43,-54.71
2023,278,0.0,0.47,0.35,37.1,52.99,1.56,24.21,11.13,Santarém,PA,Norte,-2.43,-54.71
2023,279,0.0,0.47,0.34,37.52,50.36,1.63,20.35,9.24,Santarém,PA,Norte,-2.43,-54.71
2023,280,0.0,0.47,0.33,37.36,50.98,1.62,24.05,10.93,Santarém,PA,Norte,-2.43,-54.71
2023,281,0.0,0.47,0.32,37.26,51.47,1.7,23.51,10.69,Santarém,PA,Norte,-2.43,-54.71
2023,282,0.87,0.47,0.32,36.76,53.56,1.71,24.72,11.4,Santarém,PA,Norte,-2.43,-54.71
2023,283,0.09,0.47,0.32,37.82,49.77,1.47,25.81,11.81,Santarém,PA,Norte,-2.43,-54.71
2023,284,0.0,0.47,0.31,38.62,46.79,1.58,23.55,10.66,Santarém,PA,Norte,-2.43,-54.71
2023,285,0.0,0.46,0.3,38.15,48.85,1.49,21.5,9.77,Santarém,PA,Norte,-2.43,-54.71
2023,286,0.0,0.46,0.29,38.24,47.89,1.5,23.22,10.56,Santarém,PA,Norte,-2.43,-54.71
2023,287,0.25,0.46,0.29,38.54,47.85,1.4,24.16,11.01,Santarém,PA,Norte,-2.43,-54.71
2023,288,0.3,0.46,0.29,37.21,50.31,1.67,24.01,11.09,Santarém,PA,Norte,-2.43,-54.71
2023,289,0.0,0.46,0.29,37.44,50.09,1.35,23.5,10.85,Santarém,PA,Norte,-2.43,-54.71
2023,290,1.81,0.46,0.3,36.71,55.4,1.39,18.4,8.45,Santarém,PA,Norte,-2.43,-54.71
2023,291,5.7,0.48,0.43,31.86,70.54,1.01,17.83,8.3,Santarém,PA,Norte,-2.43,-54.71
2023,292,0.89,0.47,0.43,35.32,62.46,1.59,20.54,9.54,Santarém,PA,Norte,-2.43,-54.71
2023,293,0.67,0.47,0.44,36.91,59.6,1.48,23.65,11.11,Santarém,PA,Norte,-2.43,-54.71
2023,294,0.0,0.47,0.41,38.3,54.33,1.39,23.48,10.94,Santarém,PA,Norte,-2.43,-54.71
2023,295,0.07,0.47,0.38,37.44,54.32,1.41,21.84,10.07,Santarém,PA,Norte,-2.43,-54.71
2023,296,0.63,0.47,0.37,36.63,55.15,1.33,17.15,7.98,Santarém,PA,Norte,-2.43,-54.71
2023,297,0.23,0.47,0.36,36.44,54.19,1.46,18.72,8.75,Santarém,PA,Norte,-2.43,-54.71
2023,298,0.19,0.47,0.34,36.39,51.77,1.37,22.11,10.31,Santarém,PA,Norte,-2.43,-54.71
2023,299,0.05,0.47,0.33,37.1,49.59,1.68,24.86,11.51,Santarém,PA,Norte,-2.43,-54.71
2023,300,0.0,0.47,0.31,37.09,47.11,1.72,24.52,11.16,Santarém,PA,Norte,-2.43,-54.71
2023,301,0.0,0.46,0.3,37.28,49.87,1.58,23.8,10.8,Santarém,PA,Norte,-2.43,-54.71
2023,302,0.0,0.46,0.29,36.6,52.92,1.53,21.81,9.92,Santarém,PA,Norte,-2.43,-54.71
2023,303,0.0,0.46,0.29,36.68,50.9,1.62,21.5,9.68,Santarém,PA,Norte,-2.43,-54.71
2023,304,0.0,0.46,0.28,35.88,52.83,1.45,19.5,8.84,Santarém,PA,Norte,-2.43,-54.71
2023,305,0.0,0.46,0.28,38.2,48.02,1.4,19.03,8.58,Santarém,PA,Norte,-2.43,-54.71
2023,306,0.0,0.46,0.27,37.99,49.62,1.38,21.33,9.71,Santarém,PA,Norte,-2.43,-54.71
2023,307,0.02,0.46,0.27,37.59,52.43,1.55,21.48,9.85,Santarém,PA,Norte,-2.43,-54.71
2023,308,0.03,0.46,0.26,37.27,50.07,1.54,21.34,9.77,Santarém,PA,Norte,-2.43,-54.71
2023,309,0.23,0.46,0.26,37.54,50.42,1.36,18.63,8.62,Santarém,PA,Norte,-2.43,-54.71
2023,310,7.7,0.46,0.31,37.52,53.89,1.34,19.21,8.8,Santarém,PA,Norte,-2.43,-54.71
2023,311,21.13,0.51,0.58,32.42,73.59,1.14,16.7,7.88,Santarém,PA,Norte,-2.43,-54.71
2023,312,0.72,0.51,0.49,33.4,65.58,1.17,18.87,8.74,Santarém,PA,Norte,-2.43,-54.71
2023,313,0.02,0.5,0.47,36.53,57.46,1.42,21.12,9.59,Santarém,PA,Norte,-2.43,-54.71
2023,314,0.0,0.49,0.47,36.07,61.71,1.6,20.97,9.66,Santarém,PA,Norte,-2.43,-54.71
2023,315,0.0,0.49,0.47,35.93,60.85,1.62,18.47,8.6,Santarém,PA,Norte,-2.43,-54.71
2023,316,0.0,0.48,0.46,35.72,58.49,1.7,22.43,10.37,Santarém,PA,Norte,-2.43,-54.71
2023,317,0.01,0.48,0.46,36.63,55.77,1.64,22.22,10.23,Santarém,PA,Norte,-2.43,-54.71
2023,318,0.0,0.48,0.45,37.27,54.55,1.65,22.77,10.32,Santarém,PA,Norte,-2.43,-54.71
2023,319,0.0,0.47,0.43,37.01,53.37,1.53,21.29,9.8,Santarém,PA,Norte,-2.43,-54.71
2023,320,0.0,0.47,0.42,37.18,55.61,1.38,20.31,9.28,Santarém,PA,Norte,-2.43,-54.71
2023,321,0.0,0.47,0.4,37.01,51.54,1.68,20.51,9.4,Santarém,PA,Norte,-2.43,-54.71
2023,322,0.0,0.47,0.37,37.22,48.81,1.62,19.95,8.91,Santarém,PA,Norte,-2.43,-54.71
2023,323,0.0,0.47,0.35,37.5,51.12,1.45,17.54,7.96,Santarém,PA,Norte,-2.43,-54.71
2023,324,0.06,0.47,0.34,36.11,54.65,1.5,17.29,7.92,Santarém,PA,Norte,-2.43,-54.71
2023,325,0.17,0.47,0.34,35.74,55.74,1.26,17.49,8.23,Santarém,PA,Norte,-2.43,-54.71
2023,326,0.0,0.47,0.34,35.06,56.7,1.49,17.76,8.23,Santarém,PA,Norte,-2.43,-54.71
2023,327,0.27,0.47,0.33,35.04,56.71,1.92,15.55,7.32,Santarém,PA,Norte,-2.43,-54.71
2023,328,0.03,0.47,0.33,35.46,53.99,1.58,17.72,8.27,Santarém,PA,Norte,-2.43,-54.71
2023,329,0.01,0.47,0.32,35.47,50.9,1.32,17.85,8.27,Santarém,PA,Norte,-2.43,-54.71
2023,330,7.38,0.47,0.4,32.1,60.0,0.91,16.71,7.83,Santarém,PA,Norte,-2.43,-54.71
2023,331,21.45,0.51,0.58,29.66,76.45,1.32,7.83,3.86,Santarém,PA,Norte,-2.43,-54.71
2023,332,0.92,0.51,0.5,32.75,68.53,1.48,19.37,9.08,Santarém,PA,Norte,-2.43,-54.71
2023,333,0.32,0.5,0.48,34.03,64.02,1.42,20.89,9.73,Santarém,PA,Norte,-2.43,-54.71
2023,334,0.02,0.5,0.47,34.74,62.79,1.61,20.45,9.56,Santarém,PA,Norte,-2.43,-54.71
2023,335,0.13,0.49,0.47,35.05,62.05,1.45,20.01,9.29,Santarém,PA,Norte,-2.43,-54.71
2023,336,0.5,0.49,0.47,34.97,62.02,1.57,19.23,9.02,Santarém,PA,Norte,-2.43,-54.71
2023,337,0.21,0.49,0.47,33.75,63.69,1.56,17.75,8.35,Santarém,PA,Norte,-2.43,-54.71
2023,338,3.5,0.49,0.48,32.56,67.44,1.42,17.38,8.23,Santarém,PA,Norte,-2.43,-54.71
2023,339,4.51,0.49,0.5,34.62,64.89,1.46,16.66,7.8,Santarém,PA,Norte,-2.43,-54.71
2023,340,0.1,0.49,0.47,35.34,62.91,1.41,19.12,8.98,Santarém,PA,Norte,-2.43,-54.71
2023,341,0.12,0.49,0.47,34.59,63.07,1.49,18.35,8.63,Santarém,PA,Norte,-2.43,-54.71
2023,342,0.04,0.48,0.47,33.13,62.85,1.36,18.09,8.59,Santarém,PA,Norte,-2.43,-54.71
2023,343,0.04,0.48,0.46,34.73,63.45,0.79,19.68,9.33,Santarém,PA,Norte,-2.43,-54.71
2023,344,0.95,0.48,0.47,33.95,62.3,1.04,20.11,9.58,Santarém,PA,Norte,-2.43,-54.71
2023,345,2.38,0.48,0.47,34.06,65.82,1.28,17.56,8.3,Santarém,PA,Norte,-2.43,-54.71
2023,346,0.61,0.48,0.47,32.97,69.69,1.42,19.07,9.08,Santarém,PA,Norte,-2.43,-54.71
2023,347,0.39,0.48,0.46,32.56,66.78,1.17,19.86,9.39,Santarém,PA,Norte,-2.43,-54.71
2023,348,1.08,0.48,0.46,33.94,66.04,1.53,17.79,8.48,Santarém,PA,Norte,-2.43,-54.71
2023,349,0.95,0.48,0.46,33.57,65.68,1.47,19.74,9.36,Santarém,PA,Norte,-2.43,-54.71
2023,350,0.02,0.48,0.44,35.22,59.59,1.23,21.56,10.04,Santarém,PA,Norte,-2.43,-54.71
2023,351,0.59,0.47,0.43,35.86,58.71,1.1,22.14,10.32,Santarém,PA,Norte,-2.43,-54.71
2023,352,0.18,0.47,0.43,34.32,63.14,1.18,17.63,8.37,Santarém,PA,Norte,-2.43,-54.71
2023,353,1.27,0.47,0.42,34.95,62.69,0.99,13.0,6.26,Santarém,PA,Norte,-2.43,-54.71
2023,354,3.89,0.48,0.47,32.09,75.37,1.57,15.11,7.17,Santarém,PA,Norte,-2.43,-54.71
2023,355,0.5,0.48,0.46,33.4,66.72,1.75,18.74,8.92,Santarém,PA,Norte,-2.43,-54.71
2023,356,0.02,0.47,0.44,34.56,62.34,1.76,20.3,9.6,Santarém,PA,Norte,-2.43,-54.71
2023,357,0.0,0.47,0.42,34.3,61.52,1.63,17.19,8.18,Santarém,PA,Norte,-2.43,-54.71
2023,358,0.0,0.47,0.4,34.06,62.35,1.26,20.53,9.73,Santarém,PA,Norte,-2.43,-54.71
2023,359,0.39,0.47,0.39,34.09,62.32,1.0,17.51,8.34,Santarém,PA,Norte,-2.43,-54.71
2023,360,1.4,0.47,0.41,32.13,66.66,0.99,18.01,8.58,Santarém,PA,Norte,-2.43,-54.71
2023,361,1.52,0.47,0.43,32.13,71.98,0.96,16.9,7.99,Santarém,PA,Norte,-2.43,-54.71
2023,362,0.23,0.47,0.43,33.4,67.89,1.47,17.61,8.44,Santarém,PA,Norte,-2.43,-54.71
2023,363,0.35,0.47,0.41,34.81,63.7,1.34,18.63,8.85,Santarém,PA,Norte,-2.43,-54.71
2023,364,4.28,0.48,0.44,32.95,70.0,0.72,13.19,6.27,Santarém,PA,Norte,-2.43,-54.71
2023,365,0.03,0.48,0.42,33.65,62.18,0.95,20.01,9.48,Santarém,PA,Norte,-2.43,-54.71
2024,1,0.45,0.47,0.41,33.81,62.97,1.05,21.79,10.24,Santarém,PA,Norte,-2.43,-54.71
2024,2,0.34,0.47,0.41,34.65,64.03,0.99,15.29,7.25,Santarém,PA,Norte,-2.43,-54.71
2024,3,0.1,0.47,0.4,34.0,60.55,1.8,20.98,9.91,Santarém,PA,Norte,-2.43,-54.71
2024,4,2.28,0.47,0.39,35.15,57.37,1.53,19.35,9.21,Santarém,PA,Norte,-2.43,-54.71
2024,5,18.33,0.49,0.51,32.26,75.7,0.91,15.88,7.64,Santarém,PA,Norte,-2.43,-54.71
2024,6,60.85,0.59,0.73,28.05,84.13,0.83,9.21,4.61,Santarém,PA,Norte,-2.43,-54.71
2024,7,2.49,0.59,0.61,30.6,77.31,1.3,21.47,10.24,Santarém,PA,Norte,-2.43,-54.71
2024,8,0.64,0.57,0.57,31.97,75.51,1.44,16.19,7.75,Santarém,PA,Norte,-2.43,-54.71
2024,9,0.59,0.55,0.55,31.96,72.85,1.61,17.3,8.22,Santarém,PA,Norte,-2.43,-54.71
2024,10,0.14,0.54,0.53,32.85,65.65,1.28,22.65,10.59,Santarém,PA,Norte,-2.43,-54.71
2024,11,3.7,0.54,0.54,31.82,71.58,1.01,16.86,8.13,Santarém,PA,Norte,-2.43,-54.71
2024,12,6.72,0.54,0.57,28.82,83.69,0.66,10.21,5.08,Santarém,PA,Norte,-2.43,-54.71
2024,13,3.59,0.54,0.55,30.76,75.96,1.42,14.79,7.1,Santarém,PA,Norte,-2.43,-54.71
2024,14,2.69,0.54,0.54,30.8,75.61,1.57,16.77,8.07,Santarém,PA,Norte,-2.43,-54.71
2024,15,1.97,0.54,0.53,32.76,71.06,1.6,21.35,10.16,Santarém,PA,Norte,-2.43,-54.71
2024,16,0.98,0.53,0.51,33.17,69.4,1.79,22.5,10.69,Santarém,PA,Norte,-2.43,-54.71
2024,17,0.21,0.52,0.5,33.49,65.67,1.81,20.21,9.6,Santarém,PA,Norte,-2.43,-54.71
2024,18,0.06,0.52,0.49,34.25,63.96,1.59,23.07,10.8,Santarém,PA,Norte,-2.43,-54.71
2024,19,0.07,0.51,0.49,33.65,66.35,1.51,22.73,10.73,Santarém,PA,Norte,-2.43,-54.71
2024,20,0.25,0.51,0.48,34.08,65.24,1.51,20.76,9.85,Santarém,PA,Norte,-2.43,-54.71
2024,21,0.2,0.51,0.48,34.56,64.15,1.59,20.86,9.85,Santarém,PA,Norte,-2.43,-54.71
2024,22,0.28,0.5,0.48,34.75,64.69,1.4,22.25,10.56,Santarém,PA,Norte,-2.43,-54.71
2024,23,2.31,0.5,0.48,34.71,65.02,1.46,16.09,7.66,Santarém,PA,Norte,-2.43,-54.71
2024,24,16.13,0.52,0.56,31.96,72.68,1.18,15.81,7.53,Santarém,PA,Norte,-2.43,-54.71
2024,25,30.19,0.56,0.65,29.43,80.83,1.39,19.02,9.1,Santarém,PA,Norte,-2.43,-54.71
2024,26,13.07,0.58,0.63,29.26,81.01,1.38,7.47,3.74,Santarém,PA,Norte,-2.43,-54.71
2024,27,7.33,0.58,0.61,30.1,79.29,1.14,18.81,8.94,Santarém,PA,Norte,-2.43,-54.71
2024,28,2.94,0.58,0.59,30.03,78.91,1.4,20.04,9.54,Santarém,PA,Norte,-2.43,-54.71
2024,29,2.0,0.57,0.57,31.38,72.9,1.25,15.05,7.19,Santarém,PA,Norte,-2.43,-54.71
2024,30,5.44,0.56,0.57,31.47,78.32,1.42,15.0,7.25,Santarém,PA,Norte,-2.43,-54.71
2024,31,3.26,0.55,0.56,32.83,70.01,1.23,20.44,9.73,Santarém,PA,Norte,-2.43,-54.71
2024,32,17.03,0.56,0.61,32.01,74.38,1.12,17.07,8.15,Santarém,PA,Norte,-2.43,-54.71
2024,33,5.97,0.58,0.61,28.92,88.16,1.07,8.56,4.26,Santarém,PA,Norte,-2.43,-54.71
2024,34,0.3,0.57,0.57,32.45,75.29,1.36,17.87,8.52,Santarém,PA,Norte,-2.43,-54.71
2024,35,0.17,0.56,0.56,32.36,75.71,1.42,22.41,10.66,Santarém,PA,Norte,-2.43,-54.71
2024,36,0.07,0.55,0.54,33.73,72.8,1.53,25.4,11.97,Santarém,PA,Norte,-2.43,-54.71
2024,37,0.33,0.54,0.53,33.14,72.84,1.74,23.91,11.34,Santarém,PA,Norte,-2.43,-54.71
2024,38,0.55,0.54,0.52,33.86,69.25,1.61,20.9,9.96,Santarém,PA,Norte,-2.43,-54.71
2024,39,0.35,0.53,0.52,33.75,68.27,1.45,20.9,9.89,Santarém,PA,Norte,-2.43,-54.71
2024,40,0.25,0.52,0.51,34.31,67.12,1.34,21.36,10.09,Santarém,PA,Norte,-2.43,-54.71
2024,41,0.39,0.52,0.5,33.58,69.44,1.54,21.64,10.26,Santarém,PA,Norte,-2.43,-54.71
2024,42,2.41,0.52,0.5,33.44,69.22,1.81,17.65,8.39,Santarém,PA,Norte,-2.43,-54.71
2024,43,16.29,0.53,0.59,30.22,83.3,1.49,18.99,9.1,Santarém,PA,Norte,-2.43,-54.71
2024,44,12.1,0.55,0.58,28.87,87.61,1.48,6.65,3.39,Santarém,PA,Norte,-2.43,-54.71
2024,45,3.65,0.55,0.57,31.6,77.75,1.42,21.54,10.22,Santarém,PA,Norte,-2.43,-54.71
2024,46,7.37,0.55,0.58,32.36,76.2,1.55,20.3,9.66,Santarém,PA,Norte,-2.43,-54.71
2024,47,1.9,0.55,0.55,32.62,73.2,1.63,21.6,10.21,Santarém,PA,Norte,-2.43,-54.71
2024,48,1.45,0.54,0.54,33.16,71.55,1.5,24.21,11.48,Santarém,PA,Norte,-2.43,-54.71
2024,49,7.27,0.54,0.56,32.41,75.88,1.37,19.05,9.07,Santarém,PA,Norte,-2.43,-54.71
2024,50,3.58,0.54,0.55,30.28,72.01,1.28,16.81,7.88,Santarém,PA,Norte,-2.43,-54.71
2024,51,0.01,0.54,0.53,32.33,62.32,1.24,24.14,11.32,Santarém,PA,Norte,-2.43,-54.71
2024,52,0.0,0.53,0.51,33.35,62.37,1.52,25.23,11.74,Santarém,PA,Norte,-2.43,-54.71
2024,53,0.0,0.52,0.5,33.83,64.85,1.7,25.84,12.09,Santarém,PA,Norte,-2.43,-54.71
2024,54,0.09,0.52,0.49,34.71,63.17,1.86,23.82,11.11,Santarém,PA,Norte,-2.43,-54.71
2024,55,1.28,0.51,0.49,33.43,65.48,1.86,23.11,10.89,Santarém,PA,Norte,-2.43,-54.71
2024,56,8.27,0.51,0.52,32.71,72.43,1.66,13.97,6.75,Santarém,PA,Norte,-2.43,-54.71
2024,57,24.85,0.55,0.63,29.07,83.09,1.25,17.14,8.23,Santarém,PA,Norte,-2.43,-54.71
2024,58,2.58,0.55,0.57,30.36,72.12,0.8,16.31,7.79,Santarém,PA,Norte,-2.43,-54.71
2024,59,1.29,0.55,0.55,32.38,72.16,1.14,13.83,6.69,Santarém,PA,Norte,-2.43,-54.71
2024,60,10.4,0.54,0.57,31.59,77.57,1.27,23.65,11.18,Santarém,PA,Norte,-2.43,-54.71
2024,61,31.95,0.59,0.68,28.94,86.06,1.46,13.25,6.37,Santarém,PA,Norte,-2.43,-54.71
2024,62,18.93,0.61,0.68,28.43,86.3,0.93,12.96,6.28,Santarém,PA,Norte,-2.43,-54.71
2024,63,15.95,0.62,0.69,28.26,81.86,0.68,7.2,3.58,Santarém,PA,Norte,-2.43,-54.71
2024,64,10.12,0.63,0.68,28.39,84.29,0.92,14.3,6.88,Santarém,PA,Norte,-2.43,-54.71
2024,65,0.14,0.62,0.64,30.27,81.96,1.33,21.08,10.07,Santarém,PA,Norte,-2.43,-54.71
2024,66,0.8,0.61,0.62,30.43,83.52,1.52,19.53,9.36,Santarém,PA,Norte,-2.43,-54.71
2024,67,2.43,0.6,0.62,29.74,86.27,1.58,15.5,7.48,Santarém,PA,Norte,-2.43,-54.71
2024,68,6.25,0.6,0.62,30.3,86.99,1.39,18.5,8.91,Santarém,PA,Norte,-2.43,-54.71
2024,69,5.88,0.6,0.63,28.57,89.34,1.22,13.06,6.39,Santarém,PA,Norte,-2.43,-54.71
2024,70,4.78,0.6,0.62,30.36,86.09,1.26,16.09,7.88,Santarém,PA,Norte,-2.43,-54.71
2024,71,6.25,0.6,0.63,29.58,87.57,1.32,18.89,9.09,Santarém,PA,Norte,-2.43,-54.71
2024,72,2.02,0.6,0.61,30.99,83.05,1.53,21.97,10.55,Santarém,PA,Norte,-2.43,-54.71
2024,73,2.58,0.59,0.6,30.48,83.02,1.55,20.96,10.1,Santarém,PA,Norte,-2.43,-54.71
2024,74,4.03,0.59,0.6,31.73,83.46,1.49,20.09,9.64,Santarém,PA,Norte,-2.43,-54.71
2024,75,3.9,0.58,0.6,31.01,83.52,1.45,19.21,9.29,Santarém,PA,Norte,-2.43,-54.71
2024,76,11.6,0.59,0.63,28.02,89.04,1.48,9.65,4.83,Santarém,PA,Norte,-2.43,-54.71
2024,77,11.78,0.6,0.64,30.19,86.26,1.5,16.73,8.06,Santarém,PA,Norte,-2.43,-54.71
2024,78,12.34,0.62,0.66,28.3,89.66,1.2,16.55,7.99,Santarém,PA,Norte,-2.43,-54.71
2024,79,26.85,0.64,0.72,27.86,91.98,1.09,19.94,9.58,Santarém,PA,Norte,-2.43,-54.71
2024,80,16.02,0.66,0.73,28.08,90.81,1.21,17.4,8.36,Santarém,PA,Norte,-2.43,-54.71
2024,81,4.03,0.66,0.7,28.34,88.66,1.0,18.11,8.6,Santarém,PA,Norte,-2.43,-54.71
2024,82,0.14,0.65,0.67,29.53,87.03,1.26,19.49,9.33,Santarém,PA,Norte,-2.43,-54.71
2024,83,4.71,0.64,0.67,29.46,85.92,1.18,19.9,9.56,Santarém,PA,Norte,-2.43,-54.71
2024,84,26.24,0.65,0.73,27.85,91.48,0.9,16.24,7.88,Santarém,PA,Norte,-2.43,-54.71
2024,85,6.16,0.68,0.72,27.7,87.64,0.95,8.09,4.23,Santarém,PA,Norte,-2.43,-54.71
2024,86,8.16,0.67,0.71,29.2,85.9,1.29,20.42,9.82,Santarém,PA,Norte,-2.43,-54.71
2024,87,1.44,0.66,0.69,29.95,86.3,1.46,20.27,9.75,Santarém,PA,Norte,-2.43,-54.71
2024,88,5.56,0.65,0.69,29.66,85.64,1.04,16.42,7.99,Santarém,PA,Norte,-2.43,-54.71
2024,89,1.23,0.65,0.68,27.95,86.34,1.34,14.0,6.95,Santarém,PA,Norte,-2.43,-54.71
2024,90,0.14,0.65,0.67,28.88,83.57,1.42,23.68,11.32,Santarém,PA,Norte,-2.43,-54.71
2024,91,1.34,0.64,0.65,30.1,83.58,1.45,24.1,11.47,Santarém,PA,Norte,-2.43,-54.71
2024,92,6.04,0.63,0.67,29.39,85.51,1.31,15.07,7.41,Santarém,PA,Norte,-2.43,-54.71
2024,93,6.91,0.64,0.68,29.45,83.27,1.04,16.73,8.16,Santarém,PA,Norte,-2.43,-54.71
2024,94,4.02,0.64,0.67,29.14,88.29,1.32,16.57,8.01,Santarém,PA,Norte,-2.43,-54.71
2024,95,2.8,0.64,0.66,29.94,85.24,1.37,23.42,11.15,Santarém,PA,Norte,-2.43,-54.71
2024,96,26.16,0.64,0.71,29.56,85.92,1.0,14.65,7.14,Santarém,PA,Norte,-2.43,-54.71
2024,97,23.88,0.7,0.77,27.85,82.83,0.9,15.25,7.35,Santarém,PA,Norte,-2.43,-54.71
2024,98,1.95,0.69,0.71,29.44,85.44,1.4,17.68,8.57,Santarém,PA,Norte,-2.43,-54.71
2024,99,23.97,0.69,0.76,27.66,89.08,1.15,15.38,7.55,Santarém,PA,Norte,-2.43,-54.71
2024,100,16.27,0.72,0.77,27.35,89.63,1.17,14.38,6.97,Santarém,PA,Norte,-2.43,-54.71
2024,101,4.35,0.71,0.74,29.48,87.19,1.19,19.14,9.27,Santarém,PA,Norte,-2.43,-54.71
2024,102,7.43,0.71,0.75,28.74,87.39,1.16,15.01,7.37,Santarém,PA,Norte,-2.43,-54.71
2024,103,34.39,0.73,0.81,27.98,88.94,0.94,15.34,7.55,Santarém,PA,Norte,-2.43,-54.71
2024,104,31.48,0.78,0.84,27.14,85.41,0.68,15.35,7.46,Santarém,PA,Norte,-2.43,-54.71
2024,105,6.04,0.77,0.79,28.73,87.94,1.26,15.99,7.86,Santarém,PA,Norte,-2.43,-54.71
2024,106,5.81,0.77,0.79,29.51,87.59,1.55,18.62,9.07,Santarém,PA,Norte,-2.43,-54.71
2024,107,13.17,0.76,0.8,28.97,90.57,1.3,14.64,7.19,Santarém,PA,Norte,-2.43,-54.71
2024,108,7.71,0.77,0.8,28.75,89.65,1.08,17.73,8.66,Santarém,PA,Norte,-2.43,-54.71
2024,109,8.93,0.77,0.8,28.13,90.31,1.05,16.48,7.99,Santarém,PA,Norte,-2.43,-54.71
2024,110,8.27,0.77,0.79,29.53,84.43,1.12,18.77,9.09,Santarém,PA,Norte,-2.43,-54.71
2024,111,11.91,0.78,0.81,28.98,87.71,1.05,16.33,7.97,Santarém,PA,Norte,-2.43,-54.71
2024,112,10.26,0.78,0.81,27.82,87.77,1.29,11.1,5.51,Santarém,PA,Norte,-2.43,-54.71
2024,113,3.49,0.78,0.8,28.06,89.01,1.21,18.09,8.76,Santarém,PA,Norte,-2.43,-54.71
2024,114,5.45,0.78,0.8,29.11,88.84,1.37,13.66,6.64,Santarém,PA,Norte,-2.43,-54.71
2024,115,13.37,0.78,0.81,28.54,91.11,1.18,15.53,7.55,Santarém,PA,Norte,-2.43,-54.71
2024,116,21.0,0.8,0.84,27.61,88.69,1.11,12.32,6.04,Santarém,PA,Norte,-2.43,-54.71
2024,117,2.07,0.8,0.82,27.2,86.35,1.31,12.03,5.89,Santarém,PA,Norte,-2.43,-54.71
2024,118,0.09,0.79,0.8,29.29,84.07,1.13,18.83,9.08,Santarém,PA,Norte,-2.43,-54.71
2024,119,0.38,0.78,0.79,29.81,86.11,1.35,17.76,8.54,Santarém,PA,Norte,-2.43,-54.71
2024,120,1.72,0.77,0.79,29.73,86.82,1.27,19.9,9.6,Santarém,PA,Norte,-2.43,-54.71
2024,121,6.3,0.77,0.79,27.97,89.49,1.4,18.55,9.02,Santarém,PA,Norte,-2.43,-54.71
2024,122,5.86,0.77,0.79,29.45,88.13,1.28,17.88,8.67,Santarém,PA,Norte,-2.43,-54.71
2024,123,2.58,0.77,0.79,29.0,90.27,1.33,21.1,10.14,Santarém,PA,Norte,-2.43,-54.71
2024,124,5.83,0.77,0.8,28.38,91.69,1.19,16.93,8.11,Santarém,PA,Norte,-2.43,-54.71
2024,125,3.36,0.78,0.79,28.72,90.98,1.19,18.31,8.85,Santarém,PA,Norte,-2.43,-54.71
2024,126,9.69,0.78,0.8,29.57,90.01,1.38,16.53,7.99,Santarém,PA,Norte,-2.43,-54.71
2024,127,13.36,0.78,0.81,28.92,89.38,1.06,16.09,7.74,Santarém,PA,Norte,-2.43,-54.71
2024,128,10.54,0.8,0.82,28.12,91.29,0.95,14.49,7.04,Santarém,PA,Norte,-2.43,-54.71
2024,129,1.08,0.79,0.8,30.11,86.75,1.24,21.06,10.05,Santarém,PA,Norte,-2.43,-54.71
2024,130,2.95,0.78,0.8,30.39,88.06,1.33,18.36,8.86,Santarém,PA,Norte,-2.43,-54.71
2024,131,1.06,0.78,0.79,29.49,85.53,1.25,18.08,8.7,Santarém,PA,Norte,-2.43,-54.71
2024,132,6.22,0.77,0.79,29.88,86.97,1.32,16.47,7.95,Santarém,PA,Norte,-2.43,-54.71
2024,133,14.94,0.78,0.81,28.13,88.48,1.17,16.54,7.91,Santarém,PA,Norte,-2.43,-54.71
2024,134,8.13,0.79,0.81,29.47,86.88,1.14,16.42,7.84,Santarém,PA,Norte,-2.43,-54.71
2024,135,2.38,0.78,0.8,29.27,88.42,1.29,18.66,8.94,Santarém,PA,Norte,-2.43,-54.71
2024,136,2.46,0.78,0.79,29.74,87.54,1.34,19.17,9.21,Santarém,PA,Norte,-2.43,-54.71
2024,137,7.74,0.78,0.8,28.4,89.25,1.23,19.21,9.16,Santarém,PA,Norte,-2.43,-54.71
2024,138,11.09,0.79,0.81,27.51,91.28,1.28,17.38,8.33,Santarém,PA,Norte,-2.43,-54.71
2024,139,1.56,0.79,0.8,28.0,90.13,1.27,16.04,7.69,Santarém,PA,Norte,-2.43,-54.71
2024,140,1.18,0.78,0.79,29.46,85.68,1.08,18.22,8.72,Santarém,PA,Norte,-2.43,-54.71
2024,141,1.46,0.77,0.79,29.19,88.39,1.2,16.88,8.06,Santarém,PA,Norte,-2.43,-54.71
2024,142,2.57,0.77,0.78,29.74,87.9,1.45,18.37,8.81,Santarém,PA,Norte,-2.43,-54.71
2024,143,3.46,0.76,0.78,29.5,89.46,1.37,14.2,6.9,Santarém,PA,Norte,-2.43,-54.71
2024,144,2.25,0.76,0.78,29.39,89.51,1.31,15.7,7.62,Santarém,PA,Norte,-2.43,-54.71
2024,145,3.12,0.76,0.78,30.11,85.04,0.97,18.91,9.09,Santarém,PA,Norte,-2.43,-54.71
2024,146,19.06,0.77,0.81,28.41,91.02,1.22,15.31,7.35,Santarém,PA,Norte,-2.43,-54.71
2024,147,12.2,0.79,0.82,29.05,88.41,1.08,12.42,6.0,Santarém,PA,Norte,-2.43,-54.71
2024,148,20.22,0.8,0.84,27.87,90.62,1.16,15.05,7.26,Santarém,PA,Norte,-2.43,-54.71
2024,149,7.17,0.8,0.82,29.37,87.14,0.85,13.14,6.4,Santarém,PA,Norte,-2.43,-54.71
2024,150,15.22,0.81,0.84,26.99,91.32,0.74,13.29,6.5,Santarém,PA,Norte,-2.43,-54.71
2024,151,10.46,0.82,0.83,29.14,81.44,0.77,11.28,5.55,Santarém,PA,Norte,-2.43,-54.71
2024,152,7.86,0.82,0.83,28.48,85.86,0.87,15.47,7.53,Santarém,PA,Norte,-2.43,-54.71
2024,153,4.46,0.82,0.83,28.2,90.79,1.17,16.28,7.83,Santarém,PA,Norte,-2.43,-54.71
2024,154,6.03,0.82,0.83,29.53,90.02,1.36,17.3,8.26,Santarém,PA,Norte,-2.43,-54.71
2024,155,6.15,0.82,0.83,29.07,90.13,1.26,17.74,8.49,Santarém,PA,Norte,-2.43,-54.71
2024,156,5.34,0.82,0.83,28.2,89.89,1.33,17.12,8.19,Santarém,PA,Norte,-2.43,-54.71
2024,157,2.4,0.82,0.82,29.25,88.76,1.33,15.77,7.64,Santarém,PA,Norte,-2.43,-54.71
2024,158,2.25,0.81,0.82,28.54,89.22,1.13,15.97,7.68,Santarém,PA,Norte,-2.43,-54.71
2024,159,8.44,0.81,0.83,28.82,91.12,1.04,18.73,8.96,Santarém,PA,Norte,-2.43,-54.71
2024,160,11.71,0.83,0.84,26.82,92.84,1.28,12.82,6.22,Santarém,PA,Norte,-2.43,-54.71
2024,161,4.35,0.83,0.83,28.44,88.98,1.1,16.36,7.9,Santarém,PA,Norte,-2.43,-54.71
2024,162,1.42,0.82,0.83,28.33,89.75,1.3,17.76,8.53,Santarém,PA,Norte,-2.43,-54.71
2024,163,0.2,0.82,0.82,29.21,86.51,1.14,17.09,8.24,Santarém,PA,Norte,-2.43,-54.71
2024,164,1.09,0.81,0.81,29.51,86.19,1.24,17.44,8.35,Santarém,PA,Norte,-2.43,-54.71
2024,165,0.82,0.8,0.81,29.88,87.61,1.35,20.01,9.47,Santarém,PA,Norte,-2.43,-54.71
2024,166,0.0,0.79,0.8,29.0,88.73,1.36,20.25,9.61,Santarém,PA,Norte,-2.43,-54.71
2024,167,0.26,0.79,0.8,29.46,86.86,1.42,19.0,9.02,Santarém,PA,Norte,-2.43,-54.71
2024,168,0.05,0.78,0.79,29.41,85.84,1.31,19.18,9.06,Santarém,PA,Norte,-2.43,-54.71
2024,169,0.09,0.78,0.79,29.39,83.62,1.0,20.66,9.76,Santarém,PA,Norte,-2.43,-54.71
2024,170,0.51,0.77,0.79,28.88,86.35,1.3,18.48,8.79,Santarém,PA,Norte,-2.43,-54.71
2024,171,0.49,0.77,0.78,28.49,88.39,1.26,19.12,9.05,Santarém,PA,Norte,-2.43,-54.71
2024,172,0.09,0.76,0.78,29.55,86.93,1.39,20.02,9.5,Santarém,PA,Norte,-2.43,-54.71
2024,173,0.0,0.76,0.77,29.98,85.39,1.25,20.56,9.72,Santarém,PA,Norte,-2.43,-54.71
2024,174,0.36,0.75,0.76,29.56,85.84,1.25,16.86,8.06,Santarém,PA,Norte,-2.43,-54.71
2024,175,0.54,0.74,0.76,29.79,86.11,1.36,19.54,9.27,Santarém,PA,Norte,-2.43,-54.71
2024,176,4.65,0.74,0.76,29.16,84.95,1.07,19.25,9.08,Santarém,PA,Norte,-2.43,-54.71
2024,177,4.67,0.74,0.77,28.43,85.12,1.07,14.69,7.09,Santarém,PA,Norte,-2.43,-54.71
2024,178,1.89,0.74,0.76,29.19,81.21,0.95,20.08,9.51,Santarém,PA,Norte,-2.43,-54.71
2024,179,1.09,0.73,0.75,29.5,82.98,1.36,19.55,9.25,Santarém,PA,Norte,-2.43,-54.71
2024,180,0.27,0.72,0.74,29.64,83.76,1.36,20.64,9.61,Santarém,PA,Norte,-2.43,-54.71
2024,181,2.17,0.72,0.74,28.69,87.31,1.04,17.96,8.5,Santarém,PA,Norte,-2.43,-54.71
2024,182,3.97,0.72,0.75,28.96,88.08,1.12,18.24,8.61,Santarém,PA,Norte,-2.43,-54.71
2024,183,1.1,0.72,0.74,29.02,87.91,1.4,20.44,9.57,Santarém,PA,Norte,-2.43,-54.71
2024,184,0.17,0.71,0.73,29.48,86.02,1.47,20.22,9.53,Santarém,PA,Norte,-2.43,-54.71
2024,185,0.13,0.7,0.72,29.73,85.51,1.49,18.81,8.94,Santarém,PA,Norte,-2.43,-54.71
2024,186,0.01,0.69,0.71,29.4,84.9,1.49,19.42,9.2,Santarém,PA,Norte,-2.43,-54.71
2024,187,0.0,0.68,0.71,29.51,86.29,1.29,19.56,9.26,Santarém,PA,Norte,-2.43,-54.71
2024,188,0.14,0.68,0.7,29.36,87.1,1.43,19.65,9.28,Santarém,PA,Norte,-2.43,-54.71
2024,189,0.04,0.67,0.69,29.36,85.4,1.41,20.88,9.8,Santarém,PA,Norte,-2.43,-54.71
2024,190,0.91,0.66,0.69,29.62,81.92,1.05,20.27,9.53,Santarém,PA,Norte,-2.43,-54.71
2024,191,1.69,0.66,0.69,29.46,83.99,1.09,17.98,8.58,Santarém,PA,Norte,-2.43,-54.71
2024,192,0.64,0.66,0.68,29.96,84.93,1.38,19.27,9.13,Santarém,PA,Norte,-2.43,-54.71
2024,193,0.17,0.65,0.67,29.65,84.24,1.72,18.44,8.77,Santarém,PA,Norte,-2.43,-54.71
2024,194,0.51,0.65,0.66,29.42,85.29,1.31,16.86,8.05,Santarém,PA,Norte,-2.43,-54.71
2024,195,0.22,0.64,0.66,30.71,80.9,1.13,19.4,9.11,Santarém,PA,Norte,-2.43,-54.71
2024,196,0.07,0.64,0.65,30.68,75.89,0.84,21.08,9.89,Santarém,PA,Norte,-2.43,-54.71
2024,197,0.04,0.63,0.64,30.82,76.93,1.25,17.09,8.13,Santarém,PA,Norte,-2.43,-54.71
2024,198,0.0,0.62,0.63,30.87,77.84,1.48,21.79,10.19,Santarém,PA,Norte,-2.43,-54.71
2024,199,0.0,0.61,0.62,30.8,74.84,1.17,20.82,9.8,Santarém,PA,Norte,-2.43,-54.71
2024,200,0.0,0.6,0.61,31.15,75.66,1.43,21.58,10.12,Santarém,PA,Norte,-2.43,-54.71
2024,201,0.0,0.6,0.6,31.38,77.92,1.34,21.4,10.02,Santarém,PA,Norte,-2.43,-54.71
2024,202,3.78,0.6,0.6,31.27,78.38,1.14,19.34,9.08,Santarém,PA,Norte,-2.43,-54.71
2024,203,3.53,0.6,0.61,31.87,77.68,1.21,18.45,8.68,Santarém,PA,Norte,-2.43,-54.71
2024,204,1.27,0.59,0.59,32.45,76.57,1.49,21.76,10.15,Santarém,PA,Norte,-2.43,-54.71
2024,205,0.45,0.59,0.59,31.9,77.35,1.56,22.81,10.59,Santarém,PA,Norte,-2.43,-54.71
2024,206,0.12,0.58,0.58,31.36,75.95,1.36,14.66,7.01,Santarém,PA,Norte,-2.43,-54.71
2024,207,3.56,0.58,0.58,32.21,77.32,1.2,19.2,9.08,Santarém,PA,Norte,-2.43,-54.71
2024,208,3.69,0.58,0.59,31.9,77.81,1.25,19.15,8.99,Santarém,PA,Norte,-2.43,-54.71
2024,209,1.17,0.58,0.58,32.54,76.26,1.57,20.86,9.73,Santarém,PA,Norte,-2.43,-54.71
2024,210,0.0,0.57,0.56,32.76,73.55,1.71,22.86,10.6,Santarém,PA,Norte,-2.43,-54.71
2024,211,0.0,0.56,0.55,32.96,72.3,1.66,21.12,9.84,Santarém,PA,Norte,-2.43,-54.71
2024,212,0.0,0.56,0.55,33.42,72.1,1.63,22.38,10.45,Santarém,PA,Norte,-2.43,-54.71
2024,213,0.0,0.55,0.54,33.34,71.85,1.62,22.02,10.18,Santarém,PA,Norte,-2.43,-54.71
2024,214,0.11,0.55,0.54,33.01,71.31,1.61,21.64,10.04,Santarém,PA,Norte,-2.43,-54.71
2024,215,0.08,0.54,0.53,33.18,71.24,1.49,20.86,9.77,Santarém,PA,Norte,-2.43,-54.71
2024,216,0.01,0.54,0.53,33.36,70.0,1.48,22.32,10.37,Santarém,PA,Norte,-2.43,-54.71
2024,217,0.0,0.53,0.52,34.09,68.84,1.66,22.95,10.6,Santarém,PA,Norte,-2.43,-54.71
2024,218,0.0,0.53,0.52,33.55,69.01,1.63,23.77,10.91,Santarém,PA,Norte,-2.43,-54.71
2024,219,0.0,0.53,0.52,33.88,69.81,1.36,22.54,10.41,Santarém,PA,Norte,-2.43,-54.71
2024,220,1.0,0.52,0.51,34.79,67.53,1.15,22.42,10.45,Santarém,PA,Norte,-2.43,-54.71
2024,221,0.43,0.52,0.51,35.8,67.12,1.39,22.86,10.57,Santarém,PA,Norte,-2.43,-54.71
2024,222,0.0,0.52,0.5,35.25,67.57,1.44,20.69,9.66,Santarém,PA,Norte,-2.43,-54.71
2024,223,0.27,0.51,0.5,34.13,66.9,1.42,21.03,9.83,Santarém,PA,Norte,-2.43,-54.71
2024,224,1.08,0.51,0.51,33.14,70.29,0.95,19.69,9.29,Santarém,PA,Norte,-2.43,-54.71
2024,225,12.56,0.52,0.57,32.51,72.43,0.71,10.68,5.15,Santarém,PA,Norte,-2.43,-54.71
2024,226,4.55,0.53,0.55,32.41,75.35,1.45,20.43,9.51,Santarém,PA,Norte,-2.43,-54.71
2024,227,1.15,0.53,0.53,32.97,72.25,1.68,21.35,9.9,Santarém,PA,Norte,-2.43,-54.71
2024,228,0.1,0.53,0.52,33.05,68.91,1.6,21.05,9.65,Santarém,PA,Norte,-2.43,-54.71
2024,229,0.05,0.52,0.51,35.18,65.32,1.44,21.42,9.75,Santarém,PA,Norte,-2.43,-54.71
2024,230,0.0,0.51,0.5,35.22,65.21,1.4,22.35,10.13,Santarém,PA,Norte,-2.43,-54.71
2024,231,0.0,0.51,0.49,35.29,64.36,1.25,22.22,10.05,Santarém,PA,Norte,-2.43,-54.71
2024,232,0.24,0.51,0.49,36.09,61.04,1.4,23.26,10.63,Santarém,PA,Norte,-2.43,-54.71
2024,233,0.06,0.5,0.48,35.84,62.08,1.36,24.01,11.0,Santarém,PA,Norte,-2.43,-54.71
2024,234,0.0,0.5,0.48,35.91,62.33,1.42,23.1,10.64,Santarém,PA,Norte,-2.43,-54.71
2024,235,2.08,0.5,0.48,35.82,62.48,1.58,22.17,10.15,Santarém,PA,Norte,-2.43,-54.71
2024,236,2.21,0.5,0.49,35.24,65.25,1.76,19.96,9.19,Santarém,PA,Norte,-2.43,-54.71
2024,237,0.08,0.5,0.48,35.57,61.32,1.69,20.83,9.62,Santarém,PA,Norte,-2.43,-54.71
2024,238,0.0,0.49,0.47,36.16,60.36,1.75,21.8,10.0,Santarém,PA,Norte,-2.43,-54.71
2024,239,0.0,0.49,0.47,36.89,55.48,1.38,24.22,11.07,Santarém,PA,Norte,-2.43,-54.71
2024,240,2.26,0.49,0.47,37.56,53.29,0.91,20.15,9.19,Santarém,PA,Norte,-2.43,-54.71
2024,241,8.88,0.5,0.53,34.12,61.9,1.02,13.95,6.55,Santarém,PA,Norte,-2.43,-54.71
2024,242,1.46,0.51,0.5,35.51,65.0,1.59,22.76,10.47,Santarém,PA,Norte,-2.43,-54.71
2024,243,0.0,0.5,0.48,36.42,59.04,1.48,24.12,11.19,Santarém,PA,Norte,-2.43,-54.71
2024,244,2.87,0.5,0.49,36.58,60.3,1.36,24.11,11.11,Santarém,PA,Norte,-2.43,-54.71
2024,245,0.89,0.5,0.48,36.27,63.09,1.44,23.47,10.78,Santarém,PA,Norte,-2.43,-54.71
2024,246,0.27,0.49,0.47,36.2,60.22,1.63,23.83,10.96,Santarém,PA,Norte,-2.43,-54.71
2024,247,0.94,0.49,0.47,36.29,59.91,1.5,24.22,11.13,Santarém,PA,Norte,-2.43,-54.71
2024,248,0.32,0.49,0.46,37.59,56.72,1.38,23.66,10.75,Santarém,PA,Norte,-2.43,-54.71
2024,249,0.04,0.48,0.45,37.61,56.54,1.44,23.06,10.63,Santarém,PA,Norte,-2.43,-54.71
2024,250,0.02,0.48,0.43,36.14,56.97,1.76,21.38,9.86,Santarém,PA,Norte,-2.43,-54.71
2024,251,0.0,0.48,0.42,37.07,55.06,1.65,22.82,10.48,Santarém,PA,Norte,-2.43,-54.71
2024,252,0.0,0.48,0.41,37.28,52.9,1.58,23.11,10.53,Santarém,PA,Norte,-2.43,-54.71
2024,253,0.0,0.48,0.4,37.09,54.73,1.67,22.26,10.13,Santarém,PA,Norte,-2.43,-54.71
2024,254,0.0,0.48,0.39,37.61,52.05,1.67,22.53,10.29,Santarém,PA,Norte,-2.43,-54.71
2024,255,0.0,0.47,0.38,37.35,52.08,1.72,23.29,10.63,Santarém,PA,Norte,-2.43,-54.71
2024,256,0.0,0.47,0.38,37.76,50.8,1.79,21.73,9.85,Santarém,PA,Norte,-2.43,-54.71
2024,257,0.0,0.47,0.37,36.73,52.84,1.76,21.69,10.02,Santarém,PA,Norte,-2.43,-54.71
2024,258,0.0,0.47,0.36,36.83,53.59,1.75,21.86,10.04,Santarém,PA,Norte,-2.43,-54.71
2024,259,0.01,0.47,0.36,37.31,51.03,1.57,20.7,9.41,Santarém,PA,Norte,-2.43,-54.71
2024,260,0.0,0.47,0.35,37.21,53.53,1.48,23.01,10.53,Santarém,PA,Norte,-2.43,-54.71
2024,261,0.0,0.47,0.35,37.34,53.01,1.64,20.5,9.39,Santarém,PA,Norte,-2.43,-54.71
2024,262,0.0,0.47,0.34,37.4,50.31,1.83,21.67,9.88,Santarém,PA,Norte,-2.43,-54.71
2024,263,0.0,0.47,0.33,37.39,49.97,1.72,21.86,9.93,Santarém,PA,Norte,-2.43,-54.71
2024,264,0.0,0.47,0.33,37.4,51.2,1.77,21.28,9.7,Santarém,PA,Norte,-2.43,-54.71
2024,265,0.0,0.47,0.32,37.16,50.79,1.75,22.89,10.41,Santarém,PA,Norte,-2.43,-54.71
2024,266,0.0,0.47,0.32,37.0,50.11,1.61,20.47,9.34,Santarém,PA,Norte,-2.43,-54.71
2024,267,1.04,0.47,0.32,36.65,51.34,1.46,21.67,9.93,Santarém,PA,Norte,-2.43,-54.71
2024,268,1.34,0.47,0.34,36.31,57.23,1.32,19.4,8.83,Santarém,PA,Norte,-2.43,-54.71
2024,269,0.12,0.47,0.35,37.16,55.2,1.43,20.19,9.27,Santarém,PA,Norte,-2.43,-54.71
2024,270,0.01,0.47,0.34,37.29,51.61,1.54,23.68,10.86,Santarém,PA,Norte,-2.43,-54.71
2024,271,4.47,0.47,0.36,36.2,53.37,1.48,24.05,11.11,Santarém,PA,Norte,-2.43,-54.71
2024,272,3.53,0.48,0.43,37.38,56.53,1.22,21.89,10.07,Santarém,PA,Norte,-2.43,-54.71
2024,273,0.82,0.48,0.4,35.89,56.62,1.05,20.59,9.44,Santarém,PA,Norte,-2.43,-54.71
2024,274,1.77,0.48,0.41,36.02,56.48,0.95,21.68,9.92,Santarém,PA,Norte,-2.43,-54.71
2024,275,1.12,0.48,0.4,36.61,60.92,1.07,17.38,8.03,Santarém,PA,Norte,-2.43,-54.71
2024,276,0.53,0.48,0.4,36.15,58.56,0.87,22.02,10.27,Santarém,PA,Norte,-2.43,-54.71
2024,277,0.62,0.48,0.4,35.45,56.01,1.29,15.84,7.44,Santarém,PA,Norte,-2.43,-54.71
2024,278,0.16,0.47,0.39,35.8,58.36,1.39,21.98,10.17,Santarém,PA,Norte,-2.43,-54.71
2024,279,0.0,0.47,0.38,36.57,56.01,1.32,22.08,10.27,Santarém,PA,Norte,-2.43,-54.71
2024,280,0.2,0.47,0.37,37.29,53.52,1.28,22.84,10.57,Santarém,PA,Norte,-2.43,-54.71
2024,281,0.09,0.47,0.36,36.64,53.12,1.38,18.01,8.26,Santarém,PA,Norte,-2.43,-54.71
2024,282,0.0,0.47,0.35,37.1,52.89,1.72,21.46,9.89,Santarém,PA,Norte,-2.43,-54.71
2024,283,0.0,0.47,0.34,36.79,52.81,1.77,23.16,10.6,Santarém,PA,Norte,-2.43,-54.71
2024,284,0.0,0.47,0.33,37.09,48.85,1.5,25.27,11.59,Santarém,PA,Norte,-2.43,-54.71
2024,285,0.0,0.47,0.31,38.28,48.06,1.43,25.28,11.61,Santarém,PA,Norte,-2.43,-54.71
2024,286,0.02,0.46,0.3,37.76,49.77,1.55,20.18,9.31,Santarém,PA,Norte,-2.43,-54.71
2024,287,0.01,0.46,0.29,35.39,54.86,1.58,20.7,9.65,Santarém,PA,Norte,-2.43,-54.71
2024,288,0.0,0.46,0.29,35.69,54.14,1.4,20.89,9.57,Santarém,PA,Norte,-2.43,-54.71
2024,289,0.01,0.46,0.29,37.24,49.52,1.24,21.29,9.74,Santarém,PA,Norte,-2.43,-54.71
2024,290,0.97,0.46,0.29,36.75,50.73,1.12,21.51,9.93,Santarém,PA,Norte,-2.43,-54.71
2024,291,1.23,0.47,0.31,36.87,50.86,1.21,18.75,8.63,Santarém,PA,Norte,-2.43,-54.71
2024,292,0.5,0.47,0.32,36.53,52.12,1.27,23.43,10.82,Santarém,PA,Norte,-2.43,-54.71
2024,293,0.0,0.47,0.31,37.53,49.75,0.95,23.6,10.86,Santarém,PA,Norte,-2.43,-54.71
2024,294,0.0,0.46,0.3,37.07,48.77,1.22,20.23,9.36,Santarém,PA,Norte,-2.43,-54.71
2024,295,0.02,0.46,0.29,37.41,52.44,1.5,16.1,7.32,Santarém,PA,Norte,-2.43,-54.71
2024,296,0.01,0.46,0.29,36.02,56.26,1.58,14.08,6.57,Santarém,PA,Norte,-2.43,-54.71
2024,297,0.0,0.46,0.28,37.19,53.47,1.3,22.65,10.41,Santarém,PA,Norte,-2.43,-54.71
2024,298,0.0,0.46,0.27,38.01,47.47,1.33,19.89,9.0,Santarém,PA,Norte,-2.43,-54.71
2024,299,0.0,0.46,0.27,37.54,48.35,1.49,21.47,9.76,Santarém,PA,Norte,-2.43,-54.71
2024,300,0.0,0.46,0.26,37.59,47.29,1.76,23.32,10.57,Santarém,PA,Norte,-2.43,-54.71
2024,301,0.0,0.46,0.26,37.15,46.98,1.86,21.63,9.96,Santarém,PA,Norte,-2.43,-54.71
2024,302,0.0,0.46,0.25,37.14,46.41,1.51,24.14,11.05,Santarém,PA,Norte,-2.43,-54.71
2024,303,9.51,0.47,0.37,36.46,51.53,1.15,22.94,10.6,Santarém,PA,Norte,-2.43,-54.71
2024,304,10.53,0.49,0.53,36.16,55.87,1.17,21.29,9.81,Santarém,PA,Norte,-2.43,-54.71
2024,305,0.0,0.49,0.47,35.81,55.98,1.39,19.65,9.15,Santarém,PA,Norte,-2.43,-54.71
2024,306,0.0,0.48,0.46,36.7,53.91,1.63,22.58,10.31,Santarém,PA,Norte,-2.43,-54.71
2024,307,0.0,0.48,0.45,36.94,51.47,1.64,22.14,10.07,Santarém,PA,Norte,-2.43,-54.71
2024,308,1.63,0.48,0.44,37.08,53.95,1.24,17.77,8.07,Santarém,PA,Norte,-2.43,-54.71
2024,309,4.69,0.48,0.47,35.95,61.53,1.21,15.59,7.17,Santarém,PA,Norte,-2.43,-54.71
2024,310,7.11,0.49,0.51,36.52,64.8,1.19,21.05,9.71,Santarém,PA,Norte,-2.43,-54.71
2024,311,0.0,0.49,0.46,36.48,59.09,1.21,20.64,9.37,Santarém,PA,Norte,-2.43,-54.71
2024,312,0.02,0.48,0.45,35.71,62.19,0.9,16.36,7.41,Santarém,PA,Norte,-2.43,-54.71
2024,313,0.0,0.48,0.44,35.56,61.04,1.49,17.46,8.01,Santarém,PA,Norte,-2.43,-54.71
2024,314,0.0,0.48,0.42,37.01,54.47,1.48,23.38,10.79,Santarém,PA,Norte,-2.43,-54.71
2024,315,0.02,0.47,0.41,37.02,48.19,1.28,23.14,10.58,Santarém,PA,Norte,-2.43,-54.71
2024,316,3.23,0.47,0.43,36.22,60.76,0.94,14.6,6.54,Santarém,PA,Norte,-2.43,-54.71
2024,317,16.84,0.5,0.54,33.84,70.17,1.31,14.08,6.38,Santarém,PA,Norte,-2.43,-54.71
2024,318,0.05,0.5,0.48,35.75,58.39,1.27,16.68,7.45,Santarém,PA,Norte,-2.43,-54.71
2024,319,0.19,0.49,0.47,35.65,61.56,1.17,12.19,5.44,Santarém,PA,Norte,-2.43,-54.71
2024,320,0.01,0.49,0.47,31.95,70.48,1.49,14.23,6.4,Santarém,PA,Norte,-2.43,-54.71
2024,321,0.53,0.49,0.47,35.2,58.42,1.25,13.31,6.2,Santarém,PA,Norte,-2.43,-54.71
2024,322,0.28,0.48,0.46,35.15,58.89,0.92,16.0,7.41,Santarém,PA,Norte,-2.43,-54.71
2024,323,0.0,0.48,0.46,35.73,59.75,1.17,16.4,7.45,Santarém,PA,Norte,-2.43,-54.71
2024,324,0.0,0.48,0.45,35.21,60.27,1.26,19.71,8.97,Santarém,PA,Norte,-2.43,-54.71
2024,325,0.01,0.48,0.44,36.27,57.26,1.35,19.07,8.68,Santarém,PA,Norte,-2.43,-54.71
2024,326,0.08,0.47,0.43,36.53,53.77,1.41,18.71,8.44,Santarém,PA,Norte,-2.43,-54.71
2024,327,0.0,0.47,0.42,36.52,52.67,1.46,18.95,8.59,Santarém,PA,Norte,-2.43,-54.71
2024,328,0.0,0.47,0.4,36.64,51.72,1.42,18.85,8.54,Santarém,PA,Norte,-2.43,-54.71
2024,329,0.0,0.47,0.38,36.93,50.04,1.04,18.84,8.46,Santarém,PA,Norte,-2.43,-54.71
2024,330,0.03,0.47,0.37,36.64,50.96,1.23,16.75,7.61,Santarém,PA,Norte,-2.43,-54.71
2024,331,0.08,0.47,0.36,35.31,54.8,1.7,15.35,6.99,Santarém,PA,Norte,-2.43,-54.71
2024,332,0.01,0.47,0.35,35.0,53.5,1.71,18.18,8.36,Santarém,PA,Norte,-2.43,-54.71
2024,333,0.0,0.47,0.34,35.95,50.41,1.51,22.05,10.08,Santarém,PA,Norte,-2.43,-54.71
2024,334,0.01,0.47,0.32,36.33,49.63,1.57,21.26,9.69,Santarém,PA,Norte,-2.43,-54.71
2024,335,0.0,0.47,0.32,36.45,50.33,1.39,21.68,9.93,Santarém,PA,Norte,-2.43,-54.71
2024,336,0.02,0.47,0.31,36.76,51.96,1.42,18.11,8.3,Santarém,PA,Norte,-2.43,-54.71
2024,337,0.91,0.46,0.31,35.51,54.02,1.61,18.68,8.62,Santarém,PA,Norte,-2.43,-54.71
2024,338,1.43,0.47,0.36,35.44,59.29,1.59,16.3,7.5,Santarém,PA,Norte,-2.43,-54.71
2024,339,1.36,0.47,0.37,35.01,61.44,1.5,15.3,7.0,Santarém,PA,Norte,-2.43,-54.71
2024,340,3.78,0.47,0.42,33.25,66.46,1.13,11.75,5.53,Santarém,PA,Norte,-2.43,-54.71
2024,341,1.89,0.47,0.43,33.56,65.35,1.44,12.64,6.0,Santarém,PA,Norte,-2.43,-54.71
2024,342,1.03,0.47,0.42,33.09,64.59,1.53,12.85,6.14,Santarém,PA,Norte,-2.43,-54.71
2024,343,0.85,0.47,0.41,34.13,59.71,1.6,17.44,8.26,Santarém,PA,Norte,-2.43,-54.71
2024,344,0.62,0.47,0.41,34.59,63.62,1.53,19.92,9.51,Santarém,PA,Norte,-2.43,-54.71
2024,345,0.57,0.47,0.4,33.73,59.8,1.57,18.85,8.85,Santarém,PA,Norte,-2.43,-54.71
2024,346,1.69,0.47,0.41,33.26,66.24,1.44,13.35,6.37,Santarém,PA,Norte,-2.43,-54.71
2024,347,2.66,0.47,0.43,33.85,65.75,1.21,17.98,8.46,Santarém,PA,Norte,-2.43,-54.71
2024,348,4.53,0.48,0.48,31.48,74.59,0.72,14.78,7.04,Santarém,PA,Norte,-2.43,-54.71
2024,349,3.42,0.48,0.48,30.38,70.43,0.89,9.17,4.45,Santarém,PA,Norte,-2.43,-54.71
2024,350,5.91,0.49,0.51,31.87,70.05,1.37,16.17,7.66,Santarém,PA,Norte,-2.43,-54.71
2024,351,0.87,0.49,0.47,33.77,65.26,1.63,16.87,7.9,Santarém,PA,Norte,-2.43,-54.71
2024,352,0.63,0.48,0.46,34.04,64.91,1.26,15.77,7.5,Santarém,PA,Norte,-2.43,-54.71
2024,353,1.26,0.48,0.46,34.03,64.07,1.4,15.03,7.11,Santarém,PA,Norte,-2.43,-54.71
2024,354,5.6,0.49,0.49,34.57,64.6,1.38,16.0,7.64,Santarém,PA,Norte,-2.43,-54.71
2024,355,0.72,0.48,0.46,34.2,64.04,1.29,16.82,8.02,Santarém,PA,Norte,-2.43,-54.71
2024,356,0.5,0.48,0.45,35.2,61.12,1.57,18.1,8.49,Santarém,PA,Norte,-2.43,-54.71
2024,357,0.04,0.48,0.43,35.32,55.16,1.46,20.07,9.33,Santarém,PA,Norte,-2.43,-54.71
2024,358,0.01,0.48,0.41,35.69,57.04,1.16,19.2,9.06,Santarém,PA,Norte,-2.43,-54.71
2024,359,10.5,0.48,0.48,34.85,61.06,1.0,18.54,8.76,Santarém,PA,Norte,-2.43,-54.71
2024,360,18.36,0.52,0.58,31.63,76.13,1.35,13.21,6.25,Santarém,PA,Norte,-2.43,-54.71
2024,361,0.26,0.51,0.5,33.48,65.35,1.32,16.96,8.15,Santarém,PA,Norte,-2.43,-54.71
2024,362,0.0,0.51,0.48,34.74,61.49,1.42,18.16,8.6,Santarém,PA,Norte,-2.43,-54.71
2024,363,1.17,0.5,0.48,33.67,63.85,0.86,17.54,8.3,Santarém,PA,Norte,-2.43,-54.71
2024,364,10.64,0.51,0.54,31.5,76.73,0.94,11.89,5.66,Santarém,PA,Norte,-2.43,-54.71
2024,365,14.02,0.53,0.57,31.33,78.49,1.09,18.17,8.7,Santarém,PA,Norte,-2.43,-54.71
2024,366,7.04,0.53,0.55,32.58,74.91,1.67,15.01,7.2,Santarém,PA,Norte,-2.43,-54.71
2025,1,3.18,0.53,0.53,33.36,70.58,1.59,18.38,8.74,Santarém,PA,Norte,-2.43,-54.71
2025,2,1.39,0.52,0.51,32.25,71.19,1.34,17.86,8.47,Santarém,PA,Norte,-2.43,-54.71
2025,3,1.66,0.52,0.51,31.4,75.28,1.35,14.03,6.74,Santarém,PA,Norte,-2.43,-54.71
2025,4,5.95,0.52,0.52,33.01,72.73,1.26,15.77,7.46,Santarém,PA,Norte,-2.43,-54.71
2025,5,15.1,0.54,0.59,27.19,86.18,1.11,14.55,6.97,Santarém,PA,Norte,-2.43,-54.71
2025,6,12.98,0.55,0.59,30.88,80.1,1.08,16.91,8.1,Santarém,PA,Norte,-2.43,-54.71
2025,7,3.96,0.55,0.57,30.16,79.9,1.51,18.43,8.74,Santarém,PA,Norte,-2.43,-54.71
2025,8,1.43,0.55,0.54,32.29,73.32,1.14,17.23,8.2,Santarém,PA,Norte,-2.43,-54.71
2025,9,4.1,0.54,0.55,28.95,82.29,0.99,18.36,8.81,Santarém,PA,Norte,-2.43,-54.71
2025,10,1.05,0.54,0.54,32.22,72.9,0.98,17.55,8.35,Santarém,PA,Norte,-2.43,-54.71
2025,11,4.25,0.54,0.54,29.56,78.33,1.29,17.96,8.51,Santarém,PA,Norte,-2.43,-54.71
2025,12,5.53,0.54,0.56,31.58,78.51,1.33,20.77,9.89,Santarém,PA,Norte,-2.43,-54.71
2025,13,0.32,0.54,0.53,31.96,69.55,1.0,18.62,8.72,Santarém,PA,Norte,-2.43,-54.71
2025,14,0.0,0.53,0.52,31.76,66.06,1.0,17.02,8.07,Santarém,PA,Norte,-2.43,-54.71
2025,15,0.31,0.53,0.51,31.73,64.17,0.94,19.49,9.17,Santarém,PA,Norte,-2.43,-54.71
2025,16,3.48,0.52,0.52,30.61,68.69,1.48,17.66,8.39,Santarém,PA,Norte,-2.43,-54.71
2025,17,4.89,0.53,0.53,31.92,69.89,1.07,10.97,5.3,Santarém,PA,Norte,-2.43,-54.71
2025,18,8.63,0.54,0.57,27.94,84.62,1.3,14.09,6.77,Santarém,PA,Norte,-2.43,-54.71
2025,19,2.11,0.54,0.54,30.12,73.18,1.1,16.25,7.74,Santarém,PA,Norte,-2.43,-54.71
2025,20,0.77,0.53,0.52,32.11,69.54,1.26,17.89,8.47,Santarém,PA,Norte,-2.43,-54.71
2025,21,42.91,0.56,0.66,30.74,78.52,1.36,19.26,9.18,Santarém,PA,Norte,-2.43,-54.71
2025,22,36.93,0.64,0.75,26.21,88.55,1.13,8.71,4.39,Santarém,PA,Norte,-2.43,-54.71
2025,23,7.05,0.65,0.69,28.21,86.07,1.08,21.91,10.41,Santarém,PA,Norte,-2.43,-54.71
2025,24,6.26,0.64,0.68,27.6,87.77,1.16,15.13,7.29,Santarém,PA,Norte,-2.43,-54.71
2025,25,1.26,0.62,0.65,28.86,80.48,1.27,23.07,10.9,Santarém,PA,Norte,-2.43,-54.71
2025,26,3.88,0.62,0.65,27.69,85.31,1.24,19.68,9.38,Santarém,PA,Norte,-2.43,-54.71
2025,27,1.58,0.61,0.63,29.63,82.27,1.36,23.61,11.12,Santarém,PA,Norte,-2.43,-54.71
2025,28,7.73,0.6,0.64,28.87,85.14,1.41,17.91,8.53,Santarém,PA,Norte,-2.43,-54.71
2025,29,6.04,0.61,0.65,29.26,84.77,1.45,16.48,7.85,Santarém,PA,Norte,-2.43,-54.71
2025,30,3.73,0.6,0.63,28.4,83.8,1.28,21.82,10.32,Santarém,PA,Norte,-2.43,-54.71
2025,31,7.47,0.61,0.66,28.91,83.07,1.21,14.85,6.99,Santarém,PA,Norte,-2.43,-54.71
2025,32,8.44,0.61,0.65,27.06,87.89,1.22,14.1,6.84,Santarém,PA,Norte,-2.43,-54.71
2025,33,10.4,0.62,0.68,28.36,85.59,1.46,16.82,8.13,Santarém,PA,Norte,-2.43,-54.71
2025,34,4.3,0.62,0.65,28.7,85.44,1.41,18.94,9.08,Santarém,PA,Norte,-2.43,-54.71
2025,35,6.17,0.62,0.66,26.21,86.98,1.49,14.55,6.93,Santarém,PA,Norte,-2.43,-54.71
2025,36,11.88,0.62,0.66,29.25,83.42,1.06,17.23,8.34,Santarém,PA,Norte,-2.43,-54.71
2025,37,22.7,0.65,0.73,26.49,90.8,1.34,16.74,8.04,Santarém,PA,Norte,-2.43,-54.71
2025,38,5.08,0.65,0.69,28.68,86.5,1.2,19.44,9.34,Santarém,PA,Norte,-2.43,-54.71
2025,39,8.88,0.65,0.69,28.37,85.65,1.1,14.66,7.01,Santarém,PA,Norte,-2.43,-54.71
2025,40,42.05,0.69,0.78,25.92,88.23,1.1,8.55,4.17,Santarém,PA,Norte,-2.43,-54.71
2025,41,7.11,0.71,0.75,26.47,86.46,1.04,16.11,7.68,Santarém,PA,Norte,-2.43,-54.71
2025,42,6.01,0.7,0.73,28.14,85.77,1.37,19.45,9.39,Santarém,PA,Norte,-2.43,-54.71
2025,43,16.45,0.7,0.76,28.61,87.52,1.23,14.07,6.77,Santarém,PA,Norte,-2.43,-54.71
2025,44,4.09,0.7,0.73,28.14,86.23,1.32,17.57,8.46,Santarém,PA,Norte,-2.43,-54.71
2025,45,2.88,0.69,0.71,28.86,84.72,1.13,19.36,9.3,Santarém,PA,Norte,-2.43,-54.71
2025,46,37.89,0.72,0.8,26.39,87.47,1.16,8.21,4.06,Santarém,PA,Norte,-2.43,-54.71
2025,47,7.07,0.72,0.76,28.82,80.78,1.1,21.38,10.23,Santarém,PA,Norte,-2.43,-54.71
2025,48,8.66,0.72,0.76,27.77,87.69,1.42,19.53,9.31,Santarém,PA,Norte,-2.43,-54.71
2025,49,3.44,0.72,0.74,28.47,86.51,1.42,17.71,8.56,Santarém,PA,Norte,-2.43,-54.71
2025,50,12.52,0.72,0.76,27.47,89.96,1.12,18.76,9.01,Santarém,PA,Norte,-2.43,-54.71
2025,51,2.94,0.72,0.75,28.81,84.13,1.25,19.99,9.59,Santarém,PA,Norte,-2.43,-54.71
2025,52,1.21,0.71,0.73,28.9,85.47,1.5,18.53,8.88,Santarém,PA,Norte,-2.43,-54.71
2025,53,2.88,0.7,0.72,28.81,85.63,1.44,18.21,8.7,Santarém,PA,Norte,-2.43,-54.71
2025,54,4.0,0.69,0.72,28.3,86.89,1.06,16.35,7.85,Santarém,PA,Norte,-2.43,-54.71
2025,55,23.11,0.71,0.77,27.69,87.63,1.45,17.9,8.61,Santarém,PA,Norte,-2.43,-54.71
2025,56,19.95,0.73,0.78,26.45,92.34,1.22,12.94,6.32,Santarém,PA,Norte,-2.43,-54.71
2025,57,3.76,0.74,0.76,28.29,86.6,1.41,17.97,8.7,Santarém,PA,Norte,-2.43,-54.71
2025,58,0.62,0.72,0.74,28.85,84.39,1.33,19.86,9.43,Santarém,PA,Norte,-2.43,-54.71
2025,59,0.49,0.71,0.73,28.6,86.28,1.24,19.44,9.42,Santarém,PA,Norte,-2.43,-54.71
2025,60,2.48,0.71,0.73,28.48,83.54,1.15,18.17,8.78,Santarém,PA,Norte,-2.43,-54.71
2025,61,5.81,0.71,0.74,27.78,87.62,1.09,15.31,7.41,Santarém,PA,Norte,-2.43,-54.71
2025,62,17.26,0.72,0.77,26.19,93.76,1.23,16.19,7.8,Santarém,PA,Norte,-2.43,-54.71
2025,63,11.4,0.73,0.77,28.7,87.72,1.22,14.35,7.03,Santarém,PA,Norte,-2.43,-54.71
2025,64,36.21,0.76,0.83,27.1,91.46,1.19,6.02,3.08,Santarém,PA,Norte,-2.43,-54.71
2025,65,1.5,0.77,0.79,29.14,87.77,1.52,18.36,8.86,Santarém,PA,Norte,-2.43,-54.71
2025,66,2.4,0.76,0.77,28.26,87.01,1.46,19.31,9.25,Santarém,PA,Norte,-2.43,-54.71
2025,67,17.74,0.76,0.8,26.62,87.86,0.77,13.82,6.69,Santarém,PA,Norte,-2.43,-54.71
2025,68,8.53,0.77,0.8,26.6,88.68,0.85,7.73,3.78,Santarém,PA,Norte,-2.43,-54.71
2025,69,0.83,0.77,0.78,27.73,85.99,1.37,16.53,7.74,Santarém,PA,Norte,-2.43,-54.71
2025,70,2.43,0.75,0.77,29.26,85.62,1.4,22.43,10.55,Santarém,PA,Norte,-2.43,-54.71
2025,71,15.1,0.75,0.79,27.65,89.4,1.54,11.54,5.52,Santarém,PA,Norte,-2.43,-54.71
2025,72,8.61,0.77,0.79,27.82,89.41,1.36,17.82,8.54,Santarém,PA,Norte,-2.43,-54.71
2025,73,2.93,0.77,0.78,29.32,86.01,1.24,21.36,10.11,Santarém,PA,Norte,-2.43,-54.71
2025,74,0.91,0.76,0.77,29.83,84.73,1.14,19.33,9.19,Santarém,PA,Norte,-2.43,-54.71
2025,75,4.71,0.75,0.77,28.01,87.84,1.36,20.62,9.77,Santarém,PA,Norte,-2.43,-54.71
2025,76,5.72,0.75,0.78,27.83,88.72,1.16,18.71,8.9,Santarém,PA,Norte,-2.43,-54.71
2025,77,4.83,0.75,0.77,28.89,88.32,1.12,17.69,8.45,Santarém,PA,Norte,-2.43,-54.71
2025,78,20.85,0.76,0.8,27.99,87.83,1.21,18.3,8.75,Santarém,PA,Norte,-2.43,-54.71
2025,79,14.89,0.79,0.82,27.38,79.76,0.69,11.45,5.54,Santarém,PA,Norte,-2.43,-54.71
2025,80,1.78,0.78,0.79,27.49,89.12,1.46,16.15,7.69,Santarém,PA,Norte,-2.43,-54.71
2025,81,4.54,0.77,0.79,29.14,88.31,1.22,17.87,8.66,Santarém,PA,Norte,-2.43,-54.71
2025,82,5.78,0.77,0.79,28.35,89.28,1.42,19.31,9.18,Santarém,PA,Norte,-2.43,-54.71
2025,83,4.6,0.77,0.79,28.1,88.98,1.32,19.87,9.49,Santarém,PA,Norte,-2.43,-54.71
2025,84,2.92,0.77,0.78,27.03,89.66,1.25,20.55,9.79,Santarém,PA,Norte,-2.43,-54.71
2025,85,5.07,0.76,0.78,28.66,87.89,1.23,19.43,9.31,Santarém,PA,Norte,-2.43,-54.71
2025,86,15.44,0.77,0.81,27.75,86.1,1.09,18.53,8.89,Santarém,PA,Norte,-2.43,-54.71
2025,87,8.59,0.78,0.8,27.67,86.49,0.88,8.76,4.34,Santarém,PA,Norte,-2.43,-54.71
2025,88,9.9,0.78,0.81,28.83,85.5,1.4,20.22,9.66,Santarém,PA,Norte,-2.43,-54.71
2025,89,2.85,0.77,0.79,28.03,86.39,1.42,20.05,9.61,Santarém,PA,Norte,-2.43,-54.71
2025,90,3.75,0.77,0.79,28.11,87.44,1.3,17.44,8.38,Santarém,PA,Norte,-2.43,-54.71
2025,91,2.21,0.77,0.78,27.67,88.46,1.31,18.29,8.89,Santarém,PA,Norte,-2.43,-54.71
2025,92,0.91,0.76,0.77,29.11,83.94,1.41,20.3,9.78,Santarém,PA,Norte,-2.43,-54.71
2025,93,1.88,0.75,0.77,28.39,86.79,1.24,18.89,9.12,Santarém,PA,Norte,-2.43,-54.71
2025,94,12.86,0.76,0.79,27.49,86.65,0.96,13.73,6.59,Santarém,PA,Norte,-2.43,-54.71
2025,95,2.19,0.77,0.79,27.23,86.08,1.09,19.24,9.21,Santarém,PA,Norte,-2.43,-54.71
2025,96,3.73,0.76,0.78,28.04,85.08,0.97,17.02,8.27,Santarém,PA,Norte,-2.43,-54.71
2025,97,12.49,0.77,0.8,27.91,88.27,1.09,11.55,5.66,Santarém,PA,Norte,-2.43,-54.71
2025,98,0.84,0.77,0.78,29.11,86.41,1.23,20.73,9.95,Santarém,PA,Norte,-2.43,-54.71
2025,99,0.87,0.76,0.78,28.05,89.69,1.26,20.46,9.85,Santarém,PA,Norte,-2.43,-54.71
2025,100,0.7,0.75,0.77,28.55,88.01,1.11,16.54,7.96,Santarém,PA,Norte,-2.43,-54.71
2025,101,10.39,0.75,0.79,28.21,89.77,1.31,15.96,7.6,Santarém,PA,Norte,-2.43,-54.71
2025,102,8.86,0.77,0.8,28.13,90.49,1.25,17.15,8.12,Santarém,PA,Norte,-2.43,-54.71
2025,103,33.03,0.79,0.84,27.53,92.44,1.05,15.61,7.49,Santarém,PA,Norte,-2.43,-54.71
2025,104,18.12,0.82,0.85,26.9,92.56,1.28,10.6,5.18,Santarém,PA,Norte,-2.43,-54.71
2025,105,0.95,0.81,0.82,29.24,86.97,1.34,18.14,8.75,Santarém,PA,Norte,-2.43,-54.71
2025,106,1.92,0.79,0.8,29.63,85.97,1.32,21.42,10.15,Santarém,PA,Norte,-2.43,-54.71
2025,107,1.78,0.79,0.8,29.95,86.54,1.51,21.08,10.08,Santarém,PA,Norte,-2.43,-54.71
2025,108,0.25,0.77,0.78,30.35,84.85,1.5,21.59,10.29,Santarém,PA,Norte,-2.43,-54.71
2025,109,2.07,0.77,0.78,28.49,88.68,1.3,16.63,8.06,Santarém,PA,Norte,-2.43,-54.71
2025,110,5.97,0.77,0.79,28.26,89.15,1.19,17.37,8.35,Santarém,PA,Norte,-2.43,-54.71
2025,111,16.3,0.78,0.82,28.05,85.25,0.91,17.95,8.69,Santarém,PA,Norte,-2.43,-54.71
2025,112,6.11,0.79,0.81,28.57,83.74,0.92,9.97,4.9,Santarém,PA,Norte,-2.43,-54.71
2025,113,1.86,0.79,0.8,29.01,87.01,1.39,20.5,9.8,Santarém,PA,Norte,-2.43,-54.71
2025,114,2.5,0.78,0.79,28.09,86.55,1.26,17.39,8.47,Santarém,PA,Norte,-2.43,-54.71
2025,115,4.7,0.77,0.79,28.08,88.58,1.12,17.13,8.24,Santarém,PA,Norte,-2.43,-54.71
2025,116,11.49,0.78,0.8,27.29,89.91,1.12,14.04,6.92,Santarém,PA,Norte,-2.43,-54.71
2025,117,4.39,0.79,0.8,28.15,88.35,1.16,15.97,7.81,Santarém,PA,Norte,-2.43,-54.71
2025,118,5.21,0.78,0.8,28.71,88.66,1.27,18.33,8.87,Santarém,PA,Norte,-2.43,-54.71
2025,119,3.5,0.78,0.8,28.98,88.78,1.32,18.24,8.86,Santarém,PA,Norte,-2.43,-54.71
2025,120,5.97,0.78,0.8,29.01,88.99,1.34,17.46,8.41,Santarém,PA,Norte,-2.43,-54.71
2025,121,6.46,0.78,0.8,28.22,88.79,1.2,14.73,7.02,Santarém,PA,Norte,-2.43,-54.71
2025,122,0.3,0.78,0.79,28.06,88.76,1.25,16.48,7.75,Santarém,PA,Norte,-2.43,-54.71
2025,123,0.0,0.77,0.78,29.6,87.37,1.29,20.78,9.87,Santarém,PA,Norte,-2.43,-54.71
2025,124,0.94,0.76,0.78,29.79,85.55,1.24,20.29,9.69,Santarém,PA,Norte,-2.43,-54.71
2025,125,2.23,0.76,0.78,27.66,90.01,1.33,18.69,8.98,Santarém,PA,Norte,-2.43,-54.71
2025,126,1.54,0.76,0.77,28.36,89.7,1.28,17.75,8.59,Santarém,PA,Norte,-2.43,-54.71
2025,127,1.59,0.75,0.77,27.88,90.44,1.3,18.15,8.78,Santarém,PA,Norte,-2.43,-54.71
2025,128,7.29,0.75,0.78,28.86,89.68,1.21,13.29,6.46,Santarém,PA,Norte,-2.43,-54.71
2025,129,3.07,0.76,0.78,28.15,88.97,1.21,18.72,9.03,Santarém,PA,Norte,-2.43,-54.71
2025,130,0.23,0.75,0.77,28.95,83.59,1.31,19.88,9.47,Santarém,PA,Norte,-2.43,-54.71
2025,131,0.25,0.74,0.76,27.62,87.37,1.34,17.27,8.32,Santarém,PA,Norte,-2.43,-54.71
2025,132,4.36,0.74,0.76,29.22,86.49,1.14,17.38,8.28,Santarém,PA,Norte,-2.43,-54.71
2025,133,3.57,0.74,0.77,28.82,86.77,1.26,17.82,8.58,Santarém,PA,Norte,-2.43,-54.71
2025,134,8.91,0.74,0.77,28.65,86.85,1.3,15.86,7.64,Santarém,PA,Norte,-2.43,-54.71
2025,135,15.05,0.76,0.8,26.09,90.89,0.92,16.69,8.08,Santarém,PA,Norte,-2.43,-54.71
2025,136,4.69,0.76,0.78,27.34,87.73,1.24,14.19,6.83,Santarém,PA,Norte,-2.43,-54.71
2025,137,5.73,0.76,0.79,28.27,90.42,1.19,16.86,8.08,Santarém,PA,Norte,-2.43,-54.71
2025,138,14.16,0.76,0.8,28.36,87.04,0.86,17.33,8.32,Santarém,PA,Norte,-2.43,-54.71
2025,139,15.99,0.79,0.82,26.92,90.84,0.9,13.7,6.67,Santarém,PA,Norte,-2.43,-54.71
2025,140,2.51,0.79,0.8,27.31,88.66,1.21,14.05,6.7,Santarém,PA,Norte,-2.43,-54.71
2025,141,4.79,0.78,0.8,27.92,88.64,1.15,15.5,7.45,Santarém,PA,Norte,-2.43,-54.71
2025,142,1.62,0.77,0.79,28.48,88.22,1.3,15.73,7.57,Santarém,PA,Norte,-2.43,-54.71
2025,143,2.5,0.77,0.79,27.92,90.1,1.26,17.88,8.63,Santarém,PA,Norte,-2.43,-54.71
2025,144,2.17,0.77,0.78,27.73,92.35,1.2,17.29,8.32,Santarém,PA,Norte,-2.43,-54.71
2025,145,1.78,0.76,0.78,28.91,89.4,1.21,17.28,8.35,Santarém,PA,Norte,-2.43,-54.71
2025,146,0.55,0.76,0.77,29.07,89.16,1.32,18.3,8.74,Santarém,PA,Norte,-2.43,-54.71
2025,147,0.23,0.75,0.77,29.29,87.31,1.35,17.96,8.62,Santarém,PA,Norte,-2.43,-54.71
2025,148,0.12,0.74,0.76,29.38,87.28,1.17,21.68,10.28,Santarém,PA,Norte,-2.43,-54.71
2025,149,0.28,0.74,0.76,29.75,85.55,1.19,19.57,9.32,Santarém,PA,Norte,-2.43,-54.71
2025,150,2.72,0.73,0.76,29.03,86.54,1.21,16.76,8.11,Santarém,PA,Norte,-2.43,-54.71
2025,151,6.5,0.74,0.77,28.66,88.91,1.22,13.76,6.7,Santarém,PA,Norte,-2.43,-54.71
2025,152,8.24,0.74,0.77,28.66,87.97,1.16,17.04,8.22,Santarém,PA,Norte,-2.43,-54.71
2025,153,9.58,0.75,0.78,27.55,90.25,1.2,18.65,8.95,Santarém,PA,Norte,-2.43,-54.71
2025,154,7.54,0.76,0.79,27.19,91.04,1.32,18.08,8.67,Santarém,PA,Norte,-2.43,-54.71
2025,155,4.22,0.76,0.78,27.73,91.52,1.39,13.03,6.33,Santarém,PA,Norte,-2.43,-54.71
2025,156,4.39,0.76,0.78,29.03,88.76,1.52,16.94,8.13,Santarém,PA,Norte,-2.43,-54.71
2025,157,4.18,0.75,0.77,29.17,88.42,1.23,15.8,7.67,Santarém,PA,Norte,-2.43,-54.71
2025,158,1.97,0.75,0.77,29.9,86.97,1.13,17.22,8.28,Santarém,PA,Norte,-2.43,-54.71
2025,159,0.2,0.74,0.76,29.31,85.94,1.32,17.76,8.51,Santarém,PA,Norte,-2.43,-54.71
2025,160,37.7,0.74,0.79,28.63,87.78,1.28,16.62,8.04,Santarém,PA,Norte,-2.43,-54.71
2025,161,20.31,0.8,0.84,27.66,89.39,1.16,17.93,8.59,Santarém,PA,Norte,-2.43,-54.71
2025,162,7.03,0.79,0.81,27.88,88.55,1.06,16.28,7.8,Santarém,PA,Norte,-2.43,-54.71
2025,163,21.22,0.81,0.84,26.42,92.77,1.16,10.28,4.97,Santarém,PA,Norte,-2.43,-54.71
2025,164,4.7,0.81,0.82,27.51,90.29,1.25,13.13,6.42,Santarém,PA,Norte,-2.43,-54.71
2025,165,3.94,0.8,0.81,27.81,88.81,1.4,11.35,5.56,Santarém,PA,Norte,-2.43,-54.71
2025,166,0.54,0.8,0.8,27.88,85.99,1.47,17.2,8.2,Santarém,PA,Norte,-2.43,-54.71
2025,167,3.7,0.79,0.8,28.56,87.76,1.32,16.35,7.82,Santarém,PA,Norte,-2.43,-54.71
2025,168,2.71,0.79,0.8,28.91,87.59,1.54,17.88,8.55,Santarém,PA,Norte,-2.43,-54.71
2025,169,15.75,0.78,0.81,28.37,87.73,1.26,18.14,8.63,Santarém,PA,Norte,-2.43,-54.71
2025,170,8.18,0.8,0.81,29.3,87.25,1.24,16.49,7.94,Santarém,PA,Norte,-2.43,-54.71
2025,171,0.63,0.79,0.79,29.48,85.91,1.35,18.51,8.84,Santarém,PA,Norte,-2.43,-54.71
2025,172,1.84,0.78,0.79,28.35,86.9,1.31,15.28,7.39,Santarém,PA,Norte,-2.43,-54.71
2025,173,1.13,0.77,0.78,28.2,85.42,1.51,16.03,7.71,Santarém,PA,Norte,-2.43,-54.71
2025,174,5.73,0.77,0.79,28.24,85.46,1.35,18.67,8.9,Santarém,PA,Norte,-2.43,-54.71
2025,175,5.86,0.77,0.79,29.11,88.12,1.39,17.09,8.18,Santarém,PA,Norte,-2.43,-54.71
2025,176,6.76,0.78,0.8,27.82,91.34,1.39,13.65,6.54,Santarém,PA,Norte,-2.43,-54.71
2025,177,4.9,0.78,0.79,28.85,88.56,1.33,13.78,6.7,Santarém,PA,Norte,-2.43,-54.71
2025,178,1.77,0.77,0.79,29.18,87.77,1.45,16.66,7.98,Santarém,PA,Norte,-2.43,-54.71
2025,179,0.24,0.76,0.77,29.18,86.25,1.46,17.49,8.41,Santarém,PA,Norte,-2.43,-54.71
2025,180,0.25,0.75,0.77,29.26,85.83,1.45,18.27,8.72,Santarém,PA,Norte,-2.43,-54.71
2025,181,0.13,0.74,0.76,29.51,85.0,1.39,19.27,9.13,Santarém,PA,Norte,-2.43,-54.71
2025,182,8.19,0.74,0.77,28.48,87.05,1.34,16.83,8.09,Santarém,PA,Norte,-2.43,-54.71
2025,183,7.94,0.76,0.79,27.2,91.32,1.26,15.7,7.53,Santarém,PA,Norte,-2.43,-54.71
2025,184,7.44,0.76,0.78,27.95,90.14,1.15,17.63,8.38,Santarém,PA,Norte,-2.43,-54.71
2025,185,6.33,0.77,0.79,26.63,88.47,1.1,14.66,7.01,Santarém,PA,Norte,-2.43,-54.71
2025,186,7.3,0.77,0.79,27.58,77.37,0.8,14.18,6.77,Santarém,PA,Norte,-2.43,-54.71
2025,187,2.79,0.77,0.78,28.63,74.57,0.71,16.24,7.76,Santarém,PA,Norte,-2.43,-54.71
2025,188,1.54,0.75,0.77,29.12,78.26,1.22,19.28,9.12,Santarém,PA,Norte,-2.43,-54.71
2025,189,9.56,0.75,0.78,28.45,86.62,1.24,18.71,8.88,Santarém,PA,Norte,-2.43,-54.71
2025,190,9.26,0.77,0.8,28.42,88.58,1.38,17.56,8.39,Santarém,PA,Norte,-2.43,-54.71
2025,191,2.64,0.76,0.78,28.7,88.36,1.3,16.66,8.0,Santarém,PA,Norte,-2.43,-54.71
2025,192,1.64,0.76,0.78,28.24,87.74,1.28,18.57,8.8,Santarém,PA,Norte,-2.43,-54.71
2025,193,1.24,0.76,0.77,27.76,85.76,1.07,15.9,7.58,Santarém,PA,Norte,-2.43,-54.71
2025,194,2.13,0.75,0.77,28.92,83.68,1.09,13.58,6.49,Santarém,PA,Norte,-2.43,-54.71
2025,195,2.59,0.75,0.77,28.53,87.54,1.35,17.75,8.43,Santarém,PA,Norte,-2.43,-54.71
2025,196,0.0,0.74,0.75,29.29,84.81,1.44,21.73,10.18,Santarém,PA,Norte,-2.43,-54.71
2025,197,0.0,0.73,0.74,28.98,82.94,1.25,17.76,8.48,Santarém,PA,Norte,-2.43,-54.71
2025,198,0.61,0.72,0.74,29.4,85.22,1.32,19.66,9.3,Santarém,PA,Norte,-2.43,-54.71
2025,199,0.2,0.71,0.73,29.51,85.08,1.41,21.44,10.03,Santarém,PA,Norte,-2.43,-54.71
2025,200,0.0,0.7,0.72,29.57,83.54,1.31,20.16,9.49,Santarém,PA,Norte,-2.43,-54.71
2025,201,2.02,0.7,0.72,29.45,82.66,1.07,15.32,7.39,Santarém,PA,Norte,-2.43,-54.71
2025,202,2.53,0.7,0.72,28.89,85.52,1.16,16.39,7.84,Santarém,PA,Norte,-2.43,-54.71
2025,203,0.71,0.69,0.71,29.48,85.85,1.48,20.01,9.44,Santarém,PA,Norte,-2.43,-54.71
2025,204,0.0,0.68,0.7,29.53,84.76,1.54,21.3,9.96,Santarém,PA,Norte,-2.43,-54.71
2025,205,0.66,0.68,0.7,29.86,84.58,1.35,19.63,9.25,Santarém,PA,Norte,-2.43,-54.71
2025,206,0.63,0.67,0.69,29.28,86.22,1.44,16.29,7.76,Santarém,PA,Norte,-2.43,-54.71
2025,207,0.28,0.67,0.69,28.74,86.25,1.61,20.72,9.79,Santarém,PA,Norte,-2.43,-54.71
2025,208,0.1,0.66,0.68,29.06,85.94,1.6,19.91,9.34,Santarém,PA,Norte,-2.43,-54.71
2025,209,0.0,0.65,0.67,29.57,83.7,1.48,21.46,9.99,Santarém,PA,Norte,-2.43,-54.71
2025,210,1.52,0.65,0.67,29.87,83.07,1.34,20.57,9.56,Santarém,PA,Norte,-2.43,-54.71
2025,211,2.2,0.65,0.67,30.22,83.16,1.15,21.39,9.92,Santarém,PA,Norte,-2.43,-54.71
2025,212,0.68,0.64,0.66,29.13,82.16,1.76,15.98,7.58,Santarém,PA,Norte,-2.43,-54.71
2025,213,0.94,0.63,0.65,28.83,83.07,1.74,17.04,8.13,Santarém,PA,Norte,-2.43,-54.71
2025,214,0.38,0.63,0.64,29.37,81.58,1.57,19.3,9.12,Santarém,PA,Norte,-2.43,-54.71
2025,215,0.0,0.62,0.63,29.85,78.75,1.49,21.38,9.96,Santarém,PA,Norte,-2.43,-54.71
2025,216,0.0,0.61,0.62,30.73,77.21,1.4,21.82,10.15,Santarém,PA,Norte,-2.43,-54.71
2025,217,0.28,0.6,0.61,30.81,77.68,1.34,21.58,10.15,Santarém,PA,Norte,-2.43,-54.71
2025,218,3.66,0.6,0.62,30.45,78.24,0.91,18.82,8.89,Santarém,PA,Norte,-2.43,-54.71
2025,219,8.56,0.61,0.64,28.18,84.96,0.96,15.65,7.42,Santarém,PA,Norte,-2.43,-54.71
2025,220,19.82,0.64,0.7,26.06,89.98,1.2,10.3,5.01,Santarém,PA,Norte,-2.43,-54.71
2025,221,3.6,0.65,0.67,28.92,84.84,1.31,18.96,9.04,Santarém,PA,Norte,-2.43,-54.71
2025,222,1.96,0.64,0.66,29.67,82.17,1.26,20.39,9.59,Santarém,PA,Norte,-2.43,-54.71
2025,223,1.1,0.63,0.64,30.57,78.22,0.94,21.05,9.85,Santarém,PA,Norte,-2.43,-54.71
2025,224,1.67,0.62,0.63,30.29,76.22,0.69,17.69,8.43,Santarém,PA,Norte,-2.43,-54.71
2025,225,1.31,0.61,0.63,29.96,80.5,0.98,19.12,9.03,Santarém,PA,Norte,-2.43,-54.71
2025,226,3.03,0.61,0.63,28.99,86.06,1.38,17.07,8.16,Santarém,PA,Norte,-2.43,-54.71
2025,227,2.07,0.61,0.63,30.24,83.66,1.48,19.42,9.21,Santarém,PA,Norte,-2.43,-54.71
2025,228,0.23,0.6,0.61,31.05,79.07,1.68,20.59,9.7,Santarém,PA,Norte,-2.43,-54.71
2025,229,5.98,0.6,0.62,30.5,80.85,1.69,22.56,10.53,Santarém,PA,Norte,-2.43,-54.71
2025,230,4.45,0.6,0.63,30.78,80.71,1.54,20.45,9.66,Santarém,PA,Norte,-2.43,-54.71
2025,231,0.25,0.6,0.6,31.61,76.54,1.42,22.48,10.54,Santarém,PA,Norte,-2.43,-54.71
2025,232,0.16,0.59,0.59,31.72,77.69,1.5,21.05,9.87,Santarém,PA,Norte,-2.43,-54.71
2025,233,0.0,0.58,0.58,32.13,74.76,1.76,24.22,11.17,Santarém,PA,Norte,-2.43,-54.71
2025,234,0.0,0.57,0.57,31.92,74.33,1.74,21.65,10.08,Santarém,PA,Norte,-2.43,-54.71
2025,235,0.0,0.56,0.56,32.57,70.96,1.39,22.36,10.41,Santarém,PA,Norte,-2.43,-54.71
2025,236,1.47,0.55,0.55,32.9,73.04,1.41,21.34,9.99,Santarém,PA,Norte,-2.43,-54.71
2025,237,0.85,0.55,0.55,33.07,73.09,1.78,20.29,9.48,Santarém,PA,Norte,-2.43,-54.71
2025,238,0.13,0.55,0.54,33.46,71.53,1.73,21.28,9.91,Santarém,PA,Norte,-2.43,-54.71
2025,239,0.13,0.54,0.53,33.2,70.6,1.81,21.07,9.92,Santarém,PA,Norte,-2.43,-54.71
2025,240,0.45,0.54,0.52,33.9,68.6,1.32,21.36,9.97,Santarém,PA,Norte,-2.43,-54.71
2025,241,6.31,0.54,0.55,33.79,68.97,0.97,20.27,9.52,Santarém,PA,Norte,-2.43,-54.71
2025,242,5.79,0.55,0.57,32.74,74.28,1.3,19.17,9.05,Santarém,PA,Norte,-2.43,-54.71
2025,243,0.49,0.54,0.54,33.31,72.52,1.78,19.21,9.07,Santarém,PA,Norte,-2.43,-54.71
2025,244,0.0,0.54,0.52,33.72,68.94,1.85,20.46,9.57,Santarém,PA,Norte,-2.43,-54.71
2025,245,0.0,0.53,0.51,34.24,67.97,1.81,23.65,10.91,Santarém,PA,Norte,-2.43,-54.71
2025,246,0.3,0.53,0.51,34.76,66.75,1.59,20.47,9.59,Santarém,PA,Norte,-2.43,-54.71
2025,247,0.2,0.52,0.5,34.66,66.54,1.7,20.03,9.37,Santarém,PA,Norte,-2.43,-54.71
2025,248,0.0,0.52,0.49,35.65,63.16,1.61,22.36,10.27,Santarém,PA,Norte,-2.43,-54.71
2025,249,0.38,0.51,0.49,35.56,62.78,1.63,21.78,10.0,Santarém,PA,Norte,-2.43,-54.71
2025,250,0.51,0.51,0.49,35.51,63.39,1.54,21.56,9.97,Santarém,PA,Norte,-2.43,-54.71
2025,251,0.47,0.51,0.49,35.15,64.19,1.53,21.55,9.96,Santarém,PA,Norte,-2.43,-54.71
2025,252,0.18,0.51,0.49,34.04,65.67,1.65,23.8,11.01,Santarém,PA,Norte,-2.43,-54.71
2025,253,0.05,0.51,0.48,35.48,63.27,1.63,23.66,10.86,Santarém,PA,Norte,-2.43,-54.71
2025,254,0.0,0.5,0.48,36.32,60.93,1.54,24.09,11.01,Santarém,PA,Norte,-2.43,-54.71
2025,255,0.01,0.5,0.47,36.29,61.1,1.64,21.72,10.04,Santarém,PA,Norte,-2.43,-54.71
2025,256,0.02,0.5,0.47,33.87,64.33,1.77,19.66,9.08,Santarém,PA,Norte,-2.43,-54.71
2025,257,1.49,0.5,0.47,35.17,63.11,1.73,20.88,9.64,Santarém,PA,Norte,-2.43,-54.71
2025,258,0.54,0.5,0.47,35.82,61.82,1.58,21.15,9.71,Santarém,PA,Norte,-2.43,-54.71
2025,259,0.04,0.49,0.46,36.83,58.44,1.5,21.61,9.91,Santarém,PA,Norte,-2.43,-54.71
2025,260,0.05,0.49,0.46,36.35,58.84,1.6,21.19,9.73,Santarém,PA,Norte,-2.43,-54.71
2025,261,0.0,0.49,0.46,35.19,59.78,1.71,19.87,9.09,Santarém,PA,Norte,-2.43,-54.71
2025,262,0.0,0.49,0.46,35.46,57.46,1.76,23.02,10.61,Santarém,PA,Norte,-2.43,-54.71
2025,263,0.0,0.49,0.45,35.97,57.97,1.55,23.33,10.71,Santarém,PA,Norte,-2.43,-54.71
2025,264,0.0,0.48,0.45,35.42,59.59,1.58,22.1,10.19,Santarém,PA,Norte,-2.43,-54.71
2025,265,0.0,0.48,0.45,35.79,58.66,1.83,22.74,10.5,Santarém,PA,Norte,-2.43,-54.71
2025,266,0.0,0.48,0.44,35.56,57.44,1.9,19.99,9.32,Santarém,PA,Norte,-2.43,-54.71
2025,267,0.0,0.48,0.43,35.53,57.91,1.85,20.43,9.53,Santarém,PA,Norte,-2.43,-54.71
2025,268,0.08,0.48,0.42,35.98,55.49,1.41,19.48,8.85,Santarém,PA,Norte,-2.43,-54.71
2025,269,0.24,0.48,0.42,35.26,58.86,1.16,21.69,10.03,Santarém,PA,Norte,-2.43,-54.71
2025,270,0.21,0.48,0.42,35.3,61.36,1.37,21.06,9.73,Santarém,PA,Norte,-2.43,-54.71
2025,271,0.25,0.48,0.41,35.18,60.91,1.5,21.33,9.97,Santarém,PA,Norte,-2.43,-54.71
2025,272,0.07,0.47,0.4,35.38,56.75,1.79,22.03,10.16,Santarém,PA,Norte,-2.43,-54.71
2025,273,0.13,0.47,0.4,36.11,56.68,1.45,20.03,9.34,Santarém,PA,Norte,-2.43,-54.71
2025,274,0.12,0.47,0.39,35.83,57.83,1.59,20.89,9.61,Santarém,PA,Norte,-2.43,-54.71
2025,275,0.01,0.47,0.38,36.61,54.69,1.53,22.01,10.06,Santarém,PA,Norte,-2.43,-54.71
2025,276,0.01,0.47,0.38,36.96,52.57,1.3,23.19,10.66,Santarém,PA,Norte,-2.43,-54.71
2025,277,0.53,0.47,0.37,36.56,54.47,1.68,21.54,9.94,Santarém,PA,Norte,-2.43,-54.71
2025,278,0.41,0.47,0.38,35.53,58.16,1.77,21.84,10.1,Santarém,PA,Norte,-2.43,-54.71
2025,279,0.0,0.47,0.37,36.28,54.92,1.53,21.34,9.81,Santarém,PA,Norte,-2.43,-54.71
2025,280,2.81,0.47,0.38,36.08,55.74,1.52,23.08,10.64,Santarém,PA,Norte,-2.43,-54.71
2025,281,9.79,0.48,0.47,35.29,64.56,1.61,18.64,8.54,Santarém,PA,Norte,-2.43,-54.71
2025,282,6.45,0.5,0.52,33.34,72.26,1.38,19.55,9.02,Santarém,PA,Norte,-2.43,-54.71
2025,283,5.51,0.5,0.51,31.85,69.28,1.08,20.35,9.55,Santarém,PA,Norte,-2.43,-54.71
2025,284,8.94,0.51,0.54,30.04,78.08,1.23,18.21,8.56,Santarém,PA,Norte,-2.43,-54.71
2025,285,2.55,0.51,0.51,33.06,72.67,1.29,21.62,9.97,Santarém,PA,Norte,-2.43,-54.71
2025,286,1.34,0.51,0.5,32.25,72.31,1.26,22.42,10.42,Santarém,PA,Norte,-2.43,-54.71
2025,287,0.09,0.5,0.48,34.51,66.43,1.51,19.84,9.16,Santarém,PA,Norte,-2.43,-54.71
2025,288,0.06,0.5,0.48,32.19,68.94,1.35,19.28,8.91,Santarém,PA,Norte,-2.43,-54.71
2025,289,0.0,0.5,0.47,35.36,60.54,1.5,24.36,11.1,Santarém,PA,Norte,-2.43,-54.71
2025,290,0.0,0.49,0.47,36.16,58.61,1.42,22.3,10.16,Santarém,PA,Norte,-2.43,-54.71
2025,291,0.0,0.49,0.46,36.14,57.97,1.57,21.78,9.97,Santarém,PA,Norte,-2.43,-54.71
2025,292,0.0,0.48,0.46,36.35,55.91,1.43,20.78,9.47,Santarém,PA,Norte,-2.43,-54.71
2025,293,0.56,0.48,0.46,36.47,54.43,1.21,20.11,9.06,Santarém,PA,Norte,-2.43,-54.71
2025,294,8.22,0.48,0.49,34.97,63.45,1.24,19.37,8.99,Santarém,PA,Norte,-2.43,-54.71
2025,295,9.8,0.5,0.54,29.7,81.77,1.49,17.51,8.19,Santarém,PA,Norte,-2.43,-54.71
2025,296,10.37,0.52,0.55,31.98,74.2,1.68,21.44,10.04,Santarém,PA,Norte,-2.43,-54.71
2025,297,13.02,0.53,0.58,33.74,72.53,1.5,20.68,9.7,Santarém,PA,Norte,-2.43,-54.71
2025,298,8.36,0.53,0.56,33.68,72.36,1.44,20.9,9.66,Santarém,PA,Norte,-2.43,-54.71
2025,299,13.71,0.54,0.59,33.98,72.43,1.22,20.41,9.47,Santarém,PA,Norte,-2.43,-54.71
2025,300,2.73,0.54,0.55,34.72,68.32,1.53,22.47,10.4,Santarém,PA,Norte,-2.43,-54.71
2025,301,0.0,0.53,0.52,34.72,64.91,1.46,19.05,8.76,Santarém,PA,Norte,-2.43,-54.71
2025,302,0.0,0.52,0.5,34.59,60.94,1.52,20.28,9.39,Santarém,PA,Norte,-2.43,-54.71
2025,303,0.36,0.52,0.49,34.04,64.41,1.23,20.24,9.43,Santarém,PA,Norte,-2.43,-54.71
2025,304,0.23,0.51,0.49,34.17,63.12,1.03,20.51,9.5,Santarém,PA,Norte,-2.43,-54.71
2025,305,0.01,0.51,0.49,35.63,57.43,1.13,20.4,9.43,Santarém,PA,Norte,-2.43,-54.71
2025,306,0.08,0.5,0.48,35.72,58.64,1.35,22.4,10.29,Santarém,PA,Norte,-2.43,-54.71
2025,307,1.18,0.5,0.48,35.7,61.28,1.65,18.23,8.5,Santarém,PA,Norte,-2.43,-54.71
2025,308,0.26,0.5,0.47,35.04,57.5,1.73,21.61,9.9,Santarém,PA,Norte,-2.43,-54.71
2025,309,7.59,0.5,0.49,35.81,53.64,0.88,22.28,10.4,Santarém,PA,Norte,-2.43,-54.71
2025,310,5.33,0.51,0.54,31.92,75.18,0.91,17.5,8.11,Santarém,PA,Norte,-2.43,-54.71
2025,311,1.84,0.51,0.51,34.17,67.48,1.23,19.07,8.9,Santarém,PA,Norte,-2.43,-54.71
2025,312,0.15,0.51,0.48,35.83,58.99,1.61,25.61,11.82,Santarém,PA,Norte,-2.43,-54.71
2025,313,0.01,0.5,0.48,36.32,58.22,1.39,23.47,10.88,Santarém,PA,Norte,-2.43,-54.71
2025,314,1.52,0.5,0.48,35.73,63.16,1.42,21.24,9.85,Santarém,PA,Norte,-2.43,-54.71
2025,315,2.03,0.5,0.49,34.7,66.38,1.58,18.7,8.74,Santarém,PA,Norte,-2.43,-54.71
2025,316,0.72,0.5,0.48,35.11,62.54,1.45,20.61,9.53,Santarém,PA,Norte,-2.43,-54.71
2025,317,0.22,0.5,0.47,34.72,62.37,1.65,17.69,8.2,Santarém,PA,Norte,-2.43,-54.71
2025,318,0.03,0.49,0.46,35.3,59.95,1.58,19.06,8.83,Santarém,PA,Norte,-2.43,-54.71
2025,319,0.0,0.49,0.46,35.94,59.06,1.66,22.4,10.4,Santarém,PA,Norte,-2.43,-54.71
2025,320,0.0,0.49,0.46,35.58,58.72,1.6,21.77,10.07,Santarém,PA,Norte,-2.43,-54.71
2025,321,0.01,0.48,0.45,36.2,56.35,1.52,21.61,9.96,Santarém,PA,Norte,-2.43,-54.71
2025,322,6.66,0.49,0.49,35.1,60.64,1.22,21.72,10.14,Santarém,PA,Norte,-2.43,-54.71
2025,323,8.8,0.5,0.53,34.74,63.2,1.02,11.87,5.64,Santarém,PA,Norte,-2.43,-54.71
2025,324,13.21,0.51,0.56,31.86,70.37,0.95,10.97,5.06,Santarém,PA,Norte,-2.43,-54.71
2025,325,5.31,0.53,0.55,30.11,77.29,1.16,17.07,7.96,Santarém,PA,Norte,-2.43,-54.71
2025,326,1.0,0.52,0.51,33.2,66.32,1.4,20.82,9.71,Santarém,PA,Norte,-2.43,-54.71
2025,327,0.56,0.52,0.5,32.42,70.26,1.07,21.36,10.01,Santarém,PA,Norte,-2.43,-54.71
2025,328,0.42,0.51,0.5,30.44,76.31,0.98,10.96,5.21,Santarém,PA,Norte,-2.43,-54.71
2025,329,0.02,0.51,0.49,34.32,62.47,1.56,20.12,9.27,Santarém,PA,Norte,-2.43,-54.71
2025,330,0.0,0.5,0.48,34.31,60.71,1.67,19.5,9.13,Santarém,PA,Norte,-2.43,-54.71
2025,331,0.0,0.5,0.47,35.12,60.17,1.44,22.17,10.3,Santarém,PA,Norte,-2.43,-54.71
2025,332,0.0,0.5,0.48,32.48,66.71,1.6,21.24,10.01,Santarém,PA,Norte,-2.43,-54.71
2025,333,1.07,0.49,0.48,33.41,65.71,1.41,14.44,6.95,Santarém,PA,Norte,-2.43,-54.71
2025,334,1.21,0.49,0.48,32.75,68.84,1.05,15.42,7.4,Santarém,PA,Norte,-2.43,-54.71
2025,335,62.67,0.54,0.68,30.97,74.47,0.75,13.73,6.71,Santarém,PA,Norte,-2.43,-54.71
2025,336,15.78,0.62,0.69,28.95,79.33,0.85,16.52,7.96,Santarém,PA,Norte,-2.43,-54.71
2025,337,38.95,0.63,0.71,29.42,82.23,1.12,21.1,10.03,Santarém,PA,Norte,-2.43,-54.71
2025,338,20.95,0.68,0.76,26.61,87.97,0.94,6.8,3.49,Santarém,PA,Norte,-2.43,-54.71
2025,339,0.95,0.67,0.69,29.53,80.58,0.92,19.37,9.21,Santarém,PA,Norte,-2.43,-54.71
2025,340,0.0,0.64,0.66,30.72,77.72,1.28,19.34,9.24,Santarém,PA,Norte,-2.43,-54.71
2025,341,0.02,0.62,0.64,31.67,76.16,1.29,20.75,9.85,Santarém,PA,Norte,-2.43,-54.71
2025,342,0.31,0.61,0.62,30.17,79.74,1.1,19.3,9.2,Santarém,PA,Norte,-2.43,-54.71
2025,343,0.2,0.6,0.61,31.76,75.09,1.26,21.55,10.16,Santarém,PA,Norte,-2.43,-54.71
2025,344,0.0,0.59,0.59,32.3,68.76,1.57,21.94,10.3,Santarém,PA,Norte,-2.43,-54.71
2025,345,0.0,0.57,0.57,33.18,66.48,1.55,21.24,10.04,Santarém,PA,Norte,-2.43,-54.71
2025,346,0.0,0.56,0.56,33.26,66.73,1.55,18.76,8.83,Santarém,PA,Norte,-2.43,-54.71
2025,347,2.54,0.56,0.56,33.21,67.86,1.4,18.95,8.96,Santarém,PA,Norte,-2.43,-54.71
2025,348,3.7,0.56,0.57,32.95,71.04,1.37,19.59,9.21,Santarém,PA,Norte,-2.43,-54.71
2025,349,1.35,0.55,0.56,33.22,73.19,1.31,17.05,8.07,Santarém,PA,Norte,-2.43,-54.71
2025,350,0.78,0.55,0.55,32.73,69.85,1.0,21.07,9.94,Santarém,PA,Norte,-2.43,-54.71
2025,351,6.4,0.55,0.57,31.58,72.26,0.93,19.02,8.97,Santarém,PA,Norte,-2.43,-54.71
2025,352,15.18,0.56,0.61,29.3,79.06,1.06,13.8,6.68,Santarém,PA,Norte,-2.43,-54.71
2025,353,18.89,0.59,0.66,29.21,83.79,0.97,11.06,5.41,Santarém,PA,Norte,-2.43,-54.71
2025,354,7.1,0.61,0.65,26.71,90.37,0.88,8.02,4.01,Santarém,PA,Norte,-2.43,-54.71
2025,355,0.05,0.6,0.61,30.03,73.35,0.97,13.75,6.62,Santarém,PA,Norte,-2.43,-54.71
2025,356,2.39,0.59,0.6,30.43,78.68,1.49,16.21,7.71,Santarém,PA,Norte,-2.43,-54.71
2025,357,2.76,0.59,0.6,29.62,84.77,1.57,10.67,5.19,Santarém,PA,Norte,-2.43,-54.71
2025,358,11.55,0.59,0.64,25.72,90.95,0.92,5.68,2.89,Santarém,PA,Norte,-2.43,-54.71
2025,359,0.29,0.6,0.61,29.81,81.04,1.15,13.34,6.4,Santarém,PA,Norte,-2.43,-54.71
2025,360,0.01,0.59,0.59,31.59,75.63,1.04,22.12,10.39,Santarém,PA,Norte,-2.43,-54.71
2025,361,0.11,0.58,0.58,32.2,74.1,1.55,22.98,10.83,Santarém,PA,Norte,-2.43,-54.71
2025,362,0.59,0.57,0.57,31.78,75.34,1.49,19.98,9.49,Santarém,PA,Norte,-2.43,-54.71
2025,363,2.38,0.56,0.57,30.54,76.87,1.51,19.27,9.11,Santarém,PA,Norte,-2.43,-54.71
2025,364,1.52,0.56,0.57,30.06,80.28,1.2,16.78,7.95,Santarém,PA,Norte,-2.43,-54.71
2025,365,0.44,0.56,0.56,31.81,74.22,1.15,22.14,-999.0,Santarém,PA,Norte,-2.43,-54.71
2026,1,0.16,0.55,0.55,32.86,68.78,1.25,22.75,-999.0,Santarém,PA,Norte,-2.43,-54.71
2026,2,0.24,0.54,0.54,32.94,66.08,1.11,23.29,-999.0,Santarém,PA,Norte,-2.43,-54.71
2026,3,0.04,0.54,0.53,33.47,62.02,1.27,23.31,-999.0,Santarém,PA,Norte,-2.43,-54.71
2026,4,0.25,0.53,0.52,33.71,63.0,1.22,22.73,-999.0,Santarém,PA,Norte,-2.43,-54.71
2026,5,0.62,0.53,0.52,30.55,72.54,1.05,20.89,-999.0,Santarém,PA,Norte,-2.43,-54.71
2026,6,1.68,0.53,0.52,32.74,67.73,1.25,23.07,-999.0,Santarém,PA,Norte,-2.43,-54.71
2026,7,4.77,0.53,0.53,32.42,70.67,1.36,23.72,-999.0,Santarém,PA,Norte,-2.43,-54.71
2026,8,8.36,0.54,0.57,30.76,77.01,1.54,11.11,-999.0,Santarém,PA,Norte,-2.43,-54.71
2026,9,3.26,0.55,0.56,31.68,75.6,1.48,21.71,-999.0,Santarém,PA,Norte,-2.43,-54.71
2026,10,0.51,0.54,0.54,30.47,75.91,1.29,20.84,-999.0,Santarém,PA,Norte,-2.43,-54.71
2026,11,5.37,0.54,0.55,30.81,76.4,1.4,22.78,-999.0,Santarém,PA,Norte,-2.43,-54.71
2026,12,10.59,0.56,0.59,29.47,83.4,1.39,20.39,-999.0,Santarém,PA,Norte,-2.43,-54.71
2026,13,1.06,0.55,0.56,31.03,76.24,1.33,23.52,-999.0,Santarém,PA,Norte,-2.43,-54.71
2026,14,1.45,0.55,0.55,28.24,83.58,1.33,18.02,-999.0,Santarém,PA,Norte,-2.43,-54.71
2026,15,1.74,0.55,0.55,30.43,78.39,1.46,15.14,-999.0,Santarém,PA,Norte,-2.43,-54.71
2026,16,0.5,0.54,0.53,31.02,78.08,1.3,20.95,-999.0,Santarém,PA,Norte,-2.43,-54.71
2026,17,3.13,0.54,0.54,29.54,80.95,1.17,15.88,-999.0,Santarém,PA,Norte,-2.43,-54.71
2026,18,2.08,0.54,0.54,30.23,80.0,1.19,14.43,-999.0,Santarém,PA,Norte,-2.43,-54.71
2026,19,0.85,0.54,0.53,31.55,74.97,1.42,22.6,-999.0,Santarém,PA,Norte,-2.43,-54.71
2026,20,2.35,0.54,0.53,29.89,75.87,1.74,20.87,-999.0,Santarém,PA,Norte,-2.43,-54.71
2026,21,0.07,0.53,0.52,31.47,69.53,1.13,20.4,-999.0,Santarém,PA,Norte,-2.43,-54.71
2026,22,13.39,0.54,0.56,29.27,78.03,0.83,23.36,-999.0,Santarém,PA,Norte,-2.43,-54.71
2026,23,13.08,0.57,0.63,28.54,85.37,1.22,15.78,-999.0,Santarém,PA,Norte,-2.43,-54.71
2026,24,1.73,0.57,0.58,29.04,83.72,1.28,9.02,-999.0,Santarém,PA,Norte,-2.43,-54.71
2026,25,0.38,0.56,0.56,31.38,76.94,0.88,17.96,-999.0,Santarém,PA,Norte,-2.43,-54.71
2026,26,10.48,0.56,0.6,27.11,85.95,1.25,9.5,-999.0,Santarém,PA,Norte,-2.43,-54.71
2026,27,4.94,0.57,0.6,30.33,78.25,1.44,19.07,-999.0,Santarém,PA,Norte,-2.43,-54.71
2026,28,0.01,0.56,0.56,31.22,75.36,1.56,21.1,-999.0,Santarém,PA,Norte,-2.43,-54.71
2026,29,0.02,0.55,0.55,32.8,71.49,1.48,21.11,-999.0,Santarém,PA,Norte,-2.43,-54.71
2026,30,0.28,0.54,0.53,32.94,70.58,1.56,22.35,-999.0,Santarém,PA,Norte,-2.43,-54.71
2026,31,3.73,0.54,0.54,32.37,75.03,1.39,22.64,-999.0,Santarém,PA,Norte,-2.43,-54.71
2026,32,3.08,0.54,0.55,32.56,73.94,1.21,22.03,-999.0,Santarém,PA,Norte,-2.43,-54.71
2026,33,0.08,0.54,0.53,31.86,69.7,1.08,24.87,-999.0,Santarém,PA,Norte,-2.43,-54.71
2026,34,0.0,0.53,0.52,31.89,68.48,1.13,20.76,-999.0,Santarém,PA,Norte,-2.43,-54.71
2026,35,3.78,0.53,0.53,32.03,73.32,1.28,20.75,-999.0,Santarém,PA,Norte,-2.43,-54.71
2026,36,2.36,0.53,0.54,31.17,77.49,1.27,24.22,-999.0,Santarém,PA,Norte,-2.43,-54.71
2026,37,12.46,0.54,0.57,30.21,81.45,1.17,20.08,-999.0,Santarém,PA,Norte,-2.43,-54.71
2026,38,18.41,0.58,0.64,26.92,87.68,0.95,10.09,-999.0,Santarém,PA,Norte,-2.43,-54.71
2026,39,5.68,0.57,0.59,30.84,78.94,1.52,23.08,-999.0,Santarém,PA,Norte,-2.43,-54.71
2026,40,4.1,0.57,0.59,29.47,79.7,1.53,24.33,-999.0,Santarém,PA,Norte,-2.43,-54.71
2026,41,5.54,0.57,0.58,29.6,80.12,1.52,12.69,-999.0,Santarém,PA,Norte,-2.43,-54.71
2026,42,1.59,0.56,0.57,30.14,76.56,1.7,17.07,-999.0,Santarém,PA,Norte,-2.43,-54.71
2026,43,5.68,0.56,0.57,30.12,77.19,1.4,19.37,-999.0,Santarém,PA,Norte,-2.43,-54.71
2026,44,29.65,0.59,0.69,26.36,90.88,1.27,4.49,-999.0,Santarém,PA,Norte,-2.43,-54.71
2026,45,8.93,0.61,0.64,28.63,87.38,1.38,19.56,-999.0,Santarém,PA,Norte,-2.43,-54.71
2026,46,5.24,0.61,0.64,27.67,88.88,1.39,18.14,-999.0,Santarém,PA,Norte,-2.43,-54.71
2026,47,12.39,0.6,0.65,28.11,88.43,1.14,23.7,-999.0,Santarém,PA,Norte,-2.43,-54.71
2026,48,4.3,0.62,0.66,27.24,88.15,1.1,18.92,-999.0,Santarém,PA,Norte,-2.43,-54.71
2026,49,3.98,0.61,0.64,27.96,88.89,1.33,18.23,-999.0,Santarém,PA,Norte,-2.43,-54.71
2026,50,6.3,0.61,0.64,28.56,82.75,1.09,23.12,-999.0,Santarém,PA,Norte,-2.43,-54.71
2026,51,11.89,0.61,0.67,27.03,88.17,1.26,23.52,-999.0,Santarém,PA,Norte,-2.43,-54.71
2026,52,10.99,0.62,0.68,27.1,88.8,1.24,20.65,-999.0,Santarém,PA,Norte,-2.43,-54.71
2026,53,4.01,0.63,0.67,28.73,85.07,1.36,14.33,-999.0,Santarém,PA,Norte,-2.43,-54.71
2026,54,5.49,0.62,0.65,28.33,86.11,1.42,19.43,-999.0,Santarém,PA,Norte,-2.43,-54.71
2026,55,11.74,0.63,0.68,27.84,87.57,1.35,19.44,-999.0,Santarém,PA,Norte,-2.43,-54.71
2026,56,6.04,0.63,0.67,27.66,88.41,1.15,22.02,-999.0,Santarém,PA,Norte,-2.43,-54.71
2026,57,8.61,0.63,0.67,28.63,84.47,1.32,18.99,-999.0,Santarém,PA,Norte,-2.43,-54.71
2026,58,7.97,0.63,0.68,28.1,81.39,1.24,17.77,-999.0,Santarém,PA,Norte,-2.43,-54.71
2026,59,0.34,0.62,0.65,28.45,80.17,1.29,15.62,-999.0,Santarém,PA,Norte,-2.43,-54.71
2026,60,0.01,0.61,0.63,29.57,77.91,1.35,19.0,-999.0,Santarém,PA,Norte,-2.43,-54.71
2026,61,1.14,0.6,0.62,28.98,79.66,1.37,17.91,-999.0,Santarém,PA,Norte,-2.43,-54.71
2026,62,0.33,0.6,0.61,29.87,77.17,1.3,26.02,-999.0,Santarém,PA,Norte,-2.43,-54.71
2026,63,0.99,0.59,0.6,30.54,77.32,1.27,21.51,-999.0,Santarém,PA,Norte,-2.43,-54.71
2026,64,2.87,0.59,0.6,30.62,80.72,1.76,23.15,-999.0,Santarém,PA,Norte,-2.43,-54.71
2026,65,1.23,0.58,0.59,31.43,75.75,1.24,20.68,-999.0,Santarém,PA,Norte,-2.43,-54.71
2026,66,12.32,0.59,0.63,27.68,88.21,1.4,5.23,-999.0,Santarém,PA,Norte,-2.43,-54.71
2026,67,4.77,0.59,0.62,30.13,82.49,1.32,23.76,-999.0,Santarém,PA,Norte,-2.43,-54.71
2026,68,1.95,0.59,0.61,29.48,81.4,1.2,24.53,-999.0,Santarém,PA,Norte,-2.43,-54.71
2026,69,1.11,0.58,0.59,29.74,79.84,1.52,26.3,-999.0,Santarém,PA,Norte,-2.43,-54.71
2026,70,1.52,0.58,0.58,30.92,78.24,1.42,23.73,-999.0,Santarém,PA,Norte,-2.43,-54.71
2026,71,31.81,0.59,0.68,29.35,84.9,1.07,20.99,-999.0,Santarém,PA,Norte,-2.43,-54.71
2026,72,13.7,0.64,0.71,27.32,88.34,0.94,15.94,-999.0,Santarém,PA,Norte,-2.43,-54.71
2026,73,6.24,0.64,0.68,28.08,88.48,1.2,25.09,-999.0,Santarém,PA,Norte,-2.43,-54.71
2026,74,4.63,0.64,0.68,29.01,86.72,1.37,19.15,-999.0,Santarém,PA,Norte,-2.43,-54.71
2026,75,4.15,0.63,0.66,28.66,86.46,1.37,24.32,-999.0,Santarém,PA,Norte,-2.43,-54.71
2026,76,17.47,0.64,0.7,28.51,89.56,1.29,8.99,-999.0,Santarém,PA,Norte,-2.43,-54.71
2026,77,16.19,0.66,0.72,28.24,88.29,1.31,17.06,-999.0,Santarém,PA,Norte,-2.43,-54.71
2026,78,21.55,0.67,0.74,27.9,88.81,1.0,12.97,-999.0,Santarém,PA,Norte,-2.43,-54.71
2026,79,4.69,0.68,0.72,27.1,87.58,1.04,7.55,-999.0,Santarém,PA,Norte,-2.43,-54.71
2026,80,0.11,0.66,0.69,29.3,84.72,1.18,21.3,-999.0,Santarém,PA,Norte,-2.43,-54.71
2026,81,0.02,0.65,0.67,30.21,83.8,1.38,26.05,-999.0,Santarém,PA,Norte,-2.43,-54.71
2026,82,0.02,0.64,0.66,29.93,83.38,1.48,25.54,-999.0,Santarém,PA,Norte,-2.43,-54.71
2026,83,0.78,0.63,0.66,28.55,86.34,1.6,25.06,-999.0,Santarém,PA,Norte,-2.43,-54.71
2026,84,1.01,0.63,0.65,28.66,86.46,1.59,25.6,-999.0,Santarém,PA,Norte,-2.43,-54.71
2026,85,2.56,0.62,0.65,29.57,83.8,1.47,23.36,-999.0,Santarém,PA,Norte,-2.43,-54.71
2026,86,1.62,0.62,0.65,28.87,86.07,1.35,21.94,-999.0,Santarém,PA,Norte,-2.43,-54.71
2026,87,5.77,0.62,0.66,28.47,88.31,1.11,11.38,-999.0,Santarém,PA,Norte,-2.43,-54.71
2026,88,23.55,0.64,0.72,26.73,90.16,0.88,11.79,-999.0,Santarém,PA,Norte,-2.43,-54.71
2026,89,6.66,0.66,0.71,28.23,86.89,1.17,17.67,-999.0,Santarém,PA,Norte,-2.43,-54.71
2026,90,9.71,0.66,0.7,27.25,87.21,0.88,11.77,-999.0,Santarém,PA,Norte,-2.43,-54.71
2026,91,21.16,0.69,0.76,25.95,90.5,0.92,13.52,-999.0,Santarém,PA,Norte,-2.43,-54.71
