YEAR,DOY,PRECTOTCORR,GWETROOT,GWETTOP,T2M_MAX,RH2M,WS2M,ALLSKY_SFC_SW_DWN,ALLSKY_SFC_PAR_TOT,CIDADE,ESTADO,REGIAO,LATITUDE,LONGITUDE
2015,1,89.52,0.84,0.96,25.48,94.19,3.36,5.4,2.8,Passo Fundo,RS,Sul,-28.27,-52.41
2015,2,2.44,0.85,0.86,21.91,87.31,1.95,14.46,6.96,Passo Fundo,RS,Sul,-28.27,-52.41
2015,3,0.26,0.83,0.83,26.86,74.68,1.3,28.37,12.87,Passo Fundo,RS,Sul,-28.27,-52.41
2015,4,0.0,0.81,0.81,28.38,77.3,1.5,32.27,14.59,Passo Fundo,RS,Sul,-28.27,-52.41
2015,5,4.13,0.8,0.82,29.79,79.62,1.16,29.24,13.36,Passo Fundo,RS,Sul,-28.27,-52.41
2015,6,0.37,0.8,0.8,27.58,83.94,2.01,30.11,13.99,Passo Fundo,RS,Sul,-28.27,-52.41
2015,7,3.6,0.79,0.81,27.92,86.89,1.83,20.91,9.81,Passo Fundo,RS,Sul,-28.27,-52.41
2015,8,5.76,0.8,0.83,26.07,92.86,1.94,17.5,8.43,Passo Fundo,RS,Sul,-28.27,-52.41
2015,9,11.03,0.81,0.85,27.47,89.79,2.47,25.78,12.12,Passo Fundo,RS,Sul,-28.27,-52.41
2015,10,30.0,0.84,0.93,26.48,92.12,1.84,17.58,8.46,Passo Fundo,RS,Sul,-28.27,-52.41
2015,11,2.43,0.84,0.85,27.95,89.33,1.78,23.57,11.03,Passo Fundo,RS,Sul,-28.27,-52.41
2015,12,0.71,0.83,0.83,26.88,89.13,1.62,27.89,12.99,Passo Fundo,RS,Sul,-28.27,-52.41
2015,13,2.68,0.82,0.83,30.49,80.21,1.68,27.68,12.95,Passo Fundo,RS,Sul,-28.27,-52.41
2015,14,9.39,0.82,0.85,25.71,92.29,2.37,22.41,10.57,Passo Fundo,RS,Sul,-28.27,-52.41
2015,15,8.66,0.83,0.87,26.63,87.19,1.06,17.46,8.36,Passo Fundo,RS,Sul,-28.27,-52.41
2015,16,6.96,0.83,0.85,28.23,78.72,0.94,20.68,9.77,Passo Fundo,RS,Sul,-28.27,-52.41
2015,17,9.49,0.83,0.86,26.36,89.4,1.94,15.67,7.51,Passo Fundo,RS,Sul,-28.27,-52.41
2015,18,8.92,0.84,0.88,25.99,89.94,0.91,19.52,9.25,Passo Fundo,RS,Sul,-28.27,-52.41
2015,19,3.94,0.84,0.85,29.25,82.23,1.53,29.11,13.5,Passo Fundo,RS,Sul,-28.27,-52.41
2015,20,17.37,0.84,0.89,26.51,87.05,1.2,6.18,3.22,Passo Fundo,RS,Sul,-28.27,-52.41
2015,21,1.89,0.84,0.85,26.12,83.22,3.29,25.94,11.89,Passo Fundo,RS,Sul,-28.27,-52.41
2015,22,0.0,0.83,0.82,26.13,77.28,2.82,30.52,13.95,Passo Fundo,RS,Sul,-28.27,-52.41
2015,23,0.0,0.82,0.81,27.5,74.65,1.93,29.73,13.56,Passo Fundo,RS,Sul,-28.27,-52.41
2015,24,14.52,0.82,0.86,27.85,81.89,1.76,22.11,10.31,Passo Fundo,RS,Sul,-28.27,-52.41
2015,25,2.5,0.83,0.84,28.06,82.95,1.75,27.9,12.98,Passo Fundo,RS,Sul,-28.27,-52.41
2015,26,0.18,0.82,0.81,28.76,78.67,1.35,28.44,13.12,Passo Fundo,RS,Sul,-28.27,-52.41
2015,27,1.83,0.81,0.82,27.06,84.25,1.53,20.03,9.45,Passo Fundo,RS,Sul,-28.27,-52.41
2015,28,5.69,0.81,0.83,25.28,90.51,1.76,21.28,10.06,Passo Fundo,RS,Sul,-28.27,-52.41
2015,29,8.91,0.83,0.86,24.55,91.87,3.09,13.56,6.66,Passo Fundo,RS,Sul,-28.27,-52.41
2015,30,0.03,0.82,0.82,24.9,79.45,2.48,20.77,9.48,Passo Fundo,RS,Sul,-28.27,-52.41
2015,31,0.18,0.81,0.81,26.55,82.69,1.76,19.76,9.21,Passo Fundo,RS,Sul,-28.27,-52.41
2015,32,3.28,0.81,0.81,28.44,81.89,1.84,23.26,10.79,Passo Fundo,RS,Sul,-28.27,-52.41
2015,33,1.27,0.8,0.81,29.65,80.02,1.08,27.81,12.88,Passo Fundo,RS,Sul,-28.27,-52.41
2015,34,1.22,0.79,0.8,28.77,79.85,0.97,26.73,12.31,Passo Fundo,RS,Sul,-28.27,-52.41
2015,35,14.32,0.8,0.85,28.67,79.17,0.79,14.4,6.89,Passo Fundo,RS,Sul,-28.27,-52.41
2015,36,2.92,0.81,0.82,26.44,82.6,1.86,28.48,13.13,Passo Fundo,RS,Sul,-28.27,-52.41
2015,37,0.07,0.8,0.8,26.28,81.44,1.59,27.19,12.44,Passo Fundo,RS,Sul,-28.27,-52.41
2015,38,0.06,0.79,0.79,25.68,77.85,1.54,30.24,13.6,Passo Fundo,RS,Sul,-28.27,-52.41
2015,39,0.0,0.78,0.78,28.17,74.52,1.22,29.94,13.42,Passo Fundo,RS,Sul,-28.27,-52.41
2015,40,3.08,0.78,0.8,27.85,82.01,1.52,21.43,10.01,Passo Fundo,RS,Sul,-28.27,-52.41
2015,41,2.69,0.78,0.79,29.0,80.27,1.65,23.54,10.98,Passo Fundo,RS,Sul,-28.27,-52.41
2015,42,6.83,0.78,0.82,27.99,88.77,1.49,15.37,7.41,Passo Fundo,RS,Sul,-28.27,-52.41
2015,43,0.95,0.78,0.79,28.72,85.91,1.69,20.69,9.58,Passo Fundo,RS,Sul,-28.27,-52.41
2015,44,0.05,0.77,0.78,27.6,79.22,1.12,23.66,10.9,Passo Fundo,RS,Sul,-28.27,-52.41
2015,45,0.64,0.77,0.77,27.19,84.49,2.38,23.78,10.86,Passo Fundo,RS,Sul,-28.27,-52.41
2015,46,0.03,0.76,0.76,26.66,78.84,2.23,22.11,10.06,Passo Fundo,RS,Sul,-28.27,-52.41
2015,47,0.17,0.76,0.76,25.62,79.54,1.46,23.7,10.82,Passo Fundo,RS,Sul,-28.27,-52.41
2015,48,0.04,0.75,0.76,25.93,82.14,1.29,25.87,11.78,Passo Fundo,RS,Sul,-28.27,-52.41
2015,49,0.07,0.75,0.75,26.97,81.06,1.41,22.4,10.33,Passo Fundo,RS,Sul,-28.27,-52.41
2015,50,7.29,0.74,0.78,27.39,86.03,1.8,13.75,6.61,Passo Fundo,RS,Sul,-28.27,-52.41
2015,51,0.5,0.75,0.77,27.02,83.6,1.58,16.0,7.49,Passo Fundo,RS,Sul,-28.27,-52.41
2015,52,16.72,0.75,0.81,28.67,83.46,1.35,17.97,8.45,Passo Fundo,RS,Sul,-28.27,-52.41
2015,53,32.68,0.81,0.94,26.52,89.07,1.4,5.78,2.94,Passo Fundo,RS,Sul,-28.27,-52.41
2015,54,4.71,0.82,0.84,25.43,92.02,1.57,12.08,5.92,Passo Fundo,RS,Sul,-28.27,-52.41
2015,55,3.63,0.82,0.83,26.93,86.45,0.94,21.12,9.85,Passo Fundo,RS,Sul,-28.27,-52.41
2015,56,3.94,0.81,0.82,26.91,89.03,1.43,24.44,11.38,Passo Fundo,RS,Sul,-28.27,-52.41
2015,57,2.91,0.81,0.83,27.43,88.88,1.44,22.37,10.47,Passo Fundo,RS,Sul,-28.27,-52.41
2015,58,2.06,0.8,0.81,26.04,90.51,1.74,20.61,9.59,Passo Fundo,RS,Sul,-28.27,-52.41
2015,59,0.04,0.8,0.8,27.11,80.87,2.29,27.25,12.26,Passo Fundo,RS,Sul,-28.27,-52.41
2015,60,0.0,0.79,0.79,27.15,78.79,2.01,23.23,10.65,Passo Fundo,RS,Sul,-28.27,-52.41
2015,61,1.54,0.78,0.79,26.68,80.83,1.98,19.82,9.3,Passo Fundo,RS,Sul,-28.27,-52.41
2015,62,0.73,0.77,0.78,28.31,81.46,1.47,21.4,9.95,Passo Fundo,RS,Sul,-28.27,-52.41
2015,63,2.11,0.77,0.78,27.97,82.01,2.03,15.06,7.14,Passo Fundo,RS,Sul,-28.27,-52.41
2015,64,3.92,0.77,0.8,26.47,86.85,1.25,15.16,7.23,Passo Fundo,RS,Sul,-28.27,-52.41
2015,65,0.04,0.77,0.77,27.5,83.71,1.65,20.8,9.53,Passo Fundo,RS,Sul,-28.27,-52.41
2015,66,0.04,0.76,0.76,28.09,81.32,1.54,20.11,9.26,Passo Fundo,RS,Sul,-28.27,-52.41
2015,67,0.0,0.76,0.76,27.8,79.75,1.54,22.59,10.35,Passo Fundo,RS,Sul,-28.27,-52.41
2015,68,0.43,0.75,0.75,27.68,81.18,1.55,24.4,11.2,Passo Fundo,RS,Sul,-28.27,-52.41
2015,69,1.0,0.74,0.75,26.34,84.64,2.15,18.75,8.8,Passo Fundo,RS,Sul,-28.27,-52.41
2015,70,0.5,0.74,0.74,26.36,82.61,1.93,18.06,8.27,Passo Fundo,RS,Sul,-28.27,-52.41
2015,71,0.03,0.73,0.74,26.49,80.01,1.33,24.52,11.02,Passo Fundo,RS,Sul,-28.27,-52.41
2015,72,0.1,0.73,0.73,28.42,77.51,1.16,23.68,10.71,Passo Fundo,RS,Sul,-28.27,-52.41
2015,73,0.11,0.72,0.73,28.72,78.02,1.43,18.44,8.6,Passo Fundo,RS,Sul,-28.27,-52.41
2015,74,0.12,0.72,0.72,28.9,79.45,1.24,17.17,8.06,Passo Fundo,RS,Sul,-28.27,-52.41
2015,75,0.01,0.71,0.72,28.29,79.04,1.7,22.4,10.26,Passo Fundo,RS,Sul,-28.27,-52.41
2015,76,0.0,0.71,0.71,28.55,76.74,1.4,23.03,10.43,Passo Fundo,RS,Sul,-28.27,-52.41
2015,77,0.0,0.71,0.71,28.82,78.85,1.52,22.47,10.28,Passo Fundo,RS,Sul,-28.27,-52.41
2015,78,0.0,0.7,0.7,28.7,75.12,1.41,22.43,10.27,Passo Fundo,RS,Sul,-28.27,-52.41
2015,79,0.07,0.7,0.7,28.24,77.13,1.53,22.12,10.15,Passo Fundo,RS,Sul,-28.27,-52.41
2015,80,0.31,0.7,0.7,26.9,76.77,1.68,20.1,9.21,Passo Fundo,RS,Sul,-28.27,-52.41
2015,81,0.03,0.7,0.7,21.79,72.4,2.36,18.57,8.32,Passo Fundo,RS,Sul,-28.27,-52.41
2015,82,0.01,0.69,0.7,24.93,79.2,1.45,17.39,7.85,Passo Fundo,RS,Sul,-28.27,-52.41
2015,83,0.0,0.69,0.69,26.92,76.95,1.29,21.14,9.55,Passo Fundo,RS,Sul,-28.27,-52.41
2015,84,0.0,0.69,0.69,26.96,77.36,1.98,19.18,8.88,Passo Fundo,RS,Sul,-28.27,-52.41
2015,85,3.79,0.69,0.71,27.05,81.01,1.2,9.06,4.45,Passo Fundo,RS,Sul,-28.27,-52.41
2015,86,3.74,0.7,0.74,25.14,86.72,1.57,9.72,4.76,Passo Fundo,RS,Sul,-28.27,-52.41
2015,87,0.91,0.7,0.71,23.37,83.24,1.64,9.18,4.47,Passo Fundo,RS,Sul,-28.27,-52.41
2015,88,14.93,0.71,0.78,25.73,87.43,2.03,9.98,4.76,Passo Fundo,RS,Sul,-28.27,-52.41
2015,89,2.17,0.73,0.76,23.26,87.03,2.37,14.42,6.68,Passo Fundo,RS,Sul,-28.27,-52.41
2015,90,0.05,0.73,0.73,24.79,80.99,2.08,19.92,9.08,Passo Fundo,RS,Sul,-28.27,-52.41
2015,91,0.0,0.72,0.72,25.16,73.79,1.09,22.4,10.0,Passo Fundo,RS,Sul,-28.27,-52.41
2015,92,0.01,0.71,0.72,26.63,71.98,0.98,23.12,10.18,Passo Fundo,RS,Sul,-28.27,-52.41
2015,93,0.01,0.71,0.71,27.61,74.45,1.84,22.27,9.98,Passo Fundo,RS,Sul,-28.27,-52.41
2015,94,10.16,0.71,0.75,26.11,81.34,1.63,16.03,7.4,Passo Fundo,RS,Sul,-28.27,-52.41
2015,95,21.3,0.74,0.86,22.48,91.19,2.37,3.77,1.99,Passo Fundo,RS,Sul,-28.27,-52.41
2015,96,5.01,0.76,0.8,21.9,82.74,2.84,17.35,7.9,Passo Fundo,RS,Sul,-28.27,-52.41
2015,97,0.02,0.76,0.76,22.04,78.12,2.16,21.92,9.71,Passo Fundo,RS,Sul,-28.27,-52.41
2015,98,0.05,0.75,0.75,23.93,78.89,1.81,18.48,8.42,Passo Fundo,RS,Sul,-28.27,-52.41
2015,99,0.0,0.74,0.74,24.97,77.62,1.33,19.82,9.01,Passo Fundo,RS,Sul,-28.27,-52.41
2015,100,0.0,0.73,0.74,25.98,75.68,1.25,21.14,9.53,Passo Fundo,RS,Sul,-28.27,-52.41
2015,101,0.0,0.73,0.73,26.69,77.7,1.37,20.77,9.35,Passo Fundo,RS,Sul,-28.27,-52.41
2015,102,0.0,0.72,0.72,26.04,77.76,1.47,19.74,9.01,Passo Fundo,RS,Sul,-28.27,-52.41
2015,103,0.0,0.71,0.72,26.95,79.57,1.32,19.21,8.75,Passo Fundo,RS,Sul,-28.27,-52.41
2015,104,2.91,0.71,0.73,24.65,87.42,1.94,7.08,3.4,Passo Fundo,RS,Sul,-28.27,-52.41
2015,105,1.33,0.72,0.73,24.93,87.24,1.76,10.96,5.16,Passo Fundo,RS,Sul,-28.27,-52.41
2015,106,0.04,0.71,0.72,25.93,82.77,2.03,16.46,7.54,Passo Fundo,RS,Sul,-28.27,-52.41
2015,107,4.28,0.71,0.73,24.53,85.94,2.63,13.18,6.14,Passo Fundo,RS,Sul,-28.27,-52.41
2015,108,14.49,0.74,0.83,23.02,90.67,1.02,14.92,6.83,Passo Fundo,RS,Sul,-28.27,-52.41
2015,109,0.33,0.74,0.74,25.93,85.31,1.59,15.61,7.17,Passo Fundo,RS,Sul,-28.27,-52.41
2015,110,47.08,0.77,0.91,23.92,94.55,1.13,2.16,1.16,Passo Fundo,RS,Sul,-28.27,-52.41
2015,111,1.97,0.79,0.81,21.82,88.66,2.58,11.97,5.43,Passo Fundo,RS,Sul,-28.27,-52.41
2015,112,0.89,0.78,0.79,20.46,87.91,3.28,5.22,2.61,Passo Fundo,RS,Sul,-28.27,-52.41
2015,113,0.66,0.77,0.78,23.56,86.19,1.63,12.42,5.72,Passo Fundo,RS,Sul,-28.27,-52.41
2015,114,0.02,0.76,0.76,22.94,85.36,1.3,13.57,6.13,Passo Fundo,RS,Sul,-28.27,-52.41
2015,115,0.04,0.76,0.76,21.74,80.55,1.5,16.9,7.41,Passo Fundo,RS,Sul,-28.27,-52.41
2015,116,0.06,0.75,0.75,23.55,78.86,1.36,18.68,8.24,Passo Fundo,RS,Sul,-28.27,-52.41
2015,117,0.01,0.74,0.75,23.98,79.76,1.2,18.17,8.05,Passo Fundo,RS,Sul,-28.27,-52.41
2015,118,0.03,0.74,0.74,22.9,80.37,1.84,17.71,7.87,Passo Fundo,RS,Sul,-28.27,-52.41
2015,119,0.0,0.73,0.74,22.16,81.28,2.33,16.88,7.58,Passo Fundo,RS,Sul,-28.27,-52.41
2015,120,0.01,0.73,0.73,21.9,84.22,1.62,12.93,5.96,Passo Fundo,RS,Sul,-28.27,-52.41
2015,121,0.0,0.73,0.73,23.22,80.22,1.21,16.06,7.22,Passo Fundo,RS,Sul,-28.27,-52.41
2015,122,2.52,0.72,0.73,24.8,79.68,2.78,7.75,3.71,Passo Fundo,RS,Sul,-28.27,-52.41
2015,123,34.54,0.74,0.84,20.1,92.28,1.41,2.79,1.48,Passo Fundo,RS,Sul,-28.27,-52.41
2015,124,0.77,0.76,0.78,19.26,76.97,1.88,17.05,7.45,Passo Fundo,RS,Sul,-28.27,-52.41
2015,125,0.0,0.76,0.76,19.94,74.18,1.26,17.43,7.54,Passo Fundo,RS,Sul,-28.27,-52.41
2015,126,0.01,0.75,0.75,21.94,79.4,1.61,16.63,7.28,Passo Fundo,RS,Sul,-28.27,-52.41
2015,127,0.0,0.75,0.75,18.06,76.45,2.64,15.32,6.68,Passo Fundo,RS,Sul,-28.27,-52.41
2015,128,0.0,0.74,0.75,21.01,80.27,2.34,9.35,4.34,Passo Fundo,RS,Sul,-28.27,-52.41
2015,129,0.1,0.74,0.74,23.25,83.01,1.31,13.41,6.14,Passo Fundo,RS,Sul,-28.27,-52.41
2015,130,4.46,0.74,0.78,17.16,94.25,1.74,9.47,4.42,Passo Fundo,RS,Sul,-28.27,-52.41
2015,131,0.35,0.74,0.75,17.8,90.95,2.26,8.89,4.16,Passo Fundo,RS,Sul,-28.27,-52.41
2015,132,0.03,0.74,0.75,20.54,84.18,2.74,11.1,5.04,Passo Fundo,RS,Sul,-28.27,-52.41
2015,133,0.0,0.74,0.74,20.89,83.48,1.98,14.61,6.64,Passo Fundo,RS,Sul,-28.27,-52.41
2015,134,0.0,0.73,0.74,22.47,80.65,2.06,14.67,6.67,Passo Fundo,RS,Sul,-28.27,-52.41
2015,135,0.1,0.73,0.74,22.84,83.41,1.99,13.98,6.38,Passo Fundo,RS,Sul,-28.27,-52.41
2015,136,1.01,0.73,0.74,22.61,86.19,1.87,5.41,2.64,Passo Fundo,RS,Sul,-28.27,-52.41
2015,137,0.16,0.73,0.74,22.4,85.29,1.75,11.7,5.31,Passo Fundo,RS,Sul,-28.27,-52.41
2015,138,0.0,0.72,0.73,23.51,82.41,1.38,13.73,6.24,Passo Fundo,RS,Sul,-28.27,-52.41
2015,139,0.01,0.72,0.73,23.48,83.91,1.52,14.58,6.61,Passo Fundo,RS,Sul,-28.27,-52.41
2015,140,0.01,0.72,0.72,23.98,83.89,1.76,14.61,6.65,Passo Fundo,RS,Sul,-28.27,-52.41
2015,141,0.0,0.72,0.72,24.57,83.36,2.33,14.64,6.63,Passo Fundo,RS,Sul,-28.27,-52.41
2015,142,0.0,0.71,0.72,25.15,82.74,2.05,14.39,6.61,Passo Fundo,RS,Sul,-28.27,-52.41
2015,143,2.5,0.71,0.72,25.53,84.98,3.47,12.31,5.71,Passo Fundo,RS,Sul,-28.27,-52.41
2015,144,12.64,0.73,0.8,23.01,91.47,2.05,3.74,1.87,Passo Fundo,RS,Sul,-28.27,-52.41
2015,145,0.03,0.73,0.74,21.29,88.14,2.74,6.35,2.97,Passo Fundo,RS,Sul,-28.27,-52.41
2015,146,5.81,0.73,0.77,20.82,92.74,1.58,5.04,2.42,Passo Fundo,RS,Sul,-28.27,-52.41
2015,147,26.89,0.77,0.86,19.24,95.77,1.87,3.68,1.87,Passo Fundo,RS,Sul,-28.27,-52.41
2015,148,0.84,0.77,0.78,16.57,87.81,2.4,7.3,3.39,Passo Fundo,RS,Sul,-28.27,-52.41
2015,149,0.23,0.77,0.77,17.37,86.31,0.87,9.06,4.15,Passo Fundo,RS,Sul,-28.27,-52.41
2015,150,0.03,0.76,0.76,17.46,80.34,0.99,9.47,4.2,Passo Fundo,RS,Sul,-28.27,-52.41
2015,151,0.05,0.75,0.76,15.53,83.52,0.9,7.98,3.59,Passo Fundo,RS,Sul,-28.27,-52.41
2015,152,0.11,0.75,0.76,18.79,79.49,1.29,14.37,6.16,Passo Fundo,RS,Sul,-28.27,-52.41
2015,153,0.04,0.75,0.75,20.44,80.22,1.81,14.67,6.38,Passo Fundo,RS,Sul,-28.27,-52.41
2015,154,0.0,0.74,0.75,21.98,86.33,2.01,14.2,6.35,Passo Fundo,RS,Sul,-28.27,-52.41
2015,155,0.0,0.74,0.75,23.61,84.76,1.44,9.19,4.17,Passo Fundo,RS,Sul,-28.27,-52.41
2015,156,0.2,0.74,0.75,23.63,85.29,2.05,9.07,4.26,Passo Fundo,RS,Sul,-28.27,-52.41
2015,157,0.05,0.73,0.74,23.86,81.12,2.55,13.25,5.96,Passo Fundo,RS,Sul,-28.27,-52.41
2015,158,0.0,0.73,0.73,24.18,81.65,2.11,12.92,5.9,Passo Fundo,RS,Sul,-28.27,-52.41
2015,159,0.0,0.73,0.73,24.77,80.65,2.23,13.59,6.24,Passo Fundo,RS,Sul,-28.27,-52.41
2015,160,0.0,0.72,0.73,25.11,83.23,2.39,13.63,6.24,Passo Fundo,RS,Sul,-28.27,-52.41
2015,161,8.04,0.72,0.76,25.55,83.26,2.57,8.07,3.71,Passo Fundo,RS,Sul,-28.27,-52.41
2015,162,18.01,0.76,0.85,17.73,92.93,2.13,2.83,1.41,Passo Fundo,RS,Sul,-28.27,-52.41
2015,163,0.12,0.76,0.77,16.12,77.15,1.53,14.01,6.0,Passo Fundo,RS,Sul,-28.27,-52.41
2015,164,3.96,0.76,0.77,18.18,88.27,1.16,6.21,2.89,Passo Fundo,RS,Sul,-28.27,-52.41
2015,165,5.99,0.77,0.82,17.1,89.41,1.5,6.58,3.06,Passo Fundo,RS,Sul,-28.27,-52.41
2015,166,0.0,0.76,0.77,12.36,71.55,1.78,14.68,6.28,Passo Fundo,RS,Sul,-28.27,-52.41
2015,167,0.0,0.76,0.76,15.68,66.3,1.35,14.12,6.09,Passo Fundo,RS,Sul,-28.27,-52.41
2015,168,12.34,0.76,0.8,16.22,87.05,1.41,3.46,1.68,Passo Fundo,RS,Sul,-28.27,-52.41
2015,169,20.11,0.79,0.86,13.11,85.63,3.24,7.17,3.22,Passo Fundo,RS,Sul,-28.27,-52.41
2015,170,0.0,0.79,0.79,12.34,77.31,2.21,14.5,6.13,Passo Fundo,RS,Sul,-28.27,-52.41
2015,171,0.0,0.78,0.78,17.37,86.96,2.55,13.55,5.91,Passo Fundo,RS,Sul,-28.27,-52.41
2015,172,0.2,0.77,0.78,19.75,93.38,1.77,5.8,2.72,Passo Fundo,RS,Sul,-28.27,-52.41
2015,173,4.56,0.77,0.79,20.74,92.23,2.42,5.83,2.76,Passo Fundo,RS,Sul,-28.27,-52.41
2015,174,10.18,0.79,0.84,16.46,86.82,3.04,4.77,2.28,Passo Fundo,RS,Sul,-28.27,-52.41
2015,175,10.12,0.79,0.83,16.02,86.68,3.1,1.48,0.83,Passo Fundo,RS,Sul,-28.27,-52.41
2015,176,0.01,0.79,0.8,20.01,85.59,2.6,12.92,5.78,Passo Fundo,RS,Sul,-28.27,-52.41
2015,177,0.08,0.78,0.78,20.89,86.16,2.66,13.3,5.94,Passo Fundo,RS,Sul,-28.27,-52.41
2015,178,0.06,0.78,0.78,19.59,84.72,2.04,12.58,5.64,Passo Fundo,RS,Sul,-28.27,-52.41
2015,179,0.09,0.77,0.78,20.16,85.74,1.68,12.02,5.42,Passo Fundo,RS,Sul,-28.27,-52.41
2015,180,7.24,0.77,0.8,17.57,88.03,1.88,6.6,3.1,Passo Fundo,RS,Sul,-28.27,-52.41
2015,181,13.24,0.8,0.86,16.97,94.86,2.1,4.47,2.17,Passo Fundo,RS,Sul,-28.27,-52.41
2015,182,0.04,0.79,0.8,18.49,87.02,0.96,10.75,4.73,Passo Fundo,RS,Sul,-28.27,-52.41
2015,183,1.56,0.79,0.8,20.18,90.05,2.08,11.57,5.13,Passo Fundo,RS,Sul,-28.27,-52.41
2015,184,5.35,0.79,0.82,18.06,93.2,2.52,4.77,2.25,Passo Fundo,RS,Sul,-28.27,-52.41
2015,185,0.82,0.79,0.8,11.61,81.36,2.07,10.2,4.35,Passo Fundo,RS,Sul,-28.27,-52.41
2015,186,0.0,0.78,0.79,16.4,79.87,2.18,14.82,6.3,Passo Fundo,RS,Sul,-28.27,-52.41
2015,187,4.28,0.78,0.8,17.72,89.02,2.2,7.74,3.58,Passo Fundo,RS,Sul,-28.27,-52.41
2015,188,11.14,0.8,0.85,18.81,94.91,1.42,4.94,2.36,Passo Fundo,RS,Sul,-28.27,-52.41
2015,189,22.58,0.81,0.89,15.41,95.81,2.36,2.38,1.23,Passo Fundo,RS,Sul,-28.27,-52.41
2015,190,2.68,0.83,0.85,15.56,93.42,1.92,5.36,2.53,Passo Fundo,RS,Sul,-28.27,-52.41
2015,191,0.27,0.81,0.82,20.42,89.6,1.42,7.22,3.29,Passo Fundo,RS,Sul,-28.27,-52.41
2015,192,9.96,0.81,0.85,17.26,95.55,1.2,9.37,4.25,Passo Fundo,RS,Sul,-28.27,-52.41
2015,193,20.55,0.83,0.89,19.64,93.62,3.49,5.98,2.88,Passo Fundo,RS,Sul,-28.27,-52.41
2015,194,2.15,0.83,0.84,22.7,87.04,5.44,7.71,3.59,Passo Fundo,RS,Sul,-28.27,-52.41
2015,195,17.37,0.84,0.9,20.02,94.5,2.22,1.82,0.95,Passo Fundo,RS,Sul,-28.27,-52.41
2015,196,8.57,0.85,0.87,11.66,93.92,2.1,3.37,1.66,Passo Fundo,RS,Sul,-28.27,-52.41
2015,197,1.42,0.84,0.84,17.39,91.86,1.55,5.82,2.7,Passo Fundo,RS,Sul,-28.27,-52.41
2015,198,4.65,0.83,0.85,16.49,91.05,1.54,5.17,2.34,Passo Fundo,RS,Sul,-28.27,-52.41
2015,199,0.27,0.83,0.83,21.74,87.95,1.61,11.47,5.02,Passo Fundo,RS,Sul,-28.27,-52.41
2015,200,5.62,0.82,0.85,22.22,88.13,2.83,10.94,5.06,Passo Fundo,RS,Sul,-28.27,-52.41
2015,201,26.7,0.84,0.9,18.21,93.66,2.87,1.84,0.96,Passo Fundo,RS,Sul,-28.27,-52.41
2015,202,0.51,0.85,0.85,13.96,86.57,2.13,10.67,4.74,Passo Fundo,RS,Sul,-28.27,-52.41
2015,203,0.03,0.83,0.83,16.87,81.45,1.71,14.77,6.41,Passo Fundo,RS,Sul,-28.27,-52.41
2015,204,6.04,0.83,0.84,18.58,87.51,1.81,6.37,3.0,Passo Fundo,RS,Sul,-28.27,-52.41
2015,205,3.81,0.84,0.86,14.43,92.8,1.78,4.83,2.33,Passo Fundo,RS,Sul,-28.27,-52.41
2015,206,0.27,0.83,0.83,17.77,89.5,2.06,9.19,4.17,Passo Fundo,RS,Sul,-28.27,-52.41
2015,207,0.13,0.83,0.83,19.11,86.15,1.34,7.82,3.57,Passo Fundo,RS,Sul,-28.27,-52.41
2015,208,0.06,0.83,0.83,20.53,81.37,1.52,14.9,6.52,Passo Fundo,RS,Sul,-28.27,-52.41
2015,209,0.0,0.82,0.82,23.03,81.92,1.54,15.27,6.9,Passo Fundo,RS,Sul,-28.27,-52.41
2015,210,0.0,0.82,0.82,25.06,77.65,1.52,11.27,5.16,Passo Fundo,RS,Sul,-28.27,-52.41
2015,211,0.0,0.81,0.81,24.65,79.91,1.65,15.92,7.2,Passo Fundo,RS,Sul,-28.27,-52.41
2015,212,0.0,0.81,0.81,24.97,81.7,2.73,11.11,5.03,Passo Fundo,RS,Sul,-28.27,-52.41
2015,213,0.0,0.81,0.81,24.59,84.54,1.16,13.46,6.13,Passo Fundo,RS,Sul,-28.27,-52.41
2015,214,0.0,0.8,0.8,25.36,81.47,2.44,14.29,6.5,Passo Fundo,RS,Sul,-28.27,-52.41
2015,215,0.89,0.8,0.81,22.61,86.22,1.8,11.58,5.28,Passo Fundo,RS,Sul,-28.27,-52.41
2015,216,5.71,0.81,0.84,24.21,89.35,1.07,12.16,5.58,Passo Fundo,RS,Sul,-28.27,-52.41
2015,217,1.35,0.81,0.82,23.53,85.39,1.89,7.16,3.41,Passo Fundo,RS,Sul,-28.27,-52.41
2015,218,0.06,0.81,0.81,24.92,73.55,3.47,14.27,6.48,Passo Fundo,RS,Sul,-28.27,-52.41
2015,219,0.0,0.8,0.8,25.82,70.25,3.68,12.8,5.82,Passo Fundo,RS,Sul,-28.27,-52.41
2015,220,0.0,0.8,0.79,27.35,72.53,2.76,15.43,7.03,Passo Fundo,RS,Sul,-28.27,-52.41
2015,221,0.0,0.79,0.79,25.91,77.96,3.06,16.99,7.58,Passo Fundo,RS,Sul,-28.27,-52.41
2015,222,0.0,0.79,0.79,26.05,78.64,3.47,16.22,7.28,Passo Fundo,RS,Sul,-28.27,-52.41
2015,223,0.0,0.79,0.79,25.62,84.77,1.65,9.91,4.65,Passo Fundo,RS,Sul,-28.27,-52.41
2015,224,0.0,0.79,0.79,26.15,79.93,2.24,16.93,7.64,Passo Fundo,RS,Sul,-28.27,-52.41
2015,225,0.06,0.78,0.78,24.53,77.51,2.37,13.11,5.98,Passo Fundo,RS,Sul,-28.27,-52.41
2015,226,0.0,0.78,0.79,23.09,83.82,1.65,9.52,4.37,Passo Fundo,RS,Sul,-28.27,-52.41
2015,227,0.0,0.78,0.79,22.51,82.75,2.15,12.14,5.55,Passo Fundo,RS,Sul,-28.27,-52.41
2015,228,0.02,0.78,0.79,21.53,88.87,1.95,11.91,5.41,Passo Fundo,RS,Sul,-28.27,-52.41
2015,229,0.0,0.78,0.78,24.25,83.02,2.9,14.4,6.56,Passo Fundo,RS,Sul,-28.27,-52.41
2015,230,7.49,0.78,0.82,23.36,86.75,2.53,5.63,2.74,Passo Fundo,RS,Sul,-28.27,-52.41
2015,231,1.65,0.8,0.81,16.16,87.79,2.1,9.0,4.14,Passo Fundo,RS,Sul,-28.27,-52.41
2015,232,0.16,0.79,0.8,17.86,84.77,2.3,11.3,5.07,Passo Fundo,RS,Sul,-28.27,-52.41
2015,233,0.01,0.79,0.79,22.22,78.95,2.44,18.38,8.24,Passo Fundo,RS,Sul,-28.27,-52.41
2015,234,0.04,0.79,0.79,22.79,82.69,2.53,13.87,6.31,Passo Fundo,RS,Sul,-28.27,-52.41
2015,235,5.48,0.79,0.82,21.4,83.23,1.72,7.78,3.68,Passo Fundo,RS,Sul,-28.27,-52.41
2015,236,0.4,0.79,0.79,18.37,81.14,2.65,17.9,7.8,Passo Fundo,RS,Sul,-28.27,-52.41
2015,237,0.01,0.79,0.79,22.93,83.25,1.86,13.94,6.23,Passo Fundo,RS,Sul,-28.27,-52.41
2015,238,23.74,0.8,0.85,25.24,87.42,2.97,4.19,2.09,Passo Fundo,RS,Sul,-28.27,-52.41
2015,239,2.02,0.82,0.83,20.37,80.22,2.39,18.59,8.19,Passo Fundo,RS,Sul,-28.27,-52.41
2015,240,0.69,0.81,0.81,20.98,65.47,1.01,19.52,8.63,Passo Fundo,RS,Sul,-28.27,-52.41
2015,241,0.28,0.8,0.8,24.47,73.49,2.23,18.48,8.13,Passo Fundo,RS,Sul,-28.27,-52.41
2015,242,0.11,0.79,0.79,26.87,74.03,1.64,20.78,9.25,Passo Fundo,RS,Sul,-28.27,-52.41
2015,243,0.16,0.79,0.79,27.97,75.23,2.02,20.29,9.1,Passo Fundo,RS,Sul,-28.27,-52.41
2015,244,4.82,0.78,0.8,19.05,85.44,3.72,5.82,2.94,Passo Fundo,RS,Sul,-28.27,-52.41
2015,245,1.0,0.79,0.8,22.31,80.87,2.77,16.0,7.22,Passo Fundo,RS,Sul,-28.27,-52.41
2015,246,1.38,0.79,0.8,20.95,83.34,1.79,13.62,5.95,Passo Fundo,RS,Sul,-28.27,-52.41
2015,247,0.03,0.78,0.78,19.67,80.74,2.06,17.77,7.82,Passo Fundo,RS,Sul,-28.27,-52.41
2015,248,0.04,0.78,0.79,18.14,85.88,2.15,14.25,6.37,Passo Fundo,RS,Sul,-28.27,-52.41
2015,249,0.04,0.78,0.78,17.32,84.92,1.58,17.82,7.82,Passo Fundo,RS,Sul,-28.27,-52.41
2015,250,0.01,0.78,0.78,23.26,75.98,1.41,20.75,8.98,Passo Fundo,RS,Sul,-28.27,-52.41
2015,251,5.31,0.78,0.81,21.21,88.77,1.35,11.05,5.07,Passo Fundo,RS,Sul,-28.27,-52.41
2015,252,0.02,0.78,0.78,22.71,76.02,1.22,22.36,9.77,Passo Fundo,RS,Sul,-28.27,-52.41
2015,253,2.92,0.78,0.78,24.9,81.51,2.55,12.99,5.91,Passo Fundo,RS,Sul,-28.27,-52.41
2015,254,9.48,0.79,0.84,14.48,69.39,2.74,17.42,7.64,Passo Fundo,RS,Sul,-28.27,-52.41
2015,255,5.11,0.8,0.82,14.81,65.47,1.67,23.03,9.94,Passo Fundo,RS,Sul,-28.27,-52.41
2015,256,0.0,0.79,0.79,18.42,58.25,1.24,23.87,10.36,Passo Fundo,RS,Sul,-28.27,-52.41
2015,257,0.0,0.79,0.79,21.66,60.18,1.69,23.92,10.34,Passo Fundo,RS,Sul,-28.27,-52.41
2015,258,0.15,0.78,0.78,24.17,80.1,2.89,18.34,8.28,Passo Fundo,RS,Sul,-28.27,-52.41
2015,259,14.97,0.78,0.81,29.17,82.65,3.46,13.64,6.23,Passo Fundo,RS,Sul,-28.27,-52.41
2015,260,15.24,0.8,0.87,21.4,89.25,2.19,15.38,6.95,Passo Fundo,RS,Sul,-28.27,-52.41
2015,261,10.97,0.82,0.87,21.18,90.44,2.56,10.77,5.02,Passo Fundo,RS,Sul,-28.27,-52.41
2015,262,20.1,0.82,0.86,23.97,90.04,1.55,2.33,1.22,Passo Fundo,RS,Sul,-28.27,-52.41
2015,263,44.4,0.86,0.94,22.32,93.49,1.46,3.41,1.81,Passo Fundo,RS,Sul,-28.27,-52.41
2015,264,1.41,0.85,0.84,29.2,81.67,2.19,19.07,8.63,Passo Fundo,RS,Sul,-28.27,-52.41
2015,265,2.02,0.83,0.83,29.79,74.91,2.53,12.77,5.84,Passo Fundo,RS,Sul,-28.27,-52.41
2015,266,2.74,0.82,0.83,30.06,75.67,2.7,14.71,6.48,Passo Fundo,RS,Sul,-28.27,-52.41
2015,267,2.67,0.81,0.82,28.19,80.2,2.98,11.63,5.08,Passo Fundo,RS,Sul,-28.27,-52.41
2015,268,8.28,0.82,0.85,23.16,83.74,2.27,14.16,6.39,Passo Fundo,RS,Sul,-28.27,-52.41
2015,269,21.64,0.83,0.87,19.9,92.54,2.24,3.37,1.72,Passo Fundo,RS,Sul,-28.27,-52.41
2015,270,3.41,0.84,0.85,19.25,88.95,1.21,7.21,3.48,Passo Fundo,RS,Sul,-28.27,-52.41
2015,271,3.15,0.83,0.84,21.6,75.95,1.26,22.88,10.06,Passo Fundo,RS,Sul,-28.27,-52.41
2015,272,0.04,0.82,0.82,25.1,73.43,1.57,25.39,11.27,Passo Fundo,RS,Sul,-28.27,-52.41
2015,273,0.0,0.81,0.81,21.68,82.12,1.96,22.32,9.97,Passo Fundo,RS,Sul,-28.27,-52.41
2015,274,0.0,0.81,0.81,27.08,80.08,1.95,23.63,10.7,Passo Fundo,RS,Sul,-28.27,-52.41
2015,275,13.82,0.81,0.86,24.84,88.03,2.91,5.54,2.81,Passo Fundo,RS,Sul,-28.27,-52.41
2015,276,1.95,0.83,0.84,20.43,80.91,1.99,10.48,5.0,Passo Fundo,RS,Sul,-28.27,-52.41
2015,277,0.0,0.82,0.82,20.47,70.43,1.61,24.77,11.04,Passo Fundo,RS,Sul,-28.27,-52.41
2015,278,0.0,0.81,0.81,23.68,70.72,2.12,24.99,11.21,Passo Fundo,RS,Sul,-28.27,-52.41
2015,279,1.37,0.8,0.81,28.76,81.41,2.44,18.35,8.54,Passo Fundo,RS,Sul,-28.27,-52.41
2015,280,7.26,0.8,0.82,28.64,81.13,3.09,7.33,3.62,Passo Fundo,RS,Sul,-28.27,-52.41
2015,281,74.69,0.83,0.92,25.39,87.31,4.07,2.38,1.27,Passo Fundo,RS,Sul,-28.27,-52.41
2015,282,33.48,0.88,0.96,18.39,91.61,3.82,3.55,1.93,Passo Fundo,RS,Sul,-28.27,-52.41
2015,283,5.71,0.88,0.89,17.37,89.02,3.78,9.32,4.6,Passo Fundo,RS,Sul,-28.27,-52.41
2015,284,6.27,0.87,0.88,19.27,89.43,2.21,10.05,4.87,Passo Fundo,RS,Sul,-28.27,-52.41
2015,285,1.87,0.86,0.86,18.25,87.48,1.95,15.18,7.07,Passo Fundo,RS,Sul,-28.27,-52.41
2015,286,0.28,0.85,0.84,22.75,78.28,1.42,22.72,10.1,Passo Fundo,RS,Sul,-28.27,-52.41
2015,287,8.29,0.84,0.87,28.05,85.73,2.22,19.62,9.07,Passo Fundo,RS,Sul,-28.27,-52.41
2015,288,9.04,0.85,0.87,27.26,84.1,4.15,11.35,5.52,Passo Fundo,RS,Sul,-28.27,-52.41
2015,289,4.77,0.85,0.87,18.95,85.67,2.14,16.22,7.45,Passo Fundo,RS,Sul,-28.27,-52.41
2015,290,0.19,0.85,0.85,19.22,77.84,3.42,10.99,5.23,Passo Fundo,RS,Sul,-28.27,-52.41
2015,291,0.0,0.84,0.84,23.47,77.07,3.26,22.09,9.8,Passo Fundo,RS,Sul,-28.27,-52.41
2015,292,0.0,0.84,0.84,25.75,85.5,2.31,20.89,9.61,Passo Fundo,RS,Sul,-28.27,-52.41
2015,293,16.95,0.84,0.88,30.91,82.97,3.18,19.35,8.77,Passo Fundo,RS,Sul,-28.27,-52.41
2015,294,31.34,0.87,0.95,27.58,91.65,1.84,15.4,7.13,Passo Fundo,RS,Sul,-28.27,-52.41
2015,295,4.47,0.88,0.89,24.0,87.05,2.48,7.53,3.73,Passo Fundo,RS,Sul,-28.27,-52.41
2015,296,0.1,0.86,0.86,23.77,78.67,3.02,24.52,10.93,Passo Fundo,RS,Sul,-28.27,-52.41
2015,297,0.03,0.85,0.85,23.98,79.14,3.4,28.71,12.7,Passo Fundo,RS,Sul,-28.27,-52.41
2015,298,3.88,0.85,0.86,21.5,89.0,2.53,5.89,3.01,Passo Fundo,RS,Sul,-28.27,-52.41
2015,299,0.67,0.85,0.85,25.28,86.92,1.73,9.49,4.63,Passo Fundo,RS,Sul,-28.27,-52.41
2015,300,0.36,0.85,0.84,26.42,84.73,2.01,17.41,8.18,Passo Fundo,RS,Sul,-28.27,-52.41
2015,301,0.13,0.84,0.83,27.95,81.81,1.74,23.85,10.83,Passo Fundo,RS,Sul,-28.27,-52.41
2015,302,0.02,0.83,0.83,29.35,75.27,2.23,29.03,13.17,Passo Fundo,RS,Sul,-28.27,-52.41
2015,303,2.75,0.83,0.84,25.35,79.78,2.69,18.3,8.58,Passo Fundo,RS,Sul,-28.27,-52.41
2015,304,4.53,0.83,0.85,26.43,84.01,2.58,16.14,7.58,Passo Fundo,RS,Sul,-28.27,-52.41
2015,305,0.27,0.83,0.83,23.1,81.86,4.1,16.3,7.64,Passo Fundo,RS,Sul,-28.27,-52.41
2015,306,4.06,0.83,0.85,19.36,87.41,2.7,9.68,4.92,Passo Fundo,RS,Sul,-28.27,-52.41
2015,307,4.48,0.83,0.85,22.43,89.08,1.5,12.48,6.08,Passo Fundo,RS,Sul,-28.27,-52.41
2015,308,8.61,0.84,0.86,23.49,85.57,3.75,9.66,4.92,Passo Fundo,RS,Sul,-28.27,-52.41
2015,309,6.27,0.85,0.87,21.67,84.3,3.51,9.86,4.9,Passo Fundo,RS,Sul,-28.27,-52.41
2015,310,0.37,0.84,0.84,19.87,84.83,2.75,15.13,7.07,Passo Fundo,RS,Sul,-28.27,-52.41
2015,311,1.09,0.84,0.83,26.07,78.96,1.79,23.59,10.76,Passo Fundo,RS,Sul,-28.27,-52.41
2015,312,2.39,0.83,0.84,26.53,81.49,1.38,23.42,10.79,Passo Fundo,RS,Sul,-28.27,-52.41
2015,313,3.58,0.83,0.84,28.09,80.94,1.31,27.34,12.47,Passo Fundo,RS,Sul,-28.27,-52.41
2015,314,33.6,0.85,0.93,24.98,91.29,2.34,2.2,1.22,Passo Fundo,RS,Sul,-28.27,-52.41
2015,315,7.93,0.87,0.9,25.58,93.78,1.24,7.83,4.03,Passo Fundo,RS,Sul,-28.27,-52.41
2015,316,20.9,0.87,0.92,27.64,84.97,1.14,19.54,9.14,Passo Fundo,RS,Sul,-28.27,-52.41
2015,317,8.44,0.88,0.9,26.24,89.05,3.63,9.54,4.58,Passo Fundo,RS,Sul,-28.27,-52.41
2015,318,0.09,0.87,0.86,24.51,78.97,2.14,28.55,12.75,Passo Fundo,RS,Sul,-28.27,-52.41
2015,319,0.0,0.86,0.85,26.49,77.38,2.4,30.13,13.3,Passo Fundo,RS,Sul,-28.27,-52.41
2015,320,4.19,0.85,0.86,25.8,90.32,1.81,12.42,6.11,Passo Fundo,RS,Sul,-28.27,-52.41
2015,321,7.71,0.86,0.88,23.03,93.03,2.44,7.75,3.97,Passo Fundo,RS,Sul,-28.27,-52.41
2015,322,0.5,0.86,0.86,26.07,84.0,1.45,15.82,7.58,Passo Fundo,RS,Sul,-28.27,-52.41
2015,323,12.41,0.86,0.88,27.84,82.67,1.25,21.25,9.86,Passo Fundo,RS,Sul,-28.27,-52.41
2015,324,1.98,0.86,0.87,21.18,81.68,3.18,20.35,9.22,Passo Fundo,RS,Sul,-28.27,-52.41
2015,325,0.0,0.85,0.85,24.76,72.78,1.53,30.49,13.49,Passo Fundo,RS,Sul,-28.27,-52.41
2015,326,0.03,0.85,0.84,28.03,74.77,1.7,28.09,12.63,Passo Fundo,RS,Sul,-28.27,-52.41
2015,327,0.13,0.84,0.84,24.29,79.29,2.98,22.36,10.17,Passo Fundo,RS,Sul,-28.27,-52.41
2015,328,7.61,0.84,0.86,24.3,83.14,2.81,22.14,10.23,Passo Fundo,RS,Sul,-28.27,-52.41
2015,329,5.21,0.85,0.86,28.88,80.22,2.1,23.85,10.92,Passo Fundo,RS,Sul,-28.27,-52.41
2015,330,11.94,0.85,0.89,28.36,85.66,1.63,17.05,8.11,Passo Fundo,RS,Sul,-28.27,-52.41
2015,331,10.3,0.86,0.89,24.09,91.35,2.96,7.47,3.78,Passo Fundo,RS,Sul,-28.27,-52.41
2015,332,5.44,0.87,0.88,22.38,88.04,1.82,9.23,4.69,Passo Fundo,RS,Sul,-28.27,-52.41
2015,333,0.11,0.86,0.85,24.38,76.65,1.98,29.19,13.04,Passo Fundo,RS,Sul,-28.27,-52.41
2015,334,0.0,0.85,0.84,24.64,74.41,2.58,29.35,13.06,Passo Fundo,RS,Sul,-28.27,-52.41
2015,335,19.22,0.85,0.88,20.86,90.26,1.87,10.57,4.96,Passo Fundo,RS,Sul,-28.27,-52.41
2015,336,42.21,0.88,0.95,22.93,93.36,1.4,2.77,1.55,Passo Fundo,RS,Sul,-28.27,-52.41
2015,337,8.88,0.89,0.91,27.17,81.97,0.96,23.77,10.97,Passo Fundo,RS,Sul,-28.27,-52.41
2015,338,11.89,0.89,0.91,25.71,90.63,1.83,9.58,4.63,Passo Fundo,RS,Sul,-28.27,-52.41
2015,339,0.58,0.88,0.87,27.17,80.4,1.74,24.27,11.22,Passo Fundo,RS,Sul,-28.27,-52.41
2015,340,0.05,0.86,0.86,24.74,77.52,2.21,28.47,12.84,Passo Fundo,RS,Sul,-28.27,-52.41
2015,341,0.0,0.85,0.85,25.47,74.12,1.14,32.75,14.42,Passo Fundo,RS,Sul,-28.27,-52.41
2015,342,0.0,0.85,0.84,28.73,79.34,2.24,30.77,13.98,Passo Fundo,RS,Sul,-28.27,-52.41
2015,343,32.51,0.85,0.91,25.39,93.26,2.51,5.87,3.06,Passo Fundo,RS,Sul,-28.27,-52.41
2015,344,13.81,0.88,0.91,26.43,84.96,1.76,18.92,8.9,Passo Fundo,RS,Sul,-28.27,-52.41
2015,345,0.0,0.87,0.86,28.06,76.1,0.96,28.17,12.82,Passo Fundo,RS,Sul,-28.27,-52.41
2015,346,5.09,0.86,0.88,25.58,90.75,2.19,24.43,11.25,Passo Fundo,RS,Sul,-28.27,-52.41
2015,347,9.77,0.87,0.9,26.13,92.19,2.93,8.31,4.27,Passo Fundo,RS,Sul,-28.27,-52.41
2015,348,34.98,0.89,0.94,25.1,95.05,2.25,2.68,1.51,Passo Fundo,RS,Sul,-28.27,-52.41
2015,349,23.34,0.9,0.92,26.25,84.97,2.67,19.62,9.14,Passo Fundo,RS,Sul,-28.27,-52.41
2015,350,0.03,0.89,0.87,27.44,76.45,2.39,31.34,14.14,Passo Fundo,RS,Sul,-28.27,-52.41
2015,351,1.07,0.87,0.87,28.99,83.89,2.7,26.53,12.27,Passo Fundo,RS,Sul,-28.27,-52.41
2015,352,3.34,0.87,0.87,28.97,86.54,3.01,12.24,5.95,Passo Fundo,RS,Sul,-28.27,-52.41
2015,353,23.63,0.89,0.94,21.45,91.97,3.09,10.58,5.32,Passo Fundo,RS,Sul,-28.27,-52.41
2015,354,0.44,0.89,0.88,26.05,83.32,3.12,21.71,10.16,Passo Fundo,RS,Sul,-28.27,-52.41
2015,355,36.18,0.89,0.94,25.55,87.43,2.07,7.1,3.51,Passo Fundo,RS,Sul,-28.27,-52.41
2015,356,13.29,0.91,0.94,26.3,90.42,2.41,21.47,9.99,Passo Fundo,RS,Sul,-28.27,-52.41
2015,357,8.05,0.91,0.92,26.99,92.37,2.2,11.96,5.94,Passo Fundo,RS,Sul,-28.27,-52.41
2015,358,22.29,0.92,0.95,24.84,93.17,1.42,5.4,2.86,Passo Fundo,RS,Sul,-28.27,-52.41
2015,359,0.81,0.91,0.9,28.14,85.98,1.92,18.44,8.77,Passo Fundo,RS,Sul,-28.27,-52.41
2015,360,0.0,0.9,0.89,28.61,85.87,1.52,24.56,11.39,Passo Fundo,RS,Sul,-28.27,-52.41
2015,361,5.34,0.9,0.9,26.47,91.14,1.33,11.15,5.52,Passo Fundo,RS,Sul,-28.27,-52.41
2015,362,1.36,0.9,0.89,28.28,82.21,0.72,23.24,10.93,Passo Fundo,RS,Sul,-28.27,-52.41
2015,363,8.63,0.9,0.91,28.86,89.07,1.94,18.13,8.7,Passo Fundo,RS,Sul,-28.27,-52.41
2015,364,16.22,0.91,0.93,26.5,92.74,3.05,12.11,6.0,Passo Fundo,RS,Sul,-28.27,-52.41
2015,365,6.12,0.92,0.92,27.38,89.31,2.64,20.87,9.74,Passo Fundo,RS,Sul,-28.27,-52.41
2016,1,1.48,0.91,0.9,27.03,86.15,1.57,18.35,8.74,Passo Fundo,RS,Sul,-28.27,-52.41
2016,2,0.37,0.9,0.89,29.06,84.21,1.99,20.64,9.67,Passo Fundo,RS,Sul,-28.27,-52.41
2016,3,0.02,0.89,0.88,29.03,80.32,2.38,24.53,11.38,Passo Fundo,RS,Sul,-28.27,-52.41
2016,4,2.23,0.89,0.88,26.56,83.03,2.1,19.26,9.05,Passo Fundo,RS,Sul,-28.27,-52.41
2016,5,2.35,0.88,0.88,28.98,83.69,2.72,14.34,7.0,Passo Fundo,RS,Sul,-28.27,-52.41
2016,6,9.5,0.89,0.91,26.31,93.59,1.84,10.4,5.24,Passo Fundo,RS,Sul,-28.27,-52.41
2016,7,0.86,0.89,0.88,28.48,87.67,1.95,19.28,9.15,Passo Fundo,RS,Sul,-28.27,-52.41
2016,8,1.09,0.89,0.88,29.46,86.06,1.66,25.33,11.82,Passo Fundo,RS,Sul,-28.27,-52.41
2016,9,15.11,0.89,0.92,27.16,91.15,1.16,20.73,9.8,Passo Fundo,RS,Sul,-28.27,-52.41
2016,10,1.5,0.9,0.89,25.57,88.39,2.06,23.94,11.21,Passo Fundo,RS,Sul,-28.27,-52.41
2016,11,0.02,0.89,0.88,29.59,84.1,1.35,29.74,13.78,Passo Fundo,RS,Sul,-28.27,-52.41
2016,12,0.0,0.88,0.87,30.26,83.04,1.46,30.19,13.95,Passo Fundo,RS,Sul,-28.27,-52.41
2016,13,0.05,0.87,0.86,28.96,83.92,1.87,29.01,13.4,Passo Fundo,RS,Sul,-28.27,-52.41
2016,14,0.05,0.86,0.86,28.14,81.78,3.0,26.18,12.01,Passo Fundo,RS,Sul,-28.27,-52.41
2016,15,0.0,0.86,0.85,29.15,81.15,1.73,30.18,13.87,Passo Fundo,RS,Sul,-28.27,-52.41
2016,16,0.0,0.85,0.85,29.2,80.08,1.97,31.92,14.41,Passo Fundo,RS,Sul,-28.27,-52.41
2016,17,0.0,0.84,0.84,29.5,74.87,1.65,32.12,14.48,Passo Fundo,RS,Sul,-28.27,-52.41
2016,18,0.0,0.84,0.83,29.68,76.72,1.39,31.42,14.32,Passo Fundo,RS,Sul,-28.27,-52.41
2016,19,0.0,0.83,0.83,29.29,75.17,1.58,30.41,14.0,Passo Fundo,RS,Sul,-28.27,-52.41
2016,20,0.0,0.82,0.82,28.57,79.06,1.75,31.6,14.36,Passo Fundo,RS,Sul,-28.27,-52.41
2016,21,0.04,0.82,0.82,28.4,79.64,2.05,30.69,14.02,Passo Fundo,RS,Sul,-28.27,-52.41
2016,22,0.04,0.81,0.82,28.05,76.25,1.76,30.8,13.91,Passo Fundo,RS,Sul,-28.27,-52.41
2016,23,0.0,0.81,0.81,29.59,76.6,1.33,31.15,14.23,Passo Fundo,RS,Sul,-28.27,-52.41
2016,24,0.0,0.8,0.81,30.09,74.78,1.79,30.42,14.03,Passo Fundo,RS,Sul,-28.27,-52.41
2016,25,0.37,0.8,0.8,30.1,80.4,2.39,23.47,10.85,Passo Fundo,RS,Sul,-28.27,-52.41
2016,26,20.83,0.8,0.85,24.46,88.93,2.25,5.46,2.87,Passo Fundo,RS,Sul,-28.27,-52.41
2016,27,0.54,0.83,0.84,25.53,80.72,3.31,24.85,11.43,Passo Fundo,RS,Sul,-28.27,-52.41
2016,28,0.0,0.82,0.82,27.34,84.62,1.87,21.99,10.24,Passo Fundo,RS,Sul,-28.27,-52.41
2016,29,1.53,0.81,0.82,28.94,82.82,1.66,27.56,12.78,Passo Fundo,RS,Sul,-28.27,-52.41
2016,30,20.57,0.82,0.86,25.93,91.11,1.63,16.29,7.85,Passo Fundo,RS,Sul,-28.27,-52.41
2016,31,43.75,0.87,0.96,24.42,90.31,1.79,9.97,4.96,Passo Fundo,RS,Sul,-28.27,-52.41
2016,32,1.41,0.86,0.86,25.26,84.57,2.35,19.46,9.02,Passo Fundo,RS,Sul,-28.27,-52.41
2016,33,0.06,0.85,0.85,23.07,87.74,1.94,16.68,7.73,Passo Fundo,RS,Sul,-28.27,-52.41
2016,34,22.28,0.85,0.92,24.92,90.01,1.2,8.92,4.52,Passo Fundo,RS,Sul,-28.27,-52.41
2016,35,7.79,0.88,0.89,27.42,86.33,1.83,14.88,7.2,Passo Fundo,RS,Sul,-28.27,-52.41
2016,36,2.28,0.86,0.86,28.89,84.78,1.38,23.91,11.09,Passo Fundo,RS,Sul,-28.27,-52.41
2016,37,0.8,0.85,0.85,26.0,87.83,1.57,23.51,10.9,Passo Fundo,RS,Sul,-28.27,-52.41
2016,38,0.12,0.84,0.84,30.35,79.5,1.3,27.15,12.64,Passo Fundo,RS,Sul,-28.27,-52.41
2016,39,0.59,0.83,0.83,29.27,84.87,2.25,23.5,11.1,Passo Fundo,RS,Sul,-28.27,-52.41
2016,40,9.64,0.83,0.87,27.95,90.43,1.83,14.85,7.2,Passo Fundo,RS,Sul,-28.27,-52.41
2016,41,2.66,0.84,0.85,28.48,85.78,1.16,22.24,10.27,Passo Fundo,RS,Sul,-28.27,-52.41
2016,42,1.75,0.84,0.84,28.74,86.43,1.65,26.09,12.06,Passo Fundo,RS,Sul,-28.27,-52.41
2016,43,1.49,0.83,0.84,29.98,82.28,1.41,23.53,10.9,Passo Fundo,RS,Sul,-28.27,-52.41
2016,44,30.13,0.84,0.92,26.32,92.34,1.96,16.65,7.93,Passo Fundo,RS,Sul,-28.27,-52.41
2016,45,9.39,0.87,0.9,28.7,89.41,0.98,10.39,5.09,Passo Fundo,RS,Sul,-28.27,-52.41
2016,46,13.17,0.87,0.9,27.19,88.89,1.65,21.23,9.89,Passo Fundo,RS,Sul,-28.27,-52.41
2016,47,11.82,0.88,0.91,26.69,87.27,2.15,11.98,5.91,Passo Fundo,RS,Sul,-28.27,-52.41
2016,48,8.22,0.88,0.89,29.31,88.9,2.19,21.75,10.18,Passo Fundo,RS,Sul,-28.27,-52.41
2016,49,2.07,0.87,0.87,29.12,88.38,1.12,26.01,12.08,Passo Fundo,RS,Sul,-28.27,-52.41
2016,50,0.02,0.86,0.85,30.56,83.09,1.12,28.01,12.79,Passo Fundo,RS,Sul,-28.27,-52.41
2016,51,3.24,0.85,0.86,27.75,88.46,0.79,15.49,7.33,Passo Fundo,RS,Sul,-28.27,-52.41
2016,52,0.69,0.85,0.85,29.28,84.14,1.24,24.83,11.49,Passo Fundo,RS,Sul,-28.27,-52.41
2016,53,2.29,0.84,0.85,26.76,85.91,1.37,22.04,10.3,Passo Fundo,RS,Sul,-28.27,-52.41
2016,54,0.71,0.84,0.84,29.25,81.01,0.87,23.79,11.1,Passo Fundo,RS,Sul,-28.27,-52.41
2016,55,0.36,0.84,0.84,27.98,85.93,1.92,17.42,8.25,Passo Fundo,RS,Sul,-28.27,-52.41
2016,56,0.02,0.83,0.83,29.12,83.32,1.16,22.42,10.44,Passo Fundo,RS,Sul,-28.27,-52.41
2016,57,15.3,0.84,0.88,28.2,87.27,1.82,22.33,10.48,Passo Fundo,RS,Sul,-28.27,-52.41
2016,58,5.88,0.85,0.87,25.67,91.65,1.9,11.96,5.86,Passo Fundo,RS,Sul,-28.27,-52.41
2016,59,0.09,0.85,0.84,25.73,84.23,1.75,22.32,10.16,Passo Fundo,RS,Sul,-28.27,-52.41
2016,60,0.04,0.84,0.84,25.91,77.72,2.05,28.19,12.69,Passo Fundo,RS,Sul,-28.27,-52.41
2016,61,0.0,0.83,0.83,26.72,75.62,1.82,26.62,11.9,Passo Fundo,RS,Sul,-28.27,-52.41
2016,62,18.33,0.83,0.86,23.27,86.65,2.7,9.08,4.45,Passo Fundo,RS,Sul,-28.27,-52.41
2016,63,27.95,0.87,0.92,22.68,88.07,3.05,13.51,6.52,Passo Fundo,RS,Sul,-28.27,-52.41
2016,64,1.7,0.86,0.86,22.97,87.69,1.82,16.99,7.78,Passo Fundo,RS,Sul,-28.27,-52.41
2016,65,0.1,0.85,0.85,23.57,81.06,1.11,22.64,10.28,Passo Fundo,RS,Sul,-28.27,-52.41
2016,66,0.0,0.84,0.84,24.16,81.86,1.53,23.67,10.7,Passo Fundo,RS,Sul,-28.27,-52.41
2016,67,0.0,0.84,0.83,25.17,75.51,0.78,25.58,11.41,Passo Fundo,RS,Sul,-28.27,-52.41
2016,68,2.04,0.83,0.84,28.11,80.49,1.54,23.47,10.68,Passo Fundo,RS,Sul,-28.27,-52.41
2016,69,28.22,0.84,0.9,25.13,92.15,1.46,3.5,1.91,Passo Fundo,RS,Sul,-28.27,-52.41
2016,70,14.93,0.87,0.9,23.01,88.64,2.43,12.15,5.86,Passo Fundo,RS,Sul,-28.27,-52.41
2016,71,8.43,0.86,0.88,21.54,88.38,1.62,14.47,6.77,Passo Fundo,RS,Sul,-28.27,-52.41
2016,72,1.49,0.86,0.86,22.31,83.3,1.96,17.19,7.95,Passo Fundo,RS,Sul,-28.27,-52.41
2016,73,0.03,0.85,0.84,24.49,82.35,2.3,22.34,10.2,Passo Fundo,RS,Sul,-28.27,-52.41
2016,74,0.0,0.84,0.84,26.6,82.6,1.5,23.59,10.84,Passo Fundo,RS,Sul,-28.27,-52.41
2016,75,0.0,0.83,0.83,27.87,83.34,1.62,23.5,10.77,Passo Fundo,RS,Sul,-28.27,-52.41
2016,76,0.0,0.83,0.83,27.91,84.01,1.53,23.17,10.63,Passo Fundo,RS,Sul,-28.27,-52.41
2016,77,0.0,0.82,0.82,28.79,80.37,1.67,24.03,11.09,Passo Fundo,RS,Sul,-28.27,-52.41
2016,78,0.9,0.82,0.82,28.7,84.42,2.3,22.16,10.24,Passo Fundo,RS,Sul,-28.27,-52.41
2016,79,3.95,0.82,0.84,26.4,89.01,1.44,14.05,6.67,Passo Fundo,RS,Sul,-28.27,-52.41
2016,80,22.81,0.84,0.89,27.23,88.02,1.75,10.01,4.85,Passo Fundo,RS,Sul,-28.27,-52.41
2016,81,12.13,0.85,0.89,24.29,93.6,2.23,10.57,5.1,Passo Fundo,RS,Sul,-28.27,-52.41
2016,82,1.34,0.86,0.86,24.35,86.65,1.92,18.59,8.45,Passo Fundo,RS,Sul,-28.27,-52.41
2016,83,0.05,0.85,0.84,24.31,83.16,1.54,22.32,10.07,Passo Fundo,RS,Sul,-28.27,-52.41
2016,84,0.93,0.84,0.84,25.68,86.14,2.18,16.65,7.63,Passo Fundo,RS,Sul,-28.27,-52.41
2016,85,54.6,0.87,0.96,21.8,92.92,3.64,5.04,2.66,Passo Fundo,RS,Sul,-28.27,-52.41
2016,86,6.29,0.89,0.9,20.84,87.37,3.4,10.53,5.1,Passo Fundo,RS,Sul,-28.27,-52.41
2016,87,3.64,0.87,0.87,20.54,89.69,3.37,9.31,4.55,Passo Fundo,RS,Sul,-28.27,-52.41
2016,88,0.82,0.86,0.86,23.18,86.59,2.35,12.64,5.86,Passo Fundo,RS,Sul,-28.27,-52.41
2016,89,0.02,0.85,0.85,24.21,83.65,1.1,17.28,7.81,Passo Fundo,RS,Sul,-28.27,-52.41
2016,90,0.24,0.85,0.85,25.71,83.9,1.07,20.12,9.09,Passo Fundo,RS,Sul,-28.27,-52.41
2016,91,0.12,0.84,0.84,27.61,82.7,1.2,20.65,9.42,Passo Fundo,RS,Sul,-28.27,-52.41
2016,92,0.01,0.84,0.84,28.68,82.12,1.08,20.73,9.49,Passo Fundo,RS,Sul,-28.27,-52.41
2016,93,2.39,0.83,0.85,28.04,86.9,1.76,15.85,7.4,Passo Fundo,RS,Sul,-28.27,-52.41
2016,94,1.22,0.84,0.84,28.3,87.5,1.41,15.93,7.47,Passo Fundo,RS,Sul,-28.27,-52.41
2016,95,0.04,0.83,0.83,29.75,83.07,1.53,16.53,7.68,Passo Fundo,RS,Sul,-28.27,-52.41
2016,96,0.5,0.83,0.83,29.47,84.04,1.89,14.31,6.69,Passo Fundo,RS,Sul,-28.27,-52.41
2016,97,1.14,0.83,0.83,29.49,85.96,2.2,18.09,8.38,Passo Fundo,RS,Sul,-28.27,-52.41
2016,98,4.24,0.83,0.85,26.36,90.97,1.19,16.88,7.95,Passo Fundo,RS,Sul,-28.27,-52.41
2016,99,5.8,0.84,0.86,27.49,89.17,1.22,13.7,6.5,Passo Fundo,RS,Sul,-28.27,-52.41
2016,100,3.88,0.84,0.86,26.55,86.73,0.84,8.31,4.13,Passo Fundo,RS,Sul,-28.27,-52.41
2016,101,15.03,0.85,0.9,25.75,91.09,1.22,9.71,4.7,Passo Fundo,RS,Sul,-28.27,-52.41
2016,102,5.61,0.87,0.88,26.1,89.2,1.68,7.15,3.56,Passo Fundo,RS,Sul,-28.27,-52.41
2016,103,2.09,0.86,0.86,24.89,90.18,1.77,11.31,5.34,Passo Fundo,RS,Sul,-28.27,-52.41
2016,104,14.33,0.86,0.9,24.51,93.53,1.96,7.87,3.81,Passo Fundo,RS,Sul,-28.27,-52.41
2016,105,0.67,0.87,0.87,27.33,87.39,1.49,16.1,7.53,Passo Fundo,RS,Sul,-28.27,-52.41
2016,106,0.03,0.86,0.85,28.95,83.89,2.08,19.41,9.02,Passo Fundo,RS,Sul,-28.27,-52.41
2016,107,0.44,0.85,0.85,29.09,85.23,2.15,17.99,8.39,Passo Fundo,RS,Sul,-28.27,-52.41
2016,108,0.0,0.85,0.84,29.68,83.85,2.13,17.98,8.35,Passo Fundo,RS,Sul,-28.27,-52.41
2016,109,0.0,0.84,0.84,28.07,83.18,2.03,15.43,7.11,Passo Fundo,RS,Sul,-28.27,-52.41
2016,110,0.07,0.84,0.83,29.11,82.54,2.82,16.62,7.6,Passo Fundo,RS,Sul,-28.27,-52.41
2016,111,0.17,0.83,0.83,28.24,85.75,1.88,17.66,8.19,Passo Fundo,RS,Sul,-28.27,-52.41
2016,112,7.41,0.83,0.85,26.83,86.55,2.81,6.76,3.33,Passo Fundo,RS,Sul,-28.27,-52.41
2016,113,17.63,0.85,0.9,24.48,89.56,2.3,7.93,3.84,Passo Fundo,RS,Sul,-28.27,-52.41
2016,114,8.61,0.86,0.89,26.93,89.94,2.47,8.61,4.13,Passo Fundo,RS,Sul,-28.27,-52.41
2016,115,1.01,0.86,0.86,28.29,84.62,2.87,8.61,4.13,Passo Fundo,RS,Sul,-28.27,-52.41
2016,116,51.47,0.86,0.91,24.72,92.62,3.37,5.01,2.55,Passo Fundo,RS,Sul,-28.27,-52.41
2016,117,15.53,0.87,0.91,15.59,90.8,3.12,3.8,1.95,Passo Fundo,RS,Sul,-28.27,-52.41
2016,118,0.89,0.88,0.88,11.66,82.05,2.59,11.46,4.92,Passo Fundo,RS,Sul,-28.27,-52.41
2016,119,0.0,0.87,0.86,12.87,77.12,1.36,17.17,7.42,Passo Fundo,RS,Sul,-28.27,-52.41
2016,120,0.08,0.86,0.86,12.28,76.37,1.08,15.31,6.64,Passo Fundo,RS,Sul,-28.27,-52.41
2016,121,0.08,0.86,0.86,13.59,81.88,1.47,17.03,7.34,Passo Fundo,RS,Sul,-28.27,-52.41
2016,122,0.0,0.85,0.85,18.49,77.35,1.21,18.65,8.04,Passo Fundo,RS,Sul,-28.27,-52.41
2016,123,0.04,0.85,0.85,19.94,77.94,1.42,16.59,7.28,Passo Fundo,RS,Sul,-28.27,-52.41
2016,124,0.0,0.85,0.85,20.4,82.86,1.53,14.8,6.57,Passo Fundo,RS,Sul,-28.27,-52.41
2016,125,0.37,0.85,0.85,20.9,81.12,1.26,16.0,7.06,Passo Fundo,RS,Sul,-28.27,-52.41
2016,126,0.31,0.85,0.85,21.47,81.34,1.32,16.11,7.12,Passo Fundo,RS,Sul,-28.27,-52.41
2016,127,3.77,0.85,0.86,18.84,92.36,2.05,6.2,3.01,Passo Fundo,RS,Sul,-28.27,-52.41
2016,128,1.02,0.85,0.85,20.02,90.24,1.56,8.34,3.93,Passo Fundo,RS,Sul,-28.27,-52.41
2016,129,1.95,0.85,0.86,19.7,92.3,1.7,8.94,4.15,Passo Fundo,RS,Sul,-28.27,-52.41
2016,130,1.94,0.85,0.86,21.4,92.41,1.19,8.63,4.02,Passo Fundo,RS,Sul,-28.27,-52.41
2016,131,1.78,0.85,0.86,21.67,89.0,1.5,8.87,4.13,Passo Fundo,RS,Sul,-28.27,-52.41
2016,132,0.16,0.85,0.85,19.37,87.67,2.48,7.25,3.39,Passo Fundo,RS,Sul,-28.27,-52.41
2016,133,0.03,0.85,0.85,16.84,88.1,2.71,7.58,3.52,Passo Fundo,RS,Sul,-28.27,-52.41
2016,134,0.01,0.85,0.85,20.51,87.43,2.31,9.26,4.22,Passo Fundo,RS,Sul,-28.27,-52.41
2016,135,0.02,0.85,0.85,22.24,86.53,1.9,13.4,6.04,Passo Fundo,RS,Sul,-28.27,-52.41
2016,136,23.88,0.85,0.88,21.32,89.62,4.36,1.1,0.6,Passo Fundo,RS,Sul,-28.27,-52.41
2016,137,0.94,0.86,0.86,14.2,85.85,2.65,7.15,3.33,Passo Fundo,RS,Sul,-28.27,-52.41
2016,138,0.0,0.85,0.85,13.36,79.05,1.76,15.0,6.5,Passo Fundo,RS,Sul,-28.27,-52.41
2016,139,0.0,0.85,0.85,14.35,79.99,1.27,15.37,6.8,Passo Fundo,RS,Sul,-28.27,-52.41
2016,140,0.01,0.85,0.85,16.8,82.1,2.14,15.55,6.83,Passo Fundo,RS,Sul,-28.27,-52.41
2016,141,12.68,0.86,0.89,17.45,94.33,1.64,3.92,1.95,Passo Fundo,RS,Sul,-28.27,-52.41
2016,142,2.67,0.86,0.87,16.04,94.21,1.31,6.63,3.07,Passo Fundo,RS,Sul,-28.27,-52.41
2016,143,6.02,0.86,0.88,13.2,95.39,1.31,3.51,1.74,Passo Fundo,RS,Sul,-28.27,-52.41
2016,144,1.09,0.86,0.87,13.95,86.0,1.96,14.29,6.22,Passo Fundo,RS,Sul,-28.27,-52.41
2016,145,0.08,0.86,0.86,17.72,84.03,2.0,15.08,6.58,Passo Fundo,RS,Sul,-28.27,-52.41
2016,146,0.03,0.86,0.86,18.11,87.67,1.72,12.97,5.79,Passo Fundo,RS,Sul,-28.27,-52.41
2016,147,0.03,0.85,0.86,18.12,91.22,1.13,6.77,3.21,Passo Fundo,RS,Sul,-28.27,-52.41
2016,148,0.02,0.85,0.85,19.56,88.75,2.22,7.42,3.44,Passo Fundo,RS,Sul,-28.27,-52.41
2016,149,0.09,0.85,0.85,21.03,88.64,1.92,9.93,4.53,Passo Fundo,RS,Sul,-28.27,-52.41
2016,150,8.65,0.86,0.89,16.78,95.22,1.71,3.69,1.84,Passo Fundo,RS,Sul,-28.27,-52.41
2016,151,0.99,0.86,0.86,15.72,92.74,2.05,6.34,2.95,Passo Fundo,RS,Sul,-28.27,-52.41
2016,152,0.14,0.86,0.86,15.61,88.08,1.7,7.25,3.25,Passo Fundo,RS,Sul,-28.27,-52.41
2016,153,0.1,0.85,0.85,16.68,80.38,0.9,8.97,3.79,Passo Fundo,RS,Sul,-28.27,-52.41
2016,154,0.21,0.85,0.85,15.98,81.66,1.17,12.84,5.62,Passo Fundo,RS,Sul,-28.27,-52.41
2016,155,0.02,0.85,0.85,13.66,86.06,1.91,7.84,3.56,Passo Fundo,RS,Sul,-28.27,-52.41
2016,156,0.01,0.85,0.85,14.35,86.65,0.97,10.58,4.68,Passo Fundo,RS,Sul,-28.27,-52.41
2016,157,0.04,0.85,0.85,15.66,85.24,1.53,10.92,4.8,Passo Fundo,RS,Sul,-28.27,-52.41
2016,158,0.0,0.85,0.85,13.46,86.36,1.39,7.71,3.37,Passo Fundo,RS,Sul,-28.27,-52.41
2016,159,0.0,0.85,0.85,12.31,86.72,1.72,12.23,5.32,Passo Fundo,RS,Sul,-28.27,-52.41
2016,160,0.01,0.85,0.85,11.72,80.99,2.28,14.45,6.19,Passo Fundo,RS,Sul,-28.27,-52.41
2016,161,0.0,0.85,0.85,12.03,68.22,1.0,14.99,6.37,Passo Fundo,RS,Sul,-28.27,-52.41
2016,162,0.0,0.85,0.85,12.45,72.85,2.26,11.31,4.92,Passo Fundo,RS,Sul,-28.27,-52.41
2016,163,0.0,0.85,0.85,9.59,83.04,1.51,13.89,5.99,Passo Fundo,RS,Sul,-28.27,-52.41
2016,164,0.0,0.84,0.85,12.34,73.48,1.24,13.69,5.86,Passo Fundo,RS,Sul,-28.27,-52.41
2016,165,0.0,0.84,0.85,15.58,75.29,1.75,14.7,6.28,Passo Fundo,RS,Sul,-28.27,-52.41
2016,166,0.0,0.84,0.85,17.2,83.48,1.93,13.71,5.88,Passo Fundo,RS,Sul,-28.27,-52.41
2016,167,0.0,0.84,0.84,18.52,83.52,1.36,10.68,4.77,Passo Fundo,RS,Sul,-28.27,-52.41
2016,168,10.69,0.84,0.86,18.51,91.4,1.1,4.74,2.24,Passo Fundo,RS,Sul,-28.27,-52.41
2016,169,4.17,0.86,0.89,14.33,92.8,1.26,5.77,2.63,Passo Fundo,RS,Sul,-28.27,-52.41
2016,170,0.12,0.85,0.85,14.75,84.91,1.72,11.7,4.96,Passo Fundo,RS,Sul,-28.27,-52.41
2016,171,0.02,0.85,0.85,13.92,82.77,1.67,13.98,5.9,Passo Fundo,RS,Sul,-28.27,-52.41
2016,172,0.01,0.85,0.85,13.25,82.51,2.84,12.88,5.42,Passo Fundo,RS,Sul,-28.27,-52.41
2016,173,0.65,0.85,0.85,14.13,83.95,3.01,10.33,4.67,Passo Fundo,RS,Sul,-28.27,-52.41
2016,174,2.19,0.85,0.86,13.4,94.62,1.46,5.3,2.43,Passo Fundo,RS,Sul,-28.27,-52.41
2016,175,0.37,0.85,0.85,16.23,88.32,0.82,9.04,3.96,Passo Fundo,RS,Sul,-28.27,-52.41
2016,176,0.08,0.85,0.85,17.78,90.05,2.03,11.6,5.01,Passo Fundo,RS,Sul,-28.27,-52.41
2016,177,0.03,0.85,0.85,19.2,90.19,2.51,10.39,4.72,Passo Fundo,RS,Sul,-28.27,-52.41
2016,178,0.02,0.84,0.85,22.51,86.93,2.04,11.24,5.09,Passo Fundo,RS,Sul,-28.27,-52.41
2016,179,0.03,0.84,0.84,21.51,85.59,1.57,12.65,5.64,Passo Fundo,RS,Sul,-28.27,-52.41
2016,180,0.1,0.84,0.84,20.99,86.15,0.83,9.87,4.45,Passo Fundo,RS,Sul,-28.27,-52.41
2016,181,0.04,0.84,0.84,21.5,84.88,1.28,12.13,5.45,Passo Fundo,RS,Sul,-28.27,-52.41
2016,182,0.0,0.84,0.84,21.22,87.75,1.79,8.36,3.83,Passo Fundo,RS,Sul,-28.27,-52.41
2016,183,0.0,0.84,0.84,22.91,86.89,1.82,13.41,5.97,Passo Fundo,RS,Sul,-28.27,-52.41
2016,184,0.01,0.84,0.84,22.77,86.57,1.75,13.05,5.8,Passo Fundo,RS,Sul,-28.27,-52.41
2016,185,0.0,0.83,0.84,23.43,86.17,2.27,13.43,6.07,Passo Fundo,RS,Sul,-28.27,-52.41
2016,186,0.0,0.83,0.83,23.35,86.19,2.36,11.62,5.26,Passo Fundo,RS,Sul,-28.27,-52.41
2016,187,5.93,0.83,0.86,20.48,89.26,3.0,6.44,3.04,Passo Fundo,RS,Sul,-28.27,-52.41
2016,188,23.82,0.86,0.92,16.22,89.62,3.9,6.11,2.81,Passo Fundo,RS,Sul,-28.27,-52.41
2016,189,0.25,0.86,0.85,14.74,85.47,2.41,13.45,5.84,Passo Fundo,RS,Sul,-28.27,-52.41
2016,190,0.12,0.85,0.85,15.23,82.33,1.13,12.58,5.45,Passo Fundo,RS,Sul,-28.27,-52.41
2016,191,13.96,0.86,0.9,13.06,92.5,1.7,2.48,1.3,Passo Fundo,RS,Sul,-28.27,-52.41
2016,192,1.02,0.86,0.86,22.43,90.17,1.4,12.76,5.76,Passo Fundo,RS,Sul,-28.27,-52.41
2016,193,9.98,0.86,0.89,22.04,89.22,3.13,5.61,2.67,Passo Fundo,RS,Sul,-28.27,-52.41
2016,194,5.79,0.87,0.89,18.47,90.11,2.0,9.9,4.38,Passo Fundo,RS,Sul,-28.27,-52.41
2016,195,6.35,0.86,0.87,21.68,87.1,1.55,11.48,5.15,Passo Fundo,RS,Sul,-28.27,-52.41
2016,196,78.83,0.9,0.99,20.53,95.1,2.26,2.08,1.11,Passo Fundo,RS,Sul,-28.27,-52.41
2016,197,3.78,0.9,0.91,18.96,88.08,1.7,10.23,4.49,Passo Fundo,RS,Sul,-28.27,-52.41
2016,198,0.37,0.89,0.88,12.81,82.13,2.86,12.62,5.46,Passo Fundo,RS,Sul,-28.27,-52.41
2016,199,0.3,0.88,0.88,9.23,79.28,2.44,12.02,5.16,Passo Fundo,RS,Sul,-28.27,-52.41
2016,200,0.0,0.88,0.87,11.78,84.13,1.74,11.43,4.99,Passo Fundo,RS,Sul,-28.27,-52.41
2016,201,0.0,0.87,0.87,13.08,85.13,1.85,13.91,6.02,Passo Fundo,RS,Sul,-28.27,-52.41
2016,202,0.01,0.87,0.87,13.44,81.61,2.01,15.43,6.58,Passo Fundo,RS,Sul,-28.27,-52.41
2016,203,0.01,0.87,0.87,15.11,82.04,1.73,14.72,6.23,Passo Fundo,RS,Sul,-28.27,-52.41
2016,204,0.0,0.87,0.87,18.12,81.4,1.54,14.19,6.07,Passo Fundo,RS,Sul,-28.27,-52.41
2016,205,0.05,0.87,0.87,19.17,87.42,2.02,14.94,6.6,Passo Fundo,RS,Sul,-28.27,-52.41
2016,206,0.0,0.87,0.86,21.92,88.76,1.31,13.89,6.23,Passo Fundo,RS,Sul,-28.27,-52.41
2016,207,0.22,0.86,0.86,23.42,84.63,2.6,13.23,5.86,Passo Fundo,RS,Sul,-28.27,-52.41
2016,208,18.83,0.88,0.92,19.08,89.71,4.01,2.71,1.42,Passo Fundo,RS,Sul,-28.27,-52.41
2016,209,0.16,0.88,0.87,13.24,83.55,2.39,8.99,3.91,Passo Fundo,RS,Sul,-28.27,-52.41
2016,210,0.0,0.87,0.87,14.57,84.66,2.32,15.32,6.65,Passo Fundo,RS,Sul,-28.27,-52.41
2016,211,0.0,0.87,0.87,20.15,85.75,1.95,14.56,6.37,Passo Fundo,RS,Sul,-28.27,-52.41
2016,212,0.0,0.87,0.86,23.73,84.96,2.07,13.4,6.04,Passo Fundo,RS,Sul,-28.27,-52.41
2016,213,0.0,0.86,0.86,23.91,82.85,2.4,15.16,6.79,Passo Fundo,RS,Sul,-28.27,-52.41
2016,214,1.63,0.86,0.87,18.76,92.04,2.2,6.44,3.06,Passo Fundo,RS,Sul,-28.27,-52.41
2016,215,1.94,0.86,0.87,16.88,85.0,2.82,11.65,4.98,Passo Fundo,RS,Sul,-28.27,-52.41
2016,216,6.53,0.87,0.89,20.91,91.06,1.8,13.19,5.83,Passo Fundo,RS,Sul,-28.27,-52.41
2016,217,0.01,0.87,0.87,23.97,87.77,1.96,13.72,6.18,Passo Fundo,RS,Sul,-28.27,-52.41
2016,218,0.01,0.86,0.86,24.38,85.34,2.22,15.14,6.72,Passo Fundo,RS,Sul,-28.27,-52.41
2016,219,6.08,0.86,0.87,21.94,88.02,2.72,7.44,3.44,Passo Fundo,RS,Sul,-28.27,-52.41
2016,220,11.37,0.88,0.9,15.8,83.64,1.46,15.19,6.55,Passo Fundo,RS,Sul,-28.27,-52.41
2016,221,1.25,0.87,0.87,19.31,84.34,1.71,9.23,4.0,Passo Fundo,RS,Sul,-28.27,-52.41
2016,222,0.04,0.87,0.86,18.0,81.73,1.29,15.71,6.81,Passo Fundo,RS,Sul,-28.27,-52.41
2016,223,0.0,0.86,0.86,15.87,81.63,1.47,16.96,7.37,Passo Fundo,RS,Sul,-28.27,-52.41
2016,224,0.01,0.86,0.86,17.28,83.28,2.13,18.18,7.89,Passo Fundo,RS,Sul,-28.27,-52.41
2016,225,0.01,0.86,0.86,19.26,76.96,1.57,18.03,7.79,Passo Fundo,RS,Sul,-28.27,-52.41
2016,226,0.0,0.86,0.86,20.43,80.61,1.9,18.71,8.09,Passo Fundo,RS,Sul,-28.27,-52.41
2016,227,2.26,0.86,0.86,23.84,79.7,1.17,16.25,7.2,Passo Fundo,RS,Sul,-28.27,-52.41
2016,228,9.13,0.87,0.9,21.86,92.51,2.09,6.66,3.14,Passo Fundo,RS,Sul,-28.27,-52.41
2016,229,0.69,0.87,0.87,23.9,86.86,2.13,15.52,7.01,Passo Fundo,RS,Sul,-28.27,-52.41
2016,230,14.8,0.87,0.91,20.65,93.16,2.54,6.2,2.98,Passo Fundo,RS,Sul,-28.27,-52.41
2016,231,0.03,0.87,0.87,18.52,74.87,2.51,18.24,7.82,Passo Fundo,RS,Sul,-28.27,-52.41
2016,232,12.56,0.88,0.91,17.49,91.22,2.49,3.15,1.59,Passo Fundo,RS,Sul,-28.27,-52.41
2016,233,19.67,0.89,0.93,18.6,93.53,2.51,2.4,1.27,Passo Fundo,RS,Sul,-28.27,-52.41
2016,234,8.6,0.9,0.92,11.32,83.57,2.99,14.45,6.3,Passo Fundo,RS,Sul,-28.27,-52.41
2016,235,0.07,0.89,0.88,14.55,65.68,0.99,19.99,8.62,Passo Fundo,RS,Sul,-28.27,-52.41
2016,236,0.0,0.88,0.88,18.91,64.33,1.19,18.48,8.26,Passo Fundo,RS,Sul,-28.27,-52.41
2016,237,0.0,0.88,0.87,21.52,77.74,1.75,19.48,8.58,Passo Fundo,RS,Sul,-28.27,-52.41
2016,238,0.0,0.88,0.87,24.8,82.72,1.91,20.0,8.8,Passo Fundo,RS,Sul,-28.27,-52.41
2016,239,0.0,0.87,0.87,28.07,82.39,1.83,18.97,8.53,Passo Fundo,RS,Sul,-28.27,-52.41
2016,240,0.0,0.87,0.86,27.23,81.96,2.41,17.93,8.04,Passo Fundo,RS,Sul,-28.27,-52.41
2016,241,8.3,0.87,0.88,26.54,81.42,2.02,13.11,5.97,Passo Fundo,RS,Sul,-28.27,-52.41
2016,242,20.19,0.89,0.94,23.15,91.04,1.72,4.16,2.1,Passo Fundo,RS,Sul,-28.27,-52.41
2016,243,11.06,0.9,0.93,17.71,93.4,2.34,6.31,3.07,Passo Fundo,RS,Sul,-28.27,-52.41
2016,244,2.82,0.9,0.9,16.67,92.32,2.47,11.62,5.39,Passo Fundo,RS,Sul,-28.27,-52.41
2016,245,0.28,0.89,0.88,21.28,84.95,0.93,12.45,5.52,Passo Fundo,RS,Sul,-28.27,-52.41
2016,246,0.08,0.89,0.88,20.55,87.74,2.03,14.3,6.51,Passo Fundo,RS,Sul,-28.27,-52.41
2016,247,4.2,0.89,0.89,13.84,92.51,2.88,2.85,1.51,Passo Fundo,RS,Sul,-28.27,-52.41
2016,248,6.41,0.89,0.91,19.97,90.34,1.54,6.51,3.19,Passo Fundo,RS,Sul,-28.27,-52.41
2016,249,28.35,0.9,0.92,21.95,89.81,1.51,8.62,4.12,Passo Fundo,RS,Sul,-28.27,-52.41
2016,250,2.53,0.91,0.9,12.5,83.98,4.29,11.21,4.93,Passo Fundo,RS,Sul,-28.27,-52.41
2016,251,0.05,0.9,0.89,14.59,82.57,3.51,10.01,4.64,Passo Fundo,RS,Sul,-28.27,-52.41
2016,252,0.0,0.9,0.89,18.08,82.12,1.34,11.31,5.11,Passo Fundo,RS,Sul,-28.27,-52.41
2016,253,0.0,0.89,0.88,22.24,76.67,1.23,22.54,9.94,Passo Fundo,RS,Sul,-28.27,-52.41
2016,254,0.0,0.89,0.88,24.47,74.26,1.42,22.79,10.1,Passo Fundo,RS,Sul,-28.27,-52.41
2016,255,0.0,0.88,0.87,25.73,75.23,1.4,23.06,10.21,Passo Fundo,RS,Sul,-28.27,-52.41
2016,256,0.11,0.88,0.87,28.11,81.72,2.92,19.05,8.53,Passo Fundo,RS,Sul,-28.27,-52.41
2016,257,16.06,0.89,0.91,21.64,77.22,4.76,6.15,2.88,Passo Fundo,RS,Sul,-28.27,-52.41
2016,258,0.0,0.89,0.88,17.19,80.02,4.0,22.35,9.82,Passo Fundo,RS,Sul,-28.27,-52.41
2016,259,0.01,0.88,0.87,17.74,79.06,1.38,22.92,9.97,Passo Fundo,RS,Sul,-28.27,-52.41
2016,260,0.0,0.88,0.87,22.33,75.45,1.49,23.1,10.05,Passo Fundo,RS,Sul,-28.27,-52.41
2016,261,0.01,0.87,0.87,25.79,80.81,2.26,22.39,9.83,Passo Fundo,RS,Sul,-28.27,-52.41
2016,262,6.71,0.88,0.89,24.74,88.45,1.6,9.04,4.16,Passo Fundo,RS,Sul,-28.27,-52.41
2016,263,0.1,0.87,0.87,18.72,79.36,2.29,21.84,9.48,Passo Fundo,RS,Sul,-28.27,-52.41
2016,264,0.03,0.87,0.87,18.96,82.13,2.06,24.23,10.64,Passo Fundo,RS,Sul,-28.27,-52.41
2016,265,0.0,0.87,0.86,22.84,78.72,2.15,24.69,10.81,Passo Fundo,RS,Sul,-28.27,-52.41
2016,266,0.0,0.86,0.86,22.98,71.05,1.72,25.3,11.03,Passo Fundo,RS,Sul,-28.27,-52.41
2016,267,0.0,0.86,0.85,23.94,72.57,1.43,23.44,10.48,Passo Fundo,RS,Sul,-28.27,-52.41
2016,268,0.24,0.85,0.85,19.14,76.55,2.13,21.7,9.46,Passo Fundo,RS,Sul,-28.27,-52.41
2016,269,0.12,0.85,0.85,19.51,75.46,1.64,25.55,10.96,Passo Fundo,RS,Sul,-28.27,-52.41
2016,270,0.01,0.85,0.85,21.8,76.34,1.77,26.14,11.26,Passo Fundo,RS,Sul,-28.27,-52.41
2016,271,0.0,0.85,0.84,24.63,74.03,1.52,26.31,11.34,Passo Fundo,RS,Sul,-28.27,-52.41
2016,272,0.0,0.84,0.84,26.72,76.64,2.0,26.11,11.34,Passo Fundo,RS,Sul,-28.27,-52.41
2016,273,0.0,0.84,0.84,17.99,78.79,3.21,20.12,8.91,Passo Fundo,RS,Sul,-28.27,-52.41
2016,274,0.0,0.84,0.84,21.09,82.0,3.08,18.54,8.24,Passo Fundo,RS,Sul,-28.27,-52.41
2016,275,0.0,0.84,0.84,23.83,79.88,2.35,24.25,10.79,Passo Fundo,RS,Sul,-28.27,-52.41
2016,276,0.0,0.83,0.83,24.35,79.61,2.05,22.56,10.04,Passo Fundo,RS,Sul,-28.27,-52.41
2016,277,0.01,0.83,0.83,21.62,80.93,1.49,17.37,7.98,Passo Fundo,RS,Sul,-28.27,-52.41
2016,278,0.0,0.83,0.83,23.53,80.12,1.42,22.3,9.97,Passo Fundo,RS,Sul,-28.27,-52.41
2016,279,20.46,0.83,0.88,22.82,83.1,1.71,15.59,7.19,Passo Fundo,RS,Sul,-28.27,-52.41
2016,280,5.69,0.86,0.89,17.27,89.01,1.66,13.58,6.31,Passo Fundo,RS,Sul,-28.27,-52.41
2016,281,0.02,0.85,0.85,22.07,79.35,1.76,22.4,10.02,Passo Fundo,RS,Sul,-28.27,-52.41
2016,282,0.0,0.85,0.84,21.18,76.0,2.21,22.53,9.89,Passo Fundo,RS,Sul,-28.27,-52.41
2016,283,0.0,0.84,0.84,20.8,64.88,1.47,22.74,10.14,Passo Fundo,RS,Sul,-28.27,-52.41
2016,284,0.03,0.83,0.83,24.45,74.23,2.19,24.31,10.53,Passo Fundo,RS,Sul,-28.27,-52.41
2016,285,1.91,0.83,0.84,20.57,84.97,1.15,18.63,8.63,Passo Fundo,RS,Sul,-28.27,-52.41
2016,286,19.46,0.84,0.89,22.91,92.69,1.92,4.29,2.22,Passo Fundo,RS,Sul,-28.27,-52.41
2016,287,6.11,0.87,0.89,22.75,93.52,2.89,20.77,9.55,Passo Fundo,RS,Sul,-28.27,-52.41
2016,288,0.0,0.85,0.85,27.04,81.06,1.36,24.24,10.97,Passo Fundo,RS,Sul,-28.27,-52.41
2016,289,14.65,0.85,0.89,22.4,90.7,2.69,10.63,5.08,Passo Fundo,RS,Sul,-28.27,-52.41
2016,290,9.52,0.87,0.89,30.09,85.53,3.64,17.26,8.05,Passo Fundo,RS,Sul,-28.27,-52.41
2016,291,43.46,0.88,0.94,27.25,89.06,2.58,3.96,2.04,Passo Fundo,RS,Sul,-28.27,-52.41
2016,292,86.57,0.91,0.98,25.54,94.38,2.11,4.02,2.08,Passo Fundo,RS,Sul,-28.27,-52.41
2016,293,21.96,0.92,0.96,27.26,93.28,2.77,5.76,2.9,Passo Fundo,RS,Sul,-28.27,-52.41
2016,294,3.64,0.91,0.91,24.42,81.81,2.28,25.01,11.15,Passo Fundo,RS,Sul,-28.27,-52.41
2016,295,0.03,0.89,0.88,21.4,79.31,2.36,20.29,9.08,Passo Fundo,RS,Sul,-28.27,-52.41
2016,296,0.0,0.88,0.87,25.6,82.43,2.07,20.87,9.26,Passo Fundo,RS,Sul,-28.27,-52.41
2016,297,6.12,0.88,0.89,27.6,88.78,2.15,15.37,7.3,Passo Fundo,RS,Sul,-28.27,-52.41
2016,298,21.21,0.89,0.94,26.89,89.89,1.05,20.36,9.43,Passo Fundo,RS,Sul,-28.27,-52.41
2016,299,2.91,0.91,0.91,24.5,89.13,2.15,12.95,6.24,Passo Fundo,RS,Sul,-28.27,-52.41
2016,300,19.31,0.9,0.93,22.92,92.45,2.67,9.35,4.64,Passo Fundo,RS,Sul,-28.27,-52.41
2016,301,2.22,0.91,0.9,17.66,77.89,4.83,17.34,7.87,Passo Fundo,RS,Sul,-28.27,-52.41
2016,302,0.06,0.9,0.89,17.6,75.25,2.38,27.7,12.07,Passo Fundo,RS,Sul,-28.27,-52.41
2016,303,0.0,0.89,0.88,23.1,76.87,2.36,27.63,12.25,Passo Fundo,RS,Sul,-28.27,-52.41
2016,304,0.0,0.89,0.88,24.6,74.97,2.69,30.02,13.27,Passo Fundo,RS,Sul,-28.27,-52.41
2016,305,0.0,0.88,0.87,27.94,81.06,2.55,27.7,12.41,Passo Fundo,RS,Sul,-28.27,-52.41
2016,306,4.69,0.88,0.89,26.48,85.63,3.31,8.31,4.11,Passo Fundo,RS,Sul,-28.27,-52.41
2016,307,31.22,0.9,0.93,20.19,82.34,3.54,12.71,6.04,Passo Fundo,RS,Sul,-28.27,-52.41
2016,308,0.0,0.89,0.88,19.73,67.7,1.34,30.86,13.48,Passo Fundo,RS,Sul,-28.27,-52.41
2016,309,0.0,0.88,0.87,24.39,66.82,1.46,29.82,13.3,Passo Fundo,RS,Sul,-28.27,-52.41
2016,310,0.0,0.88,0.87,27.38,73.39,1.79,31.14,13.86,Passo Fundo,RS,Sul,-28.27,-52.41
2016,311,0.0,0.87,0.86,27.95,71.84,2.04,30.45,13.71,Passo Fundo,RS,Sul,-28.27,-52.41
2016,312,0.0,0.86,0.86,28.41,74.51,1.36,26.18,11.84,Passo Fundo,RS,Sul,-28.27,-52.41
2016,313,3.86,0.86,0.87,27.51,81.81,1.74,19.75,9.14,Passo Fundo,RS,Sul,-28.27,-52.41
2016,314,15.0,0.88,0.92,24.49,89.45,2.56,13.21,6.47,Passo Fundo,RS,Sul,-28.27,-52.41
2016,315,1.05,0.88,0.87,27.18,79.48,1.4,26.71,12.2,Passo Fundo,RS,Sul,-28.27,-52.41
2016,316,0.05,0.87,0.86,24.43,81.37,2.01,15.52,7.44,Passo Fundo,RS,Sul,-28.27,-52.41
2016,317,0.0,0.86,0.86,23.76,72.06,3.01,31.38,13.8,Passo Fundo,RS,Sul,-28.27,-52.41
2016,318,0.0,0.86,0.85,27.1,76.11,1.8,30.66,13.74,Passo Fundo,RS,Sul,-28.27,-52.41
2016,319,0.0,0.85,0.85,28.45,76.19,1.48,29.71,13.36,Passo Fundo,RS,Sul,-28.27,-52.41
2016,320,0.74,0.84,0.85,26.54,80.76,1.8,23.03,10.69,Passo Fundo,RS,Sul,-28.27,-52.41
2016,321,5.23,0.85,0.87,25.06,83.86,1.43,20.56,9.61,Passo Fundo,RS,Sul,-28.27,-52.41
2016,322,6.47,0.85,0.87,23.17,86.06,2.27,15.89,7.51,Passo Fundo,RS,Sul,-28.27,-52.41
2016,323,1.26,0.86,0.86,18.39,78.19,2.86,24.84,10.96,Passo Fundo,RS,Sul,-28.27,-52.41
2016,324,0.05,0.85,0.85,23.09,73.77,2.22,30.64,13.4,Passo Fundo,RS,Sul,-28.27,-52.41
2016,325,0.02,0.85,0.84,23.98,75.96,1.75,27.08,12.04,Passo Fundo,RS,Sul,-28.27,-52.41
2016,326,0.0,0.84,0.84,25.85,75.62,1.86,27.53,12.32,Passo Fundo,RS,Sul,-28.27,-52.41
2016,327,0.0,0.84,0.83,23.3,76.91,2.22,29.12,13.05,Passo Fundo,RS,Sul,-28.27,-52.41
2016,328,0.01,0.83,0.83,24.47,73.35,1.61,30.68,13.57,Passo Fundo,RS,Sul,-28.27,-52.41
2016,329,0.0,0.83,0.82,27.48,71.69,1.96,32.78,14.5,Passo Fundo,RS,Sul,-28.27,-52.41
2016,330,3.87,0.82,0.84,28.29,81.18,1.54,22.0,10.11,Passo Fundo,RS,Sul,-28.27,-52.41
2016,331,0.22,0.82,0.82,29.25,80.93,1.32,26.44,12.18,Passo Fundo,RS,Sul,-28.27,-52.41
2016,332,14.27,0.83,0.87,27.74,84.11,2.09,11.18,5.5,Passo Fundo,RS,Sul,-28.27,-52.41
2016,333,4.92,0.85,0.87,26.95,87.88,2.64,10.09,5.07,Passo Fundo,RS,Sul,-28.27,-52.41
2016,334,0.01,0.84,0.83,24.12,72.75,3.51,31.4,14.16,Passo Fundo,RS,Sul,-28.27,-52.41
2016,335,0.01,0.83,0.82,24.64,72.6,2.92,33.17,14.49,Passo Fundo,RS,Sul,-28.27,-52.41
2016,336,0.0,0.82,0.82,27.2,73.14,1.81,31.82,14.4,Passo Fundo,RS,Sul,-28.27,-52.41
2016,337,0.05,0.81,0.81,26.07,77.49,1.71,23.51,10.88,Passo Fundo,RS,Sul,-28.27,-52.41
2016,338,25.51,0.83,0.9,23.03,87.48,1.8,7.62,3.94,Passo Fundo,RS,Sul,-28.27,-52.41
2016,339,0.87,0.84,0.84,24.24,82.37,2.48,18.51,8.59,Passo Fundo,RS,Sul,-28.27,-52.41
2016,340,0.08,0.83,0.83,26.49,74.73,1.51,33.43,14.85,Passo Fundo,RS,Sul,-28.27,-52.41
2016,341,0.02,0.82,0.82,28.35,73.7,1.45,26.3,12.0,Passo Fundo,RS,Sul,-28.27,-52.41
2016,342,0.35,0.81,0.81,28.88,74.73,1.24,29.63,13.62,Passo Fundo,RS,Sul,-28.27,-52.41
2016,343,2.95,0.81,0.82,27.15,83.34,1.82,13.23,6.38,Passo Fundo,RS,Sul,-28.27,-52.41
2016,344,2.54,0.81,0.82,23.76,87.66,2.74,17.47,8.31,Passo Fundo,RS,Sul,-28.27,-52.41
2016,345,3.34,0.81,0.83,27.63,87.11,2.02,19.61,9.24,Passo Fundo,RS,Sul,-28.27,-52.41
2016,346,0.02,0.81,0.81,27.74,71.48,1.48,21.22,9.81,Passo Fundo,RS,Sul,-28.27,-52.41
2016,347,0.12,0.8,0.8,28.83,73.57,1.5,30.12,13.75,Passo Fundo,RS,Sul,-28.27,-52.41
2016,348,3.05,0.79,0.8,28.94,76.17,1.94,23.47,10.85,Passo Fundo,RS,Sul,-28.27,-52.41
2016,349,0.31,0.79,0.79,22.97,70.71,2.53,30.68,13.51,Passo Fundo,RS,Sul,-28.27,-52.41
2016,350,0.0,0.79,0.78,23.68,67.21,2.77,33.92,14.94,Passo Fundo,RS,Sul,-28.27,-52.41
2016,351,0.0,0.78,0.78,26.27,74.85,2.36,32.25,14.49,Passo Fundo,RS,Sul,-28.27,-52.41
2016,352,1.74,0.77,0.78,26.33,79.68,2.59,21.22,9.84,Passo Fundo,RS,Sul,-28.27,-52.41
2016,353,12.6,0.78,0.84,26.68,87.25,2.69,18.3,8.71,Passo Fundo,RS,Sul,-28.27,-52.41
2016,354,1.63,0.79,0.81,23.73,89.42,2.54,11.92,5.96,Passo Fundo,RS,Sul,-28.27,-52.41
2016,355,1.24,0.8,0.8,23.88,90.23,1.72,18.96,9.01,Passo Fundo,RS,Sul,-28.27,-52.41
2016,356,1.57,0.79,0.8,28.06,80.89,1.4,28.75,13.15,Passo Fundo,RS,Sul,-28.27,-52.41
2016,357,0.81,0.79,0.78,28.53,81.38,1.93,27.31,12.55,Passo Fundo,RS,Sul,-28.27,-52.41
2016,358,25.96,0.8,0.87,27.62,86.8,3.0,23.79,11.14,Passo Fundo,RS,Sul,-28.27,-52.41
2016,359,4.55,0.82,0.83,28.99,85.8,1.75,21.71,10.17,Passo Fundo,RS,Sul,-28.27,-52.41
2016,360,1.28,0.81,0.81,29.81,81.87,1.65,28.57,13.36,Passo Fundo,RS,Sul,-28.27,-52.41
2016,361,1.45,0.8,0.8,29.62,82.67,2.61,28.3,13.24,Passo Fundo,RS,Sul,-28.27,-52.41
2016,362,3.77,0.79,0.81,29.34,82.91,2.25,16.2,7.73,Passo Fundo,RS,Sul,-28.27,-52.41
2016,363,6.4,0.8,0.83,27.52,86.54,1.06,18.87,9.02,Passo Fundo,RS,Sul,-28.27,-52.41
2016,364,12.02,0.81,0.85,26.04,88.55,1.4,12.86,6.27,Passo Fundo,RS,Sul,-28.27,-52.41
2016,365,4.89,0.82,0.84,26.69,88.71,1.61,21.09,9.99,Passo Fundo,RS,Sul,-28.27,-52.41
2016,366,27.72,0.83,0.9,28.11,90.08,2.19,8.0,4.05,Passo Fundo,RS,Sul,-28.27,-52.41
2017,1,3.14,0.84,0.84,29.3,84.26,1.99,22.75,10.67,Passo Fundo,RS,Sul,-28.27,-52.41
2017,2,2.57,0.82,0.83,30.58,80.56,0.98,22.96,10.63,Passo Fundo,RS,Sul,-28.27,-52.41
2017,3,4.11,0.81,0.82,29.47,83.2,2.31,27.77,12.89,Passo Fundo,RS,Sul,-28.27,-52.41
2017,4,10.74,0.81,0.86,27.28,88.49,2.41,24.64,11.47,Passo Fundo,RS,Sul,-28.27,-52.41
2017,5,19.32,0.84,0.9,25.58,93.41,2.24,11.7,5.77,Passo Fundo,RS,Sul,-28.27,-52.41
2017,6,6.96,0.85,0.87,27.98,86.43,2.2,14.29,6.93,Passo Fundo,RS,Sul,-28.27,-52.41
2017,7,5.3,0.84,0.85,27.54,88.77,2.27,18.28,8.67,Passo Fundo,RS,Sul,-28.27,-52.41
2017,8,14.26,0.84,0.89,27.96,86.33,2.01,20.2,9.55,Passo Fundo,RS,Sul,-28.27,-52.41
2017,9,16.28,0.84,0.89,28.92,88.03,2.03,16.82,7.97,Passo Fundo,RS,Sul,-28.27,-52.41
2017,10,6.67,0.86,0.88,25.98,92.07,2.04,11.78,5.87,Passo Fundo,RS,Sul,-28.27,-52.41
2017,11,1.18,0.85,0.84,28.13,84.48,1.97,26.21,12.14,Passo Fundo,RS,Sul,-28.27,-52.41
2017,12,0.0,0.83,0.83,28.64,79.46,2.2,32.62,14.65,Passo Fundo,RS,Sul,-28.27,-52.41
2017,13,0.0,0.82,0.82,29.73,76.31,1.55,31.13,14.14,Passo Fundo,RS,Sul,-28.27,-52.41
2017,14,0.51,0.81,0.81,29.55,76.22,1.22,22.28,10.32,Passo Fundo,RS,Sul,-28.27,-52.41
2017,15,4.69,0.8,0.83,29.94,81.14,1.35,27.99,13.04,Passo Fundo,RS,Sul,-28.27,-52.41
2017,16,11.62,0.81,0.85,28.69,85.71,2.05,13.21,6.4,Passo Fundo,RS,Sul,-28.27,-52.41
2017,17,1.63,0.82,0.83,26.59,85.78,2.58,23.3,10.8,Passo Fundo,RS,Sul,-28.27,-52.41
2017,18,0.84,0.81,0.81,28.1,83.54,2.01,26.94,12.35,Passo Fundo,RS,Sul,-28.27,-52.41
2017,19,0.05,0.8,0.8,27.41,78.99,2.55,31.59,14.19,Passo Fundo,RS,Sul,-28.27,-52.41
2017,20,0.0,0.79,0.79,27.79,78.56,1.98,28.4,12.9,Passo Fundo,RS,Sul,-28.27,-52.41
2017,21,0.04,0.78,0.78,27.81,79.55,1.49,30.49,13.71,Passo Fundo,RS,Sul,-28.27,-52.41
2017,22,2.03,0.78,0.79,27.38,80.29,1.44,26.83,12.26,Passo Fundo,RS,Sul,-28.27,-52.41
2017,23,4.48,0.77,0.79,27.81,82.71,1.07,27.01,12.46,Passo Fundo,RS,Sul,-28.27,-52.41
2017,24,2.14,0.78,0.78,28.09,83.76,1.59,26.98,12.55,Passo Fundo,RS,Sul,-28.27,-52.41
2017,25,6.88,0.78,0.82,26.49,86.78,1.81,21.39,9.93,Passo Fundo,RS,Sul,-28.27,-52.41
2017,26,2.21,0.78,0.79,22.36,83.7,1.91,20.8,9.55,Passo Fundo,RS,Sul,-28.27,-52.41
2017,27,0.47,0.78,0.78,23.32,80.49,1.58,27.33,12.2,Passo Fundo,RS,Sul,-28.27,-52.41
2017,28,0.01,0.77,0.77,27.46,80.14,1.32,28.79,12.7,Passo Fundo,RS,Sul,-28.27,-52.41
2017,29,3.33,0.77,0.79,27.16,84.59,1.52,21.16,9.86,Passo Fundo,RS,Sul,-28.27,-52.41
2017,30,1.59,0.77,0.78,24.38,88.95,2.01,14.01,6.7,Passo Fundo,RS,Sul,-28.27,-52.41
2017,31,1.0,0.77,0.78,25.64,85.85,2.22,15.63,7.38,Passo Fundo,RS,Sul,-28.27,-52.41
2017,32,10.04,0.78,0.83,24.77,88.68,2.03,18.16,8.59,Passo Fundo,RS,Sul,-28.27,-52.41
2017,33,5.31,0.79,0.82,26.96,86.79,2.11,19.54,9.17,Passo Fundo,RS,Sul,-28.27,-52.41
2017,34,1.44,0.79,0.79,27.87,82.38,1.69,25.04,11.53,Passo Fundo,RS,Sul,-28.27,-52.41
2017,35,0.68,0.78,0.78,29.31,80.86,1.32,28.83,13.28,Passo Fundo,RS,Sul,-28.27,-52.41
2017,36,8.09,0.78,0.81,28.67,87.54,2.31,14.15,6.88,Passo Fundo,RS,Sul,-28.27,-52.41
2017,37,0.03,0.78,0.78,24.02,79.37,1.81,28.82,12.83,Passo Fundo,RS,Sul,-28.27,-52.41
2017,38,0.22,0.77,0.77,25.52,76.73,1.3,30.93,13.65,Passo Fundo,RS,Sul,-28.27,-52.41
2017,39,0.3,0.76,0.76,29.37,79.94,1.45,27.86,12.58,Passo Fundo,RS,Sul,-28.27,-52.41
2017,40,15.89,0.76,0.83,29.2,83.5,1.35,23.81,11.06,Passo Fundo,RS,Sul,-28.27,-52.41
2017,41,1.58,0.78,0.79,25.94,86.68,1.84,16.15,7.64,Passo Fundo,RS,Sul,-28.27,-52.41
2017,42,12.28,0.78,0.83,24.23,90.78,1.95,5.33,2.74,Passo Fundo,RS,Sul,-28.27,-52.41
2017,43,25.01,0.82,0.89,26.35,90.11,2.02,13.59,6.54,Passo Fundo,RS,Sul,-28.27,-52.41
2017,44,10.2,0.82,0.85,25.85,88.29,1.85,15.26,7.28,Passo Fundo,RS,Sul,-28.27,-52.41
2017,45,43.27,0.85,0.94,26.21,92.02,2.05,11.09,5.44,Passo Fundo,RS,Sul,-28.27,-52.41
2017,46,3.01,0.85,0.86,28.99,86.81,2.17,21.06,9.88,Passo Fundo,RS,Sul,-28.27,-52.41
2017,47,5.01,0.83,0.85,27.07,87.85,1.17,22.96,10.74,Passo Fundo,RS,Sul,-28.27,-52.41
2017,48,0.72,0.82,0.82,27.74,84.83,1.97,22.3,10.47,Passo Fundo,RS,Sul,-28.27,-52.41
2017,49,0.81,0.81,0.81,29.7,82.35,2.04,26.69,12.42,Passo Fundo,RS,Sul,-28.27,-52.41
2017,50,2.5,0.8,0.81,28.91,86.12,1.18,21.95,10.37,Passo Fundo,RS,Sul,-28.27,-52.41
2017,51,0.7,0.8,0.81,29.78,85.48,1.54,24.54,11.52,Passo Fundo,RS,Sul,-28.27,-52.41
2017,52,0.03,0.8,0.8,28.76,83.5,1.64,20.39,9.47,Passo Fundo,RS,Sul,-28.27,-52.41
2017,53,4.07,0.79,0.81,27.89,88.95,1.84,22.3,10.27,Passo Fundo,RS,Sul,-28.27,-52.41
2017,54,12.84,0.8,0.85,27.04,86.37,1.28,17.4,8.23,Passo Fundo,RS,Sul,-28.27,-52.41
2017,55,2.79,0.81,0.83,26.52,89.25,1.95,17.05,7.99,Passo Fundo,RS,Sul,-28.27,-52.41
2017,56,0.76,0.81,0.81,28.26,85.96,1.56,23.87,10.97,Passo Fundo,RS,Sul,-28.27,-52.41
2017,57,0.23,0.79,0.8,28.7,84.06,1.84,26.02,11.81,Passo Fundo,RS,Sul,-28.27,-52.41
2017,58,0.04,0.79,0.79,27.08,85.86,1.37,24.3,11.13,Passo Fundo,RS,Sul,-28.27,-52.41
2017,59,4.24,0.78,0.79,28.7,85.16,1.49,19.85,9.33,Passo Fundo,RS,Sul,-28.27,-52.41
2017,60,5.43,0.79,0.82,26.56,90.97,1.68,11.53,5.64,Passo Fundo,RS,Sul,-28.27,-52.41
2017,61,1.23,0.79,0.8,28.53,85.86,1.47,24.57,11.42,Passo Fundo,RS,Sul,-28.27,-52.41
2017,62,16.77,0.79,0.86,28.95,85.61,1.39,20.59,9.6,Passo Fundo,RS,Sul,-28.27,-52.41
2017,63,10.82,0.82,0.86,24.69,93.35,2.74,7.73,3.92,Passo Fundo,RS,Sul,-28.27,-52.41
2017,64,2.65,0.82,0.83,28.02,86.28,2.26,15.73,7.34,Passo Fundo,RS,Sul,-28.27,-52.41
2017,65,3.04,0.81,0.82,27.84,85.03,1.72,22.56,10.46,Passo Fundo,RS,Sul,-28.27,-52.41
2017,66,10.05,0.81,0.85,28.79,86.32,1.29,18.91,8.85,Passo Fundo,RS,Sul,-28.27,-52.41
2017,67,1.53,0.81,0.81,27.7,85.64,1.88,20.97,9.76,Passo Fundo,RS,Sul,-28.27,-52.41
2017,68,8.7,0.81,0.84,28.08,87.68,2.99,19.22,8.98,Passo Fundo,RS,Sul,-28.27,-52.41
2017,69,25.39,0.84,0.91,23.06,91.45,2.19,5.66,2.86,Passo Fundo,RS,Sul,-28.27,-52.41
2017,70,10.32,0.84,0.87,27.34,87.06,1.59,18.49,8.64,Passo Fundo,RS,Sul,-28.27,-52.41
2017,71,10.53,0.84,0.88,24.78,89.25,2.95,6.25,3.13,Passo Fundo,RS,Sul,-28.27,-52.41
2017,72,0.02,0.84,0.83,22.4,72.76,1.23,26.85,11.78,Passo Fundo,RS,Sul,-28.27,-52.41
2017,73,0.05,0.82,0.82,27.0,77.06,1.36,26.26,11.61,Passo Fundo,RS,Sul,-28.27,-52.41
2017,74,3.89,0.81,0.82,28.37,83.95,2.01,23.37,10.64,Passo Fundo,RS,Sul,-28.27,-52.41
2017,75,31.94,0.83,0.9,23.33,93.35,2.72,9.36,4.63,Passo Fundo,RS,Sul,-28.27,-52.41
2017,76,0.91,0.84,0.83,21.54,82.15,2.49,18.76,8.28,Passo Fundo,RS,Sul,-28.27,-52.41
2017,77,0.03,0.82,0.82,22.39,81.23,2.67,23.93,10.66,Passo Fundo,RS,Sul,-28.27,-52.41
2017,78,0.16,0.82,0.82,23.71,85.36,2.14,22.36,10.2,Passo Fundo,RS,Sul,-28.27,-52.41
2017,79,0.04,0.81,0.81,25.08,83.53,1.99,20.84,9.51,Passo Fundo,RS,Sul,-28.27,-52.41
2017,80,0.0,0.8,0.8,25.85,81.38,1.97,20.91,9.56,Passo Fundo,RS,Sul,-28.27,-52.41
2017,81,0.16,0.8,0.8,26.35,80.07,1.82,20.3,9.28,Passo Fundo,RS,Sul,-28.27,-52.41
2017,82,1.05,0.79,0.8,25.65,85.13,1.3,11.23,5.35,Passo Fundo,RS,Sul,-28.27,-52.41
2017,83,0.15,0.79,0.79,25.93,84.93,1.4,19.59,8.98,Passo Fundo,RS,Sul,-28.27,-52.41
2017,84,0.06,0.79,0.79,26.25,82.61,1.49,21.44,9.75,Passo Fundo,RS,Sul,-28.27,-52.41
2017,85,0.42,0.78,0.78,26.6,80.92,1.6,16.24,7.46,Passo Fundo,RS,Sul,-28.27,-52.41
2017,86,1.79,0.78,0.79,26.06,82.89,1.55,20.22,9.31,Passo Fundo,RS,Sul,-28.27,-52.41
2017,87,0.17,0.78,0.78,25.67,83.47,1.99,21.59,9.85,Passo Fundo,RS,Sul,-28.27,-52.41
2017,88,0.01,0.77,0.77,25.44,82.03,2.09,21.52,9.82,Passo Fundo,RS,Sul,-28.27,-52.41
2017,89,0.0,0.77,0.77,24.95,80.12,1.94,20.88,9.5,Passo Fundo,RS,Sul,-28.27,-52.41
2017,90,0.02,0.76,0.76,24.63,78.72,2.13,22.43,10.02,Passo Fundo,RS,Sul,-28.27,-52.41
2017,91,0.0,0.76,0.76,24.92,79.62,2.27,21.11,9.5,Passo Fundo,RS,Sul,-28.27,-52.41
2017,92,0.0,0.76,0.76,24.99,78.89,1.94,22.12,9.93,Passo Fundo,RS,Sul,-28.27,-52.41
2017,93,0.0,0.76,0.76,26.0,80.04,1.78,17.96,8.22,Passo Fundo,RS,Sul,-28.27,-52.41
2017,94,5.97,0.75,0.77,26.17,81.77,1.73,9.32,4.5,Passo Fundo,RS,Sul,-28.27,-52.41
2017,95,39.87,0.8,0.9,24.0,92.26,2.08,10.29,4.93,Passo Fundo,RS,Sul,-28.27,-52.41
2017,96,0.13,0.8,0.8,25.18,84.13,1.72,18.88,8.57,Passo Fundo,RS,Sul,-28.27,-52.41
2017,97,0.0,0.79,0.79,26.75,82.41,2.48,18.4,8.38,Passo Fundo,RS,Sul,-28.27,-52.41
2017,98,23.97,0.79,0.84,26.41,84.37,2.96,8.98,4.33,Passo Fundo,RS,Sul,-28.27,-52.41
2017,99,17.56,0.83,0.89,24.3,91.61,2.95,3.57,1.88,Passo Fundo,RS,Sul,-28.27,-52.41
2017,100,6.5,0.83,0.84,26.93,86.67,2.96,12.29,5.84,Passo Fundo,RS,Sul,-28.27,-52.41
2017,101,4.41,0.83,0.85,22.49,82.99,1.98,17.26,7.85,Passo Fundo,RS,Sul,-28.27,-52.41
2017,102,0.74,0.82,0.82,20.16,83.09,2.11,18.03,8.13,Passo Fundo,RS,Sul,-28.27,-52.41
2017,103,0.25,0.81,0.81,24.25,81.58,1.68,17.96,8.04,Passo Fundo,RS,Sul,-28.27,-52.41
2017,104,1.07,0.81,0.81,24.65,89.0,1.48,15.08,6.95,Passo Fundo,RS,Sul,-28.27,-52.41
2017,105,4.26,0.8,0.82,22.41,94.31,1.09,10.32,4.85,Passo Fundo,RS,Sul,-28.27,-52.41
2017,106,3.79,0.81,0.83,24.6,87.24,2.04,9.0,4.28,Passo Fundo,RS,Sul,-28.27,-52.41
2017,107,0.04,0.81,0.81,21.81,84.43,2.56,14.2,6.46,Passo Fundo,RS,Sul,-28.27,-52.41
2017,108,0.0,0.8,0.8,24.19,83.64,1.99,16.12,7.35,Passo Fundo,RS,Sul,-28.27,-52.41
2017,109,0.0,0.8,0.8,24.41,81.72,2.63,13.89,6.4,Passo Fundo,RS,Sul,-28.27,-52.41
2017,110,0.64,0.79,0.8,25.12,86.47,2.54,8.04,3.91,Passo Fundo,RS,Sul,-28.27,-52.41
2017,111,0.85,0.79,0.8,21.74,90.18,2.17,11.38,5.31,Passo Fundo,RS,Sul,-28.27,-52.41
2017,112,0.05,0.79,0.79,21.25,78.62,1.3,18.82,8.35,Passo Fundo,RS,Sul,-28.27,-52.41
2017,113,0.01,0.79,0.79,22.69,73.93,1.38,19.13,8.52,Passo Fundo,RS,Sul,-28.27,-52.41
2017,114,23.59,0.8,0.87,20.7,88.39,1.92,3.46,1.82,Passo Fundo,RS,Sul,-28.27,-52.41
2017,115,27.13,0.84,0.92,22.75,91.1,3.83,1.44,0.79,Passo Fundo,RS,Sul,-28.27,-52.41
2017,116,62.12,0.85,0.88,19.65,80.8,4.15,9.92,4.53,Passo Fundo,RS,Sul,-28.27,-52.41
2017,117,0.0,0.84,0.83,16.14,74.84,2.06,19.49,8.47,Passo Fundo,RS,Sul,-28.27,-52.41
2017,118,0.03,0.83,0.82,19.65,65.88,0.92,19.45,8.37,Passo Fundo,RS,Sul,-28.27,-52.41
2017,119,0.03,0.82,0.81,21.21,71.08,1.48,18.85,8.27,Passo Fundo,RS,Sul,-28.27,-52.41
2017,120,0.02,0.81,0.81,22.58,78.69,1.73,18.66,8.14,Passo Fundo,RS,Sul,-28.27,-52.41
2017,121,0.0,0.81,0.81,20.29,86.55,1.61,11.56,5.25,Passo Fundo,RS,Sul,-28.27,-52.41
2017,122,0.04,0.81,0.81,22.89,85.59,1.64,10.1,4.67,Passo Fundo,RS,Sul,-28.27,-52.41
2017,123,2.16,0.81,0.82,23.24,86.5,1.1,10.88,5.12,Passo Fundo,RS,Sul,-28.27,-52.41
2017,124,9.09,0.82,0.86,20.04,94.72,1.31,7.09,3.42,Passo Fundo,RS,Sul,-28.27,-52.41
2017,125,0.18,0.82,0.82,23.25,89.01,0.85,12.64,5.75,Passo Fundo,RS,Sul,-28.27,-52.41
2017,126,0.04,0.81,0.81,24.0,85.49,1.5,14.94,6.72,Passo Fundo,RS,Sul,-28.27,-52.41
2017,127,0.03,0.81,0.81,23.56,84.4,2.11,15.66,7.0,Passo Fundo,RS,Sul,-28.27,-52.41
2017,128,0.67,0.8,0.81,24.34,85.71,2.3,11.82,5.43,Passo Fundo,RS,Sul,-28.27,-52.41
2017,129,1.05,0.8,0.81,22.78,87.31,1.87,11.54,5.3,Passo Fundo,RS,Sul,-28.27,-52.41
2017,130,0.06,0.8,0.8,19.92,82.39,2.31,14.98,6.64,Passo Fundo,RS,Sul,-28.27,-52.41
2017,131,0.18,0.8,0.8,22.03,85.09,2.24,9.74,4.4,Passo Fundo,RS,Sul,-28.27,-52.41
2017,132,5.05,0.8,0.83,24.45,88.63,2.5,10.87,5.08,Passo Fundo,RS,Sul,-28.27,-52.41
2017,133,40.47,0.82,0.89,19.57,93.35,2.66,1.57,0.85,Passo Fundo,RS,Sul,-28.27,-52.41
2017,134,1.27,0.84,0.86,19.68,88.3,2.3,8.25,3.78,Passo Fundo,RS,Sul,-28.27,-52.41
2017,135,0.09,0.83,0.83,19.26,86.77,1.18,10.59,4.73,Passo Fundo,RS,Sul,-28.27,-52.41
2017,136,0.08,0.82,0.82,20.51,86.18,1.79,11.27,5.04,Passo Fundo,RS,Sul,-28.27,-52.41
2017,137,0.11,0.82,0.82,22.86,85.69,1.92,14.78,6.7,Passo Fundo,RS,Sul,-28.27,-52.41
2017,138,23.29,0.82,0.86,19.59,89.1,3.93,5.63,2.66,Passo Fundo,RS,Sul,-28.27,-52.41
2017,139,18.78,0.85,0.9,22.64,87.62,3.96,11.37,5.29,Passo Fundo,RS,Sul,-28.27,-52.41
2017,140,14.75,0.85,0.88,22.89,89.03,2.33,7.15,3.35,Passo Fundo,RS,Sul,-28.27,-52.41
2017,141,4.45,0.86,0.87,17.9,81.76,1.07,12.39,5.6,Passo Fundo,RS,Sul,-28.27,-52.41
2017,142,0.04,0.84,0.84,19.8,77.6,1.62,15.19,6.69,Passo Fundo,RS,Sul,-28.27,-52.41
2017,143,43.97,0.85,0.9,16.65,91.05,2.68,1.98,1.0,Passo Fundo,RS,Sul,-28.27,-52.41
2017,144,0.84,0.86,0.87,22.04,92.23,2.38,7.7,3.66,Passo Fundo,RS,Sul,-28.27,-52.41
2017,145,11.4,0.85,0.88,24.74,92.22,2.73,13.16,6.24,Passo Fundo,RS,Sul,-28.27,-52.41
2017,146,17.5,0.86,0.91,23.77,94.95,3.28,3.7,1.87,Passo Fundo,RS,Sul,-28.27,-52.41
2017,147,52.7,0.9,0.97,16.76,94.31,3.1,1.48,0.81,Passo Fundo,RS,Sul,-28.27,-52.41
2017,148,12.95,0.91,0.93,23.15,92.01,2.24,4.03,2.02,Passo Fundo,RS,Sul,-28.27,-52.41
2017,149,4.65,0.89,0.9,19.43,90.99,1.89,6.54,3.06,Passo Fundo,RS,Sul,-28.27,-52.41
2017,150,25.19,0.9,0.94,15.01,94.19,2.85,2.08,1.06,Passo Fundo,RS,Sul,-28.27,-52.41
2017,151,40.92,0.92,0.97,16.26,94.96,2.56,2.66,1.39,Passo Fundo,RS,Sul,-28.27,-52.41
2017,152,5.63,0.92,0.92,15.39,92.94,2.33,6.18,2.89,Passo Fundo,RS,Sul,-28.27,-52.41
2017,153,1.2,0.91,0.9,17.03,85.82,1.02,8.94,4.0,Passo Fundo,RS,Sul,-28.27,-52.41
2017,154,2.26,0.9,0.9,19.07,88.19,2.03,13.49,5.98,Passo Fundo,RS,Sul,-28.27,-52.41
2017,155,32.63,0.92,0.95,20.62,93.74,2.23,1.5,0.81,Passo Fundo,RS,Sul,-28.27,-52.41
2017,156,3.02,0.92,0.92,17.61,93.3,2.44,3.57,1.75,Passo Fundo,RS,Sul,-28.27,-52.41
2017,157,2.17,0.92,0.91,18.67,93.44,1.12,4.63,2.24,Passo Fundo,RS,Sul,-28.27,-52.41
2017,158,62.05,0.92,0.94,20.19,93.59,1.73,4.0,1.91,Passo Fundo,RS,Sul,-28.27,-52.41
2017,159,27.79,0.95,0.97,20.45,94.38,4.27,2.62,1.31,Passo Fundo,RS,Sul,-28.27,-52.41
2017,160,5.0,0.95,0.93,10.13,87.0,3.03,8.11,3.54,Passo Fundo,RS,Sul,-28.27,-52.41
2017,161,0.27,0.95,0.92,13.48,86.81,2.18,13.12,5.81,Passo Fundo,RS,Sul,-28.27,-52.41
2017,162,0.01,0.94,0.92,18.33,78.82,1.05,14.11,6.17,Passo Fundo,RS,Sul,-28.27,-52.41
2017,163,0.12,0.94,0.91,18.01,83.24,1.19,13.61,6.01,Passo Fundo,RS,Sul,-28.27,-52.41
2017,164,0.12,0.94,0.91,19.6,88.03,1.42,13.46,5.91,Passo Fundo,RS,Sul,-28.27,-52.41
2017,165,0.03,0.93,0.91,20.27,88.8,1.49,13.76,6.09,Passo Fundo,RS,Sul,-28.27,-52.41
2017,166,0.02,0.93,0.91,21.43,89.41,2.18,12.13,5.43,Passo Fundo,RS,Sul,-28.27,-52.41
2017,167,0.0,0.93,0.91,22.08,89.82,2.46,11.79,5.23,Passo Fundo,RS,Sul,-28.27,-52.41
2017,168,0.0,0.93,0.91,23.66,87.76,3.05,13.51,6.09,Passo Fundo,RS,Sul,-28.27,-52.41
2017,169,4.94,0.92,0.92,23.45,87.64,3.74,7.72,3.59,Passo Fundo,RS,Sul,-28.27,-52.41
2017,170,1.86,0.93,0.91,11.93,84.06,1.79,9.19,3.99,Passo Fundo,RS,Sul,-28.27,-52.41
2017,171,0.08,0.92,0.91,13.7,83.22,2.24,11.45,4.88,Passo Fundo,RS,Sul,-28.27,-52.41
2017,172,0.06,0.92,0.9,18.83,91.42,2.04,10.61,4.75,Passo Fundo,RS,Sul,-28.27,-52.41
2017,173,0.0,0.92,0.9,21.07,89.12,2.25,13.78,6.12,Passo Fundo,RS,Sul,-28.27,-52.41
2017,174,0.03,0.92,0.9,22.2,89.65,2.52,13.39,6.0,Passo Fundo,RS,Sul,-28.27,-52.41
2017,175,0.01,0.91,0.9,22.04,87.56,2.28,12.59,5.68,Passo Fundo,RS,Sul,-28.27,-52.41
2017,176,0.02,0.91,0.9,21.18,86.23,2.09,13.98,6.15,Passo Fundo,RS,Sul,-28.27,-52.41
2017,177,0.01,0.91,0.9,20.56,86.21,2.15,12.65,5.53,Passo Fundo,RS,Sul,-28.27,-52.41
2017,178,0.03,0.91,0.89,21.42,87.58,2.3,13.48,5.95,Passo Fundo,RS,Sul,-28.27,-52.41
2017,179,0.04,0.9,0.89,21.8,87.05,2.12,12.78,5.8,Passo Fundo,RS,Sul,-28.27,-52.41
2017,180,0.01,0.9,0.89,21.39,86.18,2.08,13.08,5.94,Passo Fundo,RS,Sul,-28.27,-52.41
2017,181,2.22,0.9,0.9,18.65,92.22,1.36,4.29,2.06,Passo Fundo,RS,Sul,-28.27,-52.41
2017,182,0.15,0.9,0.89,16.75,84.83,1.56,13.37,5.9,Passo Fundo,RS,Sul,-28.27,-52.41
2017,183,0.03,0.9,0.89,15.9,81.05,2.19,14.64,6.31,Passo Fundo,RS,Sul,-28.27,-52.41
2017,184,0.0,0.9,0.89,16.63,86.3,2.57,14.54,6.28,Passo Fundo,RS,Sul,-28.27,-52.41
2017,185,0.02,0.89,0.89,17.72,87.08,2.85,11.47,5.04,Passo Fundo,RS,Sul,-28.27,-52.41
2017,186,0.0,0.89,0.88,19.72,85.32,2.23,13.94,6.16,Passo Fundo,RS,Sul,-28.27,-52.41
2017,187,0.0,0.89,0.88,19.15,83.83,1.97,14.13,6.28,Passo Fundo,RS,Sul,-28.27,-52.41
2017,188,0.02,0.89,0.88,20.05,86.87,1.97,13.02,5.71,Passo Fundo,RS,Sul,-28.27,-52.41
2017,189,0.01,0.89,0.88,20.85,85.11,2.11,10.93,4.83,Passo Fundo,RS,Sul,-28.27,-52.41
2017,190,2.04,0.88,0.88,20.54,86.16,1.79,9.7,4.38,Passo Fundo,RS,Sul,-28.27,-52.41
2017,191,0.39,0.89,0.88,22.13,85.27,1.63,12.87,5.84,Passo Fundo,RS,Sul,-28.27,-52.41
2017,192,0.25,0.88,0.88,23.54,86.2,1.58,8.04,3.67,Passo Fundo,RS,Sul,-28.27,-52.41
2017,193,0.02,0.88,0.88,23.56,85.29,1.93,13.78,6.23,Passo Fundo,RS,Sul,-28.27,-52.41
2017,194,0.01,0.88,0.87,22.64,85.47,2.28,14.48,6.37,Passo Fundo,RS,Sul,-28.27,-52.41
2017,195,0.0,0.88,0.87,23.39,85.13,2.29,9.2,4.16,Passo Fundo,RS,Sul,-28.27,-52.41
2017,196,0.0,0.87,0.87,23.11,80.4,3.6,12.3,5.44,Passo Fundo,RS,Sul,-28.27,-52.41
2017,197,7.72,0.87,0.89,20.37,79.97,4.27,5.3,2.48,Passo Fundo,RS,Sul,-28.27,-52.41
2017,198,12.41,0.9,0.93,8.47,83.67,2.53,3.23,1.57,Passo Fundo,RS,Sul,-28.27,-52.41
2017,199,0.01,0.89,0.88,9.16,73.04,1.15,15.91,6.72,Passo Fundo,RS,Sul,-28.27,-52.41
2017,200,0.19,0.88,0.88,15.25,66.76,1.21,15.91,6.75,Passo Fundo,RS,Sul,-28.27,-52.41
2017,201,0.67,0.88,0.88,16.84,76.45,1.51,15.89,6.7,Passo Fundo,RS,Sul,-28.27,-52.41
2017,202,0.0,0.88,0.87,17.33,80.89,1.39,15.16,6.55,Passo Fundo,RS,Sul,-28.27,-52.41
2017,203,0.02,0.88,0.87,19.19,81.79,1.65,15.66,6.74,Passo Fundo,RS,Sul,-28.27,-52.41
2017,204,0.0,0.87,0.87,21.71,83.68,2.33,14.91,6.51,Passo Fundo,RS,Sul,-28.27,-52.41
2017,205,0.0,0.87,0.87,24.0,84.01,2.49,15.09,6.75,Passo Fundo,RS,Sul,-28.27,-52.41
2017,206,0.0,0.87,0.87,24.52,77.73,1.89,15.17,6.86,Passo Fundo,RS,Sul,-28.27,-52.41
2017,207,0.0,0.87,0.87,23.43,77.21,1.56,15.44,6.86,Passo Fundo,RS,Sul,-28.27,-52.41
2017,208,0.01,0.86,0.86,22.16,79.42,1.73,15.9,6.93,Passo Fundo,RS,Sul,-28.27,-52.41
2017,209,0.02,0.86,0.86,21.38,83.87,2.49,16.13,7.0,Passo Fundo,RS,Sul,-28.27,-52.41
2017,210,0.0,0.86,0.86,22.68,83.5,2.15,16.06,7.0,Passo Fundo,RS,Sul,-28.27,-52.41
2017,211,0.0,0.86,0.86,22.53,80.15,1.72,15.06,6.6,Passo Fundo,RS,Sul,-28.27,-52.41
2017,212,0.02,0.86,0.86,22.49,79.96,1.67,15.55,6.8,Passo Fundo,RS,Sul,-28.27,-52.41
2017,213,0.0,0.85,0.85,23.21,78.6,1.48,14.38,6.35,Passo Fundo,RS,Sul,-28.27,-52.41
2017,214,22.55,0.85,0.89,21.67,83.06,2.03,4.02,1.97,Passo Fundo,RS,Sul,-28.27,-52.41
2017,215,6.34,0.88,0.9,15.75,90.33,3.18,8.21,3.69,Passo Fundo,RS,Sul,-28.27,-52.41
2017,216,0.16,0.87,0.87,17.06,84.41,2.02,17.21,7.45,Passo Fundo,RS,Sul,-28.27,-52.41
2017,217,1.01,0.87,0.87,19.38,82.78,2.27,17.39,7.53,Passo Fundo,RS,Sul,-28.27,-52.41
2017,218,0.02,0.86,0.86,19.35,82.24,2.16,16.36,7.17,Passo Fundo,RS,Sul,-28.27,-52.41
2017,219,0.0,0.86,0.86,20.93,83.93,2.21,17.17,7.54,Passo Fundo,RS,Sul,-28.27,-52.41
2017,220,4.78,0.86,0.87,20.54,87.26,2.48,6.63,3.12,Passo Fundo,RS,Sul,-28.27,-52.41
2017,221,0.07,0.86,0.86,17.5,84.27,1.6,17.29,7.48,Passo Fundo,RS,Sul,-28.27,-52.41
2017,222,4.71,0.86,0.87,21.73,81.86,2.89,14.26,6.29,Passo Fundo,RS,Sul,-28.27,-52.41
2017,223,0.74,0.86,0.87,24.6,84.72,3.83,12.9,5.84,Passo Fundo,RS,Sul,-28.27,-52.41
2017,224,37.81,0.86,0.89,23.84,81.97,4.46,7.55,3.5,Passo Fundo,RS,Sul,-28.27,-52.41
2017,225,51.09,0.9,0.96,17.54,95.09,2.03,3.49,1.75,Passo Fundo,RS,Sul,-28.27,-52.41
2017,226,0.41,0.89,0.89,17.22,77.62,1.56,14.93,6.55,Passo Fundo,RS,Sul,-28.27,-52.41
2017,227,0.03,0.88,0.87,20.68,81.64,1.28,18.45,7.99,Passo Fundo,RS,Sul,-28.27,-52.41
2017,228,0.07,0.87,0.87,19.72,83.52,1.4,17.89,7.8,Passo Fundo,RS,Sul,-28.27,-52.41
2017,229,0.03,0.87,0.87,21.42,79.11,1.4,18.04,7.84,Passo Fundo,RS,Sul,-28.27,-52.41
2017,230,0.02,0.87,0.86,22.4,78.97,1.61,18.32,8.08,Passo Fundo,RS,Sul,-28.27,-52.41
2017,231,2.99,0.86,0.87,20.02,93.88,1.95,8.51,3.93,Passo Fundo,RS,Sul,-28.27,-52.41
2017,232,19.16,0.88,0.91,16.89,78.72,3.16,11.71,5.19,Passo Fundo,RS,Sul,-28.27,-52.41
2017,233,0.01,0.88,0.87,14.53,75.42,2.06,20.16,8.6,Passo Fundo,RS,Sul,-28.27,-52.41
2017,234,0.0,0.87,0.87,18.68,80.42,2.96,18.21,8.02,Passo Fundo,RS,Sul,-28.27,-52.41
2017,235,0.02,0.87,0.86,25.63,85.17,2.58,17.71,8.04,Passo Fundo,RS,Sul,-28.27,-52.41
2017,236,0.03,0.86,0.86,27.51,83.83,2.71,13.29,6.06,Passo Fundo,RS,Sul,-28.27,-52.41
2017,237,0.01,0.86,0.86,26.53,82.3,2.48,18.23,8.32,Passo Fundo,RS,Sul,-28.27,-52.41
2017,238,1.24,0.86,0.86,25.79,78.99,2.25,19.79,8.83,Passo Fundo,RS,Sul,-28.27,-52.41
2017,239,5.55,0.86,0.88,23.93,85.22,1.77,3.78,1.97,Passo Fundo,RS,Sul,-28.27,-52.41
2017,240,0.11,0.86,0.86,25.43,85.63,1.55,13.35,6.12,Passo Fundo,RS,Sul,-28.27,-52.41
2017,241,0.01,0.86,0.86,28.43,83.53,2.27,18.72,8.43,Passo Fundo,RS,Sul,-28.27,-52.41
2017,242,0.0,0.85,0.85,19.56,81.45,2.39,9.64,4.4,Passo Fundo,RS,Sul,-28.27,-52.41
2017,243,0.0,0.85,0.85,22.73,77.27,2.95,18.33,7.95,Passo Fundo,RS,Sul,-28.27,-52.41
2017,244,0.0,0.85,0.85,27.16,80.15,2.9,18.18,8.06,Passo Fundo,RS,Sul,-28.27,-52.41
2017,245,0.0,0.85,0.84,27.04,80.62,2.54,19.52,8.77,Passo Fundo,RS,Sul,-28.27,-52.41
2017,246,0.0,0.84,0.84,27.34,81.25,2.4,20.59,9.23,Passo Fundo,RS,Sul,-28.27,-52.41
2017,247,0.0,0.84,0.84,27.53,78.97,2.41,19.99,8.92,Passo Fundo,RS,Sul,-28.27,-52.41
2017,248,1.21,0.84,0.84,20.07,90.37,1.73,12.57,5.77,Passo Fundo,RS,Sul,-28.27,-52.41
2017,249,0.03,0.84,0.84,25.24,82.85,2.0,17.35,7.83,Passo Fundo,RS,Sul,-28.27,-52.41
2017,250,0.0,0.84,0.83,27.17,76.54,2.21,20.36,9.03,Passo Fundo,RS,Sul,-28.27,-52.41
2017,251,0.0,0.83,0.83,27.53,72.54,1.96,19.37,8.68,Passo Fundo,RS,Sul,-28.27,-52.41
2017,252,0.05,0.83,0.83,26.25,77.93,2.03,16.02,7.07,Passo Fundo,RS,Sul,-28.27,-52.41
2017,253,0.0,0.83,0.83,29.23,75.43,3.4,19.0,8.41,Passo Fundo,RS,Sul,-28.27,-52.41
2017,254,2.37,0.83,0.84,19.01,85.88,1.62,6.3,3.0,Passo Fundo,RS,Sul,-28.27,-52.41
2017,255,1.74,0.83,0.84,26.13,86.22,2.22,12.53,5.73,Passo Fundo,RS,Sul,-28.27,-52.41
2017,256,0.04,0.83,0.83,25.87,85.34,1.88,15.59,7.19,Passo Fundo,RS,Sul,-28.27,-52.41
2017,257,10.73,0.83,0.86,26.69,78.28,3.24,12.75,5.87,Passo Fundo,RS,Sul,-28.27,-52.41
2017,258,46.04,0.86,0.96,16.87,92.97,3.55,2.43,1.32,Passo Fundo,RS,Sul,-28.27,-52.41
2017,259,12.84,0.89,0.93,16.72,93.61,2.58,2.56,1.38,Passo Fundo,RS,Sul,-28.27,-52.41
2017,260,0.83,0.88,0.87,21.0,84.88,2.6,16.03,7.19,Passo Fundo,RS,Sul,-28.27,-52.41
2017,261,0.01,0.86,0.86,25.45,83.75,1.9,20.82,9.23,Passo Fundo,RS,Sul,-28.27,-52.41
2017,262,0.01,0.85,0.85,26.77,81.37,1.32,22.87,10.15,Passo Fundo,RS,Sul,-28.27,-52.41
2017,263,0.01,0.85,0.84,30.28,73.97,1.79,22.8,10.16,Passo Fundo,RS,Sul,-28.27,-52.41
2017,264,0.0,0.84,0.84,29.05,70.7,1.93,23.76,10.56,Passo Fundo,RS,Sul,-28.27,-52.41
2017,265,1.18,0.84,0.84,27.68,77.42,2.13,21.04,9.34,Passo Fundo,RS,Sul,-28.27,-52.41
2017,266,5.34,0.84,0.86,18.46,91.86,2.2,7.83,3.76,Passo Fundo,RS,Sul,-28.27,-52.41
2017,267,0.17,0.84,0.84,26.83,82.28,2.07,19.0,8.23,Passo Fundo,RS,Sul,-28.27,-52.41
2017,268,0.01,0.84,0.83,27.24,77.21,2.14,21.44,9.51,Passo Fundo,RS,Sul,-28.27,-52.41
2017,269,0.02,0.83,0.83,26.49,76.58,1.63,22.56,10.17,Passo Fundo,RS,Sul,-28.27,-52.41
2017,270,0.45,0.83,0.83,27.08,79.85,2.47,13.83,6.42,Passo Fundo,RS,Sul,-28.27,-52.41
2017,271,3.96,0.83,0.85,21.08,85.59,3.62,9.75,4.63,Passo Fundo,RS,Sul,-28.27,-52.41
2017,272,10.98,0.84,0.88,16.71,91.28,2.86,6.66,3.36,Passo Fundo,RS,Sul,-28.27,-52.41
2017,273,2.74,0.85,0.86,21.24,86.68,1.84,14.62,6.79,Passo Fundo,RS,Sul,-28.27,-52.41
2017,274,19.86,0.85,0.89,25.39,86.51,2.62,20.93,9.47,Passo Fundo,RS,Sul,-28.27,-52.41
2017,275,3.29,0.86,0.87,17.98,79.4,2.86,12.79,5.85,Passo Fundo,RS,Sul,-28.27,-52.41
2017,276,0.28,0.85,0.85,19.85,74.47,2.83,26.43,11.64,Passo Fundo,RS,Sul,-28.27,-52.41
2017,277,0.06,0.84,0.84,24.63,70.35,2.15,24.72,10.92,Passo Fundo,RS,Sul,-28.27,-52.41
2017,278,0.02,0.84,0.83,27.64,73.34,3.09,22.76,9.9,Passo Fundo,RS,Sul,-28.27,-52.41
2017,279,10.99,0.84,0.88,25.92,86.6,2.49,3.94,2.08,Passo Fundo,RS,Sul,-28.27,-52.41
2017,280,0.66,0.85,0.85,23.23,79.05,4.27,17.18,7.75,Passo Fundo,RS,Sul,-28.27,-52.41
2017,281,1.75,0.84,0.84,24.98,80.48,2.92,22.71,10.35,Passo Fundo,RS,Sul,-28.27,-52.41
2017,282,4.99,0.84,0.86,24.63,89.82,2.19,10.33,4.8,Passo Fundo,RS,Sul,-28.27,-52.41
2017,283,34.85,0.86,0.91,22.61,94.62,1.96,8.1,3.97,Passo Fundo,RS,Sul,-28.27,-52.41
2017,284,14.71,0.87,0.91,27.44,90.18,3.02,8.81,4.26,Passo Fundo,RS,Sul,-28.27,-52.41
2017,285,21.83,0.88,0.93,30.15,86.89,2.94,5.49,2.74,Passo Fundo,RS,Sul,-28.27,-52.41
2017,286,28.75,0.9,0.95,25.39,90.97,2.79,3.53,1.92,Passo Fundo,RS,Sul,-28.27,-52.41
2017,287,1.29,0.89,0.88,20.5,83.92,2.12,13.88,6.41,Passo Fundo,RS,Sul,-28.27,-52.41
2017,288,0.07,0.87,0.86,23.23,75.84,2.49,28.66,12.57,Passo Fundo,RS,Sul,-28.27,-52.41
2017,289,0.0,0.86,0.86,26.91,76.74,2.5,27.73,12.49,Passo Fundo,RS,Sul,-28.27,-52.41
2017,290,0.0,0.85,0.85,27.77,76.96,2.71,25.73,11.76,Passo Fundo,RS,Sul,-28.27,-52.41
2017,291,8.9,0.85,0.88,29.52,83.33,2.63,14.31,6.73,Passo Fundo,RS,Sul,-28.27,-52.41
2017,292,14.54,0.87,0.88,22.99,84.23,2.51,10.56,5.05,Passo Fundo,RS,Sul,-28.27,-52.41
2017,293,0.03,0.86,0.85,27.1,77.02,1.71,25.08,11.23,Passo Fundo,RS,Sul,-28.27,-52.41
2017,294,12.78,0.86,0.9,24.0,88.35,2.81,2.75,1.5,Passo Fundo,RS,Sul,-28.27,-52.41
2017,295,0.39,0.86,0.86,18.92,73.9,2.66,25.78,11.37,Passo Fundo,RS,Sul,-28.27,-52.41
2017,296,0.0,0.86,0.85,21.28,70.06,2.01,30.65,13.26,Passo Fundo,RS,Sul,-28.27,-52.41
2017,297,1.09,0.85,0.85,26.82,75.42,1.51,27.5,12.2,Passo Fundo,RS,Sul,-28.27,-52.41
2017,298,10.81,0.86,0.88,20.01,89.15,2.17,9.83,4.88,Passo Fundo,RS,Sul,-28.27,-52.41
2017,299,1.2,0.85,0.85,25.63,84.77,1.36,19.32,8.91,Passo Fundo,RS,Sul,-28.27,-52.41
2017,300,5.07,0.86,0.87,23.53,87.34,2.5,16.68,7.82,Passo Fundo,RS,Sul,-28.27,-52.41
2017,301,0.69,0.85,0.86,22.22,81.12,2.53,21.05,9.46,Passo Fundo,RS,Sul,-28.27,-52.41
2017,302,0.11,0.85,0.84,27.01,77.27,1.83,23.85,10.88,Passo Fundo,RS,Sul,-28.27,-52.41
2017,303,2.57,0.85,0.86,25.77,86.54,2.29,17.78,8.33,Passo Fundo,RS,Sul,-28.27,-52.41
2017,304,0.01,0.84,0.84,22.56,70.38,2.78,30.89,13.51,Passo Fundo,RS,Sul,-28.27,-52.41
2017,305,0.0,0.84,0.83,25.0,68.61,2.41,29.84,13.26,Passo Fundo,RS,Sul,-28.27,-52.41
2017,306,0.04,0.83,0.83,27.21,72.91,3.0,30.62,13.55,Passo Fundo,RS,Sul,-28.27,-52.41
2017,307,13.43,0.84,0.88,25.69,85.66,3.04,6.19,3.14,Passo Fundo,RS,Sul,-28.27,-52.41
2017,308,20.3,0.85,0.88,21.3,90.45,2.88,10.51,5.13,Passo Fundo,RS,Sul,-28.27,-52.41
2017,309,0.01,0.85,0.84,22.18,70.63,2.61,30.64,13.62,Passo Fundo,RS,Sul,-28.27,-52.41
2017,310,0.0,0.84,0.84,25.15,78.26,2.22,28.83,12.77,Passo Fundo,RS,Sul,-28.27,-52.41
2017,311,0.01,0.83,0.83,26.53,76.51,1.72,28.02,12.7,Passo Fundo,RS,Sul,-28.27,-52.41
2017,312,8.53,0.83,0.86,25.65,75.83,2.28,15.32,7.28,Passo Fundo,RS,Sul,-28.27,-52.41
2017,313,16.28,0.85,0.89,26.73,83.32,1.51,14.04,6.7,Passo Fundo,RS,Sul,-28.27,-52.41
2017,314,9.02,0.86,0.9,21.38,88.09,1.89,11.54,5.58,Passo Fundo,RS,Sul,-28.27,-52.41
2017,315,0.02,0.85,0.85,24.71,73.72,2.59,29.31,13.03,Passo Fundo,RS,Sul,-28.27,-52.41
2017,316,0.03,0.84,0.84,23.35,70.71,1.97,31.79,13.88,Passo Fundo,RS,Sul,-28.27,-52.41
2017,317,0.01,0.84,0.83,26.06,67.01,1.58,32.16,14.24,Passo Fundo,RS,Sul,-28.27,-52.41
2017,318,0.0,0.83,0.82,28.22,67.32,2.01,31.97,14.25,Passo Fundo,RS,Sul,-28.27,-52.41
2017,319,0.0,0.82,0.82,28.99,71.15,2.9,29.11,13.17,Passo Fundo,RS,Sul,-28.27,-52.41
2017,320,13.47,0.82,0.86,28.85,82.56,2.08,15.65,7.31,Passo Fundo,RS,Sul,-28.27,-52.41
2017,321,39.14,0.84,0.89,24.98,81.09,1.21,10.71,5.22,Passo Fundo,RS,Sul,-28.27,-52.41
2017,322,3.06,0.86,0.87,24.64,79.92,2.26,17.05,7.97,Passo Fundo,RS,Sul,-28.27,-52.41
2017,323,0.0,0.84,0.84,22.88,65.92,1.56,32.1,14.03,Passo Fundo,RS,Sul,-28.27,-52.41
2017,324,0.04,0.83,0.83,26.91,67.29,1.68,31.77,14.11,Passo Fundo,RS,Sul,-28.27,-52.41
2017,325,7.51,0.82,0.85,27.03,79.49,2.63,22.15,10.17,Passo Fundo,RS,Sul,-28.27,-52.41
2017,326,1.44,0.83,0.83,21.04,70.51,2.62,27.71,12.22,Passo Fundo,RS,Sul,-28.27,-52.41
2017,327,0.0,0.82,0.82,25.57,62.63,1.22,33.26,14.57,Passo Fundo,RS,Sul,-28.27,-52.41
2017,328,0.0,0.81,0.81,28.36,60.23,1.55,32.84,14.58,Passo Fundo,RS,Sul,-28.27,-52.41
2017,329,32.8,0.82,0.89,21.67,90.86,2.44,5.44,2.81,Passo Fundo,RS,Sul,-28.27,-52.41
2017,330,0.27,0.84,0.84,24.03,79.52,1.72,19.66,9.0,Passo Fundo,RS,Sul,-28.27,-52.41
2017,331,0.02,0.83,0.82,25.57,74.96,1.59,31.83,14.17,Passo Fundo,RS,Sul,-28.27,-52.41
2017,332,0.01,0.82,0.82,27.53,78.89,2.19,32.13,14.47,Passo Fundo,RS,Sul,-28.27,-52.41
2017,333,0.0,0.81,0.81,28.87,77.42,2.1,30.97,13.9,Passo Fundo,RS,Sul,-28.27,-52.41
2017,334,2.88,0.8,0.81,27.22,79.76,2.05,28.18,12.87,Passo Fundo,RS,Sul,-28.27,-52.41
2017,335,0.19,0.8,0.8,27.26,77.95,2.3,29.21,13.27,Passo Fundo,RS,Sul,-28.27,-52.41
2017,336,0.59,0.79,0.79,28.08,73.38,1.52,28.45,13.03,Passo Fundo,RS,Sul,-28.27,-52.41
2017,337,9.61,0.79,0.83,27.82,80.34,2.54,16.06,7.69,Passo Fundo,RS,Sul,-28.27,-52.41
2017,338,1.86,0.8,0.81,27.44,81.38,1.84,22.63,10.46,Passo Fundo,RS,Sul,-28.27,-52.41
2017,339,0.01,0.8,0.79,26.96,79.98,2.67,26.53,12.05,Passo Fundo,RS,Sul,-28.27,-52.41
2017,340,1.08,0.79,0.79,29.31,79.02,2.05,21.44,9.98,Passo Fundo,RS,Sul,-28.27,-52.41
2017,341,2.79,0.79,0.8,28.28,81.76,1.7,23.38,10.82,Passo Fundo,RS,Sul,-28.27,-52.41
2017,342,0.11,0.78,0.78,27.85,77.02,1.83,28.6,12.96,Passo Fundo,RS,Sul,-28.27,-52.41
2017,343,0.01,0.77,0.77,27.93,70.9,1.34,32.43,14.47,Passo Fundo,RS,Sul,-28.27,-52.41
2017,344,0.01,0.76,0.76,29.5,66.26,2.15,29.55,13.43,Passo Fundo,RS,Sul,-28.27,-52.41
2017,345,0.0,0.76,0.75,25.32,70.32,2.21,33.11,14.8,Passo Fundo,RS,Sul,-28.27,-52.41
2017,346,0.0,0.75,0.75,28.23,70.87,2.2,33.31,14.92,Passo Fundo,RS,Sul,-28.27,-52.41
2017,347,0.0,0.74,0.74,30.22,69.08,1.85,30.63,14.04,Passo Fundo,RS,Sul,-28.27,-52.41
2017,348,0.2,0.74,0.74,28.52,76.39,1.84,17.29,8.18,Passo Fundo,RS,Sul,-28.27,-52.41
2017,349,0.01,0.74,0.74,30.05,75.46,1.14,29.24,13.43,Passo Fundo,RS,Sul,-28.27,-52.41
2017,350,0.0,0.73,0.73,31.62,72.17,1.45,30.55,14.11,Passo Fundo,RS,Sul,-28.27,-52.41
2017,351,8.65,0.73,0.76,31.45,76.58,3.34,15.64,7.4,Passo Fundo,RS,Sul,-28.27,-52.41
2017,352,0.58,0.73,0.74,26.94,75.78,3.33,24.37,11.14,Passo Fundo,RS,Sul,-28.27,-52.41
2017,353,0.31,0.73,0.73,30.61,77.84,1.87,28.63,13.07,Passo Fundo,RS,Sul,-28.27,-52.41
2017,354,17.95,0.74,0.82,24.95,88.0,1.57,8.02,4.03,Passo Fundo,RS,Sul,-28.27,-52.41
2017,355,0.06,0.76,0.76,29.16,78.72,1.61,27.87,12.8,Passo Fundo,RS,Sul,-28.27,-52.41
2017,356,0.36,0.75,0.75,29.59,79.25,1.26,26.63,12.31,Passo Fundo,RS,Sul,-28.27,-52.41
2017,357,30.72,0.76,0.85,27.16,88.67,2.38,12.97,6.35,Passo Fundo,RS,Sul,-28.27,-52.41
2017,358,4.13,0.79,0.82,25.56,83.51,3.35,11.69,5.75,Passo Fundo,RS,Sul,-28.27,-52.41
2017,359,0.05,0.78,0.78,26.62,78.81,2.39,28.43,12.67,Passo Fundo,RS,Sul,-28.27,-52.41
2017,360,1.12,0.77,0.77,28.5,78.57,1.42,25.45,11.54,Passo Fundo,RS,Sul,-28.27,-52.41
2017,361,2.04,0.76,0.77,29.17,80.09,1.2,28.94,13.19,Passo Fundo,RS,Sul,-28.27,-52.41
2017,362,0.9,0.76,0.76,28.53,81.45,1.48,27.73,12.79,Passo Fundo,RS,Sul,-28.27,-52.41
2017,363,5.53,0.75,0.78,27.21,84.55,1.46,15.65,7.54,Passo Fundo,RS,Sul,-28.27,-52.41
2017,364,2.16,0.75,0.76,27.29,81.72,1.64,20.23,9.57,Passo Fundo,RS,Sul,-28.27,-52.41
2017,365,0.24,0.75,0.75,28.95,79.9,1.23,27.94,12.79,Passo Fundo,RS,Sul,-28.27,-52.41
2018,1,6.97,0.74,0.76,28.21,81.18,1.58,16.97,8.05,Passo Fundo,RS,Sul,-28.27,-52.41
2018,2,15.0,0.76,0.84,25.98,84.95,1.85,17.31,8.3,Passo Fundo,RS,Sul,-28.27,-52.41
2018,3,0.24,0.76,0.76,26.97,72.95,1.69,30.93,13.96,Passo Fundo,RS,Sul,-28.27,-52.41
2018,4,0.0,0.75,0.75,28.8,60.87,1.0,33.1,14.85,Passo Fundo,RS,Sul,-28.27,-52.41
2018,5,0.04,0.73,0.73,29.55,73.82,2.1,30.69,13.97,Passo Fundo,RS,Sul,-28.27,-52.41
2018,6,0.08,0.72,0.73,27.18,78.48,2.31,21.54,9.99,Passo Fundo,RS,Sul,-28.27,-52.41
2018,7,0.0,0.72,0.72,26.94,73.97,2.52,26.8,11.99,Passo Fundo,RS,Sul,-28.27,-52.41
2018,8,0.0,0.71,0.71,28.56,74.59,2.0,29.7,13.59,Passo Fundo,RS,Sul,-28.27,-52.41
2018,9,0.11,0.7,0.7,28.62,72.1,1.98,29.72,13.47,Passo Fundo,RS,Sul,-28.27,-52.41
2018,10,3.01,0.7,0.71,27.62,82.7,1.61,21.94,10.19,Passo Fundo,RS,Sul,-28.27,-52.41
2018,11,4.7,0.7,0.74,27.15,83.81,1.66,23.04,10.73,Passo Fundo,RS,Sul,-28.27,-52.41
2018,12,0.59,0.7,0.71,28.45,79.22,1.39,25.1,11.56,Passo Fundo,RS,Sul,-28.27,-52.41
2018,13,2.96,0.7,0.71,27.64,84.65,1.67,21.46,10.09,Passo Fundo,RS,Sul,-28.27,-52.41
2018,14,5.0,0.7,0.74,26.16,87.29,2.82,17.33,8.26,Passo Fundo,RS,Sul,-28.27,-52.41
2018,15,11.0,0.72,0.78,27.52,86.56,2.85,14.43,7.02,Passo Fundo,RS,Sul,-28.27,-52.41
2018,16,1.11,0.72,0.73,29.28,82.13,1.81,18.02,8.47,Passo Fundo,RS,Sul,-28.27,-52.41
2018,17,12.69,0.71,0.77,29.06,84.41,1.57,19.17,9.06,Passo Fundo,RS,Sul,-28.27,-52.41
2018,18,13.78,0.74,0.81,28.09,89.62,2.57,11.7,5.7,Passo Fundo,RS,Sul,-28.27,-52.41
2018,19,0.38,0.74,0.76,27.46,75.53,1.74,30.53,13.9,Passo Fundo,RS,Sul,-28.27,-52.41
2018,20,1.07,0.73,0.74,28.94,78.98,1.68,28.33,12.88,Passo Fundo,RS,Sul,-28.27,-52.41
2018,21,10.9,0.74,0.8,26.7,88.4,2.91,6.4,3.26,Passo Fundo,RS,Sul,-28.27,-52.41
2018,22,39.52,0.77,0.87,25.43,91.64,2.66,18.4,8.84,Passo Fundo,RS,Sul,-28.27,-52.41
2018,23,29.04,0.79,0.88,27.51,91.96,2.08,10.66,5.22,Passo Fundo,RS,Sul,-28.27,-52.41
2018,24,12.81,0.82,0.87,26.7,90.59,1.31,9.99,4.94,Passo Fundo,RS,Sul,-28.27,-52.41
2018,25,1.0,0.81,0.82,27.02,84.19,2.83,18.24,8.36,Passo Fundo,RS,Sul,-28.27,-52.41
2018,26,0.03,0.79,0.79,27.38,80.42,2.58,24.06,11.09,Passo Fundo,RS,Sul,-28.27,-52.41
2018,27,16.23,0.78,0.84,27.66,81.57,1.98,24.03,11.18,Passo Fundo,RS,Sul,-28.27,-52.41
2018,28,25.28,0.81,0.89,26.58,88.64,2.01,14.2,6.84,Passo Fundo,RS,Sul,-28.27,-52.41
2018,29,2.09,0.81,0.83,26.06,81.97,2.49,29.99,13.51,Passo Fundo,RS,Sul,-28.27,-52.41
2018,30,0.0,0.79,0.79,26.91,78.3,2.54,30.59,13.81,Passo Fundo,RS,Sul,-28.27,-52.41
2018,31,0.01,0.78,0.78,27.92,78.25,2.1,30.88,13.96,Passo Fundo,RS,Sul,-28.27,-52.41
2018,32,0.0,0.76,0.76,28.43,78.49,1.16,28.05,12.84,Passo Fundo,RS,Sul,-28.27,-52.41
2018,33,0.0,0.75,0.75,27.49,74.49,1.64,30.8,13.8,Passo Fundo,RS,Sul,-28.27,-52.41
2018,34,0.0,0.74,0.74,27.16,76.58,2.04,29.0,13.2,Passo Fundo,RS,Sul,-28.27,-52.41
2018,35,0.0,0.73,0.73,27.88,78.4,1.73,29.36,13.31,Passo Fundo,RS,Sul,-28.27,-52.41
2018,36,0.0,0.72,0.72,27.73,75.58,1.38,28.89,13.14,Passo Fundo,RS,Sul,-28.27,-52.41
2018,37,0.0,0.71,0.71,27.66,72.24,1.25,28.72,13.06,Passo Fundo,RS,Sul,-28.27,-52.41
2018,38,0.0,0.7,0.71,28.83,69.07,1.05,29.22,13.36,Passo Fundo,RS,Sul,-28.27,-52.41
2018,39,0.19,0.7,0.7,29.66,69.85,1.05,26.44,12.15,Passo Fundo,RS,Sul,-28.27,-52.41
2018,40,7.6,0.7,0.74,28.77,81.22,2.14,20.13,9.46,Passo Fundo,RS,Sul,-28.27,-52.41
2018,41,6.1,0.71,0.75,27.7,85.52,1.65,23.37,10.89,Passo Fundo,RS,Sul,-28.27,-52.41
2018,42,4.39,0.71,0.74,27.15,83.69,1.89,15.13,7.23,Passo Fundo,RS,Sul,-28.27,-52.41
2018,43,0.37,0.71,0.72,23.87,78.87,3.03,17.94,8.23,Passo Fundo,RS,Sul,-28.27,-52.41
2018,44,0.01,0.7,0.7,24.52,72.04,2.34,28.72,12.68,Passo Fundo,RS,Sul,-28.27,-52.41
2018,45,0.0,0.7,0.7,27.11,75.67,2.26,27.92,12.72,Passo Fundo,RS,Sul,-28.27,-52.41
2018,46,0.0,0.69,0.69,27.0,74.47,2.07,27.83,12.64,Passo Fundo,RS,Sul,-28.27,-52.41
2018,47,0.0,0.68,0.68,28.79,74.43,1.49,25.25,11.55,Passo Fundo,RS,Sul,-28.27,-52.41
2018,48,0.0,0.68,0.68,28.03,76.11,1.31,21.64,9.97,Passo Fundo,RS,Sul,-28.27,-52.41
2018,49,0.05,0.67,0.67,28.57,72.82,1.02,24.6,11.25,Passo Fundo,RS,Sul,-28.27,-52.41
2018,50,8.03,0.67,0.71,25.2,87.11,1.77,10.55,5.19,Passo Fundo,RS,Sul,-28.27,-52.41
2018,51,29.85,0.7,0.84,26.29,87.85,2.89,15.65,7.47,Passo Fundo,RS,Sul,-28.27,-52.41
2018,52,1.61,0.73,0.77,25.51,83.98,1.92,20.86,9.65,Passo Fundo,RS,Sul,-28.27,-52.41
2018,53,0.11,0.73,0.73,23.9,78.05,1.56,26.72,12.15,Passo Fundo,RS,Sul,-28.27,-52.41
2018,54,0.04,0.72,0.72,25.79,78.0,1.85,28.45,12.82,Passo Fundo,RS,Sul,-28.27,-52.41
2018,55,0.01,0.71,0.71,27.77,78.39,1.56,25.8,11.83,Passo Fundo,RS,Sul,-28.27,-52.41
2018,56,0.0,0.7,0.7,27.87,78.41,1.51,22.99,10.63,Passo Fundo,RS,Sul,-28.27,-52.41
2018,57,1.67,0.69,0.71,27.57,79.58,1.42,19.8,9.21,Passo Fundo,RS,Sul,-28.27,-52.41
2018,58,3.14,0.69,0.72,27.24,82.59,1.14,19.96,9.28,Passo Fundo,RS,Sul,-28.27,-52.41
2018,59,3.69,0.69,0.72,27.12,82.91,1.09,19.21,9.0,Passo Fundo,RS,Sul,-28.27,-52.41
2018,60,0.76,0.69,0.7,27.99,81.72,1.25,21.75,10.11,Passo Fundo,RS,Sul,-28.27,-52.41
2018,61,0.63,0.69,0.69,28.2,80.21,1.14,23.33,10.82,Passo Fundo,RS,Sul,-28.27,-52.41
2018,62,3.52,0.68,0.71,27.65,77.89,1.33,20.78,9.56,Passo Fundo,RS,Sul,-28.27,-52.41
2018,63,0.9,0.68,0.7,28.05,78.89,1.22,19.35,8.94,Passo Fundo,RS,Sul,-28.27,-52.41
2018,64,0.0,0.68,0.68,27.49,76.3,1.43,23.83,10.95,Passo Fundo,RS,Sul,-28.27,-52.41
2018,65,0.41,0.67,0.67,28.31,72.06,1.09,17.78,8.25,Passo Fundo,RS,Sul,-28.27,-52.41
2018,66,0.08,0.67,0.66,26.22,67.84,2.18,24.38,10.85,Passo Fundo,RS,Sul,-28.27,-52.41
2018,67,0.0,0.66,0.65,27.14,65.15,1.74,26.98,11.92,Passo Fundo,RS,Sul,-28.27,-52.41
2018,68,0.0,0.66,0.64,30.17,65.71,1.49,20.27,9.19,Passo Fundo,RS,Sul,-28.27,-52.41
2018,69,0.0,0.65,0.64,30.72,63.49,1.57,25.59,11.58,Passo Fundo,RS,Sul,-28.27,-52.41
2018,70,0.09,0.65,0.63,31.18,67.97,1.94,21.97,9.87,Passo Fundo,RS,Sul,-28.27,-52.41
2018,71,0.17,0.65,0.63,27.17,61.55,2.19,23.84,10.61,Passo Fundo,RS,Sul,-28.27,-52.41
2018,72,2.35,0.65,0.64,31.27,56.84,1.37,25.54,11.46,Passo Fundo,RS,Sul,-28.27,-52.41
2018,73,33.03,0.66,0.75,31.35,72.93,1.48,14.91,7.05,Passo Fundo,RS,Sul,-28.27,-52.41
2018,74,33.98,0.72,0.83,24.51,90.25,3.01,4.12,2.12,Passo Fundo,RS,Sul,-28.27,-52.41
2018,75,2.23,0.73,0.75,26.58,81.97,0.89,22.51,10.06,Passo Fundo,RS,Sul,-28.27,-52.41
2018,76,0.02,0.72,0.72,30.18,76.74,1.2,21.11,9.87,Passo Fundo,RS,Sul,-28.27,-52.41
2018,77,3.83,0.71,0.73,31.04,81.82,2.52,19.24,9.05,Passo Fundo,RS,Sul,-28.27,-52.41
2018,78,1.77,0.71,0.72,25.44,85.27,1.81,10.31,5.0,Passo Fundo,RS,Sul,-28.27,-52.41
2018,79,13.69,0.71,0.78,22.75,86.86,1.5,5.53,2.86,Passo Fundo,RS,Sul,-28.27,-52.41
2018,80,0.12,0.72,0.72,24.3,78.48,1.55,24.64,10.93,Passo Fundo,RS,Sul,-28.27,-52.41
2018,81,0.19,0.71,0.71,26.79,74.9,1.36,21.22,9.4,Passo Fundo,RS,Sul,-28.27,-52.41
2018,82,7.29,0.7,0.74,29.07,80.01,1.37,15.62,7.36,Passo Fundo,RS,Sul,-28.27,-52.41
2018,83,12.06,0.72,0.8,27.07,89.65,2.45,9.49,4.57,Passo Fundo,RS,Sul,-28.27,-52.41
2018,84,39.65,0.75,0.84,21.95,84.38,2.79,14.58,6.72,Passo Fundo,RS,Sul,-28.27,-52.41
2018,85,0.13,0.75,0.76,21.02,85.1,2.86,14.81,6.81,Passo Fundo,RS,Sul,-28.27,-52.41
2018,86,0.22,0.74,0.75,24.04,87.17,1.84,11.72,5.47,Passo Fundo,RS,Sul,-28.27,-52.41
2018,87,5.83,0.74,0.78,23.99,89.53,0.93,11.92,5.65,Passo Fundo,RS,Sul,-28.27,-52.41
2018,88,1.74,0.74,0.76,26.7,88.7,0.99,15.29,7.16,Passo Fundo,RS,Sul,-28.27,-52.41
2018,89,1.42,0.74,0.75,25.43,89.5,1.14,9.21,4.36,Passo Fundo,RS,Sul,-28.27,-52.41
2018,90,21.0,0.75,0.84,23.94,90.09,0.8,5.86,2.95,Passo Fundo,RS,Sul,-28.27,-52.41
2018,91,7.25,0.77,0.81,24.0,90.43,1.02,12.66,5.99,Passo Fundo,RS,Sul,-28.27,-52.41
2018,92,3.39,0.77,0.79,23.5,88.41,1.48,14.71,6.87,Passo Fundo,RS,Sul,-28.27,-52.41
2018,93,0.84,0.76,0.76,24.21,86.49,1.11,16.47,7.53,Passo Fundo,RS,Sul,-28.27,-52.41
2018,94,0.67,0.75,0.76,23.66,84.82,1.05,17.4,8.04,Passo Fundo,RS,Sul,-28.27,-52.41
2018,95,0.09,0.74,0.74,24.79,83.16,1.14,19.15,8.73,Passo Fundo,RS,Sul,-28.27,-52.41
2018,96,0.19,0.73,0.74,26.07,79.95,1.03,20.13,9.1,Passo Fundo,RS,Sul,-28.27,-52.41
2018,97,0.0,0.72,0.73,26.57,76.36,1.55,20.99,9.49,Passo Fundo,RS,Sul,-28.27,-52.41
2018,98,0.0,0.72,0.72,27.92,77.06,1.12,19.86,9.11,Passo Fundo,RS,Sul,-28.27,-52.41
2018,99,0.01,0.71,0.71,28.01,79.03,1.37,19.12,8.78,Passo Fundo,RS,Sul,-28.27,-52.41
2018,100,0.0,0.7,0.7,28.14,78.37,2.28,17.79,8.05,Passo Fundo,RS,Sul,-28.27,-52.41
2018,101,0.0,0.7,0.7,29.28,77.9,2.17,20.12,9.16,Passo Fundo,RS,Sul,-28.27,-52.41
2018,102,0.0,0.69,0.69,29.03,77.39,1.76,18.83,8.6,Passo Fundo,RS,Sul,-28.27,-52.41
2018,103,1.31,0.69,0.7,23.42,86.56,2.44,7.61,3.76,Passo Fundo,RS,Sul,-28.27,-52.41
2018,104,32.08,0.71,0.83,19.94,92.37,2.38,2.96,1.57,Passo Fundo,RS,Sul,-28.27,-52.41
2018,105,0.91,0.74,0.75,22.59,85.68,2.24,10.31,4.89,Passo Fundo,RS,Sul,-28.27,-52.41
2018,106,0.01,0.73,0.74,24.89,80.58,2.09,18.05,8.25,Passo Fundo,RS,Sul,-28.27,-52.41
2018,107,0.0,0.72,0.73,24.92,76.81,1.93,19.82,8.94,Passo Fundo,RS,Sul,-28.27,-52.41
2018,108,0.06,0.72,0.72,24.64,79.39,1.74,18.88,8.59,Passo Fundo,RS,Sul,-28.27,-52.41
2018,109,0.0,0.71,0.72,26.48,74.82,1.34,18.66,8.56,Passo Fundo,RS,Sul,-28.27,-52.41
2018,110,0.78,0.71,0.72,27.82,76.21,1.44,17.28,8.04,Passo Fundo,RS,Sul,-28.27,-52.41
2018,111,14.62,0.72,0.79,26.07,83.75,1.53,10.42,4.98,Passo Fundo,RS,Sul,-28.27,-52.41
2018,112,0.83,0.73,0.74,26.89,81.87,1.35,17.32,8.08,Passo Fundo,RS,Sul,-28.27,-52.41
2018,113,0.54,0.72,0.73,26.87,82.24,1.76,13.37,6.22,Passo Fundo,RS,Sul,-28.27,-52.41
2018,114,0.11,0.72,0.73,25.46,85.06,1.06,15.1,6.98,Passo Fundo,RS,Sul,-28.27,-52.41
2018,115,0.63,0.72,0.73,26.89,81.92,1.31,13.48,6.26,Passo Fundo,RS,Sul,-28.27,-52.41
2018,116,0.09,0.71,0.72,28.03,82.21,1.12,16.31,7.5,Passo Fundo,RS,Sul,-28.27,-52.41
2018,117,0.0,0.71,0.71,27.77,75.79,1.73,14.01,6.41,Passo Fundo,RS,Sul,-28.27,-52.41
2018,118,0.0,0.7,0.71,28.19,74.88,1.09,16.55,7.58,Passo Fundo,RS,Sul,-28.27,-52.41
2018,119,0.0,0.7,0.7,28.52,77.69,1.55,15.99,7.27,Passo Fundo,RS,Sul,-28.27,-52.41
2018,120,0.19,0.69,0.69,27.65,81.88,1.83,9.11,4.36,Passo Fundo,RS,Sul,-28.27,-52.41
2018,121,0.39,0.69,0.69,27.18,85.02,1.79,11.4,5.31,Passo Fundo,RS,Sul,-28.27,-52.41
2018,122,0.03,0.69,0.69,27.69,82.81,1.53,11.2,5.22,Passo Fundo,RS,Sul,-28.27,-52.41
2018,123,0.45,0.68,0.69,28.11,80.79,2.15,14.1,6.4,Passo Fundo,RS,Sul,-28.27,-52.41
2018,124,0.03,0.68,0.68,28.38,75.53,1.52,14.19,6.48,Passo Fundo,RS,Sul,-28.27,-52.41
2018,125,0.4,0.68,0.68,26.67,78.42,1.38,11.46,5.3,Passo Fundo,RS,Sul,-28.27,-52.41
2018,126,3.22,0.68,0.71,23.26,88.25,1.71,7.51,3.58,Passo Fundo,RS,Sul,-28.27,-52.41
2018,127,0.05,0.68,0.69,26.01,81.69,2.07,14.85,6.84,Passo Fundo,RS,Sul,-28.27,-52.41
2018,128,0.01,0.68,0.68,25.93,76.38,2.26,15.37,7.0,Passo Fundo,RS,Sul,-28.27,-52.41
2018,129,0.01,0.68,0.68,26.84,78.58,2.16,11.2,5.19,Passo Fundo,RS,Sul,-28.27,-52.41
2018,130,0.03,0.67,0.67,27.32,76.77,2.39,13.73,6.26,Passo Fundo,RS,Sul,-28.27,-52.41
2018,131,6.71,0.68,0.72,21.2,84.12,3.12,4.31,2.07,Passo Fundo,RS,Sul,-28.27,-52.41
2018,132,1.34,0.68,0.7,20.28,82.57,1.57,11.39,5.11,Passo Fundo,RS,Sul,-28.27,-52.41
2018,133,0.0,0.68,0.69,21.57,75.75,1.56,16.04,7.03,Passo Fundo,RS,Sul,-28.27,-52.41
2018,134,0.02,0.68,0.68,24.52,79.76,2.54,13.99,6.13,Passo Fundo,RS,Sul,-28.27,-52.41
2018,135,20.55,0.69,0.78,22.56,89.41,1.8,1.99,1.01,Passo Fundo,RS,Sul,-28.27,-52.41
2018,136,0.29,0.71,0.74,20.21,82.31,1.8,8.23,3.82,Passo Fundo,RS,Sul,-28.27,-52.41
2018,137,0.26,0.71,0.72,22.52,70.29,1.37,13.9,6.23,Passo Fundo,RS,Sul,-28.27,-52.41
2018,138,40.38,0.73,0.85,22.11,91.79,2.34,2.18,1.11,Passo Fundo,RS,Sul,-28.27,-52.41
2018,139,8.61,0.77,0.84,11.77,89.54,3.2,4.51,2.22,Passo Fundo,RS,Sul,-28.27,-52.41
2018,140,0.38,0.76,0.78,12.4,86.13,2.22,7.78,3.46,Passo Fundo,RS,Sul,-28.27,-52.41
2018,141,0.07,0.75,0.76,16.32,82.63,0.72,14.74,6.5,Passo Fundo,RS,Sul,-28.27,-52.41
2018,142,0.16,0.75,0.75,15.79,82.49,0.96,13.74,5.99,Passo Fundo,RS,Sul,-28.27,-52.41
2018,143,0.06,0.74,0.75,16.36,77.03,0.9,15.17,6.53,Passo Fundo,RS,Sul,-28.27,-52.41
2018,144,0.0,0.73,0.74,17.92,74.88,1.49,15.73,6.72,Passo Fundo,RS,Sul,-28.27,-52.41
2018,145,0.03,0.73,0.74,21.38,83.89,1.2,14.61,6.4,Passo Fundo,RS,Sul,-28.27,-52.41
2018,146,0.0,0.73,0.73,22.57,81.62,1.34,14.47,6.47,Passo Fundo,RS,Sul,-28.27,-52.41
2018,147,0.0,0.72,0.73,23.94,82.69,1.61,13.28,6.05,Passo Fundo,RS,Sul,-28.27,-52.41
2018,148,0.0,0.72,0.72,24.29,81.34,2.21,14.66,6.59,Passo Fundo,RS,Sul,-28.27,-52.41
2018,149,0.0,0.71,0.72,22.65,80.6,2.39,14.58,6.43,Passo Fundo,RS,Sul,-28.27,-52.41
2018,150,0.0,0.71,0.72,23.59,76.19,2.2,12.34,5.55,Passo Fundo,RS,Sul,-28.27,-52.41
2018,151,0.35,0.71,0.72,22.81,80.63,2.2,6.8,3.16,Passo Fundo,RS,Sul,-28.27,-52.41
2018,152,17.51,0.72,0.81,19.52,91.73,2.66,2.73,1.41,Passo Fundo,RS,Sul,-28.27,-52.41
2018,153,0.84,0.74,0.76,15.47,84.69,1.98,5.78,2.71,Passo Fundo,RS,Sul,-28.27,-52.41
2018,154,0.05,0.73,0.74,13.62,85.56,1.96,13.37,5.75,Passo Fundo,RS,Sul,-28.27,-52.41
2018,155,6.12,0.73,0.77,16.95,88.7,2.07,5.46,2.56,Passo Fundo,RS,Sul,-28.27,-52.41
2018,156,0.67,0.74,0.76,13.68,88.03,1.84,6.43,2.9,Passo Fundo,RS,Sul,-28.27,-52.41
2018,157,1.02,0.74,0.75,12.85,85.01,1.09,9.82,4.27,Passo Fundo,RS,Sul,-28.27,-52.41
2018,158,0.0,0.74,0.74,14.56,76.2,1.48,13.93,6.02,Passo Fundo,RS,Sul,-28.27,-52.41
2018,159,0.02,0.73,0.74,14.92,76.49,1.35,14.22,6.11,Passo Fundo,RS,Sul,-28.27,-52.41
2018,160,0.06,0.73,0.73,20.47,76.47,2.14,14.18,6.1,Passo Fundo,RS,Sul,-28.27,-52.41
2018,161,5.34,0.73,0.76,23.22,83.6,4.38,7.58,3.56,Passo Fundo,RS,Sul,-28.27,-52.41
2018,162,9.16,0.73,0.78,22.62,87.88,4.88,7.34,3.43,Passo Fundo,RS,Sul,-28.27,-52.41
2018,163,42.05,0.77,0.88,20.18,92.22,2.27,5.65,2.67,Passo Fundo,RS,Sul,-28.27,-52.41
2018,164,0.25,0.77,0.78,11.51,78.24,2.73,12.22,5.29,Passo Fundo,RS,Sul,-28.27,-52.41
2018,165,0.54,0.76,0.77,10.16,84.31,1.16,11.98,5.2,Passo Fundo,RS,Sul,-28.27,-52.41
2018,166,0.05,0.76,0.77,8.48,83.38,1.46,9.48,4.14,Passo Fundo,RS,Sul,-28.27,-52.41
2018,167,0.05,0.75,0.76,11.93,76.93,1.45,14.17,5.99,Passo Fundo,RS,Sul,-28.27,-52.41
2018,168,0.0,0.75,0.76,15.36,79.74,1.19,10.05,4.23,Passo Fundo,RS,Sul,-28.27,-52.41
2018,169,0.09,0.74,0.75,17.32,81.32,1.24,10.25,4.42,Passo Fundo,RS,Sul,-28.27,-52.41
2018,170,0.11,0.74,0.75,20.33,82.99,1.84,13.78,5.99,Passo Fundo,RS,Sul,-28.27,-52.41
2018,171,0.02,0.74,0.75,22.04,82.82,1.57,13.46,5.93,Passo Fundo,RS,Sul,-28.27,-52.41
2018,172,2.21,0.74,0.75,22.61,88.43,2.6,10.24,4.62,Passo Fundo,RS,Sul,-28.27,-52.41
2018,173,0.27,0.74,0.75,21.23,81.4,1.02,11.78,5.24,Passo Fundo,RS,Sul,-28.27,-52.41
2018,174,1.05,0.73,0.74,23.96,86.34,2.65,11.22,5.08,Passo Fundo,RS,Sul,-28.27,-52.41
2018,175,19.89,0.76,0.84,15.14,93.55,2.9,3.77,1.84,Passo Fundo,RS,Sul,-28.27,-52.41
2018,176,10.52,0.78,0.84,13.93,95.33,1.48,1.96,1.0,Passo Fundo,RS,Sul,-28.27,-52.41
2018,177,0.18,0.77,0.78,17.01,86.94,0.84,7.11,3.09,Passo Fundo,RS,Sul,-28.27,-52.41
2018,178,0.1,0.76,0.77,20.53,88.95,1.43,9.05,4.03,Passo Fundo,RS,Sul,-28.27,-52.41
2018,179,9.71,0.77,0.82,19.85,96.33,1.42,2.13,1.08,Passo Fundo,RS,Sul,-28.27,-52.41
2018,180,18.01,0.78,0.83,23.11,89.9,1.48,4.63,2.26,Passo Fundo,RS,Sul,-28.27,-52.41
2018,181,0.61,0.79,0.8,20.72,89.47,1.09,11.66,5.17,Passo Fundo,RS,Sul,-28.27,-52.41
2018,182,0.08,0.78,0.78,24.13,84.92,1.94,12.04,5.37,Passo Fundo,RS,Sul,-28.27,-52.41
2018,183,3.75,0.77,0.79,23.96,86.14,3.01,6.57,3.03,Passo Fundo,RS,Sul,-28.27,-52.41
2018,184,2.66,0.77,0.79,14.01,82.05,2.84,8.75,3.87,Passo Fundo,RS,Sul,-28.27,-52.41
2018,185,20.0,0.79,0.88,13.82,92.92,2.0,2.23,1.17,Passo Fundo,RS,Sul,-28.27,-52.41
2018,186,0.38,0.79,0.8,21.2,93.71,1.17,8.73,4.02,Passo Fundo,RS,Sul,-28.27,-52.41
2018,187,0.05,0.78,0.79,24.19,86.39,1.09,9.97,4.55,Passo Fundo,RS,Sul,-28.27,-52.41
2018,188,0.22,0.78,0.78,24.07,85.69,3.05,10.31,4.66,Passo Fundo,RS,Sul,-28.27,-52.41
2018,189,0.25,0.77,0.78,13.47,85.18,2.58,5.94,2.64,Passo Fundo,RS,Sul,-28.27,-52.41
2018,190,2.28,0.77,0.79,10.61,91.75,2.54,8.04,3.57,Passo Fundo,RS,Sul,-28.27,-52.41
2018,191,0.38,0.77,0.78,12.38,88.73,2.22,8.22,3.69,Passo Fundo,RS,Sul,-28.27,-52.41
2018,192,0.04,0.77,0.77,14.92,82.54,2.08,11.92,5.14,Passo Fundo,RS,Sul,-28.27,-52.41
2018,193,0.1,0.76,0.77,16.75,78.5,1.85,14.63,6.21,Passo Fundo,RS,Sul,-28.27,-52.41
2018,194,0.06,0.76,0.77,19.01,77.91,1.36,13.98,6.13,Passo Fundo,RS,Sul,-28.27,-52.41
2018,195,0.02,0.76,0.76,22.84,86.27,2.02,14.39,6.4,Passo Fundo,RS,Sul,-28.27,-52.41
2018,196,0.03,0.75,0.76,25.15,82.95,2.26,13.35,6.03,Passo Fundo,RS,Sul,-28.27,-52.41
2018,197,13.07,0.76,0.82,21.89,87.03,1.11,3.87,1.86,Passo Fundo,RS,Sul,-28.27,-52.41
2018,198,1.03,0.77,0.78,25.49,85.4,2.29,6.03,2.86,Passo Fundo,RS,Sul,-28.27,-52.41
2018,199,0.09,0.77,0.77,24.9,80.44,2.24,14.57,6.44,Passo Fundo,RS,Sul,-28.27,-52.41
2018,200,0.0,0.76,0.76,24.38,82.93,2.4,14.69,6.57,Passo Fundo,RS,Sul,-28.27,-52.41
2018,201,14.65,0.76,0.82,22.31,84.6,4.05,6.34,3.0,Passo Fundo,RS,Sul,-28.27,-52.41
2018,202,0.47,0.78,0.79,12.07,75.08,2.03,14.39,6.17,Passo Fundo,RS,Sul,-28.27,-52.41
2018,203,0.0,0.77,0.78,19.1,84.8,1.95,9.45,4.18,Passo Fundo,RS,Sul,-28.27,-52.41
2018,204,0.09,0.77,0.78,22.1,88.56,1.78,11.29,5.11,Passo Fundo,RS,Sul,-28.27,-52.41
2018,205,10.73,0.77,0.82,13.59,89.98,3.48,4.0,1.97,Passo Fundo,RS,Sul,-28.27,-52.41
2018,206,28.96,0.81,0.91,17.7,93.96,1.89,4.32,2.12,Passo Fundo,RS,Sul,-28.27,-52.41
2018,207,9.0,0.83,0.88,16.27,94.86,1.41,5.18,2.4,Passo Fundo,RS,Sul,-28.27,-52.41
2018,208,0.05,0.82,0.82,20.82,89.67,1.26,8.29,3.74,Passo Fundo,RS,Sul,-28.27,-52.41
2018,209,1.72,0.8,0.81,23.42,88.66,2.36,7.51,3.41,Passo Fundo,RS,Sul,-28.27,-52.41
2018,210,0.15,0.8,0.8,14.69,83.53,2.48,10.82,4.73,Passo Fundo,RS,Sul,-28.27,-52.41
2018,211,0.02,0.79,0.79,16.1,84.8,0.94,15.96,6.91,Passo Fundo,RS,Sul,-28.27,-52.41
2018,212,0.04,0.79,0.79,14.86,82.13,1.58,16.42,7.03,Passo Fundo,RS,Sul,-28.27,-52.41
2018,213,0.01,0.78,0.79,15.93,81.41,2.56,14.9,6.36,Passo Fundo,RS,Sul,-28.27,-52.41
2018,214,0.01,0.78,0.78,19.15,84.0,1.98,12.79,5.57,Passo Fundo,RS,Sul,-28.27,-52.41
2018,215,5.87,0.78,0.81,20.33,82.68,1.75,2.99,1.49,Passo Fundo,RS,Sul,-28.27,-52.41
2018,216,4.51,0.79,0.82,18.77,85.07,1.88,9.77,4.32,Passo Fundo,RS,Sul,-28.27,-52.41
2018,217,0.15,0.79,0.79,14.62,83.23,0.97,10.19,4.49,Passo Fundo,RS,Sul,-28.27,-52.41
2018,218,0.08,0.78,0.79,18.57,80.13,1.01,16.74,7.19,Passo Fundo,RS,Sul,-28.27,-52.41
2018,219,0.03,0.78,0.78,21.41,77.99,2.17,17.67,7.65,Passo Fundo,RS,Sul,-28.27,-52.41
2018,220,12.86,0.79,0.84,21.92,85.67,3.1,2.87,1.46,Passo Fundo,RS,Sul,-28.27,-52.41
2018,221,2.31,0.8,0.81,8.58,88.36,3.97,5.43,2.57,Passo Fundo,RS,Sul,-28.27,-52.41
2018,222,0.82,0.79,0.8,12.16,81.08,2.79,14.05,6.16,Passo Fundo,RS,Sul,-28.27,-52.41
2018,223,0.02,0.79,0.79,16.9,86.18,1.33,10.81,4.84,Passo Fundo,RS,Sul,-28.27,-52.41
2018,224,0.08,0.79,0.79,20.35,84.21,1.97,18.25,7.93,Passo Fundo,RS,Sul,-28.27,-52.41
2018,225,0.02,0.78,0.78,22.9,74.68,1.7,18.54,8.01,Passo Fundo,RS,Sul,-28.27,-52.41
2018,226,0.04,0.78,0.78,22.52,83.71,1.67,17.33,7.72,Passo Fundo,RS,Sul,-28.27,-52.41
2018,227,0.03,0.77,0.78,16.03,85.77,2.6,7.9,3.67,Passo Fundo,RS,Sul,-28.27,-52.41
2018,228,0.01,0.77,0.77,21.65,83.96,2.17,17.57,7.67,Passo Fundo,RS,Sul,-28.27,-52.41
2018,229,0.02,0.77,0.77,22.31,79.55,1.87,18.64,8.16,Passo Fundo,RS,Sul,-28.27,-52.41
2018,230,0.0,0.76,0.77,22.71,78.59,2.06,18.21,7.97,Passo Fundo,RS,Sul,-28.27,-52.41
2018,231,11.46,0.76,0.79,24.31,80.12,2.18,15.83,7.15,Passo Fundo,RS,Sul,-28.27,-52.41
2018,232,27.36,0.79,0.88,12.62,89.54,2.21,3.71,1.84,Passo Fundo,RS,Sul,-28.27,-52.41
2018,233,14.34,0.83,0.89,11.74,88.64,2.23,5.91,2.82,Passo Fundo,RS,Sul,-28.27,-52.41
2018,234,2.38,0.83,0.84,13.5,91.13,1.11,5.05,2.48,Passo Fundo,RS,Sul,-28.27,-52.41
2018,235,0.63,0.81,0.81,19.54,90.34,1.38,9.45,4.29,Passo Fundo,RS,Sul,-28.27,-52.41
2018,236,15.97,0.82,0.87,24.06,91.08,3.83,4.07,2.05,Passo Fundo,RS,Sul,-28.27,-52.41
2018,237,0.97,0.82,0.83,13.26,74.08,3.13,18.6,8.04,Passo Fundo,RS,Sul,-28.27,-52.41
2018,238,0.0,0.81,0.81,14.18,60.22,1.05,21.27,9.0,Passo Fundo,RS,Sul,-28.27,-52.41
2018,239,0.0,0.8,0.8,19.59,63.61,1.54,20.4,8.75,Passo Fundo,RS,Sul,-28.27,-52.41
2018,240,0.0,0.8,0.8,22.13,73.25,2.04,20.15,8.8,Passo Fundo,RS,Sul,-28.27,-52.41
2018,241,0.05,0.79,0.79,27.56,78.95,2.21,17.94,8.18,Passo Fundo,RS,Sul,-28.27,-52.41
2018,242,3.82,0.79,0.8,25.6,81.91,2.53,14.78,6.72,Passo Fundo,RS,Sul,-28.27,-52.41
2018,243,40.66,0.81,0.89,21.06,91.69,1.98,2.77,1.46,Passo Fundo,RS,Sul,-28.27,-52.41
2018,244,27.73,0.84,0.93,20.81,93.55,1.81,4.37,2.15,Passo Fundo,RS,Sul,-28.27,-52.41
2018,245,21.82,0.86,0.91,15.93,93.87,1.41,3.87,1.96,Passo Fundo,RS,Sul,-28.27,-52.41
2018,246,16.24,0.87,0.92,16.41,93.18,2.27,4.36,2.24,Passo Fundo,RS,Sul,-28.27,-52.41
2018,247,0.94,0.86,0.86,16.39,85.84,2.28,16.21,7.17,Passo Fundo,RS,Sul,-28.27,-52.41
2018,248,0.16,0.84,0.84,20.33,72.95,1.79,22.43,9.7,Passo Fundo,RS,Sul,-28.27,-52.41
2018,249,0.01,0.83,0.83,22.52,69.99,1.69,22.53,9.82,Passo Fundo,RS,Sul,-28.27,-52.41
2018,250,0.01,0.82,0.82,24.32,76.75,1.27,22.65,9.95,Passo Fundo,RS,Sul,-28.27,-52.41
2018,251,0.02,0.82,0.82,24.69,79.45,1.59,22.69,9.96,Passo Fundo,RS,Sul,-28.27,-52.41
2018,252,0.02,0.81,0.81,23.95,82.87,2.39,21.71,9.59,Passo Fundo,RS,Sul,-28.27,-52.41
2018,253,0.0,0.81,0.81,23.56,83.45,2.59,20.03,8.93,Passo Fundo,RS,Sul,-28.27,-52.41
2018,254,0.0,0.8,0.8,22.61,81.63,2.98,19.47,8.63,Passo Fundo,RS,Sul,-28.27,-52.41
2018,255,0.0,0.8,0.8,24.4,79.84,2.38,21.61,9.63,Passo Fundo,RS,Sul,-28.27,-52.41
2018,256,1.45,0.8,0.8,22.5,85.54,1.91,9.61,4.44,Passo Fundo,RS,Sul,-28.27,-52.41
2018,257,24.2,0.82,0.9,20.81,89.85,1.01,5.11,2.42,Passo Fundo,RS,Sul,-28.27,-52.41
2018,258,8.86,0.84,0.87,20.56,85.6,1.42,13.03,5.97,Passo Fundo,RS,Sul,-28.27,-52.41
2018,259,1.1,0.84,0.84,21.15,84.97,1.73,14.54,6.62,Passo Fundo,RS,Sul,-28.27,-52.41
2018,260,14.16,0.84,0.88,21.8,81.11,1.95,7.48,3.62,Passo Fundo,RS,Sul,-28.27,-52.41
2018,261,1.87,0.84,0.85,22.12,83.76,1.45,15.44,7.03,Passo Fundo,RS,Sul,-28.27,-52.41
2018,262,0.02,0.83,0.83,25.18,82.29,1.75,17.78,7.96,Passo Fundo,RS,Sul,-28.27,-52.41
2018,263,0.11,0.83,0.83,20.3,90.38,2.18,14.76,6.82,Passo Fundo,RS,Sul,-28.27,-52.41
2018,264,0.01,0.82,0.82,26.17,79.57,1.32,21.71,9.94,Passo Fundo,RS,Sul,-28.27,-52.41
2018,265,0.0,0.82,0.81,28.56,79.28,1.81,24.3,10.95,Passo Fundo,RS,Sul,-28.27,-52.41
2018,266,5.54,0.81,0.83,29.05,80.22,2.6,19.76,9.15,Passo Fundo,RS,Sul,-28.27,-52.41
2018,267,12.88,0.82,0.87,27.55,89.41,2.9,4.34,2.23,Passo Fundo,RS,Sul,-28.27,-52.41
2018,268,8.56,0.83,0.87,25.0,90.4,1.77,8.56,4.12,Passo Fundo,RS,Sul,-28.27,-52.41
2018,269,0.42,0.84,0.84,24.9,86.74,1.04,8.39,4.07,Passo Fundo,RS,Sul,-28.27,-52.41
2018,270,0.01,0.83,0.83,25.13,83.9,0.79,15.3,6.96,Passo Fundo,RS,Sul,-28.27,-52.41
2018,271,0.0,0.82,0.82,27.67,79.87,1.19,20.18,9.18,Passo Fundo,RS,Sul,-28.27,-52.41
2018,272,13.45,0.83,0.87,26.65,84.44,2.84,23.44,10.65,Passo Fundo,RS,Sul,-28.27,-52.41
2018,273,4.19,0.84,0.86,27.65,81.94,2.62,10.81,5.14,Passo Fundo,RS,Sul,-28.27,-52.41
2018,274,12.45,0.83,0.86,26.47,88.28,2.86,9.97,4.71,Passo Fundo,RS,Sul,-28.27,-52.41
2018,275,14.57,0.85,0.9,18.26,89.51,3.28,8.72,4.3,Passo Fundo,RS,Sul,-28.27,-52.41
2018,276,33.38,0.86,0.89,19.73,88.3,2.65,7.69,3.81,Passo Fundo,RS,Sul,-28.27,-52.41
2018,277,0.09,0.85,0.84,21.37,73.94,2.3,25.07,10.83,Passo Fundo,RS,Sul,-28.27,-52.41
2018,278,0.0,0.84,0.83,19.24,74.18,2.84,21.88,9.51,Passo Fundo,RS,Sul,-28.27,-52.41
2018,279,0.47,0.83,0.83,23.28,80.33,2.33,22.63,10.11,Passo Fundo,RS,Sul,-28.27,-52.41
2018,280,5.8,0.84,0.86,21.21,86.4,1.88,8.64,4.23,Passo Fundo,RS,Sul,-28.27,-52.41
2018,281,0.38,0.84,0.83,26.94,86.27,2.14,18.19,8.39,Passo Fundo,RS,Sul,-28.27,-52.41
2018,282,10.33,0.84,0.87,26.24,89.74,1.99,14.33,6.68,Passo Fundo,RS,Sul,-28.27,-52.41
2018,283,14.2,0.86,0.89,19.8,90.08,3.52,12.62,6.0,Passo Fundo,RS,Sul,-28.27,-52.41
2018,284,0.01,0.85,0.84,25.5,78.26,3.42,18.9,8.67,Passo Fundo,RS,Sul,-28.27,-52.41
2018,285,22.82,0.84,0.88,26.53,82.05,3.71,11.04,5.27,Passo Fundo,RS,Sul,-28.27,-52.41
2018,286,7.41,0.87,0.89,21.98,84.44,2.37,8.52,4.17,Passo Fundo,RS,Sul,-28.27,-52.41
2018,287,0.07,0.85,0.84,21.84,76.46,2.65,14.39,6.58,Passo Fundo,RS,Sul,-28.27,-52.41
2018,288,0.5,0.84,0.84,25.53,79.87,1.91,22.91,10.22,Passo Fundo,RS,Sul,-28.27,-52.41
2018,289,0.0,0.83,0.83,26.68,78.14,1.95,22.9,10.36,Passo Fundo,RS,Sul,-28.27,-52.41
2018,290,24.07,0.84,0.9,27.25,89.98,2.13,10.04,4.72,Passo Fundo,RS,Sul,-28.27,-52.41
2018,291,14.68,0.87,0.9,26.77,89.42,1.84,11.87,5.6,Passo Fundo,RS,Sul,-28.27,-52.41
2018,292,1.3,0.86,0.86,23.79,79.42,3.55,23.23,10.41,Passo Fundo,RS,Sul,-28.27,-52.41
2018,293,0.0,0.85,0.84,22.5,74.88,3.08,28.77,12.74,Passo Fundo,RS,Sul,-28.27,-52.41
2018,294,0.0,0.84,0.84,25.6,77.36,1.89,28.45,12.89,Passo Fundo,RS,Sul,-28.27,-52.41
2018,295,0.0,0.83,0.83,27.86,75.32,1.52,25.5,11.61,Passo Fundo,RS,Sul,-28.27,-52.41
2018,296,0.05,0.83,0.83,22.58,85.92,2.87,16.2,7.57,Passo Fundo,RS,Sul,-28.27,-52.41
2018,297,0.02,0.83,0.83,23.49,80.86,2.92,17.54,8.19,Passo Fundo,RS,Sul,-28.27,-52.41
2018,298,0.06,0.82,0.82,26.29,79.33,2.11,15.0,7.07,Passo Fundo,RS,Sul,-28.27,-52.41
2018,299,44.44,0.83,0.9,25.28,87.59,1.46,7.91,3.94,Passo Fundo,RS,Sul,-28.27,-52.41
2018,300,2.39,0.85,0.86,21.98,80.78,3.21,20.15,9.1,Passo Fundo,RS,Sul,-28.27,-52.41
2018,301,0.07,0.84,0.84,21.88,75.62,2.38,25.7,11.48,Passo Fundo,RS,Sul,-28.27,-52.41
2018,302,0.0,0.83,0.83,25.97,72.75,1.87,26.72,12.06,Passo Fundo,RS,Sul,-28.27,-52.41
2018,303,17.12,0.83,0.84,28.59,78.24,2.62,28.22,12.88,Passo Fundo,RS,Sul,-28.27,-52.41
2018,304,35.09,0.86,0.94,25.34,91.87,3.0,6.07,3.12,Passo Fundo,RS,Sul,-28.27,-52.41
2018,305,3.96,0.87,0.87,24.04,83.71,2.07,20.5,9.37,Passo Fundo,RS,Sul,-28.27,-52.41
2018,306,0.2,0.85,0.84,27.72,78.47,1.77,25.37,11.6,Passo Fundo,RS,Sul,-28.27,-52.41
2018,307,29.64,0.86,0.92,23.64,93.09,2.55,5.16,2.68,Passo Fundo,RS,Sul,-28.27,-52.41
2018,308,0.23,0.86,0.85,24.79,77.21,2.77,30.72,13.65,Passo Fundo,RS,Sul,-28.27,-52.41
2018,309,0.0,0.85,0.84,28.48,76.98,1.91,28.89,13.06,Passo Fundo,RS,Sul,-28.27,-52.41
2018,310,0.0,0.84,0.84,26.98,82.27,1.73,26.29,12.02,Passo Fundo,RS,Sul,-28.27,-52.41
2018,311,0.01,0.84,0.83,26.01,79.63,3.6,17.89,8.27,Passo Fundo,RS,Sul,-28.27,-52.41
2018,312,0.0,0.83,0.82,26.48,71.89,3.35,30.25,13.74,Passo Fundo,RS,Sul,-28.27,-52.41
2018,313,0.0,0.82,0.82,28.28,73.44,2.57,28.33,12.9,Passo Fundo,RS,Sul,-28.27,-52.41
2018,314,0.0,0.82,0.81,28.45,73.97,2.19,28.24,12.87,Passo Fundo,RS,Sul,-28.27,-52.41
2018,315,0.0,0.81,0.81,29.3,75.64,1.78,26.66,12.13,Passo Fundo,RS,Sul,-28.27,-52.41
2018,316,0.0,0.8,0.8,29.83,74.37,2.17,22.06,10.16,Passo Fundo,RS,Sul,-28.27,-52.41
2018,317,1.29,0.8,0.81,29.74,81.18,2.9,15.64,7.52,Passo Fundo,RS,Sul,-28.27,-52.41
2018,318,18.63,0.82,0.87,24.75,82.59,2.74,9.28,4.6,Passo Fundo,RS,Sul,-28.27,-52.41
2018,319,0.0,0.82,0.82,25.8,71.39,1.35,32.25,14.34,Passo Fundo,RS,Sul,-28.27,-52.41
2018,320,0.0,0.81,0.81,27.38,73.37,2.38,31.73,14.2,Passo Fundo,RS,Sul,-28.27,-52.41
2018,321,1.5,0.81,0.81,28.32,78.25,3.1,21.36,10.05,Passo Fundo,RS,Sul,-28.27,-52.41
2018,322,40.86,0.83,0.89,23.96,87.02,2.08,7.97,4.04,Passo Fundo,RS,Sul,-28.27,-52.41
2018,323,0.06,0.83,0.82,23.35,72.42,2.39,32.39,14.12,Passo Fundo,RS,Sul,-28.27,-52.41
2018,324,0.19,0.82,0.81,27.87,77.73,1.74,31.96,14.29,Passo Fundo,RS,Sul,-28.27,-52.41
2018,325,0.0,0.81,0.8,29.17,72.12,1.47,32.32,14.52,Passo Fundo,RS,Sul,-28.27,-52.41
2018,326,0.0,0.8,0.79,28.81,72.58,2.23,31.52,14.2,Passo Fundo,RS,Sul,-28.27,-52.41
2018,327,33.64,0.8,0.86,26.84,83.32,2.75,8.82,4.44,Passo Fundo,RS,Sul,-28.27,-52.41
2018,328,36.36,0.85,0.91,23.63,86.2,3.67,14.24,6.8,Passo Fundo,RS,Sul,-28.27,-52.41
2018,329,0.5,0.84,0.83,26.01,77.22,1.92,30.39,13.59,Passo Fundo,RS,Sul,-28.27,-52.41
2018,330,0.0,0.83,0.82,26.97,75.36,2.71,28.51,12.9,Passo Fundo,RS,Sul,-28.27,-52.41
2018,331,0.7,0.82,0.82,27.49,82.21,2.25,23.57,10.91,Passo Fundo,RS,Sul,-28.27,-52.41
2018,332,13.82,0.82,0.87,24.78,86.82,2.46,8.64,4.31,Passo Fundo,RS,Sul,-28.27,-52.41
2018,333,10.08,0.84,0.88,27.26,83.45,1.94,22.25,10.38,Passo Fundo,RS,Sul,-28.27,-52.41
2018,334,6.92,0.84,0.86,26.26,88.71,1.55,16.84,8.09,Passo Fundo,RS,Sul,-28.27,-52.41
2018,335,5.48,0.84,0.85,25.74,80.42,2.06,25.26,11.57,Passo Fundo,RS,Sul,-28.27,-52.41
2018,336,1.54,0.83,0.84,21.53,78.83,2.64,19.51,8.87,Passo Fundo,RS,Sul,-28.27,-52.41
2018,337,0.0,0.82,0.82,22.42,68.89,1.56,33.28,14.63,Passo Fundo,RS,Sul,-28.27,-52.41
2018,338,0.0,0.81,0.81,23.79,59.39,1.75,32.77,14.5,Passo Fundo,RS,Sul,-28.27,-52.41
2018,339,0.0,0.8,0.8,25.61,72.34,2.11,29.36,13.28,Passo Fundo,RS,Sul,-28.27,-52.41
2018,340,0.0,0.8,0.79,24.51,73.96,2.29,31.73,14.23,Passo Fundo,RS,Sul,-28.27,-52.41
2018,341,0.0,0.79,0.79,21.5,72.86,2.69,31.14,13.81,Passo Fundo,RS,Sul,-28.27,-52.41
2018,342,0.0,0.78,0.78,23.52,66.96,2.1,32.9,14.44,Passo Fundo,RS,Sul,-28.27,-52.41
2018,343,0.0,0.78,0.78,27.02,69.62,2.23,29.52,13.31,Passo Fundo,RS,Sul,-28.27,-52.41
2018,344,0.0,0.77,0.77,28.83,66.57,1.54,32.48,14.76,Passo Fundo,RS,Sul,-28.27,-52.41
2018,345,0.03,0.76,0.76,31.46,70.71,1.93,29.66,13.56,Passo Fundo,RS,Sul,-28.27,-52.41
2018,346,0.02,0.76,0.76,28.04,76.97,1.97,14.89,7.15,Passo Fundo,RS,Sul,-28.27,-52.41
2018,347,0.06,0.76,0.75,31.0,78.1,1.91,24.81,11.55,Passo Fundo,RS,Sul,-28.27,-52.41
2018,348,0.23,0.75,0.75,30.11,79.83,2.69,23.51,11.0,Passo Fundo,RS,Sul,-28.27,-52.41
2018,349,2.61,0.75,0.76,28.39,83.52,1.66,12.46,6.12,Passo Fundo,RS,Sul,-28.27,-52.41
2018,350,1.74,0.75,0.77,28.84,82.58,1.21,25.81,11.91,Passo Fundo,RS,Sul,-28.27,-52.41
2018,351,10.29,0.75,0.79,31.42,79.36,2.1,26.82,12.56,Passo Fundo,RS,Sul,-28.27,-52.41
2018,352,8.34,0.77,0.81,28.66,82.91,1.54,13.29,6.47,Passo Fundo,RS,Sul,-28.27,-52.41
2018,353,8.93,0.78,0.82,30.0,82.02,1.95,21.11,9.9,Passo Fundo,RS,Sul,-28.27,-52.41
2018,354,13.33,0.79,0.84,29.51,82.3,2.35,19.73,9.36,Passo Fundo,RS,Sul,-28.27,-52.41
2018,355,27.47,0.81,0.89,29.23,84.56,2.88,11.24,5.59,Passo Fundo,RS,Sul,-28.27,-52.41
2018,356,1.34,0.82,0.83,23.98,84.35,1.33,11.9,5.81,Passo Fundo,RS,Sul,-28.27,-52.41
2018,357,0.14,0.8,0.8,27.88,76.42,1.39,27.54,12.38,Passo Fundo,RS,Sul,-28.27,-52.41
2018,358,0.05,0.79,0.79,28.11,79.97,2.39,30.17,13.74,Passo Fundo,RS,Sul,-28.27,-52.41
2018,359,15.67,0.79,0.85,27.46,82.69,1.99,25.7,11.91,Passo Fundo,RS,Sul,-28.27,-52.41
2018,360,10.68,0.81,0.85,28.03,81.85,1.54,19.59,9.2,Passo Fundo,RS,Sul,-28.27,-52.41
2018,361,0.33,0.8,0.81,29.01,79.94,1.37,30.12,13.88,Passo Fundo,RS,Sul,-28.27,-52.41
2018,362,0.02,0.79,0.79,29.49,79.92,1.49,28.63,13.26,Passo Fundo,RS,Sul,-28.27,-52.41
2018,363,0.06,0.78,0.78,31.48,73.93,1.34,30.52,14.11,Passo Fundo,RS,Sul,-28.27,-52.41
2018,364,2.27,0.77,0.78,30.47,80.94,1.44,17.28,8.21,Passo Fundo,RS,Sul,-28.27,-52.41
2018,365,0.67,0.77,0.77,29.21,84.13,1.78,23.62,11.15,Passo Fundo,RS,Sul,-28.27,-52.41
2019,1,0.03,0.76,0.76,30.49,80.83,1.69,27.89,13.15,Passo Fundo,RS,Sul,-28.27,-52.41
2019,2,0.43,0.75,0.76,31.09,78.97,2.41,29.32,13.73,Passo Fundo,RS,Sul,-28.27,-52.41
2019,3,18.61,0.76,0.83,27.56,88.26,3.01,16.63,8.02,Passo Fundo,RS,Sul,-28.27,-52.41
2019,4,1.68,0.78,0.8,28.61,81.6,2.18,19.36,9.08,Passo Fundo,RS,Sul,-28.27,-52.41
2019,5,0.29,0.77,0.77,28.9,83.23,1.43,22.81,10.53,Passo Fundo,RS,Sul,-28.27,-52.41
2019,6,3.06,0.76,0.77,27.93,85.02,2.2,23.17,10.83,Passo Fundo,RS,Sul,-28.27,-52.41
2019,7,7.16,0.77,0.81,25.92,92.31,3.34,13.16,6.4,Passo Fundo,RS,Sul,-28.27,-52.41
2019,8,6.47,0.78,0.81,27.78,88.08,1.79,18.34,8.69,Passo Fundo,RS,Sul,-28.27,-52.41
2019,9,7.5,0.78,0.81,27.82,88.01,2.59,13.82,6.67,Passo Fundo,RS,Sul,-28.27,-52.41
2019,10,9.66,0.79,0.84,26.3,88.14,2.14,14.17,6.88,Passo Fundo,RS,Sul,-28.27,-52.41
2019,11,8.94,0.8,0.84,27.27,85.03,0.94,17.11,8.1,Passo Fundo,RS,Sul,-28.27,-52.41
2019,12,1.88,0.8,0.81,27.4,84.41,1.47,19.35,9.24,Passo Fundo,RS,Sul,-28.27,-52.41
2019,13,16.84,0.81,0.86,28.23,82.63,1.38,22.46,10.62,Passo Fundo,RS,Sul,-28.27,-52.41
2019,14,15.25,0.82,0.87,27.63,89.89,1.57,21.88,10.35,Passo Fundo,RS,Sul,-28.27,-52.41
2019,15,4.72,0.82,0.84,29.9,85.77,1.98,23.72,11.1,Passo Fundo,RS,Sul,-28.27,-52.41
2019,16,9.95,0.82,0.86,27.29,90.81,2.38,12.63,6.21,Passo Fundo,RS,Sul,-28.27,-52.41
2019,17,15.4,0.83,0.88,28.7,89.32,1.24,19.69,9.36,Passo Fundo,RS,Sul,-28.27,-52.41
2019,18,7.39,0.83,0.86,28.3,89.88,2.37,15.21,7.38,Passo Fundo,RS,Sul,-28.27,-52.41
2019,19,0.77,0.83,0.83,24.71,83.99,2.92,16.0,7.49,Passo Fundo,RS,Sul,-28.27,-52.41
2019,20,1.12,0.81,0.81,25.12,85.71,1.97,16.04,7.52,Passo Fundo,RS,Sul,-28.27,-52.41
2019,21,0.11,0.8,0.8,27.63,82.77,1.7,26.4,12.08,Passo Fundo,RS,Sul,-28.27,-52.41
2019,22,0.0,0.79,0.79,30.39,75.76,1.25,31.61,14.36,Passo Fundo,RS,Sul,-28.27,-52.41
2019,23,13.66,0.78,0.83,30.78,80.65,1.39,20.46,9.6,Passo Fundo,RS,Sul,-28.27,-52.41
2019,24,1.99,0.8,0.82,29.17,85.29,1.47,27.52,12.76,Passo Fundo,RS,Sul,-28.27,-52.41
2019,25,0.0,0.79,0.79,28.48,81.12,2.44,29.01,13.37,Passo Fundo,RS,Sul,-28.27,-52.41
2019,26,0.0,0.78,0.78,30.1,77.49,1.62,29.13,13.41,Passo Fundo,RS,Sul,-28.27,-52.41
2019,27,0.0,0.77,0.77,29.02,78.03,1.77,29.2,13.38,Passo Fundo,RS,Sul,-28.27,-52.41
2019,28,0.03,0.76,0.76,29.54,78.63,2.25,28.18,13.17,Passo Fundo,RS,Sul,-28.27,-52.41
2019,29,0.05,0.75,0.75,30.48,77.25,1.89,27.87,13.07,Passo Fundo,RS,Sul,-28.27,-52.41
2019,30,0.0,0.74,0.74,31.08,77.02,1.87,27.41,12.78,Passo Fundo,RS,Sul,-28.27,-52.41
2019,31,0.41,0.73,0.74,31.52,75.79,1.39,26.94,12.57,Passo Fundo,RS,Sul,-28.27,-52.41
2019,32,17.42,0.73,0.79,31.13,80.46,1.48,19.87,9.3,Passo Fundo,RS,Sul,-28.27,-52.41
2019,33,4.64,0.76,0.8,28.7,85.98,1.84,25.64,12.03,Passo Fundo,RS,Sul,-28.27,-52.41
2019,34,1.29,0.76,0.76,23.8,82.56,3.39,12.71,6.13,Passo Fundo,RS,Sul,-28.27,-52.41
2019,35,0.01,0.75,0.75,24.23,78.24,2.69,20.18,9.16,Passo Fundo,RS,Sul,-28.27,-52.41
2019,36,0.13,0.74,0.74,24.23,78.83,2.51,26.23,12.0,Passo Fundo,RS,Sul,-28.27,-52.41
2019,37,0.0,0.74,0.74,26.44,77.41,1.59,28.41,13.05,Passo Fundo,RS,Sul,-28.27,-52.41
2019,38,0.1,0.73,0.73,27.43,74.79,1.27,28.71,13.17,Passo Fundo,RS,Sul,-28.27,-52.41
2019,39,0.0,0.72,0.72,28.82,72.2,1.18,28.1,12.97,Passo Fundo,RS,Sul,-28.27,-52.41
2019,40,0.2,0.71,0.72,30.45,74.08,1.68,26.17,11.96,Passo Fundo,RS,Sul,-28.27,-52.41
2019,41,7.48,0.71,0.75,30.37,79.2,2.11,7.92,3.94,Passo Fundo,RS,Sul,-28.27,-52.41
2019,42,5.17,0.72,0.76,29.64,85.39,2.28,17.11,8.09,Passo Fundo,RS,Sul,-28.27,-52.41
2019,43,3.47,0.73,0.76,25.23,83.62,2.88,13.93,6.69,Passo Fundo,RS,Sul,-28.27,-52.41
2019,44,0.03,0.72,0.73,25.72,76.33,2.26,28.99,12.94,Passo Fundo,RS,Sul,-28.27,-52.41
2019,45,5.02,0.72,0.73,27.34,81.55,1.58,21.07,9.75,Passo Fundo,RS,Sul,-28.27,-52.41
2019,46,21.73,0.75,0.86,24.26,86.48,2.54,9.03,4.49,Passo Fundo,RS,Sul,-28.27,-52.41
2019,47,2.97,0.76,0.79,25.12,84.45,2.7,22.71,10.53,Passo Fundo,RS,Sul,-28.27,-52.41
2019,48,0.49,0.75,0.76,26.69,81.93,2.31,20.33,9.47,Passo Fundo,RS,Sul,-28.27,-52.41
2019,49,3.21,0.74,0.76,26.86,83.65,1.61,23.55,10.9,Passo Fundo,RS,Sul,-28.27,-52.41
2019,50,3.05,0.74,0.77,26.52,81.66,1.47,23.71,10.93,Passo Fundo,RS,Sul,-28.27,-52.41
2019,51,0.13,0.74,0.74,28.36,80.17,1.06,26.83,12.3,Passo Fundo,RS,Sul,-28.27,-52.41
2019,52,0.0,0.73,0.73,29.06,77.35,1.81,28.45,12.92,Passo Fundo,RS,Sul,-28.27,-52.41
2019,53,0.01,0.72,0.72,29.04,78.26,1.72,27.36,12.38,Passo Fundo,RS,Sul,-28.27,-52.41
2019,54,0.0,0.71,0.71,29.72,78.14,1.96,26.45,12.04,Passo Fundo,RS,Sul,-28.27,-52.41
2019,55,9.73,0.7,0.75,29.54,82.36,3.34,18.78,8.86,Passo Fundo,RS,Sul,-28.27,-52.41
2019,56,41.73,0.75,0.86,23.14,90.43,1.82,5.24,2.8,Passo Fundo,RS,Sul,-28.27,-52.41
2019,57,0.23,0.76,0.77,21.87,86.05,1.63,17.72,8.2,Passo Fundo,RS,Sul,-28.27,-52.41
2019,58,0.07,0.75,0.76,24.86,78.43,1.13,23.36,10.44,Passo Fundo,RS,Sul,-28.27,-52.41
2019,59,0.05,0.74,0.75,24.46,76.86,1.2,27.33,12.04,Passo Fundo,RS,Sul,-28.27,-52.41
2019,60,0.03,0.73,0.74,26.06,71.15,1.01,27.91,12.32,Passo Fundo,RS,Sul,-28.27,-52.41
2019,61,0.0,0.72,0.73,26.58,65.78,1.65,28.26,12.57,Passo Fundo,RS,Sul,-28.27,-52.41
2019,62,0.0,0.71,0.72,28.6,65.12,0.91,27.49,12.46,Passo Fundo,RS,Sul,-28.27,-52.41
2019,63,0.11,0.71,0.71,29.83,75.03,2.25,26.01,11.88,Passo Fundo,RS,Sul,-28.27,-52.41
2019,64,5.12,0.7,0.74,29.45,81.31,1.7,18.3,8.61,Passo Fundo,RS,Sul,-28.27,-52.41
2019,65,9.79,0.71,0.76,28.56,78.47,1.28,13.54,6.42,Passo Fundo,RS,Sul,-28.27,-52.41
2019,66,22.71,0.75,0.85,27.01,88.23,2.02,16.43,7.74,Passo Fundo,RS,Sul,-28.27,-52.41
2019,67,18.76,0.77,0.87,24.95,94.86,1.94,11.22,5.46,Passo Fundo,RS,Sul,-28.27,-52.41
2019,68,8.32,0.79,0.83,22.08,90.62,3.39,11.03,5.38,Passo Fundo,RS,Sul,-28.27,-52.41
2019,69,0.28,0.78,0.78,24.61,83.53,3.44,18.87,8.63,Passo Fundo,RS,Sul,-28.27,-52.41
2019,70,3.24,0.77,0.78,23.1,85.8,2.47,12.69,5.98,Passo Fundo,RS,Sul,-28.27,-52.41
2019,71,9.83,0.78,0.83,26.16,89.9,2.17,3.76,2.03,Passo Fundo,RS,Sul,-28.27,-52.41
2019,72,4.95,0.78,0.8,25.52,89.3,1.77,12.77,6.0,Passo Fundo,RS,Sul,-28.27,-52.41
2019,73,0.1,0.77,0.77,24.93,81.59,1.32,22.43,10.15,Passo Fundo,RS,Sul,-28.27,-52.41
2019,74,0.68,0.76,0.77,25.77,81.66,1.18,23.14,10.35,Passo Fundo,RS,Sul,-28.27,-52.41
2019,75,1.61,0.75,0.77,26.94,87.29,1.82,15.69,7.38,Passo Fundo,RS,Sul,-28.27,-52.41
2019,76,42.67,0.79,0.92,23.82,94.02,2.39,8.04,3.98,Passo Fundo,RS,Sul,-28.27,-52.41
2019,77,14.72,0.83,0.89,24.24,92.14,2.65,9.24,4.51,Passo Fundo,RS,Sul,-28.27,-52.41
2019,78,0.12,0.81,0.81,26.44,84.45,1.05,18.62,8.61,Passo Fundo,RS,Sul,-28.27,-52.41
2019,79,1.53,0.8,0.8,20.02,85.58,2.78,10.15,4.88,Passo Fundo,RS,Sul,-28.27,-52.41
2019,80,0.12,0.79,0.79,20.74,78.4,2.49,21.02,9.32,Passo Fundo,RS,Sul,-28.27,-52.41
2019,81,2.98,0.78,0.79,22.75,80.99,1.9,17.21,7.9,Passo Fundo,RS,Sul,-28.27,-52.41
2019,82,0.06,0.78,0.78,24.79,78.64,1.19,20.23,9.14,Passo Fundo,RS,Sul,-28.27,-52.41
2019,83,0.02,0.77,0.77,25.97,80.71,1.76,22.29,10.08,Passo Fundo,RS,Sul,-28.27,-52.41
2019,84,0.0,0.76,0.76,23.85,78.16,1.44,24.17,10.78,Passo Fundo,RS,Sul,-28.27,-52.41
2019,85,0.0,0.75,0.75,23.06,73.42,1.59,23.64,10.55,Passo Fundo,RS,Sul,-28.27,-52.41
2019,86,0.01,0.74,0.75,24.0,82.18,2.6,21.42,9.64,Passo Fundo,RS,Sul,-28.27,-52.41
2019,87,0.0,0.74,0.74,25.73,81.7,2.56,20.97,9.55,Passo Fundo,RS,Sul,-28.27,-52.41
2019,88,0.0,0.73,0.74,26.44,78.5,1.99,18.83,8.65,Passo Fundo,RS,Sul,-28.27,-52.41
2019,89,0.0,0.73,0.73,27.35,81.32,1.57,20.0,9.24,Passo Fundo,RS,Sul,-28.27,-52.41
2019,90,4.96,0.73,0.75,27.12,83.06,0.88,13.25,6.26,Passo Fundo,RS,Sul,-28.27,-52.41
2019,91,0.2,0.73,0.75,28.54,81.34,0.99,19.09,8.82,Passo Fundo,RS,Sul,-28.27,-52.41
2019,92,0.1,0.73,0.73,28.31,81.47,1.49,17.04,7.81,Passo Fundo,RS,Sul,-28.27,-52.41
2019,93,0.02,0.72,0.73,27.26,83.68,1.12,15.28,7.08,Passo Fundo,RS,Sul,-28.27,-52.41
2019,94,5.86,0.72,0.75,26.52,89.94,2.04,12.54,5.95,Passo Fundo,RS,Sul,-28.27,-52.41
2019,95,24.51,0.76,0.83,21.76,86.93,2.74,5.49,2.8,Passo Fundo,RS,Sul,-28.27,-52.41
2019,96,6.74,0.76,0.79,21.3,90.01,2.44,5.19,2.66,Passo Fundo,RS,Sul,-28.27,-52.41
2019,97,2.6,0.77,0.79,22.77,89.85,2.65,8.27,4.06,Passo Fundo,RS,Sul,-28.27,-52.41
2019,98,0.18,0.76,0.77,23.45,84.3,2.48,16.01,7.29,Passo Fundo,RS,Sul,-28.27,-52.41
2019,99,0.08,0.75,0.76,25.21,80.06,1.72,21.39,9.56,Passo Fundo,RS,Sul,-28.27,-52.41
2019,100,0.01,0.75,0.75,25.85,76.51,1.83,20.14,9.08,Passo Fundo,RS,Sul,-28.27,-52.41
2019,101,0.88,0.74,0.74,25.93,80.86,1.55,17.62,8.06,Passo Fundo,RS,Sul,-28.27,-52.41
2019,102,0.47,0.74,0.74,25.07,81.86,1.04,13.21,6.06,Passo Fundo,RS,Sul,-28.27,-52.41
2019,103,0.12,0.73,0.74,26.29,81.96,1.51,15.34,7.08,Passo Fundo,RS,Sul,-28.27,-52.41
2019,104,4.63,0.73,0.76,27.47,81.06,1.39,14.74,6.86,Passo Fundo,RS,Sul,-28.27,-52.41
2019,105,6.05,0.73,0.77,27.3,84.18,1.61,17.33,8.04,Passo Fundo,RS,Sul,-28.27,-52.41
2019,106,24.42,0.76,0.84,24.35,87.38,3.25,15.05,6.95,Passo Fundo,RS,Sul,-28.27,-52.41
2019,107,0.12,0.76,0.77,23.16,81.86,1.72,19.23,8.61,Passo Fundo,RS,Sul,-28.27,-52.41
2019,108,0.02,0.76,0.76,24.49,77.18,1.01,19.95,8.85,Passo Fundo,RS,Sul,-28.27,-52.41
2019,109,0.0,0.75,0.75,25.68,76.98,1.42,17.98,8.14,Passo Fundo,RS,Sul,-28.27,-52.41
2019,110,5.95,0.75,0.78,24.54,86.48,1.06,2.44,1.28,Passo Fundo,RS,Sul,-28.27,-52.41
2019,111,0.86,0.75,0.77,22.79,91.42,1.76,8.27,4.01,Passo Fundo,RS,Sul,-28.27,-52.41
2019,112,0.06,0.75,0.75,23.63,83.22,2.81,9.83,4.61,Passo Fundo,RS,Sul,-28.27,-52.41
2019,113,0.18,0.75,0.75,26.05,84.01,1.75,14.4,6.68,Passo Fundo,RS,Sul,-28.27,-52.41
2019,114,0.06,0.74,0.74,27.49,83.55,1.57,15.9,7.39,Passo Fundo,RS,Sul,-28.27,-52.41
2019,115,0.29,0.74,0.74,27.52,84.82,1.48,8.25,4.02,Passo Fundo,RS,Sul,-28.27,-52.41
2019,116,10.14,0.74,0.79,27.24,87.15,1.56,10.92,5.15,Passo Fundo,RS,Sul,-28.27,-52.41
2019,117,24.84,0.78,0.89,24.08,94.71,1.8,4.69,2.34,Passo Fundo,RS,Sul,-28.27,-52.41
2019,118,5.71,0.79,0.82,20.97,86.44,1.8,9.75,4.44,Passo Fundo,RS,Sul,-28.27,-52.41
2019,119,1.74,0.79,0.8,23.41,81.44,0.99,17.04,7.58,Passo Fundo,RS,Sul,-28.27,-52.41
2019,120,0.17,0.78,0.78,23.99,79.54,1.27,15.94,7.16,Passo Fundo,RS,Sul,-28.27,-52.41
2019,121,0.42,0.77,0.77,23.31,85.75,1.41,13.13,6.0,Passo Fundo,RS,Sul,-28.27,-52.41
2019,122,0.08,0.76,0.77,24.67,85.33,1.63,12.83,5.8,Passo Fundo,RS,Sul,-28.27,-52.41
2019,123,2.31,0.76,0.77,26.71,89.59,2.05,10.35,4.81,Passo Fundo,RS,Sul,-28.27,-52.41
2019,124,1.48,0.76,0.78,24.98,92.05,1.6,14.97,6.98,Passo Fundo,RS,Sul,-28.27,-52.41
2019,125,16.46,0.77,0.84,26.78,88.63,1.58,8.63,4.13,Passo Fundo,RS,Sul,-28.27,-52.41
2019,126,31.32,0.8,0.88,24.25,91.7,1.84,3.38,1.71,Passo Fundo,RS,Sul,-28.27,-52.41
2019,127,1.58,0.81,0.82,22.41,86.67,2.77,7.54,3.51,Passo Fundo,RS,Sul,-28.27,-52.41
2019,128,3.71,0.8,0.82,24.01,89.68,1.97,10.95,5.09,Passo Fundo,RS,Sul,-28.27,-52.41
2019,129,6.6,0.8,0.83,22.08,93.02,2.17,6.05,2.94,Passo Fundo,RS,Sul,-28.27,-52.41
2019,130,6.1,0.8,0.82,24.12,91.0,3.36,1.25,0.69,Passo Fundo,RS,Sul,-28.27,-52.41
2019,131,42.95,0.83,0.92,19.27,94.38,2.55,2.59,1.33,Passo Fundo,RS,Sul,-28.27,-52.41
2019,132,0.69,0.83,0.83,18.87,89.19,2.56,8.16,3.8,Passo Fundo,RS,Sul,-28.27,-52.41
2019,133,5.4,0.82,0.84,20.32,91.06,2.34,6.93,3.23,Passo Fundo,RS,Sul,-28.27,-52.41
2019,134,11.61,0.82,0.87,18.24,92.9,2.54,8.22,3.86,Passo Fundo,RS,Sul,-28.27,-52.41
2019,135,0.85,0.82,0.83,20.92,86.59,2.5,14.22,6.4,Passo Fundo,RS,Sul,-28.27,-52.41
2019,136,0.11,0.81,0.81,22.78,84.5,2.31,15.64,7.05,Passo Fundo,RS,Sul,-28.27,-52.41
2019,137,0.02,0.8,0.8,22.23,82.66,2.79,15.72,7.1,Passo Fundo,RS,Sul,-28.27,-52.41
2019,138,0.0,0.8,0.8,22.01,87.14,2.23,14.55,6.7,Passo Fundo,RS,Sul,-28.27,-52.41
2019,139,0.01,0.79,0.79,23.52,83.2,1.6,14.24,6.49,Passo Fundo,RS,Sul,-28.27,-52.41
2019,140,0.01,0.79,0.79,24.18,82.19,1.35,12.64,5.82,Passo Fundo,RS,Sul,-28.27,-52.41
2019,141,14.92,0.8,0.86,22.16,88.65,1.92,3.79,1.89,Passo Fundo,RS,Sul,-28.27,-52.41
2019,142,7.42,0.82,0.85,20.65,93.04,1.37,4.97,2.41,Passo Fundo,RS,Sul,-28.27,-52.41
2019,143,0.55,0.81,0.82,19.18,92.42,1.15,6.58,3.12,Passo Fundo,RS,Sul,-28.27,-52.41
2019,144,25.68,0.83,0.9,15.85,95.6,2.11,2.44,1.26,Passo Fundo,RS,Sul,-28.27,-52.41
2019,145,0.57,0.83,0.84,19.16,83.11,0.8,7.82,3.57,Passo Fundo,RS,Sul,-28.27,-52.41
2019,146,0.15,0.82,0.82,20.17,85.65,1.84,14.63,6.5,Passo Fundo,RS,Sul,-28.27,-52.41
2019,147,19.81,0.83,0.88,18.36,91.72,1.47,3.91,1.94,Passo Fundo,RS,Sul,-28.27,-52.41
2019,148,11.09,0.85,0.88,22.2,91.14,2.47,5.35,2.54,Passo Fundo,RS,Sul,-28.27,-52.41
2019,149,0.13,0.84,0.83,20.34,86.93,2.0,10.25,4.6,Passo Fundo,RS,Sul,-28.27,-52.41
2019,150,23.2,0.85,0.91,18.65,94.59,1.13,2.85,1.51,Passo Fundo,RS,Sul,-28.27,-52.41
2019,151,1.15,0.85,0.85,18.92,91.44,1.56,5.14,2.45,Passo Fundo,RS,Sul,-28.27,-52.41
2019,152,0.09,0.84,0.84,19.55,90.84,1.49,7.48,3.37,Passo Fundo,RS,Sul,-28.27,-52.41
2019,153,0.03,0.83,0.83,19.39,91.16,1.8,8.23,3.75,Passo Fundo,RS,Sul,-28.27,-52.41
2019,154,0.12,0.83,0.83,19.15,90.26,1.7,9.3,4.16,Passo Fundo,RS,Sul,-28.27,-52.41
2019,155,0.03,0.83,0.83,17.7,80.85,1.73,14.25,6.23,Passo Fundo,RS,Sul,-28.27,-52.41
2019,156,0.0,0.82,0.82,19.09,81.96,2.18,14.03,6.13,Passo Fundo,RS,Sul,-28.27,-52.41
2019,157,0.01,0.82,0.82,20.74,87.0,2.55,13.7,6.02,Passo Fundo,RS,Sul,-28.27,-52.41
2019,158,0.0,0.82,0.82,21.94,82.82,2.13,13.75,6.14,Passo Fundo,RS,Sul,-28.27,-52.41
2019,159,1.16,0.82,0.82,22.34,87.56,1.54,5.98,2.8,Passo Fundo,RS,Sul,-28.27,-52.41
2019,160,0.77,0.82,0.82,23.09,90.01,1.64,7.5,3.47,Passo Fundo,RS,Sul,-28.27,-52.41
2019,161,0.0,0.82,0.82,21.65,81.43,2.25,10.06,4.55,Passo Fundo,RS,Sul,-28.27,-52.41
2019,162,0.0,0.81,0.81,23.39,82.28,1.62,12.15,5.37,Passo Fundo,RS,Sul,-28.27,-52.41
2019,163,0.01,0.81,0.81,25.29,84.08,2.14,11.62,5.28,Passo Fundo,RS,Sul,-28.27,-52.41
2019,164,0.0,0.81,0.81,25.18,84.94,2.37,10.85,4.93,Passo Fundo,RS,Sul,-28.27,-52.41
2019,165,0.0,0.8,0.8,25.01,85.35,2.47,11.26,5.12,Passo Fundo,RS,Sul,-28.27,-52.41
2019,166,0.0,0.8,0.81,24.64,86.66,1.86,10.7,4.91,Passo Fundo,RS,Sul,-28.27,-52.41
2019,167,0.01,0.8,0.8,25.22,81.8,1.56,11.85,5.38,Passo Fundo,RS,Sul,-28.27,-52.41
2019,168,0.01,0.8,0.8,24.55,83.53,1.5,13.24,5.96,Passo Fundo,RS,Sul,-28.27,-52.41
2019,169,0.05,0.8,0.8,22.72,85.74,2.1,11.81,5.37,Passo Fundo,RS,Sul,-28.27,-52.41
2019,170,4.19,0.8,0.82,17.48,81.93,1.9,8.12,3.67,Passo Fundo,RS,Sul,-28.27,-52.41
2019,171,0.0,0.8,0.81,18.41,75.97,0.81,14.3,6.25,Passo Fundo,RS,Sul,-28.27,-52.41
2019,172,0.03,0.8,0.8,23.32,85.96,1.78,12.65,5.58,Passo Fundo,RS,Sul,-28.27,-52.41
2019,173,0.03,0.8,0.8,23.68,86.04,1.55,12.48,5.6,Passo Fundo,RS,Sul,-28.27,-52.41
2019,174,0.01,0.8,0.8,22.61,86.71,2.03,13.18,5.87,Passo Fundo,RS,Sul,-28.27,-52.41
2019,175,0.0,0.8,0.8,23.29,83.13,2.26,12.85,5.7,Passo Fundo,RS,Sul,-28.27,-52.41
2019,176,6.36,0.79,0.81,22.75,82.46,3.7,9.9,4.44,Passo Fundo,RS,Sul,-28.27,-52.41
2019,177,5.12,0.81,0.84,10.25,75.68,1.92,12.03,5.11,Passo Fundo,RS,Sul,-28.27,-52.41
2019,178,0.08,0.81,0.81,20.07,89.3,1.75,12.27,5.37,Passo Fundo,RS,Sul,-28.27,-52.41
2019,179,4.23,0.81,0.83,23.49,90.23,3.23,8.63,4.0,Passo Fundo,RS,Sul,-28.27,-52.41
2019,180,0.12,0.81,0.81,25.93,80.37,3.39,10.43,4.79,Passo Fundo,RS,Sul,-28.27,-52.41
2019,181,21.02,0.82,0.88,20.18,91.77,2.52,2.21,1.18,Passo Fundo,RS,Sul,-28.27,-52.41
2019,182,11.81,0.85,0.9,12.47,90.3,1.54,5.1,2.44,Passo Fundo,RS,Sul,-28.27,-52.41
2019,183,12.04,0.85,0.87,17.07,87.96,1.37,3.86,1.87,Passo Fundo,RS,Sul,-28.27,-52.41
2019,184,5.41,0.86,0.88,14.05,79.96,1.9,13.9,5.97,Passo Fundo,RS,Sul,-28.27,-52.41
2019,185,0.04,0.84,0.84,12.28,66.5,1.28,14.44,6.27,Passo Fundo,RS,Sul,-28.27,-52.41
2019,186,0.0,0.83,0.83,7.85,74.81,2.41,13.98,5.91,Passo Fundo,RS,Sul,-28.27,-52.41
2019,187,0.0,0.83,0.83,8.96,79.12,1.5,14.62,6.18,Passo Fundo,RS,Sul,-28.27,-52.41
2019,188,0.0,0.83,0.83,12.43,74.68,1.37,15.08,6.36,Passo Fundo,RS,Sul,-28.27,-52.41
2019,189,0.03,0.83,0.83,16.77,70.66,1.63,14.9,6.32,Passo Fundo,RS,Sul,-28.27,-52.41
2019,190,0.0,0.82,0.82,19.39,72.68,1.45,13.11,5.58,Passo Fundo,RS,Sul,-28.27,-52.41
2019,191,0.03,0.82,0.82,20.85,81.75,1.61,12.99,5.7,Passo Fundo,RS,Sul,-28.27,-52.41
2019,192,0.01,0.82,0.82,23.28,80.25,1.49,14.19,6.3,Passo Fundo,RS,Sul,-28.27,-52.41
2019,193,0.12,0.82,0.82,23.09,83.15,2.34,12.56,5.61,Passo Fundo,RS,Sul,-28.27,-52.41
2019,194,3.35,0.82,0.83,21.96,87.5,1.95,8.25,3.75,Passo Fundo,RS,Sul,-28.27,-52.41
2019,195,5.57,0.83,0.85,15.5,92.16,1.66,2.88,1.42,Passo Fundo,RS,Sul,-28.27,-52.41
2019,196,0.2,0.83,0.83,16.7,83.1,1.67,7.1,3.19,Passo Fundo,RS,Sul,-28.27,-52.41
2019,197,0.1,0.82,0.82,13.56,81.03,1.68,15.18,6.46,Passo Fundo,RS,Sul,-28.27,-52.41
2019,198,0.05,0.82,0.82,16.77,81.86,2.26,15.54,6.66,Passo Fundo,RS,Sul,-28.27,-52.41
2019,199,0.06,0.82,0.82,18.91,85.25,2.31,15.08,6.53,Passo Fundo,RS,Sul,-28.27,-52.41
2019,200,3.54,0.82,0.84,20.34,89.15,1.63,6.19,2.97,Passo Fundo,RS,Sul,-28.27,-52.41
2019,201,0.23,0.82,0.82,23.36,85.45,2.09,14.21,6.32,Passo Fundo,RS,Sul,-28.27,-52.41
2019,202,0.02,0.82,0.82,20.77,85.22,2.83,9.9,4.47,Passo Fundo,RS,Sul,-28.27,-52.41
2019,203,0.5,0.81,0.81,23.87,80.93,3.47,10.29,4.71,Passo Fundo,RS,Sul,-28.27,-52.41
2019,204,19.38,0.82,0.88,23.63,85.82,2.89,1.87,0.98,Passo Fundo,RS,Sul,-28.27,-52.41
2019,205,4.86,0.84,0.87,19.47,93.42,1.48,7.11,3.32,Passo Fundo,RS,Sul,-28.27,-52.41
2019,206,0.5,0.84,0.84,20.74,93.8,1.66,7.2,3.42,Passo Fundo,RS,Sul,-28.27,-52.41
2019,207,5.0,0.84,0.86,15.34,91.41,2.45,2.71,1.37,Passo Fundo,RS,Sul,-28.27,-52.41
2019,208,0.06,0.83,0.83,14.27,86.67,1.15,5.97,2.79,Passo Fundo,RS,Sul,-28.27,-52.41
2019,209,0.02,0.83,0.83,20.86,85.54,1.94,11.31,4.97,Passo Fundo,RS,Sul,-28.27,-52.41
2019,210,1.38,0.83,0.83,22.07,90.04,1.8,6.48,3.01,Passo Fundo,RS,Sul,-28.27,-52.41
2019,211,4.19,0.83,0.85,21.05,90.2,1.74,13.6,6.12,Passo Fundo,RS,Sul,-28.27,-52.41
2019,212,0.01,0.83,0.83,22.31,80.79,1.38,15.27,6.73,Passo Fundo,RS,Sul,-28.27,-52.41
2019,213,3.67,0.82,0.83,24.08,82.35,3.09,15.16,6.78,Passo Fundo,RS,Sul,-28.27,-52.41
2019,214,13.3,0.84,0.89,11.31,82.57,2.39,6.85,3.09,Passo Fundo,RS,Sul,-28.27,-52.41
2019,215,0.02,0.84,0.84,12.35,76.29,1.65,17.35,7.43,Passo Fundo,RS,Sul,-28.27,-52.41
2019,216,0.0,0.83,0.83,14.23,75.23,1.75,17.64,7.46,Passo Fundo,RS,Sul,-28.27,-52.41
2019,217,0.03,0.83,0.83,18.16,76.49,2.12,17.58,7.5,Passo Fundo,RS,Sul,-28.27,-52.41
2019,218,0.0,0.83,0.83,23.29,85.79,2.65,16.2,7.29,Passo Fundo,RS,Sul,-28.27,-52.41
2019,219,0.0,0.82,0.82,24.09,84.22,2.29,16.17,7.3,Passo Fundo,RS,Sul,-28.27,-52.41
2019,220,1.57,0.82,0.82,25.33,84.42,2.42,12.29,5.65,Passo Fundo,RS,Sul,-28.27,-52.41
2019,221,4.71,0.82,0.84,24.47,87.49,2.25,6.49,3.08,Passo Fundo,RS,Sul,-28.27,-52.41
2019,222,2.25,0.83,0.84,15.36,86.65,2.72,8.61,3.91,Passo Fundo,RS,Sul,-28.27,-52.41
2019,223,0.21,0.83,0.82,21.15,82.27,1.7,15.12,6.47,Passo Fundo,RS,Sul,-28.27,-52.41
2019,224,5.65,0.82,0.85,20.67,90.66,2.23,5.98,2.88,Passo Fundo,RS,Sul,-28.27,-52.41
2019,225,0.48,0.83,0.83,13.25,77.39,2.56,16.68,7.12,Passo Fundo,RS,Sul,-28.27,-52.41
2019,226,0.04,0.83,0.83,14.0,78.91,2.64,18.6,7.88,Passo Fundo,RS,Sul,-28.27,-52.41
2019,227,0.01,0.82,0.82,19.88,76.47,2.29,18.88,8.1,Passo Fundo,RS,Sul,-28.27,-52.41
2019,228,0.03,0.82,0.82,24.35,83.39,1.94,16.44,7.27,Passo Fundo,RS,Sul,-28.27,-52.41
2019,229,0.63,0.81,0.81,24.26,79.88,2.74,16.46,7.19,Passo Fundo,RS,Sul,-28.27,-52.41
2019,230,1.86,0.82,0.83,17.25,86.88,2.45,6.5,2.89,Passo Fundo,RS,Sul,-28.27,-52.41
2019,231,0.0,0.81,0.81,14.48,73.83,3.3,18.27,7.73,Passo Fundo,RS,Sul,-28.27,-52.41
2019,232,0.0,0.81,0.81,16.81,81.01,2.68,16.92,7.37,Passo Fundo,RS,Sul,-28.27,-52.41
2019,233,0.0,0.81,0.81,17.34,77.99,2.35,16.59,7.31,Passo Fundo,RS,Sul,-28.27,-52.41
2019,234,0.01,0.81,0.81,20.66,82.25,2.09,18.0,7.9,Passo Fundo,RS,Sul,-28.27,-52.41
2019,235,0.03,0.8,0.81,16.96,83.2,1.87,8.42,3.8,Passo Fundo,RS,Sul,-28.27,-52.41
2019,236,0.04,0.8,0.8,19.99,79.28,2.18,18.82,8.07,Passo Fundo,RS,Sul,-28.27,-52.41
2019,237,0.02,0.8,0.8,21.84,77.76,2.68,19.92,8.76,Passo Fundo,RS,Sul,-28.27,-52.41
2019,238,0.12,0.8,0.8,21.74,79.64,1.99,16.6,7.38,Passo Fundo,RS,Sul,-28.27,-52.41
2019,239,0.01,0.79,0.8,24.64,83.83,1.19,17.56,7.73,Passo Fundo,RS,Sul,-28.27,-52.41
2019,240,0.0,0.79,0.79,25.33,80.44,2.11,19.6,8.64,Passo Fundo,RS,Sul,-28.27,-52.41
2019,241,0.0,0.79,0.79,26.49,78.86,2.23,19.39,8.66,Passo Fundo,RS,Sul,-28.27,-52.41
2019,242,0.18,0.78,0.78,27.21,77.04,2.19,17.94,8.05,Passo Fundo,RS,Sul,-28.27,-52.41
2019,243,35.45,0.81,0.89,17.44,91.14,2.03,4.13,2.09,Passo Fundo,RS,Sul,-28.27,-52.41
2019,244,0.23,0.82,0.82,17.08,82.11,2.19,16.33,6.91,Passo Fundo,RS,Sul,-28.27,-52.41
2019,245,0.04,0.81,0.81,19.49,78.67,1.34,21.44,9.12,Passo Fundo,RS,Sul,-28.27,-52.41
2019,246,0.08,0.81,0.8,18.58,79.55,1.75,21.34,9.32,Passo Fundo,RS,Sul,-28.27,-52.41
2019,247,0.01,0.8,0.8,17.32,74.64,2.0,21.25,9.16,Passo Fundo,RS,Sul,-28.27,-52.41
2019,248,3.26,0.8,0.81,17.93,73.73,3.25,15.31,6.7,Passo Fundo,RS,Sul,-28.27,-52.41
2019,249,8.4,0.81,0.85,17.71,90.05,3.03,6.99,3.25,Passo Fundo,RS,Sul,-28.27,-52.41
2019,250,4.36,0.82,0.83,27.21,83.38,3.22,5.94,2.9,Passo Fundo,RS,Sul,-28.27,-52.41
2019,251,1.18,0.81,0.82,29.0,79.53,2.65,12.8,5.63,Passo Fundo,RS,Sul,-28.27,-52.41
2019,252,0.0,0.8,0.8,29.98,73.92,3.26,16.68,7.63,Passo Fundo,RS,Sul,-28.27,-52.41
2019,253,0.05,0.8,0.8,26.11,84.58,1.11,11.59,5.11,Passo Fundo,RS,Sul,-28.27,-52.41
2019,254,4.07,0.8,0.81,25.3,88.91,2.29,9.68,4.36,Passo Fundo,RS,Sul,-28.27,-52.41
2019,255,7.68,0.81,0.84,20.12,88.49,2.12,5.1,2.45,Passo Fundo,RS,Sul,-28.27,-52.41
2019,256,0.24,0.81,0.81,21.32,82.64,2.79,15.55,6.71,Passo Fundo,RS,Sul,-28.27,-52.41
2019,257,0.05,0.8,0.81,23.79,87.19,1.97,9.65,4.54,Passo Fundo,RS,Sul,-28.27,-52.41
2019,258,0.0,0.8,0.8,29.81,80.26,2.36,20.07,9.07,Passo Fundo,RS,Sul,-28.27,-52.41
2019,259,1.39,0.79,0.8,30.26,80.47,3.01,16.06,7.13,Passo Fundo,RS,Sul,-28.27,-52.41
2019,260,12.64,0.8,0.85,19.92,89.41,2.54,5.42,2.58,Passo Fundo,RS,Sul,-28.27,-52.41
2019,261,5.81,0.82,0.85,17.88,88.34,1.39,5.03,2.47,Passo Fundo,RS,Sul,-28.27,-52.41
2019,262,8.49,0.82,0.84,24.78,88.68,2.13,11.39,4.96,Passo Fundo,RS,Sul,-28.27,-52.41
2019,263,0.28,0.82,0.82,18.17,82.44,2.9,12.97,5.82,Passo Fundo,RS,Sul,-28.27,-52.41
2019,264,0.02,0.81,0.81,21.02,77.77,2.11,22.66,9.68,Passo Fundo,RS,Sul,-28.27,-52.41
2019,265,0.0,0.8,0.8,20.37,71.8,2.55,24.5,10.52,Passo Fundo,RS,Sul,-28.27,-52.41
2019,266,0.0,0.8,0.79,21.8,72.98,2.79,23.91,10.43,Passo Fundo,RS,Sul,-28.27,-52.41
2019,267,0.0,0.79,0.79,21.69,74.27,1.91,20.03,8.76,Passo Fundo,RS,Sul,-28.27,-52.41
2019,268,0.0,0.79,0.79,23.88,76.2,1.62,25.49,11.04,Passo Fundo,RS,Sul,-28.27,-52.41
2019,269,0.02,0.78,0.78,24.2,74.55,1.47,24.76,10.85,Passo Fundo,RS,Sul,-28.27,-52.41
2019,270,0.0,0.78,0.78,21.81,75.8,2.55,24.86,10.87,Passo Fundo,RS,Sul,-28.27,-52.41
2019,271,0.0,0.77,0.77,25.63,76.56,2.17,23.07,10.28,Passo Fundo,RS,Sul,-28.27,-52.41
2019,272,0.0,0.77,0.77,26.31,73.22,1.0,25.23,11.03,Passo Fundo,RS,Sul,-28.27,-52.41
2019,273,0.0,0.76,0.76,28.79,72.58,2.57,25.29,11.19,Passo Fundo,RS,Sul,-28.27,-52.41
2019,274,0.0,0.76,0.75,30.78,70.08,3.18,24.46,10.83,Passo Fundo,RS,Sul,-28.27,-52.41
2019,275,11.06,0.76,0.8,28.18,76.63,2.76,8.77,4.27,Passo Fundo,RS,Sul,-28.27,-52.41
2019,276,30.62,0.8,0.9,22.18,90.42,3.46,4.04,2.18,Passo Fundo,RS,Sul,-28.27,-52.41
2019,277,21.45,0.84,0.92,23.07,96.13,1.68,4.63,2.41,Passo Fundo,RS,Sul,-28.27,-52.41
2019,278,42.06,0.87,0.95,21.31,90.26,2.21,3.44,1.88,Passo Fundo,RS,Sul,-28.27,-52.41
2019,279,1.07,0.87,0.87,19.06,85.93,2.53,10.34,5.07,Passo Fundo,RS,Sul,-28.27,-52.41
2019,280,0.08,0.84,0.84,24.8,79.0,1.57,23.78,10.55,Passo Fundo,RS,Sul,-28.27,-52.41
2019,281,0.0,0.83,0.82,24.62,75.37,1.27,25.03,11.1,Passo Fundo,RS,Sul,-28.27,-52.41
2019,282,0.0,0.82,0.81,26.73,72.1,1.13,26.82,12.08,Passo Fundo,RS,Sul,-28.27,-52.41
2019,283,0.0,0.81,0.81,28.78,70.46,1.71,26.82,12.13,Passo Fundo,RS,Sul,-28.27,-52.41
2019,284,0.0,0.8,0.8,30.35,68.13,2.51,26.98,12.2,Passo Fundo,RS,Sul,-28.27,-52.41
2019,285,0.0,0.79,0.78,31.94,70.02,2.46,26.27,12.02,Passo Fundo,RS,Sul,-28.27,-52.41
2019,286,2.58,0.78,0.79,31.05,76.19,2.43,23.34,10.78,Passo Fundo,RS,Sul,-28.27,-52.41
2019,287,6.52,0.79,0.82,24.07,84.97,4.77,9.0,4.55,Passo Fundo,RS,Sul,-28.27,-52.41
2019,288,5.22,0.79,0.81,23.73,77.98,3.65,9.28,4.57,Passo Fundo,RS,Sul,-28.27,-52.41
2019,289,24.59,0.81,0.87,24.59,82.74,2.23,4.52,2.36,Passo Fundo,RS,Sul,-28.27,-52.41
2019,290,12.75,0.83,0.86,27.86,85.07,2.3,16.7,7.88,Passo Fundo,RS,Sul,-28.27,-52.41
2019,291,15.98,0.84,0.88,26.43,84.79,1.62,12.95,6.15,Passo Fundo,RS,Sul,-28.27,-52.41
2019,292,0.05,0.83,0.82,23.14,76.85,2.64,25.76,11.46,Passo Fundo,RS,Sul,-28.27,-52.41
2019,293,0.96,0.82,0.82,19.98,76.84,2.95,17.19,7.63,Passo Fundo,RS,Sul,-28.27,-52.41
2019,294,16.1,0.83,0.87,21.47,87.3,2.63,6.96,3.55,Passo Fundo,RS,Sul,-28.27,-52.41
2019,295,0.53,0.83,0.83,21.52,80.12,1.82,20.24,9.11,Passo Fundo,RS,Sul,-28.27,-52.41
2019,296,0.01,0.82,0.81,24.73,77.7,1.63,24.06,10.77,Passo Fundo,RS,Sul,-28.27,-52.41
2019,297,0.0,0.81,0.81,25.85,75.25,1.56,29.06,12.89,Passo Fundo,RS,Sul,-28.27,-52.41
2019,298,0.0,0.8,0.8,25.87,75.37,1.77,30.02,13.1,Passo Fundo,RS,Sul,-28.27,-52.41
2019,299,0.0,0.79,0.79,29.45,72.87,2.06,26.39,11.98,Passo Fundo,RS,Sul,-28.27,-52.41
2019,300,47.21,0.8,0.88,27.91,82.71,2.36,2.46,1.35,Passo Fundo,RS,Sul,-28.27,-52.41
2019,301,0.92,0.83,0.83,29.23,82.86,2.59,15.0,7.07,Passo Fundo,RS,Sul,-28.27,-52.41
2019,302,3.04,0.81,0.82,30.86,81.93,3.16,13.51,6.41,Passo Fundo,RS,Sul,-28.27,-52.41
2019,303,12.57,0.81,0.84,31.85,79.5,3.24,6.04,3.04,Passo Fundo,RS,Sul,-28.27,-52.41
2019,304,28.99,0.83,0.88,26.33,88.63,2.65,3.89,2.05,Passo Fundo,RS,Sul,-28.27,-52.41
2019,305,0.28,0.83,0.82,30.26,78.75,2.19,28.11,12.93,Passo Fundo,RS,Sul,-28.27,-52.41
2019,306,2.73,0.81,0.82,29.68,78.13,2.53,22.53,10.37,Passo Fundo,RS,Sul,-28.27,-52.41
2019,307,3.35,0.81,0.83,26.8,88.76,1.71,6.6,3.41,Passo Fundo,RS,Sul,-28.27,-52.41
2019,308,23.76,0.83,0.91,26.45,91.83,2.11,5.68,2.97,Passo Fundo,RS,Sul,-28.27,-52.41
2019,309,21.37,0.86,0.9,24.3,87.76,2.57,9.25,4.63,Passo Fundo,RS,Sul,-28.27,-52.41
2019,310,0.3,0.84,0.83,28.51,77.75,2.51,27.27,12.18,Passo Fundo,RS,Sul,-28.27,-52.41
2019,311,41.01,0.86,0.93,22.98,86.95,2.53,5.86,2.98,Passo Fundo,RS,Sul,-28.27,-52.41
2019,312,0.87,0.85,0.85,27.47,76.81,2.22,28.05,12.78,Passo Fundo,RS,Sul,-28.27,-52.41
2019,313,5.68,0.84,0.86,27.18,83.49,1.63,17.02,8.01,Passo Fundo,RS,Sul,-28.27,-52.41
2019,314,0.12,0.84,0.83,26.91,81.02,2.58,19.94,9.1,Passo Fundo,RS,Sul,-28.27,-52.41
2019,315,0.07,0.83,0.82,26.68,78.78,3.1,25.79,11.81,Passo Fundo,RS,Sul,-28.27,-52.41
2019,316,0.01,0.82,0.81,28.64,74.29,2.24,24.71,11.37,Passo Fundo,RS,Sul,-28.27,-52.41
2019,317,22.86,0.82,0.86,25.55,82.74,2.27,12.8,6.26,Passo Fundo,RS,Sul,-28.27,-52.41
2019,318,4.76,0.84,0.85,25.45,85.83,2.14,14.19,6.86,Passo Fundo,RS,Sul,-28.27,-52.41
2019,319,0.37,0.83,0.82,25.23,78.22,1.84,25.26,11.28,Passo Fundo,RS,Sul,-28.27,-52.41
2019,320,0.02,0.82,0.81,25.43,72.76,2.08,31.78,13.95,Passo Fundo,RS,Sul,-28.27,-52.41
2019,321,0.01,0.81,0.8,27.73,74.7,2.32,30.82,13.68,Passo Fundo,RS,Sul,-28.27,-52.41
2019,322,0.0,0.8,0.8,29.47,73.4,1.94,28.53,12.86,Passo Fundo,RS,Sul,-28.27,-52.41
2019,323,0.0,0.79,0.79,30.21,70.28,1.83,27.04,12.33,Passo Fundo,RS,Sul,-28.27,-52.41
2019,324,0.0,0.79,0.78,30.92,74.41,1.63,28.49,12.98,Passo Fundo,RS,Sul,-28.27,-52.41
2019,325,0.03,0.78,0.78,30.74,71.7,1.62,27.14,12.39,Passo Fundo,RS,Sul,-28.27,-52.41
2019,326,1.58,0.77,0.77,31.55,74.34,2.26,24.91,11.49,Passo Fundo,RS,Sul,-28.27,-52.41
2019,327,0.92,0.77,0.77,24.97,78.09,3.9,17.28,8.0,Passo Fundo,RS,Sul,-28.27,-52.41
2019,328,0.0,0.77,0.76,25.82,70.54,3.01,33.08,14.57,Passo Fundo,RS,Sul,-28.27,-52.41
2019,329,0.0,0.76,0.76,29.0,72.2,2.41,31.06,14.18,Passo Fundo,RS,Sul,-28.27,-52.41
2019,330,15.03,0.76,0.78,28.39,78.39,2.96,5.08,2.64,Passo Fundo,RS,Sul,-28.27,-52.41
2019,331,10.16,0.79,0.84,25.94,85.76,2.8,12.9,6.29,Passo Fundo,RS,Sul,-28.27,-52.41
2019,332,0.01,0.78,0.78,24.41,68.96,2.57,33.46,14.71,Passo Fundo,RS,Sul,-28.27,-52.41
2019,333,0.0,0.77,0.77,28.96,74.33,2.48,30.61,13.95,Passo Fundo,RS,Sul,-28.27,-52.41
2019,334,0.05,0.76,0.76,28.66,78.86,1.58,19.68,9.25,Passo Fundo,RS,Sul,-28.27,-52.41
2019,335,0.01,0.76,0.76,27.5,76.64,2.08,26.76,12.08,Passo Fundo,RS,Sul,-28.27,-52.41
2019,336,0.0,0.75,0.75,24.16,66.33,2.42,33.05,14.4,Passo Fundo,RS,Sul,-28.27,-52.41
2019,337,0.0,0.74,0.74,28.33,66.64,1.82,29.47,13.17,Passo Fundo,RS,Sul,-28.27,-52.41
2019,338,11.47,0.74,0.79,28.03,81.56,1.77,18.85,8.82,Passo Fundo,RS,Sul,-28.27,-52.41
2019,339,0.08,0.76,0.77,25.26,75.54,2.35,26.44,11.95,Passo Fundo,RS,Sul,-28.27,-52.41
2019,340,0.0,0.75,0.74,25.07,64.88,1.49,33.98,14.88,Passo Fundo,RS,Sul,-28.27,-52.41
2019,341,0.0,0.74,0.74,26.59,64.94,1.49,31.95,14.33,Passo Fundo,RS,Sul,-28.27,-52.41
2019,342,0.44,0.73,0.73,29.13,68.45,1.38,29.39,13.11,Passo Fundo,RS,Sul,-28.27,-52.41
2019,343,3.22,0.73,0.75,28.01,71.93,1.15,25.71,11.67,Passo Fundo,RS,Sul,-28.27,-52.41
2019,344,0.0,0.72,0.72,29.63,69.99,1.51,32.24,14.61,Passo Fundo,RS,Sul,-28.27,-52.41
2019,345,0.0,0.71,0.71,30.72,68.06,1.21,30.2,13.65,Passo Fundo,RS,Sul,-28.27,-52.41
2019,346,1.16,0.71,0.72,29.96,77.82,2.37,15.44,7.41,Passo Fundo,RS,Sul,-28.27,-52.41
2019,347,0.24,0.71,0.71,27.47,70.82,2.36,30.75,13.86,Passo Fundo,RS,Sul,-28.27,-52.41
2019,348,7.86,0.7,0.74,31.48,72.42,2.32,26.43,12.27,Passo Fundo,RS,Sul,-28.27,-52.41
2019,349,5.27,0.71,0.75,30.32,76.26,4.1,16.97,8.07,Passo Fundo,RS,Sul,-28.27,-52.41
2019,350,12.62,0.73,0.8,22.61,82.26,2.04,10.96,5.43,Passo Fundo,RS,Sul,-28.27,-52.41
2019,351,0.06,0.74,0.74,24.3,77.04,1.9,23.83,10.91,Passo Fundo,RS,Sul,-28.27,-52.41
2019,352,0.03,0.73,0.73,27.58,74.43,2.27,29.76,13.4,Passo Fundo,RS,Sul,-28.27,-52.41
2019,353,0.01,0.72,0.72,29.41,70.35,1.46,29.46,13.52,Passo Fundo,RS,Sul,-28.27,-52.41
2019,354,1.35,0.71,0.72,29.31,79.15,2.12,24.66,11.44,Passo Fundo,RS,Sul,-28.27,-52.41
2019,355,1.77,0.71,0.73,25.06,81.19,3.27,16.73,7.95,Passo Fundo,RS,Sul,-28.27,-52.41
2019,356,0.0,0.71,0.71,23.64,70.39,2.13,32.44,14.29,Passo Fundo,RS,Sul,-28.27,-52.41
2019,357,0.0,0.7,0.7,26.27,64.92,1.4,31.92,14.08,Passo Fundo,RS,Sul,-28.27,-52.41
2019,358,0.0,0.7,0.69,29.79,58.28,1.58,32.39,14.41,Passo Fundo,RS,Sul,-28.27,-52.41
2019,359,0.0,0.69,0.68,31.74,62.84,1.6,30.98,14.01,Passo Fundo,RS,Sul,-28.27,-52.41
2019,360,0.0,0.68,0.67,32.72,67.75,1.3,28.13,12.99,Passo Fundo,RS,Sul,-28.27,-52.41
2019,361,0.12,0.67,0.66,33.05,68.42,1.84,28.29,13.14,Passo Fundo,RS,Sul,-28.27,-52.41
2019,362,0.0,0.67,0.65,35.11,61.34,1.84,28.46,13.22,Passo Fundo,RS,Sul,-28.27,-52.41
2019,363,1.9,0.66,0.66,32.93,65.84,1.48,25.28,11.75,Passo Fundo,RS,Sul,-28.27,-52.41
2019,364,0.04,0.66,0.64,35.21,60.26,1.26,29.06,13.47,Passo Fundo,RS,Sul,-28.27,-52.41
2019,365,5.49,0.66,0.67,34.87,66.06,1.91,17.88,8.47,Passo Fundo,RS,Sul,-28.27,-52.41
2020,1,9.4,0.67,0.71,30.6,79.19,2.37,22.09,10.48,Passo Fundo,RS,Sul,-28.27,-52.41
2020,2,1.41,0.68,0.69,28.52,75.85,3.63,20.29,9.47,Passo Fundo,RS,Sul,-28.27,-52.41
2020,3,0.2,0.67,0.66,28.16,71.85,3.17,28.28,12.8,Passo Fundo,RS,Sul,-28.27,-52.41
2020,4,0.62,0.66,0.65,28.47,72.19,2.11,27.48,12.59,Passo Fundo,RS,Sul,-28.27,-52.41
2020,5,0.06,0.66,0.64,30.45,67.51,1.29,30.08,13.77,Passo Fundo,RS,Sul,-28.27,-52.41
2020,6,0.39,0.66,0.64,32.45,61.97,2.15,28.9,13.26,Passo Fundo,RS,Sul,-28.27,-52.41
2020,7,0.09,0.65,0.63,31.17,64.06,1.74,25.37,11.69,Passo Fundo,RS,Sul,-28.27,-52.41
2020,8,0.0,0.65,0.62,33.48,61.82,1.32,27.35,12.38,Passo Fundo,RS,Sul,-28.27,-52.41
2020,9,6.17,0.65,0.63,35.19,65.58,1.45,26.3,12.14,Passo Fundo,RS,Sul,-28.27,-52.41
2020,10,43.45,0.69,0.86,30.13,89.13,1.87,10.89,5.43,Passo Fundo,RS,Sul,-28.27,-52.41
2020,11,1.75,0.72,0.76,29.25,83.6,1.85,18.38,8.61,Passo Fundo,RS,Sul,-28.27,-52.41
2020,12,0.01,0.71,0.71,29.01,74.18,2.19,29.1,13.08,Passo Fundo,RS,Sul,-28.27,-52.41
2020,13,0.06,0.7,0.7,29.96,69.8,2.27,30.77,14.07,Passo Fundo,RS,Sul,-28.27,-52.41
2020,14,0.01,0.68,0.68,30.55,71.55,1.89,28.46,13.23,Passo Fundo,RS,Sul,-28.27,-52.41
2020,15,22.94,0.69,0.79,29.32,82.02,2.2,20.4,9.68,Passo Fundo,RS,Sul,-28.27,-52.41
2020,16,19.27,0.74,0.85,26.04,88.37,2.07,8.17,4.16,Passo Fundo,RS,Sul,-28.27,-52.41
2020,17,0.04,0.74,0.75,24.33,69.18,2.88,28.29,12.39,Passo Fundo,RS,Sul,-28.27,-52.41
2020,18,0.02,0.73,0.73,28.37,78.76,1.59,27.89,12.72,Passo Fundo,RS,Sul,-28.27,-52.41
2020,19,0.0,0.72,0.72,29.6,75.42,1.14,29.42,13.59,Passo Fundo,RS,Sul,-28.27,-52.41
2020,20,0.85,0.71,0.72,27.95,79.93,1.23,25.48,11.87,Passo Fundo,RS,Sul,-28.27,-52.41
2020,21,4.62,0.71,0.73,26.1,86.7,1.25,8.06,4.06,Passo Fundo,RS,Sul,-28.27,-52.41
2020,22,5.58,0.71,0.76,22.46,83.51,2.98,8.68,4.43,Passo Fundo,RS,Sul,-28.27,-52.41
2020,23,0.11,0.71,0.71,26.31,77.91,2.77,24.09,11.03,Passo Fundo,RS,Sul,-28.27,-52.41
2020,24,0.01,0.7,0.7,27.05,77.4,2.14,29.3,13.16,Passo Fundo,RS,Sul,-28.27,-52.41
2020,25,0.0,0.69,0.69,27.97,65.9,1.09,31.68,14.25,Passo Fundo,RS,Sul,-28.27,-52.41
2020,26,0.04,0.68,0.67,29.64,65.27,1.39,30.52,14.08,Passo Fundo,RS,Sul,-28.27,-52.41
2020,27,2.1,0.67,0.67,29.06,68.82,1.7,24.26,11.22,Passo Fundo,RS,Sul,-28.27,-52.41
2020,28,2.24,0.67,0.68,29.58,75.57,1.4,28.35,13.03,Passo Fundo,RS,Sul,-28.27,-52.41
2020,29,12.88,0.68,0.74,26.66,83.18,1.66,11.6,5.67,Passo Fundo,RS,Sul,-28.27,-52.41
2020,30,4.99,0.69,0.73,25.85,90.36,1.56,10.83,5.38,Passo Fundo,RS,Sul,-28.27,-52.41
2020,31,0.94,0.69,0.7,27.49,81.81,1.91,22.19,10.34,Passo Fundo,RS,Sul,-28.27,-52.41
2020,32,0.02,0.68,0.68,28.19,71.62,0.84,29.4,13.32,Passo Fundo,RS,Sul,-28.27,-52.41
2020,33,0.13,0.67,0.67,30.7,71.99,1.37,27.47,12.51,Passo Fundo,RS,Sul,-28.27,-52.41
2020,34,7.75,0.67,0.7,29.19,77.91,1.69,28.56,12.98,Passo Fundo,RS,Sul,-28.27,-52.41
2020,35,0.21,0.67,0.67,30.41,72.14,2.32,29.68,13.62,Passo Fundo,RS,Sul,-28.27,-52.41
2020,36,0.05,0.66,0.65,30.58,72.62,2.31,25.64,11.88,Passo Fundo,RS,Sul,-28.27,-52.41
2020,37,0.07,0.65,0.63,32.51,69.15,1.78,28.23,13.09,Passo Fundo,RS,Sul,-28.27,-52.41
2020,38,0.22,0.65,0.62,32.36,71.83,1.81,25.48,11.84,Passo Fundo,RS,Sul,-28.27,-52.41
2020,39,0.61,0.64,0.62,33.14,68.49,1.83,23.09,10.81,Passo Fundo,RS,Sul,-28.27,-52.41
2020,40,0.52,0.64,0.62,30.54,71.07,2.61,19.71,9.17,Passo Fundo,RS,Sul,-28.27,-52.41
2020,41,0.0,0.64,0.61,28.97,60.87,2.91,28.4,12.76,Passo Fundo,RS,Sul,-28.27,-52.41
2020,42,0.0,0.64,0.61,29.82,63.29,2.41,28.45,12.92,Passo Fundo,RS,Sul,-28.27,-52.41
2020,43,0.39,0.63,0.61,29.82,61.94,2.15,26.17,12.05,Passo Fundo,RS,Sul,-28.27,-52.41
2020,44,0.0,0.63,0.6,32.0,59.88,1.69,27.21,12.45,Passo Fundo,RS,Sul,-28.27,-52.41
2020,45,0.17,0.63,0.6,31.84,60.51,2.17,20.17,9.44,Passo Fundo,RS,Sul,-28.27,-52.41
2020,46,0.76,0.63,0.6,33.42,64.94,1.74,15.77,7.44,Passo Fundo,RS,Sul,-28.27,-52.41
2020,47,2.2,0.63,0.62,33.08,73.14,1.54,11.4,5.56,Passo Fundo,RS,Sul,-28.27,-52.41
2020,48,1.84,0.63,0.63,30.35,72.75,1.91,21.62,10.13,Passo Fundo,RS,Sul,-28.27,-52.41
2020,49,4.38,0.63,0.64,33.54,76.64,3.04,10.66,5.25,Passo Fundo,RS,Sul,-28.27,-52.41
2020,50,0.27,0.64,0.62,31.78,67.51,1.72,24.13,10.91,Passo Fundo,RS,Sul,-28.27,-52.41
2020,51,0.0,0.63,0.6,32.48,60.22,1.81,28.68,12.93,Passo Fundo,RS,Sul,-28.27,-52.41
2020,52,0.06,0.63,0.6,26.2,57.92,2.75,26.75,11.81,Passo Fundo,RS,Sul,-28.27,-52.41
2020,53,0.0,0.63,0.6,24.89,56.78,2.37,29.86,13.05,Passo Fundo,RS,Sul,-28.27,-52.41
2020,54,0.02,0.63,0.6,30.25,63.5,1.8,27.24,12.21,Passo Fundo,RS,Sul,-28.27,-52.41
2020,55,0.69,0.63,0.6,32.03,64.08,2.1,22.79,10.44,Passo Fundo,RS,Sul,-28.27,-52.41
2020,56,23.28,0.64,0.71,29.19,84.08,1.59,10.7,5.2,Passo Fundo,RS,Sul,-28.27,-52.41
2020,57,9.17,0.68,0.75,24.72,76.95,2.77,17.72,8.17,Passo Fundo,RS,Sul,-28.27,-52.41
2020,58,0.0,0.67,0.67,25.6,70.23,1.3,27.0,12.14,Passo Fundo,RS,Sul,-28.27,-52.41
2020,59,0.0,0.66,0.66,27.39,67.26,1.27,27.15,12.21,Passo Fundo,RS,Sul,-28.27,-52.41
2020,60,0.0,0.66,0.64,28.62,65.72,1.82,25.64,11.57,Passo Fundo,RS,Sul,-28.27,-52.41
2020,61,0.0,0.65,0.63,28.9,65.72,2.08,27.07,12.21,Passo Fundo,RS,Sul,-28.27,-52.41
2020,62,0.04,0.64,0.62,29.55,67.1,2.29,26.66,12.05,Passo Fundo,RS,Sul,-28.27,-52.41
2020,63,0.23,0.64,0.62,29.04,68.29,1.62,24.74,11.19,Passo Fundo,RS,Sul,-28.27,-52.41
2020,64,0.11,0.64,0.61,29.54,66.58,1.84,23.43,10.53,Passo Fundo,RS,Sul,-28.27,-52.41
2020,65,0.04,0.63,0.61,29.61,63.66,2.18,26.58,11.77,Passo Fundo,RS,Sul,-28.27,-52.41
2020,66,0.04,0.63,0.6,31.26,58.91,1.97,26.48,12.03,Passo Fundo,RS,Sul,-28.27,-52.41
2020,67,0.5,0.63,0.6,30.0,61.84,1.99,19.05,8.75,Passo Fundo,RS,Sul,-28.27,-52.41
2020,68,0.01,0.62,0.59,32.64,57.69,1.41,25.18,11.41,Passo Fundo,RS,Sul,-28.27,-52.41
2020,69,0.05,0.62,0.57,34.2,55.24,1.19,24.74,11.21,Passo Fundo,RS,Sul,-28.27,-52.41
2020,70,0.08,0.62,0.56,34.9,54.84,1.92,23.96,11.01,Passo Fundo,RS,Sul,-28.27,-52.41
2020,71,0.04,0.62,0.54,35.19,57.05,1.55,24.31,11.11,Passo Fundo,RS,Sul,-28.27,-52.41
2020,72,0.15,0.62,0.53,35.54,55.92,1.87,24.64,11.24,Passo Fundo,RS,Sul,-28.27,-52.41
2020,73,0.06,0.62,0.52,37.43,50.64,1.24,23.89,10.92,Passo Fundo,RS,Sul,-28.27,-52.41
2020,74,0.04,0.61,0.5,37.52,46.4,1.56,24.35,11.2,Passo Fundo,RS,Sul,-28.27,-52.41
2020,75,1.21,0.61,0.49,36.69,50.71,1.96,17.55,8.17,Passo Fundo,RS,Sul,-28.27,-52.41
2020,76,2.52,0.62,0.56,32.56,70.98,2.17,12.54,5.93,Passo Fundo,RS,Sul,-28.27,-52.41
2020,77,1.99,0.62,0.57,34.51,66.1,1.5,22.16,10.07,Passo Fundo,RS,Sul,-28.27,-52.41
2020,78,6.9,0.63,0.65,30.6,76.99,2.87,11.11,5.39,Passo Fundo,RS,Sul,-28.27,-52.41
2020,79,0.78,0.63,0.62,30.7,70.54,2.23,20.94,9.58,Passo Fundo,RS,Sul,-28.27,-52.41
2020,80,0.01,0.63,0.6,27.87,63.25,1.62,23.84,10.71,Passo Fundo,RS,Sul,-28.27,-52.41
2020,81,0.02,0.62,0.6,30.01,65.53,1.91,24.35,10.95,Passo Fundo,RS,Sul,-28.27,-52.41
2020,82,0.0,0.62,0.59,32.26,62.1,1.71,21.86,9.85,Passo Fundo,RS,Sul,-28.27,-52.41
2020,83,0.04,0.62,0.58,32.08,60.95,1.66,20.61,9.37,Passo Fundo,RS,Sul,-28.27,-52.41
2020,84,0.04,0.62,0.56,31.37,54.87,2.17,23.07,10.47,Passo Fundo,RS,Sul,-28.27,-52.41
2020,85,0.0,0.62,0.55,31.31,55.89,1.72,23.51,10.61,Passo Fundo,RS,Sul,-28.27,-52.41
2020,86,0.01,0.61,0.54,32.41,52.45,1.75,22.95,10.37,Passo Fundo,RS,Sul,-28.27,-52.41
2020,87,0.0,0.61,0.52,32.25,54.03,1.93,21.47,9.7,Passo Fundo,RS,Sul,-28.27,-52.41
2020,88,0.85,0.61,0.51,32.18,58.25,2.48,13.79,6.28,Passo Fundo,RS,Sul,-28.27,-52.41
2020,89,1.81,0.61,0.54,28.15,80.32,1.65,15.26,7.19,Passo Fundo,RS,Sul,-28.27,-52.41
2020,90,1.88,0.62,0.57,31.21,72.97,1.22,16.7,7.69,Passo Fundo,RS,Sul,-28.27,-52.41
2020,91,0.48,0.62,0.57,32.09,65.34,1.5,17.77,8.2,Passo Fundo,RS,Sul,-28.27,-52.41
2020,92,0.42,0.62,0.55,32.29,67.35,1.93,17.04,7.91,Passo Fundo,RS,Sul,-28.27,-52.41
2020,93,2.82,0.62,0.58,29.0,67.47,3.0,8.55,4.16,Passo Fundo,RS,Sul,-28.27,-52.41
2020,94,0.01,0.62,0.58,23.64,65.81,2.38,13.17,5.97,Passo Fundo,RS,Sul,-28.27,-52.41
2020,95,0.01,0.62,0.57,26.3,63.65,0.89,22.77,10.05,Passo Fundo,RS,Sul,-28.27,-52.41
2020,96,0.06,0.62,0.56,30.68,51.49,1.57,21.53,9.54,Passo Fundo,RS,Sul,-28.27,-52.41
2020,97,20.32,0.64,0.71,20.89,77.69,1.15,3.96,2.08,Passo Fundo,RS,Sul,-28.27,-52.41
2020,98,0.11,0.65,0.65,21.4,65.16,2.09,19.56,8.54,Passo Fundo,RS,Sul,-28.27,-52.41
2020,99,0.1,0.65,0.64,21.09,62.19,1.69,21.45,9.38,Passo Fundo,RS,Sul,-28.27,-52.41
2020,100,0.08,0.65,0.64,22.27,74.3,1.94,18.83,8.36,Passo Fundo,RS,Sul,-28.27,-52.41
2020,101,0.1,0.64,0.63,21.71,76.19,1.8,16.99,7.57,Passo Fundo,RS,Sul,-28.27,-52.41
2020,102,0.04,0.64,0.63,23.82,72.64,1.87,20.93,9.33,Passo Fundo,RS,Sul,-28.27,-52.41
2020,103,0.08,0.64,0.62,25.98,68.86,1.58,21.01,9.31,Passo Fundo,RS,Sul,-28.27,-52.41
2020,104,4.18,0.64,0.62,27.98,68.52,2.09,19.13,8.55,Passo Fundo,RS,Sul,-28.27,-52.41
2020,105,1.98,0.65,0.68,20.08,74.17,3.24,11.66,5.23,Passo Fundo,RS,Sul,-28.27,-52.41
2020,106,0.0,0.64,0.63,20.55,60.95,2.49,20.33,8.88,Passo Fundo,RS,Sul,-28.27,-52.41
2020,107,0.02,0.64,0.63,21.62,61.19,1.4,20.43,8.93,Passo Fundo,RS,Sul,-28.27,-52.41
2020,108,0.06,0.64,0.62,23.36,74.18,2.03,18.73,8.5,Passo Fundo,RS,Sul,-28.27,-52.41
2020,109,0.05,0.64,0.62,26.24,72.47,2.01,19.5,8.75,Passo Fundo,RS,Sul,-28.27,-52.41
2020,110,0.04,0.63,0.62,26.63,69.46,1.93,19.82,8.89,Passo Fundo,RS,Sul,-28.27,-52.41
2020,111,0.01,0.63,0.61,27.85,63.24,1.32,19.55,8.72,Passo Fundo,RS,Sul,-28.27,-52.41
2020,112,0.23,0.63,0.61,28.09,63.9,1.09,19.5,8.65,Passo Fundo,RS,Sul,-28.27,-52.41
2020,113,0.02,0.63,0.61,28.44,61.95,1.06,18.81,8.36,Passo Fundo,RS,Sul,-28.27,-52.41
2020,114,0.05,0.63,0.6,28.31,60.31,1.64,19.09,8.46,Passo Fundo,RS,Sul,-28.27,-52.41
2020,115,0.05,0.62,0.6,28.69,56.94,2.48,18.11,8.07,Passo Fundo,RS,Sul,-28.27,-52.41
2020,116,0.09,0.62,0.59,31.08,57.03,1.98,18.86,8.3,Passo Fundo,RS,Sul,-28.27,-52.41
2020,117,0.08,0.62,0.58,29.87,57.55,1.52,8.53,4.02,Passo Fundo,RS,Sul,-28.27,-52.41
2020,118,0.97,0.62,0.59,29.73,69.23,2.37,8.08,3.86,Passo Fundo,RS,Sul,-28.27,-52.41
2020,119,0.02,0.62,0.58,30.06,64.35,2.97,17.51,8.03,Passo Fundo,RS,Sul,-28.27,-52.41
2020,120,0.07,0.62,0.57,27.54,73.78,1.98,12.9,5.94,Passo Fundo,RS,Sul,-28.27,-52.41
2020,121,0.0,0.62,0.56,27.31,53.16,1.34,16.28,7.26,Passo Fundo,RS,Sul,-28.27,-52.41
2020,122,1.53,0.62,0.58,24.36,67.65,1.3,16.09,7.3,Passo Fundo,RS,Sul,-28.27,-52.41
2020,123,0.06,0.62,0.57,22.46,62.29,1.7,18.18,7.93,Passo Fundo,RS,Sul,-28.27,-52.41
2020,124,0.04,0.62,0.56,24.63,63.82,1.68,16.75,7.44,Passo Fundo,RS,Sul,-28.27,-52.41
2020,125,0.33,0.61,0.56,24.9,63.69,1.67,15.22,6.72,Passo Fundo,RS,Sul,-28.27,-52.41
2020,126,24.26,0.64,0.74,22.16,85.06,2.2,5.48,2.69,Passo Fundo,RS,Sul,-28.27,-52.41
2020,127,0.16,0.66,0.67,17.11,72.72,2.36,15.57,6.76,Passo Fundo,RS,Sul,-28.27,-52.41
2020,128,0.15,0.65,0.65,17.66,76.76,1.2,15.66,6.87,Passo Fundo,RS,Sul,-28.27,-52.41
2020,129,0.11,0.65,0.65,21.05,69.0,1.69,17.38,7.56,Passo Fundo,RS,Sul,-28.27,-52.41
2020,130,0.39,0.65,0.64,23.16,61.49,1.74,17.27,7.46,Passo Fundo,RS,Sul,-28.27,-52.41
2020,131,0.04,0.65,0.64,25.02,66.0,2.33,16.55,7.25,Passo Fundo,RS,Sul,-28.27,-52.41
2020,132,3.22,0.64,0.64,26.71,69.31,2.49,11.77,5.37,Passo Fundo,RS,Sul,-28.27,-52.41
2020,133,9.28,0.66,0.73,19.43,90.91,1.18,5.09,2.49,Passo Fundo,RS,Sul,-28.27,-52.41
2020,134,1.81,0.67,0.69,20.94,88.86,2.29,8.37,3.9,Passo Fundo,RS,Sul,-28.27,-52.41
2020,135,0.13,0.67,0.67,17.59,75.08,1.86,16.35,7.1,Passo Fundo,RS,Sul,-28.27,-52.41
2020,136,0.0,0.66,0.66,18.84,67.73,1.32,16.6,7.15,Passo Fundo,RS,Sul,-28.27,-52.41
2020,137,0.1,0.66,0.66,21.22,60.34,1.21,15.62,6.98,Passo Fundo,RS,Sul,-28.27,-52.41
2020,138,0.15,0.66,0.65,24.57,59.24,1.07,14.04,6.43,Passo Fundo,RS,Sul,-28.27,-52.41
2020,139,0.28,0.65,0.65,26.47,65.98,1.3,15.06,6.76,Passo Fundo,RS,Sul,-28.27,-52.41
2020,140,1.81,0.65,0.66,25.75,67.02,2.48,15.56,6.9,Passo Fundo,RS,Sul,-28.27,-52.41
2020,141,0.02,0.65,0.64,26.37,72.7,2.72,15.05,6.75,Passo Fundo,RS,Sul,-28.27,-52.41
2020,142,1.59,0.65,0.64,27.58,71.11,3.28,5.0,2.44,Passo Fundo,RS,Sul,-28.27,-52.41
2020,143,50.42,0.68,0.81,21.94,89.61,3.46,4.55,2.21,Passo Fundo,RS,Sul,-28.27,-52.41
2020,144,11.45,0.71,0.79,12.77,92.68,3.98,6.28,2.97,Passo Fundo,RS,Sul,-28.27,-52.41
2020,145,1.39,0.71,0.73,15.44,86.91,2.5,6.27,2.94,Passo Fundo,RS,Sul,-28.27,-52.41
2020,146,0.09,0.7,0.71,17.12,74.94,3.7,14.72,6.49,Passo Fundo,RS,Sul,-28.27,-52.41
2020,147,0.25,0.69,0.7,16.07,82.12,2.0,12.75,5.62,Passo Fundo,RS,Sul,-28.27,-52.41
2020,148,0.0,0.69,0.7,19.07,78.14,0.91,14.96,6.64,Passo Fundo,RS,Sul,-28.27,-52.41
2020,149,0.0,0.68,0.68,24.04,62.77,1.52,14.43,6.4,Passo Fundo,RS,Sul,-28.27,-52.41
2020,150,0.04,0.68,0.68,22.8,67.38,1.57,15.0,6.53,Passo Fundo,RS,Sul,-28.27,-52.41
2020,151,0.02,0.67,0.68,23.09,73.09,1.73,14.36,6.21,Passo Fundo,RS,Sul,-28.27,-52.41
2020,152,3.04,0.67,0.69,21.04,86.82,1.95,6.32,2.98,Passo Fundo,RS,Sul,-28.27,-52.41
2020,153,0.2,0.67,0.69,16.11,74.86,1.53,8.18,3.58,Passo Fundo,RS,Sul,-28.27,-52.41
2020,154,0.07,0.67,0.68,15.83,70.86,1.1,14.32,6.3,Passo Fundo,RS,Sul,-28.27,-52.41
2020,155,0.04,0.67,0.67,20.14,78.07,1.72,14.42,6.16,Passo Fundo,RS,Sul,-28.27,-52.41
2020,156,4.91,0.67,0.69,21.45,87.37,1.81,5.81,2.7,Passo Fundo,RS,Sul,-28.27,-52.41
2020,157,28.99,0.68,0.77,20.92,90.35,3.12,1.31,0.71,Passo Fundo,RS,Sul,-28.27,-52.41
2020,158,2.73,0.71,0.75,11.22,90.57,3.57,2.73,1.38,Passo Fundo,RS,Sul,-28.27,-52.41
2020,159,0.57,0.7,0.72,16.2,88.59,2.57,7.61,3.49,Passo Fundo,RS,Sul,-28.27,-52.41
2020,160,0.7,0.7,0.71,19.75,89.27,1.31,8.18,3.72,Passo Fundo,RS,Sul,-28.27,-52.41
2020,161,7.46,0.7,0.75,20.54,93.23,1.17,4.37,2.16,Passo Fundo,RS,Sul,-28.27,-52.41
2020,162,14.27,0.72,0.81,19.86,94.69,1.11,4.39,2.12,Passo Fundo,RS,Sul,-28.27,-52.41
2020,163,1.92,0.72,0.75,23.56,91.11,1.45,7.64,3.48,Passo Fundo,RS,Sul,-28.27,-52.41
2020,164,0.49,0.72,0.73,25.84,82.77,4.25,12.28,5.54,Passo Fundo,RS,Sul,-28.27,-52.41
2020,165,14.24,0.73,0.8,19.3,79.19,2.59,7.46,3.35,Passo Fundo,RS,Sul,-28.27,-52.41
2020,166,0.0,0.72,0.73,15.36,64.77,1.99,14.39,6.11,Passo Fundo,RS,Sul,-28.27,-52.41
2020,167,3.0,0.72,0.74,21.38,88.4,1.94,7.37,3.39,Passo Fundo,RS,Sul,-28.27,-52.41
2020,168,0.02,0.71,0.72,24.31,85.46,2.25,12.97,5.88,Passo Fundo,RS,Sul,-28.27,-52.41
2020,169,0.4,0.71,0.72,24.07,83.77,3.41,13.21,5.92,Passo Fundo,RS,Sul,-28.27,-52.41
2020,170,0.01,0.7,0.71,24.05,83.05,4.43,7.79,3.61,Passo Fundo,RS,Sul,-28.27,-52.41
2020,171,0.0,0.7,0.7,24.57,85.62,2.86,7.95,3.65,Passo Fundo,RS,Sul,-28.27,-52.41
2020,172,0.0,0.69,0.7,24.32,81.22,2.99,10.63,4.91,Passo Fundo,RS,Sul,-28.27,-52.41
2020,173,0.0,0.69,0.69,25.49,78.24,2.96,13.52,6.13,Passo Fundo,RS,Sul,-28.27,-52.41
2020,174,0.01,0.68,0.69,26.47,79.45,1.54,13.25,6.05,Passo Fundo,RS,Sul,-28.27,-52.41
2020,175,0.01,0.68,0.68,25.03,78.28,2.96,9.33,4.22,Passo Fundo,RS,Sul,-28.27,-52.41
2020,176,0.01,0.68,0.68,24.69,72.79,3.64,13.46,6.05,Passo Fundo,RS,Sul,-28.27,-52.41
2020,177,18.72,0.69,0.77,17.91,79.85,3.97,2.3,1.18,Passo Fundo,RS,Sul,-28.27,-52.41
2020,178,0.02,0.7,0.71,12.08,71.64,1.73,9.67,4.22,Passo Fundo,RS,Sul,-28.27,-52.41
2020,179,0.35,0.7,0.71,14.37,78.33,2.96,5.98,2.7,Passo Fundo,RS,Sul,-28.27,-52.41
2020,180,0.01,0.69,0.7,16.81,79.62,2.0,11.74,5.04,Passo Fundo,RS,Sul,-28.27,-52.41
2020,181,45.73,0.71,0.81,14.15,91.7,2.78,1.54,0.8,Passo Fundo,RS,Sul,-28.27,-52.41
2020,182,22.05,0.76,0.85,17.36,92.95,4.71,1.6,0.84,Passo Fundo,RS,Sul,-28.27,-52.41
2020,183,3.23,0.77,0.79,11.31,88.82,4.04,6.19,2.82,Passo Fundo,RS,Sul,-28.27,-52.41
2020,184,0.65,0.75,0.77,11.23,84.22,1.45,8.53,3.77,Passo Fundo,RS,Sul,-28.27,-52.41
2020,185,0.59,0.74,0.76,12.83,75.88,1.07,13.82,5.93,Passo Fundo,RS,Sul,-28.27,-52.41
2020,186,0.22,0.73,0.74,18.76,75.57,2.23,13.97,6.09,Passo Fundo,RS,Sul,-28.27,-52.41
2020,187,25.16,0.74,0.83,17.73,92.11,2.47,1.41,0.77,Passo Fundo,RS,Sul,-28.27,-52.41
2020,188,1.01,0.76,0.78,16.25,89.05,2.55,6.23,2.82,Passo Fundo,RS,Sul,-28.27,-52.41
2020,189,73.06,0.79,0.95,15.02,96.76,2.0,1.16,0.61,Passo Fundo,RS,Sul,-28.27,-52.41
2020,190,5.64,0.82,0.86,11.19,95.43,2.57,5.58,2.6,Passo Fundo,RS,Sul,-28.27,-52.41
2020,191,0.49,0.8,0.81,12.69,80.62,1.78,13.02,5.65,Passo Fundo,RS,Sul,-28.27,-52.41
2020,192,0.13,0.79,0.79,20.03,77.87,2.14,14.89,6.45,Passo Fundo,RS,Sul,-28.27,-52.41
2020,193,20.97,0.79,0.87,16.29,93.74,1.4,2.27,1.17,Passo Fundo,RS,Sul,-28.27,-52.41
2020,194,20.97,0.82,0.89,21.4,93.29,2.6,5.65,2.61,Passo Fundo,RS,Sul,-28.27,-52.41
2020,195,0.32,0.81,0.81,18.87,81.5,1.37,9.8,4.25,Passo Fundo,RS,Sul,-28.27,-52.41
2020,196,0.04,0.79,0.79,12.61,69.26,1.24,15.58,6.48,Passo Fundo,RS,Sul,-28.27,-52.41
2020,197,0.16,0.78,0.78,16.38,66.06,2.04,14.91,6.34,Passo Fundo,RS,Sul,-28.27,-52.41
2020,198,33.54,0.79,0.88,14.53,92.9,1.74,3.17,1.6,Passo Fundo,RS,Sul,-28.27,-52.41
2020,199,0.5,0.81,0.82,23.44,91.75,1.25,11.13,5.0,Passo Fundo,RS,Sul,-28.27,-52.41
2020,200,0.02,0.79,0.79,25.76,87.79,2.11,14.29,6.45,Passo Fundo,RS,Sul,-28.27,-52.41
2020,201,0.17,0.78,0.78,25.09,84.49,2.32,14.42,6.41,Passo Fundo,RS,Sul,-28.27,-52.41
2020,202,0.17,0.77,0.78,24.14,82.75,2.01,13.94,6.25,Passo Fundo,RS,Sul,-28.27,-52.41
2020,203,0.18,0.77,0.77,23.28,83.39,1.86,13.91,6.2,Passo Fundo,RS,Sul,-28.27,-52.41
2020,204,0.21,0.76,0.77,24.45,83.45,1.88,13.77,6.14,Passo Fundo,RS,Sul,-28.27,-52.41
2020,205,0.02,0.76,0.76,24.81,79.32,2.26,14.62,6.5,Passo Fundo,RS,Sul,-28.27,-52.41
2020,206,1.0,0.75,0.76,23.68,83.12,2.37,12.18,5.48,Passo Fundo,RS,Sul,-28.27,-52.41
2020,207,6.3,0.76,0.8,12.75,77.69,2.48,13.97,6.06,Passo Fundo,RS,Sul,-28.27,-52.41
2020,208,0.52,0.76,0.77,18.24,72.86,1.33,13.32,5.67,Passo Fundo,RS,Sul,-28.27,-52.41
2020,209,6.35,0.76,0.8,23.04,88.2,2.0,7.39,3.39,Passo Fundo,RS,Sul,-28.27,-52.41
2020,210,13.12,0.78,0.86,14.7,90.0,1.97,2.87,1.45,Passo Fundo,RS,Sul,-28.27,-52.41
2020,211,0.17,0.79,0.79,12.1,78.49,2.01,16.09,6.83,Passo Fundo,RS,Sul,-28.27,-52.41
2020,212,0.05,0.78,0.78,17.78,79.88,2.45,16.62,7.09,Passo Fundo,RS,Sul,-28.27,-52.41
2020,213,0.12,0.77,0.78,21.47,79.44,1.97,15.54,6.96,Passo Fundo,RS,Sul,-28.27,-52.41
2020,214,0.03,0.77,0.77,23.75,80.86,1.49,15.7,7.05,Passo Fundo,RS,Sul,-28.27,-52.41
2020,215,0.03,0.76,0.77,24.65,75.04,1.39,16.25,7.2,Passo Fundo,RS,Sul,-28.27,-52.41
2020,216,0.06,0.76,0.76,24.01,77.63,1.59,16.68,7.32,Passo Fundo,RS,Sul,-28.27,-52.41
2020,217,0.05,0.75,0.76,23.45,73.4,1.81,17.25,7.41,Passo Fundo,RS,Sul,-28.27,-52.41
2020,218,0.05,0.75,0.75,23.18,79.0,2.2,16.81,7.38,Passo Fundo,RS,Sul,-28.27,-52.41
2020,219,0.04,0.75,0.75,24.07,72.66,1.64,17.4,7.59,Passo Fundo,RS,Sul,-28.27,-52.41
2020,220,0.04,0.74,0.75,23.56,70.3,1.45,17.13,7.44,Passo Fundo,RS,Sul,-28.27,-52.41
2020,221,0.04,0.74,0.74,23.65,69.56,1.31,17.01,7.47,Passo Fundo,RS,Sul,-28.27,-52.41
2020,222,0.05,0.73,0.74,24.05,73.11,1.86,17.33,7.6,Passo Fundo,RS,Sul,-28.27,-52.41
2020,223,0.04,0.73,0.73,24.82,73.76,2.48,16.81,7.33,Passo Fundo,RS,Sul,-28.27,-52.41
2020,224,3.51,0.73,0.74,17.14,81.08,2.59,7.96,3.6,Passo Fundo,RS,Sul,-28.27,-52.41
2020,225,44.96,0.78,0.93,15.58,92.93,2.44,3.25,1.59,Passo Fundo,RS,Sul,-28.27,-52.41
2020,226,0.96,0.79,0.8,18.19,91.44,0.94,6.18,2.79,Passo Fundo,RS,Sul,-28.27,-52.41
2020,227,28.67,0.79,0.86,21.94,89.5,1.48,7.12,3.11,Passo Fundo,RS,Sul,-28.27,-52.41
2020,228,2.51,0.81,0.84,19.38,85.36,1.84,9.29,4.18,Passo Fundo,RS,Sul,-28.27,-52.41
2020,229,0.04,0.8,0.8,19.99,79.62,1.6,16.34,6.91,Passo Fundo,RS,Sul,-28.27,-52.41
2020,230,0.18,0.79,0.79,20.93,76.43,1.89,17.74,7.66,Passo Fundo,RS,Sul,-28.27,-52.41
2020,231,8.17,0.78,0.82,22.54,90.52,1.99,8.72,3.99,Passo Fundo,RS,Sul,-28.27,-52.41
2020,232,0.63,0.79,0.8,16.47,88.59,1.7,9.09,4.08,Passo Fundo,RS,Sul,-28.27,-52.41
2020,233,0.44,0.79,0.79,11.08,76.65,2.44,11.41,4.94,Passo Fundo,RS,Sul,-28.27,-52.41
2020,234,0.0,0.78,0.78,11.7,71.92,1.67,19.64,8.33,Passo Fundo,RS,Sul,-28.27,-52.41
2020,235,1.21,0.78,0.79,16.93,71.85,1.98,19.21,8.26,Passo Fundo,RS,Sul,-28.27,-52.41
2020,236,0.46,0.78,0.78,19.49,79.88,2.65,20.09,8.7,Passo Fundo,RS,Sul,-28.27,-52.41
2020,237,0.03,0.77,0.77,21.74,78.03,2.7,18.6,8.23,Passo Fundo,RS,Sul,-28.27,-52.41
2020,238,0.0,0.76,0.76,25.0,75.34,2.66,18.52,8.29,Passo Fundo,RS,Sul,-28.27,-52.41
2020,239,0.01,0.76,0.76,26.88,76.0,2.33,19.5,8.75,Passo Fundo,RS,Sul,-28.27,-52.41
2020,240,1.15,0.75,0.76,27.54,73.67,1.87,17.88,8.12,Passo Fundo,RS,Sul,-28.27,-52.41
2020,241,1.45,0.75,0.76,25.49,82.0,1.79,13.78,6.27,Passo Fundo,RS,Sul,-28.27,-52.41
2020,242,0.78,0.75,0.75,26.94,80.03,2.02,14.88,6.66,Passo Fundo,RS,Sul,-28.27,-52.41
2020,243,1.61,0.75,0.77,18.4,89.72,3.06,5.28,2.53,Passo Fundo,RS,Sul,-28.27,-52.41
2020,244,0.65,0.75,0.76,16.12,85.86,3.98,9.74,4.4,Passo Fundo,RS,Sul,-28.27,-52.41
2020,245,0.0,0.75,0.75,24.42,80.54,2.86,16.49,7.35,Passo Fundo,RS,Sul,-28.27,-52.41
2020,246,0.41,0.74,0.75,26.91,81.09,3.06,18.14,8.2,Passo Fundo,RS,Sul,-28.27,-52.41
2020,247,1.05,0.74,0.76,16.07,89.42,1.88,8.42,3.88,Passo Fundo,RS,Sul,-28.27,-52.41
2020,248,0.04,0.74,0.75,21.68,80.17,1.29,19.31,8.28,Passo Fundo,RS,Sul,-28.27,-52.41
2020,249,2.06,0.74,0.75,26.36,84.47,1.68,12.66,5.6,Passo Fundo,RS,Sul,-28.27,-52.41
2020,250,14.88,0.75,0.83,16.15,92.88,2.54,1.72,0.89,Passo Fundo,RS,Sul,-28.27,-52.41
2020,251,19.59,0.79,0.87,18.27,92.91,3.25,3.56,1.7,Passo Fundo,RS,Sul,-28.27,-52.41
2020,252,0.08,0.79,0.8,24.74,84.32,1.9,10.56,4.6,Passo Fundo,RS,Sul,-28.27,-52.41
2020,253,0.06,0.78,0.78,26.86,86.69,1.94,9.48,3.79,Passo Fundo,RS,Sul,-28.27,-52.41
2020,254,0.02,0.78,0.78,25.53,83.8,1.27,16.57,7.01,Passo Fundo,RS,Sul,-28.27,-52.41
2020,255,0.16,0.77,0.77,29.49,82.72,1.99,14.54,6.17,Passo Fundo,RS,Sul,-28.27,-52.41
2020,256,4.08,0.77,0.79,24.56,87.57,1.48,5.64,2.69,Passo Fundo,RS,Sul,-28.27,-52.41
2020,257,1.18,0.77,0.78,29.42,78.2,2.22,10.14,4.37,Passo Fundo,RS,Sul,-28.27,-52.41
2020,258,11.97,0.78,0.82,19.99,83.36,2.49,4.4,2.03,Passo Fundo,RS,Sul,-28.27,-52.41
2020,259,2.82,0.78,0.79,19.13,83.5,2.68,6.7,2.91,Passo Fundo,RS,Sul,-28.27,-52.41
2020,260,17.74,0.79,0.86,23.91,90.77,1.52,2.45,1.27,Passo Fundo,RS,Sul,-28.27,-52.41
2020,261,0.54,0.8,0.81,23.37,83.72,0.84,14.14,6.03,Passo Fundo,RS,Sul,-28.27,-52.41
2020,262,0.09,0.79,0.79,24.22,81.79,1.41,18.1,7.89,Passo Fundo,RS,Sul,-28.27,-52.41
2020,263,0.01,0.78,0.78,23.84,79.46,2.25,21.62,9.56,Passo Fundo,RS,Sul,-28.27,-52.41
2020,264,0.0,0.77,0.77,18.22,74.62,2.06,24.76,10.49,Passo Fundo,RS,Sul,-28.27,-52.41
2020,265,0.0,0.77,0.77,18.44,66.09,2.31,25.49,10.76,Passo Fundo,RS,Sul,-28.27,-52.41
2020,266,0.01,0.76,0.76,22.88,75.72,2.06,24.94,10.95,Passo Fundo,RS,Sul,-28.27,-52.41
2020,267,0.0,0.75,0.76,25.26,74.72,1.77,22.96,10.32,Passo Fundo,RS,Sul,-28.27,-52.41
2020,268,0.0,0.75,0.75,26.81,72.24,1.22,24.43,10.83,Passo Fundo,RS,Sul,-28.27,-52.41
2020,269,0.0,0.74,0.74,28.45,71.23,1.64,20.41,9.12,Passo Fundo,RS,Sul,-28.27,-52.41
2020,270,0.49,0.73,0.74,30.56,72.53,2.21,20.84,9.33,Passo Fundo,RS,Sul,-28.27,-52.41
2020,271,3.95,0.73,0.75,26.8,77.97,3.01,9.18,4.15,Passo Fundo,RS,Sul,-28.27,-52.41
2020,272,6.42,0.74,0.79,21.23,75.08,2.2,18.6,8.07,Passo Fundo,RS,Sul,-28.27,-52.41
2020,273,0.05,0.74,0.74,27.4,71.04,1.68,22.78,10.04,Passo Fundo,RS,Sul,-28.27,-52.41
2020,274,0.47,0.73,0.74,31.48,78.39,2.18,18.41,8.33,Passo Fundo,RS,Sul,-28.27,-52.41
2020,275,0.05,0.73,0.73,32.21,71.35,3.24,18.96,8.21,Passo Fundo,RS,Sul,-28.27,-52.41
2020,276,0.29,0.72,0.72,29.05,77.77,3.25,13.87,6.01,Passo Fundo,RS,Sul,-28.27,-52.41
2020,277,3.4,0.72,0.74,16.59,85.84,4.9,5.41,2.62,Passo Fundo,RS,Sul,-28.27,-52.41
2020,278,1.09,0.73,0.74,24.63,80.7,2.46,16.35,7.32,Passo Fundo,RS,Sul,-28.27,-52.41
2020,279,0.01,0.72,0.73,25.54,82.45,2.56,15.12,6.75,Passo Fundo,RS,Sul,-28.27,-52.41
2020,280,0.01,0.72,0.72,25.69,76.04,1.15,22.6,9.54,Passo Fundo,RS,Sul,-28.27,-52.41
2020,281,0.1,0.71,0.72,26.42,79.3,1.65,16.83,7.5,Passo Fundo,RS,Sul,-28.27,-52.41
2020,282,1.19,0.71,0.72,23.95,79.89,1.57,6.71,3.21,Passo Fundo,RS,Sul,-28.27,-52.41
2020,283,0.4,0.71,0.72,23.98,77.52,2.04,13.15,5.95,Passo Fundo,RS,Sul,-28.27,-52.41
2020,284,0.09,0.71,0.71,22.33,68.38,1.65,26.89,11.66,Passo Fundo,RS,Sul,-28.27,-52.41
2020,285,0.01,0.7,0.7,26.17,61.04,1.54,28.34,12.3,Passo Fundo,RS,Sul,-28.27,-52.41
2020,286,0.0,0.7,0.7,27.52,63.6,2.2,25.84,11.44,Passo Fundo,RS,Sul,-28.27,-52.41
2020,287,0.16,0.69,0.69,25.2,74.84,1.31,26.43,11.26,Passo Fundo,RS,Sul,-28.27,-52.41
2020,288,0.27,0.69,0.69,27.73,71.48,1.81,20.41,8.93,Passo Fundo,RS,Sul,-28.27,-52.41
2020,289,0.11,0.69,0.68,25.29,73.29,3.04,24.3,10.48,Passo Fundo,RS,Sul,-28.27,-52.41
2020,290,0.09,0.68,0.68,27.76,66.83,2.46,28.03,12.45,Passo Fundo,RS,Sul,-28.27,-52.41
2020,291,0.03,0.68,0.67,26.62,62.1,2.06,24.81,10.69,Passo Fundo,RS,Sul,-28.27,-52.41
2020,292,0.01,0.67,0.67,28.99,61.77,2.02,27.72,12.2,Passo Fundo,RS,Sul,-28.27,-52.41
2020,293,0.0,0.67,0.66,31.35,65.57,1.82,28.37,12.73,Passo Fundo,RS,Sul,-28.27,-52.41
2020,294,0.08,0.67,0.65,31.86,68.22,2.13,21.19,9.52,Passo Fundo,RS,Sul,-28.27,-52.41
2020,295,0.0,0.66,0.65,29.79,72.79,3.06,26.73,12.1,Passo Fundo,RS,Sul,-28.27,-52.41
2020,296,0.0,0.66,0.64,31.36,68.05,2.53,26.84,12.32,Passo Fundo,RS,Sul,-28.27,-52.41
2020,297,0.05,0.66,0.64,30.32,64.55,2.55,17.78,8.29,Passo Fundo,RS,Sul,-28.27,-52.41
2020,298,10.49,0.66,0.71,28.84,74.93,1.78,21.52,9.86,Passo Fundo,RS,Sul,-28.27,-52.41
2020,299,1.47,0.67,0.69,31.18,70.85,1.11,27.07,12.4,Passo Fundo,RS,Sul,-28.27,-52.41
2020,300,22.0,0.68,0.77,26.03,76.58,3.22,7.95,4.06,Passo Fundo,RS,Sul,-28.27,-52.41
2020,301,1.91,0.71,0.74,23.56,72.89,2.82,23.78,10.75,Passo Fundo,RS,Sul,-28.27,-52.41
2020,302,0.23,0.7,0.7,26.58,61.12,1.89,30.91,13.6,Passo Fundo,RS,Sul,-28.27,-52.41
2020,303,0.93,0.7,0.7,20.5,78.18,2.54,12.23,5.96,Passo Fundo,RS,Sul,-28.27,-52.41
2020,304,0.07,0.7,0.7,23.02,69.74,3.91,28.08,12.39,Passo Fundo,RS,Sul,-28.27,-52.41
2020,305,8.19,0.7,0.74,20.82,74.68,2.64,20.73,9.54,Passo Fundo,RS,Sul,-28.27,-52.41
2020,306,0.85,0.7,0.71,23.93,72.54,2.52,28.33,12.5,Passo Fundo,RS,Sul,-28.27,-52.41
2020,307,0.14,0.69,0.69,25.17,70.38,1.95,26.51,11.71,Passo Fundo,RS,Sul,-28.27,-52.41
2020,308,0.69,0.69,0.69,24.84,71.7,2.8,29.31,12.96,Passo Fundo,RS,Sul,-28.27,-52.41
2020,309,0.01,0.68,0.68,22.32,64.21,3.69,30.45,13.27,Passo Fundo,RS,Sul,-28.27,-52.41
2020,310,0.04,0.68,0.67,23.42,69.41,3.04,30.92,13.51,Passo Fundo,RS,Sul,-28.27,-52.41
2020,311,0.1,0.67,0.66,28.05,65.06,2.62,31.41,13.73,Passo Fundo,RS,Sul,-28.27,-52.41
2020,312,0.06,0.66,0.65,31.59,64.17,2.36,30.44,13.53,Passo Fundo,RS,Sul,-28.27,-52.41
2020,313,0.84,0.66,0.65,30.92,72.75,2.31,25.23,11.29,Passo Fundo,RS,Sul,-28.27,-52.41
2020,314,7.73,0.67,0.72,26.66,86.52,1.93,10.39,4.97,Passo Fundo,RS,Sul,-28.27,-52.41
2020,315,5.05,0.67,0.71,26.61,82.28,1.67,21.67,9.78,Passo Fundo,RS,Sul,-28.27,-52.41
2020,316,0.44,0.68,0.68,28.68,76.42,1.52,19.25,8.86,Passo Fundo,RS,Sul,-28.27,-52.41
2020,317,5.07,0.68,0.71,27.44,76.13,1.25,16.83,7.9,Passo Fundo,RS,Sul,-28.27,-52.41
2020,318,1.19,0.67,0.68,28.8,73.67,1.21,28.02,12.7,Passo Fundo,RS,Sul,-28.27,-52.41
2020,319,0.42,0.67,0.66,32.9,64.78,1.79,28.38,12.86,Passo Fundo,RS,Sul,-28.27,-52.41
2020,320,4.11,0.66,0.67,29.63,71.18,1.78,12.56,6.17,Passo Fundo,RS,Sul,-28.27,-52.41
2020,321,9.69,0.67,0.73,28.6,80.4,1.92,16.75,7.99,Passo Fundo,RS,Sul,-28.27,-52.41
2020,322,0.07,0.68,0.68,25.45,64.22,2.5,31.98,14.02,Passo Fundo,RS,Sul,-28.27,-52.41
2020,323,0.13,0.67,0.67,22.9,68.59,2.48,18.7,8.41,Passo Fundo,RS,Sul,-28.27,-52.41
2020,324,0.45,0.67,0.66,25.29,66.32,2.15,28.77,12.93,Passo Fundo,RS,Sul,-28.27,-52.41
2020,325,1.15,0.66,0.66,25.17,68.6,2.02,26.19,11.83,Passo Fundo,RS,Sul,-28.27,-52.41
2020,326,0.1,0.66,0.65,28.29,65.16,1.93,29.5,13.12,Passo Fundo,RS,Sul,-28.27,-52.41
2020,327,0.0,0.65,0.63,30.08,63.42,2.19,29.44,13.06,Passo Fundo,RS,Sul,-28.27,-52.41
2020,328,0.0,0.65,0.62,33.58,59.14,1.91,31.92,14.48,Passo Fundo,RS,Sul,-28.27,-52.41
2020,329,0.0,0.64,0.61,34.43,50.23,2.48,32.61,14.62,Passo Fundo,RS,Sul,-28.27,-52.41
2020,330,0.9,0.64,0.6,36.87,48.49,2.9,25.82,11.72,Passo Fundo,RS,Sul,-28.27,-52.41
2020,331,9.57,0.65,0.71,28.04,82.27,2.03,6.32,3.34,Passo Fundo,RS,Sul,-28.27,-52.41
2020,332,2.29,0.65,0.66,30.02,78.04,2.28,19.08,9.01,Passo Fundo,RS,Sul,-28.27,-52.41
2020,333,5.95,0.66,0.69,29.9,77.66,2.03,12.37,6.0,Passo Fundo,RS,Sul,-28.27,-52.41
2020,334,26.08,0.69,0.82,26.88,88.17,2.69,7.25,3.75,Passo Fundo,RS,Sul,-28.27,-52.41
2020,335,2.19,0.71,0.73,26.52,83.4,1.61,9.99,5.03,Passo Fundo,RS,Sul,-28.27,-52.41
2020,336,0.53,0.7,0.71,28.93,78.2,1.95,26.42,12.22,Passo Fundo,RS,Sul,-28.27,-52.41
2020,337,8.87,0.7,0.74,27.72,81.78,1.68,23.6,10.91,Passo Fundo,RS,Sul,-28.27,-52.41
2020,338,31.35,0.73,0.86,24.06,85.61,3.34,18.47,8.68,Passo Fundo,RS,Sul,-28.27,-52.41
2020,339,1.9,0.75,0.77,27.4,76.66,1.69,26.09,11.9,Passo Fundo,RS,Sul,-28.27,-52.41
2020,340,0.85,0.73,0.74,21.76,79.95,3.47,16.11,7.59,Passo Fundo,RS,Sul,-28.27,-52.41
2020,341,0.54,0.72,0.73,23.1,80.99,2.6,18.8,8.8,Passo Fundo,RS,Sul,-28.27,-52.41
2020,342,1.12,0.72,0.72,25.91,78.39,1.67,26.89,12.26,Passo Fundo,RS,Sul,-28.27,-52.41
2020,343,0.17,0.71,0.7,28.0,73.59,1.56,31.09,13.96,Passo Fundo,RS,Sul,-28.27,-52.41
2020,344,0.04,0.69,0.69,28.65,71.6,1.86,32.92,14.83,Passo Fundo,RS,Sul,-28.27,-52.41
2020,345,0.33,0.68,0.68,31.2,66.8,1.11,33.22,14.86,Passo Fundo,RS,Sul,-28.27,-52.41
2020,346,2.44,0.67,0.68,32.44,66.14,2.52,30.21,13.8,Passo Fundo,RS,Sul,-28.27,-52.41
2020,347,2.12,0.67,0.67,30.83,65.28,1.73,24.19,11.28,Passo Fundo,RS,Sul,-28.27,-52.41
2020,348,3.73,0.66,0.66,32.31,69.41,2.61,21.19,9.96,Passo Fundo,RS,Sul,-28.27,-52.41
2020,349,16.36,0.69,0.78,27.14,80.56,1.38,23.41,10.76,Passo Fundo,RS,Sul,-28.27,-52.41
2020,350,0.62,0.68,0.69,29.88,73.29,1.24,28.56,13.09,Passo Fundo,RS,Sul,-28.27,-52.41
2020,351,5.08,0.68,0.7,28.8,76.53,1.27,16.85,8.14,Passo Fundo,RS,Sul,-28.27,-52.41
2020,352,4.27,0.68,0.72,29.23,76.45,1.13,27.63,12.76,Passo Fundo,RS,Sul,-28.27,-52.41
2020,353,0.58,0.68,0.68,30.8,71.4,1.02,27.46,12.58,Passo Fundo,RS,Sul,-28.27,-52.41
2020,354,2.83,0.67,0.67,31.99,76.19,2.85,7.9,4.05,Passo Fundo,RS,Sul,-28.27,-52.41
2020,355,13.71,0.68,0.77,22.59,80.91,1.79,12.53,6.06,Passo Fundo,RS,Sul,-28.27,-52.41
2020,356,0.01,0.69,0.69,26.28,64.48,1.69,33.71,14.94,Passo Fundo,RS,Sul,-28.27,-52.41
2020,357,1.18,0.68,0.68,27.87,62.65,1.24,33.54,14.85,Passo Fundo,RS,Sul,-28.27,-52.41
2020,358,0.76,0.67,0.66,30.98,65.78,1.17,31.37,14.13,Passo Fundo,RS,Sul,-28.27,-52.41
2020,359,1.32,0.66,0.65,31.7,69.21,1.39,30.19,13.89,Passo Fundo,RS,Sul,-28.27,-52.41
2020,360,8.78,0.66,0.69,31.19,66.41,1.81,26.71,12.36,Passo Fundo,RS,Sul,-28.27,-52.41
2020,361,2.93,0.66,0.69,28.38,73.16,1.6,25.4,11.74,Passo Fundo,RS,Sul,-28.27,-52.41
2020,362,9.24,0.67,0.72,27.83,78.67,1.59,24.38,11.42,Passo Fundo,RS,Sul,-28.27,-52.41
2020,363,10.14,0.68,0.76,29.22,76.87,1.51,24.59,11.51,Passo Fundo,RS,Sul,-28.27,-52.41
2020,364,13.85,0.7,0.78,29.5,76.29,1.4,28.27,13.13,Passo Fundo,RS,Sul,-28.27,-52.41
2020,365,4.7,0.7,0.74,30.15,77.88,1.91,23.42,10.91,Passo Fundo,RS,Sul,-28.27,-52.41
2020,366,7.9,0.71,0.75,26.8,77.59,1.97,23.75,10.94,Passo Fundo,RS,Sul,-28.27,-52.41
2021,1,0.2,0.7,0.7,27.39,67.31,1.78,32.29,14.48,Passo Fundo,RS,Sul,-28.27,-52.41
2021,2,1.16,0.69,0.69,28.07,67.03,2.03,32.43,14.65,Passo Fundo,RS,Sul,-28.27,-52.41
2021,3,1.13,0.68,0.68,29.52,69.46,2.11,31.79,14.52,Passo Fundo,RS,Sul,-28.27,-52.41
2021,4,9.11,0.67,0.72,28.4,74.06,2.05,27.63,12.61,Passo Fundo,RS,Sul,-28.27,-52.41
2021,5,10.74,0.69,0.76,23.87,87.29,1.71,10.77,5.42,Passo Fundo,RS,Sul,-28.27,-52.41
2021,6,1.38,0.69,0.71,28.42,80.0,1.72,25.7,11.88,Passo Fundo,RS,Sul,-28.27,-52.41
2021,7,1.3,0.68,0.69,27.65,75.98,1.66,21.96,10.19,Passo Fundo,RS,Sul,-28.27,-52.41
2021,8,0.71,0.68,0.68,29.49,60.58,1.07,32.47,14.48,Passo Fundo,RS,Sul,-28.27,-52.41
2021,9,5.6,0.67,0.69,31.27,65.3,1.24,28.2,12.96,Passo Fundo,RS,Sul,-28.27,-52.41
2021,10,2.56,0.67,0.69,30.62,74.01,1.11,27.69,12.75,Passo Fundo,RS,Sul,-28.27,-52.41
2021,11,2.47,0.66,0.67,30.93,75.75,2.04,29.18,13.51,Passo Fundo,RS,Sul,-28.27,-52.41
2021,12,7.4,0.67,0.71,30.11,81.46,1.9,18.46,8.79,Passo Fundo,RS,Sul,-28.27,-52.41
2021,13,4.14,0.67,0.7,25.97,77.07,3.38,16.34,7.72,Passo Fundo,RS,Sul,-28.27,-52.41
2021,14,1.19,0.66,0.66,28.29,72.8,2.74,27.18,12.41,Passo Fundo,RS,Sul,-28.27,-52.41
2021,15,1.93,0.66,0.67,29.99,75.4,1.84,27.42,12.62,Passo Fundo,RS,Sul,-28.27,-52.41
2021,16,10.6,0.66,0.71,29.84,79.87,2.5,13.87,6.72,Passo Fundo,RS,Sul,-28.27,-52.41
2021,17,14.73,0.69,0.79,25.66,91.87,2.12,14.61,7.08,Passo Fundo,RS,Sul,-28.27,-52.41
2021,18,0.22,0.69,0.7,26.26,73.56,2.29,21.22,9.62,Passo Fundo,RS,Sul,-28.27,-52.41
2021,19,1.05,0.68,0.69,27.53,77.18,2.43,18.17,8.54,Passo Fundo,RS,Sul,-28.27,-52.41
2021,20,3.02,0.68,0.69,26.15,82.96,2.26,11.48,5.74,Passo Fundo,RS,Sul,-28.27,-52.41
2021,21,17.93,0.69,0.78,23.67,90.3,2.61,7.84,4.06,Passo Fundo,RS,Sul,-28.27,-52.41
2021,22,0.5,0.71,0.73,26.22,84.26,1.93,15.08,7.29,Passo Fundo,RS,Sul,-28.27,-52.41
2021,23,0.49,0.7,0.7,28.61,80.75,1.46,25.62,11.84,Passo Fundo,RS,Sul,-28.27,-52.41
2021,24,2.26,0.69,0.7,25.93,86.67,1.58,20.54,9.65,Passo Fundo,RS,Sul,-28.27,-52.41
2021,25,2.5,0.69,0.71,27.88,84.15,2.36,23.25,10.85,Passo Fundo,RS,Sul,-28.27,-52.41
2021,26,7.26,0.69,0.73,25.37,87.47,2.82,14.19,6.89,Passo Fundo,RS,Sul,-28.27,-52.41
2021,27,11.53,0.7,0.75,25.83,90.61,3.42,13.51,6.62,Passo Fundo,RS,Sul,-28.27,-52.41
2021,28,24.71,0.73,0.86,26.03,91.6,1.6,5.83,3.06,Passo Fundo,RS,Sul,-28.27,-52.41
2021,29,8.09,0.75,0.8,26.64,90.83,2.46,22.83,10.68,Passo Fundo,RS,Sul,-28.27,-52.41
2021,30,13.0,0.75,0.82,27.49,89.16,1.92,22.95,10.76,Passo Fundo,RS,Sul,-28.27,-52.41
2021,31,11.75,0.76,0.82,25.24,91.71,2.26,14.67,7.1,Passo Fundo,RS,Sul,-28.27,-52.41
2021,32,1.05,0.76,0.77,27.78,84.32,1.36,22.28,10.37,Passo Fundo,RS,Sul,-28.27,-52.41
2021,33,0.15,0.74,0.74,28.78,85.76,1.32,22.35,10.41,Passo Fundo,RS,Sul,-28.27,-52.41
2021,34,3.91,0.73,0.75,28.54,89.44,2.02,8.29,4.18,Passo Fundo,RS,Sul,-28.27,-52.41
2021,35,10.17,0.73,0.79,25.0,85.17,2.99,19.46,8.99,Passo Fundo,RS,Sul,-28.27,-52.41
2021,36,0.93,0.73,0.74,23.42,79.74,2.06,27.25,12.22,Passo Fundo,RS,Sul,-28.27,-52.41
2021,37,2.23,0.72,0.73,24.37,78.53,1.6,30.84,13.79,Passo Fundo,RS,Sul,-28.27,-52.41
2021,38,0.08,0.71,0.71,27.44,74.77,1.64,30.14,13.7,Passo Fundo,RS,Sul,-28.27,-52.41
2021,39,0.06,0.69,0.7,28.83,73.15,1.39,30.26,13.73,Passo Fundo,RS,Sul,-28.27,-52.41
2021,40,0.57,0.68,0.69,26.98,76.27,1.38,24.92,11.38,Passo Fundo,RS,Sul,-28.27,-52.41
2021,41,1.98,0.68,0.69,26.41,75.66,1.55,24.15,11.12,Passo Fundo,RS,Sul,-28.27,-52.41
2021,42,2.38,0.68,0.7,23.8,83.06,1.48,20.19,9.37,Passo Fundo,RS,Sul,-28.27,-52.41
2021,43,3.89,0.68,0.71,25.4,86.29,1.39,11.87,5.76,Passo Fundo,RS,Sul,-28.27,-52.41
2021,44,5.55,0.69,0.73,25.3,81.07,1.06,22.39,10.37,Passo Fundo,RS,Sul,-28.27,-52.41
2021,45,4.52,0.69,0.73,24.7,82.92,1.13,20.04,9.35,Passo Fundo,RS,Sul,-28.27,-52.41
2021,46,7.06,0.69,0.74,26.12,82.11,1.66,20.38,9.52,Passo Fundo,RS,Sul,-28.27,-52.41
2021,47,2.41,0.7,0.72,26.11,83.23,1.94,24.32,11.09,Passo Fundo,RS,Sul,-28.27,-52.41
2021,48,1.08,0.69,0.7,25.48,75.51,1.73,29.56,13.26,Passo Fundo,RS,Sul,-28.27,-52.41
2021,49,0.31,0.68,0.68,25.3,74.28,1.7,25.08,11.54,Passo Fundo,RS,Sul,-28.27,-52.41
2021,50,0.03,0.67,0.67,26.65,77.34,1.16,27.32,12.38,Passo Fundo,RS,Sul,-28.27,-52.41
2021,51,0.0,0.66,0.66,29.0,65.95,1.31,27.73,12.69,Passo Fundo,RS,Sul,-28.27,-52.41
2021,52,0.22,0.66,0.65,30.62,68.66,1.53,26.6,12.09,Passo Fundo,RS,Sul,-28.27,-52.41
2021,53,0.36,0.65,0.63,32.44,64.47,2.09,24.2,11.21,Passo Fundo,RS,Sul,-28.27,-52.41
2021,54,5.45,0.65,0.65,31.78,67.74,1.24,16.99,7.99,Passo Fundo,RS,Sul,-28.27,-52.41
2021,55,3.11,0.65,0.68,29.79,74.44,1.78,25.69,11.88,Passo Fundo,RS,Sul,-28.27,-52.41
2021,56,0.02,0.65,0.63,30.44,68.75,1.93,25.69,11.55,Passo Fundo,RS,Sul,-28.27,-52.41
2021,57,0.01,0.64,0.62,31.31,68.07,2.16,26.9,12.24,Passo Fundo,RS,Sul,-28.27,-52.41
2021,58,0.57,0.64,0.62,31.57,66.56,2.76,27.01,12.34,Passo Fundo,RS,Sul,-28.27,-52.41
2021,59,0.56,0.64,0.62,31.31,70.71,2.79,24.9,11.41,Passo Fundo,RS,Sul,-28.27,-52.41
2021,60,6.17,0.64,0.65,29.94,76.86,1.89,18.07,8.45,Passo Fundo,RS,Sul,-28.27,-52.41
2021,61,8.21,0.65,0.69,29.88,77.52,1.75,19.47,9.13,Passo Fundo,RS,Sul,-28.27,-52.41
2021,62,7.75,0.66,0.72,25.89,88.01,1.24,19.65,9.2,Passo Fundo,RS,Sul,-28.27,-52.41
2021,63,6.91,0.68,0.73,24.65,92.21,1.44,9.97,4.94,Passo Fundo,RS,Sul,-28.27,-52.41
2021,64,2.07,0.68,0.7,25.6,85.31,1.6,20.63,9.62,Passo Fundo,RS,Sul,-28.27,-52.41
2021,65,0.53,0.68,0.68,26.9,77.87,1.38,23.25,10.5,Passo Fundo,RS,Sul,-28.27,-52.41
2021,66,0.0,0.67,0.67,27.88,69.98,1.16,25.84,11.55,Passo Fundo,RS,Sul,-28.27,-52.41
2021,67,0.0,0.66,0.65,29.2,67.23,1.47,25.15,11.35,Passo Fundo,RS,Sul,-28.27,-52.41
2021,68,0.14,0.65,0.64,27.36,73.24,2.04,22.58,10.21,Passo Fundo,RS,Sul,-28.27,-52.41
2021,69,0.03,0.65,0.63,27.24,69.6,1.76,24.6,11.07,Passo Fundo,RS,Sul,-28.27,-52.41
2021,70,0.0,0.65,0.63,28.43,66.74,1.29,26.08,11.71,Passo Fundo,RS,Sul,-28.27,-52.41
2021,71,0.01,0.64,0.62,30.18,62.11,1.24,25.83,11.57,Passo Fundo,RS,Sul,-28.27,-52.41
2021,72,0.01,0.64,0.61,31.58,62.07,1.34,25.34,11.39,Passo Fundo,RS,Sul,-28.27,-52.41
2021,73,0.56,0.63,0.61,32.41,66.49,1.46,24.3,11.12,Passo Fundo,RS,Sul,-28.27,-52.41
2021,74,0.56,0.63,0.61,33.03,68.78,1.73,24.21,11.13,Passo Fundo,RS,Sul,-28.27,-52.41
2021,75,8.11,0.63,0.61,34.94,66.12,1.97,23.32,10.82,Passo Fundo,RS,Sul,-28.27,-52.41
2021,76,14.82,0.67,0.77,27.2,85.94,1.99,14.01,6.55,Passo Fundo,RS,Sul,-28.27,-52.41
2021,77,1.0,0.67,0.68,26.26,78.93,1.36,19.95,9.02,Passo Fundo,RS,Sul,-28.27,-52.41
2021,78,0.03,0.66,0.66,30.3,74.65,2.03,22.6,10.3,Passo Fundo,RS,Sul,-28.27,-52.41
2021,79,3.86,0.66,0.67,30.35,73.9,2.22,18.48,8.61,Passo Fundo,RS,Sul,-28.27,-52.41
2021,80,3.92,0.66,0.69,25.83,89.01,1.97,8.27,4.11,Passo Fundo,RS,Sul,-28.27,-52.41
2021,81,1.59,0.66,0.68,26.27,86.84,1.43,16.74,7.85,Passo Fundo,RS,Sul,-28.27,-52.41
2021,82,7.85,0.66,0.71,26.96,88.7,1.5,13.25,6.31,Passo Fundo,RS,Sul,-28.27,-52.41
2021,83,0.42,0.67,0.69,28.67,83.18,1.04,17.39,8.23,Passo Fundo,RS,Sul,-28.27,-52.41
2021,84,1.34,0.67,0.67,31.17,77.08,1.44,22.07,10.3,Passo Fundo,RS,Sul,-28.27,-52.41
2021,85,14.33,0.67,0.76,27.4,85.16,2.22,13.09,6.21,Passo Fundo,RS,Sul,-28.27,-52.41
2021,86,7.41,0.69,0.76,26.11,89.63,1.29,5.32,2.69,Passo Fundo,RS,Sul,-28.27,-52.41
2021,87,5.99,0.7,0.75,25.28,87.6,1.75,12.24,5.81,Passo Fundo,RS,Sul,-28.27,-52.41
2021,88,2.06,0.7,0.72,22.89,83.4,1.84,18.4,8.36,Passo Fundo,RS,Sul,-28.27,-52.41
2021,89,3.37,0.7,0.72,22.83,85.97,1.6,13.67,6.34,Passo Fundo,RS,Sul,-28.27,-52.41
2021,90,0.35,0.69,0.7,22.82,79.07,1.83,18.76,8.39,Passo Fundo,RS,Sul,-28.27,-52.41
2021,91,0.7,0.69,0.7,23.89,78.9,1.94,18.91,8.52,Passo Fundo,RS,Sul,-28.27,-52.41
2021,92,0.03,0.68,0.68,24.57,77.95,1.9,18.31,8.32,Passo Fundo,RS,Sul,-28.27,-52.41
2021,93,0.02,0.67,0.68,26.94,73.2,1.4,20.16,9.2,Passo Fundo,RS,Sul,-28.27,-52.41
2021,94,0.17,0.67,0.67,27.52,70.91,1.44,19.44,8.87,Passo Fundo,RS,Sul,-28.27,-52.41
2021,95,0.42,0.66,0.67,25.7,73.86,1.82,17.71,8.14,Passo Fundo,RS,Sul,-28.27,-52.41
2021,96,0.02,0.66,0.65,27.7,71.86,1.33,19.43,8.91,Passo Fundo,RS,Sul,-28.27,-52.41
2021,97,0.02,0.65,0.64,27.94,71.46,2.15,20.65,9.4,Passo Fundo,RS,Sul,-28.27,-52.41
2021,98,0.02,0.65,0.64,29.01,69.14,2.65,20.33,9.27,Passo Fundo,RS,Sul,-28.27,-52.41
2021,99,0.2,0.65,0.63,31.22,68.74,2.4,19.78,9.12,Passo Fundo,RS,Sul,-28.27,-52.41
2021,100,0.4,0.64,0.62,31.33,63.42,1.96,18.28,8.46,Passo Fundo,RS,Sul,-28.27,-52.41
2021,101,2.4,0.64,0.63,31.63,64.77,3.46,11.48,5.42,Passo Fundo,RS,Sul,-28.27,-52.41
2021,102,0.32,0.64,0.64,25.54,70.82,2.05,17.3,7.73,Passo Fundo,RS,Sul,-28.27,-52.41
2021,103,0.69,0.64,0.63,27.22,70.19,2.19,20.68,9.25,Passo Fundo,RS,Sul,-28.27,-52.41
2021,104,0.04,0.64,0.62,27.78,72.32,1.81,13.78,6.36,Passo Fundo,RS,Sul,-28.27,-52.41
2021,105,1.53,0.64,0.64,21.65,80.5,2.07,7.16,3.58,Passo Fundo,RS,Sul,-28.27,-52.41
2021,106,1.23,0.64,0.63,21.38,84.22,1.2,11.43,5.37,Passo Fundo,RS,Sul,-28.27,-52.41
2021,107,1.92,0.64,0.65,24.36,83.54,1.6,13.92,6.43,Passo Fundo,RS,Sul,-28.27,-52.41
2021,108,0.29,0.64,0.63,25.41,80.59,2.37,17.07,7.72,Passo Fundo,RS,Sul,-28.27,-52.41
2021,109,0.02,0.64,0.62,26.83,70.45,2.26,19.21,8.58,Passo Fundo,RS,Sul,-28.27,-52.41
2021,110,0.02,0.64,0.62,26.75,71.05,1.98,18.98,8.54,Passo Fundo,RS,Sul,-28.27,-52.41
2021,111,0.22,0.64,0.62,27.42,71.94,2.33,18.69,8.49,Passo Fundo,RS,Sul,-28.27,-52.41
2021,112,0.08,0.63,0.62,26.13,71.79,2.2,18.66,8.44,Passo Fundo,RS,Sul,-28.27,-52.41
2021,113,0.02,0.63,0.61,26.14,64.0,1.72,18.65,8.45,Passo Fundo,RS,Sul,-28.27,-52.41
2021,114,3.06,0.63,0.63,26.6,75.49,1.56,9.84,4.59,Passo Fundo,RS,Sul,-28.27,-52.41
2021,115,2.16,0.64,0.65,23.04,81.55,2.28,10.3,4.78,Passo Fundo,RS,Sul,-28.27,-52.41
2021,116,0.13,0.64,0.63,21.15,74.39,1.38,15.75,6.91,Passo Fundo,RS,Sul,-28.27,-52.41
2021,117,0.05,0.64,0.62,21.29,72.88,1.39,18.11,7.97,Passo Fundo,RS,Sul,-28.27,-52.41
2021,118,0.9,0.64,0.63,22.27,69.38,1.59,18.98,8.25,Passo Fundo,RS,Sul,-28.27,-52.41
2021,119,0.01,0.64,0.62,24.45,67.73,1.9,18.42,8.06,Passo Fundo,RS,Sul,-28.27,-52.41
2021,120,0.04,0.63,0.61,25.0,64.46,1.94,18.41,8.14,Passo Fundo,RS,Sul,-28.27,-52.41
2021,121,0.07,0.63,0.61,25.79,67.15,1.92,16.75,7.54,Passo Fundo,RS,Sul,-28.27,-52.41
2021,122,0.96,0.63,0.62,27.73,67.34,1.52,14.91,6.77,Passo Fundo,RS,Sul,-28.27,-52.41
2021,123,0.02,0.63,0.61,30.29,64.35,1.88,16.22,7.38,Passo Fundo,RS,Sul,-28.27,-52.41
2021,124,1.15,0.63,0.6,30.9,64.78,2.58,9.71,4.6,Passo Fundo,RS,Sul,-28.27,-52.41
2021,125,20.6,0.65,0.75,17.68,89.45,2.77,2.25,1.2,Passo Fundo,RS,Sul,-28.27,-52.41
2021,126,2.42,0.67,0.72,14.01,88.35,2.32,5.02,2.47,Passo Fundo,RS,Sul,-28.27,-52.41
2021,127,0.31,0.67,0.68,18.06,77.95,1.71,16.76,7.24,Passo Fundo,RS,Sul,-28.27,-52.41
2021,128,1.1,0.67,0.68,20.66,78.75,2.16,17.01,7.42,Passo Fundo,RS,Sul,-28.27,-52.41
2021,129,0.15,0.67,0.67,22.94,76.52,1.94,16.7,7.48,Passo Fundo,RS,Sul,-28.27,-52.41
2021,130,1.14,0.67,0.67,24.62,81.66,1.94,13.42,6.09,Passo Fundo,RS,Sul,-28.27,-52.41
2021,131,7.95,0.67,0.73,16.26,89.92,2.22,5.3,2.55,Passo Fundo,RS,Sul,-28.27,-52.41
2021,132,0.16,0.68,0.69,18.11,75.35,2.0,16.47,7.15,Passo Fundo,RS,Sul,-28.27,-52.41
2021,133,1.14,0.68,0.69,19.81,77.49,1.37,15.27,6.61,Passo Fundo,RS,Sul,-28.27,-52.41
2021,134,0.95,0.67,0.69,17.27,87.58,1.25,11.19,4.93,Passo Fundo,RS,Sul,-28.27,-52.41
2021,135,1.64,0.67,0.69,21.92,80.87,1.27,15.47,6.91,Passo Fundo,RS,Sul,-28.27,-52.41
2021,136,0.08,0.67,0.68,21.86,81.46,1.14,13.85,6.19,Passo Fundo,RS,Sul,-28.27,-52.41
2021,137,0.97,0.67,0.68,19.54,81.39,1.44,13.86,6.01,Passo Fundo,RS,Sul,-28.27,-52.41
2021,138,0.7,0.67,0.68,19.69,75.8,1.01,14.49,6.31,Passo Fundo,RS,Sul,-28.27,-52.41
2021,139,0.01,0.67,0.67,21.54,66.67,1.03,15.12,6.64,Passo Fundo,RS,Sul,-28.27,-52.41
2021,140,1.05,0.66,0.67,22.47,65.87,1.11,8.25,3.77,Passo Fundo,RS,Sul,-28.27,-52.41
2021,141,36.59,0.68,0.81,22.52,88.22,1.44,5.03,2.43,Passo Fundo,RS,Sul,-28.27,-52.41
2021,142,1.36,0.72,0.77,19.27,81.77,3.24,10.35,4.65,Passo Fundo,RS,Sul,-28.27,-52.41
2021,143,0.64,0.71,0.72,15.02,82.0,4.36,8.09,3.6,Passo Fundo,RS,Sul,-28.27,-52.41
2021,144,2.99,0.71,0.73,14.33,85.01,2.51,9.9,4.34,Passo Fundo,RS,Sul,-28.27,-52.41
2021,145,0.03,0.7,0.71,18.34,75.1,1.33,15.53,6.73,Passo Fundo,RS,Sul,-28.27,-52.41
2021,146,1.68,0.7,0.72,21.25,62.13,0.94,15.44,6.7,Passo Fundo,RS,Sul,-28.27,-52.41
2021,147,0.72,0.7,0.71,22.35,69.03,1.45,15.04,6.58,Passo Fundo,RS,Sul,-28.27,-52.41
2021,148,31.76,0.71,0.8,24.3,89.24,3.64,3.13,1.56,Passo Fundo,RS,Sul,-28.27,-52.41
2021,149,10.49,0.74,0.82,19.52,85.57,2.04,9.05,4.1,Passo Fundo,RS,Sul,-28.27,-52.41
2021,150,1.17,0.74,0.75,14.86,76.45,1.36,14.95,6.35,Passo Fundo,RS,Sul,-28.27,-52.41
2021,151,0.12,0.72,0.73,19.94,63.59,1.11,14.86,6.34,Passo Fundo,RS,Sul,-28.27,-52.41
2021,152,0.77,0.72,0.73,20.89,69.64,1.58,12.81,5.67,Passo Fundo,RS,Sul,-28.27,-52.41
2021,153,3.03,0.71,0.74,21.48,91.11,1.9,6.65,3.01,Passo Fundo,RS,Sul,-28.27,-52.41
2021,154,0.51,0.71,0.72,22.51,77.02,0.94,13.04,5.82,Passo Fundo,RS,Sul,-28.27,-52.41
2021,155,0.88,0.71,0.72,26.42,83.01,2.22,13.43,6.09,Passo Fundo,RS,Sul,-28.27,-52.41
2021,156,1.73,0.7,0.71,26.74,78.6,2.82,11.95,5.42,Passo Fundo,RS,Sul,-28.27,-52.41
2021,157,7.28,0.71,0.77,17.2,93.4,2.34,3.76,1.86,Passo Fundo,RS,Sul,-28.27,-52.41
2021,158,1.18,0.71,0.72,19.61,88.49,2.36,5.96,2.78,Passo Fundo,RS,Sul,-28.27,-52.41
2021,159,11.54,0.72,0.79,16.66,92.16,2.36,5.03,2.45,Passo Fundo,RS,Sul,-28.27,-52.41
2021,160,5.07,0.73,0.77,21.38,88.05,1.64,11.73,5.29,Passo Fundo,RS,Sul,-28.27,-52.41
2021,161,19.59,0.75,0.84,19.59,92.8,1.36,9.0,4.15,Passo Fundo,RS,Sul,-28.27,-52.41
2021,162,1.83,0.75,0.77,17.21,87.55,1.61,11.66,5.2,Passo Fundo,RS,Sul,-28.27,-52.41
2021,163,0.0,0.74,0.75,17.26,68.24,0.96,14.11,6.26,Passo Fundo,RS,Sul,-28.27,-52.41
2021,164,0.94,0.73,0.74,20.42,72.03,1.52,14.15,6.29,Passo Fundo,RS,Sul,-28.27,-52.41
2021,165,1.51,0.73,0.74,20.92,79.33,1.6,14.17,6.26,Passo Fundo,RS,Sul,-28.27,-52.41
2021,166,0.83,0.72,0.74,19.33,85.17,1.39,10.48,4.65,Passo Fundo,RS,Sul,-28.27,-52.41
2021,167,0.37,0.72,0.73,12.35,84.05,2.76,7.34,3.23,Passo Fundo,RS,Sul,-28.27,-52.41
2021,168,0.62,0.72,0.73,12.53,87.17,2.1,9.86,4.28,Passo Fundo,RS,Sul,-28.27,-52.41
2021,169,0.73,0.72,0.73,15.37,87.19,2.02,10.0,4.36,Passo Fundo,RS,Sul,-28.27,-52.41
2021,170,12.78,0.73,0.8,12.89,94.91,2.15,2.14,1.12,Passo Fundo,RS,Sul,-28.27,-52.41
2021,171,1.14,0.74,0.75,16.77,90.65,1.2,4.24,2.01,Passo Fundo,RS,Sul,-28.27,-52.41
2021,172,4.35,0.73,0.76,17.18,92.23,1.35,8.48,3.8,Passo Fundo,RS,Sul,-28.27,-52.41
2021,173,1.18,0.73,0.75,19.17,89.04,1.49,8.54,3.82,Passo Fundo,RS,Sul,-28.27,-52.41
2021,174,1.35,0.73,0.75,19.78,86.87,3.16,5.78,2.65,Passo Fundo,RS,Sul,-28.27,-52.41
2021,175,14.32,0.74,0.8,18.59,88.62,3.91,2.23,1.15,Passo Fundo,RS,Sul,-28.27,-52.41
2021,176,0.23,0.74,0.75,18.04,83.56,1.33,13.31,5.76,Passo Fundo,RS,Sul,-28.27,-52.41
2021,177,31.88,0.76,0.87,24.46,87.83,3.7,4.91,2.31,Passo Fundo,RS,Sul,-28.27,-52.41
2021,178,14.76,0.8,0.88,13.61,89.78,2.38,2.76,1.34,Passo Fundo,RS,Sul,-28.27,-52.41
2021,179,0.09,0.79,0.79,9.41,75.73,2.68,11.71,4.99,Passo Fundo,RS,Sul,-28.27,-52.41
2021,180,1.05,0.78,0.79,8.15,81.77,3.04,6.79,3.0,Passo Fundo,RS,Sul,-28.27,-52.41
2021,181,0.51,0.77,0.78,12.41,87.96,1.32,5.52,2.53,Passo Fundo,RS,Sul,-28.27,-52.41
2021,182,0.06,0.76,0.76,16.52,84.48,2.28,13.67,5.9,Passo Fundo,RS,Sul,-28.27,-52.41
2021,183,1.0,0.75,0.76,17.98,80.49,2.04,13.85,5.95,Passo Fundo,RS,Sul,-28.27,-52.41
2021,184,0.11,0.75,0.76,17.35,78.66,0.86,12.36,5.36,Passo Fundo,RS,Sul,-28.27,-52.41
2021,185,0.12,0.74,0.75,19.5,81.23,1.59,12.13,5.18,Passo Fundo,RS,Sul,-28.27,-52.41
2021,186,0.18,0.74,0.75,20.9,85.27,1.28,13.49,5.84,Passo Fundo,RS,Sul,-28.27,-52.41
2021,187,0.67,0.74,0.75,20.66,84.61,1.53,13.17,5.74,Passo Fundo,RS,Sul,-28.27,-52.41
2021,188,0.11,0.74,0.74,19.64,80.61,2.2,12.82,5.71,Passo Fundo,RS,Sul,-28.27,-52.41
2021,189,0.04,0.73,0.74,20.98,81.97,1.25,14.04,6.15,Passo Fundo,RS,Sul,-28.27,-52.41
2021,190,0.12,0.73,0.74,19.47,83.43,1.85,14.54,6.31,Passo Fundo,RS,Sul,-28.27,-52.41
2021,191,0.79,0.73,0.74,22.01,79.12,1.83,14.28,6.26,Passo Fundo,RS,Sul,-28.27,-52.41
2021,192,0.1,0.72,0.73,22.24,75.77,1.53,13.87,6.2,Passo Fundo,RS,Sul,-28.27,-52.41
2021,193,0.21,0.72,0.73,21.35,75.0,2.1,13.19,5.75,Passo Fundo,RS,Sul,-28.27,-52.41
2021,194,0.04,0.72,0.73,22.51,78.44,1.81,8.99,4.0,Passo Fundo,RS,Sul,-28.27,-52.41
2021,195,0.01,0.72,0.73,23.26,78.1,1.71,9.32,4.2,Passo Fundo,RS,Sul,-28.27,-52.41
2021,196,9.02,0.73,0.79,16.9,90.09,1.91,2.1,1.07,Passo Fundo,RS,Sul,-28.27,-52.41
2021,197,0.38,0.73,0.75,17.95,82.58,1.37,11.47,4.92,Passo Fundo,RS,Sul,-28.27,-52.41
2021,198,0.19,0.73,0.74,14.34,85.69,2.29,9.04,3.91,Passo Fundo,RS,Sul,-28.27,-52.41
2021,199,0.0,0.73,0.74,10.33,74.01,3.69,15.69,6.69,Passo Fundo,RS,Sul,-28.27,-52.41
2021,200,0.02,0.73,0.74,12.62,79.81,2.19,15.49,6.59,Passo Fundo,RS,Sul,-28.27,-52.41
2021,201,0.02,0.73,0.73,14.77,75.34,0.9,11.64,4.97,Passo Fundo,RS,Sul,-28.27,-52.41
2021,202,0.05,0.72,0.73,19.72,66.49,1.07,15.9,6.78,Passo Fundo,RS,Sul,-28.27,-52.41
2021,203,2.85,0.72,0.75,24.0,62.71,1.46,15.62,6.83,Passo Fundo,RS,Sul,-28.27,-52.41
2021,204,1.72,0.72,0.74,24.27,66.19,1.83,15.88,6.96,Passo Fundo,RS,Sul,-28.27,-52.41
2021,205,0.91,0.72,0.73,24.87,71.16,2.07,15.42,6.77,Passo Fundo,RS,Sul,-28.27,-52.41
2021,206,0.02,0.72,0.72,24.91,71.01,2.57,12.05,5.42,Passo Fundo,RS,Sul,-28.27,-52.41
2021,207,6.64,0.71,0.74,25.56,72.42,3.26,8.48,3.92,Passo Fundo,RS,Sul,-28.27,-52.41
2021,208,12.36,0.74,0.81,16.45,75.76,2.85,11.44,4.94,Passo Fundo,RS,Sul,-28.27,-52.41
2021,209,0.39,0.74,0.75,8.89,75.36,3.2,12.11,5.16,Passo Fundo,RS,Sul,-28.27,-52.41
2021,210,0.27,0.74,0.75,9.66,75.25,1.84,16.01,6.83,Passo Fundo,RS,Sul,-28.27,-52.41
2021,211,0.0,0.73,0.74,14.71,70.28,1.45,16.9,7.25,Passo Fundo,RS,Sul,-28.27,-52.41
2021,212,0.01,0.73,0.74,18.34,71.53,1.78,16.88,7.23,Passo Fundo,RS,Sul,-28.27,-52.41
2021,213,0.01,0.73,0.73,18.91,77.95,1.31,16.27,7.04,Passo Fundo,RS,Sul,-28.27,-52.41
2021,214,0.04,0.72,0.73,17.36,80.72,1.24,16.15,6.92,Passo Fundo,RS,Sul,-28.27,-52.41
2021,215,0.04,0.72,0.73,18.74,79.64,2.11,16.94,7.22,Passo Fundo,RS,Sul,-28.27,-52.41
2021,216,0.05,0.72,0.72,20.2,80.22,1.91,15.92,6.95,Passo Fundo,RS,Sul,-28.27,-52.41
2021,217,0.01,0.71,0.72,20.55,82.44,2.33,13.62,6.04,Passo Fundo,RS,Sul,-28.27,-52.41
2021,218,0.0,0.71,0.72,20.57,81.44,2.41,11.0,4.97,Passo Fundo,RS,Sul,-28.27,-52.41
2021,219,0.04,0.71,0.71,24.49,79.26,2.36,16.17,7.24,Passo Fundo,RS,Sul,-28.27,-52.41
2021,220,0.04,0.71,0.71,25.07,77.61,1.95,16.83,7.52,Passo Fundo,RS,Sul,-28.27,-52.41
2021,221,2.88,0.7,0.72,26.35,76.65,2.54,11.21,5.0,Passo Fundo,RS,Sul,-28.27,-52.41
2021,222,9.2,0.71,0.78,16.76,91.9,1.77,2.5,1.3,Passo Fundo,RS,Sul,-28.27,-52.41
2021,223,1.51,0.72,0.74,15.46,80.04,2.13,15.08,6.53,Passo Fundo,RS,Sul,-28.27,-52.41
2021,224,1.53,0.72,0.74,12.7,82.11,2.81,8.22,3.68,Passo Fundo,RS,Sul,-28.27,-52.41
2021,225,1.19,0.72,0.73,19.46,83.14,2.16,11.37,5.13,Passo Fundo,RS,Sul,-28.27,-52.41
2021,226,0.67,0.72,0.73,20.23,88.33,1.38,10.07,4.52,Passo Fundo,RS,Sul,-28.27,-52.41
2021,227,0.06,0.72,0.73,20.53,85.34,1.1,13.68,5.95,Passo Fundo,RS,Sul,-28.27,-52.41
2021,228,0.07,0.71,0.72,23.56,80.34,1.08,15.72,6.79,Passo Fundo,RS,Sul,-28.27,-52.41
2021,229,1.15,0.71,0.72,27.57,81.38,1.7,16.52,7.26,Passo Fundo,RS,Sul,-28.27,-52.41
2021,230,0.26,0.71,0.71,28.78,74.78,2.43,14.08,6.29,Passo Fundo,RS,Sul,-28.27,-52.41
2021,231,0.81,0.7,0.71,29.41,69.68,2.98,17.74,7.79,Passo Fundo,RS,Sul,-28.27,-52.41
2021,232,1.48,0.7,0.71,27.38,70.38,2.48,11.97,5.29,Passo Fundo,RS,Sul,-28.27,-52.41
2021,233,0.19,0.7,0.7,27.58,75.5,2.32,15.55,6.74,Passo Fundo,RS,Sul,-28.27,-52.41
2021,234,0.0,0.69,0.69,28.28,64.47,2.96,17.86,7.81,Passo Fundo,RS,Sul,-28.27,-52.41
2021,235,0.86,0.68,0.69,27.39,73.78,1.75,12.99,5.57,Passo Fundo,RS,Sul,-28.27,-52.41
2021,236,22.06,0.7,0.78,24.57,86.39,2.41,3.93,1.78,Passo Fundo,RS,Sul,-28.27,-52.41
2021,237,39.98,0.75,0.9,24.07,91.1,2.93,1.49,0.78,Passo Fundo,RS,Sul,-28.27,-52.41
2021,238,2.35,0.78,0.81,15.55,88.83,1.9,9.51,4.36,Passo Fundo,RS,Sul,-28.27,-52.41
2021,239,0.06,0.77,0.77,20.02,77.15,1.69,19.05,8.18,Passo Fundo,RS,Sul,-28.27,-52.41
2021,240,1.04,0.76,0.76,22.71,81.31,2.54,15.69,7.05,Passo Fundo,RS,Sul,-28.27,-52.41
2021,241,0.3,0.75,0.75,23.14,79.76,1.67,18.09,8.11,Passo Fundo,RS,Sul,-28.27,-52.41
2021,242,0.75,0.74,0.75,24.0,78.05,2.29,20.68,9.17,Passo Fundo,RS,Sul,-28.27,-52.41
2021,243,1.48,0.73,0.74,24.49,75.59,2.42,21.23,9.35,Passo Fundo,RS,Sul,-28.27,-52.41
2021,244,0.54,0.73,0.73,24.87,72.44,2.43,21.11,9.29,Passo Fundo,RS,Sul,-28.27,-52.41
2021,245,0.76,0.72,0.72,26.29,65.4,1.85,18.14,8.12,Passo Fundo,RS,Sul,-28.27,-52.41
2021,246,1.85,0.72,0.74,24.14,81.03,1.36,17.23,7.68,Passo Fundo,RS,Sul,-28.27,-52.41
2021,247,5.97,0.72,0.74,26.34,87.31,1.47,15.48,6.88,Passo Fundo,RS,Sul,-28.27,-52.41
2021,248,1.56,0.72,0.75,22.27,85.95,2.02,14.78,6.61,Passo Fundo,RS,Sul,-28.27,-52.41
2021,249,8.92,0.72,0.75,22.8,82.46,2.11,12.52,5.6,Passo Fundo,RS,Sul,-28.27,-52.41
2021,250,2.74,0.74,0.78,24.81,83.83,2.9,6.29,3.02,Passo Fundo,RS,Sul,-28.27,-52.41
2021,251,35.93,0.76,0.83,22.28,84.83,3.11,4.23,2.1,Passo Fundo,RS,Sul,-28.27,-52.41
2021,252,0.13,0.76,0.76,18.66,76.05,3.94,21.1,9.29,Passo Fundo,RS,Sul,-28.27,-52.41
2021,253,0.04,0.75,0.75,18.82,81.39,2.3,14.91,6.7,Passo Fundo,RS,Sul,-28.27,-52.41
2021,254,0.0,0.74,0.75,21.24,76.52,0.76,22.35,9.8,Passo Fundo,RS,Sul,-28.27,-52.41
2021,255,0.1,0.73,0.74,28.47,74.99,2.19,20.12,9.11,Passo Fundo,RS,Sul,-28.27,-52.41
2021,256,18.29,0.74,0.81,29.96,80.34,3.28,10.45,4.77,Passo Fundo,RS,Sul,-28.27,-52.41
2021,257,15.21,0.77,0.84,24.83,82.84,1.68,6.41,3.08,Passo Fundo,RS,Sul,-28.27,-52.41
2021,258,0.07,0.76,0.77,19.94,70.29,2.08,19.46,8.41,Passo Fundo,RS,Sul,-28.27,-52.41
2021,259,2.53,0.75,0.77,20.42,78.46,1.95,10.34,4.68,Passo Fundo,RS,Sul,-28.27,-52.41
2021,260,41.36,0.77,0.88,17.71,94.37,1.85,2.21,1.18,Passo Fundo,RS,Sul,-28.27,-52.41
2021,261,1.15,0.79,0.8,25.31,86.06,1.43,17.09,7.58,Passo Fundo,RS,Sul,-28.27,-52.41
2021,262,0.82,0.77,0.78,29.19,82.76,1.24,18.57,8.0,Passo Fundo,RS,Sul,-28.27,-52.41
2021,263,3.89,0.76,0.78,30.04,82.89,2.44,14.99,6.58,Passo Fundo,RS,Sul,-28.27,-52.41
2021,264,3.12,0.77,0.79,19.62,81.39,3.43,11.96,5.48,Passo Fundo,RS,Sul,-28.27,-52.41
2021,265,0.05,0.76,0.76,21.24,72.26,3.33,23.41,10.2,Passo Fundo,RS,Sul,-28.27,-52.41
2021,266,9.2,0.76,0.8,20.15,85.57,1.86,5.16,2.6,Passo Fundo,RS,Sul,-28.27,-52.41
2021,267,0.89,0.77,0.78,21.63,81.47,1.59,16.88,7.39,Passo Fundo,RS,Sul,-28.27,-52.41
2021,268,0.01,0.76,0.76,22.99,78.9,1.22,22.75,9.92,Passo Fundo,RS,Sul,-28.27,-52.41
2021,269,0.01,0.75,0.75,26.04,74.48,1.26,25.76,11.14,Passo Fundo,RS,Sul,-28.27,-52.41
2021,270,0.01,0.74,0.74,29.24,71.02,1.59,24.64,10.61,Passo Fundo,RS,Sul,-28.27,-52.41
2021,271,5.27,0.73,0.76,28.38,85.05,1.75,7.67,3.72,Passo Fundo,RS,Sul,-28.27,-52.41
2021,272,0.29,0.74,0.75,24.92,81.12,2.84,15.3,6.85,Passo Fundo,RS,Sul,-28.27,-52.41
2021,273,13.22,0.73,0.78,26.53,83.68,2.91,16.96,7.55,Passo Fundo,RS,Sul,-28.27,-52.41
2021,274,7.77,0.76,0.82,26.47,85.09,1.64,9.28,4.39,Passo Fundo,RS,Sul,-28.27,-52.41
2021,275,0.5,0.76,0.76,25.98,80.45,1.45,21.2,9.63,Passo Fundo,RS,Sul,-28.27,-52.41
2021,276,3.14,0.75,0.78,23.49,88.64,1.91,9.56,4.55,Passo Fundo,RS,Sul,-28.27,-52.41
2021,277,0.12,0.75,0.75,21.39,77.3,2.18,14.34,6.57,Passo Fundo,RS,Sul,-28.27,-52.41
2021,278,0.13,0.74,0.74,22.9,69.94,1.44,25.57,11.14,Passo Fundo,RS,Sul,-28.27,-52.41
2021,279,13.01,0.75,0.81,23.92,84.7,1.78,5.8,2.9,Passo Fundo,RS,Sul,-28.27,-52.41
2021,280,0.16,0.76,0.77,20.63,75.15,3.19,22.33,9.86,Passo Fundo,RS,Sul,-28.27,-52.41
2021,281,14.0,0.76,0.81,20.29,86.5,2.7,10.88,5.05,Passo Fundo,RS,Sul,-28.27,-52.41
2021,282,5.41,0.77,0.81,21.02,85.99,2.48,8.27,4.1,Passo Fundo,RS,Sul,-28.27,-52.41
2021,283,1.18,0.77,0.78,24.79,79.21,2.28,21.34,9.75,Passo Fundo,RS,Sul,-28.27,-52.41
2021,284,10.08,0.77,0.82,22.42,84.97,2.14,14.41,6.81,Passo Fundo,RS,Sul,-28.27,-52.41
2021,285,1.35,0.77,0.78,25.43,75.41,1.17,23.06,10.41,Passo Fundo,RS,Sul,-28.27,-52.41
2021,286,0.09,0.76,0.76,26.96,76.28,2.34,22.7,10.17,Passo Fundo,RS,Sul,-28.27,-52.41
2021,287,11.2,0.77,0.82,25.45,83.2,2.49,24.48,11.12,Passo Fundo,RS,Sul,-28.27,-52.41
2021,288,34.35,0.79,0.87,20.58,91.53,3.06,7.61,3.91,Passo Fundo,RS,Sul,-28.27,-52.41
2021,289,0.09,0.79,0.79,21.48,80.89,3.18,10.9,5.23,Passo Fundo,RS,Sul,-28.27,-52.41
2021,290,0.01,0.78,0.78,22.81,76.57,2.94,14.33,6.65,Passo Fundo,RS,Sul,-28.27,-52.41
2021,291,0.01,0.77,0.77,22.91,78.9,2.29,22.21,9.92,Passo Fundo,RS,Sul,-28.27,-52.41
2021,292,0.01,0.76,0.76,22.41,70.92,2.48,28.9,12.66,Passo Fundo,RS,Sul,-28.27,-52.41
2021,293,0.0,0.75,0.75,23.65,73.0,1.66,26.91,11.9,Passo Fundo,RS,Sul,-28.27,-52.41
2021,294,0.01,0.74,0.74,23.79,75.13,1.73,26.54,11.79,Passo Fundo,RS,Sul,-28.27,-52.41
2021,295,0.01,0.73,0.73,25.93,67.81,1.19,28.37,12.47,Passo Fundo,RS,Sul,-28.27,-52.41
2021,296,21.9,0.74,0.81,24.51,81.46,3.4,3.88,1.94,Passo Fundo,RS,Sul,-28.27,-52.41
2021,297,0.37,0.75,0.76,21.11,68.81,2.62,27.34,12.04,Passo Fundo,RS,Sul,-28.27,-52.41
2021,298,0.06,0.74,0.74,24.95,62.18,1.85,30.26,13.21,Passo Fundo,RS,Sul,-28.27,-52.41
2021,299,0.0,0.73,0.74,28.71,54.1,0.9,29.81,13.14,Passo Fundo,RS,Sul,-28.27,-52.41
2021,300,0.0,0.72,0.72,29.32,66.06,2.22,30.25,13.45,Passo Fundo,RS,Sul,-28.27,-52.41
2021,301,0.06,0.71,0.71,29.17,68.87,1.94,27.84,12.41,Passo Fundo,RS,Sul,-28.27,-52.41
2021,302,5.82,0.71,0.74,28.58,75.54,2.11,26.08,11.91,Passo Fundo,RS,Sul,-28.27,-52.41
2021,303,0.97,0.71,0.73,27.22,77.32,2.02,25.48,11.62,Passo Fundo,RS,Sul,-28.27,-52.41
2021,304,0.69,0.71,0.71,27.53,73.27,2.09,26.19,12.0,Passo Fundo,RS,Sul,-28.27,-52.41
2021,305,0.0,0.71,0.7,28.71,71.17,1.79,27.79,12.66,Passo Fundo,RS,Sul,-28.27,-52.41
2021,306,0.28,0.7,0.7,29.99,70.41,1.57,25.51,11.74,Passo Fundo,RS,Sul,-28.27,-52.41
2021,307,3.04,0.69,0.7,28.47,76.32,2.32,13.46,6.45,Passo Fundo,RS,Sul,-28.27,-52.41
2021,308,0.13,0.69,0.69,29.49,72.52,1.48,26.8,12.19,Passo Fundo,RS,Sul,-28.27,-52.41
2021,309,2.49,0.68,0.69,30.79,71.09,1.65,21.79,9.86,Passo Fundo,RS,Sul,-28.27,-52.41
2021,310,2.97,0.69,0.71,26.17,78.59,3.21,18.84,8.66,Passo Fundo,RS,Sul,-28.27,-52.41
2021,311,0.17,0.68,0.68,26.94,73.53,2.41,23.84,10.93,Passo Fundo,RS,Sul,-28.27,-52.41
2021,312,0.04,0.68,0.67,27.56,67.26,2.23,30.02,13.36,Passo Fundo,RS,Sul,-28.27,-52.41
2021,313,0.03,0.67,0.67,26.96,62.89,2.7,31.56,13.97,Passo Fundo,RS,Sul,-28.27,-52.41
2021,314,0.07,0.67,0.66,27.28,66.47,2.81,29.92,13.27,Passo Fundo,RS,Sul,-28.27,-52.41
2021,315,0.06,0.67,0.66,27.42,68.95,2.89,26.67,12.13,Passo Fundo,RS,Sul,-28.27,-52.41
2021,316,0.04,0.66,0.65,27.79,67.28,2.4,28.22,12.85,Passo Fundo,RS,Sul,-28.27,-52.41
2021,317,0.06,0.66,0.64,29.85,64.18,1.63,28.54,12.94,Passo Fundo,RS,Sul,-28.27,-52.41
2021,318,0.01,0.65,0.63,30.67,61.49,2.07,22.34,10.29,Passo Fundo,RS,Sul,-28.27,-52.41
2021,319,0.0,0.65,0.63,32.23,58.43,2.08,24.95,11.38,Passo Fundo,RS,Sul,-28.27,-52.41
2021,320,5.04,0.65,0.65,30.29,69.75,2.47,21.47,9.95,Passo Fundo,RS,Sul,-28.27,-52.41
2021,321,6.77,0.66,0.72,23.33,86.31,2.42,7.98,4.08,Passo Fundo,RS,Sul,-28.27,-52.41
2021,322,6.81,0.68,0.73,26.28,79.35,2.73,9.34,4.75,Passo Fundo,RS,Sul,-28.27,-52.41
2021,323,0.19,0.68,0.68,25.83,71.06,2.31,22.88,10.14,Passo Fundo,RS,Sul,-28.27,-52.41
2021,324,0.03,0.67,0.66,28.26,62.54,1.93,31.91,13.99,Passo Fundo,RS,Sul,-28.27,-52.41
2021,325,0.01,0.66,0.65,31.04,60.34,1.28,32.35,14.33,Passo Fundo,RS,Sul,-28.27,-52.41
2021,326,0.0,0.66,0.63,33.32,58.78,1.99,29.73,13.4,Passo Fundo,RS,Sul,-28.27,-52.41
2021,327,0.45,0.65,0.63,31.62,62.45,2.1,26.97,12.17,Passo Fundo,RS,Sul,-28.27,-52.41
2021,328,0.89,0.65,0.63,33.42,56.08,1.44,33.34,14.52,Passo Fundo,RS,Sul,-28.27,-52.41
2021,329,4.74,0.64,0.63,34.31,60.69,3.27,17.62,8.32,Passo Fundo,RS,Sul,-28.27,-52.41
2021,330,10.16,0.66,0.74,26.67,76.32,3.58,14.8,6.99,Passo Fundo,RS,Sul,-28.27,-52.41
2021,331,0.47,0.66,0.66,28.95,76.11,1.87,21.2,9.8,Passo Fundo,RS,Sul,-28.27,-52.41
2021,332,0.16,0.66,0.65,27.61,75.54,1.55,17.0,8.15,Passo Fundo,RS,Sul,-28.27,-52.41
2021,333,1.35,0.66,0.65,26.69,68.69,3.78,27.81,12.59,Passo Fundo,RS,Sul,-28.27,-52.41
2021,334,0.1,0.65,0.64,27.43,66.11,2.4,27.03,12.1,Passo Fundo,RS,Sul,-28.27,-52.41
2021,335,0.31,0.65,0.63,28.71,64.02,1.95,32.15,14.39,Passo Fundo,RS,Sul,-28.27,-52.41
2021,336,0.67,0.65,0.62,29.32,66.12,2.89,31.26,14.02,Passo Fundo,RS,Sul,-28.27,-52.41
2021,337,0.12,0.64,0.61,31.61,63.36,2.12,29.39,13.26,Passo Fundo,RS,Sul,-28.27,-52.41
2021,338,0.09,0.64,0.61,32.57,63.19,2.23,27.49,12.59,Passo Fundo,RS,Sul,-28.27,-52.41
2021,339,0.69,0.64,0.61,32.06,66.95,2.26,28.04,12.88,Passo Fundo,RS,Sul,-28.27,-52.41
2021,340,1.3,0.63,0.62,28.35,70.84,3.02,26.42,12.0,Passo Fundo,RS,Sul,-28.27,-52.41
2021,341,0.13,0.63,0.61,29.85,60.4,3.33,30.64,13.7,Passo Fundo,RS,Sul,-28.27,-52.41
2021,342,0.01,0.63,0.6,30.01,54.14,2.65,34.0,14.95,Passo Fundo,RS,Sul,-28.27,-52.41
2021,343,0.01,0.63,0.59,31.21,57.68,2.32,33.31,14.84,Passo Fundo,RS,Sul,-28.27,-52.41
2021,344,0.06,0.63,0.59,32.48,57.15,2.15,32.19,14.43,Passo Fundo,RS,Sul,-28.27,-52.41
2021,345,0.47,0.62,0.58,31.43,57.76,2.13,19.15,8.92,Passo Fundo,RS,Sul,-28.27,-52.41
2021,346,0.21,0.62,0.58,33.66,57.04,1.24,24.34,11.17,Passo Fundo,RS,Sul,-28.27,-52.41
2021,347,1.42,0.62,0.58,34.89,60.43,1.24,13.54,6.52,Passo Fundo,RS,Sul,-28.27,-52.41
2021,348,10.95,0.63,0.69,26.12,86.79,1.48,14.14,6.91,Passo Fundo,RS,Sul,-28.27,-52.41
2021,349,0.67,0.64,0.64,32.8,73.91,2.05,24.37,11.32,Passo Fundo,RS,Sul,-28.27,-52.41
2021,350,0.08,0.64,0.61,33.68,66.17,2.23,23.87,10.86,Passo Fundo,RS,Sul,-28.27,-52.41
2021,351,0.18,0.63,0.6,32.16,62.62,3.11,31.86,14.25,Passo Fundo,RS,Sul,-28.27,-52.41
2021,352,0.93,0.63,0.6,32.55,68.33,2.47,25.31,11.63,Passo Fundo,RS,Sul,-28.27,-52.41
2021,353,1.43,0.63,0.6,34.64,61.66,1.48,29.66,13.55,Passo Fundo,RS,Sul,-28.27,-52.41
2021,354,2.84,0.63,0.61,36.36,58.6,1.85,26.63,12.39,Passo Fundo,RS,Sul,-28.27,-52.41
2021,355,5.26,0.63,0.64,33.79,65.14,1.64,29.32,13.6,Passo Fundo,RS,Sul,-28.27,-52.41
2021,356,3.37,0.64,0.65,30.73,66.58,2.39,26.64,12.26,Passo Fundo,RS,Sul,-28.27,-52.41
2021,357,0.12,0.64,0.61,29.08,59.21,3.22,33.09,14.66,Passo Fundo,RS,Sul,-28.27,-52.41
2021,358,0.02,0.63,0.6,31.62,56.08,2.08,33.87,15.07,Passo Fundo,RS,Sul,-28.27,-52.41
2021,359,0.23,0.63,0.59,33.79,53.84,2.02,32.9,14.66,Passo Fundo,RS,Sul,-28.27,-52.41
2021,360,2.13,0.62,0.59,32.63,55.03,1.77,24.86,11.26,Passo Fundo,RS,Sul,-28.27,-52.41
2021,361,0.29,0.62,0.58,33.61,54.51,1.99,33.78,14.9,Passo Fundo,RS,Sul,-28.27,-52.41
2021,362,0.27,0.62,0.56,34.76,51.38,2.06,32.99,14.69,Passo Fundo,RS,Sul,-28.27,-52.41
2021,363,0.0,0.62,0.54,35.69,51.68,2.61,29.66,13.35,Passo Fundo,RS,Sul,-28.27,-52.41
2021,364,3.38,0.62,0.58,28.36,66.39,2.14,25.3,11.76,Passo Fundo,RS,Sul,-28.27,-52.41
2021,365,0.33,0.62,0.6,31.87,61.2,1.3,29.35,13.49,Passo Fundo,RS,Sul,-28.27,-52.41
2022,1,0.0,0.62,0.56,36.76,48.75,0.99,31.09,14.05,Passo Fundo,RS,Sul,-28.27,-52.41
2022,2,2.4,0.62,0.56,36.98,52.02,1.87,27.04,12.39,Passo Fundo,RS,Sul,-28.27,-52.41
2022,3,8.13,0.63,0.64,35.23,60.78,0.81,21.18,9.89,Passo Fundo,RS,Sul,-28.27,-52.41
2022,4,11.52,0.64,0.71,28.3,78.92,0.88,14.77,7.12,Passo Fundo,RS,Sul,-28.27,-52.41
2022,5,8.98,0.66,0.71,28.23,79.1,2.73,15.89,7.66,Passo Fundo,RS,Sul,-28.27,-52.41
2022,6,0.72,0.66,0.66,27.39,71.12,3.39,21.91,9.94,Passo Fundo,RS,Sul,-28.27,-52.41
2022,7,0.03,0.65,0.63,30.36,63.88,2.6,30.73,13.92,Passo Fundo,RS,Sul,-28.27,-52.41
2022,8,0.68,0.64,0.62,30.09,62.53,2.17,29.27,13.37,Passo Fundo,RS,Sul,-28.27,-52.41
2022,9,0.08,0.64,0.6,30.6,55.8,2.32,26.29,11.94,Passo Fundo,RS,Sul,-28.27,-52.41
2022,10,0.01,0.63,0.6,32.64,57.02,1.58,27.62,12.47,Passo Fundo,RS,Sul,-28.27,-52.41
2022,11,0.0,0.63,0.59,34.09,55.17,1.69,31.83,14.35,Passo Fundo,RS,Sul,-28.27,-52.41
2022,12,0.02,0.62,0.57,35.72,46.09,2.23,33.35,14.71,Passo Fundo,RS,Sul,-28.27,-52.41
2022,13,1.07,0.62,0.56,36.22,51.82,1.56,31.94,14.31,Passo Fundo,RS,Sul,-28.27,-52.41
2022,14,1.61,0.62,0.57,30.2,65.47,1.95,21.72,10.22,Passo Fundo,RS,Sul,-28.27,-52.41
2022,15,4.73,0.62,0.61,32.06,71.24,2.16,20.08,9.57,Passo Fundo,RS,Sul,-28.27,-52.41
2022,16,3.65,0.63,0.64,32.96,72.65,2.56,27.79,13.04,Passo Fundo,RS,Sul,-28.27,-52.41
2022,17,3.96,0.63,0.63,34.56,64.03,2.67,28.66,13.38,Passo Fundo,RS,Sul,-28.27,-52.41
2022,18,3.88,0.63,0.63,36.58,64.94,2.31,22.08,10.39,Passo Fundo,RS,Sul,-28.27,-52.41
2022,19,0.69,0.63,0.61,36.67,61.61,1.78,28.89,13.36,Passo Fundo,RS,Sul,-28.27,-52.41
2022,20,2.46,0.63,0.6,36.26,62.33,1.62,28.97,13.46,Passo Fundo,RS,Sul,-28.27,-52.41
2022,21,1.26,0.63,0.59,36.98,59.47,1.72,28.48,13.32,Passo Fundo,RS,Sul,-28.27,-52.41
2022,22,0.61,0.62,0.56,37.72,55.35,1.65,27.94,12.99,Passo Fundo,RS,Sul,-28.27,-52.41
2022,23,5.47,0.63,0.61,36.24,60.69,1.11,23.7,11.13,Passo Fundo,RS,Sul,-28.27,-52.41
2022,24,8.53,0.63,0.64,37.58,62.44,1.59,27.27,12.7,Passo Fundo,RS,Sul,-28.27,-52.41
2022,25,10.05,0.65,0.72,34.41,70.55,1.39,24.89,11.65,Passo Fundo,RS,Sul,-28.27,-52.41
2022,26,1.94,0.65,0.64,34.21,69.53,2.03,27.66,12.98,Passo Fundo,RS,Sul,-28.27,-52.41
2022,27,21.74,0.66,0.75,27.44,81.97,3.29,10.58,5.24,Passo Fundo,RS,Sul,-28.27,-52.41
2022,28,1.03,0.67,0.67,23.39,77.96,3.3,15.6,7.38,Passo Fundo,RS,Sul,-28.27,-52.41
2022,29,0.3,0.66,0.66,25.94,74.18,2.58,17.56,8.18,Passo Fundo,RS,Sul,-28.27,-52.41
2022,30,1.19,0.66,0.65,28.88,72.41,1.55,23.35,10.75,Passo Fundo,RS,Sul,-28.27,-52.41
2022,31,0.52,0.65,0.63,31.33,67.52,1.71,26.05,11.84,Passo Fundo,RS,Sul,-28.27,-52.41
2022,32,0.05,0.64,0.61,32.86,61.96,1.45,29.44,13.5,Passo Fundo,RS,Sul,-28.27,-52.41
2022,33,0.03,0.63,0.6,34.86,56.28,1.41,28.66,13.07,Passo Fundo,RS,Sul,-28.27,-52.41
2022,34,0.82,0.63,0.61,31.46,63.8,1.93,25.34,11.68,Passo Fundo,RS,Sul,-28.27,-52.41
2022,35,31.05,0.66,0.79,27.63,85.99,1.89,9.92,5.03,Passo Fundo,RS,Sul,-28.27,-52.41
2022,36,3.65,0.68,0.71,27.11,83.09,1.91,9.48,4.75,Passo Fundo,RS,Sul,-28.27,-52.41
2022,37,0.02,0.68,0.68,26.08,70.35,2.16,27.32,12.28,Passo Fundo,RS,Sul,-28.27,-52.41
2022,38,0.03,0.66,0.66,24.18,60.31,1.76,31.62,13.87,Passo Fundo,RS,Sul,-28.27,-52.41
2022,39,0.0,0.65,0.64,27.21,62.55,1.45,30.31,13.63,Passo Fundo,RS,Sul,-28.27,-52.41
2022,40,0.01,0.65,0.63,29.19,65.77,1.45,28.85,12.87,Passo Fundo,RS,Sul,-28.27,-52.41
2022,41,0.16,0.64,0.61,32.32,62.08,1.62,26.96,12.12,Passo Fundo,RS,Sul,-28.27,-52.41
2022,42,3.29,0.64,0.63,30.83,67.52,1.63,24.52,11.33,Passo Fundo,RS,Sul,-28.27,-52.41
2022,43,7.97,0.64,0.66,33.46,65.59,1.63,24.05,11.15,Passo Fundo,RS,Sul,-28.27,-52.41
2022,44,5.51,0.65,0.69,28.93,77.56,1.78,18.41,8.46,Passo Fundo,RS,Sul,-28.27,-52.41
2022,45,0.02,0.65,0.63,28.03,54.31,1.55,30.21,13.26,Passo Fundo,RS,Sul,-28.27,-52.41
2022,46,0.0,0.64,0.61,31.72,49.44,1.53,29.43,13.19,Passo Fundo,RS,Sul,-28.27,-52.41
2022,47,0.03,0.63,0.6,34.29,55.47,1.65,28.54,12.88,Passo Fundo,RS,Sul,-28.27,-52.41
2022,48,0.35,0.63,0.59,33.71,53.11,1.8,24.93,11.2,Passo Fundo,RS,Sul,-28.27,-52.41
2022,49,0.15,0.62,0.58,31.15,59.43,1.71,28.06,12.71,Passo Fundo,RS,Sul,-28.27,-52.41
2022,50,0.04,0.62,0.57,31.98,57.0,1.68,26.4,12.0,Passo Fundo,RS,Sul,-28.27,-52.41
2022,51,4.52,0.62,0.57,34.25,53.44,1.74,19.73,8.81,Passo Fundo,RS,Sul,-28.27,-52.41
2022,52,10.58,0.64,0.71,29.32,77.39,1.57,17.44,8.06,Passo Fundo,RS,Sul,-28.27,-52.41
2022,53,3.2,0.64,0.65,31.58,70.7,1.3,22.22,10.28,Passo Fundo,RS,Sul,-28.27,-52.41
2022,54,0.19,0.64,0.62,32.19,66.22,1.48,25.36,11.54,Passo Fundo,RS,Sul,-28.27,-52.41
2022,55,1.74,0.63,0.6,35.85,61.55,1.51,26.69,12.17,Passo Fundo,RS,Sul,-28.27,-52.41
2022,56,21.21,0.67,0.78,30.2,82.77,1.59,19.69,9.3,Passo Fundo,RS,Sul,-28.27,-52.41
2022,57,1.6,0.67,0.68,32.71,71.07,0.78,25.86,11.99,Passo Fundo,RS,Sul,-28.27,-52.41
2022,58,0.73,0.66,0.65,32.98,71.75,2.13,23.05,10.68,Passo Fundo,RS,Sul,-28.27,-52.41
2022,59,8.04,0.65,0.65,33.63,69.67,2.33,13.74,6.51,Passo Fundo,RS,Sul,-28.27,-52.41
2022,60,6.04,0.67,0.74,27.0,82.73,2.42,15.95,7.53,Passo Fundo,RS,Sul,-28.27,-52.41
2022,61,1.42,0.66,0.67,29.5,77.25,1.41,18.0,8.35,Passo Fundo,RS,Sul,-28.27,-52.41
2022,62,0.06,0.66,0.64,31.56,62.82,0.94,26.03,11.66,Passo Fundo,RS,Sul,-28.27,-52.41
2022,63,2.59,0.65,0.65,32.2,69.83,1.48,24.62,11.32,Passo Fundo,RS,Sul,-28.27,-52.41
2022,64,0.59,0.65,0.63,32.01,73.68,1.88,24.54,11.47,Passo Fundo,RS,Sul,-28.27,-52.41
2022,65,6.7,0.64,0.67,31.01,74.7,1.72,19.12,8.99,Passo Fundo,RS,Sul,-28.27,-52.41
2022,66,27.26,0.68,0.81,31.62,79.86,2.38,22.31,10.43,Passo Fundo,RS,Sul,-28.27,-52.41
2022,67,2.81,0.69,0.74,29.52,82.78,1.38,23.77,11.1,Passo Fundo,RS,Sul,-28.27,-52.41
2022,68,1.67,0.69,0.7,28.05,84.1,1.42,16.19,7.66,Passo Fundo,RS,Sul,-28.27,-52.41
2022,69,3.72,0.68,0.7,28.6,84.67,2.14,12.73,6.16,Passo Fundo,RS,Sul,-28.27,-52.41
2022,70,20.49,0.7,0.82,23.2,91.39,2.33,7.83,4.0,Passo Fundo,RS,Sul,-28.27,-52.41
2022,71,0.43,0.71,0.72,23.05,80.23,2.9,14.13,6.57,Passo Fundo,RS,Sul,-28.27,-52.41
2022,72,3.0,0.7,0.72,24.89,87.5,2.1,7.81,3.88,Passo Fundo,RS,Sul,-28.27,-52.41
2022,73,0.34,0.69,0.7,26.71,82.72,1.17,15.32,7.09,Passo Fundo,RS,Sul,-28.27,-52.41
2022,74,3.49,0.68,0.7,27.36,82.06,1.27,15.03,7.03,Passo Fundo,RS,Sul,-28.27,-52.41
2022,75,1.08,0.68,0.7,23.18,83.7,2.26,18.92,8.92,Passo Fundo,RS,Sul,-28.27,-52.41
2022,76,0.02,0.68,0.68,28.69,75.91,1.74,22.84,10.54,Passo Fundo,RS,Sul,-28.27,-52.41
2022,77,6.51,0.67,0.7,30.31,73.52,1.81,15.02,7.06,Passo Fundo,RS,Sul,-28.27,-52.41
2022,78,4.93,0.68,0.72,24.45,79.06,2.21,9.34,4.34,Passo Fundo,RS,Sul,-28.27,-52.41
2022,79,0.1,0.67,0.67,23.43,73.21,3.45,23.13,10.3,Passo Fundo,RS,Sul,-28.27,-52.41
2022,80,0.28,0.67,0.66,26.6,74.55,2.88,22.13,10.08,Passo Fundo,RS,Sul,-28.27,-52.41
2022,81,0.24,0.66,0.65,28.69,73.86,2.35,21.7,9.88,Passo Fundo,RS,Sul,-28.27,-52.41
2022,82,68.61,0.69,0.87,23.86,89.73,2.47,6.98,3.53,Passo Fundo,RS,Sul,-28.27,-52.41
2022,83,24.33,0.77,0.88,26.58,91.25,2.46,8.11,3.99,Passo Fundo,RS,Sul,-28.27,-52.41
2022,84,3.33,0.76,0.78,20.63,79.7,2.68,17.69,7.97,Passo Fundo,RS,Sul,-28.27,-52.41
2022,85,0.13,0.74,0.75,21.8,83.85,2.46,11.77,5.46,Passo Fundo,RS,Sul,-28.27,-52.41
2022,86,0.05,0.73,0.74,24.34,79.27,1.05,23.68,10.65,Passo Fundo,RS,Sul,-28.27,-52.41
2022,87,0.02,0.71,0.72,26.6,75.11,1.57,23.65,10.52,Passo Fundo,RS,Sul,-28.27,-52.41
2022,88,0.44,0.7,0.71,28.49,81.25,2.4,22.19,10.11,Passo Fundo,RS,Sul,-28.27,-52.41
2022,89,22.97,0.72,0.8,20.76,85.39,2.64,5.23,2.66,Passo Fundo,RS,Sul,-28.27,-52.41
2022,90,0.0,0.72,0.73,18.05,66.04,2.28,23.5,10.13,Passo Fundo,RS,Sul,-28.27,-52.41
2022,91,0.01,0.71,0.71,20.67,74.37,2.53,21.44,9.48,Passo Fundo,RS,Sul,-28.27,-52.41
2022,92,0.41,0.7,0.71,24.43,80.07,1.95,20.18,9.05,Passo Fundo,RS,Sul,-28.27,-52.41
2022,93,23.43,0.72,0.82,24.44,89.0,2.63,4.87,2.53,Passo Fundo,RS,Sul,-28.27,-52.41
2022,94,62.55,0.76,0.87,24.26,92.16,1.96,7.86,3.85,Passo Fundo,RS,Sul,-28.27,-52.41
2022,95,0.56,0.76,0.77,25.56,85.59,1.5,15.61,7.11,Passo Fundo,RS,Sul,-28.27,-52.41
2022,96,0.2,0.74,0.75,27.0,83.12,0.99,20.01,9.08,Passo Fundo,RS,Sul,-28.27,-52.41
2022,97,10.41,0.74,0.79,22.83,90.68,1.01,2.59,1.39,Passo Fundo,RS,Sul,-28.27,-52.41
2022,98,2.58,0.74,0.77,25.91,87.86,1.41,11.05,5.2,Passo Fundo,RS,Sul,-28.27,-52.41
2022,99,0.09,0.73,0.74,25.37,84.5,1.06,14.74,6.78,Passo Fundo,RS,Sul,-28.27,-52.41
2022,100,2.83,0.72,0.74,26.66,80.77,1.27,12.73,5.85,Passo Fundo,RS,Sul,-28.27,-52.41
2022,101,16.09,0.74,0.81,23.6,90.64,2.37,8.67,4.25,Passo Fundo,RS,Sul,-28.27,-52.41
2022,102,4.75,0.74,0.78,24.43,89.91,1.43,8.89,4.27,Passo Fundo,RS,Sul,-28.27,-52.41
2022,103,0.04,0.74,0.74,24.74,84.78,1.63,14.81,6.85,Passo Fundo,RS,Sul,-28.27,-52.41
2022,104,0.02,0.73,0.73,20.2,75.63,2.18,18.93,8.39,Passo Fundo,RS,Sul,-28.27,-52.41
2022,105,0.0,0.72,0.72,19.74,76.36,1.84,20.69,9.07,Passo Fundo,RS,Sul,-28.27,-52.41
2022,106,0.01,0.71,0.72,21.36,77.95,1.89,19.95,8.83,Passo Fundo,RS,Sul,-28.27,-52.41
2022,107,0.02,0.71,0.71,22.73,78.47,1.72,14.67,6.68,Passo Fundo,RS,Sul,-28.27,-52.41
2022,108,0.02,0.7,0.71,23.0,75.94,1.39,17.32,7.82,Passo Fundo,RS,Sul,-28.27,-52.41
2022,109,0.01,0.7,0.7,24.31,75.37,1.21,18.43,8.32,Passo Fundo,RS,Sul,-28.27,-52.41
2022,110,0.04,0.69,0.7,25.2,69.47,1.33,19.49,8.67,Passo Fundo,RS,Sul,-28.27,-52.41
2022,111,0.02,0.69,0.69,24.73,75.74,1.51,10.14,4.72,Passo Fundo,RS,Sul,-28.27,-52.41
2022,112,11.66,0.69,0.72,24.18,83.55,1.98,6.12,2.9,Passo Fundo,RS,Sul,-28.27,-52.41
2022,113,7.89,0.71,0.78,19.66,74.54,2.17,17.13,7.57,Passo Fundo,RS,Sul,-28.27,-52.41
2022,114,0.02,0.71,0.71,25.65,81.85,1.83,18.78,8.37,Passo Fundo,RS,Sul,-28.27,-52.41
2022,115,20.21,0.72,0.78,28.2,83.68,2.98,13.47,6.3,Passo Fundo,RS,Sul,-28.27,-52.41
2022,116,34.3,0.76,0.89,26.44,89.49,2.55,1.58,0.87,Passo Fundo,RS,Sul,-28.27,-52.41
2022,117,1.59,0.77,0.78,28.98,81.03,3.28,16.27,7.52,Passo Fundo,RS,Sul,-28.27,-52.41
2022,118,24.71,0.77,0.84,26.79,87.58,3.24,6.2,3.02,Passo Fundo,RS,Sul,-28.27,-52.41
2022,119,0.26,0.78,0.78,20.36,80.91,3.02,17.63,7.77,Passo Fundo,RS,Sul,-28.27,-52.41
2022,120,33.56,0.78,0.86,22.0,90.95,1.98,6.88,3.36,Passo Fundo,RS,Sul,-28.27,-52.41
2022,121,24.01,0.82,0.91,21.24,91.28,1.31,5.26,2.6,Passo Fundo,RS,Sul,-28.27,-52.41
2022,122,48.72,0.84,0.94,16.5,93.91,3.13,2.29,1.23,Passo Fundo,RS,Sul,-28.27,-52.41
2022,123,32.31,0.87,0.94,16.08,94.43,2.83,4.52,2.27,Passo Fundo,RS,Sul,-28.27,-52.41
2022,124,18.49,0.88,0.92,19.33,90.03,3.19,9.22,4.32,Passo Fundo,RS,Sul,-28.27,-52.41
2022,125,0.24,0.85,0.85,19.37,86.66,1.77,13.26,5.92,Passo Fundo,RS,Sul,-28.27,-52.41
2022,126,0.07,0.83,0.83,19.53,84.96,1.28,16.54,7.24,Passo Fundo,RS,Sul,-28.27,-52.41
2022,127,0.04,0.81,0.81,21.34,83.75,1.47,13.86,6.14,Passo Fundo,RS,Sul,-28.27,-52.41
2022,128,0.06,0.8,0.8,20.58,79.98,1.85,17.15,7.47,Passo Fundo,RS,Sul,-28.27,-52.41
2022,129,0.06,0.79,0.79,22.09,81.32,1.68,12.74,5.71,Passo Fundo,RS,Sul,-28.27,-52.41
2022,130,8.15,0.79,0.83,19.44,93.41,1.39,2.88,1.5,Passo Fundo,RS,Sul,-28.27,-52.41
2022,131,0.92,0.8,0.81,18.64,90.19,1.58,9.58,4.42,Passo Fundo,RS,Sul,-28.27,-52.41
2022,132,0.04,0.79,0.8,18.01,84.35,1.23,14.16,6.36,Passo Fundo,RS,Sul,-28.27,-52.41
2022,133,0.01,0.79,0.79,21.39,82.87,1.39,16.06,7.12,Passo Fundo,RS,Sul,-28.27,-52.41
2022,134,11.84,0.79,0.83,18.77,92.17,1.25,3.81,1.89,Passo Fundo,RS,Sul,-28.27,-52.41
2022,135,5.55,0.81,0.84,18.22,91.14,1.74,5.08,2.46,Passo Fundo,RS,Sul,-28.27,-52.41
2022,136,0.61,0.8,0.81,13.07,76.06,2.94,15.66,6.72,Passo Fundo,RS,Sul,-28.27,-52.41
2022,137,6.65,0.8,0.82,10.75,83.39,5.04,9.05,4.04,Passo Fundo,RS,Sul,-28.27,-52.41
2022,138,6.73,0.81,0.85,12.15,95.57,3.55,8.68,4.03,Passo Fundo,RS,Sul,-28.27,-52.41
2022,139,2.54,0.81,0.83,12.23,90.83,1.44,11.33,5.03,Passo Fundo,RS,Sul,-28.27,-52.41
2022,140,0.44,0.81,0.81,15.86,81.33,1.29,15.54,6.71,Passo Fundo,RS,Sul,-28.27,-52.41
2022,141,0.16,0.8,0.8,17.97,79.47,1.54,15.53,6.75,Passo Fundo,RS,Sul,-28.27,-52.41
2022,142,0.03,0.8,0.8,17.22,77.12,1.15,10.98,4.9,Passo Fundo,RS,Sul,-28.27,-52.41
2022,143,0.02,0.79,0.79,21.1,79.51,1.65,14.79,6.56,Passo Fundo,RS,Sul,-28.27,-52.41
2022,144,0.01,0.79,0.79,22.57,81.03,2.05,14.65,6.55,Passo Fundo,RS,Sul,-28.27,-52.41
2022,145,0.27,0.79,0.79,23.65,84.29,2.27,14.18,6.3,Passo Fundo,RS,Sul,-28.27,-52.41
2022,146,17.26,0.81,0.86,18.38,92.15,1.03,2.84,1.44,Passo Fundo,RS,Sul,-28.27,-52.41
2022,147,22.56,0.83,0.9,17.54,94.79,1.66,1.89,0.99,Passo Fundo,RS,Sul,-28.27,-52.41
2022,148,29.75,0.84,0.9,21.11,94.21,2.08,4.47,2.19,Passo Fundo,RS,Sul,-28.27,-52.41
2022,149,58.14,0.88,0.97,19.35,93.07,2.44,2.3,1.2,Passo Fundo,RS,Sul,-28.27,-52.41
2022,150,0.56,0.87,0.86,15.39,85.4,1.79,6.99,3.21,Passo Fundo,RS,Sul,-28.27,-52.41
2022,151,0.0,0.85,0.85,13.37,78.04,1.74,14.57,6.19,Passo Fundo,RS,Sul,-28.27,-52.41
2022,152,2.25,0.84,0.85,14.33,91.53,2.2,5.1,2.43,Passo Fundo,RS,Sul,-28.27,-52.41
2022,153,1.18,0.84,0.84,9.73,92.84,2.98,3.45,1.71,Passo Fundo,RS,Sul,-28.27,-52.41
2022,154,0.06,0.83,0.83,13.59,84.09,2.54,11.08,4.88,Passo Fundo,RS,Sul,-28.27,-52.41
2022,155,0.6,0.83,0.83,20.23,86.94,2.31,9.36,4.22,Passo Fundo,RS,Sul,-28.27,-52.41
2022,156,12.81,0.84,0.88,20.7,93.96,1.95,2.84,1.46,Passo Fundo,RS,Sul,-28.27,-52.41
2022,157,20.07,0.87,0.92,18.98,96.33,2.01,1.69,0.87,Passo Fundo,RS,Sul,-28.27,-52.41
2022,158,20.34,0.88,0.91,20.34,90.53,2.18,8.84,4.11,Passo Fundo,RS,Sul,-28.27,-52.41
2022,159,0.08,0.86,0.85,21.0,86.56,1.0,11.92,5.37,Passo Fundo,RS,Sul,-28.27,-52.41
2022,160,0.06,0.85,0.85,18.82,90.53,1.4,8.32,3.8,Passo Fundo,RS,Sul,-28.27,-52.41
2022,161,0.52,0.85,0.85,15.38,85.78,2.1,9.79,4.33,Passo Fundo,RS,Sul,-28.27,-52.41
2022,162,0.0,0.85,0.84,10.22,74.08,1.75,14.92,6.28,Passo Fundo,RS,Sul,-28.27,-52.41
2022,163,0.41,0.84,0.84,12.48,76.12,1.67,14.75,6.29,Passo Fundo,RS,Sul,-28.27,-52.41
2022,164,0.02,0.84,0.84,16.44,79.78,1.36,14.37,6.25,Passo Fundo,RS,Sul,-28.27,-52.41
2022,165,0.03,0.84,0.84,18.88,81.97,1.97,13.89,5.99,Passo Fundo,RS,Sul,-28.27,-52.41
2022,166,0.06,0.84,0.84,19.9,79.85,1.79,14.07,6.12,Passo Fundo,RS,Sul,-28.27,-52.41
2022,167,0.24,0.84,0.84,22.95,87.49,2.09,10.06,4.54,Passo Fundo,RS,Sul,-28.27,-52.41
2022,168,59.19,0.86,0.92,18.39,93.17,3.65,3.02,1.5,Passo Fundo,RS,Sul,-28.27,-52.41
2022,169,0.02,0.86,0.86,11.86,74.59,1.48,14.32,6.09,Passo Fundo,RS,Sul,-28.27,-52.41
2022,170,0.1,0.85,0.85,16.83,74.5,1.62,14.12,5.97,Passo Fundo,RS,Sul,-28.27,-52.41
2022,171,0.16,0.85,0.85,19.82,85.66,1.57,12.92,5.76,Passo Fundo,RS,Sul,-28.27,-52.41
2022,172,28.61,0.86,0.91,22.26,93.23,2.64,1.14,0.63,Passo Fundo,RS,Sul,-28.27,-52.41
2022,173,56.76,0.89,0.94,18.22,95.92,2.24,4.43,2.12,Passo Fundo,RS,Sul,-28.27,-52.41
2022,174,8.11,0.89,0.91,16.4,95.5,0.93,3.02,1.53,Passo Fundo,RS,Sul,-28.27,-52.41
2022,175,4.38,0.88,0.89,17.33,95.86,1.01,3.41,1.68,Passo Fundo,RS,Sul,-28.27,-52.41
2022,176,0.06,0.88,0.87,15.61,87.79,2.64,5.93,2.74,Passo Fundo,RS,Sul,-28.27,-52.41
2022,177,0.01,0.87,0.87,17.01,86.79,2.25,7.54,3.4,Passo Fundo,RS,Sul,-28.27,-52.41
2022,178,0.01,0.87,0.86,21.37,91.92,1.31,9.89,4.53,Passo Fundo,RS,Sul,-28.27,-52.41
2022,179,4.28,0.87,0.87,21.33,90.1,2.9,9.43,4.32,Passo Fundo,RS,Sul,-28.27,-52.41
2022,180,0.73,0.87,0.87,13.59,82.6,2.04,12.15,5.33,Passo Fundo,RS,Sul,-28.27,-52.41
2022,181,0.0,0.87,0.86,16.91,78.28,1.23,13.25,5.78,Passo Fundo,RS,Sul,-28.27,-52.41
2022,182,0.03,0.86,0.86,20.13,86.07,2.4,13.71,6.05,Passo Fundo,RS,Sul,-28.27,-52.41
2022,183,0.03,0.86,0.86,22.08,87.17,3.05,10.72,4.89,Passo Fundo,RS,Sul,-28.27,-52.41
2022,184,0.39,0.86,0.86,23.34,91.18,1.62,8.38,3.84,Passo Fundo,RS,Sul,-28.27,-52.41
2022,185,0.05,0.86,0.86,25.17,82.91,3.1,13.09,5.97,Passo Fundo,RS,Sul,-28.27,-52.41
2022,186,0.01,0.86,0.85,23.86,82.86,2.49,9.52,4.41,Passo Fundo,RS,Sul,-28.27,-52.41
2022,187,0.02,0.85,0.85,22.25,82.52,2.43,9.04,4.19,Passo Fundo,RS,Sul,-28.27,-52.41
2022,188,3.87,0.85,0.86,20.45,86.16,2.01,8.56,3.94,Passo Fundo,RS,Sul,-28.27,-52.41
2022,189,1.9,0.86,0.87,23.26,88.86,1.67,10.38,4.8,Passo Fundo,RS,Sul,-28.27,-52.41
2022,190,0.08,0.86,0.86,23.54,83.7,2.85,12.67,5.74,Passo Fundo,RS,Sul,-28.27,-52.41
2022,191,0.01,0.85,0.85,23.96,84.3,2.82,7.45,3.45,Passo Fundo,RS,Sul,-28.27,-52.41
2022,192,19.47,0.85,0.87,23.51,81.13,4.66,9.94,4.55,Passo Fundo,RS,Sul,-28.27,-52.41
2022,193,0.21,0.86,0.87,13.88,82.72,2.03,7.12,3.22,Passo Fundo,RS,Sul,-28.27,-52.41
2022,194,0.11,0.86,0.86,18.13,85.21,1.93,14.49,6.29,Passo Fundo,RS,Sul,-28.27,-52.41
2022,195,22.17,0.88,0.92,21.26,90.54,3.43,3.91,1.93,Passo Fundo,RS,Sul,-28.27,-52.41
2022,196,3.34,0.87,0.88,21.24,83.85,4.04,5.18,2.49,Passo Fundo,RS,Sul,-28.27,-52.41
2022,197,10.07,0.88,0.9,20.4,89.8,5.26,6.38,3.01,Passo Fundo,RS,Sul,-28.27,-52.41
2022,198,0.4,0.87,0.87,12.93,83.35,1.92,6.07,2.81,Passo Fundo,RS,Sul,-28.27,-52.41
2022,199,0.29,0.87,0.87,18.23,85.9,1.41,14.91,6.41,Passo Fundo,RS,Sul,-28.27,-52.41
2022,200,2.29,0.87,0.87,16.91,89.32,1.14,10.29,4.72,Passo Fundo,RS,Sul,-28.27,-52.41
2022,201,0.02,0.87,0.86,24.17,88.8,1.59,14.28,6.48,Passo Fundo,RS,Sul,-28.27,-52.41
2022,202,0.03,0.86,0.86,24.29,90.27,2.21,10.34,4.8,Passo Fundo,RS,Sul,-28.27,-52.41
2022,203,0.07,0.86,0.86,22.0,92.7,1.57,10.58,4.87,Passo Fundo,RS,Sul,-28.27,-52.41
2022,204,0.51,0.86,0.86,21.05,89.6,1.26,8.92,4.14,Passo Fundo,RS,Sul,-28.27,-52.41
2022,205,0.03,0.86,0.86,25.42,82.95,1.71,12.68,5.77,Passo Fundo,RS,Sul,-28.27,-52.41
2022,206,0.01,0.86,0.85,25.39,77.89,1.39,14.75,6.61,Passo Fundo,RS,Sul,-28.27,-52.41
2022,207,0.02,0.85,0.85,24.43,78.43,1.32,14.61,6.52,Passo Fundo,RS,Sul,-28.27,-52.41
2022,208,0.09,0.85,0.85,23.99,86.36,1.77,13.48,6.03,Passo Fundo,RS,Sul,-28.27,-52.41
2022,209,26.34,0.86,0.89,23.28,90.9,3.0,8.53,3.93,Passo Fundo,RS,Sul,-28.27,-52.41
2022,210,0.26,0.87,0.87,14.33,81.07,2.61,12.01,5.32,Passo Fundo,RS,Sul,-28.27,-52.41
2022,211,0.5,0.86,0.86,16.31,81.77,0.93,15.74,6.8,Passo Fundo,RS,Sul,-28.27,-52.41
2022,212,0.06,0.86,0.86,19.51,75.16,1.58,16.24,7.03,Passo Fundo,RS,Sul,-28.27,-52.41
2022,213,0.05,0.86,0.85,21.1,79.83,1.4,15.25,6.77,Passo Fundo,RS,Sul,-28.27,-52.41
2022,214,0.06,0.85,0.85,25.29,86.25,1.47,12.18,5.57,Passo Fundo,RS,Sul,-28.27,-52.41
2022,215,0.19,0.85,0.85,23.72,85.48,2.14,13.52,6.1,Passo Fundo,RS,Sul,-28.27,-52.41
2022,216,11.72,0.86,0.89,19.65,89.44,3.61,7.17,3.27,Passo Fundo,RS,Sul,-28.27,-52.41
2022,217,1.05,0.86,0.86,16.0,85.27,1.56,13.65,6.0,Passo Fundo,RS,Sul,-28.27,-52.41
2022,218,12.63,0.86,0.89,17.14,89.56,1.81,8.37,3.72,Passo Fundo,RS,Sul,-28.27,-52.41
2022,219,1.31,0.87,0.87,18.61,88.99,2.54,7.4,3.35,Passo Fundo,RS,Sul,-28.27,-52.41
2022,220,0.47,0.86,0.86,17.96,89.65,2.55,9.05,4.12,Passo Fundo,RS,Sul,-28.27,-52.41
2022,221,20.96,0.87,0.91,15.58,92.84,3.11,4.06,2.03,Passo Fundo,RS,Sul,-28.27,-52.41
2022,222,10.64,0.9,0.92,12.93,90.09,3.11,9.79,4.51,Passo Fundo,RS,Sul,-28.27,-52.41
2022,223,0.27,0.88,0.88,17.42,84.83,1.74,17.87,7.81,Passo Fundo,RS,Sul,-28.27,-52.41
2022,224,0.05,0.88,0.87,18.89,85.58,2.18,16.25,7.18,Passo Fundo,RS,Sul,-28.27,-52.41
2022,225,0.01,0.87,0.87,16.99,90.83,1.99,10.65,4.9,Passo Fundo,RS,Sul,-28.27,-52.41
2022,226,4.86,0.87,0.88,22.54,87.72,1.8,7.27,3.47,Passo Fundo,RS,Sul,-28.27,-52.41
2022,227,13.12,0.88,0.89,23.57,80.62,3.55,15.29,6.95,Passo Fundo,RS,Sul,-28.27,-52.41
2022,228,3.1,0.89,0.89,19.8,87.03,1.28,8.05,3.69,Passo Fundo,RS,Sul,-28.27,-52.41
2022,229,3.84,0.88,0.88,22.56,89.43,2.31,12.98,5.62,Passo Fundo,RS,Sul,-28.27,-52.41
2022,230,17.7,0.89,0.91,15.86,82.45,3.17,11.57,5.2,Passo Fundo,RS,Sul,-28.27,-52.41
2022,231,0.25,0.89,0.88,11.69,77.05,1.47,19.8,8.39,Passo Fundo,RS,Sul,-28.27,-52.41
2022,232,0.02,0.88,0.87,16.56,77.99,1.7,20.12,8.56,Passo Fundo,RS,Sul,-28.27,-52.41
2022,233,0.06,0.88,0.87,18.83,81.32,1.47,19.55,8.41,Passo Fundo,RS,Sul,-28.27,-52.41
2022,234,0.02,0.87,0.87,20.58,84.34,1.31,19.27,8.42,Passo Fundo,RS,Sul,-28.27,-52.41
2022,235,0.03,0.87,0.86,21.89,79.85,1.73,19.42,8.56,Passo Fundo,RS,Sul,-28.27,-52.41
2022,236,0.99,0.87,0.87,22.7,80.94,1.6,18.61,8.43,Passo Fundo,RS,Sul,-28.27,-52.41
2022,237,0.3,0.86,0.86,24.42,77.13,1.66,18.68,8.39,Passo Fundo,RS,Sul,-28.27,-52.41
2022,238,0.01,0.86,0.86,24.66,75.96,1.46,19.13,8.61,Passo Fundo,RS,Sul,-28.27,-52.41
2022,239,0.39,0.86,0.86,25.27,82.82,2.33,19.21,8.57,Passo Fundo,RS,Sul,-28.27,-52.41
2022,240,11.2,0.87,0.9,17.57,85.36,3.18,5.95,2.88,Passo Fundo,RS,Sul,-28.27,-52.41
2022,241,0.02,0.87,0.87,12.51,80.25,3.01,20.52,8.76,Passo Fundo,RS,Sul,-28.27,-52.41
2022,242,0.06,0.87,0.86,19.22,80.05,2.59,21.21,9.22,Passo Fundo,RS,Sul,-28.27,-52.41
2022,243,0.04,0.86,0.86,20.18,79.4,2.24,20.64,9.0,Passo Fundo,RS,Sul,-28.27,-52.41
2022,244,0.03,0.86,0.86,24.99,83.18,2.5,19.66,8.73,Passo Fundo,RS,Sul,-28.27,-52.41
2022,245,15.61,0.87,0.9,19.28,87.61,2.12,3.69,1.88,Passo Fundo,RS,Sul,-28.27,-52.41
2022,246,0.14,0.87,0.86,15.36,75.65,2.47,21.88,9.28,Passo Fundo,RS,Sul,-28.27,-52.41
2022,247,0.01,0.86,0.86,17.88,77.0,2.63,22.13,9.33,Passo Fundo,RS,Sul,-28.27,-52.41
2022,248,0.09,0.86,0.86,20.71,82.18,1.5,15.98,7.03,Passo Fundo,RS,Sul,-28.27,-52.41
2022,249,2.23,0.86,0.87,19.43,89.96,1.67,8.77,4.01,Passo Fundo,RS,Sul,-28.27,-52.41
2022,250,0.48,0.86,0.86,20.8,86.18,1.5,13.46,6.08,Passo Fundo,RS,Sul,-28.27,-52.41
2022,251,0.12,0.86,0.86,26.02,85.91,1.92,14.94,6.63,Passo Fundo,RS,Sul,-28.27,-52.41
2022,252,2.36,0.85,0.86,24.5,83.77,3.88,9.35,3.8,Passo Fundo,RS,Sul,-28.27,-52.41
2022,253,0.86,0.86,0.86,16.2,75.81,2.26,21.69,9.29,Passo Fundo,RS,Sul,-28.27,-52.41
2022,254,1.54,0.85,0.85,20.62,74.78,2.15,20.11,8.67,Passo Fundo,RS,Sul,-28.27,-52.41
2022,255,0.83,0.85,0.86,22.2,87.15,1.84,11.31,5.19,Passo Fundo,RS,Sul,-28.27,-52.41
2022,256,0.12,0.85,0.85,21.22,83.03,1.32,19.6,8.63,Passo Fundo,RS,Sul,-28.27,-52.41
2022,257,0.05,0.85,0.85,18.18,84.96,2.43,17.13,7.58,Passo Fundo,RS,Sul,-28.27,-52.41
2022,258,0.12,0.84,0.85,18.12,85.41,2.51,17.09,7.73,Passo Fundo,RS,Sul,-28.27,-52.41
2022,259,0.02,0.84,0.84,20.95,80.86,2.43,22.53,10.07,Passo Fundo,RS,Sul,-28.27,-52.41
2022,260,0.01,0.84,0.84,21.72,75.16,2.74,24.28,10.55,Passo Fundo,RS,Sul,-28.27,-52.41
2022,261,0.12,0.84,0.84,22.46,77.49,2.71,24.36,10.6,Passo Fundo,RS,Sul,-28.27,-52.41
2022,262,21.25,0.85,0.91,17.3,93.0,1.7,3.14,1.65,Passo Fundo,RS,Sul,-28.27,-52.41
2022,263,0.33,0.86,0.86,22.16,82.47,1.42,18.98,8.44,Passo Fundo,RS,Sul,-28.27,-52.41
2022,264,5.13,0.85,0.86,23.53,84.78,2.71,13.01,5.89,Passo Fundo,RS,Sul,-28.27,-52.41
2022,265,0.7,0.85,0.86,16.56,84.31,3.14,14.07,6.41,Passo Fundo,RS,Sul,-28.27,-52.41
2022,266,0.02,0.85,0.85,16.43,76.49,2.14,22.27,9.68,Passo Fundo,RS,Sul,-28.27,-52.41
2022,267,0.0,0.84,0.84,20.15,75.57,1.96,25.32,10.96,Passo Fundo,RS,Sul,-28.27,-52.41
2022,268,1.66,0.84,0.85,19.03,89.66,2.0,8.01,3.81,Passo Fundo,RS,Sul,-28.27,-52.41
2022,269,0.08,0.84,0.84,22.47,85.41,1.61,17.04,7.62,Passo Fundo,RS,Sul,-28.27,-52.41
2022,270,0.0,0.84,0.84,22.69,82.16,1.78,16.73,7.46,Passo Fundo,RS,Sul,-28.27,-52.41
2022,271,0.05,0.84,0.84,18.89,79.57,3.76,17.9,8.09,Passo Fundo,RS,Sul,-28.27,-52.41
2022,272,0.14,0.83,0.83,21.44,79.15,2.6,8.24,4.03,Passo Fundo,RS,Sul,-28.27,-52.41
2022,273,7.95,0.83,0.86,19.52,85.73,1.76,9.82,4.74,Passo Fundo,RS,Sul,-28.27,-52.41
2022,274,0.26,0.84,0.84,22.53,83.5,1.36,20.59,9.33,Passo Fundo,RS,Sul,-28.27,-52.41
2022,275,0.03,0.84,0.83,21.92,79.96,1.77,25.28,11.14,Passo Fundo,RS,Sul,-28.27,-52.41
2022,276,0.02,0.83,0.83,21.15,76.78,2.07,26.53,11.6,Passo Fundo,RS,Sul,-28.27,-52.41
2022,277,0.06,0.83,0.82,21.71,76.75,2.2,26.65,11.59,Passo Fundo,RS,Sul,-28.27,-52.41
2022,278,2.61,0.82,0.83,27.47,77.18,1.6,23.3,10.3,Passo Fundo,RS,Sul,-28.27,-52.41
2022,279,30.17,0.84,0.91,23.63,92.92,3.45,10.69,5.2,Passo Fundo,RS,Sul,-28.27,-52.41
2022,280,1.28,0.85,0.86,20.21,79.77,3.09,18.2,8.17,Passo Fundo,RS,Sul,-28.27,-52.41
2022,281,0.0,0.84,0.84,23.36,77.59,2.22,26.35,11.57,Passo Fundo,RS,Sul,-28.27,-52.41
2022,282,0.82,0.83,0.84,17.72,74.29,2.28,11.49,5.44,Passo Fundo,RS,Sul,-28.27,-52.41
2022,283,17.15,0.84,0.89,16.63,87.75,3.8,5.71,2.93,Passo Fundo,RS,Sul,-28.27,-52.41
2022,284,22.67,0.87,0.92,21.34,90.57,2.54,3.8,2.03,Passo Fundo,RS,Sul,-28.27,-52.41
2022,285,0.75,0.86,0.86,21.55,81.44,1.74,11.51,5.47,Passo Fundo,RS,Sul,-28.27,-52.41
2022,286,0.55,0.85,0.85,24.05,83.29,1.45,18.13,8.32,Passo Fundo,RS,Sul,-28.27,-52.41
2022,287,0.27,0.85,0.84,19.99,83.81,3.95,12.07,5.62,Passo Fundo,RS,Sul,-28.27,-52.41
2022,288,0.39,0.84,0.84,24.1,81.27,2.69,20.56,9.38,Passo Fundo,RS,Sul,-28.27,-52.41
2022,289,5.15,0.84,0.86,24.7,82.68,1.88,19.93,9.15,Passo Fundo,RS,Sul,-28.27,-52.41
2022,290,0.11,0.84,0.83,23.66,79.11,1.9,24.41,10.88,Passo Fundo,RS,Sul,-28.27,-52.41
2022,291,0.92,0.83,0.83,22.62,82.63,2.61,8.38,4.19,Passo Fundo,RS,Sul,-28.27,-52.41
2022,292,1.12,0.83,0.83,26.74,82.18,1.31,24.3,11.03,Passo Fundo,RS,Sul,-28.27,-52.41
2022,293,4.02,0.83,0.84,25.52,87.52,1.54,10.27,5.0,Passo Fundo,RS,Sul,-28.27,-52.41
2022,294,2.07,0.83,0.84,22.79,82.54,2.96,19.11,8.84,Passo Fundo,RS,Sul,-28.27,-52.41
2022,295,0.18,0.83,0.83,24.11,80.75,1.59,16.51,7.64,Passo Fundo,RS,Sul,-28.27,-52.41
2022,296,0.01,0.82,0.82,23.55,78.74,1.82,27.06,12.16,Passo Fundo,RS,Sul,-28.27,-52.41
2022,297,0.0,0.82,0.81,23.94,75.49,2.04,29.97,13.1,Passo Fundo,RS,Sul,-28.27,-52.41
2022,298,0.01,0.81,0.81,27.8,71.75,1.44,29.5,13.04,Passo Fundo,RS,Sul,-28.27,-52.41
2022,299,0.23,0.8,0.8,28.71,74.86,3.23,24.52,11.07,Passo Fundo,RS,Sul,-28.27,-52.41
2022,300,7.89,0.81,0.84,25.11,76.34,2.3,23.87,10.87,Passo Fundo,RS,Sul,-28.27,-52.41
2022,301,0.0,0.81,0.81,27.51,62.53,1.16,29.93,13.26,Passo Fundo,RS,Sul,-28.27,-52.41
2022,302,3.86,0.81,0.83,25.33,87.28,2.09,10.41,5.12,Passo Fundo,RS,Sul,-28.27,-52.41
2022,303,4.15,0.81,0.83,24.81,91.78,3.01,16.15,7.89,Passo Fundo,RS,Sul,-28.27,-52.41
2022,304,22.22,0.84,0.91,19.92,88.34,4.82,4.51,2.45,Passo Fundo,RS,Sul,-28.27,-52.41
2022,305,0.93,0.85,0.85,16.27,68.26,2.9,30.28,12.97,Passo Fundo,RS,Sul,-28.27,-52.41
2022,306,0.01,0.83,0.83,18.84,70.3,2.38,31.53,13.51,Passo Fundo,RS,Sul,-28.27,-52.41
2022,307,0.43,0.83,0.82,21.49,71.84,2.02,31.51,13.76,Passo Fundo,RS,Sul,-28.27,-52.41
2022,308,0.05,0.82,0.81,21.61,73.92,2.65,30.96,13.6,Passo Fundo,RS,Sul,-28.27,-52.41
2022,309,0.01,0.81,0.81,22.88,74.83,2.57,28.73,12.76,Passo Fundo,RS,Sul,-28.27,-52.41
2022,310,0.24,0.8,0.8,22.47,73.42,2.91,29.01,12.92,Passo Fundo,RS,Sul,-28.27,-52.41
2022,311,0.15,0.8,0.8,21.57,77.64,2.77,27.88,12.47,Passo Fundo,RS,Sul,-28.27,-52.41
2022,312,0.57,0.79,0.79,20.99,78.1,2.9,28.08,12.62,Passo Fundo,RS,Sul,-28.27,-52.41
2022,313,0.08,0.79,0.79,23.43,77.75,2.38,30.99,13.8,Passo Fundo,RS,Sul,-28.27,-52.41
2022,314,0.03,0.79,0.78,27.74,72.91,1.52,25.05,11.13,Passo Fundo,RS,Sul,-28.27,-52.41
2022,315,1.36,0.78,0.79,21.88,85.55,1.61,7.07,3.57,Passo Fundo,RS,Sul,-28.27,-52.41
2022,316,0.52,0.78,0.78,26.76,79.5,1.59,19.47,9.11,Passo Fundo,RS,Sul,-28.27,-52.41
2022,317,11.67,0.79,0.85,23.09,90.11,2.78,8.78,4.44,Passo Fundo,RS,Sul,-28.27,-52.41
2022,318,1.56,0.8,0.8,24.42,75.35,3.99,25.14,11.42,Passo Fundo,RS,Sul,-28.27,-52.41
2022,319,0.01,0.79,0.79,24.07,69.4,2.33,30.53,13.61,Passo Fundo,RS,Sul,-28.27,-52.41
2022,320,0.0,0.78,0.78,25.85,64.37,1.58,32.02,14.15,Passo Fundo,RS,Sul,-28.27,-52.41
2022,321,0.1,0.78,0.77,27.3,67.28,2.15,31.99,14.21,Passo Fundo,RS,Sul,-28.27,-52.41
2022,322,0.03,0.77,0.76,28.81,66.18,2.11,31.43,14.08,Passo Fundo,RS,Sul,-28.27,-52.41
2022,323,0.0,0.76,0.75,28.39,66.35,2.57,31.17,13.96,Passo Fundo,RS,Sul,-28.27,-52.41
2022,324,0.0,0.75,0.75,30.41,68.32,2.01,28.3,12.8,Passo Fundo,RS,Sul,-28.27,-52.41
2022,325,1.1,0.75,0.75,26.17,81.92,1.44,14.55,7.07,Passo Fundo,RS,Sul,-28.27,-52.41
2022,326,16.73,0.77,0.84,26.23,84.81,2.32,14.17,6.87,Passo Fundo,RS,Sul,-28.27,-52.41
2022,327,0.13,0.77,0.77,25.06,77.53,1.73,27.16,12.27,Passo Fundo,RS,Sul,-28.27,-52.41
2022,328,0.05,0.76,0.76,26.47,74.31,2.13,31.82,14.21,Passo Fundo,RS,Sul,-28.27,-52.41
2022,329,0.02,0.76,0.75,26.6,71.87,2.71,32.51,14.51,Passo Fundo,RS,Sul,-28.27,-52.41
2022,330,0.01,0.75,0.74,28.37,77.85,2.68,28.83,13.15,Passo Fundo,RS,Sul,-28.27,-52.41
2022,331,0.75,0.74,0.74,27.94,77.58,2.93,24.6,11.42,Passo Fundo,RS,Sul,-28.27,-52.41
2022,332,0.07,0.73,0.73,27.3,73.87,2.77,27.92,12.59,Passo Fundo,RS,Sul,-28.27,-52.41
2022,333,1.37,0.73,0.73,28.04,76.36,2.4,23.03,10.74,Passo Fundo,RS,Sul,-28.27,-52.41
2022,334,2.97,0.73,0.74,27.16,81.36,1.92,24.1,11.22,Passo Fundo,RS,Sul,-28.27,-52.41
2022,335,1.5,0.73,0.75,26.9,80.26,1.41,25.78,11.98,Passo Fundo,RS,Sul,-28.27,-52.41
2022,336,9.58,0.73,0.78,29.25,77.78,1.28,22.73,10.63,Passo Fundo,RS,Sul,-28.27,-52.41
2022,337,7.43,0.75,0.8,28.12,79.36,1.28,20.1,9.45,Passo Fundo,RS,Sul,-28.27,-52.41
2022,338,16.13,0.76,0.83,28.73,83.11,1.48,17.11,8.33,Passo Fundo,RS,Sul,-28.27,-52.41
2022,339,1.27,0.77,0.78,28.58,82.42,2.58,21.35,10.01,Passo Fundo,RS,Sul,-28.27,-52.41
2022,340,0.99,0.76,0.76,29.8,80.13,1.74,27.48,12.7,Passo Fundo,RS,Sul,-28.27,-52.41
2022,341,0.21,0.75,0.75,30.33,76.85,1.58,30.89,13.94,Passo Fundo,RS,Sul,-28.27,-52.41
2022,342,0.27,0.74,0.74,32.03,75.48,1.67,26.5,12.26,Passo Fundo,RS,Sul,-28.27,-52.41
2022,343,0.18,0.73,0.73,32.58,67.6,1.19,29.95,13.71,Passo Fundo,RS,Sul,-28.27,-52.41
2022,344,4.25,0.72,0.75,29.19,80.24,1.33,18.2,8.74,Passo Fundo,RS,Sul,-28.27,-52.41
2022,345,0.94,0.73,0.74,28.41,73.65,1.08,28.34,13.02,Passo Fundo,RS,Sul,-28.27,-52.41
2022,346,13.56,0.72,0.78,30.16,77.59,2.55,22.68,10.66,Passo Fundo,RS,Sul,-28.27,-52.41
2022,347,0.15,0.74,0.75,24.7,68.91,2.64,33.02,14.62,Passo Fundo,RS,Sul,-28.27,-52.41
2022,348,0.09,0.73,0.73,27.08,68.23,1.61,33.16,14.8,Passo Fundo,RS,Sul,-28.27,-52.41
2022,349,1.06,0.72,0.72,27.79,75.65,2.11,25.88,11.92,Passo Fundo,RS,Sul,-28.27,-52.41
2022,350,0.26,0.71,0.72,25.43,72.1,2.61,29.49,13.36,Passo Fundo,RS,Sul,-28.27,-52.41
2022,351,0.06,0.71,0.71,26.03,69.76,2.39,29.99,13.49,Passo Fundo,RS,Sul,-28.27,-52.41
2022,352,6.75,0.71,0.75,25.58,80.41,2.1,18.82,8.9,Passo Fundo,RS,Sul,-28.27,-52.41
2022,353,8.03,0.72,0.76,26.15,77.89,1.85,23.71,11.0,Passo Fundo,RS,Sul,-28.27,-52.41
2022,354,1.44,0.72,0.73,27.23,77.7,1.38,28.88,13.23,Passo Fundo,RS,Sul,-28.27,-52.41
2022,355,0.27,0.71,0.72,26.92,75.89,2.04,29.8,13.64,Passo Fundo,RS,Sul,-28.27,-52.41
2022,356,0.1,0.71,0.7,28.35,71.92,1.54,30.68,13.92,Passo Fundo,RS,Sul,-28.27,-52.41
2022,357,0.01,0.7,0.69,29.12,66.35,1.79,31.61,14.32,Passo Fundo,RS,Sul,-28.27,-52.41
2022,358,0.0,0.69,0.68,29.63,67.68,1.82,30.61,13.83,Passo Fundo,RS,Sul,-28.27,-52.41
2022,359,7.22,0.69,0.73,26.25,79.46,1.61,18.83,8.82,Passo Fundo,RS,Sul,-28.27,-52.41
2022,360,1.15,0.7,0.71,28.97,77.23,1.36,28.02,12.94,Passo Fundo,RS,Sul,-28.27,-52.41
2022,361,8.14,0.69,0.72,29.32,79.22,1.54,16.43,7.85,Passo Fundo,RS,Sul,-28.27,-52.41
2022,362,0.28,0.7,0.72,25.02,75.44,1.96,25.91,11.86,Passo Fundo,RS,Sul,-28.27,-52.41
2022,363,0.0,0.69,0.69,27.78,63.85,1.88,31.92,14.32,Passo Fundo,RS,Sul,-28.27,-52.41
2022,364,0.0,0.68,0.68,28.94,53.55,0.89,32.55,14.54,Passo Fundo,RS,Sul,-28.27,-52.41
2022,365,0.0,0.68,0.67,31.63,60.15,0.97,30.61,13.86,Passo Fundo,RS,Sul,-28.27,-52.41
2023,1,0.91,0.67,0.66,31.24,69.8,1.87,27.97,12.96,Passo Fundo,RS,Sul,-28.27,-52.41
2023,2,9.45,0.68,0.73,27.84,82.38,2.64,18.59,8.81,Passo Fundo,RS,Sul,-28.27,-52.41
2023,3,0.2,0.68,0.68,29.32,67.05,1.67,25.42,11.65,Passo Fundo,RS,Sul,-28.27,-52.41
2023,4,0.72,0.67,0.66,29.03,59.9,1.99,30.85,13.79,Passo Fundo,RS,Sul,-28.27,-52.41
2023,5,0.01,0.66,0.65,29.7,57.95,1.67,31.12,14.05,Passo Fundo,RS,Sul,-28.27,-52.41
2023,6,0.0,0.66,0.64,29.35,61.95,2.04,32.98,14.69,Passo Fundo,RS,Sul,-28.27,-52.41
2023,7,0.0,0.65,0.63,29.58,64.14,2.14,32.8,14.59,Passo Fundo,RS,Sul,-28.27,-52.41
2023,8,0.0,0.65,0.62,29.67,64.81,1.7,30.97,13.94,Passo Fundo,RS,Sul,-28.27,-52.41
2023,9,0.0,0.65,0.62,30.81,63.95,1.29,28.6,12.99,Passo Fundo,RS,Sul,-28.27,-52.41
2023,10,10.48,0.65,0.7,28.01,77.74,1.2,20.82,9.76,Passo Fundo,RS,Sul,-28.27,-52.41
2023,11,0.2,0.66,0.66,31.06,63.84,1.2,30.71,13.89,Passo Fundo,RS,Sul,-28.27,-52.41
2023,12,0.34,0.65,0.63,32.4,61.41,1.52,20.78,9.61,Passo Fundo,RS,Sul,-28.27,-52.41
2023,13,13.72,0.66,0.73,27.5,79.76,1.85,10.53,5.24,Passo Fundo,RS,Sul,-28.27,-52.41
2023,14,0.87,0.67,0.69,26.91,77.92,1.22,20.08,9.36,Passo Fundo,RS,Sul,-28.27,-52.41
2023,15,8.7,0.68,0.73,26.3,84.56,1.14,15.16,7.51,Passo Fundo,RS,Sul,-28.27,-52.41
2023,16,1.08,0.68,0.69,29.99,80.13,1.38,25.72,12.03,Passo Fundo,RS,Sul,-28.27,-52.41
2023,17,1.52,0.67,0.68,31.62,76.29,1.18,27.87,12.93,Passo Fundo,RS,Sul,-28.27,-52.41
2023,18,0.4,0.67,0.66,31.12,75.54,1.63,27.86,12.9,Passo Fundo,RS,Sul,-28.27,-52.41
2023,19,0.13,0.66,0.65,30.81,74.04,1.41,28.28,13.01,Passo Fundo,RS,Sul,-28.27,-52.41
2023,20,1.35,0.65,0.64,32.07,67.91,1.08,28.29,12.97,Passo Fundo,RS,Sul,-28.27,-52.41
2023,21,1.66,0.65,0.64,33.24,65.07,1.82,24.13,11.17,Passo Fundo,RS,Sul,-28.27,-52.41
2023,22,1.18,0.65,0.63,31.89,65.94,1.3,25.7,11.86,Passo Fundo,RS,Sul,-28.27,-52.41
2023,23,5.85,0.65,0.66,32.6,61.29,1.15,26.33,12.12,Passo Fundo,RS,Sul,-28.27,-52.41
2023,24,0.02,0.65,0.63,33.62,55.0,1.18,28.59,12.96,Passo Fundo,RS,Sul,-28.27,-52.41
2023,25,0.54,0.64,0.61,34.6,56.34,0.92,26.17,12.04,Passo Fundo,RS,Sul,-28.27,-52.41
2023,26,2.28,0.64,0.63,33.04,63.73,1.4,26.45,12.29,Passo Fundo,RS,Sul,-28.27,-52.41
2023,27,0.79,0.64,0.62,34.19,62.0,1.5,26.21,12.17,Passo Fundo,RS,Sul,-28.27,-52.41
2023,28,0.9,0.64,0.61,35.04,61.83,1.73,23.61,11.05,Passo Fundo,RS,Sul,-28.27,-52.41
2023,29,3.04,0.64,0.64,31.85,68.43,1.54,22.85,10.66,Passo Fundo,RS,Sul,-28.27,-52.41
2023,30,1.64,0.64,0.62,32.17,65.6,1.21,22.83,10.52,Passo Fundo,RS,Sul,-28.27,-52.41
2023,31,2.72,0.64,0.63,31.27,67.64,1.45,20.62,9.69,Passo Fundo,RS,Sul,-28.27,-52.41
2023,32,0.14,0.64,0.61,33.21,63.02,1.42,27.67,12.7,Passo Fundo,RS,Sul,-28.27,-52.41
2023,33,0.93,0.63,0.6,34.38,64.44,1.53,22.13,10.26,Passo Fundo,RS,Sul,-28.27,-52.41
2023,34,5.93,0.63,0.65,29.39,77.62,1.53,10.34,5.1,Passo Fundo,RS,Sul,-28.27,-52.41
2023,35,2.57,0.64,0.65,28.6,72.35,2.18,22.37,10.32,Passo Fundo,RS,Sul,-28.27,-52.41
2023,36,0.0,0.64,0.62,28.71,58.78,1.83,30.88,13.73,Passo Fundo,RS,Sul,-28.27,-52.41
2023,37,0.02,0.64,0.61,31.26,56.77,1.33,29.66,13.36,Passo Fundo,RS,Sul,-28.27,-52.41
2023,38,0.0,0.63,0.6,33.59,55.37,1.43,27.38,12.33,Passo Fundo,RS,Sul,-28.27,-52.41
2023,39,0.49,0.63,0.59,34.79,55.66,1.44,27.13,12.3,Passo Fundo,RS,Sul,-28.27,-52.41
2023,40,2.59,0.63,0.61,31.22,70.19,2.02,11.35,5.51,Passo Fundo,RS,Sul,-28.27,-52.41
2023,41,1.59,0.63,0.62,30.26,73.0,1.11,22.21,10.3,Passo Fundo,RS,Sul,-28.27,-52.41
2023,42,0.06,0.63,0.6,34.51,58.26,1.62,29.63,13.27,Passo Fundo,RS,Sul,-28.27,-52.41
2023,43,0.0,0.62,0.58,35.52,55.87,1.31,29.86,13.4,Passo Fundo,RS,Sul,-28.27,-52.41
2023,44,0.0,0.62,0.57,34.68,60.34,1.89,27.04,12.39,Passo Fundo,RS,Sul,-28.27,-52.41
2023,45,9.49,0.63,0.64,30.82,76.09,2.3,17.17,8.18,Passo Fundo,RS,Sul,-28.27,-52.41
2023,46,0.44,0.64,0.63,30.8,69.99,1.25,15.4,7.23,Passo Fundo,RS,Sul,-28.27,-52.41
2023,47,0.29,0.63,0.61,32.86,63.67,1.77,26.56,12.03,Passo Fundo,RS,Sul,-28.27,-52.41
2023,48,0.98,0.63,0.62,25.71,64.84,2.94,15.74,7.32,Passo Fundo,RS,Sul,-28.27,-52.41
2023,49,0.0,0.63,0.6,24.09,43.91,2.01,29.89,12.97,Passo Fundo,RS,Sul,-28.27,-52.41
2023,50,0.86,0.63,0.6,29.61,58.48,2.14,27.58,12.43,Passo Fundo,RS,Sul,-28.27,-52.41
2023,51,6.78,0.63,0.66,23.52,82.99,1.84,7.39,3.77,Passo Fundo,RS,Sul,-28.27,-52.41
2023,52,1.84,0.64,0.64,28.29,76.1,1.42,20.85,9.62,Passo Fundo,RS,Sul,-28.27,-52.41
2023,53,0.04,0.64,0.62,31.04,70.12,1.53,25.0,11.35,Passo Fundo,RS,Sul,-28.27,-52.41
2023,54,5.99,0.64,0.66,26.45,80.82,1.49,14.32,6.75,Passo Fundo,RS,Sul,-28.27,-52.41
2023,55,5.89,0.65,0.69,27.31,77.47,1.19,14.05,6.77,Passo Fundo,RS,Sul,-28.27,-52.41
2023,56,9.24,0.66,0.71,28.08,76.28,2.61,18.07,8.46,Passo Fundo,RS,Sul,-28.27,-52.41
2023,57,5.96,0.67,0.71,28.56,73.73,0.74,16.66,7.8,Passo Fundo,RS,Sul,-28.27,-52.41
2023,58,0.13,0.66,0.66,30.22,68.98,1.66,22.46,10.23,Passo Fundo,RS,Sul,-28.27,-52.41
2023,59,0.05,0.65,0.64,29.68,70.19,1.84,25.86,11.81,Passo Fundo,RS,Sul,-28.27,-52.41
2023,60,1.29,0.65,0.64,29.05,72.11,1.34,24.8,11.46,Passo Fundo,RS,Sul,-28.27,-52.41
2023,61,6.71,0.65,0.69,24.96,84.94,1.45,16.14,7.66,Passo Fundo,RS,Sul,-28.27,-52.41
2023,62,11.16,0.67,0.73,24.72,87.94,1.88,6.69,3.41,Passo Fundo,RS,Sul,-28.27,-52.41
2023,63,5.62,0.68,0.73,25.91,88.21,2.24,15.18,7.33,Passo Fundo,RS,Sul,-28.27,-52.41
2023,64,0.59,0.68,0.69,26.97,81.29,2.17,21.34,9.87,Passo Fundo,RS,Sul,-28.27,-52.41
2023,65,1.69,0.67,0.68,24.8,86.34,2.25,15.19,7.29,Passo Fundo,RS,Sul,-28.27,-52.41
2023,66,1.14,0.67,0.67,27.88,81.38,1.64,20.67,9.76,Passo Fundo,RS,Sul,-28.27,-52.41
2023,67,4.8,0.67,0.69,30.27,72.09,1.53,24.31,11.18,Passo Fundo,RS,Sul,-28.27,-52.41
2023,68,0.97,0.66,0.67,30.34,74.49,1.03,23.64,10.92,Passo Fundo,RS,Sul,-28.27,-52.41
2023,69,0.08,0.66,0.64,31.44,72.94,1.36,24.59,11.27,Passo Fundo,RS,Sul,-28.27,-52.41
2023,70,0.18,0.65,0.63,31.92,73.3,1.86,24.13,11.09,Passo Fundo,RS,Sul,-28.27,-52.41
2023,71,0.07,0.64,0.62,31.5,70.88,2.19,23.62,10.88,Passo Fundo,RS,Sul,-28.27,-52.41
2023,72,0.08,0.64,0.62,30.7,73.25,2.07,21.43,9.98,Passo Fundo,RS,Sul,-28.27,-52.41
2023,73,0.32,0.64,0.62,28.88,74.36,2.17,15.67,7.44,Passo Fundo,RS,Sul,-28.27,-52.41
2023,74,0.17,0.63,0.62,28.17,75.03,2.1,16.51,7.82,Passo Fundo,RS,Sul,-28.27,-52.41
2023,75,0.0,0.63,0.61,32.39,66.95,1.68,18.23,8.57,Passo Fundo,RS,Sul,-28.27,-52.41
2023,76,0.21,0.63,0.6,32.73,67.15,1.76,22.76,10.52,Passo Fundo,RS,Sul,-28.27,-52.41
2023,77,0.03,0.63,0.59,34.83,60.56,1.5,23.31,10.64,Passo Fundo,RS,Sul,-28.27,-52.41
2023,78,1.45,0.62,0.59,34.34,63.59,1.32,21.53,9.87,Passo Fundo,RS,Sul,-28.27,-52.41
2023,79,2.5,0.62,0.62,33.31,64.56,1.23,18.86,8.84,Passo Fundo,RS,Sul,-28.27,-52.41
2023,80,0.53,0.62,0.61,33.71,68.07,1.31,20.62,9.55,Passo Fundo,RS,Sul,-28.27,-52.41
2023,81,2.47,0.62,0.61,32.92,71.26,1.65,18.62,8.69,Passo Fundo,RS,Sul,-28.27,-52.41
2023,82,5.11,0.63,0.65,30.38,78.08,1.66,18.19,8.51,Passo Fundo,RS,Sul,-28.27,-52.41
2023,83,1.62,0.63,0.63,32.0,70.14,1.37,18.08,8.42,Passo Fundo,RS,Sul,-28.27,-52.41
2023,84,3.05,0.63,0.64,29.53,74.53,2.27,12.54,6.02,Passo Fundo,RS,Sul,-28.27,-52.41
2023,85,2.13,0.64,0.64,27.72,72.13,2.46,15.46,7.11,Passo Fundo,RS,Sul,-28.27,-52.41
2023,86,0.07,0.63,0.61,27.87,67.32,1.78,23.33,10.36,Passo Fundo,RS,Sul,-28.27,-52.41
2023,87,0.02,0.63,0.61,31.6,68.03,2.28,19.31,8.82,Passo Fundo,RS,Sul,-28.27,-52.41
2023,88,9.77,0.64,0.68,30.63,76.99,1.98,14.97,7.09,Passo Fundo,RS,Sul,-28.27,-52.41
2023,89,9.8,0.66,0.71,24.74,85.58,1.23,13.15,6.3,Passo Fundo,RS,Sul,-28.27,-52.41
2023,90,0.5,0.66,0.65,29.56,76.76,1.71,21.28,9.75,Passo Fundo,RS,Sul,-28.27,-52.41
2023,91,0.11,0.65,0.64,23.82,60.86,2.27,23.4,10.23,Passo Fundo,RS,Sul,-28.27,-52.41
2023,92,0.01,0.65,0.63,26.97,64.39,1.85,23.3,10.16,Passo Fundo,RS,Sul,-28.27,-52.41
2023,93,0.01,0.64,0.62,30.22,63.47,2.18,22.05,9.82,Passo Fundo,RS,Sul,-28.27,-52.41
2023,94,0.0,0.64,0.61,29.85,53.96,1.76,19.05,8.64,Passo Fundo,RS,Sul,-28.27,-52.41
2023,95,0.1,0.63,0.61,29.4,70.55,2.27,12.7,5.96,Passo Fundo,RS,Sul,-28.27,-52.41
2023,96,8.28,0.64,0.68,20.33,91.91,1.6,3.3,1.75,Passo Fundo,RS,Sul,-28.27,-52.41
2023,97,2.24,0.65,0.67,23.02,85.57,2.03,7.62,3.73,Passo Fundo,RS,Sul,-28.27,-52.41
2023,98,0.31,0.65,0.64,26.65,79.36,1.49,12.52,5.87,Passo Fundo,RS,Sul,-28.27,-52.41
2023,99,0.18,0.65,0.63,27.78,76.63,1.61,17.38,8.02,Passo Fundo,RS,Sul,-28.27,-52.41
2023,100,0.05,0.64,0.63,28.69,72.15,1.52,18.44,8.46,Passo Fundo,RS,Sul,-28.27,-52.41
2023,101,0.05,0.64,0.62,29.82,70.08,1.65,19.45,8.89,Passo Fundo,RS,Sul,-28.27,-52.41
2023,102,0.16,0.64,0.61,30.02,65.58,1.74,18.05,8.26,Passo Fundo,RS,Sul,-28.27,-52.41
2023,103,0.24,0.63,0.61,26.36,70.96,1.87,10.77,5.15,Passo Fundo,RS,Sul,-28.27,-52.41
2023,104,2.22,0.63,0.63,23.68,79.12,3.02,8.27,3.96,Passo Fundo,RS,Sul,-28.27,-52.41
2023,105,3.04,0.64,0.64,26.57,80.55,1.99,9.65,4.61,Passo Fundo,RS,Sul,-28.27,-52.41
2023,106,8.96,0.64,0.68,27.72,80.61,1.52,10.59,5.03,Passo Fundo,RS,Sul,-28.27,-52.41
2023,107,0.41,0.65,0.66,25.4,78.81,1.46,10.84,5.13,Passo Fundo,RS,Sul,-28.27,-52.41
2023,108,0.01,0.65,0.64,23.94,66.63,1.75,17.01,7.59,Passo Fundo,RS,Sul,-28.27,-52.41
2023,109,2.38,0.64,0.65,19.51,67.57,3.35,10.91,4.99,Passo Fundo,RS,Sul,-28.27,-52.41
2023,110,0.27,0.65,0.64,19.91,73.12,1.26,19.33,8.46,Passo Fundo,RS,Sul,-28.27,-52.41
2023,111,0.26,0.64,0.63,24.14,68.46,2.21,19.93,8.66,Passo Fundo,RS,Sul,-28.27,-52.41
2023,112,0.02,0.64,0.63,25.58,72.15,1.64,18.47,8.24,Passo Fundo,RS,Sul,-28.27,-52.41
2023,113,0.01,0.64,0.62,25.36,72.5,1.96,17.25,7.68,Passo Fundo,RS,Sul,-28.27,-52.41
2023,114,0.03,0.64,0.62,27.45,70.78,1.87,17.42,7.89,Passo Fundo,RS,Sul,-28.27,-52.41
2023,115,7.42,0.64,0.66,22.55,84.56,2.25,8.95,4.3,Passo Fundo,RS,Sul,-28.27,-52.41
2023,116,3.99,0.65,0.7,23.14,82.3,2.16,9.27,4.37,Passo Fundo,RS,Sul,-28.27,-52.41
2023,117,0.75,0.65,0.65,22.83,79.99,1.2,12.55,5.73,Passo Fundo,RS,Sul,-28.27,-52.41
2023,118,0.04,0.65,0.64,24.34,69.59,1.64,18.21,8.04,Passo Fundo,RS,Sul,-28.27,-52.41
2023,119,0.07,0.65,0.63,26.52,72.86,1.68,17.66,7.88,Passo Fundo,RS,Sul,-28.27,-52.41
2023,120,0.06,0.64,0.63,27.06,74.83,2.24,18.02,8.06,Passo Fundo,RS,Sul,-28.27,-52.41
2023,121,0.18,0.64,0.62,29.18,73.5,1.43,14.54,6.7,Passo Fundo,RS,Sul,-28.27,-52.41
2023,122,8.33,0.65,0.69,24.08,87.14,2.41,5.54,2.75,Passo Fundo,RS,Sul,-28.27,-52.41
2023,123,29.66,0.69,0.84,21.82,93.82,1.76,3.17,1.71,Passo Fundo,RS,Sul,-28.27,-52.41
2023,124,9.9,0.71,0.79,22.36,92.12,1.0,3.88,1.99,Passo Fundo,RS,Sul,-28.27,-52.41
2023,125,27.2,0.74,0.86,24.9,93.21,1.62,0.98,0.56,Passo Fundo,RS,Sul,-28.27,-52.41
2023,126,7.54,0.76,0.82,25.4,90.9,1.58,10.76,5.1,Passo Fundo,RS,Sul,-28.27,-52.41
2023,127,14.38,0.76,0.8,24.33,91.73,1.98,9.62,4.56,Passo Fundo,RS,Sul,-28.27,-52.41
2023,128,1.34,0.76,0.79,20.03,85.93,1.75,9.73,4.45,Passo Fundo,RS,Sul,-28.27,-52.41
2023,129,0.02,0.74,0.75,20.24,75.62,0.9,16.89,7.36,Passo Fundo,RS,Sul,-28.27,-52.41
2023,130,0.18,0.73,0.74,19.58,78.43,1.15,12.3,5.5,Passo Fundo,RS,Sul,-28.27,-52.41
2023,131,0.06,0.72,0.73,17.4,78.5,1.5,15.61,6.88,Passo Fundo,RS,Sul,-28.27,-52.41
2023,132,0.07,0.71,0.72,18.09,81.84,1.71,15.42,6.81,Passo Fundo,RS,Sul,-28.27,-52.41
2023,133,0.39,0.71,0.72,19.56,72.8,1.04,15.86,7.03,Passo Fundo,RS,Sul,-28.27,-52.41
2023,134,0.16,0.7,0.71,21.76,65.41,1.0,15.82,7.08,Passo Fundo,RS,Sul,-28.27,-52.41
2023,135,0.05,0.7,0.7,23.14,71.82,1.38,16.12,7.11,Passo Fundo,RS,Sul,-28.27,-52.41
2023,136,0.04,0.69,0.7,22.74,79.27,1.43,15.69,6.94,Passo Fundo,RS,Sul,-28.27,-52.41
2023,137,0.08,0.69,0.69,24.84,75.67,1.6,15.9,6.96,Passo Fundo,RS,Sul,-28.27,-52.41
2023,138,0.05,0.68,0.69,23.79,72.93,1.55,15.8,6.93,Passo Fundo,RS,Sul,-28.27,-52.41
2023,139,0.06,0.68,0.68,24.26,72.33,1.49,14.49,6.36,Passo Fundo,RS,Sul,-28.27,-52.41
2023,140,0.05,0.68,0.68,23.42,77.98,1.27,12.65,5.67,Passo Fundo,RS,Sul,-28.27,-52.41
2023,141,1.61,0.68,0.69,19.75,84.8,1.28,4.2,2.1,Passo Fundo,RS,Sul,-28.27,-52.41
2023,142,0.5,0.68,0.69,22.78,80.14,1.77,9.22,4.31,Passo Fundo,RS,Sul,-28.27,-52.41
2023,143,0.03,0.67,0.68,25.91,77.89,1.55,14.66,6.64,Passo Fundo,RS,Sul,-28.27,-52.41
2023,144,0.08,0.67,0.67,26.2,73.89,1.87,14.34,6.43,Passo Fundo,RS,Sul,-28.27,-52.41
2023,145,0.06,0.67,0.67,25.14,76.49,1.99,14.45,6.44,Passo Fundo,RS,Sul,-28.27,-52.41
2023,146,12.07,0.67,0.7,26.43,76.1,2.91,10.28,4.73,Passo Fundo,RS,Sul,-28.27,-52.41
2023,147,18.55,0.72,0.82,22.12,88.25,2.64,4.13,2.03,Passo Fundo,RS,Sul,-28.27,-52.41
2023,148,0.22,0.71,0.72,17.3,81.96,2.94,7.0,3.28,Passo Fundo,RS,Sul,-28.27,-52.41
2023,149,0.05,0.71,0.71,20.56,82.38,2.06,10.97,4.95,Passo Fundo,RS,Sul,-28.27,-52.41
2023,150,0.14,0.7,0.71,21.59,81.38,1.34,11.45,5.18,Passo Fundo,RS,Sul,-28.27,-52.41
2023,151,0.09,0.7,0.71,21.93,80.04,1.05,13.57,6.11,Passo Fundo,RS,Sul,-28.27,-52.41
2023,152,0.03,0.7,0.7,22.72,75.4,1.03,14.24,6.42,Passo Fundo,RS,Sul,-28.27,-52.41
2023,153,0.04,0.69,0.7,23.37,77.96,1.75,14.3,6.35,Passo Fundo,RS,Sul,-28.27,-52.41
2023,154,0.05,0.69,0.69,22.7,81.03,1.98,14.2,6.31,Passo Fundo,RS,Sul,-28.27,-52.41
2023,155,0.05,0.68,0.69,23.31,80.91,1.44,12.36,5.55,Passo Fundo,RS,Sul,-28.27,-52.41
2023,156,0.07,0.68,0.69,22.91,82.82,1.36,11.71,5.33,Passo Fundo,RS,Sul,-28.27,-52.41
2023,157,0.03,0.68,0.68,23.76,80.42,1.84,13.24,5.94,Passo Fundo,RS,Sul,-28.27,-52.41
2023,158,0.04,0.68,0.68,23.91,75.66,1.49,13.14,6.01,Passo Fundo,RS,Sul,-28.27,-52.41
2023,159,0.02,0.67,0.67,24.75,74.81,1.72,13.58,6.16,Passo Fundo,RS,Sul,-28.27,-52.41
2023,160,0.05,0.67,0.67,24.99,75.59,2.52,13.86,6.18,Passo Fundo,RS,Sul,-28.27,-52.41
2023,161,9.34,0.67,0.71,26.24,74.35,3.45,9.35,4.32,Passo Fundo,RS,Sul,-28.27,-52.41
2023,162,20.95,0.71,0.83,17.41,83.66,2.61,4.1,2.0,Passo Fundo,RS,Sul,-28.27,-52.41
2023,163,0.0,0.72,0.72,12.62,72.23,2.36,10.98,4.75,Passo Fundo,RS,Sul,-28.27,-52.41
2023,164,1.69,0.71,0.72,13.63,76.55,3.11,5.6,2.56,Passo Fundo,RS,Sul,-28.27,-52.41
2023,165,12.81,0.72,0.79,11.89,95.11,3.06,3.94,1.94,Passo Fundo,RS,Sul,-28.27,-52.41
2023,166,38.78,0.76,0.91,15.53,93.32,2.1,2.08,1.15,Passo Fundo,RS,Sul,-28.27,-52.41
2023,167,3.74,0.78,0.81,15.08,90.7,2.49,5.58,2.65,Passo Fundo,RS,Sul,-28.27,-52.41
2023,168,0.5,0.77,0.78,13.06,87.55,1.31,7.22,3.27,Passo Fundo,RS,Sul,-28.27,-52.41
2023,169,0.02,0.76,0.76,14.76,80.17,0.98,12.9,5.59,Passo Fundo,RS,Sul,-28.27,-52.41
2023,170,0.07,0.74,0.75,18.84,83.31,1.49,13.47,5.85,Passo Fundo,RS,Sul,-28.27,-52.41
2023,171,0.07,0.74,0.74,19.27,80.64,1.52,13.45,6.02,Passo Fundo,RS,Sul,-28.27,-52.41
2023,172,4.59,0.73,0.77,18.14,88.89,1.77,2.58,1.36,Passo Fundo,RS,Sul,-28.27,-52.41
2023,173,7.53,0.74,0.78,21.16,92.52,2.08,6.08,2.84,Passo Fundo,RS,Sul,-28.27,-52.41
2023,174,25.07,0.77,0.86,20.85,94.15,3.01,1.95,0.98,Passo Fundo,RS,Sul,-28.27,-52.41
2023,175,2.02,0.77,0.79,23.82,88.41,2.6,11.14,5.09,Passo Fundo,RS,Sul,-28.27,-52.41
2023,176,0.05,0.76,0.76,24.35,85.19,2.39,10.04,4.62,Passo Fundo,RS,Sul,-28.27,-52.41
2023,177,0.0,0.74,0.75,24.15,84.51,2.11,13.32,6.04,Passo Fundo,RS,Sul,-28.27,-52.41
2023,178,0.07,0.74,0.74,22.96,84.8,2.41,13.78,6.13,Passo Fundo,RS,Sul,-28.27,-52.41
2023,179,4.84,0.73,0.77,21.97,90.8,2.53,8.27,3.79,Passo Fundo,RS,Sul,-28.27,-52.41
2023,180,0.18,0.74,0.75,15.99,77.44,2.2,11.53,5.06,Passo Fundo,RS,Sul,-28.27,-52.41
2023,181,0.43,0.73,0.74,18.77,88.78,1.13,6.84,3.18,Passo Fundo,RS,Sul,-28.27,-52.41
2023,182,0.15,0.73,0.74,21.61,90.14,1.17,7.39,3.43,Passo Fundo,RS,Sul,-28.27,-52.41
2023,183,0.03,0.73,0.74,22.98,84.51,1.21,10.96,4.96,Passo Fundo,RS,Sul,-28.27,-52.41
2023,184,0.08,0.73,0.73,22.36,82.52,1.67,12.69,5.66,Passo Fundo,RS,Sul,-28.27,-52.41
2023,185,0.06,0.72,0.73,21.51,83.27,1.83,13.78,6.08,Passo Fundo,RS,Sul,-28.27,-52.41
2023,186,0.07,0.72,0.73,21.21,81.06,1.72,11.63,5.28,Passo Fundo,RS,Sul,-28.27,-52.41
2023,187,0.5,0.72,0.72,23.66,80.42,2.09,12.64,5.7,Passo Fundo,RS,Sul,-28.27,-52.41
2023,188,26.86,0.73,0.85,21.88,89.88,1.14,4.92,2.36,Passo Fundo,RS,Sul,-28.27,-52.41
2023,189,29.17,0.78,0.86,20.35,88.28,2.26,5.88,2.76,Passo Fundo,RS,Sul,-28.27,-52.41
2023,190,0.27,0.77,0.78,22.38,86.06,1.5,7.62,3.45,Passo Fundo,RS,Sul,-28.27,-52.41
2023,191,6.39,0.77,0.81,20.67,91.52,1.61,4.1,1.96,Passo Fundo,RS,Sul,-28.27,-52.41
2023,192,21.94,0.77,0.84,17.54,93.76,2.96,4.26,2.05,Passo Fundo,RS,Sul,-28.27,-52.41
2023,193,69.72,0.83,0.97,21.78,93.29,3.89,1.1,0.61,Passo Fundo,RS,Sul,-28.27,-52.41
2023,194,9.99,0.85,0.88,12.29,87.8,4.45,6.87,3.24,Passo Fundo,RS,Sul,-28.27,-52.41
2023,195,0.39,0.83,0.83,12.66,83.51,1.37,10.96,4.81,Passo Fundo,RS,Sul,-28.27,-52.41
2023,196,0.0,0.81,0.81,16.49,83.47,1.84,14.23,6.19,Passo Fundo,RS,Sul,-28.27,-52.41
2023,197,0.0,0.8,0.8,16.14,86.82,1.16,13.82,6.13,Passo Fundo,RS,Sul,-28.27,-52.41
2023,198,0.0,0.79,0.79,14.48,80.59,1.75,9.58,4.2,Passo Fundo,RS,Sul,-28.27,-52.41
2023,199,0.0,0.78,0.78,12.39,79.21,2.82,14.66,6.35,Passo Fundo,RS,Sul,-28.27,-52.41
2023,200,0.0,0.78,0.78,18.09,83.42,2.95,13.94,6.17,Passo Fundo,RS,Sul,-28.27,-52.41
2023,201,0.11,0.77,0.78,19.91,84.62,2.76,10.28,4.77,Passo Fundo,RS,Sul,-28.27,-52.41
2023,202,0.0,0.77,0.77,25.11,84.89,2.54,14.22,6.47,Passo Fundo,RS,Sul,-28.27,-52.41
2023,203,0.0,0.76,0.77,23.92,82.08,3.0,14.46,6.48,Passo Fundo,RS,Sul,-28.27,-52.41
2023,204,0.0,0.76,0.76,24.5,81.0,2.39,12.14,5.55,Passo Fundo,RS,Sul,-28.27,-52.41
2023,205,0.09,0.76,0.76,25.46,82.52,1.54,13.65,6.18,Passo Fundo,RS,Sul,-28.27,-52.41
2023,206,1.1,0.75,0.76,24.24,83.13,1.99,9.77,4.52,Passo Fundo,RS,Sul,-28.27,-52.41
2023,207,0.07,0.75,0.76,19.87,88.22,2.63,8.67,3.99,Passo Fundo,RS,Sul,-28.27,-52.41
2023,208,3.55,0.75,0.77,18.36,78.13,1.48,13.69,5.91,Passo Fundo,RS,Sul,-28.27,-52.41
2023,209,1.19,0.76,0.78,16.15,82.96,2.14,11.56,5.17,Passo Fundo,RS,Sul,-28.27,-52.41
2023,210,0.04,0.75,0.76,16.4,79.96,2.16,16.02,6.94,Passo Fundo,RS,Sul,-28.27,-52.41
2023,211,0.0,0.75,0.76,21.17,83.03,1.88,15.6,6.85,Passo Fundo,RS,Sul,-28.27,-52.41
2023,212,0.05,0.75,0.76,22.51,85.37,1.28,14.45,6.48,Passo Fundo,RS,Sul,-28.27,-52.41
2023,213,0.03,0.75,0.75,24.28,85.81,1.78,16.11,7.15,Passo Fundo,RS,Sul,-28.27,-52.41
2023,214,0.07,0.74,0.75,24.64,83.82,1.76,16.36,7.23,Passo Fundo,RS,Sul,-28.27,-52.41
2023,215,0.0,0.74,0.74,25.03,84.85,1.07,15.78,7.12,Passo Fundo,RS,Sul,-28.27,-52.41
2023,216,0.0,0.73,0.74,26.25,82.85,1.82,15.55,7.03,Passo Fundo,RS,Sul,-28.27,-52.41
2023,217,0.01,0.73,0.74,25.88,82.35,0.87,15.58,7.08,Passo Fundo,RS,Sul,-28.27,-52.41
2023,218,0.0,0.73,0.73,25.92,77.67,2.42,16.59,7.4,Passo Fundo,RS,Sul,-28.27,-52.41
2023,219,11.2,0.74,0.8,20.08,86.62,2.41,3.31,1.7,Passo Fundo,RS,Sul,-28.27,-52.41
2023,220,0.3,0.75,0.75,20.37,81.85,3.57,11.69,5.26,Passo Fundo,RS,Sul,-28.27,-52.41
2023,221,12.7,0.76,0.83,18.58,89.6,3.02,6.08,2.98,Passo Fundo,RS,Sul,-28.27,-52.41
2023,222,5.25,0.77,0.79,23.85,91.66,1.86,12.01,5.48,Passo Fundo,RS,Sul,-28.27,-52.41
2023,223,23.45,0.79,0.86,24.86,89.54,2.4,11.09,5.11,Passo Fundo,RS,Sul,-28.27,-52.41
2023,224,1.14,0.79,0.79,16.55,70.2,2.5,15.63,6.85,Passo Fundo,RS,Sul,-28.27,-52.41
2023,225,0.01,0.78,0.78,14.79,70.29,1.56,18.23,7.83,Passo Fundo,RS,Sul,-28.27,-52.41
2023,226,0.02,0.77,0.77,20.74,64.05,1.05,18.05,7.92,Passo Fundo,RS,Sul,-28.27,-52.41
2023,227,0.03,0.77,0.77,25.19,72.37,1.49,18.06,8.03,Passo Fundo,RS,Sul,-28.27,-52.41
2023,228,0.15,0.76,0.76,26.49,79.41,1.97,17.64,7.94,Passo Fundo,RS,Sul,-28.27,-52.41
2023,229,0.2,0.75,0.76,26.92,83.84,2.28,17.31,7.89,Passo Fundo,RS,Sul,-28.27,-52.41
2023,230,9.18,0.75,0.8,25.42,87.01,2.92,3.95,1.98,Passo Fundo,RS,Sul,-28.27,-52.41
2023,231,0.78,0.76,0.77,17.56,71.63,1.66,18.81,8.18,Passo Fundo,RS,Sul,-28.27,-52.41
2023,232,0.07,0.76,0.76,20.44,79.17,1.88,13.58,6.16,Passo Fundo,RS,Sul,-28.27,-52.41
2023,233,0.04,0.75,0.76,22.73,86.2,1.58,15.87,7.15,Passo Fundo,RS,Sul,-28.27,-52.41
2023,234,0.15,0.75,0.75,26.8,84.57,4.11,14.83,6.72,Passo Fundo,RS,Sul,-28.27,-52.41
2023,235,2.99,0.75,0.77,25.86,87.11,3.29,14.22,6.51,Passo Fundo,RS,Sul,-28.27,-52.41
2023,236,4.21,0.75,0.78,16.99,84.17,2.63,7.03,3.39,Passo Fundo,RS,Sul,-28.27,-52.41
2023,237,0.01,0.75,0.76,16.71,72.76,2.92,18.68,8.16,Passo Fundo,RS,Sul,-28.27,-52.41
2023,238,0.01,0.75,0.75,15.29,66.74,2.12,19.22,8.33,Passo Fundo,RS,Sul,-28.27,-52.41
2023,239,0.01,0.74,0.75,14.62,67.47,2.46,20.43,8.78,Passo Fundo,RS,Sul,-28.27,-52.41
2023,240,0.01,0.74,0.74,18.18,76.84,2.06,19.61,8.47,Passo Fundo,RS,Sul,-28.27,-52.41
2023,241,0.02,0.74,0.74,21.32,78.47,1.6,19.34,8.54,Passo Fundo,RS,Sul,-28.27,-52.41
2023,242,0.24,0.73,0.74,22.91,72.53,1.3,19.69,8.73,Passo Fundo,RS,Sul,-28.27,-52.41
2023,243,0.65,0.73,0.74,23.87,72.88,1.09,19.95,8.8,Passo Fundo,RS,Sul,-28.27,-52.41
2023,244,3.55,0.73,0.74,23.89,83.28,2.38,4.4,2.18,Passo Fundo,RS,Sul,-28.27,-52.41
2023,245,42.61,0.77,0.9,21.84,91.54,2.36,5.97,2.94,Passo Fundo,RS,Sul,-28.27,-52.41
2023,246,46.14,0.81,0.93,25.94,91.73,2.81,3.78,1.9,Passo Fundo,RS,Sul,-28.27,-52.41
2023,247,98.68,0.87,0.98,25.05,92.9,3.89,2.68,1.44,Passo Fundo,RS,Sul,-28.27,-52.41
2023,248,0.78,0.86,0.86,17.91,85.02,2.36,17.18,7.75,Passo Fundo,RS,Sul,-28.27,-52.41
2023,249,0.11,0.84,0.83,23.72,79.43,3.11,19.91,8.88,Passo Fundo,RS,Sul,-28.27,-52.41
2023,250,13.93,0.82,0.85,23.59,83.59,3.97,11.94,5.61,Passo Fundo,RS,Sul,-28.27,-52.41
2023,251,32.84,0.85,0.91,20.6,94.64,2.83,8.31,3.96,Passo Fundo,RS,Sul,-28.27,-52.41
2023,252,5.96,0.84,0.86,21.85,87.17,1.57,8.68,4.14,Passo Fundo,RS,Sul,-28.27,-52.41
2023,253,0.53,0.83,0.83,25.94,89.22,1.87,11.77,5.47,Passo Fundo,RS,Sul,-28.27,-52.41
2023,254,0.01,0.81,0.81,28.97,80.32,2.85,21.18,9.6,Passo Fundo,RS,Sul,-28.27,-52.41
2023,255,17.06,0.81,0.85,26.58,87.53,1.85,7.66,3.73,Passo Fundo,RS,Sul,-28.27,-52.41
2023,256,22.19,0.84,0.9,21.02,91.71,2.61,2.51,1.33,Passo Fundo,RS,Sul,-28.27,-52.41
2023,257,0.83,0.84,0.84,15.7,79.95,2.03,19.03,8.37,Passo Fundo,RS,Sul,-28.27,-52.41
2023,258,0.0,0.83,0.82,19.85,69.19,1.4,23.51,10.33,Passo Fundo,RS,Sul,-28.27,-52.41
2023,259,0.08,0.82,0.81,25.47,70.45,2.73,23.76,10.42,Passo Fundo,RS,Sul,-28.27,-52.41
2023,260,0.01,0.81,0.8,30.02,76.65,2.6,22.22,10.03,Passo Fundo,RS,Sul,-28.27,-52.41
2023,261,6.14,0.8,0.81,30.22,77.1,2.86,18.02,8.25,Passo Fundo,RS,Sul,-28.27,-52.41
2023,262,14.53,0.81,0.87,27.16,87.94,2.27,3.5,1.77,Passo Fundo,RS,Sul,-28.27,-52.41
2023,263,1.83,0.82,0.84,28.92,83.13,1.1,20.18,9.15,Passo Fundo,RS,Sul,-28.27,-52.41
2023,264,2.76,0.82,0.82,30.14,82.29,2.22,17.19,8.0,Passo Fundo,RS,Sul,-28.27,-52.41
2023,265,14.94,0.82,0.87,28.18,87.54,1.31,5.43,2.77,Passo Fundo,RS,Sul,-28.27,-52.41
2023,266,1.86,0.83,0.83,31.39,84.41,2.7,15.52,7.22,Passo Fundo,RS,Sul,-28.27,-52.41
2023,267,5.15,0.82,0.84,28.46,89.02,2.36,18.47,8.43,Passo Fundo,RS,Sul,-28.27,-52.41
2023,268,14.52,0.83,0.87,19.48,89.13,3.22,6.69,3.23,Passo Fundo,RS,Sul,-28.27,-52.41
2023,269,4.28,0.84,0.85,30.54,85.76,2.84,16.54,7.56,Passo Fundo,RS,Sul,-28.27,-52.41
2023,270,1.74,0.83,0.83,17.61,82.11,3.37,9.11,4.37,Passo Fundo,RS,Sul,-28.27,-52.41
2023,271,0.12,0.82,0.82,23.42,75.89,3.0,24.47,10.69,Passo Fundo,RS,Sul,-28.27,-52.41
2023,272,0.09,0.81,0.81,25.26,80.6,1.79,18.23,8.29,Passo Fundo,RS,Sul,-28.27,-52.41
2023,273,0.53,0.81,0.81,23.24,87.03,2.21,8.36,4.04,Passo Fundo,RS,Sul,-28.27,-52.41
2023,274,0.03,0.8,0.8,22.74,75.89,2.23,21.61,9.58,Passo Fundo,RS,Sul,-28.27,-52.41
2023,275,0.1,0.8,0.8,22.09,74.57,1.92,26.85,11.47,Passo Fundo,RS,Sul,-28.27,-52.41
2023,276,41.09,0.8,0.85,28.82,78.22,1.69,16.71,7.44,Passo Fundo,RS,Sul,-28.27,-52.41
2023,277,31.99,0.83,0.87,24.64,86.12,2.83,14.54,6.82,Passo Fundo,RS,Sul,-28.27,-52.41
2023,278,0.04,0.83,0.82,22.68,76.54,1.64,23.03,10.23,Passo Fundo,RS,Sul,-28.27,-52.41
2023,279,16.95,0.82,0.85,24.89,85.23,1.24,4.34,2.26,Passo Fundo,RS,Sul,-28.27,-52.41
2023,280,47.03,0.86,0.93,20.68,86.62,2.52,4.79,2.45,Passo Fundo,RS,Sul,-28.27,-52.41
2023,281,0.62,0.85,0.85,19.45,90.15,1.71,6.67,3.35,Passo Fundo,RS,Sul,-28.27,-52.41
2023,282,0.06,0.84,0.83,23.17,82.66,2.01,20.0,9.08,Passo Fundo,RS,Sul,-28.27,-52.41
2023,283,0.03,0.83,0.82,27.11,78.33,2.36,27.08,12.12,Passo Fundo,RS,Sul,-28.27,-52.41
2023,284,47.42,0.83,0.9,27.97,83.06,4.31,2.13,1.18,Passo Fundo,RS,Sul,-28.27,-52.41
2023,285,15.44,0.87,0.9,15.6,83.52,4.22,8.22,4.07,Passo Fundo,RS,Sul,-28.27,-52.41
2023,286,0.02,0.85,0.84,19.29,78.47,3.05,16.47,7.46,Passo Fundo,RS,Sul,-28.27,-52.41
2023,287,0.01,0.84,0.83,25.12,78.1,2.11,27.33,12.15,Passo Fundo,RS,Sul,-28.27,-52.41
2023,288,1.65,0.83,0.83,26.79,81.58,1.98,19.84,9.12,Passo Fundo,RS,Sul,-28.27,-52.41
2023,289,16.99,0.84,0.88,26.95,91.06,2.94,2.23,1.23,Passo Fundo,RS,Sul,-28.27,-52.41
2023,290,100.29,0.88,0.95,22.69,94.91,1.98,2.34,1.34,Passo Fundo,RS,Sul,-28.27,-52.41
2023,291,0.98,0.87,0.86,19.94,81.69,3.54,7.87,3.91,Passo Fundo,RS,Sul,-28.27,-52.41
2023,292,5.06,0.86,0.87,25.56,84.03,2.41,6.75,3.44,Passo Fundo,RS,Sul,-28.27,-52.41
2023,293,0.05,0.85,0.85,26.69,83.36,1.59,24.55,11.26,Passo Fundo,RS,Sul,-28.27,-52.41
2023,294,0.01,0.84,0.84,29.78,80.69,1.26,26.24,12.0,Passo Fundo,RS,Sul,-28.27,-52.41
2023,295,0.35,0.84,0.84,28.86,80.72,1.99,15.24,7.17,Passo Fundo,RS,Sul,-28.27,-52.41
2023,296,0.48,0.83,0.84,25.84,83.55,1.27,9.5,4.8,Passo Fundo,RS,Sul,-28.27,-52.41
2023,297,0.02,0.83,0.83,25.29,86.04,1.41,12.51,5.83,Passo Fundo,RS,Sul,-28.27,-52.41
2023,298,0.05,0.83,0.82,24.88,78.22,1.88,24.77,11.24,Passo Fundo,RS,Sul,-28.27,-52.41
2023,299,0.17,0.82,0.82,23.74,77.19,2.13,27.13,12.2,Passo Fundo,RS,Sul,-28.27,-52.41
2023,300,1.62,0.82,0.82,27.49,85.99,2.15,16.38,7.56,Passo Fundo,RS,Sul,-28.27,-52.41
2023,301,27.1,0.85,0.93,25.29,90.61,2.89,4.42,2.26,Passo Fundo,RS,Sul,-28.27,-52.41
2023,302,2.41,0.86,0.86,28.76,75.85,1.6,23.14,10.43,Passo Fundo,RS,Sul,-28.27,-52.41
2023,303,23.89,0.86,0.9,26.21,90.43,2.32,6.9,3.54,Passo Fundo,RS,Sul,-28.27,-52.41
2023,304,0.27,0.86,0.86,21.31,87.73,2.79,13.5,6.49,Passo Fundo,RS,Sul,-28.27,-52.41
2023,305,6.85,0.85,0.86,27.03,82.44,2.94,22.66,10.42,Passo Fundo,RS,Sul,-28.27,-52.41
2023,306,36.08,0.87,0.94,22.65,88.51,3.61,7.9,4.03,Passo Fundo,RS,Sul,-28.27,-52.41
2023,307,39.24,0.89,0.93,22.71,82.54,3.75,10.56,5.13,Passo Fundo,RS,Sul,-28.27,-52.41
2023,308,1.65,0.88,0.87,18.68,79.23,2.95,21.85,9.78,Passo Fundo,RS,Sul,-28.27,-52.41
2023,309,0.0,0.86,0.86,23.88,74.53,1.84,31.06,13.5,Passo Fundo,RS,Sul,-28.27,-52.41
2023,310,0.0,0.85,0.85,28.51,76.17,1.4,30.44,13.59,Passo Fundo,RS,Sul,-28.27,-52.41
2023,311,0.01,0.84,0.84,30.03,74.68,2.21,30.73,13.82,Passo Fundo,RS,Sul,-28.27,-52.41
2023,312,3.68,0.84,0.84,28.87,77.13,1.71,17.77,8.35,Passo Fundo,RS,Sul,-28.27,-52.41
2023,313,21.96,0.85,0.89,28.92,87.48,1.62,10.27,4.99,Passo Fundo,RS,Sul,-28.27,-52.41
2023,314,0.36,0.85,0.85,30.23,84.95,1.92,18.5,8.7,Passo Fundo,RS,Sul,-28.27,-52.41
2023,315,1.8,0.84,0.85,32.13,80.76,3.5,23.72,11.03,Passo Fundo,RS,Sul,-28.27,-52.41
2023,316,23.24,0.85,0.9,32.28,82.09,2.27,17.31,8.16,Passo Fundo,RS,Sul,-28.27,-52.41
2023,317,34.21,0.88,0.93,25.44,91.57,2.35,5.08,2.61,Passo Fundo,RS,Sul,-28.27,-52.41
2023,318,7.3,0.88,0.9,22.89,92.58,1.69,3.62,1.94,Passo Fundo,RS,Sul,-28.27,-52.41
2023,319,20.2,0.88,0.9,28.12,90.35,2.39,8.45,4.2,Passo Fundo,RS,Sul,-28.27,-52.41
2023,320,44.44,0.9,0.96,26.77,86.96,2.72,8.88,4.28,Passo Fundo,RS,Sul,-28.27,-52.41
2023,321,49.86,0.91,0.95,24.13,88.47,2.08,2.77,1.46,Passo Fundo,RS,Sul,-28.27,-52.41
2023,322,39.95,0.93,0.96,23.19,88.68,1.85,3.93,2.04,Passo Fundo,RS,Sul,-28.27,-52.41
2023,323,0.09,0.91,0.89,25.01,77.28,2.01,30.63,13.62,Passo Fundo,RS,Sul,-28.27,-52.41
2023,324,0.25,0.9,0.88,28.97,75.33,1.21,29.8,13.35,Passo Fundo,RS,Sul,-28.27,-52.41
2023,325,1.05,0.89,0.88,29.95,79.05,1.86,25.8,11.53,Passo Fundo,RS,Sul,-28.27,-52.41
2023,326,34.52,0.9,0.93,25.42,92.2,2.64,4.56,2.45,Passo Fundo,RS,Sul,-28.27,-52.41
2023,327,0.77,0.9,0.89,25.08,81.67,3.09,19.25,8.95,Passo Fundo,RS,Sul,-28.27,-52.41
2023,328,0.01,0.89,0.88,24.09,74.57,2.5,27.19,12.2,Passo Fundo,RS,Sul,-28.27,-52.41
2023,329,0.04,0.88,0.87,26.86,75.27,2.09,31.92,14.27,Passo Fundo,RS,Sul,-28.27,-52.41
2023,330,0.28,0.87,0.87,27.24,79.9,1.26,27.09,12.56,Passo Fundo,RS,Sul,-28.27,-52.41
2023,331,14.9,0.88,0.91,23.1,91.49,1.51,11.78,5.87,Passo Fundo,RS,Sul,-28.27,-52.41
2023,332,27.38,0.91,0.95,24.94,87.08,1.48,10.52,5.29,Passo Fundo,RS,Sul,-28.27,-52.41
2023,333,2.48,0.91,0.9,28.82,84.6,1.63,22.75,10.63,Passo Fundo,RS,Sul,-28.27,-52.41
2023,334,0.02,0.89,0.88,30.88,81.15,1.52,27.41,12.66,Passo Fundo,RS,Sul,-28.27,-52.41
2023,335,0.27,0.88,0.88,29.18,88.56,1.65,29.95,14.01,Passo Fundo,RS,Sul,-28.27,-52.41
2023,336,5.41,0.88,0.89,29.83,87.79,1.44,18.41,8.8,Passo Fundo,RS,Sul,-28.27,-52.41
2023,337,6.94,0.89,0.89,30.6,84.61,1.91,21.41,10.13,Passo Fundo,RS,Sul,-28.27,-52.41
2023,338,2.53,0.89,0.9,20.3,90.03,4.11,9.83,4.96,Passo Fundo,RS,Sul,-28.27,-52.41
2023,339,2.33,0.89,0.88,27.49,84.48,2.52,14.41,7.01,Passo Fundo,RS,Sul,-28.27,-52.41
2023,340,21.41,0.9,0.94,26.63,91.39,2.63,11.38,5.75,Passo Fundo,RS,Sul,-28.27,-52.41
2023,341,6.9,0.91,0.92,25.83,91.87,2.37,6.29,3.33,Passo Fundo,RS,Sul,-28.27,-52.41
2023,342,0.21,0.9,0.89,24.21,81.05,2.9,25.41,11.58,Passo Fundo,RS,Sul,-28.27,-52.41
2023,343,0.02,0.89,0.88,27.88,79.99,2.29,28.41,12.83,Passo Fundo,RS,Sul,-28.27,-52.41
2023,344,2.59,0.88,0.88,24.9,86.07,2.05,11.27,5.63,Passo Fundo,RS,Sul,-28.27,-52.41
2023,345,0.27,0.88,0.87,28.03,79.6,1.27,28.99,13.1,Passo Fundo,RS,Sul,-28.27,-52.41
2023,346,0.02,0.87,0.86,29.75,76.16,1.44,31.34,14.2,Passo Fundo,RS,Sul,-28.27,-52.41
2023,347,2.06,0.86,0.86,29.14,81.11,2.02,18.99,8.98,Passo Fundo,RS,Sul,-28.27,-52.41
2023,348,7.54,0.87,0.89,28.77,88.44,1.63,18.56,8.89,Passo Fundo,RS,Sul,-28.27,-52.41
2023,349,3.0,0.87,0.87,31.18,86.17,1.82,24.34,11.54,Passo Fundo,RS,Sul,-28.27,-52.41
2023,350,2.78,0.87,0.87,31.91,77.71,1.3,13.6,6.67,Passo Fundo,RS,Sul,-28.27,-52.41
2023,351,3.49,0.86,0.87,32.78,76.59,1.63,29.97,13.94,Passo Fundo,RS,Sul,-28.27,-52.41
2023,352,13.23,0.87,0.9,31.98,82.94,1.38,22.68,10.72,Passo Fundo,RS,Sul,-28.27,-52.41
2023,353,0.86,0.88,0.87,29.18,84.62,2.19,16.6,8.03,Passo Fundo,RS,Sul,-28.27,-52.41
2023,354,3.32,0.87,0.88,24.5,87.18,2.42,11.28,5.65,Passo Fundo,RS,Sul,-28.27,-52.41
2023,355,0.22,0.87,0.86,28.23,79.13,1.61,24.49,11.51,Passo Fundo,RS,Sul,-28.27,-52.41
2023,356,3.82,0.86,0.86,30.28,78.95,1.18,24.1,11.28,Passo Fundo,RS,Sul,-28.27,-52.41
2023,357,9.59,0.87,0.89,28.31,85.06,1.3,25.32,11.93,Passo Fundo,RS,Sul,-28.27,-52.41
2023,358,2.63,0.86,0.86,29.29,81.05,1.15,24.67,11.53,Passo Fundo,RS,Sul,-28.27,-52.41
2023,359,1.32,0.86,0.86,27.41,88.11,2.81,15.26,7.46,Passo Fundo,RS,Sul,-28.27,-52.41
2023,360,0.06,0.85,0.85,25.08,77.56,1.62,33.17,14.67,Passo Fundo,RS,Sul,-28.27,-52.41
2023,361,0.07,0.85,0.84,25.75,76.35,1.92,33.33,14.74,Passo Fundo,RS,Sul,-28.27,-52.41
2023,362,2.32,0.84,0.84,29.6,80.36,2.48,31.93,14.53,Passo Fundo,RS,Sul,-28.27,-52.41
2023,363,12.14,0.85,0.89,24.12,93.29,2.37,5.72,3.01,Passo Fundo,RS,Sul,-28.27,-52.41
2023,364,0.17,0.85,0.85,25.84,80.01,1.78,26.45,12.03,Passo Fundo,RS,Sul,-28.27,-52.41
2023,365,0.0,0.84,0.84,25.74,78.42,1.38,21.84,10.08,Passo Fundo,RS,Sul,-28.27,-52.41
2024,1,0.52,0.84,0.83,28.47,79.36,1.47,28.45,13.04,Passo Fundo,RS,Sul,-28.27,-52.41
2024,2,12.74,0.84,0.88,25.62,87.89,1.92,15.14,7.4,Passo Fundo,RS,Sul,-28.27,-52.41
2024,3,0.77,0.85,0.84,27.34,83.59,1.51,25.79,11.99,Passo Fundo,RS,Sul,-28.27,-52.41
2024,4,0.1,0.84,0.83,27.46,81.56,1.64,26.68,12.34,Passo Fundo,RS,Sul,-28.27,-52.41
2024,5,0.02,0.83,0.83,27.88,80.52,1.61,28.26,13.05,Passo Fundo,RS,Sul,-28.27,-52.41
2024,6,0.0,0.82,0.82,29.4,75.74,1.73,28.75,13.24,Passo Fundo,RS,Sul,-28.27,-52.41
2024,7,0.81,0.81,0.82,30.61,77.4,1.57,25.65,11.94,Passo Fundo,RS,Sul,-28.27,-52.41
2024,8,0.18,0.81,0.81,29.32,84.36,1.37,15.94,7.77,Passo Fundo,RS,Sul,-28.27,-52.41
2024,9,5.38,0.81,0.83,28.98,86.46,1.59,12.24,5.96,Passo Fundo,RS,Sul,-28.27,-52.41
2024,10,0.63,0.81,0.82,29.01,83.16,1.46,21.15,10.02,Passo Fundo,RS,Sul,-28.27,-52.41
2024,11,1.76,0.81,0.82,28.29,84.91,1.93,15.2,7.38,Passo Fundo,RS,Sul,-28.27,-52.41
2024,12,0.1,0.81,0.81,26.53,80.72,2.98,22.24,10.28,Passo Fundo,RS,Sul,-28.27,-52.41
2024,13,0.0,0.8,0.8,30.01,80.65,1.62,29.64,13.57,Passo Fundo,RS,Sul,-28.27,-52.41
2024,14,2.21,0.79,0.8,30.37,82.78,2.24,26.63,12.4,Passo Fundo,RS,Sul,-28.27,-52.41
2024,15,1.06,0.79,0.8,29.77,83.3,2.02,27.64,12.95,Passo Fundo,RS,Sul,-28.27,-52.41
2024,16,14.53,0.79,0.84,30.37,86.38,1.93,23.69,11.11,Passo Fundo,RS,Sul,-28.27,-52.41
2024,17,37.57,0.84,0.95,26.42,92.15,2.6,7.14,3.69,Passo Fundo,RS,Sul,-28.27,-52.41
2024,18,62.41,0.88,0.96,28.02,90.7,2.03,6.57,3.51,Passo Fundo,RS,Sul,-28.27,-52.41
2024,19,0.38,0.87,0.86,29.3,84.82,1.75,28.75,13.3,Passo Fundo,RS,Sul,-28.27,-52.41
2024,20,0.77,0.85,0.84,28.13,84.95,2.14,26.22,12.25,Passo Fundo,RS,Sul,-28.27,-52.41
2024,21,0.23,0.83,0.83,27.3,81.98,2.7,23.74,11.07,Passo Fundo,RS,Sul,-28.27,-52.41
2024,22,0.94,0.82,0.82,25.0,83.97,3.18,17.26,8.26,Passo Fundo,RS,Sul,-28.27,-52.41
2024,23,3.62,0.82,0.83,23.41,85.35,2.55,21.16,9.93,Passo Fundo,RS,Sul,-28.27,-52.41
2024,24,5.2,0.82,0.84,22.68,85.05,2.2,24.25,11.23,Passo Fundo,RS,Sul,-28.27,-52.41
2024,25,0.12,0.82,0.82,24.28,79.67,2.64,28.52,12.81,Passo Fundo,RS,Sul,-28.27,-52.41
2024,26,1.54,0.81,0.82,23.4,84.58,2.37,25.8,11.75,Passo Fundo,RS,Sul,-28.27,-52.41
2024,27,2.32,0.81,0.82,24.09,84.59,1.85,22.28,10.37,Passo Fundo,RS,Sul,-28.27,-52.41
2024,28,1.85,0.81,0.82,24.48,84.43,1.23,24.02,11.13,Passo Fundo,RS,Sul,-28.27,-52.41
2024,29,0.56,0.8,0.81,26.58,79.63,1.08,28.41,13.02,Passo Fundo,RS,Sul,-28.27,-52.41
2024,30,0.03,0.8,0.8,27.67,81.14,1.19,28.74,13.17,Passo Fundo,RS,Sul,-28.27,-52.41
2024,31,0.0,0.79,0.79,28.11,78.34,1.55,30.84,13.85,Passo Fundo,RS,Sul,-28.27,-52.41
2024,32,0.02,0.78,0.78,29.45,80.68,1.99,28.76,13.13,Passo Fundo,RS,Sul,-28.27,-52.41
2024,33,0.01,0.77,0.78,29.71,80.23,1.55,28.27,13.04,Passo Fundo,RS,Sul,-28.27,-52.41
2024,34,0.09,0.77,0.77,29.13,77.49,1.85,28.32,13.02,Passo Fundo,RS,Sul,-28.27,-52.41
2024,35,0.53,0.76,0.77,30.0,78.19,1.26,18.89,8.9,Passo Fundo,RS,Sul,-28.27,-52.41
2024,36,1.51,0.76,0.77,29.7,82.96,1.25,25.05,11.71,Passo Fundo,RS,Sul,-28.27,-52.41
2024,37,0.8,0.76,0.77,27.66,88.43,1.2,25.78,12.04,Passo Fundo,RS,Sul,-28.27,-52.41
2024,38,3.56,0.76,0.78,29.89,81.74,1.33,25.25,11.72,Passo Fundo,RS,Sul,-28.27,-52.41
2024,39,1.43,0.76,0.78,31.04,77.41,1.1,28.12,12.93,Passo Fundo,RS,Sul,-28.27,-52.41
2024,40,0.95,0.76,0.77,30.92,79.47,1.26,25.97,12.09,Passo Fundo,RS,Sul,-28.27,-52.41
2024,41,0.11,0.75,0.76,31.18,78.04,1.81,26.18,12.29,Passo Fundo,RS,Sul,-28.27,-52.41
2024,42,0.1,0.75,0.76,28.72,82.48,1.63,17.18,8.25,Passo Fundo,RS,Sul,-28.27,-52.41
2024,43,0.99,0.75,0.75,31.35,77.25,1.86,26.65,12.45,Passo Fundo,RS,Sul,-28.27,-52.41
2024,44,50.6,0.79,0.92,25.6,92.82,2.15,5.35,2.83,Passo Fundo,RS,Sul,-28.27,-52.41
2024,45,1.6,0.81,0.82,24.23,85.67,3.36,11.44,5.61,Passo Fundo,RS,Sul,-28.27,-52.41
2024,46,3.42,0.8,0.81,25.43,87.01,2.25,9.27,4.7,Passo Fundo,RS,Sul,-28.27,-52.41
2024,47,10.53,0.81,0.85,27.66,87.36,1.52,10.38,5.17,Passo Fundo,RS,Sul,-28.27,-52.41
2024,48,5.03,0.81,0.83,27.46,86.63,1.54,19.01,8.94,Passo Fundo,RS,Sul,-28.27,-52.41
2024,49,0.95,0.8,0.81,29.3,81.27,1.52,26.1,12.03,Passo Fundo,RS,Sul,-28.27,-52.41
2024,50,7.57,0.79,0.82,25.2,90.54,1.58,12.46,6.06,Passo Fundo,RS,Sul,-28.27,-52.41
2024,51,0.41,0.8,0.81,27.79,84.12,2.29,23.27,10.75,Passo Fundo,RS,Sul,-28.27,-52.41
2024,52,0.0,0.79,0.79,28.18,82.29,1.59,26.56,12.15,Passo Fundo,RS,Sul,-28.27,-52.41
2024,53,0.14,0.78,0.78,28.05,80.08,1.44,25.65,11.82,Passo Fundo,RS,Sul,-28.27,-52.41
2024,54,0.34,0.77,0.77,29.49,76.67,1.35,24.67,11.45,Passo Fundo,RS,Sul,-28.27,-52.41
2024,55,0.01,0.76,0.76,30.46,78.08,1.38,23.53,11.0,Passo Fundo,RS,Sul,-28.27,-52.41
2024,56,0.23,0.75,0.76,27.53,84.66,2.19,21.99,10.37,Passo Fundo,RS,Sul,-28.27,-52.41
2024,57,14.58,0.76,0.81,26.66,91.14,1.93,15.98,7.65,Passo Fundo,RS,Sul,-28.27,-52.41
2024,58,12.61,0.78,0.85,27.71,89.07,1.89,10.28,5.1,Passo Fundo,RS,Sul,-28.27,-52.41
2024,59,5.1,0.79,0.82,26.97,91.38,1.69,16.81,8.07,Passo Fundo,RS,Sul,-28.27,-52.41
2024,60,4.11,0.8,0.82,27.69,87.54,1.17,16.09,7.7,Passo Fundo,RS,Sul,-28.27,-52.41
2024,61,0.19,0.79,0.79,28.4,83.07,1.5,25.51,11.74,Passo Fundo,RS,Sul,-28.27,-52.41
2024,62,0.06,0.78,0.78,29.58,80.17,1.6,25.63,11.83,Passo Fundo,RS,Sul,-28.27,-52.41
2024,63,0.62,0.77,0.78,28.07,82.82,1.41,17.23,8.13,Passo Fundo,RS,Sul,-28.27,-52.41
2024,64,11.04,0.78,0.83,26.63,87.69,2.63,7.31,3.72,Passo Fundo,RS,Sul,-28.27,-52.41
2024,65,0.16,0.78,0.78,24.87,82.25,2.44,16.32,7.6,Passo Fundo,RS,Sul,-28.27,-52.41
2024,66,0.06,0.77,0.77,25.74,78.51,1.67,25.21,11.25,Passo Fundo,RS,Sul,-28.27,-52.41
2024,67,9.63,0.76,0.8,28.79,86.73,1.2,17.48,8.3,Passo Fundo,RS,Sul,-28.27,-52.41
2024,68,35.3,0.8,0.91,25.72,92.96,1.68,3.46,1.88,Passo Fundo,RS,Sul,-28.27,-52.41
2024,69,9.48,0.83,0.87,28.65,87.88,1.41,7.45,3.76,Passo Fundo,RS,Sul,-28.27,-52.41
2024,70,0.66,0.82,0.82,28.72,85.7,1.45,20.28,9.36,Passo Fundo,RS,Sul,-28.27,-52.41
2024,71,0.1,0.8,0.8,28.87,76.38,1.31,26.42,11.7,Passo Fundo,RS,Sul,-28.27,-52.41
2024,72,0.12,0.79,0.79,29.3,76.98,1.55,25.86,11.66,Passo Fundo,RS,Sul,-28.27,-52.41
2024,73,0.01,0.78,0.78,29.9,78.36,1.74,23.85,10.78,Passo Fundo,RS,Sul,-28.27,-52.41
2024,74,0.03,0.77,0.77,31.12,74.54,1.47,24.79,11.32,Passo Fundo,RS,Sul,-28.27,-52.41
2024,75,7.84,0.77,0.81,25.47,90.57,1.35,7.12,3.67,Passo Fundo,RS,Sul,-28.27,-52.41
2024,76,24.13,0.8,0.88,28.21,92.51,1.23,7.76,3.82,Passo Fundo,RS,Sul,-28.27,-52.41
2024,77,3.77,0.82,0.84,26.88,86.45,0.76,12.4,5.85,Passo Fundo,RS,Sul,-28.27,-52.41
2024,78,3.83,0.81,0.82,29.73,85.52,1.45,21.89,10.23,Passo Fundo,RS,Sul,-28.27,-52.41
2024,79,12.73,0.82,0.87,28.35,89.63,1.38,3.64,1.93,Passo Fundo,RS,Sul,-28.27,-52.41
2024,80,6.89,0.82,0.84,29.92,89.25,2.27,21.52,10.08,Passo Fundo,RS,Sul,-28.27,-52.41
2024,81,13.37,0.83,0.87,25.16,88.91,3.15,7.45,3.79,Passo Fundo,RS,Sul,-28.27,-52.41
2024,82,0.06,0.82,0.81,22.6,76.73,3.1,18.37,8.28,Passo Fundo,RS,Sul,-28.27,-52.41
2024,83,0.01,0.81,0.8,24.24,78.08,2.57,24.06,10.78,Passo Fundo,RS,Sul,-28.27,-52.41
2024,84,0.02,0.8,0.8,25.77,79.92,1.72,20.55,9.39,Passo Fundo,RS,Sul,-28.27,-52.41
2024,85,0.04,0.79,0.79,25.98,79.47,1.37,22.12,10.02,Passo Fundo,RS,Sul,-28.27,-52.41
2024,86,0.05,0.78,0.78,25.38,77.5,1.85,22.07,9.84,Passo Fundo,RS,Sul,-28.27,-52.41
2024,87,0.42,0.78,0.78,27.05,81.32,1.45,19.65,9.02,Passo Fundo,RS,Sul,-28.27,-52.41
2024,88,3.48,0.77,0.79,26.84,86.11,1.44,15.6,7.33,Passo Fundo,RS,Sul,-28.27,-52.41
2024,89,11.08,0.78,0.84,26.2,86.07,1.18,14.47,6.85,Passo Fundo,RS,Sul,-28.27,-52.41
2024,90,0.12,0.79,0.8,27.62,80.61,1.43,20.76,9.47,Passo Fundo,RS,Sul,-28.27,-52.41
2024,91,0.0,0.78,0.78,27.47,79.66,0.99,18.87,8.72,Passo Fundo,RS,Sul,-28.27,-52.41
2024,92,0.82,0.78,0.78,28.37,78.41,1.32,18.22,8.36,Passo Fundo,RS,Sul,-28.27,-52.41
2024,93,0.82,0.77,0.78,25.85,85.86,1.37,17.81,8.34,Passo Fundo,RS,Sul,-28.27,-52.41
2024,94,0.13,0.77,0.77,29.82,80.68,1.52,21.4,9.84,Passo Fundo,RS,Sul,-28.27,-52.41
2024,95,4.63,0.76,0.78,28.78,84.84,1.63,10.31,4.95,Passo Fundo,RS,Sul,-28.27,-52.41
2024,96,5.61,0.78,0.81,27.19,86.45,2.02,12.96,6.16,Passo Fundo,RS,Sul,-28.27,-52.41
2024,97,5.64,0.78,0.8,26.3,83.34,2.63,20.39,9.24,Passo Fundo,RS,Sul,-28.27,-52.41
2024,98,19.09,0.8,0.87,23.29,91.83,2.93,2.86,1.5,Passo Fundo,RS,Sul,-28.27,-52.41
2024,99,1.89,0.81,0.83,26.82,89.14,1.41,14.33,6.77,Passo Fundo,RS,Sul,-28.27,-52.41
2024,100,0.13,0.8,0.8,27.56,84.68,1.16,18.26,8.43,Passo Fundo,RS,Sul,-28.27,-52.41
2024,101,1.02,0.79,0.79,28.11,83.8,1.32,15.2,7.07,Passo Fundo,RS,Sul,-28.27,-52.41
2024,102,5.15,0.79,0.82,24.24,89.9,2.94,6.0,3.07,Passo Fundo,RS,Sul,-28.27,-52.41
2024,103,1.1,0.79,0.79,27.25,86.52,2.37,12.5,5.95,Passo Fundo,RS,Sul,-28.27,-52.41
2024,104,25.21,0.8,0.87,24.04,91.54,2.21,6.76,3.29,Passo Fundo,RS,Sul,-28.27,-52.41
2024,105,20.43,0.84,0.9,25.18,93.31,1.62,7.08,3.56,Passo Fundo,RS,Sul,-28.27,-52.41
2024,106,5.63,0.84,0.86,25.75,92.53,2.41,7.12,3.57,Passo Fundo,RS,Sul,-28.27,-52.41
2024,107,34.89,0.84,0.9,24.46,94.69,2.88,2.07,1.14,Passo Fundo,RS,Sul,-28.27,-52.41
2024,108,2.42,0.85,0.85,20.19,80.5,2.39,19.66,8.71,Passo Fundo,RS,Sul,-28.27,-52.41
2024,109,0.0,0.83,0.83,21.97,78.82,1.56,20.15,8.97,Passo Fundo,RS,Sul,-28.27,-52.41
2024,110,0.11,0.82,0.82,23.72,76.1,1.03,19.78,8.76,Passo Fundo,RS,Sul,-28.27,-52.41
2024,111,0.08,0.81,0.81,24.2,74.05,1.48,19.15,8.47,Passo Fundo,RS,Sul,-28.27,-52.41
2024,112,0.11,0.81,0.8,25.76,77.88,1.5,19.52,8.63,Passo Fundo,RS,Sul,-28.27,-52.41
2024,113,1.91,0.8,0.81,25.93,86.83,1.85,4.59,2.3,Passo Fundo,RS,Sul,-28.27,-52.41
2024,114,7.69,0.81,0.84,26.37,90.54,2.05,8.07,3.91,Passo Fundo,RS,Sul,-28.27,-52.41
2024,115,0.96,0.81,0.82,24.88,88.76,1.54,10.42,4.87,Passo Fundo,RS,Sul,-28.27,-52.41
2024,116,3.08,0.81,0.82,26.68,88.39,1.31,12.81,6.0,Passo Fundo,RS,Sul,-28.27,-52.41
2024,117,1.64,0.81,0.82,28.56,87.0,2.4,16.5,7.68,Passo Fundo,RS,Sul,-28.27,-52.41
2024,118,5.35,0.8,0.81,28.79,85.15,3.51,13.64,6.41,Passo Fundo,RS,Sul,-28.27,-52.41
2024,119,21.09,0.82,0.9,21.33,90.83,2.58,6.17,3.09,Passo Fundo,RS,Sul,-28.27,-52.41
2024,120,27.14,0.85,0.92,27.38,91.29,2.61,10.05,4.85,Passo Fundo,RS,Sul,-28.27,-52.41
2024,121,36.18,0.87,0.93,27.99,86.06,3.17,5.45,2.73,Passo Fundo,RS,Sul,-28.27,-52.41
2024,122,97.36,0.89,0.97,26.68,90.97,3.24,2.17,1.15,Passo Fundo,RS,Sul,-28.27,-52.41
2024,123,33.85,0.91,0.95,25.23,93.37,3.63,1.16,0.65,Passo Fundo,RS,Sul,-28.27,-52.41
2024,124,15.72,0.9,0.93,19.56,94.72,2.42,4.55,2.32,Passo Fundo,RS,Sul,-28.27,-52.41
2024,125,64.82,0.92,0.99,22.47,95.09,1.33,2.63,1.39,Passo Fundo,RS,Sul,-28.27,-52.41
2024,126,5.34,0.92,0.92,27.98,88.83,1.55,13.8,6.47,Passo Fundo,RS,Sul,-28.27,-52.41
2024,127,0.01,0.89,0.88,27.06,82.68,2.7,16.54,7.48,Passo Fundo,RS,Sul,-28.27,-52.41
2024,128,0.01,0.88,0.88,27.06,84.5,2.87,15.82,7.3,Passo Fundo,RS,Sul,-28.27,-52.41
2024,129,9.1,0.88,0.9,26.55,88.77,3.45,8.94,4.26,Passo Fundo,RS,Sul,-28.27,-52.41
2024,130,0.61,0.89,0.88,20.95,85.24,1.83,12.82,5.76,Passo Fundo,RS,Sul,-28.27,-52.41
2024,131,20.05,0.89,0.93,23.87,93.95,1.75,3.76,1.91,Passo Fundo,RS,Sul,-28.27,-52.41
2024,132,24.38,0.91,0.94,23.95,94.05,1.23,5.55,2.71,Passo Fundo,RS,Sul,-28.27,-52.41
2024,133,28.48,0.93,0.97,22.63,95.68,2.3,5.28,2.64,Passo Fundo,RS,Sul,-28.27,-52.41
2024,134,4.72,0.93,0.93,17.4,91.03,2.73,3.89,1.96,Passo Fundo,RS,Sul,-28.27,-52.41
2024,135,0.23,0.92,0.9,14.23,82.01,2.08,10.85,4.82,Passo Fundo,RS,Sul,-28.27,-52.41
2024,136,0.0,0.92,0.9,15.84,75.19,1.12,13.75,5.94,Passo Fundo,RS,Sul,-28.27,-52.41
2024,137,13.13,0.92,0.93,16.58,92.16,1.75,3.15,1.62,Passo Fundo,RS,Sul,-28.27,-52.41
2024,138,11.75,0.93,0.94,14.65,92.55,1.08,3.94,2.01,Passo Fundo,RS,Sul,-28.27,-52.41
2024,139,2.75,0.94,0.93,13.66,90.24,2.49,4.27,2.14,Passo Fundo,RS,Sul,-28.27,-52.41
2024,140,0.43,0.93,0.91,15.4,91.83,1.7,4.97,2.41,Passo Fundo,RS,Sul,-28.27,-52.41
2024,141,0.27,0.93,0.91,16.5,87.54,1.32,15.12,6.6,Passo Fundo,RS,Sul,-28.27,-52.41
2024,142,0.05,0.93,0.91,23.0,90.09,1.93,13.9,6.42,Passo Fundo,RS,Sul,-28.27,-52.41
2024,143,2.57,0.93,0.91,25.75,87.76,3.1,13.57,6.24,Passo Fundo,RS,Sul,-28.27,-52.41
2024,144,40.29,0.94,0.96,24.29,90.58,3.24,1.25,0.71,Passo Fundo,RS,Sul,-28.27,-52.41
2024,145,6.55,0.95,0.94,17.57,90.42,2.59,6.57,3.12,Passo Fundo,RS,Sul,-28.27,-52.41
2024,146,0.08,0.94,0.92,11.41,84.11,1.98,8.95,3.97,Passo Fundo,RS,Sul,-28.27,-52.41
2024,147,0.64,0.94,0.92,14.4,88.46,3.1,11.22,5.05,Passo Fundo,RS,Sul,-28.27,-52.41
2024,148,9.45,0.95,0.94,13.94,93.85,2.6,2.38,1.24,Passo Fundo,RS,Sul,-28.27,-52.41
2024,149,1.92,0.95,0.92,8.98,94.9,3.07,4.45,2.16,Passo Fundo,RS,Sul,-28.27,-52.41
2024,150,0.49,0.95,0.92,15.42,89.88,1.51,10.58,4.75,Passo Fundo,RS,Sul,-28.27,-52.41
2024,151,0.31,0.94,0.92,17.41,84.01,1.21,13.76,6.02,Passo Fundo,RS,Sul,-28.27,-52.41
2024,152,0.04,0.94,0.92,19.34,85.98,1.56,14.42,6.3,Passo Fundo,RS,Sul,-28.27,-52.41
2024,153,0.04,0.94,0.91,19.12,87.92,2.43,14.2,6.27,Passo Fundo,RS,Sul,-28.27,-52.41
2024,154,0.01,0.94,0.91,22.35,88.13,2.37,13.24,5.96,Passo Fundo,RS,Sul,-28.27,-52.41
2024,155,4.66,0.94,0.92,14.66,92.63,2.39,3.49,1.74,Passo Fundo,RS,Sul,-28.27,-52.41
2024,156,0.06,0.94,0.91,20.32,90.36,2.05,9.47,4.27,Passo Fundo,RS,Sul,-28.27,-52.41
2024,157,0.03,0.93,0.91,21.7,93.81,1.55,12.31,5.68,Passo Fundo,RS,Sul,-28.27,-52.41
2024,158,0.03,0.93,0.91,24.3,86.28,1.53,12.34,5.64,Passo Fundo,RS,Sul,-28.27,-52.41
2024,159,0.13,0.93,0.91,24.33,81.56,1.22,12.63,5.75,Passo Fundo,RS,Sul,-28.27,-52.41
2024,160,0.0,0.93,0.91,23.47,86.75,1.84,11.51,5.17,Passo Fundo,RS,Sul,-28.27,-52.41
2024,161,0.04,0.92,0.9,24.39,88.06,2.89,11.84,5.39,Passo Fundo,RS,Sul,-28.27,-52.41
2024,162,0.01,0.92,0.9,25.16,88.24,2.27,11.87,5.45,Passo Fundo,RS,Sul,-28.27,-52.41
2024,163,0.02,0.92,0.9,24.61,88.84,1.55,11.03,5.1,Passo Fundo,RS,Sul,-28.27,-52.41
2024,164,0.01,0.91,0.9,24.01,84.8,2.07,13.41,6.03,Passo Fundo,RS,Sul,-28.27,-52.41
2024,165,0.05,0.91,0.9,24.47,83.04,2.75,12.87,5.77,Passo Fundo,RS,Sul,-28.27,-52.41
2024,166,0.0,0.91,0.89,24.23,75.65,3.68,13.26,5.96,Passo Fundo,RS,Sul,-28.27,-52.41
2024,167,25.82,0.91,0.94,19.4,88.0,2.24,2.5,1.3,Passo Fundo,RS,Sul,-28.27,-52.41
2024,168,48.98,0.95,0.99,20.8,95.87,1.87,1.35,0.74,Passo Fundo,RS,Sul,-28.27,-52.41
2024,169,12.92,0.95,0.95,22.7,91.93,1.28,4.23,2.06,Passo Fundo,RS,Sul,-28.27,-52.41
2024,170,22.9,0.97,0.97,22.42,92.64,3.06,4.17,2.07,Passo Fundo,RS,Sul,-28.27,-52.41
2024,171,16.92,0.97,0.96,23.08,85.32,3.44,4.63,2.28,Passo Fundo,RS,Sul,-28.27,-52.41
2024,172,14.42,0.98,0.96,22.62,91.9,1.97,2.73,1.39,Passo Fundo,RS,Sul,-28.27,-52.41
2024,173,12.0,0.98,0.95,22.34,88.44,2.68,8.84,4.12,Passo Fundo,RS,Sul,-28.27,-52.41
2024,174,0.2,0.98,0.94,24.25,85.44,2.73,12.73,5.78,Passo Fundo,RS,Sul,-28.27,-52.41
2024,175,3.8,0.97,0.94,22.98,88.39,2.89,9.1,4.18,Passo Fundo,RS,Sul,-28.27,-52.41
2024,176,24.8,0.98,0.96,18.58,89.15,3.32,3.52,1.75,Passo Fundo,RS,Sul,-28.27,-52.41
2024,177,15.77,0.98,0.96,13.14,90.85,3.44,5.66,2.69,Passo Fundo,RS,Sul,-28.27,-52.41
2024,178,12.1,0.99,0.97,11.24,94.38,1.95,5.17,2.45,Passo Fundo,RS,Sul,-28.27,-52.41
2024,179,0.03,0.99,0.95,14.14,86.76,1.74,13.99,6.11,Passo Fundo,RS,Sul,-28.27,-52.41
2024,180,0.18,0.98,0.95,15.37,90.77,2.42,3.54,1.7,Passo Fundo,RS,Sul,-28.27,-52.41
2024,181,0.01,0.98,0.94,8.87,83.32,2.15,14.06,5.98,Passo Fundo,RS,Sul,-28.27,-52.41
2024,182,0.0,0.98,0.94,9.76,72.65,0.72,14.27,6.16,Passo Fundo,RS,Sul,-28.27,-52.41
2024,183,0.01,0.98,0.94,16.65,62.2,0.94,14.54,6.24,Passo Fundo,RS,Sul,-28.27,-52.41
2024,184,0.09,0.97,0.94,19.84,84.12,1.9,14.07,6.13,Passo Fundo,RS,Sul,-28.27,-52.41
2024,185,1.07,0.97,0.94,19.57,94.04,1.37,8.44,3.9,Passo Fundo,RS,Sul,-28.27,-52.41
2024,186,0.28,0.97,0.94,20.24,94.18,1.09,8.04,3.71,Passo Fundo,RS,Sul,-28.27,-52.41
2024,187,3.48,0.97,0.94,14.03,92.55,3.15,2.72,1.37,Passo Fundo,RS,Sul,-28.27,-52.41
2024,188,4.87,0.97,0.95,11.98,88.12,3.12,8.72,3.94,Passo Fundo,RS,Sul,-28.27,-52.41
2024,189,8.41,0.98,0.95,10.57,94.18,2.55,2.29,1.21,Passo Fundo,RS,Sul,-28.27,-52.41
2024,190,0.17,0.98,0.94,10.25,90.37,2.5,3.3,1.62,Passo Fundo,RS,Sul,-28.27,-52.41
2024,191,5.63,0.97,0.95,8.64,91.8,3.12,4.13,2.02,Passo Fundo,RS,Sul,-28.27,-52.41
2024,192,1.81,0.98,0.94,6.54,95.4,1.13,3.74,1.82,Passo Fundo,RS,Sul,-28.27,-52.41
2024,193,4.3,0.98,0.95,11.9,92.53,1.15,4.22,2.05,Passo Fundo,RS,Sul,-28.27,-52.41
2024,194,0.73,0.98,0.95,10.1,92.68,2.13,10.18,4.5,Passo Fundo,RS,Sul,-28.27,-52.41
2024,195,15.05,0.98,0.96,10.78,95.55,2.62,4.27,2.07,Passo Fundo,RS,Sul,-28.27,-52.41
2024,196,4.11,0.99,0.96,12.75,93.9,1.14,3.88,1.9,Passo Fundo,RS,Sul,-28.27,-52.41
2024,197,2.71,0.99,0.95,16.15,91.89,2.55,9.73,4.41,Passo Fundo,RS,Sul,-28.27,-52.41
2024,198,0.2,0.99,0.95,17.29,93.77,1.96,8.23,3.81,Passo Fundo,RS,Sul,-28.27,-52.41
2024,199,0.15,0.98,0.95,17.14,90.7,1.52,9.66,4.32,Passo Fundo,RS,Sul,-28.27,-52.41
2024,200,0.27,0.98,0.95,21.04,84.6,1.19,14.49,6.39,Passo Fundo,RS,Sul,-28.27,-52.41
2024,201,0.05,0.98,0.94,22.66,80.53,1.36,13.64,6.11,Passo Fundo,RS,Sul,-28.27,-52.41
2024,202,0.12,0.98,0.94,20.69,86.99,1.62,12.53,5.63,Passo Fundo,RS,Sul,-28.27,-52.41
2024,203,0.16,0.97,0.94,21.86,85.03,1.8,13.49,6.01,Passo Fundo,RS,Sul,-28.27,-52.41
2024,204,0.05,0.97,0.94,24.47,75.58,0.79,14.88,6.72,Passo Fundo,RS,Sul,-28.27,-52.41
2024,205,0.0,0.97,0.93,22.57,83.03,1.78,14.92,6.63,Passo Fundo,RS,Sul,-28.27,-52.41
2024,206,0.0,0.96,0.93,22.63,83.31,2.11,14.96,6.58,Passo Fundo,RS,Sul,-28.27,-52.41
2024,207,0.01,0.96,0.93,22.38,86.67,1.69,13.16,5.92,Passo Fundo,RS,Sul,-28.27,-52.41
2024,208,0.0,0.96,0.93,21.62,91.6,1.12,10.1,4.59,Passo Fundo,RS,Sul,-28.27,-52.41
2024,209,2.46,0.96,0.93,21.05,91.28,1.5,5.08,2.42,Passo Fundo,RS,Sul,-28.27,-52.41
2024,210,2.29,0.96,0.93,21.6,91.17,1.2,4.3,2.05,Passo Fundo,RS,Sul,-28.27,-52.41
2024,211,2.39,0.96,0.93,13.29,91.18,3.65,3.91,1.89,Passo Fundo,RS,Sul,-28.27,-52.41
2024,212,0.06,0.96,0.93,17.79,86.21,2.9,12.84,5.71,Passo Fundo,RS,Sul,-28.27,-52.41
2024,213,0.01,0.95,0.92,20.51,85.02,2.37,15.48,6.82,Passo Fundo,RS,Sul,-28.27,-52.41
2024,214,0.01,0.95,0.92,24.32,85.89,2.61,14.91,6.63,Passo Fundo,RS,Sul,-28.27,-52.41
2024,215,0.0,0.95,0.92,23.98,84.32,3.24,15.7,6.96,Passo Fundo,RS,Sul,-28.27,-52.41
2024,216,0.08,0.94,0.91,24.76,82.34,3.55,10.28,4.41,Passo Fundo,RS,Sul,-28.27,-52.41
2024,217,7.42,0.94,0.93,19.94,90.01,1.66,4.59,2.26,Passo Fundo,RS,Sul,-28.27,-52.41
2024,218,3.8,0.95,0.93,24.47,87.87,2.08,9.8,4.34,Passo Fundo,RS,Sul,-28.27,-52.41
2024,219,4.83,0.95,0.93,24.83,85.46,2.63,11.02,4.92,Passo Fundo,RS,Sul,-28.27,-52.41
2024,220,12.39,0.94,0.94,20.47,90.13,1.63,3.03,1.54,Passo Fundo,RS,Sul,-28.27,-52.41
2024,221,1.82,0.95,0.93,14.98,92.95,1.76,2.82,1.44,Passo Fundo,RS,Sul,-28.27,-52.41
2024,222,0.04,0.95,0.92,10.34,86.8,2.49,8.16,3.73,Passo Fundo,RS,Sul,-28.27,-52.41
2024,223,0.06,0.95,0.92,13.33,85.36,1.39,11.43,5.06,Passo Fundo,RS,Sul,-28.27,-52.41
2024,224,0.01,0.94,0.92,13.98,83.85,2.06,17.69,7.59,Passo Fundo,RS,Sul,-28.27,-52.41
2024,225,0.0,0.94,0.91,11.0,81.04,2.05,18.79,8.02,Passo Fundo,RS,Sul,-28.27,-52.41
2024,226,0.05,0.94,0.91,14.38,75.72,1.5,18.64,7.98,Passo Fundo,RS,Sul,-28.27,-52.41
2024,227,0.04,0.93,0.91,19.93,71.19,1.55,18.51,7.97,Passo Fundo,RS,Sul,-28.27,-52.41
2024,228,0.01,0.93,0.91,23.3,77.82,1.79,14.29,6.0,Passo Fundo,RS,Sul,-28.27,-52.41
2024,229,0.01,0.93,0.91,24.29,85.09,1.57,11.37,4.97,Passo Fundo,RS,Sul,-28.27,-52.41
2024,230,0.0,0.92,0.9,24.21,88.9,1.31,11.5,5.08,Passo Fundo,RS,Sul,-28.27,-52.41
2024,231,0.01,0.92,0.9,25.67,84.19,1.83,13.89,6.15,Passo Fundo,RS,Sul,-28.27,-52.41
2024,232,0.07,0.92,0.9,27.21,81.07,1.95,11.79,5.3,Passo Fundo,RS,Sul,-28.27,-52.41
2024,233,0.91,0.91,0.9,22.43,93.72,2.05,8.91,4.05,Passo Fundo,RS,Sul,-28.27,-52.41
2024,234,0.02,0.91,0.9,24.56,86.63,3.09,16.05,7.05,Passo Fundo,RS,Sul,-28.27,-52.41
2024,235,17.83,0.91,0.93,23.77,84.46,2.88,5.91,2.62,Passo Fundo,RS,Sul,-28.27,-52.41
2024,236,12.49,0.93,0.95,14.12,88.96,1.74,3.99,1.88,Passo Fundo,RS,Sul,-28.27,-52.41
2024,237,1.11,0.93,0.91,12.17,85.11,2.04,11.35,5.03,Passo Fundo,RS,Sul,-28.27,-52.41
2024,238,0.01,0.93,0.91,11.25,83.02,1.89,16.13,6.99,Passo Fundo,RS,Sul,-28.27,-52.41
2024,239,0.01,0.92,0.9,14.39,80.89,1.14,20.73,8.9,Passo Fundo,RS,Sul,-28.27,-52.41
2024,240,0.06,0.92,0.9,17.43,79.38,1.3,19.74,8.5,Passo Fundo,RS,Sul,-28.27,-52.41
2024,241,0.36,0.92,0.9,20.12,82.82,1.95,14.65,6.48,Passo Fundo,RS,Sul,-28.27,-52.41
2024,242,0.01,0.91,0.9,23.83,74.55,1.76,9.3,4.26,Passo Fundo,RS,Sul,-28.27,-52.41
2024,243,0.01,0.91,0.89,27.16,81.02,1.4,15.98,6.94,Passo Fundo,RS,Sul,-28.27,-52.41
2024,244,0.09,0.91,0.89,25.54,86.98,2.19,12.77,5.62,Passo Fundo,RS,Sul,-28.27,-52.41
2024,245,0.59,0.9,0.89,17.82,84.94,2.83,14.32,6.34,Passo Fundo,RS,Sul,-28.27,-52.41
2024,246,0.01,0.9,0.89,19.52,78.17,0.77,19.24,8.42,Passo Fundo,RS,Sul,-28.27,-52.41
2024,247,0.01,0.9,0.89,24.49,79.98,1.96,16.38,7.08,Passo Fundo,RS,Sul,-28.27,-52.41
2024,248,19.02,0.9,0.92,27.43,86.53,3.2,8.3,3.66,Passo Fundo,RS,Sul,-28.27,-52.41
2024,249,0.35,0.91,0.9,16.5,77.95,2.59,20.64,8.87,Passo Fundo,RS,Sul,-28.27,-52.41
2024,250,0.03,0.9,0.89,22.29,80.41,1.86,20.48,8.67,Passo Fundo,RS,Sul,-28.27,-52.41
2024,251,0.03,0.9,0.89,25.61,87.86,1.81,9.95,4.0,Passo Fundo,RS,Sul,-28.27,-52.41
2024,252,0.02,0.89,0.88,27.61,86.02,1.96,15.4,6.69,Passo Fundo,RS,Sul,-28.27,-52.41
2024,253,0.0,0.89,0.88,28.44,82.49,2.04,14.99,6.48,Passo Fundo,RS,Sul,-28.27,-52.41
2024,254,0.0,0.89,0.88,28.0,80.3,2.03,12.9,4.98,Passo Fundo,RS,Sul,-28.27,-52.41
2024,255,0.03,0.88,0.88,27.69,79.26,2.29,11.51,4.68,Passo Fundo,RS,Sul,-28.27,-52.41
2024,256,15.12,0.89,0.91,22.25,85.79,1.2,1.52,0.71,Passo Fundo,RS,Sul,-28.27,-52.41
2024,257,10.0,0.9,0.92,23.61,92.07,2.35,4.2,1.76,Passo Fundo,RS,Sul,-28.27,-52.41
2024,258,0.26,0.9,0.89,21.82,86.13,1.97,15.73,7.02,Passo Fundo,RS,Sul,-28.27,-52.41
2024,259,0.12,0.89,0.88,18.27,83.93,2.84,10.26,4.75,Passo Fundo,RS,Sul,-28.27,-52.41
2024,260,0.03,0.89,0.88,21.27,81.97,1.68,21.11,9.35,Passo Fundo,RS,Sul,-28.27,-52.41
2024,261,0.04,0.88,0.87,23.03,78.77,2.27,23.78,10.43,Passo Fundo,RS,Sul,-28.27,-52.41
2024,262,0.01,0.88,0.87,25.13,77.57,1.89,22.23,9.99,Passo Fundo,RS,Sul,-28.27,-52.41
2024,263,2.04,0.87,0.87,24.97,84.43,2.93,9.83,4.13,Passo Fundo,RS,Sul,-28.27,-52.41
2024,264,41.77,0.9,0.95,20.74,84.48,2.91,2.59,1.03,Passo Fundo,RS,Sul,-28.27,-52.41
2024,265,0.39,0.9,0.89,24.99,82.09,1.41,21.04,9.09,Passo Fundo,RS,Sul,-28.27,-52.41
2024,266,0.03,0.89,0.88,28.93,84.96,2.12,17.92,7.5,Passo Fundo,RS,Sul,-28.27,-52.41
2024,267,0.36,0.88,0.88,29.51,85.55,2.33,9.98,4.02,Passo Fundo,RS,Sul,-28.27,-52.41
2024,268,1.57,0.88,0.88,29.78,84.55,2.92,10.6,4.35,Passo Fundo,RS,Sul,-28.27,-52.41
2024,269,10.92,0.88,0.9,28.46,81.94,2.53,9.32,3.99,Passo Fundo,RS,Sul,-28.27,-52.41
2024,270,17.77,0.9,0.94,19.32,91.98,2.75,1.05,0.53,Passo Fundo,RS,Sul,-28.27,-52.41
2024,271,0.38,0.9,0.89,21.75,84.87,1.82,17.05,7.76,Passo Fundo,RS,Sul,-28.27,-52.41
2024,272,0.0,0.89,0.88,25.22,76.77,1.21,25.39,11.21,Passo Fundo,RS,Sul,-28.27,-52.41
2024,273,0.0,0.88,0.87,28.37,71.75,1.57,25.74,11.41,Passo Fundo,RS,Sul,-28.27,-52.41
2024,274,0.21,0.88,0.87,29.79,77.03,3.05,24.2,10.76,Passo Fundo,RS,Sul,-28.27,-52.41
2024,275,8.57,0.87,0.89,29.99,79.62,2.85,14.18,6.35,Passo Fundo,RS,Sul,-28.27,-52.41
2024,276,33.41,0.9,0.96,21.8,90.53,2.49,3.29,1.56,Passo Fundo,RS,Sul,-28.27,-52.41
2024,277,0.1,0.9,0.89,19.13,79.49,3.02,24.02,10.59,Passo Fundo,RS,Sul,-28.27,-52.41
2024,278,0.01,0.89,0.88,23.46,80.59,2.41,26.19,11.52,Passo Fundo,RS,Sul,-28.27,-52.41
2024,279,0.1,0.88,0.87,26.39,78.22,1.89,26.37,11.6,Passo Fundo,RS,Sul,-28.27,-52.41
2024,280,0.31,0.88,0.87,24.79,81.13,1.75,19.28,8.62,Passo Fundo,RS,Sul,-28.27,-52.41
2024,281,8.49,0.87,0.89,23.91,90.39,2.22,3.85,1.85,Passo Fundo,RS,Sul,-28.27,-52.41
2024,282,8.1,0.89,0.9,21.51,93.44,2.23,3.25,1.48,Passo Fundo,RS,Sul,-28.27,-52.41
2024,283,17.34,0.9,0.94,19.57,93.48,3.44,2.26,1.1,Passo Fundo,RS,Sul,-28.27,-52.41
2024,284,4.98,0.9,0.91,22.4,87.51,2.92,5.83,2.77,Passo Fundo,RS,Sul,-28.27,-52.41
2024,285,9.63,0.91,0.93,20.22,94.04,2.69,5.79,2.94,Passo Fundo,RS,Sul,-28.27,-52.41
2024,286,0.29,0.9,0.89,24.52,84.1,1.92,21.29,9.69,Passo Fundo,RS,Sul,-28.27,-52.41
2024,287,0.01,0.9,0.88,27.74,79.33,2.18,25.0,11.33,Passo Fundo,RS,Sul,-28.27,-52.41
2024,288,0.08,0.89,0.88,25.98,76.65,2.1,19.59,8.86,Passo Fundo,RS,Sul,-28.27,-52.41
2024,289,14.43,0.89,0.92,25.01,88.4,1.75,2.35,1.18,Passo Fundo,RS,Sul,-28.27,-52.41
2024,290,0.26,0.9,0.89,25.79,82.84,1.57,23.41,10.49,Passo Fundo,RS,Sul,-28.27,-52.41
2024,291,0.0,0.89,0.88,27.64,77.65,1.62,28.23,12.42,Passo Fundo,RS,Sul,-28.27,-52.41
2024,292,0.25,0.88,0.88,17.83,81.44,2.72,7.97,3.96,Passo Fundo,RS,Sul,-28.27,-52.41
2024,293,0.01,0.88,0.88,24.53,84.64,2.42,19.7,9.01,Passo Fundo,RS,Sul,-28.27,-52.41
2024,294,0.0,0.88,0.87,27.55,77.41,2.29,28.19,12.46,Passo Fundo,RS,Sul,-28.27,-52.41
2024,295,0.0,0.87,0.86,28.66,80.4,2.2,22.14,10.15,Passo Fundo,RS,Sul,-28.27,-52.41
2024,296,0.0,0.86,0.86,29.88,81.93,1.79,22.62,10.54,Passo Fundo,RS,Sul,-28.27,-52.41
2024,297,2.7,0.86,0.87,26.25,89.6,1.41,14.74,7.11,Passo Fundo,RS,Sul,-28.27,-52.41
2024,298,32.38,0.87,0.91,28.58,87.62,4.12,7.53,3.66,Passo Fundo,RS,Sul,-28.27,-52.41
2024,299,1.31,0.88,0.88,24.6,80.92,2.66,20.53,9.4,Passo Fundo,RS,Sul,-28.27,-52.41
2024,300,0.0,0.87,0.86,21.38,74.62,2.27,30.27,13.21,Passo Fundo,RS,Sul,-28.27,-52.41
2024,301,0.0,0.86,0.86,23.8,74.77,2.23,29.87,13.17,Passo Fundo,RS,Sul,-28.27,-52.41
2024,302,0.0,0.86,0.85,27.66,80.28,1.76,28.92,13.05,Passo Fundo,RS,Sul,-28.27,-52.41
2024,303,0.0,0.85,0.85,28.48,79.27,1.56,29.43,13.22,Passo Fundo,RS,Sul,-28.27,-52.41
2024,304,0.0,0.85,0.84,29.08,78.09,1.5,28.02,12.59,Passo Fundo,RS,Sul,-28.27,-52.41
2024,305,0.0,0.84,0.84,29.25,73.52,2.79,26.3,12.01,Passo Fundo,RS,Sul,-28.27,-52.41
2024,306,0.59,0.84,0.84,28.73,74.69,2.47,25.93,11.93,Passo Fundo,RS,Sul,-28.27,-52.41
2024,307,10.22,0.84,0.88,24.46,87.48,2.5,8.84,4.49,Passo Fundo,RS,Sul,-28.27,-52.41
2024,308,4.63,0.85,0.87,27.57,84.57,2.2,14.14,6.87,Passo Fundo,RS,Sul,-28.27,-52.41
2024,309,0.08,0.85,0.84,28.61,78.54,2.48,18.5,8.7,Passo Fundo,RS,Sul,-28.27,-52.41
2024,310,0.24,0.84,0.84,29.26,81.45,2.16,21.74,10.22,Passo Fundo,RS,Sul,-28.27,-52.41
2024,311,1.94,0.84,0.84,29.26,84.16,2.57,20.64,9.82,Passo Fundo,RS,Sul,-28.27,-52.41
2024,312,4.8,0.84,0.86,24.52,90.96,2.29,14.32,6.99,Passo Fundo,RS,Sul,-28.27,-52.41
2024,313,0.27,0.84,0.84,24.56,81.05,3.24,16.72,7.86,Passo Fundo,RS,Sul,-28.27,-52.41
2024,314,0.02,0.84,0.83,23.96,76.81,2.65,30.42,13.51,Passo Fundo,RS,Sul,-28.27,-52.41
2024,315,0.0,0.83,0.83,28.8,75.1,1.88,30.18,13.54,Passo Fundo,RS,Sul,-28.27,-52.41
2024,316,2.71,0.82,0.83,30.26,74.92,3.01,25.35,11.57,Passo Fundo,RS,Sul,-28.27,-52.41
2024,317,0.1,0.82,0.83,20.6,70.46,1.94,25.62,11.37,Passo Fundo,RS,Sul,-28.27,-52.41
2024,318,0.0,0.82,0.82,22.7,71.05,1.52,31.74,14.02,Passo Fundo,RS,Sul,-28.27,-52.41
2024,319,0.0,0.81,0.81,26.11,72.49,1.59,29.94,13.44,Passo Fundo,RS,Sul,-28.27,-52.41
2024,320,0.0,0.81,0.81,27.12,76.12,2.44,21.98,10.16,Passo Fundo,RS,Sul,-28.27,-52.41
2024,321,0.0,0.8,0.8,30.44,73.49,2.17,28.44,13.0,Passo Fundo,RS,Sul,-28.27,-52.41
2024,322,0.08,0.8,0.79,30.9,75.12,2.01,26.03,11.97,Passo Fundo,RS,Sul,-28.27,-52.41
2024,323,1.98,0.79,0.8,29.68,79.22,1.77,17.75,8.47,Passo Fundo,RS,Sul,-28.27,-52.41
2024,324,6.93,0.8,0.82,26.02,85.84,2.8,8.02,4.12,Passo Fundo,RS,Sul,-28.27,-52.41
2024,325,8.58,0.82,0.85,23.7,86.57,2.69,7.7,3.95,Passo Fundo,RS,Sul,-28.27,-52.41
2024,326,0.73,0.81,0.81,26.17,80.12,2.66,14.38,6.95,Passo Fundo,RS,Sul,-28.27,-52.41
2024,327,0.38,0.81,0.8,27.64,79.8,2.26,12.38,6.04,Passo Fundo,RS,Sul,-28.27,-52.41
2024,328,0.02,0.8,0.8,27.56,78.85,1.82,26.46,12.12,Passo Fundo,RS,Sul,-28.27,-52.41
2024,329,0.0,0.79,0.79,28.99,72.89,2.35,30.84,13.97,Passo Fundo,RS,Sul,-28.27,-52.41
2024,330,0.0,0.78,0.78,28.83,71.16,2.33,21.26,9.83,Passo Fundo,RS,Sul,-28.27,-52.41
2024,331,0.02,0.78,0.77,30.65,73.3,2.04,15.06,7.29,Passo Fundo,RS,Sul,-28.27,-52.41
2024,332,5.49,0.77,0.79,29.87,81.42,1.45,15.04,7.29,Passo Fundo,RS,Sul,-28.27,-52.41
2024,333,4.74,0.79,0.81,27.28,86.39,1.63,5.73,3.02,Passo Fundo,RS,Sul,-28.27,-52.41
2024,334,2.78,0.79,0.8,28.78,83.3,2.23,22.8,10.7,Passo Fundo,RS,Sul,-28.27,-52.41
2024,335,0.01,0.78,0.78,29.43,79.7,2.02,30.63,13.97,Passo Fundo,RS,Sul,-28.27,-52.41
2024,336,5.93,0.77,0.8,29.7,84.37,3.64,23.67,11.14,Passo Fundo,RS,Sul,-28.27,-52.41
2024,337,23.47,0.81,0.88,24.16,79.44,2.51,7.65,3.92,Passo Fundo,RS,Sul,-28.27,-52.41
2024,338,0.03,0.8,0.8,24.78,71.61,2.13,26.8,12.01,Passo Fundo,RS,Sul,-28.27,-52.41
2024,339,0.07,0.79,0.79,27.88,76.16,1.98,30.22,13.66,Passo Fundo,RS,Sul,-28.27,-52.41
2024,340,0.31,0.78,0.78,29.68,76.48,1.36,30.97,14.14,Passo Fundo,RS,Sul,-28.27,-52.41
2024,341,1.68,0.78,0.78,29.98,82.8,3.3,16.43,7.94,Passo Fundo,RS,Sul,-28.27,-52.41
2024,342,41.76,0.81,0.9,23.27,89.34,3.46,4.03,2.18,Passo Fundo,RS,Sul,-28.27,-52.41
2024,343,0.14,0.81,0.81,22.12,81.32,3.6,12.65,6.21,Passo Fundo,RS,Sul,-28.27,-52.41
2024,344,1.03,0.8,0.8,27.01,81.41,2.41,12.5,6.08,Passo Fundo,RS,Sul,-28.27,-52.41
2024,345,0.15,0.79,0.79,26.61,80.27,1.62,22.85,10.54,Passo Fundo,RS,Sul,-28.27,-52.41
2024,346,0.03,0.78,0.78,27.77,77.17,1.5,29.12,13.25,Passo Fundo,RS,Sul,-28.27,-52.41
2024,347,0.0,0.77,0.77,27.88,78.27,1.86,28.04,12.81,Passo Fundo,RS,Sul,-28.27,-52.41
2024,348,8.36,0.77,0.81,23.72,87.22,2.52,15.17,7.29,Passo Fundo,RS,Sul,-28.27,-52.41
2024,349,4.38,0.78,0.8,27.19,82.07,3.01,17.3,8.26,Passo Fundo,RS,Sul,-28.27,-52.41
2024,350,1.94,0.78,0.79,24.52,81.6,2.98,24.62,11.37,Passo Fundo,RS,Sul,-28.27,-52.41
2024,351,4.92,0.78,0.8,23.81,81.99,2.19,19.46,9.15,Passo Fundo,RS,Sul,-28.27,-52.41
2024,352,0.44,0.78,0.78,26.05,76.76,1.59,26.93,12.25,Passo Fundo,RS,Sul,-28.27,-52.41
2024,353,0.02,0.77,0.76,28.39,73.76,1.76,30.82,13.97,Passo Fundo,RS,Sul,-28.27,-52.41
2024,354,14.26,0.76,0.8,26.74,84.15,2.0,8.96,4.52,Passo Fundo,RS,Sul,-28.27,-52.41
2024,355,0.43,0.78,0.79,27.5,79.47,2.06,25.96,11.9,Passo Fundo,RS,Sul,-28.27,-52.41
2024,356,1.57,0.77,0.77,28.77,80.08,1.74,30.17,13.8,Passo Fundo,RS,Sul,-28.27,-52.41
2024,357,1.65,0.76,0.77,23.69,81.88,3.25,18.44,8.64,Passo Fundo,RS,Sul,-28.27,-52.41
2024,358,0.11,0.76,0.76,26.76,75.2,2.03,31.45,14.08,Passo Fundo,RS,Sul,-28.27,-52.41
2024,359,0.99,0.75,0.75,28.21,79.22,2.16,27.07,12.45,Passo Fundo,RS,Sul,-28.27,-52.41
2024,360,4.11,0.75,0.77,24.9,79.68,2.27,22.57,10.44,Passo Fundo,RS,Sul,-28.27,-52.41
2024,361,0.0,0.74,0.74,24.77,68.99,1.61,32.39,14.41,Passo Fundo,RS,Sul,-28.27,-52.41
2024,362,0.0,0.73,0.73,25.67,61.78,1.4,32.94,14.64,Passo Fundo,RS,Sul,-28.27,-52.41
2024,363,0.0,0.73,0.73,26.96,69.36,1.47,31.73,14.23,Passo Fundo,RS,Sul,-28.27,-52.41
2024,364,0.0,0.72,0.72,27.5,76.31,2.35,29.89,13.55,Passo Fundo,RS,Sul,-28.27,-52.41
2024,365,2.93,0.71,0.73,28.08,78.32,1.65,25.95,12.03,Passo Fundo,RS,Sul,-28.27,-52.41
2024,366,2.19,0.71,0.73,28.34,80.64,1.39,24.96,11.68,Passo Fundo,RS,Sul,-28.27,-52.41
2025,1,3.78,0.71,0.73,30.31,73.35,1.76,21.52,10.08,Passo Fundo,RS,Sul,-28.27,-52.41
2025,2,6.97,0.72,0.77,29.19,77.05,1.65,24.68,11.44,Passo Fundo,RS,Sul,-28.27,-52.41
2025,3,0.09,0.71,0.71,28.68,68.61,2.02,31.77,14.39,Passo Fundo,RS,Sul,-28.27,-52.41
2025,4,0.01,0.71,0.7,25.93,63.86,1.64,33.25,14.76,Passo Fundo,RS,Sul,-28.27,-52.41
2025,5,0.0,0.7,0.7,27.07,68.34,1.19,30.97,13.87,Passo Fundo,RS,Sul,-28.27,-52.41
2025,6,0.0,0.69,0.69,26.71,72.05,1.65,31.38,14.06,Passo Fundo,RS,Sul,-28.27,-52.41
2025,7,0.01,0.69,0.68,27.86,69.99,1.78,31.26,13.99,Passo Fundo,RS,Sul,-28.27,-52.41
2025,8,1.14,0.68,0.68,28.46,76.53,1.89,26.99,12.38,Passo Fundo,RS,Sul,-28.27,-52.41
2025,9,0.79,0.68,0.68,29.56,74.36,1.58,29.4,13.46,Passo Fundo,RS,Sul,-28.27,-52.41
2025,10,4.01,0.68,0.7,28.91,77.1,1.56,21.51,10.1,Passo Fundo,RS,Sul,-28.27,-52.41
2025,11,1.84,0.68,0.69,28.01,77.67,2.28,23.64,11.01,Passo Fundo,RS,Sul,-28.27,-52.41
2025,12,0.09,0.68,0.67,27.39,71.77,2.58,27.81,12.7,Passo Fundo,RS,Sul,-28.27,-52.41
2025,13,0.01,0.67,0.66,29.18,70.86,1.71,29.2,13.25,Passo Fundo,RS,Sul,-28.27,-52.41
2025,14,1.55,0.67,0.67,29.87,70.57,1.24,23.67,10.96,Passo Fundo,RS,Sul,-28.27,-52.41
2025,15,8.96,0.68,0.72,27.74,74.73,1.72,18.85,8.89,Passo Fundo,RS,Sul,-28.27,-52.41
2025,16,1.04,0.68,0.68,30.28,71.64,1.95,19.82,9.29,Passo Fundo,RS,Sul,-28.27,-52.41
2025,17,0.54,0.67,0.67,31.29,72.67,1.89,28.18,13.04,Passo Fundo,RS,Sul,-28.27,-52.41
2025,18,0.63,0.67,0.66,31.82,66.43,1.5,27.92,12.86,Passo Fundo,RS,Sul,-28.27,-52.41
2025,19,1.3,0.66,0.65,33.12,69.84,1.59,27.47,12.69,Passo Fundo,RS,Sul,-28.27,-52.41
2025,20,1.29,0.66,0.65,29.87,71.28,2.5,20.13,9.33,Passo Fundo,RS,Sul,-28.27,-52.41
2025,21,0.11,0.65,0.63,29.68,63.52,2.11,27.59,12.59,Passo Fundo,RS,Sul,-28.27,-52.41
2025,22,0.0,0.65,0.62,32.89,52.35,1.24,30.75,13.85,Passo Fundo,RS,Sul,-28.27,-52.41
2025,23,4.05,0.65,0.65,33.55,64.19,1.36,28.28,12.95,Passo Fundo,RS,Sul,-28.27,-52.41
2025,24,5.9,0.65,0.68,29.96,77.74,1.52,13.11,6.44,Passo Fundo,RS,Sul,-28.27,-52.41
2025,25,2.74,0.66,0.68,29.63,79.4,2.13,21.47,10.13,Passo Fundo,RS,Sul,-28.27,-52.41
2025,26,0.03,0.66,0.64,30.76,69.43,2.21,26.3,11.92,Passo Fundo,RS,Sul,-28.27,-52.41
2025,27,1.46,0.65,0.64,31.04,72.29,2.09,23.46,10.97,Passo Fundo,RS,Sul,-28.27,-52.41
2025,28,3.29,0.65,0.66,30.71,75.08,1.34,24.68,11.52,Passo Fundo,RS,Sul,-28.27,-52.41
2025,29,0.4,0.65,0.64,32.18,71.01,1.48,22.25,10.29,Passo Fundo,RS,Sul,-28.27,-52.41
2025,30,1.03,0.65,0.63,30.01,73.32,1.7,20.89,9.81,Passo Fundo,RS,Sul,-28.27,-52.41
2025,31,0.14,0.65,0.62,30.77,70.64,1.53,24.2,11.23,Passo Fundo,RS,Sul,-28.27,-52.41
2025,32,0.06,0.64,0.61,31.92,67.6,1.51,25.91,11.95,Passo Fundo,RS,Sul,-28.27,-52.41
2025,33,0.01,0.64,0.61,33.35,65.71,1.38,26.82,12.3,Passo Fundo,RS,Sul,-28.27,-52.41
2025,34,6.09,0.64,0.65,33.55,65.34,1.25,25.71,11.92,Passo Fundo,RS,Sul,-28.27,-52.41
2025,35,0.78,0.64,0.63,34.29,67.84,1.56,26.61,12.36,Passo Fundo,RS,Sul,-28.27,-52.41
2025,36,0.04,0.64,0.61,36.52,60.52,1.09,28.07,12.92,Passo Fundo,RS,Sul,-28.27,-52.41
2025,37,6.89,0.64,0.66,30.64,76.92,2.49,17.51,8.33,Passo Fundo,RS,Sul,-28.27,-52.41
2025,38,2.71,0.65,0.66,32.53,69.93,1.79,23.01,10.54,Passo Fundo,RS,Sul,-28.27,-52.41
2025,39,0.01,0.64,0.62,34.26,66.65,1.41,27.91,12.73,Passo Fundo,RS,Sul,-28.27,-52.41
2025,40,0.01,0.64,0.61,34.96,62.48,1.24,26.06,12.04,Passo Fundo,RS,Sul,-28.27,-52.41
2025,41,0.09,0.63,0.6,35.7,61.4,1.42,23.32,10.9,Passo Fundo,RS,Sul,-28.27,-52.41
2025,42,2.55,0.63,0.62,35.04,60.55,1.92,24.7,11.51,Passo Fundo,RS,Sul,-28.27,-52.41
2025,43,2.72,0.63,0.62,34.39,61.72,1.75,18.66,8.78,Passo Fundo,RS,Sul,-28.27,-52.41
2025,44,8.48,0.65,0.69,30.57,74.98,2.16,17.65,8.4,Passo Fundo,RS,Sul,-28.27,-52.41
2025,45,0.05,0.64,0.62,33.06,69.1,1.67,26.58,12.26,Passo Fundo,RS,Sul,-28.27,-52.41
2025,46,12.27,0.65,0.7,32.23,72.69,1.96,16.61,7.95,Passo Fundo,RS,Sul,-28.27,-52.41
2025,47,17.95,0.68,0.78,30.44,84.82,1.98,22.04,10.45,Passo Fundo,RS,Sul,-28.27,-52.41
2025,48,11.6,0.69,0.76,27.85,90.06,2.12,8.86,4.43,Passo Fundo,RS,Sul,-28.27,-52.41
2025,49,3.35,0.71,0.75,26.86,78.53,1.53,19.01,8.8,Passo Fundo,RS,Sul,-28.27,-52.41
2025,50,0.04,0.7,0.7,28.54,79.56,1.57,20.53,9.43,Passo Fundo,RS,Sul,-28.27,-52.41
2025,51,0.01,0.69,0.69,28.83,75.72,1.23,27.19,12.27,Passo Fundo,RS,Sul,-28.27,-52.41
2025,52,0.14,0.68,0.68,29.85,76.28,1.09,23.16,10.78,Passo Fundo,RS,Sul,-28.27,-52.41
2025,53,0.03,0.67,0.66,31.82,70.33,1.42,27.06,12.38,Passo Fundo,RS,Sul,-28.27,-52.41
2025,54,0.16,0.66,0.65,32.33,72.13,1.38,24.08,11.22,Passo Fundo,RS,Sul,-28.27,-52.41
2025,55,0.0,0.65,0.63,33.8,64.07,1.69,26.36,12.13,Passo Fundo,RS,Sul,-28.27,-52.41
2025,56,2.75,0.64,0.64,34.71,62.55,1.6,20.99,9.75,Passo Fundo,RS,Sul,-28.27,-52.41
2025,57,9.14,0.65,0.69,32.56,72.11,1.71,21.12,9.88,Passo Fundo,RS,Sul,-28.27,-52.41
2025,58,11.15,0.66,0.74,28.07,83.68,0.89,16.57,7.87,Passo Fundo,RS,Sul,-28.27,-52.41
2025,59,7.85,0.69,0.75,27.94,85.97,1.45,18.76,8.95,Passo Fundo,RS,Sul,-28.27,-52.41
2025,60,5.56,0.68,0.72,32.28,73.3,1.96,21.05,9.95,Passo Fundo,RS,Sul,-28.27,-52.41
2025,61,0.71,0.68,0.69,33.05,74.34,1.19,23.31,10.9,Passo Fundo,RS,Sul,-28.27,-52.41
2025,62,0.04,0.67,0.67,33.94,71.94,1.48,25.27,11.69,Passo Fundo,RS,Sul,-28.27,-52.41
2025,63,0.0,0.66,0.64,32.82,64.61,1.91,26.82,12.24,Passo Fundo,RS,Sul,-28.27,-52.41
2025,64,0.01,0.65,0.63,33.59,64.68,2.4,26.03,11.84,Passo Fundo,RS,Sul,-28.27,-52.41
2025,65,0.14,0.64,0.62,33.03,65.5,2.21,22.84,10.59,Passo Fundo,RS,Sul,-28.27,-52.41
2025,66,0.0,0.64,0.61,34.37,59.55,2.37,26.09,11.9,Passo Fundo,RS,Sul,-28.27,-52.41
2025,67,0.01,0.63,0.6,34.51,62.42,2.29,21.03,9.77,Passo Fundo,RS,Sul,-28.27,-52.41
2025,68,8.22,0.64,0.67,27.34,79.07,2.6,10.08,4.94,Passo Fundo,RS,Sul,-28.27,-52.41
2025,69,0.36,0.64,0.64,28.42,71.2,2.28,18.92,8.66,Passo Fundo,RS,Sul,-28.27,-52.41
2025,70,0.24,0.64,0.62,30.53,70.47,1.43,17.34,8.11,Passo Fundo,RS,Sul,-28.27,-52.41
2025,71,0.28,0.64,0.62,29.45,71.84,1.74,14.42,6.74,Passo Fundo,RS,Sul,-28.27,-52.41
2025,72,0.16,0.64,0.61,28.13,72.16,1.94,17.58,8.15,Passo Fundo,RS,Sul,-28.27,-52.41
2025,73,0.01,0.63,0.61,27.21,63.21,1.53,24.64,10.85,Passo Fundo,RS,Sul,-28.27,-52.41
2025,74,0.01,0.63,0.61,27.86,63.52,1.84,19.03,8.55,Passo Fundo,RS,Sul,-28.27,-52.41
2025,75,0.07,0.63,0.6,30.78,66.75,1.76,23.75,10.68,Passo Fundo,RS,Sul,-28.27,-52.41
2025,76,0.05,0.63,0.6,32.19,66.59,1.81,20.89,9.57,Passo Fundo,RS,Sul,-28.27,-52.41
2025,77,0.02,0.62,0.59,30.1,67.49,1.66,19.16,8.89,Passo Fundo,RS,Sul,-28.27,-52.41
2025,78,0.0,0.62,0.59,30.05,62.24,2.19,25.07,11.12,Passo Fundo,RS,Sul,-28.27,-52.41
2025,79,0.0,0.62,0.58,30.98,59.88,1.73,24.81,11.0,Passo Fundo,RS,Sul,-28.27,-52.41
2025,80,0.0,0.62,0.57,32.55,57.19,1.49,24.13,10.77,Passo Fundo,RS,Sul,-28.27,-52.41
2025,81,0.0,0.62,0.56,31.81,55.54,2.03,16.26,7.55,Passo Fundo,RS,Sul,-28.27,-52.41
2025,82,0.09,0.62,0.55,32.71,60.0,1.56,20.42,9.39,Passo Fundo,RS,Sul,-28.27,-52.41
2025,83,0.98,0.62,0.55,32.16,66.4,1.46,16.96,7.95,Passo Fundo,RS,Sul,-28.27,-52.41
2025,84,2.15,0.62,0.59,29.36,75.48,1.88,14.81,6.95,Passo Fundo,RS,Sul,-28.27,-52.41
2025,85,1.19,0.62,0.59,31.19,72.49,1.93,19.14,8.89,Passo Fundo,RS,Sul,-28.27,-52.41
2025,86,2.46,0.62,0.61,30.33,78.59,2.41,6.56,3.26,Passo Fundo,RS,Sul,-28.27,-52.41
2025,87,17.84,0.65,0.73,26.81,87.51,1.87,15.28,7.25,Passo Fundo,RS,Sul,-28.27,-52.41
2025,88,1.21,0.66,0.66,27.22,81.64,0.77,13.35,6.35,Passo Fundo,RS,Sul,-28.27,-52.41
2025,89,0.38,0.65,0.65,30.9,73.53,1.26,21.63,9.97,Passo Fundo,RS,Sul,-28.27,-52.41
2025,90,2.64,0.65,0.64,30.94,75.8,1.89,12.67,6.0,Passo Fundo,RS,Sul,-28.27,-52.41
2025,91,4.38,0.66,0.69,28.29,80.74,1.78,11.51,5.5,Passo Fundo,RS,Sul,-28.27,-52.41
2025,92,10.87,0.66,0.71,27.56,85.43,2.71,9.05,4.45,Passo Fundo,RS,Sul,-28.27,-52.41
2025,93,6.39,0.68,0.74,24.43,87.87,1.78,8.32,4.12,Passo Fundo,RS,Sul,-28.27,-52.41
2025,94,0.08,0.68,0.68,19.42,67.44,2.73,20.67,9.06,Passo Fundo,RS,Sul,-28.27,-52.41
2025,95,0.0,0.67,0.67,23.01,70.6,3.01,22.16,9.77,Passo Fundo,RS,Sul,-28.27,-52.41
2025,96,0.0,0.67,0.66,25.09,69.25,2.36,21.92,9.74,Passo Fundo,RS,Sul,-28.27,-52.41
2025,97,17.13,0.66,0.71,20.32,84.77,2.15,4.78,2.49,Passo Fundo,RS,Sul,-28.27,-52.41
2025,98,25.31,0.73,0.87,22.22,93.14,2.48,5.52,2.81,Passo Fundo,RS,Sul,-28.27,-52.41
2025,99,0.48,0.73,0.74,21.55,82.74,1.06,14.32,6.54,Passo Fundo,RS,Sul,-28.27,-52.41
2025,100,0.02,0.71,0.72,24.33,75.57,0.59,16.61,7.53,Passo Fundo,RS,Sul,-28.27,-52.41
2025,101,0.05,0.71,0.71,26.1,80.79,1.34,17.92,8.17,Passo Fundo,RS,Sul,-28.27,-52.41
2025,102,3.81,0.7,0.72,23.04,88.19,1.63,7.11,3.49,Passo Fundo,RS,Sul,-28.27,-52.41
2025,103,4.39,0.71,0.75,23.68,88.89,1.41,10.42,4.97,Passo Fundo,RS,Sul,-28.27,-52.41
2025,104,0.13,0.7,0.71,24.05,80.32,1.94,19.26,8.68,Passo Fundo,RS,Sul,-28.27,-52.41
2025,105,1.51,0.7,0.71,24.62,84.17,1.77,14.08,6.57,Passo Fundo,RS,Sul,-28.27,-52.41
2025,106,0.22,0.69,0.7,25.56,80.23,1.06,16.86,7.7,Passo Fundo,RS,Sul,-28.27,-52.41
2025,107,0.03,0.68,0.69,26.72,77.81,1.06,17.73,8.06,Passo Fundo,RS,Sul,-28.27,-52.41
2025,108,1.05,0.68,0.69,27.33,76.83,1.17,14.09,6.59,Passo Fundo,RS,Sul,-28.27,-52.41
2025,109,0.25,0.68,0.68,24.94,79.53,2.1,8.76,4.16,Passo Fundo,RS,Sul,-28.27,-52.41
2025,110,0.0,0.67,0.67,21.26,70.34,1.85,19.26,8.47,Passo Fundo,RS,Sul,-28.27,-52.41
2025,111,0.01,0.67,0.66,23.46,69.82,2.06,16.59,7.37,Passo Fundo,RS,Sul,-28.27,-52.41
2025,112,0.0,0.66,0.66,25.57,74.53,1.35,15.61,6.93,Passo Fundo,RS,Sul,-28.27,-52.41
2025,113,0.01,0.66,0.65,26.65,72.18,1.28,15.98,7.16,Passo Fundo,RS,Sul,-28.27,-52.41
2025,114,0.01,0.66,0.66,22.8,75.93,0.97,8.65,4.13,Passo Fundo,RS,Sul,-28.27,-52.41
2025,115,0.07,0.66,0.65,27.35,76.66,1.42,16.11,7.34,Passo Fundo,RS,Sul,-28.27,-52.41
2025,116,0.01,0.65,0.64,26.5,77.04,1.37,11.69,5.42,Passo Fundo,RS,Sul,-28.27,-52.41
2025,117,6.23,0.65,0.68,25.35,83.28,1.45,9.54,4.5,Passo Fundo,RS,Sul,-28.27,-52.41
2025,118,1.02,0.66,0.68,20.77,68.24,2.16,18.13,7.95,Passo Fundo,RS,Sul,-28.27,-52.41
2025,119,0.28,0.66,0.66,20.97,65.35,1.38,18.56,8.15,Passo Fundo,RS,Sul,-28.27,-52.41
2025,120,0.43,0.66,0.65,22.38,68.69,1.43,17.82,7.81,Passo Fundo,RS,Sul,-28.27,-52.41
2025,121,0.0,0.65,0.64,25.0,64.99,1.41,17.91,7.86,Passo Fundo,RS,Sul,-28.27,-52.41
2025,122,0.0,0.65,0.64,24.76,71.2,1.67,10.09,4.71,Passo Fundo,RS,Sul,-28.27,-52.41
2025,123,0.0,0.65,0.64,26.06,67.34,1.1,16.81,7.62,Passo Fundo,RS,Sul,-28.27,-52.41
2025,124,0.0,0.65,0.63,27.61,68.71,1.65,17.1,7.59,Passo Fundo,RS,Sul,-28.27,-52.41
2025,125,0.04,0.64,0.63,27.83,63.89,1.43,16.23,7.35,Passo Fundo,RS,Sul,-28.27,-52.41
2025,126,0.39,0.64,0.63,26.08,71.01,1.11,12.81,5.9,Passo Fundo,RS,Sul,-28.27,-52.41
2025,127,1.83,0.64,0.64,27.58,76.78,2.24,7.21,3.46,Passo Fundo,RS,Sul,-28.27,-52.41
2025,128,10.84,0.64,0.68,27.39,74.48,3.04,8.82,4.18,Passo Fundo,RS,Sul,-28.27,-52.41
2025,129,25.55,0.67,0.77,27.17,83.7,3.82,1.4,0.77,Passo Fundo,RS,Sul,-28.27,-52.41
2025,130,0.23,0.69,0.72,21.99,78.76,1.38,16.62,7.34,Passo Fundo,RS,Sul,-28.27,-52.41
2025,131,0.04,0.69,0.69,20.17,72.9,1.49,16.05,7.08,Passo Fundo,RS,Sul,-28.27,-52.41
2025,132,0.03,0.68,0.69,21.72,77.95,2.5,15.45,6.82,Passo Fundo,RS,Sul,-28.27,-52.41
2025,133,0.04,0.68,0.68,24.11,80.02,2.08,14.86,6.71,Passo Fundo,RS,Sul,-28.27,-52.41
2025,134,0.04,0.67,0.68,25.26,75.61,1.82,14.61,6.6,Passo Fundo,RS,Sul,-28.27,-52.41
2025,135,0.04,0.67,0.67,24.12,72.25,1.88,14.32,6.42,Passo Fundo,RS,Sul,-28.27,-52.41
2025,136,0.02,0.67,0.67,22.1,78.37,2.01,12.42,5.59,Passo Fundo,RS,Sul,-28.27,-52.41
2025,137,0.0,0.66,0.66,25.66,73.83,2.39,11.11,5.1,Passo Fundo,RS,Sul,-28.27,-52.41
2025,138,6.57,0.66,0.69,27.99,73.87,2.88,8.12,3.81,Passo Fundo,RS,Sul,-28.27,-52.41
2025,139,2.39,0.67,0.71,24.48,82.57,1.36,13.71,6.31,Passo Fundo,RS,Sul,-28.27,-52.41
2025,140,9.01,0.68,0.75,19.99,92.73,1.25,5.81,2.83,Passo Fundo,RS,Sul,-28.27,-52.41
2025,141,0.46,0.69,0.7,18.21,83.53,2.02,5.89,2.86,Passo Fundo,RS,Sul,-28.27,-52.41
2025,142,0.01,0.69,0.69,20.05,75.09,2.44,8.73,3.95,Passo Fundo,RS,Sul,-28.27,-52.41
2025,143,0.11,0.68,0.69,21.54,83.02,1.9,11.97,5.35,Passo Fundo,RS,Sul,-28.27,-52.41
2025,144,23.86,0.69,0.79,17.93,95.14,2.05,1.08,0.62,Passo Fundo,RS,Sul,-28.27,-52.41
2025,145,6.47,0.72,0.77,24.14,84.66,1.74,10.47,4.87,Passo Fundo,RS,Sul,-28.27,-52.41
2025,146,9.44,0.72,0.78,19.06,92.4,1.45,4.1,2.12,Passo Fundo,RS,Sul,-28.27,-52.41
2025,147,2.28,0.73,0.75,24.57,77.69,3.51,3.73,1.82,Passo Fundo,RS,Sul,-28.27,-52.41
2025,148,40.22,0.75,0.85,18.46,86.43,4.3,5.3,2.55,Passo Fundo,RS,Sul,-28.27,-52.41
2025,149,0.63,0.75,0.77,11.69,82.38,2.34,7.26,3.29,Passo Fundo,RS,Sul,-28.27,-52.41
2025,150,0.03,0.74,0.75,13.92,78.82,0.98,10.84,4.8,Passo Fundo,RS,Sul,-28.27,-52.41
2025,151,0.02,0.73,0.74,16.42,83.86,1.45,12.67,5.59,Passo Fundo,RS,Sul,-28.27,-52.41
2025,152,0.07,0.72,0.73,15.63,84.24,1.23,14.12,6.12,Passo Fundo,RS,Sul,-28.27,-52.41
2025,153,13.74,0.73,0.8,15.99,92.85,1.56,4.83,2.3,Passo Fundo,RS,Sul,-28.27,-52.41
2025,154,5.18,0.74,0.79,21.48,92.47,1.56,2.6,1.36,Passo Fundo,RS,Sul,-28.27,-52.41
2025,155,3.9,0.74,0.77,21.22,94.6,1.45,6.97,3.23,Passo Fundo,RS,Sul,-28.27,-52.41
2025,156,18.7,0.76,0.84,20.98,88.04,1.83,6.78,3.17,Passo Fundo,RS,Sul,-28.27,-52.41
2025,157,0.04,0.76,0.76,17.95,87.32,1.34,8.4,3.73,Passo Fundo,RS,Sul,-28.27,-52.41
2025,158,0.12,0.74,0.75,19.34,84.79,1.74,6.83,3.05,Passo Fundo,RS,Sul,-28.27,-52.41
2025,159,0.07,0.74,0.74,15.74,87.75,1.98,5.44,2.5,Passo Fundo,RS,Sul,-28.27,-52.41
2025,160,13.27,0.74,0.8,14.0,89.43,2.16,8.19,3.66,Passo Fundo,RS,Sul,-28.27,-52.41
2025,161,20.9,0.77,0.85,14.02,88.88,1.33,8.87,3.95,Passo Fundo,RS,Sul,-28.27,-52.41
2025,162,0.0,0.77,0.77,13.75,83.25,2.32,14.03,6.01,Passo Fundo,RS,Sul,-28.27,-52.41
2025,163,0.0,0.75,0.76,16.12,80.33,2.89,14.56,6.26,Passo Fundo,RS,Sul,-28.27,-52.41
2025,164,0.14,0.75,0.75,18.61,82.01,3.05,14.09,6.13,Passo Fundo,RS,Sul,-28.27,-52.41
2025,165,22.28,0.74,0.79,19.82,83.65,4.76,3.39,1.68,Passo Fundo,RS,Sul,-28.27,-52.41
2025,166,12.61,0.77,0.84,15.23,89.14,2.26,5.24,2.43,Passo Fundo,RS,Sul,-28.27,-52.41
2025,167,7.25,0.77,0.79,22.0,87.28,2.31,11.43,5.11,Passo Fundo,RS,Sul,-28.27,-52.41
2025,168,44.73,0.79,0.91,23.66,88.89,3.97,1.55,0.86,Passo Fundo,RS,Sul,-28.27,-52.41
2025,169,32.91,0.83,0.91,21.84,89.71,2.59,1.17,0.62,Passo Fundo,RS,Sul,-28.27,-52.41
2025,170,30.74,0.85,0.93,18.46,95.14,1.22,1.92,1.02,Passo Fundo,RS,Sul,-28.27,-52.41
2025,171,3.27,0.85,0.86,16.16,94.0,1.79,5.97,2.79,Passo Fundo,RS,Sul,-28.27,-52.41
2025,172,0.64,0.83,0.83,15.7,91.14,1.17,7.43,3.41,Passo Fundo,RS,Sul,-28.27,-52.41
2025,173,19.51,0.81,0.85,17.42,93.92,1.44,3.47,1.7,Passo Fundo,RS,Sul,-28.27,-52.41
2025,174,4.76,0.83,0.86,11.85,74.89,3.23,13.41,5.81,Passo Fundo,RS,Sul,-28.27,-52.41
2025,175,0.0,0.81,0.81,9.35,70.75,2.62,14.61,6.15,Passo Fundo,RS,Sul,-28.27,-52.41
2025,176,0.13,0.8,0.8,15.43,68.1,2.0,14.43,6.07,Passo Fundo,RS,Sul,-28.27,-52.41
2025,177,10.16,0.8,0.85,13.45,93.84,1.31,3.39,1.7,Passo Fundo,RS,Sul,-28.27,-52.41
2025,178,0.16,0.8,0.81,15.79,82.67,1.94,10.2,4.53,Passo Fundo,RS,Sul,-28.27,-52.41
2025,179,65.98,0.81,0.9,16.49,97.16,1.57,2.21,1.12,Passo Fundo,RS,Sul,-28.27,-52.41
2025,180,12.84,0.85,0.9,11.73,95.1,1.97,4.23,2.03,Passo Fundo,RS,Sul,-28.27,-52.41
2025,181,0.19,0.84,0.84,9.66,82.08,2.09,7.44,3.33,Passo Fundo,RS,Sul,-28.27,-52.41
2025,182,0.0,0.82,0.82,6.69,75.1,1.31,14.36,6.04,Passo Fundo,RS,Sul,-28.27,-52.41
2025,183,0.06,0.82,0.82,10.79,80.26,2.78,14.5,6.16,Passo Fundo,RS,Sul,-28.27,-52.41
2025,184,0.0,0.81,0.81,14.75,85.34,2.48,14.22,6.17,Passo Fundo,RS,Sul,-28.27,-52.41
2025,185,0.0,0.81,0.81,16.88,82.94,2.06,13.99,6.06,Passo Fundo,RS,Sul,-28.27,-52.41
2025,186,0.0,0.8,0.81,18.01,85.64,1.49,13.75,6.02,Passo Fundo,RS,Sul,-28.27,-52.41
2025,187,0.0,0.8,0.8,18.06,84.94,1.63,13.78,6.01,Passo Fundo,RS,Sul,-28.27,-52.41
2025,188,0.02,0.8,0.8,19.3,81.14,1.57,13.84,6.08,Passo Fundo,RS,Sul,-28.27,-52.41
2025,189,0.17,0.8,0.8,18.73,87.01,1.09,13.67,6.05,Passo Fundo,RS,Sul,-28.27,-52.41
2025,190,0.05,0.79,0.8,18.05,84.23,1.92,14.43,6.23,Passo Fundo,RS,Sul,-28.27,-52.41
2025,191,0.05,0.79,0.79,18.91,76.94,1.73,13.12,5.73,Passo Fundo,RS,Sul,-28.27,-52.41
2025,192,0.01,0.79,0.79,20.39,80.33,1.33,11.45,5.15,Passo Fundo,RS,Sul,-28.27,-52.41
2025,193,0.01,0.79,0.79,21.89,81.85,1.26,11.0,4.92,Passo Fundo,RS,Sul,-28.27,-52.41
2025,194,0.0,0.79,0.79,22.08,79.16,1.42,12.47,5.59,Passo Fundo,RS,Sul,-28.27,-52.41
2025,195,0.19,0.78,0.79,22.87,79.78,1.3,13.11,5.92,Passo Fundo,RS,Sul,-28.27,-52.41
2025,196,0.01,0.78,0.78,23.35,76.97,1.59,14.17,6.33,Passo Fundo,RS,Sul,-28.27,-52.41
2025,197,0.18,0.78,0.78,23.32,78.46,2.49,6.91,3.22,Passo Fundo,RS,Sul,-28.27,-52.41
2025,198,8.87,0.79,0.83,16.62,82.01,3.63,4.63,2.24,Passo Fundo,RS,Sul,-28.27,-52.41
2025,199,2.17,0.79,0.81,12.36,91.48,1.77,5.87,2.78,Passo Fundo,RS,Sul,-28.27,-52.41
2025,200,0.45,0.79,0.8,18.85,86.04,1.05,14.43,6.33,Passo Fundo,RS,Sul,-28.27,-52.41
2025,201,0.0,0.79,0.79,20.97,76.07,1.29,15.32,6.65,Passo Fundo,RS,Sul,-28.27,-52.41
2025,202,0.0,0.79,0.79,20.96,79.17,1.45,15.17,6.64,Passo Fundo,RS,Sul,-28.27,-52.41
2025,203,0.0,0.79,0.79,20.86,86.42,1.2,10.23,4.7,Passo Fundo,RS,Sul,-28.27,-52.41
2025,204,0.03,0.78,0.79,15.61,89.61,2.25,6.58,3.08,Passo Fundo,RS,Sul,-28.27,-52.41
2025,205,1.8,0.79,0.8,15.07,91.68,2.46,4.06,1.98,Passo Fundo,RS,Sul,-28.27,-52.41
2025,206,0.07,0.79,0.79,19.84,89.54,1.87,8.68,3.98,Passo Fundo,RS,Sul,-28.27,-52.41
2025,207,3.09,0.78,0.79,24.27,84.35,1.4,10.14,4.65,Passo Fundo,RS,Sul,-28.27,-52.41
2025,208,39.03,0.81,0.91,19.37,93.78,3.0,1.75,0.92,Passo Fundo,RS,Sul,-28.27,-52.41
2025,209,6.17,0.83,0.86,14.21,88.86,3.65,7.09,3.35,Passo Fundo,RS,Sul,-28.27,-52.41
2025,210,0.32,0.82,0.82,13.51,79.98,2.08,16.27,7.01,Passo Fundo,RS,Sul,-28.27,-52.41
2025,211,0.04,0.81,0.81,16.48,79.41,1.78,16.26,7.16,Passo Fundo,RS,Sul,-28.27,-52.41
2025,212,0.15,0.81,0.81,20.89,73.59,2.41,16.54,7.21,Passo Fundo,RS,Sul,-28.27,-52.41
2025,213,0.02,0.8,0.8,22.54,76.92,3.27,14.24,6.27,Passo Fundo,RS,Sul,-28.27,-52.41
2025,214,0.91,0.8,0.8,24.82,73.48,3.75,11.68,5.34,Passo Fundo,RS,Sul,-28.27,-52.41
2025,215,23.33,0.81,0.89,20.11,86.81,2.81,1.33,0.68,Passo Fundo,RS,Sul,-28.27,-52.41
2025,216,8.64,0.84,0.88,15.15,93.57,3.47,5.36,2.57,Passo Fundo,RS,Sul,-28.27,-52.41
2025,217,0.01,0.83,0.83,18.43,85.89,3.06,9.32,4.32,Passo Fundo,RS,Sul,-28.27,-52.41
2025,218,3.42,0.82,0.83,17.27,90.66,1.85,7.69,3.61,Passo Fundo,RS,Sul,-28.27,-52.41
2025,219,6.63,0.82,0.85,18.26,91.82,1.47,7.16,3.36,Passo Fundo,RS,Sul,-28.27,-52.41
2025,220,2.05,0.83,0.84,12.03,86.98,2.41,6.25,2.86,Passo Fundo,RS,Sul,-28.27,-52.41
2025,221,0.07,0.82,0.82,11.15,87.06,1.53,8.55,3.88,Passo Fundo,RS,Sul,-28.27,-52.41
2025,222,0.03,0.82,0.82,15.21,83.44,1.1,14.5,6.34,Passo Fundo,RS,Sul,-28.27,-52.41
2025,223,0.01,0.82,0.81,16.7,79.99,1.32,18.11,7.81,Passo Fundo,RS,Sul,-28.27,-52.41
2025,224,0.03,0.81,0.81,18.74,78.61,1.66,18.09,7.83,Passo Fundo,RS,Sul,-28.27,-52.41
2025,225,0.03,0.81,0.81,19.38,80.86,1.52,17.78,7.78,Passo Fundo,RS,Sul,-28.27,-52.41
2025,226,0.0,0.8,0.8,17.22,83.72,2.15,16.45,7.26,Passo Fundo,RS,Sul,-28.27,-52.41
2025,227,0.01,0.8,0.8,19.83,82.14,2.38,17.13,7.55,Passo Fundo,RS,Sul,-28.27,-52.41
2025,228,0.02,0.8,0.8,21.99,82.3,2.18,9.89,4.58,Passo Fundo,RS,Sul,-28.27,-52.41
2025,229,0.0,0.79,0.8,22.42,85.53,1.23,15.96,7.23,Passo Fundo,RS,Sul,-28.27,-52.41
2025,230,1.05,0.79,0.8,24.71,80.99,1.6,8.98,4.16,Passo Fundo,RS,Sul,-28.27,-52.41
2025,231,5.8,0.79,0.8,24.8,78.82,3.99,10.29,4.81,Passo Fundo,RS,Sul,-28.27,-52.41
2025,232,1.8,0.8,0.82,18.04,79.97,4.86,14.18,6.44,Passo Fundo,RS,Sul,-28.27,-52.41
2025,233,1.86,0.8,0.8,21.96,83.08,1.41,16.3,7.38,Passo Fundo,RS,Sul,-28.27,-52.41
2025,234,0.48,0.8,0.8,26.88,77.52,4.39,15.06,6.92,Passo Fundo,RS,Sul,-28.27,-52.41
2025,235,15.1,0.81,0.86,21.0,83.26,3.57,2.05,1.11,Passo Fundo,RS,Sul,-28.27,-52.41
2025,236,0.47,0.82,0.82,12.66,77.53,2.35,6.72,3.18,Passo Fundo,RS,Sul,-28.27,-52.41
2025,237,0.13,0.81,0.81,13.98,74.09,1.05,10.84,4.9,Passo Fundo,RS,Sul,-28.27,-52.41
2025,238,0.17,0.81,0.81,17.35,69.01,2.06,8.63,3.99,Passo Fundo,RS,Sul,-28.27,-52.41
2025,239,0.34,0.8,0.8,21.57,85.39,1.88,17.02,7.69,Passo Fundo,RS,Sul,-28.27,-52.41
2025,240,0.07,0.8,0.8,22.02,84.23,1.81,18.6,8.33,Passo Fundo,RS,Sul,-28.27,-52.41
2025,241,0.03,0.79,0.79,23.39,80.57,2.01,19.46,8.65,Passo Fundo,RS,Sul,-28.27,-52.41
2025,242,0.07,0.79,0.79,25.3,79.66,2.56,20.16,9.05,Passo Fundo,RS,Sul,-28.27,-52.41
2025,243,0.01,0.78,0.78,24.04,79.41,3.04,18.11,8.01,Passo Fundo,RS,Sul,-28.27,-52.41
2025,244,0.02,0.78,0.78,23.91,82.89,2.82,11.51,5.29,Passo Fundo,RS,Sul,-28.27,-52.41
2025,245,2.49,0.78,0.8,23.09,85.59,3.13,9.45,4.49,Passo Fundo,RS,Sul,-28.27,-52.41
2025,246,13.91,0.79,0.85,25.14,82.29,3.53,8.06,3.93,Passo Fundo,RS,Sul,-28.27,-52.41
2025,247,30.07,0.82,0.9,19.32,89.9,2.12,2.8,1.47,Passo Fundo,RS,Sul,-28.27,-52.41
2025,248,6.36,0.84,0.87,13.61,84.8,3.14,4.49,2.28,Passo Fundo,RS,Sul,-28.27,-52.41
2025,249,0.05,0.83,0.83,14.79,76.24,2.81,15.4,6.8,Passo Fundo,RS,Sul,-28.27,-52.41
2025,250,1.82,0.82,0.82,20.36,81.68,1.42,15.76,6.99,Passo Fundo,RS,Sul,-28.27,-52.41
2025,251,17.88,0.83,0.9,17.77,95.57,1.7,5.15,2.67,Passo Fundo,RS,Sul,-28.27,-52.41
2025,252,6.31,0.85,0.87,19.21,83.09,2.53,19.52,8.76,Passo Fundo,RS,Sul,-28.27,-52.41
2025,253,0.0,0.83,0.83,23.0,73.03,1.1,23.03,9.96,Passo Fundo,RS,Sul,-28.27,-52.41
2025,254,0.08,0.82,0.82,23.3,75.67,1.86,22.24,9.8,Passo Fundo,RS,Sul,-28.27,-52.41
2025,255,0.0,0.82,0.81,21.3,68.4,2.76,23.66,10.14,Passo Fundo,RS,Sul,-28.27,-52.41
2025,256,0.02,0.81,0.8,24.83,76.82,2.45,22.24,9.71,Passo Fundo,RS,Sul,-28.27,-52.41
2025,257,2.6,0.81,0.82,21.35,88.83,2.02,12.32,5.85,Passo Fundo,RS,Sul,-28.27,-52.41
2025,258,3.05,0.81,0.82,23.21,89.07,1.25,4.67,2.37,Passo Fundo,RS,Sul,-28.27,-52.41
2025,259,0.12,0.81,0.81,23.96,83.63,1.54,18.02,8.13,Passo Fundo,RS,Sul,-28.27,-52.41
2025,260,0.08,0.8,0.8,25.72,77.47,1.74,23.67,10.42,Passo Fundo,RS,Sul,-28.27,-52.41
2025,261,0.03,0.8,0.79,26.25,76.54,2.2,20.82,9.31,Passo Fundo,RS,Sul,-28.27,-52.41
2025,262,0.18,0.79,0.79,27.15,78.47,1.91,16.74,7.66,Passo Fundo,RS,Sul,-28.27,-52.41
2025,263,30.15,0.81,0.88,24.29,88.42,1.8,4.8,2.42,Passo Fundo,RS,Sul,-28.27,-52.41
2025,264,10.6,0.83,0.86,26.18,89.95,2.69,3.12,1.69,Passo Fundo,RS,Sul,-28.27,-52.41
2025,265,32.82,0.85,0.88,17.86,81.15,3.22,15.75,7.2,Passo Fundo,RS,Sul,-28.27,-52.41
2025,266,0.01,0.83,0.83,19.88,73.75,1.55,24.99,10.92,Passo Fundo,RS,Sul,-28.27,-52.41
2025,267,0.12,0.82,0.82,21.51,77.59,2.49,24.34,10.74,Passo Fundo,RS,Sul,-28.27,-52.41
2025,268,0.11,0.82,0.81,21.68,75.06,2.96,25.26,11.07,Passo Fundo,RS,Sul,-28.27,-52.41
2025,269,0.03,0.81,0.8,22.23,73.98,3.11,25.77,11.27,Passo Fundo,RS,Sul,-28.27,-52.41
2025,270,6.37,0.8,0.82,25.18,77.54,3.01,21.28,9.53,Passo Fundo,RS,Sul,-28.27,-52.41
2025,271,6.31,0.82,0.85,21.93,86.52,2.14,11.37,5.25,Passo Fundo,RS,Sul,-28.27,-52.41
2025,272,0.84,0.82,0.81,27.73,77.98,1.32,23.41,10.43,Passo Fundo,RS,Sul,-28.27,-52.41
2025,273,34.98,0.83,0.92,24.82,92.47,2.23,2.29,1.25,Passo Fundo,RS,Sul,-28.27,-52.41
2025,274,1.09,0.85,0.85,22.77,86.65,2.95,14.76,6.88,Passo Fundo,RS,Sul,-28.27,-52.41
2025,275,2.96,0.84,0.85,21.16,89.86,2.19,13.7,6.41,Passo Fundo,RS,Sul,-28.27,-52.41
2025,276,3.21,0.84,0.84,24.23,89.39,2.14,9.54,4.69,Passo Fundo,RS,Sul,-28.27,-52.41
2025,277,3.15,0.83,0.84,26.67,83.37,2.57,19.64,8.98,Passo Fundo,RS,Sul,-28.27,-52.41
2025,278,0.13,0.82,0.82,30.89,71.37,3.4,22.6,10.29,Passo Fundo,RS,Sul,-28.27,-52.41
2025,279,32.46,0.84,0.9,23.82,79.29,2.82,4.56,2.36,Passo Fundo,RS,Sul,-28.27,-52.41
2025,280,0.41,0.84,0.84,19.21,75.15,2.82,19.26,8.53,Passo Fundo,RS,Sul,-28.27,-52.41
2025,281,0.02,0.83,0.82,22.07,73.86,2.77,24.43,10.63,Passo Fundo,RS,Sul,-28.27,-52.41
2025,282,0.03,0.82,0.82,23.04,81.37,2.35,21.37,9.59,Passo Fundo,RS,Sul,-28.27,-52.41
2025,283,0.0,0.82,0.81,26.37,78.03,1.58,26.05,11.57,Passo Fundo,RS,Sul,-28.27,-52.41
2025,284,4.74,0.81,0.83,27.41,81.73,2.66,20.7,9.42,Passo Fundo,RS,Sul,-28.27,-52.41
2025,285,5.35,0.82,0.85,20.67,93.12,1.9,6.52,3.25,Passo Fundo,RS,Sul,-28.27,-52.41
2025,286,0.09,0.82,0.82,22.48,75.93,2.97,26.95,11.98,Passo Fundo,RS,Sul,-28.27,-52.41
2025,287,0.02,0.81,0.81,23.78,72.73,1.66,28.51,12.45,Passo Fundo,RS,Sul,-28.27,-52.41
2025,288,0.01,0.8,0.8,27.69,70.82,2.29,27.6,12.18,Passo Fundo,RS,Sul,-28.27,-52.41
2025,289,17.37,0.82,0.88,21.03,91.21,1.33,2.45,1.36,Passo Fundo,RS,Sul,-28.27,-52.41
2025,290,13.86,0.84,0.89,20.55,94.26,1.38,4.92,2.55,Passo Fundo,RS,Sul,-28.27,-52.41
2025,291,1.13,0.84,0.84,19.06,80.22,3.9,12.19,5.83,Passo Fundo,RS,Sul,-28.27,-52.41
2025,292,0.03,0.83,0.83,19.37,74.08,2.9,26.48,11.6,Passo Fundo,RS,Sul,-28.27,-52.41
2025,293,0.06,0.82,0.82,22.13,70.73,2.61,29.79,13.04,Passo Fundo,RS,Sul,-28.27,-52.41
2025,294,0.0,0.82,0.81,23.6,70.47,3.07,30.01,13.1,Passo Fundo,RS,Sul,-28.27,-52.41
2025,295,0.01,0.81,0.8,25.09,68.98,3.01,29.88,13.07,Passo Fundo,RS,Sul,-28.27,-52.41
2025,296,0.01,0.8,0.8,24.77,70.71,3.0,29.28,12.86,Passo Fundo,RS,Sul,-28.27,-52.41
2025,297,0.02,0.79,0.79,26.9,69.86,3.65,23.29,10.35,Passo Fundo,RS,Sul,-28.27,-52.41
2025,298,0.01,0.79,0.78,28.87,75.94,3.71,14.87,7.08,Passo Fundo,RS,Sul,-28.27,-52.41
2025,299,0.01,0.78,0.79,24.86,84.72,1.47,11.02,5.26,Passo Fundo,RS,Sul,-28.27,-52.41
2025,300,0.0,0.78,0.78,25.86,79.08,2.67,15.03,7.03,Passo Fundo,RS,Sul,-28.27,-52.41
2025,301,10.43,0.78,0.82,23.55,84.62,3.6,8.91,4.43,Passo Fundo,RS,Sul,-28.27,-52.41
2025,302,6.65,0.8,0.84,18.2,83.97,4.05,9.75,4.84,Passo Fundo,RS,Sul,-28.27,-52.41
2025,303,0.07,0.8,0.8,20.36,80.93,2.45,19.41,8.91,Passo Fundo,RS,Sul,-28.27,-52.41
2025,304,0.01,0.8,0.8,23.95,77.5,1.32,20.82,9.5,Passo Fundo,RS,Sul,-28.27,-52.41
2025,305,0.73,0.79,0.79,27.12,77.61,1.38,23.07,10.53,Passo Fundo,RS,Sul,-28.27,-52.41
2025,306,3.32,0.79,0.8,25.43,78.67,2.8,22.19,10.18,Passo Fundo,RS,Sul,-28.27,-52.41
2025,307,2.15,0.79,0.79,25.31,83.51,1.94,21.72,10.11,Passo Fundo,RS,Sul,-28.27,-52.41
2025,308,0.31,0.78,0.78,28.25,79.15,2.06,27.39,12.45,Passo Fundo,RS,Sul,-28.27,-52.41
2025,309,0.0,0.77,0.77,25.75,75.58,2.66,27.34,12.35,Passo Fundo,RS,Sul,-28.27,-52.41
2025,310,0.02,0.77,0.76,23.79,68.03,2.82,31.21,13.61,Passo Fundo,RS,Sul,-28.27,-52.41
2025,311,60.02,0.78,0.88,25.06,87.04,3.89,2.33,1.33,Passo Fundo,RS,Sul,-28.27,-52.41
2025,312,0.99,0.81,0.81,20.52,80.75,3.26,14.86,6.96,Passo Fundo,RS,Sul,-28.27,-52.41
2025,313,0.02,0.8,0.8,22.7,74.73,2.47,28.61,12.71,Passo Fundo,RS,Sul,-28.27,-52.41
2025,314,0.01,0.79,0.78,24.47,70.92,2.33,31.34,13.78,Passo Fundo,RS,Sul,-28.27,-52.41
2025,315,0.03,0.78,0.78,27.74,70.6,1.78,29.7,13.24,Passo Fundo,RS,Sul,-28.27,-52.41
2025,316,0.26,0.77,0.77,27.16,76.69,1.35,14.3,6.89,Passo Fundo,RS,Sul,-28.27,-52.41
2025,317,0.05,0.77,0.77,25.08,77.24,2.5,20.6,9.52,Passo Fundo,RS,Sul,-28.27,-52.41
2025,318,0.01,0.76,0.76,28.39,73.89,2.23,25.07,11.42,Passo Fundo,RS,Sul,-28.27,-52.41
2025,319,0.86,0.75,0.76,28.61,80.72,1.83,23.72,10.84,Passo Fundo,RS,Sul,-28.27,-52.41
2025,320,5.88,0.75,0.77,27.96,83.33,3.34,16.61,7.89,Passo Fundo,RS,Sul,-28.27,-52.41
2025,321,7.85,0.77,0.82,20.71,79.3,2.06,17.05,8.0,Passo Fundo,RS,Sul,-28.27,-52.41
2025,322,0.05,0.77,0.77,23.76,71.78,2.01,27.76,12.48,Passo Fundo,RS,Sul,-28.27,-52.41
2025,323,0.04,0.76,0.76,25.17,73.88,1.86,28.36,12.82,Passo Fundo,RS,Sul,-28.27,-52.41
2025,324,0.0,0.75,0.75,28.2,65.76,1.46,31.81,14.14,Passo Fundo,RS,Sul,-28.27,-52.41
2025,325,0.01,0.74,0.74,29.16,71.4,2.54,26.46,11.98,Passo Fundo,RS,Sul,-28.27,-52.41
2025,326,0.02,0.73,0.73,25.1,75.2,2.92,23.73,10.9,Passo Fundo,RS,Sul,-28.27,-52.41
2025,327,0.06,0.73,0.73,24.63,77.87,3.29,22.93,10.49,Passo Fundo,RS,Sul,-28.27,-52.41
2025,328,0.67,0.73,0.73,26.02,72.16,2.04,26.09,11.91,Passo Fundo,RS,Sul,-28.27,-52.41
2025,329,0.03,0.72,0.72,27.46,71.97,1.75,27.16,12.36,Passo Fundo,RS,Sul,-28.27,-52.41
2025,330,0.0,0.72,0.72,28.87,72.95,1.28,27.35,12.48,Passo Fundo,RS,Sul,-28.27,-52.41
2025,331,0.0,0.71,0.71,29.22,70.45,1.62,26.28,12.1,Passo Fundo,RS,Sul,-28.27,-52.41
2025,332,0.0,0.7,0.7,30.81,69.61,2.1,25.58,11.8,Passo Fundo,RS,Sul,-28.27,-52.41
2025,333,0.0,0.7,0.7,31.01,68.43,1.46,29.79,13.51,Passo Fundo,RS,Sul,-28.27,-52.41
2025,334,1.99,0.69,0.7,30.39,73.36,1.97,22.61,10.53,Passo Fundo,RS,Sul,-28.27,-52.41
2025,335,1.1,0.7,0.71,29.04,79.26,1.86,21.76,10.21,Passo Fundo,RS,Sul,-28.27,-52.41
2025,336,3.26,0.69,0.71,28.7,72.93,1.95,25.73,11.73,Passo Fundo,RS,Sul,-28.27,-52.41
2025,337,0.49,0.69,0.69,27.69,68.8,1.91,31.06,14.01,Passo Fundo,RS,Sul,-28.27,-52.41
2025,338,0.0,0.69,0.68,28.61,66.19,1.71,32.85,14.57,Passo Fundo,RS,Sul,-28.27,-52.41
2025,339,0.0,0.68,0.67,31.23,67.18,1.63,29.64,13.36,Passo Fundo,RS,Sul,-28.27,-52.41
2025,340,0.0,0.67,0.66,32.36,63.65,1.35,27.22,12.52,Passo Fundo,RS,Sul,-28.27,-52.41
2025,341,2.7,0.67,0.67,33.41,63.43,1.24,26.46,12.22,Passo Fundo,RS,Sul,-28.27,-52.41
2025,342,7.2,0.67,0.71,30.22,78.86,1.9,14.77,7.14,Passo Fundo,RS,Sul,-28.27,-52.41
2025,343,35.26,0.72,0.85,27.58,82.44,2.52,13.21,6.51,Passo Fundo,RS,Sul,-28.27,-52.41
2025,344,14.51,0.75,0.83,23.58,85.81,3.56,14.6,7.18,Passo Fundo,RS,Sul,-28.27,-52.41
2025,345,0.21,0.75,0.75,26.62,77.82,2.43,29.12,13.21,Passo Fundo,RS,Sul,-28.27,-52.41
2025,346,0.14,0.74,0.74,24.46,79.38,1.29,14.17,6.97,Passo Fundo,RS,Sul,-28.27,-52.41
2025,347,0.08,0.73,0.73,28.44,74.59,0.9,30.02,13.71,Passo Fundo,RS,Sul,-28.27,-52.41
2025,348,0.26,0.72,0.72,30.73,71.11,1.06,30.24,13.77,Passo Fundo,RS,Sul,-28.27,-52.41
2025,349,9.69,0.71,0.76,30.37,79.2,2.05,15.26,7.24,Passo Fundo,RS,Sul,-28.27,-52.41
2025,350,2.54,0.72,0.75,24.92,71.84,3.04,29.92,13.39,Passo Fundo,RS,Sul,-28.27,-52.41
2025,351,0.0,0.71,0.71,25.52,67.53,1.56,33.69,14.82,Passo Fundo,RS,Sul,-28.27,-52.41
2025,352,0.19,0.7,0.7,28.97,66.8,1.54,33.27,14.8,Passo Fundo,RS,Sul,-28.27,-52.41
2025,353,0.15,0.69,0.69,30.95,63.59,1.27,33.22,14.91,Passo Fundo,RS,Sul,-28.27,-52.41
2025,354,0.01,0.68,0.67,31.69,55.23,2.36,32.87,14.64,Passo Fundo,RS,Sul,-28.27,-52.41
2025,355,7.97,0.68,0.72,28.88,77.81,2.98,5.58,2.95,Passo Fundo,RS,Sul,-28.27,-52.41
2025,356,12.88,0.7,0.78,26.85,89.17,1.94,8.15,4.16,Passo Fundo,RS,Sul,-28.27,-52.41
2025,357,7.82,0.71,0.76,27.72,88.48,1.89,15.25,7.38,Passo Fundo,RS,Sul,-28.27,-52.41
2025,358,7.92,0.73,0.78,28.53,86.85,1.89,15.47,7.55,Passo Fundo,RS,Sul,-28.27,-52.41
2025,359,8.36,0.73,0.78,27.6,86.1,2.16,14.37,7.03,Passo Fundo,RS,Sul,-28.27,-52.41
2025,360,5.56,0.74,0.78,30.03,78.23,1.06,25.49,11.92,Passo Fundo,RS,Sul,-28.27,-52.41
2025,361,14.58,0.74,0.81,30.1,82.9,2.14,26.66,12.57,Passo Fundo,RS,Sul,-28.27,-52.41
2025,362,11.12,0.76,0.82,29.11,84.29,1.48,20.42,9.69,Passo Fundo,RS,Sul,-28.27,-52.41
2025,363,8.74,0.77,0.82,25.97,91.34,1.47,15.41,7.62,Passo Fundo,RS,Sul,-28.27,-52.41
2025,364,9.07,0.77,0.82,27.37,84.76,0.99,19.32,9.31,Passo Fundo,RS,Sul,-28.27,-52.41
2025,365,10.25,0.77,0.82,28.47,88.04,1.18,12.34,-999.0,Passo Fundo,RS,Sul,-28.27,-52.41
2026,1,3.49,0.78,0.81,27.9,87.64,1.7,23.56,-999.0,Passo Fundo,RS,Sul,-28.27,-52.41
2026,2,0.51,0.76,0.76,28.71,76.46,1.59,25.89,-999.0,Passo Fundo,RS,Sul,-28.27,-52.41
2026,3,1.22,0.75,0.76,27.11,74.83,2.89,26.9,-999.0,Passo Fundo,RS,Sul,-28.27,-52.41
2026,4,0.0,0.73,0.73,21.84,65.46,2.23,32.86,-999.0,Passo Fundo,RS,Sul,-28.27,-52.41
2026,5,0.0,0.72,0.72,24.48,68.05,1.95,32.52,-999.0,Passo Fundo,RS,Sul,-28.27,-52.41
2026,6,0.01,0.71,0.71,27.63,73.26,2.14,25.97,-999.0,Passo Fundo,RS,Sul,-28.27,-52.41
2026,7,1.48,0.7,0.71,29.18,69.37,1.79,28.4,-999.0,Passo Fundo,RS,Sul,-28.27,-52.41
2026,8,1.11,0.7,0.7,29.65,69.17,1.19,27.21,-999.0,Passo Fundo,RS,Sul,-28.27,-52.41
2026,9,6.58,0.69,0.72,31.31,78.45,1.87,22.84,-999.0,Passo Fundo,RS,Sul,-28.27,-52.41
2026,10,2.76,0.7,0.73,27.86,85.09,3.09,7.07,-999.0,Passo Fundo,RS,Sul,-28.27,-52.41
2026,11,3.01,0.7,0.72,24.4,83.39,2.69,16.93,-999.0,Passo Fundo,RS,Sul,-28.27,-52.41
2026,12,2.0,0.7,0.71,25.8,79.6,1.05,22.11,-999.0,Passo Fundo,RS,Sul,-28.27,-52.41
2026,13,0.01,0.69,0.7,27.7,75.68,1.4,26.26,-999.0,Passo Fundo,RS,Sul,-28.27,-52.41
2026,14,0.0,0.68,0.68,29.69,69.38,1.43,27.7,-999.0,Passo Fundo,RS,Sul,-28.27,-52.41
2026,15,0.03,0.67,0.66,31.54,63.44,1.6,30.64,-999.0,Passo Fundo,RS,Sul,-28.27,-52.41
2026,16,2.43,0.67,0.67,29.71,74.74,1.69,12.4,-999.0,Passo Fundo,RS,Sul,-28.27,-52.41
2026,17,4.17,0.67,0.69,29.89,78.62,1.36,22.85,-999.0,Passo Fundo,RS,Sul,-28.27,-52.41
2026,18,6.8,0.68,0.72,28.52,78.38,2.17,18.61,-999.0,Passo Fundo,RS,Sul,-28.27,-52.41
2026,19,0.65,0.67,0.68,24.55,71.25,3.48,26.75,-999.0,Passo Fundo,RS,Sul,-28.27,-52.41
2026,20,0.0,0.67,0.66,25.42,64.07,2.58,28.94,-999.0,Passo Fundo,RS,Sul,-28.27,-52.41
2026,21,0.0,0.66,0.65,27.45,69.33,1.79,25.75,-999.0,Passo Fundo,RS,Sul,-28.27,-52.41
2026,22,0.01,0.66,0.64,28.63,65.67,1.7,26.03,-999.0,Passo Fundo,RS,Sul,-28.27,-52.41
2026,23,0.02,0.65,0.63,29.51,65.47,1.65,26.64,-999.0,Passo Fundo,RS,Sul,-28.27,-52.41
2026,24,0.03,0.65,0.62,31.37,63.67,1.33,26.63,-999.0,Passo Fundo,RS,Sul,-28.27,-52.41
2026,25,0.0,0.64,0.61,31.98,62.35,1.56,27.29,-999.0,Passo Fundo,RS,Sul,-28.27,-52.41
2026,26,0.0,0.64,0.61,32.88,59.58,1.7,24.79,-999.0,Passo Fundo,RS,Sul,-28.27,-52.41
2026,27,0.0,0.64,0.6,34.06,57.15,1.44,19.56,-999.0,Passo Fundo,RS,Sul,-28.27,-52.41
2026,28,0.31,0.63,0.6,33.56,61.05,1.47,12.01,-999.0,Passo Fundo,RS,Sul,-28.27,-52.41
2026,29,5.89,0.63,0.65,31.21,70.37,1.49,9.91,-999.0,Passo Fundo,RS,Sul,-28.27,-52.41
2026,30,2.01,0.64,0.64,29.81,75.53,1.98,26.41,-999.0,Passo Fundo,RS,Sul,-28.27,-52.41
2026,31,0.76,0.64,0.62,29.35,70.71,1.84,26.59,-999.0,Passo Fundo,RS,Sul,-28.27,-52.41
2026,32,0.07,0.64,0.61,29.33,66.6,1.81,25.52,-999.0,Passo Fundo,RS,Sul,-28.27,-52.41
2026,33,0.0,0.64,0.61,30.92,63.35,1.25,26.28,-999.0,Passo Fundo,RS,Sul,-28.27,-52.41
2026,34,0.06,0.63,0.6,31.94,60.0,1.28,16.75,-999.0,Passo Fundo,RS,Sul,-28.27,-52.41
2026,35,0.0,0.63,0.6,33.94,52.71,1.61,29.91,-999.0,Passo Fundo,RS,Sul,-28.27,-52.41
2026,36,0.0,0.63,0.59,35.31,58.27,1.57,28.93,-999.0,Passo Fundo,RS,Sul,-28.27,-52.41
2026,37,0.06,0.62,0.58,36.9,53.6,1.64,28.83,-999.0,Passo Fundo,RS,Sul,-28.27,-52.41
2026,38,5.79,0.63,0.62,30.55,73.68,2.63,19.03,-999.0,Passo Fundo,RS,Sul,-28.27,-52.41
2026,39,1.43,0.63,0.63,31.45,70.78,1.65,27.18,-999.0,Passo Fundo,RS,Sul,-28.27,-52.41
2026,40,0.02,0.63,0.6,32.35,62.04,1.75,26.5,-999.0,Passo Fundo,RS,Sul,-28.27,-52.41
2026,41,2.56,0.63,0.62,31.43,67.02,2.39,20.16,-999.0,Passo Fundo,RS,Sul,-28.27,-52.41
2026,42,0.01,0.63,0.6,35.69,61.52,1.65,27.31,-999.0,Passo Fundo,RS,Sul,-28.27,-52.41
2026,43,0.89,0.63,0.6,36.95,57.51,2.11,19.5,-999.0,Passo Fundo,RS,Sul,-28.27,-52.41
2026,44,0.54,0.63,0.59,35.94,61.23,2.26,24.57,-999.0,Passo Fundo,RS,Sul,-28.27,-52.41
2026,45,2.18,0.62,0.6,30.14,75.51,2.53,20.34,-999.0,Passo Fundo,RS,Sul,-28.27,-52.41
2026,46,5.49,0.63,0.64,29.23,80.75,1.83,13.12,-999.0,Passo Fundo,RS,Sul,-28.27,-52.41
2026,47,5.3,0.64,0.66,31.74,75.52,2.12,12.27,-999.0,Passo Fundo,RS,Sul,-28.27,-52.41
2026,48,10.38,0.65,0.69,32.19,74.49,1.68,19.55,-999.0,Passo Fundo,RS,Sul,-28.27,-52.41
2026,49,1.2,0.65,0.67,31.52,75.73,1.54,23.62,-999.0,Passo Fundo,RS,Sul,-28.27,-52.41
2026,50,0.3,0.65,0.63,33.43,65.86,1.44,19.81,-999.0,Passo Fundo,RS,Sul,-28.27,-52.41
2026,51,2.89,0.64,0.64,30.05,74.14,1.93,16.37,-999.0,Passo Fundo,RS,Sul,-28.27,-52.41
2026,52,0.54,0.64,0.62,29.97,71.04,2.73,19.63,-999.0,Passo Fundo,RS,Sul,-28.27,-52.41
2026,53,0.35,0.64,0.61,29.61,63.58,2.2,23.03,-999.0,Passo Fundo,RS,Sul,-28.27,-52.41
2026,54,0.71,0.64,0.62,25.05,73.63,2.13,15.28,-999.0,Passo Fundo,RS,Sul,-28.27,-52.41
2026,55,6.66,0.64,0.67,26.86,77.51,1.23,9.56,-999.0,Passo Fundo,RS,Sul,-28.27,-52.41
2026,56,1.95,0.64,0.64,29.82,73.74,1.88,22.27,-999.0,Passo Fundo,RS,Sul,-28.27,-52.41
2026,57,0.28,0.64,0.62,27.66,68.01,2.13,27.6,-999.0,Passo Fundo,RS,Sul,-28.27,-52.41
2026,58,0.01,0.64,0.61,28.83,61.92,2.17,27.62,-999.0,Passo Fundo,RS,Sul,-28.27,-52.41
2026,59,0.01,0.63,0.6,31.29,63.25,1.82,24.49,-999.0,Passo Fundo,RS,Sul,-28.27,-52.41
2026,60,0.0,0.63,0.6,31.79,64.05,1.64,24.18,-999.0,Passo Fundo,RS,Sul,-28.27,-52.41
2026,61,0.11,0.63,0.6,32.21,63.51,1.61,24.53,-999.0,Passo Fundo,RS,Sul,-28.27,-52.41
2026,62,2.08,0.63,0.61,32.4,60.59,1.6,22.44,-999.0,Passo Fundo,RS,Sul,-28.27,-52.41
2026,63,2.13,0.63,0.62,31.34,62.33,1.04,22.8,-999.0,Passo Fundo,RS,Sul,-28.27,-52.41
2026,64,2.21,0.63,0.63,32.83,66.32,1.26,12.14,-999.0,Passo Fundo,RS,Sul,-28.27,-52.41
2026,65,4.61,0.63,0.63,33.86,65.68,1.11,22.93,-999.0,Passo Fundo,RS,Sul,-28.27,-52.41
2026,66,4.07,0.64,0.65,30.68,71.96,2.32,15.49,-999.0,Passo Fundo,RS,Sul,-28.27,-52.41
2026,67,0.62,0.64,0.62,30.33,70.82,2.84,23.28,-999.0,Passo Fundo,RS,Sul,-28.27,-52.41
2026,68,2.7,0.64,0.63,27.67,79.84,2.65,15.56,-999.0,Passo Fundo,RS,Sul,-28.27,-52.41
2026,69,0.13,0.64,0.62,30.57,70.32,2.04,17.74,-999.0,Passo Fundo,RS,Sul,-28.27,-52.41
2026,70,1.55,0.63,0.62,28.11,75.29,1.6,16.56,-999.0,Passo Fundo,RS,Sul,-28.27,-52.41
2026,71,2.33,0.63,0.63,29.55,72.96,1.63,14.17,-999.0,Passo Fundo,RS,Sul,-28.27,-52.41
2026,72,0.42,0.63,0.62,29.98,69.79,1.3,22.26,-999.0,Passo Fundo,RS,Sul,-28.27,-52.41
2026,73,0.01,0.63,0.6,30.91,63.58,1.54,24.15,-999.0,Passo Fundo,RS,Sul,-28.27,-52.41
2026,74,0.09,0.63,0.6,33.9,55.68,1.76,24.26,-999.0,Passo Fundo,RS,Sul,-28.27,-52.41
2026,75,0.44,0.62,0.59,32.89,59.15,1.6,12.35,-999.0,Passo Fundo,RS,Sul,-28.27,-52.41
2026,76,11.63,0.63,0.68,29.76,75.61,2.1,3.14,-999.0,Passo Fundo,RS,Sul,-28.27,-52.41
2026,77,0.49,0.64,0.64,30.48,77.38,1.65,18.72,-999.0,Passo Fundo,RS,Sul,-28.27,-52.41
2026,78,0.03,0.64,0.62,31.86,72.59,1.7,23.29,-999.0,Passo Fundo,RS,Sul,-28.27,-52.41
2026,79,0.0,0.63,0.6,33.68,66.99,1.24,23.63,-999.0,Passo Fundo,RS,Sul,-28.27,-52.41
2026,80,7.19,0.63,0.64,33.14,70.51,2.4,19.24,-999.0,Passo Fundo,RS,Sul,-28.27,-52.41
2026,81,9.33,0.65,0.72,29.78,83.07,1.23,13.47,-999.0,Passo Fundo,RS,Sul,-28.27,-52.41
2026,82,4.2,0.66,0.69,29.69,86.7,2.14,14.29,-999.0,Passo Fundo,RS,Sul,-28.27,-52.41
2026,83,4.0,0.66,0.7,24.86,86.52,1.83,11.88,-999.0,Passo Fundo,RS,Sul,-28.27,-52.41
2026,84,6.83,0.66,0.7,29.34,84.35,1.6,13.94,-999.0,Passo Fundo,RS,Sul,-28.27,-52.41
2026,85,1.06,0.67,0.69,31.21,78.46,1.29,18.37,-999.0,Passo Fundo,RS,Sul,-28.27,-52.41
2026,86,0.11,0.66,0.66,31.46,73.0,1.51,18.77,-999.0,Passo Fundo,RS,Sul,-28.27,-52.41
2026,87,0.04,0.65,0.64,33.02,70.54,1.4,20.58,-999.0,Passo Fundo,RS,Sul,-28.27,-52.41
2026,88,0.05,0.65,0.62,34.19,68.2,1.15,20.7,-999.0,Passo Fundo,RS,Sul,-28.27,-52.41
2026,89,0.01,0.64,0.62,32.47,71.8,1.61,19.68,-999.0,Passo Fundo,RS,Sul,-28.27,-52.41
2026,90,0.0,0.64,0.61,30.91,72.3,1.65,18.65,-999.0,Passo Fundo,RS,Sul,-28.27,-52.41
2026,91,0.51,0.63,0.61,30.31,64.35,1.38,16.12,-999.0,Passo Fundo,RS,Sul,-28.27,-52.41
