YEAR,DOY,PRECTOTCORR,GWETROOT,GWETTOP,T2M_MAX,RH2M,WS2M,ALLSKY_SFC_SW_DWN,ALLSKY_SFC_PAR_TOT,CIDADE,ESTADO,REGIAO,LATITUDE,LONGITUDE
2015,1,0.26,0.76,0.75,29.34,78.84,1.86,27.65,13.01,Ribeirão Preto,SP,Sudeste,-21.17,-47.81
2015,2,1.71,0.75,0.75,29.14,82.62,1.56,26.85,12.61,Ribeirão Preto,SP,Sudeste,-21.17,-47.81
2015,3,6.58,0.75,0.77,30.7,79.08,1.4,24.94,11.63,Ribeirão Preto,SP,Sudeste,-21.17,-47.81
2015,4,3.35,0.76,0.77,27.08,83.58,1.22,17.4,8.36,Ribeirão Preto,SP,Sudeste,-21.17,-47.81
2015,5,5.46,0.76,0.77,28.25,84.58,1.95,19.51,9.18,Ribeirão Preto,SP,Sudeste,-21.17,-47.81
2015,6,2.53,0.76,0.77,28.41,81.26,1.91,14.86,7.18,Ribeirão Preto,SP,Sudeste,-21.17,-47.81
2015,7,0.93,0.75,0.74,30.53,74.73,2.2,24.45,11.46,Ribeirão Preto,SP,Sudeste,-21.17,-47.81
2015,8,2.14,0.74,0.74,29.0,71.06,1.5,26.48,12.39,Ribeirão Preto,SP,Sudeste,-21.17,-47.81
2015,9,0.01,0.74,0.71,32.34,65.99,1.52,30.32,13.98,Ribeirão Preto,SP,Sudeste,-21.17,-47.81
2015,10,1.18,0.72,0.7,32.94,59.94,0.46,29.23,13.5,Ribeirão Preto,SP,Sudeste,-21.17,-47.81
2015,11,5.39,0.72,0.72,33.99,66.79,1.12,29.21,13.62,Ribeirão Preto,SP,Sudeste,-21.17,-47.81
2015,12,0.2,0.71,0.67,35.12,59.38,1.15,25.21,11.77,Ribeirão Preto,SP,Sudeste,-21.17,-47.81
2015,13,3.35,0.71,0.69,32.12,68.7,1.52,25.46,11.93,Ribeirão Preto,SP,Sudeste,-21.17,-47.81
2015,14,0.16,0.7,0.66,33.06,65.61,1.51,21.53,10.08,Ribeirão Preto,SP,Sudeste,-21.17,-47.81
2015,15,0.3,0.7,0.66,31.15,71.12,1.25,28.18,13.04,Ribeirão Preto,SP,Sudeste,-21.17,-47.81
2015,16,0.02,0.69,0.64,34.51,62.85,1.96,29.78,13.75,Ribeirão Preto,SP,Sudeste,-21.17,-47.81
2015,17,0.02,0.68,0.63,35.49,55.78,1.24,29.14,13.47,Ribeirão Preto,SP,Sudeste,-21.17,-47.81
2015,18,0.0,0.67,0.62,36.54,50.44,1.06,29.14,13.51,Ribeirão Preto,SP,Sudeste,-21.17,-47.81
2015,19,0.05,0.66,0.61,37.31,50.8,2.2,29.97,13.92,Ribeirão Preto,SP,Sudeste,-21.17,-47.81
2015,20,0.25,0.66,0.61,37.41,51.2,1.93,28.52,13.2,Ribeirão Preto,SP,Sudeste,-21.17,-47.81
2015,21,2.76,0.65,0.62,33.2,64.17,1.3,23.0,10.76,Ribeirão Preto,SP,Sudeste,-21.17,-47.81
2015,22,15.22,0.67,0.72,28.04,78.79,1.88,17.88,8.49,Ribeirão Preto,SP,Sudeste,-21.17,-47.81
2015,23,10.89,0.69,0.72,26.41,82.55,1.45,19.4,9.15,Ribeirão Preto,SP,Sudeste,-21.17,-47.81
2015,24,8.39,0.7,0.7,29.37,73.98,2.24,26.52,12.24,Ribeirão Preto,SP,Sudeste,-21.17,-47.81
2015,25,2.5,0.7,0.68,29.59,73.02,2.38,23.9,11.13,Ribeirão Preto,SP,Sudeste,-21.17,-47.81
2015,26,25.27,0.72,0.79,28.44,73.97,0.86,21.95,10.3,Ribeirão Preto,SP,Sudeste,-21.17,-47.81
2015,27,5.69,0.74,0.75,27.85,81.11,1.23,19.76,9.29,Ribeirão Preto,SP,Sudeste,-21.17,-47.81
2015,28,1.62,0.73,0.72,29.0,78.05,1.53,19.57,9.26,Ribeirão Preto,SP,Sudeste,-21.17,-47.81
2015,29,0.17,0.72,0.7,28.98,75.95,1.47,20.0,9.53,Ribeirão Preto,SP,Sudeste,-21.17,-47.81
2015,30,0.29,0.72,0.69,30.47,72.12,1.23,26.26,12.23,Ribeirão Preto,SP,Sudeste,-21.17,-47.81
2015,31,24.27,0.73,0.79,30.03,77.57,1.42,25.04,11.79,Ribeirão Preto,SP,Sudeste,-21.17,-47.81
2015,32,13.42,0.76,0.81,30.72,76.14,1.85,27.99,13.08,Ribeirão Preto,SP,Sudeste,-21.17,-47.81
2015,33,5.1,0.76,0.78,29.17,81.09,1.56,22.36,10.48,Ribeirão Preto,SP,Sudeste,-21.17,-47.81
2015,34,5.5,0.76,0.78,28.39,77.13,1.38,27.63,12.83,Ribeirão Preto,SP,Sudeste,-21.17,-47.81
2015,35,9.06,0.76,0.79,26.14,82.08,1.99,14.13,6.84,Ribeirão Preto,SP,Sudeste,-21.17,-47.81
2015,36,17.36,0.78,0.84,26.09,87.54,2.78,12.65,6.16,Ribeirão Preto,SP,Sudeste,-21.17,-47.81
2015,37,15.18,0.81,0.86,26.43,86.69,3.29,18.15,8.48,Ribeirão Preto,SP,Sudeste,-21.17,-47.81
2015,38,2.03,0.8,0.81,27.67,78.86,2.07,23.36,10.82,Ribeirão Preto,SP,Sudeste,-21.17,-47.81
2015,39,4.13,0.79,0.8,29.05,82.07,1.75,24.03,11.16,Ribeirão Preto,SP,Sudeste,-21.17,-47.81
2015,40,16.39,0.81,0.86,27.1,86.68,3.9,16.48,7.95,Ribeirão Preto,SP,Sudeste,-21.17,-47.81
2015,41,15.16,0.81,0.86,26.91,86.46,1.92,17.32,8.25,Ribeirão Preto,SP,Sudeste,-21.17,-47.81
2015,42,7.17,0.83,0.86,28.37,86.05,1.69,23.38,11.03,Ribeirão Preto,SP,Sudeste,-21.17,-47.81
2015,43,0.39,0.82,0.83,29.36,78.98,1.24,25.49,11.89,Ribeirão Preto,SP,Sudeste,-21.17,-47.81
2015,44,0.09,0.81,0.81,30.27,75.04,1.38,23.02,10.78,Ribeirão Preto,SP,Sudeste,-21.17,-47.81
2015,45,0.98,0.79,0.8,30.33,74.09,1.3,25.85,12.06,Ribeirão Preto,SP,Sudeste,-21.17,-47.81
2015,46,9.83,0.8,0.84,24.98,88.76,1.11,22.42,10.56,Ribeirão Preto,SP,Sudeste,-21.17,-47.81
2015,47,4.86,0.81,0.83,24.56,86.47,1.51,16.2,7.8,Ribeirão Preto,SP,Sudeste,-21.17,-47.81
2015,48,23.87,0.82,0.89,23.81,90.8,1.59,15.95,7.58,Ribeirão Preto,SP,Sudeste,-21.17,-47.81
2015,49,7.86,0.85,0.88,23.94,90.63,2.65,10.38,5.13,Ribeirão Preto,SP,Sudeste,-21.17,-47.81
2015,50,15.5,0.86,0.9,26.38,87.01,3.05,14.13,6.78,Ribeirão Preto,SP,Sudeste,-21.17,-47.81
2015,51,4.97,0.86,0.88,26.63,83.88,1.83,17.44,8.17,Ribeirão Preto,SP,Sudeste,-21.17,-47.81
2015,52,0.03,0.85,0.85,29.17,80.85,1.99,25.97,11.96,Ribeirão Preto,SP,Sudeste,-21.17,-47.81
2015,53,0.07,0.84,0.84,29.4,77.81,1.89,26.46,12.22,Ribeirão Preto,SP,Sudeste,-21.17,-47.81
2015,54,0.05,0.83,0.83,28.47,79.42,2.28,27.09,12.52,Ribeirão Preto,SP,Sudeste,-21.17,-47.81
2015,55,1.18,0.82,0.82,28.37,80.51,1.87,25.31,11.71,Ribeirão Preto,SP,Sudeste,-21.17,-47.81
2015,56,6.69,0.82,0.84,27.62,83.25,1.65,23.48,10.98,Ribeirão Preto,SP,Sudeste,-21.17,-47.81
2015,57,2.86,0.82,0.83,28.32,79.59,1.19,25.07,11.77,Ribeirão Preto,SP,Sudeste,-21.17,-47.81
2015,58,6.57,0.81,0.84,27.0,84.89,1.57,18.86,8.87,Ribeirão Preto,SP,Sudeste,-21.17,-47.81
2015,59,3.3,0.81,0.83,28.06,83.68,1.4,25.11,11.72,Ribeirão Preto,SP,Sudeste,-21.17,-47.81
2015,60,1.32,0.81,0.82,28.63,80.83,2.57,25.83,12.09,Ribeirão Preto,SP,Sudeste,-21.17,-47.81
2015,61,0.53,0.8,0.8,28.34,79.77,3.1,24.49,11.37,Ribeirão Preto,SP,Sudeste,-21.17,-47.81
2015,62,1.96,0.79,0.79,28.89,79.46,1.91,22.51,10.5,Ribeirão Preto,SP,Sudeste,-21.17,-47.81
2015,63,2.53,0.78,0.79,28.72,80.05,1.67,23.31,10.86,Ribeirão Preto,SP,Sudeste,-21.17,-47.81
2015,64,2.48,0.78,0.78,29.0,79.84,1.06,23.51,10.91,Ribeirão Preto,SP,Sudeste,-21.17,-47.81
2015,65,1.17,0.77,0.78,27.12,81.36,0.92,20.2,9.43,Ribeirão Preto,SP,Sudeste,-21.17,-47.81
2015,66,4.68,0.77,0.78,26.94,86.59,1.27,15.64,7.5,Ribeirão Preto,SP,Sudeste,-21.17,-47.81
2015,67,15.5,0.78,0.83,26.05,89.64,1.55,13.4,6.48,Ribeirão Preto,SP,Sudeste,-21.17,-47.81
2015,68,26.18,0.81,0.9,23.84,89.91,1.46,8.91,4.49,Ribeirão Preto,SP,Sudeste,-21.17,-47.81
2015,69,7.29,0.83,0.85,27.38,87.84,2.75,15.25,7.25,Ribeirão Preto,SP,Sudeste,-21.17,-47.81
2015,70,6.32,0.83,0.85,27.86,85.44,2.0,21.01,9.72,Ribeirão Preto,SP,Sudeste,-21.17,-47.81
2015,71,3.1,0.83,0.84,25.78,89.21,2.33,11.39,5.62,Ribeirão Preto,SP,Sudeste,-21.17,-47.81
2015,72,0.8,0.83,0.83,25.31,85.15,1.59,11.86,5.79,Ribeirão Preto,SP,Sudeste,-21.17,-47.81
2015,73,1.35,0.82,0.83,25.98,81.36,0.67,9.23,4.54,Ribeirão Preto,SP,Sudeste,-21.17,-47.81
2015,74,1.88,0.82,0.84,25.3,82.96,1.04,13.75,6.55,Ribeirão Preto,SP,Sudeste,-21.17,-47.81
2015,75,7.66,0.82,0.85,28.4,80.3,1.22,16.8,7.87,Ribeirão Preto,SP,Sudeste,-21.17,-47.81
2015,76,1.19,0.82,0.83,25.87,85.08,1.27,9.55,4.73,Ribeirão Preto,SP,Sudeste,-21.17,-47.81
2015,77,6.51,0.82,0.84,25.61,89.3,1.67,9.98,4.92,Ribeirão Preto,SP,Sudeste,-21.17,-47.81
2015,78,4.45,0.82,0.84,24.59,88.61,1.38,8.08,4.06,Ribeirão Preto,SP,Sudeste,-21.17,-47.81
2015,79,7.48,0.82,0.85,23.49,90.32,1.96,9.97,4.85,Ribeirão Preto,SP,Sudeste,-21.17,-47.81
2015,80,10.73,0.84,0.87,25.72,86.79,2.27,15.54,7.34,Ribeirão Preto,SP,Sudeste,-21.17,-47.81
2015,81,20.6,0.85,0.9,25.55,86.64,1.92,13.99,6.59,Ribeirão Preto,SP,Sudeste,-21.17,-47.81
2015,82,4.87,0.86,0.87,27.01,84.91,1.46,18.82,8.75,Ribeirão Preto,SP,Sudeste,-21.17,-47.81
2015,83,0.25,0.85,0.85,28.37,81.23,1.61,24.21,11.1,Ribeirão Preto,SP,Sudeste,-21.17,-47.81
2015,84,0.1,0.84,0.84,28.57,78.97,1.8,23.28,10.74,Ribeirão Preto,SP,Sudeste,-21.17,-47.81
2015,85,0.04,0.83,0.83,28.07,79.44,1.5,20.27,9.36,Ribeirão Preto,SP,Sudeste,-21.17,-47.81
2015,86,9.43,0.83,0.86,27.91,80.16,0.66,16.85,7.93,Ribeirão Preto,SP,Sudeste,-21.17,-47.81
2015,87,1.23,0.83,0.84,29.21,77.81,0.65,22.52,10.54,Ribeirão Preto,SP,Sudeste,-21.17,-47.81
2015,88,24.41,0.84,0.9,27.75,85.87,1.47,18.49,8.73,Ribeirão Preto,SP,Sudeste,-21.17,-47.81
2015,89,8.94,0.86,0.89,27.62,87.94,1.36,10.34,5.04,Ribeirão Preto,SP,Sudeste,-21.17,-47.81
2015,90,5.61,0.87,0.88,25.44,91.32,1.45,16.4,7.77,Ribeirão Preto,SP,Sudeste,-21.17,-47.81
2015,91,1.16,0.86,0.86,27.6,80.01,1.25,20.75,9.55,Ribeirão Preto,SP,Sudeste,-21.17,-47.81
2015,92,2.0,0.85,0.86,28.1,79.36,1.48,21.41,9.93,Ribeirão Preto,SP,Sudeste,-21.17,-47.81
2015,93,0.63,0.85,0.85,27.66,83.32,2.01,21.41,9.81,Ribeirão Preto,SP,Sudeste,-21.17,-47.81
2015,94,5.15,0.84,0.85,27.61,84.8,2.71,18.09,8.47,Ribeirão Preto,SP,Sudeste,-21.17,-47.81
2015,95,15.14,0.85,0.89,26.09,90.01,2.61,7.87,3.9,Ribeirão Preto,SP,Sudeste,-21.17,-47.81
2015,96,8.22,0.86,0.88,27.31,88.53,3.03,15.67,7.36,Ribeirão Preto,SP,Sudeste,-21.17,-47.81
2015,97,0.04,0.86,0.85,25.91,83.71,2.44,20.61,9.43,Ribeirão Preto,SP,Sudeste,-21.17,-47.81
2015,98,0.21,0.85,0.85,26.19,82.6,2.67,21.64,10.0,Ribeirão Preto,SP,Sudeste,-21.17,-47.81
2015,99,0.05,0.84,0.84,26.13,83.74,2.05,20.64,9.48,Ribeirão Preto,SP,Sudeste,-21.17,-47.81
2015,100,0.0,0.83,0.83,27.1,82.64,1.4,18.97,8.76,Ribeirão Preto,SP,Sudeste,-21.17,-47.81
2015,101,0.04,0.82,0.82,27.1,82.82,1.48,20.91,9.63,Ribeirão Preto,SP,Sudeste,-21.17,-47.81
2015,102,0.0,0.81,0.82,27.21,81.62,1.24,20.83,9.64,Ribeirão Preto,SP,Sudeste,-21.17,-47.81
2015,103,0.01,0.8,0.81,27.34,80.74,1.13,20.3,9.36,Ribeirão Preto,SP,Sudeste,-21.17,-47.81
2015,104,0.51,0.8,0.8,26.62,79.62,1.55,18.75,8.72,Ribeirão Preto,SP,Sudeste,-21.17,-47.81
2015,105,10.25,0.8,0.84,24.01,87.65,1.55,11.79,5.71,Ribeirão Preto,SP,Sudeste,-21.17,-47.81
2015,106,2.24,0.81,0.83,26.51,87.1,1.49,18.07,8.45,Ribeirão Preto,SP,Sudeste,-21.17,-47.81
2015,107,0.01,0.8,0.81,28.24,80.98,1.39,19.72,9.16,Ribeirão Preto,SP,Sudeste,-21.17,-47.81
2015,108,0.09,0.79,0.79,28.24,81.21,2.07,18.33,8.6,Ribeirão Preto,SP,Sudeste,-21.17,-47.81
2015,109,9.02,0.79,0.82,28.0,85.9,1.02,16.92,7.96,Ribeirão Preto,SP,Sudeste,-21.17,-47.81
2015,110,1.66,0.79,0.81,28.45,86.14,1.47,19.5,9.18,Ribeirão Preto,SP,Sudeste,-21.17,-47.81
2015,111,4.44,0.79,0.8,27.34,86.07,0.89,17.32,8.15,Ribeirão Preto,SP,Sudeste,-21.17,-47.81
2015,112,5.15,0.8,0.83,25.81,88.42,1.28,13.85,6.63,Ribeirão Preto,SP,Sudeste,-21.17,-47.81
2015,113,0.81,0.79,0.8,27.81,86.61,1.39,16.98,7.92,Ribeirão Preto,SP,Sudeste,-21.17,-47.81
2015,114,1.2,0.79,0.8,27.29,87.5,1.31,14.46,6.82,Ribeirão Preto,SP,Sudeste,-21.17,-47.81
2015,115,0.19,0.79,0.79,26.76,82.59,2.21,18.42,8.49,Ribeirão Preto,SP,Sudeste,-21.17,-47.81
2015,116,0.0,0.78,0.77,26.28,78.69,1.93,21.32,9.52,Ribeirão Preto,SP,Sudeste,-21.17,-47.81
2015,117,0.44,0.77,0.76,26.51,79.12,2.35,19.89,9.0,Ribeirão Preto,SP,Sudeste,-21.17,-47.81
2015,118,0.27,0.76,0.75,26.72,77.87,1.69,18.14,8.28,Ribeirão Preto,SP,Sudeste,-21.17,-47.81
2015,119,0.05,0.76,0.75,25.05,78.94,1.09,16.29,7.46,Ribeirão Preto,SP,Sudeste,-21.17,-47.81
2015,120,0.02,0.75,0.74,26.13,77.72,1.45,18.72,8.53,Ribeirão Preto,SP,Sudeste,-21.17,-47.81
2015,121,1.81,0.75,0.74,26.16,77.93,1.71,18.53,8.46,Ribeirão Preto,SP,Sudeste,-21.17,-47.81
2015,122,1.07,0.74,0.73,26.29,81.23,1.93,17.62,8.04,Ribeirão Preto,SP,Sudeste,-21.17,-47.81
2015,123,0.85,0.74,0.72,27.42,76.56,2.67,17.36,7.97,Ribeirão Preto,SP,Sudeste,-21.17,-47.81
2015,124,10.89,0.74,0.76,25.71,85.34,2.78,4.62,2.32,Ribeirão Preto,SP,Sudeste,-21.17,-47.81
2015,125,7.5,0.76,0.79,26.56,85.25,1.01,12.91,5.94,Ribeirão Preto,SP,Sudeste,-21.17,-47.81
2015,126,6.94,0.76,0.78,26.77,86.92,1.65,11.68,5.42,Ribeirão Preto,SP,Sudeste,-21.17,-47.81
2015,127,0.13,0.76,0.75,24.96,79.12,2.44,17.73,7.97,Ribeirão Preto,SP,Sudeste,-21.17,-47.81
2015,128,0.01,0.75,0.74,25.04,79.74,2.37,18.58,8.4,Ribeirão Preto,SP,Sudeste,-21.17,-47.81
2015,129,0.0,0.74,0.73,26.83,77.51,2.36,18.06,8.27,Ribeirão Preto,SP,Sudeste,-21.17,-47.81
2015,130,14.16,0.74,0.77,27.01,83.56,2.34,13.31,6.24,Ribeirão Preto,SP,Sudeste,-21.17,-47.81
2015,131,0.83,0.76,0.77,21.55,92.63,2.78,5.61,2.8,Ribeirão Preto,SP,Sudeste,-21.17,-47.81
2015,132,0.03,0.76,0.75,22.71,77.01,1.32,15.46,6.88,Ribeirão Preto,SP,Sudeste,-21.17,-47.81
2015,133,0.01,0.75,0.74,23.25,78.36,1.86,15.85,7.16,Ribeirão Preto,SP,Sudeste,-21.17,-47.81
2015,134,0.01,0.74,0.73,24.84,80.7,2.49,17.11,7.7,Ribeirão Preto,SP,Sudeste,-21.17,-47.81
2015,135,0.0,0.74,0.73,23.3,82.23,2.8,9.84,4.56,Ribeirão Preto,SP,Sudeste,-21.17,-47.81
2015,136,0.01,0.74,0.72,24.22,79.44,2.23,15.52,7.07,Ribeirão Preto,SP,Sudeste,-21.17,-47.81
2015,137,0.02,0.73,0.71,24.9,81.67,2.43,15.61,7.16,Ribeirão Preto,SP,Sudeste,-21.17,-47.81
2015,138,0.0,0.73,0.71,24.65,83.07,1.89,8.27,3.95,Ribeirão Preto,SP,Sudeste,-21.17,-47.81
2015,139,0.96,0.72,0.71,24.82,82.22,1.54,11.59,5.38,Ribeirão Preto,SP,Sudeste,-21.17,-47.81
2015,140,1.08,0.72,0.7,25.31,80.42,2.34,8.84,4.21,Ribeirão Preto,SP,Sudeste,-21.17,-47.81
2015,141,0.04,0.72,0.69,25.78,80.28,2.65,15.22,7.04,Ribeirão Preto,SP,Sudeste,-21.17,-47.81
2015,142,0.0,0.71,0.69,25.41,79.08,2.83,17.06,7.85,Ribeirão Preto,SP,Sudeste,-21.17,-47.81
2015,143,0.0,0.71,0.69,23.78,79.87,2.24,11.78,5.47,Ribeirão Preto,SP,Sudeste,-21.17,-47.81
2015,144,0.01,0.71,0.68,27.85,74.11,1.52,15.96,7.33,Ribeirão Preto,SP,Sudeste,-21.17,-47.81
2015,145,0.01,0.7,0.67,28.9,71.05,1.1,16.71,7.7,Ribeirão Preto,SP,Sudeste,-21.17,-47.81
2015,146,0.01,0.7,0.66,28.94,71.36,1.53,16.42,7.63,Ribeirão Preto,SP,Sudeste,-21.17,-47.81
2015,147,0.01,0.69,0.66,28.52,69.71,2.38,16.41,7.54,Ribeirão Preto,SP,Sudeste,-21.17,-47.81
2015,148,1.98,0.69,0.67,24.29,82.65,1.8,5.02,2.5,Ribeirão Preto,SP,Sudeste,-21.17,-47.81
2015,149,0.6,0.69,0.67,24.34,77.99,2.01,10.63,4.83,Ribeirão Preto,SP,Sudeste,-21.17,-47.81
2015,150,0.93,0.69,0.66,25.65,73.27,1.26,15.04,6.83,Ribeirão Preto,SP,Sudeste,-21.17,-47.81
2015,151,4.68,0.69,0.67,28.27,74.33,2.33,6.49,3.17,Ribeirão Preto,SP,Sudeste,-21.17,-47.81
2015,152,1.38,0.69,0.68,27.34,79.95,1.08,10.04,4.68,Ribeirão Preto,SP,Sudeste,-21.17,-47.81
2015,153,4.46,0.69,0.68,25.68,82.22,2.14,7.36,3.48,Ribeirão Preto,SP,Sudeste,-21.17,-47.81
2015,154,1.1,0.69,0.68,25.99,81.73,2.21,14.52,6.56,Ribeirão Preto,SP,Sudeste,-21.17,-47.81
2015,155,0.01,0.69,0.66,26.68,77.85,2.31,16.06,7.29,Ribeirão Preto,SP,Sudeste,-21.17,-47.81
2015,156,0.01,0.69,0.65,26.42,76.15,2.28,16.73,7.54,Ribeirão Preto,SP,Sudeste,-21.17,-47.81
2015,157,0.01,0.68,0.65,27.3,76.01,2.7,15.98,7.26,Ribeirão Preto,SP,Sudeste,-21.17,-47.81
2015,158,0.01,0.68,0.65,27.84,73.52,2.1,15.47,7.07,Ribeirão Preto,SP,Sudeste,-21.17,-47.81
2015,159,0.0,0.68,0.64,27.75,69.55,1.79,16.32,7.38,Ribeirão Preto,SP,Sudeste,-21.17,-47.81
2015,160,0.01,0.67,0.64,27.22,67.02,1.82,15.97,7.26,Ribeirão Preto,SP,Sudeste,-21.17,-47.81
2015,161,0.01,0.67,0.63,27.66,62.89,1.48,16.49,7.49,Ribeirão Preto,SP,Sudeste,-21.17,-47.81
2015,162,0.0,0.66,0.63,28.68,62.97,1.55,16.04,7.33,Ribeirão Preto,SP,Sudeste,-21.17,-47.81
2015,163,0.02,0.66,0.63,28.71,65.77,1.01,15.01,6.94,Ribeirão Preto,SP,Sudeste,-21.17,-47.81
2015,164,0.0,0.66,0.62,29.34,64.49,2.26,16.48,7.51,Ribeirão Preto,SP,Sudeste,-21.17,-47.81
2015,165,0.02,0.65,0.62,28.21,68.17,2.9,15.41,7.07,Ribeirão Preto,SP,Sudeste,-21.17,-47.81
2015,166,3.45,0.65,0.64,27.75,79.45,3.1,8.52,3.92,Ribeirão Preto,SP,Sudeste,-21.17,-47.81
2015,167,0.42,0.66,0.64,25.02,80.31,1.21,14.05,6.43,Ribeirão Preto,SP,Sudeste,-21.17,-47.81
2015,168,0.02,0.65,0.62,29.84,74.29,1.73,12.48,5.74,Ribeirão Preto,SP,Sudeste,-21.17,-47.81
2015,169,0.08,0.65,0.62,29.46,69.64,1.98,15.0,6.86,Ribeirão Preto,SP,Sudeste,-21.17,-47.81
2015,170,0.25,0.65,0.62,25.12,74.69,3.08,10.8,4.97,Ribeirão Preto,SP,Sudeste,-21.17,-47.81
2015,171,0.03,0.65,0.62,24.79,72.88,3.54,16.04,7.3,Ribeirão Preto,SP,Sudeste,-21.17,-47.81
2015,172,0.0,0.65,0.62,25.64,72.73,3.0,15.77,7.19,Ribeirão Preto,SP,Sudeste,-21.17,-47.81
2015,173,0.01,0.64,0.61,26.28,69.67,2.45,14.88,6.77,Ribeirão Preto,SP,Sudeste,-21.17,-47.81
2015,174,0.01,0.64,0.61,26.75,67.15,1.62,14.27,6.47,Ribeirão Preto,SP,Sudeste,-21.17,-47.81
2015,175,0.0,0.64,0.61,25.86,70.44,2.51,11.93,5.4,Ribeirão Preto,SP,Sudeste,-21.17,-47.81
2015,176,0.0,0.64,0.61,25.21,69.64,3.71,14.55,6.64,Ribeirão Preto,SP,Sudeste,-21.17,-47.81
2015,177,0.0,0.63,0.61,24.71,69.09,3.3,15.72,7.08,Ribeirão Preto,SP,Sudeste,-21.17,-47.81
2015,178,0.0,0.63,0.61,23.7,70.19,3.27,16.76,7.46,Ribeirão Preto,SP,Sudeste,-21.17,-47.81
2015,179,0.0,0.63,0.61,24.49,67.7,2.86,16.48,7.39,Ribeirão Preto,SP,Sudeste,-21.17,-47.81
2015,180,0.01,0.63,0.61,25.27,67.5,3.25,14.79,6.72,Ribeirão Preto,SP,Sudeste,-21.17,-47.81
2015,181,0.33,0.63,0.61,25.14,73.25,3.15,10.3,4.77,Ribeirão Preto,SP,Sudeste,-21.17,-47.81
2015,182,0.21,0.62,0.6,27.59,70.37,2.24,5.51,2.69,Ribeirão Preto,SP,Sudeste,-21.17,-47.81
2015,183,0.24,0.62,0.6,26.6,71.71,1.46,10.63,4.86,Ribeirão Preto,SP,Sudeste,-21.17,-47.81
2015,184,0.03,0.62,0.59,28.16,66.23,2.92,9.88,4.59,Ribeirão Preto,SP,Sudeste,-21.17,-47.81
2015,185,0.28,0.62,0.58,26.71,75.61,2.76,7.13,3.39,Ribeirão Preto,SP,Sudeste,-21.17,-47.81
2015,186,0.02,0.62,0.58,24.84,80.99,1.56,9.8,4.54,Ribeirão Preto,SP,Sudeste,-21.17,-47.81
2015,187,0.34,0.62,0.57,28.14,73.47,2.33,9.84,4.57,Ribeirão Preto,SP,Sudeste,-21.17,-47.81
2015,188,0.98,0.62,0.57,26.65,77.58,1.91,3.82,1.91,Ribeirão Preto,SP,Sudeste,-21.17,-47.81
2015,189,3.57,0.62,0.6,21.64,86.22,2.57,3.91,1.98,Ribeirão Preto,SP,Sudeste,-21.17,-47.81
2015,190,1.47,0.62,0.63,23.34,83.25,1.65,11.4,5.24,Ribeirão Preto,SP,Sudeste,-21.17,-47.81
2015,191,0.03,0.62,0.6,28.78,70.09,1.57,15.23,7.0,Ribeirão Preto,SP,Sudeste,-21.17,-47.81
2015,192,0.01,0.62,0.58,29.54,60.9,2.26,14.64,6.72,Ribeirão Preto,SP,Sudeste,-21.17,-47.81
2015,193,0.01,0.62,0.56,30.56,60.25,2.46,16.67,7.63,Ribeirão Preto,SP,Sudeste,-21.17,-47.81
2015,194,0.0,0.61,0.54,31.15,56.12,3.26,16.48,7.54,Ribeirão Preto,SP,Sudeste,-21.17,-47.81
2015,195,0.0,0.61,0.51,31.04,57.36,2.65,15.87,7.23,Ribeirão Preto,SP,Sudeste,-21.17,-47.81
2015,196,0.0,0.61,0.49,30.53,61.07,2.52,13.98,6.39,Ribeirão Preto,SP,Sudeste,-21.17,-47.81
2015,197,0.01,0.61,0.48,27.89,60.33,2.96,11.76,5.39,Ribeirão Preto,SP,Sudeste,-21.17,-47.81
2015,198,0.01,0.61,0.46,27.09,60.47,2.58,10.59,4.9,Ribeirão Preto,SP,Sudeste,-21.17,-47.81
2015,199,0.0,0.61,0.45,27.73,56.23,2.57,16.27,7.38,Ribeirão Preto,SP,Sudeste,-21.17,-47.81
2015,200,0.0,0.6,0.43,28.32,58.14,2.49,17.14,7.74,Ribeirão Preto,SP,Sudeste,-21.17,-47.81
2015,201,0.0,0.6,0.41,28.59,58.28,2.69,16.12,7.33,Ribeirão Preto,SP,Sudeste,-21.17,-47.81
2015,202,0.0,0.6,0.39,28.87,57.14,3.08,12.52,5.73,Ribeirão Preto,SP,Sudeste,-21.17,-47.81
2015,203,0.02,0.6,0.38,28.76,64.88,1.25,14.78,6.7,Ribeirão Preto,SP,Sudeste,-21.17,-47.81
2015,204,0.0,0.6,0.37,28.71,57.72,2.7,12.55,5.73,Ribeirão Preto,SP,Sudeste,-21.17,-47.81
2015,205,0.11,0.6,0.36,29.86,52.35,2.78,15.9,7.24,Ribeirão Preto,SP,Sudeste,-21.17,-47.81
2015,206,0.47,0.6,0.35,29.77,57.62,2.09,6.32,3.04,Ribeirão Preto,SP,Sudeste,-21.17,-47.81
2015,207,0.23,0.6,0.35,27.91,66.79,1.73,15.82,7.12,Ribeirão Preto,SP,Sudeste,-21.17,-47.81
2015,208,0.0,0.6,0.35,29.92,52.71,1.88,17.43,7.78,Ribeirão Preto,SP,Sudeste,-21.17,-47.81
2015,209,0.0,0.6,0.33,31.28,38.74,1.79,18.35,8.26,Ribeirão Preto,SP,Sudeste,-21.17,-47.81
2015,210,0.0,0.6,0.32,31.41,39.69,2.16,18.56,8.36,Ribeirão Preto,SP,Sudeste,-21.17,-47.81
2015,211,0.0,0.6,0.31,31.67,43.31,1.83,18.86,8.4,Ribeirão Preto,SP,Sudeste,-21.17,-47.81
2015,212,0.0,0.6,0.3,30.82,44.71,2.46,18.8,8.43,Ribeirão Preto,SP,Sudeste,-21.17,-47.81
2015,213,0.0,0.6,0.29,30.86,43.76,1.82,18.71,8.37,Ribeirão Preto,SP,Sudeste,-21.17,-47.81
2015,214,0.0,0.6,0.29,30.99,45.55,2.58,18.86,8.47,Ribeirão Preto,SP,Sudeste,-21.17,-47.81
2015,215,0.51,0.6,0.29,32.08,42.43,2.09,19.07,8.58,Ribeirão Preto,SP,Sudeste,-21.17,-47.81
2015,216,1.1,0.6,0.32,31.39,40.43,1.08,19.27,8.68,Ribeirão Preto,SP,Sudeste,-21.17,-47.81
2015,217,0.04,0.6,0.32,31.16,41.11,2.08,19.05,8.51,Ribeirão Preto,SP,Sudeste,-21.17,-47.81
2015,218,0.0,0.6,0.31,31.43,40.35,2.11,18.85,8.46,Ribeirão Preto,SP,Sudeste,-21.17,-47.81
2015,219,0.0,0.6,0.3,32.45,35.91,2.16,19.57,8.75,Ribeirão Preto,SP,Sudeste,-21.17,-47.81
2015,220,0.0,0.6,0.29,31.99,40.04,2.31,19.39,8.69,Ribeirão Preto,SP,Sudeste,-21.17,-47.81
2015,221,0.0,0.6,0.28,30.59,50.66,3.12,18.82,8.47,Ribeirão Preto,SP,Sudeste,-21.17,-47.81
2015,222,0.0,0.6,0.28,30.14,53.69,3.01,19.54,8.81,Ribeirão Preto,SP,Sudeste,-21.17,-47.81
2015,223,0.0,0.6,0.27,29.93,47.44,3.22,19.4,8.72,Ribeirão Preto,SP,Sudeste,-21.17,-47.81
2015,224,0.0,0.6,0.27,29.08,44.74,3.23,20.53,9.11,Ribeirão Preto,SP,Sudeste,-21.17,-47.81
2015,225,0.0,0.6,0.26,29.67,43.27,2.86,20.07,8.94,Ribeirão Preto,SP,Sudeste,-21.17,-47.81
2015,226,4.7,0.6,0.36,28.53,50.85,3.01,20.29,9.1,Ribeirão Preto,SP,Sudeste,-21.17,-47.81
2015,227,1.7,0.61,0.47,29.85,53.18,2.7,16.54,7.43,Ribeirão Preto,SP,Sudeste,-21.17,-47.81
2015,228,0.0,0.6,0.44,30.84,46.81,2.24,19.8,8.92,Ribeirão Preto,SP,Sudeste,-21.17,-47.81
2015,229,0.0,0.6,0.4,30.03,47.34,3.29,19.99,9.03,Ribeirão Preto,SP,Sudeste,-21.17,-47.81
2015,230,0.0,0.6,0.38,29.71,49.47,3.61,13.77,6.35,Ribeirão Preto,SP,Sudeste,-21.17,-47.81
2015,231,0.0,0.6,0.36,31.84,48.54,3.51,18.47,8.37,Ribeirão Preto,SP,Sudeste,-21.17,-47.81
2015,232,0.0,0.6,0.35,29.81,43.54,2.32,21.1,9.26,Ribeirão Preto,SP,Sudeste,-21.17,-47.81
2015,233,0.0,0.6,0.33,31.75,50.53,2.51,20.33,9.06,Ribeirão Preto,SP,Sudeste,-21.17,-47.81
2015,234,0.0,0.6,0.32,32.05,43.24,1.66,21.28,9.38,Ribeirão Preto,SP,Sudeste,-21.17,-47.81
2015,235,0.0,0.6,0.3,33.77,31.13,1.99,21.74,9.57,Ribeirão Preto,SP,Sudeste,-21.17,-47.81
2015,236,0.12,0.6,0.29,34.1,44.24,2.89,16.41,7.41,Ribeirão Preto,SP,Sudeste,-21.17,-47.81
2015,237,1.83,0.6,0.31,32.96,55.64,3.45,9.62,4.58,Ribeirão Preto,SP,Sudeste,-21.17,-47.81
2015,238,0.15,0.6,0.34,34.93,49.7,2.35,19.19,8.67,Ribeirão Preto,SP,Sudeste,-21.17,-47.81
2015,239,1.1,0.6,0.34,32.62,46.01,3.09,4.86,2.45,Ribeirão Preto,SP,Sudeste,-21.17,-47.81
2015,240,0.29,0.6,0.35,30.79,57.27,1.91,14.22,6.31,Ribeirão Preto,SP,Sudeste,-21.17,-47.81
2015,241,0.04,0.6,0.34,34.05,49.26,2.19,21.91,9.85,Ribeirão Preto,SP,Sudeste,-21.17,-47.81
2015,242,0.0,0.6,0.33,35.3,42.97,2.47,21.49,9.72,Ribeirão Preto,SP,Sudeste,-21.17,-47.81
2015,243,0.0,0.6,0.31,35.83,35.93,1.52,22.74,10.26,Ribeirão Preto,SP,Sudeste,-21.17,-47.81
2015,244,0.0,0.6,0.29,35.82,32.14,2.37,20.76,9.39,Ribeirão Preto,SP,Sudeste,-21.17,-47.81
2015,245,0.0,0.6,0.29,34.53,51.03,2.41,22.54,10.11,Ribeirão Preto,SP,Sudeste,-21.17,-47.81
2015,246,0.0,0.6,0.28,35.1,41.4,2.01,21.87,9.86,Ribeirão Preto,SP,Sudeste,-21.17,-47.81
2015,247,0.0,0.6,0.27,35.91,31.43,2.6,20.55,9.2,Ribeirão Preto,SP,Sudeste,-21.17,-47.81
2015,248,0.35,0.6,0.26,32.44,53.27,2.95,12.8,5.95,Ribeirão Preto,SP,Sudeste,-21.17,-47.81
2015,249,2.41,0.6,0.31,33.44,57.23,2.56,13.93,6.37,Ribeirão Preto,SP,Sudeste,-21.17,-47.81
2015,250,8.82,0.61,0.48,30.82,61.0,2.24,5.84,2.95,Ribeirão Preto,SP,Sudeste,-21.17,-47.81
2015,251,39.91,0.65,0.74,29.87,70.66,4.54,9.55,4.48,Ribeirão Preto,SP,Sudeste,-21.17,-47.81
2015,252,9.53,0.7,0.74,28.32,70.36,2.64,10.49,4.99,Ribeirão Preto,SP,Sudeste,-21.17,-47.81
2015,253,12.28,0.7,0.73,26.54,74.66,2.85,4.35,2.27,Ribeirão Preto,SP,Sudeste,-21.17,-47.81
2015,254,23.84,0.72,0.78,27.7,78.49,4.08,4.94,2.52,Ribeirão Preto,SP,Sudeste,-21.17,-47.81
2015,255,3.72,0.75,0.77,26.57,75.28,1.81,5.22,2.66,Ribeirão Preto,SP,Sudeste,-21.17,-47.81
2015,256,5.01,0.75,0.76,26.39,77.67,2.42,15.87,7.29,Ribeirão Preto,SP,Sudeste,-21.17,-47.81
2015,257,0.09,0.74,0.72,28.85,76.17,1.91,19.88,9.05,Ribeirão Preto,SP,Sudeste,-21.17,-47.81
2015,258,0.02,0.73,0.7,32.1,68.79,2.7,22.16,9.96,Ribeirão Preto,SP,Sudeste,-21.17,-47.81
2015,259,0.0,0.72,0.69,33.17,61.56,2.85,23.57,10.76,Ribeirão Preto,SP,Sudeste,-21.17,-47.81
2015,260,0.0,0.71,0.67,34.17,53.65,2.43,24.03,11.01,Ribeirão Preto,SP,Sudeste,-21.17,-47.81
2015,261,0.0,0.71,0.66,34.58,48.83,1.97,24.62,11.27,Ribeirão Preto,SP,Sudeste,-21.17,-47.81
2015,262,0.0,0.7,0.65,34.53,43.01,2.25,21.84,9.95,Ribeirão Preto,SP,Sudeste,-21.17,-47.81
2015,263,0.0,0.69,0.64,34.16,45.78,1.95,25.72,11.37,Ribeirão Preto,SP,Sudeste,-21.17,-47.81
2015,264,0.0,0.68,0.63,33.88,45.51,2.19,26.12,11.59,Ribeirão Preto,SP,Sudeste,-21.17,-47.81
2015,265,0.0,0.67,0.62,34.6,43.1,1.56,24.07,10.81,Ribeirão Preto,SP,Sudeste,-21.17,-47.81
2015,266,0.0,0.67,0.62,35.52,43.26,1.86,25.76,11.47,Ribeirão Preto,SP,Sudeste,-21.17,-47.81
2015,267,0.21,0.66,0.62,37.13,37.63,1.59,25.45,11.41,Ribeirão Preto,SP,Sudeste,-21.17,-47.81
2015,268,2.02,0.66,0.63,35.39,56.02,2.22,17.46,8.1,Ribeirão Preto,SP,Sudeste,-21.17,-47.81
2015,269,0.55,0.66,0.62,33.83,64.01,2.27,9.96,4.75,Ribeirão Preto,SP,Sudeste,-21.17,-47.81
2015,270,0.61,0.65,0.61,36.25,60.86,2.93,17.78,8.09,Ribeirão Preto,SP,Sudeste,-21.17,-47.81
2015,271,5.0,0.66,0.66,28.01,76.74,1.75,8.0,3.84,Ribeirão Preto,SP,Sudeste,-21.17,-47.81
2015,272,0.65,0.66,0.63,27.18,72.81,1.89,11.96,5.63,Ribeirão Preto,SP,Sudeste,-21.17,-47.81
2015,273,0.48,0.65,0.62,30.16,66.53,2.31,15.02,6.85,Ribeirão Preto,SP,Sudeste,-21.17,-47.81
2015,274,0.08,0.65,0.61,34.4,59.43,2.08,13.72,6.4,Ribeirão Preto,SP,Sudeste,-21.17,-47.81
2015,275,0.03,0.65,0.6,36.13,52.42,3.06,23.64,10.83,Ribeirão Preto,SP,Sudeste,-21.17,-47.81
2015,276,0.01,0.64,0.6,33.48,56.16,2.19,12.82,6.07,Ribeirão Preto,SP,Sudeste,-21.17,-47.81
2015,277,0.0,0.64,0.6,31.79,66.03,2.15,13.73,6.42,Ribeirão Preto,SP,Sudeste,-21.17,-47.81
2015,278,0.0,0.63,0.6,34.19,59.62,2.65,25.54,11.6,Ribeirão Preto,SP,Sudeste,-21.17,-47.81
2015,279,0.0,0.63,0.59,35.15,57.82,2.45,26.6,12.13,Ribeirão Preto,SP,Sudeste,-21.17,-47.81
2015,280,0.0,0.62,0.58,36.94,51.29,2.5,25.76,11.79,Ribeirão Preto,SP,Sudeste,-21.17,-47.81
2015,281,0.0,0.62,0.56,37.03,44.98,3.1,25.86,11.8,Ribeirão Preto,SP,Sudeste,-21.17,-47.81
2015,282,0.07,0.61,0.53,36.98,42.78,2.34,24.07,11.1,Ribeirão Preto,SP,Sudeste,-21.17,-47.81
2015,283,0.21,0.61,0.5,32.76,57.68,2.04,12.61,6.15,Ribeirão Preto,SP,Sudeste,-21.17,-47.81
2015,284,0.0,0.61,0.47,35.85,47.12,2.56,18.59,8.68,Ribeirão Preto,SP,Sudeste,-21.17,-47.81
2015,285,0.0,0.6,0.43,37.38,46.02,3.08,24.05,11.05,Ribeirão Preto,SP,Sudeste,-21.17,-47.81
2015,286,0.2,0.6,0.4,35.65,54.85,2.15,23.69,10.84,Ribeirão Preto,SP,Sudeste,-21.17,-47.81
2015,287,0.01,0.6,0.37,39.58,36.69,3.08,25.77,11.76,Ribeirão Preto,SP,Sudeste,-21.17,-47.81
2015,288,0.0,0.6,0.34,40.4,25.9,2.77,26.96,12.1,Ribeirão Preto,SP,Sudeste,-21.17,-47.81
2015,289,0.0,0.6,0.32,40.6,27.75,1.25,25.18,11.45,Ribeirão Preto,SP,Sudeste,-21.17,-47.81
2015,290,0.0,0.6,0.29,40.75,31.59,2.43,23.39,10.64,Ribeirão Preto,SP,Sudeste,-21.17,-47.81
2015,291,0.0,0.6,0.28,38.61,42.89,3.39,26.0,11.83,Ribeirão Preto,SP,Sudeste,-21.17,-47.81
2015,292,0.0,0.6,0.27,38.51,39.33,2.42,25.24,11.43,Ribeirão Preto,SP,Sudeste,-21.17,-47.81
2015,293,2.24,0.6,0.27,40.55,32.71,2.79,24.69,11.29,Ribeirão Preto,SP,Sudeste,-21.17,-47.81
2015,294,0.17,0.6,0.34,39.35,42.65,1.59,17.68,7.98,Ribeirão Preto,SP,Sudeste,-21.17,-47.81
2015,295,19.0,0.61,0.5,34.62,60.46,2.58,17.73,8.1,Ribeirão Preto,SP,Sudeste,-21.17,-47.81
2015,296,1.65,0.64,0.64,35.38,60.33,2.36,18.96,8.77,Ribeirão Preto,SP,Sudeste,-21.17,-47.81
2015,297,0.08,0.63,0.59,35.36,60.46,2.64,25.32,11.56,Ribeirão Preto,SP,Sudeste,-21.17,-47.81
2015,298,2.39,0.62,0.6,35.68,57.56,2.89,25.69,11.76,Ribeirão Preto,SP,Sudeste,-21.17,-47.81
2015,299,4.61,0.63,0.64,30.21,71.48,2.24,17.73,8.35,Ribeirão Preto,SP,Sudeste,-21.17,-47.81
2015,300,18.63,0.64,0.69,33.1,72.38,2.32,18.66,8.73,Ribeirão Preto,SP,Sudeste,-21.17,-47.81
2015,301,19.61,0.68,0.76,28.02,79.17,1.08,12.56,6.09,Ribeirão Preto,SP,Sudeste,-21.17,-47.81
2015,302,2.27,0.69,0.67,32.23,69.73,1.8,26.32,12.13,Ribeirão Preto,SP,Sudeste,-21.17,-47.81
2015,303,0.02,0.68,0.63,33.5,59.28,3.16,28.05,12.94,Ribeirão Preto,SP,Sudeste,-21.17,-47.81
2015,304,9.24,0.68,0.66,32.53,67.94,3.31,14.35,7.02,Ribeirão Preto,SP,Sudeste,-21.17,-47.81
2015,305,19.49,0.71,0.78,27.63,84.31,2.42,10.01,5.05,Ribeirão Preto,SP,Sudeste,-21.17,-47.81
2015,306,14.43,0.73,0.77,29.07,82.26,2.76,18.68,8.89,Ribeirão Preto,SP,Sudeste,-21.17,-47.81
2015,307,2.63,0.74,0.74,25.93,86.07,1.27,10.98,5.51,Ribeirão Preto,SP,Sudeste,-21.17,-47.81
2015,308,4.26,0.73,0.73,28.34,81.6,1.51,19.13,9.06,Ribeirão Preto,SP,Sudeste,-21.17,-47.81
2015,309,1.39,0.73,0.72,30.04,77.27,1.53,20.48,9.61,Ribeirão Preto,SP,Sudeste,-21.17,-47.81
2015,310,0.3,0.72,0.69,31.38,75.53,2.1,24.4,11.39,Ribeirão Preto,SP,Sudeste,-21.17,-47.81
2015,311,5.49,0.72,0.72,30.04,74.95,2.26,14.94,7.06,Ribeirão Preto,SP,Sudeste,-21.17,-47.81
2015,312,20.53,0.73,0.76,31.49,73.95,2.14,19.79,9.21,Ribeirão Preto,SP,Sudeste,-21.17,-47.81
2015,313,10.63,0.76,0.82,28.14,80.21,2.21,17.57,8.28,Ribeirão Preto,SP,Sudeste,-21.17,-47.81
2015,314,0.32,0.76,0.75,31.82,71.99,1.9,24.43,11.29,Ribeirão Preto,SP,Sudeste,-21.17,-47.81
2015,315,1.79,0.75,0.74,30.91,74.02,1.66,20.53,9.62,Ribeirão Preto,SP,Sudeste,-21.17,-47.81
2015,316,1.0,0.74,0.72,33.18,69.54,1.31,26.12,12.1,Ribeirão Preto,SP,Sudeste,-21.17,-47.81
2015,317,0.44,0.73,0.71,32.3,73.43,1.35,24.64,11.45,Ribeirão Preto,SP,Sudeste,-21.17,-47.81
2015,318,8.1,0.73,0.74,32.59,73.12,1.98,23.04,10.71,Ribeirão Preto,SP,Sudeste,-21.17,-47.81
2015,319,2.85,0.74,0.74,29.39,79.83,1.47,19.14,9.08,Ribeirão Preto,SP,Sudeste,-21.17,-47.81
2015,320,7.69,0.74,0.75,29.78,77.73,1.01,21.85,10.23,Ribeirão Preto,SP,Sudeste,-21.17,-47.81
2015,321,10.51,0.74,0.77,30.41,77.24,1.24,20.49,9.6,Ribeirão Preto,SP,Sudeste,-21.17,-47.81
2015,322,0.78,0.74,0.73,30.51,74.96,1.51,25.68,11.81,Ribeirão Preto,SP,Sudeste,-21.17,-47.81
2015,323,15.4,0.75,0.8,29.28,80.19,1.63,21.37,9.93,Ribeirão Preto,SP,Sudeste,-21.17,-47.81
2015,324,5.27,0.76,0.78,27.82,84.98,2.44,9.85,4.86,Ribeirão Preto,SP,Sudeste,-21.17,-47.81
2015,325,0.66,0.76,0.75,30.05,78.66,1.59,17.08,8.07,Ribeirão Preto,SP,Sudeste,-21.17,-47.81
2015,326,5.98,0.75,0.75,30.96,80.58,2.03,22.29,10.44,Ribeirão Preto,SP,Sudeste,-21.17,-47.81
2015,327,20.28,0.76,0.83,28.82,85.49,1.81,13.48,6.38,Ribeirão Preto,SP,Sudeste,-21.17,-47.81
2015,328,19.22,0.8,0.88,25.58,92.21,2.66,3.11,1.71,Ribeirão Preto,SP,Sudeste,-21.17,-47.81
2015,329,1.49,0.81,0.83,25.51,91.32,2.23,8.02,4.07,Ribeirão Preto,SP,Sudeste,-21.17,-47.81
2015,330,0.09,0.8,0.81,29.49,81.57,1.08,23.7,10.86,Ribeirão Preto,SP,Sudeste,-21.17,-47.81
2015,331,0.05,0.79,0.79,30.26,76.11,2.12,27.54,12.62,Ribeirão Preto,SP,Sudeste,-21.17,-47.81
2015,332,11.52,0.79,0.83,27.43,85.06,1.9,22.8,10.57,Ribeirão Preto,SP,Sudeste,-21.17,-47.81
2015,333,9.33,0.8,0.84,28.79,82.18,1.56,16.15,7.79,Ribeirão Preto,SP,Sudeste,-21.17,-47.81
2015,334,6.97,0.8,0.83,28.75,82.94,1.34,20.56,9.73,Ribeirão Preto,SP,Sudeste,-21.17,-47.81
2015,335,6.04,0.8,0.83,27.71,87.26,2.12,19.08,9.08,Ribeirão Preto,SP,Sudeste,-21.17,-47.81
2015,336,17.06,0.82,0.87,27.62,89.03,1.47,19.67,9.16,Ribeirão Preto,SP,Sudeste,-21.17,-47.81
2015,337,9.61,0.83,0.86,28.02,88.42,1.55,21.37,10.02,Ribeirão Preto,SP,Sudeste,-21.17,-47.81
2015,338,5.48,0.83,0.85,28.28,83.48,1.53,22.69,10.56,Ribeirão Preto,SP,Sudeste,-21.17,-47.81
2015,339,5.84,0.83,0.85,25.86,85.82,1.62,20.88,9.73,Ribeirão Preto,SP,Sudeste,-21.17,-47.81
2015,340,5.67,0.83,0.85,27.17,87.0,1.65,17.59,8.36,Ribeirão Preto,SP,Sudeste,-21.17,-47.81
2015,341,15.65,0.84,0.89,26.85,84.58,1.3,14.34,7.0,Ribeirão Preto,SP,Sudeste,-21.17,-47.81
2015,342,5.99,0.85,0.87,26.82,86.26,1.1,22.61,10.56,Ribeirão Preto,SP,Sudeste,-21.17,-47.81
2015,343,2.34,0.85,0.86,26.61,87.52,1.9,21.17,9.95,Ribeirão Preto,SP,Sudeste,-21.17,-47.81
2015,344,8.35,0.85,0.87,26.46,86.81,1.77,11.31,5.62,Ribeirão Preto,SP,Sudeste,-21.17,-47.81
2015,345,4.37,0.85,0.86,27.35,85.07,1.67,23.34,10.89,Ribeirão Preto,SP,Sudeste,-21.17,-47.81
2015,346,11.61,0.86,0.89,29.35,85.06,1.41,26.26,12.12,Ribeirão Preto,SP,Sudeste,-21.17,-47.81
2015,347,3.6,0.86,0.87,24.46,89.61,1.99,17.06,8.15,Ribeirão Preto,SP,Sudeste,-21.17,-47.81
2015,348,2.11,0.86,0.86,30.04,78.65,2.13,25.95,12.08,Ribeirão Preto,SP,Sudeste,-21.17,-47.81
2015,349,4.64,0.85,0.86,30.03,81.7,1.87,21.02,9.93,Ribeirão Preto,SP,Sudeste,-21.17,-47.81
2015,350,6.94,0.85,0.87,27.88,83.05,1.55,18.55,8.77,Ribeirão Preto,SP,Sudeste,-21.17,-47.81
2015,351,7.59,0.86,0.88,28.94,81.36,2.12,27.57,12.79,Ribeirão Preto,SP,Sudeste,-21.17,-47.81
2015,352,3.55,0.85,0.86,30.24,75.3,1.71,28.52,13.27,Ribeirão Preto,SP,Sudeste,-21.17,-47.81
2015,353,3.33,0.85,0.86,27.65,81.32,1.1,26.62,12.41,Ribeirão Preto,SP,Sudeste,-21.17,-47.81
2015,354,4.18,0.85,0.86,28.44,78.72,1.01,18.05,8.59,Ribeirão Preto,SP,Sudeste,-21.17,-47.81
2015,355,1.77,0.84,0.84,29.41,78.96,1.66,24.64,11.51,Ribeirão Preto,SP,Sudeste,-21.17,-47.81
2015,356,0.44,0.83,0.83,29.09,80.82,2.31,23.26,11.0,Ribeirão Preto,SP,Sudeste,-21.17,-47.81
2015,357,8.06,0.82,0.85,29.35,76.84,1.81,22.81,10.76,Ribeirão Preto,SP,Sudeste,-21.17,-47.81
2015,358,2.0,0.82,0.83,30.58,78.63,1.89,22.85,10.68,Ribeirão Preto,SP,Sudeste,-21.17,-47.81
2015,359,4.28,0.82,0.84,27.52,87.67,2.12,18.27,8.75,Ribeirão Preto,SP,Sudeste,-21.17,-47.81
2015,360,9.69,0.83,0.86,25.89,88.96,1.56,23.35,10.99,Ribeirão Preto,SP,Sudeste,-21.17,-47.81
2015,361,12.66,0.84,0.87,26.81,84.73,2.07,16.98,8.15,Ribeirão Preto,SP,Sudeste,-21.17,-47.81
2015,362,12.23,0.85,0.89,24.29,92.0,2.49,12.96,6.38,Ribeirão Preto,SP,Sudeste,-21.17,-47.81
2015,363,13.26,0.87,0.9,24.56,90.46,2.53,9.2,4.69,Ribeirão Preto,SP,Sudeste,-21.17,-47.81
2015,364,5.8,0.87,0.88,26.26,87.39,2.5,11.32,5.65,Ribeirão Preto,SP,Sudeste,-21.17,-47.81
2015,365,2.32,0.87,0.87,27.42,86.37,2.32,20.67,9.83,Ribeirão Preto,SP,Sudeste,-21.17,-47.81
2016,1,1.02,0.86,0.86,26.71,87.26,1.21,21.64,10.31,Ribeirão Preto,SP,Sudeste,-21.17,-47.81
2016,2,2.0,0.85,0.86,28.41,83.72,1.11,17.5,8.42,Ribeirão Preto,SP,Sudeste,-21.17,-47.81
2016,3,8.3,0.85,0.87,26.91,87.51,1.15,11.5,5.67,Ribeirão Preto,SP,Sudeste,-21.17,-47.81
2016,4,4.81,0.86,0.86,28.79,82.82,2.38,17.72,8.42,Ribeirão Preto,SP,Sudeste,-21.17,-47.81
2016,5,0.53,0.85,0.84,29.21,80.51,2.68,26.43,12.33,Ribeirão Preto,SP,Sudeste,-21.17,-47.81
2016,6,0.15,0.83,0.83,28.78,81.47,3.04,26.52,12.28,Ribeirão Preto,SP,Sudeste,-21.17,-47.81
2016,7,3.24,0.82,0.83,27.56,84.53,2.55,24.59,11.46,Ribeirão Preto,SP,Sudeste,-21.17,-47.81
2016,8,17.71,0.83,0.88,27.75,89.56,1.71,15.78,7.61,Ribeirão Preto,SP,Sudeste,-21.17,-47.81
2016,9,11.0,0.86,0.89,25.27,92.21,1.82,12.84,6.3,Ribeirão Preto,SP,Sudeste,-21.17,-47.81
2016,10,5.91,0.86,0.87,27.95,87.81,2.22,17.13,8.36,Ribeirão Preto,SP,Sudeste,-21.17,-47.81
2016,11,25.92,0.88,0.93,25.98,91.74,2.32,11.88,5.95,Ribeirão Preto,SP,Sudeste,-21.17,-47.81
2016,12,34.76,0.91,0.96,25.97,92.45,2.62,4.23,2.3,Ribeirão Preto,SP,Sudeste,-21.17,-47.81
2016,13,24.14,0.94,0.96,25.62,93.03,2.67,7.82,4.04,Ribeirão Preto,SP,Sudeste,-21.17,-47.81
2016,14,21.09,0.95,0.95,26.6,90.39,1.7,11.59,5.8,Ribeirão Preto,SP,Sudeste,-21.17,-47.81
2016,15,36.32,0.97,0.97,26.32,91.96,2.96,8.7,4.45,Ribeirão Preto,SP,Sudeste,-21.17,-47.81
2016,16,24.46,0.99,0.97,28.21,90.55,1.52,20.08,9.56,Ribeirão Preto,SP,Sudeste,-21.17,-47.81
2016,17,5.29,0.98,0.95,27.75,86.84,2.85,20.03,9.36,Ribeirão Preto,SP,Sudeste,-21.17,-47.81
2016,18,4.03,0.98,0.94,29.12,86.44,2.87,20.47,9.7,Ribeirão Preto,SP,Sudeste,-21.17,-47.81
2016,19,15.56,0.97,0.96,29.24,87.98,3.05,14.15,6.9,Ribeirão Preto,SP,Sudeste,-21.17,-47.81
2016,20,6.72,0.98,0.95,27.0,89.67,2.92,20.81,9.7,Ribeirão Preto,SP,Sudeste,-21.17,-47.81
2016,21,1.26,0.97,0.93,28.59,83.61,3.14,24.04,11.21,Ribeirão Preto,SP,Sudeste,-21.17,-47.81
2016,22,0.05,0.96,0.92,28.56,80.89,2.54,26.72,12.28,Ribeirão Preto,SP,Sudeste,-21.17,-47.81
2016,23,0.1,0.95,0.91,29.07,81.38,1.86,26.02,12.03,Ribeirão Preto,SP,Sudeste,-21.17,-47.81
2016,24,8.71,0.94,0.93,26.35,89.21,1.5,22.86,10.72,Ribeirão Preto,SP,Sudeste,-21.17,-47.81
2016,25,11.9,0.95,0.94,28.22,84.57,1.9,27.6,12.84,Ribeirão Preto,SP,Sudeste,-21.17,-47.81
2016,26,3.07,0.95,0.92,29.86,80.61,1.42,28.25,13.24,Ribeirão Preto,SP,Sudeste,-21.17,-47.81
2016,27,10.23,0.94,0.93,28.04,88.37,1.44,18.2,8.7,Ribeirão Preto,SP,Sudeste,-21.17,-47.81
2016,28,15.95,0.96,0.95,25.41,93.77,2.27,17.44,8.28,Ribeirão Preto,SP,Sudeste,-21.17,-47.81
2016,29,4.1,0.97,0.94,24.76,91.53,2.06,12.93,6.37,Ribeirão Preto,SP,Sudeste,-21.17,-47.81
2016,30,1.19,0.96,0.93,28.47,83.89,2.7,25.44,11.86,Ribeirão Preto,SP,Sudeste,-21.17,-47.81
2016,31,0.0,0.95,0.91,29.82,78.7,2.46,28.77,13.23,Ribeirão Preto,SP,Sudeste,-21.17,-47.81
2016,32,0.0,0.93,0.9,30.02,73.41,1.64,28.68,13.28,Ribeirão Preto,SP,Sudeste,-21.17,-47.81
2016,33,0.23,0.92,0.9,31.4,73.86,1.28,29.11,13.51,Ribeirão Preto,SP,Sudeste,-21.17,-47.81
2016,34,0.86,0.91,0.89,30.26,79.12,1.79,25.82,12.16,Ribeirão Preto,SP,Sudeste,-21.17,-47.81
2016,35,0.76,0.9,0.88,29.34,80.88,1.42,23.61,11.02,Ribeirão Preto,SP,Sudeste,-21.17,-47.81
2016,36,10.13,0.9,0.9,29.64,83.27,2.03,26.32,12.32,Ribeirão Preto,SP,Sudeste,-21.17,-47.81
2016,37,5.67,0.9,0.9,29.0,81.9,0.97,17.12,8.2,Ribeirão Preto,SP,Sudeste,-21.17,-47.81
2016,38,9.73,0.9,0.91,27.31,87.72,1.47,19.86,9.42,Ribeirão Preto,SP,Sudeste,-21.17,-47.81
2016,39,3.69,0.91,0.9,27.94,85.21,2.09,20.78,9.81,Ribeirão Preto,SP,Sudeste,-21.17,-47.81
2016,40,0.32,0.9,0.88,29.82,75.58,1.19,27.39,12.8,Ribeirão Preto,SP,Sudeste,-21.17,-47.81
2016,41,0.17,0.88,0.87,30.35,78.88,1.63,27.11,12.67,Ribeirão Preto,SP,Sudeste,-21.17,-47.81
2016,42,18.53,0.88,0.91,28.69,85.31,1.0,18.47,8.75,Ribeirão Preto,SP,Sudeste,-21.17,-47.81
2016,43,1.23,0.89,0.88,28.97,84.67,1.68,22.95,10.82,Ribeirão Preto,SP,Sudeste,-21.17,-47.81
2016,44,2.81,0.88,0.88,29.46,83.45,1.32,24.5,11.45,Ribeirão Preto,SP,Sudeste,-21.17,-47.81
2016,45,0.75,0.87,0.87,30.37,77.9,1.06,24.28,11.26,Ribeirão Preto,SP,Sudeste,-21.17,-47.81
2016,46,13.61,0.87,0.9,26.35,91.4,1.95,24.06,11.25,Ribeirão Preto,SP,Sudeste,-21.17,-47.81
2016,47,10.14,0.89,0.91,26.39,88.62,1.39,15.76,7.57,Ribeirão Preto,SP,Sudeste,-21.17,-47.81
2016,48,11.92,0.89,0.91,28.71,84.93,1.32,20.97,9.91,Ribeirão Preto,SP,Sudeste,-21.17,-47.81
2016,49,2.28,0.9,0.89,30.06,75.22,1.26,22.13,10.43,Ribeirão Preto,SP,Sudeste,-21.17,-47.81
2016,50,3.66,0.89,0.89,28.1,84.88,1.67,21.56,10.18,Ribeirão Preto,SP,Sudeste,-21.17,-47.81
2016,51,6.88,0.89,0.9,27.59,83.0,1.51,21.04,9.97,Ribeirão Preto,SP,Sudeste,-21.17,-47.81
2016,52,6.97,0.89,0.9,27.97,84.88,1.3,13.66,6.62,Ribeirão Preto,SP,Sudeste,-21.17,-47.81
2016,53,10.45,0.9,0.91,26.2,90.28,1.39,12.07,5.96,Ribeirão Preto,SP,Sudeste,-21.17,-47.81
2016,54,2.42,0.91,0.9,23.89,92.76,1.21,13.59,6.61,Ribeirão Preto,SP,Sudeste,-21.17,-47.81
2016,55,2.24,0.91,0.9,25.39,88.63,1.72,13.3,6.43,Ribeirão Preto,SP,Sudeste,-21.17,-47.81
2016,56,10.08,0.9,0.91,29.37,77.16,1.35,18.17,8.66,Ribeirão Preto,SP,Sudeste,-21.17,-47.81
2016,57,2.4,0.9,0.89,28.58,82.29,1.82,23.28,10.96,Ribeirão Preto,SP,Sudeste,-21.17,-47.81
2016,58,3.68,0.9,0.9,26.73,85.7,1.28,16.69,8.04,Ribeirão Preto,SP,Sudeste,-21.17,-47.81
2016,59,0.47,0.89,0.89,26.39,87.95,1.4,18.65,8.86,Ribeirão Preto,SP,Sudeste,-21.17,-47.81
2016,60,3.97,0.89,0.89,26.98,89.02,1.89,15.62,7.5,Ribeirão Preto,SP,Sudeste,-21.17,-47.81
2016,61,7.65,0.89,0.9,24.47,90.12,1.52,12.42,6.04,Ribeirão Preto,SP,Sudeste,-21.17,-47.81
2016,62,10.15,0.9,0.91,26.53,89.07,2.45,14.2,6.82,Ribeirão Preto,SP,Sudeste,-21.17,-47.81
2016,63,20.74,0.92,0.93,27.12,88.38,2.85,14.31,6.95,Ribeirão Preto,SP,Sudeste,-21.17,-47.81
2016,64,15.63,0.92,0.93,26.85,90.04,3.13,13.63,6.59,Ribeirão Preto,SP,Sudeste,-21.17,-47.81
2016,65,11.99,0.94,0.93,26.2,91.78,2.76,19.23,9.07,Ribeirão Preto,SP,Sudeste,-21.17,-47.81
2016,66,21.29,0.94,0.95,28.74,82.33,1.02,20.34,9.56,Ribeirão Preto,SP,Sudeste,-21.17,-47.81
2016,67,13.32,0.96,0.95,27.05,87.49,1.05,20.41,9.55,Ribeirão Preto,SP,Sudeste,-21.17,-47.81
2016,68,6.76,0.97,0.94,29.11,85.99,1.79,22.92,10.68,Ribeirão Preto,SP,Sudeste,-21.17,-47.81
2016,69,0.56,0.96,0.92,28.17,83.2,2.1,22.67,10.58,Ribeirão Preto,SP,Sudeste,-21.17,-47.81
2016,70,27.04,0.96,0.96,25.71,90.12,2.84,13.46,6.52,Ribeirão Preto,SP,Sudeste,-21.17,-47.81
2016,71,14.42,0.98,0.96,27.01,91.97,3.12,15.77,7.58,Ribeirão Preto,SP,Sudeste,-21.17,-47.81
2016,72,2.57,0.98,0.94,27.9,87.54,1.56,18.14,8.47,Ribeirão Preto,SP,Sudeste,-21.17,-47.81
2016,73,3.69,0.97,0.94,29.1,86.88,1.83,20.64,9.67,Ribeirão Preto,SP,Sudeste,-21.17,-47.81
2016,74,4.65,0.97,0.94,27.86,86.19,2.68,23.57,10.98,Ribeirão Preto,SP,Sudeste,-21.17,-47.81
2016,75,5.68,0.96,0.93,26.36,88.51,2.1,17.25,8.24,Ribeirão Preto,SP,Sudeste,-21.17,-47.81
2016,76,0.78,0.96,0.93,26.0,86.83,2.07,16.27,7.67,Ribeirão Preto,SP,Sudeste,-21.17,-47.81
2016,77,5.96,0.96,0.93,27.15,85.73,2.45,20.59,9.68,Ribeirão Preto,SP,Sudeste,-21.17,-47.81
2016,78,1.07,0.95,0.92,28.45,81.47,1.76,23.56,10.98,Ribeirão Preto,SP,Sudeste,-21.17,-47.81
2016,79,0.01,0.94,0.91,29.26,79.77,1.38,25.75,11.84,Ribeirão Preto,SP,Sudeste,-21.17,-47.81
2016,80,0.03,0.93,0.9,29.4,78.33,1.57,23.37,10.7,Ribeirão Preto,SP,Sudeste,-21.17,-47.81
2016,81,0.35,0.92,0.9,29.1,77.64,1.86,23.62,10.96,Ribeirão Preto,SP,Sudeste,-21.17,-47.81
2016,82,0.05,0.91,0.89,29.19,82.65,1.97,17.96,8.44,Ribeirão Preto,SP,Sudeste,-21.17,-47.81
2016,83,6.4,0.9,0.9,27.48,85.72,0.85,20.35,9.53,Ribeirão Preto,SP,Sudeste,-21.17,-47.81
2016,84,3.12,0.91,0.9,26.56,87.18,1.49,15.65,7.43,Ribeirão Preto,SP,Sudeste,-21.17,-47.81
2016,85,17.52,0.92,0.93,27.14,88.84,1.78,10.93,5.27,Ribeirão Preto,SP,Sudeste,-21.17,-47.81
2016,86,2.77,0.93,0.91,27.62,87.84,2.24,16.95,8.0,Ribeirão Preto,SP,Sudeste,-21.17,-47.81
2016,87,1.32,0.92,0.9,26.03,88.76,1.8,19.87,9.31,Ribeirão Preto,SP,Sudeste,-21.17,-47.81
2016,88,8.67,0.92,0.92,28.68,86.65,1.25,19.72,9.22,Ribeirão Preto,SP,Sudeste,-21.17,-47.81
2016,89,4.94,0.93,0.92,27.41,87.9,1.32,20.39,9.47,Ribeirão Preto,SP,Sudeste,-21.17,-47.81
2016,90,0.19,0.92,0.9,27.38,83.85,1.3,18.71,8.67,Ribeirão Preto,SP,Sudeste,-21.17,-47.81
2016,91,1.97,0.92,0.91,27.28,84.66,1.2,20.01,9.3,Ribeirão Preto,SP,Sudeste,-21.17,-47.81
2016,92,0.07,0.91,0.9,28.32,82.12,1.34,21.83,10.15,Ribeirão Preto,SP,Sudeste,-21.17,-47.81
2016,93,0.07,0.9,0.89,28.96,76.5,1.33,22.45,10.43,Ribeirão Preto,SP,Sudeste,-21.17,-47.81
2016,94,0.02,0.9,0.88,30.24,75.54,1.25,22.53,10.42,Ribeirão Preto,SP,Sudeste,-21.17,-47.81
2016,95,0.07,0.88,0.87,30.2,78.82,1.38,22.02,10.19,Ribeirão Preto,SP,Sudeste,-21.17,-47.81
2016,96,0.02,0.87,0.87,28.99,80.48,2.17,22.06,10.26,Ribeirão Preto,SP,Sudeste,-21.17,-47.81
2016,97,0.03,0.86,0.86,28.59,75.35,1.77,22.93,10.53,Ribeirão Preto,SP,Sudeste,-21.17,-47.81
2016,98,0.0,0.85,0.85,29.67,71.12,1.04,23.12,10.61,Ribeirão Preto,SP,Sudeste,-21.17,-47.81
2016,99,0.03,0.84,0.84,29.99,71.18,1.12,22.3,10.3,Ribeirão Preto,SP,Sudeste,-21.17,-47.81
2016,100,0.03,0.83,0.83,29.98,70.69,1.73,22.62,10.39,Ribeirão Preto,SP,Sudeste,-21.17,-47.81
2016,101,0.0,0.82,0.82,29.66,70.18,1.66,22.13,10.25,Ribeirão Preto,SP,Sudeste,-21.17,-47.81
2016,102,0.0,0.81,0.81,28.89,76.19,1.95,20.62,9.58,Ribeirão Preto,SP,Sudeste,-21.17,-47.81
2016,103,0.0,0.8,0.8,29.01,78.27,1.74,21.29,9.89,Ribeirão Preto,SP,Sudeste,-21.17,-47.81
2016,104,0.05,0.79,0.79,28.76,79.04,2.25,21.28,9.78,Ribeirão Preto,SP,Sudeste,-21.17,-47.81
2016,105,0.02,0.78,0.78,29.38,76.52,2.13,20.95,9.68,Ribeirão Preto,SP,Sudeste,-21.17,-47.81
2016,106,0.0,0.77,0.77,29.63,75.15,1.84,20.5,9.48,Ribeirão Preto,SP,Sudeste,-21.17,-47.81
2016,107,0.0,0.76,0.75,29.22,74.04,2.3,21.12,9.66,Ribeirão Preto,SP,Sudeste,-21.17,-47.81
2016,108,0.0,0.75,0.74,29.16,75.36,2.35,21.95,10.07,Ribeirão Preto,SP,Sudeste,-21.17,-47.81
2016,109,0.0,0.74,0.73,29.13,76.65,2.6,21.13,9.85,Ribeirão Preto,SP,Sudeste,-21.17,-47.81
2016,110,0.0,0.74,0.72,29.12,75.08,2.38,20.46,9.48,Ribeirão Preto,SP,Sudeste,-21.17,-47.81
2016,111,0.0,0.73,0.7,29.72,72.34,2.15,19.87,9.2,Ribeirão Preto,SP,Sudeste,-21.17,-47.81
2016,112,0.0,0.72,0.69,29.72,68.06,1.82,19.93,9.19,Ribeirão Preto,SP,Sudeste,-21.17,-47.81
2016,113,0.0,0.71,0.68,30.66,65.63,0.85,19.79,9.15,Ribeirão Preto,SP,Sudeste,-21.17,-47.81
2016,114,0.0,0.71,0.68,30.06,70.75,2.04,19.1,8.82,Ribeirão Preto,SP,Sudeste,-21.17,-47.81
2016,115,0.0,0.7,0.67,30.75,68.2,2.23,20.46,9.51,Ribeirão Preto,SP,Sudeste,-21.17,-47.81
2016,116,0.01,0.7,0.66,30.59,66.01,2.52,18.73,8.64,Ribeirão Preto,SP,Sudeste,-21.17,-47.81
2016,117,0.51,0.69,0.66,28.63,72.06,2.85,8.9,4.31,Ribeirão Preto,SP,Sudeste,-21.17,-47.81
2016,118,2.38,0.69,0.67,20.64,83.22,3.06,5.97,2.99,Ribeirão Preto,SP,Sudeste,-21.17,-47.81
2016,119,0.29,0.69,0.66,23.16,72.7,1.16,14.6,6.59,Ribeirão Preto,SP,Sudeste,-21.17,-47.81
2016,120,6.9,0.69,0.7,22.58,86.75,1.58,8.73,4.22,Ribeirão Preto,SP,Sudeste,-21.17,-47.81
2016,121,0.46,0.7,0.67,24.6,76.94,1.57,18.24,8.2,Ribeirão Preto,SP,Sudeste,-21.17,-47.81
2016,122,0.04,0.69,0.66,25.07,70.04,1.74,20.52,9.13,Ribeirão Preto,SP,Sudeste,-21.17,-47.81
2016,123,0.0,0.69,0.65,26.36,69.5,2.16,18.77,8.42,Ribeirão Preto,SP,Sudeste,-21.17,-47.81
2016,124,0.0,0.68,0.65,28.89,68.01,2.09,19.78,9.0,Ribeirão Preto,SP,Sudeste,-21.17,-47.81
2016,125,0.0,0.68,0.64,28.45,64.69,1.22,19.11,8.6,Ribeirão Preto,SP,Sudeste,-21.17,-47.81
2016,126,0.0,0.67,0.64,28.54,66.34,1.56,18.92,8.53,Ribeirão Preto,SP,Sudeste,-21.17,-47.81
2016,127,0.0,0.67,0.63,29.66,68.13,1.74,18.41,8.26,Ribeirão Preto,SP,Sudeste,-21.17,-47.81
2016,128,0.0,0.67,0.63,29.94,65.51,1.31,14.22,6.51,Ribeirão Preto,SP,Sudeste,-21.17,-47.81
2016,129,0.0,0.66,0.63,30.36,68.2,1.41,14.9,6.83,Ribeirão Preto,SP,Sudeste,-21.17,-47.81
2016,130,0.0,0.66,0.62,31.36,66.18,2.17,14.74,6.72,Ribeirão Preto,SP,Sudeste,-21.17,-47.81
2016,131,0.18,0.65,0.62,30.59,66.17,2.7,8.92,4.24,Ribeirão Preto,SP,Sudeste,-21.17,-47.81
2016,132,2.65,0.65,0.64,28.43,75.91,1.51,12.05,5.66,Ribeirão Preto,SP,Sudeste,-21.17,-47.81
2016,133,1.25,0.65,0.63,28.38,74.61,1.76,13.48,6.24,Ribeirão Preto,SP,Sudeste,-21.17,-47.81
2016,134,0.18,0.65,0.62,28.15,74.14,1.85,11.15,5.15,Ribeirão Preto,SP,Sudeste,-21.17,-47.81
2016,135,0.01,0.65,0.62,28.61,72.4,2.35,17.2,7.89,Ribeirão Preto,SP,Sudeste,-21.17,-47.81
2016,136,4.86,0.65,0.64,29.68,75.14,2.82,17.18,7.84,Ribeirão Preto,SP,Sudeste,-21.17,-47.81
2016,137,1.92,0.65,0.64,29.47,73.68,3.0,14.96,6.94,Ribeirão Preto,SP,Sudeste,-21.17,-47.81
2016,138,7.94,0.66,0.68,27.18,82.27,2.47,9.15,4.22,Ribeirão Preto,SP,Sudeste,-21.17,-47.81
2016,139,0.29,0.66,0.63,26.55,79.69,1.85,9.97,4.59,Ribeirão Preto,SP,Sudeste,-21.17,-47.81
2016,140,0.7,0.66,0.63,29.51,77.77,2.16,11.37,5.21,Ribeirão Preto,SP,Sudeste,-21.17,-47.81
2016,141,10.8,0.67,0.69,29.38,78.37,2.54,14.97,6.86,Ribeirão Preto,SP,Sudeste,-21.17,-47.81
2016,142,0.77,0.67,0.65,28.92,73.84,2.57,7.85,3.79,Ribeirão Preto,SP,Sudeste,-21.17,-47.81
2016,143,0.48,0.67,0.64,30.46,71.05,2.17,16.7,7.68,Ribeirão Preto,SP,Sudeste,-21.17,-47.81
2016,144,1.06,0.67,0.65,21.36,82.93,2.26,10.26,4.72,Ribeirão Preto,SP,Sudeste,-21.17,-47.81
2016,145,0.05,0.67,0.63,25.4,71.01,2.37,18.17,8.02,Ribeirão Preto,SP,Sudeste,-21.17,-47.81
2016,146,0.02,0.66,0.63,27.57,71.4,2.56,16.84,7.64,Ribeirão Preto,SP,Sudeste,-21.17,-47.81
2016,147,0.02,0.66,0.63,27.6,72.8,2.02,16.47,7.51,Ribeirão Preto,SP,Sudeste,-21.17,-47.81
2016,148,0.0,0.66,0.62,27.75,72.64,1.3,15.27,6.95,Ribeirão Preto,SP,Sudeste,-21.17,-47.81
2016,149,0.02,0.65,0.62,27.66,72.0,2.34,15.94,7.28,Ribeirão Preto,SP,Sudeste,-21.17,-47.81
2016,150,1.5,0.65,0.63,27.67,71.92,2.56,5.95,2.89,Ribeirão Preto,SP,Sudeste,-21.17,-47.81
2016,151,8.55,0.66,0.68,27.5,75.04,1.49,4.81,2.37,Ribeirão Preto,SP,Sudeste,-21.17,-47.81
2016,152,1.47,0.67,0.65,27.59,77.17,1.6,8.54,4.06,Ribeirão Preto,SP,Sudeste,-21.17,-47.81
2016,153,10.88,0.67,0.69,27.14,82.34,2.07,14.05,6.47,Ribeirão Preto,SP,Sudeste,-21.17,-47.81
2016,154,12.82,0.69,0.72,25.7,86.02,2.0,11.61,5.41,Ribeirão Preto,SP,Sudeste,-21.17,-47.81
2016,155,16.35,0.71,0.77,21.08,89.15,1.86,5.62,2.76,Ribeirão Preto,SP,Sudeste,-21.17,-47.81
2016,156,2.92,0.73,0.73,24.43,90.85,1.57,7.48,3.54,Ribeirão Preto,SP,Sudeste,-21.17,-47.81
2016,157,0.52,0.72,0.7,28.09,84.88,2.35,9.34,4.42,Ribeirão Preto,SP,Sudeste,-21.17,-47.81
2016,158,7.94,0.72,0.73,27.58,87.77,2.76,10.71,4.95,Ribeirão Preto,SP,Sudeste,-21.17,-47.81
2016,159,8.19,0.74,0.76,21.91,88.88,2.19,4.39,2.2,Ribeirão Preto,SP,Sudeste,-21.17,-47.81
2016,160,1.42,0.74,0.73,20.77,85.45,1.71,13.44,6.09,Ribeirão Preto,SP,Sudeste,-21.17,-47.81
2016,161,0.01,0.73,0.72,21.36,76.67,1.48,15.17,6.56,Ribeirão Preto,SP,Sudeste,-21.17,-47.81
2016,162,0.04,0.73,0.71,21.95,73.52,1.9,12.59,5.62,Ribeirão Preto,SP,Sudeste,-21.17,-47.81
2016,163,0.0,0.73,0.7,21.24,72.46,1.43,16.77,7.23,Ribeirão Preto,SP,Sudeste,-21.17,-47.81
2016,164,0.0,0.72,0.7,19.77,70.12,1.53,17.18,7.38,Ribeirão Preto,SP,Sudeste,-21.17,-47.81
2016,165,0.0,0.72,0.69,21.79,71.38,2.45,16.23,7.08,Ribeirão Preto,SP,Sudeste,-21.17,-47.81
2016,166,0.0,0.71,0.69,24.09,74.77,3.25,16.45,7.29,Ribeirão Preto,SP,Sudeste,-21.17,-47.81
2016,167,0.0,0.71,0.68,25.44,72.74,1.96,15.56,6.98,Ribeirão Preto,SP,Sudeste,-21.17,-47.81
2016,168,0.0,0.71,0.68,25.75,69.21,1.22,16.67,7.51,Ribeirão Preto,SP,Sudeste,-21.17,-47.81
2016,169,0.0,0.7,0.67,26.72,66.63,1.79,15.2,6.83,Ribeirão Preto,SP,Sudeste,-21.17,-47.81
2016,170,0.0,0.7,0.67,27.32,62.38,1.51,16.33,7.3,Ribeirão Preto,SP,Sudeste,-21.17,-47.81
2016,171,0.0,0.7,0.66,27.55,66.61,1.73,16.05,7.12,Ribeirão Preto,SP,Sudeste,-21.17,-47.81
2016,172,0.0,0.69,0.66,26.86,64.4,1.53,16.18,7.22,Ribeirão Preto,SP,Sudeste,-21.17,-47.81
2016,173,0.01,0.69,0.65,26.44,72.1,2.14,14.15,6.31,Ribeirão Preto,SP,Sudeste,-21.17,-47.81
2016,174,0.56,0.68,0.65,25.04,76.11,3.03,14.05,6.35,Ribeirão Preto,SP,Sudeste,-21.17,-47.81
2016,175,0.29,0.68,0.65,25.74,76.28,1.34,13.74,6.21,Ribeirão Preto,SP,Sudeste,-21.17,-47.81
2016,176,0.22,0.68,0.65,26.76,74.03,1.31,15.26,6.82,Ribeirão Preto,SP,Sudeste,-21.17,-47.81
2016,177,0.35,0.68,0.65,26.11,74.48,2.79,15.52,6.99,Ribeirão Preto,SP,Sudeste,-21.17,-47.81
2016,178,0.0,0.67,0.64,24.45,71.17,3.13,16.11,7.16,Ribeirão Preto,SP,Sudeste,-21.17,-47.81
2016,179,0.0,0.67,0.64,24.34,72.72,2.74,16.81,7.5,Ribeirão Preto,SP,Sudeste,-21.17,-47.81
2016,180,0.0,0.67,0.64,24.9,70.91,2.44,16.45,7.29,Ribeirão Preto,SP,Sudeste,-21.17,-47.81
2016,181,0.0,0.67,0.63,26.4,70.27,2.59,14.97,6.74,Ribeirão Preto,SP,Sudeste,-21.17,-47.81
2016,182,0.0,0.66,0.63,26.35,70.28,2.55,13.55,6.06,Ribeirão Preto,SP,Sudeste,-21.17,-47.81
2016,183,0.0,0.66,0.63,27.02,73.23,2.57,15.07,6.75,Ribeirão Preto,SP,Sudeste,-21.17,-47.81
2016,184,0.0,0.66,0.62,26.86,67.43,2.66,16.53,7.44,Ribeirão Preto,SP,Sudeste,-21.17,-47.81
2016,185,0.0,0.66,0.62,27.58,70.56,2.75,15.86,7.21,Ribeirão Preto,SP,Sudeste,-21.17,-47.81
2016,186,0.0,0.65,0.62,27.27,63.89,2.77,16.56,7.4,Ribeirão Preto,SP,Sudeste,-21.17,-47.81
2016,187,0.0,0.65,0.62,27.57,67.23,2.52,14.64,6.65,Ribeirão Preto,SP,Sudeste,-21.17,-47.81
2016,188,0.0,0.65,0.62,28.23,65.76,2.82,11.02,5.04,Ribeirão Preto,SP,Sudeste,-21.17,-47.81
2016,189,0.0,0.64,0.62,26.31,70.35,1.95,16.33,7.24,Ribeirão Preto,SP,Sudeste,-21.17,-47.81
2016,190,0.0,0.64,0.61,25.94,55.26,1.36,17.73,7.61,Ribeirão Preto,SP,Sudeste,-21.17,-47.81
2016,191,0.0,0.64,0.61,29.09,57.26,2.22,17.37,7.62,Ribeirão Preto,SP,Sudeste,-21.17,-47.81
2016,192,0.0,0.64,0.61,29.82,53.91,1.48,16.97,7.61,Ribeirão Preto,SP,Sudeste,-21.17,-47.81
2016,193,0.0,0.63,0.61,30.8,59.47,2.04,17.16,7.69,Ribeirão Preto,SP,Sudeste,-21.17,-47.81
2016,194,0.0,0.63,0.6,30.73,54.04,1.76,17.28,7.73,Ribeirão Preto,SP,Sudeste,-21.17,-47.81
2016,195,0.0,0.63,0.6,30.71,53.71,1.65,17.15,7.65,Ribeirão Preto,SP,Sudeste,-21.17,-47.81
2016,196,0.0,0.62,0.6,30.63,53.98,2.16,17.33,7.68,Ribeirão Preto,SP,Sudeste,-21.17,-47.81
2016,197,0.0,0.62,0.6,30.45,51.27,2.06,16.99,7.56,Ribeirão Preto,SP,Sudeste,-21.17,-47.81
2016,198,0.1,0.62,0.59,30.53,61.86,4.19,13.32,6.02,Ribeirão Preto,SP,Sudeste,-21.17,-47.81
2016,199,0.14,0.62,0.59,23.25,63.12,2.04,18.04,7.81,Ribeirão Preto,SP,Sudeste,-21.17,-47.81
2016,200,0.0,0.62,0.57,25.46,55.39,1.37,18.3,7.86,Ribeirão Preto,SP,Sudeste,-21.17,-47.81
2016,201,0.0,0.61,0.56,27.33,59.39,2.02,16.75,7.36,Ribeirão Preto,SP,Sudeste,-21.17,-47.81
2016,202,0.0,0.61,0.53,26.45,63.24,2.03,17.59,7.8,Ribeirão Preto,SP,Sudeste,-21.17,-47.81
2016,203,0.0,0.61,0.51,26.47,65.4,2.22,16.01,7.08,Ribeirão Preto,SP,Sudeste,-21.17,-47.81
2016,204,0.0,0.61,0.49,27.07,62.24,1.51,17.85,7.83,Ribeirão Preto,SP,Sudeste,-21.17,-47.81
2016,205,0.0,0.61,0.47,30.12,62.26,2.2,16.85,7.36,Ribeirão Preto,SP,Sudeste,-21.17,-47.81
2016,206,0.0,0.61,0.45,30.82,55.68,2.71,17.43,7.76,Ribeirão Preto,SP,Sudeste,-21.17,-47.81
2016,207,0.0,0.6,0.43,30.3,48.71,2.52,18.47,8.17,Ribeirão Preto,SP,Sudeste,-21.17,-47.81
2016,208,0.0,0.6,0.4,30.14,46.08,2.7,15.84,7.1,Ribeirão Preto,SP,Sudeste,-21.17,-47.81
2016,209,0.0,0.6,0.38,31.66,45.93,2.26,16.8,7.55,Ribeirão Preto,SP,Sudeste,-21.17,-47.81
2016,210,0.0,0.6,0.37,30.64,56.17,2.12,17.47,7.83,Ribeirão Preto,SP,Sudeste,-21.17,-47.81
2016,211,0.0,0.6,0.35,29.01,54.86,2.47,15.67,7.01,Ribeirão Preto,SP,Sudeste,-21.17,-47.81
2016,212,0.0,0.6,0.35,28.88,56.48,2.72,16.35,7.36,Ribeirão Preto,SP,Sudeste,-21.17,-47.81
2016,213,0.0,0.6,0.34,28.85,53.15,3.11,17.55,7.86,Ribeirão Preto,SP,Sudeste,-21.17,-47.81
2016,214,0.0,0.6,0.33,29.44,49.84,2.63,16.13,7.24,Ribeirão Preto,SP,Sudeste,-21.17,-47.81
2016,215,0.0,0.6,0.32,30.64,49.08,1.38,18.15,8.09,Ribeirão Preto,SP,Sudeste,-21.17,-47.81
2016,216,0.0,0.6,0.31,30.04,53.39,2.59,17.95,8.07,Ribeirão Preto,SP,Sudeste,-21.17,-47.81
2016,217,0.0,0.6,0.3,29.87,51.31,2.9,16.76,7.42,Ribeirão Preto,SP,Sudeste,-21.17,-47.81
2016,218,0.0,0.6,0.29,31.09,44.68,2.66,16.53,7.39,Ribeirão Preto,SP,Sudeste,-21.17,-47.81
2016,219,0.0,0.6,0.29,32.03,40.68,2.49,19.28,8.65,Ribeirão Preto,SP,Sudeste,-21.17,-47.81
2016,220,0.0,0.6,0.28,33.19,38.61,2.32,17.73,7.88,Ribeirão Preto,SP,Sudeste,-21.17,-47.81
2016,221,0.0,0.6,0.27,33.92,37.42,1.83,18.39,8.14,Ribeirão Preto,SP,Sudeste,-21.17,-47.81
2016,222,0.0,0.6,0.27,33.46,37.33,2.62,18.14,8.04,Ribeirão Preto,SP,Sudeste,-21.17,-47.81
2016,223,0.3,0.6,0.26,27.77,71.37,2.32,4.79,2.41,Ribeirão Preto,SP,Sudeste,-21.17,-47.81
2016,224,0.0,0.6,0.26,26.75,47.33,3.12,20.91,9.06,Ribeirão Preto,SP,Sudeste,-21.17,-47.81
2016,225,0.01,0.6,0.26,29.5,46.43,2.22,21.47,9.29,Ribeirão Preto,SP,Sudeste,-21.17,-47.81
2016,226,0.01,0.6,0.25,32.28,36.84,2.38,21.34,9.18,Ribeirão Preto,SP,Sudeste,-21.17,-47.81
2016,227,0.0,0.6,0.25,34.43,27.3,2.08,20.05,8.93,Ribeirão Preto,SP,Sudeste,-21.17,-47.81
2016,228,4.11,0.59,0.27,34.65,39.69,3.07,15.08,6.81,Ribeirão Preto,SP,Sudeste,-21.17,-47.81
2016,229,3.87,0.61,0.52,32.41,63.55,2.51,9.85,4.54,Ribeirão Preto,SP,Sudeste,-21.17,-47.81
2016,230,0.0,0.61,0.49,32.91,57.5,2.41,20.21,9.03,Ribeirão Preto,SP,Sudeste,-21.17,-47.81
2016,231,0.08,0.6,0.44,34.5,46.19,0.98,18.85,8.38,Ribeirão Preto,SP,Sudeste,-21.17,-47.81
2016,232,0.86,0.6,0.42,34.71,49.6,3.6,19.6,8.82,Ribeirão Preto,SP,Sudeste,-21.17,-47.81
2016,233,7.32,0.61,0.51,32.78,56.22,4.07,5.47,2.65,Ribeirão Preto,SP,Sudeste,-21.17,-47.81
2016,234,12.48,0.63,0.7,21.56,78.77,3.6,4.32,2.22,Ribeirão Preto,SP,Sudeste,-21.17,-47.81
2016,235,0.06,0.64,0.62,23.64,64.35,2.75,19.01,8.39,Ribeirão Preto,SP,Sudeste,-21.17,-47.81
2016,236,0.11,0.63,0.61,29.3,64.68,2.51,21.85,9.63,Ribeirão Preto,SP,Sudeste,-21.17,-47.81
2016,237,0.0,0.63,0.6,31.16,60.27,2.79,21.03,9.33,Ribeirão Preto,SP,Sudeste,-21.17,-47.81
2016,238,0.0,0.62,0.6,31.05,53.73,2.74,21.79,9.73,Ribeirão Preto,SP,Sudeste,-21.17,-47.81
2016,239,0.0,0.62,0.59,31.12,46.48,2.19,22.78,10.06,Ribeirão Preto,SP,Sudeste,-21.17,-47.81
2016,240,0.0,0.62,0.58,31.72,43.96,2.5,22.33,9.87,Ribeirão Preto,SP,Sudeste,-21.17,-47.81
2016,241,0.0,0.61,0.56,33.24,49.85,2.25,21.61,9.66,Ribeirão Preto,SP,Sudeste,-21.17,-47.81
2016,242,0.0,0.61,0.52,34.18,46.54,2.05,21.67,9.72,Ribeirão Preto,SP,Sudeste,-21.17,-47.81
2016,243,0.66,0.61,0.48,32.94,52.15,1.53,16.91,7.71,Ribeirão Preto,SP,Sudeste,-21.17,-47.81
2016,244,2.12,0.61,0.49,28.3,67.54,2.62,4.78,2.44,Ribeirão Preto,SP,Sudeste,-21.17,-47.81
2016,245,0.4,0.61,0.51,31.61,64.29,2.27,16.52,7.24,Ribeirão Preto,SP,Sudeste,-21.17,-47.81
2016,246,0.0,0.61,0.47,33.26,57.38,2.14,20.38,9.25,Ribeirão Preto,SP,Sudeste,-21.17,-47.81
2016,247,0.0,0.6,0.43,29.32,53.78,2.93,16.5,7.61,Ribeirão Preto,SP,Sudeste,-21.17,-47.81
2016,248,0.0,0.6,0.42,28.02,54.11,2.61,12.0,5.62,Ribeirão Preto,SP,Sudeste,-21.17,-47.81
2016,249,0.89,0.6,0.41,32.91,51.52,2.02,19.18,8.81,Ribeirão Preto,SP,Sudeste,-21.17,-47.81
2016,250,1.07,0.6,0.43,29.44,63.51,1.59,6.2,3.05,Ribeirão Preto,SP,Sudeste,-21.17,-47.81
2016,251,0.1,0.6,0.42,28.88,66.58,2.76,13.09,6.04,Ribeirão Preto,SP,Sudeste,-21.17,-47.81
2016,252,0.0,0.6,0.4,31.57,51.88,2.34,24.12,10.55,Ribeirão Preto,SP,Sudeste,-21.17,-47.81
2016,253,0.04,0.6,0.38,29.3,45.31,1.29,22.88,10.28,Ribeirão Preto,SP,Sudeste,-21.17,-47.81
2016,254,0.0,0.6,0.36,33.64,46.78,2.01,21.78,9.85,Ribeirão Preto,SP,Sudeste,-21.17,-47.81
2016,255,0.0,0.6,0.34,35.04,40.02,1.81,21.58,9.68,Ribeirão Preto,SP,Sudeste,-21.17,-47.81
2016,256,0.0,0.6,0.32,35.99,32.6,2.56,22.46,10.15,Ribeirão Preto,SP,Sudeste,-21.17,-47.81
2016,257,0.0,0.6,0.3,36.16,28.96,3.68,18.98,8.46,Ribeirão Preto,SP,Sudeste,-21.17,-47.81
2016,258,0.0,0.6,0.29,35.68,39.47,3.64,15.56,6.6,Ribeirão Preto,SP,Sudeste,-21.17,-47.81
2016,259,0.0,0.6,0.28,33.94,35.64,2.29,20.43,8.67,Ribeirão Preto,SP,Sudeste,-21.17,-47.81
2016,260,0.0,0.6,0.27,36.75,40.16,2.43,21.26,9.25,Ribeirão Preto,SP,Sudeste,-21.17,-47.81
2016,261,1.37,0.6,0.27,37.4,46.01,2.6,20.54,8.94,Ribeirão Preto,SP,Sudeste,-21.17,-47.81
2016,262,0.02,0.6,0.3,37.54,42.36,2.2,20.66,9.26,Ribeirão Preto,SP,Sudeste,-21.17,-47.81
2016,263,0.33,0.6,0.29,36.77,40.89,2.41,20.22,9.06,Ribeirão Preto,SP,Sudeste,-21.17,-47.81
2016,264,0.74,0.6,0.3,30.24,58.31,2.61,19.06,8.52,Ribeirão Preto,SP,Sudeste,-21.17,-47.81
2016,265,0.0,0.6,0.31,31.45,38.87,3.64,26.82,11.78,Ribeirão Preto,SP,Sudeste,-21.17,-47.81
2016,266,0.0,0.6,0.3,33.74,43.07,2.83,26.5,11.78,Ribeirão Preto,SP,Sudeste,-21.17,-47.81
2016,267,0.0,0.6,0.29,36.59,37.44,3.3,24.86,11.17,Ribeirão Preto,SP,Sudeste,-21.17,-47.81
2016,268,0.11,0.6,0.28,34.85,41.39,2.46,23.36,10.36,Ribeirão Preto,SP,Sudeste,-21.17,-47.81
2016,269,0.44,0.6,0.28,33.68,47.98,3.12,18.1,8.03,Ribeirão Preto,SP,Sudeste,-21.17,-47.81
2016,270,0.25,0.6,0.28,33.49,44.35,2.85,25.6,11.44,Ribeirão Preto,SP,Sudeste,-21.17,-47.81
2016,271,3.05,0.6,0.36,33.24,43.65,2.39,26.77,11.91,Ribeirão Preto,SP,Sudeste,-21.17,-47.81
2016,272,0.0,0.6,0.36,35.11,42.64,3.33,25.5,11.51,Ribeirão Preto,SP,Sudeste,-21.17,-47.81
2016,273,0.0,0.6,0.34,35.63,36.14,2.48,27.37,11.96,Ribeirão Preto,SP,Sudeste,-21.17,-47.81
2016,274,0.0,0.6,0.32,35.7,42.18,3.41,26.43,11.88,Ribeirão Preto,SP,Sudeste,-21.17,-47.81
2016,275,1.0,0.6,0.32,35.01,47.78,3.47,21.64,9.71,Ribeirão Preto,SP,Sudeste,-21.17,-47.81
2016,276,0.22,0.6,0.32,34.2,48.59,3.11,24.55,11.07,Ribeirão Preto,SP,Sudeste,-21.17,-47.81
2016,277,8.5,0.6,0.36,31.96,56.23,4.22,17.21,7.97,Ribeirão Preto,SP,Sudeste,-21.17,-47.81
2016,278,17.56,0.64,0.71,26.52,75.73,2.02,12.51,5.92,Ribeirão Preto,SP,Sudeste,-21.17,-47.81
2016,279,0.28,0.64,0.62,29.25,65.38,2.19,21.31,9.59,Ribeirão Preto,SP,Sudeste,-21.17,-47.81
2016,280,0.16,0.64,0.61,28.71,58.3,3.36,21.38,9.64,Ribeirão Preto,SP,Sudeste,-21.17,-47.81
2016,281,0.0,0.63,0.6,28.43,57.19,1.8,27.6,12.36,Ribeirão Preto,SP,Sudeste,-21.17,-47.81
2016,282,0.0,0.63,0.59,32.03,53.58,1.42,28.25,12.7,Ribeirão Preto,SP,Sudeste,-21.17,-47.81
2016,283,0.0,0.62,0.58,34.29,47.1,1.86,27.46,12.42,Ribeirão Preto,SP,Sudeste,-21.17,-47.81
2016,284,0.0,0.62,0.57,33.9,57.06,2.81,26.47,12.04,Ribeirão Preto,SP,Sudeste,-21.17,-47.81
2016,285,9.59,0.62,0.61,33.12,61.01,3.29,20.83,9.66,Ribeirão Preto,SP,Sudeste,-21.17,-47.81
2016,286,10.0,0.65,0.69,31.4,70.21,2.71,24.15,11.08,Ribeirão Preto,SP,Sudeste,-21.17,-47.81
2016,287,23.63,0.66,0.71,31.31,71.93,2.92,14.05,6.81,Ribeirão Preto,SP,Sudeste,-21.17,-47.81
2016,288,3.58,0.69,0.7,31.0,71.14,2.56,11.17,5.47,Ribeirão Preto,SP,Sudeste,-21.17,-47.81
2016,289,2.06,0.68,0.66,32.41,65.95,2.25,20.5,9.47,Ribeirão Preto,SP,Sudeste,-21.17,-47.81
2016,290,0.29,0.68,0.64,34.72,64.55,2.14,23.71,10.82,Ribeirão Preto,SP,Sudeste,-21.17,-47.81
2016,291,0.39,0.67,0.63,36.07,63.63,2.43,26.74,12.27,Ribeirão Preto,SP,Sudeste,-21.17,-47.81
2016,292,2.07,0.67,0.64,32.72,67.16,2.52,21.69,10.16,Ribeirão Preto,SP,Sudeste,-21.17,-47.81
2016,293,1.21,0.67,0.63,35.83,61.96,1.83,25.44,11.82,Ribeirão Preto,SP,Sudeste,-21.17,-47.81
2016,294,2.66,0.66,0.64,31.98,72.04,1.79,19.97,9.3,Ribeirão Preto,SP,Sudeste,-21.17,-47.81
2016,295,5.4,0.67,0.66,31.47,75.61,1.84,19.93,9.31,Ribeirão Preto,SP,Sudeste,-21.17,-47.81
2016,296,23.33,0.69,0.76,28.92,79.23,3.71,17.01,8.07,Ribeirão Preto,SP,Sudeste,-21.17,-47.81
2016,297,1.9,0.7,0.69,31.51,72.15,2.89,20.45,9.63,Ribeirão Preto,SP,Sudeste,-21.17,-47.81
2016,298,2.38,0.7,0.67,32.11,66.7,2.15,19.24,9.09,Ribeirão Preto,SP,Sudeste,-21.17,-47.81
2016,299,1.22,0.7,0.67,29.63,75.07,2.02,13.82,6.65,Ribeirão Preto,SP,Sudeste,-21.17,-47.81
2016,300,2.61,0.69,0.67,31.35,72.36,2.4,22.4,10.37,Ribeirão Preto,SP,Sudeste,-21.17,-47.81
2016,301,3.36,0.69,0.68,29.67,73.25,3.33,15.77,7.48,Ribeirão Preto,SP,Sudeste,-21.17,-47.81
2016,302,0.0,0.69,0.65,30.21,61.58,2.74,29.91,13.35,Ribeirão Preto,SP,Sudeste,-21.17,-47.81
2016,303,0.0,0.68,0.64,31.56,62.47,2.42,30.1,13.55,Ribeirão Preto,SP,Sudeste,-21.17,-47.81
2016,304,0.17,0.67,0.63,32.55,61.0,2.94,27.18,12.45,Ribeirão Preto,SP,Sudeste,-21.17,-47.81
2016,305,5.6,0.67,0.66,31.22,66.86,2.59,25.74,11.96,Ribeirão Preto,SP,Sudeste,-21.17,-47.81
2016,306,3.62,0.68,0.67,29.68,67.86,2.65,16.94,8.1,Ribeirão Preto,SP,Sudeste,-21.17,-47.81
2016,307,3.35,0.68,0.66,31.54,68.22,2.36,21.48,10.09,Ribeirão Preto,SP,Sudeste,-21.17,-47.81
2016,308,3.86,0.68,0.66,29.38,75.22,2.16,15.64,7.51,Ribeirão Preto,SP,Sudeste,-21.17,-47.81
2016,309,2.65,0.68,0.66,28.26,77.9,1.46,14.71,7.04,Ribeirão Preto,SP,Sudeste,-21.17,-47.81
2016,310,3.87,0.68,0.66,30.26,74.26,2.76,23.29,10.71,Ribeirão Preto,SP,Sudeste,-21.17,-47.81
2016,311,15.5,0.69,0.73,27.28,75.69,3.13,23.6,10.91,Ribeirão Preto,SP,Sudeste,-21.17,-47.81
2016,312,5.34,0.7,0.7,29.59,69.73,2.18,26.63,12.29,Ribeirão Preto,SP,Sudeste,-21.17,-47.81
2016,313,1.06,0.7,0.67,30.37,69.45,2.18,28.2,12.97,Ribeirão Preto,SP,Sudeste,-21.17,-47.81
2016,314,3.3,0.7,0.67,32.23,66.69,2.72,22.56,10.4,Ribeirão Preto,SP,Sudeste,-21.17,-47.81
2016,315,1.58,0.7,0.66,32.62,69.82,1.97,26.49,12.25,Ribeirão Preto,SP,Sudeste,-21.17,-47.81
2016,316,3.72,0.69,0.67,30.97,66.64,1.23,26.58,12.24,Ribeirão Preto,SP,Sudeste,-21.17,-47.81
2016,317,12.26,0.7,0.71,27.85,75.99,1.43,19.66,9.32,Ribeirão Preto,SP,Sudeste,-21.17,-47.81
2016,318,35.4,0.73,0.82,26.2,83.57,3.12,6.88,3.56,Ribeirão Preto,SP,Sudeste,-21.17,-47.81
2016,319,25.59,0.79,0.9,24.37,88.64,2.04,11.18,5.6,Ribeirão Preto,SP,Sudeste,-21.17,-47.81
2016,320,0.58,0.79,0.8,28.16,79.02,2.01,21.55,10.0,Ribeirão Preto,SP,Sudeste,-21.17,-47.81
2016,321,2.01,0.78,0.79,28.94,76.05,2.06,26.07,12.09,Ribeirão Preto,SP,Sudeste,-21.17,-47.81
2016,322,1.13,0.77,0.77,29.19,80.23,2.36,23.34,10.93,Ribeirão Preto,SP,Sudeste,-21.17,-47.81
2016,323,2.34,0.76,0.76,28.23,76.77,3.26,20.51,9.56,Ribeirão Preto,SP,Sudeste,-21.17,-47.81
2016,324,0.01,0.76,0.74,26.59,65.79,3.14,30.62,13.61,Ribeirão Preto,SP,Sudeste,-21.17,-47.81
2016,325,0.0,0.74,0.72,28.59,67.44,2.26,31.5,14.1,Ribeirão Preto,SP,Sudeste,-21.17,-47.81
2016,326,0.12,0.73,0.7,29.9,72.51,2.47,20.8,9.68,Ribeirão Preto,SP,Sudeste,-21.17,-47.81
2016,327,6.08,0.73,0.73,27.2,82.0,1.12,18.46,8.71,Ribeirão Preto,SP,Sudeste,-21.17,-47.81
2016,328,3.97,0.74,0.74,28.38,81.92,1.22,15.85,7.54,Ribeirão Preto,SP,Sudeste,-21.17,-47.81
2016,329,0.23,0.73,0.71,31.57,72.21,1.19,23.98,11.02,Ribeirão Preto,SP,Sudeste,-21.17,-47.81
2016,330,0.89,0.72,0.7,30.33,73.54,2.1,25.51,11.73,Ribeirão Preto,SP,Sudeste,-21.17,-47.81
2016,331,0.93,0.72,0.7,28.79,78.29,1.67,19.12,8.99,Ribeirão Preto,SP,Sudeste,-21.17,-47.81
2016,332,0.22,0.71,0.69,29.21,72.54,1.63,23.53,11.01,Ribeirão Preto,SP,Sudeste,-21.17,-47.81
2016,333,6.35,0.71,0.71,29.0,78.96,1.59,24.18,11.28,Ribeirão Preto,SP,Sudeste,-21.17,-47.81
2016,334,5.66,0.72,0.73,27.23,85.48,1.74,21.3,9.96,Ribeirão Preto,SP,Sudeste,-21.17,-47.81
2016,335,0.6,0.72,0.7,25.48,82.13,2.98,19.63,9.14,Ribeirão Preto,SP,Sudeste,-21.17,-47.81
2016,336,4.18,0.72,0.71,26.32,76.86,3.53,20.69,9.69,Ribeirão Preto,SP,Sudeste,-21.17,-47.81
2016,337,1.11,0.72,0.7,29.84,75.62,2.3,24.15,11.27,Ribeirão Preto,SP,Sudeste,-21.17,-47.81
2016,338,11.33,0.72,0.73,26.84,85.52,2.07,16.49,7.77,Ribeirão Preto,SP,Sudeste,-21.17,-47.81
2016,339,13.82,0.74,0.79,27.73,85.91,3.62,11.61,5.74,Ribeirão Preto,SP,Sudeste,-21.17,-47.81
2016,340,8.59,0.75,0.78,29.38,78.75,3.07,24.58,11.32,Ribeirão Preto,SP,Sudeste,-21.17,-47.81
2016,341,1.03,0.74,0.73,31.29,72.82,1.7,28.45,13.11,Ribeirão Preto,SP,Sudeste,-21.17,-47.81
2016,342,8.94,0.74,0.75,30.81,73.02,1.47,27.41,12.6,Ribeirão Preto,SP,Sudeste,-21.17,-47.81
2016,343,10.01,0.75,0.79,27.5,83.97,1.57,26.49,12.31,Ribeirão Preto,SP,Sudeste,-21.17,-47.81
2016,344,14.27,0.76,0.8,28.36,80.2,1.76,20.1,9.51,Ribeirão Preto,SP,Sudeste,-21.17,-47.81
2016,345,5.94,0.78,0.81,26.46,85.82,1.78,22.45,10.54,Ribeirão Preto,SP,Sudeste,-21.17,-47.81
2016,346,7.31,0.78,0.8,28.49,85.61,2.4,15.24,7.34,Ribeirão Preto,SP,Sudeste,-21.17,-47.81
2016,347,3.48,0.78,0.79,26.77,88.36,2.31,19.91,9.41,Ribeirão Preto,SP,Sudeste,-21.17,-47.81
2016,348,6.79,0.78,0.81,26.35,90.07,1.48,17.08,8.22,Ribeirão Preto,SP,Sudeste,-21.17,-47.81
2016,349,6.88,0.79,0.81,26.32,88.51,1.26,17.65,8.41,Ribeirão Preto,SP,Sudeste,-21.17,-47.81
2016,350,9.13,0.8,0.84,25.21,86.38,3.09,18.88,8.91,Ribeirão Preto,SP,Sudeste,-21.17,-47.81
2016,351,0.13,0.79,0.79,26.32,79.03,3.7,19.34,9.1,Ribeirão Preto,SP,Sudeste,-21.17,-47.81
2016,352,0.77,0.78,0.78,26.98,79.38,2.69,27.34,12.53,Ribeirão Preto,SP,Sudeste,-21.17,-47.81
2016,353,0.76,0.78,0.77,27.83,77.45,2.86,27.58,12.75,Ribeirão Preto,SP,Sudeste,-21.17,-47.81
2016,354,5.45,0.77,0.78,26.66,78.64,2.27,21.82,10.23,Ribeirão Preto,SP,Sudeste,-21.17,-47.81
2016,355,2.25,0.77,0.77,27.6,77.56,2.42,22.43,10.48,Ribeirão Preto,SP,Sudeste,-21.17,-47.81
2016,356,1.94,0.76,0.76,27.31,80.47,2.29,21.68,10.14,Ribeirão Preto,SP,Sudeste,-21.17,-47.81
2016,357,0.36,0.76,0.75,27.61,81.05,1.61,26.15,12.23,Ribeirão Preto,SP,Sudeste,-21.17,-47.81
2016,358,3.59,0.76,0.75,29.66,74.62,1.64,26.97,12.6,Ribeirão Preto,SP,Sudeste,-21.17,-47.81
2016,359,0.69,0.75,0.74,30.42,70.46,1.59,23.56,11.1,Ribeirão Preto,SP,Sudeste,-21.17,-47.81
2016,360,1.54,0.74,0.73,31.39,69.38,1.24,27.72,12.89,Ribeirão Preto,SP,Sudeste,-21.17,-47.81
2016,361,8.92,0.75,0.77,30.24,78.35,1.86,28.3,13.21,Ribeirão Preto,SP,Sudeste,-21.17,-47.81
2016,362,1.97,0.74,0.73,31.17,67.99,1.18,28.15,13.08,Ribeirão Preto,SP,Sudeste,-21.17,-47.81
2016,363,1.08,0.74,0.72,30.81,67.41,1.17,27.8,13.0,Ribeirão Preto,SP,Sudeste,-21.17,-47.81
2016,364,1.64,0.73,0.71,31.88,71.26,1.74,26.91,12.58,Ribeirão Preto,SP,Sudeste,-21.17,-47.81
2016,365,1.19,0.72,0.7,29.49,75.73,2.08,29.62,13.7,Ribeirão Preto,SP,Sudeste,-21.17,-47.81
2016,366,2.37,0.71,0.69,31.28,72.23,1.73,21.59,10.12,Ribeirão Preto,SP,Sudeste,-21.17,-47.81
2017,1,6.49,0.72,0.72,30.56,75.07,1.38,27.99,13.02,Ribeirão Preto,SP,Sudeste,-21.17,-47.81
2017,2,3.45,0.71,0.7,31.98,70.99,1.45,22.6,10.6,Ribeirão Preto,SP,Sudeste,-21.17,-47.81
2017,3,3.47,0.71,0.7,30.97,73.96,1.64,25.16,11.77,Ribeirão Preto,SP,Sudeste,-21.17,-47.81
2017,4,6.34,0.72,0.72,28.58,82.23,2.41,16.45,7.89,Ribeirão Preto,SP,Sudeste,-21.17,-47.81
2017,5,5.17,0.72,0.72,30.24,71.51,1.23,11.43,5.63,Ribeirão Preto,SP,Sudeste,-21.17,-47.81
2017,6,1.17,0.72,0.7,31.63,73.76,1.64,25.78,11.95,Ribeirão Preto,SP,Sudeste,-21.17,-47.81
2017,7,4.28,0.71,0.71,28.76,74.8,1.26,26.72,12.47,Ribeirão Preto,SP,Sudeste,-21.17,-47.81
2017,8,4.1,0.72,0.71,30.22,71.62,1.36,26.29,12.25,Ribeirão Preto,SP,Sudeste,-21.17,-47.81
2017,9,6.56,0.72,0.73,27.5,81.99,1.55,20.7,9.71,Ribeirão Preto,SP,Sudeste,-21.17,-47.81
2017,10,21.57,0.74,0.79,28.84,80.58,1.17,18.99,9.07,Ribeirão Preto,SP,Sudeste,-21.17,-47.81
2017,11,6.67,0.76,0.79,26.53,87.44,1.39,19.65,9.36,Ribeirão Preto,SP,Sudeste,-21.17,-47.81
2017,12,10.21,0.76,0.8,26.56,88.53,1.52,17.68,8.46,Ribeirão Preto,SP,Sudeste,-21.17,-47.81
2017,13,8.88,0.78,0.82,25.51,88.6,1.96,11.82,5.8,Ribeirão Preto,SP,Sudeste,-21.17,-47.81
2017,14,2.45,0.78,0.78,28.09,81.12,1.98,24.15,11.28,Ribeirão Preto,SP,Sudeste,-21.17,-47.81
2017,15,11.0,0.78,0.82,25.94,88.64,3.28,20.88,9.87,Ribeirão Preto,SP,Sudeste,-21.17,-47.81
2017,16,14.24,0.8,0.85,25.44,88.08,2.48,19.97,9.4,Ribeirão Preto,SP,Sudeste,-21.17,-47.81
2017,17,8.89,0.8,0.84,26.52,87.92,2.62,13.84,6.7,Ribeirão Preto,SP,Sudeste,-21.17,-47.81
2017,18,30.07,0.83,0.92,24.36,91.27,1.99,8.54,4.32,Ribeirão Preto,SP,Sudeste,-21.17,-47.81
2017,19,16.2,0.86,0.9,24.0,89.15,1.44,15.51,7.5,Ribeirão Preto,SP,Sudeste,-21.17,-47.81
2017,20,10.63,0.87,0.9,24.18,90.36,1.74,15.64,7.53,Ribeirão Preto,SP,Sudeste,-21.17,-47.81
2017,21,15.19,0.89,0.92,24.38,89.9,1.23,17.34,8.21,Ribeirão Preto,SP,Sudeste,-21.17,-47.81
2017,22,14.27,0.9,0.92,25.27,89.4,1.24,13.96,6.73,Ribeirão Preto,SP,Sudeste,-21.17,-47.81
2017,23,13.46,0.91,0.93,23.64,91.32,1.73,15.7,7.52,Ribeirão Preto,SP,Sudeste,-21.17,-47.81
2017,24,6.05,0.92,0.91,27.79,85.02,2.15,24.3,11.4,Ribeirão Preto,SP,Sudeste,-21.17,-47.81
2017,25,16.25,0.93,0.94,25.79,91.76,1.8,19.19,9.01,Ribeirão Preto,SP,Sudeste,-21.17,-47.81
2017,26,5.66,0.94,0.92,25.13,92.2,1.57,12.88,6.29,Ribeirão Preto,SP,Sudeste,-21.17,-47.81
2017,27,7.55,0.94,0.93,27.05,88.63,1.0,13.38,6.49,Ribeirão Preto,SP,Sudeste,-21.17,-47.81
2017,28,2.05,0.94,0.91,29.69,79.95,2.15,28.03,13.0,Ribeirão Preto,SP,Sudeste,-21.17,-47.81
2017,29,0.0,0.92,0.9,29.18,75.42,2.45,28.16,12.9,Ribeirão Preto,SP,Sudeste,-21.17,-47.81
2017,30,0.03,0.91,0.89,29.0,78.06,1.91,24.29,11.27,Ribeirão Preto,SP,Sudeste,-21.17,-47.81
2017,31,9.94,0.91,0.91,24.29,88.4,1.52,16.79,7.99,Ribeirão Preto,SP,Sudeste,-21.17,-47.81
2017,32,14.96,0.92,0.93,26.99,84.85,1.65,17.53,8.27,Ribeirão Preto,SP,Sudeste,-21.17,-47.81
2017,33,24.08,0.94,0.95,26.36,90.04,2.06,20.13,9.42,Ribeirão Preto,SP,Sudeste,-21.17,-47.81
2017,34,13.85,0.96,0.95,25.32,88.6,1.65,16.64,7.93,Ribeirão Preto,SP,Sudeste,-21.17,-47.81
2017,35,2.23,0.95,0.92,28.21,84.43,1.56,27.03,12.57,Ribeirão Preto,SP,Sudeste,-21.17,-47.81
2017,36,15.19,0.95,0.94,27.8,86.4,1.41,24.94,11.61,Ribeirão Preto,SP,Sudeste,-21.17,-47.81
2017,37,3.61,0.96,0.93,27.41,88.61,1.77,25.65,11.92,Ribeirão Preto,SP,Sudeste,-21.17,-47.81
2017,38,2.04,0.95,0.92,27.48,88.83,1.17,26.9,12.53,Ribeirão Preto,SP,Sudeste,-21.17,-47.81
2017,39,2.86,0.95,0.92,29.05,83.72,1.26,25.46,11.87,Ribeirão Preto,SP,Sudeste,-21.17,-47.81
2017,40,3.97,0.94,0.92,28.64,82.57,2.55,26.85,12.39,Ribeirão Preto,SP,Sudeste,-21.17,-47.81
2017,41,0.21,0.93,0.9,28.43,82.31,2.66,26.36,12.11,Ribeirão Preto,SP,Sudeste,-21.17,-47.81
2017,42,0.3,0.92,0.9,28.49,84.93,2.83,23.27,10.79,Ribeirão Preto,SP,Sudeste,-21.17,-47.81
2017,43,0.57,0.91,0.89,27.08,86.43,2.74,25.18,11.83,Ribeirão Preto,SP,Sudeste,-21.17,-47.81
2017,44,0.0,0.9,0.88,27.61,81.77,3.32,27.26,12.73,Ribeirão Preto,SP,Sudeste,-21.17,-47.81
2017,45,0.0,0.89,0.87,28.05,79.21,3.37,26.41,12.18,Ribeirão Preto,SP,Sudeste,-21.17,-47.81
2017,46,0.0,0.88,0.87,28.52,80.32,2.16,26.88,12.45,Ribeirão Preto,SP,Sudeste,-21.17,-47.81
2017,47,0.01,0.87,0.86,28.74,78.97,1.57,25.39,11.69,Ribeirão Preto,SP,Sudeste,-21.17,-47.81
2017,48,0.56,0.86,0.86,27.51,87.18,1.29,21.35,9.93,Ribeirão Preto,SP,Sudeste,-21.17,-47.81
2017,49,3.17,0.85,0.86,29.62,83.0,0.76,24.51,11.41,Ribeirão Preto,SP,Sudeste,-21.17,-47.81
2017,50,2.36,0.85,0.85,30.19,76.28,1.34,27.25,12.65,Ribeirão Preto,SP,Sudeste,-21.17,-47.81
2017,51,0.03,0.84,0.83,29.96,76.37,1.99,27.77,12.82,Ribeirão Preto,SP,Sudeste,-21.17,-47.81
2017,52,0.0,0.82,0.82,29.22,74.55,2.46,27.43,12.68,Ribeirão Preto,SP,Sudeste,-21.17,-47.81
2017,53,0.0,0.81,0.81,28.08,77.3,2.32,25.82,11.93,Ribeirão Preto,SP,Sudeste,-21.17,-47.81
2017,54,0.02,0.8,0.8,29.1,73.49,2.19,26.04,12.0,Ribeirão Preto,SP,Sudeste,-21.17,-47.81
2017,55,5.41,0.79,0.82,26.84,84.99,1.73,19.44,9.1,Ribeirão Preto,SP,Sudeste,-21.17,-47.81
2017,56,3.62,0.8,0.82,25.55,82.1,1.46,11.32,5.54,Ribeirão Preto,SP,Sudeste,-21.17,-47.81
2017,57,2.81,0.79,0.8,27.3,81.37,1.62,17.32,8.19,Ribeirão Preto,SP,Sudeste,-21.17,-47.81
2017,58,4.29,0.79,0.81,26.76,86.11,1.81,24.0,11.17,Ribeirão Preto,SP,Sudeste,-21.17,-47.81
2017,59,5.77,0.79,0.81,27.3,84.12,1.81,22.89,10.64,Ribeirão Preto,SP,Sudeste,-21.17,-47.81
2017,60,5.79,0.79,0.81,28.03,85.74,2.23,19.35,9.06,Ribeirão Preto,SP,Sudeste,-21.17,-47.81
2017,61,6.17,0.79,0.81,27.41,85.45,2.33,16.74,7.89,Ribeirão Preto,SP,Sudeste,-21.17,-47.81
2017,62,13.24,0.79,0.84,27.36,87.33,1.44,17.12,8.07,Ribeirão Preto,SP,Sudeste,-21.17,-47.81
2017,63,9.23,0.81,0.86,27.32,83.93,1.22,21.11,9.91,Ribeirão Preto,SP,Sudeste,-21.17,-47.81
2017,64,9.03,0.82,0.86,25.65,88.5,2.17,15.41,7.31,Ribeirão Preto,SP,Sudeste,-21.17,-47.81
2017,65,5.83,0.82,0.85,25.42,88.75,1.43,19.7,9.32,Ribeirão Preto,SP,Sudeste,-21.17,-47.81
2017,66,2.29,0.82,0.84,29.65,79.82,1.39,19.54,9.22,Ribeirão Preto,SP,Sudeste,-21.17,-47.81
2017,67,0.79,0.82,0.82,29.23,79.43,1.21,21.48,10.03,Ribeirão Preto,SP,Sudeste,-21.17,-47.81
2017,68,2.18,0.81,0.82,29.18,79.62,1.3,23.78,11.06,Ribeirão Preto,SP,Sudeste,-21.17,-47.81
2017,69,0.93,0.8,0.81,29.42,79.69,1.87,24.33,11.33,Ribeirão Preto,SP,Sudeste,-21.17,-47.81
2017,70,0.02,0.79,0.79,28.64,78.21,1.55,23.38,10.88,Ribeirão Preto,SP,Sudeste,-21.17,-47.81
2017,71,0.01,0.78,0.78,29.9,76.26,2.07,24.79,11.46,Ribeirão Preto,SP,Sudeste,-21.17,-47.81
2017,72,1.19,0.77,0.77,29.65,81.49,1.37,23.69,10.98,Ribeirão Preto,SP,Sudeste,-21.17,-47.81
2017,73,6.67,0.77,0.78,29.64,80.58,1.84,24.11,11.23,Ribeirão Preto,SP,Sudeste,-21.17,-47.81
2017,74,5.36,0.77,0.8,28.19,80.98,2.5,23.19,10.82,Ribeirão Preto,SP,Sudeste,-21.17,-47.81
2017,75,0.12,0.77,0.76,29.03,73.23,2.31,24.78,11.44,Ribeirão Preto,SP,Sudeste,-21.17,-47.81
2017,76,0.52,0.76,0.74,29.99,71.88,1.54,22.67,10.52,Ribeirão Preto,SP,Sudeste,-21.17,-47.81
2017,77,28.92,0.76,0.84,29.03,83.96,1.89,17.56,8.27,Ribeirão Preto,SP,Sudeste,-21.17,-47.81
2017,78,11.43,0.8,0.86,25.37,86.19,2.0,13.49,6.42,Ribeirão Preto,SP,Sudeste,-21.17,-47.81
2017,79,1.09,0.8,0.81,27.92,82.99,1.78,21.75,10.01,Ribeirão Preto,SP,Sudeste,-21.17,-47.81
2017,80,0.04,0.79,0.79,27.9,80.07,2.18,25.4,11.59,Ribeirão Preto,SP,Sudeste,-21.17,-47.81
2017,81,0.0,0.78,0.78,28.65,77.82,1.93,24.93,11.47,Ribeirão Preto,SP,Sudeste,-21.17,-47.81
2017,82,0.0,0.77,0.76,27.74,76.24,1.94,22.76,10.51,Ribeirão Preto,SP,Sudeste,-21.17,-47.81
2017,83,0.0,0.76,0.75,28.86,73.34,1.58,22.87,10.6,Ribeirão Preto,SP,Sudeste,-21.17,-47.81
2017,84,0.05,0.75,0.73,29.87,75.57,1.46,22.67,10.5,Ribeirão Preto,SP,Sudeste,-21.17,-47.81
2017,85,0.4,0.74,0.72,30.3,76.57,1.79,23.74,10.96,Ribeirão Preto,SP,Sudeste,-21.17,-47.81
2017,86,4.76,0.74,0.73,28.38,79.4,1.42,12.32,5.89,Ribeirão Preto,SP,Sudeste,-21.17,-47.81
2017,87,0.29,0.73,0.71,28.54,78.5,1.92,16.73,7.76,Ribeirão Preto,SP,Sudeste,-21.17,-47.81
2017,88,0.02,0.73,0.7,27.91,73.67,2.53,24.21,11.11,Ribeirão Preto,SP,Sudeste,-21.17,-47.81
2017,89,0.0,0.72,0.69,28.69,71.7,2.09,23.66,10.8,Ribeirão Preto,SP,Sudeste,-21.17,-47.81
2017,90,0.0,0.71,0.68,28.61,70.64,2.62,23.46,10.69,Ribeirão Preto,SP,Sudeste,-21.17,-47.81
2017,91,0.0,0.7,0.67,28.17,69.03,2.58,24.51,11.03,Ribeirão Preto,SP,Sudeste,-21.17,-47.81
2017,92,0.0,0.7,0.66,28.77,68.52,1.77,24.54,11.15,Ribeirão Preto,SP,Sudeste,-21.17,-47.81
2017,93,0.0,0.69,0.65,29.29,65.53,1.74,21.11,9.62,Ribeirão Preto,SP,Sudeste,-21.17,-47.81
2017,94,0.0,0.69,0.64,30.8,62.57,2.12,22.1,10.11,Ribeirão Preto,SP,Sudeste,-21.17,-47.81
2017,95,1.58,0.68,0.64,31.14,63.24,2.28,21.06,9.8,Ribeirão Preto,SP,Sudeste,-21.17,-47.81
2017,96,11.85,0.69,0.73,26.41,85.68,1.44,9.87,4.82,Ribeirão Preto,SP,Sudeste,-21.17,-47.81
2017,97,7.7,0.71,0.72,28.5,81.85,1.5,14.29,6.77,Ribeirão Preto,SP,Sudeste,-21.17,-47.81
2017,98,2.73,0.71,0.7,29.07,81.24,1.3,18.15,8.51,Ribeirão Preto,SP,Sudeste,-21.17,-47.81
2017,99,2.3,0.71,0.69,28.87,81.23,1.49,18.92,8.83,Ribeirão Preto,SP,Sudeste,-21.17,-47.81
2017,100,0.2,0.7,0.67,30.75,73.74,1.72,19.49,9.11,Ribeirão Preto,SP,Sudeste,-21.17,-47.81
2017,101,0.29,0.7,0.66,31.43,71.62,1.29,19.03,8.83,Ribeirão Preto,SP,Sudeste,-21.17,-47.81
2017,102,3.68,0.7,0.68,27.14,83.05,2.1,16.13,7.59,Ribeirão Preto,SP,Sudeste,-21.17,-47.81
2017,103,0.7,0.69,0.66,29.17,76.21,2.23,20.43,9.48,Ribeirão Preto,SP,Sudeste,-21.17,-47.81
2017,104,0.12,0.69,0.65,31.27,73.41,1.74,20.85,9.64,Ribeirão Preto,SP,Sudeste,-21.17,-47.81
2017,105,0.09,0.68,0.64,31.72,70.35,1.77,20.8,9.57,Ribeirão Preto,SP,Sudeste,-21.17,-47.81
2017,106,0.02,0.68,0.63,31.94,67.0,2.02,19.42,8.92,Ribeirão Preto,SP,Sudeste,-21.17,-47.81
2017,107,2.47,0.67,0.64,30.27,72.32,1.18,12.35,5.83,Ribeirão Preto,SP,Sudeste,-21.17,-47.81
2017,108,1.93,0.67,0.65,29.77,76.27,2.15,17.8,8.24,Ribeirão Preto,SP,Sudeste,-21.17,-47.81
2017,109,0.56,0.67,0.64,29.59,73.69,2.84,19.36,8.91,Ribeirão Preto,SP,Sudeste,-21.17,-47.81
2017,110,0.95,0.67,0.63,30.79,68.44,3.01,17.59,8.14,Ribeirão Preto,SP,Sudeste,-21.17,-47.81
2017,111,9.65,0.66,0.67,26.44,79.6,2.74,9.32,4.52,Ribeirão Preto,SP,Sudeste,-21.17,-47.81
2017,112,2.85,0.68,0.69,26.12,76.66,2.42,18.36,8.32,Ribeirão Preto,SP,Sudeste,-21.17,-47.81
2017,113,0.02,0.68,0.64,28.83,70.16,1.9,20.14,9.19,Ribeirão Preto,SP,Sudeste,-21.17,-47.81
2017,114,0.02,0.67,0.64,29.96,71.38,2.36,19.8,9.08,Ribeirão Preto,SP,Sudeste,-21.17,-47.81
2017,115,0.04,0.67,0.63,30.88,72.08,2.48,18.96,8.7,Ribeirão Preto,SP,Sudeste,-21.17,-47.81
2017,116,5.14,0.67,0.67,25.55,83.14,2.11,10.04,4.76,Ribeirão Preto,SP,Sudeste,-21.17,-47.81
2017,117,9.78,0.69,0.71,27.26,84.77,2.36,8.04,3.95,Ribeirão Preto,SP,Sudeste,-21.17,-47.81
2017,118,2.19,0.69,0.66,26.15,82.67,1.78,12.23,5.67,Ribeirão Preto,SP,Sudeste,-21.17,-47.81
2017,119,0.43,0.68,0.65,28.24,78.04,2.32,13.95,6.42,Ribeirão Preto,SP,Sudeste,-21.17,-47.81
2017,120,0.02,0.68,0.64,27.88,73.4,2.99,17.9,8.12,Ribeirão Preto,SP,Sudeste,-21.17,-47.81
2017,121,0.0,0.68,0.64,27.69,72.7,2.49,18.59,8.52,Ribeirão Preto,SP,Sudeste,-21.17,-47.81
2017,122,0.0,0.67,0.64,28.11,70.69,2.06,12.16,5.7,Ribeirão Preto,SP,Sudeste,-21.17,-47.81
2017,123,0.12,0.67,0.63,29.17,70.09,1.7,18.88,8.65,Ribeirão Preto,SP,Sudeste,-21.17,-47.81
2017,124,0.24,0.66,0.63,29.03,66.95,1.93,13.71,6.36,Ribeirão Preto,SP,Sudeste,-21.17,-47.81
2017,125,6.64,0.66,0.66,28.97,70.33,1.78,7.01,3.4,Ribeirão Preto,SP,Sudeste,-21.17,-47.81
2017,126,3.06,0.67,0.67,27.78,72.69,1.38,18.26,8.4,Ribeirão Preto,SP,Sudeste,-21.17,-47.81
2017,127,0.01,0.67,0.64,28.64,72.58,1.7,18.52,8.4,Ribeirão Preto,SP,Sudeste,-21.17,-47.81
2017,128,0.04,0.67,0.63,29.32,71.48,1.88,19.69,8.74,Ribeirão Preto,SP,Sudeste,-21.17,-47.81
2017,129,0.0,0.66,0.63,28.96,64.68,1.4,19.8,8.72,Ribeirão Preto,SP,Sudeste,-21.17,-47.81
2017,130,0.0,0.66,0.62,29.58,64.96,1.84,18.68,8.58,Ribeirão Preto,SP,Sudeste,-21.17,-47.81
2017,131,0.0,0.65,0.62,28.25,74.66,1.88,18.1,8.26,Ribeirão Preto,SP,Sudeste,-21.17,-47.81
2017,132,0.0,0.65,0.62,29.17,69.49,2.4,18.31,8.32,Ribeirão Preto,SP,Sudeste,-21.17,-47.81
2017,133,0.0,0.65,0.61,30.17,64.26,2.24,17.85,8.08,Ribeirão Preto,SP,Sudeste,-21.17,-47.81
2017,134,0.89,0.64,0.62,28.1,69.01,3.17,6.44,3.11,Ribeirão Preto,SP,Sudeste,-21.17,-47.81
2017,135,5.0,0.65,0.65,28.82,78.34,1.57,12.59,5.83,Ribeirão Preto,SP,Sudeste,-21.17,-47.81
2017,136,0.71,0.65,0.63,23.93,81.12,1.63,12.07,5.49,Ribeirão Preto,SP,Sudeste,-21.17,-47.81
2017,137,0.13,0.65,0.62,29.49,74.25,1.74,14.02,6.3,Ribeirão Preto,SP,Sudeste,-21.17,-47.81
2017,138,9.17,0.65,0.66,28.49,74.34,2.2,8.6,4.03,Ribeirão Preto,SP,Sudeste,-21.17,-47.81
2017,139,18.09,0.67,0.73,27.81,84.48,2.99,4.6,2.26,Ribeirão Preto,SP,Sudeste,-21.17,-47.81
2017,140,21.33,0.72,0.79,23.54,89.93,1.48,12.79,6.02,Ribeirão Preto,SP,Sudeste,-21.17,-47.81
2017,141,6.74,0.72,0.73,25.94,86.01,2.18,8.18,3.88,Ribeirão Preto,SP,Sudeste,-21.17,-47.81
2017,142,11.46,0.74,0.78,26.53,87.59,1.78,9.83,4.62,Ribeirão Preto,SP,Sudeste,-21.17,-47.81
2017,143,0.1,0.74,0.73,26.87,83.43,1.74,14.23,6.46,Ribeirão Preto,SP,Sudeste,-21.17,-47.81
2017,144,0.03,0.73,0.72,26.23,81.87,2.08,16.16,7.46,Ribeirão Preto,SP,Sudeste,-21.17,-47.81
2017,145,0.02,0.73,0.71,27.59,75.26,1.98,16.53,7.64,Ribeirão Preto,SP,Sudeste,-21.17,-47.81
2017,146,0.0,0.72,0.7,28.44,72.77,1.64,15.6,7.16,Ribeirão Preto,SP,Sudeste,-21.17,-47.81
2017,147,0.01,0.72,0.69,28.19,75.0,1.59,15.22,6.98,Ribeirão Preto,SP,Sudeste,-21.17,-47.81
2017,148,0.0,0.71,0.68,27.35,70.74,1.87,14.36,6.52,Ribeirão Preto,SP,Sudeste,-21.17,-47.81
2017,149,0.0,0.71,0.68,27.71,70.36,1.53,15.72,7.09,Ribeirão Preto,SP,Sudeste,-21.17,-47.81
2017,150,0.01,0.7,0.67,27.23,69.14,1.48,15.83,7.09,Ribeirão Preto,SP,Sudeste,-21.17,-47.81
2017,151,0.0,0.7,0.67,26.71,71.88,1.92,15.89,7.08,Ribeirão Preto,SP,Sudeste,-21.17,-47.81
2017,152,0.03,0.7,0.66,26.03,82.25,2.56,5.27,2.54,Ribeirão Preto,SP,Sudeste,-21.17,-47.81
2017,153,0.0,0.69,0.66,23.92,75.31,1.52,16.71,7.32,Ribeirão Preto,SP,Sudeste,-21.17,-47.81
2017,154,0.02,0.69,0.65,27.93,69.01,1.68,17.41,7.8,Ribeirão Preto,SP,Sudeste,-21.17,-47.81
2017,155,0.01,0.68,0.65,30.53,69.83,1.91,16.51,7.54,Ribeirão Preto,SP,Sudeste,-21.17,-47.81
2017,156,0.02,0.68,0.64,30.19,68.98,1.59,12.0,5.56,Ribeirão Preto,SP,Sudeste,-21.17,-47.81
2017,157,0.0,0.68,0.64,30.43,61.45,1.48,14.57,6.77,Ribeirão Preto,SP,Sudeste,-21.17,-47.81
2017,158,0.0,0.67,0.64,30.64,61.99,1.52,16.45,7.54,Ribeirão Preto,SP,Sudeste,-21.17,-47.81
2017,159,0.01,0.67,0.63,30.09,65.98,2.64,16.26,7.32,Ribeirão Preto,SP,Sudeste,-21.17,-47.81
2017,160,0.11,0.66,0.63,26.49,77.09,2.86,9.96,4.59,Ribeirão Preto,SP,Sudeste,-21.17,-47.81
2017,161,0.0,0.66,0.63,22.37,67.65,1.39,17.07,7.29,Ribeirão Preto,SP,Sudeste,-21.17,-47.81
2017,162,0.02,0.66,0.63,26.85,60.13,1.71,17.21,7.48,Ribeirão Preto,SP,Sudeste,-21.17,-47.81
2017,163,3.01,0.66,0.64,26.61,69.31,1.69,6.59,3.11,Ribeirão Preto,SP,Sudeste,-21.17,-47.81
2017,164,12.77,0.67,0.69,27.58,81.47,2.16,9.67,4.52,Ribeirão Preto,SP,Sudeste,-21.17,-47.81
2017,165,1.11,0.68,0.67,26.36,80.1,1.91,14.44,6.6,Ribeirão Preto,SP,Sudeste,-21.17,-47.81
2017,166,0.06,0.68,0.65,26.15,74.24,2.55,16.26,7.31,Ribeirão Preto,SP,Sudeste,-21.17,-47.81
2017,167,0.04,0.68,0.64,26.08,72.74,2.82,16.49,7.34,Ribeirão Preto,SP,Sudeste,-21.17,-47.81
2017,168,0.01,0.67,0.64,27.65,67.0,2.05,15.95,7.13,Ribeirão Preto,SP,Sudeste,-21.17,-47.81
2017,169,0.0,0.67,0.63,27.2,61.47,1.86,11.81,5.29,Ribeirão Preto,SP,Sudeste,-21.17,-47.81
2017,170,0.0,0.66,0.63,26.97,55.31,1.1,15.77,7.03,Ribeirão Preto,SP,Sudeste,-21.17,-47.81
2017,171,0.0,0.66,0.63,26.89,63.01,1.26,13.07,5.92,Ribeirão Preto,SP,Sudeste,-21.17,-47.81
2017,172,0.0,0.66,0.63,26.5,72.13,2.55,16.16,7.35,Ribeirão Preto,SP,Sudeste,-21.17,-47.81
2017,173,0.0,0.66,0.62,25.54,71.49,3.35,16.5,7.47,Ribeirão Preto,SP,Sudeste,-21.17,-47.81
2017,174,0.0,0.65,0.62,25.8,69.89,3.38,16.67,7.48,Ribeirão Preto,SP,Sudeste,-21.17,-47.81
2017,175,0.03,0.65,0.62,25.58,70.56,3.11,16.5,7.41,Ribeirão Preto,SP,Sudeste,-21.17,-47.81
2017,176,0.01,0.65,0.62,24.92,65.03,2.96,17.15,7.57,Ribeirão Preto,SP,Sudeste,-21.17,-47.81
2017,177,0.01,0.65,0.62,25.83,70.5,2.89,16.95,7.52,Ribeirão Preto,SP,Sudeste,-21.17,-47.81
2017,178,0.01,0.64,0.62,25.96,68.5,3.2,15.42,6.81,Ribeirão Preto,SP,Sudeste,-21.17,-47.81
2017,179,0.03,0.64,0.61,26.86,69.69,2.6,16.06,7.27,Ribeirão Preto,SP,Sudeste,-21.17,-47.81
2017,180,0.0,0.64,0.61,26.92,62.89,2.25,16.37,7.3,Ribeirão Preto,SP,Sudeste,-21.17,-47.81
2017,181,0.0,0.64,0.61,27.24,56.25,1.7,16.38,7.33,Ribeirão Preto,SP,Sudeste,-21.17,-47.81
2017,182,0.0,0.63,0.61,26.2,65.11,1.83,15.84,7.07,Ribeirão Preto,SP,Sudeste,-21.17,-47.81
2017,183,0.0,0.63,0.61,24.39,72.28,2.69,14.92,6.65,Ribeirão Preto,SP,Sudeste,-21.17,-47.81
2017,184,0.0,0.63,0.61,22.43,63.72,3.59,16.17,7.13,Ribeirão Preto,SP,Sudeste,-21.17,-47.81
2017,185,0.0,0.63,0.6,21.42,63.81,3.73,17.1,7.5,Ribeirão Preto,SP,Sudeste,-21.17,-47.81
2017,186,0.0,0.63,0.6,22.35,69.19,3.05,16.86,7.46,Ribeirão Preto,SP,Sudeste,-21.17,-47.81
2017,187,0.0,0.62,0.6,24.03,69.25,2.91,15.53,6.92,Ribeirão Preto,SP,Sudeste,-21.17,-47.81
2017,188,0.01,0.62,0.6,24.9,67.97,3.04,11.66,5.18,Ribeirão Preto,SP,Sudeste,-21.17,-47.81
2017,189,0.0,0.62,0.59,24.37,66.77,3.21,13.53,6.07,Ribeirão Preto,SP,Sudeste,-21.17,-47.81
2017,190,0.0,0.62,0.58,25.5,62.47,3.18,16.53,7.4,Ribeirão Preto,SP,Sudeste,-21.17,-47.81
2017,191,0.0,0.62,0.58,26.1,63.08,3.02,15.37,6.96,Ribeirão Preto,SP,Sudeste,-21.17,-47.81
2017,192,0.0,0.61,0.56,27.56,62.59,2.07,16.53,7.41,Ribeirão Preto,SP,Sudeste,-21.17,-47.81
2017,193,0.0,0.61,0.55,27.63,61.24,2.39,17.25,7.68,Ribeirão Preto,SP,Sudeste,-21.17,-47.81
2017,194,0.0,0.61,0.53,27.3,62.42,3.01,17.35,7.69,Ribeirão Preto,SP,Sudeste,-21.17,-47.81
2017,195,0.01,0.61,0.51,26.84,61.77,3.06,17.5,7.81,Ribeirão Preto,SP,Sudeste,-21.17,-47.81
2017,196,0.0,0.61,0.49,26.97,56.88,3.48,16.07,7.17,Ribeirão Preto,SP,Sudeste,-21.17,-47.81
2017,197,0.0,0.61,0.46,27.26,54.74,3.11,16.72,7.49,Ribeirão Preto,SP,Sudeste,-21.17,-47.81
2017,198,0.0,0.6,0.44,28.21,50.15,1.49,17.89,7.87,Ribeirão Preto,SP,Sudeste,-21.17,-47.81
2017,199,0.0,0.6,0.42,23.98,68.94,2.22,7.05,3.3,Ribeirão Preto,SP,Sudeste,-21.17,-47.81
2017,200,0.76,0.6,0.41,25.64,67.28,2.07,14.75,6.6,Ribeirão Preto,SP,Sudeste,-21.17,-47.81
2017,201,0.65,0.6,0.44,27.26,61.6,2.26,15.72,7.04,Ribeirão Preto,SP,Sudeste,-21.17,-47.81
2017,202,0.0,0.6,0.42,27.98,51.06,1.96,16.16,7.19,Ribeirão Preto,SP,Sudeste,-21.17,-47.81
2017,203,0.0,0.6,0.4,28.24,55.26,1.59,18.04,7.89,Ribeirão Preto,SP,Sudeste,-21.17,-47.81
2017,204,0.0,0.6,0.38,28.2,51.41,3.21,18.05,8.0,Ribeirão Preto,SP,Sudeste,-21.17,-47.81
2017,205,0.0,0.6,0.37,27.94,48.87,3.23,18.39,8.16,Ribeirão Preto,SP,Sudeste,-21.17,-47.81
2017,206,0.01,0.6,0.36,28.45,54.98,2.82,17.74,7.93,Ribeirão Preto,SP,Sudeste,-21.17,-47.81
2017,207,0.01,0.6,0.35,27.9,48.81,2.61,18.72,8.28,Ribeirão Preto,SP,Sudeste,-21.17,-47.81
2017,208,0.0,0.6,0.34,27.32,48.22,2.8,18.9,8.32,Ribeirão Preto,SP,Sudeste,-21.17,-47.81
2017,209,0.02,0.6,0.33,27.14,50.67,3.25,18.71,8.27,Ribeirão Preto,SP,Sudeste,-21.17,-47.81
2017,210,0.0,0.6,0.32,27.68,53.15,3.72,18.71,8.33,Ribeirão Preto,SP,Sudeste,-21.17,-47.81
2017,211,0.0,0.6,0.32,26.08,55.54,3.35,16.5,7.41,Ribeirão Preto,SP,Sudeste,-21.17,-47.81
2017,212,0.0,0.6,0.31,25.86,50.06,2.69,15.19,6.69,Ribeirão Preto,SP,Sudeste,-21.17,-47.81
2017,213,0.0,0.6,0.3,27.51,43.98,2.52,16.15,7.11,Ribeirão Preto,SP,Sudeste,-21.17,-47.81
2017,214,0.0,0.6,0.3,29.5,41.7,2.57,16.72,7.44,Ribeirão Preto,SP,Sudeste,-21.17,-47.81
2017,215,0.0,0.6,0.29,26.84,50.98,4.08,13.51,6.06,Ribeirão Preto,SP,Sudeste,-21.17,-47.81
2017,216,0.0,0.6,0.29,26.28,60.16,2.3,16.93,7.55,Ribeirão Preto,SP,Sudeste,-21.17,-47.81
2017,217,0.0,0.6,0.28,27.48,56.85,2.26,18.74,8.35,Ribeirão Preto,SP,Sudeste,-21.17,-47.81
2017,218,0.0,0.6,0.28,28.86,53.32,3.02,19.59,8.68,Ribeirão Preto,SP,Sudeste,-21.17,-47.81
2017,219,0.0,0.6,0.27,30.7,45.68,2.94,18.44,8.19,Ribeirão Preto,SP,Sudeste,-21.17,-47.81
2017,220,0.0,0.6,0.27,31.5,42.0,2.36,15.47,6.93,Ribeirão Preto,SP,Sudeste,-21.17,-47.81
2017,221,0.0,0.6,0.26,33.55,35.88,2.12,17.71,7.83,Ribeirão Preto,SP,Sudeste,-21.17,-47.81
2017,222,0.0,0.6,0.26,33.63,40.91,2.15,19.49,8.69,Ribeirão Preto,SP,Sudeste,-21.17,-47.81
2017,223,0.0,0.6,0.25,33.34,48.58,2.64,19.24,8.57,Ribeirão Preto,SP,Sudeste,-21.17,-47.81
2017,224,0.0,0.6,0.25,33.6,38.66,2.96,19.23,8.49,Ribeirão Preto,SP,Sudeste,-21.17,-47.81
2017,225,0.0,0.59,0.24,34.08,37.17,3.13,17.37,7.73,Ribeirão Preto,SP,Sudeste,-21.17,-47.81
2017,226,0.0,0.59,0.24,32.53,49.44,1.78,11.03,5.07,Ribeirão Preto,SP,Sudeste,-21.17,-47.81
2017,227,0.5,0.59,0.24,33.3,48.94,2.04,13.55,6.21,Ribeirão Preto,SP,Sudeste,-21.17,-47.81
2017,228,0.48,0.6,0.25,33.22,48.69,3.0,8.56,4.06,Ribeirão Preto,SP,Sudeste,-21.17,-47.81
2017,229,5.04,0.6,0.34,27.32,74.08,1.92,4.34,2.23,Ribeirão Preto,SP,Sudeste,-21.17,-47.81
2017,230,2.1,0.61,0.47,27.81,70.39,1.93,4.63,2.34,Ribeirão Preto,SP,Sudeste,-21.17,-47.81
2017,231,0.08,0.61,0.47,31.8,52.19,2.33,13.97,6.42,Ribeirão Preto,SP,Sudeste,-21.17,-47.81
2017,232,2.73,0.61,0.46,33.36,52.18,4.26,12.48,5.69,Ribeirão Preto,SP,Sudeste,-21.17,-47.81
2017,233,1.26,0.61,0.55,24.82,71.62,3.44,13.76,6.33,Ribeirão Preto,SP,Sudeste,-21.17,-47.81
2017,234,0.01,0.61,0.52,29.02,56.06,4.71,20.46,9.27,Ribeirão Preto,SP,Sudeste,-21.17,-47.81
2017,235,0.0,0.61,0.47,29.95,54.73,3.76,18.65,8.47,Ribeirão Preto,SP,Sudeste,-21.17,-47.81
2017,236,0.0,0.6,0.44,30.28,50.24,2.76,21.5,9.68,Ribeirão Preto,SP,Sudeste,-21.17,-47.81
2017,237,0.0,0.6,0.41,30.78,46.23,3.16,20.53,9.22,Ribeirão Preto,SP,Sudeste,-21.17,-47.81
2017,238,0.0,0.6,0.38,31.96,35.94,2.5,22.26,9.93,Ribeirão Preto,SP,Sudeste,-21.17,-47.81
2017,239,0.0,0.6,0.35,33.21,32.26,1.68,22.53,9.96,Ribeirão Preto,SP,Sudeste,-21.17,-47.81
2017,240,0.0,0.6,0.33,34.2,29.6,1.96,22.98,10.08,Ribeirão Preto,SP,Sudeste,-21.17,-47.81
2017,241,0.0,0.6,0.31,34.6,29.02,2.07,23.08,10.16,Ribeirão Preto,SP,Sudeste,-21.17,-47.81
2017,242,0.0,0.6,0.3,35.9,28.16,2.09,23.29,10.21,Ribeirão Preto,SP,Sudeste,-21.17,-47.81
2017,243,0.0,0.6,0.28,35.96,30.22,2.34,22.56,10.05,Ribeirão Preto,SP,Sudeste,-21.17,-47.81
2017,244,0.0,0.6,0.28,32.96,47.7,3.76,20.32,9.08,Ribeirão Preto,SP,Sudeste,-21.17,-47.81
2017,245,0.0,0.6,0.27,31.33,42.03,3.96,22.46,10.09,Ribeirão Preto,SP,Sudeste,-21.17,-47.81
2017,246,0.0,0.6,0.26,31.13,37.11,4.05,23.59,10.38,Ribeirão Preto,SP,Sudeste,-21.17,-47.81
2017,247,0.0,0.6,0.26,31.8,33.96,3.7,23.97,10.56,Ribeirão Preto,SP,Sudeste,-21.17,-47.81
2017,248,0.0,0.6,0.25,32.56,29.68,2.64,24.27,10.66,Ribeirão Preto,SP,Sudeste,-21.17,-47.81
2017,249,0.0,0.59,0.24,33.57,26.37,2.26,23.66,10.4,Ribeirão Preto,SP,Sudeste,-21.17,-47.81
2017,250,0.0,0.59,0.24,33.66,28.82,2.74,23.18,10.19,Ribeirão Preto,SP,Sudeste,-21.17,-47.81
2017,251,0.0,0.59,0.23,34.4,26.11,3.01,24.2,10.65,Ribeirão Preto,SP,Sudeste,-21.17,-47.81
2017,252,0.0,0.59,0.23,33.72,30.16,3.6,23.18,10.22,Ribeirão Preto,SP,Sudeste,-21.17,-47.81
2017,253,0.0,0.59,0.22,34.17,34.28,3.76,24.58,10.88,Ribeirão Preto,SP,Sudeste,-21.17,-47.81
2017,254,0.0,0.59,0.22,35.4,33.08,3.12,24.21,10.78,Ribeirão Preto,SP,Sudeste,-21.17,-47.81
2017,255,0.0,0.59,0.21,35.66,30.22,3.37,24.73,10.99,Ribeirão Preto,SP,Sudeste,-21.17,-47.81
2017,256,0.0,0.59,0.21,34.87,29.45,3.82,24.79,10.99,Ribeirão Preto,SP,Sudeste,-21.17,-47.81
2017,257,0.0,0.59,0.21,35.54,30.29,3.85,25.28,11.14,Ribeirão Preto,SP,Sudeste,-21.17,-47.81
2017,258,0.0,0.59,0.2,35.99,23.24,2.66,25.13,11.15,Ribeirão Preto,SP,Sudeste,-21.17,-47.81
2017,259,0.0,0.59,0.2,35.06,26.71,2.94,25.26,11.14,Ribeirão Preto,SP,Sudeste,-21.17,-47.81
2017,260,0.0,0.59,0.2,35.49,29.3,3.21,25.08,11.04,Ribeirão Preto,SP,Sudeste,-21.17,-47.81
2017,261,0.0,0.59,0.19,35.63,28.6,2.6,23.8,10.49,Ribeirão Preto,SP,Sudeste,-21.17,-47.81
2017,262,0.0,0.59,0.19,34.88,31.92,3.21,23.71,10.59,Ribeirão Preto,SP,Sudeste,-21.17,-47.81
2017,263,0.0,0.59,0.19,34.28,32.68,3.76,25.35,11.38,Ribeirão Preto,SP,Sudeste,-21.17,-47.81
2017,264,0.0,0.59,0.19,33.97,30.86,3.38,25.73,11.42,Ribeirão Preto,SP,Sudeste,-21.17,-47.81
2017,265,0.0,0.59,0.18,32.06,31.7,3.11,20.11,8.89,Ribeirão Preto,SP,Sudeste,-21.17,-47.81
2017,266,0.0,0.59,0.18,34.76,29.38,2.16,23.73,10.5,Ribeirão Preto,SP,Sudeste,-21.17,-47.81
2017,267,0.0,0.59,0.18,35.22,29.75,2.38,21.77,9.74,Ribeirão Preto,SP,Sudeste,-21.17,-47.81
2017,268,0.0,0.59,0.18,32.53,35.4,3.66,24.48,11.02,Ribeirão Preto,SP,Sudeste,-21.17,-47.81
2017,269,0.03,0.59,0.18,33.02,34.61,3.33,23.89,10.7,Ribeirão Preto,SP,Sudeste,-21.17,-47.81
2017,270,1.57,0.59,0.18,35.22,33.95,2.63,21.48,9.61,Ribeirão Preto,SP,Sudeste,-21.17,-47.81
2017,271,0.3,0.59,0.24,35.88,34.05,2.03,24.41,10.87,Ribeirão Preto,SP,Sudeste,-21.17,-47.81
2017,272,3.98,0.59,0.26,34.29,45.43,3.16,17.54,8.08,Ribeirão Preto,SP,Sudeste,-21.17,-47.81
2017,273,21.34,0.63,0.69,23.55,81.29,2.9,7.91,3.95,Ribeirão Preto,SP,Sudeste,-21.17,-47.81
2017,274,2.23,0.64,0.65,31.3,68.66,2.55,24.92,11.15,Ribeirão Preto,SP,Sudeste,-21.17,-47.81
2017,275,7.53,0.64,0.64,31.38,64.36,4.05,5.75,2.87,Ribeirão Preto,SP,Sudeste,-21.17,-47.81
2017,276,14.3,0.67,0.72,25.35,64.76,2.34,12.13,5.66,Ribeirão Preto,SP,Sudeste,-21.17,-47.81
2017,277,0.07,0.67,0.63,29.04,62.26,2.42,16.62,7.61,Ribeirão Preto,SP,Sudeste,-21.17,-47.81
2017,278,1.08,0.66,0.62,34.31,62.15,3.21,26.45,11.95,Ribeirão Preto,SP,Sudeste,-21.17,-47.81
2017,279,1.46,0.66,0.63,34.62,55.51,2.95,25.48,11.67,Ribeirão Preto,SP,Sudeste,-21.17,-47.81
2017,280,0.07,0.65,0.61,33.27,55.25,2.17,16.05,7.48,Ribeirão Preto,SP,Sudeste,-21.17,-47.81
2017,281,0.0,0.65,0.61,34.67,59.07,3.3,19.39,8.9,Ribeirão Preto,SP,Sudeste,-21.17,-47.81
2017,282,0.93,0.64,0.61,34.44,54.37,2.22,22.48,10.38,Ribeirão Preto,SP,Sudeste,-21.17,-47.81
2017,283,0.93,0.64,0.6,37.1,50.24,2.12,24.11,11.05,Ribeirão Preto,SP,Sudeste,-21.17,-47.81
2017,284,0.17,0.64,0.6,36.43,52.63,2.15,22.77,10.54,Ribeirão Preto,SP,Sudeste,-21.17,-47.81
2017,285,0.89,0.63,0.6,37.66,49.19,2.59,26.67,12.24,Ribeirão Preto,SP,Sudeste,-21.17,-47.81
2017,286,0.0,0.62,0.58,37.07,44.03,2.71,27.45,12.4,Ribeirão Preto,SP,Sudeste,-21.17,-47.81
2017,287,0.01,0.62,0.57,36.87,41.38,1.64,24.98,11.36,Ribeirão Preto,SP,Sudeste,-21.17,-47.81
2017,288,0.0,0.61,0.55,36.92,50.44,2.63,26.28,12.03,Ribeirão Preto,SP,Sudeste,-21.17,-47.81
2017,289,0.0,0.61,0.51,36.23,51.52,2.73,26.03,11.87,Ribeirão Preto,SP,Sudeste,-21.17,-47.81
2017,290,0.0,0.61,0.46,35.11,48.48,4.16,24.87,11.38,Ribeirão Preto,SP,Sudeste,-21.17,-47.81
2017,291,0.0,0.6,0.43,35.38,41.09,4.0,26.47,12.05,Ribeirão Preto,SP,Sudeste,-21.17,-47.81
2017,292,0.0,0.6,0.39,34.78,35.05,2.8,26.32,11.87,Ribeirão Preto,SP,Sudeste,-21.17,-47.81
2017,293,0.0,0.6,0.36,37.45,32.0,2.54,18.67,8.5,Ribeirão Preto,SP,Sudeste,-21.17,-47.81
2017,294,0.39,0.6,0.35,34.59,39.43,3.31,13.81,6.49,Ribeirão Preto,SP,Sudeste,-21.17,-47.81
2017,295,4.69,0.61,0.45,30.01,60.58,1.7,7.09,3.57,Ribeirão Preto,SP,Sudeste,-21.17,-47.81
2017,296,0.68,0.61,0.5,30.09,65.07,1.71,10.73,5.18,Ribeirão Preto,SP,Sudeste,-21.17,-47.81
2017,297,2.94,0.61,0.49,32.28,64.54,2.22,22.75,10.41,Ribeirão Preto,SP,Sudeste,-21.17,-47.81
2017,298,4.62,0.61,0.59,34.55,60.48,2.52,26.63,12.2,Ribeirão Preto,SP,Sudeste,-21.17,-47.81
2017,299,4.33,0.62,0.61,35.41,56.03,2.79,18.98,8.78,Ribeirão Preto,SP,Sudeste,-21.17,-47.81
2017,300,25.85,0.63,0.7,35.68,60.71,2.66,16.84,7.86,Ribeirão Preto,SP,Sudeste,-21.17,-47.81
2017,301,2.89,0.66,0.66,28.01,75.17,2.57,22.26,10.28,Ribeirão Preto,SP,Sudeste,-21.17,-47.81
2017,302,4.3,0.66,0.67,25.72,83.03,1.61,14.2,6.86,Ribeirão Preto,SP,Sudeste,-21.17,-47.81
2017,303,8.5,0.66,0.67,30.75,72.34,2.57,12.19,5.88,Ribeirão Preto,SP,Sudeste,-21.17,-47.81
2017,304,1.56,0.67,0.65,28.47,77.86,1.93,19.05,8.86,Ribeirão Preto,SP,Sudeste,-21.17,-47.81
2017,305,19.77,0.68,0.72,29.14,70.46,2.36,25.63,11.76,Ribeirão Preto,SP,Sudeste,-21.17,-47.81
2017,306,0.57,0.7,0.67,31.23,68.46,2.88,27.13,12.43,Ribeirão Preto,SP,Sudeste,-21.17,-47.81
2017,307,6.36,0.69,0.68,31.69,69.64,2.67,26.23,12.08,Ribeirão Preto,SP,Sudeste,-21.17,-47.81
2017,308,6.88,0.7,0.68,29.01,76.63,3.23,19.56,9.28,Ribeirão Preto,SP,Sudeste,-21.17,-47.81
2017,309,2.95,0.71,0.71,27.12,84.57,2.86,11.5,5.71,Ribeirão Preto,SP,Sudeste,-21.17,-47.81
2017,310,3.84,0.7,0.69,26.86,84.38,2.04,19.37,8.94,Ribeirão Preto,SP,Sudeste,-21.17,-47.81
2017,311,0.69,0.71,0.68,28.29,75.24,2.81,21.56,9.97,Ribeirão Preto,SP,Sudeste,-21.17,-47.81
2017,312,0.63,0.7,0.66,30.91,67.18,2.86,22.49,10.42,Ribeirão Preto,SP,Sudeste,-21.17,-47.81
2017,313,2.94,0.7,0.68,27.79,74.31,1.98,20.38,9.56,Ribeirão Preto,SP,Sudeste,-21.17,-47.81
2017,314,4.76,0.7,0.69,29.7,76.81,2.83,22.82,10.68,Ribeirão Preto,SP,Sudeste,-21.17,-47.81
2017,315,7.38,0.7,0.71,29.24,79.99,3.35,16.86,8.04,Ribeirão Preto,SP,Sudeste,-21.17,-47.81
2017,316,0.34,0.7,0.67,30.58,65.41,2.47,30.25,13.63,Ribeirão Preto,SP,Sudeste,-21.17,-47.81
2017,317,0.0,0.69,0.65,32.04,56.1,1.86,28.22,12.79,Ribeirão Preto,SP,Sudeste,-21.17,-47.81
2017,318,0.01,0.68,0.64,33.89,57.03,2.54,30.94,14.02,Ribeirão Preto,SP,Sudeste,-21.17,-47.81
2017,319,0.0,0.67,0.63,34.09,58.84,2.86,26.18,12.06,Ribeirão Preto,SP,Sudeste,-21.17,-47.81
2017,320,2.63,0.67,0.64,31.09,62.64,1.88,25.12,11.65,Ribeirão Preto,SP,Sudeste,-21.17,-47.81
2017,321,2.49,0.67,0.64,32.44,65.74,2.47,23.03,10.74,Ribeirão Preto,SP,Sudeste,-21.17,-47.81
2017,322,5.18,0.67,0.67,28.97,75.83,2.05,19.84,9.46,Ribeirão Preto,SP,Sudeste,-21.17,-47.81
2017,323,13.85,0.68,0.71,30.03,76.66,2.42,17.55,8.46,Ribeirão Preto,SP,Sudeste,-21.17,-47.81
2017,324,10.18,0.71,0.73,29.72,81.36,1.85,17.23,8.2,Ribeirão Preto,SP,Sudeste,-21.17,-47.81
2017,325,21.19,0.72,0.78,27.07,83.99,1.73,14.0,6.86,Ribeirão Preto,SP,Sudeste,-21.17,-47.81
2017,326,17.66,0.76,0.82,27.18,87.57,2.9,15.33,7.39,Ribeirão Preto,SP,Sudeste,-21.17,-47.81
2017,327,0.77,0.76,0.75,29.54,79.11,1.61,23.81,11.06,Ribeirão Preto,SP,Sudeste,-21.17,-47.81
2017,328,0.62,0.74,0.73,31.4,72.29,2.03,29.06,13.15,Ribeirão Preto,SP,Sudeste,-21.17,-47.81
2017,329,11.54,0.74,0.75,30.75,76.1,2.57,27.21,12.62,Ribeirão Preto,SP,Sudeste,-21.17,-47.81
2017,330,9.14,0.76,0.8,25.89,86.07,3.44,10.42,5.2,Ribeirão Preto,SP,Sudeste,-21.17,-47.81
2017,331,2.03,0.76,0.76,28.07,81.23,2.33,12.35,6.12,Ribeirão Preto,SP,Sudeste,-21.17,-47.81
2017,332,1.35,0.75,0.74,30.26,75.38,1.56,25.71,11.86,Ribeirão Preto,SP,Sudeste,-21.17,-47.81
2017,333,0.18,0.74,0.71,31.04,68.59,2.48,29.69,13.55,Ribeirão Preto,SP,Sudeste,-21.17,-47.81
2017,334,8.51,0.73,0.73,27.48,78.53,2.36,19.24,8.94,Ribeirão Preto,SP,Sudeste,-21.17,-47.81
2017,335,40.04,0.78,0.89,24.88,86.85,2.37,8.79,4.49,Ribeirão Preto,SP,Sudeste,-21.17,-47.81
2017,336,5.34,0.79,0.81,28.13,81.14,2.54,14.19,6.88,Ribeirão Preto,SP,Sudeste,-21.17,-47.81
2017,337,5.41,0.8,0.82,28.41,85.7,2.51,18.35,8.73,Ribeirão Preto,SP,Sudeste,-21.17,-47.81
2017,338,0.03,0.79,0.78,29.05,79.34,1.57,26.19,12.13,Ribeirão Preto,SP,Sudeste,-21.17,-47.81
2017,339,2.35,0.78,0.78,29.91,75.76,0.87,26.82,12.65,Ribeirão Preto,SP,Sudeste,-21.17,-47.81
2017,340,8.85,0.78,0.81,28.17,79.11,1.0,17.62,8.46,Ribeirão Preto,SP,Sudeste,-21.17,-47.81
2017,341,16.57,0.79,0.84,26.36,86.64,1.5,15.54,7.5,Ribeirão Preto,SP,Sudeste,-21.17,-47.81
2017,342,7.65,0.81,0.85,28.47,89.7,2.65,20.06,9.38,Ribeirão Preto,SP,Sudeste,-21.17,-47.81
2017,343,1.27,0.8,0.81,29.41,77.6,1.9,26.86,12.34,Ribeirão Preto,SP,Sudeste,-21.17,-47.81
2017,344,0.05,0.79,0.79,29.33,73.84,1.61,26.45,12.22,Ribeirão Preto,SP,Sudeste,-21.17,-47.81
2017,345,1.42,0.78,0.77,30.51,73.8,1.41,24.11,11.2,Ribeirão Preto,SP,Sudeste,-21.17,-47.81
2017,346,1.11,0.77,0.76,26.21,80.96,2.96,23.49,11.0,Ribeirão Preto,SP,Sudeste,-21.17,-47.81
2017,347,1.16,0.77,0.75,28.9,77.27,2.93,28.29,13.12,Ribeirão Preto,SP,Sudeste,-21.17,-47.81
2017,348,0.1,0.76,0.73,29.4,75.89,2.95,22.38,10.42,Ribeirão Preto,SP,Sudeste,-21.17,-47.81
2017,349,0.17,0.74,0.72,30.07,73.18,2.15,26.64,12.37,Ribeirão Preto,SP,Sudeste,-21.17,-47.81
2017,350,0.26,0.73,0.71,29.5,74.92,1.91,26.53,12.3,Ribeirão Preto,SP,Sudeste,-21.17,-47.81
2017,351,1.63,0.73,0.71,29.2,77.05,2.55,24.97,11.69,Ribeirão Preto,SP,Sudeste,-21.17,-47.81
2017,352,0.81,0.72,0.7,31.01,73.31,1.8,25.93,11.97,Ribeirão Preto,SP,Sudeste,-21.17,-47.81
2017,353,3.17,0.72,0.7,29.99,74.87,2.16,26.14,12.13,Ribeirão Preto,SP,Sudeste,-21.17,-47.81
2017,354,1.7,0.72,0.7,29.6,70.57,1.92,23.49,10.89,Ribeirão Preto,SP,Sudeste,-21.17,-47.81
2017,355,6.94,0.71,0.71,28.63,75.18,1.69,10.26,5.18,Ribeirão Preto,SP,Sudeste,-21.17,-47.81
2017,356,12.83,0.74,0.77,27.72,80.52,1.69,12.75,6.27,Ribeirão Preto,SP,Sudeste,-21.17,-47.81
2017,357,0.82,0.73,0.71,29.96,74.64,1.65,20.74,9.79,Ribeirão Preto,SP,Sudeste,-21.17,-47.81
2017,358,0.2,0.72,0.7,29.55,74.79,1.75,25.4,11.81,Ribeirão Preto,SP,Sudeste,-21.17,-47.81
2017,359,1.54,0.72,0.7,29.53,77.55,1.5,20.5,9.72,Ribeirão Preto,SP,Sudeste,-21.17,-47.81
2017,360,0.47,0.71,0.68,30.53,76.37,1.38,20.33,9.6,Ribeirão Preto,SP,Sudeste,-21.17,-47.81
2017,361,6.36,0.71,0.72,29.64,76.9,1.36,26.93,12.6,Ribeirão Preto,SP,Sudeste,-21.17,-47.81
2017,362,16.25,0.73,0.78,27.89,83.19,1.7,25.94,12.12,Ribeirão Preto,SP,Sudeste,-21.17,-47.81
2017,363,8.07,0.74,0.76,27.45,83.82,2.05,16.43,7.92,Ribeirão Preto,SP,Sudeste,-21.17,-47.81
2017,364,26.08,0.77,0.84,24.69,90.06,3.08,9.72,4.81,Ribeirão Preto,SP,Sudeste,-21.17,-47.81
2017,365,22.27,0.8,0.87,26.63,86.11,3.7,10.47,5.26,Ribeirão Preto,SP,Sudeste,-21.17,-47.81
2018,1,14.85,0.81,0.86,27.68,88.31,2.96,22.55,10.68,Ribeirão Preto,SP,Sudeste,-21.17,-47.81
2018,2,14.26,0.83,0.87,25.7,89.56,2.83,14.47,7.06,Ribeirão Preto,SP,Sudeste,-21.17,-47.81
2018,3,10.28,0.84,0.87,26.55,88.43,3.35,12.76,6.32,Ribeirão Preto,SP,Sudeste,-21.17,-47.81
2018,4,6.59,0.84,0.86,27.98,86.07,1.24,24.16,11.33,Ribeirão Preto,SP,Sudeste,-21.17,-47.81
2018,5,13.74,0.85,0.88,27.84,86.33,1.59,22.08,10.39,Ribeirão Preto,SP,Sudeste,-21.17,-47.81
2018,6,15.84,0.86,0.9,25.87,89.7,2.01,13.87,6.8,Ribeirão Preto,SP,Sudeste,-21.17,-47.81
2018,7,15.85,0.88,0.91,24.72,90.03,1.95,10.67,5.29,Ribeirão Preto,SP,Sudeste,-21.17,-47.81
2018,8,12.42,0.89,0.91,25.68,88.47,1.64,10.56,5.3,Ribeirão Preto,SP,Sudeste,-21.17,-47.81
2018,9,1.47,0.9,0.89,27.85,85.15,2.01,19.34,9.04,Ribeirão Preto,SP,Sudeste,-21.17,-47.81
2018,10,0.39,0.88,0.87,29.35,77.96,2.19,22.66,10.46,Ribeirão Preto,SP,Sudeste,-21.17,-47.81
2018,11,11.37,0.88,0.89,27.79,82.09,1.9,19.47,9.11,Ribeirão Preto,SP,Sudeste,-21.17,-47.81
2018,12,6.25,0.89,0.9,24.8,83.25,0.88,15.02,7.15,Ribeirão Preto,SP,Sudeste,-21.17,-47.81
2018,13,2.45,0.88,0.88,26.98,81.88,1.57,22.75,10.61,Ribeirão Preto,SP,Sudeste,-21.17,-47.81
2018,14,7.36,0.88,0.89,28.22,80.45,1.19,22.18,10.4,Ribeirão Preto,SP,Sudeste,-21.17,-47.81
2018,15,7.93,0.89,0.9,26.38,85.57,1.61,19.49,9.19,Ribeirão Preto,SP,Sudeste,-21.17,-47.81
2018,16,5.02,0.89,0.89,27.52,82.78,0.99,20.52,9.61,Ribeirão Preto,SP,Sudeste,-21.17,-47.81
2018,17,4.24,0.89,0.89,28.92,79.39,0.93,21.97,10.26,Ribeirão Preto,SP,Sudeste,-21.17,-47.81
2018,18,1.24,0.88,0.87,30.22,74.46,2.06,26.9,12.53,Ribeirão Preto,SP,Sudeste,-21.17,-47.81
2018,19,1.08,0.86,0.86,30.4,73.39,1.19,26.03,12.19,Ribeirão Preto,SP,Sudeste,-21.17,-47.81
2018,20,0.18,0.85,0.85,29.6,75.77,1.22,24.04,11.31,Ribeirão Preto,SP,Sudeste,-21.17,-47.81
2018,21,0.02,0.84,0.84,30.65,71.68,1.87,17.38,8.34,Ribeirão Preto,SP,Sudeste,-21.17,-47.81
2018,22,1.63,0.83,0.83,30.62,69.71,1.72,24.21,11.38,Ribeirão Preto,SP,Sudeste,-21.17,-47.81
2018,23,5.9,0.83,0.84,28.03,81.5,1.86,25.3,11.9,Ribeirão Preto,SP,Sudeste,-21.17,-47.81
2018,24,1.56,0.82,0.83,29.24,77.67,1.25,23.55,11.08,Ribeirão Preto,SP,Sudeste,-21.17,-47.81
2018,25,5.96,0.82,0.84,28.13,83.36,1.28,22.87,10.67,Ribeirão Preto,SP,Sudeste,-21.17,-47.81
2018,26,7.71,0.83,0.86,27.41,84.16,1.9,19.88,9.43,Ribeirão Preto,SP,Sudeste,-21.17,-47.81
2018,27,8.48,0.83,0.86,28.43,82.47,2.3,21.91,10.35,Ribeirão Preto,SP,Sudeste,-21.17,-47.81
2018,28,2.7,0.83,0.84,29.26,77.15,1.63,15.92,7.6,Ribeirão Preto,SP,Sudeste,-21.17,-47.81
2018,29,18.2,0.84,0.89,27.2,83.25,1.03,15.57,7.56,Ribeirão Preto,SP,Sudeste,-21.17,-47.81
2018,30,13.68,0.85,0.89,28.65,88.32,1.91,11.98,5.95,Ribeirão Preto,SP,Sudeste,-21.17,-47.81
2018,31,2.21,0.85,0.86,28.41,83.13,2.39,23.52,10.99,Ribeirão Preto,SP,Sudeste,-21.17,-47.81
2018,32,0.65,0.84,0.84,28.79,77.81,1.87,27.28,12.52,Ribeirão Preto,SP,Sudeste,-21.17,-47.81
2018,33,2.93,0.83,0.83,29.68,80.58,2.29,21.49,9.93,Ribeirão Preto,SP,Sudeste,-21.17,-47.81
2018,34,2.42,0.82,0.83,27.95,82.73,3.44,25.34,11.76,Ribeirão Preto,SP,Sudeste,-21.17,-47.81
2018,35,4.19,0.82,0.83,27.05,83.0,2.59,22.54,10.34,Ribeirão Preto,SP,Sudeste,-21.17,-47.81
2018,36,2.18,0.81,0.83,23.34,86.19,2.29,17.61,8.35,Ribeirão Preto,SP,Sudeste,-21.17,-47.81
2018,37,4.18,0.81,0.83,25.67,82.67,1.15,17.17,8.16,Ribeirão Preto,SP,Sudeste,-21.17,-47.81
2018,38,0.05,0.81,0.81,27.98,74.02,1.37,26.96,12.47,Ribeirão Preto,SP,Sudeste,-21.17,-47.81
2018,39,0.0,0.79,0.79,29.66,64.94,0.81,28.91,13.35,Ribeirão Preto,SP,Sudeste,-21.17,-47.81
2018,40,5.95,0.78,0.79,30.26,77.49,2.19,26.43,12.34,Ribeirão Preto,SP,Sudeste,-21.17,-47.81
2018,41,12.92,0.8,0.85,26.25,87.58,1.36,14.68,7.17,Ribeirão Preto,SP,Sudeste,-21.17,-47.81
2018,42,19.39,0.81,0.87,27.13,86.12,1.19,22.27,10.45,Ribeirão Preto,SP,Sudeste,-21.17,-47.81
2018,43,8.83,0.83,0.86,27.64,85.69,1.36,21.89,10.24,Ribeirão Preto,SP,Sudeste,-21.17,-47.81
2018,44,6.79,0.84,0.86,27.19,89.39,2.08,18.9,8.9,Ribeirão Preto,SP,Sudeste,-21.17,-47.81
2018,45,3.62,0.83,0.85,28.36,83.68,1.61,11.09,5.49,Ribeirão Preto,SP,Sudeste,-21.17,-47.81
2018,46,1.93,0.83,0.84,28.22,82.52,2.17,18.6,8.76,Ribeirão Preto,SP,Sudeste,-21.17,-47.81
2018,47,0.56,0.82,0.82,28.3,80.4,1.81,24.27,11.31,Ribeirão Preto,SP,Sudeste,-21.17,-47.81
2018,48,1.36,0.81,0.82,26.93,81.54,1.32,24.2,11.23,Ribeirão Preto,SP,Sudeste,-21.17,-47.81
2018,49,8.36,0.81,0.84,27.21,85.57,1.92,16.62,7.86,Ribeirão Preto,SP,Sudeste,-21.17,-47.81
2018,50,24.58,0.83,0.89,26.36,86.53,1.64,18.94,8.92,Ribeirão Preto,SP,Sudeste,-21.17,-47.81
2018,51,8.44,0.85,0.88,26.77,88.63,2.06,16.73,7.91,Ribeirão Preto,SP,Sudeste,-21.17,-47.81
2018,52,4.85,0.85,0.87,26.22,91.72,2.25,19.57,9.18,Ribeirão Preto,SP,Sudeste,-21.17,-47.81
2018,53,4.3,0.85,0.86,27.78,86.3,1.53,23.46,10.79,Ribeirão Preto,SP,Sudeste,-21.17,-47.81
2018,54,17.43,0.85,0.89,29.14,85.1,1.9,23.78,11.0,Ribeirão Preto,SP,Sudeste,-21.17,-47.81
2018,55,13.65,0.87,0.9,28.33,84.06,2.47,19.76,9.27,Ribeirão Preto,SP,Sudeste,-21.17,-47.81
2018,56,6.13,0.87,0.88,26.99,84.63,1.63,23.64,11.05,Ribeirão Preto,SP,Sudeste,-21.17,-47.81
2018,57,18.9,0.88,0.92,24.74,88.61,0.89,11.07,5.38,Ribeirão Preto,SP,Sudeste,-21.17,-47.81
2018,58,27.51,0.91,0.95,27.09,88.37,1.55,13.34,6.46,Ribeirão Preto,SP,Sudeste,-21.17,-47.81
2018,59,0.91,0.92,0.9,28.24,84.93,1.48,23.98,11.28,Ribeirão Preto,SP,Sudeste,-21.17,-47.81
2018,60,18.71,0.92,0.93,27.99,83.89,1.08,22.22,10.43,Ribeirão Preto,SP,Sudeste,-21.17,-47.81
2018,61,9.49,0.93,0.93,28.42,86.69,1.0,21.61,10.18,Ribeirão Preto,SP,Sudeste,-21.17,-47.81
2018,62,1.35,0.93,0.91,27.01,87.99,1.37,20.86,9.87,Ribeirão Preto,SP,Sudeste,-21.17,-47.81
2018,63,3.42,0.93,0.91,28.17,86.61,1.35,24.66,11.56,Ribeirão Preto,SP,Sudeste,-21.17,-47.81
2018,64,4.57,0.92,0.91,28.57,85.59,1.88,22.95,10.74,Ribeirão Preto,SP,Sudeste,-21.17,-47.81
2018,65,11.1,0.92,0.92,29.19,86.95,1.77,24.58,11.51,Ribeirão Preto,SP,Sudeste,-21.17,-47.81
2018,66,4.66,0.93,0.92,27.35,90.78,1.75,22.78,10.67,Ribeirão Preto,SP,Sudeste,-21.17,-47.81
2018,67,1.61,0.92,0.91,25.67,91.98,1.78,18.42,8.57,Ribeirão Preto,SP,Sudeste,-21.17,-47.81
2018,68,10.49,0.92,0.92,28.38,83.15,1.52,22.95,10.73,Ribeirão Preto,SP,Sudeste,-21.17,-47.81
2018,69,29.98,0.94,0.96,25.63,92.31,1.48,15.87,7.6,Ribeirão Preto,SP,Sudeste,-21.17,-47.81
2018,70,3.7,0.95,0.92,28.6,87.25,1.94,22.61,10.6,Ribeirão Preto,SP,Sudeste,-21.17,-47.81
2018,71,0.0,0.94,0.91,29.44,81.68,1.3,24.15,11.2,Ribeirão Preto,SP,Sudeste,-21.17,-47.81
2018,72,0.0,0.93,0.9,30.0,77.37,1.11,21.9,10.16,Ribeirão Preto,SP,Sudeste,-21.17,-47.81
2018,73,27.04,0.93,0.95,29.77,82.04,1.38,24.64,11.48,Ribeirão Preto,SP,Sudeste,-21.17,-47.81
2018,74,0.51,0.94,0.91,29.48,85.55,2.02,22.08,10.38,Ribeirão Preto,SP,Sudeste,-21.17,-47.81
2018,75,18.59,0.94,0.95,26.98,88.81,1.2,14.18,6.7,Ribeirão Preto,SP,Sudeste,-21.17,-47.81
2018,76,5.71,0.96,0.93,29.79,77.55,0.7,23.13,10.85,Ribeirão Preto,SP,Sudeste,-21.17,-47.81
2018,77,2.17,0.95,0.92,29.7,79.37,1.22,23.65,11.0,Ribeirão Preto,SP,Sudeste,-21.17,-47.81
2018,78,1.07,0.94,0.91,29.83,79.2,1.49,22.63,10.6,Ribeirão Preto,SP,Sudeste,-21.17,-47.81
2018,79,7.74,0.93,0.92,24.42,90.31,1.48,14.73,7.05,Ribeirão Preto,SP,Sudeste,-21.17,-47.81
2018,80,9.49,0.94,0.93,27.25,86.79,1.14,21.91,10.31,Ribeirão Preto,SP,Sudeste,-21.17,-47.81
2018,81,3.01,0.95,0.92,29.22,82.55,1.08,23.44,10.94,Ribeirão Preto,SP,Sudeste,-21.17,-47.81
2018,82,1.2,0.94,0.91,29.16,83.53,1.7,22.63,10.54,Ribeirão Preto,SP,Sudeste,-21.17,-47.81
2018,83,0.59,0.93,0.9,27.6,84.16,2.94,22.22,10.4,Ribeirão Preto,SP,Sudeste,-21.17,-47.81
2018,84,0.03,0.92,0.9,28.02,82.6,2.4,21.29,9.97,Ribeirão Preto,SP,Sudeste,-21.17,-47.81
2018,85,4.15,0.91,0.9,27.99,83.72,2.04,16.35,7.7,Ribeirão Preto,SP,Sudeste,-21.17,-47.81
2018,86,0.2,0.9,0.89,27.03,81.13,1.85,20.34,9.5,Ribeirão Preto,SP,Sudeste,-21.17,-47.81
2018,87,0.0,0.9,0.88,27.3,79.97,1.89,23.05,10.73,Ribeirão Preto,SP,Sudeste,-21.17,-47.81
2018,88,0.19,0.89,0.88,27.4,82.01,2.01,21.51,9.96,Ribeirão Preto,SP,Sudeste,-21.17,-47.81
2018,89,0.04,0.88,0.87,27.81,81.03,2.05,21.24,9.89,Ribeirão Preto,SP,Sudeste,-21.17,-47.81
2018,90,1.39,0.87,0.86,27.53,81.66,1.94,17.48,8.23,Ribeirão Preto,SP,Sudeste,-21.17,-47.81
2018,91,7.4,0.87,0.89,25.9,90.48,1.46,13.05,6.25,Ribeirão Preto,SP,Sudeste,-21.17,-47.81
2018,92,2.38,0.87,0.87,27.74,83.06,1.06,15.27,7.21,Ribeirão Preto,SP,Sudeste,-21.17,-47.81
2018,93,15.36,0.87,0.9,26.56,86.48,1.28,14.15,6.55,Ribeirão Preto,SP,Sudeste,-21.17,-47.81
2018,94,2.38,0.88,0.88,27.39,85.12,1.03,18.33,8.42,Ribeirão Preto,SP,Sudeste,-21.17,-47.81
2018,95,0.15,0.87,0.87,27.9,81.72,1.12,21.87,10.04,Ribeirão Preto,SP,Sudeste,-21.17,-47.81
2018,96,0.5,0.86,0.86,28.57,79.04,1.24,22.61,10.35,Ribeirão Preto,SP,Sudeste,-21.17,-47.81
2018,97,0.58,0.85,0.85,27.9,81.44,1.0,20.79,9.56,Ribeirão Preto,SP,Sudeste,-21.17,-47.81
2018,98,0.0,0.85,0.85,27.73,82.3,1.12,20.68,9.52,Ribeirão Preto,SP,Sudeste,-21.17,-47.81
2018,99,0.14,0.84,0.84,27.59,81.6,2.08,20.47,9.42,Ribeirão Preto,SP,Sudeste,-21.17,-47.81
2018,100,0.11,0.83,0.83,27.43,79.66,2.1,21.48,9.94,Ribeirão Preto,SP,Sudeste,-21.17,-47.81
2018,101,0.0,0.82,0.82,26.69,79.65,2.44,22.24,10.18,Ribeirão Preto,SP,Sudeste,-21.17,-47.81
2018,102,0.09,0.81,0.82,24.6,82.06,2.43,17.29,7.98,Ribeirão Preto,SP,Sudeste,-21.17,-47.81
2018,103,0.02,0.8,0.81,27.02,78.46,1.48,21.08,9.77,Ribeirão Preto,SP,Sudeste,-21.17,-47.81
2018,104,0.04,0.8,0.8,26.42,84.64,1.31,16.52,7.67,Ribeirão Preto,SP,Sudeste,-21.17,-47.81
2018,105,2.46,0.79,0.81,23.65,89.97,2.25,11.54,5.49,Ribeirão Preto,SP,Sudeste,-21.17,-47.81
2018,106,0.94,0.79,0.8,24.02,87.71,2.1,14.68,6.88,Ribeirão Preto,SP,Sudeste,-21.17,-47.81
2018,107,0.13,0.79,0.79,24.17,83.67,2.75,18.97,8.79,Ribeirão Preto,SP,Sudeste,-21.17,-47.81
2018,108,0.0,0.78,0.78,25.54,78.64,2.32,20.75,9.49,Ribeirão Preto,SP,Sudeste,-21.17,-47.81
2018,109,0.0,0.77,0.77,26.48,71.09,1.4,20.45,9.24,Ribeirão Preto,SP,Sudeste,-21.17,-47.81
2018,110,0.0,0.76,0.76,26.46,69.1,1.2,17.99,8.06,Ribeirão Preto,SP,Sudeste,-21.17,-47.81
2018,111,0.0,0.76,0.75,25.65,73.52,1.11,20.55,9.15,Ribeirão Preto,SP,Sudeste,-21.17,-47.81
2018,112,0.0,0.75,0.74,26.38,79.1,2.03,19.19,8.75,Ribeirão Preto,SP,Sudeste,-21.17,-47.81
2018,113,0.0,0.75,0.73,26.24,77.54,2.08,19.5,8.86,Ribeirão Preto,SP,Sudeste,-21.17,-47.81
2018,114,0.0,0.74,0.72,27.35,75.17,1.77,18.32,8.32,Ribeirão Preto,SP,Sudeste,-21.17,-47.81
2018,115,0.0,0.73,0.71,27.39,76.35,1.97,19.18,8.78,Ribeirão Preto,SP,Sudeste,-21.17,-47.81
2018,116,0.0,0.73,0.7,28.02,75.42,1.95,18.69,8.6,Ribeirão Preto,SP,Sudeste,-21.17,-47.81
2018,117,0.03,0.72,0.69,28.43,74.99,1.8,18.57,8.55,Ribeirão Preto,SP,Sudeste,-21.17,-47.81
2018,118,0.01,0.71,0.69,28.44,74.13,1.97,18.34,8.48,Ribeirão Preto,SP,Sudeste,-21.17,-47.81
2018,119,0.0,0.71,0.68,28.35,73.59,2.03,18.94,8.75,Ribeirão Preto,SP,Sudeste,-21.17,-47.81
2018,120,0.0,0.7,0.67,28.87,67.88,1.41,18.75,8.61,Ribeirão Preto,SP,Sudeste,-21.17,-47.81
2018,121,0.0,0.7,0.66,29.1,60.24,0.75,19.29,8.79,Ribeirão Preto,SP,Sudeste,-21.17,-47.81
2018,122,0.0,0.69,0.66,28.71,69.33,2.28,19.16,8.74,Ribeirão Preto,SP,Sudeste,-21.17,-47.81
2018,123,0.0,0.69,0.65,29.44,64.91,2.02,19.54,8.81,Ribeirão Preto,SP,Sudeste,-21.17,-47.81
2018,124,0.02,0.68,0.65,30.11,66.82,1.77,18.8,8.6,Ribeirão Preto,SP,Sudeste,-21.17,-47.81
2018,125,0.0,0.68,0.64,30.34,68.05,1.74,17.73,8.15,Ribeirão Preto,SP,Sudeste,-21.17,-47.81
2018,126,0.27,0.67,0.64,29.76,69.18,1.27,16.97,7.82,Ribeirão Preto,SP,Sudeste,-21.17,-47.81
2018,127,0.24,0.67,0.64,25.87,75.38,2.03,17.65,8.1,Ribeirão Preto,SP,Sudeste,-21.17,-47.81
2018,128,0.05,0.67,0.64,27.38,74.21,2.31,17.62,8.14,Ribeirão Preto,SP,Sudeste,-21.17,-47.81
2018,129,0.05,0.67,0.63,27.4,74.14,2.35,18.32,8.39,Ribeirão Preto,SP,Sudeste,-21.17,-47.81
2018,130,0.0,0.66,0.63,27.64,72.96,2.64,18.45,8.39,Ribeirão Preto,SP,Sudeste,-21.17,-47.81
2018,131,0.0,0.66,0.62,28.73,67.9,2.42,16.11,7.38,Ribeirão Preto,SP,Sudeste,-21.17,-47.81
2018,132,0.0,0.66,0.62,27.47,70.64,1.87,12.17,5.57,Ribeirão Preto,SP,Sudeste,-21.17,-47.81
2018,133,0.19,0.65,0.62,27.71,72.61,0.99,14.78,6.74,Ribeirão Preto,SP,Sudeste,-21.17,-47.81
2018,134,0.24,0.65,0.62,28.51,75.1,2.51,16.74,7.57,Ribeirão Preto,SP,Sudeste,-21.17,-47.81
2018,135,2.03,0.65,0.63,27.98,74.9,2.49,10.59,4.91,Ribeirão Preto,SP,Sudeste,-21.17,-47.81
2018,136,0.03,0.65,0.62,29.42,69.28,1.58,11.33,5.28,Ribeirão Preto,SP,Sudeste,-21.17,-47.81
2018,137,0.18,0.64,0.62,29.67,68.18,1.0,13.35,6.15,Ribeirão Preto,SP,Sudeste,-21.17,-47.81
2018,138,1.6,0.64,0.62,28.8,71.35,2.68,13.83,6.33,Ribeirão Preto,SP,Sudeste,-21.17,-47.81
2018,139,14.65,0.65,0.68,27.83,79.73,4.28,5.68,2.79,Ribeirão Preto,SP,Sudeste,-21.17,-47.81
2018,140,0.16,0.67,0.66,20.79,69.55,2.76,17.37,7.58,Ribeirão Preto,SP,Sudeste,-21.17,-47.81
2018,141,0.08,0.66,0.63,23.44,57.47,0.95,19.06,8.29,Ribeirão Preto,SP,Sudeste,-21.17,-47.81
2018,142,0.01,0.66,0.63,26.45,54.95,1.6,18.53,8.07,Ribeirão Preto,SP,Sudeste,-21.17,-47.81
2018,143,0.0,0.66,0.62,27.15,51.12,1.02,17.77,7.84,Ribeirão Preto,SP,Sudeste,-21.17,-47.81
2018,144,0.0,0.65,0.62,27.83,63.37,1.93,17.77,7.88,Ribeirão Preto,SP,Sudeste,-21.17,-47.81
2018,145,0.03,0.65,0.62,27.53,68.39,1.79,16.08,7.22,Ribeirão Preto,SP,Sudeste,-21.17,-47.81
2018,146,0.01,0.65,0.62,27.21,69.81,2.02,16.89,7.63,Ribeirão Preto,SP,Sudeste,-21.17,-47.81
2018,147,0.0,0.64,0.62,26.76,68.86,2.16,17.03,7.68,Ribeirão Preto,SP,Sudeste,-21.17,-47.81
2018,148,0.0,0.64,0.61,25.54,68.38,2.92,17.03,7.64,Ribeirão Preto,SP,Sudeste,-21.17,-47.81
2018,149,0.0,0.64,0.61,25.46,69.87,3.14,15.01,6.75,Ribeirão Preto,SP,Sudeste,-21.17,-47.81
2018,150,0.0,0.64,0.61,24.86,69.14,2.59,15.59,7.02,Ribeirão Preto,SP,Sudeste,-21.17,-47.81
2018,151,0.0,0.64,0.61,26.36,61.36,1.78,16.75,7.54,Ribeirão Preto,SP,Sudeste,-21.17,-47.81
2018,152,0.0,0.63,0.61,27.82,60.34,1.62,16.4,7.38,Ribeirão Preto,SP,Sudeste,-21.17,-47.81
2018,153,0.0,0.63,0.6,29.27,63.45,1.34,14.69,6.69,Ribeirão Preto,SP,Sudeste,-21.17,-47.81
2018,154,0.0,0.63,0.6,28.58,66.91,1.16,13.11,5.94,Ribeirão Preto,SP,Sudeste,-21.17,-47.81
2018,155,0.0,0.63,0.6,27.78,73.66,1.93,11.69,5.4,Ribeirão Preto,SP,Sudeste,-21.17,-47.81
2018,156,8.06,0.63,0.64,27.72,73.9,1.62,10.74,4.97,Ribeirão Preto,SP,Sudeste,-21.17,-47.81
2018,157,2.46,0.64,0.65,26.93,78.28,1.98,9.69,4.48,Ribeirão Preto,SP,Sudeste,-21.17,-47.81
2018,158,0.22,0.64,0.62,27.9,72.12,2.7,10.49,4.79,Ribeirão Preto,SP,Sudeste,-21.17,-47.81
2018,159,0.02,0.64,0.61,25.32,75.57,1.55,11.16,4.99,Ribeirão Preto,SP,Sudeste,-21.17,-47.81
2018,160,0.0,0.63,0.61,28.3,69.38,1.51,15.03,6.7,Ribeirão Preto,SP,Sudeste,-21.17,-47.81
2018,161,0.0,0.63,0.61,28.74,72.2,2.38,13.37,6.1,Ribeirão Preto,SP,Sudeste,-21.17,-47.81
2018,162,0.0,0.63,0.6,29.83,70.78,2.48,11.87,5.45,Ribeirão Preto,SP,Sudeste,-21.17,-47.81
2018,163,0.0,0.63,0.59,30.59,65.72,2.63,14.39,6.59,Ribeirão Preto,SP,Sudeste,-21.17,-47.81
2018,164,0.0,0.62,0.59,30.15,67.61,1.67,11.78,5.47,Ribeirão Preto,SP,Sudeste,-21.17,-47.81
2018,165,1.12,0.62,0.59,28.99,76.91,1.54,12.77,5.91,Ribeirão Preto,SP,Sudeste,-21.17,-47.81
2018,166,1.34,0.62,0.6,28.07,77.15,1.88,12.12,5.53,Ribeirão Preto,SP,Sudeste,-21.17,-47.81
2018,167,0.65,0.62,0.59,26.15,76.03,2.04,9.36,4.34,Ribeirão Preto,SP,Sudeste,-21.17,-47.81
2018,168,0.02,0.62,0.58,27.02,73.27,1.63,14.12,6.47,Ribeirão Preto,SP,Sudeste,-21.17,-47.81
2018,169,0.02,0.62,0.58,26.28,72.41,1.32,13.41,6.12,Ribeirão Preto,SP,Sudeste,-21.17,-47.81
2018,170,0.0,0.62,0.57,26.3,72.15,2.53,15.36,6.98,Ribeirão Preto,SP,Sudeste,-21.17,-47.81
2018,171,0.0,0.62,0.56,27.65,66.26,2.06,15.78,7.13,Ribeirão Preto,SP,Sudeste,-21.17,-47.81
2018,172,0.0,0.61,0.54,27.74,61.47,2.0,14.47,6.47,Ribeirão Preto,SP,Sudeste,-21.17,-47.81
2018,173,0.0,0.61,0.53,26.78,54.25,0.81,12.83,5.8,Ribeirão Preto,SP,Sudeste,-21.17,-47.81
2018,174,0.0,0.61,0.51,28.69,57.95,2.13,12.87,5.83,Ribeirão Preto,SP,Sudeste,-21.17,-47.81
2018,175,0.0,0.61,0.49,28.84,54.14,1.16,12.49,5.7,Ribeirão Preto,SP,Sudeste,-21.17,-47.81
2018,176,0.0,0.61,0.47,29.41,51.65,1.82,13.61,6.11,Ribeirão Preto,SP,Sudeste,-21.17,-47.81
2018,177,0.0,0.61,0.45,30.16,46.97,1.51,16.5,7.44,Ribeirão Preto,SP,Sudeste,-21.17,-47.81
2018,178,0.0,0.6,0.42,29.99,46.07,1.24,15.62,7.06,Ribeirão Preto,SP,Sudeste,-21.17,-47.81
2018,179,0.0,0.6,0.4,29.33,51.32,2.59,14.55,6.61,Ribeirão Preto,SP,Sudeste,-21.17,-47.81
2018,180,0.0,0.6,0.39,28.9,53.54,2.45,14.96,6.8,Ribeirão Preto,SP,Sudeste,-21.17,-47.81
2018,181,0.0,0.6,0.37,29.69,50.02,1.73,15.84,7.17,Ribeirão Preto,SP,Sudeste,-21.17,-47.81
2018,182,0.0,0.6,0.36,30.37,47.35,1.26,14.84,6.69,Ribeirão Preto,SP,Sudeste,-21.17,-47.81
2018,183,0.0,0.6,0.34,30.67,47.02,1.5,16.13,7.17,Ribeirão Preto,SP,Sudeste,-21.17,-47.81
2018,184,0.0,0.6,0.33,30.54,40.32,0.83,15.99,7.11,Ribeirão Preto,SP,Sudeste,-21.17,-47.81
2018,185,0.0,0.6,0.32,30.88,48.26,1.91,15.14,6.76,Ribeirão Preto,SP,Sudeste,-21.17,-47.81
2018,186,0.0,0.6,0.32,30.74,47.07,2.01,15.89,7.07,Ribeirão Preto,SP,Sudeste,-21.17,-47.81
2018,187,0.0,0.6,0.31,30.54,46.79,1.74,16.47,7.3,Ribeirão Preto,SP,Sudeste,-21.17,-47.81
2018,188,0.0,0.6,0.3,29.7,44.12,2.23,16.28,7.14,Ribeirão Preto,SP,Sudeste,-21.17,-47.81
2018,189,0.0,0.6,0.29,30.07,42.92,1.78,17.11,7.61,Ribeirão Preto,SP,Sudeste,-21.17,-47.81
2018,190,0.0,0.6,0.29,30.19,44.98,2.37,15.34,6.8,Ribeirão Preto,SP,Sudeste,-21.17,-47.81
2018,191,0.62,0.6,0.28,19.8,73.61,1.7,5.85,2.79,Ribeirão Preto,SP,Sudeste,-21.17,-47.81
2018,192,0.0,0.6,0.29,24.48,55.49,2.08,17.37,7.62,Ribeirão Preto,SP,Sudeste,-21.17,-47.81
2018,193,0.0,0.6,0.29,26.54,44.7,1.81,15.78,6.9,Ribeirão Preto,SP,Sudeste,-21.17,-47.81
2018,194,0.0,0.6,0.28,28.54,38.66,1.75,15.17,6.81,Ribeirão Preto,SP,Sudeste,-21.17,-47.81
2018,195,0.0,0.6,0.28,30.18,40.17,1.37,17.33,7.73,Ribeirão Preto,SP,Sudeste,-21.17,-47.81
2018,196,0.0,0.6,0.27,31.1,43.68,1.34,17.72,7.83,Ribeirão Preto,SP,Sudeste,-21.17,-47.81
2018,197,0.0,0.6,0.27,31.21,41.33,1.87,17.6,7.81,Ribeirão Preto,SP,Sudeste,-21.17,-47.81
2018,198,0.0,0.6,0.26,30.16,43.38,2.4,17.83,7.92,Ribeirão Preto,SP,Sudeste,-21.17,-47.81
2018,199,0.0,0.6,0.26,30.01,51.04,2.68,16.6,7.52,Ribeirão Preto,SP,Sudeste,-21.17,-47.81
2018,200,0.0,0.6,0.25,31.07,46.72,2.49,17.9,8.0,Ribeirão Preto,SP,Sudeste,-21.17,-47.81
2018,201,0.0,0.6,0.25,31.91,45.37,2.31,18.09,8.06,Ribeirão Preto,SP,Sudeste,-21.17,-47.81
2018,202,0.0,0.59,0.25,31.56,42.84,1.58,16.32,7.26,Ribeirão Preto,SP,Sudeste,-21.17,-47.81
2018,203,0.0,0.59,0.24,29.7,51.28,3.05,15.72,7.03,Ribeirão Preto,SP,Sudeste,-21.17,-47.81
2018,204,0.0,0.59,0.24,29.69,45.28,2.73,17.02,7.58,Ribeirão Preto,SP,Sudeste,-21.17,-47.81
2018,205,0.0,0.59,0.24,29.25,45.96,2.13,16.87,7.56,Ribeirão Preto,SP,Sudeste,-21.17,-47.81
2018,206,0.0,0.59,0.24,28.04,50.78,2.8,15.24,6.86,Ribeirão Preto,SP,Sudeste,-21.17,-47.81
2018,207,0.0,0.59,0.23,29.07,46.05,2.79,16.9,7.61,Ribeirão Preto,SP,Sudeste,-21.17,-47.81
2018,208,0.0,0.59,0.23,29.9,41.97,2.4,17.56,7.86,Ribeirão Preto,SP,Sudeste,-21.17,-47.81
2018,209,0.0,0.59,0.23,31.22,42.1,1.77,18.1,8.06,Ribeirão Preto,SP,Sudeste,-21.17,-47.81
2018,210,0.0,0.59,0.23,32.7,38.7,2.44,17.37,7.78,Ribeirão Preto,SP,Sudeste,-21.17,-47.81
2018,211,0.06,0.59,0.22,32.77,35.57,2.54,17.59,7.87,Ribeirão Preto,SP,Sudeste,-21.17,-47.81
2018,212,0.96,0.6,0.25,29.92,52.58,2.73,14.18,6.41,Ribeirão Preto,SP,Sudeste,-21.17,-47.81
2018,213,1.16,0.6,0.27,28.2,65.53,2.25,11.7,5.34,Ribeirão Preto,SP,Sudeste,-21.17,-47.81
2018,214,2.05,0.6,0.32,28.1,67.79,2.0,13.73,6.25,Ribeirão Preto,SP,Sudeste,-21.17,-47.81
2018,215,13.02,0.61,0.5,29.35,71.44,2.96,4.02,2.03,Ribeirão Preto,SP,Sudeste,-21.17,-47.81
2018,216,6.84,0.64,0.67,23.58,83.29,1.75,13.73,6.3,Ribeirão Preto,SP,Sudeste,-21.17,-47.81
2018,217,1.24,0.64,0.62,26.09,77.59,1.65,10.66,4.98,Ribeirão Preto,SP,Sudeste,-21.17,-47.81
2018,218,2.44,0.64,0.63,26.25,77.07,2.06,6.55,3.11,Ribeirão Preto,SP,Sudeste,-21.17,-47.81
2018,219,0.69,0.64,0.62,29.63,70.81,1.69,15.28,6.92,Ribeirão Preto,SP,Sudeste,-21.17,-47.81
2018,220,0.36,0.63,0.6,31.46,63.94,2.52,16.92,7.67,Ribeirão Preto,SP,Sudeste,-21.17,-47.81
2018,221,3.43,0.63,0.63,30.24,62.87,3.73,15.92,7.26,Ribeirão Preto,SP,Sudeste,-21.17,-47.81
2018,222,0.02,0.63,0.6,24.13,57.36,2.57,20.93,8.89,Ribeirão Preto,SP,Sudeste,-21.17,-47.81
2018,223,0.0,0.63,0.6,25.21,55.93,1.94,21.1,9.14,Ribeirão Preto,SP,Sudeste,-21.17,-47.81
2018,224,0.0,0.63,0.59,28.1,52.27,2.0,19.83,8.72,Ribeirão Preto,SP,Sudeste,-21.17,-47.81
2018,225,0.0,0.62,0.58,29.69,57.77,2.3,21.08,9.27,Ribeirão Preto,SP,Sudeste,-21.17,-47.81
2018,226,0.0,0.62,0.57,31.43,46.3,2.21,21.11,9.22,Ribeirão Preto,SP,Sudeste,-21.17,-47.81
2018,227,0.0,0.62,0.54,32.7,44.68,1.98,18.48,8.05,Ribeirão Preto,SP,Sudeste,-21.17,-47.81
2018,228,0.01,0.61,0.53,27.26,61.4,2.01,12.97,5.83,Ribeirão Preto,SP,Sudeste,-21.17,-47.81
2018,229,5.42,0.61,0.56,27.77,68.92,2.22,15.91,7.17,Ribeirão Preto,SP,Sudeste,-21.17,-47.81
2018,230,6.07,0.63,0.66,26.43,71.82,1.85,19.15,8.67,Ribeirão Preto,SP,Sudeste,-21.17,-47.81
2018,231,0.0,0.63,0.61,28.69,62.21,2.07,19.56,8.8,Ribeirão Preto,SP,Sudeste,-21.17,-47.81
2018,232,0.0,0.63,0.59,30.51,53.09,2.09,21.19,9.43,Ribeirão Preto,SP,Sudeste,-21.17,-47.81
2018,233,0.0,0.62,0.58,30.16,46.63,2.02,21.36,9.48,Ribeirão Preto,SP,Sudeste,-21.17,-47.81
2018,234,0.0,0.62,0.57,28.68,49.34,2.33,17.17,7.76,Ribeirão Preto,SP,Sudeste,-21.17,-47.81
2018,235,0.0,0.62,0.55,32.13,50.3,2.01,17.96,8.15,Ribeirão Preto,SP,Sudeste,-21.17,-47.81
2018,236,0.11,0.61,0.53,32.28,48.67,2.98,17.56,8.02,Ribeirão Preto,SP,Sudeste,-21.17,-47.81
2018,237,1.95,0.61,0.56,28.86,68.7,2.27,9.1,4.35,Ribeirão Preto,SP,Sudeste,-21.17,-47.81
2018,238,0.1,0.61,0.54,28.49,63.56,2.15,12.37,5.64,Ribeirão Preto,SP,Sudeste,-21.17,-47.81
2018,239,0.01,0.61,0.51,30.73,62.25,3.05,20.76,9.35,Ribeirão Preto,SP,Sudeste,-21.17,-47.81
2018,240,0.0,0.61,0.48,27.8,59.62,4.05,20.61,9.31,Ribeirão Preto,SP,Sudeste,-21.17,-47.81
2018,241,0.0,0.61,0.46,31.16,54.75,3.14,21.61,9.68,Ribeirão Preto,SP,Sudeste,-21.17,-47.81
2018,242,0.0,0.6,0.42,31.71,48.48,2.96,18.71,8.39,Ribeirão Preto,SP,Sudeste,-21.17,-47.81
2018,243,0.0,0.6,0.39,33.14,38.94,2.32,21.53,9.62,Ribeirão Preto,SP,Sudeste,-21.17,-47.81
2018,244,0.0,0.6,0.36,34.57,35.13,1.99,21.33,9.63,Ribeirão Preto,SP,Sudeste,-21.17,-47.81
2018,245,0.0,0.6,0.34,35.47,33.21,3.18,21.62,9.77,Ribeirão Preto,SP,Sudeste,-21.17,-47.81
2018,246,0.01,0.6,0.33,28.55,57.77,4.04,13.72,6.34,Ribeirão Preto,SP,Sudeste,-21.17,-47.81
2018,247,0.07,0.6,0.32,25.34,54.83,2.75,10.5,4.9,Ribeirão Preto,SP,Sudeste,-21.17,-47.81
2018,248,0.01,0.6,0.31,27.06,51.0,3.3,23.81,10.5,Ribeirão Preto,SP,Sudeste,-21.17,-47.81
2018,249,0.0,0.6,0.31,31.2,45.37,3.24,24.37,10.72,Ribeirão Preto,SP,Sudeste,-21.17,-47.81
2018,250,0.0,0.6,0.29,33.8,39.48,2.73,24.12,10.68,Ribeirão Preto,SP,Sudeste,-21.17,-47.81
2018,251,0.0,0.6,0.28,34.29,30.58,2.23,24.58,10.79,Ribeirão Preto,SP,Sudeste,-21.17,-47.81
2018,252,0.0,0.6,0.27,34.68,29.74,2.01,24.46,10.74,Ribeirão Preto,SP,Sudeste,-21.17,-47.81
2018,253,0.0,0.6,0.26,34.02,35.66,2.02,23.7,10.5,Ribeirão Preto,SP,Sudeste,-21.17,-47.81
2018,254,0.01,0.6,0.26,34.85,36.79,2.55,23.14,10.34,Ribeirão Preto,SP,Sudeste,-21.17,-47.81
2018,255,0.05,0.6,0.25,34.44,44.34,3.28,21.42,9.5,Ribeirão Preto,SP,Sudeste,-21.17,-47.81
2018,256,1.32,0.59,0.25,35.11,42.58,4.09,21.45,9.55,Ribeirão Preto,SP,Sudeste,-21.17,-47.81
2018,257,12.42,0.61,0.44,32.42,53.96,4.62,3.44,1.76,Ribeirão Preto,SP,Sudeste,-21.17,-47.81
2018,258,4.93,0.63,0.66,26.95,75.25,1.98,8.33,3.73,Ribeirão Preto,SP,Sudeste,-21.17,-47.81
2018,259,3.86,0.63,0.63,28.73,73.04,1.65,18.3,8.2,Ribeirão Preto,SP,Sudeste,-21.17,-47.81
2018,260,8.42,0.64,0.67,25.11,79.11,2.68,4.5,2.27,Ribeirão Preto,SP,Sudeste,-21.17,-47.81
2018,261,1.98,0.65,0.64,28.11,75.94,2.64,8.88,4.3,Ribeirão Preto,SP,Sudeste,-21.17,-47.81
2018,262,5.28,0.65,0.65,30.11,73.01,1.74,20.18,9.23,Ribeirão Preto,SP,Sudeste,-21.17,-47.81
2018,263,6.82,0.65,0.65,31.7,64.22,2.3,10.43,5.02,Ribeirão Preto,SP,Sudeste,-21.17,-47.81
2018,264,2.36,0.66,0.66,29.69,69.32,1.88,22.34,10.24,Ribeirão Preto,SP,Sudeste,-21.17,-47.81
2018,265,0.0,0.65,0.61,33.7,59.34,1.46,25.51,11.54,Ribeirão Preto,SP,Sudeste,-21.17,-47.81
2018,266,0.03,0.65,0.61,35.11,55.16,1.77,25.45,11.49,Ribeirão Preto,SP,Sudeste,-21.17,-47.81
2018,267,0.0,0.64,0.6,36.1,52.04,2.12,25.44,11.44,Ribeirão Preto,SP,Sudeste,-21.17,-47.81
2018,268,1.67,0.64,0.6,36.42,51.51,2.28,22.55,10.32,Ribeirão Preto,SP,Sudeste,-21.17,-47.81
2018,269,1.65,0.64,0.62,32.79,55.61,2.07,19.71,9.15,Ribeirão Preto,SP,Sudeste,-21.17,-47.81
2018,270,0.21,0.63,0.6,33.58,58.35,2.34,12.4,5.93,Ribeirão Preto,SP,Sudeste,-21.17,-47.81
2018,271,0.11,0.63,0.6,31.02,65.95,1.19,11.65,5.62,Ribeirão Preto,SP,Sudeste,-21.17,-47.81
2018,272,0.75,0.63,0.61,29.4,70.92,2.37,19.87,9.13,Ribeirão Preto,SP,Sudeste,-21.17,-47.81
2018,273,3.4,0.63,0.63,28.69,77.25,2.41,8.88,4.35,Ribeirão Preto,SP,Sudeste,-21.17,-47.81
2018,274,1.57,0.63,0.63,28.07,73.48,1.78,13.24,6.33,Ribeirão Preto,SP,Sudeste,-21.17,-47.81
2018,275,0.17,0.63,0.6,35.16,59.12,1.6,22.48,10.3,Ribeirão Preto,SP,Sudeste,-21.17,-47.81
2018,276,3.09,0.63,0.61,35.41,60.19,1.92,21.74,10.11,Ribeirão Preto,SP,Sudeste,-21.17,-47.81
2018,277,0.45,0.63,0.61,30.48,70.3,1.48,20.33,9.47,Ribeirão Preto,SP,Sudeste,-21.17,-47.81
2018,278,2.62,0.63,0.61,32.75,69.16,1.85,22.46,10.41,Ribeirão Preto,SP,Sudeste,-21.17,-47.81
2018,279,29.7,0.64,0.71,29.53,75.59,2.98,15.93,7.45,Ribeirão Preto,SP,Sudeste,-21.17,-47.81
2018,280,7.16,0.69,0.72,28.79,78.29,3.12,10.37,5.14,Ribeirão Preto,SP,Sudeste,-21.17,-47.81
2018,281,7.74,0.69,0.7,28.84,75.48,3.03,10.84,5.37,Ribeirão Preto,SP,Sudeste,-21.17,-47.81
2018,282,22.92,0.71,0.78,29.37,76.42,2.66,20.84,9.77,Ribeirão Preto,SP,Sudeste,-21.17,-47.81
2018,283,13.11,0.73,0.76,29.82,76.75,1.79,20.19,9.39,Ribeirão Preto,SP,Sudeste,-21.17,-47.81
2018,284,6.63,0.74,0.77,29.18,79.79,1.86,16.17,7.61,Ribeirão Preto,SP,Sudeste,-21.17,-47.81
2018,285,2.53,0.74,0.74,30.59,75.12,2.35,22.19,10.28,Ribeirão Preto,SP,Sudeste,-21.17,-47.81
2018,286,0.59,0.73,0.71,32.43,74.92,2.48,21.06,9.83,Ribeirão Preto,SP,Sudeste,-21.17,-47.81
2018,287,0.82,0.73,0.71,28.69,80.41,1.46,18.76,8.8,Ribeirão Preto,SP,Sudeste,-21.17,-47.81
2018,288,1.31,0.73,0.71,29.45,79.16,1.7,17.77,8.27,Ribeirão Preto,SP,Sudeste,-21.17,-47.81
2018,289,2.68,0.72,0.71,30.96,76.92,1.58,21.39,9.95,Ribeirão Preto,SP,Sudeste,-21.17,-47.81
2018,290,7.18,0.72,0.72,28.58,78.0,2.74,9.57,4.68,Ribeirão Preto,SP,Sudeste,-21.17,-47.81
2018,291,32.88,0.75,0.86,29.48,79.49,1.77,22.06,10.26,Ribeirão Preto,SP,Sudeste,-21.17,-47.81
2018,292,2.92,0.78,0.81,26.12,85.37,1.96,19.1,8.91,Ribeirão Preto,SP,Sudeste,-21.17,-47.81
2018,293,0.06,0.77,0.77,28.32,74.58,3.27,26.75,12.16,Ribeirão Preto,SP,Sudeste,-21.17,-47.81
2018,294,0.0,0.76,0.75,27.89,72.08,2.89,27.21,12.41,Ribeirão Preto,SP,Sudeste,-21.17,-47.81
2018,295,0.0,0.75,0.73,29.94,71.7,2.24,26.84,12.35,Ribeirão Preto,SP,Sudeste,-21.17,-47.81
2018,296,4.24,0.74,0.73,30.34,70.43,2.01,25.01,11.55,Ribeirão Preto,SP,Sudeste,-21.17,-47.81
2018,297,38.53,0.78,0.88,25.29,87.08,1.26,7.47,3.81,Ribeirão Preto,SP,Sudeste,-21.17,-47.81
2018,298,6.43,0.8,0.83,26.98,84.7,1.78,9.9,4.94,Ribeirão Preto,SP,Sudeste,-21.17,-47.81
2018,299,4.34,0.8,0.83,26.25,87.06,1.63,16.42,7.88,Ribeirão Preto,SP,Sudeste,-21.17,-47.81
2018,300,0.62,0.79,0.8,27.08,84.1,4.07,13.79,6.68,Ribeirão Preto,SP,Sudeste,-21.17,-47.81
2018,301,0.02,0.79,0.78,27.55,77.76,2.25,25.79,11.74,Ribeirão Preto,SP,Sudeste,-21.17,-47.81
2018,302,0.0,0.77,0.77,28.97,76.47,2.27,26.17,11.91,Ribeirão Preto,SP,Sudeste,-21.17,-47.81
2018,303,0.0,0.76,0.75,30.37,76.51,1.76,26.47,12.16,Ribeirão Preto,SP,Sudeste,-21.17,-47.81
2018,304,8.73,0.76,0.78,29.52,80.93,2.24,23.52,10.91,Ribeirão Preto,SP,Sudeste,-21.17,-47.81
2018,305,4.79,0.77,0.8,27.4,83.5,1.51,19.57,9.1,Ribeirão Preto,SP,Sudeste,-21.17,-47.81
2018,306,0.16,0.77,0.76,29.94,74.59,1.0,22.68,10.49,Ribeirão Preto,SP,Sudeste,-21.17,-47.81
2018,307,18.72,0.77,0.82,29.46,75.49,2.07,24.58,11.49,Ribeirão Preto,SP,Sudeste,-21.17,-47.81
2018,308,26.8,0.8,0.88,26.8,85.6,1.76,16.0,7.6,Ribeirão Preto,SP,Sudeste,-21.17,-47.81
2018,309,4.6,0.82,0.85,27.15,83.49,2.43,15.81,7.57,Ribeirão Preto,SP,Sudeste,-21.17,-47.81
2018,310,1.28,0.81,0.82,25.32,82.42,3.07,20.38,9.57,Ribeirão Preto,SP,Sudeste,-21.17,-47.81
2018,311,11.54,0.81,0.85,27.14,83.94,2.73,9.95,5.05,Ribeirão Preto,SP,Sudeste,-21.17,-47.81
2018,312,18.84,0.83,0.89,22.7,89.14,3.71,8.22,4.2,Ribeirão Preto,SP,Sudeste,-21.17,-47.81
2018,313,10.58,0.85,0.88,22.1,88.43,3.43,13.29,6.58,Ribeirão Preto,SP,Sudeste,-21.17,-47.81
2018,314,3.38,0.85,0.86,27.31,82.3,2.68,16.83,8.09,Ribeirão Preto,SP,Sudeste,-21.17,-47.81
2018,315,2.29,0.85,0.85,29.01,81.23,2.03,22.39,10.45,Ribeirão Preto,SP,Sudeste,-21.17,-47.81
2018,316,0.26,0.84,0.83,29.34,78.49,1.75,26.18,12.18,Ribeirão Preto,SP,Sudeste,-21.17,-47.81
2018,317,0.12,0.82,0.82,29.96,77.89,2.18,24.22,11.34,Ribeirão Preto,SP,Sudeste,-21.17,-47.81
2018,318,3.0,0.81,0.82,29.21,82.2,2.65,21.65,10.15,Ribeirão Preto,SP,Sudeste,-21.17,-47.81
2018,319,7.87,0.82,0.85,26.66,89.45,1.29,24.71,11.56,Ribeirão Preto,SP,Sudeste,-21.17,-47.81
2018,320,5.73,0.83,0.85,27.02,86.02,1.02,26.88,12.54,Ribeirão Preto,SP,Sudeste,-21.17,-47.81
2018,321,0.65,0.82,0.83,28.36,81.98,3.22,21.83,10.16,Ribeirão Preto,SP,Sudeste,-21.17,-47.81
2018,322,13.27,0.82,0.86,25.65,88.07,2.74,14.33,6.99,Ribeirão Preto,SP,Sudeste,-21.17,-47.81
2018,323,13.99,0.85,0.89,26.48,87.75,2.18,9.81,4.98,Ribeirão Preto,SP,Sudeste,-21.17,-47.81
2018,324,24.03,0.87,0.92,24.54,87.83,2.66,14.61,7.06,Ribeirão Preto,SP,Sudeste,-21.17,-47.81
2018,325,17.29,0.88,0.91,27.2,88.31,3.25,12.07,5.93,Ribeirão Preto,SP,Sudeste,-21.17,-47.81
2018,326,5.62,0.89,0.89,25.76,84.55,3.07,18.09,8.66,Ribeirão Preto,SP,Sudeste,-21.17,-47.81
2018,327,3.22,0.89,0.88,25.96,87.0,3.05,15.79,7.55,Ribeirão Preto,SP,Sudeste,-21.17,-47.81
2018,328,37.05,0.91,0.94,25.32,88.9,3.4,10.78,5.36,Ribeirão Preto,SP,Sudeste,-21.17,-47.81
2018,329,2.68,0.91,0.89,27.69,84.71,2.66,17.84,8.45,Ribeirão Preto,SP,Sudeste,-21.17,-47.81
2018,330,8.01,0.91,0.9,28.1,84.37,2.81,20.89,9.76,Ribeirão Preto,SP,Sudeste,-21.17,-47.81
2018,331,0.34,0.9,0.88,27.77,79.57,2.88,28.78,13.33,Ribeirão Preto,SP,Sudeste,-21.17,-47.81
2018,332,0.0,0.89,0.87,28.11,77.88,2.73,28.9,13.31,Ribeirão Preto,SP,Sudeste,-21.17,-47.81
2018,333,0.0,0.87,0.86,29.18,72.12,1.98,28.09,12.98,Ribeirão Preto,SP,Sudeste,-21.17,-47.81
2018,334,8.14,0.86,0.87,28.14,81.39,2.15,22.81,10.76,Ribeirão Preto,SP,Sudeste,-21.17,-47.81
2018,335,10.18,0.88,0.9,23.86,91.01,2.64,10.23,5.15,Ribeirão Preto,SP,Sudeste,-21.17,-47.81
2018,336,9.97,0.88,0.9,26.79,87.57,2.16,18.77,8.89,Ribeirão Preto,SP,Sudeste,-21.17,-47.81
2018,337,0.11,0.88,0.86,28.03,78.45,2.64,22.76,10.52,Ribeirão Preto,SP,Sudeste,-21.17,-47.81
2018,338,0.02,0.86,0.85,28.95,77.15,1.69,27.83,12.84,Ribeirão Preto,SP,Sudeste,-21.17,-47.81
2018,339,0.09,0.85,0.84,29.56,72.13,1.41,25.68,11.89,Ribeirão Preto,SP,Sudeste,-21.17,-47.81
2018,340,1.86,0.84,0.84,30.7,70.59,1.15,27.5,12.71,Ribeirão Preto,SP,Sudeste,-21.17,-47.81
2018,341,3.22,0.83,0.83,29.97,75.1,1.87,26.86,12.35,Ribeirão Preto,SP,Sudeste,-21.17,-47.81
2018,342,0.66,0.82,0.82,27.47,77.06,3.13,30.08,13.71,Ribeirão Preto,SP,Sudeste,-21.17,-47.81
2018,343,0.0,0.8,0.8,27.24,74.05,3.21,29.26,13.37,Ribeirão Preto,SP,Sudeste,-21.17,-47.81
2018,344,0.0,0.79,0.79,28.33,75.11,2.44,28.01,12.94,Ribeirão Preto,SP,Sudeste,-21.17,-47.81
2018,345,0.09,0.78,0.77,29.29,71.93,1.92,29.18,13.41,Ribeirão Preto,SP,Sudeste,-21.17,-47.81
2018,346,1.01,0.77,0.75,30.44,68.45,1.72,28.02,12.99,Ribeirão Preto,SP,Sudeste,-21.17,-47.81
2018,347,4.34,0.76,0.76,29.23,77.81,1.88,27.16,12.72,Ribeirão Preto,SP,Sudeste,-21.17,-47.81
2018,348,2.25,0.76,0.75,29.6,75.09,1.77,26.03,12.16,Ribeirão Preto,SP,Sudeste,-21.17,-47.81
2018,349,0.97,0.75,0.73,30.32,72.44,1.26,25.97,12.12,Ribeirão Preto,SP,Sudeste,-21.17,-47.81
2018,350,1.41,0.74,0.72,31.76,71.7,1.31,26.6,12.43,Ribeirão Preto,SP,Sudeste,-21.17,-47.81
2018,351,2.77,0.74,0.72,31.26,73.6,1.75,28.1,13.17,Ribeirão Preto,SP,Sudeste,-21.17,-47.81
2018,352,4.68,0.73,0.73,32.03,72.53,1.37,26.84,12.6,Ribeirão Preto,SP,Sudeste,-21.17,-47.81
2018,353,6.21,0.74,0.75,28.24,80.37,1.41,13.92,6.87,Ribeirão Preto,SP,Sudeste,-21.17,-47.81
2018,354,0.81,0.74,0.72,29.92,73.07,1.67,28.24,13.26,Ribeirão Preto,SP,Sudeste,-21.17,-47.81
2018,355,4.76,0.73,0.74,27.69,82.24,1.45,22.85,10.67,Ribeirão Preto,SP,Sudeste,-21.17,-47.81
2018,356,4.0,0.74,0.74,30.26,73.84,1.21,22.77,10.73,Ribeirão Preto,SP,Sudeste,-21.17,-47.81
2018,357,2.1,0.74,0.73,29.39,75.11,1.07,22.68,10.66,Ribeirão Preto,SP,Sudeste,-21.17,-47.81
2018,358,10.87,0.73,0.76,29.07,78.49,1.09,22.26,10.51,Ribeirão Preto,SP,Sudeste,-21.17,-47.81
2018,359,18.12,0.75,0.82,26.86,86.77,1.41,16.7,8.04,Ribeirão Preto,SP,Sudeste,-21.17,-47.81
2018,360,8.38,0.78,0.82,25.28,89.13,1.54,11.57,5.78,Ribeirão Preto,SP,Sudeste,-21.17,-47.81
2018,361,9.57,0.78,0.82,25.45,86.62,1.57,19.74,9.33,Ribeirão Preto,SP,Sudeste,-21.17,-47.81
2018,362,4.97,0.79,0.81,28.19,84.36,1.84,24.26,11.32,Ribeirão Preto,SP,Sudeste,-21.17,-47.81
2018,363,11.53,0.79,0.83,27.74,86.18,1.72,24.28,11.39,Ribeirão Preto,SP,Sudeste,-21.17,-47.81
2018,364,4.02,0.79,0.81,27.45,85.69,1.88,25.93,12.16,Ribeirão Preto,SP,Sudeste,-21.17,-47.81
2018,365,2.74,0.79,0.8,30.22,80.83,1.33,26.61,12.41,Ribeirão Preto,SP,Sudeste,-21.17,-47.81
2019,1,9.55,0.78,0.81,27.38,86.16,2.13,22.84,10.79,Ribeirão Preto,SP,Sudeste,-21.17,-47.81
2019,2,1.09,0.78,0.79,29.42,79.63,1.79,24.95,11.75,Ribeirão Preto,SP,Sudeste,-21.17,-47.81
2019,3,2.26,0.77,0.78,27.28,86.05,2.19,20.18,9.63,Ribeirão Preto,SP,Sudeste,-21.17,-47.81
2019,4,18.34,0.78,0.84,24.55,91.54,3.24,13.76,6.75,Ribeirão Preto,SP,Sudeste,-21.17,-47.81
2019,5,5.74,0.8,0.84,24.69,89.5,2.51,11.49,5.82,Ribeirão Preto,SP,Sudeste,-21.17,-47.81
2019,6,0.87,0.8,0.8,28.34,81.77,1.99,21.56,10.25,Ribeirão Preto,SP,Sudeste,-21.17,-47.81
2019,7,0.67,0.79,0.79,30.44,77.07,2.16,28.55,13.26,Ribeirão Preto,SP,Sudeste,-21.17,-47.81
2019,8,0.14,0.77,0.77,31.04,73.64,1.16,27.5,12.76,Ribeirão Preto,SP,Sudeste,-21.17,-47.81
2019,9,0.84,0.77,0.77,29.13,79.44,1.82,28.91,13.48,Ribeirão Preto,SP,Sudeste,-21.17,-47.81
2019,10,0.0,0.76,0.74,30.73,71.53,2.45,29.5,13.64,Ribeirão Preto,SP,Sudeste,-21.17,-47.81
2019,11,0.2,0.74,0.73,29.66,75.09,1.26,26.82,12.53,Ribeirão Preto,SP,Sudeste,-21.17,-47.81
2019,12,0.47,0.74,0.73,27.23,83.8,1.61,21.28,9.94,Ribeirão Preto,SP,Sudeste,-21.17,-47.81
2019,13,1.94,0.74,0.73,28.67,75.12,1.35,27.55,12.86,Ribeirão Preto,SP,Sudeste,-21.17,-47.81
2019,14,4.98,0.74,0.74,29.19,76.67,1.81,28.05,13.07,Ribeirão Preto,SP,Sudeste,-21.17,-47.81
2019,15,2.0,0.74,0.73,30.93,67.33,1.05,27.02,12.57,Ribeirão Preto,SP,Sudeste,-21.17,-47.81
2019,16,4.71,0.73,0.72,30.74,73.62,1.21,22.82,10.6,Ribeirão Preto,SP,Sudeste,-21.17,-47.81
2019,17,0.89,0.73,0.72,30.97,74.99,1.26,16.5,7.95,Ribeirão Preto,SP,Sudeste,-21.17,-47.81
2019,18,2.63,0.72,0.7,31.7,72.38,1.19,25.92,12.08,Ribeirão Preto,SP,Sudeste,-21.17,-47.81
2019,19,0.48,0.72,0.69,32.61,70.82,1.55,28.72,13.32,Ribeirão Preto,SP,Sudeste,-21.17,-47.81
2019,20,3.32,0.71,0.68,32.22,68.81,1.15,23.93,11.18,Ribeirão Preto,SP,Sudeste,-21.17,-47.81
2019,21,5.01,0.71,0.71,30.12,75.27,1.2,26.2,12.25,Ribeirão Preto,SP,Sudeste,-21.17,-47.81
2019,22,7.07,0.71,0.71,32.4,70.31,1.24,27.98,13.06,Ribeirão Preto,SP,Sudeste,-21.17,-47.81
2019,23,1.41,0.71,0.69,32.7,70.33,1.78,24.22,11.36,Ribeirão Preto,SP,Sudeste,-21.17,-47.81
2019,24,0.76,0.71,0.68,29.0,75.01,1.71,20.38,9.58,Ribeirão Preto,SP,Sudeste,-21.17,-47.81
2019,25,6.45,0.7,0.68,32.93,68.9,1.93,23.2,10.84,Ribeirão Preto,SP,Sudeste,-21.17,-47.81
2019,26,10.29,0.72,0.75,25.1,85.47,2.29,21.9,10.28,Ribeirão Preto,SP,Sudeste,-21.17,-47.81
2019,27,0.85,0.72,0.7,28.6,77.88,2.85,17.79,8.51,Ribeirão Preto,SP,Sudeste,-21.17,-47.81
2019,28,0.0,0.71,0.67,32.62,67.54,2.24,29.81,13.67,Ribeirão Preto,SP,Sudeste,-21.17,-47.81
2019,29,0.0,0.7,0.66,33.5,63.22,2.04,28.71,13.24,Ribeirão Preto,SP,Sudeste,-21.17,-47.81
2019,30,0.05,0.69,0.64,34.3,62.59,1.66,28.6,13.3,Ribeirão Preto,SP,Sudeste,-21.17,-47.81
2019,31,0.07,0.68,0.63,35.87,57.45,1.35,28.2,13.07,Ribeirão Preto,SP,Sudeste,-21.17,-47.81
2019,32,0.55,0.67,0.63,35.27,61.7,1.48,28.35,13.12,Ribeirão Preto,SP,Sudeste,-21.17,-47.81
2019,33,0.13,0.67,0.62,36.91,55.22,1.02,28.98,13.43,Ribeirão Preto,SP,Sudeste,-21.17,-47.81
2019,34,2.62,0.66,0.62,36.06,59.25,1.89,27.38,12.68,Ribeirão Preto,SP,Sudeste,-21.17,-47.81
2019,35,3.42,0.66,0.65,32.29,70.17,2.52,21.68,10.14,Ribeirão Preto,SP,Sudeste,-21.17,-47.81
2019,36,3.39,0.66,0.63,33.87,66.8,2.07,22.52,10.49,Ribeirão Preto,SP,Sudeste,-21.17,-47.81
2019,37,6.11,0.66,0.65,29.8,76.81,1.7,16.0,7.71,Ribeirão Preto,SP,Sudeste,-21.17,-47.81
2019,38,10.48,0.68,0.71,31.43,72.42,1.01,23.94,11.08,Ribeirão Preto,SP,Sudeste,-21.17,-47.81
2019,39,0.02,0.68,0.63,33.7,60.89,1.35,28.52,13.13,Ribeirão Preto,SP,Sudeste,-21.17,-47.81
2019,40,0.03,0.67,0.62,34.6,60.88,1.65,26.64,12.34,Ribeirão Preto,SP,Sudeste,-21.17,-47.81
2019,41,0.16,0.66,0.61,34.22,60.97,2.26,22.72,10.55,Ribeirão Preto,SP,Sudeste,-21.17,-47.81
2019,42,1.13,0.66,0.62,31.18,74.16,1.93,23.72,11.07,Ribeirão Preto,SP,Sudeste,-21.17,-47.81
2019,43,11.2,0.67,0.7,27.15,86.53,1.84,12.65,6.17,Ribeirão Preto,SP,Sudeste,-21.17,-47.81
2019,44,4.29,0.67,0.67,28.46,82.47,1.3,11.91,5.86,Ribeirão Preto,SP,Sudeste,-21.17,-47.81
2019,45,12.67,0.68,0.7,30.29,79.96,2.08,19.83,9.4,Ribeirão Preto,SP,Sudeste,-21.17,-47.81
2019,46,8.51,0.7,0.72,28.41,85.09,2.74,13.59,6.63,Ribeirão Preto,SP,Sudeste,-21.17,-47.81
2019,47,37.28,0.74,0.86,24.84,91.31,2.91,4.08,2.18,Ribeirão Preto,SP,Sudeste,-21.17,-47.81
2019,48,9.04,0.77,0.81,25.82,87.07,2.65,13.42,6.54,Ribeirão Preto,SP,Sudeste,-21.17,-47.81
2019,49,8.52,0.77,0.81,26.55,87.91,2.41,15.19,7.27,Ribeirão Preto,SP,Sudeste,-21.17,-47.81
2019,50,1.73,0.77,0.78,28.35,83.21,2.09,24.19,11.24,Ribeirão Preto,SP,Sudeste,-21.17,-47.81
2019,51,7.67,0.77,0.79,26.15,86.43,1.41,18.01,8.64,Ribeirão Preto,SP,Sudeste,-21.17,-47.81
2019,52,23.8,0.8,0.88,26.78,89.17,2.24,13.95,6.75,Ribeirão Preto,SP,Sudeste,-21.17,-47.81
2019,53,7.98,0.81,0.84,29.09,83.79,1.74,14.41,6.92,Ribeirão Preto,SP,Sudeste,-21.17,-47.81
2019,54,0.47,0.8,0.81,30.4,77.11,1.95,25.67,11.98,Ribeirão Preto,SP,Sudeste,-21.17,-47.81
2019,55,1.69,0.79,0.8,30.31,79.16,1.56,23.35,10.98,Ribeirão Preto,SP,Sudeste,-21.17,-47.81
2019,56,3.43,0.79,0.81,28.53,84.12,1.1,23.31,10.93,Ribeirão Preto,SP,Sudeste,-21.17,-47.81
2019,57,16.84,0.8,0.85,25.6,89.1,1.27,16.67,7.95,Ribeirão Preto,SP,Sudeste,-21.17,-47.81
2019,58,20.86,0.83,0.9,28.43,83.6,1.71,19.77,9.35,Ribeirão Preto,SP,Sudeste,-21.17,-47.81
2019,59,19.88,0.85,0.91,24.26,92.73,1.77,13.13,6.43,Ribeirão Preto,SP,Sudeste,-21.17,-47.81
2019,60,25.07,0.87,0.92,24.95,90.87,1.84,12.12,5.94,Ribeirão Preto,SP,Sudeste,-21.17,-47.81
2019,61,13.73,0.9,0.92,24.24,93.8,2.35,12.9,6.3,Ribeirão Preto,SP,Sudeste,-21.17,-47.81
2019,62,12.16,0.9,0.92,26.26,87.31,1.51,13.33,6.54,Ribeirão Preto,SP,Sudeste,-21.17,-47.81
2019,63,6.86,0.91,0.91,27.05,86.79,2.15,15.56,7.44,Ribeirão Preto,SP,Sudeste,-21.17,-47.81
2019,64,2.41,0.91,0.9,27.04,85.44,1.98,18.79,8.86,Ribeirão Preto,SP,Sudeste,-21.17,-47.81
2019,65,1.05,0.9,0.89,28.01,83.07,1.69,21.23,9.97,Ribeirão Preto,SP,Sudeste,-21.17,-47.81
2019,66,5.4,0.9,0.89,27.11,83.47,2.1,16.75,8.0,Ribeirão Preto,SP,Sudeste,-21.17,-47.81
2019,67,0.73,0.89,0.88,29.04,79.89,1.13,23.73,11.19,Ribeirão Preto,SP,Sudeste,-21.17,-47.81
2019,68,0.09,0.89,0.87,28.54,83.07,1.18,22.28,10.45,Ribeirão Preto,SP,Sudeste,-21.17,-47.81
2019,69,6.74,0.88,0.89,28.41,86.48,1.19,19.02,8.94,Ribeirão Preto,SP,Sudeste,-21.17,-47.81
2019,70,7.12,0.89,0.9,26.18,88.39,1.95,18.76,8.91,Ribeirão Preto,SP,Sudeste,-21.17,-47.81
2019,71,9.57,0.89,0.9,26.29,88.22,2.05,22.21,10.44,Ribeirão Preto,SP,Sudeste,-21.17,-47.81
2019,72,5.95,0.9,0.91,26.34,89.12,1.66,21.17,9.98,Ribeirão Preto,SP,Sudeste,-21.17,-47.81
2019,73,18.13,0.91,0.93,26.21,90.88,1.59,14.56,6.97,Ribeirão Preto,SP,Sudeste,-21.17,-47.81
2019,74,4.64,0.92,0.91,27.44,86.53,1.13,19.2,9.06,Ribeirão Preto,SP,Sudeste,-21.17,-47.81
2019,75,9.04,0.92,0.91,29.24,83.29,1.13,16.56,7.91,Ribeirão Preto,SP,Sudeste,-21.17,-47.81
2019,76,2.93,0.92,0.91,28.46,86.77,1.42,19.93,9.24,Ribeirão Preto,SP,Sudeste,-21.17,-47.81
2019,77,9.3,0.92,0.91,26.23,92.06,1.39,18.56,8.78,Ribeirão Preto,SP,Sudeste,-21.17,-47.81
2019,78,0.66,0.92,0.9,28.03,88.37,1.52,21.32,10.01,Ribeirão Preto,SP,Sudeste,-21.17,-47.81
2019,79,13.22,0.92,0.92,26.71,91.52,1.39,18.61,8.86,Ribeirão Preto,SP,Sudeste,-21.17,-47.81
2019,80,17.07,0.93,0.94,26.9,89.16,2.19,12.01,5.65,Ribeirão Preto,SP,Sudeste,-21.17,-47.81
2019,81,2.14,0.94,0.92,23.72,89.14,1.95,13.21,6.31,Ribeirão Preto,SP,Sudeste,-21.17,-47.81
2019,82,0.05,0.93,0.91,27.76,82.89,1.86,20.32,9.3,Ribeirão Preto,SP,Sudeste,-21.17,-47.81
2019,83,0.0,0.92,0.9,28.78,82.44,1.34,23.53,10.84,Ribeirão Preto,SP,Sudeste,-21.17,-47.81
2019,84,0.0,0.91,0.89,28.82,80.14,1.59,22.42,10.32,Ribeirão Preto,SP,Sudeste,-21.17,-47.81
2019,85,0.0,0.9,0.88,29.26,81.21,1.47,22.55,10.39,Ribeirão Preto,SP,Sudeste,-21.17,-47.81
2019,86,0.0,0.89,0.88,28.36,83.79,2.36,22.16,10.23,Ribeirão Preto,SP,Sudeste,-21.17,-47.81
2019,87,0.0,0.88,0.87,28.15,81.17,2.06,22.68,10.52,Ribeirão Preto,SP,Sudeste,-21.17,-47.81
2019,88,0.01,0.87,0.86,27.01,83.27,2.05,22.81,10.58,Ribeirão Preto,SP,Sudeste,-21.17,-47.81
2019,89,0.02,0.86,0.86,27.16,80.78,1.76,23.45,10.84,Ribeirão Preto,SP,Sudeste,-21.17,-47.81
2019,90,0.0,0.85,0.85,27.85,75.45,1.32,22.92,10.57,Ribeirão Preto,SP,Sudeste,-21.17,-47.81
2019,91,0.0,0.84,0.84,28.39,75.97,1.24,20.81,9.6,Ribeirão Preto,SP,Sudeste,-21.17,-47.81
2019,92,0.0,0.83,0.83,29.01,77.03,1.42,22.18,10.22,Ribeirão Preto,SP,Sudeste,-21.17,-47.81
2019,93,0.0,0.82,0.82,29.02,71.73,1.05,19.27,8.95,Ribeirão Preto,SP,Sudeste,-21.17,-47.81
2019,94,0.0,0.81,0.81,29.88,74.26,1.24,21.58,10.07,Ribeirão Preto,SP,Sudeste,-21.17,-47.81
2019,95,1.83,0.81,0.81,26.66,87.94,1.39,17.04,8.08,Ribeirão Preto,SP,Sudeste,-21.17,-47.81
2019,96,1.01,0.8,0.81,28.61,84.04,1.16,17.49,8.28,Ribeirão Preto,SP,Sudeste,-21.17,-47.81
2019,97,29.52,0.82,0.89,27.89,87.7,1.62,16.21,7.67,Ribeirão Preto,SP,Sudeste,-21.17,-47.81
2019,98,16.2,0.85,0.9,24.39,92.78,2.49,8.57,4.29,Ribeirão Preto,SP,Sudeste,-21.17,-47.81
2019,99,0.74,0.85,0.85,27.19,86.47,2.64,9.9,4.72,Ribeirão Preto,SP,Sudeste,-21.17,-47.81
2019,100,0.01,0.84,0.84,27.58,83.09,1.86,21.79,10.08,Ribeirão Preto,SP,Sudeste,-21.17,-47.81
2019,101,1.44,0.83,0.84,27.49,83.16,1.45,20.57,9.5,Ribeirão Preto,SP,Sudeste,-21.17,-47.81
2019,102,0.47,0.82,0.83,28.34,77.8,1.13,19.33,8.98,Ribeirão Preto,SP,Sudeste,-21.17,-47.81
2019,103,20.85,0.82,0.86,27.6,84.5,1.46,13.62,6.53,Ribeirão Preto,SP,Sudeste,-21.17,-47.81
2019,104,31.17,0.86,0.94,26.76,90.46,1.95,6.91,3.52,Ribeirão Preto,SP,Sudeste,-21.17,-47.81
2019,105,4.86,0.87,0.88,27.52,86.6,1.19,18.36,8.58,Ribeirão Preto,SP,Sudeste,-21.17,-47.81
2019,106,10.37,0.87,0.9,27.31,89.28,2.0,17.44,8.14,Ribeirão Preto,SP,Sudeste,-21.17,-47.81
2019,107,2.39,0.88,0.88,27.41,85.03,1.58,18.66,8.62,Ribeirão Preto,SP,Sudeste,-21.17,-47.81
2019,108,0.26,0.87,0.86,27.09,77.29,1.45,21.91,9.9,Ribeirão Preto,SP,Sudeste,-21.17,-47.81
2019,109,0.32,0.86,0.86,26.18,65.51,1.15,22.2,10.02,Ribeirão Preto,SP,Sudeste,-21.17,-47.81
2019,110,0.0,0.85,0.85,26.47,69.12,1.26,21.88,9.9,Ribeirão Preto,SP,Sudeste,-21.17,-47.81
2019,111,0.0,0.84,0.84,28.19,69.56,1.24,20.81,9.52,Ribeirão Preto,SP,Sudeste,-21.17,-47.81
2019,112,0.18,0.83,0.83,28.48,74.87,1.46,19.93,9.18,Ribeirão Preto,SP,Sudeste,-21.17,-47.81
2019,113,4.0,0.83,0.84,28.11,79.94,1.3,15.84,7.45,Ribeirão Preto,SP,Sudeste,-21.17,-47.81
2019,114,0.56,0.82,0.83,28.05,83.09,1.68,18.57,8.69,Ribeirão Preto,SP,Sudeste,-21.17,-47.81
2019,115,0.01,0.82,0.82,28.32,82.22,1.75,19.18,8.91,Ribeirão Preto,SP,Sudeste,-21.17,-47.81
2019,116,0.0,0.81,0.81,28.02,81.27,1.3,18.8,8.75,Ribeirão Preto,SP,Sudeste,-21.17,-47.81
2019,117,0.0,0.8,0.8,28.21,79.84,1.79,19.17,8.92,Ribeirão Preto,SP,Sudeste,-21.17,-47.81
2019,118,4.26,0.79,0.8,27.87,82.2,2.31,18.4,8.54,Ribeirão Preto,SP,Sudeste,-21.17,-47.81
2019,119,0.89,0.79,0.8,26.98,86.29,1.52,17.44,8.11,Ribeirão Preto,SP,Sudeste,-21.17,-47.81
2019,120,0.0,0.78,0.78,26.89,74.53,1.01,19.89,9.04,Ribeirão Preto,SP,Sudeste,-21.17,-47.81
2019,121,0.93,0.78,0.77,27.69,71.12,1.31,14.29,6.59,Ribeirão Preto,SP,Sudeste,-21.17,-47.81
2019,122,0.9,0.77,0.77,27.48,80.03,1.26,13.27,6.25,Ribeirão Preto,SP,Sudeste,-21.17,-47.81
2019,123,4.9,0.77,0.78,27.64,80.11,1.19,14.91,6.95,Ribeirão Preto,SP,Sudeste,-21.17,-47.81
2019,124,3.56,0.77,0.79,26.18,85.44,1.28,15.28,7.02,Ribeirão Preto,SP,Sudeste,-21.17,-47.81
2019,125,0.07,0.77,0.77,27.21,85.14,1.79,15.67,7.28,Ribeirão Preto,SP,Sudeste,-21.17,-47.81
2019,126,0.06,0.76,0.76,28.2,75.48,1.36,17.14,7.98,Ribeirão Preto,SP,Sudeste,-21.17,-47.81
2019,127,0.44,0.76,0.75,28.46,72.12,0.92,16.5,7.68,Ribeirão Preto,SP,Sudeste,-21.17,-47.81
2019,128,0.27,0.75,0.74,28.07,80.76,1.7,17.29,8.05,Ribeirão Preto,SP,Sudeste,-21.17,-47.81
2019,129,7.26,0.75,0.76,27.34,82.52,2.03,16.52,7.66,Ribeirão Preto,SP,Sudeste,-21.17,-47.81
2019,130,0.53,0.75,0.75,27.95,82.72,1.91,14.73,6.81,Ribeirão Preto,SP,Sudeste,-21.17,-47.81
2019,131,0.27,0.75,0.73,28.57,80.41,1.76,13.03,6.07,Ribeirão Preto,SP,Sudeste,-21.17,-47.81
2019,132,0.02,0.74,0.72,29.18,76.96,1.13,15.68,7.29,Ribeirão Preto,SP,Sudeste,-21.17,-47.81
2019,133,0.43,0.73,0.71,29.31,79.35,1.17,16.3,7.57,Ribeirão Preto,SP,Sudeste,-21.17,-47.81
2019,134,0.74,0.73,0.71,27.41,79.96,1.19,15.23,7.04,Ribeirão Preto,SP,Sudeste,-21.17,-47.81
2019,135,0.71,0.73,0.71,24.07,83.62,2.35,11.76,5.5,Ribeirão Preto,SP,Sudeste,-21.17,-47.81
2019,136,5.26,0.73,0.73,24.6,86.62,2.15,14.33,6.66,Ribeirão Preto,SP,Sudeste,-21.17,-47.81
2019,137,16.19,0.74,0.8,21.28,91.13,2.13,7.74,3.73,Ribeirão Preto,SP,Sudeste,-21.17,-47.81
2019,138,2.58,0.76,0.77,24.53,83.2,1.38,12.1,5.65,Ribeirão Preto,SP,Sudeste,-21.17,-47.81
2019,139,0.05,0.75,0.74,25.14,75.52,1.03,16.48,7.52,Ribeirão Preto,SP,Sudeste,-21.17,-47.81
2019,140,0.0,0.74,0.73,25.56,71.93,1.38,17.78,8.09,Ribeirão Preto,SP,Sudeste,-21.17,-47.81
2019,141,0.01,0.74,0.72,26.27,68.69,1.69,17.41,7.87,Ribeirão Preto,SP,Sudeste,-21.17,-47.81
2019,142,0.0,0.73,0.71,26.34,59.0,1.0,18.22,8.19,Ribeirão Preto,SP,Sudeste,-21.17,-47.81
2019,143,0.0,0.73,0.7,27.2,67.14,1.66,16.93,7.72,Ribeirão Preto,SP,Sudeste,-21.17,-47.81
2019,144,0.18,0.72,0.7,25.79,79.3,2.49,9.57,4.45,Ribeirão Preto,SP,Sudeste,-21.17,-47.81
2019,145,0.01,0.72,0.69,22.3,66.42,1.47,16.76,7.36,Ribeirão Preto,SP,Sudeste,-21.17,-47.81
2019,146,0.01,0.71,0.69,24.5,64.99,1.42,18.4,8.09,Ribeirão Preto,SP,Sudeste,-21.17,-47.81
2019,147,0.0,0.71,0.68,28.24,59.06,1.33,18.06,8.07,Ribeirão Preto,SP,Sudeste,-21.17,-47.81
2019,148,0.01,0.7,0.67,29.34,71.4,2.21,15.5,7.04,Ribeirão Preto,SP,Sudeste,-21.17,-47.81
2019,149,0.08,0.7,0.67,29.74,70.72,1.19,16.06,7.39,Ribeirão Preto,SP,Sudeste,-21.17,-47.81
2019,150,0.0,0.7,0.66,30.2,70.68,1.99,15.74,7.19,Ribeirão Preto,SP,Sudeste,-21.17,-47.81
2019,151,0.0,0.69,0.65,29.78,67.56,2.56,14.2,6.52,Ribeirão Preto,SP,Sudeste,-21.17,-47.81
2019,152,0.01,0.68,0.65,29.4,70.63,1.6,15.84,7.23,Ribeirão Preto,SP,Sudeste,-21.17,-47.81
2019,153,0.28,0.68,0.65,28.6,64.33,1.27,13.79,6.25,Ribeirão Preto,SP,Sudeste,-21.17,-47.81
2019,154,3.54,0.68,0.67,26.55,72.32,1.93,4.86,2.42,Ribeirão Preto,SP,Sudeste,-21.17,-47.81
2019,155,1.22,0.68,0.66,24.07,76.3,2.73,15.33,6.86,Ribeirão Preto,SP,Sudeste,-21.17,-47.81
2019,156,0.07,0.68,0.65,22.98,70.88,2.6,17.49,7.76,Ribeirão Preto,SP,Sudeste,-21.17,-47.81
2019,157,0.0,0.68,0.64,24.05,73.55,2.96,16.8,7.52,Ribeirão Preto,SP,Sudeste,-21.17,-47.81
2019,158,0.0,0.67,0.64,25.69,65.02,2.09,16.93,7.48,Ribeirão Preto,SP,Sudeste,-21.17,-47.81
2019,159,0.01,0.67,0.64,25.6,65.59,1.2,14.19,6.24,Ribeirão Preto,SP,Sudeste,-21.17,-47.81
2019,160,0.0,0.67,0.63,25.68,66.05,2.12,17.06,7.52,Ribeirão Preto,SP,Sudeste,-21.17,-47.81
2019,161,0.0,0.66,0.63,25.79,72.63,2.98,16.48,7.43,Ribeirão Preto,SP,Sudeste,-21.17,-47.81
2019,162,0.0,0.66,0.63,27.06,66.79,1.99,16.5,7.46,Ribeirão Preto,SP,Sudeste,-21.17,-47.81
2019,163,0.0,0.66,0.63,27.18,72.36,2.47,14.98,6.78,Ribeirão Preto,SP,Sudeste,-21.17,-47.81
2019,164,0.0,0.66,0.62,27.79,72.93,2.51,14.8,6.73,Ribeirão Preto,SP,Sudeste,-21.17,-47.81
2019,165,0.0,0.65,0.62,28.52,70.19,2.2,16.22,7.35,Ribeirão Preto,SP,Sudeste,-21.17,-47.81
2019,166,0.0,0.65,0.62,27.91,66.53,2.2,16.33,7.32,Ribeirão Preto,SP,Sudeste,-21.17,-47.81
2019,167,0.0,0.65,0.62,27.51,67.11,1.52,15.19,6.81,Ribeirão Preto,SP,Sudeste,-21.17,-47.81
2019,168,0.01,0.64,0.61,27.38,67.34,1.62,13.45,6.02,Ribeirão Preto,SP,Sudeste,-21.17,-47.81
2019,169,0.0,0.64,0.61,27.95,65.92,1.92,15.43,6.93,Ribeirão Preto,SP,Sudeste,-21.17,-47.81
2019,170,0.0,0.64,0.6,28.39,65.09,1.8,13.24,5.95,Ribeirão Preto,SP,Sudeste,-21.17,-47.81
2019,171,0.0,0.64,0.6,28.34,63.17,1.59,15.92,7.2,Ribeirão Preto,SP,Sudeste,-21.17,-47.81
2019,172,0.0,0.63,0.59,26.98,73.8,2.62,15.01,6.75,Ribeirão Preto,SP,Sudeste,-21.17,-47.81
2019,173,0.0,0.63,0.59,26.74,72.88,2.66,15.29,6.89,Ribeirão Preto,SP,Sudeste,-21.17,-47.81
2019,174,0.0,0.63,0.58,26.55,70.34,2.26,15.64,7.0,Ribeirão Preto,SP,Sudeste,-21.17,-47.81
2019,175,0.0,0.63,0.58,28.26,66.92,2.03,16.3,7.27,Ribeirão Preto,SP,Sudeste,-21.17,-47.81
2019,176,0.0,0.63,0.57,29.42,66.12,2.64,14.67,6.65,Ribeirão Preto,SP,Sudeste,-21.17,-47.81
2019,177,0.0,0.62,0.57,29.79,61.57,2.59,16.13,7.25,Ribeirão Preto,SP,Sudeste,-21.17,-47.81
2019,178,0.0,0.62,0.56,30.24,58.62,1.8,14.11,6.33,Ribeirão Preto,SP,Sudeste,-21.17,-47.81
2019,179,0.0,0.62,0.56,29.76,64.12,2.56,15.7,7.11,Ribeirão Preto,SP,Sudeste,-21.17,-47.81
2019,180,0.0,0.62,0.55,29.15,62.49,2.69,16.58,7.47,Ribeirão Preto,SP,Sudeste,-21.17,-47.81
2019,181,0.0,0.62,0.54,29.58,63.35,2.39,16.57,7.51,Ribeirão Preto,SP,Sudeste,-21.17,-47.81
2019,182,0.0,0.61,0.53,30.09,60.25,2.03,15.87,7.15,Ribeirão Preto,SP,Sudeste,-21.17,-47.81
2019,183,0.01,0.61,0.51,29.91,55.95,2.4,14.1,6.32,Ribeirão Preto,SP,Sudeste,-21.17,-47.81
2019,184,0.0,0.61,0.49,29.49,52.2,2.96,15.06,6.73,Ribeirão Preto,SP,Sudeste,-21.17,-47.81
2019,185,6.78,0.61,0.52,27.23,62.88,3.39,10.27,4.68,Ribeirão Preto,SP,Sudeste,-21.17,-47.81
2019,186,5.16,0.63,0.66,22.7,85.69,3.35,5.02,2.46,Ribeirão Preto,SP,Sudeste,-21.17,-47.81
2019,187,0.06,0.63,0.61,20.19,67.94,2.08,16.57,7.11,Ribeirão Preto,SP,Sudeste,-21.17,-47.81
2019,188,0.01,0.63,0.6,22.73,58.95,2.18,18.06,7.68,Ribeirão Preto,SP,Sudeste,-21.17,-47.81
2019,189,0.0,0.62,0.6,24.48,64.85,3.23,17.09,7.48,Ribeirão Preto,SP,Sudeste,-21.17,-47.81
2019,190,0.0,0.62,0.59,26.31,56.84,2.14,17.6,7.67,Ribeirão Preto,SP,Sudeste,-21.17,-47.81
2019,191,0.0,0.62,0.59,26.73,52.76,2.02,17.56,7.65,Ribeirão Preto,SP,Sudeste,-21.17,-47.81
2019,192,0.0,0.62,0.58,27.45,50.85,1.37,17.73,7.74,Ribeirão Preto,SP,Sudeste,-21.17,-47.81
2019,193,0.0,0.61,0.56,29.03,50.65,1.68,17.52,7.65,Ribeirão Preto,SP,Sudeste,-21.17,-47.81
2019,194,0.0,0.61,0.54,29.98,50.84,1.64,16.87,7.52,Ribeirão Preto,SP,Sudeste,-21.17,-47.81
2019,195,0.0,0.61,0.52,29.81,52.23,1.44,16.76,7.46,Ribeirão Preto,SP,Sudeste,-21.17,-47.81
2019,196,0.01,0.61,0.49,29.32,50.84,1.46,15.07,6.76,Ribeirão Preto,SP,Sudeste,-21.17,-47.81
2019,197,0.2,0.61,0.46,26.48,68.77,2.5,13.75,6.19,Ribeirão Preto,SP,Sudeste,-21.17,-47.81
2019,198,0.0,0.61,0.44,25.91,57.78,2.53,17.1,7.4,Ribeirão Preto,SP,Sudeste,-21.17,-47.81
2019,199,0.02,0.6,0.43,26.29,60.75,3.56,15.71,7.02,Ribeirão Preto,SP,Sudeste,-21.17,-47.81
2019,200,0.0,0.6,0.41,25.37,54.6,3.88,16.39,7.3,Ribeirão Preto,SP,Sudeste,-21.17,-47.81
2019,201,0.0,0.6,0.4,25.86,54.31,3.36,17.59,7.84,Ribeirão Preto,SP,Sudeste,-21.17,-47.81
2019,202,0.0,0.6,0.39,25.93,57.41,3.39,15.7,7.0,Ribeirão Preto,SP,Sudeste,-21.17,-47.81
2019,203,0.0,0.6,0.38,27.07,57.24,3.27,13.25,6.01,Ribeirão Preto,SP,Sudeste,-21.17,-47.81
2019,204,0.0,0.6,0.37,29.35,54.05,2.6,17.69,7.93,Ribeirão Preto,SP,Sudeste,-21.17,-47.81
2019,205,0.0,0.6,0.35,30.32,50.2,2.15,18.15,8.13,Ribeirão Preto,SP,Sudeste,-21.17,-47.81
2019,206,0.0,0.6,0.34,29.94,52.53,2.25,15.64,7.02,Ribeirão Preto,SP,Sudeste,-21.17,-47.81
2019,207,0.0,0.6,0.33,29.2,52.3,2.68,15.5,7.01,Ribeirão Preto,SP,Sudeste,-21.17,-47.81
2019,208,0.0,0.6,0.32,29.98,40.19,2.55,18.27,8.2,Ribeirão Preto,SP,Sudeste,-21.17,-47.81
2019,209,0.0,0.6,0.31,29.26,42.47,2.08,18.33,8.14,Ribeirão Preto,SP,Sudeste,-21.17,-47.81
2019,210,0.0,0.6,0.31,28.66,49.62,2.95,13.95,6.3,Ribeirão Preto,SP,Sudeste,-21.17,-47.81
2019,211,0.9,0.6,0.3,29.08,47.33,1.9,15.13,6.85,Ribeirão Preto,SP,Sudeste,-21.17,-47.81
2019,212,0.0,0.6,0.32,30.56,45.97,1.28,18.83,8.37,Ribeirão Preto,SP,Sudeste,-21.17,-47.81
2019,213,0.03,0.6,0.31,32.64,42.05,2.63,18.9,8.45,Ribeirão Preto,SP,Sudeste,-21.17,-47.81
2019,214,0.12,0.6,0.3,30.86,41.89,2.66,16.88,7.56,Ribeirão Preto,SP,Sudeste,-21.17,-47.81
2019,215,1.33,0.6,0.32,25.0,66.72,2.5,6.46,3.06,Ribeirão Preto,SP,Sudeste,-21.17,-47.81
2019,216,10.96,0.6,0.42,21.04,76.6,3.46,3.11,1.61,Ribeirão Preto,SP,Sudeste,-21.17,-47.81
2019,217,5.22,0.63,0.67,23.35,77.4,3.63,5.15,2.58,Ribeirão Preto,SP,Sudeste,-21.17,-47.81
2019,218,0.03,0.63,0.61,26.95,69.89,4.06,12.76,5.8,Ribeirão Preto,SP,Sudeste,-21.17,-47.81
2019,219,0.0,0.62,0.6,28.67,67.23,2.89,17.04,7.78,Ribeirão Preto,SP,Sudeste,-21.17,-47.81
2019,220,0.0,0.62,0.6,30.06,63.19,2.12,19.22,8.72,Ribeirão Preto,SP,Sudeste,-21.17,-47.81
2019,221,0.0,0.62,0.59,30.76,59.04,2.04,19.18,8.64,Ribeirão Preto,SP,Sudeste,-21.17,-47.81
2019,222,0.0,0.61,0.57,31.57,53.49,1.92,19.03,8.54,Ribeirão Preto,SP,Sudeste,-21.17,-47.81
2019,223,0.01,0.61,0.54,32.87,49.69,1.54,19.78,8.87,Ribeirão Preto,SP,Sudeste,-21.17,-47.81
2019,224,0.0,0.61,0.5,32.6,52.38,2.69,19.54,8.85,Ribeirão Preto,SP,Sudeste,-21.17,-47.81
2019,225,0.0,0.61,0.47,32.69,46.95,1.74,18.23,8.24,Ribeirão Preto,SP,Sudeste,-21.17,-47.81
2019,226,0.01,0.6,0.44,28.29,59.25,3.52,16.19,7.3,Ribeirão Preto,SP,Sudeste,-21.17,-47.81
2019,227,0.0,0.6,0.42,28.32,54.52,3.76,20.25,9.11,Ribeirão Preto,SP,Sudeste,-21.17,-47.81
2019,228,0.0,0.6,0.4,28.78,48.34,3.32,20.85,9.22,Ribeirão Preto,SP,Sudeste,-21.17,-47.81
2019,229,0.0,0.6,0.38,30.21,45.33,3.16,20.58,9.16,Ribeirão Preto,SP,Sudeste,-21.17,-47.81
2019,230,0.0,0.6,0.36,31.17,42.77,2.15,18.53,8.27,Ribeirão Preto,SP,Sudeste,-21.17,-47.81
2019,231,0.59,0.6,0.36,32.11,48.19,1.8,11.92,5.17,Ribeirão Preto,SP,Sudeste,-21.17,-47.81
2019,232,1.02,0.6,0.36,30.43,66.11,2.24,11.35,4.83,Ribeirão Preto,SP,Sudeste,-21.17,-47.81
2019,233,0.06,0.6,0.37,31.73,59.83,2.41,19.05,8.5,Ribeirão Preto,SP,Sudeste,-21.17,-47.81
2019,234,0.0,0.6,0.35,31.41,54.56,2.54,20.48,9.1,Ribeirão Preto,SP,Sudeste,-21.17,-47.81
2019,235,0.02,0.6,0.34,28.57,55.22,2.5,16.22,7.27,Ribeirão Preto,SP,Sudeste,-21.17,-47.81
2019,236,0.0,0.6,0.33,30.19,47.57,2.25,22.27,9.85,Ribeirão Preto,SP,Sudeste,-21.17,-47.81
2019,237,0.0,0.6,0.32,31.69,52.74,3.29,21.67,9.71,Ribeirão Preto,SP,Sudeste,-21.17,-47.81
2019,238,0.0,0.6,0.31,32.04,46.89,3.44,21.27,9.49,Ribeirão Preto,SP,Sudeste,-21.17,-47.81
2019,239,0.0,0.6,0.3,32.08,47.09,2.72,18.37,8.23,Ribeirão Preto,SP,Sudeste,-21.17,-47.81
2019,240,0.0,0.6,0.29,26.91,50.07,3.1,12.85,5.88,Ribeirão Preto,SP,Sudeste,-21.17,-47.81
2019,241,0.0,0.6,0.29,28.46,48.27,2.96,20.56,9.2,Ribeirão Preto,SP,Sudeste,-21.17,-47.81
2019,242,0.0,0.6,0.28,33.96,37.35,2.64,21.93,9.96,Ribeirão Preto,SP,Sudeste,-21.17,-47.81
2019,243,0.33,0.6,0.28,35.53,33.78,2.78,19.66,8.96,Ribeirão Preto,SP,Sudeste,-21.17,-47.81
2019,244,1.42,0.6,0.29,35.99,36.08,2.04,15.1,6.88,Ribeirão Preto,SP,Sudeste,-21.17,-47.81
2019,245,7.67,0.61,0.54,31.39,64.59,2.07,18.27,8.2,Ribeirão Preto,SP,Sudeste,-21.17,-47.81
2019,246,0.44,0.61,0.54,33.79,61.26,2.15,10.25,4.85,Ribeirão Preto,SP,Sudeste,-21.17,-47.81
2019,247,0.05,0.61,0.5,34.94,59.44,2.29,15.95,7.31,Ribeirão Preto,SP,Sudeste,-21.17,-47.81
2019,248,0.41,0.61,0.46,35.17,59.37,3.41,20.32,9.14,Ribeirão Preto,SP,Sudeste,-21.17,-47.81
2019,249,2.45,0.61,0.47,32.42,54.82,3.69,20.38,9.3,Ribeirão Preto,SP,Sudeste,-21.17,-47.81
2019,250,0.12,0.61,0.48,34.58,52.22,3.14,22.02,10.03,Ribeirão Preto,SP,Sudeste,-21.17,-47.81
2019,251,0.0,0.6,0.43,35.81,44.28,2.51,21.33,9.67,Ribeirão Preto,SP,Sudeste,-21.17,-47.81
2019,252,0.0,0.6,0.39,35.56,41.56,3.15,23.52,10.68,Ribeirão Preto,SP,Sudeste,-21.17,-47.81
2019,253,0.0,0.6,0.36,37.36,35.86,2.11,23.22,10.56,Ribeirão Preto,SP,Sudeste,-21.17,-47.81
2019,254,0.0,0.6,0.33,38.81,32.13,1.33,22.97,10.39,Ribeirão Preto,SP,Sudeste,-21.17,-47.81
2019,255,0.0,0.6,0.31,39.21,25.94,1.93,23.54,10.51,Ribeirão Preto,SP,Sudeste,-21.17,-47.81
2019,256,0.0,0.6,0.29,39.36,30.16,1.99,22.08,9.88,Ribeirão Preto,SP,Sudeste,-21.17,-47.81
2019,257,0.0,0.6,0.28,36.97,42.19,2.93,19.7,9.0,Ribeirão Preto,SP,Sudeste,-21.17,-47.81
2019,258,0.0,0.6,0.27,37.57,36.63,3.54,22.23,9.97,Ribeirão Preto,SP,Sudeste,-21.17,-47.81
2019,259,0.0,0.6,0.26,37.8,35.48,2.99,23.25,10.41,Ribeirão Preto,SP,Sudeste,-21.17,-47.81
2019,260,0.0,0.6,0.25,38.8,29.37,2.75,23.26,10.41,Ribeirão Preto,SP,Sudeste,-21.17,-47.81
2019,261,0.0,0.59,0.24,39.23,27.18,3.24,21.77,9.66,Ribeirão Preto,SP,Sudeste,-21.17,-47.81
2019,262,0.0,0.59,0.23,38.52,25.23,2.94,16.2,6.97,Ribeirão Preto,SP,Sudeste,-21.17,-47.81
2019,263,0.05,0.59,0.23,38.87,27.18,3.16,14.72,6.32,Ribeirão Preto,SP,Sudeste,-21.17,-47.81
2019,264,0.03,0.59,0.22,36.24,46.84,2.27,13.81,6.12,Ribeirão Preto,SP,Sudeste,-21.17,-47.81
2019,265,2.4,0.6,0.26,36.07,56.08,4.12,20.0,8.74,Ribeirão Preto,SP,Sudeste,-21.17,-47.81
2019,266,0.09,0.6,0.3,32.7,49.32,4.08,23.09,10.44,Ribeirão Preto,SP,Sudeste,-21.17,-47.81
2019,267,1.03,0.6,0.3,33.29,46.8,3.3,20.88,9.54,Ribeirão Preto,SP,Sudeste,-21.17,-47.81
2019,268,24.56,0.63,0.64,24.56,74.48,2.46,3.57,1.84,Ribeirão Preto,SP,Sudeste,-21.17,-47.81
2019,269,21.99,0.68,0.76,21.14,89.13,1.77,5.39,2.81,Ribeirão Preto,SP,Sudeste,-21.17,-47.81
2019,270,0.18,0.68,0.65,29.67,66.73,1.79,25.33,11.26,Ribeirão Preto,SP,Sudeste,-21.17,-47.81
2019,271,0.01,0.67,0.63,31.08,63.45,2.57,25.53,11.56,Ribeirão Preto,SP,Sudeste,-21.17,-47.81
2019,272,0.0,0.67,0.62,31.6,58.74,2.06,26.09,11.62,Ribeirão Preto,SP,Sudeste,-21.17,-47.81
2019,273,0.0,0.66,0.62,32.85,55.57,2.25,26.69,12.0,Ribeirão Preto,SP,Sudeste,-21.17,-47.81
2019,274,0.1,0.65,0.61,34.53,56.17,3.13,26.19,11.83,Ribeirão Preto,SP,Sudeste,-21.17,-47.81
2019,275,0.02,0.65,0.6,35.74,46.38,2.04,26.23,11.8,Ribeirão Preto,SP,Sudeste,-21.17,-47.81
2019,276,0.02,0.64,0.6,36.22,41.76,2.82,27.14,12.04,Ribeirão Preto,SP,Sudeste,-21.17,-47.81
2019,277,0.01,0.64,0.6,34.87,50.54,2.74,27.19,12.21,Ribeirão Preto,SP,Sudeste,-21.17,-47.81
2019,278,0.01,0.63,0.59,35.24,50.08,2.63,26.82,12.19,Ribeirão Preto,SP,Sudeste,-21.17,-47.81
2019,279,6.35,0.63,0.62,34.78,52.44,2.12,22.75,10.45,Ribeirão Preto,SP,Sudeste,-21.17,-47.81
2019,280,4.42,0.64,0.66,33.32,65.76,2.52,20.37,9.44,Ribeirão Preto,SP,Sudeste,-21.17,-47.81
2019,281,3.45,0.64,0.64,29.53,77.12,2.13,9.99,4.94,Ribeirão Preto,SP,Sudeste,-21.17,-47.81
2019,282,5.44,0.65,0.66,26.16,79.72,2.58,12.61,6.05,Ribeirão Preto,SP,Sudeste,-21.17,-47.81
2019,283,2.01,0.65,0.64,29.3,73.79,2.97,18.06,8.48,Ribeirão Preto,SP,Sudeste,-21.17,-47.81
2019,284,1.53,0.65,0.63,31.76,68.11,2.69,24.97,11.41,Ribeirão Preto,SP,Sudeste,-21.17,-47.81
2019,285,0.19,0.65,0.61,33.94,56.3,2.32,25.71,11.86,Ribeirão Preto,SP,Sudeste,-21.17,-47.81
2019,286,0.05,0.64,0.6,35.93,49.1,1.66,25.65,11.71,Ribeirão Preto,SP,Sudeste,-21.17,-47.81
2019,287,0.0,0.63,0.59,36.27,46.12,1.57,26.79,12.3,Ribeirão Preto,SP,Sudeste,-21.17,-47.81
2019,288,0.03,0.63,0.59,34.86,55.41,2.4,22.12,10.18,Ribeirão Preto,SP,Sudeste,-21.17,-47.81
2019,289,0.46,0.62,0.59,34.81,55.79,3.01,24.83,11.43,Ribeirão Preto,SP,Sudeste,-21.17,-47.81
2019,290,0.03,0.62,0.57,36.42,51.9,2.78,24.73,11.29,Ribeirão Preto,SP,Sudeste,-21.17,-47.81
2019,291,1.02,0.62,0.56,34.83,46.62,2.31,22.98,10.58,Ribeirão Preto,SP,Sudeste,-21.17,-47.81
2019,292,0.58,0.61,0.54,36.04,53.2,2.35,21.77,10.07,Ribeirão Preto,SP,Sudeste,-21.17,-47.81
2019,293,1.35,0.61,0.52,34.36,55.61,2.73,25.73,11.71,Ribeirão Preto,SP,Sudeste,-21.17,-47.81
2019,294,7.81,0.61,0.57,33.94,61.1,2.97,11.81,5.71,Ribeirão Preto,SP,Sudeste,-21.17,-47.81
2019,295,0.76,0.62,0.62,26.92,78.71,1.94,18.63,8.62,Ribeirão Preto,SP,Sudeste,-21.17,-47.81
2019,296,0.59,0.62,0.57,33.51,64.76,1.54,24.76,11.36,Ribeirão Preto,SP,Sudeste,-21.17,-47.81
2019,297,4.79,0.62,0.59,33.74,65.36,2.53,23.99,11.13,Ribeirão Preto,SP,Sudeste,-21.17,-47.81
2019,298,0.72,0.62,0.6,35.89,58.47,1.5,26.37,12.13,Ribeirão Preto,SP,Sudeste,-21.17,-47.81
2019,299,5.04,0.62,0.6,36.57,54.6,2.04,25.48,11.76,Ribeirão Preto,SP,Sudeste,-21.17,-47.81
2019,300,2.57,0.62,0.62,33.87,62.02,2.38,26.53,12.2,Ribeirão Preto,SP,Sudeste,-21.17,-47.81
2019,301,5.4,0.63,0.64,32.46,61.6,2.78,20.44,9.53,Ribeirão Preto,SP,Sudeste,-21.17,-47.81
2019,302,17.91,0.64,0.7,32.1,66.93,1.87,22.91,10.73,Ribeirão Preto,SP,Sudeste,-21.17,-47.81
2019,303,1.24,0.65,0.63,33.63,60.83,1.65,27.26,12.58,Ribeirão Preto,SP,Sudeste,-21.17,-47.81
2019,304,3.9,0.65,0.63,31.61,65.57,1.88,25.56,11.81,Ribeirão Preto,SP,Sudeste,-21.17,-47.81
2019,305,6.66,0.65,0.66,32.52,65.31,1.8,23.39,10.81,Ribeirão Preto,SP,Sudeste,-21.17,-47.81
2019,306,0.89,0.65,0.62,34.48,61.78,2.37,28.11,12.96,Ribeirão Preto,SP,Sudeste,-21.17,-47.81
2019,307,0.06,0.65,0.6,35.18,57.82,2.04,26.92,12.44,Ribeirão Preto,SP,Sudeste,-21.17,-47.81
2019,308,5.11,0.64,0.63,37.06,55.37,1.71,26.17,12.02,Ribeirão Preto,SP,Sudeste,-21.17,-47.81
2019,309,16.1,0.66,0.72,31.65,74.95,2.16,21.59,10.2,Ribeirão Preto,SP,Sudeste,-21.17,-47.81
2019,310,3.89,0.67,0.65,32.54,70.95,1.75,20.93,9.89,Ribeirão Preto,SP,Sudeste,-21.17,-47.81
2019,311,15.03,0.68,0.72,28.93,78.47,2.18,21.79,10.18,Ribeirão Preto,SP,Sudeste,-21.17,-47.81
2019,312,7.35,0.7,0.72,27.15,84.31,1.18,14.6,7.06,Ribeirão Preto,SP,Sudeste,-21.17,-47.81
2019,313,4.59,0.7,0.69,32.35,73.91,1.6,14.74,7.12,Ribeirão Preto,SP,Sudeste,-21.17,-47.81
2019,314,2.12,0.7,0.69,28.06,77.83,1.42,13.92,6.69,Ribeirão Preto,SP,Sudeste,-21.17,-47.81
2019,315,0.46,0.7,0.65,33.81,64.2,1.83,26.77,12.37,Ribeirão Preto,SP,Sudeste,-21.17,-47.81
2019,316,0.59,0.69,0.65,32.91,67.85,3.07,25.74,11.95,Ribeirão Preto,SP,Sudeste,-21.17,-47.81
2019,317,5.63,0.68,0.67,31.12,71.28,3.48,18.45,8.75,Ribeirão Preto,SP,Sudeste,-21.17,-47.81
2019,318,17.19,0.7,0.76,27.48,83.65,2.76,14.96,7.15,Ribeirão Preto,SP,Sudeste,-21.17,-47.81
2019,319,8.23,0.72,0.74,26.72,83.1,2.78,9.57,4.82,Ribeirão Preto,SP,Sudeste,-21.17,-47.81
2019,320,0.67,0.72,0.69,30.71,69.14,2.11,27.94,12.8,Ribeirão Preto,SP,Sudeste,-21.17,-47.81
2019,321,3.96,0.71,0.69,31.59,68.97,2.0,27.85,12.74,Ribeirão Preto,SP,Sudeste,-21.17,-47.81
2019,322,4.85,0.71,0.7,32.42,66.89,1.99,26.92,12.25,Ribeirão Preto,SP,Sudeste,-21.17,-47.81
2019,323,2.9,0.71,0.69,28.52,75.49,1.98,23.99,11.03,Ribeirão Preto,SP,Sudeste,-21.17,-47.81
2019,324,1.09,0.71,0.67,31.25,70.37,1.77,25.38,11.71,Ribeirão Preto,SP,Sudeste,-21.17,-47.81
2019,325,0.86,0.7,0.66,31.05,71.83,3.4,26.53,12.17,Ribeirão Preto,SP,Sudeste,-21.17,-47.81
2019,326,5.15,0.69,0.68,29.13,74.35,2.44,22.1,10.36,Ribeirão Preto,SP,Sudeste,-21.17,-47.81
2019,327,20.2,0.71,0.76,30.37,75.21,2.19,24.65,11.52,Ribeirão Preto,SP,Sudeste,-21.17,-47.81
2019,328,6.59,0.73,0.75,28.01,82.19,1.82,16.14,7.75,Ribeirão Preto,SP,Sudeste,-21.17,-47.81
2019,329,0.93,0.73,0.7,30.5,73.84,1.63,25.3,11.66,Ribeirão Preto,SP,Sudeste,-21.17,-47.81
2019,330,0.3,0.72,0.68,31.71,73.7,2.6,25.75,11.89,Ribeirão Preto,SP,Sudeste,-21.17,-47.81
2019,331,14.25,0.71,0.73,31.55,74.57,2.82,20.19,9.48,Ribeirão Preto,SP,Sudeste,-21.17,-47.81
2019,332,17.57,0.75,0.81,27.71,84.05,2.34,18.09,8.61,Ribeirão Preto,SP,Sudeste,-21.17,-47.81
2019,333,12.99,0.76,0.81,29.61,79.61,1.9,18.68,8.91,Ribeirão Preto,SP,Sudeste,-21.17,-47.81
2019,334,16.87,0.77,0.83,27.68,87.48,1.56,17.27,8.32,Ribeirão Preto,SP,Sudeste,-21.17,-47.81
2019,335,5.63,0.79,0.83,27.63,88.73,2.13,12.29,5.99,Ribeirão Preto,SP,Sudeste,-21.17,-47.81
2019,336,1.07,0.79,0.8,28.74,84.27,1.41,23.35,11.0,Ribeirão Preto,SP,Sudeste,-21.17,-47.81
2019,337,3.46,0.78,0.79,28.91,77.22,1.89,22.34,10.48,Ribeirão Preto,SP,Sudeste,-21.17,-47.81
2019,338,3.15,0.78,0.79,27.03,83.18,2.16,19.83,9.45,Ribeirão Preto,SP,Sudeste,-21.17,-47.81
2019,339,5.6,0.78,0.8,26.29,89.34,3.02,16.12,7.74,Ribeirão Preto,SP,Sudeste,-21.17,-47.81
2019,340,7.92,0.78,0.82,27.97,86.2,3.28,15.36,7.46,Ribeirão Preto,SP,Sudeste,-21.17,-47.81
2019,341,0.87,0.78,0.78,29.38,79.29,1.39,26.13,12.07,Ribeirão Preto,SP,Sudeste,-21.17,-47.81
2019,342,0.54,0.77,0.76,29.71,75.47,2.62,25.61,11.86,Ribeirão Preto,SP,Sudeste,-21.17,-47.81
2019,343,8.02,0.76,0.78,27.7,84.68,3.07,16.48,7.88,Ribeirão Preto,SP,Sudeste,-21.17,-47.81
2019,344,12.24,0.77,0.82,26.94,86.4,2.29,13.55,6.66,Ribeirão Preto,SP,Sudeste,-21.17,-47.81
2019,345,14.18,0.79,0.84,25.82,90.12,2.18,7.3,3.8,Ribeirão Preto,SP,Sudeste,-21.17,-47.81
2019,346,1.92,0.8,0.82,27.22,85.22,2.27,16.57,7.95,Ribeirão Preto,SP,Sudeste,-21.17,-47.81
2019,347,4.6,0.79,0.82,26.43,86.35,1.21,19.06,9.03,Ribeirão Preto,SP,Sudeste,-21.17,-47.81
2019,348,1.37,0.79,0.81,27.41,84.79,2.15,17.94,8.54,Ribeirão Preto,SP,Sudeste,-21.17,-47.81
2019,349,0.08,0.79,0.79,27.97,79.2,2.47,20.91,9.7,Ribeirão Preto,SP,Sudeste,-21.17,-47.81
2019,350,0.01,0.78,0.77,30.59,70.81,2.39,28.25,13.17,Ribeirão Preto,SP,Sudeste,-21.17,-47.81
2019,351,3.24,0.76,0.76,30.34,71.99,1.88,25.76,12.12,Ribeirão Preto,SP,Sudeste,-21.17,-47.81
2019,352,4.1,0.76,0.78,25.86,80.89,0.97,17.47,8.38,Ribeirão Preto,SP,Sudeste,-21.17,-47.81
2019,353,5.77,0.77,0.78,26.18,82.26,1.42,14.04,6.85,Ribeirão Preto,SP,Sudeste,-21.17,-47.81
2019,354,2.37,0.77,0.77,26.01,88.58,2.0,18.6,8.93,Ribeirão Preto,SP,Sudeste,-21.17,-47.81
2019,355,1.7,0.77,0.77,26.56,84.25,2.1,20.01,9.52,Ribeirão Preto,SP,Sudeste,-21.17,-47.81
2019,356,6.48,0.76,0.78,27.99,83.47,1.85,18.3,8.75,Ribeirão Preto,SP,Sudeste,-21.17,-47.81
2019,357,7.85,0.77,0.79,28.17,83.33,1.66,8.94,4.59,Ribeirão Preto,SP,Sudeste,-21.17,-47.81
2019,358,0.68,0.77,0.77,28.84,78.05,1.11,27.82,12.81,Ribeirão Preto,SP,Sudeste,-21.17,-47.81
2019,359,3.57,0.76,0.76,29.89,75.16,1.39,27.75,12.8,Ribeirão Preto,SP,Sudeste,-21.17,-47.81
2019,360,1.81,0.75,0.74,31.69,69.42,1.31,27.81,12.82,Ribeirão Preto,SP,Sudeste,-21.17,-47.81
2019,361,1.37,0.74,0.73,31.53,71.51,1.11,27.88,12.96,Ribeirão Preto,SP,Sudeste,-21.17,-47.81
2019,362,0.88,0.73,0.71,30.71,69.59,1.15,28.84,13.3,Ribeirão Preto,SP,Sudeste,-21.17,-47.81
2019,363,0.38,0.72,0.69,32.36,66.6,1.5,27.7,12.78,Ribeirão Preto,SP,Sudeste,-21.17,-47.81
2019,364,0.49,0.71,0.67,31.68,67.67,2.31,26.83,12.46,Ribeirão Preto,SP,Sudeste,-21.17,-47.81
2019,365,1.7,0.71,0.67,31.31,72.46,2.32,26.18,12.19,Ribeirão Preto,SP,Sudeste,-21.17,-47.81
2020,1,2.39,0.7,0.68,30.34,74.89,1.96,26.98,12.72,Ribeirão Preto,SP,Sudeste,-21.17,-47.81
2020,2,26.93,0.72,0.78,27.59,83.78,1.39,14.7,7.19,Ribeirão Preto,SP,Sudeste,-21.17,-47.81
2020,3,6.74,0.74,0.75,29.32,82.14,2.29,19.94,9.48,Ribeirão Preto,SP,Sudeste,-21.17,-47.81
2020,4,21.48,0.76,0.82,27.44,84.74,1.84,23.04,10.82,Ribeirão Preto,SP,Sudeste,-21.17,-47.81
2020,5,3.79,0.77,0.78,28.64,82.51,1.73,25.11,11.75,Ribeirão Preto,SP,Sudeste,-21.17,-47.81
2020,6,1.75,0.76,0.76,29.29,79.68,2.23,24.92,11.68,Ribeirão Preto,SP,Sudeste,-21.17,-47.81
2020,7,4.62,0.75,0.75,31.29,76.07,1.97,24.97,11.73,Ribeirão Preto,SP,Sudeste,-21.17,-47.81
2020,8,9.05,0.75,0.77,27.55,88.14,1.49,19.17,9.05,Ribeirão Preto,SP,Sudeste,-21.17,-47.81
2020,9,13.18,0.77,0.83,28.52,84.63,0.97,15.8,7.59,Ribeirão Preto,SP,Sudeste,-21.17,-47.81
2020,10,3.13,0.78,0.8,28.38,85.78,0.9,23.28,11.01,Ribeirão Preto,SP,Sudeste,-21.17,-47.81
2020,11,1.01,0.77,0.78,28.82,83.8,1.15,20.3,9.67,Ribeirão Preto,SP,Sudeste,-21.17,-47.81
2020,12,1.9,0.77,0.77,28.54,84.83,1.33,18.5,8.81,Ribeirão Preto,SP,Sudeste,-21.17,-47.81
2020,13,7.82,0.77,0.8,29.57,82.44,1.2,21.02,10.02,Ribeirão Preto,SP,Sudeste,-21.17,-47.81
2020,14,0.72,0.77,0.76,29.74,79.47,1.34,23.03,10.77,Ribeirão Preto,SP,Sudeste,-21.17,-47.81
2020,15,0.68,0.76,0.75,31.31,75.7,1.4,29.38,13.6,Ribeirão Preto,SP,Sudeste,-21.17,-47.81
2020,16,1.32,0.75,0.73,31.84,75.21,1.42,27.21,12.68,Ribeirão Preto,SP,Sudeste,-21.17,-47.81
2020,17,4.26,0.74,0.73,30.5,78.98,2.19,15.77,7.66,Ribeirão Preto,SP,Sudeste,-21.17,-47.81
2020,18,13.11,0.75,0.79,28.97,81.71,2.46,24.19,11.39,Ribeirão Preto,SP,Sudeste,-21.17,-47.81
2020,19,6.76,0.76,0.78,29.89,78.79,1.84,20.02,9.42,Ribeirão Preto,SP,Sudeste,-21.17,-47.81
2020,20,8.83,0.76,0.78,29.25,81.32,1.56,21.13,9.97,Ribeirão Preto,SP,Sudeste,-21.17,-47.81
2020,21,4.55,0.76,0.76,29.92,79.37,1.63,25.61,11.9,Ribeirão Preto,SP,Sudeste,-21.17,-47.81
2020,22,8.82,0.76,0.78,29.5,78.96,1.87,18.12,8.66,Ribeirão Preto,SP,Sudeste,-21.17,-47.81
2020,23,29.8,0.77,0.82,25.71,87.76,2.5,10.09,5.08,Ribeirão Preto,SP,Sudeste,-21.17,-47.81
2020,24,22.94,0.81,0.88,28.64,86.79,2.8,15.96,7.56,Ribeirão Preto,SP,Sudeste,-21.17,-47.81
2020,25,0.04,0.81,0.81,28.21,78.02,1.61,28.09,12.76,Ribeirão Preto,SP,Sudeste,-21.17,-47.81
2020,26,0.0,0.79,0.79,28.87,65.35,1.48,29.98,13.65,Ribeirão Preto,SP,Sudeste,-21.17,-47.81
2020,27,0.0,0.78,0.77,29.83,57.63,1.12,28.49,12.92,Ribeirão Preto,SP,Sudeste,-21.17,-47.81
2020,28,12.73,0.77,0.8,30.37,71.39,1.5,23.91,11.09,Ribeirão Preto,SP,Sudeste,-21.17,-47.81
2020,29,16.5,0.8,0.85,28.86,85.02,2.54,18.75,8.93,Ribeirão Preto,SP,Sudeste,-21.17,-47.81
2020,30,12.42,0.8,0.85,26.8,88.55,2.5,18.07,8.59,Ribeirão Preto,SP,Sudeste,-21.17,-47.81
2020,31,0.51,0.81,0.82,28.01,85.16,1.64,20.53,9.73,Ribeirão Preto,SP,Sudeste,-21.17,-47.81
2020,32,5.66,0.8,0.81,29.08,82.38,1.02,13.81,6.72,Ribeirão Preto,SP,Sudeste,-21.17,-47.81
2020,33,2.05,0.8,0.81,29.4,82.08,1.74,22.45,10.6,Ribeirão Preto,SP,Sudeste,-21.17,-47.81
2020,34,6.42,0.79,0.81,29.57,85.6,1.82,16.96,8.17,Ribeirão Preto,SP,Sudeste,-21.17,-47.81
2020,35,15.96,0.8,0.86,27.3,87.57,1.57,18.65,8.88,Ribeirão Preto,SP,Sudeste,-21.17,-47.81
2020,36,11.92,0.82,0.87,25.63,88.62,1.3,19.45,9.26,Ribeirão Preto,SP,Sudeste,-21.17,-47.81
2020,37,12.73,0.83,0.87,25.38,88.67,1.74,14.6,7.12,Ribeirão Preto,SP,Sudeste,-21.17,-47.81
2020,38,14.39,0.86,0.9,24.36,86.41,3.43,13.14,6.49,Ribeirão Preto,SP,Sudeste,-21.17,-47.81
2020,39,0.67,0.85,0.85,27.7,83.39,3.1,22.51,10.57,Ribeirão Preto,SP,Sudeste,-21.17,-47.81
2020,40,6.07,0.84,0.86,26.68,86.74,3.56,15.7,7.63,Ribeirão Preto,SP,Sudeste,-21.17,-47.81
2020,41,17.61,0.85,0.89,26.8,88.51,2.65,9.01,4.57,Ribeirão Preto,SP,Sudeste,-21.17,-47.81
2020,42,15.32,0.87,0.91,26.26,91.63,2.54,11.62,5.79,Ribeirão Preto,SP,Sudeste,-21.17,-47.81
2020,43,17.05,0.89,0.92,27.1,89.31,3.16,14.79,7.09,Ribeirão Preto,SP,Sudeste,-21.17,-47.81
2020,44,5.65,0.89,0.89,27.81,85.47,1.64,20.42,9.57,Ribeirão Preto,SP,Sudeste,-21.17,-47.81
2020,45,1.22,0.89,0.88,29.07,82.36,1.95,26.34,12.17,Ribeirão Preto,SP,Sudeste,-21.17,-47.81
2020,46,0.99,0.87,0.87,28.79,80.84,1.7,25.32,11.79,Ribeirão Preto,SP,Sudeste,-21.17,-47.81
2020,47,10.39,0.87,0.89,29.07,77.28,1.01,24.22,11.25,Ribeirão Preto,SP,Sudeste,-21.17,-47.81
2020,48,1.5,0.87,0.87,30.03,80.04,1.06,25.02,11.72,Ribeirão Preto,SP,Sudeste,-21.17,-47.81
2020,49,8.42,0.87,0.89,25.87,88.94,2.24,23.01,10.84,Ribeirão Preto,SP,Sudeste,-21.17,-47.81
2020,50,2.4,0.87,0.87,29.23,84.71,1.89,20.96,9.91,Ribeirão Preto,SP,Sudeste,-21.17,-47.81
2020,51,17.38,0.87,0.91,28.23,85.96,1.67,20.52,9.74,Ribeirão Preto,SP,Sudeste,-21.17,-47.81
2020,52,15.31,0.89,0.92,27.02,85.57,0.83,12.02,5.95,Ribeirão Preto,SP,Sudeste,-21.17,-47.81
2020,53,13.3,0.91,0.92,28.22,88.03,2.13,17.08,8.14,Ribeirão Preto,SP,Sudeste,-21.17,-47.81
2020,54,0.81,0.9,0.89,26.71,85.2,2.65,20.17,9.52,Ribeirão Preto,SP,Sudeste,-21.17,-47.81
2020,55,7.84,0.9,0.91,24.15,93.58,2.4,11.79,5.78,Ribeirão Preto,SP,Sudeste,-21.17,-47.81
2020,56,12.34,0.91,0.92,27.7,90.54,1.85,20.42,9.69,Ribeirão Preto,SP,Sudeste,-21.17,-47.81
2020,57,16.93,0.92,0.93,26.01,92.99,3.11,12.68,6.19,Ribeirão Preto,SP,Sudeste,-21.17,-47.81
2020,58,20.25,0.95,0.95,25.62,90.95,2.25,13.06,6.38,Ribeirão Preto,SP,Sudeste,-21.17,-47.81
2020,59,10.88,0.95,0.93,27.81,90.28,2.14,11.19,5.55,Ribeirão Preto,SP,Sudeste,-21.17,-47.81
2020,60,5.25,0.95,0.92,28.16,87.17,2.63,18.92,8.95,Ribeirão Preto,SP,Sudeste,-21.17,-47.81
2020,61,14.5,0.94,0.93,27.86,86.53,2.57,18.53,8.73,Ribeirão Preto,SP,Sudeste,-21.17,-47.81
2020,62,3.78,0.95,0.92,26.54,83.69,3.11,19.09,8.99,Ribeirão Preto,SP,Sudeste,-21.17,-47.81
2020,63,1.01,0.94,0.91,27.61,82.89,1.26,20.21,9.31,Ribeirão Preto,SP,Sudeste,-21.17,-47.81
2020,64,0.09,0.93,0.9,27.9,80.99,1.45,24.98,11.4,Ribeirão Preto,SP,Sudeste,-21.17,-47.81
2020,65,0.07,0.92,0.89,28.2,79.82,1.93,27.33,12.49,Ribeirão Preto,SP,Sudeste,-21.17,-47.81
2020,66,1.2,0.91,0.89,27.46,82.04,1.71,26.62,12.19,Ribeirão Preto,SP,Sudeste,-21.17,-47.81
2020,67,0.71,0.9,0.88,27.08,81.61,1.37,26.1,11.97,Ribeirão Preto,SP,Sudeste,-21.17,-47.81
2020,68,1.74,0.89,0.88,26.99,78.88,1.5,22.87,10.45,Ribeirão Preto,SP,Sudeste,-21.17,-47.81
2020,69,0.52,0.88,0.87,27.99,75.06,1.23,23.01,10.57,Ribeirão Preto,SP,Sudeste,-21.17,-47.81
2020,70,0.45,0.87,0.86,28.83,78.28,1.47,24.28,11.21,Ribeirão Preto,SP,Sudeste,-21.17,-47.81
2020,71,0.36,0.85,0.85,29.24,79.83,1.79,25.17,11.65,Ribeirão Preto,SP,Sudeste,-21.17,-47.81
2020,72,0.07,0.85,0.84,29.48,80.29,2.02,25.32,11.7,Ribeirão Preto,SP,Sudeste,-21.17,-47.81
2020,73,0.02,0.83,0.83,29.49,78.82,1.75,25.51,11.77,Ribeirão Preto,SP,Sudeste,-21.17,-47.81
2020,74,0.33,0.82,0.82,29.55,80.11,2.06,23.73,11.08,Ribeirão Preto,SP,Sudeste,-21.17,-47.81
2020,75,3.96,0.82,0.83,27.99,84.29,1.87,22.49,10.53,Ribeirão Preto,SP,Sudeste,-21.17,-47.81
2020,76,5.41,0.82,0.84,27.75,80.31,1.34,22.71,10.66,Ribeirão Preto,SP,Sudeste,-21.17,-47.81
2020,77,1.1,0.81,0.82,29.14,77.61,1.14,22.82,10.69,Ribeirão Preto,SP,Sudeste,-21.17,-47.81
2020,78,1.83,0.8,0.81,29.23,76.42,1.2,20.44,9.7,Ribeirão Preto,SP,Sudeste,-21.17,-47.81
2020,79,3.92,0.8,0.81,28.12,81.9,1.37,13.14,6.35,Ribeirão Preto,SP,Sudeste,-21.17,-47.81
2020,80,11.81,0.8,0.84,27.09,87.81,1.53,14.43,6.97,Ribeirão Preto,SP,Sudeste,-21.17,-47.81
2020,81,9.51,0.82,0.86,26.55,89.06,1.24,14.3,6.81,Ribeirão Preto,SP,Sudeste,-21.17,-47.81
2020,82,1.91,0.82,0.83,26.51,85.87,2.26,20.02,9.29,Ribeirão Preto,SP,Sudeste,-21.17,-47.81
2020,83,0.32,0.81,0.81,27.03,81.07,2.74,23.98,11.06,Ribeirão Preto,SP,Sudeste,-21.17,-47.81
2020,84,0.09,0.8,0.8,26.72,78.09,2.48,24.24,11.14,Ribeirão Preto,SP,Sudeste,-21.17,-47.81
2020,85,0.81,0.79,0.79,26.65,78.18,2.19,23.26,10.67,Ribeirão Preto,SP,Sudeste,-21.17,-47.81
2020,86,0.46,0.78,0.78,26.91,78.2,1.89,23.23,10.68,Ribeirão Preto,SP,Sudeste,-21.17,-47.81
2020,87,0.42,0.77,0.77,27.44,80.65,2.46,22.5,10.37,Ribeirão Preto,SP,Sudeste,-21.17,-47.81
2020,88,2.41,0.77,0.77,26.65,84.93,1.64,19.45,9.14,Ribeirão Preto,SP,Sudeste,-21.17,-47.81
2020,89,12.6,0.77,0.81,25.41,89.38,0.74,10.2,4.97,Ribeirão Preto,SP,Sudeste,-21.17,-47.81
2020,90,11.12,0.8,0.85,26.72,86.11,1.2,18.24,8.58,Ribeirão Preto,SP,Sudeste,-21.17,-47.81
2020,91,1.09,0.79,0.8,28.43,83.77,1.48,22.27,10.38,Ribeirão Preto,SP,Sudeste,-21.17,-47.81
2020,92,0.27,0.79,0.79,29.45,81.49,1.49,22.97,10.69,Ribeirão Preto,SP,Sudeste,-21.17,-47.81
2020,93,0.93,0.78,0.77,29.08,83.13,2.28,20.96,9.68,Ribeirão Preto,SP,Sudeste,-21.17,-47.81
2020,94,2.15,0.77,0.77,27.89,83.7,2.85,18.23,8.56,Ribeirão Preto,SP,Sudeste,-21.17,-47.81
2020,95,0.18,0.76,0.75,27.7,74.72,1.57,23.39,10.55,Ribeirão Preto,SP,Sudeste,-21.17,-47.81
2020,96,0.04,0.75,0.74,28.94,70.03,1.5,22.84,10.54,Ribeirão Preto,SP,Sudeste,-21.17,-47.81
2020,97,0.09,0.74,0.72,30.69,72.09,1.68,22.5,10.46,Ribeirão Preto,SP,Sudeste,-21.17,-47.81
2020,98,1.43,0.74,0.72,28.58,80.63,1.3,11.7,5.66,Ribeirão Preto,SP,Sudeste,-21.17,-47.81
2020,99,0.49,0.73,0.72,29.09,80.05,2.11,20.37,9.36,Ribeirão Preto,SP,Sudeste,-21.17,-47.81
2020,100,0.0,0.73,0.7,28.47,74.28,1.89,22.35,10.17,Ribeirão Preto,SP,Sudeste,-21.17,-47.81
2020,101,0.04,0.72,0.69,28.12,69.97,1.52,22.7,10.29,Ribeirão Preto,SP,Sudeste,-21.17,-47.81
2020,102,0.28,0.71,0.68,29.08,69.07,1.47,21.46,9.83,Ribeirão Preto,SP,Sudeste,-21.17,-47.81
2020,103,0.29,0.71,0.67,29.34,72.72,1.83,21.76,9.99,Ribeirão Preto,SP,Sudeste,-21.17,-47.81
2020,104,1.63,0.7,0.68,29.21,75.69,1.8,20.71,9.5,Ribeirão Preto,SP,Sudeste,-21.17,-47.81
2020,105,3.87,0.7,0.68,28.81,80.84,2.47,6.22,3.13,Ribeirão Preto,SP,Sudeste,-21.17,-47.81
2020,106,5.37,0.71,0.72,25.61,87.12,1.92,15.63,7.28,Ribeirão Preto,SP,Sudeste,-21.17,-47.81
2020,107,0.08,0.71,0.68,28.26,77.8,1.25,16.73,7.65,Ribeirão Preto,SP,Sudeste,-21.17,-47.81
2020,108,0.07,0.7,0.67,29.26,74.84,1.44,19.36,8.88,Ribeirão Preto,SP,Sudeste,-21.17,-47.81
2020,109,0.06,0.7,0.66,26.82,79.77,2.11,19.03,8.74,Ribeirão Preto,SP,Sudeste,-21.17,-47.81
2020,110,0.01,0.69,0.66,27.51,78.15,2.02,14.79,6.87,Ribeirão Preto,SP,Sudeste,-21.17,-47.81
2020,111,0.01,0.69,0.66,28.32,76.79,1.14,19.27,8.84,Ribeirão Preto,SP,Sudeste,-21.17,-47.81
2020,112,0.37,0.68,0.65,28.84,71.7,1.31,20.44,9.24,Ribeirão Preto,SP,Sudeste,-21.17,-47.81
2020,113,0.08,0.68,0.64,29.64,66.86,1.57,20.55,9.18,Ribeirão Preto,SP,Sudeste,-21.17,-47.81
2020,114,0.04,0.67,0.64,30.23,67.27,1.24,21.09,9.33,Ribeirão Preto,SP,Sudeste,-21.17,-47.81
2020,115,0.02,0.67,0.63,29.89,73.6,2.01,19.11,8.77,Ribeirão Preto,SP,Sudeste,-21.17,-47.81
2020,116,0.01,0.67,0.63,29.82,69.54,2.7,20.47,9.29,Ribeirão Preto,SP,Sudeste,-21.17,-47.81
2020,117,0.01,0.66,0.63,29.72,69.4,2.05,20.71,9.33,Ribeirão Preto,SP,Sudeste,-21.17,-47.81
2020,118,0.02,0.66,0.62,28.97,71.35,2.18,20.15,9.0,Ribeirão Preto,SP,Sudeste,-21.17,-47.81
2020,119,0.03,0.65,0.62,27.15,69.47,2.8,19.99,9.03,Ribeirão Preto,SP,Sudeste,-21.17,-47.81
2020,120,0.03,0.65,0.62,28.34,65.66,1.9,20.68,9.28,Ribeirão Preto,SP,Sudeste,-21.17,-47.81
2020,121,0.0,0.65,0.62,29.88,62.69,1.1,18.91,8.55,Ribeirão Preto,SP,Sudeste,-21.17,-47.81
2020,122,0.01,0.64,0.61,30.84,63.23,0.95,19.4,8.84,Ribeirão Preto,SP,Sudeste,-21.17,-47.81
2020,123,0.0,0.64,0.61,30.29,62.01,1.84,18.66,8.49,Ribeirão Preto,SP,Sudeste,-21.17,-47.81
2020,124,0.02,0.64,0.61,29.28,66.33,1.98,18.98,8.64,Ribeirão Preto,SP,Sudeste,-21.17,-47.81
2020,125,0.13,0.63,0.61,29.31,66.83,1.73,19.8,8.91,Ribeirão Preto,SP,Sudeste,-21.17,-47.81
2020,126,0.02,0.63,0.61,29.22,61.63,1.89,16.19,7.24,Ribeirão Preto,SP,Sudeste,-21.17,-47.81
2020,127,0.03,0.63,0.6,29.93,57.84,1.7,12.91,5.86,Ribeirão Preto,SP,Sudeste,-21.17,-47.81
2020,128,0.06,0.63,0.6,26.36,70.54,2.91,13.07,6.01,Ribeirão Preto,SP,Sudeste,-21.17,-47.81
2020,129,0.0,0.62,0.6,26.93,68.64,2.16,19.68,8.77,Ribeirão Preto,SP,Sudeste,-21.17,-47.81
2020,130,0.01,0.62,0.59,26.95,67.33,2.73,19.74,8.83,Ribeirão Preto,SP,Sudeste,-21.17,-47.81
2020,131,0.01,0.62,0.58,27.57,65.78,2.88,19.51,8.68,Ribeirão Preto,SP,Sudeste,-21.17,-47.81
2020,132,0.01,0.62,0.56,28.29,65.42,2.44,18.69,8.44,Ribeirão Preto,SP,Sudeste,-21.17,-47.81
2020,133,0.25,0.62,0.54,29.38,67.55,2.26,18.08,8.08,Ribeirão Preto,SP,Sudeste,-21.17,-47.81
2020,134,0.08,0.61,0.53,27.34,72.22,2.4,11.45,5.34,Ribeirão Preto,SP,Sudeste,-21.17,-47.81
2020,135,1.19,0.61,0.52,27.62,76.47,2.13,7.8,3.75,Ribeirão Preto,SP,Sudeste,-21.17,-47.81
2020,136,1.82,0.61,0.56,26.59,80.89,1.5,11.94,5.51,Ribeirão Preto,SP,Sudeste,-21.17,-47.81
2020,137,0.06,0.61,0.55,28.25,70.02,1.83,15.5,6.99,Ribeirão Preto,SP,Sudeste,-21.17,-47.81
2020,138,0.0,0.61,0.53,29.07,56.88,1.1,18.7,8.28,Ribeirão Preto,SP,Sudeste,-21.17,-47.81
2020,139,0.01,0.61,0.5,29.77,62.07,1.74,18.29,8.12,Ribeirão Preto,SP,Sudeste,-21.17,-47.81
2020,140,0.02,0.61,0.48,28.83,68.25,3.15,17.57,7.96,Ribeirão Preto,SP,Sudeste,-21.17,-47.81
2020,141,0.02,0.61,0.47,27.99,69.71,2.79,15.7,7.15,Ribeirão Preto,SP,Sudeste,-21.17,-47.81
2020,142,0.0,0.61,0.46,29.24,64.52,2.64,16.48,7.51,Ribeirão Preto,SP,Sudeste,-21.17,-47.81
2020,143,0.35,0.61,0.44,30.03,67.45,3.35,14.67,6.63,Ribeirão Preto,SP,Sudeste,-21.17,-47.81
2020,144,6.95,0.62,0.57,24.47,84.56,3.55,4.58,2.31,Ribeirão Preto,SP,Sudeste,-21.17,-47.81
2020,145,5.01,0.62,0.63,17.31,78.43,1.64,5.49,2.69,Ribeirão Preto,SP,Sudeste,-21.17,-47.81
2020,146,0.15,0.62,0.62,22.62,70.8,1.86,16.85,7.37,Ribeirão Preto,SP,Sudeste,-21.17,-47.81
2020,147,0.04,0.62,0.6,23.12,62.0,1.98,18.27,7.9,Ribeirão Preto,SP,Sudeste,-21.17,-47.81
2020,148,0.87,0.62,0.6,24.56,60.08,1.11,17.36,7.71,Ribeirão Preto,SP,Sudeste,-21.17,-47.81
2020,149,0.0,0.62,0.59,27.54,57.07,1.59,18.59,8.05,Ribeirão Preto,SP,Sudeste,-21.17,-47.81
2020,150,0.0,0.62,0.57,27.65,61.0,2.46,18.2,7.91,Ribeirão Preto,SP,Sudeste,-21.17,-47.81
2020,151,0.49,0.61,0.56,27.07,62.79,2.18,18.09,7.92,Ribeirão Preto,SP,Sudeste,-21.17,-47.81
2020,152,0.0,0.61,0.54,26.73,63.37,1.5,17.78,7.8,Ribeirão Preto,SP,Sudeste,-21.17,-47.81
2020,153,0.02,0.61,0.52,28.26,54.03,1.05,17.4,7.8,Ribeirão Preto,SP,Sudeste,-21.17,-47.81
2020,154,0.01,0.61,0.49,28.83,60.9,1.7,15.37,6.98,Ribeirão Preto,SP,Sudeste,-21.17,-47.81
2020,155,0.64,0.61,0.48,29.15,64.45,1.25,9.27,4.32,Ribeirão Preto,SP,Sudeste,-21.17,-47.81
2020,156,0.06,0.61,0.47,30.79,64.28,1.37,13.85,6.36,Ribeirão Preto,SP,Sudeste,-21.17,-47.81
2020,157,0.06,0.61,0.45,30.6,63.38,2.32,11.99,5.5,Ribeirão Preto,SP,Sudeste,-21.17,-47.81
2020,158,0.39,0.6,0.43,31.11,61.95,2.73,12.75,5.83,Ribeirão Preto,SP,Sudeste,-21.17,-47.81
2020,159,5.57,0.61,0.55,28.52,78.97,1.36,8.11,3.79,Ribeirão Preto,SP,Sudeste,-21.17,-47.81
2020,160,0.37,0.61,0.57,30.01,68.43,1.21,14.08,6.4,Ribeirão Preto,SP,Sudeste,-21.17,-47.81
2020,161,1.11,0.61,0.54,31.13,65.07,1.63,14.13,6.5,Ribeirão Preto,SP,Sudeste,-21.17,-47.81
2020,162,0.44,0.61,0.53,31.08,63.81,2.02,13.46,6.17,Ribeirão Preto,SP,Sudeste,-21.17,-47.81
2020,163,0.01,0.61,0.49,31.63,57.23,1.95,15.78,7.2,Ribeirão Preto,SP,Sudeste,-21.17,-47.81
2020,164,0.01,0.61,0.46,31.93,58.05,1.67,15.82,7.14,Ribeirão Preto,SP,Sudeste,-21.17,-47.81
2020,165,0.01,0.6,0.43,31.75,56.19,1.54,16.09,7.3,Ribeirão Preto,SP,Sudeste,-21.17,-47.81
2020,166,0.03,0.6,0.41,30.17,57.99,2.5,15.48,7.03,Ribeirão Preto,SP,Sudeste,-21.17,-47.81
2020,167,0.03,0.6,0.39,28.47,64.68,2.91,15.71,7.02,Ribeirão Preto,SP,Sudeste,-21.17,-47.81
2020,168,0.01,0.6,0.38,28.18,65.06,3.1,15.16,6.82,Ribeirão Preto,SP,Sudeste,-21.17,-47.81
2020,169,0.0,0.6,0.37,27.27,66.38,3.36,15.36,6.9,Ribeirão Preto,SP,Sudeste,-21.17,-47.81
2020,170,0.0,0.6,0.36,28.2,63.7,2.93,15.87,7.07,Ribeirão Preto,SP,Sudeste,-21.17,-47.81
2020,171,0.01,0.6,0.35,29.5,61.75,2.0,15.44,6.87,Ribeirão Preto,SP,Sudeste,-21.17,-47.81
2020,172,0.61,0.6,0.35,30.3,59.45,1.87,16.11,7.26,Ribeirão Preto,SP,Sudeste,-21.17,-47.81
2020,173,0.15,0.6,0.35,30.51,58.0,2.45,16.32,7.37,Ribeirão Preto,SP,Sudeste,-21.17,-47.81
2020,174,0.0,0.6,0.34,29.82,47.77,1.9,16.67,7.42,Ribeirão Preto,SP,Sudeste,-21.17,-47.81
2020,175,0.0,0.6,0.33,28.63,50.7,2.35,14.02,6.23,Ribeirão Preto,SP,Sudeste,-21.17,-47.81
2020,176,0.01,0.6,0.32,29.88,55.6,2.64,14.55,6.51,Ribeirão Preto,SP,Sudeste,-21.17,-47.81
2020,177,0.03,0.6,0.32,30.78,56.21,3.02,14.44,6.56,Ribeirão Preto,SP,Sudeste,-21.17,-47.81
2020,178,0.74,0.6,0.32,29.56,59.24,1.75,11.74,5.37,Ribeirão Preto,SP,Sudeste,-21.17,-47.81
2020,179,1.19,0.6,0.33,27.68,68.8,3.16,4.4,2.19,Ribeirão Preto,SP,Sudeste,-21.17,-47.81
2020,180,0.08,0.6,0.35,27.47,64.43,2.2,15.88,7.1,Ribeirão Preto,SP,Sudeste,-21.17,-47.81
2020,181,0.05,0.6,0.35,27.06,66.82,3.36,14.27,6.43,Ribeirão Preto,SP,Sudeste,-21.17,-47.81
2020,182,0.03,0.6,0.34,27.68,63.75,3.91,14.24,6.47,Ribeirão Preto,SP,Sudeste,-21.17,-47.81
2020,183,0.09,0.6,0.33,20.91,56.38,3.2,7.18,3.38,Ribeirão Preto,SP,Sudeste,-21.17,-47.81
2020,184,0.0,0.6,0.33,25.03,48.55,1.89,16.96,7.42,Ribeirão Preto,SP,Sudeste,-21.17,-47.81
2020,185,0.0,0.6,0.32,26.37,47.09,1.65,17.23,7.54,Ribeirão Preto,SP,Sudeste,-21.17,-47.81
2020,186,0.0,0.6,0.32,29.94,44.97,1.65,17.27,7.6,Ribeirão Preto,SP,Sudeste,-21.17,-47.81
2020,187,0.02,0.6,0.31,29.85,48.42,2.09,14.77,6.65,Ribeirão Preto,SP,Sudeste,-21.17,-47.81
2020,188,0.02,0.6,0.3,32.07,46.89,1.77,16.05,7.25,Ribeirão Preto,SP,Sudeste,-21.17,-47.81
2020,189,0.0,0.6,0.29,30.99,43.2,3.15,16.94,7.58,Ribeirão Preto,SP,Sudeste,-21.17,-47.81
2020,190,0.0,0.6,0.29,30.58,47.38,3.16,15.47,6.95,Ribeirão Preto,SP,Sudeste,-21.17,-47.81
2020,191,1.69,0.6,0.31,27.89,59.48,1.54,11.86,5.33,Ribeirão Preto,SP,Sudeste,-21.17,-47.81
2020,192,0.0,0.6,0.33,29.99,50.48,1.91,15.65,6.99,Ribeirão Preto,SP,Sudeste,-21.17,-47.81
2020,193,0.0,0.6,0.33,30.74,54.41,3.19,15.94,7.16,Ribeirão Preto,SP,Sudeste,-21.17,-47.81
2020,194,0.0,0.6,0.32,30.76,51.23,3.05,16.12,7.23,Ribeirão Preto,SP,Sudeste,-21.17,-47.81
2020,195,0.19,0.6,0.31,31.94,46.99,1.8,16.01,7.25,Ribeirão Preto,SP,Sudeste,-21.17,-47.81
2020,196,1.78,0.6,0.35,30.8,53.12,1.65,13.76,6.28,Ribeirão Preto,SP,Sudeste,-21.17,-47.81
2020,197,0.26,0.6,0.36,30.53,60.03,1.62,15.2,6.88,Ribeirão Preto,SP,Sudeste,-21.17,-47.81
2020,198,0.03,0.6,0.35,28.31,57.61,2.06,16.09,7.24,Ribeirão Preto,SP,Sudeste,-21.17,-47.81
2020,199,0.14,0.6,0.34,30.34,51.29,1.69,16.02,7.26,Ribeirão Preto,SP,Sudeste,-21.17,-47.81
2020,200,0.04,0.6,0.33,29.56,53.41,2.83,15.16,6.83,Ribeirão Preto,SP,Sudeste,-21.17,-47.81
2020,201,0.12,0.6,0.33,28.0,53.42,3.15,17.85,7.92,Ribeirão Preto,SP,Sudeste,-21.17,-47.81
2020,202,0.0,0.6,0.32,29.5,51.16,2.67,18.06,8.01,Ribeirão Preto,SP,Sudeste,-21.17,-47.81
2020,203,0.0,0.6,0.31,31.07,51.85,2.06,18.11,8.09,Ribeirão Preto,SP,Sudeste,-21.17,-47.81
2020,204,0.05,0.6,0.31,31.37,49.69,1.16,18.06,8.11,Ribeirão Preto,SP,Sudeste,-21.17,-47.81
2020,205,0.01,0.6,0.3,31.27,45.04,2.09,18.24,8.1,Ribeirão Preto,SP,Sudeste,-21.17,-47.81
2020,206,0.0,0.6,0.29,30.12,44.41,2.88,18.43,8.16,Ribeirão Preto,SP,Sudeste,-21.17,-47.81
2020,207,0.0,0.6,0.29,31.68,45.8,2.53,18.52,8.15,Ribeirão Preto,SP,Sudeste,-21.17,-47.81
2020,208,0.0,0.6,0.28,30.43,48.18,2.7,17.98,8.04,Ribeirão Preto,SP,Sudeste,-21.17,-47.81
2020,209,0.0,0.6,0.28,30.82,52.24,2.97,16.84,7.64,Ribeirão Preto,SP,Sudeste,-21.17,-47.81
2020,210,0.0,0.6,0.27,31.77,43.03,2.89,17.53,7.8,Ribeirão Preto,SP,Sudeste,-21.17,-47.81
2020,211,0.0,0.6,0.27,31.17,43.07,2.02,16.77,7.55,Ribeirão Preto,SP,Sudeste,-21.17,-47.81
2020,212,0.0,0.6,0.26,30.68,55.78,3.33,17.38,7.77,Ribeirão Preto,SP,Sudeste,-21.17,-47.81
2020,213,0.01,0.6,0.26,29.04,53.04,3.0,16.79,7.6,Ribeirão Preto,SP,Sudeste,-21.17,-47.81
2020,214,0.01,0.6,0.26,29.1,50.75,1.98,16.64,7.47,Ribeirão Preto,SP,Sudeste,-21.17,-47.81
2020,215,0.0,0.6,0.25,29.33,50.36,2.28,18.44,8.18,Ribeirão Preto,SP,Sudeste,-21.17,-47.81
2020,216,0.0,0.6,0.25,29.26,43.44,2.62,19.53,8.61,Ribeirão Preto,SP,Sudeste,-21.17,-47.81
2020,217,0.0,0.59,0.24,29.14,42.15,2.64,19.83,8.66,Ribeirão Preto,SP,Sudeste,-21.17,-47.81
2020,218,0.0,0.59,0.24,28.92,42.08,3.03,19.61,8.57,Ribeirão Preto,SP,Sudeste,-21.17,-47.81
2020,219,0.18,0.59,0.24,29.14,44.29,3.06,19.37,8.51,Ribeirão Preto,SP,Sudeste,-21.17,-47.81
2020,220,0.0,0.59,0.24,29.43,40.49,2.35,20.29,8.86,Ribeirão Preto,SP,Sudeste,-21.17,-47.81
2020,221,0.0,0.59,0.24,29.72,40.63,1.91,16.09,7.1,Ribeirão Preto,SP,Sudeste,-21.17,-47.81
2020,222,0.0,0.59,0.23,28.96,40.5,2.53,17.21,7.58,Ribeirão Preto,SP,Sudeste,-21.17,-47.81
2020,223,0.0,0.59,0.23,30.58,41.48,2.32,20.09,8.82,Ribeirão Preto,SP,Sudeste,-21.17,-47.81
2020,224,0.0,0.59,0.23,31.75,41.77,1.89,18.3,8.18,Ribeirão Preto,SP,Sudeste,-21.17,-47.81
2020,225,0.0,0.59,0.22,31.84,42.91,3.24,19.76,8.8,Ribeirão Preto,SP,Sudeste,-21.17,-47.81
2020,226,0.0,0.59,0.22,33.89,41.92,3.35,16.91,7.58,Ribeirão Preto,SP,Sudeste,-21.17,-47.81
2020,227,0.0,0.59,0.22,34.35,42.68,2.72,18.26,8.3,Ribeirão Preto,SP,Sudeste,-21.17,-47.81
2020,228,0.0,0.59,0.22,33.79,42.03,2.9,18.13,8.29,Ribeirão Preto,SP,Sudeste,-21.17,-47.81
2020,229,0.02,0.59,0.21,33.88,38.88,2.39,11.18,5.18,Ribeirão Preto,SP,Sudeste,-21.17,-47.81
2020,230,0.23,0.59,0.21,33.06,40.17,2.59,9.26,4.25,Ribeirão Preto,SP,Sudeste,-21.17,-47.81
2020,231,0.0,0.59,0.22,34.39,40.12,2.51,16.03,7.24,Ribeirão Preto,SP,Sudeste,-21.17,-47.81
2020,232,0.0,0.59,0.21,35.61,39.97,4.13,19.15,8.54,Ribeirão Preto,SP,Sudeste,-21.17,-47.81
2020,233,0.02,0.59,0.21,35.27,47.85,3.53,15.91,7.14,Ribeirão Preto,SP,Sudeste,-21.17,-47.81
2020,234,1.61,0.59,0.22,23.96,62.71,4.59,2.99,1.57,Ribeirão Preto,SP,Sudeste,-21.17,-47.81
2020,235,1.56,0.6,0.31,24.01,63.13,3.23,13.97,6.35,Ribeirão Preto,SP,Sudeste,-21.17,-47.81
2020,236,0.02,0.6,0.31,26.95,57.14,3.29,21.32,9.54,Ribeirão Preto,SP,Sudeste,-21.17,-47.81
2020,237,0.0,0.6,0.31,29.26,51.35,3.11,21.38,9.52,Ribeirão Preto,SP,Sudeste,-21.17,-47.81
2020,238,0.01,0.6,0.3,29.19,42.94,2.96,23.01,9.95,Ribeirão Preto,SP,Sudeste,-21.17,-47.81
2020,239,0.03,0.6,0.29,30.73,39.45,3.04,23.61,10.02,Ribeirão Preto,SP,Sudeste,-21.17,-47.81
2020,240,0.52,0.6,0.29,31.98,42.94,2.85,22.78,9.98,Ribeirão Preto,SP,Sudeste,-21.17,-47.81
2020,241,0.01,0.6,0.29,33.41,43.91,3.31,22.92,10.08,Ribeirão Preto,SP,Sudeste,-21.17,-47.81
2020,242,0.0,0.6,0.28,34.0,42.1,3.03,22.79,10.11,Ribeirão Preto,SP,Sudeste,-21.17,-47.81
2020,243,0.0,0.6,0.28,35.1,37.38,2.37,22.73,10.15,Ribeirão Preto,SP,Sudeste,-21.17,-47.81
2020,244,0.0,0.6,0.27,35.3,37.3,2.74,22.44,9.99,Ribeirão Preto,SP,Sudeste,-21.17,-47.81
2020,245,0.0,0.6,0.26,34.13,47.2,3.4,21.46,9.63,Ribeirão Preto,SP,Sudeste,-21.17,-47.81
2020,246,0.0,0.6,0.26,32.5,45.57,3.99,21.08,9.47,Ribeirão Preto,SP,Sudeste,-21.17,-47.81
2020,247,0.0,0.6,0.25,33.83,37.91,3.02,23.29,10.35,Ribeirão Preto,SP,Sudeste,-21.17,-47.81
2020,248,0.0,0.59,0.24,35.98,32.47,2.2,23.59,10.49,Ribeirão Preto,SP,Sudeste,-21.17,-47.81
2020,249,0.0,0.59,0.24,35.57,28.25,2.88,23.76,10.48,Ribeirão Preto,SP,Sudeste,-21.17,-47.81
2020,250,0.12,0.59,0.23,35.13,30.76,2.27,23.41,10.37,Ribeirão Preto,SP,Sudeste,-21.17,-47.81
2020,251,0.0,0.59,0.23,36.29,31.91,1.98,23.52,10.33,Ribeirão Preto,SP,Sudeste,-21.17,-47.81
2020,252,0.0,0.59,0.22,37.19,30.06,1.9,22.98,10.09,Ribeirão Preto,SP,Sudeste,-21.17,-47.81
2020,253,0.0,0.59,0.22,37.57,31.81,2.24,23.02,10.28,Ribeirão Preto,SP,Sudeste,-21.17,-47.81
2020,254,0.0,0.59,0.21,37.18,29.3,2.4,21.55,9.57,Ribeirão Preto,SP,Sudeste,-21.17,-47.81
2020,255,0.0,0.59,0.21,36.81,29.22,2.22,21.5,9.44,Ribeirão Preto,SP,Sudeste,-21.17,-47.81
2020,256,0.0,0.59,0.2,37.58,26.95,3.06,21.5,9.62,Ribeirão Preto,SP,Sudeste,-21.17,-47.81
2020,257,0.0,0.59,0.2,36.05,29.56,3.47,23.43,10.4,Ribeirão Preto,SP,Sudeste,-21.17,-47.81
2020,258,0.0,0.59,0.2,35.22,27.56,2.42,23.27,10.19,Ribeirão Preto,SP,Sudeste,-21.17,-47.81
2020,259,0.01,0.59,0.19,34.92,36.0,2.68,19.38,8.51,Ribeirão Preto,SP,Sudeste,-21.17,-47.81
2020,260,0.0,0.59,0.19,35.28,37.26,3.01,23.23,10.42,Ribeirão Preto,SP,Sudeste,-21.17,-47.81
2020,261,0.0,0.59,0.19,37.16,32.11,2.28,22.28,9.83,Ribeirão Preto,SP,Sudeste,-21.17,-47.81
2020,262,0.0,0.59,0.19,37.43,28.86,2.28,19.23,8.49,Ribeirão Preto,SP,Sudeste,-21.17,-47.81
2020,263,0.95,0.59,0.19,36.02,43.52,1.92,6.11,2.54,Ribeirão Preto,SP,Sudeste,-21.17,-47.81
2020,264,0.55,0.59,0.22,31.88,53.95,1.32,2.83,1.23,Ribeirão Preto,SP,Sudeste,-21.17,-47.81
2020,265,3.2,0.6,0.31,30.95,64.51,2.06,11.34,4.92,Ribeirão Preto,SP,Sudeste,-21.17,-47.81
2020,266,5.89,0.61,0.49,26.49,71.21,2.88,11.75,5.36,Ribeirão Preto,SP,Sudeste,-21.17,-47.81
2020,267,0.01,0.61,0.53,23.33,71.2,3.29,16.62,7.68,Ribeirão Preto,SP,Sudeste,-21.17,-47.81
2020,268,0.0,0.61,0.49,33.31,59.64,2.39,25.63,11.65,Ribeirão Preto,SP,Sudeste,-21.17,-47.81
2020,269,0.0,0.6,0.44,35.61,48.56,1.57,25.52,11.6,Ribeirão Preto,SP,Sudeste,-21.17,-47.81
2020,270,0.0,0.6,0.39,37.3,35.37,2.62,25.82,11.71,Ribeirão Preto,SP,Sudeste,-21.17,-47.81
2020,271,0.0,0.6,0.36,39.15,31.42,2.44,25.16,11.15,Ribeirão Preto,SP,Sudeste,-21.17,-47.81
2020,272,0.02,0.6,0.32,39.5,30.29,2.24,23.9,10.77,Ribeirão Preto,SP,Sudeste,-21.17,-47.81
2020,273,1.99,0.6,0.36,39.7,36.66,1.98,24.1,10.86,Ribeirão Preto,SP,Sudeste,-21.17,-47.81
2020,274,0.31,0.6,0.34,39.66,37.2,3.04,23.55,10.45,Ribeirão Preto,SP,Sudeste,-21.17,-47.81
2020,275,0.18,0.6,0.32,40.45,36.77,2.97,23.02,10.39,Ribeirão Preto,SP,Sudeste,-21.17,-47.81
2020,276,0.0,0.6,0.3,40.98,28.68,1.8,24.82,11.17,Ribeirão Preto,SP,Sudeste,-21.17,-47.81
2020,277,0.13,0.6,0.28,40.76,28.82,2.32,21.72,9.54,Ribeirão Preto,SP,Sudeste,-21.17,-47.81
2020,278,0.42,0.6,0.28,40.36,38.43,2.84,22.37,9.93,Ribeirão Preto,SP,Sudeste,-21.17,-47.81
2020,279,0.47,0.6,0.27,41.41,35.3,2.99,23.5,10.62,Ribeirão Preto,SP,Sudeste,-21.17,-47.81
2020,280,0.37,0.6,0.27,41.27,30.04,2.82,20.75,9.3,Ribeirão Preto,SP,Sudeste,-21.17,-47.81
2020,281,1.07,0.6,0.28,37.37,33.55,2.62,21.56,9.49,Ribeirão Preto,SP,Sudeste,-21.17,-47.81
2020,282,0.12,0.6,0.28,40.45,35.0,2.02,11.78,5.32,Ribeirão Preto,SP,Sudeste,-21.17,-47.81
2020,283,0.58,0.6,0.28,35.91,46.21,3.25,11.79,5.06,Ribeirão Preto,SP,Sudeste,-21.17,-47.81
2020,284,3.85,0.6,0.39,35.6,45.9,3.53,16.83,7.5,Ribeirão Preto,SP,Sudeste,-21.17,-47.81
2020,285,0.04,0.6,0.39,36.33,42.75,3.25,21.76,9.68,Ribeirão Preto,SP,Sudeste,-21.17,-47.81
2020,286,0.12,0.6,0.36,36.87,42.78,2.92,24.72,11.12,Ribeirão Preto,SP,Sudeste,-21.17,-47.81
2020,287,0.33,0.6,0.34,38.27,39.46,1.75,24.79,10.98,Ribeirão Preto,SP,Sudeste,-21.17,-47.81
2020,288,0.31,0.6,0.33,37.64,41.1,1.98,18.73,8.37,Ribeirão Preto,SP,Sudeste,-21.17,-47.81
2020,289,3.69,0.6,0.4,33.49,53.69,2.09,9.13,4.39,Ribeirão Preto,SP,Sudeste,-21.17,-47.81
2020,290,0.61,0.6,0.42,31.4,62.89,2.78,11.3,5.31,Ribeirão Preto,SP,Sudeste,-21.17,-47.81
2020,291,2.03,0.6,0.42,33.32,59.75,3.0,23.15,10.59,Ribeirão Preto,SP,Sudeste,-21.17,-47.81
2020,292,0.81,0.6,0.45,34.04,60.07,3.04,20.84,9.59,Ribeirão Preto,SP,Sudeste,-21.17,-47.81
2020,293,9.85,0.61,0.56,29.84,71.17,3.73,13.94,6.53,Ribeirão Preto,SP,Sudeste,-21.17,-47.81
2020,294,5.04,0.62,0.64,29.22,75.15,2.94,11.3,5.52,Ribeirão Preto,SP,Sudeste,-21.17,-47.81
2020,295,7.87,0.64,0.67,30.45,72.91,2.01,21.0,9.82,Ribeirão Preto,SP,Sudeste,-21.17,-47.81
2020,296,0.97,0.64,0.61,30.44,68.33,3.83,24.85,11.62,Ribeirão Preto,SP,Sudeste,-21.17,-47.81
2020,297,0.52,0.63,0.61,29.98,63.64,3.89,24.53,11.44,Ribeirão Preto,SP,Sudeste,-21.17,-47.81
2020,298,3.23,0.63,0.63,23.93,82.76,2.49,10.85,5.41,Ribeirão Preto,SP,Sudeste,-21.17,-47.81
2020,299,5.87,0.64,0.65,32.53,67.12,1.92,20.55,9.64,Ribeirão Preto,SP,Sudeste,-21.17,-47.81
2020,300,0.23,0.64,0.61,33.65,62.84,1.96,26.63,12.18,Ribeirão Preto,SP,Sudeste,-21.17,-47.81
2020,301,0.07,0.63,0.6,33.07,65.0,2.62,22.14,10.16,Ribeirão Preto,SP,Sudeste,-21.17,-47.81
2020,302,0.01,0.63,0.59,34.72,56.79,2.31,30.47,13.55,Ribeirão Preto,SP,Sudeste,-21.17,-47.81
2020,303,3.11,0.62,0.62,27.95,78.52,1.35,19.81,9.22,Ribeirão Preto,SP,Sudeste,-21.17,-47.81
2020,304,5.64,0.63,0.65,29.71,74.29,2.31,12.37,6.0,Ribeirão Preto,SP,Sudeste,-21.17,-47.81
2020,305,0.19,0.63,0.61,31.67,63.23,3.17,19.31,8.91,Ribeirão Preto,SP,Sudeste,-21.17,-47.81
2020,306,0.0,0.63,0.59,30.06,56.42,3.79,24.85,11.36,Ribeirão Preto,SP,Sudeste,-21.17,-47.81
2020,307,0.0,0.62,0.59,30.75,52.48,2.33,30.23,13.65,Ribeirão Preto,SP,Sudeste,-21.17,-47.81
2020,308,4.13,0.62,0.61,30.58,54.92,2.88,20.04,9.22,Ribeirão Preto,SP,Sudeste,-21.17,-47.81
2020,309,0.44,0.62,0.59,31.63,55.5,2.16,28.09,12.57,Ribeirão Preto,SP,Sudeste,-21.17,-47.81
2020,310,0.0,0.62,0.57,33.01,48.32,2.78,27.72,12.48,Ribeirão Preto,SP,Sudeste,-21.17,-47.81
2020,311,0.0,0.61,0.53,34.16,44.01,2.31,30.92,13.72,Ribeirão Preto,SP,Sudeste,-21.17,-47.81
2020,312,0.0,0.61,0.49,37.0,42.3,2.33,30.36,13.41,Ribeirão Preto,SP,Sudeste,-21.17,-47.81
2020,313,0.13,0.6,0.43,38.46,37.02,1.74,29.36,13.08,Ribeirão Preto,SP,Sudeste,-21.17,-47.81
2020,314,3.07,0.6,0.41,38.36,50.81,2.32,25.36,11.46,Ribeirão Preto,SP,Sudeste,-21.17,-47.81
2020,315,4.37,0.61,0.56,29.3,69.43,1.67,17.01,7.99,Ribeirão Preto,SP,Sudeste,-21.17,-47.81
2020,316,5.58,0.61,0.61,28.2,72.18,1.3,19.84,9.25,Ribeirão Preto,SP,Sudeste,-21.17,-47.81
2020,317,5.48,0.62,0.64,32.84,68.97,1.67,22.08,10.24,Ribeirão Preto,SP,Sudeste,-21.17,-47.81
2020,318,7.65,0.63,0.67,30.5,73.96,1.4,22.0,10.17,Ribeirão Preto,SP,Sudeste,-21.17,-47.81
2020,319,0.41,0.64,0.62,30.92,68.05,1.84,20.84,9.67,Ribeirão Preto,SP,Sudeste,-21.17,-47.81
2020,320,0.05,0.63,0.59,35.43,58.82,1.59,25.82,12.0,Ribeirão Preto,SP,Sudeste,-21.17,-47.81
2020,321,7.43,0.63,0.64,32.6,67.74,2.11,19.96,9.4,Ribeirão Preto,SP,Sudeste,-21.17,-47.81
2020,322,2.08,0.64,0.62,34.14,63.98,1.98,19.44,9.2,Ribeirão Preto,SP,Sudeste,-21.17,-47.81
2020,323,4.05,0.64,0.64,29.52,77.1,2.1,15.89,7.54,Ribeirão Preto,SP,Sudeste,-21.17,-47.81
2020,324,4.54,0.64,0.65,29.82,75.93,3.28,15.28,7.34,Ribeirão Preto,SP,Sudeste,-21.17,-47.81
2020,325,0.06,0.64,0.61,31.86,59.58,2.71,27.7,12.5,Ribeirão Preto,SP,Sudeste,-21.17,-47.81
2020,326,0.08,0.63,0.6,33.07,55.32,2.32,30.94,13.92,Ribeirão Preto,SP,Sudeste,-21.17,-47.81
2020,327,0.84,0.63,0.59,33.55,55.11,2.38,26.84,12.13,Ribeirão Preto,SP,Sudeste,-21.17,-47.81
2020,328,0.97,0.62,0.59,33.97,57.25,2.91,28.79,13.09,Ribeirão Preto,SP,Sudeste,-21.17,-47.81
2020,329,0.48,0.62,0.58,33.59,60.69,2.8,28.25,12.9,Ribeirão Preto,SP,Sudeste,-21.17,-47.81
2020,330,0.37,0.62,0.56,33.17,60.27,2.95,28.62,13.11,Ribeirão Preto,SP,Sudeste,-21.17,-47.81
2020,331,1.45,0.61,0.55,33.47,60.88,2.21,25.24,11.68,Ribeirão Preto,SP,Sudeste,-21.17,-47.81
2020,332,0.35,0.61,0.53,34.91,55.34,1.61,27.91,12.91,Ribeirão Preto,SP,Sudeste,-21.17,-47.81
2020,333,0.04,0.61,0.49,35.03,51.49,2.6,28.36,13.09,Ribeirão Preto,SP,Sudeste,-21.17,-47.81
2020,334,0.02,0.61,0.45,35.22,49.55,2.84,25.82,11.91,Ribeirão Preto,SP,Sudeste,-21.17,-47.81
2020,335,1.63,0.6,0.42,31.81,55.45,2.01,24.04,11.17,Ribeirão Preto,SP,Sudeste,-21.17,-47.81
2020,336,6.1,0.61,0.48,35.83,57.98,1.49,24.59,11.53,Ribeirão Preto,SP,Sudeste,-21.17,-47.81
2020,337,10.21,0.63,0.68,28.08,76.29,1.14,15.09,7.18,Ribeirão Preto,SP,Sudeste,-21.17,-47.81
2020,338,4.32,0.63,0.64,32.71,71.77,2.37,18.83,8.92,Ribeirão Preto,SP,Sudeste,-21.17,-47.81
2020,339,0.87,0.63,0.61,35.19,61.63,1.54,25.45,11.88,Ribeirão Preto,SP,Sudeste,-21.17,-47.81
2020,340,11.32,0.63,0.66,34.96,67.61,2.21,20.98,9.85,Ribeirão Preto,SP,Sudeste,-21.17,-47.81
2020,341,12.44,0.65,0.7,29.67,76.87,1.63,17.33,8.2,Ribeirão Preto,SP,Sudeste,-21.17,-47.81
2020,342,8.21,0.67,0.69,30.48,78.06,2.06,12.48,6.06,Ribeirão Preto,SP,Sudeste,-21.17,-47.81
2020,343,5.77,0.68,0.68,28.61,80.28,2.03,17.62,8.29,Ribeirão Preto,SP,Sudeste,-21.17,-47.81
2020,344,6.63,0.68,0.68,29.66,77.98,1.13,21.9,10.15,Ribeirão Preto,SP,Sudeste,-21.17,-47.81
2020,345,1.63,0.68,0.66,30.76,70.05,1.33,24.76,11.45,Ribeirão Preto,SP,Sudeste,-21.17,-47.81
2020,346,1.83,0.68,0.65,28.39,72.34,1.83,13.16,6.46,Ribeirão Preto,SP,Sudeste,-21.17,-47.81
2020,347,9.53,0.68,0.68,30.39,76.4,1.97,17.79,8.48,Ribeirão Preto,SP,Sudeste,-21.17,-47.81
2020,348,10.14,0.7,0.73,28.09,85.34,1.78,20.47,9.69,Ribeirão Preto,SP,Sudeste,-21.17,-47.81
2020,349,4.06,0.7,0.69,31.75,73.07,2.0,22.46,10.56,Ribeirão Preto,SP,Sudeste,-21.17,-47.81
2020,350,5.53,0.7,0.7,31.58,74.83,1.63,20.33,9.57,Ribeirão Preto,SP,Sudeste,-21.17,-47.81
2020,351,2.63,0.7,0.69,29.22,74.55,0.93,21.84,10.21,Ribeirão Preto,SP,Sudeste,-21.17,-47.81
2020,352,1.92,0.7,0.68,30.05,70.38,0.88,19.42,9.15,Ribeirão Preto,SP,Sudeste,-21.17,-47.81
2020,353,3.53,0.7,0.67,33.3,69.69,1.87,26.77,12.39,Ribeirão Preto,SP,Sudeste,-21.17,-47.81
2020,354,4.34,0.7,0.69,31.49,73.44,1.86,28.47,13.16,Ribeirão Preto,SP,Sudeste,-21.17,-47.81
2020,355,2.19,0.7,0.67,31.48,71.03,1.1,18.82,9.0,Ribeirão Preto,SP,Sudeste,-21.17,-47.81
2020,356,0.59,0.69,0.65,33.38,67.13,1.02,25.24,11.83,Ribeirão Preto,SP,Sudeste,-21.17,-47.81
2020,357,3.24,0.69,0.67,28.07,81.78,1.55,19.11,9.07,Ribeirão Preto,SP,Sudeste,-21.17,-47.81
2020,358,8.21,0.69,0.7,31.21,75.5,1.34,21.96,10.3,Ribeirão Preto,SP,Sudeste,-21.17,-47.81
2020,359,5.87,0.7,0.68,31.09,74.05,2.84,24.59,11.44,Ribeirão Preto,SP,Sudeste,-21.17,-47.81
2020,360,9.71,0.7,0.71,31.11,78.43,2.07,19.68,9.32,Ribeirão Preto,SP,Sudeste,-21.17,-47.81
2020,361,8.17,0.71,0.71,29.41,79.09,3.09,20.74,9.76,Ribeirão Preto,SP,Sudeste,-21.17,-47.81
2020,362,14.15,0.72,0.77,27.9,83.78,1.54,17.46,8.38,Ribeirão Preto,SP,Sudeste,-21.17,-47.81
2020,363,8.63,0.73,0.75,29.1,80.65,1.73,17.89,8.55,Ribeirão Preto,SP,Sudeste,-21.17,-47.81
2020,364,16.32,0.75,0.8,26.02,86.57,1.88,16.9,7.92,Ribeirão Preto,SP,Sudeste,-21.17,-47.81
2020,365,1.2,0.76,0.76,29.19,77.68,1.95,16.55,7.89,Ribeirão Preto,SP,Sudeste,-21.17,-47.81
2020,366,2.19,0.75,0.74,29.6,73.97,1.98,11.32,5.53,Ribeirão Preto,SP,Sudeste,-21.17,-47.81
2021,1,3.99,0.74,0.74,28.35,80.09,1.48,18.97,8.96,Ribeirão Preto,SP,Sudeste,-21.17,-47.81
2021,2,3.3,0.74,0.73,29.88,77.66,1.33,18.59,8.66,Ribeirão Preto,SP,Sudeste,-21.17,-47.81
2021,3,8.71,0.74,0.75,29.49,77.16,1.43,25.09,11.57,Ribeirão Preto,SP,Sudeste,-21.17,-47.81
2021,4,2.3,0.74,0.73,30.63,70.96,1.75,28.05,12.97,Ribeirão Preto,SP,Sudeste,-21.17,-47.81
2021,5,0.84,0.73,0.7,31.18,70.99,1.79,24.48,11.35,Ribeirão Preto,SP,Sudeste,-21.17,-47.81
2021,6,6.14,0.72,0.71,30.69,74.54,1.75,19.4,9.19,Ribeirão Preto,SP,Sudeste,-21.17,-47.81
2021,7,16.29,0.73,0.77,30.84,76.08,1.96,19.57,9.23,Ribeirão Preto,SP,Sudeste,-21.17,-47.81
2021,8,5.52,0.75,0.77,28.71,82.1,1.79,22.75,10.63,Ribeirão Preto,SP,Sudeste,-21.17,-47.81
2021,9,0.94,0.74,0.73,30.91,75.76,1.35,21.94,10.19,Ribeirão Preto,SP,Sudeste,-21.17,-47.81
2021,10,4.61,0.74,0.74,27.87,80.74,1.35,13.32,6.37,Ribeirão Preto,SP,Sudeste,-21.17,-47.81
2021,11,5.58,0.74,0.74,29.2,81.93,1.81,21.05,9.93,Ribeirão Preto,SP,Sudeste,-21.17,-47.81
2021,12,5.29,0.74,0.75,27.78,86.16,1.42,16.63,7.89,Ribeirão Preto,SP,Sudeste,-21.17,-47.81
2021,13,3.14,0.74,0.74,28.6,83.48,1.05,19.08,8.92,Ribeirão Preto,SP,Sudeste,-21.17,-47.81
2021,14,14.21,0.76,0.81,27.29,84.41,2.54,19.6,9.25,Ribeirão Preto,SP,Sudeste,-21.17,-47.81
2021,15,4.9,0.76,0.78,26.72,85.09,1.82,12.22,6.03,Ribeirão Preto,SP,Sudeste,-21.17,-47.81
2021,16,4.3,0.76,0.77,28.58,80.9,2.3,20.84,9.86,Ribeirão Preto,SP,Sudeste,-21.17,-47.81
2021,17,2.12,0.75,0.75,26.87,84.07,2.22,18.11,8.58,Ribeirão Preto,SP,Sudeste,-21.17,-47.81
2021,18,2.05,0.75,0.74,29.51,77.7,2.01,22.63,10.53,Ribeirão Preto,SP,Sudeste,-21.17,-47.81
2021,19,1.75,0.74,0.73,31.39,72.0,1.21,24.17,11.24,Ribeirão Preto,SP,Sudeste,-21.17,-47.81
2021,20,0.03,0.73,0.7,32.02,65.99,1.43,27.02,12.37,Ribeirão Preto,SP,Sudeste,-21.17,-47.81
2021,21,0.0,0.72,0.68,31.94,63.76,2.23,28.46,12.98,Ribeirão Preto,SP,Sudeste,-21.17,-47.81
2021,22,0.05,0.71,0.66,31.75,65.25,2.48,28.65,13.01,Ribeirão Preto,SP,Sudeste,-21.17,-47.81
2021,23,0.05,0.7,0.66,32.35,65.14,2.1,27.21,12.37,Ribeirão Preto,SP,Sudeste,-21.17,-47.81
2021,24,0.18,0.69,0.65,31.67,67.61,1.84,23.48,10.65,Ribeirão Preto,SP,Sudeste,-21.17,-47.81
2021,25,0.97,0.69,0.65,32.39,65.53,1.55,24.77,11.25,Ribeirão Preto,SP,Sudeste,-21.17,-47.81
2021,26,1.34,0.68,0.65,33.11,65.78,1.74,22.81,10.49,Ribeirão Preto,SP,Sudeste,-21.17,-47.81
2021,27,2.61,0.68,0.66,29.45,70.12,1.88,25.79,11.86,Ribeirão Preto,SP,Sudeste,-21.17,-47.81
2021,28,0.46,0.68,0.64,32.64,63.61,1.47,23.2,10.72,Ribeirão Preto,SP,Sudeste,-21.17,-47.81
2021,29,0.0,0.67,0.62,34.15,54.13,1.53,24.5,11.33,Ribeirão Preto,SP,Sudeste,-21.17,-47.81
2021,30,0.0,0.66,0.62,35.48,52.04,1.38,28.35,12.84,Ribeirão Preto,SP,Sudeste,-21.17,-47.81
2021,31,3.21,0.66,0.63,34.52,57.15,1.01,24.91,11.44,Ribeirão Preto,SP,Sudeste,-21.17,-47.81
2021,32,2.2,0.66,0.63,33.8,67.15,2.01,16.9,8.0,Ribeirão Preto,SP,Sudeste,-21.17,-47.81
2021,33,5.18,0.66,0.65,33.96,65.83,1.72,24.63,11.4,Ribeirão Preto,SP,Sudeste,-21.17,-47.81
2021,34,2.75,0.66,0.64,33.7,63.98,1.59,27.03,12.57,Ribeirão Preto,SP,Sudeste,-21.17,-47.81
2021,35,1.39,0.66,0.63,33.16,68.73,2.23,24.17,11.2,Ribeirão Preto,SP,Sudeste,-21.17,-47.81
2021,36,12.6,0.66,0.67,32.39,75.09,2.77,18.87,8.98,Ribeirão Preto,SP,Sudeste,-21.17,-47.81
2021,37,1.95,0.67,0.66,30.98,71.35,2.29,22.69,10.47,Ribeirão Preto,SP,Sudeste,-21.17,-47.81
2021,38,0.1,0.67,0.62,31.42,64.21,1.67,26.31,12.07,Ribeirão Preto,SP,Sudeste,-21.17,-47.81
2021,39,0.7,0.66,0.62,30.95,65.23,1.47,25.96,11.76,Ribeirão Preto,SP,Sudeste,-21.17,-47.81
2021,40,0.98,0.66,0.62,31.55,65.27,1.55,26.04,11.96,Ribeirão Preto,SP,Sudeste,-21.17,-47.81
2021,41,0.66,0.65,0.61,32.33,65.04,1.65,26.8,12.33,Ribeirão Preto,SP,Sudeste,-21.17,-47.81
2021,42,9.06,0.65,0.66,28.55,73.47,1.36,9.9,4.82,Ribeirão Preto,SP,Sudeste,-21.17,-47.81
2021,43,6.08,0.67,0.69,25.12,87.88,2.07,12.1,5.83,Ribeirão Preto,SP,Sudeste,-21.17,-47.81
2021,44,9.92,0.68,0.7,27.27,82.26,1.8,15.0,7.1,Ribeirão Preto,SP,Sudeste,-21.17,-47.81
2021,45,2.78,0.68,0.67,28.82,75.78,1.76,19.69,9.19,Ribeirão Preto,SP,Sudeste,-21.17,-47.81
2021,46,4.1,0.69,0.67,26.9,76.67,1.58,21.44,9.92,Ribeirão Preto,SP,Sudeste,-21.17,-47.81
2021,47,0.18,0.68,0.64,32.15,69.9,2.02,23.18,10.69,Ribeirão Preto,SP,Sudeste,-21.17,-47.81
2021,48,4.37,0.68,0.66,32.35,67.86,1.2,14.9,7.01,Ribeirão Preto,SP,Sudeste,-21.17,-47.81
2021,49,0.41,0.68,0.64,32.17,71.38,1.8,25.4,11.67,Ribeirão Preto,SP,Sudeste,-21.17,-47.81
2021,50,0.06,0.67,0.62,33.66,58.35,1.75,28.19,12.57,Ribeirão Preto,SP,Sudeste,-21.17,-47.81
2021,51,0.04,0.66,0.62,34.23,49.05,1.38,26.57,12.0,Ribeirão Preto,SP,Sudeste,-21.17,-47.81
2021,52,1.28,0.66,0.62,34.5,63.25,1.79,23.82,11.06,Ribeirão Preto,SP,Sudeste,-21.17,-47.81
2021,53,3.65,0.65,0.63,32.82,69.8,1.57,26.17,12.09,Ribeirão Preto,SP,Sudeste,-21.17,-47.81
2021,54,0.39,0.65,0.62,34.07,62.69,1.56,26.95,12.42,Ribeirão Preto,SP,Sudeste,-21.17,-47.81
2021,55,2.64,0.65,0.61,34.79,60.4,1.94,25.97,12.04,Ribeirão Preto,SP,Sudeste,-21.17,-47.81
2021,56,8.35,0.65,0.66,32.48,68.89,1.9,15.17,7.26,Ribeirão Preto,SP,Sudeste,-21.17,-47.81
2021,57,8.61,0.66,0.69,25.49,83.33,1.73,15.77,7.48,Ribeirão Preto,SP,Sudeste,-21.17,-47.81
2021,58,7.12,0.67,0.66,30.01,76.56,2.08,16.31,7.71,Ribeirão Preto,SP,Sudeste,-21.17,-47.81
2021,59,2.31,0.68,0.67,31.09,73.45,2.05,18.11,8.49,Ribeirão Preto,SP,Sudeste,-21.17,-47.81
2021,60,0.23,0.67,0.64,30.08,72.21,2.01,20.56,9.53,Ribeirão Preto,SP,Sudeste,-21.17,-47.81
2021,61,0.44,0.67,0.63,31.38,67.79,2.72,22.93,10.53,Ribeirão Preto,SP,Sudeste,-21.17,-47.81
2021,62,0.02,0.66,0.62,30.28,63.47,2.26,20.18,9.31,Ribeirão Preto,SP,Sudeste,-21.17,-47.81
2021,63,2.48,0.66,0.63,29.19,72.72,2.08,20.51,9.54,Ribeirão Preto,SP,Sudeste,-21.17,-47.81
2021,64,4.96,0.66,0.65,28.15,80.4,2.4,14.69,6.98,Ribeirão Preto,SP,Sudeste,-21.17,-47.81
2021,65,12.89,0.67,0.71,25.78,87.15,2.47,14.21,6.85,Ribeirão Preto,SP,Sudeste,-21.17,-47.81
2021,66,16.76,0.7,0.74,27.14,80.7,2.64,11.79,5.82,Ribeirão Preto,SP,Sudeste,-21.17,-47.81
2021,67,0.97,0.71,0.69,25.36,84.78,1.55,17.98,8.39,Ribeirão Preto,SP,Sudeste,-21.17,-47.81
2021,68,4.55,0.7,0.69,28.64,79.83,1.45,22.98,10.58,Ribeirão Preto,SP,Sudeste,-21.17,-47.81
2021,69,0.2,0.7,0.67,30.08,71.63,1.31,24.11,11.04,Ribeirão Preto,SP,Sudeste,-21.17,-47.81
2021,70,0.27,0.69,0.66,30.72,69.15,1.9,24.06,11.05,Ribeirão Preto,SP,Sudeste,-21.17,-47.81
2021,71,0.09,0.69,0.64,32.74,63.3,1.35,23.57,10.76,Ribeirão Preto,SP,Sudeste,-21.17,-47.81
2021,72,1.98,0.68,0.65,33.13,60.29,0.96,24.5,11.16,Ribeirão Preto,SP,Sudeste,-21.17,-47.81
2021,73,7.02,0.68,0.68,29.55,76.56,1.26,21.11,9.85,Ribeirão Preto,SP,Sudeste,-21.17,-47.81
2021,74,3.34,0.69,0.68,31.13,72.64,1.54,21.81,10.09,Ribeirão Preto,SP,Sudeste,-21.17,-47.81
2021,75,0.73,0.68,0.65,31.33,66.32,1.42,23.69,10.89,Ribeirão Preto,SP,Sudeste,-21.17,-47.81
2021,76,1.47,0.68,0.65,31.41,68.37,1.73,21.53,9.96,Ribeirão Preto,SP,Sudeste,-21.17,-47.81
2021,77,0.96,0.67,0.64,32.11,67.36,1.55,9.17,4.5,Ribeirão Preto,SP,Sudeste,-21.17,-47.81
2021,78,4.54,0.67,0.66,31.11,69.1,1.67,18.34,8.61,Ribeirão Preto,SP,Sudeste,-21.17,-47.81
2021,79,0.25,0.67,0.63,32.81,67.46,2.21,22.7,10.54,Ribeirão Preto,SP,Sudeste,-21.17,-47.81
2021,80,0.03,0.66,0.62,32.01,65.07,2.27,24.63,11.29,Ribeirão Preto,SP,Sudeste,-21.17,-47.81
2021,81,0.0,0.66,0.61,33.64,61.92,1.48,23.82,10.86,Ribeirão Preto,SP,Sudeste,-21.17,-47.81
2021,82,0.0,0.65,0.61,34.21,59.17,0.82,21.46,9.64,Ribeirão Preto,SP,Sudeste,-21.17,-47.81
2021,83,0.17,0.65,0.61,34.14,62.54,1.1,20.98,9.48,Ribeirão Preto,SP,Sudeste,-21.17,-47.81
2021,84,0.46,0.64,0.61,34.35,63.69,1.49,23.14,10.52,Ribeirão Preto,SP,Sudeste,-21.17,-47.81
2021,85,2.96,0.64,0.62,33.43,65.5,1.2,22.63,10.23,Ribeirão Preto,SP,Sudeste,-21.17,-47.81
2021,86,0.36,0.64,0.61,34.25,63.76,1.59,23.45,10.65,Ribeirão Preto,SP,Sudeste,-21.17,-47.81
2021,87,0.91,0.64,0.61,34.01,63.01,1.08,21.72,9.91,Ribeirão Preto,SP,Sudeste,-21.17,-47.81
2021,88,0.65,0.63,0.6,34.25,61.92,1.59,21.67,9.99,Ribeirão Preto,SP,Sudeste,-21.17,-47.81
2021,89,0.2,0.63,0.6,34.17,61.27,2.16,22.93,10.53,Ribeirão Preto,SP,Sudeste,-21.17,-47.81
2021,90,0.14,0.62,0.59,32.44,59.91,2.47,20.84,9.6,Ribeirão Preto,SP,Sudeste,-21.17,-47.81
2021,91,0.01,0.62,0.58,31.4,59.87,1.97,21.3,9.61,Ribeirão Preto,SP,Sudeste,-21.17,-47.81
2021,92,0.0,0.62,0.57,32.49,57.05,1.83,24.56,11.09,Ribeirão Preto,SP,Sudeste,-21.17,-47.81
2021,93,0.01,0.61,0.54,33.38,57.04,2.14,22.64,10.17,Ribeirão Preto,SP,Sudeste,-21.17,-47.81
2021,94,0.19,0.61,0.52,32.3,61.86,1.73,21.47,9.72,Ribeirão Preto,SP,Sudeste,-21.17,-47.81
2021,95,0.35,0.61,0.5,31.85,64.25,1.88,20.4,9.34,Ribeirão Preto,SP,Sudeste,-21.17,-47.81
2021,96,2.43,0.61,0.5,26.55,77.19,1.89,9.92,4.77,Ribeirão Preto,SP,Sudeste,-21.17,-47.81
2021,97,1.06,0.61,0.52,31.33,69.19,2.02,19.95,9.13,Ribeirão Preto,SP,Sudeste,-21.17,-47.81
2021,98,0.2,0.61,0.49,31.81,61.24,3.33,22.92,10.43,Ribeirão Preto,SP,Sudeste,-21.17,-47.81
2021,99,1.32,0.61,0.48,30.97,59.53,3.01,22.27,10.01,Ribeirão Preto,SP,Sudeste,-21.17,-47.81
2021,100,0.29,0.61,0.45,31.83,53.55,2.21,23.6,10.53,Ribeirão Preto,SP,Sudeste,-21.17,-47.81
2021,101,0.03,0.61,0.44,32.52,47.99,1.74,23.81,10.45,Ribeirão Preto,SP,Sudeste,-21.17,-47.81
2021,102,0.0,0.6,0.42,33.43,41.95,1.15,23.58,10.44,Ribeirão Preto,SP,Sudeste,-21.17,-47.81
2021,103,0.01,0.6,0.4,33.87,47.57,1.99,11.6,5.42,Ribeirão Preto,SP,Sudeste,-21.17,-47.81
2021,104,0.54,0.6,0.38,31.11,60.53,1.65,19.43,8.84,Ribeirão Preto,SP,Sudeste,-21.17,-47.81
2021,105,0.41,0.6,0.37,31.51,57.3,1.73,20.38,9.31,Ribeirão Preto,SP,Sudeste,-21.17,-47.81
2021,106,2.97,0.6,0.39,31.86,57.17,1.83,18.33,8.39,Ribeirão Preto,SP,Sudeste,-21.17,-47.81
2021,107,6.89,0.61,0.53,30.38,63.05,1.76,14.15,6.6,Ribeirão Preto,SP,Sudeste,-21.17,-47.81
2021,108,5.92,0.62,0.65,27.73,71.97,1.12,12.14,5.73,Ribeirão Preto,SP,Sudeste,-21.17,-47.81
2021,109,0.65,0.62,0.61,29.05,70.32,2.2,17.65,8.01,Ribeirão Preto,SP,Sudeste,-21.17,-47.81
2021,110,0.04,0.62,0.59,29.57,64.09,2.71,20.75,9.41,Ribeirão Preto,SP,Sudeste,-21.17,-47.81
2021,111,0.08,0.62,0.58,29.56,64.38,2.0,21.85,9.85,Ribeirão Preto,SP,Sudeste,-21.17,-47.81
2021,112,0.01,0.61,0.56,29.24,65.14,1.85,20.85,9.38,Ribeirão Preto,SP,Sudeste,-21.17,-47.81
2021,113,0.02,0.61,0.53,29.98,61.5,1.52,21.75,9.7,Ribeirão Preto,SP,Sudeste,-21.17,-47.81
2021,114,0.01,0.61,0.5,31.76,52.38,1.46,20.84,9.35,Ribeirão Preto,SP,Sudeste,-21.17,-47.81
2021,115,0.01,0.61,0.46,32.12,47.37,1.58,19.61,8.91,Ribeirão Preto,SP,Sudeste,-21.17,-47.81
2021,116,0.17,0.6,0.43,32.1,50.57,1.26,17.78,8.14,Ribeirão Preto,SP,Sudeste,-21.17,-47.81
2021,117,0.27,0.6,0.42,30.97,55.21,1.85,17.11,7.7,Ribeirão Preto,SP,Sudeste,-21.17,-47.81
2021,118,0.0,0.6,0.39,31.38,47.91,1.75,20.71,9.08,Ribeirão Preto,SP,Sudeste,-21.17,-47.81
2021,119,0.0,0.6,0.38,30.23,54.52,1.84,19.38,8.66,Ribeirão Preto,SP,Sudeste,-21.17,-47.81
2021,120,0.0,0.6,0.36,29.19,58.97,2.67,18.55,8.44,Ribeirão Preto,SP,Sudeste,-21.17,-47.81
2021,121,0.0,0.6,0.35,28.05,57.37,2.62,14.25,6.58,Ribeirão Preto,SP,Sudeste,-21.17,-47.81
2021,122,0.0,0.6,0.34,30.71,51.6,2.0,19.17,8.65,Ribeirão Preto,SP,Sudeste,-21.17,-47.81
2021,123,0.01,0.6,0.33,31.2,49.8,1.49,20.17,9.0,Ribeirão Preto,SP,Sudeste,-21.17,-47.81
2021,124,0.0,0.6,0.32,31.45,48.77,1.63,18.91,8.46,Ribeirão Preto,SP,Sudeste,-21.17,-47.81
2021,125,0.0,0.6,0.31,31.9,45.52,1.49,19.89,8.78,Ribeirão Preto,SP,Sudeste,-21.17,-47.81
2021,126,0.0,0.6,0.3,31.55,39.65,1.73,18.63,8.19,Ribeirão Preto,SP,Sudeste,-21.17,-47.81
2021,127,0.0,0.6,0.29,31.11,50.0,2.35,16.93,7.65,Ribeirão Preto,SP,Sudeste,-21.17,-47.81
2021,128,0.0,0.6,0.29,31.03,55.13,1.79,18.16,8.23,Ribeirão Preto,SP,Sudeste,-21.17,-47.81
2021,129,0.01,0.6,0.28,30.65,55.54,1.81,17.61,7.98,Ribeirão Preto,SP,Sudeste,-21.17,-47.81
2021,130,0.0,0.6,0.28,30.06,52.34,1.55,15.5,7.02,Ribeirão Preto,SP,Sudeste,-21.17,-47.81
2021,131,0.02,0.6,0.27,30.9,49.07,1.7,15.44,6.96,Ribeirão Preto,SP,Sudeste,-21.17,-47.81
2021,132,0.0,0.6,0.27,30.69,48.76,2.31,13.53,6.07,Ribeirão Preto,SP,Sudeste,-21.17,-47.81
2021,133,0.42,0.6,0.27,26.73,65.45,1.64,15.03,6.8,Ribeirão Preto,SP,Sudeste,-21.17,-47.81
2021,134,0.73,0.6,0.27,28.78,63.1,1.92,15.56,7.05,Ribeirão Preto,SP,Sudeste,-21.17,-47.81
2021,135,2.74,0.6,0.31,28.34,59.94,1.53,11.05,4.99,Ribeirão Preto,SP,Sudeste,-21.17,-47.81
2021,136,0.06,0.6,0.35,29.77,53.5,1.61,16.11,7.18,Ribeirão Preto,SP,Sudeste,-21.17,-47.81
2021,137,0.0,0.6,0.34,29.46,51.26,2.03,17.46,7.74,Ribeirão Preto,SP,Sudeste,-21.17,-47.81
2021,138,0.01,0.6,0.33,29.33,50.09,1.95,16.74,7.46,Ribeirão Preto,SP,Sudeste,-21.17,-47.81
2021,139,0.0,0.6,0.32,29.92,43.69,1.61,18.58,8.16,Ribeirão Preto,SP,Sudeste,-21.17,-47.81
2021,140,0.0,0.6,0.31,30.28,37.31,1.54,18.41,8.03,Ribeirão Preto,SP,Sudeste,-21.17,-47.81
2021,141,0.11,0.6,0.3,30.75,41.9,1.45,13.5,5.94,Ribeirão Preto,SP,Sudeste,-21.17,-47.81
2021,142,1.82,0.6,0.33,28.28,58.26,2.28,6.21,2.96,Ribeirão Preto,SP,Sudeste,-21.17,-47.81
2021,143,2.24,0.6,0.42,26.44,75.44,3.26,6.72,3.22,Ribeirão Preto,SP,Sudeste,-21.17,-47.81
2021,144,0.01,0.6,0.42,26.36,43.39,2.03,13.13,5.68,Ribeirão Preto,SP,Sudeste,-21.17,-47.81
2021,145,0.0,0.6,0.39,29.75,31.25,1.33,16.6,7.23,Ribeirão Preto,SP,Sudeste,-21.17,-47.81
2021,146,0.0,0.6,0.37,31.64,36.87,1.68,15.35,7.01,Ribeirão Preto,SP,Sudeste,-21.17,-47.81
2021,147,0.0,0.6,0.35,31.42,46.1,1.64,15.81,7.27,Ribeirão Preto,SP,Sudeste,-21.17,-47.81
2021,148,0.02,0.6,0.34,31.52,50.77,2.56,13.06,6.0,Ribeirão Preto,SP,Sudeste,-21.17,-47.81
2021,149,2.43,0.6,0.37,30.95,58.63,2.65,12.98,5.91,Ribeirão Preto,SP,Sudeste,-21.17,-47.81
2021,150,0.53,0.6,0.4,31.36,59.97,1.77,13.02,5.85,Ribeirão Preto,SP,Sudeste,-21.17,-47.81
2021,151,4.17,0.61,0.46,28.11,67.93,1.18,11.95,5.39,Ribeirão Preto,SP,Sudeste,-21.17,-47.81
2021,152,0.11,0.61,0.52,29.42,64.21,1.24,15.84,7.07,Ribeirão Preto,SP,Sudeste,-21.17,-47.81
2021,153,1.92,0.61,0.51,30.19,63.68,1.55,16.27,7.34,Ribeirão Preto,SP,Sudeste,-21.17,-47.81
2021,154,0.0,0.61,0.49,30.83,47.69,0.75,16.65,7.54,Ribeirão Preto,SP,Sudeste,-21.17,-47.81
2021,155,0.01,0.61,0.46,30.44,56.82,2.61,16.97,7.67,Ribeirão Preto,SP,Sudeste,-21.17,-47.81
2021,156,0.02,0.6,0.44,29.69,58.08,2.92,16.29,7.3,Ribeirão Preto,SP,Sudeste,-21.17,-47.81
2021,157,0.02,0.6,0.42,28.07,59.19,1.56,13.27,5.92,Ribeirão Preto,SP,Sudeste,-21.17,-47.81
2021,158,0.09,0.6,0.4,29.82,58.56,1.88,13.38,6.03,Ribeirão Preto,SP,Sudeste,-21.17,-47.81
2021,159,0.33,0.6,0.39,30.27,64.46,1.6,13.39,6.11,Ribeirão Preto,SP,Sudeste,-21.17,-47.81
2021,160,0.49,0.6,0.38,30.77,57.74,1.18,13.84,6.3,Ribeirão Preto,SP,Sudeste,-21.17,-47.81
2021,161,12.98,0.61,0.55,28.71,66.52,1.88,5.98,2.87,Ribeirão Preto,SP,Sudeste,-21.17,-47.81
2021,162,1.65,0.63,0.63,24.25,78.57,1.37,8.81,4.05,Ribeirão Preto,SP,Sudeste,-21.17,-47.81
2021,163,0.03,0.63,0.61,25.3,72.53,1.6,15.42,6.87,Ribeirão Preto,SP,Sudeste,-21.17,-47.81
2021,164,0.04,0.62,0.6,26.84,62.69,1.23,17.14,7.56,Ribeirão Preto,SP,Sudeste,-21.17,-47.81
2021,165,0.06,0.62,0.6,27.84,67.16,1.94,16.97,7.57,Ribeirão Preto,SP,Sudeste,-21.17,-47.81
2021,166,0.0,0.62,0.59,27.66,65.63,1.53,15.8,6.94,Ribeirão Preto,SP,Sudeste,-21.17,-47.81
2021,167,0.05,0.62,0.58,26.08,65.55,1.68,16.93,7.35,Ribeirão Preto,SP,Sudeste,-21.17,-47.81
2021,168,0.01,0.61,0.57,25.25,68.79,1.64,16.4,7.27,Ribeirão Preto,SP,Sudeste,-21.17,-47.81
2021,169,0.03,0.61,0.55,28.27,60.34,1.45,15.73,7.01,Ribeirão Preto,SP,Sudeste,-21.17,-47.81
2021,170,0.0,0.61,0.53,29.18,56.01,2.76,13.53,5.99,Ribeirão Preto,SP,Sudeste,-21.17,-47.81
2021,171,0.02,0.61,0.5,27.46,64.15,2.65,13.4,5.91,Ribeirão Preto,SP,Sudeste,-21.17,-47.81
2021,172,0.01,0.61,0.47,27.67,65.51,1.57,14.68,6.54,Ribeirão Preto,SP,Sudeste,-21.17,-47.81
2021,173,0.16,0.61,0.45,29.11,65.35,2.18,10.82,4.9,Ribeirão Preto,SP,Sudeste,-21.17,-47.81
2021,174,0.03,0.6,0.44,27.52,69.87,1.88,15.21,6.81,Ribeirão Preto,SP,Sudeste,-21.17,-47.81
2021,175,0.01,0.6,0.42,29.73,61.61,2.55,16.08,7.19,Ribeirão Preto,SP,Sudeste,-21.17,-47.81
2021,176,0.0,0.6,0.4,31.3,50.2,1.28,15.14,6.82,Ribeirão Preto,SP,Sudeste,-21.17,-47.81
2021,177,0.02,0.6,0.38,30.44,51.41,2.78,15.82,7.0,Ribeirão Preto,SP,Sudeste,-21.17,-47.81
2021,178,0.0,0.6,0.37,29.27,48.76,2.55,16.59,7.39,Ribeirão Preto,SP,Sudeste,-21.17,-47.81
2021,179,0.02,0.6,0.36,28.92,51.01,1.81,17.02,7.45,Ribeirão Preto,SP,Sudeste,-21.17,-47.81
2021,180,0.0,0.6,0.35,21.89,59.77,2.71,6.64,3.03,Ribeirão Preto,SP,Sudeste,-21.17,-47.81
2021,181,0.0,0.6,0.34,17.97,40.35,1.41,14.48,6.15,Ribeirão Preto,SP,Sudeste,-21.17,-47.81
2021,182,0.01,0.6,0.34,25.2,54.47,2.49,17.51,7.51,Ribeirão Preto,SP,Sudeste,-21.17,-47.81
2021,183,0.0,0.6,0.33,27.79,55.71,2.46,16.47,7.28,Ribeirão Preto,SP,Sudeste,-21.17,-47.81
2021,184,0.02,0.6,0.32,27.94,52.07,1.45,17.05,7.47,Ribeirão Preto,SP,Sudeste,-21.17,-47.81
2021,185,0.0,0.6,0.32,27.28,49.45,1.61,16.7,7.29,Ribeirão Preto,SP,Sudeste,-21.17,-47.81
2021,186,0.0,0.6,0.31,26.41,53.08,1.95,16.4,7.18,Ribeirão Preto,SP,Sudeste,-21.17,-47.81
2021,187,0.12,0.6,0.3,26.54,55.49,1.46,16.79,7.31,Ribeirão Preto,SP,Sudeste,-21.17,-47.81
2021,188,0.01,0.6,0.3,27.14,52.32,1.46,16.88,7.39,Ribeirão Preto,SP,Sudeste,-21.17,-47.81
2021,189,0.0,0.6,0.29,27.42,47.95,1.64,17.38,7.61,Ribeirão Preto,SP,Sudeste,-21.17,-47.81
2021,190,0.01,0.6,0.29,28.15,40.64,1.29,17.35,7.53,Ribeirão Preto,SP,Sudeste,-21.17,-47.81
2021,191,0.12,0.6,0.28,28.44,45.65,1.79,17.27,7.59,Ribeirão Preto,SP,Sudeste,-21.17,-47.81
2021,192,0.0,0.6,0.28,28.64,40.07,1.27,17.47,7.62,Ribeirão Preto,SP,Sudeste,-21.17,-47.81
2021,193,0.0,0.6,0.27,28.62,39.89,2.25,17.69,7.75,Ribeirão Preto,SP,Sudeste,-21.17,-47.81
2021,194,0.01,0.6,0.27,28.54,43.72,2.72,17.62,7.76,Ribeirão Preto,SP,Sudeste,-21.17,-47.81
2021,195,0.03,0.6,0.26,29.31,44.35,2.53,17.34,7.67,Ribeirão Preto,SP,Sudeste,-21.17,-47.81
2021,196,0.0,0.6,0.26,30.41,45.55,2.18,17.56,7.72,Ribeirão Preto,SP,Sudeste,-21.17,-47.81
2021,197,0.01,0.6,0.26,31.3,37.73,1.82,15.96,7.07,Ribeirão Preto,SP,Sudeste,-21.17,-47.81
2021,198,0.0,0.6,0.25,31.2,38.95,2.3,14.64,6.5,Ribeirão Preto,SP,Sudeste,-21.17,-47.81
2021,199,0.02,0.6,0.25,27.86,49.51,2.68,13.07,5.71,Ribeirão Preto,SP,Sudeste,-21.17,-47.81
2021,200,0.0,0.59,0.25,23.23,26.62,1.94,19.11,7.99,Ribeirão Preto,SP,Sudeste,-21.17,-47.81
2021,201,0.0,0.59,0.24,25.02,18.19,1.89,16.68,6.97,Ribeirão Preto,SP,Sudeste,-21.17,-47.81
2021,202,0.16,0.59,0.24,28.37,31.02,2.06,15.51,6.53,Ribeirão Preto,SP,Sudeste,-21.17,-47.81
2021,203,0.0,0.59,0.24,31.15,47.96,2.02,18.52,7.99,Ribeirão Preto,SP,Sudeste,-21.17,-47.81
2021,204,0.0,0.59,0.24,28.39,49.18,3.3,18.46,8.08,Ribeirão Preto,SP,Sudeste,-21.17,-47.81
2021,205,0.01,0.59,0.23,29.31,41.36,3.21,18.79,8.2,Ribeirão Preto,SP,Sudeste,-21.17,-47.81
2021,206,0.0,0.59,0.23,29.72,39.07,2.71,18.85,8.23,Ribeirão Preto,SP,Sudeste,-21.17,-47.81
2021,207,0.0,0.59,0.23,30.48,33.97,2.53,18.78,8.21,Ribeirão Preto,SP,Sudeste,-21.17,-47.81
2021,208,0.0,0.59,0.23,31.4,37.95,3.36,18.36,8.13,Ribeirão Preto,SP,Sudeste,-21.17,-47.81
2021,209,3.77,0.6,0.29,23.5,69.43,3.69,3.43,1.72,Ribeirão Preto,SP,Sudeste,-21.17,-47.81
2021,210,0.0,0.6,0.36,19.22,38.9,2.29,19.55,8.22,Ribeirão Preto,SP,Sudeste,-21.17,-47.81
2021,211,0.08,0.6,0.35,23.8,37.24,1.99,18.01,7.62,Ribeirão Preto,SP,Sudeste,-21.17,-47.81
2021,212,0.04,0.6,0.34,27.5,50.53,3.09,18.63,8.15,Ribeirão Preto,SP,Sudeste,-21.17,-47.81
2021,213,0.0,0.6,0.33,28.01,51.65,2.85,17.92,8.09,Ribeirão Preto,SP,Sudeste,-21.17,-47.81
2021,214,0.0,0.6,0.32,29.27,49.57,2.46,18.54,8.32,Ribeirão Preto,SP,Sudeste,-21.17,-47.81
2021,215,0.0,0.6,0.31,26.85,51.55,2.59,18.72,8.22,Ribeirão Preto,SP,Sudeste,-21.17,-47.81
2021,216,0.0,0.6,0.31,28.03,59.81,2.87,18.05,8.01,Ribeirão Preto,SP,Sudeste,-21.17,-47.81
2021,217,0.0,0.6,0.3,25.83,51.83,3.42,15.84,7.09,Ribeirão Preto,SP,Sudeste,-21.17,-47.81
2021,218,0.0,0.6,0.3,26.7,54.13,3.43,15.37,6.97,Ribeirão Preto,SP,Sudeste,-21.17,-47.81
2021,219,0.0,0.6,0.29,27.57,46.58,3.64,14.53,6.6,Ribeirão Preto,SP,Sudeste,-21.17,-47.81
2021,220,0.0,0.6,0.29,28.53,44.29,3.16,17.48,7.78,Ribeirão Preto,SP,Sudeste,-21.17,-47.81
2021,221,0.0,0.6,0.28,29.99,40.37,1.92,16.64,7.38,Ribeirão Preto,SP,Sudeste,-21.17,-47.81
2021,222,0.0,0.6,0.27,30.9,35.42,1.8,20.2,8.89,Ribeirão Preto,SP,Sudeste,-21.17,-47.81
2021,223,0.0,0.6,0.27,32.26,30.85,1.54,19.95,8.8,Ribeirão Preto,SP,Sudeste,-21.17,-47.81
2021,224,0.39,0.6,0.26,31.3,53.95,2.05,18.44,8.27,Ribeirão Preto,SP,Sudeste,-21.17,-47.81
2021,225,0.32,0.6,0.27,32.58,44.94,2.7,17.46,7.74,Ribeirão Preto,SP,Sudeste,-21.17,-47.81
2021,226,0.33,0.6,0.26,32.55,46.93,2.3,17.57,7.84,Ribeirão Preto,SP,Sudeste,-21.17,-47.81
2021,227,0.34,0.6,0.27,32.86,44.5,1.8,18.48,8.25,Ribeirão Preto,SP,Sudeste,-21.17,-47.81
2021,228,0.16,0.6,0.26,33.28,38.05,1.67,16.42,7.37,Ribeirão Preto,SP,Sudeste,-21.17,-47.81
2021,229,0.17,0.6,0.26,33.95,38.08,2.0,18.88,8.38,Ribeirão Preto,SP,Sudeste,-21.17,-47.81
2021,230,0.08,0.6,0.26,34.42,36.19,2.2,20.44,9.15,Ribeirão Preto,SP,Sudeste,-21.17,-47.81
2021,231,0.0,0.6,0.25,33.19,36.34,3.26,21.34,9.53,Ribeirão Preto,SP,Sudeste,-21.17,-47.81
2021,232,0.0,0.59,0.25,32.18,35.79,2.22,21.54,9.51,Ribeirão Preto,SP,Sudeste,-21.17,-47.81
2021,233,0.0,0.59,0.24,32.55,33.97,2.22,21.51,9.48,Ribeirão Preto,SP,Sudeste,-21.17,-47.81
2021,234,0.0,0.59,0.24,32.51,34.35,2.98,21.69,9.57,Ribeirão Preto,SP,Sudeste,-21.17,-47.81
2021,235,0.0,0.59,0.23,33.55,34.18,1.99,21.29,9.46,Ribeirão Preto,SP,Sudeste,-21.17,-47.81
2021,236,0.0,0.59,0.23,34.78,31.16,1.51,19.64,8.61,Ribeirão Preto,SP,Sudeste,-21.17,-47.81
2021,237,0.0,0.59,0.22,35.27,28.98,2.45,20.34,8.82,Ribeirão Preto,SP,Sudeste,-21.17,-47.81
2021,238,0.0,0.59,0.22,35.82,31.63,2.9,19.66,8.66,Ribeirão Preto,SP,Sudeste,-21.17,-47.81
2021,239,0.03,0.59,0.21,34.97,44.62,2.32,14.18,6.38,Ribeirão Preto,SP,Sudeste,-21.17,-47.81
2021,240,0.01,0.59,0.21,30.71,49.02,2.82,7.69,3.69,Ribeirão Preto,SP,Sudeste,-21.17,-47.81
2021,241,0.14,0.59,0.21,30.53,46.46,2.2,12.45,5.68,Ribeirão Preto,SP,Sudeste,-21.17,-47.81
2021,242,0.13,0.59,0.21,29.32,52.59,3.33,19.74,9.0,Ribeirão Preto,SP,Sudeste,-21.17,-47.81
2021,243,0.03,0.59,0.21,30.01,49.94,3.92,21.77,9.76,Ribeirão Preto,SP,Sudeste,-21.17,-47.81
2021,244,0.03,0.59,0.21,30.0,49.28,3.61,22.45,10.04,Ribeirão Preto,SP,Sudeste,-21.17,-47.81
2021,245,0.0,0.59,0.21,31.68,47.98,3.28,20.93,9.4,Ribeirão Preto,SP,Sudeste,-21.17,-47.81
2021,246,0.0,0.59,0.21,33.63,35.6,2.12,21.46,9.67,Ribeirão Preto,SP,Sudeste,-21.17,-47.81
2021,247,0.01,0.59,0.2,35.12,28.45,0.86,22.48,9.99,Ribeirão Preto,SP,Sudeste,-21.17,-47.81
2021,248,0.02,0.59,0.2,36.16,29.02,2.81,21.05,9.32,Ribeirão Preto,SP,Sudeste,-21.17,-47.81
2021,249,0.0,0.59,0.2,36.97,28.82,2.25,23.26,10.31,Ribeirão Preto,SP,Sudeste,-21.17,-47.81
2021,250,0.0,0.59,0.19,36.56,41.78,2.81,21.12,9.37,Ribeirão Preto,SP,Sudeste,-21.17,-47.81
2021,251,0.01,0.59,0.19,38.07,27.78,3.48,18.64,8.19,Ribeirão Preto,SP,Sudeste,-21.17,-47.81
2021,252,0.94,0.59,0.2,36.05,41.51,3.24,15.4,6.77,Ribeirão Preto,SP,Sudeste,-21.17,-47.81
2021,253,0.24,0.59,0.22,30.42,57.33,2.17,12.51,5.57,Ribeirão Preto,SP,Sudeste,-21.17,-47.81
2021,254,2.57,0.6,0.27,28.74,49.82,2.3,16.55,7.36,Ribeirão Preto,SP,Sudeste,-21.17,-47.81
2021,255,1.21,0.6,0.36,36.91,45.61,2.59,21.49,9.64,Ribeirão Preto,SP,Sudeste,-21.17,-47.81
2021,256,0.04,0.6,0.34,38.33,29.21,2.8,17.13,7.57,Ribeirão Preto,SP,Sudeste,-21.17,-47.81
2021,257,0.01,0.6,0.32,37.56,29.6,3.08,17.19,7.46,Ribeirão Preto,SP,Sudeste,-21.17,-47.81
2021,258,0.0,0.6,0.3,36.4,34.92,1.18,8.08,3.71,Ribeirão Preto,SP,Sudeste,-21.17,-47.81
2021,259,0.02,0.6,0.29,37.38,42.13,3.13,16.51,7.45,Ribeirão Preto,SP,Sudeste,-21.17,-47.81
2021,260,0.31,0.6,0.28,34.45,49.99,3.77,19.76,8.88,Ribeirão Preto,SP,Sudeste,-21.17,-47.81
2021,261,0.05,0.6,0.28,35.84,35.97,1.99,21.68,9.66,Ribeirão Preto,SP,Sudeste,-21.17,-47.81
2021,262,0.0,0.6,0.27,37.64,34.33,1.75,21.53,9.61,Ribeirão Preto,SP,Sudeste,-21.17,-47.81
2021,263,0.0,0.6,0.26,38.53,36.41,2.43,20.68,9.33,Ribeirão Preto,SP,Sudeste,-21.17,-47.81
2021,264,0.01,0.6,0.25,39.73,27.74,2.12,18.87,8.32,Ribeirão Preto,SP,Sudeste,-21.17,-47.81
2021,265,0.01,0.59,0.24,32.84,41.28,5.02,20.97,9.01,Ribeirão Preto,SP,Sudeste,-21.17,-47.81
2021,266,0.0,0.59,0.24,33.2,38.42,2.43,24.02,10.7,Ribeirão Preto,SP,Sudeste,-21.17,-47.81
2021,267,0.0,0.59,0.23,36.65,35.15,2.85,24.7,10.96,Ribeirão Preto,SP,Sudeste,-21.17,-47.81
2021,268,1.09,0.59,0.24,35.94,45.82,2.8,15.98,7.13,Ribeirão Preto,SP,Sudeste,-21.17,-47.81
2021,269,10.82,0.6,0.39,35.4,51.56,2.15,17.06,7.64,Ribeirão Preto,SP,Sudeste,-21.17,-47.81
2021,270,0.49,0.62,0.57,34.37,50.02,0.77,20.82,9.4,Ribeirão Preto,SP,Sudeste,-21.17,-47.81
2021,271,0.0,0.61,0.51,35.42,48.16,1.16,23.47,10.59,Ribeirão Preto,SP,Sudeste,-21.17,-47.81
2021,272,0.06,0.61,0.47,34.58,40.39,1.8,19.85,8.93,Ribeirão Preto,SP,Sudeste,-21.17,-47.81
2021,273,0.23,0.61,0.44,36.12,48.48,2.25,24.96,11.34,Ribeirão Preto,SP,Sudeste,-21.17,-47.81
2021,274,9.6,0.6,0.47,37.36,47.71,2.55,16.61,7.55,Ribeirão Preto,SP,Sudeste,-21.17,-47.81
2021,275,5.83,0.62,0.66,31.13,62.72,1.51,12.57,5.89,Ribeirão Preto,SP,Sudeste,-21.17,-47.81
2021,276,5.14,0.63,0.64,35.71,59.65,2.62,19.34,8.83,Ribeirão Preto,SP,Sudeste,-21.17,-47.81
2021,277,8.85,0.64,0.67,33.7,62.4,2.19,17.34,7.91,Ribeirão Preto,SP,Sudeste,-21.17,-47.81
2021,278,0.81,0.64,0.62,32.04,66.48,1.64,19.95,9.01,Ribeirão Preto,SP,Sudeste,-21.17,-47.81
2021,279,13.18,0.65,0.68,32.55,68.83,2.0,21.55,9.81,Ribeirão Preto,SP,Sudeste,-21.17,-47.81
2021,280,12.45,0.67,0.71,31.88,67.73,1.7,6.61,3.28,Ribeirão Preto,SP,Sudeste,-21.17,-47.81
2021,281,1.38,0.67,0.64,32.19,65.96,1.97,22.19,10.27,Ribeirão Preto,SP,Sudeste,-21.17,-47.81
2021,282,20.85,0.68,0.71,32.9,68.85,2.17,19.69,9.11,Ribeirão Preto,SP,Sudeste,-21.17,-47.81
2021,283,11.19,0.71,0.75,27.04,84.16,2.8,8.42,4.08,Ribeirão Preto,SP,Sudeste,-21.17,-47.81
2021,284,17.6,0.74,0.8,25.21,84.32,1.9,14.09,6.72,Ribeirão Preto,SP,Sudeste,-21.17,-47.81
2021,285,0.51,0.73,0.71,29.62,68.24,2.4,24.72,11.32,Ribeirão Preto,SP,Sudeste,-21.17,-47.81
2021,286,0.2,0.72,0.69,30.69,64.81,1.99,24.75,11.26,Ribeirão Preto,SP,Sudeste,-21.17,-47.81
2021,287,5.84,0.72,0.71,32.11,70.82,2.97,12.87,6.01,Ribeirão Preto,SP,Sudeste,-21.17,-47.81
2021,288,17.64,0.74,0.79,28.29,81.21,2.32,19.91,9.1,Ribeirão Preto,SP,Sudeste,-21.17,-47.81
2021,289,9.61,0.76,0.79,29.17,78.43,2.05,15.96,7.47,Ribeirão Preto,SP,Sudeste,-21.17,-47.81
2021,290,4.07,0.75,0.76,29.89,73.86,1.43,22.03,10.17,Ribeirão Preto,SP,Sudeste,-21.17,-47.81
2021,291,12.94,0.75,0.79,29.23,79.54,2.37,12.89,6.19,Ribeirão Preto,SP,Sudeste,-21.17,-47.81
2021,292,10.7,0.77,0.81,27.87,80.39,2.29,15.29,7.25,Ribeirão Preto,SP,Sudeste,-21.17,-47.81
2021,293,3.15,0.77,0.79,25.92,79.74,2.78,18.73,8.65,Ribeirão Preto,SP,Sudeste,-21.17,-47.81
2021,294,0.08,0.76,0.75,26.56,70.86,1.72,24.98,11.19,Ribeirão Preto,SP,Sudeste,-21.17,-47.81
2021,295,0.01,0.75,0.74,28.5,61.72,1.19,28.92,12.79,Ribeirão Preto,SP,Sudeste,-21.17,-47.81
2021,296,0.11,0.74,0.72,31.57,63.28,2.55,29.48,13.06,Ribeirão Preto,SP,Sudeste,-21.17,-47.81
2021,297,3.12,0.73,0.73,27.47,72.71,3.95,11.54,5.61,Ribeirão Preto,SP,Sudeste,-21.17,-47.81
2021,298,2.47,0.73,0.72,28.62,75.43,1.88,20.03,9.36,Ribeirão Preto,SP,Sudeste,-21.17,-47.81
2021,299,2.98,0.73,0.72,29.11,77.67,0.92,18.86,8.86,Ribeirão Preto,SP,Sudeste,-21.17,-47.81
2021,300,14.03,0.74,0.76,27.32,83.45,1.89,13.49,6.48,Ribeirão Preto,SP,Sudeste,-21.17,-47.81
2021,301,12.23,0.77,0.82,25.8,86.91,2.58,12.07,5.91,Ribeirão Preto,SP,Sudeste,-21.17,-47.81
2021,302,1.38,0.76,0.77,28.37,77.17,2.19,24.56,11.34,Ribeirão Preto,SP,Sudeste,-21.17,-47.81
2021,303,11.13,0.76,0.8,28.77,77.25,2.47,24.69,11.35,Ribeirão Preto,SP,Sudeste,-21.17,-47.81
2021,304,26.48,0.79,0.87,24.67,83.26,1.55,6.42,3.32,Ribeirão Preto,SP,Sudeste,-21.17,-47.81
2021,305,9.56,0.81,0.85,27.47,79.47,1.4,17.75,8.35,Ribeirão Preto,SP,Sudeste,-21.17,-47.81
2021,306,0.31,0.8,0.8,28.35,77.39,1.63,25.22,11.61,Ribeirão Preto,SP,Sudeste,-21.17,-47.81
2021,307,0.03,0.79,0.79,28.98,70.77,1.66,25.94,11.85,Ribeirão Preto,SP,Sudeste,-21.17,-47.81
2021,308,0.0,0.78,0.77,30.28,62.2,1.35,29.29,13.41,Ribeirão Preto,SP,Sudeste,-21.17,-47.81
2021,309,0.03,0.77,0.76,30.88,67.51,1.53,26.29,12.12,Ribeirão Preto,SP,Sudeste,-21.17,-47.81
2021,310,0.01,0.75,0.73,31.56,68.1,1.59,25.95,12.05,Ribeirão Preto,SP,Sudeste,-21.17,-47.81
2021,311,0.01,0.74,0.72,31.98,67.04,1.97,27.77,12.89,Ribeirão Preto,SP,Sudeste,-21.17,-47.81
2021,312,3.82,0.73,0.72,31.97,69.35,1.49,25.61,11.79,Ribeirão Preto,SP,Sudeste,-21.17,-47.81
2021,313,2.76,0.73,0.72,30.95,72.1,1.43,24.87,11.46,Ribeirão Preto,SP,Sudeste,-21.17,-47.81
2021,314,6.22,0.73,0.73,30.5,74.04,1.82,18.77,8.81,Ribeirão Preto,SP,Sudeste,-21.17,-47.81
2021,315,14.81,0.75,0.79,24.59,84.08,3.11,13.31,6.44,Ribeirão Preto,SP,Sudeste,-21.17,-47.81
2021,316,2.59,0.75,0.75,27.53,76.04,3.17,16.51,7.72,Ribeirão Preto,SP,Sudeste,-21.17,-47.81
2021,317,0.01,0.74,0.72,27.34,70.35,2.75,29.1,13.11,Ribeirão Preto,SP,Sudeste,-21.17,-47.81
2021,318,0.28,0.73,0.71,28.64,71.37,2.12,28.29,12.86,Ribeirão Preto,SP,Sudeste,-21.17,-47.81
2021,319,0.26,0.72,0.69,29.66,68.6,2.88,25.49,11.66,Ribeirão Preto,SP,Sudeste,-21.17,-47.81
2021,320,0.01,0.71,0.68,30.15,69.02,2.71,25.42,11.68,Ribeirão Preto,SP,Sudeste,-21.17,-47.81
2021,321,0.46,0.71,0.67,31.19,67.96,2.18,25.85,11.9,Ribeirão Preto,SP,Sudeste,-21.17,-47.81
2021,322,16.96,0.71,0.75,25.37,86.4,2.56,11.68,5.73,Ribeirão Preto,SP,Sudeste,-21.17,-47.81
2021,323,20.47,0.75,0.83,26.33,90.19,3.24,13.12,6.47,Ribeirão Preto,SP,Sudeste,-21.17,-47.81
2021,324,13.77,0.77,0.81,29.09,80.02,2.46,22.96,10.7,Ribeirão Preto,SP,Sudeste,-21.17,-47.81
2021,325,0.94,0.77,0.77,29.24,76.63,2.03,28.54,12.99,Ribeirão Preto,SP,Sudeste,-21.17,-47.81
2021,326,0.03,0.76,0.74,31.07,67.72,1.51,31.05,13.91,Ribeirão Preto,SP,Sudeste,-21.17,-47.81
2021,327,0.03,0.74,0.72,32.53,55.73,1.21,31.38,14.15,Ribeirão Preto,SP,Sudeste,-21.17,-47.81
2021,328,0.14,0.73,0.7,32.59,60.28,1.88,25.72,11.73,Ribeirão Preto,SP,Sudeste,-21.17,-47.81
2021,329,4.67,0.72,0.7,32.37,66.6,1.7,26.91,12.31,Ribeirão Preto,SP,Sudeste,-21.17,-47.81
2021,330,35.16,0.76,0.87,25.97,85.58,2.76,8.05,4.13,Ribeirão Preto,SP,Sudeste,-21.17,-47.81
2021,331,3.5,0.78,0.79,29.16,77.17,2.82,29.29,13.35,Ribeirão Preto,SP,Sudeste,-21.17,-47.81
2021,332,0.57,0.76,0.75,30.29,62.24,2.1,31.48,14.19,Ribeirão Preto,SP,Sudeste,-21.17,-47.81
2021,333,0.55,0.75,0.74,30.35,69.29,1.74,22.5,10.4,Ribeirão Preto,SP,Sudeste,-21.17,-47.81
2021,334,13.98,0.76,0.8,25.59,88.23,2.03,9.91,4.87,Ribeirão Preto,SP,Sudeste,-21.17,-47.81
2021,335,1.35,0.77,0.76,29.66,75.5,1.5,26.43,12.01,Ribeirão Preto,SP,Sudeste,-21.17,-47.81
2021,336,0.12,0.75,0.73,31.29,64.06,0.99,26.75,12.22,Ribeirão Preto,SP,Sudeste,-21.17,-47.81
2021,337,1.13,0.74,0.72,30.44,68.54,1.42,27.46,12.55,Ribeirão Preto,SP,Sudeste,-21.17,-47.81
2021,338,1.33,0.73,0.7,30.18,69.73,2.65,25.93,11.88,Ribeirão Preto,SP,Sudeste,-21.17,-47.81
2021,339,8.71,0.73,0.73,30.11,73.44,1.65,18.04,8.48,Ribeirão Preto,SP,Sudeste,-21.17,-47.81
2021,340,8.21,0.74,0.75,29.33,75.41,1.68,21.46,10.01,Ribeirão Preto,SP,Sudeste,-21.17,-47.81
2021,341,2.2,0.73,0.72,28.38,75.05,3.09,23.92,11.05,Ribeirão Preto,SP,Sudeste,-21.17,-47.81
2021,342,3.15,0.73,0.72,24.85,78.0,2.55,26.53,12.18,Ribeirão Preto,SP,Sudeste,-21.17,-47.81
2021,343,0.06,0.72,0.69,29.35,68.23,1.72,30.22,13.57,Ribeirão Preto,SP,Sudeste,-21.17,-47.81
2021,344,0.0,0.71,0.67,30.55,59.45,1.46,31.29,13.96,Ribeirão Preto,SP,Sudeste,-21.17,-47.81
2021,345,0.61,0.7,0.66,31.89,58.05,1.7,28.63,12.76,Ribeirão Preto,SP,Sudeste,-21.17,-47.81
2021,346,8.54,0.7,0.7,31.61,73.19,1.57,18.92,8.7,Ribeirão Preto,SP,Sudeste,-21.17,-47.81
2021,347,3.25,0.71,0.71,27.09,83.1,1.77,15.6,7.5,Ribeirão Preto,SP,Sudeste,-21.17,-47.81
2021,348,12.71,0.71,0.74,28.64,83.28,2.5,15.61,7.55,Ribeirão Preto,SP,Sudeste,-21.17,-47.81
2021,349,17.1,0.74,0.8,28.02,82.91,2.93,9.71,4.93,Ribeirão Preto,SP,Sudeste,-21.17,-47.81
2021,350,9.55,0.75,0.78,28.42,83.05,2.28,18.5,8.78,Ribeirão Preto,SP,Sudeste,-21.17,-47.81
2021,351,10.49,0.76,0.79,26.72,85.24,1.76,12.08,5.97,Ribeirão Preto,SP,Sudeste,-21.17,-47.81
2021,352,10.88,0.77,0.81,28.0,85.29,2.7,19.43,9.31,Ribeirão Preto,SP,Sudeste,-21.17,-47.81
2021,353,1.02,0.77,0.78,27.93,79.3,3.19,27.33,12.52,Ribeirão Preto,SP,Sudeste,-21.17,-47.81
2021,354,0.02,0.76,0.74,29.14,75.44,2.07,29.54,13.58,Ribeirão Preto,SP,Sudeste,-21.17,-47.81
2021,355,0.01,0.74,0.73,28.26,72.25,1.17,27.84,12.81,Ribeirão Preto,SP,Sudeste,-21.17,-47.81
2021,356,1.07,0.74,0.72,28.84,75.75,2.29,24.28,11.35,Ribeirão Preto,SP,Sudeste,-21.17,-47.81
2021,357,2.8,0.73,0.73,26.48,81.63,2.16,19.22,9.08,Ribeirão Preto,SP,Sudeste,-21.17,-47.81
2021,358,0.01,0.73,0.7,28.67,63.93,2.27,31.7,14.27,Ribeirão Preto,SP,Sudeste,-21.17,-47.81
2021,359,0.15,0.72,0.68,29.54,68.88,1.48,29.44,13.42,Ribeirão Preto,SP,Sudeste,-21.17,-47.81
2021,360,2.42,0.71,0.68,29.85,64.85,1.54,27.97,12.82,Ribeirão Preto,SP,Sudeste,-21.17,-47.81
2021,361,1.2,0.71,0.67,31.63,64.17,1.93,27.22,12.61,Ribeirão Preto,SP,Sudeste,-21.17,-47.81
2021,362,8.64,0.7,0.7,32.38,66.87,1.56,18.32,8.61,Ribeirão Preto,SP,Sudeste,-21.17,-47.81
2021,363,7.55,0.71,0.73,27.01,80.28,1.6,21.28,10.0,Ribeirão Preto,SP,Sudeste,-21.17,-47.81
2021,364,27.02,0.74,0.81,24.73,86.81,1.41,8.25,4.22,Ribeirão Preto,SP,Sudeste,-21.17,-47.81
2021,365,17.91,0.77,0.84,26.59,87.36,3.11,13.97,6.82,Ribeirão Preto,SP,Sudeste,-21.17,-47.81
2022,1,11.79,0.79,0.85,25.22,89.24,2.85,16.23,7.76,Ribeirão Preto,SP,Sudeste,-21.17,-47.81
2022,2,3.49,0.79,0.81,27.46,79.3,1.69,17.84,8.47,Ribeirão Preto,SP,Sudeste,-21.17,-47.81
2022,3,15.95,0.8,0.85,25.89,84.76,1.29,18.72,8.97,Ribeirão Preto,SP,Sudeste,-21.17,-47.81
2022,4,17.93,0.81,0.87,27.04,88.36,2.94,14.89,7.17,Ribeirão Preto,SP,Sudeste,-21.17,-47.81
2022,5,10.7,0.83,0.87,27.18,86.98,2.6,16.14,7.85,Ribeirão Preto,SP,Sudeste,-21.17,-47.81
2022,6,14.16,0.84,0.88,24.29,87.31,1.57,14.9,7.2,Ribeirão Preto,SP,Sudeste,-21.17,-47.81
2022,7,11.37,0.85,0.89,26.55,87.79,2.03,12.6,6.2,Ribeirão Preto,SP,Sudeste,-21.17,-47.81
2022,8,3.21,0.85,0.86,27.38,85.49,2.96,19.16,9.1,Ribeirão Preto,SP,Sudeste,-21.17,-47.81
2022,9,7.14,0.85,0.87,27.32,85.57,2.62,11.2,5.61,Ribeirão Preto,SP,Sudeste,-21.17,-47.81
2022,10,2.36,0.85,0.85,26.15,84.79,1.76,11.58,5.66,Ribeirão Preto,SP,Sudeste,-21.17,-47.81
2022,11,7.86,0.85,0.87,24.15,87.96,1.28,16.42,7.89,Ribeirão Preto,SP,Sudeste,-21.17,-47.81
2022,12,7.33,0.85,0.87,26.15,84.79,1.08,17.91,8.45,Ribeirão Preto,SP,Sudeste,-21.17,-47.81
2022,13,2.77,0.86,0.86,26.33,84.52,1.12,25.7,12.08,Ribeirão Preto,SP,Sudeste,-21.17,-47.81
2022,14,2.82,0.85,0.86,28.05,84.28,1.37,21.84,10.29,Ribeirão Preto,SP,Sudeste,-21.17,-47.81
2022,15,2.09,0.85,0.85,28.36,84.57,1.69,22.51,10.54,Ribeirão Preto,SP,Sudeste,-21.17,-47.81
2022,16,6.29,0.85,0.87,25.31,87.19,1.59,11.28,5.63,Ribeirão Preto,SP,Sudeste,-21.17,-47.81
2022,17,3.98,0.85,0.86,28.0,79.91,1.68,26.49,12.43,Ribeirão Preto,SP,Sudeste,-21.17,-47.81
2022,18,4.47,0.85,0.86,28.2,82.3,1.35,23.04,10.83,Ribeirão Preto,SP,Sudeste,-21.17,-47.81
2022,19,7.92,0.84,0.87,28.12,78.48,0.91,26.75,12.53,Ribeirão Preto,SP,Sudeste,-21.17,-47.81
2022,20,1.19,0.84,0.84,29.11,74.35,0.88,26.73,12.4,Ribeirão Preto,SP,Sudeste,-21.17,-47.81
2022,21,2.1,0.83,0.84,29.07,70.12,0.78,28.05,13.08,Ribeirão Preto,SP,Sudeste,-21.17,-47.81
2022,22,2.82,0.83,0.83,30.26,72.08,0.86,27.37,12.73,Ribeirão Preto,SP,Sudeste,-21.17,-47.81
2022,23,3.25,0.82,0.83,28.85,80.04,1.43,25.07,11.71,Ribeirão Preto,SP,Sudeste,-21.17,-47.81
2022,24,13.22,0.82,0.85,28.87,84.22,1.44,26.46,12.34,Ribeirão Preto,SP,Sudeste,-21.17,-47.81
2022,25,8.26,0.84,0.87,28.8,80.27,1.65,26.47,12.32,Ribeirão Preto,SP,Sudeste,-21.17,-47.81
2022,26,6.28,0.83,0.85,27.94,81.89,1.67,24.15,11.32,Ribeirão Preto,SP,Sudeste,-21.17,-47.81
2022,27,1.63,0.83,0.83,28.25,79.01,1.91,25.07,11.61,Ribeirão Preto,SP,Sudeste,-21.17,-47.81
2022,28,3.72,0.82,0.83,27.21,83.07,1.93,20.15,9.39,Ribeirão Preto,SP,Sudeste,-21.17,-47.81
2022,29,27.78,0.84,0.91,24.95,90.51,2.36,8.82,4.45,Ribeirão Preto,SP,Sudeste,-21.17,-47.81
2022,30,44.88,0.87,0.95,25.25,89.35,1.68,9.26,4.68,Ribeirão Preto,SP,Sudeste,-21.17,-47.81
2022,31,23.49,0.91,0.95,23.8,91.74,2.14,10.45,5.2,Ribeirão Preto,SP,Sudeste,-21.17,-47.81
2022,32,17.86,0.93,0.94,25.77,89.06,1.75,13.3,6.46,Ribeirão Preto,SP,Sudeste,-21.17,-47.81
2022,33,9.89,0.93,0.93,26.69,86.01,1.02,13.48,6.62,Ribeirão Preto,SP,Sudeste,-21.17,-47.81
2022,34,13.64,0.94,0.94,25.01,88.41,1.23,17.28,8.34,Ribeirão Preto,SP,Sudeste,-21.17,-47.81
2022,35,0.78,0.94,0.91,27.97,80.98,1.34,22.81,10.67,Ribeirão Preto,SP,Sudeste,-21.17,-47.81
2022,36,11.77,0.93,0.93,28.19,84.8,1.65,17.91,8.49,Ribeirão Preto,SP,Sudeste,-21.17,-47.81
2022,37,14.46,0.95,0.94,25.3,91.7,1.79,16.81,7.99,Ribeirão Preto,SP,Sudeste,-21.17,-47.81
2022,38,41.88,0.97,0.98,24.98,92.92,2.31,10.91,5.42,Ribeirão Preto,SP,Sudeste,-21.17,-47.81
2022,39,5.5,0.97,0.94,26.91,86.74,1.85,20.25,9.3,Ribeirão Preto,SP,Sudeste,-21.17,-47.81
2022,40,3.01,0.97,0.93,27.84,83.57,1.65,22.8,10.53,Ribeirão Preto,SP,Sudeste,-21.17,-47.81
2022,41,6.47,0.96,0.93,27.32,87.37,2.2,22.71,10.53,Ribeirão Preto,SP,Sudeste,-21.17,-47.81
2022,42,5.8,0.96,0.93,26.97,84.89,2.23,20.0,9.32,Ribeirão Preto,SP,Sudeste,-21.17,-47.81
2022,43,1.37,0.95,0.92,28.01,83.63,1.48,24.41,11.32,Ribeirão Preto,SP,Sudeste,-21.17,-47.81
2022,44,1.5,0.95,0.91,28.39,84.5,1.53,25.48,11.66,Ribeirão Preto,SP,Sudeste,-21.17,-47.81
2022,45,2.48,0.94,0.91,28.81,78.96,1.68,25.34,11.54,Ribeirão Preto,SP,Sudeste,-21.17,-47.81
2022,46,3.87,0.93,0.91,28.94,79.05,1.26,23.11,10.77,Ribeirão Preto,SP,Sudeste,-21.17,-47.81
2022,47,4.46,0.92,0.91,28.77,83.77,1.65,26.42,12.12,Ribeirão Preto,SP,Sudeste,-21.17,-47.81
2022,48,3.21,0.92,0.9,27.18,81.56,1.56,18.32,8.59,Ribeirão Preto,SP,Sudeste,-21.17,-47.81
2022,49,2.01,0.91,0.9,25.04,83.18,1.13,13.6,6.39,Ribeirão Preto,SP,Sudeste,-21.17,-47.81
2022,50,1.12,0.91,0.89,27.5,78.95,1.28,20.82,9.55,Ribeirão Preto,SP,Sudeste,-21.17,-47.81
2022,51,0.07,0.9,0.88,26.95,82.82,1.69,23.17,10.66,Ribeirão Preto,SP,Sudeste,-21.17,-47.81
2022,52,1.34,0.89,0.88,27.54,81.74,1.49,24.22,11.15,Ribeirão Preto,SP,Sudeste,-21.17,-47.81
2022,53,1.49,0.88,0.87,29.61,76.86,0.79,25.17,11.7,Ribeirão Preto,SP,Sudeste,-21.17,-47.81
2022,54,5.02,0.87,0.88,28.65,79.86,0.91,25.02,11.67,Ribeirão Preto,SP,Sudeste,-21.17,-47.81
2022,55,1.85,0.87,0.86,29.89,77.56,1.09,24.07,11.19,Ribeirão Preto,SP,Sudeste,-21.17,-47.81
2022,56,2.06,0.86,0.86,30.43,79.89,1.55,24.72,11.5,Ribeirão Preto,SP,Sudeste,-21.17,-47.81
2022,57,1.91,0.85,0.86,29.37,80.48,1.45,23.88,11.04,Ribeirão Preto,SP,Sudeste,-21.17,-47.81
2022,58,0.03,0.84,0.84,29.36,77.13,1.23,25.28,11.68,Ribeirão Preto,SP,Sudeste,-21.17,-47.81
2022,59,0.05,0.83,0.83,29.86,76.81,1.58,24.89,11.44,Ribeirão Preto,SP,Sudeste,-21.17,-47.81
2022,60,0.85,0.82,0.82,29.44,76.57,1.82,21.42,10.03,Ribeirão Preto,SP,Sudeste,-21.17,-47.81
2022,61,0.02,0.8,0.8,29.81,72.25,1.9,25.45,11.77,Ribeirão Preto,SP,Sudeste,-21.17,-47.81
2022,62,0.24,0.79,0.79,29.44,76.6,1.44,23.45,10.8,Ribeirão Preto,SP,Sudeste,-21.17,-47.81
2022,63,0.1,0.78,0.78,29.23,75.76,1.03,24.78,11.5,Ribeirão Preto,SP,Sudeste,-21.17,-47.81
2022,64,2.66,0.77,0.78,29.4,77.35,1.27,23.14,10.79,Ribeirão Preto,SP,Sudeste,-21.17,-47.81
2022,65,0.89,0.77,0.76,28.86,77.12,1.68,24.15,11.21,Ribeirão Preto,SP,Sudeste,-21.17,-47.81
2022,66,0.02,0.76,0.74,30.19,73.41,1.73,25.18,11.63,Ribeirão Preto,SP,Sudeste,-21.17,-47.81
2022,67,1.69,0.75,0.74,29.91,76.66,1.19,22.79,10.63,Ribeirão Preto,SP,Sudeste,-21.17,-47.81
2022,68,0.49,0.74,0.72,29.83,75.56,1.85,16.71,7.92,Ribeirão Preto,SP,Sudeste,-21.17,-47.81
2022,69,4.27,0.74,0.73,30.21,73.58,1.69,23.81,11.08,Ribeirão Preto,SP,Sudeste,-21.17,-47.81
2022,70,4.73,0.73,0.73,29.06,77.82,1.6,20.18,9.48,Ribeirão Preto,SP,Sudeste,-21.17,-47.81
2022,71,4.6,0.74,0.75,28.9,79.12,1.52,17.35,8.21,Ribeirão Preto,SP,Sudeste,-21.17,-47.81
2022,72,15.24,0.75,0.8,26.13,82.6,0.74,16.39,7.76,Ribeirão Preto,SP,Sudeste,-21.17,-47.81
2022,73,6.1,0.76,0.78,26.85,85.39,1.41,17.1,8.11,Ribeirão Preto,SP,Sudeste,-21.17,-47.81
2022,74,8.08,0.76,0.78,28.12,83.77,1.41,17.28,8.13,Ribeirão Preto,SP,Sudeste,-21.17,-47.81
2022,75,5.32,0.77,0.79,29.08,82.04,1.89,19.0,8.98,Ribeirão Preto,SP,Sudeste,-21.17,-47.81
2022,76,3.01,0.76,0.77,29.09,81.37,1.98,22.01,10.31,Ribeirão Preto,SP,Sudeste,-21.17,-47.81
2022,77,1.05,0.76,0.75,30.62,74.62,0.92,23.31,10.86,Ribeirão Preto,SP,Sudeste,-21.17,-47.81
2022,78,3.06,0.75,0.75,26.51,86.43,1.09,18.35,8.57,Ribeirão Preto,SP,Sudeste,-21.17,-47.81
2022,79,1.89,0.75,0.75,28.22,84.88,1.79,19.59,9.18,Ribeirão Preto,SP,Sudeste,-21.17,-47.81
2022,80,0.2,0.74,0.73,27.56,80.28,3.05,18.46,8.7,Ribeirão Preto,SP,Sudeste,-21.17,-47.81
2022,81,0.05,0.73,0.71,28.16,74.66,3.27,24.76,11.43,Ribeirão Preto,SP,Sudeste,-21.17,-47.81
2022,82,0.01,0.73,0.7,29.21,76.59,3.02,23.74,10.99,Ribeirão Preto,SP,Sudeste,-21.17,-47.81
2022,83,0.02,0.72,0.68,30.27,75.68,2.34,23.89,11.14,Ribeirão Preto,SP,Sudeste,-21.17,-47.81
2022,84,1.11,0.71,0.68,30.36,73.88,1.99,21.8,10.2,Ribeirão Preto,SP,Sudeste,-21.17,-47.81
2022,85,4.99,0.71,0.7,28.99,78.57,1.64,17.68,8.33,Ribeirão Preto,SP,Sudeste,-21.17,-47.81
2022,86,2.18,0.71,0.69,29.16,79.58,1.08,15.47,7.28,Ribeirão Preto,SP,Sudeste,-21.17,-47.81
2022,87,14.86,0.72,0.75,26.97,83.73,0.87,18.26,8.61,Ribeirão Preto,SP,Sudeste,-21.17,-47.81
2022,88,3.45,0.74,0.74,29.08,80.29,1.23,23.61,10.96,Ribeirão Preto,SP,Sudeste,-21.17,-47.81
2022,89,0.57,0.73,0.71,29.75,74.43,1.73,20.17,9.36,Ribeirão Preto,SP,Sudeste,-21.17,-47.81
2022,90,5.31,0.72,0.71,29.85,73.86,1.07,18.49,8.71,Ribeirão Preto,SP,Sudeste,-21.17,-47.81
2022,91,15.81,0.75,0.8,25.66,86.7,2.48,10.89,5.3,Ribeirão Preto,SP,Sudeste,-21.17,-47.81
2022,92,1.43,0.74,0.74,28.81,81.89,1.94,20.02,9.32,Ribeirão Preto,SP,Sudeste,-21.17,-47.81
2022,93,0.35,0.74,0.72,28.96,81.3,2.2,21.55,10.05,Ribeirão Preto,SP,Sudeste,-21.17,-47.81
2022,94,1.96,0.73,0.71,29.65,78.28,1.87,21.12,9.83,Ribeirão Preto,SP,Sudeste,-21.17,-47.81
2022,95,1.97,0.73,0.71,30.36,77.7,0.95,17.24,8.11,Ribeirão Preto,SP,Sudeste,-21.17,-47.81
2022,96,0.87,0.72,0.7,30.22,78.44,1.54,21.49,9.98,Ribeirão Preto,SP,Sudeste,-21.17,-47.81
2022,97,0.57,0.71,0.68,31.41,74.93,1.12,21.15,9.71,Ribeirão Preto,SP,Sudeste,-21.17,-47.81
2022,98,3.53,0.71,0.69,31.56,73.98,1.7,17.63,8.23,Ribeirão Preto,SP,Sudeste,-21.17,-47.81
2022,99,3.74,0.71,0.71,27.58,84.4,0.78,17.01,8.03,Ribeirão Preto,SP,Sudeste,-21.17,-47.81
2022,100,0.36,0.71,0.69,29.58,79.12,1.2,20.22,9.33,Ribeirão Preto,SP,Sudeste,-21.17,-47.81
2022,101,0.31,0.71,0.67,31.21,70.82,1.26,20.77,9.53,Ribeirão Preto,SP,Sudeste,-21.17,-47.81
2022,102,9.4,0.71,0.72,28.79,74.55,1.64,11.88,5.7,Ribeirão Preto,SP,Sudeste,-21.17,-47.81
2022,103,0.3,0.71,0.68,30.18,75.88,1.42,15.22,7.13,Ribeirão Preto,SP,Sudeste,-21.17,-47.81
2022,104,1.44,0.71,0.67,28.66,79.09,1.77,14.62,6.84,Ribeirão Preto,SP,Sudeste,-21.17,-47.81
2022,105,0.11,0.7,0.66,27.08,71.65,2.91,21.98,9.85,Ribeirão Preto,SP,Sudeste,-21.17,-47.81
2022,106,0.01,0.69,0.66,26.79,67.71,1.94,23.0,10.11,Ribeirão Preto,SP,Sudeste,-21.17,-47.81
2022,107,0.02,0.69,0.65,27.54,68.7,1.77,22.17,9.87,Ribeirão Preto,SP,Sudeste,-21.17,-47.81
2022,108,0.12,0.68,0.65,29.1,70.79,1.64,19.27,8.74,Ribeirão Preto,SP,Sudeste,-21.17,-47.81
2022,109,0.03,0.68,0.64,29.59,67.96,1.63,19.41,8.87,Ribeirão Preto,SP,Sudeste,-21.17,-47.81
2022,110,0.01,0.67,0.63,30.02,64.97,1.15,19.24,8.75,Ribeirão Preto,SP,Sudeste,-21.17,-47.81
2022,111,0.03,0.67,0.63,29.71,64.09,1.4,20.55,9.3,Ribeirão Preto,SP,Sudeste,-21.17,-47.81
2022,112,0.02,0.66,0.62,30.77,60.39,1.89,18.9,8.53,Ribeirão Preto,SP,Sudeste,-21.17,-47.81
2022,113,0.0,0.66,0.62,30.46,66.07,3.19,17.48,8.03,Ribeirão Preto,SP,Sudeste,-21.17,-47.81
2022,114,0.0,0.65,0.62,31.87,66.43,1.14,20.45,9.33,Ribeirão Preto,SP,Sudeste,-21.17,-47.81
2022,115,0.04,0.65,0.62,31.12,70.37,2.58,19.36,8.88,Ribeirão Preto,SP,Sudeste,-21.17,-47.81
2022,116,0.32,0.65,0.61,31.1,69.58,2.3,17.39,8.0,Ribeirão Preto,SP,Sudeste,-21.17,-47.81
2022,117,0.14,0.64,0.61,31.09,68.15,2.51,18.66,8.54,Ribeirão Preto,SP,Sudeste,-21.17,-47.81
2022,118,0.01,0.64,0.61,31.28,63.88,2.24,19.78,8.92,Ribeirão Preto,SP,Sudeste,-21.17,-47.81
2022,119,0.13,0.64,0.6,32.03,62.86,1.85,18.73,8.44,Ribeirão Preto,SP,Sudeste,-21.17,-47.81
2022,120,0.57,0.63,0.61,29.77,71.39,1.95,15.69,7.27,Ribeirão Preto,SP,Sudeste,-21.17,-47.81
2022,121,0.55,0.63,0.61,29.84,65.04,1.71,16.04,7.38,Ribeirão Preto,SP,Sudeste,-21.17,-47.81
2022,122,0.16,0.63,0.6,30.56,64.38,1.5,15.52,7.14,Ribeirão Preto,SP,Sudeste,-21.17,-47.81
2022,123,0.34,0.63,0.6,31.28,59.05,2.17,18.33,8.35,Ribeirão Preto,SP,Sudeste,-21.17,-47.81
2022,124,8.9,0.63,0.66,23.1,79.38,2.84,5.72,2.85,Ribeirão Preto,SP,Sudeste,-21.17,-47.81
2022,125,0.0,0.64,0.62,25.24,66.07,1.55,19.52,8.62,Ribeirão Preto,SP,Sudeste,-21.17,-47.81
2022,126,0.04,0.64,0.61,28.4,57.82,1.3,19.87,8.73,Ribeirão Preto,SP,Sudeste,-21.17,-47.81
2022,127,0.02,0.63,0.6,30.28,66.63,1.44,18.6,8.29,Ribeirão Preto,SP,Sudeste,-21.17,-47.81
2022,128,0.03,0.63,0.6,30.01,71.96,1.61,16.84,7.66,Ribeirão Preto,SP,Sudeste,-21.17,-47.81
2022,129,0.29,0.63,0.6,28.85,72.22,1.77,14.43,6.61,Ribeirão Preto,SP,Sudeste,-21.17,-47.81
2022,130,0.41,0.62,0.6,28.84,68.35,1.7,17.54,7.86,Ribeirão Preto,SP,Sudeste,-21.17,-47.81
2022,131,1.15,0.62,0.6,27.13,69.02,2.2,8.3,3.96,Ribeirão Preto,SP,Sudeste,-21.17,-47.81
2022,132,0.37,0.62,0.6,27.6,72.74,1.31,14.56,6.66,Ribeirão Preto,SP,Sudeste,-21.17,-47.81
2022,133,0.0,0.62,0.59,29.45,63.05,1.01,18.68,8.34,Ribeirão Preto,SP,Sudeste,-21.17,-47.81
2022,134,1.28,0.62,0.58,30.55,66.89,1.87,17.99,8.11,Ribeirão Preto,SP,Sudeste,-21.17,-47.81
2022,135,22.15,0.64,0.71,26.48,81.02,2.34,8.99,4.26,Ribeirão Preto,SP,Sudeste,-21.17,-47.81
2022,136,1.83,0.66,0.65,25.75,78.8,2.62,11.35,5.26,Ribeirão Preto,SP,Sudeste,-21.17,-47.81
2022,137,0.01,0.65,0.62,20.86,58.86,3.1,17.85,7.73,Ribeirão Preto,SP,Sudeste,-21.17,-47.81
2022,138,0.01,0.65,0.62,16.72,65.38,3.96,18.23,7.97,Ribeirão Preto,SP,Sudeste,-21.17,-47.81
2022,139,0.0,0.65,0.62,19.22,70.57,2.14,12.8,5.71,Ribeirão Preto,SP,Sudeste,-21.17,-47.81
2022,140,0.0,0.65,0.62,21.57,65.8,1.47,18.78,8.1,Ribeirão Preto,SP,Sudeste,-21.17,-47.81
2022,141,0.0,0.64,0.61,24.13,60.57,2.01,16.7,7.26,Ribeirão Preto,SP,Sudeste,-21.17,-47.81
2022,142,0.0,0.64,0.61,26.05,65.35,2.24,18.13,7.92,Ribeirão Preto,SP,Sudeste,-21.17,-47.81
2022,143,0.02,0.64,0.61,27.13,64.28,2.09,17.11,7.6,Ribeirão Preto,SP,Sudeste,-21.17,-47.81
2022,144,0.0,0.64,0.61,27.41,64.82,2.71,17.1,7.61,Ribeirão Preto,SP,Sudeste,-21.17,-47.81
2022,145,0.0,0.63,0.61,26.13,69.52,2.91,17.49,7.78,Ribeirão Preto,SP,Sudeste,-21.17,-47.81
2022,146,0.02,0.63,0.61,27.2,68.6,2.33,16.06,7.2,Ribeirão Preto,SP,Sudeste,-21.17,-47.81
2022,147,0.01,0.63,0.61,25.24,71.94,2.5,15.69,7.07,Ribeirão Preto,SP,Sudeste,-21.17,-47.81
2022,148,0.0,0.63,0.61,25.21,69.76,1.83,14.41,6.54,Ribeirão Preto,SP,Sudeste,-21.17,-47.81
2022,149,0.0,0.63,0.6,29.04,65.27,2.26,16.93,7.62,Ribeirão Preto,SP,Sudeste,-21.17,-47.81
2022,150,0.02,0.62,0.59,30.23,57.82,2.67,15.38,7.0,Ribeirão Preto,SP,Sudeste,-21.17,-47.81
2022,151,0.74,0.62,0.6,27.11,72.05,1.92,12.7,5.89,Ribeirão Preto,SP,Sudeste,-21.17,-47.81
2022,152,0.0,0.62,0.59,30.99,69.38,1.63,13.0,5.97,Ribeirão Preto,SP,Sudeste,-21.17,-47.81
2022,153,0.0,0.62,0.58,29.53,61.88,1.91,14.54,6.63,Ribeirão Preto,SP,Sudeste,-21.17,-47.81
2022,154,0.0,0.61,0.57,28.38,72.05,1.96,12.65,5.8,Ribeirão Preto,SP,Sudeste,-21.17,-47.81
2022,155,0.0,0.61,0.55,28.47,69.56,2.22,16.57,7.46,Ribeirão Preto,SP,Sudeste,-21.17,-47.81
2022,156,0.01,0.61,0.54,29.07,65.63,2.38,15.74,7.09,Ribeirão Preto,SP,Sudeste,-21.17,-47.81
2022,157,0.02,0.61,0.51,29.0,61.87,2.34,15.4,6.96,Ribeirão Preto,SP,Sudeste,-21.17,-47.81
2022,158,0.02,0.61,0.49,29.9,56.55,1.97,15.03,6.78,Ribeirão Preto,SP,Sudeste,-21.17,-47.81
2022,159,1.49,0.61,0.48,27.84,69.05,1.81,10.49,4.89,Ribeirão Preto,SP,Sudeste,-21.17,-47.81
2022,160,1.6,0.61,0.49,28.29,74.71,1.36,6.3,3.06,Ribeirão Preto,SP,Sudeste,-21.17,-47.81
2022,161,0.8,0.61,0.5,26.38,76.33,2.04,9.14,4.27,Ribeirão Preto,SP,Sudeste,-21.17,-47.81
2022,162,0.07,0.61,0.49,24.89,75.71,1.72,9.97,4.64,Ribeirão Preto,SP,Sudeste,-21.17,-47.81
2022,163,0.0,0.61,0.47,25.15,54.39,1.94,11.13,4.95,Ribeirão Preto,SP,Sudeste,-21.17,-47.81
2022,164,0.01,0.6,0.44,23.24,39.44,1.72,16.39,7.0,Ribeirão Preto,SP,Sudeste,-21.17,-47.81
2022,165,0.01,0.6,0.42,26.84,58.42,2.58,14.06,6.2,Ribeirão Preto,SP,Sudeste,-21.17,-47.81
2022,166,0.07,0.6,0.4,28.68,55.42,2.1,14.71,6.71,Ribeirão Preto,SP,Sudeste,-21.17,-47.81
2022,167,0.03,0.6,0.39,30.3,53.74,1.68,16.55,7.39,Ribeirão Preto,SP,Sudeste,-21.17,-47.81
2022,168,0.08,0.6,0.37,30.62,45.96,2.18,16.78,7.42,Ribeirão Preto,SP,Sudeste,-21.17,-47.81
2022,169,1.14,0.6,0.38,26.28,58.17,2.35,8.06,3.76,Ribeirão Preto,SP,Sudeste,-21.17,-47.81
2022,170,0.01,0.6,0.38,28.92,63.24,1.16,13.19,5.96,Ribeirão Preto,SP,Sudeste,-21.17,-47.81
2022,171,0.1,0.6,0.37,30.03,60.41,2.24,12.23,5.62,Ribeirão Preto,SP,Sudeste,-21.17,-47.81
2022,172,0.01,0.6,0.36,30.83,59.64,2.52,15.88,7.17,Ribeirão Preto,SP,Sudeste,-21.17,-47.81
2022,173,0.0,0.6,0.35,31.06,51.72,2.33,16.13,7.26,Ribeirão Preto,SP,Sudeste,-21.17,-47.81
2022,174,0.0,0.6,0.34,30.67,49.34,1.85,16.57,7.37,Ribeirão Preto,SP,Sudeste,-21.17,-47.81
2022,175,0.03,0.6,0.33,30.33,46.17,1.9,16.04,7.06,Ribeirão Preto,SP,Sudeste,-21.17,-47.81
2022,176,0.0,0.6,0.32,29.98,46.99,1.85,16.21,7.15,Ribeirão Preto,SP,Sudeste,-21.17,-47.81
2022,177,0.0,0.6,0.31,27.69,65.4,2.22,15.37,6.91,Ribeirão Preto,SP,Sudeste,-21.17,-47.81
2022,178,0.0,0.6,0.31,28.47,64.74,2.33,15.16,6.84,Ribeirão Preto,SP,Sudeste,-21.17,-47.81
2022,179,0.0,0.6,0.3,29.08,57.55,2.15,16.01,7.17,Ribeirão Preto,SP,Sudeste,-21.17,-47.81
2022,180,0.0,0.6,0.29,29.06,55.5,2.35,15.62,7.03,Ribeirão Preto,SP,Sudeste,-21.17,-47.81
2022,181,0.0,0.6,0.29,28.77,56.73,1.11,16.59,7.29,Ribeirão Preto,SP,Sudeste,-21.17,-47.81
2022,182,0.0,0.6,0.29,30.02,53.22,2.24,16.44,7.3,Ribeirão Preto,SP,Sudeste,-21.17,-47.81
2022,183,0.0,0.6,0.28,31.37,49.73,2.85,16.49,7.34,Ribeirão Preto,SP,Sudeste,-21.17,-47.81
2022,184,0.0,0.6,0.28,31.16,49.01,2.22,16.71,7.44,Ribeirão Preto,SP,Sudeste,-21.17,-47.81
2022,185,0.01,0.6,0.27,30.73,46.03,2.59,17.0,7.46,Ribeirão Preto,SP,Sudeste,-21.17,-47.81
2022,186,0.0,0.6,0.27,29.61,46.38,2.3,16.93,7.43,Ribeirão Preto,SP,Sudeste,-21.17,-47.81
2022,187,0.0,0.6,0.26,29.43,51.73,2.36,16.87,7.48,Ribeirão Preto,SP,Sudeste,-21.17,-47.81
2022,188,0.0,0.6,0.26,29.82,47.32,2.21,16.58,7.36,Ribeirão Preto,SP,Sudeste,-21.17,-47.81
2022,189,0.0,0.6,0.26,29.71,51.73,2.29,15.88,7.15,Ribeirão Preto,SP,Sudeste,-21.17,-47.81
2022,190,0.0,0.6,0.25,28.62,51.04,2.83,16.65,7.41,Ribeirão Preto,SP,Sudeste,-21.17,-47.81
2022,191,0.05,0.6,0.25,28.61,55.73,3.21,15.85,7.13,Ribeirão Preto,SP,Sudeste,-21.17,-47.81
2022,192,0.0,0.6,0.25,28.69,51.22,3.37,16.98,7.55,Ribeirão Preto,SP,Sudeste,-21.17,-47.81
2022,193,0.0,0.59,0.25,29.63,47.82,2.62,13.67,6.2,Ribeirão Preto,SP,Sudeste,-21.17,-47.81
2022,194,0.0,0.59,0.24,31.24,43.59,2.14,11.38,5.25,Ribeirão Preto,SP,Sudeste,-21.17,-47.81
2022,195,0.03,0.59,0.24,29.29,56.24,3.68,16.04,7.28,Ribeirão Preto,SP,Sudeste,-21.17,-47.81
2022,196,0.13,0.59,0.24,30.74,45.78,3.25,14.61,6.62,Ribeirão Preto,SP,Sudeste,-21.17,-47.81
2022,197,0.0,0.59,0.24,31.4,48.51,3.09,13.9,6.32,Ribeirão Preto,SP,Sudeste,-21.17,-47.81
2022,198,0.0,0.59,0.24,33.38,42.73,2.01,15.95,7.31,Ribeirão Preto,SP,Sudeste,-21.17,-47.81
2022,199,0.0,0.59,0.23,32.29,46.5,2.66,16.67,7.54,Ribeirão Preto,SP,Sudeste,-21.17,-47.81
2022,200,0.0,0.59,0.23,31.12,45.65,2.61,16.99,7.61,Ribeirão Preto,SP,Sudeste,-21.17,-47.81
2022,201,0.01,0.59,0.23,30.47,51.11,2.36,17.11,7.72,Ribeirão Preto,SP,Sudeste,-21.17,-47.81
2022,202,0.01,0.59,0.23,29.82,54.81,3.09,16.82,7.56,Ribeirão Preto,SP,Sudeste,-21.17,-47.81
2022,203,0.0,0.59,0.22,30.23,47.67,2.26,17.43,7.77,Ribeirão Preto,SP,Sudeste,-21.17,-47.81
2022,204,0.0,0.59,0.22,30.76,43.09,1.88,17.79,7.91,Ribeirão Preto,SP,Sudeste,-21.17,-47.81
2022,205,0.0,0.59,0.22,31.13,45.5,2.45,17.61,7.86,Ribeirão Preto,SP,Sudeste,-21.17,-47.81
2022,206,0.01,0.59,0.22,31.07,45.15,1.99,18.02,8.03,Ribeirão Preto,SP,Sudeste,-21.17,-47.81
2022,207,0.0,0.59,0.22,31.11,43.26,1.9,17.99,7.97,Ribeirão Preto,SP,Sudeste,-21.17,-47.81
2022,208,0.02,0.59,0.21,30.69,44.37,2.08,18.03,8.02,Ribeirão Preto,SP,Sudeste,-21.17,-47.81
2022,209,0.07,0.59,0.21,30.85,43.08,2.3,17.2,7.62,Ribeirão Preto,SP,Sudeste,-21.17,-47.81
2022,210,0.35,0.59,0.21,30.53,45.01,3.84,12.85,5.83,Ribeirão Preto,SP,Sudeste,-21.17,-47.81
2022,211,0.02,0.59,0.21,28.8,46.14,2.31,18.34,8.08,Ribeirão Preto,SP,Sudeste,-21.17,-47.81
2022,212,0.0,0.59,0.21,30.19,34.01,1.57,18.61,8.26,Ribeirão Preto,SP,Sudeste,-21.17,-47.81
2022,213,0.0,0.59,0.21,30.44,37.72,1.78,14.79,6.71,Ribeirão Preto,SP,Sudeste,-21.17,-47.81
2022,214,0.0,0.59,0.21,31.92,35.61,1.48,17.6,7.82,Ribeirão Preto,SP,Sudeste,-21.17,-47.81
2022,215,0.0,0.59,0.21,31.17,39.35,1.6,18.18,8.08,Ribeirão Preto,SP,Sudeste,-21.17,-47.81
2022,216,0.0,0.59,0.2,30.13,41.62,2.51,16.09,7.25,Ribeirão Preto,SP,Sudeste,-21.17,-47.81
2022,217,0.0,0.59,0.2,33.01,40.31,2.51,16.49,7.38,Ribeirão Preto,SP,Sudeste,-21.17,-47.81
2022,218,0.03,0.59,0.2,30.88,46.74,1.45,16.35,7.45,Ribeirão Preto,SP,Sudeste,-21.17,-47.81
2022,219,0.1,0.59,0.2,31.26,36.25,2.46,12.96,5.83,Ribeirão Preto,SP,Sudeste,-21.17,-47.81
2022,220,2.89,0.6,0.27,27.83,51.77,1.94,3.67,1.84,Ribeirão Preto,SP,Sudeste,-21.17,-47.81
2022,221,3.92,0.6,0.33,29.52,60.98,2.33,6.96,3.32,Ribeirão Preto,SP,Sudeste,-21.17,-47.81
2022,222,7.52,0.62,0.63,19.57,71.7,4.22,12.76,5.75,Ribeirão Preto,SP,Sudeste,-21.17,-47.81
2022,223,0.01,0.62,0.6,22.66,71.34,2.68,16.07,7.2,Ribeirão Preto,SP,Sudeste,-21.17,-47.81
2022,224,0.01,0.62,0.58,26.43,63.05,3.21,20.58,9.06,Ribeirão Preto,SP,Sudeste,-21.17,-47.81
2022,225,0.0,0.61,0.56,29.66,54.76,2.86,20.33,8.91,Ribeirão Preto,SP,Sudeste,-21.17,-47.81
2022,226,0.0,0.61,0.52,30.36,49.49,2.82,20.25,9.01,Ribeirão Preto,SP,Sudeste,-21.17,-47.81
2022,227,0.0,0.61,0.48,30.71,43.72,3.03,20.77,9.17,Ribeirão Preto,SP,Sudeste,-21.17,-47.81
2022,228,0.0,0.6,0.45,31.77,43.24,3.25,16.52,7.51,Ribeirão Preto,SP,Sudeste,-21.17,-47.81
2022,229,0.0,0.6,0.41,31.97,42.77,3.16,9.48,4.43,Ribeirão Preto,SP,Sudeste,-21.17,-47.81
2022,230,0.0,0.6,0.39,33.03,39.89,4.44,15.38,7.0,Ribeirão Preto,SP,Sudeste,-21.17,-47.81
2022,231,0.06,0.6,0.37,24.6,63.54,3.91,8.58,4.01,Ribeirão Preto,SP,Sudeste,-21.17,-47.81
2022,232,0.0,0.6,0.36,25.58,56.82,3.82,10.03,4.69,Ribeirão Preto,SP,Sudeste,-21.17,-47.81
2022,233,0.0,0.6,0.36,27.1,61.15,3.22,15.07,7.0,Ribeirão Preto,SP,Sudeste,-21.17,-47.81
2022,234,0.0,0.6,0.35,29.37,53.27,2.12,19.94,9.0,Ribeirão Preto,SP,Sudeste,-21.17,-47.81
2022,235,0.0,0.6,0.34,29.93,47.22,2.12,20.48,9.18,Ribeirão Preto,SP,Sudeste,-21.17,-47.81
2022,236,0.0,0.6,0.32,28.91,48.46,2.19,14.38,6.55,Ribeirão Preto,SP,Sudeste,-21.17,-47.81
2022,237,0.0,0.6,0.31,29.86,45.79,2.89,15.13,6.8,Ribeirão Preto,SP,Sudeste,-21.17,-47.81
2022,238,0.0,0.6,0.3,30.62,44.55,3.19,15.64,7.02,Ribeirão Preto,SP,Sudeste,-21.17,-47.81
2022,239,0.0,0.6,0.29,32.37,40.52,2.35,20.92,9.35,Ribeirão Preto,SP,Sudeste,-21.17,-47.81
2022,240,0.0,0.6,0.29,33.38,36.08,1.96,21.54,9.53,Ribeirão Preto,SP,Sudeste,-21.17,-47.81
2022,241,0.0,0.6,0.28,29.9,54.52,4.48,19.57,8.78,Ribeirão Preto,SP,Sudeste,-21.17,-47.81
2022,242,0.01,0.6,0.27,27.86,51.69,3.35,16.98,7.7,Ribeirão Preto,SP,Sudeste,-21.17,-47.81
2022,243,0.0,0.6,0.27,29.04,47.27,3.92,21.85,9.74,Ribeirão Preto,SP,Sudeste,-21.17,-47.81
2022,244,0.0,0.6,0.26,30.68,39.09,3.52,22.96,10.2,Ribeirão Preto,SP,Sudeste,-21.17,-47.81
2022,245,0.0,0.6,0.26,32.79,31.67,2.6,22.92,10.1,Ribeirão Preto,SP,Sudeste,-21.17,-47.81
2022,246,0.0,0.6,0.25,34.54,32.86,2.46,19.96,8.75,Ribeirão Preto,SP,Sudeste,-21.17,-47.81
2022,247,0.01,0.59,0.25,32.54,52.44,3.47,18.31,8.11,Ribeirão Preto,SP,Sudeste,-21.17,-47.81
2022,248,0.12,0.59,0.24,32.89,50.18,2.18,18.05,8.08,Ribeirão Preto,SP,Sudeste,-21.17,-47.81
2022,249,2.99,0.6,0.29,31.26,51.05,3.49,15.94,7.32,Ribeirão Preto,SP,Sudeste,-21.17,-47.81
2022,250,0.03,0.6,0.35,32.34,43.54,3.45,13.99,6.42,Ribeirão Preto,SP,Sudeste,-21.17,-47.81
2022,251,0.02,0.6,0.33,34.57,34.96,2.47,19.97,8.82,Ribeirão Preto,SP,Sudeste,-21.17,-47.81
2022,252,0.0,0.6,0.31,35.82,33.2,1.74,19.85,8.79,Ribeirão Preto,SP,Sudeste,-21.17,-47.81
2022,253,0.0,0.6,0.3,36.81,30.09,2.04,21.28,9.36,Ribeirão Preto,SP,Sudeste,-21.17,-47.81
2022,254,0.0,0.6,0.29,34.24,45.86,3.07,19.05,8.2,Ribeirão Preto,SP,Sudeste,-21.17,-47.81
2022,255,0.03,0.6,0.28,36.14,40.95,2.75,17.13,7.7,Ribeirão Preto,SP,Sudeste,-21.17,-47.81
2022,256,0.0,0.6,0.27,37.11,32.9,2.14,18.51,8.17,Ribeirão Preto,SP,Sudeste,-21.17,-47.81
2022,257,3.51,0.6,0.31,33.96,47.94,2.09,10.7,4.94,Ribeirão Preto,SP,Sudeste,-21.17,-47.81
2022,258,3.79,0.61,0.49,30.93,64.39,3.16,13.83,6.28,Ribeirão Preto,SP,Sudeste,-21.17,-47.81
2022,259,1.89,0.61,0.53,26.27,67.71,2.68,10.45,4.9,Ribeirão Preto,SP,Sudeste,-21.17,-47.81
2022,260,0.01,0.61,0.5,30.29,56.94,2.67,25.41,11.26,Ribeirão Preto,SP,Sudeste,-21.17,-47.81
2022,261,0.0,0.61,0.45,31.73,53.62,2.68,25.22,11.3,Ribeirão Preto,SP,Sudeste,-21.17,-47.81
2022,262,0.0,0.6,0.41,35.96,46.81,2.37,23.96,10.71,Ribeirão Preto,SP,Sudeste,-21.17,-47.81
2022,263,1.48,0.6,0.4,32.93,48.8,2.51,14.42,6.54,Ribeirão Preto,SP,Sudeste,-21.17,-47.81
2022,264,0.88,0.6,0.41,34.2,56.41,1.86,11.47,5.3,Ribeirão Preto,SP,Sudeste,-21.17,-47.81
2022,265,21.84,0.63,0.68,26.06,82.75,3.41,6.3,3.08,Ribeirão Preto,SP,Sudeste,-21.17,-47.81
2022,266,0.04,0.64,0.62,28.17,59.43,2.58,24.76,10.84,Ribeirão Preto,SP,Sudeste,-21.17,-47.81
2022,267,0.1,0.64,0.6,30.53,46.54,1.68,26.07,11.5,Ribeirão Preto,SP,Sudeste,-21.17,-47.81
2022,268,0.17,0.63,0.6,34.06,54.66,2.28,22.8,10.26,Ribeirão Preto,SP,Sudeste,-21.17,-47.81
2022,269,4.45,0.63,0.63,30.09,71.74,2.06,13.71,6.45,Ribeirão Preto,SP,Sudeste,-21.17,-47.81
2022,270,10.6,0.65,0.69,27.79,78.67,2.3,9.85,4.74,Ribeirão Preto,SP,Sudeste,-21.17,-47.81
2022,271,5.33,0.65,0.66,26.51,78.46,1.92,5.18,2.61,Ribeirão Preto,SP,Sudeste,-21.17,-47.81
2022,272,0.2,0.66,0.63,30.1,69.73,2.46,16.66,7.46,Ribeirão Preto,SP,Sudeste,-21.17,-47.81
2022,273,8.55,0.66,0.67,29.65,70.02,2.37,12.03,5.64,Ribeirão Preto,SP,Sudeste,-21.17,-47.81
2022,274,3.65,0.67,0.66,30.22,71.17,2.7,18.85,8.75,Ribeirão Preto,SP,Sudeste,-21.17,-47.81
2022,275,0.24,0.66,0.62,32.55,64.59,2.42,23.77,10.84,Ribeirão Preto,SP,Sudeste,-21.17,-47.81
2022,276,3.4,0.66,0.64,31.62,64.59,2.02,20.43,9.42,Ribeirão Preto,SP,Sudeste,-21.17,-47.81
2022,277,3.27,0.66,0.65,30.07,67.34,2.03,17.45,8.1,Ribeirão Preto,SP,Sudeste,-21.17,-47.81
2022,278,0.21,0.66,0.62,33.04,60.66,1.46,24.73,11.18,Ribeirão Preto,SP,Sudeste,-21.17,-47.81
2022,279,6.32,0.65,0.63,34.92,63.11,2.44,22.77,10.36,Ribeirão Preto,SP,Sudeste,-21.17,-47.81
2022,280,40.46,0.71,0.8,27.85,74.4,3.3,10.79,5.16,Ribeirão Preto,SP,Sudeste,-21.17,-47.81
2022,281,0.0,0.71,0.68,28.53,69.68,1.2,20.29,9.14,Ribeirão Preto,SP,Sudeste,-21.17,-47.81
2022,282,12.87,0.71,0.74,26.22,80.1,2.09,8.61,4.26,Ribeirão Preto,SP,Sudeste,-21.17,-47.81
2022,283,5.99,0.73,0.75,27.71,79.27,2.01,8.2,4.13,Ribeirão Preto,SP,Sudeste,-21.17,-47.81
2022,284,0.08,0.73,0.7,33.13,69.14,3.1,14.82,6.99,Ribeirão Preto,SP,Sudeste,-21.17,-47.81
2022,285,0.01,0.72,0.68,32.08,62.97,1.66,21.51,9.83,Ribeirão Preto,SP,Sudeste,-21.17,-47.81
2022,286,0.12,0.71,0.67,33.05,60.54,2.26,23.39,10.65,Ribeirão Preto,SP,Sudeste,-21.17,-47.81
2022,287,0.0,0.7,0.65,34.03,54.99,2.56,26.6,11.99,Ribeirão Preto,SP,Sudeste,-21.17,-47.81
2022,288,0.32,0.69,0.65,31.87,67.28,3.33,24.82,11.33,Ribeirão Preto,SP,Sudeste,-21.17,-47.81
2022,289,0.12,0.69,0.65,30.22,65.66,2.79,22.14,10.15,Ribeirão Preto,SP,Sudeste,-21.17,-47.81
2022,290,0.26,0.68,0.63,33.51,56.99,1.79,19.66,9.09,Ribeirão Preto,SP,Sudeste,-21.17,-47.81
2022,291,0.57,0.67,0.63,33.03,58.66,2.6,13.58,6.43,Ribeirão Preto,SP,Sudeste,-21.17,-47.81
2022,292,1.58,0.67,0.64,30.72,63.61,3.05,7.78,3.9,Ribeirão Preto,SP,Sudeste,-21.17,-47.81
2022,293,5.06,0.67,0.64,33.88,62.82,2.73,22.21,10.25,Ribeirão Preto,SP,Sudeste,-21.17,-47.81
2022,294,13.51,0.69,0.73,28.72,77.12,3.06,10.78,5.24,Ribeirão Preto,SP,Sudeste,-21.17,-47.81
2022,295,0.02,0.69,0.65,30.77,68.02,1.67,24.04,11.12,Ribeirão Preto,SP,Sudeste,-21.17,-47.81
2022,296,1.25,0.68,0.64,32.72,63.33,1.66,25.87,11.71,Ribeirão Preto,SP,Sudeste,-21.17,-47.81
2022,297,3.44,0.68,0.66,32.48,63.85,1.62,26.67,12.1,Ribeirão Preto,SP,Sudeste,-21.17,-47.81
2022,298,0.11,0.68,0.63,32.86,58.9,2.27,27.44,12.48,Ribeirão Preto,SP,Sudeste,-21.17,-47.81
2022,299,0.24,0.67,0.62,32.95,59.16,2.18,26.89,12.26,Ribeirão Preto,SP,Sudeste,-21.17,-47.81
2022,300,3.82,0.66,0.63,35.13,57.26,2.11,23.73,10.9,Ribeirão Preto,SP,Sudeste,-21.17,-47.81
2022,301,1.8,0.67,0.64,32.4,63.45,1.7,21.21,9.84,Ribeirão Preto,SP,Sudeste,-21.17,-47.81
2022,302,20.44,0.68,0.72,32.23,64.93,1.67,26.06,11.99,Ribeirão Preto,SP,Sudeste,-21.17,-47.81
2022,303,2.29,0.69,0.68,31.45,71.18,2.11,22.54,10.49,Ribeirão Preto,SP,Sudeste,-21.17,-47.81
2022,304,16.81,0.7,0.74,30.96,74.18,2.19,10.58,5.15,Ribeirão Preto,SP,Sudeste,-21.17,-47.81
2022,305,10.65,0.72,0.75,27.48,75.33,4.17,15.97,7.62,Ribeirão Preto,SP,Sudeste,-21.17,-47.81
2022,306,0.34,0.72,0.69,24.85,72.29,4.31,10.95,5.38,Ribeirão Preto,SP,Sudeste,-21.17,-47.81
2022,307,0.16,0.71,0.68,22.38,70.23,3.43,16.96,7.92,Ribeirão Preto,SP,Sudeste,-21.17,-47.81
2022,308,0.0,0.71,0.67,25.5,64.71,2.33,27.29,12.24,Ribeirão Preto,SP,Sudeste,-21.17,-47.81
2022,309,0.35,0.7,0.66,26.96,63.96,1.99,27.12,12.2,Ribeirão Preto,SP,Sudeste,-21.17,-47.81
2022,310,0.73,0.69,0.66,26.73,67.89,2.24,19.54,9.03,Ribeirão Preto,SP,Sudeste,-21.17,-47.81
2022,311,0.99,0.69,0.65,27.91,66.8,2.37,24.89,11.26,Ribeirão Preto,SP,Sudeste,-21.17,-47.81
2022,312,4.31,0.69,0.67,29.41,64.17,2.14,24.04,10.96,Ribeirão Preto,SP,Sudeste,-21.17,-47.81
2022,313,6.22,0.69,0.68,29.56,64.12,2.21,21.55,9.91,Ribeirão Preto,SP,Sudeste,-21.17,-47.81
2022,314,1.08,0.69,0.65,32.46,61.98,1.89,26.72,12.23,Ribeirão Preto,SP,Sudeste,-21.17,-47.81
2022,315,1.31,0.68,0.64,33.67,61.16,2.13,18.76,8.68,Ribeirão Preto,SP,Sudeste,-21.17,-47.81
2022,316,0.32,0.68,0.63,32.29,61.36,1.55,25.78,11.76,Ribeirão Preto,SP,Sudeste,-21.17,-47.81
2022,317,6.97,0.67,0.66,31.18,66.39,2.16,21.51,10.02,Ribeirão Preto,SP,Sudeste,-21.17,-47.81
2022,318,7.68,0.68,0.69,31.27,70.35,2.17,23.13,10.79,Ribeirão Preto,SP,Sudeste,-21.17,-47.81
2022,319,1.27,0.68,0.66,30.37,69.92,1.12,20.36,9.49,Ribeirão Preto,SP,Sudeste,-21.17,-47.81
2022,320,0.29,0.68,0.63,33.15,59.19,1.73,26.96,12.24,Ribeirão Preto,SP,Sudeste,-21.17,-47.81
2022,321,0.42,0.67,0.63,32.5,59.13,2.73,28.54,12.93,Ribeirão Preto,SP,Sudeste,-21.17,-47.81
2022,322,0.15,0.66,0.62,32.46,60.93,2.37,27.94,12.69,Ribeirão Preto,SP,Sudeste,-21.17,-47.81
2022,323,1.89,0.66,0.63,29.15,68.65,2.89,19.8,9.36,Ribeirão Preto,SP,Sudeste,-21.17,-47.81
2022,324,4.15,0.66,0.65,32.14,64.23,1.99,26.72,12.27,Ribeirão Preto,SP,Sudeste,-21.17,-47.81
2022,325,0.98,0.66,0.62,32.69,62.66,1.81,25.84,11.92,Ribeirão Preto,SP,Sudeste,-21.17,-47.81
2022,326,4.58,0.66,0.65,30.83,68.96,2.43,19.92,9.34,Ribeirão Preto,SP,Sudeste,-21.17,-47.81
2022,327,17.83,0.67,0.71,30.14,73.62,1.75,19.04,8.89,Ribeirão Preto,SP,Sudeste,-21.17,-47.81
2022,328,9.9,0.7,0.73,29.08,76.51,1.99,25.21,11.7,Ribeirão Preto,SP,Sudeste,-21.17,-47.81
2022,329,5.25,0.7,0.69,29.13,70.76,2.71,24.93,11.51,Ribeirão Preto,SP,Sudeste,-21.17,-47.81
2022,330,0.35,0.69,0.65,30.31,65.81,2.1,27.72,12.65,Ribeirão Preto,SP,Sudeste,-21.17,-47.81
2022,331,1.0,0.69,0.64,31.83,62.68,2.03,26.23,12.09,Ribeirão Preto,SP,Sudeste,-21.17,-47.81
2022,332,10.71,0.69,0.7,29.7,69.03,2.03,16.84,7.99,Ribeirão Preto,SP,Sudeste,-21.17,-47.81
2022,333,14.13,0.7,0.74,27.12,78.22,1.82,17.87,8.48,Ribeirão Preto,SP,Sudeste,-21.17,-47.81
2022,334,16.65,0.72,0.76,28.9,73.96,1.96,20.77,9.76,Ribeirão Preto,SP,Sudeste,-21.17,-47.81
2022,335,1.72,0.73,0.71,29.84,71.22,2.05,24.47,11.44,Ribeirão Preto,SP,Sudeste,-21.17,-47.81
2022,336,2.32,0.72,0.71,28.25,79.59,1.96,18.17,8.7,Ribeirão Preto,SP,Sudeste,-21.17,-47.81
2022,337,7.48,0.73,0.74,26.01,82.93,2.43,15.89,7.67,Ribeirão Preto,SP,Sudeste,-21.17,-47.81
2022,338,7.43,0.73,0.75,25.99,81.9,2.1,12.11,6.04,Ribeirão Preto,SP,Sudeste,-21.17,-47.81
2022,339,16.84,0.75,0.82,25.47,87.08,1.59,13.13,6.38,Ribeirão Preto,SP,Sudeste,-21.17,-47.81
2022,340,22.45,0.78,0.86,27.42,86.16,2.32,15.82,7.67,Ribeirão Preto,SP,Sudeste,-21.17,-47.81
2022,341,12.93,0.79,0.84,28.27,85.26,2.24,17.73,8.5,Ribeirão Preto,SP,Sudeste,-21.17,-47.81
2022,342,1.15,0.79,0.8,29.4,76.87,1.32,29.64,13.49,Ribeirão Preto,SP,Sudeste,-21.17,-47.81
2022,343,0.04,0.78,0.77,30.5,65.16,1.31,30.63,13.94,Ribeirão Preto,SP,Sudeste,-21.17,-47.81
2022,344,0.7,0.76,0.75,31.13,64.64,1.74,25.52,11.88,Ribeirão Preto,SP,Sudeste,-21.17,-47.81
2022,345,4.54,0.75,0.75,30.36,75.69,1.6,26.96,12.58,Ribeirão Preto,SP,Sudeste,-21.17,-47.81
2022,346,13.06,0.76,0.8,27.05,88.06,2.53,14.98,7.29,Ribeirão Preto,SP,Sudeste,-21.17,-47.81
2022,347,34.94,0.79,0.9,24.4,92.16,2.59,7.32,3.85,Ribeirão Preto,SP,Sudeste,-21.17,-47.81
2022,348,3.15,0.81,0.83,27.18,82.77,2.32,24.25,11.31,Ribeirão Preto,SP,Sudeste,-21.17,-47.81
2022,349,1.84,0.8,0.81,27.79,78.86,1.85,26.96,12.35,Ribeirão Preto,SP,Sudeste,-21.17,-47.81
2022,350,1.29,0.79,0.8,27.86,76.57,1.86,21.69,10.07,Ribeirão Preto,SP,Sudeste,-21.17,-47.81
2022,351,0.85,0.78,0.78,28.66,77.6,1.48,27.34,12.56,Ribeirão Preto,SP,Sudeste,-21.17,-47.81
2022,352,5.48,0.77,0.79,28.48,78.77,2.43,26.86,12.4,Ribeirão Preto,SP,Sudeste,-21.17,-47.81
2022,353,1.95,0.77,0.78,25.9,86.43,2.65,11.56,5.8,Ribeirão Preto,SP,Sudeste,-21.17,-47.81
2022,354,13.24,0.78,0.82,27.31,83.55,1.89,17.42,8.3,Ribeirão Preto,SP,Sudeste,-21.17,-47.81
2022,355,0.61,0.78,0.78,27.46,78.67,3.03,24.9,11.5,Ribeirão Preto,SP,Sudeste,-21.17,-47.81
2022,356,1.88,0.77,0.77,27.62,77.29,2.29,27.21,12.57,Ribeirão Preto,SP,Sudeste,-21.17,-47.81
2022,357,2.2,0.76,0.75,27.85,77.49,2.35,24.56,11.42,Ribeirão Preto,SP,Sudeste,-21.17,-47.81
2022,358,0.59,0.75,0.73,29.27,75.63,2.9,25.84,11.97,Ribeirão Preto,SP,Sudeste,-21.17,-47.81
2022,359,13.29,0.75,0.78,29.05,79.07,1.81,25.45,11.88,Ribeirão Preto,SP,Sudeste,-21.17,-47.81
2022,360,37.36,0.79,0.9,25.89,87.46,2.21,11.23,5.61,Ribeirão Preto,SP,Sudeste,-21.17,-47.81
2022,361,15.73,0.82,0.88,27.31,84.3,2.6,19.67,9.4,Ribeirão Preto,SP,Sudeste,-21.17,-47.81
2022,362,19.95,0.83,0.89,26.64,86.98,2.87,13.44,6.66,Ribeirão Preto,SP,Sudeste,-21.17,-47.81
2022,363,6.52,0.85,0.88,24.07,91.05,2.06,18.0,8.64,Ribeirão Preto,SP,Sudeste,-21.17,-47.81
2022,364,6.06,0.85,0.86,28.12,82.0,1.13,18.54,8.84,Ribeirão Preto,SP,Sudeste,-21.17,-47.81
2022,365,5.31,0.85,0.86,27.28,83.39,1.44,19.64,9.43,Ribeirão Preto,SP,Sudeste,-21.17,-47.81
2023,1,2.59,0.84,0.85,28.46,79.78,1.18,23.93,11.28,Ribeirão Preto,SP,Sudeste,-21.17,-47.81
2023,2,11.16,0.84,0.87,27.85,79.51,1.33,21.58,10.18,Ribeirão Preto,SP,Sudeste,-21.17,-47.81
2023,3,16.17,0.85,0.89,25.97,87.01,1.83,14.81,7.23,Ribeirão Preto,SP,Sudeste,-21.17,-47.81
2023,4,13.24,0.86,0.9,25.3,88.52,3.03,14.73,7.21,Ribeirão Preto,SP,Sudeste,-21.17,-47.81
2023,5,21.32,0.89,0.93,24.77,90.18,2.33,12.47,6.22,Ribeirão Preto,SP,Sudeste,-21.17,-47.81
2023,6,22.55,0.9,0.93,27.02,85.85,2.22,14.51,7.05,Ribeirão Preto,SP,Sudeste,-21.17,-47.81
2023,7,12.38,0.92,0.93,24.82,89.76,1.88,14.83,7.21,Ribeirão Preto,SP,Sudeste,-21.17,-47.81
2023,8,7.59,0.92,0.92,26.83,88.27,2.23,10.91,5.43,Ribeirão Preto,SP,Sudeste,-21.17,-47.81
2023,9,19.33,0.93,0.94,24.29,89.66,1.54,11.96,5.96,Ribeirão Preto,SP,Sudeste,-21.17,-47.81
2023,10,8.51,0.95,0.94,24.4,89.96,1.74,15.91,7.56,Ribeirão Preto,SP,Sudeste,-21.17,-47.81
2023,11,19.95,0.96,0.95,24.62,88.68,1.71,14.5,7.05,Ribeirão Preto,SP,Sudeste,-21.17,-47.81
2023,12,5.31,0.97,0.94,25.57,88.36,1.66,21.54,10.26,Ribeirão Preto,SP,Sudeste,-21.17,-47.81
2023,13,10.56,0.96,0.94,25.81,89.28,2.27,18.87,8.95,Ribeirão Preto,SP,Sudeste,-21.17,-47.81
2023,14,3.84,0.97,0.93,27.95,84.84,2.08,24.68,11.6,Ribeirão Preto,SP,Sudeste,-21.17,-47.81
2023,15,1.88,0.96,0.92,28.48,85.21,1.68,24.82,11.68,Ribeirão Preto,SP,Sudeste,-21.17,-47.81
2023,16,1.8,0.95,0.92,27.95,86.9,1.28,21.28,10.05,Ribeirão Preto,SP,Sudeste,-21.17,-47.81
2023,17,2.03,0.95,0.91,28.86,79.91,1.42,26.02,12.08,Ribeirão Preto,SP,Sudeste,-21.17,-47.81
2023,18,8.41,0.94,0.92,28.9,80.03,1.17,23.73,11.11,Ribeirão Preto,SP,Sudeste,-21.17,-47.81
2023,19,7.05,0.94,0.93,27.4,84.33,1.09,23.82,11.12,Ribeirão Preto,SP,Sudeste,-21.17,-47.81
2023,20,23.15,0.95,0.96,25.13,89.59,1.59,13.28,6.43,Ribeirão Preto,SP,Sudeste,-21.17,-47.81
2023,21,8.13,0.96,0.94,25.89,89.97,3.14,16.09,7.67,Ribeirão Preto,SP,Sudeste,-21.17,-47.81
2023,22,9.35,0.97,0.95,25.66,90.92,2.89,20.62,9.76,Ribeirão Preto,SP,Sudeste,-21.17,-47.81
2023,23,6.57,0.96,0.94,27.11,85.3,1.66,21.76,10.23,Ribeirão Preto,SP,Sudeste,-21.17,-47.81
2023,24,3.52,0.96,0.93,26.42,88.73,1.87,20.2,9.56,Ribeirão Preto,SP,Sudeste,-21.17,-47.81
2023,25,0.45,0.96,0.92,28.46,83.41,1.12,29.24,13.45,Ribeirão Preto,SP,Sudeste,-21.17,-47.81
2023,26,0.3,0.94,0.91,29.51,80.81,2.46,27.92,12.74,Ribeirão Preto,SP,Sudeste,-21.17,-47.81
2023,27,2.48,0.93,0.91,28.07,85.85,2.27,21.53,10.16,Ribeirão Preto,SP,Sudeste,-21.17,-47.81
2023,28,4.87,0.93,0.92,23.87,88.81,1.34,13.58,6.69,Ribeirão Preto,SP,Sudeste,-21.17,-47.81
2023,29,6.46,0.93,0.92,25.66,87.32,1.25,16.96,8.1,Ribeirão Preto,SP,Sudeste,-21.17,-47.81
2023,30,7.97,0.94,0.92,26.28,86.93,1.42,18.92,9.04,Ribeirão Preto,SP,Sudeste,-21.17,-47.81
2023,31,7.83,0.94,0.92,26.92,86.94,1.55,22.86,10.71,Ribeirão Preto,SP,Sudeste,-21.17,-47.81
2023,32,10.86,0.94,0.93,26.99,86.05,0.87,18.53,8.72,Ribeirão Preto,SP,Sudeste,-21.17,-47.81
2023,33,6.22,0.95,0.93,24.27,90.35,1.74,14.48,6.97,Ribeirão Preto,SP,Sudeste,-21.17,-47.81
2023,34,3.7,0.95,0.92,27.89,85.18,1.94,23.98,11.25,Ribeirão Preto,SP,Sudeste,-21.17,-47.81
2023,35,0.83,0.94,0.91,26.13,88.75,1.66,22.58,10.62,Ribeirão Preto,SP,Sudeste,-21.17,-47.81
2023,36,0.69,0.93,0.91,26.61,87.36,1.67,21.03,9.91,Ribeirão Preto,SP,Sudeste,-21.17,-47.81
2023,37,3.04,0.93,0.91,27.84,85.96,1.42,22.31,10.46,Ribeirão Preto,SP,Sudeste,-21.17,-47.81
2023,38,1.32,0.92,0.9,27.06,83.72,1.22,21.21,9.94,Ribeirão Preto,SP,Sudeste,-21.17,-47.81
2023,39,4.77,0.91,0.91,26.68,83.28,1.12,26.61,12.37,Ribeirão Preto,SP,Sudeste,-21.17,-47.81
2023,40,5.4,0.91,0.9,28.92,79.07,1.48,26.06,12.06,Ribeirão Preto,SP,Sudeste,-21.17,-47.81
2023,41,5.57,0.91,0.9,27.32,84.01,1.38,21.7,10.11,Ribeirão Preto,SP,Sudeste,-21.17,-47.81
2023,42,16.31,0.92,0.94,24.14,90.35,1.0,14.9,7.17,Ribeirão Preto,SP,Sudeste,-21.17,-47.81
2023,43,12.56,0.94,0.94,24.56,90.52,1.56,12.16,5.99,Ribeirão Preto,SP,Sudeste,-21.17,-47.81
2023,44,3.47,0.94,0.92,25.44,90.42,1.34,20.84,9.73,Ribeirão Preto,SP,Sudeste,-21.17,-47.81
2023,45,0.86,0.93,0.91,28.57,82.41,1.31,24.01,11.22,Ribeirão Preto,SP,Sudeste,-21.17,-47.81
2023,46,5.01,0.93,0.91,28.81,85.55,1.86,22.05,10.36,Ribeirão Preto,SP,Sudeste,-21.17,-47.81
2023,47,6.14,0.93,0.91,27.46,86.13,1.58,21.67,10.16,Ribeirão Preto,SP,Sudeste,-21.17,-47.81
2023,48,1.42,0.92,0.9,28.71,85.51,1.98,20.94,9.86,Ribeirão Preto,SP,Sudeste,-21.17,-47.81
2023,49,10.28,0.92,0.91,27.81,86.49,1.72,16.02,7.59,Ribeirão Preto,SP,Sudeste,-21.17,-47.81
2023,50,10.93,0.93,0.92,27.9,86.05,2.82,20.24,9.53,Ribeirão Preto,SP,Sudeste,-21.17,-47.81
2023,51,4.63,0.92,0.91,28.05,79.5,1.85,24.9,11.57,Ribeirão Preto,SP,Sudeste,-21.17,-47.81
2023,52,9.04,0.92,0.92,25.63,81.77,1.17,18.08,8.51,Ribeirão Preto,SP,Sudeste,-21.17,-47.81
2023,53,2.17,0.92,0.91,27.7,80.26,1.12,24.92,11.61,Ribeirão Preto,SP,Sudeste,-21.17,-47.81
2023,54,6.2,0.92,0.91,27.28,84.41,1.23,18.47,8.66,Ribeirão Preto,SP,Sudeste,-21.17,-47.81
2023,55,2.53,0.92,0.91,26.67,86.83,1.29,20.13,9.4,Ribeirão Preto,SP,Sudeste,-21.17,-47.81
2023,56,3.52,0.91,0.9,27.92,85.44,1.61,23.25,10.87,Ribeirão Preto,SP,Sudeste,-21.17,-47.81
2023,57,2.5,0.91,0.9,27.75,86.56,1.3,19.19,9.08,Ribeirão Preto,SP,Sudeste,-21.17,-47.81
2023,58,3.1,0.91,0.9,28.73,86.94,1.62,23.65,10.99,Ribeirão Preto,SP,Sudeste,-21.17,-47.81
2023,59,1.87,0.91,0.89,28.04,86.33,1.78,23.31,10.9,Ribeirão Preto,SP,Sudeste,-21.17,-47.81
2023,60,0.72,0.9,0.88,27.71,81.24,1.54,21.79,10.11,Ribeirão Preto,SP,Sudeste,-21.17,-47.81
2023,61,2.11,0.89,0.89,26.89,79.32,1.09,21.55,10.03,Ribeirão Preto,SP,Sudeste,-21.17,-47.81
2023,62,1.82,0.89,0.88,29.2,79.73,1.54,23.07,10.77,Ribeirão Preto,SP,Sudeste,-21.17,-47.81
2023,63,9.92,0.88,0.89,28.77,81.51,1.55,17.63,8.37,Ribeirão Preto,SP,Sudeste,-21.17,-47.81
2023,64,9.61,0.89,0.9,27.73,83.6,1.6,19.99,9.37,Ribeirão Preto,SP,Sudeste,-21.17,-47.81
2023,65,6.51,0.89,0.89,27.92,85.99,1.94,19.53,9.2,Ribeirão Preto,SP,Sudeste,-21.17,-47.81
2023,66,5.7,0.89,0.89,27.75,84.43,1.85,21.63,10.14,Ribeirão Preto,SP,Sudeste,-21.17,-47.81
2023,67,7.62,0.89,0.89,28.28,83.39,1.45,18.76,8.82,Ribeirão Preto,SP,Sudeste,-21.17,-47.81
2023,68,5.43,0.89,0.89,25.03,87.73,1.65,18.99,8.95,Ribeirão Preto,SP,Sudeste,-21.17,-47.81
2023,69,11.21,0.89,0.91,25.61,87.4,1.33,13.7,6.58,Ribeirão Preto,SP,Sudeste,-21.17,-47.81
2023,70,10.6,0.91,0.92,24.29,90.25,1.56,14.52,6.98,Ribeirão Preto,SP,Sudeste,-21.17,-47.81
2023,71,2.2,0.91,0.9,25.75,88.68,1.27,18.31,8.63,Ribeirão Preto,SP,Sudeste,-21.17,-47.81
2023,72,2.71,0.91,0.9,26.17,86.57,0.93,13.22,6.34,Ribeirão Preto,SP,Sudeste,-21.17,-47.81
2023,73,4.34,0.91,0.9,26.19,90.02,1.68,10.81,5.29,Ribeirão Preto,SP,Sudeste,-21.17,-47.81
2023,74,2.35,0.9,0.89,27.58,84.14,2.36,17.29,8.2,Ribeirão Preto,SP,Sudeste,-21.17,-47.81
2023,75,0.77,0.9,0.88,27.5,84.6,2.19,22.54,10.53,Ribeirão Preto,SP,Sudeste,-21.17,-47.81
2023,76,0.06,0.89,0.88,27.35,81.41,1.86,16.85,7.92,Ribeirão Preto,SP,Sudeste,-21.17,-47.81
2023,77,0.7,0.88,0.87,27.7,81.57,1.79,23.56,10.87,Ribeirão Preto,SP,Sudeste,-21.17,-47.81
2023,78,0.84,0.87,0.87,27.35,80.24,1.32,20.4,9.49,Ribeirão Preto,SP,Sudeste,-21.17,-47.81
2023,79,8.84,0.87,0.89,27.52,81.82,0.95,21.59,10.07,Ribeirão Preto,SP,Sudeste,-21.17,-47.81
2023,80,2.74,0.87,0.88,28.54,79.23,1.01,23.63,10.91,Ribeirão Preto,SP,Sudeste,-21.17,-47.81
2023,81,1.09,0.86,0.86,28.86,80.66,1.72,20.13,9.38,Ribeirão Preto,SP,Sudeste,-21.17,-47.81
2023,82,0.43,0.85,0.85,28.38,82.31,2.17,21.64,10.08,Ribeirão Preto,SP,Sudeste,-21.17,-47.81
2023,83,0.38,0.84,0.84,28.95,79.8,1.31,23.19,10.69,Ribeirão Preto,SP,Sudeste,-21.17,-47.81
2023,84,0.02,0.83,0.83,29.56,72.98,0.84,22.74,10.45,Ribeirão Preto,SP,Sudeste,-21.17,-47.81
2023,85,0.02,0.82,0.82,29.84,76.61,1.46,22.35,10.42,Ribeirão Preto,SP,Sudeste,-21.17,-47.81
2023,86,1.4,0.81,0.82,29.84,77.75,1.12,18.88,8.79,Ribeirão Preto,SP,Sudeste,-21.17,-47.81
2023,87,3.11,0.81,0.82,27.9,87.09,1.57,17.01,8.04,Ribeirão Preto,SP,Sudeste,-21.17,-47.81
2023,88,10.73,0.82,0.85,27.15,83.59,1.6,19.29,9.0,Ribeirão Preto,SP,Sudeste,-21.17,-47.81
2023,89,1.66,0.82,0.83,27.52,83.51,1.44,20.74,9.66,Ribeirão Preto,SP,Sudeste,-21.17,-47.81
2023,90,1.85,0.81,0.82,27.87,84.08,1.17,21.81,10.15,Ribeirão Preto,SP,Sudeste,-21.17,-47.81
2023,91,0.1,0.8,0.81,27.92,81.68,1.2,23.28,10.68,Ribeirão Preto,SP,Sudeste,-21.17,-47.81
2023,92,0.03,0.79,0.8,28.24,82.01,1.66,23.51,10.8,Ribeirão Preto,SP,Sudeste,-21.17,-47.81
2023,93,3.03,0.79,0.8,27.58,84.05,1.57,20.71,9.55,Ribeirão Preto,SP,Sudeste,-21.17,-47.81
2023,94,3.66,0.78,0.8,26.98,82.17,1.56,21.21,9.81,Ribeirão Preto,SP,Sudeste,-21.17,-47.81
2023,95,2.62,0.78,0.8,27.71,79.01,1.29,19.14,8.86,Ribeirão Preto,SP,Sudeste,-21.17,-47.81
2023,96,2.46,0.77,0.78,28.12,77.26,1.58,19.53,9.05,Ribeirão Preto,SP,Sudeste,-21.17,-47.81
2023,97,14.78,0.78,0.84,25.5,89.79,1.84,11.99,5.79,Ribeirão Preto,SP,Sudeste,-21.17,-47.81
2023,98,4.15,0.79,0.81,26.79,84.38,1.14,12.09,5.76,Ribeirão Preto,SP,Sudeste,-21.17,-47.81
2023,99,6.02,0.8,0.83,25.92,86.28,1.15,9.7,4.69,Ribeirão Preto,SP,Sudeste,-21.17,-47.81
2023,100,0.29,0.79,0.8,27.02,83.03,1.87,21.1,9.66,Ribeirão Preto,SP,Sudeste,-21.17,-47.81
2023,101,1.3,0.78,0.79,26.91,83.1,1.83,20.02,9.22,Ribeirão Preto,SP,Sudeste,-21.17,-47.81
2023,102,7.71,0.79,0.82,24.8,90.19,1.8,13.87,6.56,Ribeirão Preto,SP,Sudeste,-21.17,-47.81
2023,103,3.8,0.79,0.81,27.21,79.13,0.95,17.51,8.14,Ribeirão Preto,SP,Sudeste,-21.17,-47.81
2023,104,17.05,0.8,0.86,25.46,87.31,1.25,8.8,4.33,Ribeirão Preto,SP,Sudeste,-21.17,-47.81
2023,105,0.73,0.81,0.82,26.58,87.57,1.43,15.54,7.26,Ribeirão Preto,SP,Sudeste,-21.17,-47.81
2023,106,0.0,0.8,0.8,27.88,82.67,1.69,20.92,9.62,Ribeirão Preto,SP,Sudeste,-21.17,-47.81
2023,107,0.2,0.79,0.79,27.99,83.02,2.12,15.62,7.3,Ribeirão Preto,SP,Sudeste,-21.17,-47.81
2023,108,14.8,0.79,0.84,26.11,90.31,2.55,13.05,6.23,Ribeirão Preto,SP,Sudeste,-21.17,-47.81
2023,109,2.76,0.8,0.82,24.57,84.17,3.06,17.83,8.15,Ribeirão Preto,SP,Sudeste,-21.17,-47.81
2023,110,0.0,0.79,0.8,22.55,76.56,1.51,21.13,9.47,Ribeirão Preto,SP,Sudeste,-21.17,-47.81
2023,111,0.02,0.79,0.79,24.82,80.88,2.35,21.65,9.62,Ribeirão Preto,SP,Sudeste,-21.17,-47.81
2023,112,0.09,0.78,0.78,25.5,83.79,2.51,19.4,8.82,Ribeirão Preto,SP,Sudeste,-21.17,-47.81
2023,113,0.01,0.77,0.77,26.02,81.23,2.04,20.5,9.25,Ribeirão Preto,SP,Sudeste,-21.17,-47.81
2023,114,0.0,0.76,0.76,26.6,79.13,2.08,20.92,9.48,Ribeirão Preto,SP,Sudeste,-21.17,-47.81
2023,115,0.02,0.76,0.74,26.37,78.53,1.63,16.62,7.72,Ribeirão Preto,SP,Sudeste,-21.17,-47.81
2023,116,6.0,0.75,0.77,27.18,81.03,2.21,6.08,3.07,Ribeirão Preto,SP,Sudeste,-21.17,-47.81
2023,117,0.42,0.75,0.75,26.29,82.3,1.23,15.06,7.03,Ribeirão Preto,SP,Sudeste,-21.17,-47.81
2023,118,0.13,0.75,0.73,25.72,86.03,1.75,15.05,6.95,Ribeirão Preto,SP,Sudeste,-21.17,-47.81
2023,119,0.06,0.74,0.72,26.45,77.28,1.32,17.71,8.0,Ribeirão Preto,SP,Sudeste,-21.17,-47.81
2023,120,0.03,0.73,0.71,27.12,70.74,1.42,18.79,8.49,Ribeirão Preto,SP,Sudeste,-21.17,-47.81
2023,121,0.02,0.73,0.7,26.3,67.99,1.28,18.48,8.29,Ribeirão Preto,SP,Sudeste,-21.17,-47.81
2023,122,0.03,0.72,0.7,27.0,66.96,1.26,19.42,8.78,Ribeirão Preto,SP,Sudeste,-21.17,-47.81
2023,123,0.02,0.72,0.69,27.7,62.18,0.77,19.4,8.77,Ribeirão Preto,SP,Sudeste,-21.17,-47.81
2023,124,0.02,0.71,0.68,28.78,65.14,1.27,19.26,8.74,Ribeirão Preto,SP,Sudeste,-21.17,-47.81
2023,125,0.0,0.71,0.67,28.99,70.97,1.54,18.96,8.66,Ribeirão Preto,SP,Sudeste,-21.17,-47.81
2023,126,0.01,0.7,0.67,29.32,75.05,1.85,18.11,8.25,Ribeirão Preto,SP,Sudeste,-21.17,-47.81
2023,127,0.0,0.7,0.66,28.84,75.79,2.22,15.79,7.21,Ribeirão Preto,SP,Sudeste,-21.17,-47.81
2023,128,0.01,0.69,0.66,29.04,72.93,1.58,17.43,7.96,Ribeirão Preto,SP,Sudeste,-21.17,-47.81
2023,129,0.0,0.69,0.65,29.17,72.76,1.28,14.37,6.64,Ribeirão Preto,SP,Sudeste,-21.17,-47.81
2023,130,0.11,0.68,0.65,28.22,76.6,0.95,12.68,5.88,Ribeirão Preto,SP,Sudeste,-21.17,-47.81
2023,131,0.08,0.68,0.65,27.55,75.8,1.35,15.41,7.03,Ribeirão Preto,SP,Sudeste,-21.17,-47.81
2023,132,0.01,0.68,0.64,26.28,70.78,1.77,17.6,7.88,Ribeirão Preto,SP,Sudeste,-21.17,-47.81
2023,133,0.02,0.67,0.64,25.74,69.47,1.77,18.93,8.4,Ribeirão Preto,SP,Sudeste,-21.17,-47.81
2023,134,0.09,0.67,0.63,26.15,64.38,1.19,19.0,8.37,Ribeirão Preto,SP,Sudeste,-21.17,-47.81
2023,135,0.01,0.66,0.63,26.26,61.81,1.52,19.08,8.31,Ribeirão Preto,SP,Sudeste,-21.17,-47.81
2023,136,0.02,0.66,0.63,26.81,62.05,1.78,17.84,7.92,Ribeirão Preto,SP,Sudeste,-21.17,-47.81
2023,137,0.01,0.66,0.63,26.56,68.53,1.79,19.17,8.39,Ribeirão Preto,SP,Sudeste,-21.17,-47.81
2023,138,0.03,0.66,0.62,26.99,68.75,1.66,18.9,8.31,Ribeirão Preto,SP,Sudeste,-21.17,-47.81
2023,139,0.02,0.65,0.62,27.49,68.77,1.98,18.62,8.19,Ribeirão Preto,SP,Sudeste,-21.17,-47.81
2023,140,0.03,0.65,0.62,27.25,68.16,2.54,18.4,8.02,Ribeirão Preto,SP,Sudeste,-21.17,-47.81
2023,141,0.0,0.65,0.62,26.0,68.08,2.78,17.65,7.82,Ribeirão Preto,SP,Sudeste,-21.17,-47.81
2023,142,0.01,0.65,0.62,26.64,64.33,2.36,15.28,6.81,Ribeirão Preto,SP,Sudeste,-21.17,-47.81
2023,143,0.0,0.64,0.61,27.04,67.59,2.37,17.08,7.65,Ribeirão Preto,SP,Sudeste,-21.17,-47.81
2023,144,0.02,0.64,0.61,26.75,74.37,3.02,16.15,7.29,Ribeirão Preto,SP,Sudeste,-21.17,-47.81
2023,145,0.02,0.64,0.61,27.46,73.05,3.12,16.31,7.35,Ribeirão Preto,SP,Sudeste,-21.17,-47.81
2023,146,0.01,0.64,0.61,27.76,68.19,3.16,17.21,7.71,Ribeirão Preto,SP,Sudeste,-21.17,-47.81
2023,147,0.0,0.63,0.61,28.77,65.03,2.07,15.71,7.12,Ribeirão Preto,SP,Sudeste,-21.17,-47.81
2023,148,0.01,0.63,0.61,28.76,67.27,2.07,10.73,5.01,Ribeirão Preto,SP,Sudeste,-21.17,-47.81
2023,149,0.02,0.63,0.61,27.38,74.83,1.9,12.42,5.81,Ribeirão Preto,SP,Sudeste,-21.17,-47.81
2023,150,13.15,0.63,0.65,22.64,82.73,2.65,7.43,3.5,Ribeirão Preto,SP,Sudeste,-21.17,-47.81
2023,151,23.69,0.69,0.78,22.01,89.23,1.62,4.94,2.45,Ribeirão Preto,SP,Sudeste,-21.17,-47.81
2023,152,0.25,0.69,0.66,24.35,82.21,1.35,11.37,5.24,Ribeirão Preto,SP,Sudeste,-21.17,-47.81
2023,153,0.13,0.68,0.65,25.8,77.82,1.89,16.33,7.34,Ribeirão Preto,SP,Sudeste,-21.17,-47.81
2023,154,0.08,0.68,0.65,26.26,74.75,2.87,17.22,7.63,Ribeirão Preto,SP,Sudeste,-21.17,-47.81
2023,155,0.09,0.68,0.64,26.81,70.1,2.12,17.34,7.66,Ribeirão Preto,SP,Sudeste,-21.17,-47.81
2023,156,0.12,0.67,0.64,25.82,65.83,1.42,17.47,7.62,Ribeirão Preto,SP,Sudeste,-21.17,-47.81
2023,157,0.13,0.67,0.64,26.04,67.26,2.07,16.84,7.4,Ribeirão Preto,SP,Sudeste,-21.17,-47.81
2023,158,0.03,0.67,0.63,26.49,67.15,1.86,16.52,7.34,Ribeirão Preto,SP,Sudeste,-21.17,-47.81
2023,159,0.0,0.66,0.63,26.99,66.84,1.68,16.42,7.33,Ribeirão Preto,SP,Sudeste,-21.17,-47.81
2023,160,0.03,0.66,0.63,27.72,63.1,1.92,16.72,7.48,Ribeirão Preto,SP,Sudeste,-21.17,-47.81
2023,161,0.01,0.66,0.62,27.9,61.41,1.34,16.78,7.48,Ribeirão Preto,SP,Sudeste,-21.17,-47.81
2023,162,0.03,0.65,0.62,28.04,57.76,1.54,14.09,6.4,Ribeirão Preto,SP,Sudeste,-21.17,-47.81
2023,163,0.02,0.65,0.62,28.77,55.16,1.57,15.47,6.92,Ribeirão Preto,SP,Sudeste,-21.17,-47.81
2023,164,0.25,0.65,0.62,28.59,62.99,1.47,8.28,3.93,Ribeirão Preto,SP,Sudeste,-21.17,-47.81
2023,165,3.97,0.65,0.64,26.3,75.64,1.86,4.62,2.3,Ribeirão Preto,SP,Sudeste,-21.17,-47.81
2023,166,8.24,0.66,0.69,21.18,91.35,1.26,2.41,1.27,Ribeirão Preto,SP,Sudeste,-21.17,-47.81
2023,167,0.68,0.67,0.65,19.93,89.46,1.4,4.87,2.39,Ribeirão Preto,SP,Sudeste,-21.17,-47.81
2023,168,0.06,0.66,0.63,22.02,67.74,1.8,11.86,5.3,Ribeirão Preto,SP,Sudeste,-21.17,-47.81
2023,169,0.05,0.66,0.63,24.39,66.49,1.38,16.61,7.3,Ribeirão Preto,SP,Sudeste,-21.17,-47.81
2023,170,0.01,0.66,0.63,25.99,70.58,1.88,16.79,7.39,Ribeirão Preto,SP,Sudeste,-21.17,-47.81
2023,171,0.03,0.66,0.62,26.15,69.03,2.38,16.39,7.25,Ribeirão Preto,SP,Sudeste,-21.17,-47.81
2023,172,0.01,0.65,0.62,26.46,69.19,2.24,16.38,7.29,Ribeirão Preto,SP,Sudeste,-21.17,-47.81
2023,173,0.01,0.65,0.62,27.11,63.64,2.69,16.26,7.28,Ribeirão Preto,SP,Sudeste,-21.17,-47.81
2023,174,0.03,0.65,0.62,27.59,61.14,2.19,14.38,6.43,Ribeirão Preto,SP,Sudeste,-21.17,-47.81
2023,175,0.01,0.65,0.62,26.79,63.66,1.78,14.14,6.39,Ribeirão Preto,SP,Sudeste,-21.17,-47.81
2023,176,0.04,0.64,0.61,27.62,61.03,1.69,15.68,7.0,Ribeirão Preto,SP,Sudeste,-21.17,-47.81
2023,177,0.02,0.64,0.61,27.76,68.5,2.26,16.56,7.41,Ribeirão Preto,SP,Sudeste,-21.17,-47.81
2023,178,0.01,0.64,0.61,27.83,64.58,2.04,16.56,7.36,Ribeirão Preto,SP,Sudeste,-21.17,-47.81
2023,179,0.0,0.64,0.61,27.89,64.5,1.71,16.47,7.34,Ribeirão Preto,SP,Sudeste,-21.17,-47.81
2023,180,0.01,0.63,0.6,26.97,66.91,1.6,15.8,6.95,Ribeirão Preto,SP,Sudeste,-21.17,-47.81
2023,181,0.07,0.63,0.6,26.99,71.8,2.26,16.08,7.2,Ribeirão Preto,SP,Sudeste,-21.17,-47.81
2023,182,0.01,0.63,0.59,27.19,68.46,1.64,16.19,7.23,Ribeirão Preto,SP,Sudeste,-21.17,-47.81
2023,183,0.01,0.63,0.58,26.49,67.38,1.67,16.23,7.29,Ribeirão Preto,SP,Sudeste,-21.17,-47.81
2023,184,0.0,0.62,0.58,25.62,66.29,1.92,16.98,7.55,Ribeirão Preto,SP,Sudeste,-21.17,-47.81
2023,185,0.01,0.62,0.57,25.54,68.13,2.51,16.94,7.49,Ribeirão Preto,SP,Sudeste,-21.17,-47.81
2023,186,0.01,0.62,0.56,26.15,61.81,2.35,16.97,7.45,Ribeirão Preto,SP,Sudeste,-21.17,-47.81
2023,187,0.0,0.62,0.56,26.16,57.14,2.3,17.0,7.46,Ribeirão Preto,SP,Sudeste,-21.17,-47.81
2023,188,0.01,0.62,0.55,26.89,54.48,1.59,16.78,7.42,Ribeirão Preto,SP,Sudeste,-21.17,-47.81
2023,189,0.0,0.61,0.54,27.97,55.46,1.95,15.9,7.16,Ribeirão Preto,SP,Sudeste,-21.17,-47.81
2023,190,0.08,0.61,0.53,28.31,55.49,1.39,12.58,5.79,Ribeirão Preto,SP,Sudeste,-21.17,-47.81
2023,191,0.0,0.61,0.52,30.57,55.98,1.35,13.06,5.93,Ribeirão Preto,SP,Sudeste,-21.17,-47.81
2023,192,0.0,0.61,0.49,31.31,50.91,1.57,15.71,7.07,Ribeirão Preto,SP,Sudeste,-21.17,-47.81
2023,193,0.0,0.61,0.47,29.84,51.89,2.7,13.03,5.95,Ribeirão Preto,SP,Sudeste,-21.17,-47.81
2023,194,5.04,0.61,0.48,28.92,56.94,4.15,14.63,6.62,Ribeirão Preto,SP,Sudeste,-21.17,-47.81
2023,195,0.96,0.61,0.61,22.24,62.19,2.02,17.5,7.62,Ribeirão Preto,SP,Sudeste,-21.17,-47.81
2023,196,0.0,0.61,0.57,26.92,58.45,2.0,17.9,7.75,Ribeirão Preto,SP,Sudeste,-21.17,-47.81
2023,197,0.0,0.61,0.54,29.0,55.47,1.72,13.31,6.03,Ribeirão Preto,SP,Sudeste,-21.17,-47.81
2023,198,0.09,0.61,0.51,29.08,54.42,1.45,13.4,6.12,Ribeirão Preto,SP,Sudeste,-21.17,-47.81
2023,199,0.01,0.61,0.48,30.78,59.11,1.91,14.46,6.56,Ribeirão Preto,SP,Sudeste,-21.17,-47.81
2023,200,0.15,0.61,0.45,29.62,65.65,2.61,13.81,6.3,Ribeirão Preto,SP,Sudeste,-21.17,-47.81
2023,201,0.0,0.6,0.43,28.65,65.37,3.64,16.98,7.71,Ribeirão Preto,SP,Sudeste,-21.17,-47.81
2023,202,0.0,0.6,0.41,28.34,62.61,3.3,17.27,7.78,Ribeirão Preto,SP,Sudeste,-21.17,-47.81
2023,203,0.0,0.6,0.4,27.6,61.27,3.17,17.27,7.76,Ribeirão Preto,SP,Sudeste,-21.17,-47.81
2023,204,0.0,0.6,0.39,28.7,56.82,2.3,15.42,6.95,Ribeirão Preto,SP,Sudeste,-21.17,-47.81
2023,205,0.0,0.6,0.37,29.62,54.37,2.24,17.01,7.62,Ribeirão Preto,SP,Sudeste,-21.17,-47.81
2023,206,0.0,0.6,0.36,28.35,56.9,1.8,14.19,6.42,Ribeirão Preto,SP,Sudeste,-21.17,-47.81
2023,207,0.0,0.6,0.35,30.62,47.52,1.86,16.6,7.47,Ribeirão Preto,SP,Sudeste,-21.17,-47.81
2023,208,0.0,0.6,0.33,31.04,47.7,2.31,17.72,7.95,Ribeirão Preto,SP,Sudeste,-21.17,-47.81
2023,209,0.0,0.6,0.32,31.76,44.86,2.49,17.17,7.76,Ribeirão Preto,SP,Sudeste,-21.17,-47.81
2023,210,0.0,0.6,0.31,29.77,56.93,2.85,17.09,7.74,Ribeirão Preto,SP,Sudeste,-21.17,-47.81
2023,211,0.0,0.6,0.31,30.06,59.29,1.95,18.03,8.13,Ribeirão Preto,SP,Sudeste,-21.17,-47.81
2023,212,0.0,0.6,0.3,30.73,51.29,1.8,18.32,8.15,Ribeirão Preto,SP,Sudeste,-21.17,-47.81
2023,213,0.01,0.6,0.29,31.62,45.32,1.32,18.4,8.14,Ribeirão Preto,SP,Sudeste,-21.17,-47.81
2023,214,0.01,0.6,0.28,32.51,46.27,1.85,18.99,8.37,Ribeirão Preto,SP,Sudeste,-21.17,-47.81
2023,215,0.0,0.6,0.28,32.84,39.02,1.58,19.21,8.42,Ribeirão Preto,SP,Sudeste,-21.17,-47.81
2023,216,0.0,0.6,0.27,32.84,37.83,1.39,19.46,8.49,Ribeirão Preto,SP,Sudeste,-21.17,-47.81
2023,217,0.0,0.6,0.26,33.32,37.61,1.52,19.28,8.46,Ribeirão Preto,SP,Sudeste,-21.17,-47.81
2023,218,0.0,0.6,0.26,33.54,38.58,2.7,19.22,8.5,Ribeirão Preto,SP,Sudeste,-21.17,-47.81
2023,219,0.0,0.6,0.25,33.24,34.4,2.2,19.25,8.57,Ribeirão Preto,SP,Sudeste,-21.17,-47.81
2023,220,0.0,0.59,0.24,33.54,38.87,1.9,18.3,8.26,Ribeirão Preto,SP,Sudeste,-21.17,-47.81
2023,221,0.0,0.59,0.24,32.7,54.9,3.72,18.22,8.2,Ribeirão Preto,SP,Sudeste,-21.17,-47.81
2023,222,0.0,0.59,0.24,33.82,44.35,3.35,19.0,8.55,Ribeirão Preto,SP,Sudeste,-21.17,-47.81
2023,223,0.0,0.59,0.23,35.17,38.36,2.82,19.45,8.74,Ribeirão Preto,SP,Sudeste,-21.17,-47.81
2023,224,0.04,0.59,0.23,35.06,38.65,1.77,18.25,8.21,Ribeirão Preto,SP,Sudeste,-21.17,-47.81
2023,225,1.25,0.59,0.24,33.67,45.86,2.03,13.69,6.05,Ribeirão Preto,SP,Sudeste,-21.17,-47.81
2023,226,1.25,0.6,0.29,29.95,60.39,1.76,14.35,6.6,Ribeirão Preto,SP,Sudeste,-21.17,-47.81
2023,227,1.66,0.6,0.33,29.51,60.99,1.88,14.34,6.57,Ribeirão Preto,SP,Sudeste,-21.17,-47.81
2023,228,0.0,0.6,0.35,28.81,57.4,3.16,15.2,7.02,Ribeirão Preto,SP,Sudeste,-21.17,-47.81
2023,229,0.0,0.6,0.34,31.57,50.37,2.56,17.66,8.02,Ribeirão Preto,SP,Sudeste,-21.17,-47.81
2023,230,0.0,0.6,0.32,32.87,42.82,2.53,17.83,8.08,Ribeirão Preto,SP,Sudeste,-21.17,-47.81
2023,231,0.78,0.6,0.32,31.77,42.3,3.06,14.42,6.46,Ribeirão Preto,SP,Sudeste,-21.17,-47.81
2023,232,1.73,0.6,0.35,31.78,43.1,1.87,14.25,6.54,Ribeirão Preto,SP,Sudeste,-21.17,-47.81
2023,233,0.0,0.6,0.37,31.18,45.01,2.13,18.51,8.3,Ribeirão Preto,SP,Sudeste,-21.17,-47.81
2023,234,0.0,0.6,0.35,33.78,35.74,1.92,21.58,9.49,Ribeirão Preto,SP,Sudeste,-21.17,-47.81
2023,235,0.0,0.6,0.33,35.62,32.45,2.7,19.39,8.73,Ribeirão Preto,SP,Sudeste,-21.17,-47.81
2023,236,0.03,0.6,0.32,36.09,33.7,3.22,16.97,7.69,Ribeirão Preto,SP,Sudeste,-21.17,-47.81
2023,237,0.18,0.6,0.31,34.49,42.28,3.45,17.2,7.53,Ribeirão Preto,SP,Sudeste,-21.17,-47.81
2023,238,1.27,0.6,0.31,30.75,57.55,3.96,11.85,5.41,Ribeirão Preto,SP,Sudeste,-21.17,-47.81
2023,239,3.52,0.6,0.38,27.33,71.14,3.07,5.15,2.58,Ribeirão Preto,SP,Sudeste,-21.17,-47.81
2023,240,5.42,0.61,0.57,25.93,74.53,1.9,12.99,6.01,Ribeirão Preto,SP,Sudeste,-21.17,-47.81
2023,241,1.53,0.61,0.58,29.49,70.18,2.43,8.22,3.9,Ribeirão Preto,SP,Sudeste,-21.17,-47.81
2023,242,0.96,0.61,0.58,29.9,68.0,1.9,19.17,8.72,Ribeirão Preto,SP,Sudeste,-21.17,-47.81
2023,243,1.2,0.61,0.57,30.85,62.44,1.87,15.65,7.13,Ribeirão Preto,SP,Sudeste,-21.17,-47.81
2023,244,0.02,0.61,0.53,33.29,56.5,2.25,20.0,9.02,Ribeirão Preto,SP,Sudeste,-21.17,-47.81
2023,245,3.67,0.61,0.54,34.49,58.55,3.17,17.64,8.05,Ribeirão Preto,SP,Sudeste,-21.17,-47.81
2023,246,2.52,0.61,0.59,32.81,62.65,2.28,19.79,9.13,Ribeirão Preto,SP,Sudeste,-21.17,-47.81
2023,247,1.19,0.61,0.56,36.13,57.57,2.72,19.13,8.8,Ribeirão Preto,SP,Sudeste,-21.17,-47.81
2023,248,1.89,0.61,0.56,32.01,70.45,1.39,10.01,4.76,Ribeirão Preto,SP,Sudeste,-21.17,-47.81
2023,249,0.22,0.61,0.54,33.26,63.32,3.3,19.32,8.86,Ribeirão Preto,SP,Sudeste,-21.17,-47.81
2023,250,0.01,0.61,0.49,31.05,55.25,4.28,21.01,9.57,Ribeirão Preto,SP,Sudeste,-21.17,-47.81
2023,251,0.01,0.61,0.45,33.53,47.6,3.3,23.14,10.44,Ribeirão Preto,SP,Sudeste,-21.17,-47.81
2023,252,0.0,0.6,0.41,33.82,42.22,2.41,17.97,8.17,Ribeirão Preto,SP,Sudeste,-21.17,-47.81
2023,253,0.0,0.6,0.38,34.47,43.56,1.98,15.61,7.13,Ribeirão Preto,SP,Sudeste,-21.17,-47.81
2023,254,0.0,0.6,0.35,34.65,39.31,3.31,23.79,10.68,Ribeirão Preto,SP,Sudeste,-21.17,-47.81
2023,255,0.0,0.6,0.33,34.84,35.71,2.92,24.11,10.83,Ribeirão Preto,SP,Sudeste,-21.17,-47.81
2023,256,0.0,0.6,0.31,37.69,33.62,3.17,23.53,10.67,Ribeirão Preto,SP,Sudeste,-21.17,-47.81
2023,257,0.87,0.6,0.3,30.02,56.12,3.22,9.06,4.32,Ribeirão Preto,SP,Sudeste,-21.17,-47.81
2023,258,0.06,0.6,0.32,32.41,42.86,2.07,20.99,9.31,Ribeirão Preto,SP,Sudeste,-21.17,-47.81
2023,259,0.04,0.6,0.3,36.37,37.11,2.39,23.45,10.48,Ribeirão Preto,SP,Sudeste,-21.17,-47.81
2023,260,0.82,0.6,0.3,36.51,45.02,1.75,21.31,9.73,Ribeirão Preto,SP,Sudeste,-21.17,-47.81
2023,261,0.32,0.6,0.31,37.2,39.58,1.35,19.51,9.04,Ribeirão Preto,SP,Sudeste,-21.17,-47.81
2023,262,0.0,0.6,0.3,37.73,31.51,1.31,23.28,10.64,Ribeirão Preto,SP,Sudeste,-21.17,-47.81
2023,263,0.09,0.6,0.28,38.14,31.4,1.52,23.9,10.9,Ribeirão Preto,SP,Sudeste,-21.17,-47.81
2023,264,0.0,0.6,0.27,38.09,32.74,1.95,22.73,10.35,Ribeirão Preto,SP,Sudeste,-21.17,-47.81
2023,265,0.0,0.6,0.26,39.1,29.47,1.45,23.29,10.64,Ribeirão Preto,SP,Sudeste,-21.17,-47.81
2023,266,0.0,0.59,0.25,39.52,31.58,1.67,21.18,9.7,Ribeirão Preto,SP,Sudeste,-21.17,-47.81
2023,267,0.0,0.59,0.24,40.51,29.76,1.54,24.39,11.12,Ribeirão Preto,SP,Sudeste,-21.17,-47.81
2023,268,0.0,0.59,0.23,41.36,27.51,1.69,23.42,10.68,Ribeirão Preto,SP,Sudeste,-21.17,-47.81
2023,269,0.21,0.59,0.22,42.21,31.3,2.43,22.5,10.27,Ribeirão Preto,SP,Sudeste,-21.17,-47.81
2023,270,9.45,0.6,0.4,33.31,50.34,3.45,13.01,6.08,Ribeirão Preto,SP,Sudeste,-21.17,-47.81
2023,271,5.3,0.62,0.58,33.8,60.53,3.48,15.82,7.17,Ribeirão Preto,SP,Sudeste,-21.17,-47.81
2023,272,0.22,0.61,0.54,35.03,59.1,2.7,21.34,9.78,Ribeirão Preto,SP,Sudeste,-21.17,-47.81
2023,273,6.6,0.61,0.55,36.01,62.81,2.32,21.59,9.87,Ribeirão Preto,SP,Sudeste,-21.17,-47.81
2023,274,28.8,0.65,0.77,31.77,74.83,1.88,12.13,5.77,Ribeirão Preto,SP,Sudeste,-21.17,-47.81
2023,275,13.8,0.68,0.72,31.7,77.18,2.13,17.58,8.18,Ribeirão Preto,SP,Sudeste,-21.17,-47.81
2023,276,2.48,0.69,0.68,32.7,69.84,1.69,23.2,10.59,Ribeirão Preto,SP,Sudeste,-21.17,-47.81
2023,277,0.33,0.68,0.64,35.02,60.4,2.81,16.38,7.67,Ribeirão Preto,SP,Sudeste,-21.17,-47.81
2023,278,1.56,0.67,0.63,36.2,59.93,3.31,18.69,8.47,Ribeirão Preto,SP,Sudeste,-21.17,-47.81
2023,279,1.96,0.67,0.64,35.49,64.34,1.63,15.01,6.93,Ribeirão Preto,SP,Sudeste,-21.17,-47.81
2023,280,11.84,0.67,0.67,34.06,66.45,2.89,16.85,7.81,Ribeirão Preto,SP,Sudeste,-21.17,-47.81
2023,281,15.86,0.7,0.75,33.13,74.66,2.59,15.52,7.34,Ribeirão Preto,SP,Sudeste,-21.17,-47.81
2023,282,4.37,0.71,0.71,30.51,77.25,2.4,10.42,5.04,Ribeirão Preto,SP,Sudeste,-21.17,-47.81
2023,283,0.0,0.7,0.66,33.43,64.41,1.9,26.85,11.96,Ribeirão Preto,SP,Sudeste,-21.17,-47.81
2023,284,2.12,0.69,0.65,35.55,66.5,2.24,26.02,11.85,Ribeirão Preto,SP,Sudeste,-21.17,-47.81
2023,285,6.72,0.69,0.68,35.87,64.02,2.97,23.19,10.77,Ribeirão Preto,SP,Sudeste,-21.17,-47.81
2023,286,18.31,0.72,0.76,29.76,79.08,1.62,15.2,7.16,Ribeirão Preto,SP,Sudeste,-21.17,-47.81
2023,287,3.04,0.72,0.7,30.99,75.58,2.03,19.45,8.98,Ribeirão Preto,SP,Sudeste,-21.17,-47.81
2023,288,0.58,0.71,0.68,33.18,70.63,2.44,23.98,11.03,Ribeirão Preto,SP,Sudeste,-21.17,-47.81
2023,289,0.23,0.71,0.66,34.26,63.35,2.25,25.26,11.64,Ribeirão Preto,SP,Sudeste,-21.17,-47.81
2023,290,0.02,0.7,0.66,33.07,58.75,2.23,19.02,8.91,Ribeirão Preto,SP,Sudeste,-21.17,-47.81
2023,291,3.43,0.69,0.67,33.51,63.59,2.27,23.55,10.87,Ribeirão Preto,SP,Sudeste,-21.17,-47.81
2023,292,5.1,0.69,0.68,32.8,69.66,2.5,20.39,9.35,Ribeirão Preto,SP,Sudeste,-21.17,-47.81
2023,293,5.11,0.69,0.68,31.51,72.18,2.05,13.94,6.6,Ribeirão Preto,SP,Sudeste,-21.17,-47.81
2023,294,0.36,0.69,0.65,33.2,67.12,1.87,25.33,11.51,Ribeirão Preto,SP,Sudeste,-21.17,-47.81
2023,295,0.03,0.68,0.64,34.01,60.85,2.39,28.25,12.78,Ribeirão Preto,SP,Sudeste,-21.17,-47.81
2023,296,0.0,0.68,0.63,35.6,56.71,1.88,27.58,12.6,Ribeirão Preto,SP,Sudeste,-21.17,-47.81
2023,297,3.44,0.67,0.64,36.26,60.85,2.49,22.95,10.67,Ribeirão Preto,SP,Sudeste,-21.17,-47.81
2023,298,0.07,0.67,0.64,31.54,72.31,2.3,18.47,8.41,Ribeirão Preto,SP,Sudeste,-21.17,-47.81
2023,299,10.4,0.67,0.68,31.64,75.15,1.68,16.33,7.46,Ribeirão Preto,SP,Sudeste,-21.17,-47.81
2023,300,23.43,0.71,0.78,30.65,77.0,1.28,12.73,6.04,Ribeirão Preto,SP,Sudeste,-21.17,-47.81
2023,301,3.55,0.72,0.71,33.26,71.15,2.83,10.99,5.22,Ribeirão Preto,SP,Sudeste,-21.17,-47.81
2023,302,8.64,0.72,0.73,29.49,75.49,2.24,16.93,7.97,Ribeirão Preto,SP,Sudeste,-21.17,-47.81
2023,303,0.57,0.72,0.69,32.54,68.72,1.49,21.59,9.97,Ribeirão Preto,SP,Sudeste,-21.17,-47.81
2023,304,20.19,0.73,0.77,33.24,70.87,1.6,14.42,6.8,Ribeirão Preto,SP,Sudeste,-21.17,-47.81
2023,305,0.71,0.74,0.72,30.6,73.61,1.95,21.61,9.93,Ribeirão Preto,SP,Sudeste,-21.17,-47.81
2023,306,1.08,0.73,0.71,28.71,76.45,1.83,24.09,11.19,Ribeirão Preto,SP,Sudeste,-21.17,-47.81
2023,307,12.37,0.73,0.74,33.82,70.96,3.19,22.85,10.48,Ribeirão Preto,SP,Sudeste,-21.17,-47.81
2023,308,12.14,0.75,0.78,28.0,75.68,3.21,17.97,8.41,Ribeirão Preto,SP,Sudeste,-21.17,-47.81
2023,309,0.0,0.74,0.72,29.91,61.53,1.56,30.98,13.59,Ribeirão Preto,SP,Sudeste,-21.17,-47.81
2023,310,0.01,0.73,0.7,31.95,65.99,1.83,30.61,13.65,Ribeirão Preto,SP,Sudeste,-21.17,-47.81
2023,311,0.0,0.72,0.68,33.12,61.43,2.34,29.71,13.4,Ribeirão Preto,SP,Sudeste,-21.17,-47.81
2023,312,0.0,0.71,0.66,33.35,56.27,1.99,28.69,13.02,Ribeirão Preto,SP,Sudeste,-21.17,-47.81
2023,313,0.02,0.7,0.65,34.64,51.62,1.5,25.31,11.63,Ribeirão Preto,SP,Sudeste,-21.17,-47.81
2023,314,0.03,0.69,0.64,35.7,51.17,1.61,26.13,11.99,Ribeirão Preto,SP,Sudeste,-21.17,-47.81
2023,315,0.01,0.68,0.63,36.64,41.88,2.04,29.71,13.43,Ribeirão Preto,SP,Sudeste,-21.17,-47.81
2023,316,0.0,0.67,0.62,38.07,44.06,1.38,29.04,13.26,Ribeirão Preto,SP,Sudeste,-21.17,-47.81
2023,317,0.0,0.66,0.61,37.47,45.4,1.72,27.76,12.7,Ribeirão Preto,SP,Sudeste,-21.17,-47.81
2023,318,0.0,0.66,0.6,40.14,42.19,1.77,27.67,12.65,Ribeirão Preto,SP,Sudeste,-21.17,-47.81
2023,319,1.21,0.65,0.6,38.76,50.37,1.41,25.72,11.8,Ribeirão Preto,SP,Sudeste,-21.17,-47.81
2023,320,2.06,0.65,0.62,38.29,49.59,2.0,24.62,11.31,Ribeirão Preto,SP,Sudeste,-21.17,-47.81
2023,321,0.01,0.64,0.59,39.07,47.92,2.11,24.96,11.45,Ribeirão Preto,SP,Sudeste,-21.17,-47.81
2023,322,0.82,0.64,0.6,38.01,50.81,2.76,24.7,11.39,Ribeirão Preto,SP,Sudeste,-21.17,-47.81
2023,323,8.74,0.63,0.63,38.9,56.62,2.31,19.56,9.08,Ribeirão Preto,SP,Sudeste,-21.17,-47.81
2023,324,3.18,0.65,0.66,29.2,75.15,1.74,20.77,9.68,Ribeirão Preto,SP,Sudeste,-21.17,-47.81
2023,325,2.37,0.65,0.62,34.06,68.23,1.72,23.38,10.96,Ribeirão Preto,SP,Sudeste,-21.17,-47.81
2023,326,8.23,0.65,0.66,32.27,71.17,2.06,20.14,9.57,Ribeirão Preto,SP,Sudeste,-21.17,-47.81
2023,327,1.97,0.65,0.64,32.64,67.96,1.78,18.66,8.87,Ribeirão Preto,SP,Sudeste,-21.17,-47.81
2023,328,5.29,0.65,0.65,32.98,69.44,2.56,19.5,9.25,Ribeirão Preto,SP,Sudeste,-21.17,-47.81
2023,329,0.52,0.65,0.62,30.93,67.05,2.21,22.44,10.46,Ribeirão Preto,SP,Sudeste,-21.17,-47.81
2023,330,3.32,0.65,0.63,33.95,63.93,2.38,25.06,11.55,Ribeirão Preto,SP,Sudeste,-21.17,-47.81
2023,331,6.44,0.65,0.66,29.16,73.4,1.53,18.07,8.53,Ribeirão Preto,SP,Sudeste,-21.17,-47.81
2023,332,7.67,0.66,0.67,34.42,66.05,2.61,19.02,8.98,Ribeirão Preto,SP,Sudeste,-21.17,-47.81
2023,333,13.15,0.68,0.72,28.08,81.08,1.88,15.05,7.32,Ribeirão Preto,SP,Sudeste,-21.17,-47.81
2023,334,4.22,0.68,0.66,33.12,70.77,1.76,26.94,12.51,Ribeirão Preto,SP,Sudeste,-21.17,-47.81
2023,335,0.74,0.68,0.65,33.84,67.49,1.27,28.45,13.21,Ribeirão Preto,SP,Sudeste,-21.17,-47.81
2023,336,0.61,0.67,0.63,36.19,58.15,1.47,29.46,13.56,Ribeirão Preto,SP,Sudeste,-21.17,-47.81
2023,337,1.45,0.66,0.62,36.33,58.68,1.69,29.41,13.56,Ribeirão Preto,SP,Sudeste,-21.17,-47.81
2023,338,5.05,0.66,0.65,33.92,66.36,1.96,25.14,11.73,Ribeirão Preto,SP,Sudeste,-21.17,-47.81
2023,339,11.17,0.67,0.68,34.26,68.7,1.49,22.93,10.81,Ribeirão Preto,SP,Sudeste,-21.17,-47.81
2023,340,0.08,0.67,0.64,33.93,69.5,0.97,26.19,12.25,Ribeirão Preto,SP,Sudeste,-21.17,-47.81
2023,341,6.12,0.67,0.67,33.2,65.16,1.18,21.76,10.27,Ribeirão Preto,SP,Sudeste,-21.17,-47.81
2023,342,0.93,0.67,0.64,33.43,64.54,1.52,23.64,11.07,Ribeirão Preto,SP,Sudeste,-21.17,-47.81
2023,343,0.87,0.67,0.62,35.55,64.3,2.31,28.27,13.13,Ribeirão Preto,SP,Sudeste,-21.17,-47.81
2023,344,3.7,0.66,0.62,34.44,67.19,2.57,25.87,12.04,Ribeirão Preto,SP,Sudeste,-21.17,-47.81
2023,345,22.52,0.69,0.75,30.4,78.24,1.79,20.85,9.85,Ribeirão Preto,SP,Sudeste,-21.17,-47.81
2023,346,0.13,0.69,0.65,32.96,66.31,1.84,29.2,13.37,Ribeirão Preto,SP,Sudeste,-21.17,-47.81
2023,347,0.0,0.68,0.63,34.82,59.42,1.61,31.14,14.05,Ribeirão Preto,SP,Sudeste,-21.17,-47.81
2023,348,0.03,0.67,0.62,35.49,58.15,1.62,29.66,13.49,Ribeirão Preto,SP,Sudeste,-21.17,-47.81
2023,349,0.28,0.66,0.61,36.43,53.51,1.88,29.41,13.51,Ribeirão Preto,SP,Sudeste,-21.17,-47.81
2023,350,0.0,0.65,0.6,36.68,48.84,2.42,29.52,13.51,Ribeirão Preto,SP,Sudeste,-21.17,-47.81
2023,351,0.68,0.65,0.6,36.88,51.01,2.08,26.61,12.23,Ribeirão Preto,SP,Sudeste,-21.17,-47.81
2023,352,2.45,0.64,0.61,35.7,59.74,1.38,26.7,12.41,Ribeirão Preto,SP,Sudeste,-21.17,-47.81
2023,353,0.36,0.64,0.61,36.03,59.39,1.41,27.93,12.85,Ribeirão Preto,SP,Sudeste,-21.17,-47.81
2023,354,0.32,0.63,0.6,34.29,62.65,2.19,27.71,12.91,Ribeirão Preto,SP,Sudeste,-21.17,-47.81
2023,355,6.77,0.64,0.65,31.4,70.8,1.83,24.18,11.38,Ribeirão Preto,SP,Sudeste,-21.17,-47.81
2023,356,34.41,0.66,0.76,29.98,79.18,2.01,21.43,10.19,Ribeirão Preto,SP,Sudeste,-21.17,-47.81
2023,357,7.15,0.71,0.72,30.47,78.86,2.56,9.59,4.78,Ribeirão Preto,SP,Sudeste,-21.17,-47.81
2023,358,1.83,0.7,0.67,30.54,77.51,2.12,25.09,11.71,Ribeirão Preto,SP,Sudeste,-21.17,-47.81
2023,359,3.3,0.69,0.67,33.34,66.47,2.06,27.88,12.8,Ribeirão Preto,SP,Sudeste,-21.17,-47.81
2023,360,3.82,0.69,0.66,34.08,67.81,1.98,20.51,9.66,Ribeirão Preto,SP,Sudeste,-21.17,-47.81
2023,361,2.17,0.69,0.66,33.94,65.39,1.54,26.61,12.17,Ribeirão Preto,SP,Sudeste,-21.17,-47.81
2023,362,0.01,0.68,0.63,35.12,56.91,1.52,29.94,13.61,Ribeirão Preto,SP,Sudeste,-21.17,-47.81
2023,363,0.03,0.67,0.62,37.23,55.04,2.03,26.68,12.28,Ribeirão Preto,SP,Sudeste,-21.17,-47.81
2023,364,0.72,0.66,0.62,33.01,62.99,1.52,15.14,7.24,Ribeirão Preto,SP,Sudeste,-21.17,-47.81
2023,365,7.03,0.66,0.66,31.67,73.72,2.25,21.61,10.24,Ribeirão Preto,SP,Sudeste,-21.17,-47.81
2024,1,5.38,0.68,0.68,29.78,76.16,2.22,13.54,6.56,Ribeirão Preto,SP,Sudeste,-21.17,-47.81
2024,2,1.11,0.67,0.63,31.39,70.51,1.73,22.58,10.57,Ribeirão Preto,SP,Sudeste,-21.17,-47.81
2024,3,13.13,0.68,0.7,29.4,74.84,1.35,18.03,8.61,Ribeirão Preto,SP,Sudeste,-21.17,-47.81
2024,4,5.99,0.7,0.7,31.36,76.3,1.48,24.94,11.64,Ribeirão Preto,SP,Sudeste,-21.17,-47.81
2024,5,0.06,0.69,0.64,32.82,65.08,1.95,28.09,12.95,Ribeirão Preto,SP,Sudeste,-21.17,-47.81
2024,6,0.02,0.68,0.63,34.03,59.73,1.37,28.73,13.21,Ribeirão Preto,SP,Sudeste,-21.17,-47.81
2024,7,1.16,0.67,0.63,34.53,57.8,1.0,26.56,12.32,Ribeirão Preto,SP,Sudeste,-21.17,-47.81
2024,8,5.36,0.67,0.65,34.44,65.21,1.85,24.94,11.62,Ribeirão Preto,SP,Sudeste,-21.17,-47.81
2024,9,1.13,0.67,0.63,33.57,64.41,2.15,26.97,12.57,Ribeirão Preto,SP,Sudeste,-21.17,-47.81
2024,10,5.06,0.66,0.63,34.32,66.84,2.82,22.38,10.47,Ribeirão Preto,SP,Sudeste,-21.17,-47.81
2024,11,1.43,0.67,0.64,34.35,68.47,2.33,24.87,11.71,Ribeirão Preto,SP,Sudeste,-21.17,-47.81
2024,12,3.06,0.66,0.63,33.67,68.68,1.74,20.28,9.6,Ribeirão Preto,SP,Sudeste,-21.17,-47.81
2024,13,17.82,0.67,0.71,32.04,75.48,1.56,16.61,7.91,Ribeirão Preto,SP,Sudeste,-21.17,-47.81
2024,14,18.83,0.7,0.76,28.98,81.48,1.35,19.91,9.47,Ribeirão Preto,SP,Sudeste,-21.17,-47.81
2024,15,2.58,0.71,0.7,30.79,76.38,1.78,19.1,9.12,Ribeirão Preto,SP,Sudeste,-21.17,-47.81
2024,16,0.38,0.7,0.66,34.35,66.66,1.62,26.07,12.11,Ribeirão Preto,SP,Sudeste,-21.17,-47.81
2024,17,0.24,0.69,0.65,34.47,63.13,1.33,25.4,11.81,Ribeirão Preto,SP,Sudeste,-21.17,-47.81
2024,18,2.42,0.68,0.65,34.15,63.48,1.11,24.59,11.47,Ribeirão Preto,SP,Sudeste,-21.17,-47.81
2024,19,3.65,0.68,0.66,34.96,63.85,1.94,20.22,9.59,Ribeirão Preto,SP,Sudeste,-21.17,-47.81
2024,20,3.9,0.68,0.66,33.89,66.77,2.05,17.12,8.16,Ribeirão Preto,SP,Sudeste,-21.17,-47.81
2024,21,4.66,0.68,0.66,31.55,70.78,2.12,20.11,9.59,Ribeirão Preto,SP,Sudeste,-21.17,-47.81
2024,22,0.23,0.68,0.64,33.73,65.57,1.85,27.02,12.48,Ribeirão Preto,SP,Sudeste,-21.17,-47.81
2024,23,10.34,0.67,0.67,30.0,72.86,1.92,11.51,5.7,Ribeirão Preto,SP,Sudeste,-21.17,-47.81
2024,24,0.86,0.69,0.66,32.28,70.19,1.78,22.23,10.32,Ribeirão Preto,SP,Sudeste,-21.17,-47.81
2024,25,0.09,0.68,0.63,31.07,65.19,2.57,24.58,11.26,Ribeirão Preto,SP,Sudeste,-21.17,-47.81
2024,26,0.08,0.67,0.62,32.18,62.22,1.97,28.78,13.12,Ribeirão Preto,SP,Sudeste,-21.17,-47.81
2024,27,0.23,0.66,0.62,32.85,58.06,2.02,27.62,12.47,Ribeirão Preto,SP,Sudeste,-21.17,-47.81
2024,28,2.1,0.66,0.63,32.99,58.83,1.63,16.05,7.58,Ribeirão Preto,SP,Sudeste,-21.17,-47.81
2024,29,4.04,0.66,0.64,34.07,55.44,1.93,27.87,12.65,Ribeirão Preto,SP,Sudeste,-21.17,-47.81
2024,30,0.1,0.65,0.61,33.41,47.79,1.58,23.83,10.86,Ribeirão Preto,SP,Sudeste,-21.17,-47.81
2024,31,2.82,0.65,0.62,33.53,52.56,1.13,16.05,7.56,Ribeirão Preto,SP,Sudeste,-21.17,-47.81
2024,32,6.64,0.65,0.65,34.12,59.8,1.32,26.27,12.07,Ribeirão Preto,SP,Sudeste,-21.17,-47.81
2024,33,0.68,0.65,0.62,32.49,66.9,1.88,14.29,6.88,Ribeirão Preto,SP,Sudeste,-21.17,-47.81
2024,34,2.36,0.65,0.63,32.06,68.55,1.75,16.86,7.94,Ribeirão Preto,SP,Sudeste,-21.17,-47.81
2024,35,4.67,0.65,0.65,27.95,76.22,0.69,13.15,6.33,Ribeirão Preto,SP,Sudeste,-21.17,-47.81
2024,36,2.24,0.65,0.63,30.62,73.53,0.94,19.53,9.24,Ribeirão Preto,SP,Sudeste,-21.17,-47.81
2024,37,0.92,0.65,0.63,30.15,72.42,1.11,25.79,12.03,Ribeirão Preto,SP,Sudeste,-21.17,-47.81
2024,38,4.8,0.65,0.65,27.85,76.18,0.99,17.46,8.3,Ribeirão Preto,SP,Sudeste,-21.17,-47.81
2024,39,2.4,0.66,0.64,31.2,71.89,1.19,22.01,10.28,Ribeirão Preto,SP,Sudeste,-21.17,-47.81
2024,40,0.03,0.65,0.61,34.96,62.84,2.41,26.58,12.31,Ribeirão Preto,SP,Sudeste,-21.17,-47.81
2024,41,0.0,0.65,0.6,34.19,61.13,3.21,26.37,12.18,Ribeirão Preto,SP,Sudeste,-21.17,-47.81
2024,42,0.14,0.64,0.6,34.82,61.56,2.93,26.24,12.14,Ribeirão Preto,SP,Sudeste,-21.17,-47.81
2024,43,1.19,0.64,0.6,34.08,62.41,2.11,23.29,10.95,Ribeirão Preto,SP,Sudeste,-21.17,-47.81
2024,44,3.81,0.63,0.62,34.15,61.86,1.41,24.8,11.56,Ribeirão Preto,SP,Sudeste,-21.17,-47.81
2024,45,8.11,0.64,0.66,31.55,68.22,1.6,16.12,7.71,Ribeirão Preto,SP,Sudeste,-21.17,-47.81
2024,46,5.92,0.65,0.67,28.26,80.13,1.51,11.03,5.53,Ribeirão Preto,SP,Sudeste,-21.17,-47.81
2024,47,7.21,0.66,0.66,31.97,75.78,1.14,16.66,8.02,Ribeirão Preto,SP,Sudeste,-21.17,-47.81
2024,48,2.48,0.66,0.64,33.28,69.69,1.59,19.07,8.95,Ribeirão Preto,SP,Sudeste,-21.17,-47.81
2024,49,0.88,0.65,0.62,33.66,65.11,1.68,22.65,10.47,Ribeirão Preto,SP,Sudeste,-21.17,-47.81
2024,50,10.67,0.66,0.68,30.98,67.87,1.57,17.51,8.26,Ribeirão Preto,SP,Sudeste,-21.17,-47.81
2024,51,5.74,0.67,0.66,31.18,69.33,1.63,18.73,8.88,Ribeirão Preto,SP,Sudeste,-21.17,-47.81
2024,52,12.81,0.68,0.71,31.46,74.91,1.79,22.59,10.57,Ribeirão Preto,SP,Sudeste,-21.17,-47.81
2024,53,2.14,0.68,0.66,32.63,71.18,1.77,23.48,10.96,Ribeirão Preto,SP,Sudeste,-21.17,-47.81
2024,54,3.62,0.68,0.66,32.05,73.76,1.44,23.0,10.77,Ribeirão Preto,SP,Sudeste,-21.17,-47.81
2024,55,2.87,0.68,0.66,30.86,73.84,1.19,18.34,8.71,Ribeirão Preto,SP,Sudeste,-21.17,-47.81
2024,56,0.4,0.67,0.63,34.33,66.3,1.67,22.72,10.67,Ribeirão Preto,SP,Sudeste,-21.17,-47.81
2024,57,0.89,0.67,0.63,33.7,69.97,2.12,21.39,10.06,Ribeirão Preto,SP,Sudeste,-21.17,-47.81
2024,58,0.03,0.66,0.62,35.01,62.06,1.55,25.27,11.68,Ribeirão Preto,SP,Sudeste,-21.17,-47.81
2024,59,0.07,0.66,0.61,36.15,58.03,1.42,23.76,11.1,Ribeirão Preto,SP,Sudeste,-21.17,-47.81
2024,60,0.48,0.65,0.61,35.98,63.56,1.91,22.61,10.57,Ribeirão Preto,SP,Sudeste,-21.17,-47.81
2024,61,4.12,0.65,0.63,35.07,67.84,2.33,24.09,11.2,Ribeirão Preto,SP,Sudeste,-21.17,-47.81
2024,62,0.88,0.65,0.62,33.93,69.03,1.58,25.09,11.65,Ribeirão Preto,SP,Sudeste,-21.17,-47.81
2024,63,0.25,0.64,0.6,35.59,60.24,1.24,25.5,11.63,Ribeirão Preto,SP,Sudeste,-21.17,-47.81
2024,64,0.74,0.64,0.6,35.94,60.21,1.72,23.28,10.71,Ribeirão Preto,SP,Sudeste,-21.17,-47.81
2024,65,5.12,0.63,0.62,34.55,65.34,2.38,21.58,10.06,Ribeirão Preto,SP,Sudeste,-21.17,-47.81
2024,66,9.77,0.65,0.68,32.28,70.73,1.34,23.28,10.82,Ribeirão Preto,SP,Sudeste,-21.17,-47.81
2024,67,4.89,0.65,0.65,33.88,70.57,1.42,19.8,9.26,Ribeirão Preto,SP,Sudeste,-21.17,-47.81
2024,68,2.29,0.65,0.64,32.97,72.95,1.33,19.68,9.35,Ribeirão Preto,SP,Sudeste,-21.17,-47.81
2024,69,10.33,0.66,0.67,32.4,71.04,1.77,16.75,7.97,Ribeirão Preto,SP,Sudeste,-21.17,-47.81
2024,70,0.46,0.66,0.64,32.35,73.46,1.42,13.1,6.31,Ribeirão Preto,SP,Sudeste,-21.17,-47.81
2024,71,0.82,0.66,0.62,34.45,66.39,1.8,22.98,10.61,Ribeirão Preto,SP,Sudeste,-21.17,-47.81
2024,72,0.99,0.65,0.61,35.47,66.81,1.58,24.01,11.09,Ribeirão Preto,SP,Sudeste,-21.17,-47.81
2024,73,1.97,0.65,0.62,35.43,66.44,1.15,23.74,10.96,Ribeirão Preto,SP,Sudeste,-21.17,-47.81
2024,74,0.25,0.64,0.61,35.85,64.17,1.31,24.92,11.51,Ribeirão Preto,SP,Sudeste,-21.17,-47.81
2024,75,0.01,0.64,0.6,36.48,58.66,1.34,24.41,11.24,Ribeirão Preto,SP,Sudeste,-21.17,-47.81
2024,76,1.2,0.63,0.6,36.2,62.25,1.47,22.1,10.26,Ribeirão Preto,SP,Sudeste,-21.17,-47.81
2024,77,1.41,0.63,0.6,36.0,62.66,1.67,21.16,9.81,Ribeirão Preto,SP,Sudeste,-21.17,-47.81
2024,78,3.4,0.63,0.62,35.04,65.8,1.1,21.57,10.08,Ribeirão Preto,SP,Sudeste,-21.17,-47.81
2024,79,6.49,0.63,0.64,35.23,64.18,1.26,20.17,9.46,Ribeirão Preto,SP,Sudeste,-21.17,-47.81
2024,80,2.52,0.64,0.64,31.06,75.1,1.09,22.03,10.39,Ribeirão Preto,SP,Sudeste,-21.17,-47.81
2024,81,3.66,0.64,0.63,32.14,73.61,2.52,21.16,9.97,Ribeirão Preto,SP,Sudeste,-21.17,-47.81
2024,82,6.94,0.64,0.67,28.36,85.99,2.84,15.21,7.31,Ribeirão Preto,SP,Sudeste,-21.17,-47.81
2024,83,8.69,0.66,0.68,28.11,79.66,3.0,10.43,5.06,Ribeirão Preto,SP,Sudeste,-21.17,-47.81
2024,84,2.65,0.66,0.65,27.86,80.91,2.1,7.11,3.65,Ribeirão Preto,SP,Sudeste,-21.17,-47.81
2024,85,5.94,0.66,0.66,29.51,79.48,1.95,17.13,8.08,Ribeirão Preto,SP,Sudeste,-21.17,-47.81
2024,86,13.41,0.68,0.72,24.17,89.16,1.77,8.94,4.45,Ribeirão Preto,SP,Sudeste,-21.17,-47.81
2024,87,20.78,0.7,0.77,23.69,89.47,1.5,5.52,2.85,Ribeirão Preto,SP,Sudeste,-21.17,-47.81
2024,88,15.94,0.74,0.81,25.87,83.9,1.4,11.75,5.67,Ribeirão Preto,SP,Sudeste,-21.17,-47.81
2024,89,3.23,0.74,0.74,27.82,85.46,1.23,14.23,6.74,Ribeirão Preto,SP,Sudeste,-21.17,-47.81
2024,90,11.04,0.74,0.78,27.7,84.13,1.21,15.31,7.27,Ribeirão Preto,SP,Sudeste,-21.17,-47.81
2024,91,0.21,0.75,0.74,29.53,75.58,0.92,22.15,10.17,Ribeirão Preto,SP,Sudeste,-21.17,-47.81
2024,92,0.06,0.74,0.72,29.77,68.51,1.17,22.98,10.65,Ribeirão Preto,SP,Sudeste,-21.17,-47.81
2024,93,0.51,0.73,0.71,29.13,71.96,0.71,12.41,5.92,Ribeirão Preto,SP,Sudeste,-21.17,-47.81
2024,94,0.95,0.72,0.7,30.75,75.98,1.2,21.7,10.01,Ribeirão Preto,SP,Sudeste,-21.17,-47.81
2024,95,1.2,0.72,0.69,31.68,75.13,1.41,21.54,9.97,Ribeirão Preto,SP,Sudeste,-21.17,-47.81
2024,96,2.27,0.71,0.69,31.33,74.77,1.27,19.45,9.01,Ribeirão Preto,SP,Sudeste,-21.17,-47.81
2024,97,2.09,0.71,0.68,31.71,71.37,0.94,20.38,9.4,Ribeirão Preto,SP,Sudeste,-21.17,-47.81
2024,98,0.61,0.71,0.67,30.81,73.45,2.5,20.42,9.4,Ribeirão Preto,SP,Sudeste,-21.17,-47.81
2024,99,0.27,0.7,0.66,31.31,68.45,1.93,13.0,6.12,Ribeirão Preto,SP,Sudeste,-21.17,-47.81
2024,100,0.33,0.69,0.65,31.1,70.87,1.72,11.45,5.49,Ribeirão Preto,SP,Sudeste,-21.17,-47.81
2024,101,1.37,0.69,0.65,31.29,68.56,0.89,17.95,8.24,Ribeirão Preto,SP,Sudeste,-21.17,-47.81
2024,102,2.8,0.68,0.66,31.8,68.93,0.98,15.84,7.34,Ribeirão Preto,SP,Sudeste,-21.17,-47.81
2024,103,1.64,0.68,0.65,31.56,74.68,2.58,17.16,8.02,Ribeirão Preto,SP,Sudeste,-21.17,-47.81
2024,104,0.22,0.68,0.64,31.35,71.21,2.52,17.57,8.24,Ribeirão Preto,SP,Sudeste,-21.17,-47.81
2024,105,0.68,0.67,0.64,28.92,74.9,1.91,14.63,6.86,Ribeirão Preto,SP,Sudeste,-21.17,-47.81
2024,106,0.4,0.67,0.64,31.33,70.86,2.42,16.98,8.0,Ribeirão Preto,SP,Sudeste,-21.17,-47.81
2024,107,0.26,0.67,0.63,32.21,66.33,2.11,18.31,8.55,Ribeirão Preto,SP,Sudeste,-21.17,-47.81
2024,108,4.61,0.66,0.65,32.35,69.18,1.67,13.29,6.31,Ribeirão Preto,SP,Sudeste,-21.17,-47.81
2024,109,1.58,0.67,0.65,30.74,77.88,2.03,13.25,6.2,Ribeirão Preto,SP,Sudeste,-21.17,-47.81
2024,110,0.01,0.66,0.63,31.69,70.16,1.76,20.64,9.36,Ribeirão Preto,SP,Sudeste,-21.17,-47.81
2024,111,0.18,0.66,0.62,31.75,68.68,1.49,20.69,9.37,Ribeirão Preto,SP,Sudeste,-21.17,-47.81
2024,112,0.03,0.65,0.62,31.0,58.23,1.74,21.73,9.63,Ribeirão Preto,SP,Sudeste,-21.17,-47.81
2024,113,0.01,0.65,0.61,30.59,54.42,1.43,21.02,9.35,Ribeirão Preto,SP,Sudeste,-21.17,-47.81
2024,114,0.03,0.65,0.61,31.72,54.6,1.26,20.0,9.13,Ribeirão Preto,SP,Sudeste,-21.17,-47.81
2024,115,0.1,0.64,0.61,32.68,57.86,1.28,19.02,8.71,Ribeirão Preto,SP,Sudeste,-21.17,-47.81
2024,116,0.07,0.64,0.61,33.48,59.98,1.48,19.58,8.98,Ribeirão Preto,SP,Sudeste,-21.17,-47.81
2024,117,0.02,0.63,0.6,33.36,63.07,2.42,19.56,8.97,Ribeirão Preto,SP,Sudeste,-21.17,-47.81
2024,118,0.0,0.63,0.6,33.04,62.38,2.09,18.83,8.57,Ribeirão Preto,SP,Sudeste,-21.17,-47.81
2024,119,0.01,0.63,0.6,33.06,56.84,1.54,18.47,8.39,Ribeirão Preto,SP,Sudeste,-21.17,-47.81
2024,120,0.01,0.62,0.6,33.05,57.2,1.95,18.38,8.32,Ribeirão Preto,SP,Sudeste,-21.17,-47.81
2024,121,0.03,0.62,0.59,33.44,52.4,1.38,18.64,8.45,Ribeirão Preto,SP,Sudeste,-21.17,-47.81
2024,122,0.06,0.62,0.57,33.7,53.57,1.61,19.09,8.61,Ribeirão Preto,SP,Sudeste,-21.17,-47.81
2024,123,0.0,0.61,0.56,33.87,54.23,1.95,19.55,8.86,Ribeirão Preto,SP,Sudeste,-21.17,-47.81
2024,124,0.01,0.61,0.53,33.42,51.86,1.03,18.4,8.34,Ribeirão Preto,SP,Sudeste,-21.17,-47.81
2024,125,0.0,0.61,0.49,34.15,45.53,2.28,19.63,8.82,Ribeirão Preto,SP,Sudeste,-21.17,-47.81
2024,126,0.0,0.61,0.45,33.44,45.1,2.52,19.73,8.79,Ribeirão Preto,SP,Sudeste,-21.17,-47.81
2024,127,0.0,0.6,0.42,33.28,51.47,2.8,19.37,8.73,Ribeirão Preto,SP,Sudeste,-21.17,-47.81
2024,128,0.0,0.6,0.4,33.86,51.24,2.51,18.63,8.52,Ribeirão Preto,SP,Sudeste,-21.17,-47.81
2024,129,0.0,0.6,0.38,33.3,50.44,2.19,18.86,8.56,Ribeirão Preto,SP,Sudeste,-21.17,-47.81
2024,130,0.0,0.6,0.36,32.83,46.18,1.51,17.39,7.86,Ribeirão Preto,SP,Sudeste,-21.17,-47.81
2024,131,0.06,0.6,0.35,33.38,46.36,1.85,18.29,8.21,Ribeirão Preto,SP,Sudeste,-21.17,-47.81
2024,132,0.01,0.6,0.34,33.65,48.87,1.76,17.36,7.86,Ribeirão Preto,SP,Sudeste,-21.17,-47.81
2024,133,0.0,0.6,0.33,33.13,41.01,1.78,18.47,8.29,Ribeirão Preto,SP,Sudeste,-21.17,-47.81
2024,134,0.02,0.6,0.32,33.03,39.77,2.23,19.07,8.47,Ribeirão Preto,SP,Sudeste,-21.17,-47.81
2024,135,0.03,0.6,0.31,32.67,46.44,2.13,15.61,7.1,Ribeirão Preto,SP,Sudeste,-21.17,-47.81
2024,136,0.01,0.6,0.3,32.85,55.29,1.61,16.07,7.35,Ribeirão Preto,SP,Sudeste,-21.17,-47.81
2024,137,0.0,0.6,0.29,33.76,46.86,1.73,16.53,7.54,Ribeirão Preto,SP,Sudeste,-21.17,-47.81
2024,138,0.0,0.6,0.29,33.53,40.99,1.68,17.87,8.05,Ribeirão Preto,SP,Sudeste,-21.17,-47.81
2024,139,0.01,0.6,0.28,33.54,41.86,1.16,17.82,8.03,Ribeirão Preto,SP,Sudeste,-21.17,-47.81
2024,140,0.0,0.6,0.27,33.46,41.17,1.08,16.82,7.59,Ribeirão Preto,SP,Sudeste,-21.17,-47.81
2024,141,0.0,0.6,0.27,33.29,49.2,1.11,16.44,7.51,Ribeirão Preto,SP,Sudeste,-21.17,-47.81
2024,142,0.01,0.6,0.26,32.5,50.17,2.31,16.48,7.4,Ribeirão Preto,SP,Sudeste,-21.17,-47.81
2024,143,0.06,0.6,0.26,31.92,51.9,2.9,17.33,7.79,Ribeirão Preto,SP,Sudeste,-21.17,-47.81
2024,144,0.0,0.6,0.25,31.58,38.59,2.02,18.02,7.97,Ribeirão Preto,SP,Sudeste,-21.17,-47.81
2024,145,0.09,0.6,0.25,32.89,47.84,2.43,13.25,6.05,Ribeirão Preto,SP,Sudeste,-21.17,-47.81
2024,146,0.65,0.6,0.26,29.12,66.2,1.6,9.63,4.49,Ribeirão Preto,SP,Sudeste,-21.17,-47.81
2024,147,4.57,0.6,0.32,30.58,72.81,2.21,7.23,3.46,Ribeirão Preto,SP,Sudeste,-21.17,-47.81
2024,148,2.33,0.61,0.45,30.22,69.46,2.2,11.66,5.41,Ribeirão Preto,SP,Sudeste,-21.17,-47.81
2024,149,0.33,0.61,0.45,26.38,71.7,2.02,6.92,3.26,Ribeirão Preto,SP,Sudeste,-21.17,-47.81
2024,150,0.0,0.6,0.43,26.31,57.27,1.83,14.0,6.28,Ribeirão Preto,SP,Sudeste,-21.17,-47.81
2024,151,0.04,0.6,0.41,26.51,46.55,1.71,17.56,7.57,Ribeirão Preto,SP,Sudeste,-21.17,-47.81
2024,152,0.02,0.6,0.39,28.5,55.36,1.93,17.81,7.83,Ribeirão Preto,SP,Sudeste,-21.17,-47.81
2024,153,0.0,0.6,0.38,28.52,54.7,3.16,17.32,7.67,Ribeirão Preto,SP,Sudeste,-21.17,-47.81
2024,154,0.04,0.6,0.36,29.14,53.87,2.98,15.95,7.22,Ribeirão Preto,SP,Sudeste,-21.17,-47.81
2024,155,0.0,0.6,0.35,28.86,52.68,1.75,12.46,5.67,Ribeirão Preto,SP,Sudeste,-21.17,-47.81
2024,156,0.01,0.6,0.34,29.8,48.13,1.79,16.31,7.32,Ribeirão Preto,SP,Sudeste,-21.17,-47.81
2024,157,0.14,0.6,0.33,29.71,57.85,2.53,15.49,7.0,Ribeirão Preto,SP,Sudeste,-21.17,-47.81
2024,158,0.0,0.6,0.32,29.85,50.24,1.96,15.63,7.05,Ribeirão Preto,SP,Sudeste,-21.17,-47.81
2024,159,0.0,0.6,0.32,30.5,45.88,1.37,16.29,7.3,Ribeirão Preto,SP,Sudeste,-21.17,-47.81
2024,160,0.01,0.6,0.31,30.99,47.2,2.02,16.04,7.2,Ribeirão Preto,SP,Sudeste,-21.17,-47.81
2024,161,0.01,0.6,0.3,31.35,49.22,2.3,16.46,7.33,Ribeirão Preto,SP,Sudeste,-21.17,-47.81
2024,162,0.03,0.6,0.29,31.4,41.43,1.88,16.88,7.46,Ribeirão Preto,SP,Sudeste,-21.17,-47.81
2024,163,0.0,0.6,0.29,31.11,44.26,1.16,16.8,7.44,Ribeirão Preto,SP,Sudeste,-21.17,-47.81
2024,164,0.01,0.6,0.28,31.18,40.16,2.51,16.8,7.4,Ribeirão Preto,SP,Sudeste,-21.17,-47.81
2024,165,0.01,0.6,0.28,30.69,40.29,2.61,16.88,7.39,Ribeirão Preto,SP,Sudeste,-21.17,-47.81
2024,166,0.0,0.6,0.27,30.78,42.63,2.81,16.8,7.42,Ribeirão Preto,SP,Sudeste,-21.17,-47.81
2024,167,0.0,0.6,0.27,31.29,47.7,2.19,16.05,7.24,Ribeirão Preto,SP,Sudeste,-21.17,-47.81
2024,168,0.0,0.6,0.26,31.06,43.68,2.13,16.52,7.36,Ribeirão Preto,SP,Sudeste,-21.17,-47.81
2024,169,0.0,0.6,0.26,29.76,42.91,2.13,16.84,7.38,Ribeirão Preto,SP,Sudeste,-21.17,-47.81
2024,170,0.0,0.6,0.25,30.08,37.79,2.15,16.76,7.35,Ribeirão Preto,SP,Sudeste,-21.17,-47.81
2024,171,0.01,0.6,0.25,30.81,41.59,2.04,16.83,7.39,Ribeirão Preto,SP,Sudeste,-21.17,-47.81
2024,172,0.01,0.59,0.25,30.31,41.73,1.89,16.64,7.31,Ribeirão Preto,SP,Sudeste,-21.17,-47.81
2024,173,0.03,0.59,0.24,30.02,44.42,2.56,16.29,7.24,Ribeirão Preto,SP,Sudeste,-21.17,-47.81
2024,174,0.0,0.59,0.24,30.27,42.19,2.72,13.86,6.23,Ribeirão Preto,SP,Sudeste,-21.17,-47.81
2024,175,0.0,0.59,0.24,30.57,42.22,1.96,12.97,5.87,Ribeirão Preto,SP,Sudeste,-21.17,-47.81
2024,176,0.0,0.59,0.24,31.66,42.66,1.98,15.95,7.2,Ribeirão Preto,SP,Sudeste,-21.17,-47.81
2024,177,0.0,0.59,0.23,31.96,45.68,1.19,14.09,6.33,Ribeirão Preto,SP,Sudeste,-21.17,-47.81
2024,178,0.01,0.59,0.23,31.9,43.62,2.35,14.71,6.62,Ribeirão Preto,SP,Sudeste,-21.17,-47.81
2024,179,0.03,0.59,0.23,30.04,46.34,1.72,14.67,6.59,Ribeirão Preto,SP,Sudeste,-21.17,-47.81
2024,180,0.01,0.59,0.23,30.88,44.26,1.88,11.76,5.31,Ribeirão Preto,SP,Sudeste,-21.17,-47.81
2024,181,0.1,0.59,0.23,29.64,44.99,1.98,14.9,6.65,Ribeirão Preto,SP,Sudeste,-21.17,-47.81
2024,182,0.31,0.59,0.23,29.06,61.9,2.11,8.13,3.73,Ribeirão Preto,SP,Sudeste,-21.17,-47.81
2024,183,1.05,0.59,0.24,27.67,65.33,1.43,3.88,1.92,Ribeirão Preto,SP,Sudeste,-21.17,-47.81
2024,184,0.01,0.6,0.26,29.39,52.0,1.26,16.04,7.15,Ribeirão Preto,SP,Sudeste,-21.17,-47.81
2024,185,0.01,0.6,0.25,30.01,45.93,1.28,13.67,6.19,Ribeirão Preto,SP,Sudeste,-21.17,-47.81
2024,186,0.0,0.6,0.25,30.34,38.85,1.57,11.67,5.2,Ribeirão Preto,SP,Sudeste,-21.17,-47.81
2024,187,0.0,0.59,0.25,30.02,37.92,1.68,13.85,6.19,Ribeirão Preto,SP,Sudeste,-21.17,-47.81
2024,188,0.0,0.59,0.24,30.44,37.55,1.37,15.7,7.0,Ribeirão Preto,SP,Sudeste,-21.17,-47.81
2024,189,0.05,0.59,0.24,31.12,41.17,2.13,13.8,6.19,Ribeirão Preto,SP,Sudeste,-21.17,-47.81
2024,190,0.01,0.59,0.24,30.42,41.69,2.15,13.55,6.04,Ribeirão Preto,SP,Sudeste,-21.17,-47.81
2024,191,0.45,0.59,0.24,30.93,56.56,2.01,9.71,4.45,Ribeirão Preto,SP,Sudeste,-21.17,-47.81
2024,192,0.37,0.59,0.24,29.47,65.52,1.83,11.59,5.35,Ribeirão Preto,SP,Sudeste,-21.17,-47.81
2024,193,0.05,0.6,0.25,33.26,48.09,1.89,14.27,6.51,Ribeirão Preto,SP,Sudeste,-21.17,-47.81
2024,194,0.0,0.59,0.25,31.61,41.38,1.77,15.41,6.92,Ribeirão Preto,SP,Sudeste,-21.17,-47.81
2024,195,0.05,0.59,0.24,29.87,56.47,2.96,15.03,6.82,Ribeirão Preto,SP,Sudeste,-21.17,-47.81
2024,196,0.0,0.59,0.24,29.72,47.08,2.2,16.3,7.28,Ribeirão Preto,SP,Sudeste,-21.17,-47.81
2024,197,0.0,0.59,0.24,29.52,42.54,1.0,15.8,7.09,Ribeirão Preto,SP,Sudeste,-21.17,-47.81
2024,198,0.07,0.59,0.24,29.65,49.62,2.0,16.31,7.3,Ribeirão Preto,SP,Sudeste,-21.17,-47.81
2024,199,0.03,0.59,0.23,30.03,46.36,1.62,16.82,7.52,Ribeirão Preto,SP,Sudeste,-21.17,-47.81
2024,200,0.18,0.59,0.23,30.34,41.11,1.5,17.55,7.73,Ribeirão Preto,SP,Sudeste,-21.17,-47.81
2024,201,0.0,0.59,0.23,30.7,39.36,1.69,17.91,7.84,Ribeirão Preto,SP,Sudeste,-21.17,-47.81
2024,202,0.02,0.59,0.23,31.12,40.25,1.5,17.94,7.86,Ribeirão Preto,SP,Sudeste,-21.17,-47.81
2024,203,0.11,0.59,0.23,30.1,44.84,2.28,18.04,7.91,Ribeirão Preto,SP,Sudeste,-21.17,-47.81
2024,204,0.03,0.59,0.22,30.79,37.34,1.45,18.1,7.89,Ribeirão Preto,SP,Sudeste,-21.17,-47.81
2024,205,0.0,0.59,0.22,30.79,35.74,1.85,18.33,8.0,Ribeirão Preto,SP,Sudeste,-21.17,-47.81
2024,206,0.0,0.59,0.22,30.85,37.61,2.53,17.42,7.61,Ribeirão Preto,SP,Sudeste,-21.17,-47.81
2024,207,0.03,0.59,0.22,29.74,39.15,1.73,18.0,7.94,Ribeirão Preto,SP,Sudeste,-21.17,-47.81
2024,208,0.01,0.59,0.21,29.26,37.14,1.58,16.96,7.52,Ribeirão Preto,SP,Sudeste,-21.17,-47.81
2024,209,0.01,0.59,0.21,31.29,30.39,1.73,15.44,6.74,Ribeirão Preto,SP,Sudeste,-21.17,-47.81
2024,210,0.0,0.59,0.21,32.47,36.39,1.57,17.65,7.83,Ribeirão Preto,SP,Sudeste,-21.17,-47.81
2024,211,0.06,0.59,0.21,31.86,37.98,2.0,14.15,6.43,Ribeirão Preto,SP,Sudeste,-21.17,-47.81
2024,212,0.02,0.59,0.21,31.24,50.46,2.84,9.44,4.33,Ribeirão Preto,SP,Sudeste,-21.17,-47.81
2024,213,0.0,0.59,0.21,30.66,51.13,3.28,17.42,7.84,Ribeirão Preto,SP,Sudeste,-21.17,-47.81
2024,214,0.01,0.59,0.2,30.14,46.03,3.2,17.78,7.91,Ribeirão Preto,SP,Sudeste,-21.17,-47.81
2024,215,0.06,0.59,0.2,29.41,46.57,3.46,16.38,7.39,Ribeirão Preto,SP,Sudeste,-21.17,-47.81
2024,216,0.0,0.59,0.2,30.38,45.11,3.36,15.69,7.09,Ribeirão Preto,SP,Sudeste,-21.17,-47.81
2024,217,0.22,0.59,0.2,29.42,50.87,2.8,13.39,6.13,Ribeirão Preto,SP,Sudeste,-21.17,-47.81
2024,218,0.01,0.59,0.2,31.6,42.56,2.6,18.38,8.23,Ribeirão Preto,SP,Sudeste,-21.17,-47.81
2024,219,0.02,0.59,0.2,31.47,43.75,2.68,15.49,6.95,Ribeirão Preto,SP,Sudeste,-21.17,-47.81
2024,220,0.06,0.59,0.2,31.13,34.77,2.88,19.15,8.54,Ribeirão Preto,SP,Sudeste,-21.17,-47.81
2024,221,0.16,0.59,0.2,32.92,39.2,2.22,18.0,8.03,Ribeirão Preto,SP,Sudeste,-21.17,-47.81
2024,222,0.4,0.59,0.2,30.97,45.96,2.71,6.42,3.02,Ribeirão Preto,SP,Sudeste,-21.17,-47.81
2024,223,4.42,0.6,0.35,21.65,60.37,2.8,7.84,3.62,Ribeirão Preto,SP,Sudeste,-21.17,-47.81
2024,224,0.01,0.6,0.37,26.84,48.97,1.52,20.33,8.68,Ribeirão Preto,SP,Sudeste,-21.17,-47.81
2024,225,0.01,0.6,0.36,26.23,36.99,2.33,17.57,7.59,Ribeirão Preto,SP,Sudeste,-21.17,-47.81
2024,226,0.0,0.6,0.34,27.97,36.64,1.59,20.87,8.93,Ribeirão Preto,SP,Sudeste,-21.17,-47.81
2024,227,0.0,0.6,0.33,32.35,34.11,2.34,19.37,8.3,Ribeirão Preto,SP,Sudeste,-21.17,-47.81
2024,228,0.02,0.6,0.32,33.62,37.58,1.88,19.66,8.78,Ribeirão Preto,SP,Sudeste,-21.17,-47.81
2024,229,0.02,0.6,0.3,34.87,35.29,1.4,19.91,8.84,Ribeirão Preto,SP,Sudeste,-21.17,-47.81
2024,230,0.01,0.6,0.29,34.92,31.41,1.61,20.17,8.83,Ribeirão Preto,SP,Sudeste,-21.17,-47.81
2024,231,0.0,0.6,0.28,35.06,27.17,1.85,20.45,8.89,Ribeirão Preto,SP,Sudeste,-21.17,-47.81
2024,232,0.02,0.6,0.27,35.18,28.98,2.0,20.81,9.16,Ribeirão Preto,SP,Sudeste,-21.17,-47.81
2024,233,0.0,0.6,0.26,35.22,24.63,0.87,20.85,9.15,Ribeirão Preto,SP,Sudeste,-21.17,-47.81
2024,234,0.05,0.6,0.25,34.59,29.53,2.53,20.91,9.13,Ribeirão Preto,SP,Sudeste,-21.17,-47.81
2024,235,0.17,0.6,0.25,34.95,29.8,3.28,21.31,9.29,Ribeirão Preto,SP,Sudeste,-21.17,-47.81
2024,236,0.02,0.59,0.24,34.92,30.44,3.2,20.14,8.86,Ribeirão Preto,SP,Sudeste,-21.17,-47.81
2024,237,0.08,0.59,0.24,34.7,37.19,3.94,17.13,7.44,Ribeirão Preto,SP,Sudeste,-21.17,-47.81
2024,238,4.27,0.59,0.28,21.99,75.33,2.51,2.84,1.54,Ribeirão Preto,SP,Sudeste,-21.17,-47.81
2024,239,0.31,0.6,0.4,25.09,54.08,2.36,20.42,9.03,Ribeirão Preto,SP,Sudeste,-21.17,-47.81
2024,240,0.06,0.6,0.38,31.07,39.46,2.06,23.19,9.9,Ribeirão Preto,SP,Sudeste,-21.17,-47.81
2024,241,0.01,0.6,0.36,33.3,46.12,2.34,21.62,9.54,Ribeirão Preto,SP,Sudeste,-21.17,-47.81
2024,242,0.04,0.6,0.34,33.28,36.84,2.9,21.95,9.76,Ribeirão Preto,SP,Sudeste,-21.17,-47.81
2024,243,0.03,0.6,0.32,34.08,31.96,1.92,22.74,10.01,Ribeirão Preto,SP,Sudeste,-21.17,-47.81
2024,244,0.0,0.6,0.3,34.79,25.89,1.55,23.25,10.1,Ribeirão Preto,SP,Sudeste,-21.17,-47.81
2024,245,0.0,0.6,0.29,36.09,24.09,2.08,22.96,9.91,Ribeirão Preto,SP,Sudeste,-21.17,-47.81
2024,246,0.0,0.6,0.28,35.61,24.1,1.67,16.89,6.97,Ribeirão Preto,SP,Sudeste,-21.17,-47.81
2024,247,0.0,0.6,0.27,36.57,27.76,1.41,18.29,7.42,Ribeirão Preto,SP,Sudeste,-21.17,-47.81
2024,248,0.0,0.6,0.26,36.74,32.27,2.38,18.8,7.83,Ribeirão Preto,SP,Sudeste,-21.17,-47.81
2024,249,0.0,0.6,0.25,37.81,23.44,2.52,19.02,7.93,Ribeirão Preto,SP,Sudeste,-21.17,-47.81
2024,250,0.1,0.59,0.24,37.18,40.68,2.29,17.5,7.27,Ribeirão Preto,SP,Sudeste,-21.17,-47.81
2024,251,0.07,0.59,0.24,37.01,36.93,2.41,16.18,6.71,Ribeirão Preto,SP,Sudeste,-21.17,-47.81
2024,252,0.0,0.59,0.23,36.42,31.2,2.62,15.43,6.23,Ribeirão Preto,SP,Sudeste,-21.17,-47.81
2024,253,0.0,0.59,0.23,35.94,30.45,2.29,20.29,8.55,Ribeirão Preto,SP,Sudeste,-21.17,-47.81
2024,254,0.01,0.59,0.22,36.09,26.71,2.16,22.32,9.6,Ribeirão Preto,SP,Sudeste,-21.17,-47.81
2024,255,0.0,0.59,0.22,36.04,24.99,2.74,23.37,10.17,Ribeirão Preto,SP,Sudeste,-21.17,-47.81
2024,256,0.0,0.59,0.21,35.96,24.2,2.7,24.25,10.53,Ribeirão Preto,SP,Sudeste,-21.17,-47.81
2024,257,0.0,0.59,0.21,36.49,27.92,2.46,23.27,10.14,Ribeirão Preto,SP,Sudeste,-21.17,-47.81
2024,258,0.03,0.59,0.2,36.79,25.97,2.42,15.5,6.76,Ribeirão Preto,SP,Sudeste,-21.17,-47.81
2024,259,0.0,0.59,0.2,37.03,25.18,2.09,16.38,7.08,Ribeirão Preto,SP,Sudeste,-21.17,-47.81
2024,260,0.01,0.59,0.2,34.56,36.16,2.66,5.95,2.83,Ribeirão Preto,SP,Sudeste,-21.17,-47.81
2024,261,0.01,0.59,0.19,34.56,47.92,2.34,22.99,10.07,Ribeirão Preto,SP,Sudeste,-21.17,-47.81
2024,262,0.0,0.59,0.19,36.6,43.47,3.44,20.82,9.28,Ribeirão Preto,SP,Sudeste,-21.17,-47.81
2024,263,3.05,0.6,0.25,37.13,37.05,2.27,19.22,8.24,Ribeirão Preto,SP,Sudeste,-21.17,-47.81
2024,264,1.31,0.6,0.3,37.66,37.19,2.48,20.9,9.2,Ribeirão Preto,SP,Sudeste,-21.17,-47.81
2024,265,0.96,0.6,0.35,35.63,41.48,1.87,15.51,6.95,Ribeirão Preto,SP,Sudeste,-21.17,-47.81
2024,266,0.02,0.6,0.34,37.09,40.62,1.78,20.12,8.6,Ribeirão Preto,SP,Sudeste,-21.17,-47.81
2024,267,0.0,0.6,0.32,37.71,34.83,1.51,21.45,9.37,Ribeirão Preto,SP,Sudeste,-21.17,-47.81
2024,268,0.0,0.6,0.3,38.11,34.19,2.07,22.07,9.72,Ribeirão Preto,SP,Sudeste,-21.17,-47.81
2024,269,0.0,0.6,0.28,38.21,30.33,2.67,24.3,10.79,Ribeirão Preto,SP,Sudeste,-21.17,-47.81
2024,270,0.0,0.6,0.27,38.89,28.46,2.2,24.54,11.0,Ribeirão Preto,SP,Sudeste,-21.17,-47.81
2024,271,0.04,0.6,0.26,37.71,36.03,2.37,16.39,7.2,Ribeirão Preto,SP,Sudeste,-21.17,-47.81
2024,272,0.01,0.6,0.25,36.73,42.8,3.11,22.28,9.77,Ribeirão Preto,SP,Sudeste,-21.17,-47.81
2024,273,0.02,0.59,0.24,37.82,40.29,3.07,23.16,10.4,Ribeirão Preto,SP,Sudeste,-21.17,-47.81
2024,274,0.0,0.59,0.24,36.89,36.13,3.35,24.57,11.1,Ribeirão Preto,SP,Sudeste,-21.17,-47.81
2024,275,0.0,0.59,0.23,37.55,30.33,2.12,24.21,10.82,Ribeirão Preto,SP,Sudeste,-21.17,-47.81
2024,276,0.01,0.59,0.22,39.59,25.46,1.86,23.97,10.67,Ribeirão Preto,SP,Sudeste,-21.17,-47.81
2024,277,0.0,0.59,0.22,38.95,31.44,2.79,15.6,6.38,Ribeirão Preto,SP,Sudeste,-21.17,-47.81
2024,278,0.0,0.59,0.21,37.84,46.6,3.97,16.69,6.73,Ribeirão Preto,SP,Sudeste,-21.17,-47.81
2024,279,0.0,0.59,0.21,37.32,41.19,3.01,25.92,11.44,Ribeirão Preto,SP,Sudeste,-21.17,-47.81
2024,280,0.01,0.59,0.21,39.01,33.21,2.76,26.82,11.79,Ribeirão Preto,SP,Sudeste,-21.17,-47.81
2024,281,0.01,0.59,0.2,39.08,30.28,2.31,23.63,10.29,Ribeirão Preto,SP,Sudeste,-21.17,-47.81
2024,282,0.0,0.59,0.2,38.86,26.91,2.6,22.25,9.44,Ribeirão Preto,SP,Sudeste,-21.17,-47.81
2024,283,0.04,0.59,0.19,39.35,30.26,2.66,16.41,6.96,Ribeirão Preto,SP,Sudeste,-21.17,-47.81
2024,284,7.34,0.6,0.34,32.44,58.51,1.85,7.34,3.34,Ribeirão Preto,SP,Sudeste,-21.17,-47.81
2024,285,9.27,0.61,0.57,35.88,55.55,3.09,16.58,7.48,Ribeirão Preto,SP,Sudeste,-21.17,-47.81
2024,286,1.09,0.62,0.61,32.64,61.53,2.76,19.19,8.53,Ribeirão Preto,SP,Sudeste,-21.17,-47.81
2024,287,0.0,0.61,0.56,34.74,52.17,1.7,23.87,10.7,Ribeirão Preto,SP,Sudeste,-21.17,-47.81
2024,288,0.28,0.61,0.52,35.56,54.28,3.26,24.49,11.15,Ribeirão Preto,SP,Sudeste,-21.17,-47.81
2024,289,0.14,0.61,0.47,31.74,56.26,2.64,18.38,8.38,Ribeirão Preto,SP,Sudeste,-21.17,-47.81
2024,290,0.19,0.6,0.45,33.71,54.04,1.62,22.87,10.41,Ribeirão Preto,SP,Sudeste,-21.17,-47.81
2024,291,0.69,0.6,0.42,36.52,48.22,1.47,24.63,11.14,Ribeirão Preto,SP,Sudeste,-21.17,-47.81
2024,292,5.0,0.6,0.43,34.73,52.85,1.87,14.59,6.75,Ribeirão Preto,SP,Sudeste,-21.17,-47.81
2024,293,22.55,0.62,0.69,30.55,72.17,1.52,13.0,6.16,Ribeirão Preto,SP,Sudeste,-21.17,-47.81
2024,294,28.04,0.69,0.8,25.18,85.24,1.74,9.11,4.44,Ribeirão Preto,SP,Sudeste,-21.17,-47.81
2024,295,6.71,0.71,0.72,28.9,78.84,2.39,12.77,6.09,Ribeirão Preto,SP,Sudeste,-21.17,-47.81
2024,296,0.27,0.7,0.67,29.63,75.53,2.1,18.27,8.54,Ribeirão Preto,SP,Sudeste,-21.17,-47.81
2024,297,2.88,0.7,0.67,30.35,77.15,2.0,19.09,9.03,Ribeirão Preto,SP,Sudeste,-21.17,-47.81
2024,298,6.11,0.7,0.7,30.55,75.83,2.57,20.21,9.52,Ribeirão Preto,SP,Sudeste,-21.17,-47.81
2024,299,40.09,0.74,0.81,27.74,83.78,2.78,9.53,4.5,Ribeirão Preto,SP,Sudeste,-21.17,-47.81
2024,300,12.54,0.75,0.8,27.27,86.07,1.94,17.26,8.23,Ribeirão Preto,SP,Sudeste,-21.17,-47.81
2024,301,25.09,0.78,0.86,27.78,84.95,1.76,17.72,8.37,Ribeirão Preto,SP,Sudeste,-21.17,-47.81
2024,302,5.34,0.79,0.83,27.96,84.92,2.12,18.11,8.53,Ribeirão Preto,SP,Sudeste,-21.17,-47.81
2024,303,10.63,0.79,0.84,27.59,83.94,1.69,26.16,12.1,Ribeirão Preto,SP,Sudeste,-21.17,-47.81
2024,304,0.35,0.8,0.8,29.52,77.16,2.11,26.8,12.28,Ribeirão Preto,SP,Sudeste,-21.17,-47.81
2024,305,0.0,0.78,0.78,29.31,74.04,2.31,24.94,11.42,Ribeirão Preto,SP,Sudeste,-21.17,-47.81
2024,306,0.0,0.77,0.76,29.06,74.78,2.75,23.24,10.83,Ribeirão Preto,SP,Sudeste,-21.17,-47.81
2024,307,9.53,0.77,0.79,26.61,82.4,1.98,11.84,5.76,Ribeirão Preto,SP,Sudeste,-21.17,-47.81
2024,308,10.46,0.79,0.84,25.57,86.73,2.01,13.56,6.56,Ribeirão Preto,SP,Sudeste,-21.17,-47.81
2024,309,24.14,0.8,0.87,25.54,87.4,2.26,7.2,3.62,Ribeirão Preto,SP,Sudeste,-21.17,-47.81
2024,310,8.0,0.83,0.86,25.32,87.02,2.8,12.82,6.34,Ribeirão Preto,SP,Sudeste,-21.17,-47.81
2024,311,8.12,0.82,0.85,28.45,82.78,2.23,19.35,9.25,Ribeirão Preto,SP,Sudeste,-21.17,-47.81
2024,312,24.39,0.85,0.92,24.86,89.55,2.71,7.41,3.83,Ribeirão Preto,SP,Sudeste,-21.17,-47.81
2024,313,15.51,0.87,0.9,25.69,88.63,2.87,13.01,6.41,Ribeirão Preto,SP,Sudeste,-21.17,-47.81
2024,314,6.04,0.88,0.89,27.71,85.22,1.73,18.58,8.79,Ribeirão Preto,SP,Sudeste,-21.17,-47.81
2024,315,0.16,0.86,0.86,29.65,80.82,2.03,28.23,12.91,Ribeirão Preto,SP,Sudeste,-21.17,-47.81
2024,316,0.08,0.85,0.84,29.59,75.44,1.72,27.55,12.58,Ribeirão Preto,SP,Sudeste,-21.17,-47.81
2024,317,0.16,0.84,0.83,30.87,63.65,1.31,29.53,13.42,Ribeirão Preto,SP,Sudeste,-21.17,-47.81
2024,318,40.54,0.85,0.91,26.19,82.99,1.31,13.0,6.28,Ribeirão Preto,SP,Sudeste,-21.17,-47.81
2024,319,0.79,0.86,0.86,28.7,81.56,1.36,24.54,11.4,Ribeirão Preto,SP,Sudeste,-21.17,-47.81
2024,320,4.55,0.85,0.86,27.91,83.78,3.19,18.27,8.71,Ribeirão Preto,SP,Sudeste,-21.17,-47.81
2024,321,26.29,0.86,0.92,26.98,86.69,2.42,8.36,4.34,Ribeirão Preto,SP,Sudeste,-21.17,-47.81
2024,322,10.01,0.89,0.9,28.12,82.15,1.76,23.94,11.12,Ribeirão Preto,SP,Sudeste,-21.17,-47.81
2024,323,0.2,0.87,0.86,29.4,75.39,1.22,28.56,13.04,Ribeirão Preto,SP,Sudeste,-21.17,-47.81
2024,324,0.87,0.86,0.85,30.31,73.39,1.12,27.92,12.8,Ribeirão Preto,SP,Sudeste,-21.17,-47.81
2024,325,4.26,0.85,0.86,29.78,78.19,1.83,21.5,10.17,Ribeirão Preto,SP,Sudeste,-21.17,-47.81
2024,326,27.49,0.86,0.91,28.88,82.24,2.06,23.31,10.97,Ribeirão Preto,SP,Sudeste,-21.17,-47.81
2024,327,17.23,0.88,0.91,27.58,87.23,2.46,14.21,6.88,Ribeirão Preto,SP,Sudeste,-21.17,-47.81
2024,328,0.16,0.89,0.87,28.74,80.26,2.22,26.75,12.35,Ribeirão Preto,SP,Sudeste,-21.17,-47.81
2024,329,0.01,0.87,0.86,27.19,77.59,3.01,28.63,13.13,Ribeirão Preto,SP,Sudeste,-21.17,-47.81
2024,330,0.01,0.86,0.85,28.29,75.56,2.16,28.99,13.23,Ribeirão Preto,SP,Sudeste,-21.17,-47.81
2024,331,0.02,0.84,0.84,29.58,67.62,1.76,28.67,13.09,Ribeirão Preto,SP,Sudeste,-21.17,-47.81
2024,332,0.0,0.83,0.82,30.49,67.95,1.64,26.64,12.26,Ribeirão Preto,SP,Sudeste,-21.17,-47.81
2024,333,12.6,0.82,0.86,29.12,81.79,1.9,21.58,10.16,Ribeirão Preto,SP,Sudeste,-21.17,-47.81
2024,334,3.37,0.84,0.86,26.09,90.07,2.05,12.99,6.35,Ribeirão Preto,SP,Sudeste,-21.17,-47.81
2024,335,0.39,0.83,0.84,28.53,81.95,1.3,24.32,11.37,Ribeirão Preto,SP,Sudeste,-21.17,-47.81
2024,336,1.43,0.82,0.83,30.45,81.32,1.77,26.56,12.35,Ribeirão Preto,SP,Sudeste,-21.17,-47.81
2024,337,7.22,0.82,0.84,27.01,88.1,2.45,14.59,7.08,Ribeirão Preto,SP,Sudeste,-21.17,-47.81
2024,338,22.96,0.84,0.91,27.11,86.3,2.87,10.88,5.44,Ribeirão Preto,SP,Sudeste,-21.17,-47.81
2024,339,6.7,0.85,0.87,27.18,87.58,1.46,14.71,7.27,Ribeirão Preto,SP,Sudeste,-21.17,-47.81
2024,340,9.66,0.85,0.88,28.55,84.6,1.95,16.81,8.07,Ribeirão Preto,SP,Sudeste,-21.17,-47.81
2024,341,0.37,0.85,0.85,29.88,78.45,1.86,27.13,12.67,Ribeirão Preto,SP,Sudeste,-21.17,-47.81
2024,342,0.03,0.84,0.83,31.15,67.04,2.08,28.74,13.12,Ribeirão Preto,SP,Sudeste,-21.17,-47.81
2024,343,0.38,0.82,0.82,29.32,76.02,1.5,21.65,10.16,Ribeirão Preto,SP,Sudeste,-21.17,-47.81
2024,344,1.56,0.81,0.82,30.56,78.06,1.27,18.94,9.04,Ribeirão Preto,SP,Sudeste,-21.17,-47.81
2024,345,3.45,0.81,0.82,26.56,88.43,1.7,17.31,8.31,Ribeirão Preto,SP,Sudeste,-21.17,-47.81
2024,346,3.65,0.81,0.83,28.44,82.21,2.63,26.61,12.33,Ribeirão Preto,SP,Sudeste,-21.17,-47.81
2024,347,0.58,0.8,0.8,28.8,76.55,2.19,26.31,12.09,Ribeirão Preto,SP,Sudeste,-21.17,-47.81
2024,348,2.82,0.79,0.8,28.88,78.51,1.15,20.92,9.71,Ribeirão Preto,SP,Sudeste,-21.17,-47.81
2024,349,9.56,0.79,0.83,26.64,88.51,2.42,11.05,5.52,Ribeirão Preto,SP,Sudeste,-21.17,-47.81
2024,350,7.49,0.8,0.83,28.02,85.35,3.27,16.98,8.13,Ribeirão Preto,SP,Sudeste,-21.17,-47.81
2024,351,4.59,0.8,0.82,28.49,84.58,3.14,22.59,10.59,Ribeirão Preto,SP,Sudeste,-21.17,-47.81
2024,352,0.37,0.79,0.79,28.58,73.95,1.49,28.69,13.17,Ribeirão Preto,SP,Sudeste,-21.17,-47.81
2024,353,0.48,0.78,0.77,29.12,75.95,1.31,27.37,12.57,Ribeirão Preto,SP,Sudeste,-21.17,-47.81
2024,354,0.61,0.77,0.76,30.09,73.55,1.52,24.74,11.48,Ribeirão Preto,SP,Sudeste,-21.17,-47.81
2024,355,11.05,0.76,0.79,29.26,78.66,2.11,17.23,8.25,Ribeirão Preto,SP,Sudeste,-21.17,-47.81
2024,356,9.55,0.77,0.81,27.38,84.65,2.13,10.52,5.22,Ribeirão Preto,SP,Sudeste,-21.17,-47.81
2024,357,5.69,0.78,0.81,26.24,88.13,2.59,16.3,7.86,Ribeirão Preto,SP,Sudeste,-21.17,-47.81
2024,358,2.85,0.78,0.79,28.59,82.77,2.08,22.78,10.64,Ribeirão Preto,SP,Sudeste,-21.17,-47.81
2024,359,2.16,0.77,0.77,28.75,78.64,2.86,26.26,12.22,Ribeirão Preto,SP,Sudeste,-21.17,-47.81
2024,360,3.66,0.76,0.77,29.32,81.44,2.56,16.82,7.99,Ribeirão Preto,SP,Sudeste,-21.17,-47.81
2024,361,35.39,0.79,0.89,25.41,91.97,2.21,9.46,4.83,Ribeirão Preto,SP,Sudeste,-21.17,-47.81
2024,362,8.7,0.82,0.85,26.39,88.23,3.41,12.12,6.0,Ribeirão Preto,SP,Sudeste,-21.17,-47.81
2024,363,12.49,0.82,0.86,28.32,84.47,1.91,18.05,8.68,Ribeirão Preto,SP,Sudeste,-21.17,-47.81
2024,364,8.69,0.83,0.85,29.33,81.16,1.25,25.95,12.13,Ribeirão Preto,SP,Sudeste,-21.17,-47.81
2024,365,2.64,0.82,0.84,29.77,77.68,1.16,29.39,13.54,Ribeirão Preto,SP,Sudeste,-21.17,-47.81
2024,366,2.03,0.81,0.82,29.01,78.34,1.64,28.39,13.17,Ribeirão Preto,SP,Sudeste,-21.17,-47.81
2025,1,7.47,0.81,0.83,28.02,77.01,1.3,28.47,13.2,Ribeirão Preto,SP,Sudeste,-21.17,-47.81
2025,2,8.82,0.81,0.84,28.01,80.0,1.9,24.92,11.66,Ribeirão Preto,SP,Sudeste,-21.17,-47.81
2025,3,4.77,0.81,0.83,28.24,84.03,2.22,16.85,8.06,Ribeirão Preto,SP,Sudeste,-21.17,-47.81
2025,4,6.75,0.81,0.84,26.77,85.86,2.04,19.73,9.32,Ribeirão Preto,SP,Sudeste,-21.17,-47.81
2025,5,0.39,0.8,0.81,29.1,79.06,1.79,26.96,12.47,Ribeirão Preto,SP,Sudeste,-21.17,-47.81
2025,6,0.56,0.79,0.79,29.73,72.78,1.39,28.96,13.21,Ribeirão Preto,SP,Sudeste,-21.17,-47.81
2025,7,3.0,0.78,0.78,29.51,76.73,1.32,24.13,11.19,Ribeirão Preto,SP,Sudeste,-21.17,-47.81
2025,8,2.47,0.77,0.77,30.15,74.7,1.41,21.41,10.05,Ribeirão Preto,SP,Sudeste,-21.17,-47.81
2025,9,5.2,0.77,0.78,29.13,74.84,1.44,25.32,11.79,Ribeirão Preto,SP,Sudeste,-21.17,-47.81
2025,10,2.01,0.76,0.76,28.82,77.75,1.6,26.08,12.1,Ribeirão Preto,SP,Sudeste,-21.17,-47.81
2025,11,0.12,0.75,0.73,30.23,69.26,1.54,28.05,12.98,Ribeirão Preto,SP,Sudeste,-21.17,-47.81
2025,12,0.55,0.74,0.71,30.47,71.85,1.65,24.72,11.47,Ribeirão Preto,SP,Sudeste,-21.17,-47.81
2025,13,0.8,0.73,0.7,30.19,73.53,1.85,25.52,11.76,Ribeirão Preto,SP,Sudeste,-21.17,-47.81
2025,14,1.63,0.72,0.7,30.87,73.77,1.59,24.69,11.38,Ribeirão Preto,SP,Sudeste,-21.17,-47.81
2025,15,1.4,0.72,0.69,29.72,78.96,3.05,18.9,9.03,Ribeirão Preto,SP,Sudeste,-21.17,-47.81
2025,16,4.58,0.71,0.7,29.38,82.97,3.69,16.34,7.99,Ribeirão Preto,SP,Sudeste,-21.17,-47.81
2025,17,0.97,0.71,0.7,28.21,82.29,2.09,17.73,8.6,Ribeirão Preto,SP,Sudeste,-21.17,-47.81
2025,18,0.95,0.71,0.69,29.72,76.08,1.71,26.08,12.3,Ribeirão Preto,SP,Sudeste,-21.17,-47.81
2025,19,3.37,0.71,0.69,31.31,73.25,1.3,24.72,11.55,Ribeirão Preto,SP,Sudeste,-21.17,-47.81
2025,20,1.06,0.71,0.67,31.38,72.82,2.06,28.96,13.49,Ribeirão Preto,SP,Sudeste,-21.17,-47.81
2025,21,0.43,0.7,0.65,32.27,67.7,2.15,24.96,11.71,Ribeirão Preto,SP,Sudeste,-21.17,-47.81
2025,22,3.53,0.69,0.67,33.5,64.29,0.75,27.4,12.78,Ribeirão Preto,SP,Sudeste,-21.17,-47.81
2025,23,7.22,0.69,0.69,33.42,68.31,1.13,22.2,10.4,Ribeirão Preto,SP,Sudeste,-21.17,-47.81
2025,24,1.19,0.69,0.67,30.84,71.64,1.25,27.74,12.89,Ribeirão Preto,SP,Sudeste,-21.17,-47.81
2025,25,5.63,0.69,0.68,32.65,67.41,1.43,26.2,12.19,Ribeirão Preto,SP,Sudeste,-21.17,-47.81
2025,26,9.63,0.69,0.7,30.58,74.77,1.69,22.28,10.51,Ribeirão Preto,SP,Sudeste,-21.17,-47.81
2025,27,5.64,0.71,0.72,27.53,81.89,1.64,22.3,10.54,Ribeirão Preto,SP,Sudeste,-21.17,-47.81
2025,28,1.09,0.71,0.68,28.37,77.65,1.47,20.03,9.43,Ribeirão Preto,SP,Sudeste,-21.17,-47.81
2025,29,4.19,0.7,0.69,30.22,77.13,1.9,13.95,6.77,Ribeirão Preto,SP,Sudeste,-21.17,-47.81
2025,30,13.66,0.71,0.73,30.04,79.78,2.53,19.81,9.39,Ribeirão Preto,SP,Sudeste,-21.17,-47.81
2025,31,13.93,0.73,0.79,26.89,86.55,2.59,14.4,6.92,Ribeirão Preto,SP,Sudeste,-21.17,-47.81
2025,32,10.44,0.74,0.77,27.55,86.21,2.63,14.29,6.96,Ribeirão Preto,SP,Sudeste,-21.17,-47.81
2025,33,6.3,0.75,0.76,27.47,85.79,2.68,13.45,6.54,Ribeirão Preto,SP,Sudeste,-21.17,-47.81
2025,34,16.75,0.76,0.83,25.87,89.05,2.13,11.05,5.56,Ribeirão Preto,SP,Sudeste,-21.17,-47.81
2025,35,3.4,0.77,0.78,27.94,82.46,1.91,14.71,7.16,Ribeirão Preto,SP,Sudeste,-21.17,-47.81
2025,36,5.66,0.77,0.79,29.1,77.88,1.53,19.36,9.15,Ribeirão Preto,SP,Sudeste,-21.17,-47.81
2025,37,0.43,0.76,0.75,30.7,72.6,1.28,26.13,12.05,Ribeirão Preto,SP,Sudeste,-21.17,-47.81
2025,38,3.51,0.75,0.75,30.59,75.61,1.15,21.52,9.98,Ribeirão Preto,SP,Sudeste,-21.17,-47.81
2025,39,0.88,0.75,0.73,30.47,72.88,1.92,28.15,12.85,Ribeirão Preto,SP,Sudeste,-21.17,-47.81
2025,40,0.51,0.73,0.71,29.5,77.13,1.88,25.34,11.72,Ribeirão Preto,SP,Sudeste,-21.17,-47.81
2025,41,0.27,0.73,0.71,29.19,76.3,1.84,21.03,9.87,Ribeirão Preto,SP,Sudeste,-21.17,-47.81
2025,42,0.15,0.72,0.69,30.34,71.54,2.03,23.79,11.0,Ribeirão Preto,SP,Sudeste,-21.17,-47.81
2025,43,0.61,0.71,0.68,29.83,73.1,1.7,20.84,9.72,Ribeirão Preto,SP,Sudeste,-21.17,-47.81
2025,44,1.61,0.71,0.68,28.91,78.72,1.1,19.94,9.43,Ribeirão Preto,SP,Sudeste,-21.17,-47.81
2025,45,1.23,0.7,0.68,30.65,70.29,0.96,21.52,10.1,Ribeirão Preto,SP,Sudeste,-21.17,-47.81
2025,46,0.19,0.7,0.66,32.84,66.35,0.93,22.41,10.52,Ribeirão Preto,SP,Sudeste,-21.17,-47.81
2025,47,0.0,0.69,0.64,33.36,60.62,2.29,27.97,12.84,Ribeirão Preto,SP,Sudeste,-21.17,-47.81
2025,48,0.25,0.68,0.63,34.49,58.14,2.09,26.84,12.29,Ribeirão Preto,SP,Sudeste,-21.17,-47.81
2025,49,3.49,0.68,0.64,33.85,63.64,1.28,22.25,10.35,Ribeirão Preto,SP,Sudeste,-21.17,-47.81
2025,50,2.82,0.67,0.65,33.16,63.81,0.98,25.75,11.96,Ribeirão Preto,SP,Sudeste,-21.17,-47.81
2025,51,0.79,0.67,0.63,35.15,59.76,1.24,22.6,10.56,Ribeirão Preto,SP,Sudeste,-21.17,-47.81
2025,52,0.66,0.66,0.62,34.06,63.81,1.59,24.55,11.43,Ribeirão Preto,SP,Sudeste,-21.17,-47.81
2025,53,1.08,0.66,0.62,33.77,64.32,2.26,22.43,10.53,Ribeirão Preto,SP,Sudeste,-21.17,-47.81
2025,54,0.28,0.65,0.61,32.96,63.65,2.11,25.53,11.82,Ribeirão Preto,SP,Sudeste,-21.17,-47.81
2025,55,0.57,0.65,0.61,31.72,60.84,2.31,22.82,10.57,Ribeirão Preto,SP,Sudeste,-21.17,-47.81
2025,56,0.27,0.65,0.61,34.01,60.71,2.5,24.2,11.25,Ribeirão Preto,SP,Sudeste,-21.17,-47.81
2025,57,0.01,0.64,0.6,34.72,56.95,2.19,26.51,12.22,Ribeirão Preto,SP,Sudeste,-21.17,-47.81
2025,58,0.0,0.63,0.59,34.56,51.73,1.83,25.88,11.81,Ribeirão Preto,SP,Sudeste,-21.17,-47.81
2025,59,0.21,0.63,0.6,33.8,58.35,2.21,25.04,11.6,Ribeirão Preto,SP,Sudeste,-21.17,-47.81
2025,60,0.01,0.63,0.59,34.63,54.61,2.93,27.4,12.54,Ribeirão Preto,SP,Sudeste,-21.17,-47.81
2025,61,0.0,0.62,0.57,33.51,56.87,2.73,24.05,11.06,Ribeirão Preto,SP,Sudeste,-21.17,-47.81
2025,62,0.46,0.62,0.56,35.03,56.11,2.11,23.9,10.99,Ribeirão Preto,SP,Sudeste,-21.17,-47.81
2025,63,0.04,0.61,0.53,33.41,56.71,3.11,25.29,11.67,Ribeirão Preto,SP,Sudeste,-21.17,-47.81
2025,64,0.1,0.61,0.51,32.32,61.05,2.91,23.83,11.1,Ribeirão Preto,SP,Sudeste,-21.17,-47.81
2025,65,0.0,0.61,0.49,33.98,50.58,2.8,27.1,12.32,Ribeirão Preto,SP,Sudeste,-21.17,-47.81
2025,66,0.0,0.61,0.47,34.56,50.4,2.93,25.31,11.48,Ribeirão Preto,SP,Sudeste,-21.17,-47.81
2025,67,0.01,0.6,0.44,35.46,50.89,2.07,23.96,10.95,Ribeirão Preto,SP,Sudeste,-21.17,-47.81
2025,68,0.66,0.6,0.4,35.74,45.13,0.98,24.94,11.43,Ribeirão Preto,SP,Sudeste,-21.17,-47.81
2025,69,0.88,0.6,0.39,37.1,44.39,0.71,22.02,10.14,Ribeirão Preto,SP,Sudeste,-21.17,-47.81
2025,70,2.68,0.6,0.42,35.16,55.02,1.47,13.9,6.7,Ribeirão Preto,SP,Sudeste,-21.17,-47.81
2025,71,1.09,0.6,0.43,36.59,51.06,2.04,21.95,10.22,Ribeirão Preto,SP,Sudeste,-21.17,-47.81
2025,72,0.65,0.6,0.41,35.87,49.68,1.96,21.17,9.83,Ribeirão Preto,SP,Sudeste,-21.17,-47.81
2025,73,0.2,0.6,0.39,36.77,49.06,1.68,21.64,10.07,Ribeirão Preto,SP,Sudeste,-21.17,-47.81
2025,74,0.28,0.6,0.36,37.49,46.4,1.8,20.93,9.76,Ribeirão Preto,SP,Sudeste,-21.17,-47.81
2025,75,7.18,0.6,0.41,36.09,59.85,2.04,18.98,8.94,Ribeirão Preto,SP,Sudeste,-21.17,-47.81
2025,76,21.5,0.64,0.69,32.05,73.19,1.97,16.84,7.96,Ribeirão Preto,SP,Sudeste,-21.17,-47.81
2025,77,2.65,0.64,0.63,32.61,67.42,1.63,18.46,8.66,Ribeirão Preto,SP,Sudeste,-21.17,-47.81
2025,78,3.84,0.64,0.64,30.0,75.8,1.67,15.2,7.16,Ribeirão Preto,SP,Sudeste,-21.17,-47.81
2025,79,1.11,0.64,0.62,32.76,65.55,1.93,24.18,11.04,Ribeirão Preto,SP,Sudeste,-21.17,-47.81
2025,80,0.45,0.64,0.61,32.48,66.36,1.82,23.98,10.96,Ribeirão Preto,SP,Sudeste,-21.17,-47.81
2025,81,0.75,0.64,0.61,32.56,66.34,1.64,23.05,10.64,Ribeirão Preto,SP,Sudeste,-21.17,-47.81
2025,82,4.76,0.64,0.64,30.87,74.02,1.37,16.6,7.9,Ribeirão Preto,SP,Sudeste,-21.17,-47.81
2025,83,2.31,0.64,0.62,31.58,71.3,1.12,17.4,8.19,Ribeirão Preto,SP,Sudeste,-21.17,-47.81
2025,84,0.33,0.64,0.6,33.98,63.62,1.27,23.03,10.62,Ribeirão Preto,SP,Sudeste,-21.17,-47.81
2025,85,1.11,0.63,0.6,33.63,62.5,1.55,12.95,6.22,Ribeirão Preto,SP,Sudeste,-21.17,-47.81
2025,86,0.33,0.63,0.59,33.78,63.85,1.17,22.22,10.26,Ribeirão Preto,SP,Sudeste,-21.17,-47.81
2025,87,0.38,0.62,0.57,33.87,57.33,1.78,20.67,9.57,Ribeirão Preto,SP,Sudeste,-21.17,-47.81
2025,88,1.15,0.62,0.55,33.57,55.46,1.29,19.0,8.86,Ribeirão Preto,SP,Sudeste,-21.17,-47.81
2025,89,3.94,0.62,0.57,33.71,58.62,1.19,18.81,8.75,Ribeirão Preto,SP,Sudeste,-21.17,-47.81
2025,90,1.61,0.62,0.57,31.86,66.65,1.4,6.44,3.25,Ribeirão Preto,SP,Sudeste,-21.17,-47.81
2025,91,1.07,0.62,0.55,33.93,65.34,1.25,21.82,10.15,Ribeirão Preto,SP,Sudeste,-21.17,-47.81
2025,92,14.07,0.63,0.65,32.63,68.16,1.34,20.23,9.44,Ribeirão Preto,SP,Sudeste,-21.17,-47.81
2025,93,10.58,0.65,0.68,32.12,70.68,1.15,18.29,8.6,Ribeirão Preto,SP,Sudeste,-21.17,-47.81
2025,94,0.41,0.65,0.63,31.8,70.42,1.6,17.66,8.31,Ribeirão Preto,SP,Sudeste,-21.17,-47.81
2025,95,5.33,0.65,0.65,26.77,82.35,3.78,17.97,8.47,Ribeirão Preto,SP,Sudeste,-21.17,-47.81
2025,96,0.13,0.65,0.62,29.93,70.12,2.96,20.06,9.31,Ribeirão Preto,SP,Sudeste,-21.17,-47.81
2025,97,0.0,0.65,0.61,30.38,67.0,2.6,20.65,9.5,Ribeirão Preto,SP,Sudeste,-21.17,-47.81
2025,98,0.01,0.64,0.61,31.7,63.03,1.88,21.72,9.93,Ribeirão Preto,SP,Sudeste,-21.17,-47.81
2025,99,2.7,0.64,0.62,31.15,67.24,2.01,15.31,7.26,Ribeirão Preto,SP,Sudeste,-21.17,-47.81
2025,100,1.27,0.64,0.62,31.04,70.82,1.3,17.89,8.33,Ribeirão Preto,SP,Sudeste,-21.17,-47.81
2025,101,0.03,0.64,0.61,31.73,63.05,1.66,21.02,9.72,Ribeirão Preto,SP,Sudeste,-21.17,-47.81
2025,102,0.33,0.63,0.6,32.22,63.42,1.44,20.76,9.44,Ribeirão Preto,SP,Sudeste,-21.17,-47.81
2025,103,0.96,0.63,0.61,30.97,66.24,2.1,11.21,5.37,Ribeirão Preto,SP,Sudeste,-21.17,-47.81
2025,104,0.53,0.63,0.6,31.56,64.52,1.2,16.64,7.69,Ribeirão Preto,SP,Sudeste,-21.17,-47.81
2025,105,5.28,0.63,0.61,32.65,68.12,1.45,17.42,8.05,Ribeirão Preto,SP,Sudeste,-21.17,-47.81
2025,106,2.7,0.63,0.64,31.13,70.81,1.26,10.04,4.83,Ribeirão Preto,SP,Sudeste,-21.17,-47.81
2025,107,0.87,0.63,0.61,32.62,65.36,1.02,17.92,8.3,Ribeirão Preto,SP,Sudeste,-21.17,-47.81
2025,108,0.55,0.63,0.6,32.05,66.19,1.32,11.28,5.42,Ribeirão Preto,SP,Sudeste,-21.17,-47.81
2025,109,0.56,0.63,0.6,30.35,71.67,1.69,11.73,5.64,Ribeirão Preto,SP,Sudeste,-21.17,-47.81
2025,110,0.09,0.62,0.59,31.86,67.11,1.56,17.39,7.98,Ribeirão Preto,SP,Sudeste,-21.17,-47.81
2025,111,0.04,0.62,0.57,31.99,64.87,2.01,18.54,8.53,Ribeirão Preto,SP,Sudeste,-21.17,-47.81
2025,112,0.06,0.62,0.55,31.18,64.02,1.78,19.05,8.69,Ribeirão Preto,SP,Sudeste,-21.17,-47.81
2025,113,0.26,0.62,0.53,31.34,64.05,1.4,14.97,6.93,Ribeirão Preto,SP,Sudeste,-21.17,-47.81
2025,114,3.44,0.62,0.56,29.44,72.41,1.75,12.19,5.8,Ribeirão Preto,SP,Sudeste,-21.17,-47.81
2025,115,7.27,0.63,0.64,26.3,83.59,1.25,11.16,5.37,Ribeirão Preto,SP,Sudeste,-21.17,-47.81
2025,116,5.26,0.63,0.65,29.64,77.74,1.24,11.0,5.26,Ribeirão Preto,SP,Sudeste,-21.17,-47.81
2025,117,0.05,0.63,0.62,30.28,74.56,1.28,15.86,7.33,Ribeirão Preto,SP,Sudeste,-21.17,-47.81
2025,118,1.24,0.63,0.62,27.12,76.86,2.03,10.29,4.94,Ribeirão Preto,SP,Sudeste,-21.17,-47.81
2025,119,0.38,0.63,0.61,30.03,74.06,1.2,13.95,6.5,Ribeirão Preto,SP,Sudeste,-21.17,-47.81
2025,120,0.03,0.63,0.6,30.49,64.15,1.51,18.95,8.54,Ribeirão Preto,SP,Sudeste,-21.17,-47.81
2025,121,0.0,0.62,0.59,30.41,63.54,1.45,18.83,8.46,Ribeirão Preto,SP,Sudeste,-21.17,-47.81
2025,122,0.0,0.62,0.58,30.14,61.68,1.92,19.16,8.61,Ribeirão Preto,SP,Sudeste,-21.17,-47.81
2025,123,0.0,0.62,0.56,30.18,56.88,1.61,18.35,8.25,Ribeirão Preto,SP,Sudeste,-21.17,-47.81
2025,124,0.0,0.61,0.54,29.49,56.22,2.18,16.77,7.6,Ribeirão Preto,SP,Sudeste,-21.17,-47.81
2025,125,0.0,0.61,0.52,28.17,61.27,2.37,16.19,7.35,Ribeirão Preto,SP,Sudeste,-21.17,-47.81
2025,126,0.0,0.61,0.5,30.01,58.65,1.56,16.9,7.65,Ribeirão Preto,SP,Sudeste,-21.17,-47.81
2025,127,0.02,0.61,0.48,31.49,57.81,1.81,16.09,7.34,Ribeirão Preto,SP,Sudeste,-21.17,-47.81
2025,128,0.0,0.61,0.46,32.27,54.73,2.16,17.99,8.23,Ribeirão Preto,SP,Sudeste,-21.17,-47.81
2025,129,0.0,0.61,0.44,32.23,54.0,2.01,17.89,8.17,Ribeirão Preto,SP,Sudeste,-21.17,-47.81
2025,130,0.09,0.6,0.42,33.33,49.48,1.79,15.71,7.23,Ribeirão Preto,SP,Sudeste,-21.17,-47.81
2025,131,2.85,0.6,0.44,29.94,68.96,1.78,13.85,6.48,Ribeirão Preto,SP,Sudeste,-21.17,-47.81
2025,132,0.52,0.61,0.46,30.0,66.51,2.92,12.56,5.84,Ribeirão Preto,SP,Sudeste,-21.17,-47.81
2025,133,0.18,0.61,0.45,28.44,63.99,2.31,11.93,5.59,Ribeirão Preto,SP,Sudeste,-21.17,-47.81
2025,134,0.02,0.6,0.43,28.06,63.62,2.08,16.75,7.65,Ribeirão Preto,SP,Sudeste,-21.17,-47.81
2025,135,0.01,0.6,0.41,28.53,62.81,2.57,17.93,8.09,Ribeirão Preto,SP,Sudeste,-21.17,-47.81
2025,136,0.01,0.6,0.39,29.31,59.74,2.36,18.06,8.15,Ribeirão Preto,SP,Sudeste,-21.17,-47.81
2025,137,0.0,0.6,0.38,30.34,57.03,2.81,17.93,8.1,Ribeirão Preto,SP,Sudeste,-21.17,-47.81
2025,138,0.03,0.6,0.36,30.33,53.29,2.72,17.39,7.9,Ribeirão Preto,SP,Sudeste,-21.17,-47.81
2025,139,0.01,0.6,0.35,31.17,46.73,2.17,17.66,7.87,Ribeirão Preto,SP,Sudeste,-21.17,-47.81
2025,140,0.0,0.6,0.34,30.54,45.9,1.68,17.4,7.8,Ribeirão Preto,SP,Sudeste,-21.17,-47.81
2025,141,0.02,0.6,0.33,30.74,43.92,1.71,17.32,7.76,Ribeirão Preto,SP,Sudeste,-21.17,-47.81
2025,142,0.0,0.6,0.31,30.5,39.02,1.6,17.38,7.73,Ribeirão Preto,SP,Sudeste,-21.17,-47.81
2025,143,0.01,0.6,0.3,30.62,44.24,1.27,15.96,7.21,Ribeirão Preto,SP,Sudeste,-21.17,-47.81
2025,144,0.01,0.6,0.3,30.48,53.24,2.22,16.88,7.58,Ribeirão Preto,SP,Sudeste,-21.17,-47.81
2025,145,0.0,0.6,0.29,30.54,53.11,2.53,16.57,7.5,Ribeirão Preto,SP,Sudeste,-21.17,-47.81
2025,146,0.02,0.6,0.29,29.39,53.19,2.75,16.57,7.46,Ribeirão Preto,SP,Sudeste,-21.17,-47.81
2025,147,0.01,0.6,0.28,28.78,52.09,2.95,12.08,5.5,Ribeirão Preto,SP,Sudeste,-21.17,-47.81
2025,148,0.01,0.6,0.28,30.96,47.63,3.18,9.24,4.32,Ribeirão Preto,SP,Sudeste,-21.17,-47.81
2025,149,0.41,0.6,0.28,20.74,70.82,2.22,9.68,4.52,Ribeirão Preto,SP,Sudeste,-21.17,-47.81
2025,150,0.0,0.6,0.28,26.16,47.47,1.5,16.94,7.53,Ribeirão Preto,SP,Sudeste,-21.17,-47.81
2025,151,0.0,0.6,0.28,29.7,42.61,1.65,16.99,7.46,Ribeirão Preto,SP,Sudeste,-21.17,-47.81
2025,152,0.01,0.6,0.27,30.9,36.65,1.58,16.84,7.4,Ribeirão Preto,SP,Sudeste,-21.17,-47.81
2025,153,0.19,0.6,0.27,30.44,49.29,2.48,16.45,7.42,Ribeirão Preto,SP,Sudeste,-21.17,-47.81
2025,154,2.1,0.6,0.3,29.53,59.74,2.14,10.77,5.03,Ribeirão Preto,SP,Sudeste,-21.17,-47.81
2025,155,0.49,0.6,0.33,31.77,58.96,1.96,16.16,7.39,Ribeirão Preto,SP,Sudeste,-21.17,-47.81
2025,156,0.43,0.6,0.33,31.93,50.03,2.06,13.95,6.4,Ribeirão Preto,SP,Sudeste,-21.17,-47.81
2025,157,0.04,0.6,0.33,30.61,52.34,1.82,11.34,5.18,Ribeirão Preto,SP,Sudeste,-21.17,-47.81
2025,158,0.03,0.6,0.32,31.31,56.53,1.45,13.41,6.1,Ribeirão Preto,SP,Sudeste,-21.17,-47.81
2025,159,2.07,0.6,0.34,29.92,51.6,2.17,10.34,4.74,Ribeirão Preto,SP,Sudeste,-21.17,-47.81
2025,160,5.31,0.61,0.47,26.69,68.39,1.89,9.37,4.38,Ribeirão Preto,SP,Sudeste,-21.17,-47.81
2025,161,1.53,0.61,0.57,25.24,74.98,1.84,11.51,5.2,Ribeirão Preto,SP,Sudeste,-21.17,-47.81
2025,162,0.06,0.61,0.54,24.27,62.82,2.14,15.6,6.8,Ribeirão Preto,SP,Sudeste,-21.17,-47.81
2025,163,0.0,0.61,0.51,23.86,64.43,2.91,17.2,7.52,Ribeirão Preto,SP,Sudeste,-21.17,-47.81
2025,164,0.0,0.61,0.49,25.93,62.62,3.72,16.28,7.18,Ribeirão Preto,SP,Sudeste,-21.17,-47.81
2025,165,0.0,0.61,0.46,25.86,57.85,3.96,13.95,6.21,Ribeirão Preto,SP,Sudeste,-21.17,-47.81
2025,166,0.0,0.6,0.44,27.37,57.34,3.06,9.58,4.42,Ribeirão Preto,SP,Sudeste,-21.17,-47.81
2025,167,0.0,0.6,0.42,29.23,54.89,2.27,15.98,7.29,Ribeirão Preto,SP,Sudeste,-21.17,-47.81
2025,168,0.08,0.6,0.4,27.48,58.01,3.03,16.75,7.42,Ribeirão Preto,SP,Sudeste,-21.17,-47.81
2025,169,0.01,0.6,0.39,28.02,59.86,2.5,16.12,7.18,Ribeirão Preto,SP,Sudeste,-21.17,-47.81
2025,170,0.0,0.6,0.37,27.39,51.4,1.61,15.01,6.71,Ribeirão Preto,SP,Sudeste,-21.17,-47.81
2025,171,0.0,0.6,0.36,29.42,54.15,2.03,13.73,6.2,Ribeirão Preto,SP,Sudeste,-21.17,-47.81
2025,172,0.0,0.6,0.35,29.22,47.89,1.8,14.03,6.38,Ribeirão Preto,SP,Sudeste,-21.17,-47.81
2025,173,0.0,0.6,0.34,30.7,45.15,2.39,11.15,5.16,Ribeirão Preto,SP,Sudeste,-21.17,-47.81
2025,174,0.53,0.6,0.33,31.49,55.3,3.52,8.44,3.94,Ribeirão Preto,SP,Sudeste,-21.17,-47.81
2025,175,2.11,0.6,0.41,19.58,58.04,2.84,11.32,4.99,Ribeirão Preto,SP,Sudeste,-21.17,-47.81
2025,176,0.02,0.6,0.4,28.29,47.04,1.85,17.33,7.42,Ribeirão Preto,SP,Sudeste,-21.17,-47.81
2025,177,0.01,0.6,0.39,30.36,58.97,2.69,16.09,7.21,Ribeirão Preto,SP,Sudeste,-21.17,-47.81
2025,178,0.01,0.6,0.38,30.66,54.73,1.63,11.81,5.49,Ribeirão Preto,SP,Sudeste,-21.17,-47.81
2025,179,0.0,0.6,0.36,30.76,52.87,3.05,15.86,7.2,Ribeirão Preto,SP,Sudeste,-21.17,-47.81
2025,180,0.0,0.6,0.35,30.05,54.46,2.79,16.19,7.31,Ribeirão Preto,SP,Sudeste,-21.17,-47.81
2025,181,0.01,0.6,0.34,30.21,46.24,1.44,15.23,6.83,Ribeirão Preto,SP,Sudeste,-21.17,-47.81
2025,182,0.0,0.6,0.33,29.03,61.91,1.92,14.56,6.59,Ribeirão Preto,SP,Sudeste,-21.17,-47.81
2025,183,0.0,0.6,0.32,28.7,58.73,2.27,15.65,7.08,Ribeirão Preto,SP,Sudeste,-21.17,-47.81
2025,184,0.0,0.6,0.32,26.5,62.16,2.35,14.94,6.79,Ribeirão Preto,SP,Sudeste,-21.17,-47.81
2025,185,0.0,0.6,0.31,26.46,60.69,2.08,14.81,6.64,Ribeirão Preto,SP,Sudeste,-21.17,-47.81
2025,186,0.0,0.6,0.31,26.71,58.61,1.51,14.93,6.63,Ribeirão Preto,SP,Sudeste,-21.17,-47.81
2025,187,0.0,0.6,0.3,27.26,49.81,1.35,16.32,7.1,Ribeirão Preto,SP,Sudeste,-21.17,-47.81
2025,188,0.0,0.6,0.29,28.09,49.77,1.57,16.68,7.29,Ribeirão Preto,SP,Sudeste,-21.17,-47.81
2025,189,0.0,0.6,0.29,27.88,54.71,1.55,15.71,6.93,Ribeirão Preto,SP,Sudeste,-21.17,-47.81
2025,190,0.0,0.6,0.29,27.58,49.95,1.97,13.47,6.06,Ribeirão Preto,SP,Sudeste,-21.17,-47.81
2025,191,0.0,0.6,0.28,27.04,51.56,2.55,16.19,7.11,Ribeirão Preto,SP,Sudeste,-21.17,-47.81
2025,192,0.0,0.6,0.28,27.0,57.52,2.68,13.82,6.2,Ribeirão Preto,SP,Sudeste,-21.17,-47.81
2025,193,0.0,0.6,0.27,26.24,59.15,2.73,9.89,4.5,Ribeirão Preto,SP,Sudeste,-21.17,-47.81
2025,194,0.0,0.6,0.27,26.47,55.15,2.45,10.29,4.77,Ribeirão Preto,SP,Sudeste,-21.17,-47.81
2025,195,0.0,0.6,0.27,27.66,45.77,1.63,12.12,5.47,Ribeirão Preto,SP,Sudeste,-21.17,-47.81
2025,196,0.0,0.6,0.26,28.04,41.56,1.68,14.26,6.39,Ribeirão Preto,SP,Sudeste,-21.17,-47.81
2025,197,0.0,0.6,0.26,28.74,43.32,1.36,17.31,7.65,Ribeirão Preto,SP,Sudeste,-21.17,-47.81
2025,198,0.0,0.6,0.26,29.32,40.67,1.89,16.7,7.34,Ribeirão Preto,SP,Sudeste,-21.17,-47.81
2025,199,0.0,0.6,0.25,28.37,40.17,1.87,16.3,7.27,Ribeirão Preto,SP,Sudeste,-21.17,-47.81
2025,200,0.0,0.6,0.25,28.07,50.42,1.59,17.47,7.68,Ribeirão Preto,SP,Sudeste,-21.17,-47.81
2025,201,0.0,0.59,0.25,29.37,38.54,1.43,15.77,6.98,Ribeirão Preto,SP,Sudeste,-21.17,-47.81
2025,202,0.0,0.59,0.24,30.66,48.72,1.81,16.71,7.53,Ribeirão Preto,SP,Sudeste,-21.17,-47.81
2025,203,0.0,0.59,0.24,30.13,41.75,1.69,14.96,6.7,Ribeirão Preto,SP,Sudeste,-21.17,-47.81
2025,204,0.0,0.59,0.24,29.78,42.87,1.63,17.36,7.68,Ribeirão Preto,SP,Sudeste,-21.17,-47.81
2025,205,0.0,0.59,0.23,31.02,41.77,1.66,17.25,7.65,Ribeirão Preto,SP,Sudeste,-21.17,-47.81
2025,206,0.77,0.59,0.24,30.95,46.73,2.0,13.82,6.27,Ribeirão Preto,SP,Sudeste,-21.17,-47.81
2025,207,0.02,0.6,0.26,30.98,44.01,1.69,17.71,7.86,Ribeirão Preto,SP,Sudeste,-21.17,-47.81
2025,208,0.02,0.6,0.25,31.91,38.62,2.36,16.65,7.46,Ribeirão Preto,SP,Sudeste,-21.17,-47.81
2025,209,4.35,0.6,0.32,30.21,47.63,4.07,6.93,3.35,Ribeirão Preto,SP,Sudeste,-21.17,-47.81
2025,210,1.16,0.6,0.44,24.68,56.87,2.49,18.2,7.92,Ribeirão Preto,SP,Sudeste,-21.17,-47.81
2025,211,0.06,0.6,0.42,26.36,37.26,1.72,19.62,8.42,Ribeirão Preto,SP,Sudeste,-21.17,-47.81
2025,212,0.01,0.6,0.4,28.71,43.4,2.84,19.23,8.35,Ribeirão Preto,SP,Sudeste,-21.17,-47.81
2025,213,0.0,0.6,0.38,30.12,44.92,3.1,19.13,8.38,Ribeirão Preto,SP,Sudeste,-21.17,-47.81
2025,214,0.01,0.6,0.36,29.39,40.29,3.08,17.39,7.53,Ribeirão Preto,SP,Sudeste,-21.17,-47.81
2025,215,0.0,0.6,0.35,29.6,38.82,2.67,17.89,7.76,Ribeirão Preto,SP,Sudeste,-21.17,-47.81
2025,216,0.0,0.6,0.33,28.77,36.24,2.37,13.42,5.98,Ribeirão Preto,SP,Sudeste,-21.17,-47.81
2025,217,0.24,0.6,0.32,27.49,48.48,1.74,5.74,2.81,Ribeirão Preto,SP,Sudeste,-21.17,-47.81
2025,218,0.02,0.6,0.32,28.03,52.52,1.78,17.67,7.88,Ribeirão Preto,SP,Sudeste,-21.17,-47.81
2025,219,0.0,0.6,0.31,30.16,47.33,1.94,16.9,7.56,Ribeirão Preto,SP,Sudeste,-21.17,-47.81
2025,220,0.04,0.6,0.3,30.31,43.03,2.78,14.71,6.65,Ribeirão Preto,SP,Sudeste,-21.17,-47.81
2025,221,0.0,0.6,0.3,24.05,51.39,3.36,17.0,7.55,Ribeirão Preto,SP,Sudeste,-21.17,-47.81
2025,222,0.0,0.6,0.29,23.71,36.46,1.69,20.91,8.88,Ribeirão Preto,SP,Sudeste,-21.17,-47.81
2025,223,0.0,0.6,0.29,24.82,49.87,1.8,20.89,9.01,Ribeirão Preto,SP,Sudeste,-21.17,-47.81
2025,224,0.09,0.6,0.28,26.93,45.45,1.6,20.91,9.0,Ribeirão Preto,SP,Sudeste,-21.17,-47.81
2025,225,0.0,0.6,0.28,30.49,33.51,1.94,20.96,9.01,Ribeirão Preto,SP,Sudeste,-21.17,-47.81
2025,226,0.0,0.6,0.27,31.39,26.8,1.87,20.92,9.02,Ribeirão Preto,SP,Sudeste,-21.17,-47.81
2025,227,0.0,0.6,0.26,31.58,46.75,2.06,20.41,8.93,Ribeirão Preto,SP,Sudeste,-21.17,-47.81
2025,228,0.0,0.6,0.26,32.22,44.73,2.09,19.61,8.79,Ribeirão Preto,SP,Sudeste,-21.17,-47.81
2025,229,0.0,0.6,0.25,32.24,40.97,1.85,19.5,8.75,Ribeirão Preto,SP,Sudeste,-21.17,-47.81
2025,230,0.0,0.6,0.25,32.43,36.36,1.48,20.51,9.09,Ribeirão Preto,SP,Sudeste,-21.17,-47.81
2025,231,0.09,0.59,0.24,32.78,40.5,3.67,19.95,8.89,Ribeirão Preto,SP,Sudeste,-21.17,-47.81
2025,232,0.01,0.59,0.24,33.8,37.55,3.57,17.32,7.88,Ribeirão Preto,SP,Sudeste,-21.17,-47.81
2025,233,0.0,0.59,0.23,34.45,36.4,1.63,18.51,8.39,Ribeirão Preto,SP,Sudeste,-21.17,-47.81
2025,234,0.0,0.59,0.23,34.79,30.21,3.46,20.71,9.38,Ribeirão Preto,SP,Sudeste,-21.17,-47.81
2025,235,0.05,0.59,0.23,34.72,28.02,2.9,18.74,8.23,Ribeirão Preto,SP,Sudeste,-21.17,-47.81
2025,236,0.05,0.59,0.22,35.18,31.1,1.71,19.5,8.65,Ribeirão Preto,SP,Sudeste,-21.17,-47.81
2025,237,0.2,0.59,0.22,34.16,34.49,1.5,19.22,8.63,Ribeirão Preto,SP,Sudeste,-21.17,-47.81
2025,238,0.07,0.59,0.22,33.02,36.9,2.28,17.82,8.09,Ribeirão Preto,SP,Sudeste,-21.17,-47.81
2025,239,0.29,0.59,0.22,33.22,40.78,2.76,19.3,8.77,Ribeirão Preto,SP,Sudeste,-21.17,-47.81
2025,240,0.92,0.59,0.23,33.41,41.29,2.12,18.9,8.54,Ribeirão Preto,SP,Sudeste,-21.17,-47.81
2025,241,7.42,0.61,0.45,28.94,53.5,1.61,11.26,5.26,Ribeirão Preto,SP,Sudeste,-21.17,-47.81
2025,242,0.04,0.61,0.49,29.8,54.62,2.66,21.13,9.4,Ribeirão Preto,SP,Sudeste,-21.17,-47.81
2025,243,0.01,0.6,0.45,30.09,52.19,3.3,20.22,9.04,Ribeirão Preto,SP,Sudeste,-21.17,-47.81
2025,244,0.01,0.6,0.41,30.72,51.79,3.75,21.37,9.65,Ribeirão Preto,SP,Sudeste,-21.17,-47.81
2025,245,0.0,0.6,0.39,30.62,53.2,4.17,16.02,7.31,Ribeirão Preto,SP,Sudeste,-21.17,-47.81
2025,246,0.0,0.6,0.37,30.85,48.12,3.73,21.58,9.68,Ribeirão Preto,SP,Sudeste,-21.17,-47.81
2025,247,0.0,0.6,0.35,31.47,41.18,3.04,20.02,8.98,Ribeirão Preto,SP,Sudeste,-21.17,-47.81
2025,248,0.0,0.6,0.33,33.24,35.76,1.89,23.05,10.27,Ribeirão Preto,SP,Sudeste,-21.17,-47.81
2025,249,0.01,0.6,0.32,34.72,36.39,2.34,22.3,10.06,Ribeirão Preto,SP,Sudeste,-21.17,-47.81
2025,250,0.0,0.6,0.3,34.73,43.41,2.91,19.34,8.86,Ribeirão Preto,SP,Sudeste,-21.17,-47.81
2025,251,0.0,0.6,0.29,35.12,38.23,3.9,20.91,9.54,Ribeirão Preto,SP,Sudeste,-21.17,-47.81
2025,252,0.0,0.6,0.28,34.77,35.13,4.6,18.4,8.24,Ribeirão Preto,SP,Sudeste,-21.17,-47.81
2025,253,0.0,0.6,0.27,34.62,22.77,1.58,25.47,10.83,Ribeirão Preto,SP,Sudeste,-21.17,-47.81
2025,254,0.0,0.6,0.26,35.64,23.96,2.35,25.2,10.83,Ribeirão Preto,SP,Sudeste,-21.17,-47.81
2025,255,0.0,0.6,0.25,35.78,21.91,2.54,23.54,10.36,Ribeirão Preto,SP,Sudeste,-21.17,-47.81
2025,256,0.0,0.59,0.24,34.86,39.42,3.34,22.59,10.09,Ribeirão Preto,SP,Sudeste,-21.17,-47.81
2025,257,0.0,0.59,0.24,34.78,41.95,2.7,24.05,10.78,Ribeirão Preto,SP,Sudeste,-21.17,-47.81
2025,258,0.08,0.59,0.23,35.73,34.76,2.07,22.46,10.12,Ribeirão Preto,SP,Sudeste,-21.17,-47.81
2025,259,1.02,0.59,0.24,36.13,34.11,2.87,17.53,7.96,Ribeirão Preto,SP,Sudeste,-21.17,-47.81
2025,260,0.02,0.6,0.25,34.62,37.05,2.78,24.32,10.89,Ribeirão Preto,SP,Sudeste,-21.17,-47.81
2025,261,0.02,0.59,0.25,35.16,35.76,2.54,25.75,11.25,Ribeirão Preto,SP,Sudeste,-21.17,-47.81
2025,262,3.12,0.59,0.27,33.92,39.25,2.68,17.42,7.89,Ribeirão Preto,SP,Sudeste,-21.17,-47.81
2025,263,0.19,0.6,0.36,34.33,51.66,2.97,21.65,9.84,Ribeirão Preto,SP,Sudeste,-21.17,-47.81
2025,264,0.58,0.6,0.34,35.51,42.55,3.69,19.13,8.77,Ribeirão Preto,SP,Sudeste,-21.17,-47.81
2025,265,19.4,0.61,0.49,34.56,51.14,5.12,3.96,1.99,Ribeirão Preto,SP,Sudeste,-21.17,-47.81
2025,266,1.75,0.64,0.63,31.44,56.92,1.38,22.55,9.96,Ribeirão Preto,SP,Sudeste,-21.17,-47.81
2025,267,1.29,0.63,0.61,32.2,63.2,2.89,22.92,10.53,Ribeirão Preto,SP,Sudeste,-21.17,-47.81
2025,268,0.08,0.63,0.6,30.45,60.73,3.61,20.02,9.25,Ribeirão Preto,SP,Sudeste,-21.17,-47.81
2025,269,0.0,0.63,0.6,29.38,55.19,3.42,24.93,11.22,Ribeirão Preto,SP,Sudeste,-21.17,-47.81
2025,270,0.0,0.62,0.59,30.79,50.06,2.81,26.31,11.71,Ribeirão Preto,SP,Sudeste,-21.17,-47.81
2025,271,0.0,0.62,0.57,33.88,43.9,2.08,22.46,10.02,Ribeirão Preto,SP,Sudeste,-21.17,-47.81
2025,272,0.0,0.61,0.54,34.0,45.46,1.38,20.04,9.12,Ribeirão Preto,SP,Sudeste,-21.17,-47.81
2025,273,0.0,0.61,0.49,36.17,41.54,2.62,25.72,11.51,Ribeirão Preto,SP,Sudeste,-21.17,-47.81
2025,274,0.0,0.6,0.44,36.59,34.79,2.18,23.08,10.36,Ribeirão Preto,SP,Sudeste,-21.17,-47.81
2025,275,0.08,0.6,0.4,36.2,38.51,2.81,23.63,10.65,Ribeirão Preto,SP,Sudeste,-21.17,-47.81
2025,276,0.0,0.6,0.37,35.23,38.61,3.58,23.41,10.64,Ribeirão Preto,SP,Sudeste,-21.17,-47.81
2025,277,0.0,0.6,0.35,33.01,39.07,4.1,19.53,8.92,Ribeirão Preto,SP,Sudeste,-21.17,-47.81
2025,278,0.0,0.6,0.33,36.15,36.85,3.55,26.13,11.8,Ribeirão Preto,SP,Sudeste,-21.17,-47.81
2025,279,0.0,0.6,0.31,37.76,34.32,2.03,24.47,11.05,Ribeirão Preto,SP,Sudeste,-21.17,-47.81
2025,280,0.07,0.6,0.3,39.65,31.75,2.73,20.51,9.23,Ribeirão Preto,SP,Sudeste,-21.17,-47.81
2025,281,9.02,0.6,0.32,36.22,50.12,3.79,20.51,9.43,Ribeirão Preto,SP,Sudeste,-21.17,-47.81
2025,282,10.4,0.63,0.65,32.04,63.45,3.69,18.7,8.67,Ribeirão Preto,SP,Sudeste,-21.17,-47.81
2025,283,9.83,0.64,0.68,29.19,68.26,2.51,12.58,5.93,Ribeirão Preto,SP,Sudeste,-21.17,-47.81
2025,284,0.78,0.64,0.61,31.46,63.66,2.2,15.3,7.23,Ribeirão Preto,SP,Sudeste,-21.17,-47.81
2025,285,6.86,0.64,0.65,33.09,56.63,2.52,18.23,8.4,Ribeirão Preto,SP,Sudeste,-21.17,-47.81
2025,286,7.52,0.65,0.66,33.21,63.33,2.88,7.93,3.85,Ribeirão Preto,SP,Sudeste,-21.17,-47.81
2025,287,0.7,0.65,0.63,30.97,65.57,1.45,18.25,8.39,Ribeirão Preto,SP,Sudeste,-21.17,-47.81
2025,288,0.0,0.65,0.61,33.92,60.93,1.88,24.31,11.18,Ribeirão Preto,SP,Sudeste,-21.17,-47.81
2025,289,0.22,0.64,0.6,35.29,56.12,2.06,24.84,11.29,Ribeirão Preto,SP,Sudeste,-21.17,-47.81
2025,290,2.24,0.64,0.61,35.71,56.96,2.08,21.29,9.85,Ribeirão Preto,SP,Sudeste,-21.17,-47.81
2025,291,35.16,0.68,0.79,30.69,75.98,2.49,10.26,4.97,Ribeirão Preto,SP,Sudeste,-21.17,-47.81
2025,292,7.95,0.7,0.71,27.11,66.37,5.03,25.57,11.56,Ribeirão Preto,SP,Sudeste,-21.17,-47.81
2025,293,0.01,0.7,0.65,27.09,60.08,3.34,28.88,12.93,Ribeirão Preto,SP,Sudeste,-21.17,-47.81
2025,294,0.0,0.69,0.65,27.04,54.31,3.73,30.06,13.36,Ribeirão Preto,SP,Sudeste,-21.17,-47.81
2025,295,0.0,0.68,0.64,27.19,55.53,3.77,29.34,13.07,Ribeirão Preto,SP,Sudeste,-21.17,-47.81
2025,296,0.0,0.68,0.63,28.05,55.91,3.64,29.98,13.26,Ribeirão Preto,SP,Sudeste,-21.17,-47.81
2025,297,0.0,0.67,0.63,29.5,56.42,3.45,28.64,12.79,Ribeirão Preto,SP,Sudeste,-21.17,-47.81
2025,298,0.0,0.66,0.62,31.83,52.53,2.75,27.19,12.26,Ribeirão Preto,SP,Sudeste,-21.17,-47.81
2025,299,0.0,0.66,0.61,34.16,48.12,1.79,24.74,11.17,Ribeirão Preto,SP,Sudeste,-21.17,-47.81
2025,300,1.63,0.65,0.62,33.3,58.14,2.03,8.81,4.32,Ribeirão Preto,SP,Sudeste,-21.17,-47.81
2025,301,2.08,0.65,0.63,32.64,67.29,2.09,15.75,7.43,Ribeirão Preto,SP,Sudeste,-21.17,-47.81
2025,302,0.49,0.65,0.62,30.51,69.42,2.17,16.85,7.97,Ribeirão Preto,SP,Sudeste,-21.17,-47.81
2025,303,1.27,0.65,0.62,29.5,70.4,2.0,10.59,5.25,Ribeirão Preto,SP,Sudeste,-21.17,-47.81
2025,304,4.6,0.65,0.64,33.08,66.33,1.77,16.92,8.01,Ribeirão Preto,SP,Sudeste,-21.17,-47.81
2025,305,1.43,0.65,0.63,31.85,68.43,1.48,22.97,10.66,Ribeirão Preto,SP,Sudeste,-21.17,-47.81
2025,306,22.26,0.67,0.74,30.52,76.66,2.46,5.52,2.86,Ribeirão Preto,SP,Sudeste,-21.17,-47.81
2025,307,3.42,0.69,0.68,30.7,74.93,2.2,17.22,8.11,Ribeirão Preto,SP,Sudeste,-21.17,-47.81
2025,308,0.94,0.68,0.64,32.39,67.72,1.77,23.58,10.98,Ribeirão Preto,SP,Sudeste,-21.17,-47.81
2025,309,2.03,0.68,0.65,31.82,68.54,2.17,13.89,6.63,Ribeirão Preto,SP,Sudeste,-21.17,-47.81
2025,310,0.17,0.67,0.63,32.11,66.9,2.2,25.26,11.53,Ribeirão Preto,SP,Sudeste,-21.17,-47.81
2025,311,4.85,0.67,0.63,35.77,61.44,2.8,28.26,12.86,Ribeirão Preto,SP,Sudeste,-21.17,-47.81
2025,312,17.12,0.68,0.74,32.15,73.07,3.69,11.37,5.57,Ribeirão Preto,SP,Sudeste,-21.17,-47.81
2025,313,1.19,0.69,0.67,29.77,68.88,3.22,28.42,12.83,Ribeirão Preto,SP,Sudeste,-21.17,-47.81
2025,314,0.02,0.68,0.64,32.0,60.72,2.38,30.42,13.6,Ribeirão Preto,SP,Sudeste,-21.17,-47.81
2025,315,0.0,0.68,0.63,33.28,60.71,2.23,28.2,12.8,Ribeirão Preto,SP,Sudeste,-21.17,-47.81
2025,316,0.0,0.67,0.62,34.08,54.75,2.07,29.05,13.21,Ribeirão Preto,SP,Sudeste,-21.17,-47.81
2025,317,0.0,0.66,0.61,33.84,53.86,1.84,15.97,7.54,Ribeirão Preto,SP,Sudeste,-21.17,-47.81
2025,318,0.04,0.65,0.61,33.41,58.8,1.69,15.31,7.24,Ribeirão Preto,SP,Sudeste,-21.17,-47.81
2025,319,1.74,0.65,0.61,32.93,66.83,1.91,20.11,9.51,Ribeirão Preto,SP,Sudeste,-21.17,-47.81
2025,320,5.4,0.65,0.66,28.65,75.23,2.31,12.13,5.9,Ribeirão Preto,SP,Sudeste,-21.17,-47.81
2025,321,5.23,0.66,0.66,31.2,69.05,2.56,14.38,6.87,Ribeirão Preto,SP,Sudeste,-21.17,-47.81
2025,322,1.31,0.66,0.63,30.64,66.61,4.19,15.88,7.57,Ribeirão Preto,SP,Sudeste,-21.17,-47.81
2025,323,0.0,0.65,0.61,30.53,53.0,1.97,30.19,13.41,Ribeirão Preto,SP,Sudeste,-21.17,-47.81
2025,324,0.02,0.65,0.61,32.12,55.53,2.1,30.45,13.67,Ribeirão Preto,SP,Sudeste,-21.17,-47.81
2025,325,0.08,0.64,0.6,34.86,52.85,2.95,28.91,13.03,Ribeirão Preto,SP,Sudeste,-21.17,-47.81
2025,326,4.36,0.64,0.63,32.91,55.91,1.6,23.11,10.71,Ribeirão Preto,SP,Sudeste,-21.17,-47.81
2025,327,7.72,0.65,0.66,29.61,67.69,1.48,21.57,10.1,Ribeirão Preto,SP,Sudeste,-21.17,-47.81
2025,328,15.71,0.66,0.71,29.69,72.14,2.17,14.26,6.8,Ribeirão Preto,SP,Sudeste,-21.17,-47.81
2025,329,1.42,0.67,0.65,30.61,64.94,2.41,27.03,12.23,Ribeirão Preto,SP,Sudeste,-21.17,-47.81
2025,330,0.0,0.66,0.62,31.34,51.28,2.15,32.3,14.14,Ribeirão Preto,SP,Sudeste,-21.17,-47.81
2025,331,0.0,0.66,0.61,32.97,51.8,2.02,28.9,12.78,Ribeirão Preto,SP,Sudeste,-21.17,-47.81
2025,332,0.52,0.65,0.61,33.96,49.7,2.17,29.25,13.05,Ribeirão Preto,SP,Sudeste,-21.17,-47.81
2025,333,0.1,0.64,0.6,35.21,46.84,1.19,29.11,13.05,Ribeirão Preto,SP,Sudeste,-21.17,-47.81
2025,334,0.0,0.64,0.59,36.07,48.36,1.78,29.56,13.4,Ribeirão Preto,SP,Sudeste,-21.17,-47.81
2025,335,0.46,0.63,0.59,36.57,47.02,1.73,27.5,12.5,Ribeirão Preto,SP,Sudeste,-21.17,-47.81
2025,336,14.55,0.64,0.66,33.29,63.79,1.85,19.72,9.33,Ribeirão Preto,SP,Sudeste,-21.17,-47.81
2025,337,43.23,0.69,0.82,28.44,81.28,1.54,18.01,8.53,Ribeirão Preto,SP,Sudeste,-21.17,-47.81
2025,338,0.88,0.71,0.69,30.84,72.18,1.14,28.18,12.97,Ribeirão Preto,SP,Sudeste,-21.17,-47.81
2025,339,2.04,0.7,0.67,31.81,65.3,1.49,28.03,12.88,Ribeirão Preto,SP,Sudeste,-21.17,-47.81
2025,340,1.3,0.7,0.66,32.19,66.02,2.0,26.72,12.37,Ribeirão Preto,SP,Sudeste,-21.17,-47.81
2025,341,0.0,0.69,0.64,32.02,64.83,1.59,22.64,10.57,Ribeirão Preto,SP,Sudeste,-21.17,-47.81
2025,342,10.13,0.69,0.69,26.21,79.13,2.61,20.1,9.48,Ribeirão Preto,SP,Sudeste,-21.17,-47.81
2025,343,17.14,0.71,0.77,25.28,85.51,4.54,6.54,3.41,Ribeirão Preto,SP,Sudeste,-21.17,-47.81
2025,344,5.58,0.73,0.73,29.06,80.73,5.57,19.06,9.03,Ribeirão Preto,SP,Sudeste,-21.17,-47.81
2025,345,0.16,0.72,0.69,30.41,69.09,3.24,26.47,12.12,Ribeirão Preto,SP,Sudeste,-21.17,-47.81
2025,346,2.51,0.71,0.69,29.16,74.38,1.87,15.63,7.58,Ribeirão Preto,SP,Sudeste,-21.17,-47.81
2025,347,31.06,0.74,0.83,26.3,88.03,1.92,9.64,4.87,Ribeirão Preto,SP,Sudeste,-21.17,-47.81
2025,348,3.62,0.75,0.76,28.03,82.15,2.15,11.67,5.8,Ribeirão Preto,SP,Sudeste,-21.17,-47.81
2025,349,6.5,0.75,0.77,28.63,82.79,1.95,20.57,9.77,Ribeirão Preto,SP,Sudeste,-21.17,-47.81
2025,350,1.84,0.75,0.75,28.02,84.46,2.19,12.52,6.18,Ribeirão Preto,SP,Sudeste,-21.17,-47.81
2025,351,3.6,0.75,0.75,26.09,84.0,3.17,18.37,8.86,Ribeirão Preto,SP,Sudeste,-21.17,-47.81
2025,352,1.6,0.75,0.74,26.86,82.63,3.48,15.11,7.39,Ribeirão Preto,SP,Sudeste,-21.17,-47.81
2025,353,9.14,0.75,0.76,30.13,80.01,1.79,15.22,7.5,Ribeirão Preto,SP,Sudeste,-21.17,-47.81
2025,354,2.04,0.75,0.75,29.61,79.29,1.57,21.47,10.13,Ribeirão Preto,SP,Sudeste,-21.17,-47.81
2025,355,0.09,0.74,0.71,30.8,69.99,1.86,27.54,12.69,Ribeirão Preto,SP,Sudeste,-21.17,-47.81
2025,356,0.05,0.73,0.69,30.86,67.21,3.0,29.04,13.36,Ribeirão Preto,SP,Sudeste,-21.17,-47.81
2025,357,0.0,0.71,0.68,31.46,65.64,2.13,28.46,13.13,Ribeirão Preto,SP,Sudeste,-21.17,-47.81
2025,358,0.43,0.71,0.66,33.19,61.16,1.32,28.81,13.27,Ribeirão Preto,SP,Sudeste,-21.17,-47.81
2025,359,0.45,0.7,0.65,34.53,58.88,1.0,27.27,12.63,Ribeirão Preto,SP,Sudeste,-21.17,-47.81
2025,360,0.97,0.69,0.64,35.04,61.61,1.0,27.9,12.99,Ribeirão Preto,SP,Sudeste,-21.17,-47.81
2025,361,3.23,0.68,0.66,34.35,66.85,1.05,21.41,10.17,Ribeirão Preto,SP,Sudeste,-21.17,-47.81
2025,362,9.42,0.69,0.69,34.11,67.41,1.18,24.18,11.33,Ribeirão Preto,SP,Sudeste,-21.17,-47.81
2025,363,8.02,0.69,0.69,34.01,69.11,1.37,27.94,12.98,Ribeirão Preto,SP,Sudeste,-21.17,-47.81
2025,364,0.5,0.69,0.65,33.77,67.67,1.53,29.19,13.59,Ribeirão Preto,SP,Sudeste,-21.17,-47.81
2025,365,17.3,0.7,0.75,32.28,71.18,1.54,22.44,-999.0,Ribeirão Preto,SP,Sudeste,-21.17,-47.81
2026,1,15.04,0.72,0.75,31.03,70.98,1.65,25.25,-999.0,Ribeirão Preto,SP,Sudeste,-21.17,-47.81
2026,2,12.46,0.73,0.76,27.11,82.72,1.96,10.83,-999.0,Ribeirão Preto,SP,Sudeste,-21.17,-47.81
2026,3,9.43,0.75,0.77,28.09,85.16,2.1,24.83,-999.0,Ribeirão Preto,SP,Sudeste,-21.17,-47.81
2026,4,0.14,0.74,0.73,30.09,76.58,1.57,27.54,-999.0,Ribeirão Preto,SP,Sudeste,-21.17,-47.81
2026,5,5.72,0.74,0.73,29.96,76.85,1.97,25.61,-999.0,Ribeirão Preto,SP,Sudeste,-21.17,-47.81
2026,6,0.4,0.73,0.7,28.88,75.87,3.85,23.43,-999.0,Ribeirão Preto,SP,Sudeste,-21.17,-47.81
2026,7,1.04,0.72,0.69,28.0,76.64,2.74,18.2,-999.0,Ribeirão Preto,SP,Sudeste,-21.17,-47.81
2026,8,1.17,0.71,0.69,29.3,75.15,2.34,20.41,-999.0,Ribeirão Preto,SP,Sudeste,-21.17,-47.81
2026,9,0.03,0.71,0.67,32.16,66.85,2.16,29.47,-999.0,Ribeirão Preto,SP,Sudeste,-21.17,-47.81
2026,10,0.04,0.7,0.65,33.46,62.26,2.18,28.41,-999.0,Ribeirão Preto,SP,Sudeste,-21.17,-47.81
2026,11,0.0,0.69,0.64,33.8,57.49,2.24,29.54,-999.0,Ribeirão Preto,SP,Sudeste,-21.17,-47.81
2026,12,0.11,0.68,0.63,33.27,61.37,1.85,24.85,-999.0,Ribeirão Preto,SP,Sudeste,-21.17,-47.81
2026,13,8.0,0.68,0.68,31.17,68.29,1.26,23.83,-999.0,Ribeirão Preto,SP,Sudeste,-21.17,-47.81
2026,14,2.28,0.68,0.65,29.83,71.67,1.41,19.36,-999.0,Ribeirão Preto,SP,Sudeste,-21.17,-47.81
2026,15,20.29,0.7,0.76,26.31,80.88,1.94,22.86,-999.0,Ribeirão Preto,SP,Sudeste,-21.17,-47.81
2026,16,2.84,0.71,0.69,31.3,70.16,2.05,13.7,-999.0,Ribeirão Preto,SP,Sudeste,-21.17,-47.81
2026,17,8.75,0.71,0.71,30.33,71.33,1.56,23.14,-999.0,Ribeirão Preto,SP,Sudeste,-21.17,-47.81
2026,18,16.18,0.72,0.77,28.8,77.23,2.22,14.83,-999.0,Ribeirão Preto,SP,Sudeste,-21.17,-47.81
2026,19,2.11,0.73,0.72,26.85,81.52,2.36,22.44,-999.0,Ribeirão Preto,SP,Sudeste,-21.17,-47.81
2026,20,1.66,0.73,0.71,28.38,75.95,3.51,17.71,-999.0,Ribeirão Preto,SP,Sudeste,-21.17,-47.81
2026,21,0.51,0.72,0.68,29.11,70.52,2.56,19.3,-999.0,Ribeirão Preto,SP,Sudeste,-21.17,-47.81
2026,22,8.04,0.72,0.72,26.44,77.83,2.58,7.7,-999.0,Ribeirão Preto,SP,Sudeste,-21.17,-47.81
2026,23,3.17,0.72,0.7,29.18,78.1,1.8,18.04,-999.0,Ribeirão Preto,SP,Sudeste,-21.17,-47.81
2026,24,1.87,0.71,0.68,30.82,69.82,1.71,16.49,-999.0,Ribeirão Preto,SP,Sudeste,-21.17,-47.81
2026,25,5.91,0.71,0.7,29.85,75.17,1.33,24.58,-999.0,Ribeirão Preto,SP,Sudeste,-21.17,-47.81
2026,26,10.79,0.71,0.73,30.2,72.76,1.19,24.8,-999.0,Ribeirão Preto,SP,Sudeste,-21.17,-47.81
2026,27,3.7,0.72,0.71,31.15,68.4,0.84,18.01,-999.0,Ribeirão Preto,SP,Sudeste,-21.17,-47.81
2026,28,5.27,0.72,0.71,30.42,73.13,1.37,8.81,-999.0,Ribeirão Preto,SP,Sudeste,-21.17,-47.81
2026,29,25.25,0.73,0.79,28.62,78.44,1.69,22.13,-999.0,Ribeirão Preto,SP,Sudeste,-21.17,-47.81
2026,30,18.02,0.77,0.84,26.06,87.75,2.38,7.82,-999.0,Ribeirão Preto,SP,Sudeste,-21.17,-47.81
2026,31,0.77,0.77,0.77,28.11,83.23,2.42,23.74,-999.0,Ribeirão Preto,SP,Sudeste,-21.17,-47.81
2026,32,6.83,0.76,0.78,28.35,84.47,2.38,8.3,-999.0,Ribeirão Preto,SP,Sudeste,-21.17,-47.81
2026,33,11.35,0.78,0.82,26.16,88.31,1.7,20.74,-999.0,Ribeirão Preto,SP,Sudeste,-21.17,-47.81
2026,34,5.69,0.78,0.8,26.72,87.79,2.33,21.18,-999.0,Ribeirão Preto,SP,Sudeste,-21.17,-47.81
2026,35,2.63,0.78,0.79,26.15,90.07,2.59,16.03,-999.0,Ribeirão Preto,SP,Sudeste,-21.17,-47.81
2026,36,4.53,0.77,0.79,28.35,80.23,0.91,18.96,-999.0,Ribeirão Preto,SP,Sudeste,-21.17,-47.81
2026,37,1.93,0.77,0.77,29.51,78.27,1.1,21.29,-999.0,Ribeirão Preto,SP,Sudeste,-21.17,-47.81
2026,38,24.03,0.77,0.84,28.01,85.56,1.71,15.18,-999.0,Ribeirão Preto,SP,Sudeste,-21.17,-47.81
2026,39,13.55,0.8,0.85,25.88,86.1,0.88,12.56,-999.0,Ribeirão Preto,SP,Sudeste,-21.17,-47.81
2026,40,24.72,0.82,0.89,24.94,88.41,1.61,6.73,-999.0,Ribeirão Preto,SP,Sudeste,-21.17,-47.81
2026,41,16.84,0.85,0.9,25.19,89.25,2.17,21.45,-999.0,Ribeirão Preto,SP,Sudeste,-21.17,-47.81
2026,42,5.14,0.85,0.86,27.04,85.53,2.6,17.61,-999.0,Ribeirão Preto,SP,Sudeste,-21.17,-47.81
2026,43,1.33,0.85,0.85,29.06,80.66,2.12,23.75,-999.0,Ribeirão Preto,SP,Sudeste,-21.17,-47.81
2026,44,0.24,0.83,0.83,29.43,75.36,1.96,25.22,-999.0,Ribeirão Preto,SP,Sudeste,-21.17,-47.81
2026,45,0.0,0.82,0.82,30.26,70.73,1.21,26.53,-999.0,Ribeirão Preto,SP,Sudeste,-21.17,-47.81
2026,46,0.04,0.8,0.81,30.67,73.09,1.22,26.61,-999.0,Ribeirão Preto,SP,Sudeste,-21.17,-47.81
2026,47,0.13,0.79,0.79,30.16,73.5,1.53,26.42,-999.0,Ribeirão Preto,SP,Sudeste,-21.17,-47.81
2026,48,6.99,0.79,0.81,30.34,73.55,1.26,24.83,-999.0,Ribeirão Preto,SP,Sudeste,-21.17,-47.81
2026,49,1.15,0.78,0.78,29.28,78.6,1.32,16.02,-999.0,Ribeirão Preto,SP,Sudeste,-21.17,-47.81
2026,50,2.04,0.78,0.77,28.89,80.01,1.25,23.2,-999.0,Ribeirão Preto,SP,Sudeste,-21.17,-47.81
2026,51,0.63,0.77,0.76,30.79,73.93,1.04,24.42,-999.0,Ribeirão Preto,SP,Sudeste,-21.17,-47.81
2026,52,0.12,0.76,0.74,31.17,72.22,1.0,24.48,-999.0,Ribeirão Preto,SP,Sudeste,-21.17,-47.81
2026,53,2.73,0.75,0.74,27.94,82.56,1.61,16.3,-999.0,Ribeirão Preto,SP,Sudeste,-21.17,-47.81
2026,54,7.76,0.75,0.77,27.42,86.78,2.13,6.03,-999.0,Ribeirão Preto,SP,Sudeste,-21.17,-47.81
2026,55,11.46,0.77,0.81,26.76,88.52,2.19,12.94,-999.0,Ribeirão Preto,SP,Sudeste,-21.17,-47.81
2026,56,10.71,0.78,0.81,27.72,88.22,2.13,15.52,-999.0,Ribeirão Preto,SP,Sudeste,-21.17,-47.81
2026,57,4.1,0.78,0.78,28.3,85.29,1.6,16.98,-999.0,Ribeirão Preto,SP,Sudeste,-21.17,-47.81
2026,58,2.82,0.77,0.77,29.06,81.48,2.88,18.24,-999.0,Ribeirão Preto,SP,Sudeste,-21.17,-47.81
2026,59,0.01,0.76,0.74,28.48,73.79,2.39,23.71,-999.0,Ribeirão Preto,SP,Sudeste,-21.17,-47.81
2026,60,0.01,0.75,0.73,28.26,71.22,2.39,27.34,-999.0,Ribeirão Preto,SP,Sudeste,-21.17,-47.81
2026,61,0.01,0.74,0.71,29.75,71.23,1.89,25.59,-999.0,Ribeirão Preto,SP,Sudeste,-21.17,-47.81
2026,62,0.04,0.73,0.7,30.45,70.1,1.7,24.26,-999.0,Ribeirão Preto,SP,Sudeste,-21.17,-47.81
2026,63,0.17,0.72,0.69,31.32,66.87,1.63,25.44,-999.0,Ribeirão Preto,SP,Sudeste,-21.17,-47.81
2026,64,1.45,0.71,0.68,30.94,67.67,1.22,20.76,-999.0,Ribeirão Preto,SP,Sudeste,-21.17,-47.81
2026,65,5.24,0.71,0.71,28.59,80.04,1.26,21.15,-999.0,Ribeirão Preto,SP,Sudeste,-21.17,-47.81
2026,66,8.87,0.72,0.73,28.05,82.77,2.26,4.75,-999.0,Ribeirão Preto,SP,Sudeste,-21.17,-47.81
2026,67,4.3,0.72,0.72,30.0,75.25,1.21,21.69,-999.0,Ribeirão Preto,SP,Sudeste,-21.17,-47.81
2026,68,16.06,0.73,0.76,28.62,82.06,1.58,7.12,-999.0,Ribeirão Preto,SP,Sudeste,-21.17,-47.81
2026,69,2.1,0.74,0.75,26.58,84.25,1.64,13.09,-999.0,Ribeirão Preto,SP,Sudeste,-21.17,-47.81
2026,70,13.05,0.75,0.79,26.33,87.26,1.48,9.48,-999.0,Ribeirão Preto,SP,Sudeste,-21.17,-47.81
2026,71,16.53,0.77,0.83,25.16,92.06,1.95,8.13,-999.0,Ribeirão Preto,SP,Sudeste,-21.17,-47.81
2026,72,8.7,0.78,0.82,25.37,90.83,1.87,12.73,-999.0,Ribeirão Preto,SP,Sudeste,-21.17,-47.81
2026,73,0.84,0.79,0.8,28.64,81.6,1.2,24.58,-999.0,Ribeirão Preto,SP,Sudeste,-21.17,-47.81
2026,74,0.53,0.78,0.77,29.64,67.52,0.96,25.69,-999.0,Ribeirão Preto,SP,Sudeste,-21.17,-47.81
2026,75,0.01,0.77,0.75,30.52,69.39,1.34,24.98,-999.0,Ribeirão Preto,SP,Sudeste,-21.17,-47.81
2026,76,0.59,0.76,0.74,27.95,80.88,2.04,19.17,-999.0,Ribeirão Preto,SP,Sudeste,-21.17,-47.81
2026,77,7.53,0.76,0.78,27.08,85.73,1.34,20.0,-999.0,Ribeirão Preto,SP,Sudeste,-21.17,-47.81
2026,78,11.12,0.77,0.8,26.77,84.9,1.1,14.38,-999.0,Ribeirão Preto,SP,Sudeste,-21.17,-47.81
2026,79,3.12,0.78,0.78,28.56,82.91,1.39,22.57,-999.0,Ribeirão Preto,SP,Sudeste,-21.17,-47.81
2026,80,0.21,0.77,0.75,29.54,75.16,1.18,23.31,-999.0,Ribeirão Preto,SP,Sudeste,-21.17,-47.81
2026,81,0.05,0.75,0.74,30.31,66.88,1.36,22.21,-999.0,Ribeirão Preto,SP,Sudeste,-21.17,-47.81
2026,82,0.33,0.74,0.72,29.71,74.02,1.69,15.68,-999.0,Ribeirão Preto,SP,Sudeste,-21.17,-47.81
2026,83,0.07,0.73,0.71,30.08,69.89,0.85,22.76,-999.0,Ribeirão Preto,SP,Sudeste,-21.17,-47.81
2026,84,10.63,0.74,0.76,27.18,80.27,2.23,12.79,-999.0,Ribeirão Preto,SP,Sudeste,-21.17,-47.81
2026,85,1.22,0.74,0.73,27.96,81.3,1.89,16.49,-999.0,Ribeirão Preto,SP,Sudeste,-21.17,-47.81
2026,86,0.04,0.73,0.71,29.39,77.28,1.93,22.13,-999.0,Ribeirão Preto,SP,Sudeste,-21.17,-47.81
2026,87,0.01,0.72,0.69,29.88,71.84,2.08,21.61,-999.0,Ribeirão Preto,SP,Sudeste,-21.17,-47.81
2026,88,0.02,0.71,0.68,30.09,71.01,1.77,22.5,-999.0,Ribeirão Preto,SP,Sudeste,-21.17,-47.81
2026,89,0.78,0.71,0.68,31.07,64.66,0.87,21.93,-999.0,Ribeirão Preto,SP,Sudeste,-21.17,-47.81
2026,90,13.87,0.71,0.74,27.85,82.26,1.44,14.61,-999.0,Ribeirão Preto,SP,Sudeste,-21.17,-47.81
2026,91,2.67,0.72,0.72,28.81,76.43,1.91,17.18,-999.0,Ribeirão Preto,SP,Sudeste,-21.17,-47.81
