YEAR,DOY,PRECTOTCORR,GWETROOT,GWETTOP,T2M_MAX,RH2M,WS2M,ALLSKY_SFC_SW_DWN,ALLSKY_SFC_PAR_TOT,CIDADE,ESTADO,REGIAO,LATITUDE,LONGITUDE
2015,1,0.22,0.71,0.7,29.56,86.48,0.08,28.98,13.87,Sorriso,MT,Centro-Oeste,-12.54,-55.72
2015,2,0.38,0.7,0.68,30.42,80.85,0.23,25.49,12.42,Sorriso,MT,Centro-Oeste,-12.54,-55.72
2015,3,0.26,0.69,0.68,29.57,82.99,0.13,25.6,12.48,Sorriso,MT,Centro-Oeste,-12.54,-55.72
2015,4,2.13,0.69,0.69,29.81,82.91,0.08,27.79,13.34,Sorriso,MT,Centro-Oeste,-12.54,-55.72
2015,5,0.28,0.69,0.68,28.97,84.38,0.02,27.6,13.23,Sorriso,MT,Centro-Oeste,-12.54,-55.72
2015,6,0.59,0.69,0.67,30.25,81.34,0.06,26.89,12.91,Sorriso,MT,Centro-Oeste,-12.54,-55.72
2015,7,1.3,0.69,0.66,30.51,79.49,0.12,26.96,12.93,Sorriso,MT,Centro-Oeste,-12.54,-55.72
2015,8,1.91,0.68,0.66,31.47,79.99,0.06,26.77,12.87,Sorriso,MT,Centro-Oeste,-12.54,-55.72
2015,9,8.05,0.69,0.71,28.95,85.71,0.04,24.9,12.05,Sorriso,MT,Centro-Oeste,-12.54,-55.72
2015,10,5.48,0.7,0.71,28.5,88.41,0.04,22.93,11.21,Sorriso,MT,Centro-Oeste,-12.54,-55.72
2015,11,6.37,0.7,0.72,29.28,86.98,0.12,17.49,8.97,Sorriso,MT,Centro-Oeste,-12.54,-55.72
2015,12,1.48,0.71,0.72,27.87,85.97,0.16,22.28,10.95,Sorriso,MT,Centro-Oeste,-12.54,-55.72
2015,13,0.38,0.7,0.68,30.39,78.92,0.06,24.33,11.61,Sorriso,MT,Centro-Oeste,-12.54,-55.72
2015,14,0.71,0.69,0.66,30.6,76.98,0.1,25.86,12.28,Sorriso,MT,Centro-Oeste,-12.54,-55.72
2015,15,1.31,0.68,0.66,31.63,75.05,0.05,24.55,11.63,Sorriso,MT,Centro-Oeste,-12.54,-55.72
2015,16,0.52,0.68,0.65,30.08,76.99,0.07,22.65,10.71,Sorriso,MT,Centro-Oeste,-12.54,-55.72
2015,17,0.03,0.68,0.65,28.44,80.09,0.05,24.38,11.7,Sorriso,MT,Centro-Oeste,-12.54,-55.72
2015,18,0.47,0.68,0.64,29.46,78.09,0.04,14.21,7.15,Sorriso,MT,Centro-Oeste,-12.54,-55.72
2015,19,0.1,0.67,0.64,30.85,77.76,0.02,24.78,11.8,Sorriso,MT,Centro-Oeste,-12.54,-55.72
2015,20,0.08,0.67,0.64,29.12,81.03,0.03,23.24,11.15,Sorriso,MT,Centro-Oeste,-12.54,-55.72
2015,21,0.02,0.67,0.63,31.09,76.26,0.05,21.36,10.31,Sorriso,MT,Centro-Oeste,-12.54,-55.72
2015,22,0.67,0.67,0.63,31.14,74.47,0.02,24.96,11.84,Sorriso,MT,Centro-Oeste,-12.54,-55.72
2015,23,13.88,0.68,0.71,27.08,88.81,0.06,24.57,11.68,Sorriso,MT,Centro-Oeste,-12.54,-55.72
2015,24,3.91,0.7,0.72,29.06,84.5,0.1,20.15,9.76,Sorriso,MT,Centro-Oeste,-12.54,-55.72
2015,25,0.88,0.69,0.67,27.07,84.62,0.03,19.59,9.44,Sorriso,MT,Centro-Oeste,-12.54,-55.72
2015,26,2.05,0.68,0.66,29.4,81.9,0.04,18.23,8.84,Sorriso,MT,Centro-Oeste,-12.54,-55.72
2015,27,0.82,0.68,0.66,30.72,80.32,0.11,17.21,8.43,Sorriso,MT,Centro-Oeste,-12.54,-55.72
2015,28,0.38,0.68,0.65,27.23,85.45,0.16,17.28,8.48,Sorriso,MT,Centro-Oeste,-12.54,-55.72
2015,29,0.01,0.67,0.63,33.01,71.74,0.05,25.62,12.26,Sorriso,MT,Centro-Oeste,-12.54,-55.72
2015,30,1.07,0.67,0.62,34.65,66.13,0.02,28.12,13.29,Sorriso,MT,Centro-Oeste,-12.54,-55.72
2015,31,7.85,0.67,0.67,34.32,71.76,0.11,28.95,13.53,Sorriso,MT,Centro-Oeste,-12.54,-55.72
2015,32,4.2,0.68,0.68,31.03,79.53,0.07,26.44,12.46,Sorriso,MT,Centro-Oeste,-12.54,-55.72
2015,33,0.02,0.67,0.63,33.12,65.76,0.04,24.04,11.48,Sorriso,MT,Centro-Oeste,-12.54,-55.72
2015,34,0.24,0.66,0.62,33.68,71.33,0.04,23.52,11.34,Sorriso,MT,Centro-Oeste,-12.54,-55.72
2015,35,0.18,0.66,0.62,31.61,75.59,0.08,18.63,9.15,Sorriso,MT,Centro-Oeste,-12.54,-55.72
2015,36,2.51,0.66,0.63,31.31,79.16,0.03,12.45,6.4,Sorriso,MT,Centro-Oeste,-12.54,-55.72
2015,37,20.03,0.67,0.73,27.64,88.38,0.03,13.93,7.09,Sorriso,MT,Centro-Oeste,-12.54,-55.72
2015,38,14.82,0.7,0.77,28.29,90.4,0.05,13.86,7.04,Sorriso,MT,Centro-Oeste,-12.54,-55.72
2015,39,5.58,0.72,0.77,25.6,93.05,0.04,14.81,7.37,Sorriso,MT,Centro-Oeste,-12.54,-55.72
2015,40,2.69,0.71,0.7,29.29,84.42,0.03,18.72,9.12,Sorriso,MT,Centro-Oeste,-12.54,-55.72
2015,41,0.69,0.7,0.68,29.53,81.69,0.04,18.88,9.25,Sorriso,MT,Centro-Oeste,-12.54,-55.72
2015,42,0.01,0.69,0.66,30.24,77.71,0.07,19.98,9.82,Sorriso,MT,Centro-Oeste,-12.54,-55.72
2015,43,0.0,0.68,0.64,33.02,75.05,0.12,24.41,11.68,Sorriso,MT,Centro-Oeste,-12.54,-55.72
2015,44,1.65,0.67,0.65,30.76,79.63,0.02,19.11,9.33,Sorriso,MT,Centro-Oeste,-12.54,-55.72
2015,45,0.8,0.67,0.64,33.41,72.82,0.05,22.68,10.88,Sorriso,MT,Centro-Oeste,-12.54,-55.72
2015,46,0.16,0.67,0.64,29.65,75.77,0.08,19.12,9.4,Sorriso,MT,Centro-Oeste,-12.54,-55.72
2015,47,9.69,0.67,0.67,32.41,73.31,0.18,18.45,9.13,Sorriso,MT,Centro-Oeste,-12.54,-55.72
2015,48,4.95,0.68,0.71,29.82,84.39,0.12,15.05,7.59,Sorriso,MT,Centro-Oeste,-12.54,-55.72
2015,49,0.76,0.68,0.65,28.72,81.3,0.04,16.18,8.12,Sorriso,MT,Centro-Oeste,-12.54,-55.72
2015,50,1.89,0.68,0.66,28.08,86.65,0.09,11.34,5.87,Sorriso,MT,Centro-Oeste,-12.54,-55.72
2015,51,8.01,0.68,0.68,28.46,86.29,0.16,10.48,5.4,Sorriso,MT,Centro-Oeste,-12.54,-55.72
2015,52,13.9,0.69,0.75,27.48,90.96,0.04,12.34,6.33,Sorriso,MT,Centro-Oeste,-12.54,-55.72
2015,53,1.75,0.7,0.71,30.28,81.57,0.05,22.05,10.5,Sorriso,MT,Centro-Oeste,-12.54,-55.72
2015,54,0.44,0.69,0.67,30.13,76.29,0.11,22.73,10.9,Sorriso,MT,Centro-Oeste,-12.54,-55.72
2015,55,0.03,0.68,0.64,32.05,72.25,0.03,24.9,11.79,Sorriso,MT,Centro-Oeste,-12.54,-55.72
2015,56,0.15,0.67,0.63,31.76,73.67,0.04,24.47,11.67,Sorriso,MT,Centro-Oeste,-12.54,-55.72
2015,57,0.1,0.67,0.63,30.38,78.94,0.03,14.0,7.01,Sorriso,MT,Centro-Oeste,-12.54,-55.72
2015,58,0.34,0.66,0.62,34.43,68.23,0.02,18.78,9.16,Sorriso,MT,Centro-Oeste,-12.54,-55.72
2015,59,0.1,0.66,0.62,33.65,72.27,0.04,14.06,7.03,Sorriso,MT,Centro-Oeste,-12.54,-55.72
2015,60,0.02,0.66,0.62,31.53,71.0,0.03,21.24,10.36,Sorriso,MT,Centro-Oeste,-12.54,-55.72
2015,61,0.21,0.65,0.61,33.76,69.58,0.06,15.21,7.69,Sorriso,MT,Centro-Oeste,-12.54,-55.72
2015,62,0.57,0.65,0.61,34.23,67.75,0.06,21.21,10.42,Sorriso,MT,Centro-Oeste,-12.54,-55.72
2015,63,0.53,0.65,0.62,31.66,74.01,0.02,14.54,7.39,Sorriso,MT,Centro-Oeste,-12.54,-55.72
2015,64,0.14,0.65,0.61,32.95,72.36,0.04,22.56,10.89,Sorriso,MT,Centro-Oeste,-12.54,-55.72
2015,65,0.65,0.65,0.61,34.56,69.41,0.09,20.75,10.07,Sorriso,MT,Centro-Oeste,-12.54,-55.72
2015,66,11.12,0.65,0.67,31.69,74.61,0.04,20.88,10.37,Sorriso,MT,Centro-Oeste,-12.54,-55.72
2015,67,1.83,0.67,0.67,33.36,76.67,0.07,22.77,11.05,Sorriso,MT,Centro-Oeste,-12.54,-55.72
2015,68,0.01,0.66,0.62,34.78,68.27,0.05,24.36,11.73,Sorriso,MT,Centro-Oeste,-12.54,-55.72
2015,69,0.68,0.65,0.62,33.0,74.91,0.06,18.89,9.37,Sorriso,MT,Centro-Oeste,-12.54,-55.72
2015,70,0.24,0.65,0.62,33.6,68.28,0.03,13.49,6.84,Sorriso,MT,Centro-Oeste,-12.54,-55.72
2015,71,0.2,0.65,0.61,30.18,74.56,0.03,15.43,7.9,Sorriso,MT,Centro-Oeste,-12.54,-55.72
2015,72,4.3,0.65,0.64,30.52,82.28,0.02,15.92,8.05,Sorriso,MT,Centro-Oeste,-12.54,-55.72
2015,73,0.25,0.65,0.63,33.06,73.8,0.02,19.03,9.43,Sorriso,MT,Centro-Oeste,-12.54,-55.72
2015,74,0.65,0.65,0.62,30.01,74.02,0.08,15.97,8.09,Sorriso,MT,Centro-Oeste,-12.54,-55.72
2015,75,0.52,0.65,0.62,33.54,73.13,0.03,22.52,10.91,Sorriso,MT,Centro-Oeste,-12.54,-55.72
2015,76,0.47,0.65,0.62,28.72,79.63,0.05,11.84,6.12,Sorriso,MT,Centro-Oeste,-12.54,-55.72
2015,77,0.58,0.65,0.61,33.56,74.21,0.11,12.65,6.41,Sorriso,MT,Centro-Oeste,-12.54,-55.72
2015,78,0.31,0.65,0.61,31.48,74.01,0.03,11.64,6.14,Sorriso,MT,Centro-Oeste,-12.54,-55.72
2015,79,0.41,0.64,0.61,33.03,71.83,0.06,15.4,7.8,Sorriso,MT,Centro-Oeste,-12.54,-55.72
2015,80,4.66,0.64,0.62,33.47,72.66,0.03,16.03,7.98,Sorriso,MT,Centro-Oeste,-12.54,-55.72
2015,81,2.43,0.65,0.64,33.54,73.79,0.03,17.88,8.86,Sorriso,MT,Centro-Oeste,-12.54,-55.72
2015,82,0.52,0.65,0.62,32.73,72.03,0.02,18.19,8.93,Sorriso,MT,Centro-Oeste,-12.54,-55.72
2015,83,0.04,0.65,0.61,30.99,76.32,0.04,18.34,9.02,Sorriso,MT,Centro-Oeste,-12.54,-55.72
2015,84,0.01,0.64,0.61,31.55,73.69,0.08,19.99,9.76,Sorriso,MT,Centro-Oeste,-12.54,-55.72
2015,85,2.6,0.64,0.62,31.61,74.46,0.03,18.29,8.82,Sorriso,MT,Centro-Oeste,-12.54,-55.72
2015,86,1.25,0.65,0.63,31.52,77.0,0.12,18.23,8.88,Sorriso,MT,Centro-Oeste,-12.54,-55.72
2015,87,0.07,0.64,0.61,36.07,65.63,0.04,23.52,11.22,Sorriso,MT,Centro-Oeste,-12.54,-55.72
2015,88,0.23,0.64,0.61,33.71,72.54,0.04,18.1,8.92,Sorriso,MT,Centro-Oeste,-12.54,-55.72
2015,89,0.71,0.64,0.61,34.39,73.01,0.05,23.72,11.3,Sorriso,MT,Centro-Oeste,-12.54,-55.72
2015,90,0.3,0.64,0.61,33.52,69.25,0.09,19.12,9.2,Sorriso,MT,Centro-Oeste,-12.54,-55.72
2015,91,0.54,0.64,0.61,33.53,69.48,0.03,21.81,10.48,Sorriso,MT,Centro-Oeste,-12.54,-55.72
2015,92,0.02,0.64,0.6,33.74,70.27,0.02,19.38,9.53,Sorriso,MT,Centro-Oeste,-12.54,-55.72
2015,93,0.02,0.63,0.61,30.67,76.36,0.02,19.83,9.74,Sorriso,MT,Centro-Oeste,-12.54,-55.72
2015,94,7.05,0.64,0.64,34.45,73.78,0.03,16.21,8.29,Sorriso,MT,Centro-Oeste,-12.54,-55.72
2015,95,2.77,0.65,0.65,30.68,82.97,0.09,14.45,7.47,Sorriso,MT,Centro-Oeste,-12.54,-55.72
2015,96,0.28,0.65,0.62,30.5,75.93,0.04,19.37,9.44,Sorriso,MT,Centro-Oeste,-12.54,-55.72
2015,97,0.23,0.65,0.61,32.56,75.23,0.02,17.61,8.74,Sorriso,MT,Centro-Oeste,-12.54,-55.72
2015,98,4.71,0.64,0.64,31.34,77.99,0.13,9.75,5.19,Sorriso,MT,Centro-Oeste,-12.54,-55.72
2015,99,1.72,0.65,0.64,30.32,79.6,0.1,22.71,10.9,Sorriso,MT,Centro-Oeste,-12.54,-55.72
2015,100,33.37,0.68,0.79,27.93,86.26,0.12,21.0,10.17,Sorriso,MT,Centro-Oeste,-12.54,-55.72
2015,101,3.78,0.71,0.74,27.86,89.83,0.11,15.24,7.73,Sorriso,MT,Centro-Oeste,-12.54,-55.72
2015,102,0.23,0.69,0.67,30.54,81.13,0.02,16.83,8.37,Sorriso,MT,Centro-Oeste,-12.54,-55.72
2015,103,0.91,0.68,0.66,26.25,87.48,0.11,15.32,7.76,Sorriso,MT,Centro-Oeste,-12.54,-55.72
2015,104,1.67,0.67,0.65,31.69,78.43,0.1,21.46,10.43,Sorriso,MT,Centro-Oeste,-12.54,-55.72
2015,105,1.35,0.67,0.65,30.59,81.05,0.16,15.3,7.79,Sorriso,MT,Centro-Oeste,-12.54,-55.72
2015,106,10.7,0.68,0.7,31.83,78.04,0.1,14.56,7.39,Sorriso,MT,Centro-Oeste,-12.54,-55.72
2015,107,2.88,0.68,0.69,29.9,83.4,0.25,21.5,10.36,Sorriso,MT,Centro-Oeste,-12.54,-55.72
2015,108,0.07,0.67,0.64,32.33,76.19,0.12,19.37,9.32,Sorriso,MT,Centro-Oeste,-12.54,-55.72
2015,109,0.09,0.67,0.63,33.2,74.28,0.08,21.61,10.34,Sorriso,MT,Centro-Oeste,-12.54,-55.72
2015,110,0.13,0.66,0.63,30.99,80.84,0.12,19.3,9.38,Sorriso,MT,Centro-Oeste,-12.54,-55.72
2015,111,0.15,0.66,0.63,32.31,76.39,0.1,20.53,9.93,Sorriso,MT,Centro-Oeste,-12.54,-55.72
2015,112,0.72,0.66,0.62,31.81,77.26,0.05,21.14,10.14,Sorriso,MT,Centro-Oeste,-12.54,-55.72
2015,113,0.31,0.66,0.62,31.96,75.99,0.09,17.47,8.61,Sorriso,MT,Centro-Oeste,-12.54,-55.72
2015,114,2.05,0.65,0.63,31.43,77.84,0.11,20.04,9.68,Sorriso,MT,Centro-Oeste,-12.54,-55.72
2015,115,8.86,0.66,0.68,30.76,80.5,0.15,17.19,8.41,Sorriso,MT,Centro-Oeste,-12.54,-55.72
2015,116,2.57,0.67,0.67,30.45,83.16,0.16,20.94,10.09,Sorriso,MT,Centro-Oeste,-12.54,-55.72
2015,117,0.56,0.67,0.64,31.16,80.37,0.06,9.48,5.08,Sorriso,MT,Centro-Oeste,-12.54,-55.72
2015,118,0.38,0.66,0.63,30.19,78.26,0.03,18.41,8.96,Sorriso,MT,Centro-Oeste,-12.54,-55.72
2015,119,1.33,0.66,0.64,29.49,78.33,0.09,15.09,7.57,Sorriso,MT,Centro-Oeste,-12.54,-55.72
2015,120,0.85,0.66,0.63,30.24,76.38,0.16,16.59,8.15,Sorriso,MT,Centro-Oeste,-12.54,-55.72
2015,121,3.23,0.66,0.65,31.12,76.02,0.12,19.79,9.43,Sorriso,MT,Centro-Oeste,-12.54,-55.72
2015,122,0.65,0.66,0.62,32.07,75.34,0.03,16.65,8.11,Sorriso,MT,Centro-Oeste,-12.54,-55.72
2015,123,1.39,0.66,0.63,27.97,84.27,0.03,17.69,8.58,Sorriso,MT,Centro-Oeste,-12.54,-55.72
2015,124,0.96,0.65,0.63,31.34,76.83,0.08,18.68,9.09,Sorriso,MT,Centro-Oeste,-12.54,-55.72
2015,125,0.9,0.65,0.62,32.68,72.42,0.04,18.36,8.86,Sorriso,MT,Centro-Oeste,-12.54,-55.72
2015,126,1.35,0.65,0.63,26.58,86.17,0.04,15.91,7.84,Sorriso,MT,Centro-Oeste,-12.54,-55.72
2015,127,0.23,0.65,0.63,31.42,79.44,0.12,19.66,9.46,Sorriso,MT,Centro-Oeste,-12.54,-55.72
2015,128,0.09,0.65,0.61,33.2,70.97,0.04,20.88,9.98,Sorriso,MT,Centro-Oeste,-12.54,-55.72
2015,129,0.03,0.65,0.61,32.43,72.36,0.05,17.19,8.41,Sorriso,MT,Centro-Oeste,-12.54,-55.72
2015,130,0.02,0.64,0.61,32.79,71.34,0.02,17.53,8.51,Sorriso,MT,Centro-Oeste,-12.54,-55.72
2015,131,0.05,0.64,0.61,28.81,79.82,0.03,10.31,5.46,Sorriso,MT,Centro-Oeste,-12.54,-55.72
2015,132,0.02,0.64,0.61,30.26,75.3,0.02,10.28,5.32,Sorriso,MT,Centro-Oeste,-12.54,-55.72
2015,133,0.04,0.64,0.61,30.86,73.98,0.03,15.19,7.57,Sorriso,MT,Centro-Oeste,-12.54,-55.72
2015,134,0.22,0.64,0.61,30.69,68.62,0.03,19.92,9.53,Sorriso,MT,Centro-Oeste,-12.54,-55.72
2015,135,0.47,0.64,0.61,30.33,76.24,0.04,14.51,7.22,Sorriso,MT,Centro-Oeste,-12.54,-55.72
2015,136,11.19,0.65,0.67,30.92,78.38,0.03,18.27,8.81,Sorriso,MT,Centro-Oeste,-12.54,-55.72
2015,137,1.0,0.66,0.65,30.67,78.87,0.08,19.68,9.36,Sorriso,MT,Centro-Oeste,-12.54,-55.72
2015,138,0.0,0.65,0.62,30.29,72.81,0.04,19.41,9.19,Sorriso,MT,Centro-Oeste,-12.54,-55.72
2015,139,0.01,0.65,0.61,32.95,67.95,0.03,19.75,9.39,Sorriso,MT,Centro-Oeste,-12.54,-55.72
2015,140,0.13,0.65,0.61,32.76,67.21,0.1,19.41,9.22,Sorriso,MT,Centro-Oeste,-12.54,-55.72
2015,141,0.15,0.64,0.61,33.19,65.71,0.04,19.33,9.21,Sorriso,MT,Centro-Oeste,-12.54,-55.72
2015,142,0.0,0.64,0.61,30.9,69.02,0.06,17.73,8.55,Sorriso,MT,Centro-Oeste,-12.54,-55.72
2015,143,0.0,0.64,0.6,33.64,65.79,0.05,17.09,8.21,Sorriso,MT,Centro-Oeste,-12.54,-55.72
2015,144,0.0,0.64,0.61,32.33,70.08,0.09,18.89,9.01,Sorriso,MT,Centro-Oeste,-12.54,-55.72
2015,145,0.0,0.63,0.6,34.05,63.87,0.14,19.62,9.26,Sorriso,MT,Centro-Oeste,-12.54,-55.72
2015,146,0.0,0.63,0.6,34.19,60.5,0.16,20.36,9.52,Sorriso,MT,Centro-Oeste,-12.54,-55.72
2015,147,0.0,0.63,0.6,34.88,62.06,0.15,19.51,9.18,Sorriso,MT,Centro-Oeste,-12.54,-55.72
2015,148,0.0,0.63,0.6,34.37,62.36,0.04,18.82,8.86,Sorriso,MT,Centro-Oeste,-12.54,-55.72
2015,149,0.03,0.63,0.6,34.13,62.54,0.11,19.86,9.33,Sorriso,MT,Centro-Oeste,-12.54,-55.72
2015,150,0.04,0.63,0.6,34.58,63.23,0.09,17.58,8.36,Sorriso,MT,Centro-Oeste,-12.54,-55.72
2015,151,5.53,0.63,0.63,34.64,65.02,0.09,16.63,7.93,Sorriso,MT,Centro-Oeste,-12.54,-55.72
2015,152,1.52,0.63,0.63,34.58,71.33,0.15,18.77,8.85,Sorriso,MT,Centro-Oeste,-12.54,-55.72
2015,153,0.0,0.63,0.6,33.92,63.23,0.14,17.39,8.23,Sorriso,MT,Centro-Oeste,-12.54,-55.72
2015,154,0.0,0.63,0.6,33.95,64.13,0.12,17.18,8.14,Sorriso,MT,Centro-Oeste,-12.54,-55.72
2015,155,0.02,0.63,0.6,32.25,62.22,0.04,18.71,8.8,Sorriso,MT,Centro-Oeste,-12.54,-55.72
2015,156,0.0,0.63,0.6,33.99,61.52,0.1,19.02,8.9,Sorriso,MT,Centro-Oeste,-12.54,-55.72
2015,157,0.0,0.62,0.6,34.14,55.25,0.11,18.37,8.63,Sorriso,MT,Centro-Oeste,-12.54,-55.72
2015,158,0.0,0.62,0.59,34.75,58.8,0.15,18.7,8.76,Sorriso,MT,Centro-Oeste,-12.54,-55.72
2015,159,0.0,0.62,0.59,34.05,57.87,0.09,18.96,8.85,Sorriso,MT,Centro-Oeste,-12.54,-55.72
2015,160,0.0,0.62,0.59,34.38,57.58,0.06,18.89,8.82,Sorriso,MT,Centro-Oeste,-12.54,-55.72
2015,161,0.0,0.62,0.58,34.49,62.64,0.06,19.03,8.91,Sorriso,MT,Centro-Oeste,-12.54,-55.72
2015,162,0.0,0.62,0.58,32.0,64.78,0.15,15.45,7.45,Sorriso,MT,Centro-Oeste,-12.54,-55.72
2015,163,0.0,0.62,0.58,34.68,54.28,0.14,19.07,8.91,Sorriso,MT,Centro-Oeste,-12.54,-55.72
2015,164,0.0,0.62,0.58,33.69,63.99,0.14,18.06,8.44,Sorriso,MT,Centro-Oeste,-12.54,-55.72
2015,165,0.0,0.61,0.57,34.62,62.09,0.13,18.78,8.77,Sorriso,MT,Centro-Oeste,-12.54,-55.72
2015,166,0.0,0.61,0.56,35.39,62.46,0.08,18.14,8.49,Sorriso,MT,Centro-Oeste,-12.54,-55.72
2015,167,0.0,0.61,0.54,35.22,56.23,0.1,19.1,8.89,Sorriso,MT,Centro-Oeste,-12.54,-55.72
2015,168,0.0,0.61,0.53,35.48,54.39,0.26,20.07,9.25,Sorriso,MT,Centro-Oeste,-12.54,-55.72
2015,169,0.0,0.61,0.52,34.63,47.38,0.19,16.73,7.85,Sorriso,MT,Centro-Oeste,-12.54,-55.72
2015,170,0.0,0.61,0.5,31.75,53.94,0.04,14.43,6.88,Sorriso,MT,Centro-Oeste,-12.54,-55.72
2015,171,0.0,0.61,0.49,32.88,57.82,0.05,17.34,8.12,Sorriso,MT,Centro-Oeste,-12.54,-55.72
2015,172,0.0,0.61,0.48,33.06,50.29,0.04,17.98,8.37,Sorriso,MT,Centro-Oeste,-12.54,-55.72
2015,173,0.0,0.61,0.47,33.98,48.59,0.09,19.8,9.21,Sorriso,MT,Centro-Oeste,-12.54,-55.72
2015,174,0.0,0.61,0.45,34.37,42.03,0.05,19.94,9.24,Sorriso,MT,Centro-Oeste,-12.54,-55.72
2015,175,0.0,0.61,0.44,32.94,42.39,0.04,16.67,7.74,Sorriso,MT,Centro-Oeste,-12.54,-55.72
2015,176,0.0,0.6,0.43,33.65,41.5,0.21,20.26,9.28,Sorriso,MT,Centro-Oeste,-12.54,-55.72
2015,177,0.0,0.6,0.42,34.57,46.95,0.07,17.45,8.23,Sorriso,MT,Centro-Oeste,-12.54,-55.72
2015,178,0.0,0.6,0.42,33.97,48.25,0.04,18.34,8.56,Sorriso,MT,Centro-Oeste,-12.54,-55.72
2015,179,0.0,0.6,0.41,33.51,39.91,0.04,20.13,9.29,Sorriso,MT,Centro-Oeste,-12.54,-55.72
2015,180,0.0,0.6,0.41,33.72,46.79,0.13,19.76,9.12,Sorriso,MT,Centro-Oeste,-12.54,-55.72
2015,181,0.0,0.6,0.4,35.05,46.33,0.23,18.71,8.7,Sorriso,MT,Centro-Oeste,-12.54,-55.72
2015,182,0.0,0.6,0.4,35.13,39.52,0.22,20.05,9.28,Sorriso,MT,Centro-Oeste,-12.54,-55.72
2015,183,0.0,0.6,0.4,34.75,37.69,0.13,20.44,9.38,Sorriso,MT,Centro-Oeste,-12.54,-55.72
2015,184,0.0,0.6,0.39,35.37,50.79,0.15,17.85,8.32,Sorriso,MT,Centro-Oeste,-12.54,-55.72
2015,185,0.0,0.6,0.39,34.49,52.55,0.03,13.04,6.28,Sorriso,MT,Centro-Oeste,-12.54,-55.72
2015,186,0.0,0.6,0.39,33.04,50.49,0.03,17.88,8.44,Sorriso,MT,Centro-Oeste,-12.54,-55.72
2015,187,0.21,0.6,0.39,33.14,53.61,0.02,14.4,6.99,Sorriso,MT,Centro-Oeste,-12.54,-55.72
2015,188,0.02,0.6,0.39,31.24,51.24,0.08,7.26,3.88,Sorriso,MT,Centro-Oeste,-12.54,-55.72
2015,189,0.0,0.6,0.39,31.99,52.4,0.07,11.01,5.6,Sorriso,MT,Centro-Oeste,-12.54,-55.72
2015,190,0.0,0.6,0.39,34.7,51.13,0.05,19.42,9.09,Sorriso,MT,Centro-Oeste,-12.54,-55.72
2015,191,0.0,0.6,0.39,35.13,50.74,0.12,18.07,8.52,Sorriso,MT,Centro-Oeste,-12.54,-55.72
2015,192,0.16,0.6,0.38,35.34,47.78,0.19,18.4,8.68,Sorriso,MT,Centro-Oeste,-12.54,-55.72
2015,193,0.05,0.6,0.38,35.12,51.43,0.1,19.6,9.17,Sorriso,MT,Centro-Oeste,-12.54,-55.72
2015,194,0.02,0.6,0.38,35.2,52.52,0.05,18.31,8.59,Sorriso,MT,Centro-Oeste,-12.54,-55.72
2015,195,0.0,0.6,0.37,35.78,49.97,0.12,20.0,9.3,Sorriso,MT,Centro-Oeste,-12.54,-55.72
2015,196,0.05,0.6,0.37,35.6,43.28,0.16,17.73,8.26,Sorriso,MT,Centro-Oeste,-12.54,-55.72
2015,197,0.22,0.6,0.36,35.7,38.46,0.14,20.78,9.56,Sorriso,MT,Centro-Oeste,-12.54,-55.72
2015,198,0.0,0.6,0.36,34.89,37.91,0.08,19.83,9.19,Sorriso,MT,Centro-Oeste,-12.54,-55.72
2015,199,0.0,0.6,0.35,34.86,38.67,0.19,20.91,9.61,Sorriso,MT,Centro-Oeste,-12.54,-55.72
2015,200,0.0,0.6,0.35,34.62,40.31,0.22,21.33,9.81,Sorriso,MT,Centro-Oeste,-12.54,-55.72
2015,201,0.0,0.6,0.35,36.13,41.16,0.32,21.21,9.76,Sorriso,MT,Centro-Oeste,-12.54,-55.72
2015,202,0.01,0.6,0.34,34.95,38.18,0.04,18.47,8.58,Sorriso,MT,Centro-Oeste,-12.54,-55.72
2015,203,0.0,0.6,0.34,35.07,43.14,0.06,20.22,9.36,Sorriso,MT,Centro-Oeste,-12.54,-55.72
2015,204,0.0,0.6,0.34,35.43,36.13,0.07,21.59,9.73,Sorriso,MT,Centro-Oeste,-12.54,-55.72
2015,205,0.0,0.6,0.33,34.96,34.17,0.04,18.51,8.59,Sorriso,MT,Centro-Oeste,-12.54,-55.72
2015,206,0.0,0.6,0.33,35.2,32.54,0.11,21.73,9.82,Sorriso,MT,Centro-Oeste,-12.54,-55.72
2015,207,0.0,0.6,0.33,35.47,32.39,0.19,21.84,9.87,Sorriso,MT,Centro-Oeste,-12.54,-55.72
2015,208,0.0,0.6,0.32,36.45,29.68,0.29,21.61,9.88,Sorriso,MT,Centro-Oeste,-12.54,-55.72
2015,209,0.0,0.6,0.32,36.66,31.45,0.4,20.96,9.62,Sorriso,MT,Centro-Oeste,-12.54,-55.72
2015,210,0.0,0.6,0.32,36.6,33.71,0.19,19.11,8.95,Sorriso,MT,Centro-Oeste,-12.54,-55.72
2015,211,0.0,0.6,0.31,36.61,29.89,0.07,21.51,9.88,Sorriso,MT,Centro-Oeste,-12.54,-55.72
2015,212,0.0,0.6,0.31,36.08,27.01,0.25,22.76,10.25,Sorriso,MT,Centro-Oeste,-12.54,-55.72
2015,213,0.0,0.6,0.3,35.81,31.43,0.36,22.52,10.19,Sorriso,MT,Centro-Oeste,-12.54,-55.72
2015,214,0.0,0.6,0.3,35.38,30.86,0.11,22.79,10.32,Sorriso,MT,Centro-Oeste,-12.54,-55.72
2015,215,0.0,0.6,0.3,36.07,34.1,0.33,22.53,10.3,Sorriso,MT,Centro-Oeste,-12.54,-55.72
2015,216,0.0,0.6,0.3,36.89,31.89,0.13,21.92,10.12,Sorriso,MT,Centro-Oeste,-12.54,-55.72
2015,217,0.0,0.6,0.29,36.92,29.68,0.18,22.74,10.33,Sorriso,MT,Centro-Oeste,-12.54,-55.72
2015,218,0.0,0.6,0.29,37.45,28.0,0.11,22.82,10.35,Sorriso,MT,Centro-Oeste,-12.54,-55.72
2015,219,0.0,0.6,0.29,38.09,33.08,0.09,21.51,9.95,Sorriso,MT,Centro-Oeste,-12.54,-55.72
2015,220,0.0,0.6,0.28,37.45,29.91,0.04,21.91,10.01,Sorriso,MT,Centro-Oeste,-12.54,-55.72
2015,221,0.0,0.6,0.28,36.84,28.02,0.1,22.37,10.2,Sorriso,MT,Centro-Oeste,-12.54,-55.72
2015,222,0.0,0.6,0.28,37.02,29.39,0.11,22.27,10.13,Sorriso,MT,Centro-Oeste,-12.54,-55.72
2015,223,0.0,0.6,0.27,36.48,27.58,0.04,22.72,10.41,Sorriso,MT,Centro-Oeste,-12.54,-55.72
2015,224,0.0,0.6,0.27,35.92,30.86,0.15,23.27,10.64,Sorriso,MT,Centro-Oeste,-12.54,-55.72
2015,225,0.0,0.6,0.27,35.85,24.09,0.11,23.81,10.72,Sorriso,MT,Centro-Oeste,-12.54,-55.72
2015,226,0.0,0.6,0.26,35.39,26.64,0.18,24.02,10.75,Sorriso,MT,Centro-Oeste,-12.54,-55.72
2015,227,0.0,0.6,0.26,36.37,26.48,0.15,23.71,10.7,Sorriso,MT,Centro-Oeste,-12.54,-55.72
2015,228,0.0,0.6,0.26,36.86,27.1,0.18,23.33,10.66,Sorriso,MT,Centro-Oeste,-12.54,-55.72
2015,229,0.0,0.6,0.26,37.44,30.32,0.28,22.52,10.43,Sorriso,MT,Centro-Oeste,-12.54,-55.72
2015,230,0.32,0.6,0.26,37.08,33.45,0.07,20.31,9.54,Sorriso,MT,Centro-Oeste,-12.54,-55.72
2015,231,0.01,0.6,0.26,37.7,31.36,0.04,22.95,10.6,Sorriso,MT,Centro-Oeste,-12.54,-55.72
2015,232,0.0,0.6,0.25,37.81,30.73,0.06,22.65,10.46,Sorriso,MT,Centro-Oeste,-12.54,-55.72
2015,233,0.0,0.6,0.25,38.33,30.19,0.16,20.32,9.43,Sorriso,MT,Centro-Oeste,-12.54,-55.72
2015,234,0.0,0.6,0.25,38.9,28.36,0.24,19.9,9.16,Sorriso,MT,Centro-Oeste,-12.54,-55.72
2015,235,0.0,0.59,0.24,39.65,27.86,0.12,21.07,9.63,Sorriso,MT,Centro-Oeste,-12.54,-55.72
2015,236,0.0,0.59,0.24,38.88,28.75,0.2,19.64,9.06,Sorriso,MT,Centro-Oeste,-12.54,-55.72
2015,237,0.0,0.59,0.24,39.93,26.66,0.29,19.35,9.04,Sorriso,MT,Centro-Oeste,-12.54,-55.72
2015,238,0.55,0.59,0.24,36.94,38.05,0.17,15.3,7.3,Sorriso,MT,Centro-Oeste,-12.54,-55.72
2015,239,1.04,0.6,0.27,36.72,42.26,0.15,18.75,8.88,Sorriso,MT,Centro-Oeste,-12.54,-55.72
2015,240,0.0,0.6,0.28,37.97,40.89,0.04,13.84,6.88,Sorriso,MT,Centro-Oeste,-12.54,-55.72
2015,241,0.0,0.6,0.27,38.34,35.17,0.06,21.36,10.02,Sorriso,MT,Centro-Oeste,-12.54,-55.72
2015,242,0.12,0.6,0.27,39.33,30.45,0.04,18.48,8.76,Sorriso,MT,Centro-Oeste,-12.54,-55.72
2015,243,0.0,0.6,0.26,39.06,28.28,0.07,20.76,9.73,Sorriso,MT,Centro-Oeste,-12.54,-55.72
2015,244,0.0,0.6,0.26,38.77,27.25,0.04,20.6,9.63,Sorriso,MT,Centro-Oeste,-12.54,-55.72
2015,245,0.0,0.6,0.25,39.47,24.44,0.17,24.58,11.19,Sorriso,MT,Centro-Oeste,-12.54,-55.72
2015,246,0.0,0.59,0.24,39.8,23.15,0.23,21.37,9.57,Sorriso,MT,Centro-Oeste,-12.54,-55.72
2015,247,0.0,0.59,0.24,40.08,21.95,0.44,19.32,8.47,Sorriso,MT,Centro-Oeste,-12.54,-55.72
2015,248,0.0,0.59,0.23,39.23,25.94,0.3,18.49,8.22,Sorriso,MT,Centro-Oeste,-12.54,-55.72
2015,249,0.03,0.59,0.23,40.18,29.93,0.07,18.07,8.15,Sorriso,MT,Centro-Oeste,-12.54,-55.72
2015,250,0.05,0.59,0.23,38.48,37.69,0.05,18.39,8.68,Sorriso,MT,Centro-Oeste,-12.54,-55.72
2015,251,0.0,0.59,0.23,38.4,38.41,0.04,19.32,9.22,Sorriso,MT,Centro-Oeste,-12.54,-55.72
2015,252,0.0,0.59,0.22,37.58,38.22,0.11,20.71,9.72,Sorriso,MT,Centro-Oeste,-12.54,-55.72
2015,253,0.0,0.59,0.22,39.55,33.5,0.06,19.24,8.88,Sorriso,MT,Centro-Oeste,-12.54,-55.72
2015,254,0.0,0.59,0.22,40.28,30.64,0.25,18.44,8.38,Sorriso,MT,Centro-Oeste,-12.54,-55.72
2015,255,0.0,0.59,0.22,35.85,42.68,0.05,16.34,7.37,Sorriso,MT,Centro-Oeste,-12.54,-55.72
2015,256,0.03,0.59,0.22,37.07,43.57,0.04,20.07,8.92,Sorriso,MT,Centro-Oeste,-12.54,-55.72
2015,257,0.0,0.59,0.22,38.15,39.2,0.05,19.08,8.73,Sorriso,MT,Centro-Oeste,-12.54,-55.72
2015,258,0.0,0.59,0.21,36.68,42.45,0.16,18.93,8.62,Sorriso,MT,Centro-Oeste,-12.54,-55.72
2015,259,0.0,0.59,0.21,40.56,31.3,0.19,22.79,10.39,Sorriso,MT,Centro-Oeste,-12.54,-55.72
2015,260,0.0,0.59,0.21,40.19,26.73,0.08,24.87,11.28,Sorriso,MT,Centro-Oeste,-12.54,-55.72
2015,261,0.0,0.59,0.21,40.43,22.91,0.14,25.46,11.45,Sorriso,MT,Centro-Oeste,-12.54,-55.72
2015,262,0.0,0.59,0.2,40.53,19.83,0.11,22.77,10.39,Sorriso,MT,Centro-Oeste,-12.54,-55.72
2015,263,0.0,0.59,0.2,39.51,23.6,0.24,20.57,9.28,Sorriso,MT,Centro-Oeste,-12.54,-55.72
2015,264,0.0,0.59,0.2,40.25,26.99,0.1,17.12,7.37,Sorriso,MT,Centro-Oeste,-12.54,-55.72
2015,265,0.0,0.59,0.2,39.5,31.64,0.11,18.17,7.9,Sorriso,MT,Centro-Oeste,-12.54,-55.72
2015,266,0.0,0.59,0.2,39.39,35.56,0.05,18.38,8.35,Sorriso,MT,Centro-Oeste,-12.54,-55.72
2015,267,0.0,0.59,0.2,38.49,37.3,0.09,20.42,9.54,Sorriso,MT,Centro-Oeste,-12.54,-55.72
2015,268,0.0,0.59,0.19,38.97,32.87,0.2,20.47,9.28,Sorriso,MT,Centro-Oeste,-12.54,-55.72
2015,269,0.0,0.59,0.19,38.96,34.98,0.13,18.9,8.64,Sorriso,MT,Centro-Oeste,-12.54,-55.72
2015,270,0.0,0.59,0.19,40.77,31.28,0.14,22.55,9.86,Sorriso,MT,Centro-Oeste,-12.54,-55.72
2015,271,0.08,0.59,0.19,38.8,36.83,0.08,18.15,8.15,Sorriso,MT,Centro-Oeste,-12.54,-55.72
2015,272,1.93,0.59,0.21,37.17,45.02,0.04,17.85,8.14,Sorriso,MT,Centro-Oeste,-12.54,-55.72
2015,273,0.57,0.6,0.25,35.74,48.58,0.03,14.22,6.93,Sorriso,MT,Centro-Oeste,-12.54,-55.72
2015,274,0.04,0.6,0.25,39.41,39.3,0.05,22.01,10.2,Sorriso,MT,Centro-Oeste,-12.54,-55.72
2015,275,0.0,0.59,0.25,40.38,32.22,0.12,21.94,10.05,Sorriso,MT,Centro-Oeste,-12.54,-55.72
2015,276,0.02,0.59,0.24,38.47,38.69,0.03,18.74,8.53,Sorriso,MT,Centro-Oeste,-12.54,-55.72
2015,277,0.05,0.59,0.24,39.9,41.25,0.03,20.82,9.43,Sorriso,MT,Centro-Oeste,-12.54,-55.72
2015,278,0.2,0.59,0.24,39.64,38.06,0.11,22.28,10.19,Sorriso,MT,Centro-Oeste,-12.54,-55.72
2015,279,7.18,0.6,0.32,39.04,44.65,0.06,18.47,8.46,Sorriso,MT,Centro-Oeste,-12.54,-55.72
2015,280,2.82,0.61,0.56,36.09,65.65,0.07,15.45,7.25,Sorriso,MT,Centro-Oeste,-12.54,-55.72
2015,281,0.12,0.61,0.51,35.67,60.67,0.03,22.89,10.52,Sorriso,MT,Centro-Oeste,-12.54,-55.72
2015,282,0.01,0.61,0.46,38.07,52.17,0.08,18.25,8.66,Sorriso,MT,Centro-Oeste,-12.54,-55.72
2015,283,4.01,0.61,0.47,35.05,61.96,0.05,10.87,5.53,Sorriso,MT,Centro-Oeste,-12.54,-55.72
2015,284,0.67,0.61,0.51,36.63,62.83,0.07,19.3,9.28,Sorriso,MT,Centro-Oeste,-12.54,-55.72
2015,285,0.0,0.61,0.46,36.53,49.07,0.05,21.17,10.04,Sorriso,MT,Centro-Oeste,-12.54,-55.72
2015,286,0.0,0.6,0.42,38.97,44.65,0.03,25.94,12.12,Sorriso,MT,Centro-Oeste,-12.54,-55.72
2015,287,0.0,0.6,0.39,39.57,42.98,0.09,23.88,11.04,Sorriso,MT,Centro-Oeste,-12.54,-55.72
2015,288,0.0,0.6,0.36,40.23,40.66,0.19,23.84,10.84,Sorriso,MT,Centro-Oeste,-12.54,-55.72
2015,289,0.0,0.6,0.33,40.86,32.61,0.14,22.93,10.31,Sorriso,MT,Centro-Oeste,-12.54,-55.72
2015,290,0.0,0.6,0.32,40.98,31.68,0.18,23.78,10.69,Sorriso,MT,Centro-Oeste,-12.54,-55.72
2015,291,0.02,0.6,0.3,41.79,30.13,0.12,23.07,10.26,Sorriso,MT,Centro-Oeste,-12.54,-55.72
2015,292,20.94,0.62,0.57,39.22,49.24,0.12,20.12,9.06,Sorriso,MT,Centro-Oeste,-12.54,-55.72
2015,293,0.05,0.62,0.59,37.71,59.74,0.04,19.28,8.67,Sorriso,MT,Centro-Oeste,-12.54,-55.72
2015,294,0.0,0.62,0.58,38.03,58.28,0.05,22.32,10.09,Sorriso,MT,Centro-Oeste,-12.54,-55.72
2015,295,0.0,0.61,0.55,40.69,50.71,0.2,25.15,11.4,Sorriso,MT,Centro-Oeste,-12.54,-55.72
2015,296,1.8,0.61,0.53,38.14,51.42,0.05,13.84,6.45,Sorriso,MT,Centro-Oeste,-12.54,-55.72
2015,297,0.0,0.61,0.51,38.09,52.66,0.04,23.95,11.15,Sorriso,MT,Centro-Oeste,-12.54,-55.72
2015,298,0.12,0.61,0.47,34.84,57.89,0.11,20.31,9.55,Sorriso,MT,Centro-Oeste,-12.54,-55.72
2015,299,3.74,0.61,0.49,37.18,63.51,0.03,22.96,10.67,Sorriso,MT,Centro-Oeste,-12.54,-55.72
2015,300,1.97,0.61,0.53,36.71,64.34,0.02,19.74,9.45,Sorriso,MT,Centro-Oeste,-12.54,-55.72
2015,301,6.55,0.61,0.61,34.15,73.45,0.02,12.48,6.33,Sorriso,MT,Centro-Oeste,-12.54,-55.72
2015,302,29.25,0.65,0.78,26.69,93.57,0.02,18.8,9.05,Sorriso,MT,Centro-Oeste,-12.54,-55.72
2015,303,0.8,0.66,0.64,34.76,70.8,0.03,23.76,11.12,Sorriso,MT,Centro-Oeste,-12.54,-55.72
2015,304,9.14,0.65,0.66,36.3,66.67,0.05,21.78,10.31,Sorriso,MT,Centro-Oeste,-12.54,-55.72
2015,305,9.3,0.67,0.71,28.32,84.65,0.06,20.56,9.93,Sorriso,MT,Centro-Oeste,-12.54,-55.72
2015,306,6.42,0.66,0.66,31.88,77.22,0.06,7.6,3.94,Sorriso,MT,Centro-Oeste,-12.54,-55.72
2015,307,3.19,0.66,0.66,32.89,76.05,0.06,13.89,7.02,Sorriso,MT,Centro-Oeste,-12.54,-55.72
2015,308,1.14,0.65,0.62,33.29,73.71,0.07,21.43,10.24,Sorriso,MT,Centro-Oeste,-12.54,-55.72
2015,309,1.72,0.65,0.62,33.44,74.73,0.05,22.06,10.52,Sorriso,MT,Centro-Oeste,-12.54,-55.72
2015,310,1.2,0.65,0.62,33.44,72.41,0.02,21.44,10.27,Sorriso,MT,Centro-Oeste,-12.54,-55.72
2015,311,0.06,0.64,0.61,36.15,64.48,0.02,20.9,9.89,Sorriso,MT,Centro-Oeste,-12.54,-55.72
2015,312,3.56,0.64,0.62,35.71,65.25,0.02,24.2,11.35,Sorriso,MT,Centro-Oeste,-12.54,-55.72
2015,313,5.62,0.65,0.67,31.77,75.66,0.1,23.77,11.26,Sorriso,MT,Centro-Oeste,-12.54,-55.72
2015,314,0.0,0.65,0.61,35.98,67.15,0.07,26.09,12.33,Sorriso,MT,Centro-Oeste,-12.54,-55.72
2015,315,0.0,0.64,0.6,37.68,62.57,0.09,26.43,12.37,Sorriso,MT,Centro-Oeste,-12.54,-55.72
2015,316,0.91,0.64,0.6,38.39,56.7,0.18,25.45,11.91,Sorriso,MT,Centro-Oeste,-12.54,-55.72
2015,317,0.85,0.63,0.6,37.93,56.03,0.03,25.6,12.03,Sorriso,MT,Centro-Oeste,-12.54,-55.72
2015,318,1.99,0.63,0.6,37.18,62.05,0.02,8.82,4.61,Sorriso,MT,Centro-Oeste,-12.54,-55.72
2015,319,1.67,0.63,0.61,35.67,67.44,0.02,22.89,10.69,Sorriso,MT,Centro-Oeste,-12.54,-55.72
2015,320,0.78,0.63,0.6,35.91,64.02,0.02,16.61,8.07,Sorriso,MT,Centro-Oeste,-12.54,-55.72
2015,321,0.23,0.63,0.6,36.18,61.3,0.06,21.97,10.32,Sorriso,MT,Centro-Oeste,-12.54,-55.72
2015,322,0.68,0.63,0.6,36.51,59.19,0.02,19.42,9.27,Sorriso,MT,Centro-Oeste,-12.54,-55.72
2015,323,0.27,0.62,0.6,34.06,65.39,0.03,18.57,8.99,Sorriso,MT,Centro-Oeste,-12.54,-55.72
2015,324,0.98,0.62,0.6,35.79,66.07,0.02,13.04,6.47,Sorriso,MT,Centro-Oeste,-12.54,-55.72
2015,325,0.55,0.62,0.6,37.03,63.24,0.03,19.33,9.31,Sorriso,MT,Centro-Oeste,-12.54,-55.72
2015,326,0.9,0.62,0.59,38.12,58.48,0.05,24.57,11.51,Sorriso,MT,Centro-Oeste,-12.54,-55.72
2015,327,1.93,0.62,0.61,34.83,63.93,0.02,11.93,5.97,Sorriso,MT,Centro-Oeste,-12.54,-55.72
2015,328,3.01,0.62,0.61,34.94,67.42,0.04,17.63,8.49,Sorriso,MT,Centro-Oeste,-12.54,-55.72
2015,329,5.06,0.63,0.64,34.61,74.33,0.03,18.59,8.99,Sorriso,MT,Centro-Oeste,-12.54,-55.72
2015,330,3.85,0.63,0.65,36.02,69.41,0.02,19.06,9.21,Sorriso,MT,Centro-Oeste,-12.54,-55.72
2015,331,11.42,0.64,0.65,35.99,69.99,0.05,20.05,9.61,Sorriso,MT,Centro-Oeste,-12.54,-55.72
2015,332,12.71,0.65,0.72,33.19,77.89,0.02,17.31,8.22,Sorriso,MT,Centro-Oeste,-12.54,-55.72
2015,333,2.57,0.67,0.67,35.37,71.63,0.02,20.37,9.56,Sorriso,MT,Centro-Oeste,-12.54,-55.72
2015,334,1.83,0.66,0.63,31.8,74.65,0.03,21.18,10.16,Sorriso,MT,Centro-Oeste,-12.54,-55.72
2015,335,0.23,0.65,0.61,36.57,61.62,0.03,26.85,12.69,Sorriso,MT,Centro-Oeste,-12.54,-55.72
2015,336,0.55,0.64,0.6,35.77,60.88,0.04,26.22,12.25,Sorriso,MT,Centro-Oeste,-12.54,-55.72
2015,337,0.13,0.64,0.6,36.33,61.72,0.02,23.23,11.06,Sorriso,MT,Centro-Oeste,-12.54,-55.72
2015,338,22.36,0.65,0.74,34.35,72.93,0.02,23.22,11.06,Sorriso,MT,Centro-Oeste,-12.54,-55.72
2015,339,7.62,0.68,0.7,31.63,79.25,0.06,13.37,6.45,Sorriso,MT,Centro-Oeste,-12.54,-55.72
2015,340,1.84,0.67,0.65,32.63,74.56,0.02,12.01,5.96,Sorriso,MT,Centro-Oeste,-12.54,-55.72
2015,341,0.41,0.66,0.62,34.85,70.87,0.02,20.47,9.57,Sorriso,MT,Centro-Oeste,-12.54,-55.72
2015,342,0.27,0.65,0.61,35.35,67.21,0.07,21.79,10.14,Sorriso,MT,Centro-Oeste,-12.54,-55.72
2015,343,1.1,0.65,0.62,32.26,71.52,0.05,19.95,9.49,Sorriso,MT,Centro-Oeste,-12.54,-55.72
2015,344,1.18,0.65,0.61,35.69,67.13,0.03,20.56,9.84,Sorriso,MT,Centro-Oeste,-12.54,-55.72
2015,345,0.01,0.64,0.61,31.62,71.55,0.13,24.14,11.44,Sorriso,MT,Centro-Oeste,-12.54,-55.72
2015,346,0.0,0.64,0.6,38.19,55.05,0.17,25.4,11.98,Sorriso,MT,Centro-Oeste,-12.54,-55.72
2015,347,13.03,0.65,0.68,34.82,66.39,0.07,22.98,10.77,Sorriso,MT,Centro-Oeste,-12.54,-55.72
2015,348,1.13,0.65,0.63,32.98,69.95,0.03,24.0,11.46,Sorriso,MT,Centro-Oeste,-12.54,-55.72
2015,349,10.89,0.65,0.67,35.09,68.28,0.07,23.72,11.41,Sorriso,MT,Centro-Oeste,-12.54,-55.72
2015,350,1.76,0.66,0.65,35.35,68.21,0.05,25.78,12.29,Sorriso,MT,Centro-Oeste,-12.54,-55.72
2015,351,0.06,0.65,0.61,35.13,61.54,0.11,26.31,12.48,Sorriso,MT,Centro-Oeste,-12.54,-55.72
2015,352,5.57,0.65,0.64,34.54,66.31,0.04,22.99,10.88,Sorriso,MT,Centro-Oeste,-12.54,-55.72
2015,353,3.64,0.65,0.64,33.8,68.74,0.08,26.4,12.46,Sorriso,MT,Centro-Oeste,-12.54,-55.72
2015,354,0.36,0.65,0.61,36.08,62.69,0.03,23.02,11.13,Sorriso,MT,Centro-Oeste,-12.54,-55.72
2015,355,3.01,0.65,0.62,32.86,68.56,0.15,23.47,11.32,Sorriso,MT,Centro-Oeste,-12.54,-55.72
2015,356,22.47,0.66,0.74,33.74,77.03,0.09,16.93,8.3,Sorriso,MT,Centro-Oeste,-12.54,-55.72
2015,357,2.87,0.68,0.7,29.19,83.9,0.08,24.67,11.74,Sorriso,MT,Centro-Oeste,-12.54,-55.72
2015,358,5.51,0.67,0.67,32.41,75.87,0.09,26.88,12.79,Sorriso,MT,Centro-Oeste,-12.54,-55.72
2015,359,3.06,0.67,0.67,33.69,73.52,0.17,24.25,11.63,Sorriso,MT,Centro-Oeste,-12.54,-55.72
2015,360,0.0,0.66,0.62,33.98,63.82,0.11,27.71,13.21,Sorriso,MT,Centro-Oeste,-12.54,-55.72
2015,361,9.64,0.66,0.68,28.17,78.17,0.09,22.78,10.9,Sorriso,MT,Centro-Oeste,-12.54,-55.72
2015,362,2.27,0.67,0.66,33.34,72.13,0.13,23.92,11.43,Sorriso,MT,Centro-Oeste,-12.54,-55.72
2015,363,18.0,0.68,0.73,32.48,75.89,0.03,18.29,9.0,Sorriso,MT,Centro-Oeste,-12.54,-55.72
2015,364,8.02,0.69,0.74,28.87,88.42,0.05,17.81,8.73,Sorriso,MT,Centro-Oeste,-12.54,-55.72
2015,365,3.77,0.69,0.7,31.77,77.38,0.17,20.39,9.76,Sorriso,MT,Centro-Oeste,-12.54,-55.72
2016,1,22.48,0.69,0.74,32.15,73.69,0.14,17.79,8.83,Sorriso,MT,Centro-Oeste,-12.54,-55.72
2016,2,7.98,0.72,0.78,27.88,92.6,0.04,16.96,8.38,Sorriso,MT,Centro-Oeste,-12.54,-55.72
2016,3,3.88,0.71,0.73,28.8,88.25,0.1,20.77,10.04,Sorriso,MT,Centro-Oeste,-12.54,-55.72
2016,4,10.64,0.7,0.73,31.14,85.15,0.04,19.32,9.41,Sorriso,MT,Centro-Oeste,-12.54,-55.72
2016,5,19.89,0.72,0.83,27.3,94.35,0.06,11.54,5.98,Sorriso,MT,Centro-Oeste,-12.54,-55.72
2016,6,11.23,0.74,0.8,28.3,93.59,0.14,15.13,7.6,Sorriso,MT,Centro-Oeste,-12.54,-55.72
2016,7,3.9,0.73,0.74,28.34,92.76,0.07,20.86,10.11,Sorriso,MT,Centro-Oeste,-12.54,-55.72
2016,8,4.92,0.72,0.75,26.54,94.5,0.03,18.84,9.27,Sorriso,MT,Centro-Oeste,-12.54,-55.72
2016,9,5.91,0.72,0.75,27.49,91.98,0.04,15.03,7.58,Sorriso,MT,Centro-Oeste,-12.54,-55.72
2016,10,4.66,0.72,0.73,29.0,88.32,0.04,15.5,7.66,Sorriso,MT,Centro-Oeste,-12.54,-55.72
2016,11,3.88,0.71,0.74,29.4,89.95,0.02,9.39,4.87,Sorriso,MT,Centro-Oeste,-12.54,-55.72
2016,12,0.61,0.71,0.7,29.43,86.29,0.05,13.57,6.73,Sorriso,MT,Centro-Oeste,-12.54,-55.72
2016,13,1.44,0.7,0.69,30.02,85.02,0.03,20.7,10.09,Sorriso,MT,Centro-Oeste,-12.54,-55.72
2016,14,8.17,0.7,0.72,29.43,89.24,0.04,7.01,3.8,Sorriso,MT,Centro-Oeste,-12.54,-55.72
2016,15,37.78,0.74,0.89,26.78,93.68,0.04,13.09,6.55,Sorriso,MT,Centro-Oeste,-12.54,-55.72
2016,16,5.59,0.76,0.81,27.62,93.86,0.05,14.08,6.88,Sorriso,MT,Centro-Oeste,-12.54,-55.72
2016,17,1.28,0.75,0.76,28.69,91.77,0.05,20.82,10.19,Sorriso,MT,Centro-Oeste,-12.54,-55.72
2016,18,6.32,0.74,0.77,27.39,92.6,0.04,17.81,8.89,Sorriso,MT,Centro-Oeste,-12.54,-55.72
2016,19,2.93,0.73,0.74,29.71,88.15,0.03,16.22,8.02,Sorriso,MT,Centro-Oeste,-12.54,-55.72
2016,20,2.56,0.73,0.75,28.04,90.54,0.04,10.75,5.72,Sorriso,MT,Centro-Oeste,-12.54,-55.72
2016,21,5.48,0.73,0.75,27.07,89.68,0.04,16.84,8.54,Sorriso,MT,Centro-Oeste,-12.54,-55.72
2016,22,0.86,0.72,0.72,30.31,85.57,0.03,18.1,8.85,Sorriso,MT,Centro-Oeste,-12.54,-55.72
2016,23,0.95,0.71,0.72,26.68,90.54,0.05,19.25,9.54,Sorriso,MT,Centro-Oeste,-12.54,-55.72
2016,24,0.16,0.71,0.71,29.75,87.14,0.04,22.42,10.87,Sorriso,MT,Centro-Oeste,-12.54,-55.72
2016,25,4.45,0.71,0.72,29.67,88.79,0.03,17.39,8.63,Sorriso,MT,Centro-Oeste,-12.54,-55.72
2016,26,4.76,0.71,0.73,29.81,89.95,0.03,10.27,5.32,Sorriso,MT,Centro-Oeste,-12.54,-55.72
2016,27,7.66,0.72,0.77,27.86,91.54,0.04,10.35,5.38,Sorriso,MT,Centro-Oeste,-12.54,-55.72
2016,28,0.37,0.72,0.72,29.9,86.52,0.04,15.48,7.45,Sorriso,MT,Centro-Oeste,-12.54,-55.72
2016,29,5.77,0.71,0.73,27.74,89.92,0.03,13.62,6.88,Sorriso,MT,Centro-Oeste,-12.54,-55.72
2016,30,4.23,0.72,0.74,27.54,91.41,0.03,12.18,6.35,Sorriso,MT,Centro-Oeste,-12.54,-55.72
2016,31,3.28,0.72,0.74,27.36,85.44,0.15,19.32,9.47,Sorriso,MT,Centro-Oeste,-12.54,-55.72
2016,32,1.28,0.71,0.71,30.1,83.97,0.07,21.88,10.55,Sorriso,MT,Centro-Oeste,-12.54,-55.72
2016,33,0.71,0.7,0.68,30.75,80.82,0.03,25.98,12.38,Sorriso,MT,Centro-Oeste,-12.54,-55.72
2016,34,1.29,0.69,0.67,31.24,80.98,0.04,24.89,11.85,Sorriso,MT,Centro-Oeste,-12.54,-55.72
2016,35,1.88,0.68,0.66,31.33,79.7,0.03,25.06,12.04,Sorriso,MT,Centro-Oeste,-12.54,-55.72
2016,36,0.99,0.68,0.66,31.67,79.01,0.03,22.53,10.96,Sorriso,MT,Centro-Oeste,-12.54,-55.72
2016,37,0.03,0.68,0.64,32.56,75.03,0.04,23.07,11.15,Sorriso,MT,Centro-Oeste,-12.54,-55.72
2016,38,0.25,0.67,0.64,31.23,77.45,0.04,25.97,12.44,Sorriso,MT,Centro-Oeste,-12.54,-55.72
2016,39,0.12,0.67,0.64,30.99,80.08,0.03,26.1,12.44,Sorriso,MT,Centro-Oeste,-12.54,-55.72
2016,40,0.47,0.67,0.63,32.14,74.75,0.03,16.41,8.07,Sorriso,MT,Centro-Oeste,-12.54,-55.72
2016,41,0.18,0.67,0.63,32.82,74.14,0.05,14.94,7.46,Sorriso,MT,Centro-Oeste,-12.54,-55.72
2016,42,0.47,0.66,0.62,35.1,68.52,0.11,27.44,12.99,Sorriso,MT,Centro-Oeste,-12.54,-55.72
2016,43,1.04,0.66,0.62,34.49,70.14,0.02,26.76,12.77,Sorriso,MT,Centro-Oeste,-12.54,-55.72
2016,44,0.43,0.66,0.61,35.77,64.4,0.03,22.18,10.76,Sorriso,MT,Centro-Oeste,-12.54,-55.72
2016,45,1.96,0.66,0.63,32.71,74.79,0.02,11.16,5.64,Sorriso,MT,Centro-Oeste,-12.54,-55.72
2016,46,1.7,0.66,0.63,32.18,78.57,0.04,17.67,8.75,Sorriso,MT,Centro-Oeste,-12.54,-55.72
2016,47,0.77,0.66,0.62,32.71,74.84,0.03,21.58,10.57,Sorriso,MT,Centro-Oeste,-12.54,-55.72
2016,48,0.41,0.65,0.61,34.78,68.43,0.03,23.3,11.28,Sorriso,MT,Centro-Oeste,-12.54,-55.72
2016,49,1.07,0.65,0.61,36.59,66.2,0.03,26.92,12.74,Sorriso,MT,Centro-Oeste,-12.54,-55.72
2016,50,0.56,0.65,0.61,35.27,66.95,0.06,23.07,11.16,Sorriso,MT,Centro-Oeste,-12.54,-55.72
2016,51,2.21,0.65,0.62,33.59,68.81,0.03,23.83,11.55,Sorriso,MT,Centro-Oeste,-12.54,-55.72
2016,52,2.06,0.65,0.62,33.45,71.67,0.03,23.85,11.56,Sorriso,MT,Centro-Oeste,-12.54,-55.72
2016,53,4.24,0.65,0.64,32.25,75.68,0.03,18.08,8.85,Sorriso,MT,Centro-Oeste,-12.54,-55.72
2016,54,3.08,0.66,0.64,34.16,74.6,0.03,19.52,9.58,Sorriso,MT,Centro-Oeste,-12.54,-55.72
2016,55,10.44,0.66,0.67,33.86,73.29,0.03,19.8,9.77,Sorriso,MT,Centro-Oeste,-12.54,-55.72
2016,56,5.97,0.67,0.7,31.0,81.06,0.11,20.03,9.84,Sorriso,MT,Centro-Oeste,-12.54,-55.72
2016,57,2.36,0.67,0.64,33.38,78.32,0.11,20.68,10.22,Sorriso,MT,Centro-Oeste,-12.54,-55.72
2016,58,4.7,0.67,0.65,32.29,79.35,0.03,20.74,10.19,Sorriso,MT,Centro-Oeste,-12.54,-55.72
2016,59,2.23,0.67,0.67,30.34,75.0,0.08,16.24,8.12,Sorriso,MT,Centro-Oeste,-12.54,-55.72
2016,60,0.48,0.67,0.62,34.68,65.9,0.03,23.29,11.27,Sorriso,MT,Centro-Oeste,-12.54,-55.72
2016,61,17.64,0.67,0.69,34.68,75.35,0.03,22.38,10.95,Sorriso,MT,Centro-Oeste,-12.54,-55.72
2016,62,5.23,0.69,0.72,32.59,83.35,0.04,15.96,8.1,Sorriso,MT,Centro-Oeste,-12.54,-55.72
2016,63,7.66,0.69,0.69,31.86,81.21,0.03,20.02,9.93,Sorriso,MT,Centro-Oeste,-12.54,-55.72
2016,64,17.14,0.7,0.76,29.57,90.92,0.06,19.87,9.62,Sorriso,MT,Centro-Oeste,-12.54,-55.72
2016,65,20.07,0.74,0.83,28.66,89.6,0.03,11.69,6.07,Sorriso,MT,Centro-Oeste,-12.54,-55.72
2016,66,0.68,0.72,0.72,29.53,84.87,0.16,17.21,8.52,Sorriso,MT,Centro-Oeste,-12.54,-55.72
2016,67,0.3,0.7,0.68,30.93,81.77,0.15,17.8,8.85,Sorriso,MT,Centro-Oeste,-12.54,-55.72
2016,68,11.03,0.69,0.7,29.64,86.33,0.03,10.01,5.22,Sorriso,MT,Centro-Oeste,-12.54,-55.72
2016,69,12.81,0.72,0.79,26.83,94.28,0.08,15.16,7.59,Sorriso,MT,Centro-Oeste,-12.54,-55.72
2016,70,9.93,0.73,0.78,25.89,96.59,0.03,8.19,4.4,Sorriso,MT,Centro-Oeste,-12.54,-55.72
2016,71,7.57,0.73,0.77,25.9,94.5,0.14,12.02,6.28,Sorriso,MT,Centro-Oeste,-12.54,-55.72
2016,72,18.01,0.75,0.84,28.36,92.64,0.24,14.16,7.34,Sorriso,MT,Centro-Oeste,-12.54,-55.72
2016,73,8.86,0.74,0.79,28.21,91.59,0.16,18.74,9.22,Sorriso,MT,Centro-Oeste,-12.54,-55.72
2016,74,4.5,0.74,0.76,29.68,89.31,0.1,18.2,8.91,Sorriso,MT,Centro-Oeste,-12.54,-55.72
2016,75,12.96,0.74,0.8,27.28,93.84,0.1,6.96,3.75,Sorriso,MT,Centro-Oeste,-12.54,-55.72
2016,76,0.11,0.74,0.75,29.49,88.24,0.04,22.32,10.8,Sorriso,MT,Centro-Oeste,-12.54,-55.72
2016,77,0.0,0.72,0.72,29.76,86.38,0.09,23.06,11.12,Sorriso,MT,Centro-Oeste,-12.54,-55.72
2016,78,0.38,0.72,0.71,29.23,87.14,0.02,17.0,8.41,Sorriso,MT,Centro-Oeste,-12.54,-55.72
2016,79,0.5,0.71,0.7,30.11,83.01,0.19,19.06,9.34,Sorriso,MT,Centro-Oeste,-12.54,-55.72
2016,80,0.12,0.7,0.68,31.34,79.5,0.18,24.1,11.55,Sorriso,MT,Centro-Oeste,-12.54,-55.72
2016,81,10.34,0.7,0.72,31.84,81.54,0.21,18.71,9.13,Sorriso,MT,Centro-Oeste,-12.54,-55.72
2016,82,2.07,0.71,0.72,30.47,85.47,0.08,19.14,9.3,Sorriso,MT,Centro-Oeste,-12.54,-55.72
2016,83,0.06,0.7,0.68,31.49,83.15,0.02,20.64,10.04,Sorriso,MT,Centro-Oeste,-12.54,-55.72
2016,84,0.24,0.69,0.67,29.65,84.8,0.03,17.63,8.64,Sorriso,MT,Centro-Oeste,-12.54,-55.72
2016,85,1.14,0.69,0.66,30.74,81.61,0.08,13.9,7.02,Sorriso,MT,Centro-Oeste,-12.54,-55.72
2016,86,0.38,0.69,0.66,28.39,83.28,0.08,17.71,8.34,Sorriso,MT,Centro-Oeste,-12.54,-55.72
2016,87,0.1,0.68,0.65,33.0,75.21,0.04,18.2,8.89,Sorriso,MT,Centro-Oeste,-12.54,-55.72
2016,88,0.2,0.68,0.64,33.07,72.93,0.07,23.1,11.16,Sorriso,MT,Centro-Oeste,-12.54,-55.72
2016,89,0.2,0.67,0.64,30.96,81.61,0.06,13.02,6.75,Sorriso,MT,Centro-Oeste,-12.54,-55.72
2016,90,0.05,0.67,0.63,32.87,76.23,0.03,24.5,11.73,Sorriso,MT,Centro-Oeste,-12.54,-55.72
2016,91,0.01,0.67,0.62,34.26,74.07,0.03,23.12,11.04,Sorriso,MT,Centro-Oeste,-12.54,-55.72
2016,92,0.09,0.66,0.62,34.73,73.11,0.05,24.99,11.9,Sorriso,MT,Centro-Oeste,-12.54,-55.72
2016,93,0.22,0.66,0.62,34.13,74.0,0.03,18.42,9.16,Sorriso,MT,Centro-Oeste,-12.54,-55.72
2016,94,1.12,0.66,0.62,33.38,74.12,0.12,24.32,11.64,Sorriso,MT,Centro-Oeste,-12.54,-55.72
2016,95,2.52,0.66,0.64,31.63,79.74,0.03,21.28,10.44,Sorriso,MT,Centro-Oeste,-12.54,-55.72
2016,96,0.19,0.66,0.63,31.94,78.32,0.03,23.82,11.47,Sorriso,MT,Centro-Oeste,-12.54,-55.72
2016,97,0.0,0.66,0.62,32.33,77.42,0.14,21.29,10.28,Sorriso,MT,Centro-Oeste,-12.54,-55.72
2016,98,0.03,0.66,0.62,34.01,73.32,0.12,18.63,9.23,Sorriso,MT,Centro-Oeste,-12.54,-55.72
2016,99,0.04,0.66,0.61,34.04,73.44,0.04,22.62,10.93,Sorriso,MT,Centro-Oeste,-12.54,-55.72
2016,100,0.6,0.65,0.61,34.33,72.15,0.07,17.54,8.79,Sorriso,MT,Centro-Oeste,-12.54,-55.72
2016,101,23.78,0.67,0.75,30.22,85.13,0.07,20.81,10.06,Sorriso,MT,Centro-Oeste,-12.54,-55.72
2016,102,1.12,0.7,0.7,30.65,84.9,0.14,17.53,8.7,Sorriso,MT,Centro-Oeste,-12.54,-55.72
2016,103,0.23,0.69,0.67,29.54,83.2,0.12,18.61,9.17,Sorriso,MT,Centro-Oeste,-12.54,-55.72
2016,104,2.95,0.68,0.66,31.36,80.14,0.14,21.07,10.23,Sorriso,MT,Centro-Oeste,-12.54,-55.72
2016,105,1.58,0.68,0.67,31.4,81.36,0.17,20.49,10.09,Sorriso,MT,Centro-Oeste,-12.54,-55.72
2016,106,0.01,0.67,0.63,32.31,77.56,0.04,23.6,11.24,Sorriso,MT,Centro-Oeste,-12.54,-55.72
2016,107,0.0,0.67,0.62,33.52,73.56,0.04,24.5,11.57,Sorriso,MT,Centro-Oeste,-12.54,-55.72
2016,108,0.0,0.66,0.61,34.0,71.07,0.04,24.67,11.63,Sorriso,MT,Centro-Oeste,-12.54,-55.72
2016,109,0.0,0.65,0.61,34.66,68.52,0.04,25.11,11.68,Sorriso,MT,Centro-Oeste,-12.54,-55.72
2016,110,0.0,0.65,0.6,35.48,68.51,0.03,24.69,11.57,Sorriso,MT,Centro-Oeste,-12.54,-55.72
2016,111,0.0,0.65,0.6,34.8,68.1,0.03,23.7,11.15,Sorriso,MT,Centro-Oeste,-12.54,-55.72
2016,112,0.0,0.64,0.6,35.47,65.63,0.1,23.68,11.07,Sorriso,MT,Centro-Oeste,-12.54,-55.72
2016,113,0.0,0.64,0.6,35.05,65.3,0.03,23.72,11.08,Sorriso,MT,Centro-Oeste,-12.54,-55.72
2016,114,0.0,0.64,0.59,35.19,66.58,0.09,22.72,10.65,Sorriso,MT,Centro-Oeste,-12.54,-55.72
2016,115,0.0,0.64,0.6,35.16,67.82,0.08,22.56,10.68,Sorriso,MT,Centro-Oeste,-12.54,-55.72
2016,116,0.0,0.64,0.59,35.3,65.75,0.05,22.62,10.73,Sorriso,MT,Centro-Oeste,-12.54,-55.72
2016,117,1.35,0.64,0.6,33.93,69.76,0.05,20.35,9.87,Sorriso,MT,Centro-Oeste,-12.54,-55.72
2016,118,0.15,0.64,0.61,24.48,64.56,0.06,14.33,7.18,Sorriso,MT,Centro-Oeste,-12.54,-55.72
2016,119,0.0,0.64,0.6,30.87,51.85,0.04,22.53,10.53,Sorriso,MT,Centro-Oeste,-12.54,-55.72
2016,120,0.0,0.63,0.6,33.47,52.59,0.03,22.69,10.64,Sorriso,MT,Centro-Oeste,-12.54,-55.72
2016,121,0.0,0.63,0.59,32.82,54.63,0.05,23.54,10.93,Sorriso,MT,Centro-Oeste,-12.54,-55.72
2016,122,0.0,0.63,0.59,34.28,56.85,0.15,23.95,11.02,Sorriso,MT,Centro-Oeste,-12.54,-55.72
2016,123,0.0,0.63,0.59,35.63,61.43,0.17,23.56,10.87,Sorriso,MT,Centro-Oeste,-12.54,-55.72
2016,124,0.03,0.63,0.59,35.91,60.94,0.18,21.11,9.8,Sorriso,MT,Centro-Oeste,-12.54,-55.72
2016,125,0.01,0.63,0.59,35.16,58.47,0.13,21.7,10.11,Sorriso,MT,Centro-Oeste,-12.54,-55.72
2016,126,0.0,0.63,0.59,35.05,59.55,0.16,22.29,10.44,Sorriso,MT,Centro-Oeste,-12.54,-55.72
2016,127,0.02,0.63,0.59,35.34,63.08,0.11,20.44,9.62,Sorriso,MT,Centro-Oeste,-12.54,-55.72
2016,128,0.05,0.62,0.59,34.52,64.69,0.03,20.42,9.58,Sorriso,MT,Centro-Oeste,-12.54,-55.72
2016,129,0.01,0.62,0.59,35.52,60.34,0.05,16.64,8.06,Sorriso,MT,Centro-Oeste,-12.54,-55.72
2016,130,0.01,0.62,0.59,35.22,60.98,0.11,19.81,9.32,Sorriso,MT,Centro-Oeste,-12.54,-55.72
2016,131,0.0,0.62,0.59,36.06,60.09,0.04,20.73,9.73,Sorriso,MT,Centro-Oeste,-12.54,-55.72
2016,132,0.01,0.62,0.58,36.07,64.78,0.12,19.88,9.28,Sorriso,MT,Centro-Oeste,-12.54,-55.72
2016,133,0.0,0.62,0.58,36.88,58.81,0.11,19.9,9.31,Sorriso,MT,Centro-Oeste,-12.54,-55.72
2016,134,0.0,0.62,0.58,36.98,56.88,0.12,19.6,9.2,Sorriso,MT,Centro-Oeste,-12.54,-55.72
2016,135,0.0,0.62,0.58,36.52,56.21,0.11,20.31,9.45,Sorriso,MT,Centro-Oeste,-12.54,-55.72
2016,136,0.0,0.62,0.57,35.22,63.18,0.04,20.04,9.32,Sorriso,MT,Centro-Oeste,-12.54,-55.72
2016,137,0.0,0.62,0.57,34.79,64.53,0.04,18.6,8.77,Sorriso,MT,Centro-Oeste,-12.54,-55.72
2016,138,0.0,0.62,0.57,32.75,66.21,0.09,16.6,7.92,Sorriso,MT,Centro-Oeste,-12.54,-55.72
2016,139,0.02,0.62,0.58,32.82,64.7,0.03,14.75,7.18,Sorriso,MT,Centro-Oeste,-12.54,-55.72
2016,140,0.01,0.62,0.57,34.52,63.88,0.04,17.44,8.21,Sorriso,MT,Centro-Oeste,-12.54,-55.72
2016,141,0.12,0.61,0.56,35.2,60.62,0.03,19.42,9.14,Sorriso,MT,Centro-Oeste,-12.54,-55.72
2016,142,0.04,0.61,0.56,34.3,63.76,0.15,16.59,7.94,Sorriso,MT,Centro-Oeste,-12.54,-55.72
2016,143,0.0,0.61,0.55,34.95,64.86,0.06,12.45,6.22,Sorriso,MT,Centro-Oeste,-12.54,-55.72
2016,144,0.0,0.61,0.53,33.73,59.39,0.06,15.36,7.39,Sorriso,MT,Centro-Oeste,-12.54,-55.72
2016,145,0.0,0.61,0.52,34.33,55.62,0.06,20.11,9.4,Sorriso,MT,Centro-Oeste,-12.54,-55.72
2016,146,0.0,0.61,0.51,36.05,55.06,0.09,21.08,9.73,Sorriso,MT,Centro-Oeste,-12.54,-55.72
2016,147,0.0,0.61,0.49,36.1,52.12,0.17,17.56,8.13,Sorriso,MT,Centro-Oeste,-12.54,-55.72
2016,148,0.27,0.61,0.48,33.64,55.3,0.05,17.18,8.1,Sorriso,MT,Centro-Oeste,-12.54,-55.72
2016,149,0.12,0.61,0.48,34.56,57.53,0.05,17.99,8.41,Sorriso,MT,Centro-Oeste,-12.54,-55.72
2016,150,0.0,0.61,0.47,35.29,55.51,0.04,19.04,8.93,Sorriso,MT,Centro-Oeste,-12.54,-55.72
2016,151,0.0,0.61,0.46,35.89,50.71,0.08,20.93,9.65,Sorriso,MT,Centro-Oeste,-12.54,-55.72
2016,152,0.0,0.61,0.45,36.25,49.33,0.03,19.16,8.81,Sorriso,MT,Centro-Oeste,-12.54,-55.72
2016,153,0.05,0.61,0.44,36.58,48.33,0.05,18.35,8.35,Sorriso,MT,Centro-Oeste,-12.54,-55.72
2016,154,0.44,0.6,0.43,36.25,51.68,0.06,17.97,8.25,Sorriso,MT,Centro-Oeste,-12.54,-55.72
2016,155,0.0,0.6,0.43,36.28,54.57,0.08,15.25,7.11,Sorriso,MT,Centro-Oeste,-12.54,-55.72
2016,156,0.0,0.6,0.43,35.23,57.96,0.18,17.33,7.95,Sorriso,MT,Centro-Oeste,-12.54,-55.72
2016,157,0.0,0.6,0.43,36.54,52.97,0.11,17.53,8.02,Sorriso,MT,Centro-Oeste,-12.54,-55.72
2016,158,1.62,0.6,0.43,36.64,48.65,0.23,16.59,7.57,Sorriso,MT,Centro-Oeste,-12.54,-55.72
2016,159,16.39,0.62,0.62,33.49,69.11,0.19,14.83,6.9,Sorriso,MT,Centro-Oeste,-12.54,-55.72
2016,160,0.08,0.64,0.65,32.64,67.78,0.04,12.88,6.23,Sorriso,MT,Centro-Oeste,-12.54,-55.72
2016,161,0.0,0.63,0.6,32.82,60.55,0.13,14.05,6.69,Sorriso,MT,Centro-Oeste,-12.54,-55.72
2016,162,0.02,0.63,0.6,33.72,59.59,0.03,15.34,7.23,Sorriso,MT,Centro-Oeste,-12.54,-55.72
2016,163,0.0,0.62,0.6,29.4,55.62,0.04,18.15,8.41,Sorriso,MT,Centro-Oeste,-12.54,-55.72
2016,164,0.0,0.62,0.6,31.8,57.33,0.05,20.32,9.34,Sorriso,MT,Centro-Oeste,-12.54,-55.72
2016,165,0.0,0.62,0.59,32.56,57.76,0.11,20.41,9.37,Sorriso,MT,Centro-Oeste,-12.54,-55.72
2016,166,0.0,0.62,0.58,33.99,54.9,0.04,19.92,9.16,Sorriso,MT,Centro-Oeste,-12.54,-55.72
2016,167,0.09,0.62,0.57,33.86,59.28,0.07,16.92,7.89,Sorriso,MT,Centro-Oeste,-12.54,-55.72
2016,168,0.0,0.61,0.55,34.26,54.09,0.1,19.15,8.84,Sorriso,MT,Centro-Oeste,-12.54,-55.72
2016,169,0.0,0.61,0.53,34.04,50.81,0.13,18.39,8.42,Sorriso,MT,Centro-Oeste,-12.54,-55.72
2016,170,0.0,0.61,0.51,34.51,48.57,0.12,19.89,8.92,Sorriso,MT,Centro-Oeste,-12.54,-55.72
2016,171,0.0,0.61,0.49,34.94,47.38,0.16,18.23,8.23,Sorriso,MT,Centro-Oeste,-12.54,-55.72
2016,172,0.0,0.61,0.47,34.71,45.14,0.06,19.3,8.68,Sorriso,MT,Centro-Oeste,-12.54,-55.72
2016,173,0.0,0.61,0.44,34.55,43.72,0.07,19.22,8.64,Sorriso,MT,Centro-Oeste,-12.54,-55.72
2016,174,0.0,0.6,0.43,33.28,46.85,0.06,17.91,8.19,Sorriso,MT,Centro-Oeste,-12.54,-55.72
2016,175,0.0,0.6,0.42,35.08,46.5,0.06,19.58,8.93,Sorriso,MT,Centro-Oeste,-12.54,-55.72
2016,176,0.0,0.6,0.41,35.81,41.64,0.12,20.16,9.13,Sorriso,MT,Centro-Oeste,-12.54,-55.72
2016,177,0.0,0.6,0.39,34.66,34.87,0.04,20.54,9.25,Sorriso,MT,Centro-Oeste,-12.54,-55.72
2016,178,0.0,0.6,0.38,33.9,33.64,0.04,19.86,8.96,Sorriso,MT,Centro-Oeste,-12.54,-55.72
2016,179,0.0,0.6,0.37,34.56,35.2,0.05,19.62,8.97,Sorriso,MT,Centro-Oeste,-12.54,-55.72
2016,180,0.0,0.6,0.36,33.58,36.88,0.06,20.07,9.12,Sorriso,MT,Centro-Oeste,-12.54,-55.72
2016,181,0.0,0.6,0.36,33.79,37.89,0.07,20.01,9.07,Sorriso,MT,Centro-Oeste,-12.54,-55.72
2016,182,0.0,0.6,0.35,34.16,35.42,0.05,20.85,9.46,Sorriso,MT,Centro-Oeste,-12.54,-55.72
2016,183,0.0,0.6,0.35,34.1,36.02,0.21,20.93,9.47,Sorriso,MT,Centro-Oeste,-12.54,-55.72
2016,184,0.0,0.6,0.35,33.6,37.49,0.15,20.35,9.29,Sorriso,MT,Centro-Oeste,-12.54,-55.72
2016,185,0.0,0.6,0.34,34.44,36.8,0.12,20.82,9.48,Sorriso,MT,Centro-Oeste,-12.54,-55.72
2016,186,0.0,0.6,0.34,34.95,37.92,0.12,20.64,9.45,Sorriso,MT,Centro-Oeste,-12.54,-55.72
2016,187,0.0,0.6,0.34,35.16,34.56,0.08,21.07,9.5,Sorriso,MT,Centro-Oeste,-12.54,-55.72
2016,188,0.0,0.6,0.33,35.56,35.82,0.1,18.25,8.48,Sorriso,MT,Centro-Oeste,-12.54,-55.72
2016,189,0.0,0.6,0.33,35.28,38.52,0.08,20.27,9.31,Sorriso,MT,Centro-Oeste,-12.54,-55.72
2016,190,0.0,0.6,0.33,35.55,36.07,0.11,20.89,9.48,Sorriso,MT,Centro-Oeste,-12.54,-55.72
2016,191,0.0,0.6,0.33,36.19,32.38,0.29,21.17,9.56,Sorriso,MT,Centro-Oeste,-12.54,-55.72
2016,192,0.0,0.6,0.32,36.7,32.97,0.27,20.98,9.42,Sorriso,MT,Centro-Oeste,-12.54,-55.72
2016,193,0.0,0.6,0.32,36.79,34.81,0.13,20.76,9.36,Sorriso,MT,Centro-Oeste,-12.54,-55.72
2016,194,0.0,0.6,0.32,34.41,36.12,0.18,20.11,9.13,Sorriso,MT,Centro-Oeste,-12.54,-55.72
2016,195,0.0,0.6,0.32,36.05,36.3,0.09,19.35,8.72,Sorriso,MT,Centro-Oeste,-12.54,-55.72
2016,196,0.0,0.6,0.31,36.67,34.43,0.27,21.02,9.49,Sorriso,MT,Centro-Oeste,-12.54,-55.72
2016,197,0.0,0.6,0.31,36.77,29.89,0.35,21.44,9.6,Sorriso,MT,Centro-Oeste,-12.54,-55.72
2016,198,0.0,0.6,0.31,36.92,28.55,0.27,21.43,9.58,Sorriso,MT,Centro-Oeste,-12.54,-55.72
2016,199,0.0,0.6,0.3,33.77,43.98,0.03,20.19,9.25,Sorriso,MT,Centro-Oeste,-12.54,-55.72
2016,200,0.0,0.6,0.3,34.83,34.8,0.19,20.98,9.51,Sorriso,MT,Centro-Oeste,-12.54,-55.72
2016,201,0.0,0.6,0.3,34.89,32.66,0.04,21.41,9.57,Sorriso,MT,Centro-Oeste,-12.54,-55.72
2016,202,0.0,0.6,0.3,35.43,31.74,0.07,21.83,9.75,Sorriso,MT,Centro-Oeste,-12.54,-55.72
2016,203,0.0,0.6,0.3,35.33,30.34,0.04,21.89,9.75,Sorriso,MT,Centro-Oeste,-12.54,-55.72
2016,204,0.0,0.6,0.29,35.35,29.51,0.07,21.66,9.63,Sorriso,MT,Centro-Oeste,-12.54,-55.72
2016,205,0.0,0.6,0.29,36.0,30.26,0.25,21.91,9.72,Sorriso,MT,Centro-Oeste,-12.54,-55.72
2016,206,0.0,0.6,0.29,36.17,30.41,0.08,19.38,8.77,Sorriso,MT,Centro-Oeste,-12.54,-55.72
2016,207,0.0,0.6,0.28,35.9,29.66,0.08,22.01,10.0,Sorriso,MT,Centro-Oeste,-12.54,-55.72
2016,208,0.0,0.6,0.28,36.37,28.99,0.07,21.9,9.86,Sorriso,MT,Centro-Oeste,-12.54,-55.72
2016,209,0.0,0.6,0.28,36.16,28.72,0.09,21.5,9.66,Sorriso,MT,Centro-Oeste,-12.54,-55.72
2016,210,0.0,0.6,0.28,36.11,28.9,0.11,22.36,10.0,Sorriso,MT,Centro-Oeste,-12.54,-55.72
2016,211,0.0,0.6,0.27,35.88,25.29,0.1,22.56,10.06,Sorriso,MT,Centro-Oeste,-12.54,-55.72
2016,212,0.0,0.6,0.27,36.09,24.26,0.07,22.46,10.04,Sorriso,MT,Centro-Oeste,-12.54,-55.72
2016,213,0.0,0.6,0.26,35.62,23.55,0.1,22.37,9.98,Sorriso,MT,Centro-Oeste,-12.54,-55.72
2016,214,0.0,0.6,0.26,35.5,26.12,0.1,22.41,10.0,Sorriso,MT,Centro-Oeste,-12.54,-55.72
2016,215,0.0,0.6,0.26,35.38,27.52,0.13,22.63,10.09,Sorriso,MT,Centro-Oeste,-12.54,-55.72
2016,216,0.0,0.6,0.26,35.95,27.26,0.16,22.73,10.14,Sorriso,MT,Centro-Oeste,-12.54,-55.72
2016,217,0.0,0.6,0.25,36.74,27.8,0.22,22.15,9.94,Sorriso,MT,Centro-Oeste,-12.54,-55.72
2016,218,0.0,0.6,0.25,36.98,30.81,0.07,21.86,9.88,Sorriso,MT,Centro-Oeste,-12.54,-55.72
2016,219,0.0,0.6,0.25,37.33,29.85,0.09,22.5,10.09,Sorriso,MT,Centro-Oeste,-12.54,-55.72
2016,220,0.0,0.6,0.25,37.22,27.11,0.12,22.39,9.96,Sorriso,MT,Centro-Oeste,-12.54,-55.72
2016,221,0.0,0.59,0.25,37.33,26.18,0.21,22.68,10.07,Sorriso,MT,Centro-Oeste,-12.54,-55.72
2016,222,0.0,0.59,0.24,37.55,23.24,0.16,21.62,9.51,Sorriso,MT,Centro-Oeste,-12.54,-55.72
2016,223,0.0,0.59,0.24,36.49,33.78,0.07,20.96,9.34,Sorriso,MT,Centro-Oeste,-12.54,-55.72
2016,224,0.0,0.59,0.24,36.03,33.55,0.23,21.01,9.51,Sorriso,MT,Centro-Oeste,-12.54,-55.72
2016,225,0.0,0.59,0.24,36.89,29.18,0.05,20.73,9.34,Sorriso,MT,Centro-Oeste,-12.54,-55.72
2016,226,0.0,0.59,0.24,34.61,32.38,0.09,18.51,8.3,Sorriso,MT,Centro-Oeste,-12.54,-55.72
2016,227,0.0,0.59,0.23,38.99,27.98,0.06,19.72,8.73,Sorriso,MT,Centro-Oeste,-12.54,-55.72
2016,228,0.0,0.59,0.23,37.72,36.14,0.22,18.85,8.61,Sorriso,MT,Centro-Oeste,-12.54,-55.72
2016,229,19.89,0.61,0.5,36.61,54.2,0.22,17.36,8.11,Sorriso,MT,Centro-Oeste,-12.54,-55.72
2016,230,1.73,0.63,0.63,36.37,66.82,0.2,19.22,8.83,Sorriso,MT,Centro-Oeste,-12.54,-55.72
2016,231,0.0,0.62,0.6,37.21,53.02,0.22,17.04,7.75,Sorriso,MT,Centro-Oeste,-12.54,-55.72
2016,232,0.71,0.62,0.59,37.58,46.0,0.1,16.8,7.67,Sorriso,MT,Centro-Oeste,-12.54,-55.72
2016,233,1.24,0.62,0.6,37.39,53.66,0.2,16.81,7.83,Sorriso,MT,Centro-Oeste,-12.54,-55.72
2016,234,0.75,0.62,0.58,26.59,60.63,0.06,10.99,5.41,Sorriso,MT,Centro-Oeste,-12.54,-55.72
2016,235,0.0,0.61,0.56,31.07,39.23,0.04,22.58,10.27,Sorriso,MT,Centro-Oeste,-12.54,-55.72
2016,236,0.0,0.61,0.53,35.15,44.22,0.06,23.67,10.61,Sorriso,MT,Centro-Oeste,-12.54,-55.72
2016,237,0.0,0.61,0.49,37.15,44.66,0.12,22.62,10.11,Sorriso,MT,Centro-Oeste,-12.54,-55.72
2016,238,0.1,0.61,0.45,36.53,41.28,0.07,18.33,8.37,Sorriso,MT,Centro-Oeste,-12.54,-55.72
2016,239,0.01,0.6,0.42,36.96,43.81,0.04,16.28,7.6,Sorriso,MT,Centro-Oeste,-12.54,-55.72
2016,240,0.0,0.6,0.4,36.1,43.7,0.16,17.52,8.03,Sorriso,MT,Centro-Oeste,-12.54,-55.72
2016,241,1.39,0.6,0.39,37.25,41.88,0.25,17.14,7.76,Sorriso,MT,Centro-Oeste,-12.54,-55.72
2016,242,17.42,0.62,0.62,31.93,65.94,0.17,12.89,6.2,Sorriso,MT,Centro-Oeste,-12.54,-55.72
2016,243,0.17,0.63,0.62,30.6,67.89,0.1,12.24,5.9,Sorriso,MT,Centro-Oeste,-12.54,-55.72
2016,244,0.01,0.63,0.6,32.45,60.41,0.03,16.56,7.68,Sorriso,MT,Centro-Oeste,-12.54,-55.72
2016,245,8.71,0.63,0.66,31.77,71.22,0.02,15.22,7.04,Sorriso,MT,Centro-Oeste,-12.54,-55.72
2016,246,0.1,0.63,0.62,34.66,64.65,0.03,9.62,4.89,Sorriso,MT,Centro-Oeste,-12.54,-55.72
2016,247,0.0,0.63,0.6,32.65,62.89,0.04,17.37,8.12,Sorriso,MT,Centro-Oeste,-12.54,-55.72
2016,248,0.0,0.62,0.6,33.42,58.14,0.05,15.46,7.35,Sorriso,MT,Centro-Oeste,-12.54,-55.72
2016,249,0.0,0.62,0.59,34.23,53.08,0.04,20.59,9.48,Sorriso,MT,Centro-Oeste,-12.54,-55.72
2016,250,0.0,0.62,0.58,33.07,52.89,0.05,21.32,9.71,Sorriso,MT,Centro-Oeste,-12.54,-55.72
2016,251,0.0,0.61,0.56,35.32,48.87,0.04,22.01,9.91,Sorriso,MT,Centro-Oeste,-12.54,-55.72
2016,252,0.0,0.61,0.53,36.0,51.1,0.04,21.73,9.91,Sorriso,MT,Centro-Oeste,-12.54,-55.72
2016,253,0.0,0.61,0.49,38.12,47.35,0.04,22.31,10.26,Sorriso,MT,Centro-Oeste,-12.54,-55.72
2016,254,0.06,0.61,0.45,38.02,42.19,0.1,18.11,8.18,Sorriso,MT,Centro-Oeste,-12.54,-55.72
2016,255,0.37,0.6,0.42,38.27,36.91,0.14,22.44,10.12,Sorriso,MT,Centro-Oeste,-12.54,-55.72
2016,256,0.0,0.6,0.39,38.61,30.57,0.11,22.12,9.77,Sorriso,MT,Centro-Oeste,-12.54,-55.72
2016,257,0.0,0.6,0.37,37.77,37.73,0.06,15.59,7.27,Sorriso,MT,Centro-Oeste,-12.54,-55.72
2016,258,2.53,0.6,0.41,30.59,57.6,0.19,17.5,7.82,Sorriso,MT,Centro-Oeste,-12.54,-55.72
2016,259,3.61,0.61,0.46,36.17,57.46,0.11,14.26,6.0,Sorriso,MT,Centro-Oeste,-12.54,-55.72
2016,260,0.25,0.61,0.54,38.03,57.31,0.19,12.38,5.71,Sorriso,MT,Centro-Oeste,-12.54,-55.72
2016,261,0.09,0.61,0.49,39.57,44.2,0.2,19.95,8.65,Sorriso,MT,Centro-Oeste,-12.54,-55.72
2016,262,7.85,0.61,0.55,38.01,58.06,0.23,16.65,7.6,Sorriso,MT,Centro-Oeste,-12.54,-55.72
2016,263,9.86,0.63,0.69,30.84,74.96,0.09,21.6,9.49,Sorriso,MT,Centro-Oeste,-12.54,-55.72
2016,264,0.0,0.63,0.6,36.41,58.0,0.04,22.02,10.04,Sorriso,MT,Centro-Oeste,-12.54,-55.72
2016,265,9.58,0.63,0.65,36.13,61.42,0.11,18.8,8.99,Sorriso,MT,Centro-Oeste,-12.54,-55.72
2016,266,26.74,0.67,0.8,31.32,79.1,0.15,21.16,9.78,Sorriso,MT,Centro-Oeste,-12.54,-55.72
2016,267,9.35,0.69,0.72,31.02,81.95,0.13,13.55,6.71,Sorriso,MT,Centro-Oeste,-12.54,-55.72
2016,268,5.65,0.68,0.68,29.46,81.14,0.16,18.39,8.68,Sorriso,MT,Centro-Oeste,-12.54,-55.72
2016,269,4.37,0.68,0.68,29.05,77.98,0.11,21.81,10.2,Sorriso,MT,Centro-Oeste,-12.54,-55.72
2016,270,0.0,0.66,0.63,33.83,64.47,0.1,20.89,9.85,Sorriso,MT,Centro-Oeste,-12.54,-55.72
2016,271,2.02,0.66,0.63,34.36,66.01,0.1,18.64,8.92,Sorriso,MT,Centro-Oeste,-12.54,-55.72
2016,272,0.12,0.65,0.61,35.97,59.9,0.1,22.75,10.76,Sorriso,MT,Centro-Oeste,-12.54,-55.72
2016,273,2.15,0.65,0.61,35.44,61.79,0.08,21.19,10.09,Sorriso,MT,Centro-Oeste,-12.54,-55.72
2016,274,4.13,0.65,0.66,31.57,72.82,0.09,8.06,4.22,Sorriso,MT,Centro-Oeste,-12.54,-55.72
2016,275,3.06,0.65,0.63,32.73,71.74,0.03,18.2,8.82,Sorriso,MT,Centro-Oeste,-12.54,-55.72
2016,276,4.52,0.65,0.65,34.41,68.44,0.11,22.2,10.56,Sorriso,MT,Centro-Oeste,-12.54,-55.72
2016,277,3.5,0.65,0.63,36.21,62.75,0.08,22.3,10.64,Sorriso,MT,Centro-Oeste,-12.54,-55.72
2016,278,8.91,0.66,0.69,33.03,77.18,0.03,10.4,5.46,Sorriso,MT,Centro-Oeste,-12.54,-55.72
2016,279,19.73,0.67,0.73,28.2,83.66,0.03,17.28,8.36,Sorriso,MT,Centro-Oeste,-12.54,-55.72
2016,280,10.76,0.7,0.77,27.01,88.02,0.06,15.43,7.6,Sorriso,MT,Centro-Oeste,-12.54,-55.72
2016,281,0.0,0.69,0.66,30.41,72.89,0.13,24.8,11.59,Sorriso,MT,Centro-Oeste,-12.54,-55.72
2016,282,0.0,0.67,0.63,33.86,62.1,0.11,26.13,12.0,Sorriso,MT,Centro-Oeste,-12.54,-55.72
2016,283,0.03,0.66,0.61,35.41,60.09,0.1,25.53,11.58,Sorriso,MT,Centro-Oeste,-12.54,-55.72
2016,284,0.35,0.66,0.62,30.23,74.87,0.08,17.76,8.64,Sorriso,MT,Centro-Oeste,-12.54,-55.72
2016,285,1.81,0.66,0.63,33.83,68.68,0.12,16.83,8.26,Sorriso,MT,Centro-Oeste,-12.54,-55.72
2016,286,14.67,0.66,0.72,29.87,81.57,0.1,8.39,4.48,Sorriso,MT,Centro-Oeste,-12.54,-55.72
2016,287,0.0,0.67,0.64,34.78,68.79,0.08,20.44,9.67,Sorriso,MT,Centro-Oeste,-12.54,-55.72
2016,288,0.02,0.66,0.62,35.41,59.29,0.03,19.17,9.11,Sorriso,MT,Centro-Oeste,-12.54,-55.72
2016,289,0.0,0.66,0.61,36.73,57.61,0.02,24.14,11.0,Sorriso,MT,Centro-Oeste,-12.54,-55.72
2016,290,0.0,0.65,0.6,37.4,57.46,0.12,23.76,10.88,Sorriso,MT,Centro-Oeste,-12.54,-55.72
2016,291,0.81,0.65,0.6,38.13,53.27,0.2,24.74,11.26,Sorriso,MT,Centro-Oeste,-12.54,-55.72
2016,292,0.2,0.64,0.6,39.02,48.65,0.21,23.69,10.82,Sorriso,MT,Centro-Oeste,-12.54,-55.72
2016,293,1.02,0.64,0.6,37.39,57.87,0.12,16.51,7.75,Sorriso,MT,Centro-Oeste,-12.54,-55.72
2016,294,2.78,0.64,0.61,35.83,66.78,0.04,9.14,4.49,Sorriso,MT,Centro-Oeste,-12.54,-55.72
2016,295,1.95,0.64,0.64,32.84,73.19,0.02,16.08,7.85,Sorriso,MT,Centro-Oeste,-12.54,-55.72
2016,296,2.05,0.64,0.62,35.58,68.62,0.02,23.89,11.35,Sorriso,MT,Centro-Oeste,-12.54,-55.72
2016,297,1.17,0.64,0.61,32.56,70.86,0.04,21.46,10.33,Sorriso,MT,Centro-Oeste,-12.54,-55.72
2016,298,1.81,0.64,0.62,33.45,70.68,0.03,17.31,8.49,Sorriso,MT,Centro-Oeste,-12.54,-55.72
2016,299,2.86,0.64,0.62,34.4,68.88,0.03,21.07,10.16,Sorriso,MT,Centro-Oeste,-12.54,-55.72
2016,300,4.19,0.64,0.64,35.77,65.74,0.03,23.34,11.11,Sorriso,MT,Centro-Oeste,-12.54,-55.72
2016,301,10.94,0.66,0.7,25.16,87.14,0.06,15.77,7.79,Sorriso,MT,Centro-Oeste,-12.54,-55.72
2016,302,0.99,0.66,0.63,31.37,64.69,0.04,24.0,11.15,Sorriso,MT,Centro-Oeste,-12.54,-55.72
2016,303,1.61,0.65,0.62,35.22,62.49,0.08,23.84,11.22,Sorriso,MT,Centro-Oeste,-12.54,-55.72
2016,304,3.14,0.65,0.63,35.7,60.16,0.2,22.96,10.91,Sorriso,MT,Centro-Oeste,-12.54,-55.72
2016,305,13.93,0.67,0.72,30.11,81.99,0.09,21.0,10.12,Sorriso,MT,Centro-Oeste,-12.54,-55.72
2016,306,0.25,0.67,0.64,31.33,74.94,0.09,22.19,10.55,Sorriso,MT,Centro-Oeste,-12.54,-55.72
2016,307,37.9,0.68,0.79,33.75,72.55,0.13,22.84,10.86,Sorriso,MT,Centro-Oeste,-12.54,-55.72
2016,308,14.19,0.74,0.82,27.33,92.16,0.03,13.17,6.66,Sorriso,MT,Centro-Oeste,-12.54,-55.72
2016,309,0.19,0.72,0.72,28.73,86.63,0.03,25.13,11.94,Sorriso,MT,Centro-Oeste,-12.54,-55.72
2016,310,3.42,0.7,0.71,30.34,79.61,0.06,25.04,11.8,Sorriso,MT,Centro-Oeste,-12.54,-55.72
2016,311,9.2,0.7,0.71,33.18,75.41,0.03,23.26,10.97,Sorriso,MT,Centro-Oeste,-12.54,-55.72
2016,312,9.29,0.71,0.77,29.23,86.11,0.14,14.79,7.32,Sorriso,MT,Centro-Oeste,-12.54,-55.72
2016,313,9.3,0.71,0.74,30.65,85.65,0.1,22.39,10.68,Sorriso,MT,Centro-Oeste,-12.54,-55.72
2016,314,3.97,0.71,0.75,29.12,87.25,0.18,16.18,7.88,Sorriso,MT,Centro-Oeste,-12.54,-55.72
2016,315,0.2,0.7,0.69,29.86,82.1,0.1,18.98,9.18,Sorriso,MT,Centro-Oeste,-12.54,-55.72
2016,316,4.69,0.7,0.69,29.84,85.76,0.09,18.2,8.87,Sorriso,MT,Centro-Oeste,-12.54,-55.72
2016,317,16.72,0.71,0.8,25.95,95.75,0.03,10.81,5.48,Sorriso,MT,Centro-Oeste,-12.54,-55.72
2016,318,1.15,0.72,0.73,25.85,91.11,0.03,15.25,7.58,Sorriso,MT,Centro-Oeste,-12.54,-55.72
2016,319,0.22,0.71,0.7,28.75,87.24,0.04,20.19,9.63,Sorriso,MT,Centro-Oeste,-12.54,-55.72
2016,320,4.22,0.7,0.71,29.82,86.74,0.09,23.77,11.16,Sorriso,MT,Centro-Oeste,-12.54,-55.72
2016,321,2.35,0.7,0.71,27.66,89.36,0.03,25.51,12.05,Sorriso,MT,Centro-Oeste,-12.54,-55.72
2016,322,3.63,0.7,0.71,26.57,86.65,0.16,17.86,8.71,Sorriso,MT,Centro-Oeste,-12.54,-55.72
2016,323,1.97,0.7,0.71,29.2,81.7,0.14,10.97,5.77,Sorriso,MT,Centro-Oeste,-12.54,-55.72
2016,324,4.77,0.7,0.69,30.37,81.44,0.1,22.22,10.7,Sorriso,MT,Centro-Oeste,-12.54,-55.72
2016,325,13.96,0.71,0.78,26.4,95.42,0.12,13.24,6.62,Sorriso,MT,Centro-Oeste,-12.54,-55.72
2016,326,21.92,0.73,0.83,26.1,95.33,0.06,14.8,7.32,Sorriso,MT,Centro-Oeste,-12.54,-55.72
2016,327,1.06,0.74,0.76,28.65,88.44,0.16,20.73,9.98,Sorriso,MT,Centro-Oeste,-12.54,-55.72
2016,328,3.87,0.73,0.74,28.05,91.0,0.13,18.46,9.0,Sorriso,MT,Centro-Oeste,-12.54,-55.72
2016,329,0.08,0.72,0.72,29.25,89.22,0.03,21.5,10.32,Sorriso,MT,Centro-Oeste,-12.54,-55.72
2016,330,0.05,0.71,0.7,30.12,83.41,0.11,21.89,10.5,Sorriso,MT,Centro-Oeste,-12.54,-55.72
2016,331,2.01,0.7,0.69,31.08,79.52,0.13,25.61,12.02,Sorriso,MT,Centro-Oeste,-12.54,-55.72
2016,332,0.66,0.7,0.68,30.83,80.36,0.09,20.52,9.85,Sorriso,MT,Centro-Oeste,-12.54,-55.72
2016,333,0.0,0.69,0.66,32.22,72.59,0.1,26.28,12.11,Sorriso,MT,Centro-Oeste,-12.54,-55.72
2016,334,0.84,0.68,0.65,30.76,73.73,0.04,22.67,10.76,Sorriso,MT,Centro-Oeste,-12.54,-55.72
2016,335,6.01,0.68,0.68,30.98,76.69,0.06,19.17,9.29,Sorriso,MT,Centro-Oeste,-12.54,-55.72
2016,336,6.51,0.69,0.7,30.9,82.13,0.09,19.19,9.37,Sorriso,MT,Centro-Oeste,-12.54,-55.72
2016,337,1.83,0.69,0.68,31.96,78.41,0.08,18.98,9.05,Sorriso,MT,Centro-Oeste,-12.54,-55.72
2016,338,1.57,0.68,0.65,32.69,71.42,0.08,22.76,10.76,Sorriso,MT,Centro-Oeste,-12.54,-55.72
2016,339,0.93,0.68,0.65,31.98,77.0,0.07,16.27,8.01,Sorriso,MT,Centro-Oeste,-12.54,-55.72
2016,340,1.62,0.67,0.65,29.59,80.54,0.03,22.09,10.54,Sorriso,MT,Centro-Oeste,-12.54,-55.72
2016,341,0.76,0.67,0.64,31.88,76.17,0.12,18.49,8.82,Sorriso,MT,Centro-Oeste,-12.54,-55.72
2016,342,3.92,0.67,0.65,31.88,73.18,0.12,18.19,8.84,Sorriso,MT,Centro-Oeste,-12.54,-55.72
2016,343,1.56,0.67,0.65,31.97,73.91,0.18,18.83,9.16,Sorriso,MT,Centro-Oeste,-12.54,-55.72
2016,344,5.02,0.68,0.68,26.45,90.94,0.05,19.67,9.54,Sorriso,MT,Centro-Oeste,-12.54,-55.72
2016,345,35.43,0.7,0.79,31.41,81.42,0.15,18.07,8.91,Sorriso,MT,Centro-Oeste,-12.54,-55.72
2016,346,6.45,0.73,0.78,27.82,89.66,0.08,19.97,9.6,Sorriso,MT,Centro-Oeste,-12.54,-55.72
2016,347,18.47,0.73,0.81,29.13,90.22,0.1,23.95,11.41,Sorriso,MT,Centro-Oeste,-12.54,-55.72
2016,348,9.71,0.74,0.8,26.93,94.96,0.12,12.36,6.24,Sorriso,MT,Centro-Oeste,-12.54,-55.72
2016,349,9.85,0.75,0.81,26.19,94.91,0.16,15.84,7.87,Sorriso,MT,Centro-Oeste,-12.54,-55.72
2016,350,12.9,0.75,0.8,28.61,92.24,0.15,13.8,6.89,Sorriso,MT,Centro-Oeste,-12.54,-55.72
2016,351,17.98,0.76,0.84,26.41,96.25,0.06,11.11,5.86,Sorriso,MT,Centro-Oeste,-12.54,-55.72
2016,352,11.07,0.78,0.84,23.37,96.35,0.03,7.48,3.98,Sorriso,MT,Centro-Oeste,-12.54,-55.72
2016,353,6.09,0.77,0.8,27.62,90.6,0.11,14.94,7.32,Sorriso,MT,Centro-Oeste,-12.54,-55.72
2016,354,5.07,0.76,0.79,27.5,90.21,0.12,7.25,3.84,Sorriso,MT,Centro-Oeste,-12.54,-55.72
2016,355,7.63,0.75,0.78,27.63,90.19,0.05,22.43,10.68,Sorriso,MT,Centro-Oeste,-12.54,-55.72
2016,356,8.07,0.76,0.81,25.56,94.24,0.08,14.61,7.3,Sorriso,MT,Centro-Oeste,-12.54,-55.72
2016,357,0.75,0.76,0.77,25.13,93.06,0.07,11.95,6.21,Sorriso,MT,Centro-Oeste,-12.54,-55.72
2016,358,7.3,0.76,0.79,26.26,89.14,0.08,21.96,10.6,Sorriso,MT,Centro-Oeste,-12.54,-55.72
2016,359,18.58,0.76,0.83,28.99,89.18,0.11,21.49,10.45,Sorriso,MT,Centro-Oeste,-12.54,-55.72
2016,360,6.31,0.78,0.83,28.91,89.76,0.2,22.01,10.69,Sorriso,MT,Centro-Oeste,-12.54,-55.72
2016,361,2.42,0.77,0.79,27.17,92.7,0.13,14.62,7.33,Sorriso,MT,Centro-Oeste,-12.54,-55.72
2016,362,12.92,0.77,0.83,27.56,90.38,0.27,24.03,11.56,Sorriso,MT,Centro-Oeste,-12.54,-55.72
2016,363,1.21,0.77,0.79,28.24,87.96,0.19,24.73,11.76,Sorriso,MT,Centro-Oeste,-12.54,-55.72
2016,364,0.12,0.76,0.77,28.52,89.67,0.07,17.96,8.84,Sorriso,MT,Centro-Oeste,-12.54,-55.72
2016,365,6.34,0.76,0.79,27.93,90.25,0.19,22.18,10.54,Sorriso,MT,Centro-Oeste,-12.54,-55.72
2016,366,0.42,0.76,0.77,28.5,88.2,0.21,21.78,10.55,Sorriso,MT,Centro-Oeste,-12.54,-55.72
2017,1,7.02,0.75,0.79,28.71,85.75,0.2,20.3,9.83,Sorriso,MT,Centro-Oeste,-12.54,-55.72
2017,2,2.55,0.75,0.77,28.49,87.51,0.05,25.26,12.06,Sorriso,MT,Centro-Oeste,-12.54,-55.72
2017,3,5.72,0.74,0.77,29.37,87.83,0.04,24.69,11.81,Sorriso,MT,Centro-Oeste,-12.54,-55.72
2017,4,2.5,0.74,0.77,28.7,89.55,0.23,26.73,12.75,Sorriso,MT,Centro-Oeste,-12.54,-55.72
2017,5,0.53,0.74,0.74,28.25,88.85,0.06,26.33,12.62,Sorriso,MT,Centro-Oeste,-12.54,-55.72
2017,6,0.22,0.73,0.73,29.07,87.05,0.05,24.39,11.67,Sorriso,MT,Centro-Oeste,-12.54,-55.72
2017,7,0.04,0.72,0.72,30.33,87.27,0.04,26.89,12.65,Sorriso,MT,Centro-Oeste,-12.54,-55.72
2017,8,17.31,0.73,0.81,26.78,92.33,0.1,8.8,4.48,Sorriso,MT,Centro-Oeste,-12.54,-55.72
2017,9,1.63,0.75,0.78,27.95,90.49,0.26,28.2,13.34,Sorriso,MT,Centro-Oeste,-12.54,-55.72
2017,10,0.02,0.74,0.75,29.98,84.87,0.24,26.06,12.39,Sorriso,MT,Centro-Oeste,-12.54,-55.72
2017,11,0.26,0.73,0.73,29.77,85.02,0.15,20.19,9.8,Sorriso,MT,Centro-Oeste,-12.54,-55.72
2017,12,2.35,0.72,0.73,28.22,90.57,0.16,17.74,8.79,Sorriso,MT,Centro-Oeste,-12.54,-55.72
2017,13,1.91,0.72,0.73,28.08,90.6,0.1,17.71,8.61,Sorriso,MT,Centro-Oeste,-12.54,-55.72
2017,14,0.88,0.72,0.73,26.81,89.73,0.19,21.11,10.11,Sorriso,MT,Centro-Oeste,-12.54,-55.72
2017,15,2.65,0.72,0.73,27.8,88.49,0.16,18.62,9.15,Sorriso,MT,Centro-Oeste,-12.54,-55.72
2017,16,3.08,0.72,0.73,28.16,89.43,0.17,20.34,9.89,Sorriso,MT,Centro-Oeste,-12.54,-55.72
2017,17,21.49,0.73,0.81,25.49,95.53,0.06,19.3,9.44,Sorriso,MT,Centro-Oeste,-12.54,-55.72
2017,18,15.43,0.76,0.85,24.55,95.61,0.02,4.87,2.66,Sorriso,MT,Centro-Oeste,-12.54,-55.72
2017,19,11.43,0.78,0.84,27.12,91.64,0.02,12.44,6.36,Sorriso,MT,Centro-Oeste,-12.54,-55.72
2017,20,4.78,0.77,0.79,27.8,92.15,0.02,15.06,7.4,Sorriso,MT,Centro-Oeste,-12.54,-55.72
2017,21,10.03,0.77,0.82,26.96,93.79,0.02,17.91,8.83,Sorriso,MT,Centro-Oeste,-12.54,-55.72
2017,22,5.88,0.77,0.81,27.42,91.4,0.14,16.09,8.08,Sorriso,MT,Centro-Oeste,-12.54,-55.72
2017,23,2.02,0.77,0.79,24.59,94.09,0.08,16.18,8.11,Sorriso,MT,Centro-Oeste,-12.54,-55.72
2017,24,7.3,0.76,0.79,27.86,90.06,0.04,25.02,11.87,Sorriso,MT,Centro-Oeste,-12.54,-55.72
2017,25,15.54,0.77,0.83,28.57,90.88,0.1,15.31,7.55,Sorriso,MT,Centro-Oeste,-12.54,-55.72
2017,26,0.95,0.78,0.8,26.3,93.09,0.14,17.05,8.41,Sorriso,MT,Centro-Oeste,-12.54,-55.72
2017,27,20.76,0.78,0.86,27.75,91.04,0.05,22.52,10.75,Sorriso,MT,Centro-Oeste,-12.54,-55.72
2017,28,8.84,0.8,0.85,28.04,91.48,0.06,17.16,8.37,Sorriso,MT,Centro-Oeste,-12.54,-55.72
2017,29,1.33,0.79,0.81,26.99,88.81,0.12,21.67,10.55,Sorriso,MT,Centro-Oeste,-12.54,-55.72
2017,30,1.14,0.78,0.79,28.09,88.63,0.1,18.87,9.28,Sorriso,MT,Centro-Oeste,-12.54,-55.72
2017,31,0.7,0.77,0.78,28.55,88.31,0.03,17.32,8.64,Sorriso,MT,Centro-Oeste,-12.54,-55.72
2017,32,2.82,0.76,0.78,25.75,89.92,0.11,17.77,8.69,Sorriso,MT,Centro-Oeste,-12.54,-55.72
2017,33,1.31,0.76,0.77,27.85,88.62,0.16,18.98,9.15,Sorriso,MT,Centro-Oeste,-12.54,-55.72
2017,34,0.27,0.75,0.76,28.64,89.54,0.12,22.58,10.75,Sorriso,MT,Centro-Oeste,-12.54,-55.72
2017,35,0.1,0.74,0.75,28.93,87.69,0.16,24.34,11.62,Sorriso,MT,Centro-Oeste,-12.54,-55.72
2017,36,1.72,0.74,0.75,28.28,88.63,0.15,15.87,7.99,Sorriso,MT,Centro-Oeste,-12.54,-55.72
2017,37,8.53,0.75,0.78,28.45,90.85,0.09,23.17,11.27,Sorriso,MT,Centro-Oeste,-12.54,-55.72
2017,38,10.36,0.76,0.81,25.9,95.45,0.18,20.33,10.01,Sorriso,MT,Centro-Oeste,-12.54,-55.72
2017,39,24.53,0.78,0.87,27.69,93.33,0.03,16.94,8.52,Sorriso,MT,Centro-Oeste,-12.54,-55.72
2017,40,5.36,0.79,0.83,28.55,91.03,0.04,19.96,9.78,Sorriso,MT,Centro-Oeste,-12.54,-55.72
2017,41,3.11,0.78,0.8,28.32,91.96,0.08,16.77,8.38,Sorriso,MT,Centro-Oeste,-12.54,-55.72
2017,42,8.44,0.79,0.83,24.7,96.37,0.03,14.38,7.22,Sorriso,MT,Centro-Oeste,-12.54,-55.72
2017,43,14.29,0.79,0.85,24.22,97.34,0.04,11.2,5.94,Sorriso,MT,Centro-Oeste,-12.54,-55.72
2017,44,25.48,0.81,0.89,26.05,95.22,0.07,13.22,6.94,Sorriso,MT,Centro-Oeste,-12.54,-55.72
2017,45,32.95,0.85,0.94,25.09,95.73,0.03,11.45,6.03,Sorriso,MT,Centro-Oeste,-12.54,-55.72
2017,46,12.9,0.85,0.89,25.86,92.37,0.04,11.89,6.16,Sorriso,MT,Centro-Oeste,-12.54,-55.72
2017,47,1.3,0.83,0.84,26.9,85.84,0.15,19.78,9.61,Sorriso,MT,Centro-Oeste,-12.54,-55.72
2017,48,1.23,0.81,0.83,27.96,88.94,0.09,9.87,5.25,Sorriso,MT,Centro-Oeste,-12.54,-55.72
2017,49,12.34,0.81,0.86,25.71,92.53,0.03,13.58,6.95,Sorriso,MT,Centro-Oeste,-12.54,-55.72
2017,50,1.06,0.82,0.84,26.66,89.31,0.14,15.79,7.87,Sorriso,MT,Centro-Oeste,-12.54,-55.72
2017,51,0.79,0.81,0.82,28.98,85.94,0.11,18.42,9.14,Sorriso,MT,Centro-Oeste,-12.54,-55.72
2017,52,8.34,0.8,0.84,25.69,93.33,0.18,13.65,6.96,Sorriso,MT,Centro-Oeste,-12.54,-55.72
2017,53,2.38,0.81,0.83,28.55,88.25,0.1,23.34,11.17,Sorriso,MT,Centro-Oeste,-12.54,-55.72
2017,54,1.36,0.8,0.81,28.83,87.63,0.11,23.11,10.97,Sorriso,MT,Centro-Oeste,-12.54,-55.72
2017,55,4.55,0.8,0.82,28.17,91.12,0.06,21.53,10.35,Sorriso,MT,Centro-Oeste,-12.54,-55.72
2017,56,15.64,0.81,0.87,25.06,96.03,0.13,10.15,5.31,Sorriso,MT,Centro-Oeste,-12.54,-55.72
2017,57,2.34,0.82,0.85,27.61,88.27,0.23,20.07,9.69,Sorriso,MT,Centro-Oeste,-12.54,-55.72
2017,58,29.15,0.82,0.91,27.25,91.08,0.1,10.75,5.42,Sorriso,MT,Centro-Oeste,-12.54,-55.72
2017,59,16.44,0.85,0.92,27.19,92.63,0.1,17.12,8.53,Sorriso,MT,Centro-Oeste,-12.54,-55.72
2017,60,5.63,0.85,0.87,27.45,91.92,0.05,19.31,9.43,Sorriso,MT,Centro-Oeste,-12.54,-55.72
2017,61,5.27,0.84,0.86,27.42,90.14,0.14,14.19,7.24,Sorriso,MT,Centro-Oeste,-12.54,-55.72
2017,62,4.8,0.83,0.86,28.47,88.23,0.24,21.93,10.62,Sorriso,MT,Centro-Oeste,-12.54,-55.72
2017,63,5.11,0.83,0.86,28.89,90.44,0.21,22.07,10.75,Sorriso,MT,Centro-Oeste,-12.54,-55.72
2017,64,0.02,0.82,0.83,28.94,86.16,0.22,21.4,10.42,Sorriso,MT,Centro-Oeste,-12.54,-55.72
2017,65,6.38,0.82,0.85,29.47,88.57,0.15,23.56,11.29,Sorriso,MT,Centro-Oeste,-12.54,-55.72
2017,66,0.68,0.82,0.83,29.07,89.03,0.06,19.32,9.53,Sorriso,MT,Centro-Oeste,-12.54,-55.72
2017,67,0.06,0.81,0.82,29.97,86.38,0.1,26.09,12.33,Sorriso,MT,Centro-Oeste,-12.54,-55.72
2017,68,0.18,0.8,0.81,28.59,89.42,0.07,23.39,11.14,Sorriso,MT,Centro-Oeste,-12.54,-55.72
2017,69,1.19,0.79,0.81,29.97,86.78,0.15,23.58,11.25,Sorriso,MT,Centro-Oeste,-12.54,-55.72
2017,70,0.94,0.79,0.8,29.31,88.89,0.11,19.29,9.38,Sorriso,MT,Centro-Oeste,-12.54,-55.72
2017,71,3.57,0.79,0.81,28.83,90.36,0.04,17.09,8.52,Sorriso,MT,Centro-Oeste,-12.54,-55.72
2017,72,18.92,0.8,0.86,27.46,87.75,0.17,15.92,8.04,Sorriso,MT,Centro-Oeste,-12.54,-55.72
2017,73,12.09,0.82,0.88,27.68,89.32,0.25,17.72,8.66,Sorriso,MT,Centro-Oeste,-12.54,-55.72
2017,74,2.98,0.83,0.85,26.55,91.74,0.07,16.68,8.29,Sorriso,MT,Centro-Oeste,-12.54,-55.72
2017,75,5.86,0.82,0.85,27.99,90.31,0.09,18.18,8.93,Sorriso,MT,Centro-Oeste,-12.54,-55.72
2017,76,30.21,0.83,0.93,27.54,92.08,0.23,14.51,7.29,Sorriso,MT,Centro-Oeste,-12.54,-55.72
2017,77,6.5,0.85,0.88,28.89,90.05,0.16,20.1,9.78,Sorriso,MT,Centro-Oeste,-12.54,-55.72
2017,78,16.61,0.85,0.9,25.77,95.04,0.15,12.06,6.07,Sorriso,MT,Centro-Oeste,-12.54,-55.72
2017,79,24.19,0.87,0.92,25.6,94.97,0.14,12.65,6.56,Sorriso,MT,Centro-Oeste,-12.54,-55.72
2017,80,0.24,0.85,0.86,28.57,86.54,0.2,23.48,11.25,Sorriso,MT,Centro-Oeste,-12.54,-55.72
2017,81,0.15,0.84,0.85,28.7,88.79,0.08,21.5,10.35,Sorriso,MT,Centro-Oeste,-12.54,-55.72
2017,82,0.07,0.83,0.84,28.91,88.43,0.16,24.24,11.55,Sorriso,MT,Centro-Oeste,-12.54,-55.72
2017,83,5.42,0.83,0.85,27.56,91.34,0.26,16.91,8.42,Sorriso,MT,Centro-Oeste,-12.54,-55.72
2017,84,3.77,0.84,0.86,27.15,93.24,0.19,19.32,9.49,Sorriso,MT,Centro-Oeste,-12.54,-55.72
2017,85,0.41,0.83,0.84,28.92,85.75,0.17,23.58,11.23,Sorriso,MT,Centro-Oeste,-12.54,-55.72
2017,86,3.32,0.82,0.84,29.11,86.6,0.17,21.57,10.3,Sorriso,MT,Centro-Oeste,-12.54,-55.72
2017,87,5.59,0.82,0.85,28.1,92.19,0.2,21.63,10.36,Sorriso,MT,Centro-Oeste,-12.54,-55.72
2017,88,1.58,0.83,0.84,27.27,92.19,0.18,13.6,6.92,Sorriso,MT,Centro-Oeste,-12.54,-55.72
2017,89,29.43,0.84,0.92,28.24,92.45,0.13,19.75,9.45,Sorriso,MT,Centro-Oeste,-12.54,-55.72
2017,90,8.71,0.86,0.9,28.24,90.64,0.15,15.17,7.51,Sorriso,MT,Centro-Oeste,-12.54,-55.72
2017,91,3.05,0.85,0.87,29.15,90.05,0.17,21.14,10.19,Sorriso,MT,Centro-Oeste,-12.54,-55.72
2017,92,4.26,0.84,0.86,29.05,92.18,0.02,18.09,8.99,Sorriso,MT,Centro-Oeste,-12.54,-55.72
2017,93,6.81,0.84,0.86,27.5,89.71,0.12,17.08,8.46,Sorriso,MT,Centro-Oeste,-12.54,-55.72
2017,94,5.45,0.84,0.88,26.48,94.77,0.14,15.7,7.98,Sorriso,MT,Centro-Oeste,-12.54,-55.72
2017,95,0.91,0.84,0.86,28.9,89.24,0.15,17.35,8.59,Sorriso,MT,Centro-Oeste,-12.54,-55.72
2017,96,12.13,0.84,0.88,28.07,92.14,0.14,21.2,10.34,Sorriso,MT,Centro-Oeste,-12.54,-55.72
2017,97,14.23,0.86,0.92,27.92,93.03,0.14,21.39,10.3,Sorriso,MT,Centro-Oeste,-12.54,-55.72
2017,98,12.73,0.86,0.9,28.81,89.71,0.06,20.69,10.1,Sorriso,MT,Centro-Oeste,-12.54,-55.72
2017,99,3.81,0.86,0.88,29.08,87.52,0.08,24.3,11.59,Sorriso,MT,Centro-Oeste,-12.54,-55.72
2017,100,0.0,0.85,0.85,28.97,84.83,0.17,24.6,11.61,Sorriso,MT,Centro-Oeste,-12.54,-55.72
2017,101,0.04,0.83,0.84,28.84,85.86,0.2,23.95,11.3,Sorriso,MT,Centro-Oeste,-12.54,-55.72
2017,102,0.18,0.83,0.84,28.29,87.46,0.05,23.75,11.27,Sorriso,MT,Centro-Oeste,-12.54,-55.72
2017,103,0.25,0.82,0.83,29.22,88.41,0.03,23.12,11.02,Sorriso,MT,Centro-Oeste,-12.54,-55.72
2017,104,0.08,0.82,0.83,29.59,87.47,0.2,19.91,9.64,Sorriso,MT,Centro-Oeste,-12.54,-55.72
2017,105,0.13,0.81,0.82,28.42,88.48,0.26,19.52,9.49,Sorriso,MT,Centro-Oeste,-12.54,-55.72
2017,106,0.69,0.81,0.82,28.79,87.54,0.12,20.4,9.86,Sorriso,MT,Centro-Oeste,-12.54,-55.72
2017,107,4.27,0.81,0.83,28.24,92.0,0.18,18.83,9.24,Sorriso,MT,Centro-Oeste,-12.54,-55.72
2017,108,12.01,0.82,0.88,28.29,90.98,0.2,17.71,8.77,Sorriso,MT,Centro-Oeste,-12.54,-55.72
2017,109,0.09,0.82,0.83,28.95,85.75,0.24,21.36,10.29,Sorriso,MT,Centro-Oeste,-12.54,-55.72
2017,110,0.85,0.81,0.83,27.97,90.27,0.25,15.36,7.68,Sorriso,MT,Centro-Oeste,-12.54,-55.72
2017,111,3.54,0.81,0.83,28.26,88.16,0.11,13.13,6.75,Sorriso,MT,Centro-Oeste,-12.54,-55.72
2017,112,7.15,0.82,0.86,28.24,88.99,0.2,20.77,9.91,Sorriso,MT,Centro-Oeste,-12.54,-55.72
2017,113,21.53,0.83,0.89,28.03,91.05,0.15,19.7,9.55,Sorriso,MT,Centro-Oeste,-12.54,-55.72
2017,114,0.56,0.84,0.85,27.52,93.9,0.14,21.33,10.3,Sorriso,MT,Centro-Oeste,-12.54,-55.72
2017,115,0.02,0.83,0.83,28.26,90.24,0.29,21.88,10.49,Sorriso,MT,Centro-Oeste,-12.54,-55.72
2017,116,9.14,0.82,0.86,28.09,91.7,0.23,20.15,9.7,Sorriso,MT,Centro-Oeste,-12.54,-55.72
2017,117,4.74,0.83,0.86,26.32,95.34,0.03,15.51,7.82,Sorriso,MT,Centro-Oeste,-12.54,-55.72
2017,118,0.43,0.83,0.84,28.12,88.63,0.03,10.58,5.63,Sorriso,MT,Centro-Oeste,-12.54,-55.72
2017,119,0.02,0.82,0.82,28.91,88.88,0.03,20.27,9.7,Sorriso,MT,Centro-Oeste,-12.54,-55.72
2017,120,0.77,0.81,0.82,28.05,89.2,0.03,19.64,9.44,Sorriso,MT,Centro-Oeste,-12.54,-55.72
2017,121,0.09,0.8,0.81,28.54,89.45,0.14,19.57,9.31,Sorriso,MT,Centro-Oeste,-12.54,-55.72
2017,122,0.02,0.8,0.8,28.69,86.2,0.1,21.46,10.13,Sorriso,MT,Centro-Oeste,-12.54,-55.72
2017,123,0.04,0.79,0.8,28.67,85.56,0.13,21.96,10.3,Sorriso,MT,Centro-Oeste,-12.54,-55.72
2017,124,0.22,0.79,0.79,28.58,87.03,0.2,21.68,10.11,Sorriso,MT,Centro-Oeste,-12.54,-55.72
2017,125,0.06,0.78,0.79,28.91,86.87,0.15,21.5,10.11,Sorriso,MT,Centro-Oeste,-12.54,-55.72
2017,126,0.0,0.77,0.78,28.8,87.25,0.06,22.05,10.26,Sorriso,MT,Centro-Oeste,-12.54,-55.72
2017,127,0.0,0.77,0.77,29.23,86.67,0.2,22.46,10.42,Sorriso,MT,Centro-Oeste,-12.54,-55.72
2017,128,0.0,0.76,0.77,29.35,86.65,0.3,19.64,9.21,Sorriso,MT,Centro-Oeste,-12.54,-55.72
2017,129,0.0,0.76,0.76,28.92,85.28,0.22,20.4,9.44,Sorriso,MT,Centro-Oeste,-12.54,-55.72
2017,130,0.0,0.75,0.76,28.87,83.68,0.2,22.13,10.08,Sorriso,MT,Centro-Oeste,-12.54,-55.72
2017,131,0.0,0.75,0.75,28.08,88.26,0.16,21.09,9.61,Sorriso,MT,Centro-Oeste,-12.54,-55.72
2017,132,0.0,0.74,0.74,28.75,86.56,0.21,17.57,8.07,Sorriso,MT,Centro-Oeste,-12.54,-55.72
2017,133,2.0,0.74,0.75,28.69,89.97,0.23,16.27,7.69,Sorriso,MT,Centro-Oeste,-12.54,-55.72
2017,134,1.56,0.74,0.75,28.97,91.36,0.29,15.87,7.74,Sorriso,MT,Centro-Oeste,-12.54,-55.72
2017,135,13.89,0.74,0.8,29.16,91.87,0.26,15.25,7.42,Sorriso,MT,Centro-Oeste,-12.54,-55.72
2017,136,5.09,0.77,0.81,26.61,94.91,0.17,11.8,5.88,Sorriso,MT,Centro-Oeste,-12.54,-55.72
2017,137,0.18,0.76,0.77,28.41,88.13,0.26,16.74,7.89,Sorriso,MT,Centro-Oeste,-12.54,-55.72
2017,138,0.01,0.76,0.76,27.96,89.11,0.25,17.14,8.22,Sorriso,MT,Centro-Oeste,-12.54,-55.72
2017,139,2.95,0.75,0.77,27.3,90.62,0.24,14.93,7.3,Sorriso,MT,Centro-Oeste,-12.54,-55.72
2017,140,1.33,0.76,0.77,26.23,95.94,0.11,14.09,6.93,Sorriso,MT,Centro-Oeste,-12.54,-55.72
2017,141,1.82,0.76,0.77,28.66,90.97,0.03,18.28,8.75,Sorriso,MT,Centro-Oeste,-12.54,-55.72
2017,142,0.89,0.75,0.76,27.82,91.94,0.05,13.33,6.73,Sorriso,MT,Centro-Oeste,-12.54,-55.72
2017,143,0.25,0.74,0.75,29.15,90.14,0.02,18.61,8.84,Sorriso,MT,Centro-Oeste,-12.54,-55.72
2017,144,0.04,0.74,0.74,29.48,88.45,0.03,18.16,8.59,Sorriso,MT,Centro-Oeste,-12.54,-55.72
2017,145,0.0,0.73,0.73,29.76,87.36,0.15,18.94,8.96,Sorriso,MT,Centro-Oeste,-12.54,-55.72
2017,146,0.0,0.72,0.72,29.76,85.17,0.1,16.23,7.72,Sorriso,MT,Centro-Oeste,-12.54,-55.72
2017,147,0.05,0.72,0.71,29.43,84.1,0.11,17.71,8.27,Sorriso,MT,Centro-Oeste,-12.54,-55.72
2017,148,0.01,0.71,0.71,29.3,82.98,0.03,18.28,8.55,Sorriso,MT,Centro-Oeste,-12.54,-55.72
2017,149,0.0,0.71,0.7,29.54,83.29,0.02,18.85,8.82,Sorriso,MT,Centro-Oeste,-12.54,-55.72
2017,150,0.06,0.7,0.69,28.71,82.41,0.14,17.36,8.13,Sorriso,MT,Centro-Oeste,-12.54,-55.72
2017,151,2.91,0.7,0.7,28.97,86.62,0.02,15.94,7.51,Sorriso,MT,Centro-Oeste,-12.54,-55.72
2017,152,5.39,0.71,0.72,26.44,91.69,0.03,11.63,5.66,Sorriso,MT,Centro-Oeste,-12.54,-55.72
2017,153,0.56,0.71,0.7,28.57,86.81,0.03,18.27,8.51,Sorriso,MT,Centro-Oeste,-12.54,-55.72
2017,154,0.06,0.7,0.69,29.87,81.61,0.04,17.63,8.29,Sorriso,MT,Centro-Oeste,-12.54,-55.72
2017,155,0.12,0.7,0.68,30.89,80.96,0.23,16.63,7.91,Sorriso,MT,Centro-Oeste,-12.54,-55.72
2017,156,0.26,0.69,0.66,31.07,80.25,0.21,18.15,8.62,Sorriso,MT,Centro-Oeste,-12.54,-55.72
2017,157,0.21,0.69,0.66,31.26,79.44,0.16,19.07,8.88,Sorriso,MT,Centro-Oeste,-12.54,-55.72
2017,158,0.04,0.68,0.65,31.4,76.9,0.06,20.25,9.36,Sorriso,MT,Centro-Oeste,-12.54,-55.72
2017,159,0.0,0.68,0.64,30.9,77.87,0.18,20.04,9.25,Sorriso,MT,Centro-Oeste,-12.54,-55.72
2017,160,0.0,0.68,0.64,30.66,74.49,0.14,17.85,8.28,Sorriso,MT,Centro-Oeste,-12.54,-55.72
2017,161,0.0,0.67,0.64,28.27,68.08,0.02,19.59,9.1,Sorriso,MT,Centro-Oeste,-12.54,-55.72
2017,162,0.0,0.67,0.64,30.19,73.83,0.1,19.18,8.93,Sorriso,MT,Centro-Oeste,-12.54,-55.72
2017,163,0.0,0.67,0.63,31.28,70.28,0.17,18.24,8.47,Sorriso,MT,Centro-Oeste,-12.54,-55.72
2017,164,0.0,0.67,0.63,32.17,71.35,0.06,19.75,9.02,Sorriso,MT,Centro-Oeste,-12.54,-55.72
2017,165,0.0,0.66,0.62,32.78,66.73,0.04,18.78,8.6,Sorriso,MT,Centro-Oeste,-12.54,-55.72
2017,166,0.01,0.66,0.62,32.62,62.82,0.09,19.7,8.99,Sorriso,MT,Centro-Oeste,-12.54,-55.72
2017,167,0.01,0.66,0.62,32.74,57.52,0.33,20.03,9.07,Sorriso,MT,Centro-Oeste,-12.54,-55.72
2017,168,0.0,0.66,0.62,32.04,60.7,0.27,20.48,9.21,Sorriso,MT,Centro-Oeste,-12.54,-55.72
2017,169,0.0,0.66,0.62,32.13,64.48,0.2,18.25,8.33,Sorriso,MT,Centro-Oeste,-12.54,-55.72
2017,170,0.0,0.65,0.61,32.09,59.67,0.03,19.97,9.02,Sorriso,MT,Centro-Oeste,-12.54,-55.72
2017,171,0.0,0.65,0.61,30.87,57.34,0.03,20.09,9.1,Sorriso,MT,Centro-Oeste,-12.54,-55.72
2017,172,0.0,0.65,0.61,32.55,59.91,0.09,20.76,9.33,Sorriso,MT,Centro-Oeste,-12.54,-55.72
2017,173,0.0,0.65,0.6,33.13,51.79,0.13,20.9,9.42,Sorriso,MT,Centro-Oeste,-12.54,-55.72
2017,174,0.0,0.65,0.6,32.51,52.53,0.13,20.45,9.24,Sorriso,MT,Centro-Oeste,-12.54,-55.72
2017,175,0.0,0.64,0.6,32.6,56.6,0.12,19.49,8.94,Sorriso,MT,Centro-Oeste,-12.54,-55.72
2017,176,0.0,0.64,0.6,32.86,55.65,0.13,17.75,8.2,Sorriso,MT,Centro-Oeste,-12.54,-55.72
2017,177,0.0,0.64,0.6,32.75,51.91,0.11,20.76,9.35,Sorriso,MT,Centro-Oeste,-12.54,-55.72
2017,178,0.0,0.64,0.6,32.35,53.12,0.15,20.47,9.19,Sorriso,MT,Centro-Oeste,-12.54,-55.72
2017,179,0.0,0.64,0.6,32.07,55.24,0.15,15.44,7.21,Sorriso,MT,Centro-Oeste,-12.54,-55.72
2017,180,0.0,0.64,0.6,32.48,53.16,0.13,16.7,7.73,Sorriso,MT,Centro-Oeste,-12.54,-55.72
2017,181,0.0,0.64,0.6,31.68,54.98,0.03,16.47,7.62,Sorriso,MT,Centro-Oeste,-12.54,-55.72
2017,182,0.0,0.64,0.6,31.92,50.58,0.05,19.74,9.0,Sorriso,MT,Centro-Oeste,-12.54,-55.72
2017,183,0.0,0.64,0.6,32.13,49.78,0.03,18.69,8.5,Sorriso,MT,Centro-Oeste,-12.54,-55.72
2017,184,0.0,0.63,0.6,32.62,50.27,0.05,20.56,9.28,Sorriso,MT,Centro-Oeste,-12.54,-55.72
2017,185,0.0,0.63,0.6,33.19,52.13,0.21,20.49,9.31,Sorriso,MT,Centro-Oeste,-12.54,-55.72
2017,186,0.0,0.63,0.6,32.86,50.36,0.05,20.53,9.43,Sorriso,MT,Centro-Oeste,-12.54,-55.72
2017,187,0.0,0.63,0.6,32.04,49.56,0.09,20.97,9.52,Sorriso,MT,Centro-Oeste,-12.54,-55.72
2017,188,0.0,0.63,0.6,32.39,49.64,0.15,21.09,9.55,Sorriso,MT,Centro-Oeste,-12.54,-55.72
2017,189,0.0,0.63,0.6,33.59,48.94,0.13,21.06,9.54,Sorriso,MT,Centro-Oeste,-12.54,-55.72
2017,190,0.0,0.63,0.59,33.42,49.04,0.1,21.05,9.54,Sorriso,MT,Centro-Oeste,-12.54,-55.72
2017,191,0.0,0.63,0.59,32.59,47.81,0.06,21.3,9.59,Sorriso,MT,Centro-Oeste,-12.54,-55.72
2017,192,0.0,0.62,0.59,32.57,47.84,0.09,21.19,9.55,Sorriso,MT,Centro-Oeste,-12.54,-55.72
2017,193,0.0,0.62,0.59,33.61,50.6,0.23,20.92,9.56,Sorriso,MT,Centro-Oeste,-12.54,-55.72
2017,194,0.0,0.62,0.59,34.06,51.77,0.11,21.26,9.66,Sorriso,MT,Centro-Oeste,-12.54,-55.72
2017,195,0.0,0.62,0.59,33.42,44.89,0.16,21.51,9.71,Sorriso,MT,Centro-Oeste,-12.54,-55.72
2017,196,0.0,0.62,0.59,32.83,47.58,0.19,21.07,9.57,Sorriso,MT,Centro-Oeste,-12.54,-55.72
2017,197,0.0,0.62,0.59,33.4,48.4,0.17,22.01,9.82,Sorriso,MT,Centro-Oeste,-12.54,-55.72
2017,198,0.0,0.62,0.58,32.58,41.43,0.04,21.73,9.74,Sorriso,MT,Centro-Oeste,-12.54,-55.72
2017,199,0.0,0.62,0.58,26.85,46.24,0.04,20.71,9.29,Sorriso,MT,Centro-Oeste,-12.54,-55.72
2017,200,0.0,0.62,0.58,30.28,51.16,0.03,21.37,9.6,Sorriso,MT,Centro-Oeste,-12.54,-55.72
2017,201,0.0,0.62,0.58,32.42,53.22,0.04,21.69,9.78,Sorriso,MT,Centro-Oeste,-12.54,-55.72
2017,202,0.0,0.62,0.58,34.2,49.27,0.03,20.91,9.49,Sorriso,MT,Centro-Oeste,-12.54,-55.72
2017,203,0.0,0.61,0.56,34.58,47.5,0.09,21.87,9.85,Sorriso,MT,Centro-Oeste,-12.54,-55.72
2017,204,0.0,0.61,0.55,35.12,42.86,0.18,21.85,9.82,Sorriso,MT,Centro-Oeste,-12.54,-55.72
2017,205,0.0,0.61,0.53,35.31,39.42,0.07,21.49,9.82,Sorriso,MT,Centro-Oeste,-12.54,-55.72
2017,206,0.0,0.61,0.52,34.47,38.4,0.09,22.13,9.96,Sorriso,MT,Centro-Oeste,-12.54,-55.72
2017,207,0.0,0.61,0.5,33.92,41.09,0.08,22.31,10.08,Sorriso,MT,Centro-Oeste,-12.54,-55.72
2017,208,0.0,0.61,0.49,33.05,38.47,0.1,22.66,10.14,Sorriso,MT,Centro-Oeste,-12.54,-55.72
2017,209,0.0,0.61,0.48,33.28,36.1,0.1,22.55,10.17,Sorriso,MT,Centro-Oeste,-12.54,-55.72
2017,210,0.0,0.61,0.46,34.06,33.63,0.12,22.65,10.23,Sorriso,MT,Centro-Oeste,-12.54,-55.72
2017,211,0.0,0.61,0.46,34.33,36.82,0.07,22.07,10.08,Sorriso,MT,Centro-Oeste,-12.54,-55.72
2017,212,0.0,0.61,0.45,33.95,36.56,0.1,22.58,10.28,Sorriso,MT,Centro-Oeste,-12.54,-55.72
2017,213,0.0,0.61,0.44,34.48,35.81,0.19,22.98,10.34,Sorriso,MT,Centro-Oeste,-12.54,-55.72
2017,214,0.0,0.61,0.44,35.19,37.18,0.26,23.17,10.36,Sorriso,MT,Centro-Oeste,-12.54,-55.72
2017,215,0.0,0.6,0.43,35.08,37.38,0.03,22.84,10.26,Sorriso,MT,Centro-Oeste,-12.54,-55.72
2017,216,0.0,0.6,0.43,34.36,43.93,0.03,22.38,10.13,Sorriso,MT,Centro-Oeste,-12.54,-55.72
2017,217,0.0,0.6,0.42,35.58,40.89,0.05,22.18,10.08,Sorriso,MT,Centro-Oeste,-12.54,-55.72
2017,218,0.0,0.6,0.42,36.6,37.34,0.11,22.97,10.34,Sorriso,MT,Centro-Oeste,-12.54,-55.72
2017,219,0.0,0.6,0.41,37.17,32.42,0.23,22.86,10.28,Sorriso,MT,Centro-Oeste,-12.54,-55.72
2017,220,0.0,0.6,0.4,37.61,34.06,0.32,22.53,10.03,Sorriso,MT,Centro-Oeste,-12.54,-55.72
2017,221,0.0,0.6,0.4,37.72,36.89,0.11,20.7,9.43,Sorriso,MT,Centro-Oeste,-12.54,-55.72
2017,222,0.0,0.6,0.39,38.14,34.25,0.15,22.13,10.05,Sorriso,MT,Centro-Oeste,-12.54,-55.72
2017,223,0.0,0.6,0.38,37.86,32.26,0.25,21.04,9.52,Sorriso,MT,Centro-Oeste,-12.54,-55.72
2017,224,0.01,0.6,0.38,36.43,39.41,0.39,19.42,8.8,Sorriso,MT,Centro-Oeste,-12.54,-55.72
2017,225,12.65,0.61,0.5,35.9,55.7,0.26,15.6,7.38,Sorriso,MT,Centro-Oeste,-12.54,-55.72
2017,226,1.17,0.63,0.62,36.31,65.29,0.12,14.03,6.68,Sorriso,MT,Centro-Oeste,-12.54,-55.72
2017,227,0.03,0.62,0.6,37.18,52.81,0.32,21.54,9.81,Sorriso,MT,Centro-Oeste,-12.54,-55.72
2017,228,0.0,0.62,0.59,37.84,47.43,0.17,20.53,9.28,Sorriso,MT,Centro-Oeste,-12.54,-55.72
2017,229,4.2,0.62,0.59,36.51,50.2,0.07,19.21,8.62,Sorriso,MT,Centro-Oeste,-12.54,-55.72
2017,230,1.15,0.62,0.62,36.01,53.5,0.04,19.59,8.81,Sorriso,MT,Centro-Oeste,-12.54,-55.72
2017,231,0.12,0.62,0.58,37.4,54.56,0.11,20.55,9.3,Sorriso,MT,Centro-Oeste,-12.54,-55.72
2017,232,1.06,0.62,0.57,37.55,56.1,0.03,18.01,8.35,Sorriso,MT,Centro-Oeste,-12.54,-55.72
2017,233,5.12,0.62,0.64,34.54,64.89,0.04,17.56,8.23,Sorriso,MT,Centro-Oeste,-12.54,-55.72
2017,234,0.0,0.62,0.59,35.42,53.84,0.11,20.86,9.56,Sorriso,MT,Centro-Oeste,-12.54,-55.72
2017,235,0.0,0.62,0.57,36.86,44.68,0.06,23.18,10.53,Sorriso,MT,Centro-Oeste,-12.54,-55.72
2017,236,0.0,0.61,0.55,34.53,45.58,0.05,23.75,10.83,Sorriso,MT,Centro-Oeste,-12.54,-55.72
2017,237,0.0,0.61,0.52,36.73,47.8,0.12,23.41,10.77,Sorriso,MT,Centro-Oeste,-12.54,-55.72
2017,238,0.0,0.61,0.49,37.29,44.5,0.06,21.24,9.67,Sorriso,MT,Centro-Oeste,-12.54,-55.72
2017,239,0.0,0.61,0.45,38.01,38.13,0.06,23.07,10.53,Sorriso,MT,Centro-Oeste,-12.54,-55.72
2017,240,0.0,0.6,0.42,38.45,36.1,0.1,24.24,10.94,Sorriso,MT,Centro-Oeste,-12.54,-55.72
2017,241,0.0,0.6,0.4,38.6,34.01,0.13,20.54,9.32,Sorriso,MT,Centro-Oeste,-12.54,-55.72
2017,242,0.0,0.6,0.38,37.16,34.85,0.16,19.85,9.02,Sorriso,MT,Centro-Oeste,-12.54,-55.72
2017,243,0.0,0.6,0.37,38.87,30.43,0.1,21.64,9.68,Sorriso,MT,Centro-Oeste,-12.54,-55.72
2017,244,0.27,0.6,0.35,39.29,31.06,0.09,22.44,9.95,Sorriso,MT,Centro-Oeste,-12.54,-55.72
2017,245,0.0,0.6,0.34,38.94,24.65,0.1,24.4,10.91,Sorriso,MT,Centro-Oeste,-12.54,-55.72
2017,246,0.0,0.6,0.33,38.27,23.59,0.05,24.86,11.09,Sorriso,MT,Centro-Oeste,-12.54,-55.72
2017,247,0.0,0.6,0.32,37.25,26.94,0.06,25.06,11.31,Sorriso,MT,Centro-Oeste,-12.54,-55.72
2017,248,0.0,0.6,0.32,36.61,27.85,0.04,25.98,11.74,Sorriso,MT,Centro-Oeste,-12.54,-55.72
2017,249,0.0,0.6,0.31,37.07,28.58,0.22,25.51,11.35,Sorriso,MT,Centro-Oeste,-12.54,-55.72
2017,250,0.0,0.6,0.31,36.98,32.31,0.1,19.76,8.77,Sorriso,MT,Centro-Oeste,-12.54,-55.72
2017,251,0.0,0.6,0.31,38.73,30.31,0.14,20.55,9.24,Sorriso,MT,Centro-Oeste,-12.54,-55.72
2017,252,0.06,0.6,0.3,39.41,28.24,0.04,19.92,9.07,Sorriso,MT,Centro-Oeste,-12.54,-55.72
2017,253,3.09,0.6,0.34,38.68,34.12,0.1,21.79,9.81,Sorriso,MT,Centro-Oeste,-12.54,-55.72
2017,254,0.29,0.6,0.4,38.62,39.61,0.03,21.15,9.42,Sorriso,MT,Centro-Oeste,-12.54,-55.72
2017,255,1.56,0.6,0.43,38.2,47.5,0.05,23.58,10.57,Sorriso,MT,Centro-Oeste,-12.54,-55.72
2017,256,1.22,0.61,0.44,37.52,47.01,0.05,25.47,11.45,Sorriso,MT,Centro-Oeste,-12.54,-55.72
2017,257,0.56,0.6,0.42,37.0,39.92,0.03,23.9,10.5,Sorriso,MT,Centro-Oeste,-12.54,-55.72
2017,258,1.01,0.6,0.42,37.78,45.15,0.05,23.02,9.94,Sorriso,MT,Centro-Oeste,-12.54,-55.72
2017,259,0.38,0.6,0.4,37.17,43.25,0.06,23.66,10.48,Sorriso,MT,Centro-Oeste,-12.54,-55.72
2017,260,0.56,0.6,0.4,35.63,46.01,0.05,25.45,11.27,Sorriso,MT,Centro-Oeste,-12.54,-55.72
2017,261,0.0,0.6,0.38,37.09,40.72,0.04,22.9,10.01,Sorriso,MT,Centro-Oeste,-12.54,-55.72
2017,262,0.79,0.6,0.38,37.02,43.11,0.04,22.56,10.01,Sorriso,MT,Centro-Oeste,-12.54,-55.72
2017,263,0.55,0.6,0.38,37.9,40.73,0.04,19.41,8.48,Sorriso,MT,Centro-Oeste,-12.54,-55.72
2017,264,1.55,0.6,0.38,35.73,48.44,0.02,11.43,5.34,Sorriso,MT,Centro-Oeste,-12.54,-55.72
2017,265,0.0,0.6,0.39,37.21,44.84,0.03,21.33,9.47,Sorriso,MT,Centro-Oeste,-12.54,-55.72
2017,266,0.21,0.6,0.37,37.52,43.8,0.04,21.99,9.75,Sorriso,MT,Centro-Oeste,-12.54,-55.72
2017,267,0.45,0.6,0.36,38.84,40.51,0.04,20.49,9.05,Sorriso,MT,Centro-Oeste,-12.54,-55.72
2017,268,3.21,0.6,0.37,38.87,49.31,0.04,16.08,7.0,Sorriso,MT,Centro-Oeste,-12.54,-55.72
2017,269,0.26,0.6,0.44,37.52,47.66,0.12,16.3,6.94,Sorriso,MT,Centro-Oeste,-12.54,-55.72
2017,270,19.91,0.62,0.63,31.0,63.91,0.03,8.21,3.67,Sorriso,MT,Centro-Oeste,-12.54,-55.72
2017,271,52.65,0.68,0.79,27.94,83.4,0.02,4.09,2.24,Sorriso,MT,Centro-Oeste,-12.54,-55.72
2017,272,0.06,0.67,0.64,33.0,69.89,0.03,21.6,9.84,Sorriso,MT,Centro-Oeste,-12.54,-55.72
2017,273,0.18,0.66,0.62,34.09,68.57,0.02,18.72,8.6,Sorriso,MT,Centro-Oeste,-12.54,-55.72
2017,274,0.01,0.65,0.61,31.66,74.99,0.03,15.86,7.44,Sorriso,MT,Centro-Oeste,-12.54,-55.72
2017,275,42.63,0.65,0.71,30.18,79.99,0.04,16.98,8.29,Sorriso,MT,Centro-Oeste,-12.54,-55.72
2017,276,19.75,0.71,0.81,28.84,86.36,0.07,6.24,3.25,Sorriso,MT,Centro-Oeste,-12.54,-55.72
2017,277,0.74,0.7,0.68,30.12,78.49,0.05,22.25,10.35,Sorriso,MT,Centro-Oeste,-12.54,-55.72
2017,278,1.4,0.68,0.64,34.32,74.02,0.04,21.89,10.22,Sorriso,MT,Centro-Oeste,-12.54,-55.72
2017,279,1.84,0.67,0.64,33.75,74.75,0.05,21.88,10.04,Sorriso,MT,Centro-Oeste,-12.54,-55.72
2017,280,0.0,0.66,0.61,36.64,63.8,0.07,19.82,9.08,Sorriso,MT,Centro-Oeste,-12.54,-55.72
2017,281,0.0,0.65,0.61,35.78,64.63,0.12,21.39,9.66,Sorriso,MT,Centro-Oeste,-12.54,-55.72
2017,282,0.0,0.65,0.61,35.51,66.44,0.1,23.81,10.79,Sorriso,MT,Centro-Oeste,-12.54,-55.72
2017,283,0.0,0.64,0.6,37.54,58.39,0.2,24.27,11.08,Sorriso,MT,Centro-Oeste,-12.54,-55.72
2017,284,0.01,0.64,0.59,37.72,55.06,0.05,20.82,9.68,Sorriso,MT,Centro-Oeste,-12.54,-55.72
2017,285,0.06,0.64,0.6,35.68,61.32,0.03,20.95,9.53,Sorriso,MT,Centro-Oeste,-12.54,-55.72
2017,286,0.0,0.63,0.6,38.31,58.94,0.05,23.12,10.37,Sorriso,MT,Centro-Oeste,-12.54,-55.72
2017,287,0.36,0.63,0.59,37.09,57.05,0.06,25.44,11.19,Sorriso,MT,Centro-Oeste,-12.54,-55.72
2017,288,0.02,0.63,0.59,37.72,55.48,0.16,24.3,11.02,Sorriso,MT,Centro-Oeste,-12.54,-55.72
2017,289,0.08,0.62,0.59,39.86,52.66,0.05,25.36,11.21,Sorriso,MT,Centro-Oeste,-12.54,-55.72
2017,290,4.26,0.63,0.63,36.78,59.78,0.15,16.44,7.73,Sorriso,MT,Centro-Oeste,-12.54,-55.72
2017,291,0.0,0.63,0.59,39.31,50.75,0.24,25.62,11.48,Sorriso,MT,Centro-Oeste,-12.54,-55.72
2017,292,0.0,0.62,0.58,38.64,48.82,0.22,24.41,11.08,Sorriso,MT,Centro-Oeste,-12.54,-55.72
2017,293,1.19,0.62,0.58,37.55,53.79,0.14,16.73,7.83,Sorriso,MT,Centro-Oeste,-12.54,-55.72
2017,294,1.66,0.62,0.59,37.14,52.89,0.11,22.01,10.06,Sorriso,MT,Centro-Oeste,-12.54,-55.72
2017,295,19.33,0.62,0.65,34.33,68.76,0.06,16.57,7.74,Sorriso,MT,Centro-Oeste,-12.54,-55.72
2017,296,5.26,0.66,0.71,26.93,83.68,0.04,15.42,7.27,Sorriso,MT,Centro-Oeste,-12.54,-55.72
2017,297,0.53,0.66,0.62,34.99,65.99,0.09,20.33,9.4,Sorriso,MT,Centro-Oeste,-12.54,-55.72
2017,298,0.09,0.65,0.61,35.13,60.67,0.03,13.81,6.71,Sorriso,MT,Centro-Oeste,-12.54,-55.72
2017,299,1.81,0.64,0.61,33.53,62.91,0.04,24.74,11.38,Sorriso,MT,Centro-Oeste,-12.54,-55.72
2017,300,37.15,0.67,0.76,28.62,86.67,0.07,12.59,6.09,Sorriso,MT,Centro-Oeste,-12.54,-55.72
2017,301,0.99,0.68,0.65,32.02,76.5,0.09,18.26,8.66,Sorriso,MT,Centro-Oeste,-12.54,-55.72
2017,302,0.15,0.66,0.62,34.56,66.47,0.1,20.93,9.82,Sorriso,MT,Centro-Oeste,-12.54,-55.72
2017,303,1.74,0.66,0.62,32.46,72.5,0.03,19.96,9.62,Sorriso,MT,Centro-Oeste,-12.54,-55.72
2017,304,4.6,0.66,0.66,28.44,86.59,0.03,10.37,5.35,Sorriso,MT,Centro-Oeste,-12.54,-55.72
2017,305,1.28,0.66,0.63,33.27,73.22,0.02,19.48,9.52,Sorriso,MT,Centro-Oeste,-12.54,-55.72
2017,306,3.76,0.66,0.64,31.53,73.98,0.03,15.49,7.67,Sorriso,MT,Centro-Oeste,-12.54,-55.72
2017,307,2.43,0.66,0.63,33.68,70.94,0.03,19.6,9.36,Sorriso,MT,Centro-Oeste,-12.54,-55.72
2017,308,5.28,0.66,0.67,32.14,76.56,0.06,26.36,12.4,Sorriso,MT,Centro-Oeste,-12.54,-55.72
2017,309,4.56,0.66,0.64,33.14,72.45,0.03,21.06,10.08,Sorriso,MT,Centro-Oeste,-12.54,-55.72
2017,310,13.52,0.68,0.74,28.81,87.89,0.13,18.86,9.03,Sorriso,MT,Centro-Oeste,-12.54,-55.72
2017,311,0.47,0.67,0.65,33.11,76.47,0.03,16.94,8.32,Sorriso,MT,Centro-Oeste,-12.54,-55.72
2017,312,5.41,0.67,0.67,30.49,78.81,0.09,13.75,6.75,Sorriso,MT,Centro-Oeste,-12.54,-55.72
2017,313,3.08,0.67,0.66,32.64,79.73,0.02,19.84,9.64,Sorriso,MT,Centro-Oeste,-12.54,-55.72
2017,314,0.37,0.67,0.64,29.35,84.67,0.06,16.21,8.13,Sorriso,MT,Centro-Oeste,-12.54,-55.72
2017,315,5.13,0.67,0.65,29.55,80.73,0.09,16.59,8.16,Sorriso,MT,Centro-Oeste,-12.54,-55.72
2017,316,23.02,0.7,0.8,29.08,88.51,0.06,19.96,9.61,Sorriso,MT,Centro-Oeste,-12.54,-55.72
2017,317,7.78,0.71,0.75,30.22,85.29,0.07,16.09,7.91,Sorriso,MT,Centro-Oeste,-12.54,-55.72
2017,318,6.19,0.7,0.7,28.67,86.84,0.07,18.8,9.08,Sorriso,MT,Centro-Oeste,-12.54,-55.72
2017,319,7.88,0.7,0.75,28.79,87.7,0.05,19.77,9.36,Sorriso,MT,Centro-Oeste,-12.54,-55.72
2017,320,3.11,0.69,0.68,30.84,85.21,0.13,19.03,9.18,Sorriso,MT,Centro-Oeste,-12.54,-55.72
2017,321,4.08,0.69,0.69,26.31,92.02,0.03,19.2,9.25,Sorriso,MT,Centro-Oeste,-12.54,-55.72
2017,322,27.37,0.71,0.81,26.11,94.77,0.06,11.55,5.7,Sorriso,MT,Centro-Oeste,-12.54,-55.72
2017,323,14.45,0.74,0.82,25.6,95.6,0.03,15.05,7.44,Sorriso,MT,Centro-Oeste,-12.54,-55.72
2017,324,5.3,0.74,0.78,27.82,92.13,0.03,18.37,8.89,Sorriso,MT,Centro-Oeste,-12.54,-55.72
2017,325,3.89,0.73,0.75,28.07,90.69,0.07,15.51,7.6,Sorriso,MT,Centro-Oeste,-12.54,-55.72
2017,326,11.05,0.73,0.78,27.46,93.51,0.03,18.25,8.91,Sorriso,MT,Centro-Oeste,-12.54,-55.72
2017,327,4.58,0.73,0.76,28.71,92.06,0.06,22.3,10.59,Sorriso,MT,Centro-Oeste,-12.54,-55.72
2017,328,7.4,0.73,0.77,29.58,88.75,0.08,21.68,10.4,Sorriso,MT,Centro-Oeste,-12.54,-55.72
2017,329,7.31,0.72,0.74,30.25,86.54,0.16,22.82,10.81,Sorriso,MT,Centro-Oeste,-12.54,-55.72
2017,330,16.59,0.74,0.84,26.19,96.41,0.15,20.27,9.77,Sorriso,MT,Centro-Oeste,-12.54,-55.72
2017,331,0.49,0.74,0.76,25.27,93.37,0.23,21.99,10.52,Sorriso,MT,Centro-Oeste,-12.54,-55.72
2017,332,12.2,0.75,0.8,27.25,89.69,0.11,17.26,8.41,Sorriso,MT,Centro-Oeste,-12.54,-55.72
2017,333,4.93,0.74,0.77,29.2,88.73,0.13,24.64,11.7,Sorriso,MT,Centro-Oeste,-12.54,-55.72
2017,334,34.12,0.76,0.88,28.26,92.96,0.17,22.7,10.91,Sorriso,MT,Centro-Oeste,-12.54,-55.72
2017,335,10.23,0.79,0.86,27.54,92.86,0.03,9.75,5.06,Sorriso,MT,Centro-Oeste,-12.54,-55.72
2017,336,1.69,0.77,0.79,28.58,88.06,0.03,15.76,7.74,Sorriso,MT,Centro-Oeste,-12.54,-55.72
2017,337,0.76,0.76,0.77,29.39,87.86,0.1,20.43,9.82,Sorriso,MT,Centro-Oeste,-12.54,-55.72
2017,338,5.95,0.75,0.78,29.47,87.85,0.15,15.92,7.88,Sorriso,MT,Centro-Oeste,-12.54,-55.72
2017,339,1.21,0.75,0.76,27.86,89.33,0.17,18.23,8.87,Sorriso,MT,Centro-Oeste,-12.54,-55.72
2017,340,1.34,0.74,0.75,29.09,88.67,0.19,18.39,8.92,Sorriso,MT,Centro-Oeste,-12.54,-55.72
2017,341,1.2,0.74,0.74,27.35,89.21,0.19,20.06,9.6,Sorriso,MT,Centro-Oeste,-12.54,-55.72
2017,342,9.46,0.74,0.78,28.85,89.99,0.16,19.43,9.36,Sorriso,MT,Centro-Oeste,-12.54,-55.72
2017,343,2.02,0.74,0.75,27.39,92.16,0.03,13.14,6.51,Sorriso,MT,Centro-Oeste,-12.54,-55.72
2017,344,30.98,0.76,0.87,26.08,93.6,0.05,11.11,5.73,Sorriso,MT,Centro-Oeste,-12.54,-55.72
2017,345,15.46,0.79,0.87,27.51,93.47,0.03,13.92,7.07,Sorriso,MT,Centro-Oeste,-12.54,-55.72
2017,346,1.75,0.78,0.79,28.52,89.92,0.03,17.34,8.74,Sorriso,MT,Centro-Oeste,-12.54,-55.72
2017,347,4.27,0.77,0.79,25.23,93.27,0.04,19.9,9.74,Sorriso,MT,Centro-Oeste,-12.54,-55.72
2017,348,11.02,0.77,0.82,26.76,93.69,0.08,12.25,6.26,Sorriso,MT,Centro-Oeste,-12.54,-55.72
2017,349,1.81,0.78,0.8,28.17,90.85,0.03,19.72,9.67,Sorriso,MT,Centro-Oeste,-12.54,-55.72
2017,350,2.87,0.77,0.78,27.27,91.97,0.03,12.61,6.45,Sorriso,MT,Centro-Oeste,-12.54,-55.72
2017,351,20.63,0.78,0.86,28.08,91.85,0.03,16.43,8.2,Sorriso,MT,Centro-Oeste,-12.54,-55.72
2017,352,8.37,0.78,0.81,28.33,90.38,0.05,19.7,9.69,Sorriso,MT,Centro-Oeste,-12.54,-55.72
2017,353,1.4,0.78,0.8,28.05,88.31,0.07,25.51,12.14,Sorriso,MT,Centro-Oeste,-12.54,-55.72
2017,354,0.55,0.76,0.77,28.92,87.62,0.13,20.63,10.01,Sorriso,MT,Centro-Oeste,-12.54,-55.72
2017,355,8.48,0.76,0.78,28.25,89.08,0.2,23.7,11.31,Sorriso,MT,Centro-Oeste,-12.54,-55.72
2017,356,34.23,0.79,0.92,27.95,92.23,0.06,13.88,6.87,Sorriso,MT,Centro-Oeste,-12.54,-55.72
2017,357,5.59,0.8,0.83,27.64,90.72,0.04,14.77,7.28,Sorriso,MT,Centro-Oeste,-12.54,-55.72
2017,358,3.03,0.79,0.81,27.88,88.22,0.08,24.47,11.63,Sorriso,MT,Centro-Oeste,-12.54,-55.72
2017,359,14.51,0.78,0.83,28.66,88.55,0.1,20.94,10.13,Sorriso,MT,Centro-Oeste,-12.54,-55.72
2017,360,15.34,0.81,0.88,27.64,90.75,0.2,15.98,7.84,Sorriso,MT,Centro-Oeste,-12.54,-55.72
2017,361,1.19,0.8,0.81,28.03,87.11,0.24,21.98,10.61,Sorriso,MT,Centro-Oeste,-12.54,-55.72
2017,362,11.6,0.79,0.83,28.81,86.3,0.19,27.22,13.01,Sorriso,MT,Centro-Oeste,-12.54,-55.72
2017,363,10.36,0.8,0.87,27.12,93.02,0.12,18.1,8.83,Sorriso,MT,Centro-Oeste,-12.54,-55.72
2017,364,4.73,0.8,0.83,26.98,93.69,0.04,19.95,9.61,Sorriso,MT,Centro-Oeste,-12.54,-55.72
2017,365,6.81,0.8,0.84,27.25,93.96,0.15,22.09,10.58,Sorriso,MT,Centro-Oeste,-12.54,-55.72
2018,1,4.78,0.8,0.82,28.47,88.58,0.25,19.94,9.63,Sorriso,MT,Centro-Oeste,-12.54,-55.72
2018,2,25.86,0.81,0.89,27.86,88.37,0.2,22.67,10.81,Sorriso,MT,Centro-Oeste,-12.54,-55.72
2018,3,12.07,0.82,0.87,28.11,88.0,0.14,18.42,9.05,Sorriso,MT,Centro-Oeste,-12.54,-55.72
2018,4,8.03,0.82,0.86,27.44,92.07,0.09,22.55,10.85,Sorriso,MT,Centro-Oeste,-12.54,-55.72
2018,5,9.62,0.82,0.86,28.21,90.0,0.03,16.02,8.1,Sorriso,MT,Centro-Oeste,-12.54,-55.72
2018,6,30.96,0.83,0.89,25.8,92.27,0.07,16.26,8.22,Sorriso,MT,Centro-Oeste,-12.54,-55.72
2018,7,15.03,0.84,0.9,27.17,91.55,0.03,15.6,7.93,Sorriso,MT,Centro-Oeste,-12.54,-55.72
2018,8,61.5,0.85,0.95,24.68,96.11,0.06,5.96,3.42,Sorriso,MT,Centro-Oeste,-12.54,-55.72
2018,9,12.12,0.87,0.91,26.57,92.11,0.03,17.56,8.84,Sorriso,MT,Centro-Oeste,-12.54,-55.72
2018,10,4.52,0.85,0.88,27.3,91.25,0.1,26.62,12.77,Sorriso,MT,Centro-Oeste,-12.54,-55.72
2018,11,4.52,0.85,0.87,26.5,94.03,0.12,18.76,9.33,Sorriso,MT,Centro-Oeste,-12.54,-55.72
2018,12,10.9,0.86,0.9,25.39,95.51,0.04,20.64,10.27,Sorriso,MT,Centro-Oeste,-12.54,-55.72
2018,13,1.07,0.85,0.86,26.71,88.63,0.06,17.48,8.76,Sorriso,MT,Centro-Oeste,-12.54,-55.72
2018,14,0.72,0.84,0.85,28.11,87.66,0.03,18.47,9.3,Sorriso,MT,Centro-Oeste,-12.54,-55.72
2018,15,17.63,0.84,0.9,27.01,92.53,0.08,18.89,9.42,Sorriso,MT,Centro-Oeste,-12.54,-55.72
2018,16,1.43,0.85,0.86,27.71,89.75,0.18,26.58,12.79,Sorriso,MT,Centro-Oeste,-12.54,-55.72
2018,17,0.0,0.84,0.85,27.61,87.89,0.14,28.05,13.35,Sorriso,MT,Centro-Oeste,-12.54,-55.72
2018,18,0.0,0.83,0.84,29.34,84.1,0.14,27.28,13.11,Sorriso,MT,Centro-Oeste,-12.54,-55.72
2018,19,0.01,0.82,0.83,29.32,82.77,0.23,27.25,13.05,Sorriso,MT,Centro-Oeste,-12.54,-55.72
2018,20,0.38,0.81,0.82,28.36,86.88,0.21,25.92,12.5,Sorriso,MT,Centro-Oeste,-12.54,-55.72
2018,21,0.29,0.81,0.82,28.89,87.29,0.14,21.08,10.42,Sorriso,MT,Centro-Oeste,-12.54,-55.72
2018,22,3.23,0.8,0.82,29.34,88.01,0.18,24.26,11.8,Sorriso,MT,Centro-Oeste,-12.54,-55.72
2018,23,4.14,0.81,0.84,26.12,94.57,0.12,24.2,11.74,Sorriso,MT,Centro-Oeste,-12.54,-55.72
2018,24,3.75,0.81,0.84,27.35,91.4,0.22,25.56,12.32,Sorriso,MT,Centro-Oeste,-12.54,-55.72
2018,25,0.68,0.81,0.82,29.82,85.88,0.13,24.2,11.6,Sorriso,MT,Centro-Oeste,-12.54,-55.72
2018,26,2.72,0.8,0.82,28.64,87.99,0.1,18.42,9.21,Sorriso,MT,Centro-Oeste,-12.54,-55.72
2018,27,10.6,0.81,0.85,26.22,94.18,0.15,15.14,7.74,Sorriso,MT,Centro-Oeste,-12.54,-55.72
2018,28,24.36,0.83,0.92,27.66,92.4,0.11,16.74,8.51,Sorriso,MT,Centro-Oeste,-12.54,-55.72
2018,29,37.13,0.86,0.96,28.0,92.18,0.14,15.48,7.91,Sorriso,MT,Centro-Oeste,-12.54,-55.72
2018,30,9.85,0.87,0.9,28.08,90.55,0.17,16.26,8.2,Sorriso,MT,Centro-Oeste,-12.54,-55.72
2018,31,48.4,0.89,0.98,27.06,94.21,0.14,21.06,10.45,Sorriso,MT,Centro-Oeste,-12.54,-55.72
2018,32,1.06,0.88,0.89,29.78,88.31,0.07,15.81,7.99,Sorriso,MT,Centro-Oeste,-12.54,-55.72
2018,33,8.58,0.87,0.89,27.53,93.93,0.03,15.19,7.75,Sorriso,MT,Centro-Oeste,-12.54,-55.72
2018,34,15.41,0.87,0.92,25.59,96.9,0.04,7.49,4.11,Sorriso,MT,Centro-Oeste,-12.54,-55.72
2018,35,6.99,0.88,0.9,27.42,94.14,0.04,6.82,3.77,Sorriso,MT,Centro-Oeste,-12.54,-55.72
2018,36,18.38,0.88,0.91,26.88,94.61,0.05,19.05,9.39,Sorriso,MT,Centro-Oeste,-12.54,-55.72
2018,37,18.4,0.89,0.94,27.89,92.54,0.04,17.37,8.53,Sorriso,MT,Centro-Oeste,-12.54,-55.72
2018,38,31.93,0.89,0.94,27.91,91.92,0.04,17.53,8.6,Sorriso,MT,Centro-Oeste,-12.54,-55.72
2018,39,34.64,0.9,0.95,28.49,92.13,0.06,17.82,8.73,Sorriso,MT,Centro-Oeste,-12.54,-55.72
2018,40,3.13,0.9,0.92,27.8,92.88,0.04,20.91,10.04,Sorriso,MT,Centro-Oeste,-12.54,-55.72
2018,41,20.52,0.89,0.94,27.77,92.22,0.04,13.31,6.78,Sorriso,MT,Centro-Oeste,-12.54,-55.72
2018,42,8.61,0.9,0.93,27.44,89.61,0.14,17.66,8.69,Sorriso,MT,Centro-Oeste,-12.54,-55.72
2018,43,3.69,0.9,0.92,27.37,90.35,0.18,21.31,10.12,Sorriso,MT,Centro-Oeste,-12.54,-55.72
2018,44,2.16,0.89,0.9,28.96,89.38,0.06,23.73,11.27,Sorriso,MT,Centro-Oeste,-12.54,-55.72
2018,45,14.51,0.89,0.93,28.93,89.57,0.14,20.66,9.98,Sorriso,MT,Centro-Oeste,-12.54,-55.72
2018,46,12.57,0.9,0.94,26.96,93.41,0.11,21.21,10.23,Sorriso,MT,Centro-Oeste,-12.54,-55.72
2018,47,1.19,0.9,0.91,27.32,89.58,0.2,25.92,12.39,Sorriso,MT,Centro-Oeste,-12.54,-55.72
2018,48,12.98,0.9,0.94,26.46,93.7,0.06,22.62,10.93,Sorriso,MT,Centro-Oeste,-12.54,-55.72
2018,49,14.52,0.9,0.94,27.72,91.88,0.09,22.04,10.7,Sorriso,MT,Centro-Oeste,-12.54,-55.72
2018,50,14.08,0.92,0.95,26.25,94.1,0.03,13.27,6.61,Sorriso,MT,Centro-Oeste,-12.54,-55.72
2018,51,28.58,0.92,0.96,27.76,91.95,0.12,20.37,9.89,Sorriso,MT,Centro-Oeste,-12.54,-55.72
2018,52,6.79,0.93,0.94,25.6,95.45,0.03,14.17,7.04,Sorriso,MT,Centro-Oeste,-12.54,-55.72
2018,53,37.8,0.94,0.99,27.53,92.85,0.03,16.57,8.27,Sorriso,MT,Centro-Oeste,-12.54,-55.72
2018,54,27.05,0.95,0.97,26.85,91.68,0.09,16.74,8.37,Sorriso,MT,Centro-Oeste,-12.54,-55.72
2018,55,1.16,0.95,0.94,28.16,89.57,0.04,14.72,7.32,Sorriso,MT,Centro-Oeste,-12.54,-55.72
2018,56,1.54,0.93,0.93,28.68,86.46,0.09,18.03,8.66,Sorriso,MT,Centro-Oeste,-12.54,-55.72
2018,57,7.81,0.93,0.94,26.77,93.16,0.13,16.97,8.31,Sorriso,MT,Centro-Oeste,-12.54,-55.72
2018,58,3.19,0.93,0.93,27.27,91.39,0.14,18.07,8.64,Sorriso,MT,Centro-Oeste,-12.54,-55.72
2018,59,0.89,0.93,0.93,28.76,88.78,0.19,22.68,10.81,Sorriso,MT,Centro-Oeste,-12.54,-55.72
2018,60,0.04,0.92,0.92,29.46,89.13,0.2,22.11,10.62,Sorriso,MT,Centro-Oeste,-12.54,-55.72
2018,61,0.0,0.91,0.91,29.59,87.66,0.03,25.39,12.08,Sorriso,MT,Centro-Oeste,-12.54,-55.72
2018,62,0.0,0.9,0.91,29.93,83.0,0.11,27.25,12.95,Sorriso,MT,Centro-Oeste,-12.54,-55.72
2018,63,0.0,0.89,0.9,28.78,84.98,0.17,23.19,11.22,Sorriso,MT,Centro-Oeste,-12.54,-55.72
2018,64,0.02,0.89,0.9,29.29,84.8,0.14,22.62,10.91,Sorriso,MT,Centro-Oeste,-12.54,-55.72
2018,65,16.67,0.89,0.94,26.65,93.33,0.14,22.68,10.88,Sorriso,MT,Centro-Oeste,-12.54,-55.72
2018,66,35.88,0.91,0.97,27.62,92.73,0.02,13.22,6.56,Sorriso,MT,Centro-Oeste,-12.54,-55.72
2018,67,22.36,0.93,0.96,27.26,93.22,0.04,20.62,9.81,Sorriso,MT,Centro-Oeste,-12.54,-55.72
2018,68,5.21,0.92,0.93,28.56,91.07,0.03,19.15,9.28,Sorriso,MT,Centro-Oeste,-12.54,-55.72
2018,69,28.85,0.93,0.97,26.56,94.97,0.05,15.66,7.87,Sorriso,MT,Centro-Oeste,-12.54,-55.72
2018,70,25.73,0.94,0.96,28.68,88.82,0.13,17.58,8.53,Sorriso,MT,Centro-Oeste,-12.54,-55.72
2018,71,7.61,0.94,0.94,28.36,92.13,0.1,16.86,8.36,Sorriso,MT,Centro-Oeste,-12.54,-55.72
2018,72,17.09,0.94,0.95,26.63,95.38,0.06,13.82,6.99,Sorriso,MT,Centro-Oeste,-12.54,-55.72
2018,73,1.56,0.94,0.94,26.95,92.67,0.03,6.86,3.65,Sorriso,MT,Centro-Oeste,-12.54,-55.72
2018,74,2.03,0.93,0.93,28.77,88.35,0.15,20.95,10.06,Sorriso,MT,Centro-Oeste,-12.54,-55.72
2018,75,0.1,0.92,0.92,29.46,88.04,0.11,19.12,9.24,Sorriso,MT,Centro-Oeste,-12.54,-55.72
2018,76,1.36,0.92,0.92,28.68,85.83,0.21,20.38,9.78,Sorriso,MT,Centro-Oeste,-12.54,-55.72
2018,77,16.01,0.92,0.94,28.16,90.87,0.15,17.88,8.73,Sorriso,MT,Centro-Oeste,-12.54,-55.72
2018,78,12.37,0.93,0.95,28.02,90.86,0.17,18.97,9.25,Sorriso,MT,Centro-Oeste,-12.54,-55.72
2018,79,4.22,0.93,0.94,28.88,90.15,0.18,21.3,10.2,Sorriso,MT,Centro-Oeste,-12.54,-55.72
2018,80,2.15,0.92,0.92,29.03,90.7,0.12,23.07,10.98,Sorriso,MT,Centro-Oeste,-12.54,-55.72
2018,81,11.69,0.92,0.94,29.0,89.08,0.08,16.44,8.04,Sorriso,MT,Centro-Oeste,-12.54,-55.72
2018,82,38.28,0.92,0.96,28.65,92.97,0.02,23.09,11.04,Sorriso,MT,Centro-Oeste,-12.54,-55.72
2018,83,28.11,0.95,0.97,25.49,94.53,0.13,16.82,8.3,Sorriso,MT,Centro-Oeste,-12.54,-55.72
2018,84,41.57,0.95,0.97,25.19,95.11,0.1,11.54,5.89,Sorriso,MT,Centro-Oeste,-12.54,-55.72
2018,85,54.3,0.96,0.99,26.74,93.78,0.05,14.92,7.48,Sorriso,MT,Centro-Oeste,-12.54,-55.72
2018,86,30.88,0.98,0.99,25.92,94.97,0.08,8.27,4.41,Sorriso,MT,Centro-Oeste,-12.54,-55.72
2018,87,4.52,0.98,0.97,27.64,91.16,0.1,21.45,10.36,Sorriso,MT,Centro-Oeste,-12.54,-55.72
2018,88,18.15,0.97,0.97,28.4,89.46,0.16,17.93,8.82,Sorriso,MT,Centro-Oeste,-12.54,-55.72
2018,89,2.72,0.97,0.96,27.88,90.62,0.16,13.55,6.82,Sorriso,MT,Centro-Oeste,-12.54,-55.72
2018,90,0.51,0.97,0.95,27.65,92.07,0.14,17.66,8.65,Sorriso,MT,Centro-Oeste,-12.54,-55.72
2018,91,5.33,0.96,0.96,26.5,92.84,0.16,16.74,8.13,Sorriso,MT,Centro-Oeste,-12.54,-55.72
2018,92,0.45,0.96,0.95,28.6,86.46,0.13,20.74,9.91,Sorriso,MT,Centro-Oeste,-12.54,-55.72
2018,93,1.05,0.95,0.94,28.42,87.05,0.16,20.8,10.03,Sorriso,MT,Centro-Oeste,-12.54,-55.72
2018,94,22.46,0.95,0.97,27.44,88.9,0.21,10.84,5.58,Sorriso,MT,Centro-Oeste,-12.54,-55.72
2018,95,9.13,0.96,0.96,26.38,94.13,0.26,20.77,10.0,Sorriso,MT,Centro-Oeste,-12.54,-55.72
2018,96,2.09,0.96,0.95,27.94,92.75,0.15,15.77,8.0,Sorriso,MT,Centro-Oeste,-12.54,-55.72
2018,97,27.9,0.96,0.97,27.31,93.18,0.08,18.48,9.04,Sorriso,MT,Centro-Oeste,-12.54,-55.72
2018,98,7.68,0.97,0.96,27.97,91.6,0.1,15.35,7.79,Sorriso,MT,Centro-Oeste,-12.54,-55.72
2018,99,6.56,0.96,0.95,27.41,93.85,0.05,18.74,9.26,Sorriso,MT,Centro-Oeste,-12.54,-55.72
2018,100,13.43,0.96,0.97,27.96,91.79,0.05,17.84,8.8,Sorriso,MT,Centro-Oeste,-12.54,-55.72
2018,101,4.87,0.96,0.96,28.1,90.98,0.03,20.3,9.87,Sorriso,MT,Centro-Oeste,-12.54,-55.72
2018,102,1.55,0.95,0.94,27.93,89.19,0.03,19.58,9.54,Sorriso,MT,Centro-Oeste,-12.54,-55.72
2018,103,1.39,0.94,0.94,27.82,87.66,0.03,20.93,10.14,Sorriso,MT,Centro-Oeste,-12.54,-55.72
2018,104,1.26,0.94,0.94,25.44,92.86,0.03,13.26,6.92,Sorriso,MT,Centro-Oeste,-12.54,-55.72
2018,105,0.09,0.93,0.93,27.0,88.81,0.05,18.03,8.88,Sorriso,MT,Centro-Oeste,-12.54,-55.72
2018,106,0.91,0.93,0.93,23.87,93.56,0.11,14.17,7.2,Sorriso,MT,Centro-Oeste,-12.54,-55.72
2018,107,1.01,0.93,0.93,26.48,90.27,0.11,16.54,8.23,Sorriso,MT,Centro-Oeste,-12.54,-55.72
2018,108,0.58,0.92,0.92,26.24,91.72,0.04,15.46,7.84,Sorriso,MT,Centro-Oeste,-12.54,-55.72
2018,109,0.33,0.92,0.92,27.5,89.8,0.02,19.96,9.71,Sorriso,MT,Centro-Oeste,-12.54,-55.72
2018,110,0.26,0.91,0.92,27.51,90.64,0.06,19.68,9.62,Sorriso,MT,Centro-Oeste,-12.54,-55.72
2018,111,0.01,0.91,0.91,28.28,89.28,0.11,20.92,10.05,Sorriso,MT,Centro-Oeste,-12.54,-55.72
2018,112,0.0,0.9,0.91,28.72,89.01,0.11,22.73,10.87,Sorriso,MT,Centro-Oeste,-12.54,-55.72
2018,113,1.42,0.89,0.91,28.76,89.55,0.04,21.96,10.53,Sorriso,MT,Centro-Oeste,-12.54,-55.72
2018,114,2.43,0.89,0.9,28.72,89.87,0.11,20.52,9.89,Sorriso,MT,Centro-Oeste,-12.54,-55.72
2018,115,2.29,0.89,0.9,28.28,90.22,0.15,18.13,8.91,Sorriso,MT,Centro-Oeste,-12.54,-55.72
2018,116,0.72,0.88,0.89,28.63,89.14,0.16,20.68,9.96,Sorriso,MT,Centro-Oeste,-12.54,-55.72
2018,117,0.01,0.88,0.89,28.55,88.67,0.03,21.84,10.43,Sorriso,MT,Centro-Oeste,-12.54,-55.72
2018,118,0.03,0.87,0.88,28.61,89.01,0.06,22.64,10.74,Sorriso,MT,Centro-Oeste,-12.54,-55.72
2018,119,0.01,0.86,0.88,28.62,89.42,0.16,20.72,9.85,Sorriso,MT,Centro-Oeste,-12.54,-55.72
2018,120,0.08,0.86,0.87,28.6,88.69,0.09,21.62,10.25,Sorriso,MT,Centro-Oeste,-12.54,-55.72
2018,121,0.03,0.86,0.87,28.43,88.99,0.04,20.75,9.85,Sorriso,MT,Centro-Oeste,-12.54,-55.72
2018,122,0.0,0.85,0.87,28.35,88.96,0.18,21.23,10.02,Sorriso,MT,Centro-Oeste,-12.54,-55.72
2018,123,0.0,0.85,0.86,28.07,89.21,0.18,21.36,10.08,Sorriso,MT,Centro-Oeste,-12.54,-55.72
2018,124,0.1,0.85,0.86,27.0,91.41,0.13,16.2,7.96,Sorriso,MT,Centro-Oeste,-12.54,-55.72
2018,125,0.01,0.85,0.86,28.2,90.28,0.04,20.11,9.61,Sorriso,MT,Centro-Oeste,-12.54,-55.72
2018,126,0.0,0.85,0.86,27.6,90.39,0.07,21.51,10.2,Sorriso,MT,Centro-Oeste,-12.54,-55.72
2018,127,0.0,0.85,0.85,28.19,88.71,0.15,22.22,10.4,Sorriso,MT,Centro-Oeste,-12.54,-55.72
2018,128,0.0,0.84,0.85,28.21,88.76,0.27,22.34,10.49,Sorriso,MT,Centro-Oeste,-12.54,-55.72
2018,129,0.0,0.83,0.84,28.11,88.52,0.26,21.35,10.04,Sorriso,MT,Centro-Oeste,-12.54,-55.72
2018,130,0.0,0.83,0.84,27.82,88.9,0.29,21.88,10.18,Sorriso,MT,Centro-Oeste,-12.54,-55.72
2018,131,0.0,0.82,0.83,28.01,87.77,0.24,20.74,9.66,Sorriso,MT,Centro-Oeste,-12.54,-55.72
2018,132,0.0,0.82,0.83,27.87,88.15,0.16,19.16,8.91,Sorriso,MT,Centro-Oeste,-12.54,-55.72
2018,133,8.8,0.82,0.86,26.48,90.26,0.16,17.79,8.43,Sorriso,MT,Centro-Oeste,-12.54,-55.72
2018,134,1.57,0.83,0.85,27.35,90.6,0.19,16.89,8.02,Sorriso,MT,Centro-Oeste,-12.54,-55.72
2018,135,0.02,0.82,0.83,28.3,87.5,0.28,19.19,9.06,Sorriso,MT,Centro-Oeste,-12.54,-55.72
2018,136,0.43,0.82,0.83,27.62,89.6,0.19,14.05,6.94,Sorriso,MT,Centro-Oeste,-12.54,-55.72
2018,137,0.7,0.81,0.83,26.72,91.32,0.2,17.15,8.24,Sorriso,MT,Centro-Oeste,-12.54,-55.72
2018,138,5.16,0.82,0.85,26.66,93.08,0.12,17.62,8.49,Sorriso,MT,Centro-Oeste,-12.54,-55.72
2018,139,53.11,0.84,0.93,26.25,95.24,0.12,11.49,5.74,Sorriso,MT,Centro-Oeste,-12.54,-55.72
2018,140,3.68,0.86,0.89,22.94,87.28,0.04,14.02,6.86,Sorriso,MT,Centro-Oeste,-12.54,-55.72
2018,141,0.01,0.84,0.85,24.35,84.23,0.07,20.7,9.71,Sorriso,MT,Centro-Oeste,-12.54,-55.72
2018,142,0.02,0.83,0.84,25.72,87.27,0.03,20.79,9.76,Sorriso,MT,Centro-Oeste,-12.54,-55.72
2018,143,0.06,0.83,0.83,25.34,85.36,0.05,21.18,9.81,Sorriso,MT,Centro-Oeste,-12.54,-55.72
2018,144,0.01,0.82,0.83,26.31,86.35,0.07,20.7,9.67,Sorriso,MT,Centro-Oeste,-12.54,-55.72
2018,145,0.03,0.81,0.82,27.24,88.92,0.07,20.43,9.53,Sorriso,MT,Centro-Oeste,-12.54,-55.72
2018,146,0.0,0.8,0.81,27.23,88.62,0.07,19.66,9.06,Sorriso,MT,Centro-Oeste,-12.54,-55.72
2018,147,0.0,0.8,0.81,27.26,88.54,0.09,20.94,9.59,Sorriso,MT,Centro-Oeste,-12.54,-55.72
2018,148,0.0,0.79,0.8,26.71,87.91,0.2,20.74,9.43,Sorriso,MT,Centro-Oeste,-12.54,-55.72
2018,149,0.0,0.79,0.8,27.43,89.64,0.19,19.14,8.92,Sorriso,MT,Centro-Oeste,-12.54,-55.72
2018,150,0.0,0.79,0.79,27.61,88.21,0.24,19.49,9.11,Sorriso,MT,Centro-Oeste,-12.54,-55.72
2018,151,0.0,0.78,0.79,27.49,88.25,0.25,19.72,9.19,Sorriso,MT,Centro-Oeste,-12.54,-55.72
2018,152,0.0,0.78,0.79,27.39,88.76,0.28,19.47,9.01,Sorriso,MT,Centro-Oeste,-12.54,-55.72
2018,153,0.0,0.78,0.78,26.55,89.67,0.08,18.32,8.51,Sorriso,MT,Centro-Oeste,-12.54,-55.72
2018,154,0.0,0.77,0.78,25.48,85.95,0.04,19.44,8.99,Sorriso,MT,Centro-Oeste,-12.54,-55.72
2018,155,0.01,0.77,0.77,26.01,87.43,0.04,19.08,8.85,Sorriso,MT,Centro-Oeste,-12.54,-55.72
2018,156,0.03,0.76,0.77,26.9,88.38,0.05,19.05,8.8,Sorriso,MT,Centro-Oeste,-12.54,-55.72
2018,157,0.0,0.76,0.77,26.76,88.16,0.18,16.41,7.69,Sorriso,MT,Centro-Oeste,-12.54,-55.72
2018,158,0.0,0.76,0.76,27.06,88.68,0.07,17.38,8.12,Sorriso,MT,Centro-Oeste,-12.54,-55.72
2018,159,0.0,0.75,0.76,26.6,86.98,0.16,17.89,8.28,Sorriso,MT,Centro-Oeste,-12.54,-55.72
2018,160,0.0,0.75,0.75,28.02,88.4,0.18,20.02,9.21,Sorriso,MT,Centro-Oeste,-12.54,-55.72
2018,161,0.02,0.75,0.75,26.96,91.58,0.34,16.44,7.69,Sorriso,MT,Centro-Oeste,-12.54,-55.72
2018,162,0.07,0.74,0.75,28.41,88.13,0.33,16.81,7.92,Sorriso,MT,Centro-Oeste,-12.54,-55.72
2018,163,0.17,0.74,0.74,27.82,87.94,0.34,17.67,8.25,Sorriso,MT,Centro-Oeste,-12.54,-55.72
2018,164,0.02,0.74,0.74,27.76,87.5,0.17,19.15,8.76,Sorriso,MT,Centro-Oeste,-12.54,-55.72
2018,165,0.0,0.73,0.73,27.24,86.51,0.03,16.81,7.87,Sorriso,MT,Centro-Oeste,-12.54,-55.72
2018,166,0.0,0.73,0.72,25.78,83.54,0.04,15.87,7.53,Sorriso,MT,Centro-Oeste,-12.54,-55.72
2018,167,0.0,0.72,0.72,25.28,81.73,0.04,19.81,9.11,Sorriso,MT,Centro-Oeste,-12.54,-55.72
2018,168,0.0,0.72,0.71,26.12,83.3,0.04,19.52,8.96,Sorriso,MT,Centro-Oeste,-12.54,-55.72
2018,169,0.0,0.72,0.71,26.45,84.86,0.05,19.93,9.12,Sorriso,MT,Centro-Oeste,-12.54,-55.72
2018,170,0.0,0.71,0.7,26.47,80.62,0.18,17.1,7.88,Sorriso,MT,Centro-Oeste,-12.54,-55.72
2018,171,0.02,0.71,0.7,27.4,80.0,0.2,17.34,8.0,Sorriso,MT,Centro-Oeste,-12.54,-55.72
2018,172,0.03,0.71,0.69,28.0,79.07,0.2,18.12,8.43,Sorriso,MT,Centro-Oeste,-12.54,-55.72
2018,173,0.0,0.7,0.68,28.15,76.49,0.16,20.19,9.18,Sorriso,MT,Centro-Oeste,-12.54,-55.72
2018,174,0.0,0.7,0.68,28.11,74.71,0.4,20.68,9.34,Sorriso,MT,Centro-Oeste,-12.54,-55.72
2018,175,0.0,0.69,0.67,28.36,72.71,0.35,20.65,9.38,Sorriso,MT,Centro-Oeste,-12.54,-55.72
2018,176,0.0,0.69,0.66,28.48,70.03,0.24,20.64,9.28,Sorriso,MT,Centro-Oeste,-12.54,-55.72
2018,177,0.0,0.69,0.66,28.5,73.78,0.33,20.88,9.38,Sorriso,MT,Centro-Oeste,-12.54,-55.72
2018,178,0.0,0.68,0.65,28.69,75.31,0.41,20.79,9.33,Sorriso,MT,Centro-Oeste,-12.54,-55.72
2018,179,0.0,0.68,0.65,28.6,68.76,0.4,20.94,9.43,Sorriso,MT,Centro-Oeste,-12.54,-55.72
2018,180,0.0,0.68,0.65,29.29,70.63,0.37,20.74,9.33,Sorriso,MT,Centro-Oeste,-12.54,-55.72
2018,181,0.18,0.68,0.64,29.16,70.77,0.35,21.08,9.41,Sorriso,MT,Centro-Oeste,-12.54,-55.72
2018,182,0.0,0.67,0.64,29.29,68.67,0.38,20.97,9.39,Sorriso,MT,Centro-Oeste,-12.54,-55.72
2018,183,0.0,0.67,0.64,29.73,69.23,0.45,20.86,9.41,Sorriso,MT,Centro-Oeste,-12.54,-55.72
2018,184,0.0,0.67,0.63,30.13,65.31,0.27,20.7,9.39,Sorriso,MT,Centro-Oeste,-12.54,-55.72
2018,185,0.0,0.67,0.63,30.85,64.24,0.24,20.84,9.41,Sorriso,MT,Centro-Oeste,-12.54,-55.72
2018,186,0.0,0.66,0.63,31.3,65.11,0.3,20.42,9.26,Sorriso,MT,Centro-Oeste,-12.54,-55.72
2018,187,0.0,0.66,0.62,30.61,64.78,0.28,20.32,9.19,Sorriso,MT,Centro-Oeste,-12.54,-55.72
2018,188,0.0,0.66,0.62,30.47,61.83,0.34,20.81,9.39,Sorriso,MT,Centro-Oeste,-12.54,-55.72
2018,189,0.0,0.66,0.62,31.18,61.02,0.13,20.23,9.3,Sorriso,MT,Centro-Oeste,-12.54,-55.72
2018,190,0.0,0.66,0.62,29.55,63.8,0.04,19.87,9.19,Sorriso,MT,Centro-Oeste,-12.54,-55.72
2018,191,0.0,0.66,0.62,25.86,62.8,0.04,18.16,8.42,Sorriso,MT,Centro-Oeste,-12.54,-55.72
2018,192,0.1,0.66,0.62,29.52,61.74,0.19,20.82,9.47,Sorriso,MT,Centro-Oeste,-12.54,-55.72
2018,193,0.0,0.65,0.62,31.66,59.69,0.14,20.12,9.19,Sorriso,MT,Centro-Oeste,-12.54,-55.72
2018,194,0.0,0.65,0.61,32.28,58.81,0.13,20.14,9.15,Sorriso,MT,Centro-Oeste,-12.54,-55.72
2018,195,0.0,0.65,0.61,32.59,60.08,0.22,20.07,9.13,Sorriso,MT,Centro-Oeste,-12.54,-55.72
2018,196,0.0,0.65,0.61,32.79,55.16,0.37,20.78,9.39,Sorriso,MT,Centro-Oeste,-12.54,-55.72
2018,197,0.0,0.65,0.61,33.23,53.1,0.35,21.15,9.53,Sorriso,MT,Centro-Oeste,-12.54,-55.72
2018,198,0.0,0.65,0.61,33.15,56.48,0.12,21.13,9.56,Sorriso,MT,Centro-Oeste,-12.54,-55.72
2018,199,0.0,0.64,0.6,32.67,58.43,0.31,21.23,9.68,Sorriso,MT,Centro-Oeste,-12.54,-55.72
2018,200,0.0,0.64,0.6,32.74,55.59,0.31,21.52,9.75,Sorriso,MT,Centro-Oeste,-12.54,-55.72
2018,201,0.0,0.64,0.6,33.17,53.53,0.38,21.51,9.81,Sorriso,MT,Centro-Oeste,-12.54,-55.72
2018,202,0.0,0.64,0.6,32.57,52.17,0.13,20.66,9.4,Sorriso,MT,Centro-Oeste,-12.54,-55.72
2018,203,0.0,0.64,0.6,32.3,58.75,0.19,20.27,9.29,Sorriso,MT,Centro-Oeste,-12.54,-55.72
2018,204,0.0,0.64,0.6,34.27,48.76,0.2,21.84,9.93,Sorriso,MT,Centro-Oeste,-12.54,-55.72
2018,205,0.0,0.64,0.6,33.02,48.03,0.04,22.05,9.93,Sorriso,MT,Centro-Oeste,-12.54,-55.72
2018,206,0.0,0.63,0.6,32.53,55.83,0.15,21.77,9.78,Sorriso,MT,Centro-Oeste,-12.54,-55.72
2018,207,0.0,0.63,0.6,32.93,52.9,0.16,21.84,9.87,Sorriso,MT,Centro-Oeste,-12.54,-55.72
2018,208,0.0,0.63,0.6,33.56,53.82,0.21,21.96,9.94,Sorriso,MT,Centro-Oeste,-12.54,-55.72
2018,209,0.0,0.63,0.6,34.45,45.68,0.4,21.96,9.95,Sorriso,MT,Centro-Oeste,-12.54,-55.72
2018,210,0.53,0.63,0.6,34.96,54.71,0.3,20.41,9.39,Sorriso,MT,Centro-Oeste,-12.54,-55.72
2018,211,0.0,0.63,0.6,35.25,50.4,0.22,21.78,9.91,Sorriso,MT,Centro-Oeste,-12.54,-55.72
2018,212,0.0,0.63,0.6,35.01,47.57,0.16,19.62,9.08,Sorriso,MT,Centro-Oeste,-12.54,-55.72
2018,213,0.0,0.63,0.6,34.99,54.57,0.19,20.94,9.54,Sorriso,MT,Centro-Oeste,-12.54,-55.72
2018,214,0.0,0.63,0.6,35.13,49.14,0.18,21.64,9.76,Sorriso,MT,Centro-Oeste,-12.54,-55.72
2018,215,0.0,0.62,0.6,35.89,44.92,0.28,22.3,9.99,Sorriso,MT,Centro-Oeste,-12.54,-55.72
2018,216,0.0,0.62,0.59,36.05,47.02,0.41,19.84,9.08,Sorriso,MT,Centro-Oeste,-12.54,-55.72
2018,217,0.0,0.62,0.6,34.82,50.15,0.21,19.56,9.02,Sorriso,MT,Centro-Oeste,-12.54,-55.72
2018,218,0.0,0.62,0.6,35.64,54.85,0.09,20.06,9.24,Sorriso,MT,Centro-Oeste,-12.54,-55.72
2018,219,0.0,0.62,0.59,35.99,51.53,0.23,21.29,9.78,Sorriso,MT,Centro-Oeste,-12.54,-55.72
2018,220,0.0,0.62,0.59,37.34,42.12,0.31,20.11,9.26,Sorriso,MT,Centro-Oeste,-12.54,-55.72
2018,221,0.02,0.62,0.58,33.33,52.88,0.04,17.31,8.11,Sorriso,MT,Centro-Oeste,-12.54,-55.72
2018,222,0.0,0.62,0.58,34.83,51.14,0.04,18.57,8.66,Sorriso,MT,Centro-Oeste,-12.54,-55.72
2018,223,0.0,0.62,0.57,35.93,48.34,0.08,20.72,9.54,Sorriso,MT,Centro-Oeste,-12.54,-55.72
2018,224,0.0,0.61,0.56,36.43,46.86,0.18,22.54,10.31,Sorriso,MT,Centro-Oeste,-12.54,-55.72
2018,225,0.0,0.61,0.55,37.07,44.1,0.25,22.93,10.43,Sorriso,MT,Centro-Oeste,-12.54,-55.72
2018,226,0.0,0.61,0.54,36.95,38.3,0.4,22.09,10.03,Sorriso,MT,Centro-Oeste,-12.54,-55.72
2018,227,0.0,0.61,0.53,36.09,43.74,0.09,21.14,9.56,Sorriso,MT,Centro-Oeste,-12.54,-55.72
2018,228,3.76,0.61,0.56,30.3,61.89,0.09,19.0,8.7,Sorriso,MT,Centro-Oeste,-12.54,-55.72
2018,229,0.47,0.62,0.6,32.82,65.35,0.06,14.47,7.01,Sorriso,MT,Centro-Oeste,-12.54,-55.72
2018,230,0.02,0.62,0.58,35.32,55.07,0.04,21.72,10.15,Sorriso,MT,Centro-Oeste,-12.54,-55.72
2018,231,0.07,0.61,0.56,36.02,57.5,0.15,21.09,9.83,Sorriso,MT,Centro-Oeste,-12.54,-55.72
2018,232,0.03,0.61,0.55,35.49,50.54,0.03,16.02,7.77,Sorriso,MT,Centro-Oeste,-12.54,-55.72
2018,233,0.07,0.61,0.52,34.82,44.07,0.04,19.82,9.35,Sorriso,MT,Centro-Oeste,-12.54,-55.72
2018,234,0.0,0.61,0.5,36.08,43.95,0.03,20.43,9.51,Sorriso,MT,Centro-Oeste,-12.54,-55.72
2018,235,0.0,0.61,0.48,37.46,44.11,0.03,21.09,9.8,Sorriso,MT,Centro-Oeste,-12.54,-55.72
2018,236,0.18,0.61,0.46,35.75,49.38,0.15,19.28,9.08,Sorriso,MT,Centro-Oeste,-12.54,-55.72
2018,237,0.47,0.61,0.47,31.6,65.98,0.05,16.27,7.82,Sorriso,MT,Centro-Oeste,-12.54,-55.72
2018,238,0.0,0.61,0.47,33.93,52.05,0.05,22.48,10.41,Sorriso,MT,Centro-Oeste,-12.54,-55.72
2018,239,0.0,0.61,0.45,36.83,46.96,0.04,22.85,10.6,Sorriso,MT,Centro-Oeste,-12.54,-55.72
2018,240,0.0,0.61,0.43,37.79,42.3,0.08,20.32,9.52,Sorriso,MT,Centro-Oeste,-12.54,-55.72
2018,241,0.0,0.6,0.42,37.41,37.36,0.22,23.59,10.86,Sorriso,MT,Centro-Oeste,-12.54,-55.72
2018,242,0.0,0.6,0.41,37.49,37.35,0.21,23.72,10.88,Sorriso,MT,Centro-Oeste,-12.54,-55.72
2018,243,0.0,0.6,0.4,38.08,36.09,0.37,23.14,10.57,Sorriso,MT,Centro-Oeste,-12.54,-55.72
2018,244,0.0,0.6,0.4,38.11,34.31,0.43,24.38,11.0,Sorriso,MT,Centro-Oeste,-12.54,-55.72
2018,245,0.0,0.6,0.39,38.26,34.43,0.22,22.67,10.33,Sorriso,MT,Centro-Oeste,-12.54,-55.72
2018,246,0.0,0.6,0.38,32.84,42.86,0.04,23.61,10.67,Sorriso,MT,Centro-Oeste,-12.54,-55.72
2018,247,0.0,0.6,0.38,32.96,32.77,0.04,25.97,11.59,Sorriso,MT,Centro-Oeste,-12.54,-55.72
2018,248,0.0,0.6,0.38,35.48,29.96,0.03,25.3,11.3,Sorriso,MT,Centro-Oeste,-12.54,-55.72
2018,249,0.0,0.6,0.37,37.34,31.44,0.16,25.01,11.13,Sorriso,MT,Centro-Oeste,-12.54,-55.72
2018,250,0.0,0.6,0.36,38.49,29.75,0.05,23.12,10.31,Sorriso,MT,Centro-Oeste,-12.54,-55.72
2018,251,0.0,0.6,0.35,39.0,29.74,0.06,23.7,10.6,Sorriso,MT,Centro-Oeste,-12.54,-55.72
2018,252,0.0,0.6,0.35,39.07,32.64,0.14,23.26,10.58,Sorriso,MT,Centro-Oeste,-12.54,-55.72
2018,253,0.0,0.6,0.34,38.5,26.36,0.15,21.82,9.94,Sorriso,MT,Centro-Oeste,-12.54,-55.72
2018,254,0.0,0.6,0.33,38.76,25.35,0.22,23.84,10.7,Sorriso,MT,Centro-Oeste,-12.54,-55.72
2018,255,0.0,0.6,0.33,39.71,29.23,0.36,23.53,10.48,Sorriso,MT,Centro-Oeste,-12.54,-55.72
2018,256,2.04,0.6,0.35,37.7,39.11,0.18,18.98,8.8,Sorriso,MT,Centro-Oeste,-12.54,-55.72
2018,257,0.38,0.6,0.39,34.73,52.74,0.03,17.42,8.38,Sorriso,MT,Centro-Oeste,-12.54,-55.72
2018,258,0.01,0.6,0.39,35.15,51.26,0.11,16.44,7.89,Sorriso,MT,Centro-Oeste,-12.54,-55.72
2018,259,0.09,0.6,0.38,36.49,55.97,0.05,13.48,6.63,Sorriso,MT,Centro-Oeste,-12.54,-55.72
2018,260,0.0,0.6,0.38,32.74,60.06,0.03,19.25,8.92,Sorriso,MT,Centro-Oeste,-12.54,-55.72
2018,261,0.0,0.6,0.38,35.23,51.53,0.12,22.24,10.44,Sorriso,MT,Centro-Oeste,-12.54,-55.72
2018,262,6.57,0.6,0.45,34.14,60.26,0.09,17.28,8.19,Sorriso,MT,Centro-Oeste,-12.54,-55.72
2018,263,3.3,0.62,0.62,32.94,73.59,0.06,19.19,9.02,Sorriso,MT,Centro-Oeste,-12.54,-55.72
2018,264,0.1,0.62,0.6,34.07,66.64,0.06,18.28,8.62,Sorriso,MT,Centro-Oeste,-12.54,-55.72
2018,265,4.32,0.62,0.62,35.24,61.48,0.05,15.27,7.23,Sorriso,MT,Centro-Oeste,-12.54,-55.72
2018,266,1.95,0.62,0.61,33.63,66.29,0.08,23.45,10.82,Sorriso,MT,Centro-Oeste,-12.54,-55.72
2018,267,1.02,0.62,0.6,36.8,63.49,0.1,7.6,3.97,Sorriso,MT,Centro-Oeste,-12.54,-55.72
2018,268,0.09,0.62,0.59,34.84,66.8,0.03,22.63,10.4,Sorriso,MT,Centro-Oeste,-12.54,-55.72
2018,269,12.81,0.62,0.66,34.99,67.95,0.07,20.74,9.76,Sorriso,MT,Centro-Oeste,-12.54,-55.72
2018,270,1.16,0.64,0.63,32.15,72.11,0.08,18.14,8.7,Sorriso,MT,Centro-Oeste,-12.54,-55.72
2018,271,2.82,0.63,0.62,33.58,69.79,0.14,13.58,6.66,Sorriso,MT,Centro-Oeste,-12.54,-55.72
2018,272,0.56,0.63,0.61,35.04,71.14,0.03,17.47,8.38,Sorriso,MT,Centro-Oeste,-12.54,-55.72
2018,273,0.14,0.63,0.6,35.39,65.98,0.06,20.4,9.69,Sorriso,MT,Centro-Oeste,-12.54,-55.72
2018,274,0.02,0.62,0.6,34.88,64.38,0.08,17.63,8.44,Sorriso,MT,Centro-Oeste,-12.54,-55.72
2018,275,0.0,0.62,0.59,36.77,58.23,0.1,16.37,7.97,Sorriso,MT,Centro-Oeste,-12.54,-55.72
2018,276,0.0,0.62,0.57,37.71,58.32,0.1,23.53,11.04,Sorriso,MT,Centro-Oeste,-12.54,-55.72
2018,277,5.96,0.62,0.62,34.7,67.09,0.04,18.68,8.86,Sorriso,MT,Centro-Oeste,-12.54,-55.72
2018,278,0.02,0.62,0.6,36.94,60.79,0.02,17.39,8.35,Sorriso,MT,Centro-Oeste,-12.54,-55.72
2018,279,0.08,0.62,0.59,30.0,74.21,0.06,20.13,9.57,Sorriso,MT,Centro-Oeste,-12.54,-55.72
2018,280,0.58,0.62,0.59,32.77,65.51,0.04,16.74,8.16,Sorriso,MT,Centro-Oeste,-12.54,-55.72
2018,281,2.12,0.62,0.59,36.12,63.21,0.03,16.48,8.01,Sorriso,MT,Centro-Oeste,-12.54,-55.72
2018,282,1.71,0.62,0.6,36.38,62.86,0.09,17.56,8.68,Sorriso,MT,Centro-Oeste,-12.54,-55.72
2018,283,0.03,0.61,0.57,34.01,61.57,0.03,17.34,8.43,Sorriso,MT,Centro-Oeste,-12.54,-55.72
2018,284,8.21,0.62,0.61,37.24,60.64,0.03,20.83,9.93,Sorriso,MT,Centro-Oeste,-12.54,-55.72
2018,285,1.17,0.62,0.62,37.95,60.44,0.03,17.38,8.35,Sorriso,MT,Centro-Oeste,-12.54,-55.72
2018,286,9.51,0.63,0.66,37.47,60.47,0.05,16.6,8.02,Sorriso,MT,Centro-Oeste,-12.54,-55.72
2018,287,6.78,0.64,0.67,32.24,75.25,0.08,22.93,10.81,Sorriso,MT,Centro-Oeste,-12.54,-55.72
2018,288,0.83,0.64,0.62,28.22,79.82,0.03,18.22,8.76,Sorriso,MT,Centro-Oeste,-12.54,-55.72
2018,289,0.0,0.63,0.6,37.77,61.91,0.11,24.48,11.52,Sorriso,MT,Centro-Oeste,-12.54,-55.72
2018,290,16.25,0.64,0.67,36.12,67.3,0.03,20.09,9.68,Sorriso,MT,Centro-Oeste,-12.54,-55.72
2018,291,21.27,0.69,0.79,28.71,86.74,0.07,19.27,9.41,Sorriso,MT,Centro-Oeste,-12.54,-55.72
2018,292,6.57,0.68,0.69,29.14,87.25,0.02,15.74,7.67,Sorriso,MT,Centro-Oeste,-12.54,-55.72
2018,293,2.8,0.67,0.66,29.43,86.73,0.07,19.59,9.49,Sorriso,MT,Centro-Oeste,-12.54,-55.72
2018,294,0.78,0.67,0.65,32.54,77.16,0.15,18.44,8.91,Sorriso,MT,Centro-Oeste,-12.54,-55.72
2018,295,0.24,0.66,0.62,32.71,69.63,0.14,10.64,5.36,Sorriso,MT,Centro-Oeste,-12.54,-55.72
2018,296,3.33,0.65,0.63,31.98,76.72,0.03,18.92,9.27,Sorriso,MT,Centro-Oeste,-12.54,-55.72
2018,297,0.2,0.65,0.62,33.29,73.53,0.12,19.41,9.35,Sorriso,MT,Centro-Oeste,-12.54,-55.72
2018,298,9.51,0.66,0.68,27.26,87.64,0.05,18.98,9.24,Sorriso,MT,Centro-Oeste,-12.54,-55.72
2018,299,8.18,0.67,0.7,34.06,76.67,0.14,24.77,11.7,Sorriso,MT,Centro-Oeste,-12.54,-55.72
2018,300,16.72,0.68,0.76,31.43,83.53,0.04,21.64,10.29,Sorriso,MT,Centro-Oeste,-12.54,-55.72
2018,301,0.65,0.69,0.68,29.88,81.65,0.16,23.11,11.05,Sorriso,MT,Centro-Oeste,-12.54,-55.72
2018,302,0.0,0.67,0.64,32.34,73.97,0.12,21.53,10.3,Sorriso,MT,Centro-Oeste,-12.54,-55.72
2018,303,4.78,0.67,0.66,32.01,77.77,0.06,22.11,10.6,Sorriso,MT,Centro-Oeste,-12.54,-55.72
2018,304,2.79,0.67,0.67,30.57,83.5,0.09,17.77,8.8,Sorriso,MT,Centro-Oeste,-12.54,-55.72
2018,305,0.33,0.67,0.64,31.31,80.2,0.02,20.36,9.86,Sorriso,MT,Centro-Oeste,-12.54,-55.72
2018,306,5.11,0.67,0.65,32.39,79.69,0.02,19.07,9.24,Sorriso,MT,Centro-Oeste,-12.54,-55.72
2018,307,4.33,0.67,0.68,27.83,84.47,0.12,18.16,8.88,Sorriso,MT,Centro-Oeste,-12.54,-55.72
2018,308,5.66,0.67,0.66,31.7,79.05,0.14,16.21,8.04,Sorriso,MT,Centro-Oeste,-12.54,-55.72
2018,309,1.14,0.67,0.65,31.76,77.88,0.03,16.46,8.07,Sorriso,MT,Centro-Oeste,-12.54,-55.72
2018,310,11.2,0.68,0.71,30.03,85.16,0.11,20.38,9.79,Sorriso,MT,Centro-Oeste,-12.54,-55.72
2018,311,8.69,0.68,0.69,28.34,87.23,0.11,15.99,8.02,Sorriso,MT,Centro-Oeste,-12.54,-55.72
2018,312,15.94,0.71,0.8,28.64,91.38,0.07,9.51,5.03,Sorriso,MT,Centro-Oeste,-12.54,-55.72
2018,313,2.52,0.7,0.7,28.61,88.73,0.02,21.19,10.19,Sorriso,MT,Centro-Oeste,-12.54,-55.72
2018,314,1.78,0.69,0.68,28.41,85.52,0.03,14.66,7.35,Sorriso,MT,Centro-Oeste,-12.54,-55.72
2018,315,0.01,0.68,0.66,31.62,77.67,0.02,22.88,11.04,Sorriso,MT,Centro-Oeste,-12.54,-55.72
2018,316,2.56,0.68,0.65,33.7,75.67,0.02,26.01,12.32,Sorriso,MT,Centro-Oeste,-12.54,-55.72
2018,317,0.37,0.67,0.64,33.85,75.78,0.03,17.87,8.72,Sorriso,MT,Centro-Oeste,-12.54,-55.72
2018,318,4.56,0.67,0.66,31.83,77.93,0.05,16.32,8.08,Sorriso,MT,Centro-Oeste,-12.54,-55.72
2018,319,1.25,0.67,0.65,30.22,79.72,0.06,19.5,9.45,Sorriso,MT,Centro-Oeste,-12.54,-55.72
2018,320,11.89,0.67,0.68,32.59,80.62,0.02,22.76,10.94,Sorriso,MT,Centro-Oeste,-12.54,-55.72
2018,321,8.42,0.7,0.75,28.35,91.14,0.1,9.89,5.13,Sorriso,MT,Centro-Oeste,-12.54,-55.72
2018,322,4.19,0.69,0.69,30.23,86.02,0.07,20.52,9.87,Sorriso,MT,Centro-Oeste,-12.54,-55.72
2018,323,11.44,0.69,0.72,30.35,85.19,0.1,7.16,3.82,Sorriso,MT,Centro-Oeste,-12.54,-55.72
2018,324,7.14,0.71,0.75,30.3,86.25,0.03,24.13,11.54,Sorriso,MT,Centro-Oeste,-12.54,-55.72
2018,325,3.04,0.7,0.69,31.1,83.82,0.03,16.1,8.01,Sorriso,MT,Centro-Oeste,-12.54,-55.72
2018,326,33.92,0.72,0.83,23.7,92.53,0.02,16.53,8.11,Sorriso,MT,Centro-Oeste,-12.54,-55.72
2018,327,9.74,0.75,0.81,28.97,88.66,0.05,16.31,7.94,Sorriso,MT,Centro-Oeste,-12.54,-55.72
2018,328,1.75,0.73,0.73,28.46,87.96,0.02,16.71,8.11,Sorriso,MT,Centro-Oeste,-12.54,-55.72
2018,329,7.56,0.72,0.75,27.53,91.97,0.07,17.21,8.53,Sorriso,MT,Centro-Oeste,-12.54,-55.72
2018,330,4.53,0.72,0.74,29.57,86.83,0.1,12.4,6.34,Sorriso,MT,Centro-Oeste,-12.54,-55.72
2018,331,1.75,0.71,0.71,28.29,92.02,0.02,13.21,6.79,Sorriso,MT,Centro-Oeste,-12.54,-55.72
2018,332,6.71,0.71,0.72,27.92,91.29,0.05,10.49,5.36,Sorriso,MT,Centro-Oeste,-12.54,-55.72
2018,333,35.43,0.75,0.91,27.54,93.71,0.02,19.45,9.44,Sorriso,MT,Centro-Oeste,-12.54,-55.72
2018,334,6.45,0.76,0.8,27.44,92.62,0.03,10.43,5.35,Sorriso,MT,Centro-Oeste,-12.54,-55.72
2018,335,20.84,0.77,0.86,25.31,96.01,0.04,7.45,3.91,Sorriso,MT,Centro-Oeste,-12.54,-55.72
2018,336,8.17,0.77,0.81,26.52,94.29,0.04,13.66,6.88,Sorriso,MT,Centro-Oeste,-12.54,-55.72
2018,337,6.56,0.77,0.81,25.27,95.29,0.02,10.69,5.52,Sorriso,MT,Centro-Oeste,-12.54,-55.72
2018,338,1.38,0.76,0.77,27.93,90.3,0.03,15.37,7.65,Sorriso,MT,Centro-Oeste,-12.54,-55.72
2018,339,4.52,0.75,0.77,27.48,92.11,0.03,13.39,6.73,Sorriso,MT,Centro-Oeste,-12.54,-55.72
2018,340,3.26,0.74,0.76,28.64,89.38,0.11,19.0,9.23,Sorriso,MT,Centro-Oeste,-12.54,-55.72
2018,341,3.14,0.74,0.76,27.21,92.83,0.17,20.35,9.84,Sorriso,MT,Centro-Oeste,-12.54,-55.72
2018,342,1.98,0.74,0.75,29.02,91.54,0.03,19.2,9.29,Sorriso,MT,Centro-Oeste,-12.54,-55.72
2018,343,10.92,0.75,0.79,27.07,92.5,0.04,12.65,6.33,Sorriso,MT,Centro-Oeste,-12.54,-55.72
2018,344,0.64,0.74,0.75,29.15,88.04,0.1,19.63,9.51,Sorriso,MT,Centro-Oeste,-12.54,-55.72
2018,345,0.36,0.73,0.73,29.21,85.1,0.04,23.95,11.37,Sorriso,MT,Centro-Oeste,-12.54,-55.72
2018,346,1.59,0.72,0.72,29.53,86.31,0.03,27.37,12.95,Sorriso,MT,Centro-Oeste,-12.54,-55.72
2018,347,1.86,0.72,0.72,28.21,87.23,0.04,22.34,10.7,Sorriso,MT,Centro-Oeste,-12.54,-55.72
2018,348,3.57,0.71,0.72,28.84,83.78,0.04,27.34,12.85,Sorriso,MT,Centro-Oeste,-12.54,-55.72
2018,349,6.29,0.71,0.73,29.43,83.67,0.16,26.38,12.48,Sorriso,MT,Centro-Oeste,-12.54,-55.72
2018,350,2.89,0.71,0.73,29.27,87.33,0.06,24.74,11.82,Sorriso,MT,Centro-Oeste,-12.54,-55.72
2018,351,1.56,0.71,0.7,29.83,83.2,0.03,27.57,13.04,Sorriso,MT,Centro-Oeste,-12.54,-55.72
2018,352,1.82,0.7,0.69,28.77,82.38,0.14,16.33,8.07,Sorriso,MT,Centro-Oeste,-12.54,-55.72
2018,353,3.3,0.7,0.7,29.18,81.25,0.17,22.57,10.73,Sorriso,MT,Centro-Oeste,-12.54,-55.72
2018,354,0.34,0.7,0.69,30.05,79.51,0.17,22.93,10.99,Sorriso,MT,Centro-Oeste,-12.54,-55.72
2018,355,0.23,0.69,0.67,30.31,74.37,0.07,25.09,12.0,Sorriso,MT,Centro-Oeste,-12.54,-55.72
2018,356,3.1,0.69,0.67,31.55,73.95,0.13,26.49,12.56,Sorriso,MT,Centro-Oeste,-12.54,-55.72
2018,357,5.54,0.69,0.69,31.23,81.1,0.04,24.47,11.61,Sorriso,MT,Centro-Oeste,-12.54,-55.72
2018,358,1.09,0.69,0.67,31.11,75.91,0.03,24.14,11.64,Sorriso,MT,Centro-Oeste,-12.54,-55.72
2018,359,0.9,0.68,0.64,31.86,72.94,0.05,24.87,11.93,Sorriso,MT,Centro-Oeste,-12.54,-55.72
2018,360,1.33,0.68,0.64,32.25,75.66,0.08,24.05,11.55,Sorriso,MT,Centro-Oeste,-12.54,-55.72
2018,361,3.64,0.67,0.65,32.66,77.62,0.02,16.85,8.44,Sorriso,MT,Centro-Oeste,-12.54,-55.72
2018,362,13.04,0.68,0.7,28.31,89.75,0.03,14.6,7.43,Sorriso,MT,Centro-Oeste,-12.54,-55.72
2018,363,23.82,0.73,0.84,26.97,93.46,0.06,16.88,8.38,Sorriso,MT,Centro-Oeste,-12.54,-55.72
2018,364,2.88,0.73,0.74,28.68,87.44,0.07,16.92,8.47,Sorriso,MT,Centro-Oeste,-12.54,-55.72
2018,365,24.94,0.74,0.83,25.97,94.14,0.09,9.38,4.81,Sorriso,MT,Centro-Oeste,-12.54,-55.72
2019,1,4.26,0.75,0.79,26.24,94.61,0.02,15.47,7.82,Sorriso,MT,Centro-Oeste,-12.54,-55.72
2019,2,1.22,0.74,0.75,28.99,88.33,0.06,20.5,10.14,Sorriso,MT,Centro-Oeste,-12.54,-55.72
2019,3,7.24,0.73,0.76,29.44,86.67,0.16,26.81,12.89,Sorriso,MT,Centro-Oeste,-12.54,-55.72
2019,4,9.67,0.74,0.79,29.35,88.88,0.12,18.87,9.38,Sorriso,MT,Centro-Oeste,-12.54,-55.72
2019,5,36.67,0.77,0.87,26.43,93.87,0.11,15.98,7.89,Sorriso,MT,Centro-Oeste,-12.54,-55.72
2019,6,2.69,0.77,0.79,27.38,91.36,0.05,22.28,10.72,Sorriso,MT,Centro-Oeste,-12.54,-55.72
2019,7,5.75,0.75,0.78,26.72,89.98,0.03,14.45,7.23,Sorriso,MT,Centro-Oeste,-12.54,-55.72
2019,8,0.11,0.74,0.75,28.93,84.4,0.15,24.68,11.73,Sorriso,MT,Centro-Oeste,-12.54,-55.72
2019,9,0.22,0.73,0.73,29.35,83.01,0.26,21.92,10.44,Sorriso,MT,Centro-Oeste,-12.54,-55.72
2019,10,0.32,0.72,0.72,29.14,79.63,0.25,21.28,10.2,Sorriso,MT,Centro-Oeste,-12.54,-55.72
2019,11,1.66,0.71,0.71,26.87,86.93,0.04,20.66,9.92,Sorriso,MT,Centro-Oeste,-12.54,-55.72
2019,12,1.14,0.71,0.71,28.64,83.69,0.13,23.91,11.41,Sorriso,MT,Centro-Oeste,-12.54,-55.72
2019,13,15.68,0.71,0.76,29.69,80.49,0.13,27.19,12.82,Sorriso,MT,Centro-Oeste,-12.54,-55.72
2019,14,7.7,0.73,0.79,28.04,88.85,0.11,16.1,7.97,Sorriso,MT,Centro-Oeste,-12.54,-55.72
2019,15,0.34,0.73,0.73,28.98,85.18,0.09,27.82,13.23,Sorriso,MT,Centro-Oeste,-12.54,-55.72
2019,16,0.1,0.71,0.71,29.95,79.97,0.17,26.71,12.71,Sorriso,MT,Centro-Oeste,-12.54,-55.72
2019,17,0.06,0.7,0.69,31.04,75.97,0.23,25.23,11.97,Sorriso,MT,Centro-Oeste,-12.54,-55.72
2019,18,4.52,0.7,0.7,29.29,82.45,0.23,19.57,9.48,Sorriso,MT,Centro-Oeste,-12.54,-55.72
2019,19,1.39,0.7,0.7,29.5,82.34,0.12,23.95,11.4,Sorriso,MT,Centro-Oeste,-12.54,-55.72
2019,20,0.15,0.7,0.68,27.38,82.06,0.12,22.65,10.9,Sorriso,MT,Centro-Oeste,-12.54,-55.72
2019,21,0.11,0.69,0.67,30.55,72.26,0.12,25.42,12.04,Sorriso,MT,Centro-Oeste,-12.54,-55.72
2019,22,1.42,0.68,0.66,32.4,71.8,0.03,23.32,11.14,Sorriso,MT,Centro-Oeste,-12.54,-55.72
2019,23,0.2,0.68,0.65,33.4,80.38,0.06,19.73,9.54,Sorriso,MT,Centro-Oeste,-12.54,-55.72
2019,24,0.03,0.68,0.65,32.51,73.36,0.12,23.2,11.22,Sorriso,MT,Centro-Oeste,-12.54,-55.72
2019,25,0.76,0.68,0.64,30.97,75.18,0.06,20.49,9.88,Sorriso,MT,Centro-Oeste,-12.54,-55.72
2019,26,8.03,0.68,0.68,32.52,76.91,0.08,20.18,9.73,Sorriso,MT,Centro-Oeste,-12.54,-55.72
2019,27,10.65,0.69,0.71,30.46,85.97,0.05,13.46,6.72,Sorriso,MT,Centro-Oeste,-12.54,-55.72
2019,28,52.47,0.74,0.91,24.37,96.2,0.03,7.22,3.85,Sorriso,MT,Centro-Oeste,-12.54,-55.72
2019,29,3.09,0.76,0.8,25.7,91.83,0.03,11.9,6.37,Sorriso,MT,Centro-Oeste,-12.54,-55.72
2019,30,0.7,0.74,0.75,27.84,86.48,0.13,23.75,11.43,Sorriso,MT,Centro-Oeste,-12.54,-55.72
2019,31,0.64,0.73,0.73,29.9,86.66,0.2,22.46,11.06,Sorriso,MT,Centro-Oeste,-12.54,-55.72
2019,32,0.75,0.72,0.71,30.56,83.41,0.17,24.12,11.69,Sorriso,MT,Centro-Oeste,-12.54,-55.72
2019,33,0.19,0.71,0.7,30.63,80.08,0.07,26.92,12.82,Sorriso,MT,Centro-Oeste,-12.54,-55.72
2019,34,0.03,0.7,0.67,31.59,71.67,0.08,25.03,11.99,Sorriso,MT,Centro-Oeste,-12.54,-55.72
2019,35,0.69,0.69,0.65,32.32,71.38,0.13,25.28,12.15,Sorriso,MT,Centro-Oeste,-12.54,-55.72
2019,36,0.39,0.68,0.64,33.27,69.61,0.14,23.58,11.48,Sorriso,MT,Centro-Oeste,-12.54,-55.72
2019,37,1.95,0.67,0.65,32.57,76.67,0.03,22.24,10.79,Sorriso,MT,Centro-Oeste,-12.54,-55.72
2019,38,4.84,0.68,0.67,29.29,82.13,0.18,21.73,10.52,Sorriso,MT,Centro-Oeste,-12.54,-55.72
2019,39,2.09,0.68,0.67,29.08,86.99,0.1,19.38,9.48,Sorriso,MT,Centro-Oeste,-12.54,-55.72
2019,40,2.28,0.68,0.67,32.23,81.5,0.13,15.31,7.56,Sorriso,MT,Centro-Oeste,-12.54,-55.72
2019,41,2.47,0.68,0.66,31.01,85.52,0.04,16.54,8.09,Sorriso,MT,Centro-Oeste,-12.54,-55.72
2019,42,10.05,0.68,0.7,31.16,84.22,0.18,21.01,10.09,Sorriso,MT,Centro-Oeste,-12.54,-55.72
2019,43,9.19,0.71,0.77,27.96,92.39,0.18,20.9,10.09,Sorriso,MT,Centro-Oeste,-12.54,-55.72
2019,44,15.14,0.72,0.79,28.4,92.68,0.03,22.73,10.99,Sorriso,MT,Centro-Oeste,-12.54,-55.72
2019,45,0.64,0.73,0.74,28.69,88.48,0.04,14.74,7.3,Sorriso,MT,Centro-Oeste,-12.54,-55.72
2019,46,3.71,0.72,0.73,27.41,88.8,0.17,19.42,9.38,Sorriso,MT,Centro-Oeste,-12.54,-55.72
2019,47,6.6,0.71,0.74,28.41,90.02,0.04,12.53,6.46,Sorriso,MT,Centro-Oeste,-12.54,-55.72
2019,48,19.83,0.74,0.81,24.96,93.47,0.04,15.34,7.76,Sorriso,MT,Centro-Oeste,-12.54,-55.72
2019,49,2.75,0.73,0.74,29.04,88.28,0.03,18.04,8.87,Sorriso,MT,Centro-Oeste,-12.54,-55.72
2019,50,14.46,0.73,0.79,28.63,89.54,0.07,9.35,4.85,Sorriso,MT,Centro-Oeste,-12.54,-55.72
2019,51,2.22,0.73,0.75,29.32,87.52,0.1,18.84,9.22,Sorriso,MT,Centro-Oeste,-12.54,-55.72
2019,52,1.6,0.73,0.73,27.88,90.2,0.19,16.72,8.31,Sorriso,MT,Centro-Oeste,-12.54,-55.72
2019,53,4.26,0.73,0.75,26.33,94.98,0.21,21.27,10.25,Sorriso,MT,Centro-Oeste,-12.54,-55.72
2019,54,2.1,0.73,0.74,27.07,90.47,0.26,24.71,11.76,Sorriso,MT,Centro-Oeste,-12.54,-55.72
2019,55,2.18,0.72,0.73,29.23,88.43,0.17,22.81,10.86,Sorriso,MT,Centro-Oeste,-12.54,-55.72
2019,56,25.13,0.73,0.82,28.26,91.61,0.03,17.7,8.73,Sorriso,MT,Centro-Oeste,-12.54,-55.72
2019,57,19.94,0.77,0.87,25.5,96.1,0.05,13.81,6.99,Sorriso,MT,Centro-Oeste,-12.54,-55.72
2019,58,44.94,0.8,0.93,26.77,92.45,0.13,17.51,8.61,Sorriso,MT,Centro-Oeste,-12.54,-55.72
2019,59,2.7,0.79,0.82,27.39,91.25,0.16,16.84,8.21,Sorriso,MT,Centro-Oeste,-12.54,-55.72
2019,60,2.52,0.78,0.8,27.78,91.2,0.09,17.84,8.3,Sorriso,MT,Centro-Oeste,-12.54,-55.72
2019,61,18.32,0.77,0.84,27.69,92.96,0.03,14.6,7.01,Sorriso,MT,Centro-Oeste,-12.54,-55.72
2019,62,8.83,0.79,0.85,28.74,88.45,0.13,17.58,8.57,Sorriso,MT,Centro-Oeste,-12.54,-55.72
2019,63,11.03,0.78,0.83,27.12,92.85,0.15,18.82,9.29,Sorriso,MT,Centro-Oeste,-12.54,-55.72
2019,64,27.34,0.81,0.91,26.55,95.16,0.11,10.36,5.3,Sorriso,MT,Centro-Oeste,-12.54,-55.72
2019,65,2.27,0.8,0.82,28.2,89.91,0.03,22.95,11.07,Sorriso,MT,Centro-Oeste,-12.54,-55.72
2019,66,3.63,0.79,0.82,26.62,92.43,0.03,20.98,10.11,Sorriso,MT,Centro-Oeste,-12.54,-55.72
2019,67,1.52,0.78,0.8,28.81,88.58,0.07,23.71,11.27,Sorriso,MT,Centro-Oeste,-12.54,-55.72
2019,68,7.12,0.78,0.82,27.79,92.97,0.06,19.22,9.39,Sorriso,MT,Centro-Oeste,-12.54,-55.72
2019,69,2.74,0.79,0.81,29.36,88.72,0.1,22.87,10.97,Sorriso,MT,Centro-Oeste,-12.54,-55.72
2019,70,2.9,0.78,0.79,26.37,93.94,0.07,17.05,8.32,Sorriso,MT,Centro-Oeste,-12.54,-55.72
2019,71,3.04,0.78,0.8,26.98,89.62,0.21,18.11,8.89,Sorriso,MT,Centro-Oeste,-12.54,-55.72
2019,72,0.77,0.77,0.78,27.8,89.7,0.23,23.42,11.23,Sorriso,MT,Centro-Oeste,-12.54,-55.72
2019,73,0.01,0.77,0.77,28.12,88.36,0.13,21.38,10.33,Sorriso,MT,Centro-Oeste,-12.54,-55.72
2019,74,0.21,0.76,0.77,28.6,90.24,0.1,23.81,11.38,Sorriso,MT,Centro-Oeste,-12.54,-55.72
2019,75,1.12,0.76,0.77,29.11,89.41,0.12,14.04,6.95,Sorriso,MT,Centro-Oeste,-12.54,-55.72
2019,76,0.25,0.75,0.76,28.05,88.83,0.11,20.28,9.87,Sorriso,MT,Centro-Oeste,-12.54,-55.72
2019,77,0.67,0.74,0.75,30.17,85.69,0.08,22.6,10.84,Sorriso,MT,Centro-Oeste,-12.54,-55.72
2019,78,0.65,0.74,0.75,29.29,89.86,0.13,22.86,10.97,Sorriso,MT,Centro-Oeste,-12.54,-55.72
2019,79,33.03,0.76,0.86,26.55,96.42,0.05,13.71,6.8,Sorriso,MT,Centro-Oeste,-12.54,-55.72
2019,80,3.69,0.8,0.84,26.97,91.83,0.08,18.0,8.79,Sorriso,MT,Centro-Oeste,-12.54,-55.72
2019,81,0.29,0.78,0.79,28.64,86.69,0.19,19.35,9.39,Sorriso,MT,Centro-Oeste,-12.54,-55.72
2019,82,0.32,0.77,0.78,28.68,90.42,0.1,22.59,10.86,Sorriso,MT,Centro-Oeste,-12.54,-55.72
2019,83,20.06,0.77,0.86,26.73,94.34,0.02,22.05,10.64,Sorriso,MT,Centro-Oeste,-12.54,-55.72
2019,84,3.55,0.8,0.83,26.42,93.52,0.14,19.0,9.26,Sorriso,MT,Centro-Oeste,-12.54,-55.72
2019,85,8.44,0.79,0.83,26.06,95.16,0.22,14.08,7.11,Sorriso,MT,Centro-Oeste,-12.54,-55.72
2019,86,4.22,0.79,0.83,25.75,96.73,0.08,5.85,3.17,Sorriso,MT,Centro-Oeste,-12.54,-55.72
2019,87,2.08,0.79,0.8,28.91,90.66,0.03,19.99,9.66,Sorriso,MT,Centro-Oeste,-12.54,-55.72
2019,88,1.6,0.78,0.8,29.42,90.08,0.02,18.45,9.03,Sorriso,MT,Centro-Oeste,-12.54,-55.72
2019,89,0.25,0.78,0.79,28.76,90.82,0.09,20.32,9.75,Sorriso,MT,Centro-Oeste,-12.54,-55.72
2019,90,0.11,0.77,0.77,29.17,85.5,0.21,24.07,11.49,Sorriso,MT,Centro-Oeste,-12.54,-55.72
2019,91,0.4,0.76,0.77,29.31,85.26,0.21,22.14,10.58,Sorriso,MT,Centro-Oeste,-12.54,-55.72
2019,92,3.3,0.76,0.78,27.85,94.91,0.13,19.32,9.39,Sorriso,MT,Centro-Oeste,-12.54,-55.72
2019,93,0.26,0.76,0.77,28.39,89.16,0.22,13.17,6.67,Sorriso,MT,Centro-Oeste,-12.54,-55.72
2019,94,0.23,0.75,0.76,28.53,88.38,0.1,19.89,9.58,Sorriso,MT,Centro-Oeste,-12.54,-55.72
2019,95,8.98,0.75,0.79,28.88,91.46,0.09,17.7,8.63,Sorriso,MT,Centro-Oeste,-12.54,-55.72
2019,96,6.05,0.77,0.82,25.28,95.1,0.04,12.68,6.46,Sorriso,MT,Centro-Oeste,-12.54,-55.72
2019,97,5.59,0.77,0.79,27.55,90.97,0.03,13.95,7.02,Sorriso,MT,Centro-Oeste,-12.54,-55.72
2019,98,2.42,0.77,0.8,28.7,90.83,0.11,13.59,6.91,Sorriso,MT,Centro-Oeste,-12.54,-55.72
2019,99,6.31,0.77,0.8,27.8,93.22,0.12,16.55,8.28,Sorriso,MT,Centro-Oeste,-12.54,-55.72
2019,100,16.12,0.78,0.84,27.27,92.94,0.25,12.26,6.5,Sorriso,MT,Centro-Oeste,-12.54,-55.72
2019,101,11.46,0.8,0.87,25.37,93.83,0.11,16.29,8.16,Sorriso,MT,Centro-Oeste,-12.54,-55.72
2019,102,1.89,0.79,0.8,28.09,87.01,0.18,19.18,9.43,Sorriso,MT,Centro-Oeste,-12.54,-55.72
2019,103,16.01,0.79,0.86,27.91,93.25,0.28,15.71,7.97,Sorriso,MT,Centro-Oeste,-12.54,-55.72
2019,104,0.54,0.8,0.81,28.5,90.98,0.25,22.76,10.98,Sorriso,MT,Centro-Oeste,-12.54,-55.72
2019,105,0.05,0.79,0.79,28.7,88.73,0.15,21.32,10.3,Sorriso,MT,Centro-Oeste,-12.54,-55.72
2019,106,0.17,0.78,0.79,28.93,88.11,0.03,20.23,9.84,Sorriso,MT,Centro-Oeste,-12.54,-55.72
2019,107,0.26,0.77,0.77,29.27,88.03,0.16,18.62,9.21,Sorriso,MT,Centro-Oeste,-12.54,-55.72
2019,108,0.01,0.76,0.76,29.6,87.57,0.12,21.96,10.55,Sorriso,MT,Centro-Oeste,-12.54,-55.72
2019,109,0.57,0.75,0.76,29.73,86.96,0.19,22.96,10.98,Sorriso,MT,Centro-Oeste,-12.54,-55.72
2019,110,0.42,0.74,0.75,29.74,88.8,0.2,21.54,10.43,Sorriso,MT,Centro-Oeste,-12.54,-55.72
2019,111,0.02,0.74,0.75,27.15,87.78,0.12,19.63,9.69,Sorriso,MT,Centro-Oeste,-12.54,-55.72
2019,112,1.03,0.74,0.75,27.74,88.14,0.2,19.71,9.57,Sorriso,MT,Centro-Oeste,-12.54,-55.72
2019,113,0.27,0.74,0.74,28.4,90.59,0.02,19.47,9.48,Sorriso,MT,Centro-Oeste,-12.54,-55.72
2019,114,1.46,0.74,0.74,28.1,89.73,0.09,20.77,10.03,Sorriso,MT,Centro-Oeste,-12.54,-55.72
2019,115,0.0,0.73,0.73,28.92,87.17,0.11,22.18,10.6,Sorriso,MT,Centro-Oeste,-12.54,-55.72
2019,116,0.0,0.73,0.72,29.58,84.75,0.12,22.51,10.73,Sorriso,MT,Centro-Oeste,-12.54,-55.72
2019,117,0.0,0.72,0.71,29.72,80.18,0.09,20.95,10.03,Sorriso,MT,Centro-Oeste,-12.54,-55.72
2019,118,2.63,0.71,0.72,29.57,82.34,0.24,20.26,9.73,Sorriso,MT,Centro-Oeste,-12.54,-55.72
2019,119,0.73,0.71,0.72,29.8,85.33,0.26,19.98,9.57,Sorriso,MT,Centro-Oeste,-12.54,-55.72
2019,120,0.0,0.71,0.7,29.6,84.66,0.15,16.06,7.95,Sorriso,MT,Centro-Oeste,-12.54,-55.72
2019,121,0.0,0.71,0.69,30.19,80.52,0.04,19.41,9.38,Sorriso,MT,Centro-Oeste,-12.54,-55.72
2019,122,0.0,0.7,0.69,29.82,84.82,0.05,14.61,7.46,Sorriso,MT,Centro-Oeste,-12.54,-55.72
2019,123,1.78,0.7,0.69,28.38,88.44,0.09,8.16,4.41,Sorriso,MT,Centro-Oeste,-12.54,-55.72
2019,124,0.18,0.7,0.7,27.75,90.16,0.03,18.7,9.05,Sorriso,MT,Centro-Oeste,-12.54,-55.72
2019,125,0.03,0.7,0.69,30.83,79.87,0.06,20.2,9.71,Sorriso,MT,Centro-Oeste,-12.54,-55.72
2019,126,0.15,0.7,0.67,31.29,76.91,0.1,21.46,10.16,Sorriso,MT,Centro-Oeste,-12.54,-55.72
2019,127,0.36,0.69,0.67,31.4,77.32,0.11,19.04,9.27,Sorriso,MT,Centro-Oeste,-12.54,-55.72
2019,128,0.0,0.69,0.66,31.92,73.72,0.09,16.82,8.3,Sorriso,MT,Centro-Oeste,-12.54,-55.72
2019,129,0.0,0.68,0.65,32.27,71.64,0.07,20.62,9.75,Sorriso,MT,Centro-Oeste,-12.54,-55.72
2019,130,0.0,0.68,0.64,32.88,68.4,0.09,20.88,9.82,Sorriso,MT,Centro-Oeste,-12.54,-55.72
2019,131,0.15,0.67,0.63,33.01,67.43,0.21,19.85,9.36,Sorriso,MT,Centro-Oeste,-12.54,-55.72
2019,132,0.39,0.67,0.63,32.67,67.74,0.14,19.32,9.12,Sorriso,MT,Centro-Oeste,-12.54,-55.72
2019,133,0.32,0.67,0.63,32.44,72.01,0.03,14.45,7.01,Sorriso,MT,Centro-Oeste,-12.54,-55.72
2019,134,0.06,0.67,0.62,31.93,69.51,0.04,15.82,7.61,Sorriso,MT,Centro-Oeste,-12.54,-55.72
2019,135,0.0,0.66,0.62,30.12,66.81,0.03,14.92,7.33,Sorriso,MT,Centro-Oeste,-12.54,-55.72
2019,136,0.0,0.66,0.62,30.85,66.71,0.03,20.84,9.75,Sorriso,MT,Centro-Oeste,-12.54,-55.72
2019,137,0.48,0.66,0.62,31.74,65.64,0.16,19.22,9.09,Sorriso,MT,Centro-Oeste,-12.54,-55.72
2019,138,0.19,0.66,0.62,32.11,65.93,0.33,19.86,9.33,Sorriso,MT,Centro-Oeste,-12.54,-55.72
2019,139,0.0,0.66,0.61,32.19,59.62,0.06,21.98,10.03,Sorriso,MT,Centro-Oeste,-12.54,-55.72
2019,140,0.0,0.65,0.61,33.22,63.07,0.18,21.98,9.96,Sorriso,MT,Centro-Oeste,-12.54,-55.72
2019,141,3.46,0.65,0.63,29.84,69.63,0.2,19.33,9.1,Sorriso,MT,Centro-Oeste,-12.54,-55.72
2019,142,0.22,0.66,0.62,33.1,67.66,0.19,19.95,9.44,Sorriso,MT,Centro-Oeste,-12.54,-55.72
2019,143,0.03,0.65,0.61,34.13,64.04,0.15,19.67,9.27,Sorriso,MT,Centro-Oeste,-12.54,-55.72
2019,144,0.04,0.65,0.62,28.41,70.69,0.03,13.65,6.63,Sorriso,MT,Centro-Oeste,-12.54,-55.72
2019,145,0.05,0.65,0.62,32.27,68.2,0.13,19.31,9.12,Sorriso,MT,Centro-Oeste,-12.54,-55.72
2019,146,0.0,0.65,0.61,33.02,67.45,0.11,17.61,8.42,Sorriso,MT,Centro-Oeste,-12.54,-55.72
2019,147,0.0,0.65,0.62,31.99,72.44,0.18,18.63,8.82,Sorriso,MT,Centro-Oeste,-12.54,-55.72
2019,148,0.12,0.65,0.61,33.56,66.53,0.21,17.01,8.06,Sorriso,MT,Centro-Oeste,-12.54,-55.72
2019,149,0.01,0.65,0.61,33.53,66.39,0.16,18.99,8.85,Sorriso,MT,Centro-Oeste,-12.54,-55.72
2019,150,0.0,0.65,0.6,33.85,58.71,0.18,21.07,9.62,Sorriso,MT,Centro-Oeste,-12.54,-55.72
2019,151,0.0,0.64,0.6,34.58,65.19,0.14,19.54,8.95,Sorriso,MT,Centro-Oeste,-12.54,-55.72
2019,152,0.0,0.64,0.6,34.42,62.76,0.22,18.12,8.34,Sorriso,MT,Centro-Oeste,-12.54,-55.72
2019,153,0.0,0.64,0.6,33.92,57.06,0.18,18.91,8.6,Sorriso,MT,Centro-Oeste,-12.54,-55.72
2019,154,0.49,0.64,0.6,32.4,62.82,0.03,16.99,7.97,Sorriso,MT,Centro-Oeste,-12.54,-55.72
2019,155,1.66,0.64,0.62,32.22,70.71,0.04,17.79,8.3,Sorriso,MT,Centro-Oeste,-12.54,-55.72
2019,156,0.0,0.64,0.6,32.85,65.86,0.1,18.73,8.77,Sorriso,MT,Centro-Oeste,-12.54,-55.72
2019,157,0.0,0.64,0.6,32.6,60.56,0.05,18.5,8.65,Sorriso,MT,Centro-Oeste,-12.54,-55.72
2019,158,0.0,0.64,0.6,33.62,55.31,0.05,17.19,8.1,Sorriso,MT,Centro-Oeste,-12.54,-55.72
2019,159,0.0,0.63,0.6,33.73,54.47,0.03,17.5,8.17,Sorriso,MT,Centro-Oeste,-12.54,-55.72
2019,160,0.0,0.63,0.6,33.56,57.01,0.05,19.52,9.0,Sorriso,MT,Centro-Oeste,-12.54,-55.72
2019,161,0.0,0.63,0.6,33.24,58.11,0.21,19.4,8.95,Sorriso,MT,Centro-Oeste,-12.54,-55.72
2019,162,0.0,0.63,0.6,34.16,54.0,0.3,17.36,8.13,Sorriso,MT,Centro-Oeste,-12.54,-55.72
2019,163,0.0,0.63,0.6,33.99,55.22,0.2,19.16,8.87,Sorriso,MT,Centro-Oeste,-12.54,-55.72
2019,164,0.0,0.63,0.6,34.01,55.36,0.17,17.86,8.32,Sorriso,MT,Centro-Oeste,-12.54,-55.72
2019,165,0.0,0.63,0.6,34.7,56.88,0.22,18.71,8.65,Sorriso,MT,Centro-Oeste,-12.54,-55.72
2019,166,0.0,0.63,0.59,34.49,54.8,0.15,18.65,8.66,Sorriso,MT,Centro-Oeste,-12.54,-55.72
2019,167,0.0,0.62,0.59,34.15,47.05,0.04,20.36,9.33,Sorriso,MT,Centro-Oeste,-12.54,-55.72
2019,168,0.0,0.62,0.59,33.93,49.78,0.17,20.74,9.37,Sorriso,MT,Centro-Oeste,-12.54,-55.72
2019,169,0.02,0.62,0.59,33.97,57.19,0.15,20.3,9.28,Sorriso,MT,Centro-Oeste,-12.54,-55.72
2019,170,0.0,0.62,0.6,34.96,59.55,0.04,18.31,8.49,Sorriso,MT,Centro-Oeste,-12.54,-55.72
2019,171,0.0,0.62,0.59,34.63,50.72,0.03,18.88,8.66,Sorriso,MT,Centro-Oeste,-12.54,-55.72
2019,172,0.0,0.62,0.58,34.49,50.04,0.07,20.41,9.29,Sorriso,MT,Centro-Oeste,-12.54,-55.72
2019,173,0.0,0.62,0.57,34.34,48.41,0.12,20.49,9.31,Sorriso,MT,Centro-Oeste,-12.54,-55.72
2019,174,0.0,0.62,0.57,34.04,44.42,0.21,20.18,9.18,Sorriso,MT,Centro-Oeste,-12.54,-55.72
2019,175,0.0,0.61,0.57,33.45,53.1,0.23,20.53,9.29,Sorriso,MT,Centro-Oeste,-12.54,-55.72
2019,176,0.0,0.61,0.56,34.04,55.06,0.16,20.76,9.4,Sorriso,MT,Centro-Oeste,-12.54,-55.72
2019,177,0.0,0.61,0.55,34.42,58.53,0.21,18.41,8.53,Sorriso,MT,Centro-Oeste,-12.54,-55.72
2019,178,0.0,0.61,0.55,35.13,54.22,0.13,18.31,8.48,Sorriso,MT,Centro-Oeste,-12.54,-55.72
2019,179,0.0,0.61,0.53,34.91,53.05,0.23,20.18,9.35,Sorriso,MT,Centro-Oeste,-12.54,-55.72
2019,180,0.0,0.61,0.53,35.07,56.0,0.31,20.51,9.33,Sorriso,MT,Centro-Oeste,-12.54,-55.72
2019,181,0.0,0.61,0.52,34.69,52.73,0.36,19.82,9.07,Sorriso,MT,Centro-Oeste,-12.54,-55.72
2019,182,0.0,0.61,0.51,34.82,51.69,0.27,20.4,9.28,Sorriso,MT,Centro-Oeste,-12.54,-55.72
2019,183,0.0,0.61,0.5,35.01,47.2,0.09,20.77,9.31,Sorriso,MT,Centro-Oeste,-12.54,-55.72
2019,184,0.0,0.61,0.49,34.06,56.29,0.12,16.65,7.7,Sorriso,MT,Centro-Oeste,-12.54,-55.72
2019,185,0.0,0.61,0.48,35.68,54.3,0.17,18.9,8.72,Sorriso,MT,Centro-Oeste,-12.54,-55.72
2019,186,0.0,0.61,0.48,33.29,57.86,0.05,16.13,7.59,Sorriso,MT,Centro-Oeste,-12.54,-55.72
2019,187,0.0,0.61,0.47,30.24,50.99,0.04,18.27,8.51,Sorriso,MT,Centro-Oeste,-12.54,-55.72
2019,188,0.01,0.61,0.47,31.57,40.96,0.03,20.34,9.31,Sorriso,MT,Centro-Oeste,-12.54,-55.72
2019,189,0.22,0.61,0.46,33.56,45.01,0.09,21.02,9.5,Sorriso,MT,Centro-Oeste,-12.54,-55.72
2019,190,0.0,0.61,0.45,34.84,41.19,0.06,19.18,8.65,Sorriso,MT,Centro-Oeste,-12.54,-55.72
2019,191,0.0,0.61,0.44,34.65,39.7,0.11,18.63,8.54,Sorriso,MT,Centro-Oeste,-12.54,-55.72
2019,192,0.0,0.6,0.43,34.37,37.67,0.24,20.38,9.12,Sorriso,MT,Centro-Oeste,-12.54,-55.72
2019,193,0.0,0.6,0.43,34.53,39.38,0.34,20.51,9.27,Sorriso,MT,Centro-Oeste,-12.54,-55.72
2019,194,0.0,0.6,0.42,35.64,42.69,0.26,18.67,8.7,Sorriso,MT,Centro-Oeste,-12.54,-55.72
2019,195,0.0,0.6,0.42,35.4,42.51,0.31,20.12,9.21,Sorriso,MT,Centro-Oeste,-12.54,-55.72
2019,196,0.0,0.6,0.41,35.83,34.73,0.14,21.05,9.47,Sorriso,MT,Centro-Oeste,-12.54,-55.72
2019,197,0.0,0.6,0.4,35.74,34.89,0.09,21.02,9.49,Sorriso,MT,Centro-Oeste,-12.54,-55.72
2019,198,0.0,0.6,0.4,35.46,42.6,0.07,20.54,9.36,Sorriso,MT,Centro-Oeste,-12.54,-55.72
2019,199,0.0,0.6,0.39,35.91,37.81,0.16,20.88,9.46,Sorriso,MT,Centro-Oeste,-12.54,-55.72
2019,200,0.0,0.6,0.38,35.76,34.5,0.09,20.78,9.46,Sorriso,MT,Centro-Oeste,-12.54,-55.72
2019,201,0.0,0.6,0.38,33.93,36.34,0.05,19.27,8.89,Sorriso,MT,Centro-Oeste,-12.54,-55.72
2019,202,0.0,0.6,0.37,34.0,36.82,0.06,18.39,8.49,Sorriso,MT,Centro-Oeste,-12.54,-55.72
2019,203,0.0,0.6,0.37,35.45,38.81,0.18,21.28,9.67,Sorriso,MT,Centro-Oeste,-12.54,-55.72
2019,204,0.0,0.6,0.37,34.95,35.73,0.11,21.29,9.68,Sorriso,MT,Centro-Oeste,-12.54,-55.72
2019,205,0.0,0.6,0.36,34.46,37.19,0.12,21.08,9.63,Sorriso,MT,Centro-Oeste,-12.54,-55.72
2019,206,0.0,0.6,0.36,35.29,38.11,0.1,21.16,9.62,Sorriso,MT,Centro-Oeste,-12.54,-55.72
2019,207,0.23,0.6,0.36,34.91,39.8,0.04,19.9,9.12,Sorriso,MT,Centro-Oeste,-12.54,-55.72
2019,208,0.0,0.6,0.36,34.3,40.08,0.04,21.25,9.72,Sorriso,MT,Centro-Oeste,-12.54,-55.72
2019,209,0.0,0.6,0.35,34.32,32.32,0.15,21.82,9.87,Sorriso,MT,Centro-Oeste,-12.54,-55.72
2019,210,0.03,0.6,0.35,35.52,34.07,0.16,21.95,9.98,Sorriso,MT,Centro-Oeste,-12.54,-55.72
2019,211,0.09,0.6,0.35,36.44,36.11,0.24,19.46,8.93,Sorriso,MT,Centro-Oeste,-12.54,-55.72
2019,212,0.0,0.6,0.35,36.47,35.36,0.1,19.78,8.94,Sorriso,MT,Centro-Oeste,-12.54,-55.72
2019,213,0.0,0.6,0.34,36.79,34.1,0.04,19.84,9.12,Sorriso,MT,Centro-Oeste,-12.54,-55.72
2019,214,0.0,0.6,0.34,37.42,33.55,0.09,18.62,8.53,Sorriso,MT,Centro-Oeste,-12.54,-55.72
2019,215,0.0,0.6,0.33,29.87,37.6,0.07,20.91,9.39,Sorriso,MT,Centro-Oeste,-12.54,-55.72
2019,216,0.0,0.6,0.33,31.84,38.3,0.04,21.48,9.71,Sorriso,MT,Centro-Oeste,-12.54,-55.72
2019,217,0.0,0.6,0.33,34.87,33.88,0.04,22.04,9.94,Sorriso,MT,Centro-Oeste,-12.54,-55.72
2019,218,0.0,0.6,0.33,36.63,33.78,0.1,21.62,9.96,Sorriso,MT,Centro-Oeste,-12.54,-55.72
2019,219,0.0,0.6,0.33,36.41,32.24,0.05,22.72,10.36,Sorriso,MT,Centro-Oeste,-12.54,-55.72
2019,220,0.0,0.6,0.32,35.66,29.25,0.1,22.75,10.3,Sorriso,MT,Centro-Oeste,-12.54,-55.72
2019,221,0.0,0.6,0.32,36.06,29.84,0.19,23.24,10.46,Sorriso,MT,Centro-Oeste,-12.54,-55.72
2019,222,0.0,0.6,0.32,36.28,25.68,0.1,22.77,10.22,Sorriso,MT,Centro-Oeste,-12.54,-55.72
2019,223,0.0,0.6,0.31,36.16,30.67,0.09,22.05,10.14,Sorriso,MT,Centro-Oeste,-12.54,-55.72
2019,224,0.0,0.6,0.31,37.66,30.31,0.23,22.42,10.36,Sorriso,MT,Centro-Oeste,-12.54,-55.72
2019,225,0.0,0.6,0.3,36.91,32.53,0.12,17.95,8.45,Sorriso,MT,Centro-Oeste,-12.54,-55.72
2019,226,0.0,0.6,0.3,34.2,37.17,0.05,21.62,9.91,Sorriso,MT,Centro-Oeste,-12.54,-55.72
2019,227,0.0,0.6,0.3,36.94,32.1,0.07,22.94,10.35,Sorriso,MT,Centro-Oeste,-12.54,-55.72
2019,228,0.0,0.6,0.3,37.26,29.86,0.09,21.88,10.1,Sorriso,MT,Centro-Oeste,-12.54,-55.72
2019,229,0.0,0.6,0.29,37.6,29.72,0.16,22.67,10.4,Sorriso,MT,Centro-Oeste,-12.54,-55.72
2019,230,0.0,0.6,0.29,35.84,37.61,0.13,20.09,9.3,Sorriso,MT,Centro-Oeste,-12.54,-55.72
2019,231,0.0,0.6,0.29,36.75,36.5,0.17,18.41,8.62,Sorriso,MT,Centro-Oeste,-12.54,-55.72
2019,232,0.01,0.6,0.29,37.23,35.95,0.03,17.33,8.04,Sorriso,MT,Centro-Oeste,-12.54,-55.72
2019,233,0.0,0.6,0.29,38.12,33.77,0.05,19.66,8.81,Sorriso,MT,Centro-Oeste,-12.54,-55.72
2019,234,0.0,0.6,0.29,39.16,29.94,0.12,21.23,9.6,Sorriso,MT,Centro-Oeste,-12.54,-55.72
2019,235,0.0,0.6,0.28,38.99,25.45,0.04,21.56,9.73,Sorriso,MT,Centro-Oeste,-12.54,-55.72
2019,236,0.02,0.6,0.28,37.78,26.27,0.04,18.2,8.25,Sorriso,MT,Centro-Oeste,-12.54,-55.72
2019,237,0.02,0.6,0.27,36.79,35.02,0.04,16.66,7.77,Sorriso,MT,Centro-Oeste,-12.54,-55.72
2019,238,0.0,0.6,0.27,37.43,31.75,0.04,18.22,8.49,Sorriso,MT,Centro-Oeste,-12.54,-55.72
2019,239,0.0,0.6,0.27,36.99,27.69,0.03,18.71,8.64,Sorriso,MT,Centro-Oeste,-12.54,-55.72
2019,240,0.0,0.6,0.27,37.44,28.64,0.05,21.67,9.84,Sorriso,MT,Centro-Oeste,-12.54,-55.72
2019,241,0.0,0.6,0.26,37.78,27.09,0.06,22.29,10.03,Sorriso,MT,Centro-Oeste,-12.54,-55.72
2019,242,0.0,0.6,0.26,38.84,27.83,0.19,20.55,9.19,Sorriso,MT,Centro-Oeste,-12.54,-55.72
2019,243,0.0,0.6,0.26,39.37,26.74,0.24,21.25,9.4,Sorriso,MT,Centro-Oeste,-12.54,-55.72
2019,244,0.0,0.6,0.25,39.83,27.14,0.26,21.9,9.8,Sorriso,MT,Centro-Oeste,-12.54,-55.72
2019,245,0.0,0.6,0.25,39.72,26.76,0.33,23.08,10.32,Sorriso,MT,Centro-Oeste,-12.54,-55.72
2019,246,0.0,0.6,0.25,40.22,26.35,0.37,22.65,10.11,Sorriso,MT,Centro-Oeste,-12.54,-55.72
2019,247,0.0,0.6,0.25,40.46,22.37,0.15,24.49,10.96,Sorriso,MT,Centro-Oeste,-12.54,-55.72
2019,248,0.0,0.59,0.24,40.61,22.3,0.03,23.21,10.4,Sorriso,MT,Centro-Oeste,-12.54,-55.72
2019,249,0.0,0.59,0.24,40.33,20.32,0.1,22.37,9.92,Sorriso,MT,Centro-Oeste,-12.54,-55.72
2019,250,0.0,0.59,0.23,39.19,22.51,0.17,23.63,10.61,Sorriso,MT,Centro-Oeste,-12.54,-55.72
2019,251,0.0,0.59,0.23,39.2,21.94,0.09,23.78,10.75,Sorriso,MT,Centro-Oeste,-12.54,-55.72
2019,252,0.0,0.59,0.23,39.06,22.47,0.24,23.21,10.35,Sorriso,MT,Centro-Oeste,-12.54,-55.72
2019,253,0.0,0.59,0.23,39.17,24.18,0.36,20.37,8.84,Sorriso,MT,Centro-Oeste,-12.54,-55.72
2019,254,0.0,0.59,0.22,39.2,25.58,0.36,20.86,9.22,Sorriso,MT,Centro-Oeste,-12.54,-55.72
2019,255,0.0,0.59,0.22,40.02,24.5,0.08,21.47,9.58,Sorriso,MT,Centro-Oeste,-12.54,-55.72
2019,256,0.0,0.59,0.22,40.37,24.01,0.22,22.5,10.02,Sorriso,MT,Centro-Oeste,-12.54,-55.72
2019,257,0.0,0.59,0.22,40.91,22.53,0.34,22.24,9.78,Sorriso,MT,Centro-Oeste,-12.54,-55.72
2019,258,0.0,0.59,0.22,40.63,21.36,0.22,21.91,9.34,Sorriso,MT,Centro-Oeste,-12.54,-55.72
2019,259,0.0,0.59,0.21,40.71,21.5,0.17,21.56,9.4,Sorriso,MT,Centro-Oeste,-12.54,-55.72
2019,260,0.0,0.59,0.21,40.26,23.62,0.15,22.13,9.53,Sorriso,MT,Centro-Oeste,-12.54,-55.72
2019,261,0.0,0.59,0.21,40.62,24.67,0.04,20.32,8.75,Sorriso,MT,Centro-Oeste,-12.54,-55.72
2019,262,0.0,0.59,0.21,39.93,33.32,0.04,20.53,9.38,Sorriso,MT,Centro-Oeste,-12.54,-55.72
2019,263,0.66,0.59,0.21,39.99,36.1,0.08,20.0,9.25,Sorriso,MT,Centro-Oeste,-12.54,-55.72
2019,264,0.39,0.59,0.22,40.23,42.07,0.07,19.33,8.59,Sorriso,MT,Centro-Oeste,-12.54,-55.72
2019,265,5.0,0.6,0.3,39.96,41.51,0.04,18.23,7.9,Sorriso,MT,Centro-Oeste,-12.54,-55.72
2019,266,0.83,0.6,0.4,38.79,52.08,0.03,18.81,8.41,Sorriso,MT,Centro-Oeste,-12.54,-55.72
2019,267,0.08,0.6,0.38,40.47,42.13,0.16,19.2,8.58,Sorriso,MT,Centro-Oeste,-12.54,-55.72
2019,268,1.56,0.6,0.36,37.7,46.27,0.04,19.53,8.77,Sorriso,MT,Centro-Oeste,-12.54,-55.72
2019,269,1.17,0.6,0.4,34.22,62.39,0.04,13.35,6.45,Sorriso,MT,Centro-Oeste,-12.54,-55.72
2019,270,1.07,0.6,0.4,37.38,52.73,0.03,21.3,9.78,Sorriso,MT,Centro-Oeste,-12.54,-55.72
2019,271,0.36,0.6,0.4,33.71,59.27,0.03,12.25,5.95,Sorriso,MT,Centro-Oeste,-12.54,-55.72
2019,272,0.25,0.6,0.39,34.09,55.86,0.03,17.83,8.29,Sorriso,MT,Centro-Oeste,-12.54,-55.72
2019,273,0.01,0.6,0.37,36.39,51.54,0.14,19.31,9.08,Sorriso,MT,Centro-Oeste,-12.54,-55.72
2019,274,14.85,0.61,0.56,28.12,71.44,0.12,20.4,9.83,Sorriso,MT,Centro-Oeste,-12.54,-55.72
2019,275,9.25,0.64,0.71,26.74,89.43,0.06,13.53,6.85,Sorriso,MT,Centro-Oeste,-12.54,-55.72
2019,276,0.0,0.64,0.61,36.12,63.9,0.1,24.74,11.59,Sorriso,MT,Centro-Oeste,-12.54,-55.72
2019,277,5.77,0.63,0.61,36.5,61.51,0.14,22.76,10.79,Sorriso,MT,Centro-Oeste,-12.54,-55.72
2019,278,12.11,0.65,0.72,33.01,75.67,0.03,17.16,8.39,Sorriso,MT,Centro-Oeste,-12.54,-55.72
2019,279,0.08,0.65,0.62,29.01,78.56,0.04,19.07,9.19,Sorriso,MT,Centro-Oeste,-12.54,-55.72
2019,280,0.91,0.64,0.61,34.55,68.0,0.03,23.84,11.28,Sorriso,MT,Centro-Oeste,-12.54,-55.72
2019,281,8.22,0.64,0.65,35.1,71.18,0.04,10.17,5.23,Sorriso,MT,Centro-Oeste,-12.54,-55.72
2019,282,2.02,0.65,0.64,33.29,70.09,0.03,15.24,7.48,Sorriso,MT,Centro-Oeste,-12.54,-55.72
2019,283,1.6,0.64,0.61,32.26,71.91,0.07,20.52,9.83,Sorriso,MT,Centro-Oeste,-12.54,-55.72
2019,284,1.64,0.64,0.62,32.95,70.74,0.02,18.26,8.78,Sorriso,MT,Centro-Oeste,-12.54,-55.72
2019,285,5.68,0.64,0.66,32.13,75.71,0.09,20.91,10.01,Sorriso,MT,Centro-Oeste,-12.54,-55.72
2019,286,18.95,0.65,0.71,35.29,69.24,0.03,23.33,10.98,Sorriso,MT,Centro-Oeste,-12.54,-55.72
2019,287,3.85,0.67,0.69,33.7,71.87,0.05,14.88,7.23,Sorriso,MT,Centro-Oeste,-12.54,-55.72
2019,288,8.9,0.66,0.66,35.04,68.89,0.04,23.0,10.7,Sorriso,MT,Centro-Oeste,-12.54,-55.72
2019,289,3.81,0.67,0.67,35.27,71.0,0.07,24.39,11.3,Sorriso,MT,Centro-Oeste,-12.54,-55.72
2019,290,3.14,0.66,0.65,33.23,72.28,0.09,22.44,10.55,Sorriso,MT,Centro-Oeste,-12.54,-55.72
2019,291,0.38,0.65,0.61,35.27,63.52,0.12,19.94,9.57,Sorriso,MT,Centro-Oeste,-12.54,-55.72
2019,292,17.61,0.66,0.69,34.65,75.84,0.05,20.97,9.97,Sorriso,MT,Centro-Oeste,-12.54,-55.72
2019,293,3.22,0.68,0.7,34.44,72.6,0.04,19.04,9.05,Sorriso,MT,Centro-Oeste,-12.54,-55.72
2019,294,0.3,0.67,0.63,31.69,75.31,0.03,23.24,10.9,Sorriso,MT,Centro-Oeste,-12.54,-55.72
2019,295,3.08,0.66,0.65,31.3,77.86,0.07,16.47,8.1,Sorriso,MT,Centro-Oeste,-12.54,-55.72
2019,296,5.32,0.66,0.65,34.25,68.94,0.03,22.55,10.74,Sorriso,MT,Centro-Oeste,-12.54,-55.72
2019,297,2.57,0.66,0.65,33.71,72.18,0.03,20.52,9.87,Sorriso,MT,Centro-Oeste,-12.54,-55.72
2019,298,9.05,0.66,0.68,32.02,78.1,0.05,12.53,6.28,Sorriso,MT,Centro-Oeste,-12.54,-55.72
2019,299,8.4,0.67,0.69,29.81,85.15,0.09,17.72,8.65,Sorriso,MT,Centro-Oeste,-12.54,-55.72
2019,300,2.97,0.68,0.68,32.48,75.93,0.05,24.27,11.59,Sorriso,MT,Centro-Oeste,-12.54,-55.72
2019,301,0.2,0.67,0.62,35.18,63.63,0.11,20.48,9.83,Sorriso,MT,Centro-Oeste,-12.54,-55.72
2019,302,0.15,0.66,0.62,33.22,66.57,0.12,21.38,10.26,Sorriso,MT,Centro-Oeste,-12.54,-55.72
2019,303,8.72,0.66,0.67,33.56,71.14,0.11,24.65,11.84,Sorriso,MT,Centro-Oeste,-12.54,-55.72
2019,304,19.86,0.68,0.74,31.52,74.95,0.23,22.42,10.71,Sorriso,MT,Centro-Oeste,-12.54,-55.72
2019,305,2.94,0.69,0.71,32.5,73.91,0.13,24.27,11.55,Sorriso,MT,Centro-Oeste,-12.54,-55.72
2019,306,2.11,0.68,0.65,33.42,70.18,0.04,21.51,10.18,Sorriso,MT,Centro-Oeste,-12.54,-55.72
2019,307,11.2,0.68,0.71,29.16,88.06,0.09,21.07,10.09,Sorriso,MT,Centro-Oeste,-12.54,-55.72
2019,308,0.47,0.69,0.68,32.04,78.3,0.11,25.22,11.98,Sorriso,MT,Centro-Oeste,-12.54,-55.72
2019,309,0.16,0.67,0.63,34.24,68.68,0.11,24.75,11.56,Sorriso,MT,Centro-Oeste,-12.54,-55.72
2019,310,0.11,0.66,0.62,34.64,65.48,0.11,19.69,9.58,Sorriso,MT,Centro-Oeste,-12.54,-55.72
2019,311,0.64,0.66,0.62,35.08,64.97,0.1,20.83,9.99,Sorriso,MT,Centro-Oeste,-12.54,-55.72
2019,312,0.12,0.65,0.61,33.41,67.83,0.06,23.27,11.11,Sorriso,MT,Centro-Oeste,-12.54,-55.72
2019,313,0.83,0.65,0.62,29.02,74.09,0.05,21.57,10.38,Sorriso,MT,Centro-Oeste,-12.54,-55.72
2019,314,6.04,0.65,0.64,35.25,70.68,0.13,21.72,10.35,Sorriso,MT,Centro-Oeste,-12.54,-55.72
2019,315,42.0,0.71,0.85,28.42,90.08,0.13,25.14,11.97,Sorriso,MT,Centro-Oeste,-12.54,-55.72
2019,316,5.73,0.71,0.72,28.99,87.11,0.09,20.11,9.69,Sorriso,MT,Centro-Oeste,-12.54,-55.72
2019,317,10.27,0.71,0.77,27.8,90.16,0.13,15.03,7.44,Sorriso,MT,Centro-Oeste,-12.54,-55.72
2019,318,0.96,0.7,0.69,30.9,80.13,0.21,18.54,8.77,Sorriso,MT,Centro-Oeste,-12.54,-55.72
2019,319,4.11,0.69,0.68,31.26,82.52,0.05,19.64,9.35,Sorriso,MT,Centro-Oeste,-12.54,-55.72
2019,320,40.98,0.72,0.86,27.66,93.08,0.06,20.63,9.95,Sorriso,MT,Centro-Oeste,-12.54,-55.72
2019,321,7.55,0.75,0.81,28.84,87.6,0.03,9.97,5.22,Sorriso,MT,Centro-Oeste,-12.54,-55.72
2019,322,4.52,0.73,0.75,29.07,87.86,0.11,16.15,7.97,Sorriso,MT,Centro-Oeste,-12.54,-55.72
2019,323,1.91,0.72,0.73,28.44,88.02,0.11,19.44,9.28,Sorriso,MT,Centro-Oeste,-12.54,-55.72
2019,324,0.23,0.71,0.7,29.75,83.3,0.14,21.87,10.63,Sorriso,MT,Centro-Oeste,-12.54,-55.72
2019,325,0.46,0.7,0.68,31.13,77.89,0.14,25.45,12.12,Sorriso,MT,Centro-Oeste,-12.54,-55.72
2019,326,0.64,0.69,0.66,30.82,77.11,0.15,24.37,11.67,Sorriso,MT,Centro-Oeste,-12.54,-55.72
2019,327,4.93,0.69,0.69,26.23,87.48,0.09,16.67,8.2,Sorriso,MT,Centro-Oeste,-12.54,-55.72
2019,328,0.1,0.69,0.66,31.26,78.43,0.13,21.77,10.37,Sorriso,MT,Centro-Oeste,-12.54,-55.72
2019,329,3.25,0.68,0.67,30.3,81.27,0.08,22.19,10.64,Sorriso,MT,Centro-Oeste,-12.54,-55.72
2019,330,0.15,0.68,0.65,30.38,81.07,0.13,22.9,10.99,Sorriso,MT,Centro-Oeste,-12.54,-55.72
2019,331,1.48,0.68,0.65,31.82,79.68,0.09,18.12,8.87,Sorriso,MT,Centro-Oeste,-12.54,-55.72
2019,332,7.16,0.69,0.72,28.13,90.0,0.02,16.54,8.19,Sorriso,MT,Centro-Oeste,-12.54,-55.72
2019,333,0.26,0.69,0.66,31.64,77.74,0.03,22.48,10.71,Sorriso,MT,Centro-Oeste,-12.54,-55.72
2019,334,0.17,0.68,0.65,30.21,75.5,0.13,25.45,11.92,Sorriso,MT,Centro-Oeste,-12.54,-55.72
2019,335,5.24,0.68,0.67,33.12,73.81,0.08,20.49,9.94,Sorriso,MT,Centro-Oeste,-12.54,-55.72
2019,336,1.23,0.68,0.66,32.78,75.65,0.03,19.42,9.47,Sorriso,MT,Centro-Oeste,-12.54,-55.72
2019,337,12.13,0.68,0.71,31.99,79.74,0.04,16.07,7.86,Sorriso,MT,Centro-Oeste,-12.54,-55.72
2019,338,1.05,0.69,0.68,32.1,78.26,0.11,23.75,11.31,Sorriso,MT,Centro-Oeste,-12.54,-55.72
2019,339,1.28,0.68,0.66,30.56,76.17,0.14,20.91,10.05,Sorriso,MT,Centro-Oeste,-12.54,-55.72
2019,340,11.14,0.68,0.7,31.43,83.57,0.03,22.73,10.96,Sorriso,MT,Centro-Oeste,-12.54,-55.72
2019,341,0.7,0.69,0.69,27.24,89.87,0.07,15.83,7.88,Sorriso,MT,Centro-Oeste,-12.54,-55.72
2019,342,1.38,0.68,0.66,31.55,80.73,0.05,24.03,11.37,Sorriso,MT,Centro-Oeste,-12.54,-55.72
2019,343,36.52,0.71,0.83,27.61,89.65,0.1,19.99,9.66,Sorriso,MT,Centro-Oeste,-12.54,-55.72
2019,344,0.79,0.74,0.76,26.44,93.73,0.08,15.69,7.84,Sorriso,MT,Centro-Oeste,-12.54,-55.72
2019,345,2.51,0.72,0.73,28.2,87.8,0.09,23.48,11.15,Sorriso,MT,Centro-Oeste,-12.54,-55.72
2019,346,1.97,0.71,0.72,29.29,87.41,0.15,24.57,11.6,Sorriso,MT,Centro-Oeste,-12.54,-55.72
2019,347,3.9,0.71,0.72,29.19,87.8,0.19,18.13,8.86,Sorriso,MT,Centro-Oeste,-12.54,-55.72
2019,348,1.69,0.71,0.71,29.48,84.78,0.14,21.67,10.48,Sorriso,MT,Centro-Oeste,-12.54,-55.72
2019,349,0.53,0.7,0.69,30.02,84.57,0.09,20.49,9.81,Sorriso,MT,Centro-Oeste,-12.54,-55.72
2019,350,7.73,0.69,0.71,30.2,85.13,0.03,19.92,9.71,Sorriso,MT,Centro-Oeste,-12.54,-55.72
2019,351,10.85,0.71,0.77,27.76,89.16,0.14,20.58,10.03,Sorriso,MT,Centro-Oeste,-12.54,-55.72
2019,352,6.63,0.71,0.75,30.06,85.2,0.15,26.33,12.55,Sorriso,MT,Centro-Oeste,-12.54,-55.72
2019,353,6.4,0.72,0.75,29.89,88.72,0.12,24.21,11.66,Sorriso,MT,Centro-Oeste,-12.54,-55.72
2019,354,5.87,0.71,0.74,29.53,88.57,0.08,22.18,10.62,Sorriso,MT,Centro-Oeste,-12.54,-55.72
2019,355,7.0,0.71,0.74,30.74,86.67,0.16,18.78,9.25,Sorriso,MT,Centro-Oeste,-12.54,-55.72
2019,356,1.11,0.71,0.71,31.24,84.92,0.07,23.16,11.18,Sorriso,MT,Centro-Oeste,-12.54,-55.72
2019,357,0.1,0.7,0.69,29.84,85.11,0.06,24.6,11.71,Sorriso,MT,Centro-Oeste,-12.54,-55.72
2019,358,0.47,0.69,0.67,30.67,82.35,0.1,25.56,12.32,Sorriso,MT,Centro-Oeste,-12.54,-55.72
2019,359,44.06,0.7,0.76,30.82,86.29,0.13,6.11,3.37,Sorriso,MT,Centro-Oeste,-12.54,-55.72
2019,360,2.63,0.73,0.77,29.94,85.98,0.1,23.6,11.28,Sorriso,MT,Centro-Oeste,-12.54,-55.72
2019,361,16.66,0.72,0.78,30.7,84.62,0.04,26.84,12.71,Sorriso,MT,Centro-Oeste,-12.54,-55.72
2019,362,7.47,0.74,0.79,27.85,88.12,0.14,16.54,8.23,Sorriso,MT,Centro-Oeste,-12.54,-55.72
2019,363,2.03,0.73,0.74,29.05,88.3,0.09,19.96,9.8,Sorriso,MT,Centro-Oeste,-12.54,-55.72
2019,364,0.62,0.72,0.72,29.11,85.31,0.1,23.21,11.17,Sorriso,MT,Centro-Oeste,-12.54,-55.72
2019,365,0.5,0.71,0.71,28.22,87.74,0.02,17.13,8.52,Sorriso,MT,Centro-Oeste,-12.54,-55.72
2020,1,3.53,0.7,0.7,29.27,86.77,0.03,21.24,10.37,Sorriso,MT,Centro-Oeste,-12.54,-55.72
2020,2,2.26,0.7,0.71,29.15,85.98,0.03,20.39,10.01,Sorriso,MT,Centro-Oeste,-12.54,-55.72
2020,3,6.93,0.7,0.71,27.93,89.92,0.03,16.62,8.37,Sorriso,MT,Centro-Oeste,-12.54,-55.72
2020,4,2.64,0.71,0.72,28.27,90.17,0.05,12.94,6.6,Sorriso,MT,Centro-Oeste,-12.54,-55.72
2020,5,4.16,0.7,0.71,28.54,90.07,0.05,18.21,8.98,Sorriso,MT,Centro-Oeste,-12.54,-55.72
2020,6,0.37,0.7,0.69,28.72,84.49,0.04,16.72,8.25,Sorriso,MT,Centro-Oeste,-12.54,-55.72
2020,7,2.24,0.69,0.67,30.58,82.36,0.06,18.66,9.04,Sorriso,MT,Centro-Oeste,-12.54,-55.72
2020,8,24.69,0.71,0.79,27.44,93.51,0.04,14.74,7.41,Sorriso,MT,Centro-Oeste,-12.54,-55.72
2020,9,8.28,0.74,0.79,26.93,92.15,0.12,16.13,8.05,Sorriso,MT,Centro-Oeste,-12.54,-55.72
2020,10,4.69,0.73,0.76,29.22,87.8,0.24,22.0,10.58,Sorriso,MT,Centro-Oeste,-12.54,-55.72
2020,11,1.3,0.72,0.73,28.69,90.32,0.19,20.11,9.79,Sorriso,MT,Centro-Oeste,-12.54,-55.72
2020,12,1.22,0.72,0.72,29.36,89.03,0.11,23.57,11.41,Sorriso,MT,Centro-Oeste,-12.54,-55.72
2020,13,1.04,0.71,0.71,29.65,85.53,0.15,23.55,11.31,Sorriso,MT,Centro-Oeste,-12.54,-55.72
2020,14,1.48,0.7,0.69,30.57,80.65,0.16,26.03,12.41,Sorriso,MT,Centro-Oeste,-12.54,-55.72
2020,15,10.13,0.71,0.75,29.92,85.04,0.18,26.36,12.6,Sorriso,MT,Centro-Oeste,-12.54,-55.72
2020,16,5.93,0.71,0.75,29.53,86.88,0.23,16.65,8.4,Sorriso,MT,Centro-Oeste,-12.54,-55.72
2020,17,0.18,0.71,0.7,32.0,82.62,0.15,24.33,11.73,Sorriso,MT,Centro-Oeste,-12.54,-55.72
2020,18,0.03,0.7,0.68,31.63,78.39,0.19,27.25,12.96,Sorriso,MT,Centro-Oeste,-12.54,-55.72
2020,19,3.97,0.69,0.67,32.36,77.91,0.05,23.83,11.51,Sorriso,MT,Centro-Oeste,-12.54,-55.72
2020,20,4.56,0.69,0.7,31.67,86.56,0.06,25.11,12.02,Sorriso,MT,Centro-Oeste,-12.54,-55.72
2020,21,0.59,0.69,0.68,30.45,84.99,0.03,21.67,10.48,Sorriso,MT,Centro-Oeste,-12.54,-55.72
2020,22,3.44,0.69,0.67,31.26,83.06,0.04,8.52,4.5,Sorriso,MT,Centro-Oeste,-12.54,-55.72
2020,23,8.5,0.7,0.73,27.3,92.98,0.04,17.32,8.6,Sorriso,MT,Centro-Oeste,-12.54,-55.72
2020,24,4.15,0.7,0.7,29.86,86.71,0.04,14.66,7.44,Sorriso,MT,Centro-Oeste,-12.54,-55.72
2020,25,5.57,0.7,0.7,26.28,92.53,0.04,15.72,7.94,Sorriso,MT,Centro-Oeste,-12.54,-55.72
2020,26,2.27,0.7,0.71,27.34,92.11,0.12,18.98,9.35,Sorriso,MT,Centro-Oeste,-12.54,-55.72
2020,27,4.5,0.7,0.7,29.99,87.75,0.1,19.87,9.73,Sorriso,MT,Centro-Oeste,-12.54,-55.72
2020,28,1.63,0.7,0.7,27.89,89.99,0.06,12.65,6.57,Sorriso,MT,Centro-Oeste,-12.54,-55.72
2020,29,2.59,0.7,0.71,27.41,89.79,0.09,22.58,10.83,Sorriso,MT,Centro-Oeste,-12.54,-55.72
2020,30,5.72,0.7,0.7,29.44,82.98,0.24,21.17,10.26,Sorriso,MT,Centro-Oeste,-12.54,-55.72
2020,31,0.74,0.7,0.7,30.44,85.23,0.23,25.23,11.97,Sorriso,MT,Centro-Oeste,-12.54,-55.72
2020,32,0.13,0.69,0.67,31.97,76.17,0.07,19.88,9.63,Sorriso,MT,Centro-Oeste,-12.54,-55.72
2020,33,1.94,0.68,0.65,33.44,68.33,0.15,23.13,11.11,Sorriso,MT,Centro-Oeste,-12.54,-55.72
2020,34,6.0,0.68,0.67,32.98,71.99,0.23,22.94,10.99,Sorriso,MT,Centro-Oeste,-12.54,-55.72
2020,35,5.29,0.69,0.7,29.97,78.35,0.12,20.84,10.09,Sorriso,MT,Centro-Oeste,-12.54,-55.72
2020,36,3.29,0.68,0.66,30.82,79.04,0.03,19.7,9.56,Sorriso,MT,Centro-Oeste,-12.54,-55.72
2020,37,2.79,0.68,0.67,30.59,81.3,0.06,17.04,8.5,Sorriso,MT,Centro-Oeste,-12.54,-55.72
2020,38,8.28,0.68,0.69,30.39,83.52,0.04,12.43,6.41,Sorriso,MT,Centro-Oeste,-12.54,-55.72
2020,39,10.7,0.7,0.75,26.66,91.82,0.05,15.98,7.97,Sorriso,MT,Centro-Oeste,-12.54,-55.72
2020,40,11.84,0.71,0.77,23.36,94.54,0.05,9.95,5.17,Sorriso,MT,Centro-Oeste,-12.54,-55.72
2020,41,0.3,0.71,0.71,28.83,86.06,0.1,17.48,8.58,Sorriso,MT,Centro-Oeste,-12.54,-55.72
2020,42,4.57,0.7,0.71,30.17,83.11,0.19,19.86,9.66,Sorriso,MT,Centro-Oeste,-12.54,-55.72
2020,43,4.15,0.7,0.71,27.7,89.96,0.07,14.17,7.15,Sorriso,MT,Centro-Oeste,-12.54,-55.72
2020,44,2.8,0.7,0.7,30.79,82.02,0.14,21.65,10.53,Sorriso,MT,Centro-Oeste,-12.54,-55.72
2020,45,0.54,0.69,0.67,32.5,76.48,0.16,23.28,11.19,Sorriso,MT,Centro-Oeste,-12.54,-55.72
2020,46,9.99,0.69,0.7,32.74,77.43,0.2,18.08,9.0,Sorriso,MT,Centro-Oeste,-12.54,-55.72
2020,47,8.54,0.7,0.74,30.08,86.47,0.04,21.34,10.42,Sorriso,MT,Centro-Oeste,-12.54,-55.72
2020,48,1.8,0.7,0.7,31.36,83.88,0.05,24.18,11.67,Sorriso,MT,Centro-Oeste,-12.54,-55.72
2020,49,3.11,0.7,0.7,28.5,89.32,0.08,22.1,10.79,Sorriso,MT,Centro-Oeste,-12.54,-55.72
2020,50,3.38,0.69,0.68,32.23,83.36,0.06,19.13,9.54,Sorriso,MT,Centro-Oeste,-12.54,-55.72
2020,51,9.19,0.7,0.74,28.93,90.91,0.13,15.63,7.85,Sorriso,MT,Centro-Oeste,-12.54,-55.72
2020,52,4.71,0.7,0.71,29.98,86.78,0.04,13.79,7.05,Sorriso,MT,Centro-Oeste,-12.54,-55.72
2020,53,6.64,0.7,0.74,28.91,89.5,0.12,15.62,7.52,Sorriso,MT,Centro-Oeste,-12.54,-55.72
2020,54,9.54,0.71,0.76,27.59,93.25,0.14,15.19,7.57,Sorriso,MT,Centro-Oeste,-12.54,-55.72
2020,55,1.37,0.71,0.71,29.5,88.17,0.06,19.66,9.59,Sorriso,MT,Centro-Oeste,-12.54,-55.72
2020,56,8.72,0.71,0.74,26.67,91.22,0.16,17.1,8.44,Sorriso,MT,Centro-Oeste,-12.54,-55.72
2020,57,6.94,0.71,0.75,29.34,89.09,0.23,21.61,10.48,Sorriso,MT,Centro-Oeste,-12.54,-55.72
2020,58,13.0,0.72,0.79,28.32,93.22,0.11,17.64,8.71,Sorriso,MT,Centro-Oeste,-12.54,-55.72
2020,59,6.26,0.73,0.77,27.17,94.89,0.13,15.6,7.89,Sorriso,MT,Centro-Oeste,-12.54,-55.72
2020,60,13.87,0.73,0.78,28.67,90.16,0.07,17.89,8.73,Sorriso,MT,Centro-Oeste,-12.54,-55.72
2020,61,9.83,0.74,0.8,28.97,91.09,0.04,19.27,9.4,Sorriso,MT,Centro-Oeste,-12.54,-55.72
2020,62,5.4,0.73,0.77,29.12,88.68,0.04,18.37,9.07,Sorriso,MT,Centro-Oeste,-12.54,-55.72
2020,63,3.88,0.73,0.75,28.36,90.06,0.1,18.59,9.14,Sorriso,MT,Centro-Oeste,-12.54,-55.72
2020,64,7.2,0.73,0.77,26.1,93.47,0.03,19.06,9.34,Sorriso,MT,Centro-Oeste,-12.54,-55.72
2020,65,2.03,0.72,0.73,30.15,87.39,0.06,17.28,8.56,Sorriso,MT,Centro-Oeste,-12.54,-55.72
2020,66,6.39,0.72,0.75,28.82,90.63,0.02,15.66,7.86,Sorriso,MT,Centro-Oeste,-12.54,-55.72
2020,67,7.39,0.72,0.76,28.93,89.49,0.02,18.89,9.17,Sorriso,MT,Centro-Oeste,-12.54,-55.72
2020,68,3.23,0.72,0.74,30.49,87.93,0.04,21.13,10.14,Sorriso,MT,Centro-Oeste,-12.54,-55.72
2020,69,4.74,0.72,0.75,26.94,92.34,0.11,20.84,10.2,Sorriso,MT,Centro-Oeste,-12.54,-55.72
2020,70,1.08,0.72,0.72,29.67,88.61,0.1,18.63,9.1,Sorriso,MT,Centro-Oeste,-12.54,-55.72
2020,71,7.29,0.72,0.75,29.77,89.54,0.08,13.0,6.63,Sorriso,MT,Centro-Oeste,-12.54,-55.72
2020,72,3.74,0.72,0.73,29.52,86.5,0.08,16.49,8.12,Sorriso,MT,Centro-Oeste,-12.54,-55.72
2020,73,1.69,0.71,0.72,29.99,89.06,0.07,21.33,10.4,Sorriso,MT,Centro-Oeste,-12.54,-55.72
2020,74,5.41,0.71,0.73,30.11,86.3,0.05,19.29,9.38,Sorriso,MT,Centro-Oeste,-12.54,-55.72
2020,75,5.45,0.71,0.73,29.45,87.1,0.04,20.03,9.75,Sorriso,MT,Centro-Oeste,-12.54,-55.72
2020,76,2.51,0.71,0.72,30.13,87.19,0.04,19.63,9.53,Sorriso,MT,Centro-Oeste,-12.54,-55.72
2020,77,1.85,0.7,0.69,30.77,83.84,0.03,23.44,11.32,Sorriso,MT,Centro-Oeste,-12.54,-55.72
2020,78,0.84,0.69,0.68,31.85,81.58,0.02,20.97,10.18,Sorriso,MT,Centro-Oeste,-12.54,-55.72
2020,79,9.25,0.69,0.71,29.79,87.05,0.03,20.2,9.85,Sorriso,MT,Centro-Oeste,-12.54,-55.72
2020,80,8.06,0.71,0.76,27.11,93.73,0.04,8.81,4.73,Sorriso,MT,Centro-Oeste,-12.54,-55.72
2020,81,2.63,0.71,0.72,29.03,88.43,0.04,16.0,7.88,Sorriso,MT,Centro-Oeste,-12.54,-55.72
2020,82,3.68,0.71,0.72,28.37,86.87,0.11,21.0,10.05,Sorriso,MT,Centro-Oeste,-12.54,-55.72
2020,83,7.37,0.71,0.73,29.17,88.96,0.07,19.43,9.56,Sorriso,MT,Centro-Oeste,-12.54,-55.72
2020,84,2.11,0.71,0.73,28.81,90.1,0.04,15.11,7.53,Sorriso,MT,Centro-Oeste,-12.54,-55.72
2020,85,6.36,0.71,0.73,28.17,91.06,0.03,20.81,10.01,Sorriso,MT,Centro-Oeste,-12.54,-55.72
2020,86,13.6,0.72,0.8,28.8,91.73,0.1,11.44,5.86,Sorriso,MT,Centro-Oeste,-12.54,-55.72
2020,87,4.97,0.73,0.77,27.58,93.5,0.02,18.2,8.89,Sorriso,MT,Centro-Oeste,-12.54,-55.72
2020,88,2.45,0.72,0.73,27.71,90.52,0.03,20.77,10.03,Sorriso,MT,Centro-Oeste,-12.54,-55.72
2020,89,2.28,0.72,0.73,29.31,89.57,0.02,22.51,10.81,Sorriso,MT,Centro-Oeste,-12.54,-55.72
2020,90,0.12,0.71,0.71,29.54,87.86,0.03,24.14,11.54,Sorriso,MT,Centro-Oeste,-12.54,-55.72
2020,91,0.65,0.71,0.7,29.21,88.22,0.06,25.7,12.18,Sorriso,MT,Centro-Oeste,-12.54,-55.72
2020,92,0.21,0.7,0.69,30.41,86.12,0.08,22.82,10.91,Sorriso,MT,Centro-Oeste,-12.54,-55.72
2020,93,23.8,0.71,0.79,30.77,86.58,0.18,23.38,11.19,Sorriso,MT,Centro-Oeste,-12.54,-55.72
2020,94,2.06,0.73,0.76,27.7,94.15,0.15,21.21,10.26,Sorriso,MT,Centro-Oeste,-12.54,-55.72
2020,95,0.2,0.72,0.72,29.97,86.77,0.17,24.6,11.74,Sorriso,MT,Centro-Oeste,-12.54,-55.72
2020,96,0.39,0.71,0.71,30.39,86.34,0.21,23.59,11.32,Sorriso,MT,Centro-Oeste,-12.54,-55.72
2020,97,1.28,0.71,0.7,29.45,89.46,0.21,22.11,10.57,Sorriso,MT,Centro-Oeste,-12.54,-55.72
2020,98,4.14,0.7,0.71,30.11,89.26,0.06,6.15,3.39,Sorriso,MT,Centro-Oeste,-12.54,-55.72
2020,99,14.99,0.73,0.8,28.36,91.56,0.13,22.57,10.84,Sorriso,MT,Centro-Oeste,-12.54,-55.72
2020,100,9.09,0.73,0.76,29.33,89.62,0.13,20.76,10.02,Sorriso,MT,Centro-Oeste,-12.54,-55.72
2020,101,14.26,0.74,0.81,27.92,93.28,0.15,20.45,9.92,Sorriso,MT,Centro-Oeste,-12.54,-55.72
2020,102,7.14,0.75,0.79,27.18,94.34,0.17,16.4,8.27,Sorriso,MT,Centro-Oeste,-12.54,-55.72
2020,103,3.59,0.75,0.77,26.3,95.1,0.11,13.51,7.0,Sorriso,MT,Centro-Oeste,-12.54,-55.72
2020,104,0.74,0.73,0.74,29.06,86.04,0.23,22.79,10.84,Sorriso,MT,Centro-Oeste,-12.54,-55.72
2020,105,23.24,0.74,0.8,26.27,94.97,0.19,9.84,5.2,Sorriso,MT,Centro-Oeste,-12.54,-55.72
2020,106,7.34,0.76,0.82,27.29,92.93,0.13,13.69,6.99,Sorriso,MT,Centro-Oeste,-12.54,-55.72
2020,107,11.59,0.76,0.8,27.35,92.74,0.1,17.26,8.54,Sorriso,MT,Centro-Oeste,-12.54,-55.72
2020,108,10.02,0.77,0.83,27.4,93.35,0.05,12.98,6.48,Sorriso,MT,Centro-Oeste,-12.54,-55.72
2020,109,4.55,0.76,0.79,26.46,94.54,0.09,16.63,8.34,Sorriso,MT,Centro-Oeste,-12.54,-55.72
2020,110,5.98,0.76,0.8,27.21,93.56,0.22,19.62,9.51,Sorriso,MT,Centro-Oeste,-12.54,-55.72
2020,111,3.61,0.76,0.78,27.97,91.33,0.3,13.85,7.14,Sorriso,MT,Centro-Oeste,-12.54,-55.72
2020,112,0.38,0.75,0.76,28.39,89.66,0.22,21.51,10.36,Sorriso,MT,Centro-Oeste,-12.54,-55.72
2020,113,2.85,0.74,0.76,28.08,91.04,0.18,21.55,10.39,Sorriso,MT,Centro-Oeste,-12.54,-55.72
2020,114,1.3,0.74,0.75,28.5,90.44,0.05,20.88,10.08,Sorriso,MT,Centro-Oeste,-12.54,-55.72
2020,115,1.95,0.73,0.74,29.06,90.35,0.03,19.39,9.4,Sorriso,MT,Centro-Oeste,-12.54,-55.72
2020,116,2.49,0.73,0.74,28.97,89.49,0.03,16.15,8.09,Sorriso,MT,Centro-Oeste,-12.54,-55.72
2020,117,3.0,0.73,0.74,29.18,89.59,0.04,22.14,10.66,Sorriso,MT,Centro-Oeste,-12.54,-55.72
2020,118,0.17,0.72,0.72,28.62,86.99,0.03,23.21,10.85,Sorriso,MT,Centro-Oeste,-12.54,-55.72
2020,119,0.14,0.71,0.71,28.74,85.37,0.03,23.28,11.0,Sorriso,MT,Centro-Oeste,-12.54,-55.72
2020,120,0.08,0.71,0.69,29.0,84.97,0.04,23.1,10.91,Sorriso,MT,Centro-Oeste,-12.54,-55.72
2020,121,0.0,0.7,0.68,28.63,83.98,0.04,22.65,10.48,Sorriso,MT,Centro-Oeste,-12.54,-55.72
2020,122,0.0,0.7,0.67,29.22,81.21,0.03,22.8,10.54,Sorriso,MT,Centro-Oeste,-12.54,-55.72
2020,123,0.0,0.69,0.66,29.35,79.53,0.05,23.58,10.88,Sorriso,MT,Centro-Oeste,-12.54,-55.72
2020,124,0.0,0.68,0.65,29.26,77.67,0.03,21.07,9.77,Sorriso,MT,Centro-Oeste,-12.54,-55.72
2020,125,0.0,0.68,0.65,30.14,78.89,0.03,21.62,9.94,Sorriso,MT,Centro-Oeste,-12.54,-55.72
2020,126,0.0,0.68,0.65,31.3,82.06,0.03,15.51,7.55,Sorriso,MT,Centro-Oeste,-12.54,-55.72
2020,127,11.38,0.68,0.7,29.65,87.84,0.06,14.05,6.95,Sorriso,MT,Centro-Oeste,-12.54,-55.72
2020,128,20.84,0.73,0.83,26.27,91.48,0.12,9.8,5.12,Sorriso,MT,Centro-Oeste,-12.54,-55.72
2020,129,0.42,0.72,0.73,26.57,86.07,0.06,19.96,9.45,Sorriso,MT,Centro-Oeste,-12.54,-55.72
2020,130,0.46,0.72,0.71,27.8,87.67,0.04,19.07,9.06,Sorriso,MT,Centro-Oeste,-12.54,-55.72
2020,131,0.83,0.71,0.7,29.37,87.89,0.03,18.53,8.83,Sorriso,MT,Centro-Oeste,-12.54,-55.72
2020,132,0.5,0.7,0.69,28.88,86.85,0.04,15.68,7.56,Sorriso,MT,Centro-Oeste,-12.54,-55.72
2020,133,0.03,0.7,0.68,29.49,84.52,0.04,19.67,9.35,Sorriso,MT,Centro-Oeste,-12.54,-55.72
2020,134,0.43,0.69,0.67,28.59,84.68,0.12,18.52,8.9,Sorriso,MT,Centro-Oeste,-12.54,-55.72
2020,135,1.61,0.69,0.68,30.0,81.1,0.21,16.36,7.97,Sorriso,MT,Centro-Oeste,-12.54,-55.72
2020,136,0.02,0.68,0.66,30.3,77.5,0.02,15.21,7.44,Sorriso,MT,Centro-Oeste,-12.54,-55.72
2020,137,0.01,0.68,0.65,29.23,78.24,0.04,18.79,8.88,Sorriso,MT,Centro-Oeste,-12.54,-55.72
2020,138,0.01,0.68,0.64,29.83,77.08,0.03,17.46,8.39,Sorriso,MT,Centro-Oeste,-12.54,-55.72
2020,139,1.52,0.67,0.65,28.63,79.69,0.03,17.48,8.45,Sorriso,MT,Centro-Oeste,-12.54,-55.72
2020,140,0.43,0.67,0.65,28.37,84.22,0.04,17.94,8.58,Sorriso,MT,Centro-Oeste,-12.54,-55.72
2020,141,0.69,0.68,0.65,27.52,86.38,0.03,15.59,7.51,Sorriso,MT,Centro-Oeste,-12.54,-55.72
2020,142,0.07,0.67,0.64,30.08,82.94,0.06,18.65,8.88,Sorriso,MT,Centro-Oeste,-12.54,-55.72
2020,143,0.01,0.67,0.64,31.22,81.01,0.1,18.69,8.87,Sorriso,MT,Centro-Oeste,-12.54,-55.72
2020,144,0.0,0.67,0.63,29.62,73.42,0.1,11.7,5.89,Sorriso,MT,Centro-Oeste,-12.54,-55.72
2020,145,0.0,0.67,0.63,26.07,69.76,0.03,16.45,7.87,Sorriso,MT,Centro-Oeste,-12.54,-55.72
2020,146,0.0,0.66,0.63,30.29,74.27,0.04,18.46,8.65,Sorriso,MT,Centro-Oeste,-12.54,-55.72
2020,147,0.0,0.66,0.62,29.68,69.48,0.03,20.99,9.56,Sorriso,MT,Centro-Oeste,-12.54,-55.72
2020,148,0.0,0.66,0.62,29.44,64.65,0.05,20.34,9.36,Sorriso,MT,Centro-Oeste,-12.54,-55.72
2020,149,0.0,0.66,0.62,30.33,73.25,0.11,20.81,9.7,Sorriso,MT,Centro-Oeste,-12.54,-55.72
2020,150,0.0,0.65,0.61,30.95,68.84,0.03,20.57,9.55,Sorriso,MT,Centro-Oeste,-12.54,-55.72
2020,151,0.08,0.65,0.61,31.13,63.26,0.04,20.28,9.38,Sorriso,MT,Centro-Oeste,-12.54,-55.72
2020,152,0.37,0.65,0.61,31.08,70.74,0.05,20.81,9.37,Sorriso,MT,Centro-Oeste,-12.54,-55.72
2020,153,0.01,0.65,0.61,30.99,70.9,0.08,21.06,9.52,Sorriso,MT,Centro-Oeste,-12.54,-55.72
2020,154,0.0,0.65,0.61,31.19,70.14,0.16,20.58,9.32,Sorriso,MT,Centro-Oeste,-12.54,-55.72
2020,155,0.0,0.65,0.61,31.82,75.84,0.16,19.08,8.65,Sorriso,MT,Centro-Oeste,-12.54,-55.72
2020,156,0.0,0.65,0.61,32.57,74.71,0.08,19.19,8.91,Sorriso,MT,Centro-Oeste,-12.54,-55.72
2020,157,0.06,0.64,0.61,33.16,72.9,0.14,18.11,8.61,Sorriso,MT,Centro-Oeste,-12.54,-55.72
2020,158,0.03,0.64,0.61,32.79,74.81,0.07,18.09,8.6,Sorriso,MT,Centro-Oeste,-12.54,-55.72
2020,159,0.0,0.64,0.6,33.18,73.78,0.16,19.29,9.0,Sorriso,MT,Centro-Oeste,-12.54,-55.72
2020,160,0.0,0.64,0.6,32.99,73.61,0.21,18.79,8.74,Sorriso,MT,Centro-Oeste,-12.54,-55.72
2020,161,0.0,0.64,0.6,33.32,70.89,0.24,18.96,8.72,Sorriso,MT,Centro-Oeste,-12.54,-55.72
2020,162,0.0,0.64,0.6,33.07,68.4,0.28,20.23,9.18,Sorriso,MT,Centro-Oeste,-12.54,-55.72
2020,163,0.0,0.64,0.6,32.83,69.23,0.24,19.55,8.98,Sorriso,MT,Centro-Oeste,-12.54,-55.72
2020,164,0.0,0.64,0.6,32.96,69.96,0.17,19.41,8.91,Sorriso,MT,Centro-Oeste,-12.54,-55.72
2020,165,0.0,0.64,0.6,33.19,69.34,0.18,18.19,8.43,Sorriso,MT,Centro-Oeste,-12.54,-55.72
2020,166,0.0,0.63,0.59,31.83,58.23,0.18,19.92,9.0,Sorriso,MT,Centro-Oeste,-12.54,-55.72
2020,167,0.0,0.63,0.6,32.49,63.8,0.13,19.19,8.75,Sorriso,MT,Centro-Oeste,-12.54,-55.72
2020,168,0.0,0.63,0.6,32.22,62.49,0.08,19.96,9.22,Sorriso,MT,Centro-Oeste,-12.54,-55.72
2020,169,0.0,0.63,0.59,32.04,62.4,0.08,19.93,9.14,Sorriso,MT,Centro-Oeste,-12.54,-55.72
2020,170,0.0,0.63,0.6,32.52,66.55,0.09,17.5,8.18,Sorriso,MT,Centro-Oeste,-12.54,-55.72
2020,171,0.0,0.63,0.6,32.2,64.61,0.13,17.9,8.36,Sorriso,MT,Centro-Oeste,-12.54,-55.72
2020,172,0.0,0.63,0.6,32.35,63.03,0.22,17.52,8.12,Sorriso,MT,Centro-Oeste,-12.54,-55.72
2020,173,0.0,0.63,0.59,33.11,60.83,0.17,20.04,9.21,Sorriso,MT,Centro-Oeste,-12.54,-55.72
2020,174,0.0,0.63,0.59,32.52,61.63,0.14,19.6,9.03,Sorriso,MT,Centro-Oeste,-12.54,-55.72
2020,175,0.03,0.62,0.59,32.23,58.74,0.15,20.25,9.16,Sorriso,MT,Centro-Oeste,-12.54,-55.72
2020,176,0.18,0.62,0.59,33.09,61.72,0.2,19.8,9.16,Sorriso,MT,Centro-Oeste,-12.54,-55.72
2020,177,0.0,0.62,0.59,33.65,66.53,0.11,18.25,8.51,Sorriso,MT,Centro-Oeste,-12.54,-55.72
2020,178,0.0,0.62,0.59,32.97,62.12,0.22,17.16,8.06,Sorriso,MT,Centro-Oeste,-12.54,-55.72
2020,179,0.0,0.62,0.59,33.73,56.84,0.22,19.05,8.65,Sorriso,MT,Centro-Oeste,-12.54,-55.72
2020,180,0.0,0.62,0.59,33.06,58.34,0.24,19.46,8.78,Sorriso,MT,Centro-Oeste,-12.54,-55.72
2020,181,0.0,0.62,0.59,32.79,58.54,0.2,19.84,9.06,Sorriso,MT,Centro-Oeste,-12.54,-55.72
2020,182,0.01,0.62,0.59,33.4,56.58,0.27,19.41,8.96,Sorriso,MT,Centro-Oeste,-12.54,-55.72
2020,183,0.01,0.62,0.58,32.6,64.32,0.07,15.77,7.4,Sorriso,MT,Centro-Oeste,-12.54,-55.72
2020,184,0.03,0.62,0.58,32.81,58.83,0.03,15.95,7.52,Sorriso,MT,Centro-Oeste,-12.54,-55.72
2020,185,0.03,0.62,0.57,33.46,58.47,0.14,19.51,8.96,Sorriso,MT,Centro-Oeste,-12.54,-55.72
2020,186,0.01,0.61,0.57,34.15,52.89,0.2,20.23,9.23,Sorriso,MT,Centro-Oeste,-12.54,-55.72
2020,187,0.0,0.61,0.55,34.61,51.0,0.32,20.71,9.36,Sorriso,MT,Centro-Oeste,-12.54,-55.72
2020,188,0.0,0.61,0.54,33.72,50.04,0.27,20.63,9.42,Sorriso,MT,Centro-Oeste,-12.54,-55.72
2020,189,0.0,0.61,0.53,33.87,48.7,0.17,21.02,9.51,Sorriso,MT,Centro-Oeste,-12.54,-55.72
2020,190,0.0,0.61,0.52,34.65,48.57,0.28,19.63,8.88,Sorriso,MT,Centro-Oeste,-12.54,-55.72
2020,191,0.0,0.61,0.51,34.15,48.45,0.35,20.02,9.04,Sorriso,MT,Centro-Oeste,-12.54,-55.72
2020,192,0.11,0.61,0.5,32.92,45.77,0.18,21.02,9.54,Sorriso,MT,Centro-Oeste,-12.54,-55.72
2020,193,0.0,0.61,0.49,34.49,45.4,0.25,20.7,9.5,Sorriso,MT,Centro-Oeste,-12.54,-55.72
2020,194,0.0,0.61,0.48,35.11,49.34,0.24,18.85,8.81,Sorriso,MT,Centro-Oeste,-12.54,-55.72
2020,195,0.0,0.61,0.47,34.99,49.22,0.25,19.04,8.89,Sorriso,MT,Centro-Oeste,-12.54,-55.72
2020,196,0.0,0.61,0.45,34.82,42.33,0.04,20.64,9.56,Sorriso,MT,Centro-Oeste,-12.54,-55.72
2020,197,0.0,0.61,0.44,34.64,39.89,0.15,21.4,9.61,Sorriso,MT,Centro-Oeste,-12.54,-55.72
2020,198,0.0,0.6,0.43,35.16,36.81,0.04,20.77,9.4,Sorriso,MT,Centro-Oeste,-12.54,-55.72
2020,199,0.0,0.6,0.42,35.57,38.52,0.17,20.97,9.53,Sorriso,MT,Centro-Oeste,-12.54,-55.72
2020,200,0.01,0.6,0.41,34.59,41.63,0.09,21.22,9.65,Sorriso,MT,Centro-Oeste,-12.54,-55.72
2020,201,4.73,0.61,0.53,33.55,53.27,0.23,19.87,9.11,Sorriso,MT,Centro-Oeste,-12.54,-55.72
2020,202,0.0,0.61,0.53,33.83,48.38,0.11,20.38,9.29,Sorriso,MT,Centro-Oeste,-12.54,-55.72
2020,203,0.0,0.61,0.5,33.75,47.26,0.22,21.67,9.88,Sorriso,MT,Centro-Oeste,-12.54,-55.72
2020,204,0.0,0.61,0.48,34.86,42.61,0.31,21.5,9.72,Sorriso,MT,Centro-Oeste,-12.54,-55.72
2020,205,0.0,0.61,0.46,35.19,44.56,0.14,19.62,8.94,Sorriso,MT,Centro-Oeste,-12.54,-55.72
2020,206,0.02,0.61,0.44,35.12,43.52,0.1,21.91,9.89,Sorriso,MT,Centro-Oeste,-12.54,-55.72
2020,207,0.0,0.6,0.43,34.68,39.53,0.09,20.49,9.26,Sorriso,MT,Centro-Oeste,-12.54,-55.72
2020,208,0.0,0.6,0.41,34.53,43.39,0.17,22.06,10.0,Sorriso,MT,Centro-Oeste,-12.54,-55.72
2020,209,0.0,0.6,0.4,34.65,38.31,0.07,21.87,9.97,Sorriso,MT,Centro-Oeste,-12.54,-55.72
2020,210,0.0,0.6,0.4,34.62,39.17,0.25,21.42,9.8,Sorriso,MT,Centro-Oeste,-12.54,-55.72
2020,211,0.0,0.6,0.39,34.5,40.2,0.05,17.73,8.32,Sorriso,MT,Centro-Oeste,-12.54,-55.72
2020,212,0.01,0.6,0.38,34.86,40.18,0.09,21.67,9.89,Sorriso,MT,Centro-Oeste,-12.54,-55.72
2020,213,0.0,0.6,0.37,35.69,32.19,0.04,22.49,10.15,Sorriso,MT,Centro-Oeste,-12.54,-55.72
2020,214,0.0,0.6,0.36,33.68,32.57,0.08,22.26,9.94,Sorriso,MT,Centro-Oeste,-12.54,-55.72
2020,215,0.0,0.6,0.36,33.78,36.65,0.11,22.55,10.11,Sorriso,MT,Centro-Oeste,-12.54,-55.72
2020,216,0.0,0.6,0.36,34.59,35.01,0.06,22.86,10.22,Sorriso,MT,Centro-Oeste,-12.54,-55.72
2020,217,0.0,0.6,0.35,34.84,36.81,0.04,22.62,10.13,Sorriso,MT,Centro-Oeste,-12.54,-55.72
2020,218,0.0,0.6,0.35,34.52,35.51,0.04,22.97,10.24,Sorriso,MT,Centro-Oeste,-12.54,-55.72
2020,219,0.0,0.6,0.34,34.38,34.73,0.04,23.15,10.3,Sorriso,MT,Centro-Oeste,-12.54,-55.72
2020,220,0.0,0.6,0.34,33.98,34.59,0.07,22.55,10.29,Sorriso,MT,Centro-Oeste,-12.54,-55.72
2020,221,0.0,0.6,0.34,34.59,36.08,0.06,22.82,10.32,Sorriso,MT,Centro-Oeste,-12.54,-55.72
2020,222,0.0,0.6,0.34,35.04,36.9,0.08,22.5,10.09,Sorriso,MT,Centro-Oeste,-12.54,-55.72
2020,223,0.0,0.6,0.33,35.97,34.08,0.15,22.67,10.24,Sorriso,MT,Centro-Oeste,-12.54,-55.72
2020,224,0.01,0.6,0.33,37.2,33.16,0.04,21.31,9.73,Sorriso,MT,Centro-Oeste,-12.54,-55.72
2020,225,0.0,0.6,0.33,37.36,34.43,0.06,22.31,10.11,Sorriso,MT,Centro-Oeste,-12.54,-55.72
2020,226,0.0,0.6,0.32,37.88,32.1,0.04,22.9,10.34,Sorriso,MT,Centro-Oeste,-12.54,-55.72
2020,227,0.0,0.6,0.32,37.4,31.83,0.14,23.17,10.41,Sorriso,MT,Centro-Oeste,-12.54,-55.72
2020,228,0.0,0.6,0.31,38.27,33.38,0.12,22.86,10.27,Sorriso,MT,Centro-Oeste,-12.54,-55.72
2020,229,0.01,0.6,0.31,38.74,31.53,0.25,20.28,9.1,Sorriso,MT,Centro-Oeste,-12.54,-55.72
2020,230,0.01,0.6,0.31,39.17,30.0,0.3,21.86,9.86,Sorriso,MT,Centro-Oeste,-12.54,-55.72
2020,231,0.0,0.6,0.3,39.38,26.16,0.23,23.26,10.38,Sorriso,MT,Centro-Oeste,-12.54,-55.72
2020,232,0.0,0.6,0.3,39.47,28.63,0.29,22.87,10.26,Sorriso,MT,Centro-Oeste,-12.54,-55.72
2020,233,0.0,0.6,0.29,39.03,31.61,0.26,19.23,8.85,Sorriso,MT,Centro-Oeste,-12.54,-55.72
2020,234,0.0,0.6,0.3,28.07,52.76,0.08,19.8,9.08,Sorriso,MT,Centro-Oeste,-12.54,-55.72
2020,235,0.0,0.6,0.3,32.62,45.28,0.04,22.26,10.07,Sorriso,MT,Centro-Oeste,-12.54,-55.72
2020,236,0.0,0.6,0.3,35.86,37.69,0.26,22.37,10.1,Sorriso,MT,Centro-Oeste,-12.54,-55.72
2020,237,0.0,0.6,0.3,38.23,32.91,0.13,21.94,9.98,Sorriso,MT,Centro-Oeste,-12.54,-55.72
2020,238,0.0,0.6,0.3,37.42,40.25,0.14,20.32,9.47,Sorriso,MT,Centro-Oeste,-12.54,-55.72
2020,239,0.0,0.6,0.3,37.92,37.76,0.24,19.44,9.09,Sorriso,MT,Centro-Oeste,-12.54,-55.72
2020,240,0.0,0.6,0.29,38.81,33.24,0.14,21.75,10.01,Sorriso,MT,Centro-Oeste,-12.54,-55.72
2020,241,0.0,0.6,0.29,39.4,19.7,0.11,24.87,10.98,Sorriso,MT,Centro-Oeste,-12.54,-55.72
2020,242,0.0,0.6,0.28,39.24,20.86,0.19,24.02,10.51,Sorriso,MT,Centro-Oeste,-12.54,-55.72
2020,243,0.0,0.6,0.28,39.16,27.98,0.14,20.39,9.17,Sorriso,MT,Centro-Oeste,-12.54,-55.72
2020,244,0.0,0.6,0.27,39.16,25.51,0.06,21.84,10.06,Sorriso,MT,Centro-Oeste,-12.54,-55.72
2020,245,0.01,0.6,0.27,38.65,25.01,0.04,19.04,8.98,Sorriso,MT,Centro-Oeste,-12.54,-55.72
2020,246,0.0,0.6,0.27,38.16,24.71,0.07,23.2,10.65,Sorriso,MT,Centro-Oeste,-12.54,-55.72
2020,247,0.0,0.6,0.26,37.9,27.46,0.2,21.84,10.07,Sorriso,MT,Centro-Oeste,-12.54,-55.72
2020,248,0.0,0.6,0.26,38.14,28.39,0.14,24.41,11.06,Sorriso,MT,Centro-Oeste,-12.54,-55.72
2020,249,0.0,0.6,0.26,38.18,27.84,0.15,24.06,10.91,Sorriso,MT,Centro-Oeste,-12.54,-55.72
2020,250,0.0,0.6,0.26,39.12,25.81,0.23,23.05,10.23,Sorriso,MT,Centro-Oeste,-12.54,-55.72
2020,251,0.0,0.6,0.25,38.77,26.44,0.16,24.42,10.83,Sorriso,MT,Centro-Oeste,-12.54,-55.72
2020,252,0.0,0.6,0.25,39.41,25.19,0.16,25.56,11.37,Sorriso,MT,Centro-Oeste,-12.54,-55.72
2020,253,0.0,0.6,0.25,40.02,25.0,0.23,24.0,10.66,Sorriso,MT,Centro-Oeste,-12.54,-55.72
2020,254,0.0,0.59,0.24,39.95,26.41,0.1,21.7,9.82,Sorriso,MT,Centro-Oeste,-12.54,-55.72
2020,255,0.0,0.59,0.24,39.69,25.05,0.05,23.34,10.32,Sorriso,MT,Centro-Oeste,-12.54,-55.72
2020,256,0.0,0.59,0.24,39.63,23.38,0.13,22.7,9.95,Sorriso,MT,Centro-Oeste,-12.54,-55.72
2020,257,0.0,0.59,0.24,38.16,22.59,0.2,23.24,10.14,Sorriso,MT,Centro-Oeste,-12.54,-55.72
2020,258,0.0,0.59,0.23,38.57,25.23,0.09,22.53,9.84,Sorriso,MT,Centro-Oeste,-12.54,-55.72
2020,259,0.0,0.59,0.23,38.5,28.64,0.04,23.02,10.13,Sorriso,MT,Centro-Oeste,-12.54,-55.72
2020,260,0.0,0.59,0.23,38.93,32.19,0.3,20.7,9.49,Sorriso,MT,Centro-Oeste,-12.54,-55.72
2020,261,0.01,0.59,0.23,39.34,25.63,0.04,17.57,7.42,Sorriso,MT,Centro-Oeste,-12.54,-55.72
2020,262,0.38,0.59,0.23,39.04,32.49,0.4,12.95,4.74,Sorriso,MT,Centro-Oeste,-12.54,-55.72
2020,263,0.0,0.59,0.23,39.35,32.69,0.37,12.56,4.86,Sorriso,MT,Centro-Oeste,-12.54,-55.72
2020,264,0.01,0.59,0.23,39.45,32.19,0.17,10.15,3.72,Sorriso,MT,Centro-Oeste,-12.54,-55.72
2020,265,0.0,0.59,0.23,37.34,37.44,0.03,11.88,4.97,Sorriso,MT,Centro-Oeste,-12.54,-55.72
2020,266,0.04,0.59,0.23,35.51,49.45,0.06,11.62,5.16,Sorriso,MT,Centro-Oeste,-12.54,-55.72
2020,267,0.01,0.59,0.23,34.62,49.6,0.05,15.71,7.39,Sorriso,MT,Centro-Oeste,-12.54,-55.72
2020,268,0.0,0.59,0.23,38.83,39.46,0.03,22.14,10.36,Sorriso,MT,Centro-Oeste,-12.54,-55.72
2020,269,0.0,0.59,0.23,39.01,35.45,0.07,22.79,10.52,Sorriso,MT,Centro-Oeste,-12.54,-55.72
2020,270,0.65,0.59,0.23,34.39,53.1,0.04,20.28,9.65,Sorriso,MT,Centro-Oeste,-12.54,-55.72
2020,271,1.22,0.6,0.26,35.7,51.66,0.04,23.15,10.83,Sorriso,MT,Centro-Oeste,-12.54,-55.72
2020,272,0.02,0.6,0.27,39.78,38.28,0.2,23.7,10.97,Sorriso,MT,Centro-Oeste,-12.54,-55.72
2020,273,0.0,0.6,0.26,41.04,32.2,0.18,25.69,11.58,Sorriso,MT,Centro-Oeste,-12.54,-55.72
2020,274,0.0,0.6,0.25,41.59,27.77,0.07,25.3,11.29,Sorriso,MT,Centro-Oeste,-12.54,-55.72
2020,275,0.08,0.6,0.25,40.87,29.98,0.08,22.8,10.28,Sorriso,MT,Centro-Oeste,-12.54,-55.72
2020,276,0.7,0.6,0.26,38.77,43.14,0.15,21.31,9.91,Sorriso,MT,Centro-Oeste,-12.54,-55.72
2020,277,0.0,0.6,0.26,41.61,31.98,0.25,23.51,10.71,Sorriso,MT,Centro-Oeste,-12.54,-55.72
2020,278,0.0,0.6,0.25,41.91,28.65,0.38,23.8,10.53,Sorriso,MT,Centro-Oeste,-12.54,-55.72
2020,279,0.0,0.59,0.25,41.62,30.88,0.17,21.32,9.41,Sorriso,MT,Centro-Oeste,-12.54,-55.72
2020,280,0.0,0.59,0.24,41.77,31.85,0.07,15.3,7.02,Sorriso,MT,Centro-Oeste,-12.54,-55.72
2020,281,0.0,0.59,0.24,40.54,35.71,0.03,22.15,10.25,Sorriso,MT,Centro-Oeste,-12.54,-55.72
2020,282,0.0,0.59,0.23,42.03,26.85,0.18,23.76,10.76,Sorriso,MT,Centro-Oeste,-12.54,-55.72
2020,283,0.0,0.59,0.23,41.17,28.37,0.11,23.31,10.31,Sorriso,MT,Centro-Oeste,-12.54,-55.72
2020,284,1.18,0.59,0.23,39.35,38.04,0.04,13.74,6.33,Sorriso,MT,Centro-Oeste,-12.54,-55.72
2020,285,2.9,0.6,0.3,30.63,70.37,0.03,7.68,3.95,Sorriso,MT,Centro-Oeste,-12.54,-55.72
2020,286,1.38,0.6,0.34,33.54,62.31,0.03,21.96,10.16,Sorriso,MT,Centro-Oeste,-12.54,-55.72
2020,287,0.04,0.6,0.34,38.88,48.15,0.03,22.46,10.59,Sorriso,MT,Centro-Oeste,-12.54,-55.72
2020,288,0.63,0.6,0.33,37.24,45.63,0.12,19.93,9.5,Sorriso,MT,Centro-Oeste,-12.54,-55.72
2020,289,3.88,0.6,0.4,35.1,61.4,0.03,23.42,10.92,Sorriso,MT,Centro-Oeste,-12.54,-55.72
2020,290,0.22,0.6,0.42,36.99,50.02,0.05,21.35,10.04,Sorriso,MT,Centro-Oeste,-12.54,-55.72
2020,291,0.61,0.6,0.4,39.7,46.63,0.02,22.78,10.65,Sorriso,MT,Centro-Oeste,-12.54,-55.72
2020,292,0.42,0.6,0.38,39.35,47.45,0.04,9.04,4.6,Sorriso,MT,Centro-Oeste,-12.54,-55.72
2020,293,1.65,0.6,0.4,28.28,73.39,0.03,12.05,5.96,Sorriso,MT,Centro-Oeste,-12.54,-55.72
2020,294,2.42,0.6,0.42,38.06,57.56,0.03,19.4,9.21,Sorriso,MT,Centro-Oeste,-12.54,-55.72
2020,295,0.55,0.6,0.44,35.02,57.41,0.06,22.32,10.46,Sorriso,MT,Centro-Oeste,-12.54,-55.72
2020,296,0.92,0.6,0.43,37.17,52.1,0.03,18.29,8.67,Sorriso,MT,Centro-Oeste,-12.54,-55.72
2020,297,1.29,0.6,0.43,35.96,62.89,0.03,18.65,9.14,Sorriso,MT,Centro-Oeste,-12.54,-55.72
2020,298,0.29,0.6,0.42,36.71,57.78,0.02,15.0,7.42,Sorriso,MT,Centro-Oeste,-12.54,-55.72
2020,299,0.14,0.6,0.4,36.2,55.98,0.02,19.71,9.4,Sorriso,MT,Centro-Oeste,-12.54,-55.72
2020,300,0.07,0.6,0.38,35.59,50.33,0.04,24.76,11.65,Sorriso,MT,Centro-Oeste,-12.54,-55.72
2020,301,0.1,0.6,0.37,36.88,51.59,0.04,20.96,9.95,Sorriso,MT,Centro-Oeste,-12.54,-55.72
2020,302,18.36,0.6,0.44,29.73,73.49,0.03,17.17,8.34,Sorriso,MT,Centro-Oeste,-12.54,-55.72
2020,303,65.22,0.68,0.83,28.89,88.2,0.08,12.3,6.18,Sorriso,MT,Centro-Oeste,-12.54,-55.72
2020,304,3.65,0.67,0.67,32.38,82.53,0.04,15.46,7.78,Sorriso,MT,Centro-Oeste,-12.54,-55.72
2020,305,1.44,0.66,0.64,32.7,77.77,0.03,15.17,7.49,Sorriso,MT,Centro-Oeste,-12.54,-55.72
2020,306,11.31,0.66,0.69,29.82,81.63,0.02,15.7,7.9,Sorriso,MT,Centro-Oeste,-12.54,-55.72
2020,307,4.34,0.67,0.66,30.86,81.82,0.03,18.35,9.01,Sorriso,MT,Centro-Oeste,-12.54,-55.72
2020,308,0.89,0.66,0.63,33.71,71.48,0.02,19.78,9.37,Sorriso,MT,Centro-Oeste,-12.54,-55.72
2020,309,0.15,0.65,0.61,35.43,64.91,0.03,22.74,10.84,Sorriso,MT,Centro-Oeste,-12.54,-55.72
2020,310,0.62,0.64,0.6,35.98,58.71,0.03,23.18,10.85,Sorriso,MT,Centro-Oeste,-12.54,-55.72
2020,311,0.2,0.64,0.59,37.86,52.46,0.03,23.59,11.13,Sorriso,MT,Centro-Oeste,-12.54,-55.72
2020,312,0.04,0.63,0.59,34.06,60.97,0.03,21.12,10.19,Sorriso,MT,Centro-Oeste,-12.54,-55.72
2020,313,0.48,0.63,0.6,34.22,66.27,0.07,18.51,9.14,Sorriso,MT,Centro-Oeste,-12.54,-55.72
2020,314,0.5,0.63,0.6,33.86,67.08,0.1,22.8,10.88,Sorriso,MT,Centro-Oeste,-12.54,-55.72
2020,315,1.36,0.63,0.61,32.51,69.01,0.07,18.48,9.02,Sorriso,MT,Centro-Oeste,-12.54,-55.72
2020,316,2.24,0.63,0.61,33.77,63.26,0.03,19.54,9.55,Sorriso,MT,Centro-Oeste,-12.54,-55.72
2020,317,1.86,0.63,0.62,35.69,65.0,0.02,19.68,9.6,Sorriso,MT,Centro-Oeste,-12.54,-55.72
2020,318,0.06,0.63,0.6,37.48,56.9,0.03,18.66,9.12,Sorriso,MT,Centro-Oeste,-12.54,-55.72
2020,319,4.63,0.63,0.63,33.08,67.69,0.02,20.18,9.82,Sorriso,MT,Centro-Oeste,-12.54,-55.72
2020,320,3.88,0.63,0.64,32.89,77.12,0.02,16.17,7.91,Sorriso,MT,Centro-Oeste,-12.54,-55.72
2020,321,8.78,0.64,0.68,31.32,81.71,0.02,19.42,9.34,Sorriso,MT,Centro-Oeste,-12.54,-55.72
2020,322,10.17,0.65,0.66,34.91,77.53,0.02,19.7,9.53,Sorriso,MT,Centro-Oeste,-12.54,-55.72
2020,323,30.83,0.68,0.8,30.87,86.88,0.05,13.74,6.89,Sorriso,MT,Centro-Oeste,-12.54,-55.72
2020,324,4.52,0.71,0.74,29.25,88.83,0.03,11.9,6.06,Sorriso,MT,Centro-Oeste,-12.54,-55.72
2020,325,0.14,0.69,0.67,28.99,81.86,0.06,26.18,12.49,Sorriso,MT,Centro-Oeste,-12.54,-55.72
2020,326,0.01,0.67,0.63,33.92,73.09,0.03,27.15,12.8,Sorriso,MT,Centro-Oeste,-12.54,-55.72
2020,327,0.02,0.66,0.62,34.27,69.06,0.15,24.01,11.33,Sorriso,MT,Centro-Oeste,-12.54,-55.72
2020,328,0.64,0.65,0.61,33.73,67.64,0.03,24.69,11.83,Sorriso,MT,Centro-Oeste,-12.54,-55.72
2020,329,0.34,0.65,0.61,34.62,67.95,0.04,22.89,11.04,Sorriso,MT,Centro-Oeste,-12.54,-55.72
2020,330,0.02,0.64,0.6,36.44,59.66,0.03,28.07,13.26,Sorriso,MT,Centro-Oeste,-12.54,-55.72
2020,331,2.03,0.64,0.6,35.77,60.41,0.05,20.17,9.86,Sorriso,MT,Centro-Oeste,-12.54,-55.72
2020,332,0.25,0.64,0.61,35.61,64.02,0.05,27.1,12.9,Sorriso,MT,Centro-Oeste,-12.54,-55.72
2020,333,0.0,0.64,0.59,36.97,58.16,0.05,27.11,12.81,Sorriso,MT,Centro-Oeste,-12.54,-55.72
2020,334,0.01,0.63,0.59,37.87,52.27,0.03,27.59,13.11,Sorriso,MT,Centro-Oeste,-12.54,-55.72
2020,335,0.02,0.63,0.59,37.81,53.09,0.04,24.74,11.78,Sorriso,MT,Centro-Oeste,-12.54,-55.72
2020,336,0.04,0.63,0.59,36.45,56.66,0.07,27.09,12.77,Sorriso,MT,Centro-Oeste,-12.54,-55.72
2020,337,0.03,0.62,0.59,34.64,53.18,0.14,27.41,12.9,Sorriso,MT,Centro-Oeste,-12.54,-55.72
2020,338,0.07,0.62,0.59,37.78,57.74,0.04,24.34,11.39,Sorriso,MT,Centro-Oeste,-12.54,-55.72
2020,339,3.29,0.62,0.62,33.56,72.26,0.06,17.76,8.49,Sorriso,MT,Centro-Oeste,-12.54,-55.72
2020,340,0.48,0.63,0.6,37.54,62.14,0.04,25.26,11.94,Sorriso,MT,Centro-Oeste,-12.54,-55.72
2020,341,10.28,0.63,0.64,34.75,69.68,0.04,16.18,8.0,Sorriso,MT,Centro-Oeste,-12.54,-55.72
2020,342,0.58,0.64,0.64,32.74,74.37,0.02,17.76,8.7,Sorriso,MT,Centro-Oeste,-12.54,-55.72
2020,343,1.37,0.64,0.61,33.11,67.58,0.03,15.85,7.74,Sorriso,MT,Centro-Oeste,-12.54,-55.72
2020,344,11.74,0.64,0.68,31.93,80.76,0.04,18.7,9.08,Sorriso,MT,Centro-Oeste,-12.54,-55.72
2020,345,3.45,0.65,0.65,27.53,87.12,0.03,9.58,5.06,Sorriso,MT,Centro-Oeste,-12.54,-55.72
2020,346,5.47,0.66,0.67,27.51,88.41,0.03,11.64,5.92,Sorriso,MT,Centro-Oeste,-12.54,-55.72
2020,347,0.58,0.66,0.63,31.96,76.37,0.05,18.31,8.83,Sorriso,MT,Centro-Oeste,-12.54,-55.72
2020,348,2.87,0.65,0.62,33.98,67.82,0.03,21.64,10.44,Sorriso,MT,Centro-Oeste,-12.54,-55.72
2020,349,1.85,0.65,0.63,31.84,81.92,0.07,20.85,10.11,Sorriso,MT,Centro-Oeste,-12.54,-55.72
2020,350,3.63,0.65,0.64,33.47,69.35,0.14,25.65,12.27,Sorriso,MT,Centro-Oeste,-12.54,-55.72
2020,351,1.1,0.65,0.62,36.25,59.36,0.26,28.97,13.64,Sorriso,MT,Centro-Oeste,-12.54,-55.72
2020,352,1.22,0.64,0.61,34.7,62.36,0.08,24.03,11.52,Sorriso,MT,Centro-Oeste,-12.54,-55.72
2020,353,0.13,0.64,0.61,33.58,66.78,0.03,26.6,12.66,Sorriso,MT,Centro-Oeste,-12.54,-55.72
2020,354,0.01,0.64,0.6,37.06,59.74,0.05,25.02,11.89,Sorriso,MT,Centro-Oeste,-12.54,-55.72
2020,355,16.33,0.64,0.69,35.81,66.53,0.05,23.23,11.07,Sorriso,MT,Centro-Oeste,-12.54,-55.72
2020,356,13.63,0.68,0.74,30.89,85.25,0.03,11.33,5.66,Sorriso,MT,Centro-Oeste,-12.54,-55.72
2020,357,7.48,0.68,0.68,31.68,81.24,0.02,15.39,7.52,Sorriso,MT,Centro-Oeste,-12.54,-55.72
2020,358,8.22,0.68,0.7,29.14,88.3,0.02,13.24,6.73,Sorriso,MT,Centro-Oeste,-12.54,-55.72
2020,359,2.79,0.68,0.67,29.81,85.39,0.03,18.12,9.02,Sorriso,MT,Centro-Oeste,-12.54,-55.72
2020,360,0.72,0.67,0.63,32.4,76.49,0.05,15.82,8.01,Sorriso,MT,Centro-Oeste,-12.54,-55.72
2020,361,9.57,0.67,0.68,28.07,86.4,0.03,12.6,6.49,Sorriso,MT,Centro-Oeste,-12.54,-55.72
2020,362,11.15,0.69,0.74,27.2,90.22,0.07,13.58,6.94,Sorriso,MT,Centro-Oeste,-12.54,-55.72
2020,363,3.14,0.68,0.67,30.28,81.79,0.16,21.54,10.39,Sorriso,MT,Centro-Oeste,-12.54,-55.72
2020,364,1.45,0.68,0.67,28.58,86.62,0.19,20.29,9.92,Sorriso,MT,Centro-Oeste,-12.54,-55.72
2020,365,2.95,0.67,0.65,31.52,79.37,0.1,23.85,11.47,Sorriso,MT,Centro-Oeste,-12.54,-55.72
2020,366,2.6,0.67,0.65,33.04,75.7,0.06,22.51,10.9,Sorriso,MT,Centro-Oeste,-12.54,-55.72
2021,1,0.54,0.66,0.63,33.55,73.87,0.08,24.74,11.84,Sorriso,MT,Centro-Oeste,-12.54,-55.72
2021,2,0.01,0.66,0.61,34.54,67.16,0.07,23.37,11.33,Sorriso,MT,Centro-Oeste,-12.54,-55.72
2021,3,2.18,0.65,0.61,34.07,67.96,0.07,15.68,7.88,Sorriso,MT,Centro-Oeste,-12.54,-55.72
2021,4,1.04,0.65,0.62,34.25,66.32,0.03,23.09,10.98,Sorriso,MT,Centro-Oeste,-12.54,-55.72
2021,5,1.43,0.65,0.6,34.66,63.07,0.04,24.91,11.82,Sorriso,MT,Centro-Oeste,-12.54,-55.72
2021,6,7.07,0.65,0.65,34.74,73.15,0.08,19.31,9.42,Sorriso,MT,Centro-Oeste,-12.54,-55.72
2021,7,2.43,0.65,0.65,33.97,72.63,0.03,23.36,11.36,Sorriso,MT,Centro-Oeste,-12.54,-55.72
2021,8,3.65,0.65,0.64,32.16,76.29,0.03,22.4,10.95,Sorriso,MT,Centro-Oeste,-12.54,-55.72
2021,9,2.52,0.66,0.64,33.49,73.34,0.09,24.84,11.99,Sorriso,MT,Centro-Oeste,-12.54,-55.72
2021,10,2.44,0.65,0.63,33.92,73.09,0.05,22.72,11.06,Sorriso,MT,Centro-Oeste,-12.54,-55.72
2021,11,0.67,0.65,0.61,35.4,69.76,0.06,22.77,11.0,Sorriso,MT,Centro-Oeste,-12.54,-55.72
2021,12,0.15,0.65,0.6,35.55,64.27,0.06,20.72,10.05,Sorriso,MT,Centro-Oeste,-12.54,-55.72
2021,13,0.43,0.64,0.61,34.07,67.03,0.07,18.34,8.98,Sorriso,MT,Centro-Oeste,-12.54,-55.72
2021,14,4.53,0.64,0.63,32.91,70.72,0.05,20.15,9.82,Sorriso,MT,Centro-Oeste,-12.54,-55.72
2021,15,6.08,0.65,0.66,32.86,78.91,0.02,18.19,9.05,Sorriso,MT,Centro-Oeste,-12.54,-55.72
2021,16,7.37,0.66,0.67,31.31,83.68,0.07,19.99,9.78,Sorriso,MT,Centro-Oeste,-12.54,-55.72
2021,17,10.07,0.68,0.72,27.21,89.32,0.08,12.36,6.38,Sorriso,MT,Centro-Oeste,-12.54,-55.72
2021,18,11.9,0.67,0.67,32.37,80.3,0.11,19.33,9.29,Sorriso,MT,Centro-Oeste,-12.54,-55.72
2021,19,8.68,0.7,0.75,25.3,92.23,0.14,13.78,6.92,Sorriso,MT,Centro-Oeste,-12.54,-55.72
2021,20,0.34,0.68,0.66,31.69,79.21,0.18,22.19,10.61,Sorriso,MT,Centro-Oeste,-12.54,-55.72
2021,21,8.19,0.69,0.7,26.7,85.67,0.13,17.13,8.47,Sorriso,MT,Centro-Oeste,-12.54,-55.72
2021,22,5.37,0.69,0.7,28.74,83.45,0.09,14.49,7.28,Sorriso,MT,Centro-Oeste,-12.54,-55.72
2021,23,0.94,0.68,0.66,28.91,80.4,0.12,23.29,11.16,Sorriso,MT,Centro-Oeste,-12.54,-55.72
2021,24,0.13,0.68,0.64,31.34,79.25,0.14,26.99,12.87,Sorriso,MT,Centro-Oeste,-12.54,-55.72
2021,25,0.44,0.67,0.64,29.15,76.96,0.06,20.36,9.92,Sorriso,MT,Centro-Oeste,-12.54,-55.72
2021,26,5.38,0.67,0.66,31.92,78.12,0.03,27.0,12.86,Sorriso,MT,Centro-Oeste,-12.54,-55.72
2021,27,0.68,0.67,0.65,30.84,78.96,0.02,20.93,10.22,Sorriso,MT,Centro-Oeste,-12.54,-55.72
2021,28,0.63,0.67,0.63,31.05,74.72,0.07,19.7,9.59,Sorriso,MT,Centro-Oeste,-12.54,-55.72
2021,29,7.46,0.66,0.66,32.26,78.45,0.03,15.95,7.91,Sorriso,MT,Centro-Oeste,-12.54,-55.72
2021,30,2.68,0.67,0.67,31.54,77.79,0.03,21.12,10.24,Sorriso,MT,Centro-Oeste,-12.54,-55.72
2021,31,0.31,0.66,0.62,33.76,68.08,0.04,23.68,11.32,Sorriso,MT,Centro-Oeste,-12.54,-55.72
2021,32,0.1,0.66,0.62,32.41,72.23,0.14,24.81,11.86,Sorriso,MT,Centro-Oeste,-12.54,-55.72
2021,33,0.33,0.65,0.61,35.57,66.34,0.04,26.94,12.85,Sorriso,MT,Centro-Oeste,-12.54,-55.72
2021,34,8.62,0.66,0.66,34.04,72.27,0.05,22.88,11.23,Sorriso,MT,Centro-Oeste,-12.54,-55.72
2021,35,6.11,0.67,0.68,32.88,78.6,0.05,24.87,11.94,Sorriso,MT,Centro-Oeste,-12.54,-55.72
2021,36,0.8,0.66,0.63,32.61,78.53,0.02,18.01,8.95,Sorriso,MT,Centro-Oeste,-12.54,-55.72
2021,37,0.63,0.66,0.63,28.23,84.13,0.06,14.53,7.18,Sorriso,MT,Centro-Oeste,-12.54,-55.72
2021,38,0.81,0.66,0.62,32.92,72.82,0.03,16.47,8.3,Sorriso,MT,Centro-Oeste,-12.54,-55.72
2021,39,0.23,0.65,0.61,34.67,67.58,0.03,20.7,10.15,Sorriso,MT,Centro-Oeste,-12.54,-55.72
2021,40,0.4,0.65,0.61,33.27,71.79,0.02,22.77,10.91,Sorriso,MT,Centro-Oeste,-12.54,-55.72
2021,41,2.18,0.65,0.63,31.84,78.15,0.04,19.79,9.68,Sorriso,MT,Centro-Oeste,-12.54,-55.72
2021,42,18.37,0.66,0.73,28.83,82.39,0.07,23.33,11.25,Sorriso,MT,Centro-Oeste,-12.54,-55.72
2021,43,9.72,0.69,0.72,26.55,90.99,0.08,15.93,7.97,Sorriso,MT,Centro-Oeste,-12.54,-55.72
2021,44,8.93,0.7,0.75,30.89,83.29,0.02,18.78,9.17,Sorriso,MT,Centro-Oeste,-12.54,-55.72
2021,45,23.55,0.7,0.77,26.23,90.68,0.06,7.14,3.83,Sorriso,MT,Centro-Oeste,-12.54,-55.72
2021,46,58.74,0.76,0.93,25.56,95.15,0.06,16.09,7.9,Sorriso,MT,Centro-Oeste,-12.54,-55.72
2021,47,8.37,0.78,0.83,27.45,93.22,0.08,15.86,7.86,Sorriso,MT,Centro-Oeste,-12.54,-55.72
2021,48,10.53,0.77,0.82,27.75,92.1,0.05,18.4,8.95,Sorriso,MT,Centro-Oeste,-12.54,-55.72
2021,49,6.45,0.76,0.8,25.33,96.66,0.02,12.25,6.34,Sorriso,MT,Centro-Oeste,-12.54,-55.72
2021,50,3.81,0.75,0.77,28.63,91.86,0.06,16.64,8.3,Sorriso,MT,Centro-Oeste,-12.54,-55.72
2021,51,47.75,0.76,0.89,27.91,94.44,0.02,16.69,8.4,Sorriso,MT,Centro-Oeste,-12.54,-55.72
2021,52,1.68,0.78,0.8,27.5,89.7,0.03,15.07,7.53,Sorriso,MT,Centro-Oeste,-12.54,-55.72
2021,53,0.22,0.76,0.76,29.26,86.75,0.03,21.75,10.4,Sorriso,MT,Centro-Oeste,-12.54,-55.72
2021,54,11.27,0.75,0.8,28.45,88.62,0.12,19.0,9.27,Sorriso,MT,Centro-Oeste,-12.54,-55.72
2021,55,6.87,0.76,0.82,27.06,94.86,0.09,20.43,9.96,Sorriso,MT,Centro-Oeste,-12.54,-55.72
2021,56,8.22,0.76,0.79,28.1,88.59,0.13,20.91,10.14,Sorriso,MT,Centro-Oeste,-12.54,-55.72
2021,57,15.18,0.76,0.8,28.94,90.69,0.07,16.01,8.02,Sorriso,MT,Centro-Oeste,-12.54,-55.72
2021,58,45.98,0.8,0.93,27.12,93.12,0.06,11.92,6.17,Sorriso,MT,Centro-Oeste,-12.54,-55.72
2021,59,6.98,0.8,0.84,25.04,95.53,0.03,12.69,6.54,Sorriso,MT,Centro-Oeste,-12.54,-55.72
2021,60,56.5,0.82,0.94,28.1,91.93,0.03,11.92,6.06,Sorriso,MT,Centro-Oeste,-12.54,-55.72
2021,61,5.03,0.82,0.86,27.29,90.2,0.03,6.19,3.52,Sorriso,MT,Centro-Oeste,-12.54,-55.72
2021,62,25.4,0.82,0.9,24.64,95.47,0.04,15.99,7.95,Sorriso,MT,Centro-Oeste,-12.54,-55.72
2021,63,21.0,0.84,0.9,24.29,96.35,0.04,21.42,10.39,Sorriso,MT,Centro-Oeste,-12.54,-55.72
2021,64,8.15,0.85,0.89,28.62,86.86,0.12,20.18,9.85,Sorriso,MT,Centro-Oeste,-12.54,-55.72
2021,65,0.68,0.83,0.84,28.47,88.51,0.2,21.14,10.3,Sorriso,MT,Centro-Oeste,-12.54,-55.72
2021,66,9.43,0.82,0.86,27.4,90.16,0.09,14.25,7.33,Sorriso,MT,Centro-Oeste,-12.54,-55.72
2021,67,6.22,0.83,0.86,26.73,93.82,0.02,11.46,5.9,Sorriso,MT,Centro-Oeste,-12.54,-55.72
2021,68,0.33,0.82,0.83,28.19,87.23,0.15,18.27,8.95,Sorriso,MT,Centro-Oeste,-12.54,-55.72
2021,69,1.1,0.81,0.82,27.55,89.11,0.02,14.01,7.04,Sorriso,MT,Centro-Oeste,-12.54,-55.72
2021,70,2.07,0.8,0.82,26.28,90.18,0.1,14.61,7.5,Sorriso,MT,Centro-Oeste,-12.54,-55.72
2021,71,10.01,0.81,0.86,26.76,93.88,0.09,19.33,9.49,Sorriso,MT,Centro-Oeste,-12.54,-55.72
2021,72,6.28,0.81,0.84,26.36,93.92,0.07,17.58,8.63,Sorriso,MT,Centro-Oeste,-12.54,-55.72
2021,73,7.34,0.82,0.86,26.6,93.72,0.07,15.58,7.53,Sorriso,MT,Centro-Oeste,-12.54,-55.72
2021,74,2.31,0.82,0.84,26.86,93.32,0.04,21.97,10.46,Sorriso,MT,Centro-Oeste,-12.54,-55.72
2021,75,8.36,0.82,0.85,28.91,90.25,0.03,20.38,9.95,Sorriso,MT,Centro-Oeste,-12.54,-55.72
2021,76,4.93,0.82,0.86,27.77,91.41,0.2,12.73,6.44,Sorriso,MT,Centro-Oeste,-12.54,-55.72
2021,77,39.7,0.83,0.92,27.62,91.27,0.13,17.71,8.71,Sorriso,MT,Centro-Oeste,-12.54,-55.72
2021,78,41.86,0.87,0.95,24.8,95.87,0.04,15.84,7.9,Sorriso,MT,Centro-Oeste,-12.54,-55.72
2021,79,23.84,0.88,0.94,27.94,91.61,0.02,15.24,7.62,Sorriso,MT,Centro-Oeste,-12.54,-55.72
2021,80,1.78,0.86,0.87,29.16,89.3,0.03,21.88,10.46,Sorriso,MT,Centro-Oeste,-12.54,-55.72
2021,81,3.41,0.85,0.87,28.38,90.49,0.05,19.96,9.7,Sorriso,MT,Centro-Oeste,-12.54,-55.72
2021,82,4.13,0.84,0.86,28.38,88.79,0.09,18.09,8.8,Sorriso,MT,Centro-Oeste,-12.54,-55.72
2021,83,8.37,0.84,0.88,27.39,92.33,0.05,16.95,8.32,Sorriso,MT,Centro-Oeste,-12.54,-55.72
2021,84,5.38,0.85,0.88,27.47,93.37,0.13,17.86,8.69,Sorriso,MT,Centro-Oeste,-12.54,-55.72
2021,85,0.43,0.85,0.86,27.65,91.24,0.08,21.17,10.16,Sorriso,MT,Centro-Oeste,-12.54,-55.72
2021,86,3.3,0.84,0.86,28.51,89.14,0.08,22.91,10.77,Sorriso,MT,Centro-Oeste,-12.54,-55.72
2021,87,2.15,0.84,0.86,27.31,94.21,0.17,22.56,10.7,Sorriso,MT,Centro-Oeste,-12.54,-55.72
2021,88,2.38,0.84,0.85,28.36,90.11,0.25,19.24,9.27,Sorriso,MT,Centro-Oeste,-12.54,-55.72
2021,89,0.24,0.83,0.84,29.31,87.47,0.33,23.25,10.99,Sorriso,MT,Centro-Oeste,-12.54,-55.72
2021,90,15.53,0.83,0.89,27.98,90.86,0.22,23.12,10.92,Sorriso,MT,Centro-Oeste,-12.54,-55.72
2021,91,6.44,0.85,0.88,27.76,90.69,0.17,21.72,10.38,Sorriso,MT,Centro-Oeste,-12.54,-55.72
2021,92,0.6,0.84,0.85,29.09,89.05,0.26,12.91,6.69,Sorriso,MT,Centro-Oeste,-12.54,-55.72
2021,93,0.07,0.83,0.84,27.98,90.7,0.12,16.85,8.42,Sorriso,MT,Centro-Oeste,-12.54,-55.72
2021,94,0.78,0.83,0.84,28.49,90.5,0.04,21.0,10.28,Sorriso,MT,Centro-Oeste,-12.54,-55.72
2021,95,2.32,0.82,0.84,29.47,89.19,0.11,21.39,10.46,Sorriso,MT,Centro-Oeste,-12.54,-55.72
2021,96,0.84,0.82,0.84,27.24,93.39,0.07,17.83,8.95,Sorriso,MT,Centro-Oeste,-12.54,-55.72
2021,97,5.59,0.82,0.85,28.63,91.17,0.03,17.35,8.67,Sorriso,MT,Centro-Oeste,-12.54,-55.72
2021,98,5.3,0.82,0.85,28.07,91.98,0.06,17.0,8.57,Sorriso,MT,Centro-Oeste,-12.54,-55.72
2021,99,5.91,0.83,0.86,27.15,93.81,0.04,15.94,8.06,Sorriso,MT,Centro-Oeste,-12.54,-55.72
2021,100,4.71,0.83,0.85,28.48,90.68,0.03,21.58,10.48,Sorriso,MT,Centro-Oeste,-12.54,-55.72
2021,101,2.25,0.82,0.84,28.77,89.79,0.03,22.15,10.79,Sorriso,MT,Centro-Oeste,-12.54,-55.72
2021,102,5.43,0.82,0.84,28.76,90.51,0.03,24.74,11.82,Sorriso,MT,Centro-Oeste,-12.54,-55.72
2021,103,2.72,0.82,0.84,28.63,90.59,0.07,22.55,10.9,Sorriso,MT,Centro-Oeste,-12.54,-55.72
2021,104,6.38,0.81,0.84,28.45,90.28,0.04,19.27,9.53,Sorriso,MT,Centro-Oeste,-12.54,-55.72
2021,105,1.45,0.82,0.84,28.0,90.68,0.07,23.11,11.07,Sorriso,MT,Centro-Oeste,-12.54,-55.72
2021,106,0.35,0.81,0.82,27.8,88.95,0.15,21.28,10.23,Sorriso,MT,Centro-Oeste,-12.54,-55.72
2021,107,0.36,0.81,0.82,26.73,92.89,0.27,17.8,8.74,Sorriso,MT,Centro-Oeste,-12.54,-55.72
2021,108,1.42,0.81,0.82,25.45,91.85,0.24,16.98,8.4,Sorriso,MT,Centro-Oeste,-12.54,-55.72
2021,109,0.08,0.8,0.81,28.17,87.22,0.27,21.38,10.33,Sorriso,MT,Centro-Oeste,-12.54,-55.72
2021,110,13.97,0.81,0.87,25.85,93.54,0.27,16.11,8.1,Sorriso,MT,Centro-Oeste,-12.54,-55.72
2021,111,1.58,0.82,0.84,28.32,89.4,0.22,23.22,11.08,Sorriso,MT,Centro-Oeste,-12.54,-55.72
2021,112,0.01,0.8,0.82,28.29,87.83,0.04,21.95,10.49,Sorriso,MT,Centro-Oeste,-12.54,-55.72
2021,113,0.0,0.79,0.8,29.01,88.36,0.03,21.39,10.2,Sorriso,MT,Centro-Oeste,-12.54,-55.72
2021,114,0.01,0.79,0.8,27.35,89.49,0.07,20.19,9.73,Sorriso,MT,Centro-Oeste,-12.54,-55.72
2021,115,3.12,0.79,0.81,26.36,93.84,0.1,9.67,5.03,Sorriso,MT,Centro-Oeste,-12.54,-55.72
2021,116,0.85,0.79,0.81,27.98,89.7,0.05,16.58,8.11,Sorriso,MT,Centro-Oeste,-12.54,-55.72
2021,117,0.0,0.79,0.79,27.87,88.77,0.09,20.71,9.88,Sorriso,MT,Centro-Oeste,-12.54,-55.72
2021,118,1.01,0.78,0.79,27.88,89.22,0.03,21.17,10.09,Sorriso,MT,Centro-Oeste,-12.54,-55.72
2021,119,3.71,0.78,0.79,26.61,88.61,0.1,12.92,6.62,Sorriso,MT,Centro-Oeste,-12.54,-55.72
2021,120,1.78,0.78,0.8,25.93,91.22,0.06,16.84,8.19,Sorriso,MT,Centro-Oeste,-12.54,-55.72
2021,121,10.9,0.78,0.83,27.81,90.23,0.04,19.19,9.2,Sorriso,MT,Centro-Oeste,-12.54,-55.72
2021,122,1.2,0.79,0.81,28.28,91.02,0.05,18.81,9.06,Sorriso,MT,Centro-Oeste,-12.54,-55.72
2021,123,0.62,0.78,0.79,28.09,89.17,0.05,21.16,10.05,Sorriso,MT,Centro-Oeste,-12.54,-55.72
2021,124,0.1,0.77,0.78,28.38,89.62,0.12,21.78,10.31,Sorriso,MT,Centro-Oeste,-12.54,-55.72
2021,125,0.01,0.76,0.77,27.7,88.69,0.1,23.27,10.73,Sorriso,MT,Centro-Oeste,-12.54,-55.72
2021,126,0.01,0.76,0.76,26.58,86.74,0.21,23.52,10.56,Sorriso,MT,Centro-Oeste,-12.54,-55.72
2021,127,0.0,0.75,0.75,25.25,82.33,0.05,17.91,8.41,Sorriso,MT,Centro-Oeste,-12.54,-55.72
2021,128,0.0,0.74,0.75,26.31,85.71,0.17,22.04,10.13,Sorriso,MT,Centro-Oeste,-12.54,-55.72
2021,129,0.0,0.74,0.74,27.64,88.05,0.2,22.33,10.33,Sorriso,MT,Centro-Oeste,-12.54,-55.72
2021,130,0.75,0.73,0.74,28.28,89.2,0.18,19.9,9.42,Sorriso,MT,Centro-Oeste,-12.54,-55.72
2021,131,0.35,0.73,0.73,27.85,88.82,0.22,21.43,9.85,Sorriso,MT,Centro-Oeste,-12.54,-55.72
2021,132,0.27,0.73,0.72,27.55,87.32,0.28,21.77,9.97,Sorriso,MT,Centro-Oeste,-12.54,-55.72
2021,133,0.0,0.72,0.72,26.67,87.22,0.18,21.79,10.0,Sorriso,MT,Centro-Oeste,-12.54,-55.72
2021,134,0.0,0.72,0.71,27.55,87.2,0.14,20.42,9.33,Sorriso,MT,Centro-Oeste,-12.54,-55.72
2021,135,0.02,0.71,0.71,27.82,86.79,0.35,20.22,9.29,Sorriso,MT,Centro-Oeste,-12.54,-55.72
2021,136,0.09,0.71,0.71,25.72,91.03,0.2,14.54,7.03,Sorriso,MT,Centro-Oeste,-12.54,-55.72
2021,137,0.0,0.71,0.7,28.01,86.65,0.12,16.55,7.8,Sorriso,MT,Centro-Oeste,-12.54,-55.72
2021,138,0.0,0.71,0.7,28.09,85.41,0.25,18.08,8.45,Sorriso,MT,Centro-Oeste,-12.54,-55.72
2021,139,0.0,0.7,0.69,28.42,85.07,0.22,21.42,9.82,Sorriso,MT,Centro-Oeste,-12.54,-55.72
2021,140,0.0,0.7,0.68,29.07,82.22,0.18,21.32,9.88,Sorriso,MT,Centro-Oeste,-12.54,-55.72
2021,141,0.0,0.7,0.67,30.14,83.91,0.03,17.59,8.26,Sorriso,MT,Centro-Oeste,-12.54,-55.72
2021,142,0.27,0.69,0.68,28.65,86.96,0.09,7.85,4.23,Sorriso,MT,Centro-Oeste,-12.54,-55.72
2021,143,0.03,0.69,0.67,29.66,84.86,0.18,11.88,5.93,Sorriso,MT,Centro-Oeste,-12.54,-55.72
2021,144,1.34,0.69,0.67,26.35,82.65,0.09,11.62,5.78,Sorriso,MT,Centro-Oeste,-12.54,-55.72
2021,145,1.06,0.69,0.68,29.36,85.63,0.12,18.97,8.76,Sorriso,MT,Centro-Oeste,-12.54,-55.72
2021,146,0.0,0.69,0.66,30.66,82.09,0.16,18.51,8.55,Sorriso,MT,Centro-Oeste,-12.54,-55.72
2021,147,0.0,0.68,0.65,31.1,80.11,0.14,19.66,9.16,Sorriso,MT,Centro-Oeste,-12.54,-55.72
2021,148,0.0,0.68,0.65,30.51,80.41,0.17,18.19,8.4,Sorriso,MT,Centro-Oeste,-12.54,-55.72
2021,149,0.0,0.68,0.64,30.91,78.4,0.23,21.27,9.53,Sorriso,MT,Centro-Oeste,-12.54,-55.72
2021,150,0.0,0.67,0.64,31.11,79.36,0.28,20.2,9.12,Sorriso,MT,Centro-Oeste,-12.54,-55.72
2021,151,0.0,0.67,0.64,30.86,77.08,0.28,17.21,7.83,Sorriso,MT,Centro-Oeste,-12.54,-55.72
2021,152,0.0,0.67,0.63,30.66,77.43,0.13,18.73,8.55,Sorriso,MT,Centro-Oeste,-12.54,-55.72
2021,153,0.01,0.67,0.63,30.76,77.02,0.23,18.88,8.72,Sorriso,MT,Centro-Oeste,-12.54,-55.72
2021,154,0.0,0.67,0.63,31.46,71.71,0.27,20.02,9.1,Sorriso,MT,Centro-Oeste,-12.54,-55.72
2021,155,0.01,0.66,0.62,31.32,70.99,0.24,19.96,9.15,Sorriso,MT,Centro-Oeste,-12.54,-55.72
2021,156,0.0,0.66,0.62,31.19,73.25,0.17,16.38,7.69,Sorriso,MT,Centro-Oeste,-12.54,-55.72
2021,157,0.0,0.66,0.62,31.81,74.41,0.03,15.99,7.5,Sorriso,MT,Centro-Oeste,-12.54,-55.72
2021,158,0.01,0.66,0.62,32.1,74.28,0.1,17.23,8.07,Sorriso,MT,Centro-Oeste,-12.54,-55.72
2021,159,0.0,0.66,0.62,32.21,70.76,0.18,20.22,9.36,Sorriso,MT,Centro-Oeste,-12.54,-55.72
2021,160,0.0,0.65,0.61,32.6,66.02,0.3,19.94,9.2,Sorriso,MT,Centro-Oeste,-12.54,-55.72
2021,161,0.0,0.65,0.61,33.12,69.75,0.27,17.65,8.15,Sorriso,MT,Centro-Oeste,-12.54,-55.72
2021,162,3.93,0.65,0.63,31.48,71.25,0.15,15.21,7.17,Sorriso,MT,Centro-Oeste,-12.54,-55.72
2021,163,0.3,0.66,0.63,30.87,76.75,0.06,17.89,8.35,Sorriso,MT,Centro-Oeste,-12.54,-55.72
2021,164,0.0,0.65,0.62,31.2,73.44,0.07,18.12,8.5,Sorriso,MT,Centro-Oeste,-12.54,-55.72
2021,165,0.0,0.65,0.61,32.54,71.06,0.15,17.93,8.37,Sorriso,MT,Centro-Oeste,-12.54,-55.72
2021,166,2.33,0.65,0.63,32.16,72.18,0.2,17.43,8.14,Sorriso,MT,Centro-Oeste,-12.54,-55.72
2021,167,0.33,0.65,0.62,31.27,71.89,0.15,16.97,7.92,Sorriso,MT,Centro-Oeste,-12.54,-55.72
2021,168,0.0,0.65,0.61,31.14,65.51,0.18,19.52,9.0,Sorriso,MT,Centro-Oeste,-12.54,-55.72
2021,169,0.0,0.65,0.61,31.9,61.55,0.14,19.25,8.74,Sorriso,MT,Centro-Oeste,-12.54,-55.72
2021,170,0.0,0.64,0.6,33.0,62.67,0.09,17.55,7.97,Sorriso,MT,Centro-Oeste,-12.54,-55.72
2021,171,0.0,0.64,0.6,32.04,66.24,0.13,18.19,8.19,Sorriso,MT,Centro-Oeste,-12.54,-55.72
2021,172,0.0,0.64,0.6,33.12,65.93,0.23,18.59,8.38,Sorriso,MT,Centro-Oeste,-12.54,-55.72
2021,173,0.0,0.64,0.6,33.24,58.77,0.31,19.37,8.72,Sorriso,MT,Centro-Oeste,-12.54,-55.72
2021,174,0.0,0.64,0.6,33.56,57.17,0.28,19.95,8.94,Sorriso,MT,Centro-Oeste,-12.54,-55.72
2021,175,0.0,0.64,0.6,33.59,52.77,0.27,19.86,8.82,Sorriso,MT,Centro-Oeste,-12.54,-55.72
2021,176,0.0,0.64,0.6,33.52,56.95,0.35,19.38,8.68,Sorriso,MT,Centro-Oeste,-12.54,-55.72
2021,177,0.0,0.63,0.6,33.38,60.27,0.18,18.53,8.47,Sorriso,MT,Centro-Oeste,-12.54,-55.72
2021,178,0.0,0.63,0.6,33.2,61.37,0.21,17.52,7.93,Sorriso,MT,Centro-Oeste,-12.54,-55.72
2021,179,0.0,0.63,0.6,31.22,60.1,0.07,18.35,8.35,Sorriso,MT,Centro-Oeste,-12.54,-55.72
2021,180,0.0,0.63,0.6,25.54,58.6,0.05,18.87,8.6,Sorriso,MT,Centro-Oeste,-12.54,-55.72
2021,181,0.0,0.63,0.6,26.75,49.84,0.15,20.39,9.12,Sorriso,MT,Centro-Oeste,-12.54,-55.72
2021,182,0.09,0.63,0.6,29.17,57.56,0.16,21.26,9.42,Sorriso,MT,Centro-Oeste,-12.54,-55.72
2021,183,0.0,0.63,0.6,32.41,55.24,0.25,20.84,9.36,Sorriso,MT,Centro-Oeste,-12.54,-55.72
2021,184,0.0,0.63,0.6,33.05,57.56,0.24,20.17,9.04,Sorriso,MT,Centro-Oeste,-12.54,-55.72
2021,185,0.0,0.63,0.6,31.75,54.2,0.15,21.36,9.41,Sorriso,MT,Centro-Oeste,-12.54,-55.72
2021,186,0.0,0.63,0.6,32.51,50.48,0.2,20.88,9.35,Sorriso,MT,Centro-Oeste,-12.54,-55.72
2021,187,0.0,0.62,0.6,33.44,51.17,0.11,21.06,9.39,Sorriso,MT,Centro-Oeste,-12.54,-55.72
2021,188,0.0,0.62,0.59,33.81,50.4,0.19,20.68,9.26,Sorriso,MT,Centro-Oeste,-12.54,-55.72
2021,189,0.0,0.62,0.59,33.01,50.41,0.28,19.99,8.89,Sorriso,MT,Centro-Oeste,-12.54,-55.72
2021,190,0.0,0.62,0.59,33.26,48.44,0.17,21.55,9.42,Sorriso,MT,Centro-Oeste,-12.54,-55.72
2021,191,0.0,0.62,0.59,33.03,49.9,0.31,20.69,9.2,Sorriso,MT,Centro-Oeste,-12.54,-55.72
2021,192,0.0,0.62,0.58,33.12,50.04,0.24,21.15,9.41,Sorriso,MT,Centro-Oeste,-12.54,-55.72
2021,193,0.0,0.62,0.58,34.21,47.41,0.24,21.44,9.56,Sorriso,MT,Centro-Oeste,-12.54,-55.72
2021,194,0.0,0.62,0.57,34.4,51.78,0.2,20.32,9.18,Sorriso,MT,Centro-Oeste,-12.54,-55.72
2021,195,0.0,0.61,0.56,33.92,46.75,0.3,21.02,9.4,Sorriso,MT,Centro-Oeste,-12.54,-55.72
2021,196,0.0,0.61,0.56,34.61,44.3,0.3,21.54,9.6,Sorriso,MT,Centro-Oeste,-12.54,-55.72
2021,197,0.0,0.61,0.55,34.8,50.12,0.23,21.27,9.6,Sorriso,MT,Centro-Oeste,-12.54,-55.72
2021,198,0.03,0.61,0.54,36.02,52.18,0.22,19.34,8.87,Sorriso,MT,Centro-Oeste,-12.54,-55.72
2021,199,0.01,0.61,0.52,35.04,51.08,0.15,18.88,8.69,Sorriso,MT,Centro-Oeste,-12.54,-55.72
2021,200,0.11,0.61,0.51,31.95,53.97,0.07,20.88,9.53,Sorriso,MT,Centro-Oeste,-12.54,-55.72
2021,201,0.0,0.61,0.51,32.96,49.45,0.18,21.64,9.68,Sorriso,MT,Centro-Oeste,-12.54,-55.72
2021,202,0.0,0.61,0.49,34.83,46.2,0.18,20.72,9.32,Sorriso,MT,Centro-Oeste,-12.54,-55.72
2021,203,0.0,0.61,0.48,34.97,44.67,0.19,21.23,9.52,Sorriso,MT,Centro-Oeste,-12.54,-55.72
2021,204,0.0,0.61,0.47,34.77,44.46,0.15,21.18,9.67,Sorriso,MT,Centro-Oeste,-12.54,-55.72
2021,205,0.0,0.61,0.46,35.12,43.46,0.17,21.74,9.87,Sorriso,MT,Centro-Oeste,-12.54,-55.72
2021,206,0.0,0.61,0.45,35.0,41.96,0.15,21.92,9.94,Sorriso,MT,Centro-Oeste,-12.54,-55.72
2021,207,0.0,0.61,0.44,35.41,41.51,0.24,21.61,9.85,Sorriso,MT,Centro-Oeste,-12.54,-55.72
2021,208,0.0,0.61,0.43,36.14,40.65,0.36,20.8,9.49,Sorriso,MT,Centro-Oeste,-12.54,-55.72
2021,209,0.0,0.6,0.43,32.88,46.17,0.05,20.72,9.48,Sorriso,MT,Centro-Oeste,-12.54,-55.72
2021,210,4.32,0.61,0.57,28.01,43.81,0.04,21.12,9.49,Sorriso,MT,Centro-Oeste,-12.54,-55.72
2021,211,0.0,0.61,0.54,30.97,38.76,0.18,21.49,9.47,Sorriso,MT,Centro-Oeste,-12.54,-55.72
2021,212,0.0,0.61,0.52,33.93,49.27,0.23,20.37,8.88,Sorriso,MT,Centro-Oeste,-12.54,-55.72
2021,213,0.0,0.61,0.5,35.58,44.94,0.15,22.31,9.89,Sorriso,MT,Centro-Oeste,-12.54,-55.72
2021,214,0.0,0.61,0.47,34.17,44.25,0.13,21.47,9.72,Sorriso,MT,Centro-Oeste,-12.54,-55.72
2021,215,0.0,0.61,0.46,34.86,46.02,0.2,22.01,9.97,Sorriso,MT,Centro-Oeste,-12.54,-55.72
2021,216,0.0,0.61,0.44,34.87,44.28,0.1,19.95,9.17,Sorriso,MT,Centro-Oeste,-12.54,-55.72
2021,217,0.0,0.6,0.43,33.77,40.42,0.11,19.69,8.94,Sorriso,MT,Centro-Oeste,-12.54,-55.72
2021,218,0.0,0.6,0.42,34.89,42.36,0.05,18.15,8.39,Sorriso,MT,Centro-Oeste,-12.54,-55.72
2021,219,0.0,0.6,0.41,35.25,38.01,0.04,20.91,9.55,Sorriso,MT,Centro-Oeste,-12.54,-55.72
2021,220,0.0,0.6,0.4,35.77,39.21,0.06,19.74,9.15,Sorriso,MT,Centro-Oeste,-12.54,-55.72
2021,221,0.0,0.6,0.39,35.97,39.24,0.13,20.23,9.23,Sorriso,MT,Centro-Oeste,-12.54,-55.72
2021,222,0.0,0.6,0.38,36.13,38.7,0.24,22.67,10.16,Sorriso,MT,Centro-Oeste,-12.54,-55.72
2021,223,0.0,0.6,0.37,36.71,36.38,0.21,23.17,10.33,Sorriso,MT,Centro-Oeste,-12.54,-55.72
2021,224,0.0,0.6,0.37,35.76,38.69,0.14,22.51,10.05,Sorriso,MT,Centro-Oeste,-12.54,-55.72
2021,225,0.0,0.6,0.36,36.6,33.95,0.2,22.75,10.19,Sorriso,MT,Centro-Oeste,-12.54,-55.72
2021,226,0.0,0.6,0.36,36.96,34.45,0.21,21.86,9.84,Sorriso,MT,Centro-Oeste,-12.54,-55.72
2021,227,0.0,0.6,0.35,37.15,32.29,0.21,21.93,9.82,Sorriso,MT,Centro-Oeste,-12.54,-55.72
2021,228,0.01,0.6,0.35,37.19,29.59,0.33,22.72,10.24,Sorriso,MT,Centro-Oeste,-12.54,-55.72
2021,229,0.0,0.6,0.34,37.04,29.28,0.21,22.5,10.1,Sorriso,MT,Centro-Oeste,-12.54,-55.72
2021,230,0.0,0.6,0.33,36.69,29.64,0.21,22.58,10.14,Sorriso,MT,Centro-Oeste,-12.54,-55.72
2021,231,0.0,0.6,0.33,36.55,28.24,0.18,23.29,10.45,Sorriso,MT,Centro-Oeste,-12.54,-55.72
2021,232,0.0,0.6,0.33,36.88,30.59,0.09,20.63,9.21,Sorriso,MT,Centro-Oeste,-12.54,-55.72
2021,233,0.0,0.6,0.32,37.15,32.16,0.17,22.43,9.9,Sorriso,MT,Centro-Oeste,-12.54,-55.72
2021,234,0.0,0.6,0.32,37.86,30.7,0.2,23.18,10.25,Sorriso,MT,Centro-Oeste,-12.54,-55.72
2021,235,0.0,0.6,0.32,38.53,31.02,0.03,21.96,9.77,Sorriso,MT,Centro-Oeste,-12.54,-55.72
2021,236,0.0,0.6,0.31,38.52,29.38,0.04,22.33,9.89,Sorriso,MT,Centro-Oeste,-12.54,-55.72
2021,237,0.0,0.6,0.31,39.38,29.46,0.08,20.19,9.02,Sorriso,MT,Centro-Oeste,-12.54,-55.72
2021,238,0.0,0.6,0.3,38.79,30.87,0.1,18.96,8.41,Sorriso,MT,Centro-Oeste,-12.54,-55.72
2021,239,0.0,0.6,0.3,38.56,31.09,0.23,18.53,8.17,Sorriso,MT,Centro-Oeste,-12.54,-55.72
2021,240,0.0,0.6,0.3,38.63,31.97,0.04,19.62,8.72,Sorriso,MT,Centro-Oeste,-12.54,-55.72
2021,241,0.0,0.6,0.3,38.72,28.29,0.04,21.06,9.45,Sorriso,MT,Centro-Oeste,-12.54,-55.72
2021,242,0.0,0.6,0.29,38.17,30.61,0.03,21.9,10.0,Sorriso,MT,Centro-Oeste,-12.54,-55.72
2021,243,0.0,0.6,0.29,38.23,31.56,0.03,17.39,7.93,Sorriso,MT,Centro-Oeste,-12.54,-55.72
2021,244,0.01,0.6,0.29,37.03,33.18,0.16,16.74,7.66,Sorriso,MT,Centro-Oeste,-12.54,-55.72
2021,245,0.37,0.6,0.3,35.16,41.32,0.03,16.32,7.62,Sorriso,MT,Centro-Oeste,-12.54,-55.72
2021,246,0.02,0.6,0.3,37.41,42.89,0.24,20.36,9.36,Sorriso,MT,Centro-Oeste,-12.54,-55.72
2021,247,0.01,0.6,0.3,38.62,32.95,0.21,19.61,8.92,Sorriso,MT,Centro-Oeste,-12.54,-55.72
2021,248,0.07,0.6,0.3,38.82,31.08,0.3,21.09,9.6,Sorriso,MT,Centro-Oeste,-12.54,-55.72
2021,249,0.01,0.6,0.29,39.02,35.95,0.13,22.45,10.05,Sorriso,MT,Centro-Oeste,-12.54,-55.72
2021,250,0.02,0.6,0.29,38.98,38.47,0.18,22.38,10.14,Sorriso,MT,Centro-Oeste,-12.54,-55.72
2021,251,3.03,0.6,0.35,34.64,45.49,0.22,21.05,9.8,Sorriso,MT,Centro-Oeste,-12.54,-55.72
2021,252,9.39,0.61,0.58,35.51,58.24,0.05,14.88,7.03,Sorriso,MT,Centro-Oeste,-12.54,-55.72
2021,253,0.02,0.62,0.59,37.34,59.38,0.14,21.31,9.72,Sorriso,MT,Centro-Oeste,-12.54,-55.72
2021,254,0.0,0.61,0.55,38.35,53.3,0.07,21.99,9.9,Sorriso,MT,Centro-Oeste,-12.54,-55.72
2021,255,0.61,0.61,0.52,36.13,54.04,0.25,22.14,9.86,Sorriso,MT,Centro-Oeste,-12.54,-55.72
2021,256,2.19,0.61,0.52,36.74,56.58,0.19,21.27,9.71,Sorriso,MT,Centro-Oeste,-12.54,-55.72
2021,257,0.57,0.61,0.5,37.67,53.02,0.05,20.53,9.4,Sorriso,MT,Centro-Oeste,-12.54,-55.72
2021,258,1.95,0.61,0.49,37.36,54.81,0.08,20.95,9.37,Sorriso,MT,Centro-Oeste,-12.54,-55.72
2021,259,0.37,0.61,0.47,39.33,47.32,0.22,24.1,10.57,Sorriso,MT,Centro-Oeste,-12.54,-55.72
2021,260,0.02,0.6,0.43,39.76,38.95,0.33,22.02,9.61,Sorriso,MT,Centro-Oeste,-12.54,-55.72
2021,261,0.01,0.6,0.4,39.12,36.28,0.34,23.68,10.13,Sorriso,MT,Centro-Oeste,-12.54,-55.72
2021,262,0.0,0.6,0.37,39.2,30.79,0.33,23.65,10.05,Sorriso,MT,Centro-Oeste,-12.54,-55.72
2021,263,0.0,0.6,0.35,39.55,28.8,0.37,24.93,10.64,Sorriso,MT,Centro-Oeste,-12.54,-55.72
2021,264,0.0,0.6,0.34,40.81,25.27,0.42,22.29,9.64,Sorriso,MT,Centro-Oeste,-12.54,-55.72
2021,265,0.0,0.6,0.33,41.25,28.96,0.3,21.54,9.14,Sorriso,MT,Centro-Oeste,-12.54,-55.72
2021,266,19.59,0.61,0.44,40.19,45.49,0.19,20.41,8.77,Sorriso,MT,Centro-Oeste,-12.54,-55.72
2021,267,4.97,0.64,0.67,37.69,65.49,0.07,9.3,4.17,Sorriso,MT,Centro-Oeste,-12.54,-55.72
2021,268,0.08,0.63,0.6,36.31,66.06,0.07,20.12,8.97,Sorriso,MT,Centro-Oeste,-12.54,-55.72
2021,269,8.57,0.63,0.65,35.51,66.71,0.08,20.87,9.61,Sorriso,MT,Centro-Oeste,-12.54,-55.72
2021,270,1.51,0.64,0.63,36.12,62.77,0.03,16.9,7.92,Sorriso,MT,Centro-Oeste,-12.54,-55.72
2021,271,0.0,0.63,0.6,33.76,60.78,0.03,20.41,9.44,Sorriso,MT,Centro-Oeste,-12.54,-55.72
2021,272,0.0,0.63,0.6,37.5,60.42,0.09,19.43,9.09,Sorriso,MT,Centro-Oeste,-12.54,-55.72
2021,273,0.16,0.62,0.59,37.0,58.07,0.04,21.31,9.84,Sorriso,MT,Centro-Oeste,-12.54,-55.72
2021,274,0.02,0.62,0.58,37.1,57.64,0.06,24.64,11.27,Sorriso,MT,Centro-Oeste,-12.54,-55.72
2021,275,0.0,0.61,0.56,37.6,50.69,0.03,19.08,8.93,Sorriso,MT,Centro-Oeste,-12.54,-55.72
2021,276,0.0,0.61,0.54,36.39,55.28,0.03,21.97,10.26,Sorriso,MT,Centro-Oeste,-12.54,-55.72
2021,277,0.61,0.61,0.51,37.07,55.18,0.06,23.75,10.97,Sorriso,MT,Centro-Oeste,-12.54,-55.72
2021,278,4.27,0.61,0.56,36.59,58.59,0.03,18.97,8.84,Sorriso,MT,Centro-Oeste,-12.54,-55.72
2021,279,0.46,0.61,0.57,32.34,70.72,0.02,21.69,9.91,Sorriso,MT,Centro-Oeste,-12.54,-55.72
2021,280,2.23,0.61,0.56,37.57,67.29,0.07,19.64,9.01,Sorriso,MT,Centro-Oeste,-12.54,-55.72
2021,281,1.75,0.61,0.56,37.9,65.21,0.05,22.21,10.1,Sorriso,MT,Centro-Oeste,-12.54,-55.72
2021,282,1.66,0.61,0.57,37.98,59.19,0.03,20.99,9.62,Sorriso,MT,Centro-Oeste,-12.54,-55.72
2021,283,0.2,0.61,0.53,37.17,54.27,0.03,19.91,9.13,Sorriso,MT,Centro-Oeste,-12.54,-55.72
2021,284,21.43,0.62,0.65,36.88,61.52,0.2,14.53,6.92,Sorriso,MT,Centro-Oeste,-12.54,-55.72
2021,285,30.27,0.68,0.78,32.47,77.29,0.1,23.56,10.97,Sorriso,MT,Centro-Oeste,-12.54,-55.72
2021,286,2.66,0.67,0.65,34.33,70.5,0.06,19.17,9.12,Sorriso,MT,Centro-Oeste,-12.54,-55.72
2021,287,0.16,0.66,0.61,36.95,63.35,0.02,22.38,10.39,Sorriso,MT,Centro-Oeste,-12.54,-55.72
2021,288,0.71,0.65,0.61,31.6,75.09,0.04,17.59,8.44,Sorriso,MT,Centro-Oeste,-12.54,-55.72
2021,289,0.02,0.64,0.61,35.62,65.45,0.06,20.38,9.61,Sorriso,MT,Centro-Oeste,-12.54,-55.72
2021,290,2.77,0.64,0.62,35.2,66.21,0.02,20.8,9.81,Sorriso,MT,Centro-Oeste,-12.54,-55.72
2021,291,1.51,0.64,0.62,35.12,69.75,0.04,17.91,8.62,Sorriso,MT,Centro-Oeste,-12.54,-55.72
2021,292,0.26,0.64,0.61,25.83,81.13,0.05,19.3,9.31,Sorriso,MT,Centro-Oeste,-12.54,-55.72
2021,293,0.36,0.64,0.61,36.81,68.23,0.1,21.69,10.34,Sorriso,MT,Centro-Oeste,-12.54,-55.72
2021,294,0.39,0.63,0.61,32.64,70.44,0.14,16.84,8.14,Sorriso,MT,Centro-Oeste,-12.54,-55.72
2021,295,0.69,0.63,0.61,35.9,69.07,0.11,20.71,9.95,Sorriso,MT,Centro-Oeste,-12.54,-55.72
2021,296,1.08,0.63,0.61,31.49,79.81,0.04,21.02,10.08,Sorriso,MT,Centro-Oeste,-12.54,-55.72
2021,297,8.66,0.64,0.67,31.14,80.56,0.03,19.02,9.13,Sorriso,MT,Centro-Oeste,-12.54,-55.72
2021,298,5.13,0.64,0.65,33.07,74.59,0.05,21.04,10.13,Sorriso,MT,Centro-Oeste,-12.54,-55.72
2021,299,4.1,0.65,0.63,33.49,73.72,0.04,21.23,10.17,Sorriso,MT,Centro-Oeste,-12.54,-55.72
2021,300,4.91,0.65,0.66,31.49,78.27,0.03,20.28,9.8,Sorriso,MT,Centro-Oeste,-12.54,-55.72
2021,301,0.46,0.65,0.62,34.54,72.58,0.03,26.23,12.29,Sorriso,MT,Centro-Oeste,-12.54,-55.72
2021,302,11.45,0.65,0.68,34.33,71.45,0.04,25.15,11.86,Sorriso,MT,Centro-Oeste,-12.54,-55.72
2021,303,2.46,0.66,0.65,33.89,73.94,0.1,22.32,10.46,Sorriso,MT,Centro-Oeste,-12.54,-55.72
2021,304,4.98,0.65,0.64,35.06,70.96,0.02,23.36,11.01,Sorriso,MT,Centro-Oeste,-12.54,-55.72
2021,305,2.7,0.66,0.65,33.06,75.05,0.03,19.54,9.41,Sorriso,MT,Centro-Oeste,-12.54,-55.72
2021,306,11.88,0.66,0.68,31.33,80.04,0.03,18.32,8.93,Sorriso,MT,Centro-Oeste,-12.54,-55.72
2021,307,4.89,0.67,0.69,27.94,89.88,0.05,17.51,8.68,Sorriso,MT,Centro-Oeste,-12.54,-55.72
2021,308,1.29,0.67,0.64,29.1,83.38,0.04,22.13,10.67,Sorriso,MT,Centro-Oeste,-12.54,-55.72
2021,309,7.83,0.67,0.68,28.17,87.53,0.08,16.91,8.37,Sorriso,MT,Centro-Oeste,-12.54,-55.72
2021,310,3.58,0.67,0.66,30.89,82.13,0.09,9.54,4.95,Sorriso,MT,Centro-Oeste,-12.54,-55.72
2021,311,11.04,0.68,0.72,27.8,92.59,0.03,11.17,5.82,Sorriso,MT,Centro-Oeste,-12.54,-55.72
2021,312,21.14,0.7,0.78,28.53,90.19,0.15,11.02,5.65,Sorriso,MT,Centro-Oeste,-12.54,-55.72
2021,313,16.26,0.71,0.76,27.61,92.67,0.05,18.36,9.06,Sorriso,MT,Centro-Oeste,-12.54,-55.72
2021,314,5.19,0.72,0.76,30.02,87.03,0.03,13.33,6.86,Sorriso,MT,Centro-Oeste,-12.54,-55.72
2021,315,0.92,0.7,0.69,28.12,85.39,0.03,18.16,8.94,Sorriso,MT,Centro-Oeste,-12.54,-55.72
2021,316,6.78,0.69,0.69,30.37,86.58,0.03,19.84,9.71,Sorriso,MT,Centro-Oeste,-12.54,-55.72
2021,317,8.27,0.7,0.75,27.94,88.22,0.06,14.99,7.59,Sorriso,MT,Centro-Oeste,-12.54,-55.72
2021,318,1.56,0.69,0.68,30.1,82.69,0.1,20.56,9.94,Sorriso,MT,Centro-Oeste,-12.54,-55.72
2021,319,11.43,0.7,0.75,27.27,91.24,0.07,8.7,4.64,Sorriso,MT,Centro-Oeste,-12.54,-55.72
2021,320,22.14,0.71,0.79,28.2,89.68,0.03,19.92,9.71,Sorriso,MT,Centro-Oeste,-12.54,-55.72
2021,321,12.93,0.74,0.82,27.26,93.12,0.08,14.89,7.4,Sorriso,MT,Centro-Oeste,-12.54,-55.72
2021,322,14.21,0.74,0.81,27.48,91.55,0.12,22.1,10.58,Sorriso,MT,Centro-Oeste,-12.54,-55.72
2021,323,9.3,0.74,0.79,27.47,91.76,0.05,6.84,3.7,Sorriso,MT,Centro-Oeste,-12.54,-55.72
2021,324,2.47,0.73,0.76,29.62,86.86,0.05,21.5,10.45,Sorriso,MT,Centro-Oeste,-12.54,-55.72
2021,325,9.16,0.73,0.77,27.6,89.2,0.15,25.79,12.31,Sorriso,MT,Centro-Oeste,-12.54,-55.72
2021,326,13.67,0.74,0.8,30.11,88.71,0.16,20.56,10.14,Sorriso,MT,Centro-Oeste,-12.54,-55.72
2021,327,2.25,0.74,0.76,28.15,92.68,0.14,21.05,10.31,Sorriso,MT,Centro-Oeste,-12.54,-55.72
2021,328,18.21,0.74,0.81,28.27,89.45,0.15,20.55,10.09,Sorriso,MT,Centro-Oeste,-12.54,-55.72
2021,329,12.24,0.76,0.83,28.9,90.88,0.16,24.03,11.52,Sorriso,MT,Centro-Oeste,-12.54,-55.72
2021,330,3.62,0.75,0.79,28.61,87.15,0.23,18.77,9.28,Sorriso,MT,Centro-Oeste,-12.54,-55.72
2021,331,2.31,0.74,0.75,29.7,86.39,0.1,26.03,12.42,Sorriso,MT,Centro-Oeste,-12.54,-55.72
2021,332,0.2,0.73,0.73,29.73,85.92,0.04,24.11,11.44,Sorriso,MT,Centro-Oeste,-12.54,-55.72
2021,333,2.61,0.72,0.73,27.42,90.64,0.08,23.68,11.36,Sorriso,MT,Centro-Oeste,-12.54,-55.72
2021,334,10.9,0.73,0.78,27.86,92.39,0.13,18.86,9.3,Sorriso,MT,Centro-Oeste,-12.54,-55.72
2021,335,6.29,0.74,0.77,28.88,89.83,0.15,18.95,9.41,Sorriso,MT,Centro-Oeste,-12.54,-55.72
2021,336,7.37,0.74,0.77,26.88,94.65,0.04,22.75,11.07,Sorriso,MT,Centro-Oeste,-12.54,-55.72
2021,337,18.57,0.76,0.84,26.1,96.97,0.14,21.72,10.55,Sorriso,MT,Centro-Oeste,-12.54,-55.72
2021,338,3.9,0.76,0.79,27.86,94.35,0.08,19.98,9.92,Sorriso,MT,Centro-Oeste,-12.54,-55.72
2021,339,29.59,0.78,0.89,27.32,94.86,0.15,10.47,5.57,Sorriso,MT,Centro-Oeste,-12.54,-55.72
2021,340,7.24,0.78,0.82,29.04,89.83,0.28,20.46,9.96,Sorriso,MT,Centro-Oeste,-12.54,-55.72
2021,341,7.73,0.78,0.83,28.91,92.95,0.08,23.93,11.46,Sorriso,MT,Centro-Oeste,-12.54,-55.72
2021,342,7.61,0.78,0.82,27.08,96.05,0.08,20.04,9.77,Sorriso,MT,Centro-Oeste,-12.54,-55.72
2021,343,3.87,0.78,0.8,29.22,90.99,0.02,18.45,9.05,Sorriso,MT,Centro-Oeste,-12.54,-55.72
2021,344,3.09,0.77,0.79,29.3,88.76,0.03,17.78,8.72,Sorriso,MT,Centro-Oeste,-12.54,-55.72
2021,345,5.51,0.76,0.79,28.45,92.58,0.08,21.49,10.39,Sorriso,MT,Centro-Oeste,-12.54,-55.72
2021,346,21.33,0.78,0.86,25.82,94.83,0.12,17.63,8.71,Sorriso,MT,Centro-Oeste,-12.54,-55.72
2021,347,5.6,0.8,0.84,28.39,90.54,0.03,13.49,6.77,Sorriso,MT,Centro-Oeste,-12.54,-55.72
2021,348,5.99,0.78,0.81,27.98,90.62,0.09,17.67,8.72,Sorriso,MT,Centro-Oeste,-12.54,-55.72
2021,349,8.7,0.78,0.82,26.73,95.51,0.1,17.98,8.59,Sorriso,MT,Centro-Oeste,-12.54,-55.72
2021,350,34.61,0.81,0.92,24.92,97.34,0.04,11.43,5.77,Sorriso,MT,Centro-Oeste,-12.54,-55.72
2021,351,7.95,0.81,0.84,28.21,91.1,0.13,8.42,4.49,Sorriso,MT,Centro-Oeste,-12.54,-55.72
2021,352,20.86,0.81,0.89,26.21,96.0,0.03,18.19,8.94,Sorriso,MT,Centro-Oeste,-12.54,-55.72
2021,353,5.55,0.83,0.86,28.5,88.77,0.12,19.28,9.51,Sorriso,MT,Centro-Oeste,-12.54,-55.72
2021,354,10.38,0.82,0.87,24.65,97.39,0.1,9.5,5.01,Sorriso,MT,Centro-Oeste,-12.54,-55.72
2021,355,36.27,0.83,0.94,28.04,92.76,0.16,19.76,9.63,Sorriso,MT,Centro-Oeste,-12.54,-55.72
2021,356,18.21,0.86,0.93,25.64,96.47,0.1,10.59,5.57,Sorriso,MT,Centro-Oeste,-12.54,-55.72
2021,357,4.82,0.85,0.87,27.54,91.99,0.03,17.69,8.73,Sorriso,MT,Centro-Oeste,-12.54,-55.72
2021,358,21.95,0.86,0.92,27.09,93.84,0.04,20.09,9.87,Sorriso,MT,Centro-Oeste,-12.54,-55.72
2021,359,5.28,0.86,0.88,27.39,93.74,0.03,19.79,9.79,Sorriso,MT,Centro-Oeste,-12.54,-55.72
2021,360,0.32,0.84,0.85,29.55,85.05,0.12,24.05,11.63,Sorriso,MT,Centro-Oeste,-12.54,-55.72
2021,361,2.09,0.83,0.84,29.6,86.77,0.11,23.08,11.19,Sorriso,MT,Centro-Oeste,-12.54,-55.72
2021,362,7.18,0.83,0.86,28.93,89.9,0.03,16.07,8.21,Sorriso,MT,Centro-Oeste,-12.54,-55.72
2021,363,5.07,0.83,0.86,26.14,95.76,0.04,17.29,8.71,Sorriso,MT,Centro-Oeste,-12.54,-55.72
2021,364,30.58,0.85,0.93,26.9,94.68,0.03,4.79,2.8,Sorriso,MT,Centro-Oeste,-12.54,-55.72
2021,365,6.93,0.86,0.89,26.2,93.0,0.04,18.75,9.31,Sorriso,MT,Centro-Oeste,-12.54,-55.72
2022,1,3.09,0.86,0.88,26.87,93.07,0.03,23.14,11.02,Sorriso,MT,Centro-Oeste,-12.54,-55.72
2022,2,4.65,0.85,0.86,28.44,89.87,0.03,25.06,12.07,Sorriso,MT,Centro-Oeste,-12.54,-55.72
2022,3,2.13,0.84,0.86,28.0,90.36,0.08,23.68,11.42,Sorriso,MT,Centro-Oeste,-12.54,-55.72
2022,4,3.86,0.84,0.86,27.14,90.58,0.06,21.42,10.48,Sorriso,MT,Centro-Oeste,-12.54,-55.72
2022,5,1.58,0.83,0.85,28.66,86.85,0.13,17.58,8.6,Sorriso,MT,Centro-Oeste,-12.54,-55.72
2022,6,8.79,0.83,0.87,28.09,89.44,0.1,20.79,9.94,Sorriso,MT,Centro-Oeste,-12.54,-55.72
2022,7,6.67,0.83,0.86,27.11,90.6,0.04,15.99,7.97,Sorriso,MT,Centro-Oeste,-12.54,-55.72
2022,8,7.38,0.84,0.87,26.45,94.76,0.04,17.98,8.82,Sorriso,MT,Centro-Oeste,-12.54,-55.72
2022,9,4.66,0.84,0.86,26.46,92.42,0.04,18.65,9.11,Sorriso,MT,Centro-Oeste,-12.54,-55.72
2022,10,9.21,0.84,0.87,27.13,91.96,0.05,16.51,8.22,Sorriso,MT,Centro-Oeste,-12.54,-55.72
2022,11,16.64,0.85,0.9,27.43,94.36,0.03,16.58,8.24,Sorriso,MT,Centro-Oeste,-12.54,-55.72
2022,12,12.54,0.87,0.91,24.7,97.18,0.04,11.21,5.85,Sorriso,MT,Centro-Oeste,-12.54,-55.72
2022,13,6.06,0.86,0.89,26.36,94.37,0.03,18.45,9.19,Sorriso,MT,Centro-Oeste,-12.54,-55.72
2022,14,1.8,0.85,0.87,28.41,90.27,0.04,22.33,10.89,Sorriso,MT,Centro-Oeste,-12.54,-55.72
2022,15,1.69,0.84,0.85,29.54,88.97,0.08,27.98,13.25,Sorriso,MT,Centro-Oeste,-12.54,-55.72
2022,16,1.02,0.84,0.85,27.98,88.12,0.28,27.87,13.18,Sorriso,MT,Centro-Oeste,-12.54,-55.72
2022,17,5.74,0.84,0.86,26.06,93.4,0.15,21.81,10.64,Sorriso,MT,Centro-Oeste,-12.54,-55.72
2022,18,0.21,0.84,0.85,29.16,87.17,0.02,19.51,9.7,Sorriso,MT,Centro-Oeste,-12.54,-55.72
2022,19,0.01,0.83,0.84,28.08,87.16,0.04,24.79,11.91,Sorriso,MT,Centro-Oeste,-12.54,-55.72
2022,20,0.5,0.82,0.83,28.51,85.85,0.07,23.85,11.43,Sorriso,MT,Centro-Oeste,-12.54,-55.72
2022,21,0.21,0.81,0.82,28.72,87.51,0.2,23.96,11.37,Sorriso,MT,Centro-Oeste,-12.54,-55.72
2022,22,0.35,0.8,0.82,28.99,87.49,0.25,26.94,12.83,Sorriso,MT,Centro-Oeste,-12.54,-55.72
2022,23,12.46,0.81,0.86,29.6,86.37,0.26,26.6,12.62,Sorriso,MT,Centro-Oeste,-12.54,-55.72
2022,24,4.51,0.82,0.85,29.77,88.42,0.19,26.06,12.34,Sorriso,MT,Centro-Oeste,-12.54,-55.72
2022,25,0.91,0.82,0.83,28.56,88.47,0.15,18.33,9.02,Sorriso,MT,Centro-Oeste,-12.54,-55.72
2022,26,14.33,0.82,0.87,25.96,95.82,0.11,11.05,5.7,Sorriso,MT,Centro-Oeste,-12.54,-55.72
2022,27,9.82,0.83,0.87,26.19,93.58,0.07,13.33,6.77,Sorriso,MT,Centro-Oeste,-12.54,-55.72
2022,28,8.28,0.84,0.88,25.74,93.48,0.12,11.26,5.91,Sorriso,MT,Centro-Oeste,-12.54,-55.72
2022,29,19.24,0.86,0.92,25.89,95.24,0.13,12.13,6.12,Sorriso,MT,Centro-Oeste,-12.54,-55.72
2022,30,9.81,0.86,0.9,25.07,95.22,0.04,13.35,6.77,Sorriso,MT,Centro-Oeste,-12.54,-55.72
2022,31,7.68,0.85,0.88,26.45,93.56,0.04,13.87,7.07,Sorriso,MT,Centro-Oeste,-12.54,-55.72
2022,32,8.24,0.85,0.89,26.46,92.39,0.03,13.32,6.76,Sorriso,MT,Centro-Oeste,-12.54,-55.72
2022,33,1.34,0.85,0.86,28.64,88.85,0.03,20.69,9.91,Sorriso,MT,Centro-Oeste,-12.54,-55.72
2022,34,1.35,0.84,0.85,28.37,86.29,0.08,21.17,10.15,Sorriso,MT,Centro-Oeste,-12.54,-55.72
2022,35,0.33,0.83,0.84,28.33,87.08,0.17,25.39,11.97,Sorriso,MT,Centro-Oeste,-12.54,-55.72
2022,36,3.28,0.83,0.84,28.95,85.3,0.19,23.31,11.11,Sorriso,MT,Centro-Oeste,-12.54,-55.72
2022,37,8.52,0.83,0.87,26.92,93.98,0.11,17.09,8.34,Sorriso,MT,Centro-Oeste,-12.54,-55.72
2022,38,0.69,0.83,0.85,28.42,88.05,0.09,15.96,7.9,Sorriso,MT,Centro-Oeste,-12.54,-55.72
2022,39,46.29,0.85,0.92,27.12,89.39,0.16,16.47,8.1,Sorriso,MT,Centro-Oeste,-12.54,-55.72
2022,40,19.83,0.86,0.92,26.16,92.61,0.14,12.95,6.53,Sorriso,MT,Centro-Oeste,-12.54,-55.72
2022,41,4.91,0.87,0.89,28.24,88.34,0.05,22.32,10.75,Sorriso,MT,Centro-Oeste,-12.54,-55.72
2022,42,10.12,0.86,0.89,27.65,92.27,0.03,14.41,7.22,Sorriso,MT,Centro-Oeste,-12.54,-55.72
2022,43,40.03,0.88,0.96,26.48,95.0,0.03,6.37,3.42,Sorriso,MT,Centro-Oeste,-12.54,-55.72
2022,44,11.8,0.9,0.93,27.76,92.06,0.03,16.5,8.09,Sorriso,MT,Centro-Oeste,-12.54,-55.72
2022,45,3.98,0.88,0.89,28.4,90.71,0.03,18.95,9.33,Sorriso,MT,Centro-Oeste,-12.54,-55.72
2022,46,1.84,0.87,0.88,26.94,89.77,0.14,18.01,9.0,Sorriso,MT,Centro-Oeste,-12.54,-55.72
2022,47,9.25,0.87,0.9,26.43,94.78,0.12,20.55,9.97,Sorriso,MT,Centro-Oeste,-12.54,-55.72
2022,48,4.96,0.88,0.9,26.9,92.75,0.05,15.57,7.81,Sorriso,MT,Centro-Oeste,-12.54,-55.72
2022,49,8.88,0.88,0.9,27.96,93.64,0.06,21.92,10.61,Sorriso,MT,Centro-Oeste,-12.54,-55.72
2022,50,34.52,0.89,0.96,25.7,94.68,0.06,17.34,8.71,Sorriso,MT,Centro-Oeste,-12.54,-55.72
2022,51,23.66,0.91,0.95,25.8,93.8,0.05,8.07,4.39,Sorriso,MT,Centro-Oeste,-12.54,-55.72
2022,52,9.68,0.9,0.93,25.05,95.46,0.03,17.71,8.85,Sorriso,MT,Centro-Oeste,-12.54,-55.72
2022,53,13.71,0.9,0.93,28.66,90.77,0.09,22.19,10.81,Sorriso,MT,Centro-Oeste,-12.54,-55.72
2022,54,6.19,0.9,0.92,27.98,88.95,0.25,20.98,10.24,Sorriso,MT,Centro-Oeste,-12.54,-55.72
2022,55,0.37,0.89,0.9,27.71,87.63,0.17,23.33,11.17,Sorriso,MT,Centro-Oeste,-12.54,-55.72
2022,56,0.66,0.88,0.89,29.51,87.97,0.15,25.94,12.41,Sorriso,MT,Centro-Oeste,-12.54,-55.72
2022,57,0.71,0.87,0.88,29.76,87.5,0.16,26.64,12.68,Sorriso,MT,Centro-Oeste,-12.54,-55.72
2022,58,0.26,0.87,0.88,28.18,90.8,0.18,26.38,12.54,Sorriso,MT,Centro-Oeste,-12.54,-55.72
2022,59,1.88,0.87,0.88,28.13,87.44,0.23,20.28,9.88,Sorriso,MT,Centro-Oeste,-12.54,-55.72
2022,60,1.38,0.87,0.88,28.81,86.88,0.25,19.97,9.58,Sorriso,MT,Centro-Oeste,-12.54,-55.72
2022,61,0.58,0.86,0.88,29.03,86.83,0.23,22.45,10.75,Sorriso,MT,Centro-Oeste,-12.54,-55.72
2022,62,20.66,0.87,0.92,27.36,92.24,0.03,15.82,7.75,Sorriso,MT,Centro-Oeste,-12.54,-55.72
2022,63,19.56,0.89,0.95,25.61,94.42,0.06,15.54,7.61,Sorriso,MT,Centro-Oeste,-12.54,-55.72
2022,64,8.39,0.89,0.92,27.74,89.17,0.12,15.03,7.38,Sorriso,MT,Centro-Oeste,-12.54,-55.72
2022,65,14.46,0.89,0.93,27.63,92.25,0.16,19.61,9.44,Sorriso,MT,Centro-Oeste,-12.54,-55.72
2022,66,7.46,0.9,0.92,26.33,94.93,0.04,18.58,9.05,Sorriso,MT,Centro-Oeste,-12.54,-55.72
2022,67,16.15,0.89,0.94,26.84,93.69,0.02,18.73,9.05,Sorriso,MT,Centro-Oeste,-12.54,-55.72
2022,68,9.94,0.9,0.93,25.22,97.05,0.1,20.11,9.76,Sorriso,MT,Centro-Oeste,-12.54,-55.72
2022,69,0.96,0.9,0.91,28.6,89.72,0.22,22.22,10.67,Sorriso,MT,Centro-Oeste,-12.54,-55.72
2022,70,21.03,0.9,0.94,28.78,91.19,0.15,22.62,10.77,Sorriso,MT,Centro-Oeste,-12.54,-55.72
2022,71,29.13,0.92,0.96,26.97,94.17,0.13,11.25,5.7,Sorriso,MT,Centro-Oeste,-12.54,-55.72
2022,72,10.27,0.91,0.93,28.03,89.92,0.25,22.21,10.6,Sorriso,MT,Centro-Oeste,-12.54,-55.72
2022,73,8.01,0.92,0.94,28.38,85.26,0.19,18.91,9.12,Sorriso,MT,Centro-Oeste,-12.54,-55.72
2022,74,11.62,0.92,0.94,26.76,90.56,0.15,15.24,7.42,Sorriso,MT,Centro-Oeste,-12.54,-55.72
2022,75,2.08,0.91,0.92,27.33,90.65,0.21,19.27,9.17,Sorriso,MT,Centro-Oeste,-12.54,-55.72
2022,76,4.5,0.91,0.92,26.72,94.01,0.13,9.01,4.82,Sorriso,MT,Centro-Oeste,-12.54,-55.72
2022,77,4.45,0.91,0.92,28.27,91.76,0.05,21.87,10.54,Sorriso,MT,Centro-Oeste,-12.54,-55.72
2022,78,5.16,0.9,0.92,29.07,87.8,0.22,23.44,11.2,Sorriso,MT,Centro-Oeste,-12.54,-55.72
2022,79,9.45,0.91,0.93,27.54,89.46,0.16,21.15,10.2,Sorriso,MT,Centro-Oeste,-12.54,-55.72
2022,80,6.34,0.91,0.93,28.05,89.32,0.18,20.61,9.98,Sorriso,MT,Centro-Oeste,-12.54,-55.72
2022,81,0.71,0.9,0.91,28.29,90.61,0.14,22.47,10.72,Sorriso,MT,Centro-Oeste,-12.54,-55.72
2022,82,1.14,0.9,0.91,28.32,92.23,0.12,24.41,11.65,Sorriso,MT,Centro-Oeste,-12.54,-55.72
2022,83,9.47,0.9,0.93,27.83,92.98,0.06,18.08,8.96,Sorriso,MT,Centro-Oeste,-12.54,-55.72
2022,84,4.16,0.9,0.92,26.86,94.21,0.09,17.34,8.51,Sorriso,MT,Centro-Oeste,-12.54,-55.72
2022,85,0.43,0.9,0.91,29.25,89.39,0.06,21.05,10.06,Sorriso,MT,Centro-Oeste,-12.54,-55.72
2022,86,34.64,0.9,0.96,27.67,91.99,0.16,18.36,8.95,Sorriso,MT,Centro-Oeste,-12.54,-55.72
2022,87,16.9,0.92,0.95,28.39,91.99,0.08,24.94,11.85,Sorriso,MT,Centro-Oeste,-12.54,-55.72
2022,88,7.85,0.91,0.93,28.46,91.04,0.17,19.01,9.21,Sorriso,MT,Centro-Oeste,-12.54,-55.72
2022,89,9.93,0.92,0.94,26.9,91.56,0.14,17.93,8.75,Sorriso,MT,Centro-Oeste,-12.54,-55.72
2022,90,21.55,0.92,0.94,26.67,90.33,0.03,17.04,8.24,Sorriso,MT,Centro-Oeste,-12.54,-55.72
2022,91,3.8,0.92,0.93,27.91,90.01,0.03,14.22,7.13,Sorriso,MT,Centro-Oeste,-12.54,-55.72
2022,92,4.0,0.91,0.92,28.26,89.06,0.14,21.74,10.52,Sorriso,MT,Centro-Oeste,-12.54,-55.72
2022,93,1.83,0.91,0.92,28.6,88.81,0.16,23.67,11.38,Sorriso,MT,Centro-Oeste,-12.54,-55.72
2022,94,0.26,0.9,0.91,28.68,87.23,0.19,24.34,11.42,Sorriso,MT,Centro-Oeste,-12.54,-55.72
2022,95,3.71,0.9,0.91,26.59,93.25,0.15,20.95,10.22,Sorriso,MT,Centro-Oeste,-12.54,-55.72
2022,96,2.2,0.89,0.91,28.83,91.16,0.16,19.51,9.57,Sorriso,MT,Centro-Oeste,-12.54,-55.72
2022,97,0.29,0.89,0.9,29.22,89.0,0.19,21.03,10.11,Sorriso,MT,Centro-Oeste,-12.54,-55.72
2022,98,13.8,0.88,0.92,28.59,92.09,0.11,17.99,8.97,Sorriso,MT,Centro-Oeste,-12.54,-55.72
2022,99,0.06,0.89,0.9,28.54,90.46,0.24,23.22,11.07,Sorriso,MT,Centro-Oeste,-12.54,-55.72
2022,100,0.01,0.88,0.89,29.19,87.94,0.17,23.28,11.1,Sorriso,MT,Centro-Oeste,-12.54,-55.72
2022,101,0.12,0.88,0.89,29.15,89.36,0.08,23.42,11.1,Sorriso,MT,Centro-Oeste,-12.54,-55.72
2022,102,3.9,0.87,0.89,29.04,90.58,0.14,21.91,10.44,Sorriso,MT,Centro-Oeste,-12.54,-55.72
2022,103,2.58,0.87,0.89,29.25,88.46,0.2,22.37,10.64,Sorriso,MT,Centro-Oeste,-12.54,-55.72
2022,104,2.12,0.87,0.88,28.84,89.97,0.12,19.99,9.69,Sorriso,MT,Centro-Oeste,-12.54,-55.72
2022,105,2.74,0.87,0.89,28.31,89.19,0.15,18.55,9.13,Sorriso,MT,Centro-Oeste,-12.54,-55.72
2022,106,13.17,0.87,0.91,27.57,92.7,0.17,17.86,8.79,Sorriso,MT,Centro-Oeste,-12.54,-55.72
2022,107,1.79,0.88,0.9,26.39,92.02,0.05,20.38,9.86,Sorriso,MT,Centro-Oeste,-12.54,-55.72
2022,108,0.5,0.87,0.88,27.5,88.12,0.21,23.64,11.02,Sorriso,MT,Centro-Oeste,-12.54,-55.72
2022,109,0.23,0.86,0.87,28.84,89.39,0.08,23.48,11.09,Sorriso,MT,Centro-Oeste,-12.54,-55.72
2022,110,0.52,0.86,0.87,28.75,89.38,0.11,17.47,8.69,Sorriso,MT,Centro-Oeste,-12.54,-55.72
2022,111,0.1,0.85,0.87,28.8,89.07,0.11,19.4,9.41,Sorriso,MT,Centro-Oeste,-12.54,-55.72
2022,112,0.05,0.85,0.86,28.5,90.5,0.21,17.85,8.79,Sorriso,MT,Centro-Oeste,-12.54,-55.72
2022,113,0.13,0.85,0.86,28.35,90.32,0.04,16.53,8.18,Sorriso,MT,Centro-Oeste,-12.54,-55.72
2022,114,1.48,0.85,0.86,28.4,90.11,0.03,20.84,9.99,Sorriso,MT,Centro-Oeste,-12.54,-55.72
2022,115,0.37,0.84,0.85,28.87,90.13,0.03,21.97,10.5,Sorriso,MT,Centro-Oeste,-12.54,-55.72
2022,116,0.02,0.84,0.84,28.6,88.59,0.04,23.07,10.78,Sorriso,MT,Centro-Oeste,-12.54,-55.72
2022,117,0.03,0.83,0.84,28.09,86.36,0.06,23.3,10.82,Sorriso,MT,Centro-Oeste,-12.54,-55.72
2022,118,0.07,0.83,0.83,28.23,88.03,0.03,23.0,10.72,Sorriso,MT,Centro-Oeste,-12.54,-55.72
2022,119,0.06,0.82,0.83,28.18,88.96,0.1,22.73,10.65,Sorriso,MT,Centro-Oeste,-12.54,-55.72
2022,120,0.0,0.81,0.82,28.34,88.7,0.11,21.98,10.35,Sorriso,MT,Centro-Oeste,-12.54,-55.72
2022,121,0.0,0.81,0.82,28.46,88.96,0.11,22.63,10.61,Sorriso,MT,Centro-Oeste,-12.54,-55.72
2022,122,0.0,0.8,0.81,28.32,89.35,0.09,22.24,10.43,Sorriso,MT,Centro-Oeste,-12.54,-55.72
2022,123,0.0,0.8,0.81,28.5,88.83,0.09,18.74,8.92,Sorriso,MT,Centro-Oeste,-12.54,-55.72
2022,124,0.0,0.8,0.8,26.4,86.0,0.03,17.56,8.43,Sorriso,MT,Centro-Oeste,-12.54,-55.72
2022,125,0.0,0.79,0.8,25.68,84.35,0.03,21.12,9.99,Sorriso,MT,Centro-Oeste,-12.54,-55.72
2022,126,0.0,0.79,0.8,26.95,85.82,0.04,22.26,10.44,Sorriso,MT,Centro-Oeste,-12.54,-55.72
2022,127,0.0,0.78,0.79,26.92,86.33,0.07,22.15,10.34,Sorriso,MT,Centro-Oeste,-12.54,-55.72
2022,128,0.0,0.78,0.79,27.69,87.81,0.05,21.74,10.21,Sorriso,MT,Centro-Oeste,-12.54,-55.72
2022,129,0.02,0.77,0.78,28.54,89.38,0.07,19.92,9.48,Sorriso,MT,Centro-Oeste,-12.54,-55.72
2022,130,0.0,0.77,0.77,28.44,89.59,0.1,19.92,9.36,Sorriso,MT,Centro-Oeste,-12.54,-55.72
2022,131,0.0,0.76,0.77,28.27,89.2,0.16,20.51,9.6,Sorriso,MT,Centro-Oeste,-12.54,-55.72
2022,132,0.01,0.76,0.77,27.24,90.6,0.05,20.33,9.55,Sorriso,MT,Centro-Oeste,-12.54,-55.72
2022,133,0.0,0.76,0.77,27.64,90.25,0.15,18.55,8.75,Sorriso,MT,Centro-Oeste,-12.54,-55.72
2022,134,0.0,0.76,0.76,28.67,89.15,0.17,20.25,9.55,Sorriso,MT,Centro-Oeste,-12.54,-55.72
2022,135,4.73,0.75,0.78,28.87,91.1,0.13,17.19,8.21,Sorriso,MT,Centro-Oeste,-12.54,-55.72
2022,136,2.61,0.76,0.78,28.06,88.73,0.08,14.39,7.03,Sorriso,MT,Centro-Oeste,-12.54,-55.72
2022,137,0.0,0.75,0.75,23.13,72.03,0.04,19.12,9.0,Sorriso,MT,Centro-Oeste,-12.54,-55.72
2022,138,0.0,0.75,0.74,19.52,61.89,0.04,20.38,9.45,Sorriso,MT,Centro-Oeste,-12.54,-55.72
2022,139,0.0,0.74,0.74,19.47,75.78,0.13,20.12,8.97,Sorriso,MT,Centro-Oeste,-12.54,-55.72
2022,140,0.0,0.74,0.74,21.71,82.15,0.19,20.29,9.06,Sorriso,MT,Centro-Oeste,-12.54,-55.72
2022,141,0.0,0.74,0.74,23.69,84.67,0.2,21.3,9.65,Sorriso,MT,Centro-Oeste,-12.54,-55.72
2022,142,0.0,0.73,0.73,24.52,85.83,0.27,21.71,9.73,Sorriso,MT,Centro-Oeste,-12.54,-55.72
2022,143,0.0,0.73,0.72,25.28,85.98,0.28,21.5,9.77,Sorriso,MT,Centro-Oeste,-12.54,-55.72
2022,144,0.0,0.72,0.72,26.68,87.25,0.22,20.75,9.57,Sorriso,MT,Centro-Oeste,-12.54,-55.72
2022,145,0.0,0.72,0.71,27.93,87.88,0.07,18.22,8.57,Sorriso,MT,Centro-Oeste,-12.54,-55.72
2022,146,0.0,0.71,0.71,26.87,86.18,0.04,20.86,9.59,Sorriso,MT,Centro-Oeste,-12.54,-55.72
2022,147,0.0,0.71,0.7,28.06,87.26,0.04,18.72,8.79,Sorriso,MT,Centro-Oeste,-12.54,-55.72
2022,148,0.0,0.71,0.69,28.85,86.37,0.06,18.0,8.49,Sorriso,MT,Centro-Oeste,-12.54,-55.72
2022,149,0.0,0.7,0.68,29.33,85.31,0.11,19.16,9.01,Sorriso,MT,Centro-Oeste,-12.54,-55.72
2022,150,0.0,0.7,0.68,29.12,85.05,0.24,20.2,9.34,Sorriso,MT,Centro-Oeste,-12.54,-55.72
2022,151,0.0,0.7,0.67,29.02,83.47,0.29,20.21,9.23,Sorriso,MT,Centro-Oeste,-12.54,-55.72
2022,152,0.0,0.69,0.67,29.65,81.5,0.2,18.82,8.74,Sorriso,MT,Centro-Oeste,-12.54,-55.72
2022,153,0.0,0.69,0.66,30.06,80.81,0.17,16.22,7.66,Sorriso,MT,Centro-Oeste,-12.54,-55.72
2022,154,0.0,0.68,0.65,29.29,78.5,0.1,18.55,8.63,Sorriso,MT,Centro-Oeste,-12.54,-55.72
2022,155,0.0,0.68,0.65,29.59,80.04,0.11,19.59,8.98,Sorriso,MT,Centro-Oeste,-12.54,-55.72
2022,156,0.0,0.68,0.65,30.12,79.02,0.18,18.69,8.7,Sorriso,MT,Centro-Oeste,-12.54,-55.72
2022,157,0.0,0.68,0.64,30.49,78.86,0.13,18.91,8.84,Sorriso,MT,Centro-Oeste,-12.54,-55.72
2022,158,0.0,0.68,0.64,30.2,80.82,0.18,17.14,8.09,Sorriso,MT,Centro-Oeste,-12.54,-55.72
2022,159,0.06,0.67,0.64,30.85,78.69,0.21,16.39,7.79,Sorriso,MT,Centro-Oeste,-12.54,-55.72
2022,160,1.14,0.67,0.64,30.44,79.59,0.21,15.65,7.37,Sorriso,MT,Centro-Oeste,-12.54,-55.72
2022,161,2.63,0.68,0.66,25.87,89.73,0.1,7.34,3.91,Sorriso,MT,Centro-Oeste,-12.54,-55.72
2022,162,3.6,0.68,0.68,25.98,85.31,0.03,12.32,6.07,Sorriso,MT,Centro-Oeste,-12.54,-55.72
2022,163,0.0,0.68,0.65,25.89,80.15,0.03,14.96,7.16,Sorriso,MT,Centro-Oeste,-12.54,-55.72
2022,164,0.0,0.68,0.65,26.29,73.0,0.03,13.63,6.65,Sorriso,MT,Centro-Oeste,-12.54,-55.72
2022,165,0.0,0.68,0.64,28.56,74.74,0.12,19.69,9.11,Sorriso,MT,Centro-Oeste,-12.54,-55.72
2022,166,0.0,0.67,0.64,30.37,74.56,0.26,16.17,7.56,Sorriso,MT,Centro-Oeste,-12.54,-55.72
2022,167,0.0,0.67,0.63,30.56,76.63,0.18,15.45,7.37,Sorriso,MT,Centro-Oeste,-12.54,-55.72
2022,168,0.0,0.67,0.63,31.56,75.96,0.25,17.86,8.3,Sorriso,MT,Centro-Oeste,-12.54,-55.72
2022,169,0.0,0.66,0.63,30.79,77.26,0.18,16.45,7.65,Sorriso,MT,Centro-Oeste,-12.54,-55.72
2022,170,0.0,0.66,0.62,31.4,72.93,0.14,19.55,8.92,Sorriso,MT,Centro-Oeste,-12.54,-55.72
2022,171,0.0,0.66,0.62,31.27,66.63,0.32,19.79,9.03,Sorriso,MT,Centro-Oeste,-12.54,-55.72
2022,172,0.0,0.66,0.62,31.32,67.68,0.27,19.67,9.03,Sorriso,MT,Centro-Oeste,-12.54,-55.72
2022,173,0.0,0.65,0.61,31.22,68.02,0.33,19.83,9.08,Sorriso,MT,Centro-Oeste,-12.54,-55.72
2022,174,0.0,0.65,0.61,31.31,66.07,0.29,17.48,8.17,Sorriso,MT,Centro-Oeste,-12.54,-55.72
2022,175,0.0,0.65,0.61,31.52,68.26,0.26,19.77,9.12,Sorriso,MT,Centro-Oeste,-12.54,-55.72
2022,176,0.0,0.65,0.61,31.45,64.23,0.04,19.05,8.77,Sorriso,MT,Centro-Oeste,-12.54,-55.72
2022,177,0.0,0.65,0.61,30.75,66.36,0.15,19.72,9.02,Sorriso,MT,Centro-Oeste,-12.54,-55.72
2022,178,0.0,0.65,0.61,31.37,60.3,0.19,20.29,9.13,Sorriso,MT,Centro-Oeste,-12.54,-55.72
2022,179,0.0,0.65,0.61,31.91,58.06,0.27,20.05,9.1,Sorriso,MT,Centro-Oeste,-12.54,-55.72
2022,180,0.0,0.64,0.61,31.26,62.74,0.16,19.57,8.88,Sorriso,MT,Centro-Oeste,-12.54,-55.72
2022,181,0.0,0.64,0.61,32.02,62.31,0.14,19.13,8.73,Sorriso,MT,Centro-Oeste,-12.54,-55.72
2022,182,0.0,0.64,0.6,32.73,59.54,0.25,18.53,8.52,Sorriso,MT,Centro-Oeste,-12.54,-55.72
2022,183,0.0,0.64,0.6,32.93,61.81,0.33,19.27,8.88,Sorriso,MT,Centro-Oeste,-12.54,-55.72
2022,184,0.0,0.64,0.6,33.15,59.58,0.27,19.7,9.15,Sorriso,MT,Centro-Oeste,-12.54,-55.72
2022,185,0.0,0.64,0.6,32.3,59.95,0.24,20.14,9.2,Sorriso,MT,Centro-Oeste,-12.54,-55.72
2022,186,0.0,0.64,0.6,32.08,56.57,0.27,20.4,9.19,Sorriso,MT,Centro-Oeste,-12.54,-55.72
2022,187,0.0,0.63,0.6,32.41,50.89,0.21,19.69,8.95,Sorriso,MT,Centro-Oeste,-12.54,-55.72
2022,188,0.0,0.63,0.6,32.76,58.74,0.33,19.43,8.97,Sorriso,MT,Centro-Oeste,-12.54,-55.72
2022,189,0.0,0.63,0.6,33.04,58.03,0.19,18.8,8.75,Sorriso,MT,Centro-Oeste,-12.54,-55.72
2022,190,0.0,0.63,0.6,33.77,56.89,0.24,20.01,9.19,Sorriso,MT,Centro-Oeste,-12.54,-55.72
2022,191,0.0,0.63,0.6,33.31,52.19,0.22,18.85,8.7,Sorriso,MT,Centro-Oeste,-12.54,-55.72
2022,192,0.01,0.63,0.6,33.01,55.79,0.19,20.53,9.33,Sorriso,MT,Centro-Oeste,-12.54,-55.72
2022,193,0.02,0.63,0.6,34.1,51.64,0.27,18.53,8.57,Sorriso,MT,Centro-Oeste,-12.54,-55.72
2022,194,0.01,0.63,0.6,33.43,56.5,0.13,20.04,9.18,Sorriso,MT,Centro-Oeste,-12.54,-55.72
2022,195,0.01,0.62,0.6,34.36,52.17,0.3,20.44,9.33,Sorriso,MT,Centro-Oeste,-12.54,-55.72
2022,196,0.0,0.62,0.59,33.97,57.15,0.22,19.34,8.95,Sorriso,MT,Centro-Oeste,-12.54,-55.72
2022,197,0.0,0.62,0.59,34.64,57.91,0.25,17.03,8.07,Sorriso,MT,Centro-Oeste,-12.54,-55.72
2022,198,0.0,0.62,0.59,34.17,55.41,0.29,19.62,8.99,Sorriso,MT,Centro-Oeste,-12.54,-55.72
2022,199,0.0,0.62,0.58,33.45,47.17,0.25,21.06,9.47,Sorriso,MT,Centro-Oeste,-12.54,-55.72
2022,200,0.0,0.62,0.58,33.32,47.4,0.21,20.46,9.26,Sorriso,MT,Centro-Oeste,-12.54,-55.72
2022,201,0.0,0.62,0.58,33.51,48.2,0.27,20.92,9.51,Sorriso,MT,Centro-Oeste,-12.54,-55.72
2022,202,0.0,0.62,0.58,34.5,48.07,0.22,21.05,9.6,Sorriso,MT,Centro-Oeste,-12.54,-55.72
2022,203,0.0,0.62,0.57,34.71,45.8,0.3,19.69,9.03,Sorriso,MT,Centro-Oeste,-12.54,-55.72
2022,204,0.0,0.61,0.56,33.95,47.1,0.34,17.26,8.04,Sorriso,MT,Centro-Oeste,-12.54,-55.72
2022,205,0.0,0.61,0.55,34.27,48.9,0.36,20.38,9.33,Sorriso,MT,Centro-Oeste,-12.54,-55.72
2022,206,0.0,0.61,0.54,34.82,47.69,0.28,20.34,9.33,Sorriso,MT,Centro-Oeste,-12.54,-55.72
2022,207,0.0,0.61,0.54,34.79,50.13,0.33,20.64,9.47,Sorriso,MT,Centro-Oeste,-12.54,-55.72
2022,208,0.0,0.61,0.52,34.16,47.13,0.26,21.6,9.78,Sorriso,MT,Centro-Oeste,-12.54,-55.72
2022,209,0.0,0.61,0.51,34.49,45.27,0.29,19.66,8.97,Sorriso,MT,Centro-Oeste,-12.54,-55.72
2022,210,0.0,0.61,0.5,34.98,37.36,0.32,21.14,9.46,Sorriso,MT,Centro-Oeste,-12.54,-55.72
2022,211,0.0,0.61,0.49,34.48,51.56,0.16,21.62,9.67,Sorriso,MT,Centro-Oeste,-12.54,-55.72
2022,212,0.1,0.61,0.49,35.84,43.52,0.19,21.14,9.46,Sorriso,MT,Centro-Oeste,-12.54,-55.72
2022,213,0.0,0.61,0.47,36.05,40.13,0.23,21.1,9.36,Sorriso,MT,Centro-Oeste,-12.54,-55.72
2022,214,0.0,0.61,0.46,35.84,38.46,0.22,21.08,9.43,Sorriso,MT,Centro-Oeste,-12.54,-55.72
2022,215,0.0,0.61,0.45,34.69,39.27,0.35,19.18,8.82,Sorriso,MT,Centro-Oeste,-12.54,-55.72
2022,216,0.0,0.61,0.45,36.1,40.68,0.21,17.31,8.03,Sorriso,MT,Centro-Oeste,-12.54,-55.72
2022,217,0.0,0.61,0.44,36.33,41.41,0.21,20.58,9.33,Sorriso,MT,Centro-Oeste,-12.54,-55.72
2022,218,0.01,0.6,0.43,35.58,43.92,0.25,17.0,7.98,Sorriso,MT,Centro-Oeste,-12.54,-55.72
2022,219,0.32,0.6,0.43,37.12,47.18,0.16,17.0,8.02,Sorriso,MT,Centro-Oeste,-12.54,-55.72
2022,220,1.33,0.61,0.44,34.91,56.55,0.03,14.03,6.79,Sorriso,MT,Centro-Oeste,-12.54,-55.72
2022,221,0.94,0.61,0.45,36.78,51.94,0.04,17.76,8.3,Sorriso,MT,Centro-Oeste,-12.54,-55.72
2022,222,1.12,0.61,0.46,29.62,60.7,0.05,18.04,8.53,Sorriso,MT,Centro-Oeste,-12.54,-55.72
2022,223,0.0,0.61,0.46,32.48,40.34,0.05,22.06,10.07,Sorriso,MT,Centro-Oeste,-12.54,-55.72
2022,224,0.0,0.61,0.45,34.58,44.25,0.16,22.48,10.19,Sorriso,MT,Centro-Oeste,-12.54,-55.72
2022,225,0.0,0.61,0.43,36.72,37.82,0.23,22.3,10.05,Sorriso,MT,Centro-Oeste,-12.54,-55.72
2022,226,0.0,0.6,0.42,36.25,40.11,0.21,22.02,10.1,Sorriso,MT,Centro-Oeste,-12.54,-55.72
2022,227,0.0,0.6,0.41,36.29,39.53,0.04,18.65,8.72,Sorriso,MT,Centro-Oeste,-12.54,-55.72
2022,228,0.0,0.6,0.4,35.44,43.9,0.2,17.92,8.33,Sorriso,MT,Centro-Oeste,-12.54,-55.72
2022,229,0.0,0.6,0.39,37.35,36.5,0.03,19.35,8.88,Sorriso,MT,Centro-Oeste,-12.54,-55.72
2022,230,0.0,0.6,0.38,37.74,37.68,0.04,17.31,7.84,Sorriso,MT,Centro-Oeste,-12.54,-55.72
2022,231,0.0,0.6,0.38,29.33,58.62,0.07,18.54,8.6,Sorriso,MT,Centro-Oeste,-12.54,-55.72
2022,232,0.0,0.6,0.38,33.06,38.72,0.04,21.79,9.98,Sorriso,MT,Centro-Oeste,-12.54,-55.72
2022,233,0.0,0.6,0.38,34.98,41.49,0.04,22.13,10.19,Sorriso,MT,Centro-Oeste,-12.54,-55.72
2022,234,0.0,0.6,0.37,34.92,31.66,0.04,22.51,10.23,Sorriso,MT,Centro-Oeste,-12.54,-55.72
2022,235,0.0,0.6,0.36,35.11,31.26,0.07,22.28,10.09,Sorriso,MT,Centro-Oeste,-12.54,-55.72
2022,236,0.0,0.6,0.35,36.12,33.43,0.05,22.08,9.94,Sorriso,MT,Centro-Oeste,-12.54,-55.72
2022,237,0.0,0.6,0.35,36.33,35.46,0.19,18.25,8.27,Sorriso,MT,Centro-Oeste,-12.54,-55.72
2022,238,0.0,0.6,0.35,35.68,37.97,0.23,18.51,8.38,Sorriso,MT,Centro-Oeste,-12.54,-55.72
2022,239,0.0,0.6,0.35,36.95,36.12,0.14,16.91,7.76,Sorriso,MT,Centro-Oeste,-12.54,-55.72
2022,240,0.0,0.6,0.34,36.52,31.32,0.04,18.95,8.76,Sorriso,MT,Centro-Oeste,-12.54,-55.72
2022,241,0.0,0.6,0.33,37.03,32.68,0.05,18.35,8.57,Sorriso,MT,Centro-Oeste,-12.54,-55.72
2022,242,0.0,0.6,0.33,36.85,34.34,0.26,21.66,9.85,Sorriso,MT,Centro-Oeste,-12.54,-55.72
2022,243,0.0,0.6,0.33,37.91,29.72,0.14,21.05,9.45,Sorriso,MT,Centro-Oeste,-12.54,-55.72
2022,244,0.0,0.6,0.32,37.54,29.21,0.04,19.97,8.95,Sorriso,MT,Centro-Oeste,-12.54,-55.72
2022,245,0.0,0.6,0.32,37.47,28.84,0.07,21.52,9.56,Sorriso,MT,Centro-Oeste,-12.54,-55.72
2022,246,0.0,0.6,0.31,37.06,24.18,0.15,23.56,10.47,Sorriso,MT,Centro-Oeste,-12.54,-55.72
2022,247,0.0,0.6,0.31,36.93,30.96,0.13,23.99,10.64,Sorriso,MT,Centro-Oeste,-12.54,-55.72
2022,248,0.08,0.6,0.31,38.45,31.83,0.15,21.63,9.65,Sorriso,MT,Centro-Oeste,-12.54,-55.72
2022,249,0.0,0.6,0.31,38.21,28.62,0.14,19.0,8.43,Sorriso,MT,Centro-Oeste,-12.54,-55.72
2022,250,0.0,0.6,0.3,38.51,30.72,0.04,17.7,7.82,Sorriso,MT,Centro-Oeste,-12.54,-55.72
2022,251,0.07,0.6,0.3,37.22,35.51,0.19,16.89,7.3,Sorriso,MT,Centro-Oeste,-12.54,-55.72
2022,252,0.27,0.6,0.3,38.04,34.39,0.26,19.43,8.39,Sorriso,MT,Centro-Oeste,-12.54,-55.72
2022,253,0.0,0.6,0.3,39.22,27.17,0.22,22.43,9.98,Sorriso,MT,Centro-Oeste,-12.54,-55.72
2022,254,0.0,0.6,0.3,38.96,27.73,0.21,21.4,9.15,Sorriso,MT,Centro-Oeste,-12.54,-55.72
2022,255,0.0,0.6,0.29,39.12,24.5,0.45,18.64,7.9,Sorriso,MT,Centro-Oeste,-12.54,-55.72
2022,256,0.0,0.6,0.29,37.46,30.27,0.43,15.45,6.62,Sorriso,MT,Centro-Oeste,-12.54,-55.72
2022,257,0.12,0.6,0.29,37.76,39.7,0.13,16.98,7.57,Sorriso,MT,Centro-Oeste,-12.54,-55.72
2022,258,0.0,0.6,0.3,34.34,50.68,0.05,17.74,7.94,Sorriso,MT,Centro-Oeste,-12.54,-55.72
2022,259,0.0,0.6,0.3,37.85,40.61,0.03,21.21,9.48,Sorriso,MT,Centro-Oeste,-12.54,-55.72
2022,260,0.0,0.6,0.3,38.74,35.33,0.18,21.12,9.56,Sorriso,MT,Centro-Oeste,-12.54,-55.72
2022,261,0.66,0.6,0.29,38.51,40.48,0.08,14.86,6.58,Sorriso,MT,Centro-Oeste,-12.54,-55.72
2022,262,1.7,0.6,0.35,36.34,58.4,0.04,16.28,7.69,Sorriso,MT,Centro-Oeste,-12.54,-55.72
2022,263,17.38,0.62,0.56,37.29,56.58,0.18,18.29,8.56,Sorriso,MT,Centro-Oeste,-12.54,-55.72
2022,264,9.72,0.64,0.69,35.45,69.03,0.02,17.14,8.08,Sorriso,MT,Centro-Oeste,-12.54,-55.72
2022,265,1.65,0.64,0.62,35.64,69.83,0.06,10.85,5.48,Sorriso,MT,Centro-Oeste,-12.54,-55.72
2022,266,6.53,0.64,0.66,31.97,75.71,0.04,11.54,5.76,Sorriso,MT,Centro-Oeste,-12.54,-55.72
2022,267,0.97,0.64,0.61,33.91,65.78,0.1,16.91,8.19,Sorriso,MT,Centro-Oeste,-12.54,-55.72
2022,268,3.76,0.63,0.61,36.59,60.63,0.05,22.69,10.68,Sorriso,MT,Centro-Oeste,-12.54,-55.72
2022,269,5.32,0.64,0.66,36.16,62.46,0.1,24.31,11.39,Sorriso,MT,Centro-Oeste,-12.54,-55.72
2022,270,1.54,0.64,0.61,35.64,59.9,0.04,20.36,9.8,Sorriso,MT,Centro-Oeste,-12.54,-55.72
2022,271,0.42,0.63,0.6,36.24,63.63,0.02,22.08,10.38,Sorriso,MT,Centro-Oeste,-12.54,-55.72
2022,272,0.23,0.63,0.6,37.12,61.81,0.03,17.21,8.26,Sorriso,MT,Centro-Oeste,-12.54,-55.72
2022,273,0.0,0.62,0.59,37.23,56.85,0.03,23.08,10.6,Sorriso,MT,Centro-Oeste,-12.54,-55.72
2022,274,0.3,0.62,0.59,38.12,56.52,0.03,21.36,9.8,Sorriso,MT,Centro-Oeste,-12.54,-55.72
2022,275,1.07,0.62,0.58,37.69,59.02,0.03,20.7,9.54,Sorriso,MT,Centro-Oeste,-12.54,-55.72
2022,276,9.34,0.63,0.67,34.87,70.44,0.05,17.4,8.14,Sorriso,MT,Centro-Oeste,-12.54,-55.72
2022,277,5.45,0.64,0.65,31.18,70.68,0.14,19.69,9.15,Sorriso,MT,Centro-Oeste,-12.54,-55.72
2022,278,0.03,0.64,0.61,33.78,64.25,0.19,18.97,8.92,Sorriso,MT,Centro-Oeste,-12.54,-55.72
2022,279,8.15,0.64,0.65,36.05,65.85,0.05,20.49,9.5,Sorriso,MT,Centro-Oeste,-12.54,-55.72
2022,280,7.44,0.65,0.68,31.3,78.61,0.04,16.17,7.77,Sorriso,MT,Centro-Oeste,-12.54,-55.72
2022,281,1.26,0.65,0.62,35.63,69.25,0.16,21.07,9.89,Sorriso,MT,Centro-Oeste,-12.54,-55.72
2022,282,9.79,0.66,0.69,32.41,70.86,0.14,15.82,7.74,Sorriso,MT,Centro-Oeste,-12.54,-55.72
2022,283,16.59,0.66,0.7,32.74,76.9,0.03,18.91,9.02,Sorriso,MT,Centro-Oeste,-12.54,-55.72
2022,284,1.39,0.67,0.68,32.44,73.58,0.06,18.31,8.71,Sorriso,MT,Centro-Oeste,-12.54,-55.72
2022,285,28.54,0.69,0.77,26.29,84.88,0.07,16.85,8.15,Sorriso,MT,Centro-Oeste,-12.54,-55.72
2022,286,0.65,0.7,0.69,30.82,81.23,0.13,15.03,7.38,Sorriso,MT,Centro-Oeste,-12.54,-55.72
2022,287,0.05,0.68,0.64,33.9,70.0,0.13,23.38,10.86,Sorriso,MT,Centro-Oeste,-12.54,-55.72
2022,288,0.08,0.66,0.62,35.34,65.93,0.15,23.41,10.9,Sorriso,MT,Centro-Oeste,-12.54,-55.72
2022,289,0.03,0.66,0.61,36.1,64.11,0.06,21.81,10.1,Sorriso,MT,Centro-Oeste,-12.54,-55.72
2022,290,6.59,0.66,0.66,34.54,67.29,0.19,19.05,9.08,Sorriso,MT,Centro-Oeste,-12.54,-55.72
2022,291,0.35,0.66,0.62,34.98,67.72,0.09,18.49,8.84,Sorriso,MT,Centro-Oeste,-12.54,-55.72
2022,292,3.19,0.65,0.63,35.33,68.76,0.05,23.73,11.02,Sorriso,MT,Centro-Oeste,-12.54,-55.72
2022,293,3.07,0.65,0.63,35.41,67.4,0.03,18.79,8.74,Sorriso,MT,Centro-Oeste,-12.54,-55.72
2022,294,14.91,0.67,0.74,28.35,88.96,0.02,9.65,4.73,Sorriso,MT,Centro-Oeste,-12.54,-55.72
2022,295,3.33,0.67,0.66,32.21,79.92,0.04,16.52,7.93,Sorriso,MT,Centro-Oeste,-12.54,-55.72
2022,296,2.11,0.67,0.65,32.19,79.67,0.02,19.3,9.26,Sorriso,MT,Centro-Oeste,-12.54,-55.72
2022,297,3.63,0.67,0.65,32.31,77.15,0.1,14.65,7.22,Sorriso,MT,Centro-Oeste,-12.54,-55.72
2022,298,8.15,0.68,0.7,30.27,83.6,0.08,21.52,10.35,Sorriso,MT,Centro-Oeste,-12.54,-55.72
2022,299,0.56,0.67,0.64,34.15,72.58,0.03,22.65,10.77,Sorriso,MT,Centro-Oeste,-12.54,-55.72
2022,300,2.9,0.66,0.64,32.85,72.21,0.04,20.06,9.75,Sorriso,MT,Centro-Oeste,-12.54,-55.72
2022,301,4.21,0.66,0.65,32.43,78.94,0.03,21.35,10.32,Sorriso,MT,Centro-Oeste,-12.54,-55.72
2022,302,39.39,0.71,0.83,26.17,94.7,0.03,19.4,9.43,Sorriso,MT,Centro-Oeste,-12.54,-55.72
2022,303,2.5,0.71,0.72,31.18,83.2,0.04,23.43,11.08,Sorriso,MT,Centro-Oeste,-12.54,-55.72
2022,304,18.37,0.71,0.78,31.38,83.09,0.07,15.37,7.54,Sorriso,MT,Centro-Oeste,-12.54,-55.72
2022,305,3.24,0.71,0.73,23.53,74.61,0.07,9.28,4.79,Sorriso,MT,Centro-Oeste,-12.54,-55.72
2022,306,0.09,0.7,0.67,26.34,67.64,0.04,19.87,9.48,Sorriso,MT,Centro-Oeste,-12.54,-55.72
2022,307,0.03,0.68,0.65,28.98,68.26,0.03,27.85,12.94,Sorriso,MT,Centro-Oeste,-12.54,-55.72
2022,308,0.02,0.68,0.64,30.22,67.97,0.03,26.93,12.53,Sorriso,MT,Centro-Oeste,-12.54,-55.72
2022,309,0.0,0.67,0.63,32.1,67.93,0.04,24.97,11.68,Sorriso,MT,Centro-Oeste,-12.54,-55.72
2022,310,0.0,0.66,0.61,33.94,59.26,0.05,26.43,12.15,Sorriso,MT,Centro-Oeste,-12.54,-55.72
2022,311,0.0,0.65,0.6,35.31,54.86,0.06,27.76,12.74,Sorriso,MT,Centro-Oeste,-12.54,-55.72
2022,312,0.0,0.65,0.6,36.54,54.71,0.19,27.63,12.7,Sorriso,MT,Centro-Oeste,-12.54,-55.72
2022,313,0.0,0.65,0.6,36.33,62.84,0.03,26.84,12.47,Sorriso,MT,Centro-Oeste,-12.54,-55.72
2022,314,0.12,0.64,0.6,35.05,63.53,0.03,25.42,12.11,Sorriso,MT,Centro-Oeste,-12.54,-55.72
2022,315,21.29,0.65,0.72,31.99,75.64,0.04,19.55,9.55,Sorriso,MT,Centro-Oeste,-12.54,-55.72
2022,316,16.02,0.7,0.79,27.34,89.67,0.06,10.83,5.64,Sorriso,MT,Centro-Oeste,-12.54,-55.72
2022,317,0.36,0.7,0.68,31.45,78.01,0.1,22.55,10.74,Sorriso,MT,Centro-Oeste,-12.54,-55.72
2022,318,5.61,0.68,0.66,32.41,77.21,0.04,21.62,10.43,Sorriso,MT,Centro-Oeste,-12.54,-55.72
2022,319,13.75,0.7,0.76,30.85,84.64,0.14,21.77,10.49,Sorriso,MT,Centro-Oeste,-12.54,-55.72
2022,320,7.26,0.7,0.74,30.77,84.64,0.04,24.64,11.86,Sorriso,MT,Centro-Oeste,-12.54,-55.72
2022,321,6.86,0.7,0.73,31.59,81.75,0.14,23.59,11.39,Sorriso,MT,Centro-Oeste,-12.54,-55.72
2022,322,1.72,0.69,0.68,32.57,74.96,0.14,14.27,7.27,Sorriso,MT,Centro-Oeste,-12.54,-55.72
2022,323,0.08,0.68,0.65,33.44,74.87,0.09,25.36,12.1,Sorriso,MT,Centro-Oeste,-12.54,-55.72
2022,324,6.73,0.68,0.68,31.47,76.03,0.04,24.1,11.5,Sorriso,MT,Centro-Oeste,-12.54,-55.72
2022,325,2.79,0.68,0.66,31.24,77.2,0.03,23.79,11.31,Sorriso,MT,Centro-Oeste,-12.54,-55.72
2022,326,5.32,0.68,0.66,30.88,81.48,0.08,19.68,9.59,Sorriso,MT,Centro-Oeste,-12.54,-55.72
2022,327,8.11,0.69,0.72,29.57,85.86,0.15,23.83,11.47,Sorriso,MT,Centro-Oeste,-12.54,-55.72
2022,328,4.51,0.69,0.68,29.91,83.1,0.15,15.22,7.67,Sorriso,MT,Centro-Oeste,-12.54,-55.72
2022,329,3.22,0.69,0.69,28.31,87.9,0.09,21.86,10.65,Sorriso,MT,Centro-Oeste,-12.54,-55.72
2022,330,4.04,0.69,0.69,29.64,83.41,0.14,23.77,11.42,Sorriso,MT,Centro-Oeste,-12.54,-55.72
2022,331,1.3,0.69,0.67,31.26,81.92,0.05,24.1,11.55,Sorriso,MT,Centro-Oeste,-12.54,-55.72
2022,332,0.02,0.68,0.64,32.76,72.75,0.05,25.31,12.16,Sorriso,MT,Centro-Oeste,-12.54,-55.72
2022,333,0.09,0.67,0.63,33.39,68.87,0.04,23.15,11.21,Sorriso,MT,Centro-Oeste,-12.54,-55.72
2022,334,10.03,0.67,0.69,30.14,81.55,0.04,16.7,8.32,Sorriso,MT,Centro-Oeste,-12.54,-55.72
2022,335,5.85,0.68,0.7,29.68,86.02,0.04,23.1,11.12,Sorriso,MT,Centro-Oeste,-12.54,-55.72
2022,336,9.96,0.7,0.74,28.6,86.91,0.05,21.01,10.34,Sorriso,MT,Centro-Oeste,-12.54,-55.72
2022,337,21.22,0.71,0.78,28.98,88.19,0.03,14.07,7.45,Sorriso,MT,Centro-Oeste,-12.54,-55.72
2022,338,9.78,0.72,0.77,27.61,92.0,0.03,15.97,8.39,Sorriso,MT,Centro-Oeste,-12.54,-55.72
2022,339,4.99,0.73,0.76,27.29,88.92,0.04,18.12,9.27,Sorriso,MT,Centro-Oeste,-12.54,-55.72
2022,340,7.09,0.72,0.75,27.04,92.13,0.06,23.34,11.32,Sorriso,MT,Centro-Oeste,-12.54,-55.72
2022,341,3.05,0.72,0.73,29.01,87.33,0.14,23.61,11.43,Sorriso,MT,Centro-Oeste,-12.54,-55.72
2022,342,0.29,0.71,0.7,30.21,81.3,0.1,21.66,10.61,Sorriso,MT,Centro-Oeste,-12.54,-55.72
2022,343,15.71,0.71,0.76,30.31,83.53,0.06,13.76,6.89,Sorriso,MT,Centro-Oeste,-12.54,-55.72
2022,344,0.82,0.71,0.73,29.55,85.8,0.08,16.73,8.37,Sorriso,MT,Centro-Oeste,-12.54,-55.72
2022,345,4.71,0.7,0.71,30.6,81.59,0.02,19.81,9.54,Sorriso,MT,Centro-Oeste,-12.54,-55.72
2022,346,4.4,0.7,0.71,30.18,83.38,0.1,24.12,11.56,Sorriso,MT,Centro-Oeste,-12.54,-55.72
2022,347,3.47,0.7,0.7,31.14,80.55,0.08,23.54,11.29,Sorriso,MT,Centro-Oeste,-12.54,-55.72
2022,348,5.59,0.7,0.71,26.37,91.26,0.03,15.15,7.75,Sorriso,MT,Centro-Oeste,-12.54,-55.72
2022,349,8.59,0.7,0.73,26.44,93.74,0.03,16.03,8.08,Sorriso,MT,Centro-Oeste,-12.54,-55.72
2022,350,4.49,0.71,0.75,26.04,92.6,0.07,10.44,5.5,Sorriso,MT,Centro-Oeste,-12.54,-55.72
2022,351,15.47,0.72,0.78,27.53,91.46,0.07,20.69,10.16,Sorriso,MT,Centro-Oeste,-12.54,-55.72
2022,352,27.42,0.76,0.89,25.52,96.55,0.06,16.11,8.09,Sorriso,MT,Centro-Oeste,-12.54,-55.72
2022,353,22.06,0.76,0.83,26.77,93.55,0.05,19.15,9.56,Sorriso,MT,Centro-Oeste,-12.54,-55.72
2022,354,16.02,0.79,0.87,26.44,93.8,0.03,14.81,7.56,Sorriso,MT,Centro-Oeste,-12.54,-55.72
2022,355,20.6,0.79,0.88,24.9,96.53,0.03,13.27,6.84,Sorriso,MT,Centro-Oeste,-12.54,-55.72
2022,356,6.71,0.78,0.81,28.66,90.76,0.09,17.5,8.75,Sorriso,MT,Centro-Oeste,-12.54,-55.72
2022,357,7.26,0.78,0.82,27.82,92.37,0.03,12.2,6.49,Sorriso,MT,Centro-Oeste,-12.54,-55.72
2022,358,10.6,0.78,0.83,27.12,92.89,0.03,17.49,8.85,Sorriso,MT,Centro-Oeste,-12.54,-55.72
2022,359,7.12,0.77,0.81,26.45,93.98,0.06,16.76,8.48,Sorriso,MT,Centro-Oeste,-12.54,-55.72
2022,360,6.55,0.78,0.81,26.51,93.11,0.02,18.81,9.37,Sorriso,MT,Centro-Oeste,-12.54,-55.72
2022,361,11.89,0.78,0.83,28.01,93.61,0.05,11.82,6.28,Sorriso,MT,Centro-Oeste,-12.54,-55.72
2022,362,10.62,0.78,0.83,26.7,94.91,0.04,9.33,4.95,Sorriso,MT,Centro-Oeste,-12.54,-55.72
2022,363,2.66,0.78,0.8,26.64,92.12,0.03,13.06,6.74,Sorriso,MT,Centro-Oeste,-12.54,-55.72
2022,364,2.76,0.78,0.8,26.21,93.81,0.03,17.59,8.92,Sorriso,MT,Centro-Oeste,-12.54,-55.72
2022,365,3.77,0.77,0.79,27.18,91.88,0.08,18.12,9.24,Sorriso,MT,Centro-Oeste,-12.54,-55.72
2023,1,4.36,0.77,0.79,28.75,90.62,0.07,24.34,11.72,Sorriso,MT,Centro-Oeste,-12.54,-55.72
2023,2,7.57,0.77,0.81,27.5,94.36,0.12,12.41,6.36,Sorriso,MT,Centro-Oeste,-12.54,-55.72
2023,3,18.22,0.78,0.85,27.64,92.33,0.03,21.18,10.35,Sorriso,MT,Centro-Oeste,-12.54,-55.72
2023,4,16.41,0.81,0.89,26.97,93.47,0.03,17.97,9.01,Sorriso,MT,Centro-Oeste,-12.54,-55.72
2023,5,17.52,0.81,0.88,27.53,92.18,0.06,17.67,8.76,Sorriso,MT,Centro-Oeste,-12.54,-55.72
2023,6,16.36,0.82,0.89,24.96,95.42,0.03,12.6,6.5,Sorriso,MT,Centro-Oeste,-12.54,-55.72
2023,7,18.18,0.82,0.89,27.02,91.4,0.05,15.24,7.54,Sorriso,MT,Centro-Oeste,-12.54,-55.72
2023,8,12.47,0.83,0.89,27.26,92.85,0.03,15.85,7.96,Sorriso,MT,Centro-Oeste,-12.54,-55.72
2023,9,12.9,0.83,0.88,27.29,92.05,0.03,12.96,6.63,Sorriso,MT,Centro-Oeste,-12.54,-55.72
2023,10,5.36,0.83,0.86,25.75,92.11,0.07,16.35,8.09,Sorriso,MT,Centro-Oeste,-12.54,-55.72
2023,11,5.35,0.83,0.86,27.35,90.63,0.04,21.77,10.53,Sorriso,MT,Centro-Oeste,-12.54,-55.72
2023,12,4.69,0.82,0.84,27.8,89.42,0.05,17.23,8.49,Sorriso,MT,Centro-Oeste,-12.54,-55.72
2023,13,9.24,0.81,0.86,26.88,92.99,0.03,16.51,8.2,Sorriso,MT,Centro-Oeste,-12.54,-55.72
2023,14,2.31,0.82,0.84,27.69,88.06,0.1,17.44,8.56,Sorriso,MT,Centro-Oeste,-12.54,-55.72
2023,15,0.76,0.8,0.82,26.29,91.26,0.22,19.86,9.64,Sorriso,MT,Centro-Oeste,-12.54,-55.72
2023,16,5.38,0.8,0.83,25.78,91.55,0.21,21.62,10.48,Sorriso,MT,Centro-Oeste,-12.54,-55.72
2023,17,2.31,0.8,0.83,25.76,93.33,0.13,21.5,10.34,Sorriso,MT,Centro-Oeste,-12.54,-55.72
2023,18,0.5,0.8,0.81,27.83,86.73,0.19,23.69,11.31,Sorriso,MT,Centro-Oeste,-12.54,-55.72
2023,19,2.26,0.79,0.81,27.71,89.23,0.15,18.27,8.91,Sorriso,MT,Centro-Oeste,-12.54,-55.72
2023,20,1.8,0.79,0.8,27.76,88.15,0.12,22.6,10.88,Sorriso,MT,Centro-Oeste,-12.54,-55.72
2023,21,6.09,0.79,0.82,27.19,92.46,0.07,21.99,10.63,Sorriso,MT,Centro-Oeste,-12.54,-55.72
2023,22,9.33,0.79,0.84,26.45,94.15,0.04,18.02,8.87,Sorriso,MT,Centro-Oeste,-12.54,-55.72
2023,23,20.82,0.81,0.89,28.02,91.42,0.07,18.08,8.86,Sorriso,MT,Centro-Oeste,-12.54,-55.72
2023,24,9.05,0.83,0.88,27.65,89.65,0.09,19.05,9.31,Sorriso,MT,Centro-Oeste,-12.54,-55.72
2023,25,3.91,0.82,0.84,27.49,90.62,0.06,14.76,7.39,Sorriso,MT,Centro-Oeste,-12.54,-55.72
2023,26,1.83,0.81,0.83,28.06,89.38,0.07,18.76,9.25,Sorriso,MT,Centro-Oeste,-12.54,-55.72
2023,27,22.22,0.82,0.89,26.66,93.42,0.04,7.75,4.14,Sorriso,MT,Centro-Oeste,-12.54,-55.72
2023,28,8.55,0.83,0.86,26.4,92.98,0.04,12.33,6.28,Sorriso,MT,Centro-Oeste,-12.54,-55.72
2023,29,13.14,0.83,0.88,27.17,89.83,0.16,17.77,8.65,Sorriso,MT,Centro-Oeste,-12.54,-55.72
2023,30,8.63,0.83,0.87,27.65,89.25,0.23,22.84,10.94,Sorriso,MT,Centro-Oeste,-12.54,-55.72
2023,31,16.11,0.84,0.9,27.05,93.03,0.18,19.66,9.64,Sorriso,MT,Centro-Oeste,-12.54,-55.72
2023,32,3.6,0.83,0.85,29.09,86.36,0.17,22.38,10.8,Sorriso,MT,Centro-Oeste,-12.54,-55.72
2023,33,2.51,0.83,0.84,28.37,91.41,0.07,23.35,11.24,Sorriso,MT,Centro-Oeste,-12.54,-55.72
2023,34,12.74,0.83,0.87,27.87,90.9,0.2,22.24,10.75,Sorriso,MT,Centro-Oeste,-12.54,-55.72
2023,35,5.3,0.84,0.87,26.3,93.23,0.14,10.68,5.51,Sorriso,MT,Centro-Oeste,-12.54,-55.72
2023,36,8.99,0.84,0.87,27.52,89.87,0.27,22.71,10.9,Sorriso,MT,Centro-Oeste,-12.54,-55.72
2023,37,2.64,0.83,0.85,28.24,84.93,0.22,17.65,8.65,Sorriso,MT,Centro-Oeste,-12.54,-55.72
2023,38,6.98,0.83,0.86,27.75,90.03,0.27,19.72,9.62,Sorriso,MT,Centro-Oeste,-12.54,-55.72
2023,39,12.58,0.83,0.88,28.03,89.43,0.26,22.68,10.86,Sorriso,MT,Centro-Oeste,-12.54,-55.72
2023,40,5.55,0.84,0.87,28.64,88.61,0.19,18.53,9.0,Sorriso,MT,Centro-Oeste,-12.54,-55.72
2023,41,2.57,0.83,0.85,28.87,89.53,0.11,20.71,10.05,Sorriso,MT,Centro-Oeste,-12.54,-55.72
2023,42,0.98,0.82,0.83,29.07,87.61,0.15,24.13,11.56,Sorriso,MT,Centro-Oeste,-12.54,-55.72
2023,43,4.05,0.82,0.84,28.89,89.76,0.08,24.07,11.53,Sorriso,MT,Centro-Oeste,-12.54,-55.72
2023,44,3.36,0.82,0.84,27.76,93.66,0.12,25.25,12.07,Sorriso,MT,Centro-Oeste,-12.54,-55.72
2023,45,1.46,0.82,0.83,29.24,88.84,0.22,23.84,11.37,Sorriso,MT,Centro-Oeste,-12.54,-55.72
2023,46,3.69,0.81,0.84,27.97,91.76,0.19,17.84,8.79,Sorriso,MT,Centro-Oeste,-12.54,-55.72
2023,47,0.28,0.81,0.82,28.36,89.62,0.05,20.76,10.09,Sorriso,MT,Centro-Oeste,-12.54,-55.72
2023,48,46.95,0.83,0.92,25.53,93.82,0.1,15.33,7.54,Sorriso,MT,Centro-Oeste,-12.54,-55.72
2023,49,10.05,0.85,0.89,27.96,91.64,0.08,16.72,8.26,Sorriso,MT,Centro-Oeste,-12.54,-55.72
2023,50,13.67,0.85,0.91,25.35,96.72,0.06,16.03,7.93,Sorriso,MT,Centro-Oeste,-12.54,-55.72
2023,51,9.79,0.86,0.89,25.53,94.32,0.03,13.53,6.79,Sorriso,MT,Centro-Oeste,-12.54,-55.72
2023,52,3.83,0.85,0.87,26.13,93.64,0.03,14.11,7.1,Sorriso,MT,Centro-Oeste,-12.54,-55.72
2023,53,8.86,0.85,0.89,27.56,91.06,0.05,16.56,8.24,Sorriso,MT,Centro-Oeste,-12.54,-55.72
2023,54,1.23,0.85,0.86,27.45,89.91,0.13,21.78,10.53,Sorriso,MT,Centro-Oeste,-12.54,-55.72
2023,55,5.57,0.84,0.87,28.15,88.92,0.14,20.57,10.07,Sorriso,MT,Centro-Oeste,-12.54,-55.72
2023,56,10.6,0.85,0.89,27.56,92.43,0.15,17.69,8.78,Sorriso,MT,Centro-Oeste,-12.54,-55.72
2023,57,0.51,0.85,0.86,28.7,89.48,0.12,25.17,11.88,Sorriso,MT,Centro-Oeste,-12.54,-55.72
2023,58,1.01,0.84,0.85,28.0,90.13,0.15,20.58,9.96,Sorriso,MT,Centro-Oeste,-12.54,-55.72
2023,59,3.29,0.84,0.86,25.82,93.3,0.2,22.1,10.65,Sorriso,MT,Centro-Oeste,-12.54,-55.72
2023,60,1.18,0.84,0.85,28.51,89.77,0.2,23.71,11.32,Sorriso,MT,Centro-Oeste,-12.54,-55.72
2023,61,5.47,0.83,0.86,28.43,85.63,0.03,23.69,11.14,Sorriso,MT,Centro-Oeste,-12.54,-55.72
2023,62,7.19,0.83,0.87,28.75,86.83,0.12,22.44,10.68,Sorriso,MT,Centro-Oeste,-12.54,-55.72
2023,63,1.19,0.83,0.84,29.4,86.72,0.13,24.74,11.7,Sorriso,MT,Centro-Oeste,-12.54,-55.72
2023,64,6.25,0.82,0.85,28.63,89.76,0.14,22.92,11.03,Sorriso,MT,Centro-Oeste,-12.54,-55.72
2023,65,2.96,0.82,0.84,29.59,86.88,0.21,18.8,9.15,Sorriso,MT,Centro-Oeste,-12.54,-55.72
2023,66,33.54,0.83,0.91,27.54,94.35,0.08,19.86,9.68,Sorriso,MT,Centro-Oeste,-12.54,-55.72
2023,67,2.78,0.85,0.88,28.55,91.27,0.06,12.66,6.33,Sorriso,MT,Centro-Oeste,-12.54,-55.72
2023,68,0.02,0.84,0.85,28.59,87.47,0.08,19.11,9.14,Sorriso,MT,Centro-Oeste,-12.54,-55.72
2023,69,8.94,0.83,0.87,27.39,90.21,0.13,15.97,7.85,Sorriso,MT,Centro-Oeste,-12.54,-55.72
2023,70,2.63,0.84,0.86,26.13,91.08,0.05,14.31,7.09,Sorriso,MT,Centro-Oeste,-12.54,-55.72
2023,71,11.07,0.84,0.88,26.07,93.9,0.09,8.11,4.26,Sorriso,MT,Centro-Oeste,-12.54,-55.72
2023,72,1.95,0.84,0.86,27.48,89.99,0.1,15.0,7.33,Sorriso,MT,Centro-Oeste,-12.54,-55.72
2023,73,3.0,0.84,0.86,25.56,94.01,0.13,15.29,7.52,Sorriso,MT,Centro-Oeste,-12.54,-55.72
2023,74,2.96,0.83,0.85,28.65,87.83,0.12,18.36,8.88,Sorriso,MT,Centro-Oeste,-12.54,-55.72
2023,75,8.81,0.83,0.86,28.52,90.09,0.09,12.73,6.39,Sorriso,MT,Centro-Oeste,-12.54,-55.72
2023,76,13.69,0.85,0.9,24.8,97.82,0.1,19.23,9.5,Sorriso,MT,Centro-Oeste,-12.54,-55.72
2023,77,13.15,0.86,0.91,25.85,94.81,0.03,10.49,5.63,Sorriso,MT,Centro-Oeste,-12.54,-55.72
2023,78,8.57,0.86,0.9,25.88,93.79,0.03,14.55,7.44,Sorriso,MT,Centro-Oeste,-12.54,-55.72
2023,79,22.04,0.87,0.93,26.28,93.88,0.05,6.52,3.62,Sorriso,MT,Centro-Oeste,-12.54,-55.72
2023,80,9.76,0.88,0.91,26.0,92.67,0.03,13.26,6.88,Sorriso,MT,Centro-Oeste,-12.54,-55.72
2023,81,3.65,0.87,0.89,25.89,91.57,0.14,18.05,8.94,Sorriso,MT,Centro-Oeste,-12.54,-55.72
2023,82,14.99,0.88,0.92,25.91,94.02,0.24,11.7,5.95,Sorriso,MT,Centro-Oeste,-12.54,-55.72
2023,83,4.18,0.88,0.9,27.42,92.75,0.17,22.09,10.63,Sorriso,MT,Centro-Oeste,-12.54,-55.72
2023,84,6.26,0.87,0.89,28.63,90.84,0.09,22.91,10.98,Sorriso,MT,Centro-Oeste,-12.54,-55.72
2023,85,5.56,0.87,0.89,28.97,89.8,0.17,24.69,11.72,Sorriso,MT,Centro-Oeste,-12.54,-55.72
2023,86,5.91,0.87,0.89,27.69,93.1,0.24,20.67,9.99,Sorriso,MT,Centro-Oeste,-12.54,-55.72
2023,87,2.28,0.87,0.89,26.76,92.01,0.15,23.71,11.36,Sorriso,MT,Centro-Oeste,-12.54,-55.72
2023,88,11.48,0.87,0.9,27.99,88.58,0.07,15.91,8.03,Sorriso,MT,Centro-Oeste,-12.54,-55.72
2023,89,8.66,0.88,0.91,28.28,91.93,0.11,24.02,11.41,Sorriso,MT,Centro-Oeste,-12.54,-55.72
2023,90,4.22,0.87,0.89,28.83,86.11,0.3,22.91,10.92,Sorriso,MT,Centro-Oeste,-12.54,-55.72
2023,91,7.68,0.87,0.89,29.35,87.94,0.19,19.36,9.47,Sorriso,MT,Centro-Oeste,-12.54,-55.72
2023,92,8.86,0.87,0.9,28.05,90.32,0.12,16.37,8.03,Sorriso,MT,Centro-Oeste,-12.54,-55.72
2023,93,1.54,0.87,0.88,28.28,89.54,0.03,19.56,9.46,Sorriso,MT,Centro-Oeste,-12.54,-55.72
2023,94,0.07,0.86,0.87,27.73,86.58,0.14,23.15,10.86,Sorriso,MT,Centro-Oeste,-12.54,-55.72
2023,95,14.21,0.86,0.91,27.45,90.18,0.16,21.48,10.23,Sorriso,MT,Centro-Oeste,-12.54,-55.72
2023,96,2.58,0.87,0.88,25.96,91.74,0.25,11.53,5.82,Sorriso,MT,Centro-Oeste,-12.54,-55.72
2023,97,4.37,0.86,0.88,28.4,89.54,0.25,14.18,7.07,Sorriso,MT,Centro-Oeste,-12.54,-55.72
2023,98,9.21,0.87,0.91,25.76,95.8,0.08,13.5,6.72,Sorriso,MT,Centro-Oeste,-12.54,-55.72
2023,99,0.76,0.87,0.88,27.44,90.99,0.02,18.75,9.13,Sorriso,MT,Centro-Oeste,-12.54,-55.72
2023,100,2.54,0.86,0.87,27.4,91.04,0.16,19.66,9.66,Sorriso,MT,Centro-Oeste,-12.54,-55.72
2023,101,2.12,0.86,0.88,28.01,90.97,0.06,18.01,8.92,Sorriso,MT,Centro-Oeste,-12.54,-55.72
2023,102,0.9,0.86,0.87,26.37,93.29,0.07,19.82,9.63,Sorriso,MT,Centro-Oeste,-12.54,-55.72
2023,103,0.03,0.85,0.86,28.87,89.8,0.12,20.47,9.98,Sorriso,MT,Centro-Oeste,-12.54,-55.72
2023,104,0.0,0.85,0.85,28.41,86.67,0.12,21.22,10.28,Sorriso,MT,Centro-Oeste,-12.54,-55.72
2023,105,3.09,0.84,0.86,28.5,87.01,0.12,20.25,9.82,Sorriso,MT,Centro-Oeste,-12.54,-55.72
2023,106,0.81,0.84,0.86,29.07,88.42,0.18,21.59,10.37,Sorriso,MT,Centro-Oeste,-12.54,-55.72
2023,107,0.0,0.84,0.85,28.9,89.7,0.26,21.48,10.35,Sorriso,MT,Centro-Oeste,-12.54,-55.72
2023,108,0.0,0.83,0.84,28.58,89.98,0.13,19.9,9.64,Sorriso,MT,Centro-Oeste,-12.54,-55.72
2023,109,4.68,0.83,0.85,27.6,93.33,0.03,18.9,9.27,Sorriso,MT,Centro-Oeste,-12.54,-55.72
2023,110,2.36,0.83,0.85,27.07,92.97,0.14,14.66,7.46,Sorriso,MT,Centro-Oeste,-12.54,-55.72
2023,111,5.14,0.84,0.86,25.61,94.04,0.02,18.0,8.89,Sorriso,MT,Centro-Oeste,-12.54,-55.72
2023,112,6.42,0.84,0.86,28.43,92.13,0.11,12.74,6.49,Sorriso,MT,Centro-Oeste,-12.54,-55.72
2023,113,5.38,0.84,0.88,26.55,93.22,0.06,18.19,8.97,Sorriso,MT,Centro-Oeste,-12.54,-55.72
2023,114,0.35,0.84,0.85,28.31,89.97,0.04,22.15,10.55,Sorriso,MT,Centro-Oeste,-12.54,-55.72
2023,115,0.81,0.83,0.84,28.58,89.02,0.09,20.42,9.82,Sorriso,MT,Centro-Oeste,-12.54,-55.72
2023,116,0.75,0.82,0.83,28.58,90.26,0.04,21.71,10.41,Sorriso,MT,Centro-Oeste,-12.54,-55.72
2023,117,0.16,0.82,0.83,28.62,89.01,0.13,21.26,10.19,Sorriso,MT,Centro-Oeste,-12.54,-55.72
2023,118,0.09,0.81,0.82,28.91,88.93,0.05,20.0,9.68,Sorriso,MT,Centro-Oeste,-12.54,-55.72
2023,119,0.01,0.8,0.81,29.06,89.34,0.13,21.62,10.27,Sorriso,MT,Centro-Oeste,-12.54,-55.72
2023,120,0.0,0.8,0.81,29.15,87.66,0.19,20.27,9.72,Sorriso,MT,Centro-Oeste,-12.54,-55.72
2023,121,0.03,0.79,0.8,28.85,88.97,0.18,19.51,9.4,Sorriso,MT,Centro-Oeste,-12.54,-55.72
2023,122,0.01,0.79,0.8,28.75,89.16,0.15,18.33,8.96,Sorriso,MT,Centro-Oeste,-12.54,-55.72
2023,123,0.04,0.79,0.79,28.58,89.16,0.04,19.35,9.33,Sorriso,MT,Centro-Oeste,-12.54,-55.72
2023,124,0.03,0.78,0.79,27.97,87.28,0.07,21.05,9.85,Sorriso,MT,Centro-Oeste,-12.54,-55.72
2023,125,0.0,0.77,0.78,27.7,87.75,0.09,22.1,10.37,Sorriso,MT,Centro-Oeste,-12.54,-55.72
2023,126,2.03,0.77,0.78,28.18,90.93,0.07,16.58,8.21,Sorriso,MT,Centro-Oeste,-12.54,-55.72
2023,127,0.18,0.77,0.78,28.84,89.28,0.03,21.38,10.11,Sorriso,MT,Centro-Oeste,-12.54,-55.72
2023,128,0.01,0.76,0.77,28.47,88.64,0.11,19.74,9.3,Sorriso,MT,Centro-Oeste,-12.54,-55.72
2023,129,0.0,0.76,0.76,28.23,88.33,0.11,18.2,8.68,Sorriso,MT,Centro-Oeste,-12.54,-55.72
2023,130,0.0,0.76,0.76,27.41,89.29,0.21,20.92,9.73,Sorriso,MT,Centro-Oeste,-12.54,-55.72
2023,131,0.0,0.75,0.75,27.84,87.76,0.18,19.19,9.07,Sorriso,MT,Centro-Oeste,-12.54,-55.72
2023,132,0.0,0.75,0.75,27.91,88.5,0.16,19.5,9.1,Sorriso,MT,Centro-Oeste,-12.54,-55.72
2023,133,0.06,0.74,0.74,27.57,88.03,0.04,19.25,9.14,Sorriso,MT,Centro-Oeste,-12.54,-55.72
2023,134,0.01,0.74,0.74,27.59,87.51,0.04,21.37,9.95,Sorriso,MT,Centro-Oeste,-12.54,-55.72
2023,135,0.0,0.73,0.73,27.4,86.67,0.18,21.89,10.09,Sorriso,MT,Centro-Oeste,-12.54,-55.72
2023,136,0.0,0.73,0.72,27.27,85.48,0.18,21.58,9.96,Sorriso,MT,Centro-Oeste,-12.54,-55.72
2023,137,0.0,0.72,0.72,28.13,86.2,0.13,20.24,9.45,Sorriso,MT,Centro-Oeste,-12.54,-55.72
2023,138,0.0,0.72,0.71,28.46,87.47,0.1,19.3,9.11,Sorriso,MT,Centro-Oeste,-12.54,-55.72
2023,139,0.0,0.71,0.71,27.84,86.07,0.19,21.25,9.79,Sorriso,MT,Centro-Oeste,-12.54,-55.72
2023,140,0.0,0.71,0.7,28.63,86.4,0.13,18.82,8.82,Sorriso,MT,Centro-Oeste,-12.54,-55.72
2023,141,0.0,0.71,0.69,29.12,84.68,0.03,19.07,8.95,Sorriso,MT,Centro-Oeste,-12.54,-55.72
2023,142,0.01,0.7,0.68,29.17,84.2,0.04,19.32,9.04,Sorriso,MT,Centro-Oeste,-12.54,-55.72
2023,143,0.0,0.7,0.68,28.52,83.82,0.18,18.11,8.49,Sorriso,MT,Centro-Oeste,-12.54,-55.72
2023,144,0.0,0.7,0.67,29.03,82.74,0.15,19.05,8.88,Sorriso,MT,Centro-Oeste,-12.54,-55.72
2023,145,0.0,0.69,0.67,30.0,83.26,0.1,18.25,8.56,Sorriso,MT,Centro-Oeste,-12.54,-55.72
2023,146,0.0,0.69,0.66,30.01,81.04,0.04,19.81,9.24,Sorriso,MT,Centro-Oeste,-12.54,-55.72
2023,147,0.0,0.69,0.66,30.49,82.2,0.18,19.07,8.96,Sorriso,MT,Centro-Oeste,-12.54,-55.72
2023,148,0.06,0.68,0.65,30.98,81.09,0.17,18.32,8.61,Sorriso,MT,Centro-Oeste,-12.54,-55.72
2023,149,0.03,0.68,0.65,29.92,82.11,0.14,17.07,8.08,Sorriso,MT,Centro-Oeste,-12.54,-55.72
2023,150,0.3,0.68,0.65,30.71,78.41,0.06,16.61,7.89,Sorriso,MT,Centro-Oeste,-12.54,-55.72
2023,151,7.94,0.68,0.69,30.07,82.59,0.06,16.41,7.83,Sorriso,MT,Centro-Oeste,-12.54,-55.72
2023,152,8.48,0.7,0.74,28.53,89.58,0.03,16.31,7.82,Sorriso,MT,Centro-Oeste,-12.54,-55.72
2023,153,1.13,0.7,0.7,29.01,84.66,0.15,17.42,8.28,Sorriso,MT,Centro-Oeste,-12.54,-55.72
2023,154,0.07,0.7,0.67,29.42,82.3,0.22,18.12,8.57,Sorriso,MT,Centro-Oeste,-12.54,-55.72
2023,155,0.0,0.69,0.66,29.84,78.26,0.27,18.2,8.58,Sorriso,MT,Centro-Oeste,-12.54,-55.72
2023,156,0.0,0.68,0.65,29.17,74.95,0.25,18.64,8.74,Sorriso,MT,Centro-Oeste,-12.54,-55.72
2023,157,0.0,0.68,0.64,29.62,73.36,0.2,18.61,8.61,Sorriso,MT,Centro-Oeste,-12.54,-55.72
2023,158,0.0,0.67,0.64,30.74,78.12,0.19,16.97,7.98,Sorriso,MT,Centro-Oeste,-12.54,-55.72
2023,159,0.0,0.67,0.64,30.47,75.33,0.17,16.32,7.78,Sorriso,MT,Centro-Oeste,-12.54,-55.72
2023,160,0.0,0.67,0.63,31.27,73.71,0.15,17.71,8.37,Sorriso,MT,Centro-Oeste,-12.54,-55.72
2023,161,0.0,0.67,0.63,31.68,75.76,0.08,17.56,8.29,Sorriso,MT,Centro-Oeste,-12.54,-55.72
2023,162,4.25,0.67,0.65,31.76,78.39,0.14,17.36,8.2,Sorriso,MT,Centro-Oeste,-12.54,-55.72
2023,163,0.37,0.67,0.64,31.66,79.48,0.2,16.25,7.75,Sorriso,MT,Centro-Oeste,-12.54,-55.72
2023,164,0.01,0.67,0.63,28.41,72.28,0.06,12.49,6.19,Sorriso,MT,Centro-Oeste,-12.54,-55.72
2023,165,0.0,0.67,0.63,24.38,63.88,0.04,16.02,7.71,Sorriso,MT,Centro-Oeste,-12.54,-55.72
2023,166,0.0,0.66,0.63,26.66,64.52,0.03,17.91,8.45,Sorriso,MT,Centro-Oeste,-12.54,-55.72
2023,167,0.0,0.66,0.63,29.25,71.92,0.03,18.64,8.67,Sorriso,MT,Centro-Oeste,-12.54,-55.72
2023,168,0.0,0.66,0.62,29.34,67.51,0.03,18.55,8.63,Sorriso,MT,Centro-Oeste,-12.54,-55.72
2023,169,0.0,0.66,0.62,29.74,67.32,0.1,19.8,9.08,Sorriso,MT,Centro-Oeste,-12.54,-55.72
2023,170,0.0,0.66,0.62,31.35,69.22,0.12,19.96,9.15,Sorriso,MT,Centro-Oeste,-12.54,-55.72
2023,171,0.0,0.65,0.61,32.45,64.39,0.2,19.1,8.84,Sorriso,MT,Centro-Oeste,-12.54,-55.72
2023,172,0.0,0.65,0.61,31.87,64.04,0.19,19.84,9.08,Sorriso,MT,Centro-Oeste,-12.54,-55.72
2023,173,0.0,0.65,0.61,31.91,65.75,0.17,18.87,8.75,Sorriso,MT,Centro-Oeste,-12.54,-55.72
2023,174,0.0,0.65,0.61,32.48,67.28,0.21,18.02,8.35,Sorriso,MT,Centro-Oeste,-12.54,-55.72
2023,175,0.0,0.65,0.61,31.62,68.32,0.22,15.94,7.38,Sorriso,MT,Centro-Oeste,-12.54,-55.72
2023,176,0.0,0.65,0.61,30.8,70.31,0.07,14.23,6.86,Sorriso,MT,Centro-Oeste,-12.54,-55.72
2023,177,0.0,0.64,0.61,31.69,66.04,0.11,19.4,8.89,Sorriso,MT,Centro-Oeste,-12.54,-55.72
2023,178,0.0,0.64,0.61,31.76,68.05,0.2,18.27,8.37,Sorriso,MT,Centro-Oeste,-12.54,-55.72
2023,179,0.0,0.64,0.61,32.26,64.81,0.35,19.45,8.92,Sorriso,MT,Centro-Oeste,-12.54,-55.72
2023,180,0.0,0.64,0.6,31.89,60.5,0.26,19.77,9.07,Sorriso,MT,Centro-Oeste,-12.54,-55.72
2023,181,0.0,0.64,0.6,31.91,58.33,0.19,19.88,9.03,Sorriso,MT,Centro-Oeste,-12.54,-55.72
2023,182,0.0,0.64,0.6,32.1,54.12,0.28,20.57,9.28,Sorriso,MT,Centro-Oeste,-12.54,-55.72
2023,183,0.0,0.64,0.6,32.65,56.16,0.14,20.3,9.24,Sorriso,MT,Centro-Oeste,-12.54,-55.72
2023,184,0.0,0.63,0.6,32.78,58.57,0.27,20.25,9.18,Sorriso,MT,Centro-Oeste,-12.54,-55.72
2023,185,0.0,0.63,0.6,33.28,56.37,0.26,20.28,9.22,Sorriso,MT,Centro-Oeste,-12.54,-55.72
2023,186,0.0,0.63,0.6,34.13,58.06,0.23,19.83,9.13,Sorriso,MT,Centro-Oeste,-12.54,-55.72
2023,187,0.0,0.63,0.6,33.26,59.61,0.2,19.74,9.04,Sorriso,MT,Centro-Oeste,-12.54,-55.72
2023,188,0.0,0.63,0.6,32.88,59.87,0.18,20.09,9.18,Sorriso,MT,Centro-Oeste,-12.54,-55.72
2023,189,0.0,0.63,0.6,33.91,54.8,0.27,19.92,9.19,Sorriso,MT,Centro-Oeste,-12.54,-55.72
2023,190,0.0,0.63,0.6,34.69,53.64,0.23,19.91,9.2,Sorriso,MT,Centro-Oeste,-12.54,-55.72
2023,191,0.0,0.63,0.6,34.85,51.34,0.24,20.31,9.26,Sorriso,MT,Centro-Oeste,-12.54,-55.72
2023,192,0.0,0.62,0.59,35.39,48.22,0.35,20.35,9.29,Sorriso,MT,Centro-Oeste,-12.54,-55.72
2023,193,0.0,0.62,0.59,35.45,54.49,0.26,18.33,8.61,Sorriso,MT,Centro-Oeste,-12.54,-55.72
2023,194,0.0,0.62,0.6,34.94,59.33,0.18,18.57,8.65,Sorriso,MT,Centro-Oeste,-12.54,-55.72
2023,195,0.0,0.62,0.59,31.23,56.65,0.03,18.96,8.77,Sorriso,MT,Centro-Oeste,-12.54,-55.72
2023,196,0.0,0.62,0.59,33.52,56.98,0.08,20.44,9.36,Sorriso,MT,Centro-Oeste,-12.54,-55.72
2023,197,0.0,0.62,0.59,34.86,50.98,0.37,19.77,9.05,Sorriso,MT,Centro-Oeste,-12.54,-55.72
2023,198,0.0,0.62,0.58,35.0,49.64,0.26,19.52,8.98,Sorriso,MT,Centro-Oeste,-12.54,-55.72
2023,199,0.0,0.62,0.58,35.07,49.44,0.35,18.55,8.58,Sorriso,MT,Centro-Oeste,-12.54,-55.72
2023,200,0.0,0.62,0.57,34.84,52.82,0.21,19.17,8.82,Sorriso,MT,Centro-Oeste,-12.54,-55.72
2023,201,0.0,0.62,0.56,34.75,51.01,0.23,20.65,9.35,Sorriso,MT,Centro-Oeste,-12.54,-55.72
2023,202,0.0,0.61,0.55,33.31,44.67,0.11,21.23,9.59,Sorriso,MT,Centro-Oeste,-12.54,-55.72
2023,203,0.0,0.61,0.54,32.49,45.66,0.21,21.28,9.63,Sorriso,MT,Centro-Oeste,-12.54,-55.72
2023,204,0.0,0.61,0.53,33.62,49.06,0.25,21.06,9.63,Sorriso,MT,Centro-Oeste,-12.54,-55.72
2023,205,0.0,0.61,0.52,33.96,47.31,0.37,21.22,9.65,Sorriso,MT,Centro-Oeste,-12.54,-55.72
2023,206,0.0,0.61,0.51,34.2,44.91,0.19,21.42,9.81,Sorriso,MT,Centro-Oeste,-12.54,-55.72
2023,207,0.0,0.61,0.5,35.14,44.6,0.27,21.26,9.75,Sorriso,MT,Centro-Oeste,-12.54,-55.72
2023,208,0.0,0.61,0.48,34.97,42.76,0.39,20.88,9.53,Sorriso,MT,Centro-Oeste,-12.54,-55.72
2023,209,0.0,0.61,0.48,35.42,44.3,0.15,21.14,9.64,Sorriso,MT,Centro-Oeste,-12.54,-55.72
2023,210,0.0,0.61,0.46,35.45,44.94,0.11,19.2,8.9,Sorriso,MT,Centro-Oeste,-12.54,-55.72
2023,211,0.0,0.61,0.46,35.69,47.81,0.22,20.82,9.64,Sorriso,MT,Centro-Oeste,-12.54,-55.72
2023,212,0.0,0.61,0.45,36.62,43.69,0.09,19.51,9.09,Sorriso,MT,Centro-Oeste,-12.54,-55.72
2023,213,0.0,0.61,0.44,35.61,47.25,0.18,19.69,9.13,Sorriso,MT,Centro-Oeste,-12.54,-55.72
2023,214,0.0,0.61,0.44,35.84,44.34,0.28,19.39,9.0,Sorriso,MT,Centro-Oeste,-12.54,-55.72
2023,215,0.0,0.61,0.43,35.81,42.57,0.19,20.97,9.58,Sorriso,MT,Centro-Oeste,-12.54,-55.72
2023,216,0.0,0.6,0.42,36.75,41.69,0.22,19.79,9.2,Sorriso,MT,Centro-Oeste,-12.54,-55.72
2023,217,0.0,0.6,0.42,37.02,41.12,0.3,18.62,8.68,Sorriso,MT,Centro-Oeste,-12.54,-55.72
2023,218,0.0,0.6,0.41,37.68,34.12,0.28,21.48,9.78,Sorriso,MT,Centro-Oeste,-12.54,-55.72
2023,219,0.0,0.6,0.4,37.45,40.25,0.3,19.16,8.98,Sorriso,MT,Centro-Oeste,-12.54,-55.72
2023,220,0.0,0.6,0.4,37.49,39.5,0.27,21.07,9.7,Sorriso,MT,Centro-Oeste,-12.54,-55.72
2023,221,0.0,0.6,0.39,38.46,34.08,0.23,21.84,9.96,Sorriso,MT,Centro-Oeste,-12.54,-55.72
2023,222,0.0,0.6,0.38,37.68,34.5,0.23,19.71,9.15,Sorriso,MT,Centro-Oeste,-12.54,-55.72
2023,223,0.55,0.6,0.38,36.4,38.97,0.29,15.8,7.63,Sorriso,MT,Centro-Oeste,-12.54,-55.72
2023,224,0.0,0.6,0.38,37.51,33.83,0.25,20.62,9.51,Sorriso,MT,Centro-Oeste,-12.54,-55.72
2023,225,0.0,0.6,0.37,36.76,32.26,0.22,19.73,9.02,Sorriso,MT,Centro-Oeste,-12.54,-55.72
2023,226,0.0,0.6,0.37,34.61,37.56,0.24,19.46,9.06,Sorriso,MT,Centro-Oeste,-12.54,-55.72
2023,227,0.0,0.6,0.37,35.49,36.7,0.05,17.48,8.32,Sorriso,MT,Centro-Oeste,-12.54,-55.72
2023,228,0.0,0.6,0.36,34.52,36.79,0.04,21.48,9.96,Sorriso,MT,Centro-Oeste,-12.54,-55.72
2023,229,0.0,0.6,0.36,36.65,36.81,0.04,21.88,10.08,Sorriso,MT,Centro-Oeste,-12.54,-55.72
2023,230,0.0,0.6,0.35,37.48,35.11,0.37,20.86,9.45,Sorriso,MT,Centro-Oeste,-12.54,-55.72
2023,231,0.11,0.6,0.34,37.15,36.95,0.18,15.87,7.25,Sorriso,MT,Centro-Oeste,-12.54,-55.72
2023,232,0.0,0.6,0.34,37.91,35.61,0.07,20.93,9.52,Sorriso,MT,Centro-Oeste,-12.54,-55.72
2023,233,0.06,0.6,0.33,39.21,32.72,0.03,19.61,9.08,Sorriso,MT,Centro-Oeste,-12.54,-55.72
2023,234,0.0,0.6,0.33,39.58,33.08,0.14,20.25,9.38,Sorriso,MT,Centro-Oeste,-12.54,-55.72
2023,235,0.0,0.6,0.32,38.32,40.99,0.29,19.06,8.92,Sorriso,MT,Centro-Oeste,-12.54,-55.72
2023,236,0.0,0.6,0.33,39.05,39.44,0.13,18.76,8.74,Sorriso,MT,Centro-Oeste,-12.54,-55.72
2023,237,0.1,0.6,0.33,37.81,41.61,0.14,18.53,8.61,Sorriso,MT,Centro-Oeste,-12.54,-55.72
2023,238,8.98,0.6,0.43,36.82,52.05,0.18,15.12,7.19,Sorriso,MT,Centro-Oeste,-12.54,-55.72
2023,239,6.21,0.63,0.66,36.27,63.73,0.13,10.72,5.28,Sorriso,MT,Centro-Oeste,-12.54,-55.72
2023,240,0.01,0.62,0.6,36.99,56.24,0.15,18.8,8.82,Sorriso,MT,Centro-Oeste,-12.54,-55.72
2023,241,0.15,0.62,0.59,36.83,56.74,0.02,18.58,8.82,Sorriso,MT,Centro-Oeste,-12.54,-55.72
2023,242,0.75,0.62,0.59,36.33,61.23,0.09,17.5,8.37,Sorriso,MT,Centro-Oeste,-12.54,-55.72
2023,243,0.71,0.62,0.58,35.91,63.43,0.08,16.88,8.25,Sorriso,MT,Centro-Oeste,-12.54,-55.72
2023,244,4.53,0.61,0.59,36.38,64.95,0.1,20.01,9.48,Sorriso,MT,Centro-Oeste,-12.54,-55.72
2023,245,0.77,0.62,0.61,37.03,60.41,0.03,19.22,9.2,Sorriso,MT,Centro-Oeste,-12.54,-55.72
2023,246,1.53,0.62,0.58,36.01,56.61,0.13,18.93,9.09,Sorriso,MT,Centro-Oeste,-12.54,-55.72
2023,247,0.01,0.61,0.56,37.87,52.43,0.09,24.07,11.14,Sorriso,MT,Centro-Oeste,-12.54,-55.72
2023,248,0.76,0.61,0.52,39.18,44.57,0.31,20.83,9.68,Sorriso,MT,Centro-Oeste,-12.54,-55.72
2023,249,0.57,0.61,0.51,37.59,54.71,0.05,20.35,9.56,Sorriso,MT,Centro-Oeste,-12.54,-55.72
2023,250,1.18,0.61,0.48,36.39,58.28,0.04,18.4,8.81,Sorriso,MT,Centro-Oeste,-12.54,-55.72
2023,251,0.07,0.61,0.46,35.66,52.75,0.04,19.03,8.98,Sorriso,MT,Centro-Oeste,-12.54,-55.72
2023,252,0.0,0.6,0.43,37.72,47.18,0.15,20.79,9.75,Sorriso,MT,Centro-Oeste,-12.54,-55.72
2023,253,0.0,0.6,0.4,39.31,37.79,0.16,22.84,10.6,Sorriso,MT,Centro-Oeste,-12.54,-55.72
2023,254,0.0,0.6,0.38,39.75,33.42,0.09,23.22,10.67,Sorriso,MT,Centro-Oeste,-12.54,-55.72
2023,255,0.0,0.6,0.36,39.18,34.04,0.1,20.74,9.56,Sorriso,MT,Centro-Oeste,-12.54,-55.72
2023,256,0.41,0.6,0.35,39.64,36.84,0.11,22.58,10.37,Sorriso,MT,Centro-Oeste,-12.54,-55.72
2023,257,0.02,0.6,0.34,38.67,41.58,0.03,15.49,7.44,Sorriso,MT,Centro-Oeste,-12.54,-55.72
2023,258,0.94,0.6,0.35,38.44,42.01,0.04,19.75,9.28,Sorriso,MT,Centro-Oeste,-12.54,-55.72
2023,259,0.63,0.6,0.35,39.51,36.9,0.14,20.62,9.62,Sorriso,MT,Centro-Oeste,-12.54,-55.72
2023,260,2.73,0.6,0.41,34.69,45.88,0.21,17.97,8.44,Sorriso,MT,Centro-Oeste,-12.54,-55.72
2023,261,1.0,0.6,0.42,38.7,45.01,0.23,17.2,8.01,Sorriso,MT,Centro-Oeste,-12.54,-55.72
2023,262,0.06,0.6,0.41,40.21,39.58,0.19,20.92,9.64,Sorriso,MT,Centro-Oeste,-12.54,-55.72
2023,263,0.0,0.6,0.38,40.59,33.38,0.27,21.51,9.82,Sorriso,MT,Centro-Oeste,-12.54,-55.72
2023,264,0.0,0.6,0.36,41.11,28.83,0.09,23.85,10.72,Sorriso,MT,Centro-Oeste,-12.54,-55.72
2023,265,0.0,0.6,0.34,41.52,27.18,0.16,23.12,10.41,Sorriso,MT,Centro-Oeste,-12.54,-55.72
2023,266,0.0,0.6,0.32,40.81,30.22,0.14,21.0,9.65,Sorriso,MT,Centro-Oeste,-12.54,-55.72
2023,267,0.06,0.6,0.31,41.12,29.63,0.19,21.32,9.75,Sorriso,MT,Centro-Oeste,-12.54,-55.72
2023,268,1.19,0.6,0.32,40.73,34.79,0.26,22.0,10.03,Sorriso,MT,Centro-Oeste,-12.54,-55.72
2023,269,0.29,0.6,0.32,40.37,31.66,0.1,19.83,9.0,Sorriso,MT,Centro-Oeste,-12.54,-55.72
2023,270,4.21,0.6,0.34,40.74,42.56,0.06,15.07,6.96,Sorriso,MT,Centro-Oeste,-12.54,-55.72
2023,271,3.74,0.61,0.54,39.47,62.11,0.11,21.21,9.74,Sorriso,MT,Centro-Oeste,-12.54,-55.72
2023,272,0.25,0.61,0.5,38.28,52.12,0.13,21.76,10.15,Sorriso,MT,Centro-Oeste,-12.54,-55.72
2023,273,4.3,0.61,0.49,38.94,57.2,0.03,18.08,8.58,Sorriso,MT,Centro-Oeste,-12.54,-55.72
2023,274,8.07,0.62,0.6,37.71,62.02,0.04,17.51,8.34,Sorriso,MT,Centro-Oeste,-12.54,-55.72
2023,275,3.79,0.62,0.63,36.92,63.75,0.03,20.91,9.85,Sorriso,MT,Centro-Oeste,-12.54,-55.72
2023,276,0.86,0.62,0.6,38.12,63.57,0.1,20.05,9.33,Sorriso,MT,Centro-Oeste,-12.54,-55.72
2023,277,0.0,0.62,0.57,39.91,48.83,0.21,21.62,9.73,Sorriso,MT,Centro-Oeste,-12.54,-55.72
2023,278,2.59,0.61,0.58,37.41,44.46,0.28,16.05,7.5,Sorriso,MT,Centro-Oeste,-12.54,-55.72
2023,279,64.71,0.65,0.78,31.84,70.51,0.11,19.53,9.12,Sorriso,MT,Centro-Oeste,-12.54,-55.72
2023,280,0.14,0.67,0.64,35.73,66.96,0.06,23.08,10.77,Sorriso,MT,Centro-Oeste,-12.54,-55.72
2023,281,0.06,0.65,0.6,37.79,57.7,0.07,20.58,9.62,Sorriso,MT,Centro-Oeste,-12.54,-55.72
2023,282,7.37,0.64,0.63,38.25,61.92,0.14,20.96,9.78,Sorriso,MT,Centro-Oeste,-12.54,-55.72
2023,283,2.56,0.65,0.65,35.97,67.11,0.03,11.9,5.89,Sorriso,MT,Centro-Oeste,-12.54,-55.72
2023,284,0.01,0.64,0.6,38.14,60.24,0.12,23.15,10.96,Sorriso,MT,Centro-Oeste,-12.54,-55.72
2023,285,0.37,0.64,0.6,37.62,58.61,0.25,23.21,10.99,Sorriso,MT,Centro-Oeste,-12.54,-55.72
2023,286,3.34,0.63,0.62,37.58,62.3,0.06,20.58,9.77,Sorriso,MT,Centro-Oeste,-12.54,-55.72
2023,287,6.35,0.64,0.64,37.46,62.17,0.03,20.12,9.75,Sorriso,MT,Centro-Oeste,-12.54,-55.72
2023,288,0.68,0.64,0.62,38.09,62.79,0.03,24.64,11.6,Sorriso,MT,Centro-Oeste,-12.54,-55.72
2023,289,0.11,0.63,0.59,37.09,60.72,0.18,23.55,11.06,Sorriso,MT,Centro-Oeste,-12.54,-55.72
2023,290,0.0,0.63,0.59,38.82,53.75,0.14,25.5,11.92,Sorriso,MT,Centro-Oeste,-12.54,-55.72
2023,291,0.0,0.62,0.58,40.22,41.15,0.05,25.35,11.76,Sorriso,MT,Centro-Oeste,-12.54,-55.72
2023,292,0.0,0.62,0.57,40.57,40.41,0.06,24.79,11.42,Sorriso,MT,Centro-Oeste,-12.54,-55.72
2023,293,0.0,0.61,0.54,41.16,38.82,0.04,23.24,10.79,Sorriso,MT,Centro-Oeste,-12.54,-55.72
2023,294,0.1,0.61,0.51,40.31,42.47,0.11,24.03,11.15,Sorriso,MT,Centro-Oeste,-12.54,-55.72
2023,295,0.01,0.61,0.47,39.71,46.06,0.03,19.92,9.52,Sorriso,MT,Centro-Oeste,-12.54,-55.72
2023,296,0.0,0.61,0.46,35.52,59.96,0.06,17.07,8.4,Sorriso,MT,Centro-Oeste,-12.54,-55.72
2023,297,0.13,0.61,0.45,36.49,54.89,0.2,21.62,10.33,Sorriso,MT,Centro-Oeste,-12.54,-55.72
2023,298,0.53,0.61,0.44,40.33,43.75,0.23,22.71,10.73,Sorriso,MT,Centro-Oeste,-12.54,-55.72
2023,299,5.68,0.61,0.49,37.84,55.34,0.09,22.93,10.83,Sorriso,MT,Centro-Oeste,-12.54,-55.72
2023,300,3.94,0.62,0.63,33.94,67.33,0.12,22.16,10.45,Sorriso,MT,Centro-Oeste,-12.54,-55.72
2023,301,0.01,0.62,0.59,37.09,55.68,0.03,20.48,9.55,Sorriso,MT,Centro-Oeste,-12.54,-55.72
2023,302,1.2,0.61,0.56,36.93,58.88,0.03,20.21,9.44,Sorriso,MT,Centro-Oeste,-12.54,-55.72
2023,303,5.92,0.62,0.62,35.4,72.98,0.04,19.92,9.51,Sorriso,MT,Centro-Oeste,-12.54,-55.72
2023,304,0.09,0.62,0.6,39.83,54.96,0.12,24.56,11.2,Sorriso,MT,Centro-Oeste,-12.54,-55.72
2023,305,13.43,0.63,0.67,39.01,51.57,0.23,20.74,9.73,Sorriso,MT,Centro-Oeste,-12.54,-55.72
2023,306,29.86,0.66,0.73,35.92,64.54,0.08,21.45,10.13,Sorriso,MT,Centro-Oeste,-12.54,-55.72
2023,307,24.6,0.67,0.74,28.23,81.89,0.03,17.84,8.55,Sorriso,MT,Centro-Oeste,-12.54,-55.72
2023,308,4.63,0.7,0.74,30.46,86.52,0.03,15.37,7.58,Sorriso,MT,Centro-Oeste,-12.54,-55.72
2023,309,0.03,0.68,0.65,32.57,74.33,0.06,25.37,11.97,Sorriso,MT,Centro-Oeste,-12.54,-55.72
2023,310,3.01,0.66,0.63,35.92,66.86,0.11,24.54,11.6,Sorriso,MT,Centro-Oeste,-12.54,-55.72
2023,311,0.15,0.66,0.62,34.83,71.59,0.06,23.96,11.44,Sorriso,MT,Centro-Oeste,-12.54,-55.72
2023,312,4.99,0.65,0.64,34.57,72.71,0.03,24.56,11.64,Sorriso,MT,Centro-Oeste,-12.54,-55.72
2023,313,0.21,0.65,0.62,36.8,65.27,0.04,24.45,11.5,Sorriso,MT,Centro-Oeste,-12.54,-55.72
2023,314,0.0,0.65,0.6,36.93,57.74,0.05,27.06,12.72,Sorriso,MT,Centro-Oeste,-12.54,-55.72
2023,315,0.0,0.64,0.59,38.49,55.66,0.1,26.7,12.57,Sorriso,MT,Centro-Oeste,-12.54,-55.72
2023,316,0.0,0.63,0.59,36.73,54.06,0.09,22.94,10.89,Sorriso,MT,Centro-Oeste,-12.54,-55.72
2023,317,0.38,0.63,0.59,38.79,50.75,0.1,24.95,11.59,Sorriso,MT,Centro-Oeste,-12.54,-55.72
2023,318,0.0,0.63,0.59,39.87,52.0,0.2,27.19,12.49,Sorriso,MT,Centro-Oeste,-12.54,-55.72
2023,319,0.0,0.62,0.58,41.56,43.0,0.1,27.01,12.33,Sorriso,MT,Centro-Oeste,-12.54,-55.72
2023,320,15.27,0.64,0.68,38.95,48.35,0.12,13.55,6.47,Sorriso,MT,Centro-Oeste,-12.54,-55.72
2023,321,2.79,0.65,0.62,35.91,61.68,0.04,13.21,6.4,Sorriso,MT,Centro-Oeste,-12.54,-55.72
2023,322,0.51,0.64,0.61,37.15,61.61,0.03,25.56,12.0,Sorriso,MT,Centro-Oeste,-12.54,-55.72
2023,323,0.0,0.64,0.6,36.87,58.58,0.03,16.6,8.0,Sorriso,MT,Centro-Oeste,-12.54,-55.72
2023,324,7.09,0.64,0.66,34.6,65.12,0.03,15.21,7.39,Sorriso,MT,Centro-Oeste,-12.54,-55.72
2023,325,0.34,0.64,0.61,33.87,66.75,0.05,18.91,9.01,Sorriso,MT,Centro-Oeste,-12.54,-55.72
2023,326,0.39,0.64,0.61,32.53,66.61,0.08,21.6,10.04,Sorriso,MT,Centro-Oeste,-12.54,-55.72
2023,327,4.0,0.64,0.63,28.29,80.79,0.11,18.01,8.78,Sorriso,MT,Centro-Oeste,-12.54,-55.72
2023,328,0.11,0.64,0.61,35.52,71.01,0.05,24.91,11.78,Sorriso,MT,Centro-Oeste,-12.54,-55.72
2023,329,2.35,0.64,0.61,36.55,60.47,0.12,24.57,11.58,Sorriso,MT,Centro-Oeste,-12.54,-55.72
2023,330,12.58,0.65,0.69,36.36,63.71,0.08,17.65,8.55,Sorriso,MT,Centro-Oeste,-12.54,-55.72
2023,331,0.03,0.65,0.61,35.65,63.1,0.03,23.35,11.12,Sorriso,MT,Centro-Oeste,-12.54,-55.72
2023,332,0.57,0.64,0.6,35.06,61.93,0.03,24.93,11.89,Sorriso,MT,Centro-Oeste,-12.54,-55.72
2023,333,0.0,0.64,0.59,37.14,52.09,0.04,27.37,12.76,Sorriso,MT,Centro-Oeste,-12.54,-55.72
2023,334,0.21,0.63,0.59,38.04,49.49,0.17,27.38,12.64,Sorriso,MT,Centro-Oeste,-12.54,-55.72
2023,335,1.69,0.63,0.59,37.66,51.47,0.3,24.4,11.55,Sorriso,MT,Centro-Oeste,-12.54,-55.72
2023,336,0.7,0.63,0.6,38.0,54.37,0.3,24.18,11.46,Sorriso,MT,Centro-Oeste,-12.54,-55.72
2023,337,6.94,0.63,0.64,37.48,58.25,0.09,17.68,8.46,Sorriso,MT,Centro-Oeste,-12.54,-55.72
2023,338,23.2,0.66,0.76,31.64,78.33,0.04,18.4,8.99,Sorriso,MT,Centro-Oeste,-12.54,-55.72
2023,339,0.82,0.67,0.64,32.91,72.13,0.03,17.14,8.52,Sorriso,MT,Centro-Oeste,-12.54,-55.72
2023,340,0.03,0.65,0.61,35.87,63.3,0.04,28.09,13.14,Sorriso,MT,Centro-Oeste,-12.54,-55.72
2023,341,2.42,0.65,0.61,35.67,62.33,0.23,23.29,11.12,Sorriso,MT,Centro-Oeste,-12.54,-55.72
2023,342,3.36,0.65,0.64,35.91,67.86,0.08,27.03,12.81,Sorriso,MT,Centro-Oeste,-12.54,-55.72
2023,343,0.08,0.64,0.6,37.41,58.68,0.14,19.69,9.54,Sorriso,MT,Centro-Oeste,-12.54,-55.72
2023,344,0.13,0.64,0.6,38.87,55.4,0.2,25.45,12.06,Sorriso,MT,Centro-Oeste,-12.54,-55.72
2023,345,1.51,0.64,0.6,36.92,58.43,0.09,20.46,9.91,Sorriso,MT,Centro-Oeste,-12.54,-55.72
2023,346,6.19,0.64,0.64,34.7,64.87,0.05,19.07,9.42,Sorriso,MT,Centro-Oeste,-12.54,-55.72
2023,347,0.01,0.64,0.6,37.21,57.96,0.04,27.15,12.85,Sorriso,MT,Centro-Oeste,-12.54,-55.72
2023,348,7.62,0.64,0.64,36.75,59.61,0.06,25.73,12.22,Sorriso,MT,Centro-Oeste,-12.54,-55.72
2023,349,0.73,0.64,0.61,37.42,58.16,0.05,26.76,12.5,Sorriso,MT,Centro-Oeste,-12.54,-55.72
2023,350,0.0,0.64,0.58,38.85,48.49,0.08,27.59,12.74,Sorriso,MT,Centro-Oeste,-12.54,-55.72
2023,351,0.53,0.63,0.59,39.15,50.52,0.13,26.81,12.44,Sorriso,MT,Centro-Oeste,-12.54,-55.72
2023,352,0.11,0.63,0.59,38.09,50.13,0.22,24.98,11.72,Sorriso,MT,Centro-Oeste,-12.54,-55.72
2023,353,0.72,0.62,0.59,39.2,46.17,0.2,17.97,8.74,Sorriso,MT,Centro-Oeste,-12.54,-55.72
2023,354,6.07,0.63,0.64,37.3,55.16,0.04,21.61,10.3,Sorriso,MT,Centro-Oeste,-12.54,-55.72
2023,355,27.04,0.66,0.76,33.26,77.89,0.03,15.11,7.47,Sorriso,MT,Centro-Oeste,-12.54,-55.72
2023,356,10.1,0.68,0.71,29.37,86.8,0.05,10.35,5.34,Sorriso,MT,Centro-Oeste,-12.54,-55.72
2023,357,1.17,0.68,0.66,31.55,79.08,0.03,14.69,7.35,Sorriso,MT,Centro-Oeste,-12.54,-55.72
2023,358,15.92,0.68,0.72,33.33,76.51,0.02,25.95,12.36,Sorriso,MT,Centro-Oeste,-12.54,-55.72
2023,359,2.12,0.68,0.66,34.12,73.14,0.08,27.2,12.89,Sorriso,MT,Centro-Oeste,-12.54,-55.72
2023,360,10.48,0.68,0.71,30.32,79.61,0.11,17.88,8.86,Sorriso,MT,Centro-Oeste,-12.54,-55.72
2023,361,0.0,0.67,0.63,34.74,65.81,0.15,26.28,12.36,Sorriso,MT,Centro-Oeste,-12.54,-55.72
2023,362,1.94,0.66,0.62,36.41,63.85,0.07,26.92,12.58,Sorriso,MT,Centro-Oeste,-12.54,-55.72
2023,363,3.98,0.66,0.65,33.28,76.59,0.06,20.07,9.84,Sorriso,MT,Centro-Oeste,-12.54,-55.72
2023,364,0.14,0.66,0.62,30.48,74.35,0.08,20.33,9.85,Sorriso,MT,Centro-Oeste,-12.54,-55.72
2023,365,0.67,0.66,0.62,34.72,66.86,0.1,17.09,8.49,Sorriso,MT,Centro-Oeste,-12.54,-55.72
2024,1,17.84,0.66,0.71,31.98,76.72,0.04,15.37,7.67,Sorriso,MT,Centro-Oeste,-12.54,-55.72
2024,2,6.38,0.68,0.72,29.29,86.1,0.05,17.73,8.8,Sorriso,MT,Centro-Oeste,-12.54,-55.72
2024,3,10.67,0.69,0.73,26.3,95.12,0.02,19.23,9.48,Sorriso,MT,Centro-Oeste,-12.54,-55.72
2024,4,14.37,0.69,0.72,28.61,91.58,0.03,18.66,9.2,Sorriso,MT,Centro-Oeste,-12.54,-55.72
2024,5,44.78,0.75,0.89,25.55,96.71,0.06,9.74,5.01,Sorriso,MT,Centro-Oeste,-12.54,-55.72
2024,6,6.51,0.74,0.77,28.32,90.89,0.06,17.16,8.48,Sorriso,MT,Centro-Oeste,-12.54,-55.72
2024,7,13.94,0.73,0.8,27.8,92.26,0.04,18.41,9.08,Sorriso,MT,Centro-Oeste,-12.54,-55.72
2024,8,16.91,0.74,0.82,27.57,95.04,0.04,19.44,9.5,Sorriso,MT,Centro-Oeste,-12.54,-55.72
2024,9,6.82,0.75,0.8,27.95,92.01,0.08,15.76,7.8,Sorriso,MT,Centro-Oeste,-12.54,-55.72
2024,10,6.51,0.74,0.77,27.99,92.98,0.04,17.47,8.56,Sorriso,MT,Centro-Oeste,-12.54,-55.72
2024,11,15.68,0.75,0.82,25.75,94.41,0.09,13.64,6.75,Sorriso,MT,Centro-Oeste,-12.54,-55.72
2024,12,8.55,0.76,0.81,28.46,89.48,0.04,18.02,8.74,Sorriso,MT,Centro-Oeste,-12.54,-55.72
2024,13,4.15,0.74,0.77,27.76,90.94,0.09,19.23,9.49,Sorriso,MT,Centro-Oeste,-12.54,-55.72
2024,14,2.24,0.74,0.75,29.24,90.45,0.06,23.73,11.47,Sorriso,MT,Centro-Oeste,-12.54,-55.72
2024,15,0.43,0.73,0.73,29.24,87.62,0.02,25.7,12.28,Sorriso,MT,Centro-Oeste,-12.54,-55.72
2024,16,0.3,0.72,0.71,30.53,84.55,0.03,26.43,12.58,Sorriso,MT,Centro-Oeste,-12.54,-55.72
2024,17,5.91,0.71,0.72,31.17,84.69,0.03,24.27,11.71,Sorriso,MT,Centro-Oeste,-12.54,-55.72
2024,18,4.64,0.71,0.74,31.02,84.06,0.03,26.81,12.75,Sorriso,MT,Centro-Oeste,-12.54,-55.72
2024,19,48.55,0.72,0.83,29.61,86.66,0.1,20.3,10.0,Sorriso,MT,Centro-Oeste,-12.54,-55.72
2024,20,6.61,0.77,0.82,29.82,86.41,0.25,22.39,10.88,Sorriso,MT,Centro-Oeste,-12.54,-55.72
2024,21,2.23,0.74,0.76,29.36,88.38,0.14,19.03,9.42,Sorriso,MT,Centro-Oeste,-12.54,-55.72
2024,22,4.58,0.74,0.76,30.28,89.0,0.15,20.94,10.22,Sorriso,MT,Centro-Oeste,-12.54,-55.72
2024,23,4.84,0.73,0.75,30.02,88.72,0.2,21.9,10.67,Sorriso,MT,Centro-Oeste,-12.54,-55.72
2024,24,12.62,0.75,0.81,28.54,93.46,0.06,14.81,7.52,Sorriso,MT,Centro-Oeste,-12.54,-55.72
2024,25,6.19,0.75,0.78,26.72,94.18,0.04,17.66,8.87,Sorriso,MT,Centro-Oeste,-12.54,-55.72
2024,26,3.97,0.75,0.78,29.04,89.28,0.15,20.06,9.85,Sorriso,MT,Centro-Oeste,-12.54,-55.72
2024,27,0.21,0.73,0.74,30.02,83.88,0.17,20.17,9.86,Sorriso,MT,Centro-Oeste,-12.54,-55.72
2024,28,0.13,0.72,0.72,30.23,85.81,0.19,19.51,9.5,Sorriso,MT,Centro-Oeste,-12.54,-55.72
2024,29,10.33,0.72,0.76,28.56,89.71,0.04,16.16,8.03,Sorriso,MT,Centro-Oeste,-12.54,-55.72
2024,30,11.64,0.73,0.77,29.84,88.47,0.04,21.61,10.4,Sorriso,MT,Centro-Oeste,-12.54,-55.72
2024,31,5.3,0.74,0.77,29.25,90.39,0.09,10.75,5.4,Sorriso,MT,Centro-Oeste,-12.54,-55.72
2024,32,28.76,0.74,0.83,30.74,88.35,0.13,23.19,11.14,Sorriso,MT,Centro-Oeste,-12.54,-55.72
2024,33,3.76,0.77,0.81,28.58,90.31,0.03,15.0,7.36,Sorriso,MT,Centro-Oeste,-12.54,-55.72
2024,34,32.36,0.77,0.87,26.8,93.77,0.02,7.58,4.07,Sorriso,MT,Centro-Oeste,-12.54,-55.72
2024,35,30.82,0.81,0.93,26.94,93.14,0.08,14.27,7.17,Sorriso,MT,Centro-Oeste,-12.54,-55.72
2024,36,3.18,0.81,0.84,27.18,90.98,0.03,18.92,9.23,Sorriso,MT,Centro-Oeste,-12.54,-55.72
2024,37,1.34,0.79,0.81,29.74,86.47,0.06,25.5,12.21,Sorriso,MT,Centro-Oeste,-12.54,-55.72
2024,38,4.12,0.78,0.81,29.78,89.0,0.03,21.76,10.64,Sorriso,MT,Centro-Oeste,-12.54,-55.72
2024,39,9.68,0.77,0.81,30.3,86.44,0.04,14.57,7.26,Sorriso,MT,Centro-Oeste,-12.54,-55.72
2024,40,4.99,0.78,0.8,29.34,88.76,0.02,20.98,10.23,Sorriso,MT,Centro-Oeste,-12.54,-55.72
2024,41,15.9,0.78,0.85,29.72,89.62,0.04,17.66,8.75,Sorriso,MT,Centro-Oeste,-12.54,-55.72
2024,42,9.25,0.79,0.85,27.54,92.61,0.04,16.96,8.39,Sorriso,MT,Centro-Oeste,-12.54,-55.72
2024,43,1.56,0.79,0.8,27.5,89.28,0.04,13.46,6.88,Sorriso,MT,Centro-Oeste,-12.54,-55.72
2024,44,2.35,0.77,0.79,29.84,87.79,0.11,21.93,10.7,Sorriso,MT,Centro-Oeste,-12.54,-55.72
2024,45,1.72,0.77,0.78,30.27,88.0,0.16,24.95,11.91,Sorriso,MT,Centro-Oeste,-12.54,-55.72
2024,46,0.38,0.75,0.76,30.94,86.36,0.04,25.57,12.14,Sorriso,MT,Centro-Oeste,-12.54,-55.72
2024,47,0.71,0.74,0.75,30.91,86.03,0.06,22.23,10.7,Sorriso,MT,Centro-Oeste,-12.54,-55.72
2024,48,1.36,0.73,0.73,31.32,84.41,0.03,15.58,7.76,Sorriso,MT,Centro-Oeste,-12.54,-55.72
2024,49,41.08,0.75,0.88,27.32,93.04,0.08,11.08,5.75,Sorriso,MT,Centro-Oeste,-12.54,-55.72
2024,50,19.26,0.79,0.87,28.05,95.34,0.03,16.34,8.18,Sorriso,MT,Centro-Oeste,-12.54,-55.72
2024,51,14.98,0.82,0.89,28.75,91.86,0.04,14.55,7.37,Sorriso,MT,Centro-Oeste,-12.54,-55.72
2024,52,3.97,0.8,0.82,28.79,90.67,0.05,15.46,7.77,Sorriso,MT,Centro-Oeste,-12.54,-55.72
2024,53,2.75,0.79,0.82,28.94,90.89,0.02,16.58,8.21,Sorriso,MT,Centro-Oeste,-12.54,-55.72
2024,54,2.9,0.79,0.8,28.22,90.39,0.02,11.69,5.84,Sorriso,MT,Centro-Oeste,-12.54,-55.72
2024,55,0.93,0.78,0.8,27.8,90.08,0.08,17.72,8.74,Sorriso,MT,Centro-Oeste,-12.54,-55.72
2024,56,0.23,0.77,0.78,30.18,87.36,0.1,25.89,12.3,Sorriso,MT,Centro-Oeste,-12.54,-55.72
2024,57,5.61,0.76,0.79,30.46,88.37,0.11,25.6,12.1,Sorriso,MT,Centro-Oeste,-12.54,-55.72
2024,58,5.6,0.77,0.81,28.21,91.0,0.11,16.15,8.06,Sorriso,MT,Centro-Oeste,-12.54,-55.72
2024,59,1.64,0.76,0.78,29.87,88.2,0.13,24.95,11.83,Sorriso,MT,Centro-Oeste,-12.54,-55.72
2024,60,1.23,0.76,0.76,30.09,87.91,0.17,24.28,11.59,Sorriso,MT,Centro-Oeste,-12.54,-55.72
2024,61,2.51,0.75,0.77,30.53,89.32,0.07,22.78,10.97,Sorriso,MT,Centro-Oeste,-12.54,-55.72
2024,62,29.54,0.77,0.87,28.57,90.68,0.13,24.86,11.85,Sorriso,MT,Centro-Oeste,-12.54,-55.72
2024,63,7.76,0.8,0.85,26.54,96.16,0.06,15.59,7.77,Sorriso,MT,Centro-Oeste,-12.54,-55.72
2024,64,8.86,0.8,0.83,28.33,90.64,0.11,20.41,9.87,Sorriso,MT,Centro-Oeste,-12.54,-55.72
2024,65,4.29,0.8,0.83,26.14,92.62,0.1,17.87,8.72,Sorriso,MT,Centro-Oeste,-12.54,-55.72
2024,66,1.69,0.79,0.81,28.56,90.82,0.08,19.99,9.75,Sorriso,MT,Centro-Oeste,-12.54,-55.72
2024,67,2.44,0.79,0.81,28.59,92.66,0.05,22.02,10.64,Sorriso,MT,Centro-Oeste,-12.54,-55.72
2024,68,6.25,0.78,0.82,29.89,89.96,0.16,21.3,10.27,Sorriso,MT,Centro-Oeste,-12.54,-55.72
2024,69,1.75,0.78,0.8,29.72,90.16,0.08,20.55,9.82,Sorriso,MT,Centro-Oeste,-12.54,-55.72
2024,70,3.27,0.78,0.8,29.75,91.49,0.24,23.39,11.17,Sorriso,MT,Centro-Oeste,-12.54,-55.72
2024,71,4.16,0.77,0.8,30.84,88.86,0.24,22.26,10.65,Sorriso,MT,Centro-Oeste,-12.54,-55.72
2024,72,1.98,0.77,0.79,31.29,89.19,0.03,22.01,10.58,Sorriso,MT,Centro-Oeste,-12.54,-55.72
2024,73,1.0,0.76,0.77,30.46,90.52,0.06,18.18,8.81,Sorriso,MT,Centro-Oeste,-12.54,-55.72
2024,74,6.52,0.76,0.79,29.86,92.01,0.07,20.14,9.63,Sorriso,MT,Centro-Oeste,-12.54,-55.72
2024,75,4.48,0.77,0.8,30.78,90.08,0.06,24.33,11.59,Sorriso,MT,Centro-Oeste,-12.54,-55.72
2024,76,0.73,0.76,0.77,31.15,88.67,0.06,23.03,10.96,Sorriso,MT,Centro-Oeste,-12.54,-55.72
2024,77,3.08,0.75,0.77,29.77,88.64,0.04,24.66,11.77,Sorriso,MT,Centro-Oeste,-12.54,-55.72
2024,78,2.58,0.75,0.77,29.09,89.97,0.16,24.1,11.55,Sorriso,MT,Centro-Oeste,-12.54,-55.72
2024,79,0.99,0.75,0.75,30.28,89.97,0.12,24.12,11.58,Sorriso,MT,Centro-Oeste,-12.54,-55.72
2024,80,7.98,0.75,0.78,29.57,91.77,0.14,17.78,8.69,Sorriso,MT,Centro-Oeste,-12.54,-55.72
2024,81,9.1,0.77,0.82,28.64,92.63,0.12,18.63,9.1,Sorriso,MT,Centro-Oeste,-12.54,-55.72
2024,82,5.52,0.77,0.79,29.66,89.44,0.21,19.24,9.35,Sorriso,MT,Centro-Oeste,-12.54,-55.72
2024,83,12.9,0.77,0.84,29.32,91.35,0.11,12.81,6.44,Sorriso,MT,Centro-Oeste,-12.54,-55.72
2024,84,7.45,0.78,0.81,27.93,94.84,0.04,21.08,10.19,Sorriso,MT,Centro-Oeste,-12.54,-55.72
2024,85,11.45,0.79,0.85,27.39,93.89,0.06,12.05,6.21,Sorriso,MT,Centro-Oeste,-12.54,-55.72
2024,86,3.81,0.78,0.81,28.56,91.55,0.03,13.73,6.99,Sorriso,MT,Centro-Oeste,-12.54,-55.72
2024,87,18.22,0.79,0.86,27.81,94.09,0.03,12.62,6.42,Sorriso,MT,Centro-Oeste,-12.54,-55.72
2024,88,7.38,0.8,0.85,26.75,93.31,0.04,11.57,5.99,Sorriso,MT,Centro-Oeste,-12.54,-55.72
2024,89,0.21,0.79,0.8,29.15,90.13,0.04,18.66,9.06,Sorriso,MT,Centro-Oeste,-12.54,-55.72
2024,90,0.19,0.78,0.79,29.39,88.63,0.04,22.58,10.84,Sorriso,MT,Centro-Oeste,-12.54,-55.72
2024,91,0.09,0.77,0.78,28.4,89.53,0.15,21.82,10.52,Sorriso,MT,Centro-Oeste,-12.54,-55.72
2024,92,6.32,0.77,0.8,28.94,90.88,0.29,18.28,9.1,Sorriso,MT,Centro-Oeste,-12.54,-55.72
2024,93,3.87,0.78,0.8,27.61,94.45,0.18,13.19,6.97,Sorriso,MT,Centro-Oeste,-12.54,-55.72
2024,94,7.23,0.78,0.82,28.83,89.6,0.15,21.27,10.34,Sorriso,MT,Centro-Oeste,-12.54,-55.72
2024,95,9.82,0.78,0.83,28.9,91.81,0.15,21.48,10.45,Sorriso,MT,Centro-Oeste,-12.54,-55.72
2024,96,3.52,0.79,0.82,29.83,89.87,0.13,20.82,10.23,Sorriso,MT,Centro-Oeste,-12.54,-55.72
2024,97,0.63,0.78,0.79,27.24,92.88,0.04,21.33,10.41,Sorriso,MT,Centro-Oeste,-12.54,-55.72
2024,98,2.16,0.78,0.79,28.69,91.36,0.13,19.27,9.62,Sorriso,MT,Centro-Oeste,-12.54,-55.72
2024,99,2.03,0.77,0.79,29.45,90.72,0.09,16.81,8.48,Sorriso,MT,Centro-Oeste,-12.54,-55.72
2024,100,5.84,0.77,0.8,29.08,94.2,0.04,16.68,8.45,Sorriso,MT,Centro-Oeste,-12.54,-55.72
2024,101,10.02,0.78,0.83,28.04,93.84,0.21,12.94,6.7,Sorriso,MT,Centro-Oeste,-12.54,-55.72
2024,102,14.26,0.79,0.84,29.16,92.5,0.08,19.68,9.7,Sorriso,MT,Centro-Oeste,-12.54,-55.72
2024,103,5.55,0.79,0.84,29.17,91.5,0.08,15.94,8.16,Sorriso,MT,Centro-Oeste,-12.54,-55.72
2024,104,8.4,0.79,0.83,29.6,92.2,0.04,18.76,9.24,Sorriso,MT,Centro-Oeste,-12.54,-55.72
2024,105,5.68,0.8,0.83,26.92,95.77,0.08,20.38,9.94,Sorriso,MT,Centro-Oeste,-12.54,-55.72
2024,106,5.92,0.79,0.82,29.11,92.89,0.02,18.24,9.03,Sorriso,MT,Centro-Oeste,-12.54,-55.72
2024,107,50.37,0.82,0.93,26.83,97.66,0.05,20.9,10.18,Sorriso,MT,Centro-Oeste,-12.54,-55.72
2024,108,9.82,0.84,0.9,29.44,92.14,0.04,17.49,8.69,Sorriso,MT,Centro-Oeste,-12.54,-55.72
2024,109,0.26,0.82,0.83,29.71,89.78,0.04,21.27,10.27,Sorriso,MT,Centro-Oeste,-12.54,-55.72
2024,110,1.4,0.81,0.82,29.58,91.78,0.03,17.77,8.85,Sorriso,MT,Centro-Oeste,-12.54,-55.72
2024,111,3.65,0.81,0.83,27.5,95.59,0.11,19.65,9.6,Sorriso,MT,Centro-Oeste,-12.54,-55.72
2024,112,6.29,0.81,0.85,29.28,91.92,0.07,18.83,9.19,Sorriso,MT,Centro-Oeste,-12.54,-55.72
2024,113,1.82,0.8,0.82,28.87,91.49,0.12,20.09,9.74,Sorriso,MT,Centro-Oeste,-12.54,-55.72
2024,114,0.87,0.8,0.81,29.89,90.15,0.04,20.93,10.16,Sorriso,MT,Centro-Oeste,-12.54,-55.72
2024,115,2.84,0.79,0.81,29.62,90.43,0.03,21.9,10.43,Sorriso,MT,Centro-Oeste,-12.54,-55.72
2024,116,1.49,0.78,0.79,29.66,89.77,0.15,21.21,10.14,Sorriso,MT,Centro-Oeste,-12.54,-55.72
2024,117,1.36,0.78,0.79,29.64,90.87,0.04,20.49,9.89,Sorriso,MT,Centro-Oeste,-12.54,-55.72
2024,118,1.25,0.77,0.78,29.69,89.77,0.11,18.69,9.17,Sorriso,MT,Centro-Oeste,-12.54,-55.72
2024,119,1.43,0.77,0.78,28.42,93.11,0.03,19.52,9.46,Sorriso,MT,Centro-Oeste,-12.54,-55.72
2024,120,1.96,0.77,0.79,27.91,94.55,0.11,18.79,9.19,Sorriso,MT,Centro-Oeste,-12.54,-55.72
2024,121,0.33,0.77,0.78,29.77,91.51,0.03,20.75,9.9,Sorriso,MT,Centro-Oeste,-12.54,-55.72
2024,122,0.06,0.77,0.77,29.62,89.44,0.03,22.02,10.42,Sorriso,MT,Centro-Oeste,-12.54,-55.72
2024,123,0.0,0.76,0.76,29.48,88.05,0.03,22.11,10.39,Sorriso,MT,Centro-Oeste,-12.54,-55.72
2024,124,0.0,0.75,0.75,29.41,88.75,0.07,22.2,10.37,Sorriso,MT,Centro-Oeste,-12.54,-55.72
2024,125,0.67,0.74,0.75,30.02,89.85,0.03,21.33,10.12,Sorriso,MT,Centro-Oeste,-12.54,-55.72
2024,126,0.68,0.74,0.74,29.57,89.17,0.03,22.1,10.39,Sorriso,MT,Centro-Oeste,-12.54,-55.72
2024,127,1.51,0.73,0.74,29.26,90.27,0.03,21.47,10.05,Sorriso,MT,Centro-Oeste,-12.54,-55.72
2024,128,0.98,0.73,0.73,29.77,89.35,0.03,21.16,9.98,Sorriso,MT,Centro-Oeste,-12.54,-55.72
2024,129,1.55,0.73,0.73,29.62,89.97,0.03,19.9,9.51,Sorriso,MT,Centro-Oeste,-12.54,-55.72
2024,130,0.32,0.72,0.72,29.32,87.94,0.05,22.32,10.31,Sorriso,MT,Centro-Oeste,-12.54,-55.72
2024,131,1.62,0.72,0.72,29.24,88.7,0.14,22.24,10.28,Sorriso,MT,Centro-Oeste,-12.54,-55.72
2024,132,1.47,0.72,0.71,29.3,87.16,0.06,20.51,9.67,Sorriso,MT,Centro-Oeste,-12.54,-55.72
2024,133,0.81,0.71,0.7,29.96,86.98,0.03,21.83,10.17,Sorriso,MT,Centro-Oeste,-12.54,-55.72
2024,134,0.76,0.71,0.69,29.73,84.8,0.03,21.23,9.79,Sorriso,MT,Centro-Oeste,-12.54,-55.72
2024,135,1.0,0.71,0.69,29.25,84.5,0.13,21.05,9.65,Sorriso,MT,Centro-Oeste,-12.54,-55.72
2024,136,1.22,0.7,0.69,28.19,82.87,0.04,18.97,8.86,Sorriso,MT,Centro-Oeste,-12.54,-55.72
2024,137,1.47,0.7,0.68,30.93,85.55,0.06,19.31,9.09,Sorriso,MT,Centro-Oeste,-12.54,-55.72
2024,138,2.96,0.7,0.69,29.87,88.72,0.06,13.35,6.7,Sorriso,MT,Centro-Oeste,-12.54,-55.72
2024,139,0.23,0.7,0.67,29.76,83.09,0.09,20.71,9.55,Sorriso,MT,Centro-Oeste,-12.54,-55.72
2024,140,0.0,0.69,0.66,29.44,79.17,0.23,20.53,9.43,Sorriso,MT,Centro-Oeste,-12.54,-55.72
2024,141,0.0,0.69,0.66,29.02,78.26,0.04,19.9,9.18,Sorriso,MT,Centro-Oeste,-12.54,-55.72
2024,142,1.75,0.69,0.66,30.46,83.33,0.08,18.67,8.82,Sorriso,MT,Centro-Oeste,-12.54,-55.72
2024,143,0.7,0.69,0.65,31.29,81.46,0.07,20.46,9.51,Sorriso,MT,Centro-Oeste,-12.54,-55.72
2024,144,1.88,0.68,0.66,31.27,84.72,0.03,18.94,8.88,Sorriso,MT,Centro-Oeste,-12.54,-55.72
2024,145,1.32,0.68,0.65,31.85,82.34,0.08,17.79,8.46,Sorriso,MT,Centro-Oeste,-12.54,-55.72
2024,146,1.59,0.68,0.65,29.39,84.68,0.06,15.61,7.51,Sorriso,MT,Centro-Oeste,-12.54,-55.72
2024,147,0.6,0.68,0.65,28.46,80.89,0.09,17.09,8.09,Sorriso,MT,Centro-Oeste,-12.54,-55.72
2024,148,0.64,0.68,0.65,29.2,82.45,0.07,18.94,8.76,Sorriso,MT,Centro-Oeste,-12.54,-55.72
2024,149,1.58,0.68,0.66,27.18,78.75,0.09,14.48,6.98,Sorriso,MT,Centro-Oeste,-12.54,-55.72
2024,150,0.0,0.68,0.64,28.09,72.72,0.15,19.67,9.03,Sorriso,MT,Centro-Oeste,-12.54,-55.72
2024,151,0.0,0.67,0.64,29.68,74.49,0.11,20.72,9.41,Sorriso,MT,Centro-Oeste,-12.54,-55.72
2024,152,0.0,0.67,0.63,30.25,76.39,0.09,19.97,9.13,Sorriso,MT,Centro-Oeste,-12.54,-55.72
2024,153,0.0,0.67,0.63,30.93,73.05,0.03,18.52,8.66,Sorriso,MT,Centro-Oeste,-12.54,-55.72
2024,154,0.0,0.67,0.63,31.31,73.04,0.03,19.67,9.11,Sorriso,MT,Centro-Oeste,-12.54,-55.72
2024,155,0.02,0.66,0.63,31.23,72.66,0.09,15.42,7.36,Sorriso,MT,Centro-Oeste,-12.54,-55.72
2024,156,0.39,0.66,0.62,30.51,70.63,0.07,16.89,7.89,Sorriso,MT,Centro-Oeste,-12.54,-55.72
2024,157,2.46,0.66,0.64,29.33,81.37,0.03,19.03,8.82,Sorriso,MT,Centro-Oeste,-12.54,-55.72
2024,158,0.0,0.66,0.63,31.27,75.37,0.06,19.67,9.08,Sorriso,MT,Centro-Oeste,-12.54,-55.72
2024,159,1.23,0.66,0.63,30.97,72.97,0.2,20.18,9.21,Sorriso,MT,Centro-Oeste,-12.54,-55.72
2024,160,1.33,0.66,0.63,31.69,72.43,0.14,19.23,8.9,Sorriso,MT,Centro-Oeste,-12.54,-55.72
2024,161,1.47,0.66,0.63,31.64,78.16,0.04,19.19,8.87,Sorriso,MT,Centro-Oeste,-12.54,-55.72
2024,162,0.86,0.66,0.62,31.88,77.23,0.09,18.54,8.58,Sorriso,MT,Centro-Oeste,-12.54,-55.72
2024,163,1.13,0.66,0.63,31.19,73.38,0.11,20.24,9.2,Sorriso,MT,Centro-Oeste,-12.54,-55.72
2024,164,1.21,0.66,0.63,31.63,69.64,0.2,19.33,8.84,Sorriso,MT,Centro-Oeste,-12.54,-55.72
2024,165,1.61,0.66,0.63,32.13,76.44,0.06,19.25,8.9,Sorriso,MT,Centro-Oeste,-12.54,-55.72
2024,166,0.0,0.65,0.62,32.68,71.33,0.03,19.78,9.13,Sorriso,MT,Centro-Oeste,-12.54,-55.72
2024,167,0.03,0.65,0.62,32.61,73.83,0.04,19.96,9.19,Sorriso,MT,Centro-Oeste,-12.54,-55.72
2024,168,1.57,0.65,0.63,31.72,74.91,0.06,19.94,9.11,Sorriso,MT,Centro-Oeste,-12.54,-55.72
2024,169,1.59,0.65,0.63,31.78,74.16,0.04,19.66,9.06,Sorriso,MT,Centro-Oeste,-12.54,-55.72
2024,170,1.28,0.65,0.62,31.95,69.28,0.03,19.69,9.02,Sorriso,MT,Centro-Oeste,-12.54,-55.72
2024,171,1.1,0.65,0.62,31.65,75.52,0.03,19.87,9.13,Sorriso,MT,Centro-Oeste,-12.54,-55.72
2024,172,2.08,0.65,0.63,31.5,76.32,0.05,19.45,8.92,Sorriso,MT,Centro-Oeste,-12.54,-55.72
2024,173,0.24,0.65,0.62,32.66,70.4,0.16,18.36,8.58,Sorriso,MT,Centro-Oeste,-12.54,-55.72
2024,174,2.22,0.65,0.62,32.14,75.82,0.03,17.33,8.1,Sorriso,MT,Centro-Oeste,-12.54,-55.72
2024,175,0.12,0.65,0.61,33.12,69.23,0.03,17.26,8.07,Sorriso,MT,Centro-Oeste,-12.54,-55.72
2024,176,0.0,0.65,0.61,33.29,68.89,0.03,17.37,8.13,Sorriso,MT,Centro-Oeste,-12.54,-55.72
2024,177,0.0,0.64,0.61,32.32,66.19,0.22,18.63,8.59,Sorriso,MT,Centro-Oeste,-12.54,-55.72
2024,178,0.0,0.64,0.61,32.68,63.64,0.24,19.69,8.99,Sorriso,MT,Centro-Oeste,-12.54,-55.72
2024,179,1.57,0.64,0.62,32.63,64.25,0.18,19.59,8.92,Sorriso,MT,Centro-Oeste,-12.54,-55.72
2024,180,1.11,0.64,0.62,33.97,65.19,0.15,19.49,8.92,Sorriso,MT,Centro-Oeste,-12.54,-55.72
2024,181,1.27,0.64,0.62,32.39,73.34,0.06,16.32,7.62,Sorriso,MT,Centro-Oeste,-12.54,-55.72
2024,182,0.0,0.64,0.61,31.26,69.61,0.15,18.65,8.5,Sorriso,MT,Centro-Oeste,-12.54,-55.72
2024,183,0.39,0.64,0.61,31.26,72.19,0.04,18.63,8.54,Sorriso,MT,Centro-Oeste,-12.54,-55.72
2024,184,2.12,0.64,0.62,32.64,69.25,0.04,18.91,8.68,Sorriso,MT,Centro-Oeste,-12.54,-55.72
2024,185,0.43,0.64,0.61,32.51,69.96,0.04,17.75,8.31,Sorriso,MT,Centro-Oeste,-12.54,-55.72
2024,186,2.15,0.64,0.62,32.84,74.49,0.07,18.45,8.6,Sorriso,MT,Centro-Oeste,-12.54,-55.72
2024,187,0.0,0.64,0.61,32.63,68.6,0.17,19.86,9.14,Sorriso,MT,Centro-Oeste,-12.54,-55.72
2024,188,1.1,0.64,0.61,32.82,67.72,0.15,20.12,9.26,Sorriso,MT,Centro-Oeste,-12.54,-55.72
2024,189,1.18,0.64,0.62,33.41,66.47,0.13,20.19,9.27,Sorriso,MT,Centro-Oeste,-12.54,-55.72
2024,190,1.19,0.64,0.62,32.89,65.91,0.06,19.65,9.0,Sorriso,MT,Centro-Oeste,-12.54,-55.72
2024,191,1.19,0.64,0.62,31.58,71.06,0.04,19.83,9.04,Sorriso,MT,Centro-Oeste,-12.54,-55.72
2024,192,1.2,0.64,0.62,31.99,71.89,0.03,19.72,9.06,Sorriso,MT,Centro-Oeste,-12.54,-55.72
2024,193,0.0,0.63,0.61,33.26,70.13,0.03,18.21,8.51,Sorriso,MT,Centro-Oeste,-12.54,-55.72
2024,194,0.02,0.63,0.6,33.25,63.09,0.04,18.33,8.47,Sorriso,MT,Centro-Oeste,-12.54,-55.72
2024,195,0.01,0.63,0.61,29.74,63.57,0.03,19.95,9.14,Sorriso,MT,Centro-Oeste,-12.54,-55.72
2024,196,0.0,0.63,0.61,29.82,65.97,0.11,20.02,9.14,Sorriso,MT,Centro-Oeste,-12.54,-55.72
2024,197,0.0,0.63,0.6,30.43,63.45,0.08,19.99,9.09,Sorriso,MT,Centro-Oeste,-12.54,-55.72
2024,198,0.0,0.63,0.6,31.53,61.09,0.06,21.17,9.53,Sorriso,MT,Centro-Oeste,-12.54,-55.72
2024,199,1.36,0.63,0.61,31.34,61.08,0.21,21.08,9.51,Sorriso,MT,Centro-Oeste,-12.54,-55.72
2024,200,1.21,0.63,0.61,32.52,59.64,0.25,21.31,9.63,Sorriso,MT,Centro-Oeste,-12.54,-55.72
2024,201,1.26,0.63,0.61,32.88,60.73,0.15,21.3,9.59,Sorriso,MT,Centro-Oeste,-12.54,-55.72
2024,202,1.22,0.63,0.61,32.4,61.08,0.17,21.45,9.67,Sorriso,MT,Centro-Oeste,-12.54,-55.72
2024,203,1.22,0.63,0.61,32.24,62.41,0.17,21.66,9.73,Sorriso,MT,Centro-Oeste,-12.54,-55.72
2024,204,1.17,0.63,0.61,31.39,63.02,0.1,21.59,9.69,Sorriso,MT,Centro-Oeste,-12.54,-55.72
2024,205,0.0,0.62,0.6,32.21,61.68,0.04,21.66,9.82,Sorriso,MT,Centro-Oeste,-12.54,-55.72
2024,206,0.39,0.62,0.6,34.3,64.38,0.03,21.28,9.65,Sorriso,MT,Centro-Oeste,-12.54,-55.72
2024,207,1.17,0.62,0.6,33.88,65.22,0.09,21.31,9.66,Sorriso,MT,Centro-Oeste,-12.54,-55.72
2024,208,1.22,0.62,0.6,33.26,62.08,0.19,21.69,9.79,Sorriso,MT,Centro-Oeste,-12.54,-55.72
2024,209,1.21,0.62,0.6,33.33,63.04,0.08,21.9,9.84,Sorriso,MT,Centro-Oeste,-12.54,-55.72
2024,210,1.16,0.62,0.6,33.51,64.22,0.08,21.29,9.75,Sorriso,MT,Centro-Oeste,-12.54,-55.72
2024,211,1.16,0.62,0.6,33.83,65.38,0.09,20.89,9.62,Sorriso,MT,Centro-Oeste,-12.54,-55.72
2024,212,1.22,0.62,0.6,34.16,65.29,0.08,20.71,9.45,Sorriso,MT,Centro-Oeste,-12.54,-55.72
2024,213,1.1,0.62,0.59,34.21,62.45,0.14,19.99,9.2,Sorriso,MT,Centro-Oeste,-12.54,-55.72
2024,214,0.0,0.62,0.57,35.48,56.38,0.13,19.58,9.05,Sorriso,MT,Centro-Oeste,-12.54,-55.72
2024,215,0.0,0.62,0.55,35.29,55.43,0.03,21.19,9.69,Sorriso,MT,Centro-Oeste,-12.54,-55.72
2024,216,0.55,0.62,0.53,34.2,63.32,0.05,21.89,9.95,Sorriso,MT,Centro-Oeste,-12.54,-55.72
2024,217,0.53,0.61,0.52,33.58,64.1,0.18,21.92,10.03,Sorriso,MT,Centro-Oeste,-12.54,-55.72
2024,218,0.53,0.61,0.51,33.34,62.53,0.05,22.44,10.14,Sorriso,MT,Centro-Oeste,-12.54,-55.72
2024,219,0.55,0.61,0.5,34.16,64.11,0.05,20.6,9.45,Sorriso,MT,Centro-Oeste,-12.54,-55.72
2024,220,0.0,0.61,0.49,35.5,60.55,0.07,21.67,9.85,Sorriso,MT,Centro-Oeste,-12.54,-55.72
2024,221,0.0,0.61,0.47,36.05,55.01,0.03,21.97,9.88,Sorriso,MT,Centro-Oeste,-12.54,-55.72
2024,222,0.0,0.61,0.46,33.29,56.55,0.06,20.62,9.14,Sorriso,MT,Centro-Oeste,-12.54,-55.72
2024,223,0.0,0.61,0.45,29.01,57.66,0.03,20.12,9.3,Sorriso,MT,Centro-Oeste,-12.54,-55.72
2024,224,0.01,0.61,0.45,34.23,52.38,0.03,22.27,10.16,Sorriso,MT,Centro-Oeste,-12.54,-55.72
2024,225,0.0,0.61,0.44,33.69,52.6,0.03,21.38,9.68,Sorriso,MT,Centro-Oeste,-12.54,-55.72
2024,226,0.0,0.61,0.43,33.39,43.24,0.04,21.5,9.76,Sorriso,MT,Centro-Oeste,-12.54,-55.72
2024,227,0.0,0.61,0.42,36.59,48.17,0.03,20.59,9.42,Sorriso,MT,Centro-Oeste,-12.54,-55.72
2024,228,0.0,0.61,0.42,36.96,55.94,0.03,19.85,9.15,Sorriso,MT,Centro-Oeste,-12.54,-55.72
2024,229,0.0,0.61,0.41,36.68,58.08,0.05,19.26,9.0,Sorriso,MT,Centro-Oeste,-12.54,-55.72
2024,230,0.0,0.61,0.4,36.9,50.1,0.05,20.79,9.65,Sorriso,MT,Centro-Oeste,-12.54,-55.72
2024,231,0.0,0.6,0.4,37.25,44.29,0.05,23.31,10.58,Sorriso,MT,Centro-Oeste,-12.54,-55.72
2024,232,0.0,0.6,0.39,37.44,44.32,0.04,23.01,10.45,Sorriso,MT,Centro-Oeste,-12.54,-55.72
2024,233,0.0,0.6,0.38,36.74,44.67,0.05,22.67,10.31,Sorriso,MT,Centro-Oeste,-12.54,-55.72
2024,234,0.01,0.6,0.38,37.3,41.27,0.04,23.1,10.53,Sorriso,MT,Centro-Oeste,-12.54,-55.72
2024,235,0.0,0.6,0.37,38.54,47.84,0.04,22.14,10.03,Sorriso,MT,Centro-Oeste,-12.54,-55.72
2024,236,0.04,0.6,0.37,38.57,47.56,0.04,21.72,9.96,Sorriso,MT,Centro-Oeste,-12.54,-55.72
2024,237,0.0,0.6,0.36,37.85,40.0,0.04,20.1,9.2,Sorriso,MT,Centro-Oeste,-12.54,-55.72
2024,238,0.0,0.6,0.36,32.09,49.04,0.04,20.25,8.9,Sorriso,MT,Centro-Oeste,-12.54,-55.72
2024,239,0.0,0.6,0.36,31.7,46.1,0.03,22.47,10.0,Sorriso,MT,Centro-Oeste,-12.54,-55.72
2024,240,0.0,0.6,0.36,35.18,50.37,0.04,22.62,10.15,Sorriso,MT,Centro-Oeste,-12.54,-55.72
2024,241,0.0,0.6,0.36,37.06,44.29,0.05,22.01,9.89,Sorriso,MT,Centro-Oeste,-12.54,-55.72
2024,242,0.0,0.6,0.36,37.04,45.66,0.05,22.61,10.3,Sorriso,MT,Centro-Oeste,-12.54,-55.72
2024,243,0.0,0.6,0.35,36.1,49.15,0.05,23.58,10.69,Sorriso,MT,Centro-Oeste,-12.54,-55.72
2024,244,0.0,0.6,0.35,37.61,48.05,0.05,24.62,11.19,Sorriso,MT,Centro-Oeste,-12.54,-55.72
2024,245,0.0,0.6,0.35,37.49,40.84,0.2,24.78,11.13,Sorriso,MT,Centro-Oeste,-12.54,-55.72
2024,246,0.0,0.6,0.35,37.9,38.45,0.05,24.51,11.07,Sorriso,MT,Centro-Oeste,-12.54,-55.72
2024,247,0.0,0.6,0.34,38.67,43.3,0.04,19.76,8.55,Sorriso,MT,Centro-Oeste,-12.54,-55.72
2024,248,0.0,0.6,0.34,38.51,45.55,0.04,23.72,10.59,Sorriso,MT,Centro-Oeste,-12.54,-55.72
2024,249,0.0,0.6,0.33,38.42,34.3,0.18,22.86,9.95,Sorriso,MT,Centro-Oeste,-12.54,-55.72
2024,250,0.0,0.6,0.33,38.37,37.94,0.04,18.71,7.97,Sorriso,MT,Centro-Oeste,-12.54,-55.72
2024,251,0.0,0.6,0.32,38.5,42.15,0.07,22.11,9.5,Sorriso,MT,Centro-Oeste,-12.54,-55.72
2024,252,0.0,0.6,0.32,38.36,38.42,0.05,21.78,9.52,Sorriso,MT,Centro-Oeste,-12.54,-55.72
2024,253,0.0,0.6,0.32,38.21,34.26,0.05,24.29,10.7,Sorriso,MT,Centro-Oeste,-12.54,-55.72
2024,254,0.0,0.6,0.31,38.55,38.48,0.04,20.68,9.08,Sorriso,MT,Centro-Oeste,-12.54,-55.72
2024,255,0.0,0.6,0.31,37.88,41.06,0.04,17.02,7.1,Sorriso,MT,Centro-Oeste,-12.54,-55.72
2024,256,0.0,0.6,0.31,37.98,41.78,0.05,18.64,8.03,Sorriso,MT,Centro-Oeste,-12.54,-55.72
2024,257,0.0,0.6,0.31,38.85,40.45,0.05,18.6,8.1,Sorriso,MT,Centro-Oeste,-12.54,-55.72
2024,258,0.0,0.6,0.3,38.83,41.09,0.06,17.44,7.53,Sorriso,MT,Centro-Oeste,-12.54,-55.72
2024,259,0.0,0.6,0.3,38.19,38.98,0.13,14.05,5.62,Sorriso,MT,Centro-Oeste,-12.54,-55.72
2024,260,0.01,0.6,0.3,37.32,44.23,0.04,14.99,6.09,Sorriso,MT,Centro-Oeste,-12.54,-55.72
2024,261,0.0,0.6,0.3,37.84,44.89,0.05,19.1,8.13,Sorriso,MT,Centro-Oeste,-12.54,-55.72
2024,262,0.0,0.6,0.3,39.93,37.66,0.12,19.19,8.12,Sorriso,MT,Centro-Oeste,-12.54,-55.72
2024,263,0.01,0.6,0.29,39.85,37.53,0.09,14.7,6.32,Sorriso,MT,Centro-Oeste,-12.54,-55.72
2024,264,0.0,0.6,0.29,39.56,41.99,0.04,18.14,7.64,Sorriso,MT,Centro-Oeste,-12.54,-55.72
2024,265,0.0,0.6,0.29,39.59,35.28,0.04,17.25,7.13,Sorriso,MT,Centro-Oeste,-12.54,-55.72
2024,266,0.0,0.6,0.28,39.8,34.75,0.11,16.04,6.39,Sorriso,MT,Centro-Oeste,-12.54,-55.72
2024,267,0.0,0.6,0.28,39.54,32.43,0.2,14.93,6.05,Sorriso,MT,Centro-Oeste,-12.54,-55.72
2024,268,0.01,0.6,0.28,38.66,33.44,0.1,14.85,6.08,Sorriso,MT,Centro-Oeste,-12.54,-55.72
2024,269,0.12,0.6,0.27,40.4,35.21,0.12,17.04,7.14,Sorriso,MT,Centro-Oeste,-12.54,-55.72
2024,270,0.06,0.6,0.27,39.78,34.08,0.12,16.92,7.18,Sorriso,MT,Centro-Oeste,-12.54,-55.72
2024,271,0.0,0.6,0.27,38.03,37.6,0.12,15.51,6.38,Sorriso,MT,Centro-Oeste,-12.54,-55.72
2024,272,0.0,0.6,0.27,39.2,44.31,0.05,15.84,6.64,Sorriso,MT,Centro-Oeste,-12.54,-55.72
2024,273,10.02,0.61,0.43,38.22,50.37,0.13,14.41,6.54,Sorriso,MT,Centro-Oeste,-12.54,-55.72
2024,274,1.04,0.61,0.6,37.4,62.84,0.18,13.56,6.4,Sorriso,MT,Centro-Oeste,-12.54,-55.72
2024,275,0.7,0.61,0.58,38.44,58.15,0.14,21.75,9.85,Sorriso,MT,Centro-Oeste,-12.54,-55.72
2024,276,0.01,0.61,0.53,39.71,50.8,0.15,18.45,8.41,Sorriso,MT,Centro-Oeste,-12.54,-55.72
2024,277,0.0,0.61,0.48,39.85,47.6,0.21,17.43,7.89,Sorriso,MT,Centro-Oeste,-12.54,-55.72
2024,278,0.01,0.6,0.43,40.04,42.27,0.05,15.75,7.19,Sorriso,MT,Centro-Oeste,-12.54,-55.72
2024,279,0.02,0.6,0.4,40.81,44.96,0.09,18.56,8.3,Sorriso,MT,Centro-Oeste,-12.54,-55.72
2024,280,7.47,0.6,0.41,41.54,41.45,0.19,19.72,8.77,Sorriso,MT,Centro-Oeste,-12.54,-55.72
2024,281,0.47,0.61,0.59,37.81,54.59,0.04,18.66,8.51,Sorriso,MT,Centro-Oeste,-12.54,-55.72
2024,282,0.08,0.61,0.53,39.45,53.41,0.19,21.63,9.96,Sorriso,MT,Centro-Oeste,-12.54,-55.72
2024,283,0.85,0.61,0.48,39.1,50.57,0.09,21.75,10.01,Sorriso,MT,Centro-Oeste,-12.54,-55.72
2024,284,5.83,0.61,0.56,38.9,53.66,0.2,13.68,6.54,Sorriso,MT,Centro-Oeste,-12.54,-55.72
2024,285,0.06,0.61,0.57,39.72,48.97,0.3,20.51,9.21,Sorriso,MT,Centro-Oeste,-12.54,-55.72
2024,286,1.22,0.61,0.52,39.29,49.51,0.05,13.81,6.39,Sorriso,MT,Centro-Oeste,-12.54,-55.72
2024,287,0.61,0.61,0.47,39.28,52.39,0.04,17.98,8.38,Sorriso,MT,Centro-Oeste,-12.54,-55.72
2024,288,0.43,0.61,0.45,38.56,52.86,0.07,18.09,8.5,Sorriso,MT,Centro-Oeste,-12.54,-55.72
2024,289,0.68,0.6,0.41,40.25,46.99,0.04,21.68,9.97,Sorriso,MT,Centro-Oeste,-12.54,-55.72
2024,290,2.97,0.61,0.45,35.5,59.56,0.02,20.54,9.8,Sorriso,MT,Centro-Oeste,-12.54,-55.72
2024,291,16.66,0.61,0.55,35.41,65.46,0.03,20.29,9.7,Sorriso,MT,Centro-Oeste,-12.54,-55.72
2024,292,19.17,0.66,0.76,33.79,72.83,0.07,9.93,4.98,Sorriso,MT,Centro-Oeste,-12.54,-55.72
2024,293,0.2,0.65,0.62,32.91,70.45,0.04,12.67,6.03,Sorriso,MT,Centro-Oeste,-12.54,-55.72
2024,294,12.49,0.65,0.69,31.11,81.8,0.02,16.19,7.84,Sorriso,MT,Centro-Oeste,-12.54,-55.72
2024,295,2.73,0.66,0.65,32.94,77.98,0.03,17.36,8.5,Sorriso,MT,Centro-Oeste,-12.54,-55.72
2024,296,1.2,0.65,0.62,35.63,68.85,0.03,21.24,10.08,Sorriso,MT,Centro-Oeste,-12.54,-55.72
2024,297,0.9,0.64,0.61,34.53,67.51,0.09,18.18,8.82,Sorriso,MT,Centro-Oeste,-12.54,-55.72
2024,298,0.0,0.64,0.6,37.71,59.24,0.12,23.07,10.81,Sorriso,MT,Centro-Oeste,-12.54,-55.72
2024,299,0.3,0.63,0.6,36.77,61.73,0.03,22.39,10.52,Sorriso,MT,Centro-Oeste,-12.54,-55.72
2024,300,34.68,0.64,0.7,36.45,69.37,0.02,15.04,7.22,Sorriso,MT,Centro-Oeste,-12.54,-55.72
2024,301,1.63,0.68,0.69,30.41,82.33,0.03,18.62,9.0,Sorriso,MT,Centro-Oeste,-12.54,-55.72
2024,302,5.92,0.67,0.66,34.05,74.93,0.03,25.36,11.98,Sorriso,MT,Centro-Oeste,-12.54,-55.72
2024,303,5.96,0.66,0.67,34.76,75.56,0.02,21.38,10.27,Sorriso,MT,Centro-Oeste,-12.54,-55.72
2024,304,3.71,0.67,0.67,32.71,75.39,0.03,17.66,8.66,Sorriso,MT,Centro-Oeste,-12.54,-55.72
2024,305,4.03,0.66,0.63,33.89,68.91,0.06,20.03,9.78,Sorriso,MT,Centro-Oeste,-12.54,-55.72
2024,306,7.29,0.66,0.68,28.0,87.38,0.04,7.53,3.92,Sorriso,MT,Centro-Oeste,-12.54,-55.72
2024,307,8.74,0.67,0.7,30.29,85.68,0.03,13.03,6.48,Sorriso,MT,Centro-Oeste,-12.54,-55.72
2024,308,0.31,0.67,0.64,33.61,72.03,0.02,20.62,9.76,Sorriso,MT,Centro-Oeste,-12.54,-55.72
2024,309,16.5,0.67,0.69,34.66,73.5,0.04,19.74,9.54,Sorriso,MT,Centro-Oeste,-12.54,-55.72
2024,310,15.53,0.7,0.79,27.22,91.04,0.05,15.72,7.81,Sorriso,MT,Centro-Oeste,-12.54,-55.72
2024,311,10.5,0.7,0.75,27.61,92.84,0.02,12.54,6.41,Sorriso,MT,Centro-Oeste,-12.54,-55.72
2024,312,9.96,0.71,0.77,26.46,96.58,0.06,16.82,8.32,Sorriso,MT,Centro-Oeste,-12.54,-55.72
2024,313,12.41,0.71,0.76,28.1,92.31,0.1,17.15,8.4,Sorriso,MT,Centro-Oeste,-12.54,-55.72
2024,314,3.19,0.72,0.75,29.98,87.06,0.02,16.68,8.1,Sorriso,MT,Centro-Oeste,-12.54,-55.72
2024,315,3.88,0.71,0.72,28.19,88.84,0.08,13.3,6.6,Sorriso,MT,Centro-Oeste,-12.54,-55.72
2024,316,2.72,0.7,0.7,30.58,81.51,0.14,13.96,6.73,Sorriso,MT,Centro-Oeste,-12.54,-55.72
2024,317,14.28,0.7,0.73,31.87,78.17,0.14,15.68,7.55,Sorriso,MT,Centro-Oeste,-12.54,-55.72
2024,318,18.89,0.74,0.83,25.77,94.6,0.06,16.84,8.37,Sorriso,MT,Centro-Oeste,-12.54,-55.72
2024,319,0.95,0.72,0.72,30.16,81.47,0.06,22.52,10.88,Sorriso,MT,Centro-Oeste,-12.54,-55.72
2024,320,19.44,0.72,0.81,27.16,92.65,0.12,14.44,7.31,Sorriso,MT,Centro-Oeste,-12.54,-55.72
2024,321,2.17,0.74,0.75,28.03,91.28,0.06,16.63,8.23,Sorriso,MT,Centro-Oeste,-12.54,-55.72
2024,322,0.0,0.72,0.72,29.31,85.37,0.02,23.3,11.02,Sorriso,MT,Centro-Oeste,-12.54,-55.72
2024,323,0.57,0.71,0.7,30.93,79.33,0.04,17.71,8.61,Sorriso,MT,Centro-Oeste,-12.54,-55.72
2024,324,1.6,0.7,0.67,32.88,78.5,0.03,21.43,10.36,Sorriso,MT,Centro-Oeste,-12.54,-55.72
2024,325,4.45,0.69,0.68,31.67,81.85,0.03,19.97,9.73,Sorriso,MT,Centro-Oeste,-12.54,-55.72
2024,326,17.0,0.7,0.77,30.04,88.39,0.1,21.88,10.65,Sorriso,MT,Centro-Oeste,-12.54,-55.72
2024,327,12.04,0.73,0.8,28.16,91.62,0.12,13.67,6.83,Sorriso,MT,Centro-Oeste,-12.54,-55.72
2024,328,2.4,0.72,0.74,29.62,83.89,0.17,17.65,8.63,Sorriso,MT,Centro-Oeste,-12.54,-55.72
2024,329,0.83,0.71,0.72,30.63,84.56,0.08,18.07,8.83,Sorriso,MT,Centro-Oeste,-12.54,-55.72
2024,330,10.32,0.71,0.75,28.75,91.37,0.02,15.21,7.62,Sorriso,MT,Centro-Oeste,-12.54,-55.72
2024,331,3.62,0.72,0.75,30.6,84.98,0.07,19.28,9.38,Sorriso,MT,Centro-Oeste,-12.54,-55.72
2024,332,3.3,0.71,0.71,30.13,83.41,0.07,19.18,9.44,Sorriso,MT,Centro-Oeste,-12.54,-55.72
2024,333,1.73,0.7,0.7,30.77,83.22,0.06,23.11,11.23,Sorriso,MT,Centro-Oeste,-12.54,-55.72
2024,334,7.09,0.7,0.72,31.15,84.75,0.04,12.93,6.6,Sorriso,MT,Centro-Oeste,-12.54,-55.72
2024,335,3.9,0.7,0.71,30.47,84.22,0.02,19.71,9.59,Sorriso,MT,Centro-Oeste,-12.54,-55.72
2024,336,3.86,0.7,0.7,30.75,85.8,0.04,18.57,9.18,Sorriso,MT,Centro-Oeste,-12.54,-55.72
2024,337,7.94,0.7,0.72,29.63,86.34,0.03,17.66,8.56,Sorriso,MT,Centro-Oeste,-12.54,-55.72
2024,338,6.58,0.71,0.73,30.44,86.71,0.08,13.13,6.42,Sorriso,MT,Centro-Oeste,-12.54,-55.72
2024,339,3.59,0.71,0.73,29.22,87.69,0.14,17.94,8.8,Sorriso,MT,Centro-Oeste,-12.54,-55.72
2024,340,2.27,0.71,0.71,29.64,87.47,0.07,10.26,5.4,Sorriso,MT,Centro-Oeste,-12.54,-55.72
2024,341,7.21,0.71,0.74,29.7,87.87,0.06,19.56,9.62,Sorriso,MT,Centro-Oeste,-12.54,-55.72
2024,342,0.91,0.7,0.69,30.87,82.7,0.17,23.07,11.12,Sorriso,MT,Centro-Oeste,-12.54,-55.72
2024,343,0.4,0.69,0.67,32.28,78.47,0.1,23.87,11.41,Sorriso,MT,Centro-Oeste,-12.54,-55.72
2024,344,0.08,0.68,0.65,32.77,75.28,0.03,25.65,12.21,Sorriso,MT,Centro-Oeste,-12.54,-55.72
2024,345,1.44,0.67,0.64,33.21,74.94,0.03,23.2,11.22,Sorriso,MT,Centro-Oeste,-12.54,-55.72
2024,346,0.11,0.67,0.63,34.06,70.75,0.04,19.0,9.28,Sorriso,MT,Centro-Oeste,-12.54,-55.72
2024,347,0.0,0.66,0.62,34.02,69.9,0.03,24.86,11.84,Sorriso,MT,Centro-Oeste,-12.54,-55.72
2024,348,2.92,0.66,0.63,33.86,71.28,0.03,24.21,11.52,Sorriso,MT,Centro-Oeste,-12.54,-55.72
2024,349,9.48,0.68,0.7,30.94,80.56,0.07,19.91,9.86,Sorriso,MT,Centro-Oeste,-12.54,-55.72
2024,350,0.67,0.68,0.65,29.95,80.08,0.04,17.09,8.63,Sorriso,MT,Centro-Oeste,-12.54,-55.72
2024,351,0.88,0.67,0.64,31.51,74.63,0.03,19.8,9.72,Sorriso,MT,Centro-Oeste,-12.54,-55.72
2024,352,0.24,0.67,0.63,32.29,70.23,0.02,17.04,8.62,Sorriso,MT,Centro-Oeste,-12.54,-55.72
2024,353,0.05,0.66,0.62,34.2,64.92,0.02,21.09,10.34,Sorriso,MT,Centro-Oeste,-12.54,-55.72
2024,354,0.01,0.66,0.61,34.42,66.88,0.03,21.73,10.67,Sorriso,MT,Centro-Oeste,-12.54,-55.72
2024,355,19.12,0.68,0.73,30.61,80.72,0.02,24.75,11.96,Sorriso,MT,Centro-Oeste,-12.54,-55.72
2024,356,5.41,0.69,0.7,29.78,85.77,0.08,7.64,4.24,Sorriso,MT,Centro-Oeste,-12.54,-55.72
2024,357,3.33,0.69,0.69,30.6,84.6,0.03,17.11,8.45,Sorriso,MT,Centro-Oeste,-12.54,-55.72
2024,358,1.53,0.69,0.67,29.01,84.31,0.15,21.06,10.21,Sorriso,MT,Centro-Oeste,-12.54,-55.72
2024,359,7.96,0.69,0.7,32.09,77.13,0.11,16.24,8.04,Sorriso,MT,Centro-Oeste,-12.54,-55.72
2024,360,7.15,0.69,0.72,26.55,95.04,0.04,15.6,7.76,Sorriso,MT,Centro-Oeste,-12.54,-55.72
2024,361,8.55,0.71,0.75,26.72,94.53,0.04,18.37,9.03,Sorriso,MT,Centro-Oeste,-12.54,-55.72
2024,362,6.87,0.71,0.73,28.69,89.22,0.07,9.82,5.2,Sorriso,MT,Centro-Oeste,-12.54,-55.72
2024,363,0.82,0.7,0.71,26.89,86.5,0.14,17.77,8.8,Sorriso,MT,Centro-Oeste,-12.54,-55.72
2024,364,1.87,0.7,0.69,30.48,83.77,0.1,18.99,9.44,Sorriso,MT,Centro-Oeste,-12.54,-55.72
2024,365,6.42,0.69,0.7,28.31,90.69,0.06,9.7,5.2,Sorriso,MT,Centro-Oeste,-12.54,-55.72
2024,366,1.02,0.7,0.7,27.87,90.1,0.05,21.97,10.6,Sorriso,MT,Centro-Oeste,-12.54,-55.72
2025,1,5.49,0.7,0.7,30.01,84.25,0.14,17.4,8.67,Sorriso,MT,Centro-Oeste,-12.54,-55.72
2025,2,6.8,0.7,0.72,28.47,86.56,0.12,11.69,5.97,Sorriso,MT,Centro-Oeste,-12.54,-55.72
2025,3,0.46,0.7,0.68,31.43,76.89,0.09,20.65,10.06,Sorriso,MT,Centro-Oeste,-12.54,-55.72
2025,4,9.96,0.69,0.71,31.25,81.93,0.02,17.69,8.8,Sorriso,MT,Centro-Oeste,-12.54,-55.72
2025,5,2.16,0.7,0.69,29.83,85.03,0.1,21.38,10.46,Sorriso,MT,Centro-Oeste,-12.54,-55.72
2025,6,2.02,0.69,0.68,30.46,83.1,0.04,20.33,10.0,Sorriso,MT,Centro-Oeste,-12.54,-55.72
2025,7,6.98,0.69,0.7,27.56,89.97,0.12,15.51,7.75,Sorriso,MT,Centro-Oeste,-12.54,-55.72
2025,8,9.08,0.7,0.73,27.05,93.84,0.09,18.17,9.13,Sorriso,MT,Centro-Oeste,-12.54,-55.72
2025,9,5.88,0.71,0.73,26.83,94.06,0.03,12.56,6.6,Sorriso,MT,Centro-Oeste,-12.54,-55.72
2025,10,7.82,0.72,0.76,26.6,92.92,0.05,12.54,6.48,Sorriso,MT,Centro-Oeste,-12.54,-55.72
2025,11,5.92,0.71,0.73,25.68,93.4,0.05,11.74,6.19,Sorriso,MT,Centro-Oeste,-12.54,-55.72
2025,12,10.04,0.72,0.78,28.44,92.18,0.03,17.11,8.55,Sorriso,MT,Centro-Oeste,-12.54,-55.72
2025,13,4.24,0.72,0.73,27.87,92.66,0.03,17.37,8.79,Sorriso,MT,Centro-Oeste,-12.54,-55.72
2025,14,21.47,0.73,0.81,26.75,92.88,0.04,11.99,6.28,Sorriso,MT,Centro-Oeste,-12.54,-55.72
2025,15,15.13,0.76,0.84,26.99,91.81,0.06,13.82,7.13,Sorriso,MT,Centro-Oeste,-12.54,-55.72
2025,16,1.3,0.74,0.75,27.0,90.01,0.09,12.22,6.38,Sorriso,MT,Centro-Oeste,-12.54,-55.72
2025,17,9.41,0.74,0.77,26.27,94.5,0.05,13.96,7.23,Sorriso,MT,Centro-Oeste,-12.54,-55.72
2025,18,7.92,0.74,0.78,25.58,94.86,0.1,13.03,6.69,Sorriso,MT,Centro-Oeste,-12.54,-55.72
2025,19,3.29,0.75,0.78,26.83,92.49,0.13,17.78,8.99,Sorriso,MT,Centro-Oeste,-12.54,-55.72
2025,20,4.62,0.73,0.75,28.23,87.7,0.05,19.13,9.48,Sorriso,MT,Centro-Oeste,-12.54,-55.72
2025,21,2.27,0.73,0.74,28.8,87.22,0.09,18.53,9.12,Sorriso,MT,Centro-Oeste,-12.54,-55.72
2025,22,7.45,0.72,0.76,27.95,89.15,0.05,23.61,11.34,Sorriso,MT,Centro-Oeste,-12.54,-55.72
2025,23,1.08,0.73,0.75,27.39,92.0,0.13,22.86,11.01,Sorriso,MT,Centro-Oeste,-12.54,-55.72
2025,24,0.86,0.72,0.72,29.05,87.17,0.26,25.74,12.31,Sorriso,MT,Centro-Oeste,-12.54,-55.72
2025,25,0.52,0.72,0.72,28.77,88.04,0.27,23.54,11.36,Sorriso,MT,Centro-Oeste,-12.54,-55.72
2025,26,0.04,0.71,0.71,30.24,83.18,0.18,24.34,11.7,Sorriso,MT,Centro-Oeste,-12.54,-55.72
2025,27,3.24,0.7,0.7,30.18,84.03,0.04,15.95,7.92,Sorriso,MT,Centro-Oeste,-12.54,-55.72
2025,28,1.18,0.7,0.69,31.65,81.06,0.03,25.56,12.12,Sorriso,MT,Centro-Oeste,-12.54,-55.72
2025,29,4.7,0.7,0.68,31.89,80.8,0.03,16.21,8.03,Sorriso,MT,Centro-Oeste,-12.54,-55.72
2025,30,3.56,0.7,0.7,30.15,85.57,0.1,19.31,9.47,Sorriso,MT,Centro-Oeste,-12.54,-55.72
2025,31,11.88,0.71,0.75,28.27,91.06,0.02,17.83,8.81,Sorriso,MT,Centro-Oeste,-12.54,-55.72
2025,32,7.31,0.72,0.76,25.73,95.51,0.03,10.71,5.6,Sorriso,MT,Centro-Oeste,-12.54,-55.72
2025,33,6.15,0.73,0.76,26.1,95.39,0.03,15.04,7.57,Sorriso,MT,Centro-Oeste,-12.54,-55.72
2025,34,1.73,0.72,0.73,29.17,86.55,0.04,17.7,8.75,Sorriso,MT,Centro-Oeste,-12.54,-55.72
2025,35,9.08,0.72,0.76,28.57,90.25,0.03,18.01,8.9,Sorriso,MT,Centro-Oeste,-12.54,-55.72
2025,36,1.03,0.72,0.72,29.3,85.28,0.03,20.39,9.92,Sorriso,MT,Centro-Oeste,-12.54,-55.72
2025,37,4.58,0.71,0.72,28.77,86.72,0.07,18.3,8.97,Sorriso,MT,Centro-Oeste,-12.54,-55.72
2025,38,0.88,0.71,0.71,30.14,85.12,0.11,23.64,11.23,Sorriso,MT,Centro-Oeste,-12.54,-55.72
2025,39,5.42,0.7,0.71,30.37,81.97,0.06,18.82,9.17,Sorriso,MT,Centro-Oeste,-12.54,-55.72
2025,40,2.97,0.7,0.69,30.96,78.88,0.07,21.13,10.07,Sorriso,MT,Centro-Oeste,-12.54,-55.72
2025,41,12.75,0.71,0.77,28.99,86.23,0.03,20.01,9.67,Sorriso,MT,Centro-Oeste,-12.54,-55.72
2025,42,5.48,0.72,0.74,24.95,92.92,0.03,13.28,6.66,Sorriso,MT,Centro-Oeste,-12.54,-55.72
2025,43,3.98,0.72,0.73,27.19,87.66,0.06,19.33,9.37,Sorriso,MT,Centro-Oeste,-12.54,-55.72
2025,44,2.84,0.72,0.73,28.43,89.37,0.08,15.54,7.72,Sorriso,MT,Centro-Oeste,-12.54,-55.72
2025,45,1.1,0.71,0.71,27.22,88.95,0.06,12.58,6.43,Sorriso,MT,Centro-Oeste,-12.54,-55.72
2025,46,4.56,0.71,0.71,29.17,85.57,0.07,15.06,7.53,Sorriso,MT,Centro-Oeste,-12.54,-55.72
2025,47,3.79,0.71,0.71,29.67,86.5,0.08,17.3,8.59,Sorriso,MT,Centro-Oeste,-12.54,-55.72
2025,48,3.57,0.7,0.71,29.54,87.3,0.03,20.07,9.76,Sorriso,MT,Centro-Oeste,-12.54,-55.72
2025,49,0.61,0.7,0.68,31.81,80.58,0.03,23.49,11.09,Sorriso,MT,Centro-Oeste,-12.54,-55.72
2025,50,0.81,0.69,0.67,31.5,77.25,0.11,17.93,8.75,Sorriso,MT,Centro-Oeste,-12.54,-55.72
2025,51,3.41,0.69,0.67,32.41,78.81,0.12,17.7,8.71,Sorriso,MT,Centro-Oeste,-12.54,-55.72
2025,52,2.49,0.69,0.68,30.15,85.83,0.12,20.71,10.01,Sorriso,MT,Centro-Oeste,-12.54,-55.72
2025,53,4.12,0.69,0.67,32.69,80.12,0.12,22.71,10.84,Sorriso,MT,Centro-Oeste,-12.54,-55.72
2025,54,1.33,0.68,0.66,32.83,76.94,0.03,21.27,10.21,Sorriso,MT,Centro-Oeste,-12.54,-55.72
2025,55,21.44,0.69,0.76,30.29,83.64,0.1,19.69,9.65,Sorriso,MT,Centro-Oeste,-12.54,-55.72
2025,56,3.15,0.72,0.75,27.2,92.31,0.09,11.19,5.67,Sorriso,MT,Centro-Oeste,-12.54,-55.72
2025,57,8.3,0.71,0.74,28.76,88.68,0.04,17.36,8.53,Sorriso,MT,Centro-Oeste,-12.54,-55.72
2025,58,18.88,0.74,0.84,25.13,95.29,0.12,14.69,7.27,Sorriso,MT,Centro-Oeste,-12.54,-55.72
2025,59,5.7,0.74,0.77,27.43,87.82,0.16,19.63,9.56,Sorriso,MT,Centro-Oeste,-12.54,-55.72
2025,60,6.99,0.73,0.77,27.2,89.54,0.2,16.26,8.02,Sorriso,MT,Centro-Oeste,-12.54,-55.72
2025,61,3.85,0.73,0.76,28.46,90.15,0.06,17.45,8.62,Sorriso,MT,Centro-Oeste,-12.54,-55.72
2025,62,1.65,0.73,0.74,26.06,90.6,0.02,18.53,9.09,Sorriso,MT,Centro-Oeste,-12.54,-55.72
2025,63,3.76,0.72,0.73,29.31,85.61,0.13,20.63,10.0,Sorriso,MT,Centro-Oeste,-12.54,-55.72
2025,64,1.13,0.72,0.72,28.04,89.55,0.02,19.3,9.47,Sorriso,MT,Centro-Oeste,-12.54,-55.72
2025,65,0.07,0.71,0.71,27.26,85.74,0.02,19.42,9.44,Sorriso,MT,Centro-Oeste,-12.54,-55.72
2025,66,7.02,0.71,0.71,29.12,87.69,0.06,18.7,9.17,Sorriso,MT,Centro-Oeste,-12.54,-55.72
2025,67,4.39,0.72,0.76,26.47,90.98,0.17,4.78,2.67,Sorriso,MT,Centro-Oeste,-12.54,-55.72
2025,68,0.41,0.71,0.71,30.11,84.2,0.16,24.73,11.74,Sorriso,MT,Centro-Oeste,-12.54,-55.72
2025,69,0.34,0.7,0.69,31.17,82.06,0.04,23.58,11.27,Sorriso,MT,Centro-Oeste,-12.54,-55.72
2025,70,0.35,0.7,0.67,30.58,81.76,0.04,21.59,10.4,Sorriso,MT,Centro-Oeste,-12.54,-55.72
2025,71,12.01,0.7,0.74,26.47,92.22,0.13,14.74,7.26,Sorriso,MT,Centro-Oeste,-12.54,-55.72
2025,72,2.76,0.71,0.73,29.93,85.75,0.05,23.72,11.28,Sorriso,MT,Centro-Oeste,-12.54,-55.72
2025,73,0.72,0.7,0.69,30.46,79.34,0.02,18.7,9.14,Sorriso,MT,Centro-Oeste,-12.54,-55.72
2025,74,0.19,0.69,0.67,32.29,81.04,0.1,25.34,11.97,Sorriso,MT,Centro-Oeste,-12.54,-55.72
2025,75,5.09,0.69,0.68,31.61,84.95,0.09,12.27,6.2,Sorriso,MT,Centro-Oeste,-12.54,-55.72
2025,76,5.7,0.69,0.7,31.08,83.9,0.03,23.66,11.26,Sorriso,MT,Centro-Oeste,-12.54,-55.72
2025,77,3.1,0.7,0.69,30.16,85.13,0.02,19.7,9.59,Sorriso,MT,Centro-Oeste,-12.54,-55.72
2025,78,14.05,0.71,0.76,30.39,86.39,0.15,20.08,9.66,Sorriso,MT,Centro-Oeste,-12.54,-55.72
2025,79,5.72,0.72,0.75,27.18,88.88,0.2,23.49,11.23,Sorriso,MT,Centro-Oeste,-12.54,-55.72
2025,80,0.32,0.71,0.71,30.63,84.52,0.1,20.65,9.96,Sorriso,MT,Centro-Oeste,-12.54,-55.72
2025,81,0.08,0.7,0.68,31.81,80.01,0.03,21.24,10.22,Sorriso,MT,Centro-Oeste,-12.54,-55.72
2025,82,4.39,0.7,0.7,28.05,87.38,0.07,18.61,9.12,Sorriso,MT,Centro-Oeste,-12.54,-55.72
2025,83,1.82,0.69,0.68,31.7,81.52,0.03,12.97,6.57,Sorriso,MT,Centro-Oeste,-12.54,-55.72
2025,84,4.85,0.69,0.69,31.23,83.7,0.03,21.66,10.42,Sorriso,MT,Centro-Oeste,-12.54,-55.72
2025,85,5.3,0.69,0.68,31.06,83.3,0.03,19.16,9.3,Sorriso,MT,Centro-Oeste,-12.54,-55.72
2025,86,9.7,0.7,0.75,28.8,89.79,0.03,9.4,4.88,Sorriso,MT,Centro-Oeste,-12.54,-55.72
2025,87,3.88,0.7,0.72,29.87,83.59,0.06,21.96,10.52,Sorriso,MT,Centro-Oeste,-12.54,-55.72
2025,88,6.51,0.7,0.7,31.1,81.45,0.14,17.85,8.72,Sorriso,MT,Centro-Oeste,-12.54,-55.72
2025,89,2.31,0.7,0.72,27.59,89.3,0.16,13.65,6.94,Sorriso,MT,Centro-Oeste,-12.54,-55.72
2025,90,0.74,0.7,0.69,29.07,86.93,0.18,21.15,10.24,Sorriso,MT,Centro-Oeste,-12.54,-55.72
2025,91,8.66,0.7,0.72,30.67,85.87,0.03,15.43,7.87,Sorriso,MT,Centro-Oeste,-12.54,-55.72
2025,92,5.56,0.71,0.74,30.52,87.54,0.1,21.25,10.28,Sorriso,MT,Centro-Oeste,-12.54,-55.72
2025,93,6.71,0.71,0.74,28.53,91.47,0.13,20.81,10.12,Sorriso,MT,Centro-Oeste,-12.54,-55.72
2025,94,4.09,0.71,0.74,28.72,89.91,0.24,22.54,10.86,Sorriso,MT,Centro-Oeste,-12.54,-55.72
2025,95,4.66,0.71,0.72,30.23,87.45,0.06,17.68,8.87,Sorriso,MT,Centro-Oeste,-12.54,-55.72
2025,96,0.51,0.71,0.7,29.91,86.21,0.09,19.84,9.69,Sorriso,MT,Centro-Oeste,-12.54,-55.72
2025,97,0.43,0.7,0.68,30.97,80.44,0.09,20.29,9.74,Sorriso,MT,Centro-Oeste,-12.54,-55.72
2025,98,2.42,0.69,0.68,29.3,84.84,0.03,17.03,8.47,Sorriso,MT,Centro-Oeste,-12.54,-55.72
2025,99,11.51,0.69,0.72,29.39,86.54,0.07,8.06,4.46,Sorriso,MT,Centro-Oeste,-12.54,-55.72
2025,100,2.59,0.71,0.72,30.29,81.38,0.05,22.6,10.72,Sorriso,MT,Centro-Oeste,-12.54,-55.72
2025,101,0.37,0.7,0.67,30.93,76.96,0.03,20.2,9.77,Sorriso,MT,Centro-Oeste,-12.54,-55.72
2025,102,1.82,0.69,0.67,30.96,80.57,0.06,19.59,9.5,Sorriso,MT,Centro-Oeste,-12.54,-55.72
2025,103,4.1,0.69,0.67,30.95,80.96,0.08,8.52,4.6,Sorriso,MT,Centro-Oeste,-12.54,-55.72
2025,104,3.98,0.69,0.71,29.96,85.38,0.06,18.61,9.11,Sorriso,MT,Centro-Oeste,-12.54,-55.72
2025,105,5.26,0.69,0.68,31.15,82.81,0.06,20.67,9.98,Sorriso,MT,Centro-Oeste,-12.54,-55.72
2025,106,11.1,0.7,0.75,26.2,96.58,0.07,7.51,4.11,Sorriso,MT,Centro-Oeste,-12.54,-55.72
2025,107,0.24,0.71,0.7,30.44,83.35,0.04,22.27,10.63,Sorriso,MT,Centro-Oeste,-12.54,-55.72
2025,108,0.41,0.69,0.67,31.82,80.42,0.03,21.57,10.37,Sorriso,MT,Centro-Oeste,-12.54,-55.72
2025,109,0.51,0.69,0.66,32.37,81.14,0.04,19.03,9.3,Sorriso,MT,Centro-Oeste,-12.54,-55.72
2025,110,0.03,0.68,0.64,32.83,76.72,0.03,21.46,10.27,Sorriso,MT,Centro-Oeste,-12.54,-55.72
2025,111,0.2,0.67,0.64,32.55,75.51,0.06,18.44,9.04,Sorriso,MT,Centro-Oeste,-12.54,-55.72
2025,112,1.23,0.67,0.64,30.23,81.54,0.03,18.73,9.16,Sorriso,MT,Centro-Oeste,-12.54,-55.72
2025,113,3.27,0.67,0.66,29.75,85.35,0.13,17.23,8.49,Sorriso,MT,Centro-Oeste,-12.54,-55.72
2025,114,6.16,0.68,0.69,28.68,90.93,0.11,12.9,6.73,Sorriso,MT,Centro-Oeste,-12.54,-55.72
2025,115,0.31,0.68,0.66,31.51,80.46,0.09,18.27,8.86,Sorriso,MT,Centro-Oeste,-12.54,-55.72
2025,116,3.31,0.68,0.66,30.18,85.19,0.13,17.38,8.54,Sorriso,MT,Centro-Oeste,-12.54,-55.72
2025,117,3.28,0.68,0.67,31.42,82.9,0.09,18.78,9.02,Sorriso,MT,Centro-Oeste,-12.54,-55.72
2025,118,0.98,0.68,0.65,31.43,81.11,0.09,18.2,8.85,Sorriso,MT,Centro-Oeste,-12.54,-55.72
2025,119,0.04,0.67,0.64,31.94,78.17,0.03,17.74,8.63,Sorriso,MT,Centro-Oeste,-12.54,-55.72
2025,120,0.0,0.67,0.63,32.41,76.21,0.03,17.51,8.53,Sorriso,MT,Centro-Oeste,-12.54,-55.72
2025,121,0.0,0.66,0.62,32.69,73.21,0.04,19.05,9.26,Sorriso,MT,Centro-Oeste,-12.54,-55.72
2025,122,0.0,0.66,0.62,32.53,74.55,0.03,21.89,10.42,Sorriso,MT,Centro-Oeste,-12.54,-55.72
2025,123,0.0,0.66,0.61,33.74,70.21,0.03,18.96,9.14,Sorriso,MT,Centro-Oeste,-12.54,-55.72
2025,124,0.94,0.65,0.62,32.66,73.03,0.03,19.05,9.22,Sorriso,MT,Centro-Oeste,-12.54,-55.72
2025,125,0.1,0.65,0.61,33.63,68.91,0.04,20.84,9.86,Sorriso,MT,Centro-Oeste,-12.54,-55.72
2025,126,0.0,0.65,0.61,33.98,69.78,0.03,20.31,9.6,Sorriso,MT,Centro-Oeste,-12.54,-55.72
2025,127,0.27,0.65,0.61,34.27,67.53,0.03,20.33,9.66,Sorriso,MT,Centro-Oeste,-12.54,-55.72
2025,128,0.08,0.64,0.6,34.46,67.01,0.03,20.46,9.71,Sorriso,MT,Centro-Oeste,-12.54,-55.72
2025,129,0.0,0.64,0.6,34.64,66.85,0.06,19.78,9.46,Sorriso,MT,Centro-Oeste,-12.54,-55.72
2025,130,0.0,0.64,0.6,35.17,62.22,0.03,21.17,9.89,Sorriso,MT,Centro-Oeste,-12.54,-55.72
2025,131,0.0,0.64,0.6,34.03,64.26,0.04,20.81,9.69,Sorriso,MT,Centro-Oeste,-12.54,-55.72
2025,132,2.21,0.64,0.61,34.03,68.82,0.03,17.59,8.33,Sorriso,MT,Centro-Oeste,-12.54,-55.72
2025,133,1.81,0.64,0.62,33.8,68.72,0.03,19.05,9.05,Sorriso,MT,Centro-Oeste,-12.54,-55.72
2025,134,0.17,0.64,0.6,33.68,64.07,0.03,19.76,9.27,Sorriso,MT,Centro-Oeste,-12.54,-55.72
2025,135,0.0,0.64,0.6,33.73,61.11,0.04,20.87,9.71,Sorriso,MT,Centro-Oeste,-12.54,-55.72
2025,136,0.0,0.64,0.6,33.89,61.17,0.03,19.56,9.15,Sorriso,MT,Centro-Oeste,-12.54,-55.72
2025,137,0.0,0.63,0.6,34.11,60.67,0.03,19.9,9.31,Sorriso,MT,Centro-Oeste,-12.54,-55.72
2025,138,0.0,0.63,0.6,34.67,60.13,0.03,20.32,9.5,Sorriso,MT,Centro-Oeste,-12.54,-55.72
2025,139,0.0,0.63,0.6,34.56,60.62,0.03,19.74,9.26,Sorriso,MT,Centro-Oeste,-12.54,-55.72
2025,140,0.0,0.63,0.6,34.42,57.55,0.04,19.82,9.24,Sorriso,MT,Centro-Oeste,-12.54,-55.72
2025,141,0.0,0.63,0.59,34.07,52.86,0.03,19.51,9.06,Sorriso,MT,Centro-Oeste,-12.54,-55.72
2025,142,0.0,0.63,0.59,34.39,54.89,0.06,21.14,9.64,Sorriso,MT,Centro-Oeste,-12.54,-55.72
2025,143,0.0,0.62,0.6,34.19,57.26,0.02,19.96,9.29,Sorriso,MT,Centro-Oeste,-12.54,-55.72
2025,144,0.0,0.62,0.59,34.63,58.84,0.03,18.56,8.76,Sorriso,MT,Centro-Oeste,-12.54,-55.72
2025,145,0.0,0.62,0.59,34.14,59.06,0.03,16.08,7.71,Sorriso,MT,Centro-Oeste,-12.54,-55.72
2025,146,0.01,0.62,0.59,34.32,55.26,0.03,18.82,8.83,Sorriso,MT,Centro-Oeste,-12.54,-55.72
2025,147,0.01,0.62,0.59,33.26,57.84,0.07,17.14,8.11,Sorriso,MT,Centro-Oeste,-12.54,-55.72
2025,148,2.96,0.62,0.6,34.43,61.67,0.03,14.72,7.15,Sorriso,MT,Centro-Oeste,-12.54,-55.72
2025,149,0.76,0.62,0.61,29.99,65.14,0.04,12.97,6.43,Sorriso,MT,Centro-Oeste,-12.54,-55.72
2025,150,0.0,0.62,0.6,32.22,51.49,0.03,18.77,8.81,Sorriso,MT,Centro-Oeste,-12.54,-55.72
2025,151,0.0,0.62,0.59,33.76,59.33,0.03,19.41,9.05,Sorriso,MT,Centro-Oeste,-12.54,-55.72
2025,152,0.0,0.62,0.59,34.1,58.41,0.04,18.74,8.78,Sorriso,MT,Centro-Oeste,-12.54,-55.72
2025,153,0.0,0.62,0.59,31.98,62.46,0.03,18.47,8.66,Sorriso,MT,Centro-Oeste,-12.54,-55.72
2025,154,1.11,0.62,0.59,34.62,65.16,0.03,18.08,8.52,Sorriso,MT,Centro-Oeste,-12.54,-55.72
2025,155,0.18,0.62,0.58,34.78,60.92,0.04,19.74,9.17,Sorriso,MT,Centro-Oeste,-12.54,-55.72
2025,156,0.07,0.62,0.57,35.26,54.84,0.03,17.8,8.31,Sorriso,MT,Centro-Oeste,-12.54,-55.72
2025,157,0.0,0.61,0.56,35.14,49.92,0.03,18.78,8.64,Sorriso,MT,Centro-Oeste,-12.54,-55.72
2025,158,0.0,0.61,0.54,35.42,52.54,0.09,18.91,8.74,Sorriso,MT,Centro-Oeste,-12.54,-55.72
2025,159,0.0,0.61,0.53,35.44,49.74,0.1,17.59,8.21,Sorriso,MT,Centro-Oeste,-12.54,-55.72
2025,160,0.38,0.61,0.52,35.24,51.37,0.03,19.06,8.82,Sorriso,MT,Centro-Oeste,-12.54,-55.72
2025,161,1.65,0.61,0.54,33.49,67.05,0.03,17.0,8.0,Sorriso,MT,Centro-Oeste,-12.54,-55.72
2025,162,0.0,0.61,0.53,33.88,61.34,0.03,16.89,7.96,Sorriso,MT,Centro-Oeste,-12.54,-55.72
2025,163,0.0,0.61,0.52,33.94,56.94,0.03,19.46,9.06,Sorriso,MT,Centro-Oeste,-12.54,-55.72
2025,164,0.0,0.61,0.5,34.51,56.92,0.03,18.26,8.53,Sorriso,MT,Centro-Oeste,-12.54,-55.72
2025,165,0.0,0.61,0.49,34.22,56.46,0.04,18.09,8.52,Sorriso,MT,Centro-Oeste,-12.54,-55.72
2025,166,0.0,0.61,0.48,34.19,54.78,0.03,16.37,7.77,Sorriso,MT,Centro-Oeste,-12.54,-55.72
2025,167,0.0,0.61,0.47,34.02,54.72,0.04,18.79,8.75,Sorriso,MT,Centro-Oeste,-12.54,-55.72
2025,168,0.0,0.61,0.46,34.47,48.12,0.04,19.75,9.01,Sorriso,MT,Centro-Oeste,-12.54,-55.72
2025,169,0.0,0.61,0.45,33.95,49.77,0.03,18.03,8.34,Sorriso,MT,Centro-Oeste,-12.54,-55.72
2025,170,0.0,0.61,0.44,33.63,54.57,0.03,15.91,7.49,Sorriso,MT,Centro-Oeste,-12.54,-55.72
2025,171,0.0,0.61,0.44,34.3,47.28,0.03,18.02,8.32,Sorriso,MT,Centro-Oeste,-12.54,-55.72
2025,172,0.0,0.6,0.43,34.96,45.66,0.05,18.82,8.66,Sorriso,MT,Centro-Oeste,-12.54,-55.72
2025,173,0.0,0.6,0.42,35.21,48.4,0.03,16.71,7.85,Sorriso,MT,Centro-Oeste,-12.54,-55.72
2025,174,1.28,0.6,0.43,27.17,70.85,0.08,13.0,6.39,Sorriso,MT,Centro-Oeste,-12.54,-55.72
2025,175,14.39,0.62,0.66,23.39,87.48,0.04,6.87,3.73,Sorriso,MT,Centro-Oeste,-12.54,-55.72
2025,176,0.02,0.63,0.61,32.87,67.38,0.03,15.94,7.59,Sorriso,MT,Centro-Oeste,-12.54,-55.72
2025,177,0.03,0.63,0.6,34.55,61.72,0.03,17.43,8.18,Sorriso,MT,Centro-Oeste,-12.54,-55.72
2025,178,0.0,0.62,0.6,34.46,57.76,0.03,18.7,8.65,Sorriso,MT,Centro-Oeste,-12.54,-55.72
2025,179,0.0,0.62,0.59,34.76,53.42,0.03,18.64,8.58,Sorriso,MT,Centro-Oeste,-12.54,-55.72
2025,180,0.0,0.62,0.58,34.49,53.85,0.03,17.14,7.96,Sorriso,MT,Centro-Oeste,-12.54,-55.72
2025,181,0.0,0.62,0.57,33.48,50.88,0.04,17.86,8.16,Sorriso,MT,Centro-Oeste,-12.54,-55.72
2025,182,0.0,0.61,0.56,29.85,59.44,0.04,16.85,7.86,Sorriso,MT,Centro-Oeste,-12.54,-55.72
2025,183,0.0,0.61,0.55,31.62,59.47,0.04,17.6,8.19,Sorriso,MT,Centro-Oeste,-12.54,-55.72
2025,184,0.0,0.61,0.53,29.99,61.46,0.04,19.38,8.96,Sorriso,MT,Centro-Oeste,-12.54,-55.72
2025,185,0.0,0.61,0.51,32.24,57.34,0.03,18.97,8.7,Sorriso,MT,Centro-Oeste,-12.54,-55.72
2025,186,0.0,0.61,0.49,32.47,52.67,0.05,20.21,9.16,Sorriso,MT,Centro-Oeste,-12.54,-55.72
2025,187,0.0,0.61,0.47,33.15,46.79,0.05,20.25,9.15,Sorriso,MT,Centro-Oeste,-12.54,-55.72
2025,188,0.0,0.61,0.45,33.69,43.48,0.04,20.6,9.3,Sorriso,MT,Centro-Oeste,-12.54,-55.72
2025,189,0.0,0.6,0.44,33.73,43.92,0.03,20.19,9.15,Sorriso,MT,Centro-Oeste,-12.54,-55.72
2025,190,0.0,0.6,0.42,34.33,44.87,0.03,20.15,9.18,Sorriso,MT,Centro-Oeste,-12.54,-55.72
2025,191,0.0,0.6,0.41,34.9,42.71,0.03,20.36,9.26,Sorriso,MT,Centro-Oeste,-12.54,-55.72
2025,192,0.0,0.6,0.4,34.09,39.78,0.03,20.13,9.17,Sorriso,MT,Centro-Oeste,-12.54,-55.72
2025,193,0.0,0.6,0.39,33.21,41.5,0.04,20.58,9.29,Sorriso,MT,Centro-Oeste,-12.54,-55.72
2025,194,0.0,0.6,0.38,34.13,43.39,0.03,19.9,9.1,Sorriso,MT,Centro-Oeste,-12.54,-55.72
2025,195,0.0,0.6,0.38,34.17,40.63,0.03,19.99,9.18,Sorriso,MT,Centro-Oeste,-12.54,-55.72
2025,196,0.0,0.6,0.37,34.03,35.97,0.04,20.73,9.39,Sorriso,MT,Centro-Oeste,-12.54,-55.72
2025,197,0.0,0.6,0.36,35.05,35.44,0.11,20.9,9.46,Sorriso,MT,Centro-Oeste,-12.54,-55.72
2025,198,0.0,0.6,0.36,34.32,36.69,0.04,20.96,9.47,Sorriso,MT,Centro-Oeste,-12.54,-55.72
2025,199,0.0,0.6,0.35,32.98,40.39,0.04,21.03,9.42,Sorriso,MT,Centro-Oeste,-12.54,-55.72
2025,200,0.0,0.6,0.35,34.28,40.54,0.11,21.08,9.45,Sorriso,MT,Centro-Oeste,-12.54,-55.72
2025,201,0.0,0.6,0.35,35.23,36.31,0.19,21.23,9.57,Sorriso,MT,Centro-Oeste,-12.54,-55.72
2025,202,0.0,0.6,0.34,35.45,31.68,0.16,21.44,9.56,Sorriso,MT,Centro-Oeste,-12.54,-55.72
2025,203,0.0,0.6,0.34,36.08,32.44,0.17,21.14,9.55,Sorriso,MT,Centro-Oeste,-12.54,-55.72
2025,204,0.0,0.6,0.34,36.03,35.62,0.03,20.82,9.55,Sorriso,MT,Centro-Oeste,-12.54,-55.72
2025,205,0.0,0.6,0.33,36.58,37.89,0.17,20.94,9.58,Sorriso,MT,Centro-Oeste,-12.54,-55.72
2025,206,0.0,0.6,0.33,36.75,37.64,0.12,19.79,9.15,Sorriso,MT,Centro-Oeste,-12.54,-55.72
2025,207,0.0,0.6,0.33,36.68,37.86,0.09,20.47,9.45,Sorriso,MT,Centro-Oeste,-12.54,-55.72
2025,208,0.0,0.6,0.32,36.58,36.82,0.08,19.85,9.2,Sorriso,MT,Centro-Oeste,-12.54,-55.72
2025,209,0.0,0.6,0.32,36.58,33.71,0.02,19.85,9.14,Sorriso,MT,Centro-Oeste,-12.54,-55.72
2025,210,0.0,0.6,0.32,34.87,42.17,0.04,19.44,8.99,Sorriso,MT,Centro-Oeste,-12.54,-55.72
2025,211,0.0,0.6,0.32,33.75,40.93,0.09,19.36,8.94,Sorriso,MT,Centro-Oeste,-12.54,-55.72
2025,212,0.0,0.6,0.32,36.54,34.15,0.06,20.71,9.5,Sorriso,MT,Centro-Oeste,-12.54,-55.72
2025,213,0.0,0.6,0.31,37.02,32.3,0.06,18.8,8.78,Sorriso,MT,Centro-Oeste,-12.54,-55.72
2025,214,0.0,0.6,0.31,35.94,35.07,0.05,17.58,8.28,Sorriso,MT,Centro-Oeste,-12.54,-55.72
2025,215,0.0,0.6,0.3,35.13,36.26,0.04,17.58,8.29,Sorriso,MT,Centro-Oeste,-12.54,-55.72
2025,216,0.0,0.6,0.3,35.31,32.77,0.03,16.44,7.77,Sorriso,MT,Centro-Oeste,-12.54,-55.72
2025,217,0.0,0.6,0.3,35.06,33.49,0.04,19.14,8.88,Sorriso,MT,Centro-Oeste,-12.54,-55.72
2025,218,0.0,0.6,0.3,35.15,38.09,0.04,21.71,9.98,Sorriso,MT,Centro-Oeste,-12.54,-55.72
2025,219,0.0,0.6,0.29,35.72,35.87,0.03,20.57,9.51,Sorriso,MT,Centro-Oeste,-12.54,-55.72
2025,220,0.0,0.6,0.29,34.56,35.14,0.06,18.92,8.88,Sorriso,MT,Centro-Oeste,-12.54,-55.72
2025,221,0.0,0.6,0.29,32.64,42.1,0.05,20.47,9.45,Sorriso,MT,Centro-Oeste,-12.54,-55.72
2025,222,0.0,0.6,0.29,33.41,35.21,0.03,22.24,10.24,Sorriso,MT,Centro-Oeste,-12.54,-55.72
2025,223,0.0,0.6,0.29,33.54,34.05,0.04,22.71,10.42,Sorriso,MT,Centro-Oeste,-12.54,-55.72
2025,224,0.01,0.6,0.29,34.42,32.39,0.03,21.92,9.99,Sorriso,MT,Centro-Oeste,-12.54,-55.72
2025,225,0.0,0.6,0.28,35.55,27.36,0.06,23.65,10.45,Sorriso,MT,Centro-Oeste,-12.54,-55.72
2025,226,0.0,0.6,0.28,36.06,22.95,0.04,22.78,10.1,Sorriso,MT,Centro-Oeste,-12.54,-55.72
2025,227,0.0,0.6,0.27,35.74,23.35,0.12,21.75,9.83,Sorriso,MT,Centro-Oeste,-12.54,-55.72
2025,228,0.0,0.6,0.27,36.45,31.66,0.08,21.43,9.9,Sorriso,MT,Centro-Oeste,-12.54,-55.72
2025,229,0.0,0.6,0.27,38.25,29.35,0.05,21.39,9.85,Sorriso,MT,Centro-Oeste,-12.54,-55.72
2025,230,0.0,0.6,0.26,37.95,29.07,0.05,21.14,9.77,Sorriso,MT,Centro-Oeste,-12.54,-55.72
2025,231,0.01,0.6,0.26,38.25,28.59,0.14,19.46,9.03,Sorriso,MT,Centro-Oeste,-12.54,-55.72
2025,232,0.0,0.6,0.26,37.38,32.7,0.18,20.4,9.5,Sorriso,MT,Centro-Oeste,-12.54,-55.72
2025,233,0.0,0.6,0.26,38.16,28.52,0.04,22.85,10.56,Sorriso,MT,Centro-Oeste,-12.54,-55.72
2025,234,0.0,0.6,0.25,37.58,22.97,0.28,24.43,10.85,Sorriso,MT,Centro-Oeste,-12.54,-55.72
2025,235,0.0,0.6,0.25,38.53,24.33,0.26,22.41,10.2,Sorriso,MT,Centro-Oeste,-12.54,-55.72
2025,236,0.0,0.59,0.24,37.75,27.9,0.04,22.28,10.14,Sorriso,MT,Centro-Oeste,-12.54,-55.72
2025,237,0.0,0.59,0.24,35.67,33.11,0.04,22.89,10.38,Sorriso,MT,Centro-Oeste,-12.54,-55.72
2025,238,0.0,0.59,0.24,36.91,31.96,0.05,22.96,10.5,Sorriso,MT,Centro-Oeste,-12.54,-55.72
2025,239,0.0,0.59,0.24,38.09,29.75,0.04,21.88,10.13,Sorriso,MT,Centro-Oeste,-12.54,-55.72
2025,240,0.0,0.59,0.24,39.43,28.25,0.07,20.73,9.72,Sorriso,MT,Centro-Oeste,-12.54,-55.72
2025,241,0.0,0.59,0.23,38.3,32.2,0.06,20.42,9.58,Sorriso,MT,Centro-Oeste,-12.54,-55.72
2025,242,0.0,0.59,0.23,38.77,28.58,0.04,20.82,9.7,Sorriso,MT,Centro-Oeste,-12.54,-55.72
2025,243,0.0,0.59,0.23,38.83,27.31,0.04,20.25,9.4,Sorriso,MT,Centro-Oeste,-12.54,-55.72
2025,244,0.0,0.59,0.23,39.51,25.44,0.04,19.88,9.27,Sorriso,MT,Centro-Oeste,-12.54,-55.72
2025,245,0.0,0.59,0.22,39.17,26.21,0.05,20.34,9.6,Sorriso,MT,Centro-Oeste,-12.54,-55.72
2025,246,0.0,0.59,0.22,39.09,27.94,0.06,23.07,10.6,Sorriso,MT,Centro-Oeste,-12.54,-55.72
2025,247,0.0,0.59,0.22,39.03,26.12,0.09,22.05,10.05,Sorriso,MT,Centro-Oeste,-12.54,-55.72
2025,248,0.0,0.59,0.22,38.38,26.76,0.04,21.17,9.76,Sorriso,MT,Centro-Oeste,-12.54,-55.72
2025,249,0.0,0.59,0.21,38.29,28.27,0.04,22.93,10.5,Sorriso,MT,Centro-Oeste,-12.54,-55.72
2025,250,0.0,0.59,0.21,39.73,27.61,0.22,22.82,10.47,Sorriso,MT,Centro-Oeste,-12.54,-55.72
2025,251,0.0,0.59,0.21,39.25,29.63,0.22,21.06,9.79,Sorriso,MT,Centro-Oeste,-12.54,-55.72
2025,252,0.0,0.59,0.21,40.11,27.8,0.17,17.7,8.13,Sorriso,MT,Centro-Oeste,-12.54,-55.72
2025,253,0.0,0.59,0.21,39.81,25.39,0.17,20.95,9.52,Sorriso,MT,Centro-Oeste,-12.54,-55.72
2025,254,0.0,0.59,0.2,40.48,22.42,0.27,23.22,10.45,Sorriso,MT,Centro-Oeste,-12.54,-55.72
2025,255,0.0,0.59,0.2,40.47,22.85,0.31,22.68,10.26,Sorriso,MT,Centro-Oeste,-12.54,-55.72
2025,256,0.0,0.59,0.2,40.8,24.98,0.16,21.71,9.68,Sorriso,MT,Centro-Oeste,-12.54,-55.72
2025,257,12.59,0.6,0.42,38.71,38.48,0.17,21.09,9.48,Sorriso,MT,Centro-Oeste,-12.54,-55.72
2025,258,0.24,0.61,0.58,39.36,47.15,0.22,14.91,6.98,Sorriso,MT,Centro-Oeste,-12.54,-55.72
2025,259,2.46,0.61,0.58,34.56,57.47,0.3,17.04,8.02,Sorriso,MT,Centro-Oeste,-12.54,-55.72
2025,260,0.05,0.61,0.56,39.22,48.35,0.19,16.06,7.58,Sorriso,MT,Centro-Oeste,-12.54,-55.72
2025,261,0.24,0.61,0.49,37.19,45.69,0.05,16.26,7.67,Sorriso,MT,Centro-Oeste,-12.54,-55.72
2025,262,3.41,0.61,0.55,36.82,58.45,0.06,16.17,7.92,Sorriso,MT,Centro-Oeste,-12.54,-55.72
2025,263,4.35,0.61,0.57,35.86,60.39,0.03,14.1,7.03,Sorriso,MT,Centro-Oeste,-12.54,-55.72
2025,264,2.05,0.61,0.6,36.23,61.9,0.1,18.62,9.01,Sorriso,MT,Centro-Oeste,-12.54,-55.72
2025,265,3.21,0.61,0.59,37.63,59.44,0.07,18.22,8.97,Sorriso,MT,Centro-Oeste,-12.54,-55.72
2025,266,4.12,0.62,0.62,35.02,67.86,0.03,15.9,7.78,Sorriso,MT,Centro-Oeste,-12.54,-55.72
2025,267,4.8,0.62,0.6,36.93,66.45,0.03,20.07,9.68,Sorriso,MT,Centro-Oeste,-12.54,-55.72
2025,268,3.38,0.62,0.64,34.81,70.62,0.08,15.44,7.59,Sorriso,MT,Centro-Oeste,-12.54,-55.72
2025,269,3.19,0.62,0.62,37.12,60.26,0.09,19.78,9.45,Sorriso,MT,Centro-Oeste,-12.54,-55.72
2025,270,0.7,0.62,0.6,38.13,57.05,0.23,24.56,11.4,Sorriso,MT,Centro-Oeste,-12.54,-55.72
2025,271,0.01,0.62,0.57,37.97,49.9,0.19,24.49,11.39,Sorriso,MT,Centro-Oeste,-12.54,-55.72
2025,272,0.0,0.61,0.53,39.48,35.79,0.19,26.02,11.83,Sorriso,MT,Centro-Oeste,-12.54,-55.72
2025,273,0.0,0.61,0.49,39.83,39.65,0.33,25.21,11.42,Sorriso,MT,Centro-Oeste,-12.54,-55.72
2025,274,0.0,0.6,0.44,40.8,35.83,0.36,21.67,9.85,Sorriso,MT,Centro-Oeste,-12.54,-55.72
2025,275,0.0,0.6,0.4,39.85,33.09,0.3,16.88,7.77,Sorriso,MT,Centro-Oeste,-12.54,-55.72
2025,276,0.0,0.6,0.37,39.64,33.54,0.18,24.41,10.97,Sorriso,MT,Centro-Oeste,-12.54,-55.72
2025,277,0.0,0.6,0.33,41.07,30.17,0.21,23.86,10.79,Sorriso,MT,Centro-Oeste,-12.54,-55.72
2025,278,0.38,0.6,0.32,40.12,27.24,0.21,23.09,10.6,Sorriso,MT,Centro-Oeste,-12.54,-55.72
2025,279,0.0,0.6,0.31,40.78,29.86,0.21,23.85,10.82,Sorriso,MT,Centro-Oeste,-12.54,-55.72
2025,280,0.49,0.6,0.31,41.3,30.35,0.19,24.79,11.24,Sorriso,MT,Centro-Oeste,-12.54,-55.72
2025,281,0.25,0.6,0.3,36.05,41.83,0.04,24.82,11.43,Sorriso,MT,Centro-Oeste,-12.54,-55.72
2025,282,0.38,0.6,0.3,39.14,48.81,0.05,15.22,7.38,Sorriso,MT,Centro-Oeste,-12.54,-55.72
2025,283,0.53,0.6,0.3,36.17,53.97,0.02,19.25,9.32,Sorriso,MT,Centro-Oeste,-12.54,-55.72
2025,284,0.03,0.6,0.3,32.73,49.82,0.18,19.1,9.11,Sorriso,MT,Centro-Oeste,-12.54,-55.72
2025,285,0.07,0.6,0.3,36.64,45.33,0.04,18.99,9.1,Sorriso,MT,Centro-Oeste,-12.54,-55.72
2025,286,9.4,0.6,0.31,38.54,45.06,0.06,22.36,10.56,Sorriso,MT,Centro-Oeste,-12.54,-55.72
2025,287,15.15,0.64,0.72,36.09,64.29,0.03,15.98,7.73,Sorriso,MT,Centro-Oeste,-12.54,-55.72
2025,288,0.69,0.64,0.61,35.87,63.75,0.06,22.32,10.53,Sorriso,MT,Centro-Oeste,-12.54,-55.72
2025,289,0.06,0.63,0.6,36.91,59.35,0.17,24.34,11.35,Sorriso,MT,Centro-Oeste,-12.54,-55.72
2025,290,2.3,0.62,0.6,37.91,54.9,0.2,22.51,10.51,Sorriso,MT,Centro-Oeste,-12.54,-55.72
2025,291,1.33,0.62,0.6,38.97,53.67,0.05,20.31,9.49,Sorriso,MT,Centro-Oeste,-12.54,-55.72
2025,292,0.07,0.62,0.58,36.44,57.01,0.04,17.71,8.49,Sorriso,MT,Centro-Oeste,-12.54,-55.72
2025,293,4.45,0.62,0.58,34.39,63.39,0.04,18.19,8.84,Sorriso,MT,Centro-Oeste,-12.54,-55.72
2025,294,6.48,0.63,0.67,32.39,74.34,0.07,21.16,10.15,Sorriso,MT,Centro-Oeste,-12.54,-55.72
2025,295,0.05,0.63,0.6,34.95,61.83,0.06,18.87,9.1,Sorriso,MT,Centro-Oeste,-12.54,-55.72
2025,296,0.02,0.62,0.58,37.08,50.94,0.04,27.04,12.52,Sorriso,MT,Centro-Oeste,-12.54,-55.72
2025,297,0.05,0.62,0.57,36.07,51.14,0.04,25.48,11.93,Sorriso,MT,Centro-Oeste,-12.54,-55.72
2025,298,0.01,0.61,0.55,37.64,51.47,0.08,25.14,11.68,Sorriso,MT,Centro-Oeste,-12.54,-55.72
2025,299,0.07,0.61,0.51,39.18,46.17,0.07,24.86,11.49,Sorriso,MT,Centro-Oeste,-12.54,-55.72
2025,300,1.01,0.61,0.48,39.33,47.34,0.03,21.2,9.9,Sorriso,MT,Centro-Oeste,-12.54,-55.72
2025,301,0.48,0.61,0.45,38.06,51.17,0.05,21.92,10.25,Sorriso,MT,Centro-Oeste,-12.54,-55.72
2025,302,0.41,0.6,0.43,38.63,49.55,0.04,22.93,10.74,Sorriso,MT,Centro-Oeste,-12.54,-55.72
2025,303,0.63,0.6,0.41,37.0,48.54,0.03,19.63,9.27,Sorriso,MT,Centro-Oeste,-12.54,-55.72
2025,304,0.76,0.6,0.41,36.58,54.55,0.1,24.18,11.36,Sorriso,MT,Centro-Oeste,-12.54,-55.72
2025,305,0.47,0.6,0.4,36.19,51.35,0.12,22.25,10.56,Sorriso,MT,Centro-Oeste,-12.54,-55.72
2025,306,1.05,0.6,0.4,39.29,50.02,0.09,23.44,11.01,Sorriso,MT,Centro-Oeste,-12.54,-55.72
2025,307,1.89,0.6,0.41,36.86,54.52,0.09,12.73,6.26,Sorriso,MT,Centro-Oeste,-12.54,-55.72
2025,308,1.88,0.61,0.46,33.04,68.92,0.03,18.28,8.81,Sorriso,MT,Centro-Oeste,-12.54,-55.72
2025,309,0.04,0.61,0.45,37.49,55.79,0.04,23.7,11.25,Sorriso,MT,Centro-Oeste,-12.54,-55.72
2025,310,18.92,0.62,0.63,37.62,57.78,0.07,23.59,11.22,Sorriso,MT,Centro-Oeste,-12.54,-55.72
2025,311,0.42,0.63,0.62,33.39,67.03,0.04,15.81,7.83,Sorriso,MT,Centro-Oeste,-12.54,-55.72
2025,312,3.95,0.63,0.61,35.68,67.75,0.04,22.42,10.74,Sorriso,MT,Centro-Oeste,-12.54,-55.72
2025,313,2.39,0.63,0.64,31.76,76.8,0.08,23.65,11.39,Sorriso,MT,Centro-Oeste,-12.54,-55.72
2025,314,4.5,0.63,0.62,36.36,66.96,0.04,21.95,10.51,Sorriso,MT,Centro-Oeste,-12.54,-55.72
2025,315,2.65,0.63,0.64,32.32,77.07,0.03,15.98,7.84,Sorriso,MT,Centro-Oeste,-12.54,-55.72
2025,316,2.37,0.63,0.62,31.9,72.74,0.05,19.3,9.36,Sorriso,MT,Centro-Oeste,-12.54,-55.72
2025,317,2.9,0.63,0.63,36.36,64.24,0.09,24.82,11.78,Sorriso,MT,Centro-Oeste,-12.54,-55.72
2025,318,2.99,0.63,0.61,36.03,64.92,0.06,20.08,9.69,Sorriso,MT,Centro-Oeste,-12.54,-55.72
2025,319,0.78,0.63,0.61,37.15,61.74,0.08,25.18,11.95,Sorriso,MT,Centro-Oeste,-12.54,-55.72
2025,320,0.0,0.62,0.59,38.66,52.28,0.05,26.25,12.22,Sorriso,MT,Centro-Oeste,-12.54,-55.72
2025,321,0.87,0.62,0.58,38.77,54.88,0.03,24.37,11.42,Sorriso,MT,Centro-Oeste,-12.54,-55.72
2025,322,1.53,0.62,0.6,35.35,61.97,0.04,22.54,10.69,Sorriso,MT,Centro-Oeste,-12.54,-55.72
2025,323,0.37,0.62,0.58,36.29,55.42,0.14,26.86,12.67,Sorriso,MT,Centro-Oeste,-12.54,-55.72
2025,324,0.05,0.61,0.56,38.12,49.47,0.06,24.65,11.72,Sorriso,MT,Centro-Oeste,-12.54,-55.72
2025,325,0.31,0.61,0.54,35.25,62.69,0.03,20.08,9.79,Sorriso,MT,Centro-Oeste,-12.54,-55.72
2025,326,7.09,0.62,0.61,27.69,87.39,0.04,15.52,7.8,Sorriso,MT,Centro-Oeste,-12.54,-55.72
2025,327,0.07,0.62,0.61,28.78,77.39,0.06,15.31,7.68,Sorriso,MT,Centro-Oeste,-12.54,-55.72
2025,328,1.9,0.62,0.61,35.17,66.99,0.04,25.55,12.17,Sorriso,MT,Centro-Oeste,-12.54,-55.72
2025,329,0.97,0.62,0.61,34.04,70.97,0.06,3.63,2.03,Sorriso,MT,Centro-Oeste,-12.54,-55.72
2025,330,0.81,0.62,0.6,36.12,63.27,0.05,22.51,10.81,Sorriso,MT,Centro-Oeste,-12.54,-55.72
2025,331,18.97,0.63,0.71,34.52,68.0,0.03,22.96,11.0,Sorriso,MT,Centro-Oeste,-12.54,-55.72
2025,332,1.0,0.65,0.64,34.2,69.59,0.07,19.43,9.34,Sorriso,MT,Centro-Oeste,-12.54,-55.72
2025,333,0.06,0.64,0.6,36.99,61.16,0.05,21.89,10.46,Sorriso,MT,Centro-Oeste,-12.54,-55.72
2025,334,0.0,0.63,0.59,36.57,56.58,0.03,14.07,6.94,Sorriso,MT,Centro-Oeste,-12.54,-55.72
2025,335,5.83,0.63,0.63,32.49,69.46,0.02,14.89,7.3,Sorriso,MT,Centro-Oeste,-12.54,-55.72
2025,336,38.6,0.66,0.79,33.09,79.43,0.04,22.18,10.58,Sorriso,MT,Centro-Oeste,-12.54,-55.72
2025,337,32.65,0.72,0.86,25.93,95.43,0.03,8.55,4.48,Sorriso,MT,Centro-Oeste,-12.54,-55.72
2025,338,9.52,0.74,0.81,28.2,91.5,0.02,18.66,9.17,Sorriso,MT,Centro-Oeste,-12.54,-55.72
2025,339,17.78,0.73,0.82,24.53,96.99,0.03,11.55,6.0,Sorriso,MT,Centro-Oeste,-12.54,-55.72
2025,340,5.82,0.73,0.76,26.07,91.02,0.04,13.91,6.98,Sorriso,MT,Centro-Oeste,-12.54,-55.72
2025,341,4.54,0.72,0.73,27.11,91.91,0.03,11.3,5.79,Sorriso,MT,Centro-Oeste,-12.54,-55.72
2025,342,2.45,0.71,0.71,28.34,87.37,0.06,15.17,7.53,Sorriso,MT,Centro-Oeste,-12.54,-55.72
2025,343,1.73,0.7,0.68,30.14,80.62,0.04,22.02,10.57,Sorriso,MT,Centro-Oeste,-12.54,-55.72
2025,344,1.46,0.69,0.67,29.45,82.72,0.09,15.13,7.55,Sorriso,MT,Centro-Oeste,-12.54,-55.72
2025,345,0.37,0.68,0.65,31.39,77.7,0.03,21.42,10.37,Sorriso,MT,Centro-Oeste,-12.54,-55.72
2025,346,1.98,0.67,0.64,33.29,74.91,0.02,16.25,7.87,Sorriso,MT,Centro-Oeste,-12.54,-55.72
2025,347,2.32,0.67,0.64,32.03,80.05,0.05,14.67,7.22,Sorriso,MT,Centro-Oeste,-12.54,-55.72
2025,348,0.96,0.67,0.64,33.28,76.21,0.02,19.76,9.67,Sorriso,MT,Centro-Oeste,-12.54,-55.72
2025,349,4.27,0.66,0.63,32.11,77.19,0.05,21.38,10.34,Sorriso,MT,Centro-Oeste,-12.54,-55.72
2025,350,8.88,0.68,0.71,31.42,83.59,0.04,11.73,5.96,Sorriso,MT,Centro-Oeste,-12.54,-55.72
2025,351,5.56,0.68,0.66,33.26,78.88,0.05,17.23,8.45,Sorriso,MT,Centro-Oeste,-12.54,-55.72
2025,352,6.72,0.69,0.71,27.85,92.38,0.03,12.32,6.24,Sorriso,MT,Centro-Oeste,-12.54,-55.72
2025,353,6.29,0.69,0.69,28.85,89.86,0.05,16.0,7.95,Sorriso,MT,Centro-Oeste,-12.54,-55.72
2025,354,6.76,0.7,0.72,28.28,88.83,0.03,15.11,7.54,Sorriso,MT,Centro-Oeste,-12.54,-55.72
2025,355,8.75,0.7,0.71,27.02,92.67,0.03,16.63,8.29,Sorriso,MT,Centro-Oeste,-12.54,-55.72
2025,356,12.51,0.71,0.76,28.16,92.09,0.03,8.76,4.55,Sorriso,MT,Centro-Oeste,-12.54,-55.72
2025,357,6.88,0.71,0.75,27.71,90.04,0.05,16.0,8.04,Sorriso,MT,Centro-Oeste,-12.54,-55.72
2025,358,0.57,0.7,0.7,29.64,80.93,0.04,26.19,12.31,Sorriso,MT,Centro-Oeste,-12.54,-55.72
2025,359,0.11,0.69,0.66,30.65,78.07,0.06,18.51,9.02,Sorriso,MT,Centro-Oeste,-12.54,-55.72
2025,360,37.08,0.7,0.8,28.62,83.38,0.03,19.01,9.27,Sorriso,MT,Centro-Oeste,-12.54,-55.72
2025,361,11.21,0.74,0.8,29.13,89.79,0.15,23.11,11.15,Sorriso,MT,Centro-Oeste,-12.54,-55.72
2025,362,2.37,0.73,0.76,28.39,90.47,0.24,17.87,8.82,Sorriso,MT,Centro-Oeste,-12.54,-55.72
2025,363,0.73,0.72,0.72,29.68,84.13,0.21,26.33,12.52,Sorriso,MT,Centro-Oeste,-12.54,-55.72
2025,364,0.15,0.71,0.7,29.85,83.16,0.08,14.59,7.23,Sorriso,MT,Centro-Oeste,-12.54,-55.72
2025,365,0.04,0.69,0.67,32.18,77.1,0.1,24.47,-999.0,Sorriso,MT,Centro-Oeste,-12.54,-55.72
2026,1,2.24,0.68,0.66,32.96,76.3,0.13,18.8,-999.0,Sorriso,MT,Centro-Oeste,-12.54,-55.72
2026,2,1.47,0.68,0.65,33.57,73.46,0.06,17.0,-999.0,Sorriso,MT,Centro-Oeste,-12.54,-55.72
2026,3,9.95,0.68,0.69,30.95,80.41,0.06,22.48,-999.0,Sorriso,MT,Centro-Oeste,-12.54,-55.72
2026,4,7.61,0.7,0.74,27.03,92.39,0.03,19.85,-999.0,Sorriso,MT,Centro-Oeste,-12.54,-55.72
2026,5,1.59,0.7,0.69,26.84,89.81,0.03,11.77,-999.0,Sorriso,MT,Centro-Oeste,-12.54,-55.72
2026,6,5.7,0.7,0.71,27.45,87.82,0.04,20.85,-999.0,Sorriso,MT,Centro-Oeste,-12.54,-55.72
2026,7,17.17,0.71,0.76,27.98,89.08,0.03,13.24,-999.0,Sorriso,MT,Centro-Oeste,-12.54,-55.72
2026,8,17.15,0.74,0.84,27.46,92.54,0.04,25.1,-999.0,Sorriso,MT,Centro-Oeste,-12.54,-55.72
2026,9,4.23,0.74,0.76,28.37,88.22,0.03,25.5,-999.0,Sorriso,MT,Centro-Oeste,-12.54,-55.72
2026,10,0.08,0.72,0.72,29.93,84.4,0.16,26.21,-999.0,Sorriso,MT,Centro-Oeste,-12.54,-55.72
2026,11,2.56,0.71,0.71,30.27,82.78,0.05,22.09,-999.0,Sorriso,MT,Centro-Oeste,-12.54,-55.72
2026,12,3.65,0.71,0.72,28.5,86.02,0.11,18.04,-999.0,Sorriso,MT,Centro-Oeste,-12.54,-55.72
2026,13,11.09,0.71,0.76,28.55,87.97,0.02,18.6,-999.0,Sorriso,MT,Centro-Oeste,-12.54,-55.72
2026,14,1.38,0.71,0.71,29.43,82.93,0.03,21.95,-999.0,Sorriso,MT,Centro-Oeste,-12.54,-55.72
2026,15,3.09,0.7,0.69,30.82,81.18,0.03,15.03,-999.0,Sorriso,MT,Centro-Oeste,-12.54,-55.72
2026,16,0.35,0.69,0.67,30.09,80.97,0.03,26.33,-999.0,Sorriso,MT,Centro-Oeste,-12.54,-55.72
2026,17,2.68,0.69,0.67,31.3,77.99,0.06,15.11,-999.0,Sorriso,MT,Centro-Oeste,-12.54,-55.72
2026,18,1.05,0.68,0.65,32.71,74.71,0.08,24.31,-999.0,Sorriso,MT,Centro-Oeste,-12.54,-55.72
2026,19,1.73,0.67,0.64,33.48,72.06,0.05,17.0,-999.0,Sorriso,MT,Centro-Oeste,-12.54,-55.72
2026,20,28.41,0.69,0.79,30.24,85.88,0.08,17.21,-999.0,Sorriso,MT,Centro-Oeste,-12.54,-55.72
2026,21,12.16,0.73,0.8,27.16,92.14,0.03,9.59,-999.0,Sorriso,MT,Centro-Oeste,-12.54,-55.72
2026,22,3.35,0.72,0.73,28.54,88.0,0.06,18.38,-999.0,Sorriso,MT,Centro-Oeste,-12.54,-55.72
2026,23,1.07,0.71,0.71,29.57,85.55,0.06,17.17,-999.0,Sorriso,MT,Centro-Oeste,-12.54,-55.72
2026,24,8.66,0.71,0.74,29.54,88.62,0.05,15.9,-999.0,Sorriso,MT,Centro-Oeste,-12.54,-55.72
2026,25,8.87,0.72,0.77,28.5,91.52,0.05,8.25,-999.0,Sorriso,MT,Centro-Oeste,-12.54,-55.72
2026,26,0.66,0.72,0.72,27.51,90.55,0.15,23.55,-999.0,Sorriso,MT,Centro-Oeste,-12.54,-55.72
2026,27,11.26,0.71,0.75,30.2,85.41,0.21,17.9,-999.0,Sorriso,MT,Centro-Oeste,-12.54,-55.72
2026,28,4.24,0.73,0.77,27.93,88.32,0.12,11.68,-999.0,Sorriso,MT,Centro-Oeste,-12.54,-55.72
2026,29,0.03,0.72,0.71,29.37,84.55,0.06,24.28,-999.0,Sorriso,MT,Centro-Oeste,-12.54,-55.72
2026,30,7.39,0.71,0.72,30.84,82.7,0.05,15.93,-999.0,Sorriso,MT,Centro-Oeste,-12.54,-55.72
2026,31,8.44,0.72,0.78,30.16,87.38,0.03,13.42,-999.0,Sorriso,MT,Centro-Oeste,-12.54,-55.72
2026,32,3.55,0.72,0.72,28.94,86.47,0.1,13.61,-999.0,Sorriso,MT,Centro-Oeste,-12.54,-55.72
2026,33,42.45,0.73,0.84,27.9,92.67,0.05,1.91,-999.0,Sorriso,MT,Centro-Oeste,-12.54,-55.72
2026,34,8.84,0.77,0.84,26.67,92.54,0.02,12.86,-999.0,Sorriso,MT,Centro-Oeste,-12.54,-55.72
2026,35,1.68,0.75,0.76,28.24,88.33,0.11,12.21,-999.0,Sorriso,MT,Centro-Oeste,-12.54,-55.72
2026,36,0.38,0.74,0.75,28.79,88.56,0.11,20.71,-999.0,Sorriso,MT,Centro-Oeste,-12.54,-55.72
2026,37,32.12,0.74,0.85,27.63,89.39,0.07,13.96,-999.0,Sorriso,MT,Centro-Oeste,-12.54,-55.72
2026,38,9.28,0.77,0.83,26.58,93.51,0.02,21.67,-999.0,Sorriso,MT,Centro-Oeste,-12.54,-55.72
2026,39,8.17,0.77,0.81,28.23,92.32,0.03,9.21,-999.0,Sorriso,MT,Centro-Oeste,-12.54,-55.72
2026,40,21.83,0.78,0.87,25.03,96.37,0.03,1.63,-999.0,Sorriso,MT,Centro-Oeste,-12.54,-55.72
2026,41,17.66,0.79,0.86,26.64,92.16,0.04,13.5,-999.0,Sorriso,MT,Centro-Oeste,-12.54,-55.72
2026,42,7.57,0.8,0.84,25.33,94.84,0.03,17.71,-999.0,Sorriso,MT,Centro-Oeste,-12.54,-55.72
2026,43,12.24,0.8,0.85,25.36,95.68,0.16,14.86,-999.0,Sorriso,MT,Centro-Oeste,-12.54,-55.72
2026,44,1.97,0.79,0.82,27.69,87.17,0.19,16.39,-999.0,Sorriso,MT,Centro-Oeste,-12.54,-55.72
2026,45,5.25,0.78,0.82,29.14,86.49,0.24,25.19,-999.0,Sorriso,MT,Centro-Oeste,-12.54,-55.72
2026,46,3.74,0.78,0.8,29.51,89.55,0.12,24.1,-999.0,Sorriso,MT,Centro-Oeste,-12.54,-55.72
2026,47,2.98,0.77,0.79,28.23,89.83,0.14,15.26,-999.0,Sorriso,MT,Centro-Oeste,-12.54,-55.72
2026,48,2.53,0.77,0.79,27.75,89.7,0.18,23.07,-999.0,Sorriso,MT,Centro-Oeste,-12.54,-55.72
2026,49,0.37,0.76,0.77,28.95,84.47,0.26,25.1,-999.0,Sorriso,MT,Centro-Oeste,-12.54,-55.72
2026,50,14.84,0.75,0.81,29.26,86.84,0.17,23.53,-999.0,Sorriso,MT,Centro-Oeste,-12.54,-55.72
2026,51,3.23,0.77,0.81,28.4,90.67,0.06,21.98,-999.0,Sorriso,MT,Centro-Oeste,-12.54,-55.72
2026,52,0.17,0.76,0.77,29.14,87.01,0.03,12.21,-999.0,Sorriso,MT,Centro-Oeste,-12.54,-55.72
2026,53,4.11,0.76,0.77,26.67,91.45,0.07,10.71,-999.0,Sorriso,MT,Centro-Oeste,-12.54,-55.72
2026,54,10.03,0.76,0.8,27.55,91.81,0.05,11.46,-999.0,Sorriso,MT,Centro-Oeste,-12.54,-55.72
2026,55,20.94,0.79,0.89,25.89,96.01,0.13,22.6,-999.0,Sorriso,MT,Centro-Oeste,-12.54,-55.72
2026,56,5.63,0.79,0.82,28.45,91.15,0.2,25.13,-999.0,Sorriso,MT,Centro-Oeste,-12.54,-55.72
2026,57,5.79,0.79,0.82,27.9,94.32,0.03,14.61,-999.0,Sorriso,MT,Centro-Oeste,-12.54,-55.72
2026,58,4.14,0.79,0.81,28.01,92.78,0.03,18.81,-999.0,Sorriso,MT,Centro-Oeste,-12.54,-55.72
2026,59,3.08,0.78,0.81,25.86,95.4,0.08,14.28,-999.0,Sorriso,MT,Centro-Oeste,-12.54,-55.72
2026,60,0.81,0.78,0.79,29.0,88.03,0.1,22.94,-999.0,Sorriso,MT,Centro-Oeste,-12.54,-55.72
2026,61,4.31,0.77,0.8,28.4,90.43,0.14,22.32,-999.0,Sorriso,MT,Centro-Oeste,-12.54,-55.72
2026,62,14.8,0.78,0.84,28.3,92.14,0.03,11.35,-999.0,Sorriso,MT,Centro-Oeste,-12.54,-55.72
2026,63,2.16,0.79,0.81,27.81,92.17,0.09,17.3,-999.0,Sorriso,MT,Centro-Oeste,-12.54,-55.72
2026,64,4.22,0.78,0.81,29.39,88.12,0.13,23.78,-999.0,Sorriso,MT,Centro-Oeste,-12.54,-55.72
2026,65,5.76,0.78,0.81,29.04,88.34,0.19,17.71,-999.0,Sorriso,MT,Centro-Oeste,-12.54,-55.72
2026,66,15.33,0.79,0.85,25.15,96.76,0.05,8.19,-999.0,Sorriso,MT,Centro-Oeste,-12.54,-55.72
2026,67,22.91,0.81,0.91,28.76,90.53,0.07,17.92,-999.0,Sorriso,MT,Centro-Oeste,-12.54,-55.72
2026,68,7.96,0.82,0.87,26.91,92.05,0.07,15.03,-999.0,Sorriso,MT,Centro-Oeste,-12.54,-55.72
2026,69,0.13,0.8,0.82,29.42,85.23,0.1,22.87,-999.0,Sorriso,MT,Centro-Oeste,-12.54,-55.72
2026,70,1.05,0.79,0.8,30.3,88.27,0.11,22.04,-999.0,Sorriso,MT,Centro-Oeste,-12.54,-55.72
2026,71,5.89,0.78,0.81,28.77,89.79,0.09,20.62,-999.0,Sorriso,MT,Centro-Oeste,-12.54,-55.72
2026,72,2.94,0.79,0.81,27.07,92.73,0.17,20.15,-999.0,Sorriso,MT,Centro-Oeste,-12.54,-55.72
2026,73,5.76,0.79,0.82,27.03,93.67,0.12,12.7,-999.0,Sorriso,MT,Centro-Oeste,-12.54,-55.72
2026,74,7.69,0.8,0.84,28.12,92.46,0.05,21.11,-999.0,Sorriso,MT,Centro-Oeste,-12.54,-55.72
2026,75,1.39,0.79,0.81,28.63,89.89,0.03,19.13,-999.0,Sorriso,MT,Centro-Oeste,-12.54,-55.72
2026,76,12.94,0.79,0.83,28.11,93.37,0.06,16.57,-999.0,Sorriso,MT,Centro-Oeste,-12.54,-55.72
2026,77,13.02,0.81,0.87,28.15,88.72,0.25,23.07,-999.0,Sorriso,MT,Centro-Oeste,-12.54,-55.72
2026,78,10.76,0.81,0.87,28.21,91.7,0.08,20.08,-999.0,Sorriso,MT,Centro-Oeste,-12.54,-55.72
2026,79,3.79,0.81,0.84,26.56,93.48,0.05,21.05,-999.0,Sorriso,MT,Centro-Oeste,-12.54,-55.72
2026,80,3.45,0.81,0.83,28.88,89.69,0.05,19.42,-999.0,Sorriso,MT,Centro-Oeste,-12.54,-55.72
2026,81,1.56,0.79,0.81,29.11,88.49,0.08,22.76,-999.0,Sorriso,MT,Centro-Oeste,-12.54,-55.72
2026,82,2.94,0.79,0.81,29.59,89.47,0.06,22.83,-999.0,Sorriso,MT,Centro-Oeste,-12.54,-55.72
2026,83,7.4,0.79,0.83,28.55,89.6,0.06,17.36,-999.0,Sorriso,MT,Centro-Oeste,-12.54,-55.72
2026,84,3.42,0.79,0.8,27.12,91.52,0.03,19.58,-999.0,Sorriso,MT,Centro-Oeste,-12.54,-55.72
2026,85,10.71,0.8,0.85,25.66,94.21,0.03,5.75,-999.0,Sorriso,MT,Centro-Oeste,-12.54,-55.72
2026,86,11.92,0.81,0.87,26.09,93.19,0.03,8.8,-999.0,Sorriso,MT,Centro-Oeste,-12.54,-55.72
2026,87,5.52,0.81,0.84,28.52,91.07,0.08,9.56,-999.0,Sorriso,MT,Centro-Oeste,-12.54,-55.72
2026,88,1.11,0.8,0.82,29.32,88.18,0.03,21.95,-999.0,Sorriso,MT,Centro-Oeste,-12.54,-55.72
2026,89,0.08,0.79,0.8,29.33,84.85,0.07,21.87,-999.0,Sorriso,MT,Centro-Oeste,-12.54,-55.72
2026,90,3.1,0.78,0.79,28.96,86.97,0.12,19.78,-999.0,Sorriso,MT,Centro-Oeste,-12.54,-55.72
2026,91,2.87,0.78,0.79,29.22,90.09,0.04,19.26,-999.0,Sorriso,MT,Centro-Oeste,-12.54,-55.72
