YEAR,DOY,PRECTOTCORR,GWETROOT,GWETTOP,T2M_MAX,RH2M,WS2M,ALLSKY_SFC_SW_DWN,ALLSKY_SFC_PAR_TOT,CIDADE,ESTADO,REGIAO,LATITUDE,LONGITUDE
2015,1,0.0,0.6,0.39,36.32,46.6,4.0,21.48,10.31,Juazeiro,BA,Nordeste,-9.42,-40.5
2015,2,0.04,0.6,0.37,35.24,52.15,3.08,22.42,10.72,Juazeiro,BA,Nordeste,-9.42,-40.5
2015,3,0.02,0.6,0.36,36.77,45.21,3.56,27.14,12.59,Juazeiro,BA,Nordeste,-9.42,-40.5
2015,4,0.0,0.6,0.35,35.39,43.05,3.54,26.02,12.12,Juazeiro,BA,Nordeste,-9.42,-40.5
2015,5,0.0,0.6,0.34,34.44,49.65,3.71,23.58,11.22,Juazeiro,BA,Nordeste,-9.42,-40.5
2015,6,0.0,0.6,0.34,34.45,51.21,3.58,25.67,12.14,Juazeiro,BA,Nordeste,-9.42,-40.5
2015,7,0.01,0.6,0.33,35.4,49.28,4.53,21.07,10.13,Juazeiro,BA,Nordeste,-9.42,-40.5
2015,8,0.05,0.6,0.33,34.68,52.64,4.83,21.93,10.53,Juazeiro,BA,Nordeste,-9.42,-40.5
2015,9,0.02,0.6,0.33,36.12,49.48,4.55,27.37,12.81,Juazeiro,BA,Nordeste,-9.42,-40.5
2015,10,0.0,0.6,0.32,36.7,47.25,4.55,27.62,12.88,Juazeiro,BA,Nordeste,-9.42,-40.5
2015,11,0.01,0.6,0.31,37.35,47.73,4.8,26.86,12.64,Juazeiro,BA,Nordeste,-9.42,-40.5
2015,12,0.0,0.6,0.3,36.12,48.37,4.91,25.19,11.91,Juazeiro,BA,Nordeste,-9.42,-40.5
2015,13,0.0,0.6,0.3,33.86,48.11,4.58,26.11,12.22,Juazeiro,BA,Nordeste,-9.42,-40.5
2015,14,0.0,0.6,0.3,36.02,46.73,4.07,26.77,12.54,Juazeiro,BA,Nordeste,-9.42,-40.5
2015,15,0.0,0.6,0.29,35.68,46.81,4.3,23.6,11.26,Juazeiro,BA,Nordeste,-9.42,-40.5
2015,16,0.0,0.6,0.29,36.24,45.42,3.96,25.64,12.04,Juazeiro,BA,Nordeste,-9.42,-40.5
2015,17,0.0,0.6,0.28,36.74,42.59,3.87,27.61,12.9,Juazeiro,BA,Nordeste,-9.42,-40.5
2015,18,0.0,0.6,0.28,37.18,43.7,3.98,27.68,12.96,Juazeiro,BA,Nordeste,-9.42,-40.5
2015,19,0.08,0.6,0.27,36.98,43.55,4.35,27.68,12.91,Juazeiro,BA,Nordeste,-9.42,-40.5
2015,20,0.0,0.6,0.27,37.19,42.64,3.97,26.15,12.27,Juazeiro,BA,Nordeste,-9.42,-40.5
2015,21,0.0,0.6,0.26,33.57,49.08,3.09,20.12,9.85,Juazeiro,BA,Nordeste,-9.42,-40.5
2015,22,2.1,0.6,0.28,31.21,56.75,2.73,18.14,8.91,Juazeiro,BA,Nordeste,-9.42,-40.5
2015,23,1.37,0.6,0.37,34.41,51.09,3.84,22.22,10.71,Juazeiro,BA,Nordeste,-9.42,-40.5
2015,24,0.46,0.6,0.36,35.41,51.3,3.99,22.41,10.74,Juazeiro,BA,Nordeste,-9.42,-40.5
2015,25,1.5,0.6,0.38,33.04,60.65,3.11,18.94,9.36,Juazeiro,BA,Nordeste,-9.42,-40.5
2015,26,0.06,0.6,0.38,33.68,55.03,2.35,23.64,11.23,Juazeiro,BA,Nordeste,-9.42,-40.5
2015,27,0.0,0.6,0.36,36.32,46.56,3.84,26.9,12.49,Juazeiro,BA,Nordeste,-9.42,-40.5
2015,28,0.0,0.6,0.34,36.89,45.6,4.45,29.8,13.78,Juazeiro,BA,Nordeste,-9.42,-40.5
2015,29,0.0,0.6,0.32,37.07,45.72,4.05,29.3,13.6,Juazeiro,BA,Nordeste,-9.42,-40.5
2015,30,0.01,0.6,0.31,36.84,52.12,3.66,21.76,10.54,Juazeiro,BA,Nordeste,-9.42,-40.5
2015,31,0.0,0.6,0.3,36.61,49.18,4.04,22.97,11.18,Juazeiro,BA,Nordeste,-9.42,-40.5
2015,32,0.0,0.6,0.29,35.78,49.53,4.46,18.12,9.08,Juazeiro,BA,Nordeste,-9.42,-40.5
2015,33,0.0,0.6,0.28,36.42,46.9,4.27,23.02,11.05,Juazeiro,BA,Nordeste,-9.42,-40.5
2015,34,1.22,0.6,0.28,33.72,56.19,3.19,20.35,9.93,Juazeiro,BA,Nordeste,-9.42,-40.5
2015,35,4.61,0.6,0.4,27.54,76.68,2.18,9.8,5.35,Juazeiro,BA,Nordeste,-9.42,-40.5
2015,36,3.18,0.61,0.49,34.14,63.3,2.02,18.66,9.26,Juazeiro,BA,Nordeste,-9.42,-40.5
2015,37,0.36,0.61,0.48,35.98,54.78,2.43,21.47,10.44,Juazeiro,BA,Nordeste,-9.42,-40.5
2015,38,0.06,0.6,0.43,34.84,51.52,2.79,22.54,10.94,Juazeiro,BA,Nordeste,-9.42,-40.5
2015,39,0.01,0.6,0.4,36.33,49.49,4.08,23.23,11.19,Juazeiro,BA,Nordeste,-9.42,-40.5
2015,40,0.03,0.6,0.37,36.69,49.85,4.87,26.65,12.62,Juazeiro,BA,Nordeste,-9.42,-40.5
2015,41,0.01,0.6,0.34,36.7,47.86,4.6,28.78,13.36,Juazeiro,BA,Nordeste,-9.42,-40.5
2015,42,0.0,0.6,0.32,36.77,49.16,4.96,26.74,12.52,Juazeiro,BA,Nordeste,-9.42,-40.5
2015,43,0.03,0.6,0.31,36.64,49.37,4.17,25.2,11.89,Juazeiro,BA,Nordeste,-9.42,-40.5
2015,44,0.1,0.6,0.3,36.9,48.98,4.36,25.11,11.86,Juazeiro,BA,Nordeste,-9.42,-40.5
2015,45,0.03,0.6,0.29,32.95,49.52,3.7,20.46,9.86,Juazeiro,BA,Nordeste,-9.42,-40.5
2015,46,1.51,0.6,0.3,30.81,57.22,2.96,17.6,8.55,Juazeiro,BA,Nordeste,-9.42,-40.5
2015,47,1.24,0.6,0.35,35.7,58.34,3.33,23.95,11.31,Juazeiro,BA,Nordeste,-9.42,-40.5
2015,48,0.13,0.6,0.34,35.31,54.66,4.42,22.53,10.69,Juazeiro,BA,Nordeste,-9.42,-40.5
2015,49,1.28,0.6,0.34,36.0,57.41,4.39,20.13,9.65,Juazeiro,BA,Nordeste,-9.42,-40.5
2015,50,1.92,0.6,0.37,34.27,58.65,3.52,20.36,9.73,Juazeiro,BA,Nordeste,-9.42,-40.5
2015,51,5.32,0.6,0.44,34.07,60.16,4.0,17.96,8.63,Juazeiro,BA,Nordeste,-9.42,-40.5
2015,52,6.79,0.62,0.62,31.9,70.31,3.56,21.86,10.36,Juazeiro,BA,Nordeste,-9.42,-40.5
2015,53,7.97,0.62,0.65,28.66,77.82,3.22,11.89,6.41,Juazeiro,BA,Nordeste,-9.42,-40.5
2015,54,7.2,0.64,0.65,31.58,74.1,3.76,17.91,9.24,Juazeiro,BA,Nordeste,-9.42,-40.5
2015,55,4.35,0.64,0.65,28.41,79.66,3.58,15.31,8.07,Juazeiro,BA,Nordeste,-9.42,-40.5
2015,56,0.29,0.63,0.61,34.58,64.83,4.22,20.53,10.06,Juazeiro,BA,Nordeste,-9.42,-40.5
2015,57,0.46,0.63,0.6,34.8,63.65,3.64,23.32,11.19,Juazeiro,BA,Nordeste,-9.42,-40.5
2015,58,0.32,0.62,0.59,35.18,63.02,2.17,24.95,11.95,Juazeiro,BA,Nordeste,-9.42,-40.5
2015,59,1.16,0.62,0.58,32.36,66.53,1.93,22.81,11.04,Juazeiro,BA,Nordeste,-9.42,-40.5
2015,60,5.05,0.62,0.62,32.57,70.83,2.14,21.33,10.37,Juazeiro,BA,Nordeste,-9.42,-40.5
2015,61,2.61,0.62,0.62,30.91,69.49,3.22,15.51,7.84,Juazeiro,BA,Nordeste,-9.42,-40.5
2015,62,0.02,0.62,0.6,33.16,61.11,3.57,22.04,10.59,Juazeiro,BA,Nordeste,-9.42,-40.5
2015,63,0.0,0.62,0.59,32.98,57.44,3.35,27.26,12.64,Juazeiro,BA,Nordeste,-9.42,-40.5
2015,64,0.05,0.61,0.56,35.34,61.94,3.66,25.43,12.08,Juazeiro,BA,Nordeste,-9.42,-40.5
2015,65,0.02,0.61,0.52,34.11,64.74,3.68,23.4,11.21,Juazeiro,BA,Nordeste,-9.42,-40.5
2015,66,0.0,0.61,0.48,35.96,56.36,3.93,24.18,11.51,Juazeiro,BA,Nordeste,-9.42,-40.5
2015,67,0.0,0.6,0.44,36.14,52.68,3.64,24.45,11.55,Juazeiro,BA,Nordeste,-9.42,-40.5
2015,68,0.15,0.6,0.41,35.96,58.8,3.93,23.09,11.06,Juazeiro,BA,Nordeste,-9.42,-40.5
2015,69,0.24,0.6,0.39,36.48,55.07,3.72,20.37,9.98,Juazeiro,BA,Nordeste,-9.42,-40.5
2015,70,0.47,0.6,0.38,37.03,49.89,4.18,22.81,10.81,Juazeiro,BA,Nordeste,-9.42,-40.5
2015,71,0.15,0.6,0.37,36.64,48.42,3.51,26.12,12.24,Juazeiro,BA,Nordeste,-9.42,-40.5
2015,72,0.38,0.6,0.36,36.51,51.28,4.07,26.17,12.24,Juazeiro,BA,Nordeste,-9.42,-40.5
2015,73,0.04,0.6,0.34,36.98,46.47,4.19,28.03,12.95,Juazeiro,BA,Nordeste,-9.42,-40.5
2015,74,0.0,0.6,0.33,36.44,47.15,3.92,26.86,12.45,Juazeiro,BA,Nordeste,-9.42,-40.5
2015,75,0.03,0.6,0.32,36.86,46.36,3.46,23.04,10.88,Juazeiro,BA,Nordeste,-9.42,-40.5
2015,76,0.14,0.6,0.31,32.79,55.35,3.47,18.56,9.01,Juazeiro,BA,Nordeste,-9.42,-40.5
2015,77,0.01,0.6,0.32,34.37,52.26,3.33,17.26,8.45,Juazeiro,BA,Nordeste,-9.42,-40.5
2015,78,0.05,0.6,0.31,35.33,48.03,3.48,20.21,9.8,Juazeiro,BA,Nordeste,-9.42,-40.5
2015,79,0.0,0.6,0.3,36.36,43.34,3.53,23.47,11.09,Juazeiro,BA,Nordeste,-9.42,-40.5
2015,80,7.83,0.6,0.35,33.32,59.15,2.22,17.6,8.68,Juazeiro,BA,Nordeste,-9.42,-40.5
2015,81,13.93,0.63,0.68,25.71,87.06,1.32,15.09,7.51,Juazeiro,BA,Nordeste,-9.42,-40.5
2015,82,2.45,0.64,0.64,26.54,82.67,1.18,13.73,6.92,Juazeiro,BA,Nordeste,-9.42,-40.5
2015,83,1.72,0.64,0.62,33.48,69.15,2.2,19.59,9.38,Juazeiro,BA,Nordeste,-9.42,-40.5
2015,84,0.13,0.63,0.61,34.4,64.68,2.42,20.94,9.96,Juazeiro,BA,Nordeste,-9.42,-40.5
2015,85,0.06,0.62,0.59,35.38,60.84,2.41,23.13,10.95,Juazeiro,BA,Nordeste,-9.42,-40.5
2015,86,0.01,0.62,0.57,35.57,57.55,2.95,24.61,11.56,Juazeiro,BA,Nordeste,-9.42,-40.5
2015,87,0.0,0.61,0.54,35.61,56.6,3.04,22.24,10.61,Juazeiro,BA,Nordeste,-9.42,-40.5
2015,88,0.0,0.61,0.5,35.79,52.42,2.34,25.88,12.11,Juazeiro,BA,Nordeste,-9.42,-40.5
2015,89,0.14,0.61,0.47,36.49,54.04,2.95,24.78,11.73,Juazeiro,BA,Nordeste,-9.42,-40.5
2015,90,0.0,0.6,0.44,36.46,48.9,3.12,25.8,11.94,Juazeiro,BA,Nordeste,-9.42,-40.5
2015,91,0.0,0.6,0.41,37.0,46.44,2.84,27.01,12.45,Juazeiro,BA,Nordeste,-9.42,-40.5
2015,92,0.16,0.6,0.38,37.13,47.46,2.79,25.09,11.71,Juazeiro,BA,Nordeste,-9.42,-40.5
2015,93,0.08,0.6,0.36,37.19,43.48,3.52,27.01,12.43,Juazeiro,BA,Nordeste,-9.42,-40.5
2015,94,2.36,0.6,0.36,35.75,56.58,3.33,23.46,11.16,Juazeiro,BA,Nordeste,-9.42,-40.5
2015,95,15.26,0.62,0.62,32.97,70.46,2.03,20.11,9.81,Juazeiro,BA,Nordeste,-9.42,-40.5
2015,96,8.55,0.64,0.66,32.76,71.46,1.53,22.52,10.88,Juazeiro,BA,Nordeste,-9.42,-40.5
2015,97,19.5,0.65,0.7,32.57,66.97,1.59,17.7,8.77,Juazeiro,BA,Nordeste,-9.42,-40.5
2015,98,9.41,0.67,0.7,31.64,70.3,1.08,12.14,6.19,Juazeiro,BA,Nordeste,-9.42,-40.5
2015,99,0.51,0.66,0.65,32.88,72.28,3.24,20.46,9.87,Juazeiro,BA,Nordeste,-9.42,-40.5
2015,100,0.52,0.65,0.63,32.54,71.81,3.65,21.49,10.36,Juazeiro,BA,Nordeste,-9.42,-40.5
2015,101,1.36,0.65,0.63,31.85,72.91,3.87,18.16,9.07,Juazeiro,BA,Nordeste,-9.42,-40.5
2015,102,0.06,0.64,0.62,33.6,67.35,4.04,17.69,8.83,Juazeiro,BA,Nordeste,-9.42,-40.5
2015,103,0.18,0.64,0.61,33.87,69.78,3.86,18.27,9.07,Juazeiro,BA,Nordeste,-9.42,-40.5
2015,104,0.11,0.63,0.61,34.26,65.45,3.81,18.68,9.19,Juazeiro,BA,Nordeste,-9.42,-40.5
2015,105,0.04,0.63,0.6,34.6,61.96,3.7,20.38,9.86,Juazeiro,BA,Nordeste,-9.42,-40.5
2015,106,0.0,0.62,0.6,34.59,60.84,3.05,24.75,11.6,Juazeiro,BA,Nordeste,-9.42,-40.5
2015,107,0.0,0.62,0.59,35.0,60.01,3.1,24.41,11.5,Juazeiro,BA,Nordeste,-9.42,-40.5
2015,108,0.02,0.62,0.57,35.1,60.27,3.44,22.86,10.76,Juazeiro,BA,Nordeste,-9.42,-40.5
2015,109,0.0,0.61,0.55,35.32,60.47,3.47,22.78,10.77,Juazeiro,BA,Nordeste,-9.42,-40.5
2015,110,2.21,0.61,0.54,34.56,64.34,2.57,18.35,8.93,Juazeiro,BA,Nordeste,-9.42,-40.5
2015,111,4.62,0.62,0.62,32.79,69.86,2.31,16.15,8.16,Juazeiro,BA,Nordeste,-9.42,-40.5
2015,112,0.23,0.62,0.58,34.68,62.54,2.36,21.29,10.25,Juazeiro,BA,Nordeste,-9.42,-40.5
2015,113,1.24,0.61,0.57,33.99,66.4,2.76,21.1,10.15,Juazeiro,BA,Nordeste,-9.42,-40.5
2015,114,1.0,0.61,0.58,32.83,70.43,2.63,17.78,8.75,Juazeiro,BA,Nordeste,-9.42,-40.5
2015,115,0.14,0.61,0.55,34.76,63.86,2.44,18.93,9.29,Juazeiro,BA,Nordeste,-9.42,-40.5
2015,116,1.7,0.61,0.53,34.25,62.89,2.07,21.27,10.25,Juazeiro,BA,Nordeste,-9.42,-40.5
2015,117,2.97,0.61,0.56,32.93,67.05,3.46,18.08,8.88,Juazeiro,BA,Nordeste,-9.42,-40.5
2015,118,1.05,0.61,0.55,33.54,65.16,3.52,20.47,9.86,Juazeiro,BA,Nordeste,-9.42,-40.5
2015,119,0.02,0.61,0.52,34.21,62.47,3.13,20.11,9.72,Juazeiro,BA,Nordeste,-9.42,-40.5
2015,120,0.0,0.61,0.49,34.05,60.04,2.94,19.09,9.28,Juazeiro,BA,Nordeste,-9.42,-40.5
2015,121,0.0,0.61,0.47,32.37,61.26,3.41,17.61,8.68,Juazeiro,BA,Nordeste,-9.42,-40.5
2015,122,0.14,0.61,0.45,33.15,60.23,3.9,13.2,6.67,Juazeiro,BA,Nordeste,-9.42,-40.5
2015,123,0.41,0.6,0.44,33.71,60.67,4.3,16.59,8.11,Juazeiro,BA,Nordeste,-9.42,-40.5
2015,124,0.12,0.6,0.43,34.16,59.72,3.93,19.68,9.39,Juazeiro,BA,Nordeste,-9.42,-40.5
2015,125,0.0,0.6,0.41,35.03,57.79,3.42,14.95,7.4,Juazeiro,BA,Nordeste,-9.42,-40.5
2015,126,0.0,0.6,0.39,35.02,56.27,3.39,20.15,9.61,Juazeiro,BA,Nordeste,-9.42,-40.5
2015,127,0.01,0.6,0.38,35.52,53.14,3.42,20.21,9.62,Juazeiro,BA,Nordeste,-9.42,-40.5
2015,128,0.18,0.6,0.36,35.77,52.65,3.46,20.99,9.93,Juazeiro,BA,Nordeste,-9.42,-40.5
2015,129,0.05,0.6,0.36,35.12,54.47,4.77,16.27,7.98,Juazeiro,BA,Nordeste,-9.42,-40.5
2015,130,0.11,0.6,0.35,34.91,54.05,4.17,17.2,8.35,Juazeiro,BA,Nordeste,-9.42,-40.5
2015,131,0.0,0.6,0.34,34.85,54.32,2.88,21.34,10.13,Juazeiro,BA,Nordeste,-9.42,-40.5
2015,132,0.0,0.6,0.34,34.35,54.02,3.05,20.04,9.54,Juazeiro,BA,Nordeste,-9.42,-40.5
2015,133,0.0,0.6,0.33,35.86,49.58,4.09,18.31,8.85,Juazeiro,BA,Nordeste,-9.42,-40.5
2015,134,0.15,0.6,0.33,35.05,55.54,4.84,17.38,8.48,Juazeiro,BA,Nordeste,-9.42,-40.5
2015,135,0.78,0.6,0.33,33.88,64.96,4.87,17.38,8.43,Juazeiro,BA,Nordeste,-9.42,-40.5
2015,136,0.71,0.6,0.35,32.97,68.19,5.03,16.41,8.1,Juazeiro,BA,Nordeste,-9.42,-40.5
2015,137,0.58,0.6,0.35,34.35,65.8,4.4,18.87,9.13,Juazeiro,BA,Nordeste,-9.42,-40.5
2015,138,1.01,0.6,0.36,31.64,69.77,4.93,16.79,8.24,Juazeiro,BA,Nordeste,-9.42,-40.5
2015,139,1.05,0.6,0.39,32.65,69.22,4.37,13.76,6.96,Juazeiro,BA,Nordeste,-9.42,-40.5
2015,140,0.29,0.6,0.38,33.28,63.6,3.84,15.5,7.65,Juazeiro,BA,Nordeste,-9.42,-40.5
2015,141,1.25,0.6,0.39,31.93,69.49,4.43,15.94,7.85,Juazeiro,BA,Nordeste,-9.42,-40.5
2015,142,1.41,0.6,0.42,31.1,72.84,5.74,12.19,6.33,Juazeiro,BA,Nordeste,-9.42,-40.5
2015,143,1.11,0.6,0.42,31.32,71.32,5.39,12.3,6.42,Juazeiro,BA,Nordeste,-9.42,-40.5
2015,144,0.56,0.6,0.42,32.2,69.96,4.72,15.05,7.63,Juazeiro,BA,Nordeste,-9.42,-40.5
2015,145,0.23,0.6,0.41,32.66,68.84,4.09,13.22,6.69,Juazeiro,BA,Nordeste,-9.42,-40.5
2015,146,0.41,0.6,0.4,33.57,68.46,4.28,15.75,7.69,Juazeiro,BA,Nordeste,-9.42,-40.5
2015,147,0.35,0.6,0.39,33.24,64.92,4.47,14.8,7.41,Juazeiro,BA,Nordeste,-9.42,-40.5
2015,148,0.16,0.6,0.38,31.25,64.55,3.94,20.86,9.8,Juazeiro,BA,Nordeste,-9.42,-40.5
2015,149,0.0,0.6,0.36,32.07,61.86,3.48,19.94,9.35,Juazeiro,BA,Nordeste,-9.42,-40.5
2015,150,0.0,0.6,0.35,34.01,62.07,3.98,20.84,9.8,Juazeiro,BA,Nordeste,-9.42,-40.5
2015,151,0.14,0.6,0.34,33.36,64.71,4.55,17.84,8.51,Juazeiro,BA,Nordeste,-9.42,-40.5
2015,152,0.21,0.6,0.33,32.34,67.07,4.22,17.99,8.6,Juazeiro,BA,Nordeste,-9.42,-40.5
2015,153,0.06,0.6,0.33,33.38,63.5,4.51,16.63,8.03,Juazeiro,BA,Nordeste,-9.42,-40.5
2015,154,0.07,0.6,0.32,32.46,64.63,4.95,20.61,9.7,Juazeiro,BA,Nordeste,-9.42,-40.5
2015,155,0.32,0.6,0.31,32.4,66.19,4.72,13.21,6.52,Juazeiro,BA,Nordeste,-9.42,-40.5
2015,156,0.84,0.6,0.32,31.75,66.32,4.73,12.58,6.36,Juazeiro,BA,Nordeste,-9.42,-40.5
2015,157,0.31,0.6,0.33,32.78,67.4,4.38,16.59,8.0,Juazeiro,BA,Nordeste,-9.42,-40.5
2015,158,0.44,0.6,0.32,31.87,66.01,4.71,15.11,7.41,Juazeiro,BA,Nordeste,-9.42,-40.5
2015,159,0.12,0.6,0.32,32.25,64.05,4.21,13.71,6.84,Juazeiro,BA,Nordeste,-9.42,-40.5
2015,160,0.15,0.6,0.31,31.93,61.43,3.77,17.8,8.44,Juazeiro,BA,Nordeste,-9.42,-40.5
2015,161,0.16,0.6,0.31,32.13,65.54,4.13,18.65,8.73,Juazeiro,BA,Nordeste,-9.42,-40.5
2015,162,0.1,0.6,0.3,32.43,64.95,4.78,14.82,7.31,Juazeiro,BA,Nordeste,-9.42,-40.5
2015,163,0.08,0.6,0.3,32.37,62.66,4.56,19.62,9.29,Juazeiro,BA,Nordeste,-9.42,-40.5
2015,164,0.0,0.6,0.29,32.88,59.98,4.44,15.57,7.59,Juazeiro,BA,Nordeste,-9.42,-40.5
2015,165,0.03,0.6,0.29,33.24,61.91,3.86,13.95,6.9,Juazeiro,BA,Nordeste,-9.42,-40.5
2015,166,0.02,0.6,0.28,33.45,62.97,3.63,15.5,7.51,Juazeiro,BA,Nordeste,-9.42,-40.5
2015,167,0.0,0.6,0.28,34.38,59.37,4.45,20.73,9.68,Juazeiro,BA,Nordeste,-9.42,-40.5
2015,168,0.0,0.6,0.27,31.77,56.64,4.69,20.56,9.55,Juazeiro,BA,Nordeste,-9.42,-40.5
2015,169,0.0,0.6,0.27,32.38,60.46,4.16,19.2,9.01,Juazeiro,BA,Nordeste,-9.42,-40.5
2015,170,0.01,0.6,0.26,32.28,58.75,4.11,20.22,9.39,Juazeiro,BA,Nordeste,-9.42,-40.5
2015,171,0.2,0.6,0.26,31.01,62.65,5.39,17.08,8.14,Juazeiro,BA,Nordeste,-9.42,-40.5
2015,172,0.03,0.6,0.26,31.0,61.73,5.64,16.75,7.95,Juazeiro,BA,Nordeste,-9.42,-40.5
2015,173,0.07,0.6,0.26,30.83,63.72,4.67,14.57,7.08,Juazeiro,BA,Nordeste,-9.42,-40.5
2015,174,0.3,0.6,0.26,30.79,67.17,4.14,14.06,6.9,Juazeiro,BA,Nordeste,-9.42,-40.5
2015,175,0.76,0.6,0.27,30.19,70.4,4.37,13.08,6.53,Juazeiro,BA,Nordeste,-9.42,-40.5
2015,176,0.3,0.6,0.28,29.42,68.24,5.77,13.02,6.54,Juazeiro,BA,Nordeste,-9.42,-40.5
2015,177,0.18,0.6,0.28,30.13,66.92,5.85,13.66,6.79,Juazeiro,BA,Nordeste,-9.42,-40.5
2015,178,0.11,0.6,0.27,30.43,65.81,5.16,14.21,7.0,Juazeiro,BA,Nordeste,-9.42,-40.5
2015,179,0.09,0.6,0.27,30.92,66.51,5.07,12.11,6.12,Juazeiro,BA,Nordeste,-9.42,-40.5
2015,180,0.03,0.6,0.27,30.96,66.26,4.81,15.77,7.66,Juazeiro,BA,Nordeste,-9.42,-40.5
2015,181,0.81,0.6,0.27,31.41,69.09,4.88,14.93,7.35,Juazeiro,BA,Nordeste,-9.42,-40.5
2015,182,0.07,0.6,0.28,30.46,66.48,5.06,15.48,7.57,Juazeiro,BA,Nordeste,-9.42,-40.5
2015,183,0.01,0.6,0.28,30.17,67.22,5.01,15.23,7.49,Juazeiro,BA,Nordeste,-9.42,-40.5
2015,184,0.0,0.6,0.28,30.39,66.62,4.33,13.03,6.61,Juazeiro,BA,Nordeste,-9.42,-40.5
2015,185,0.02,0.6,0.27,32.86,64.85,4.1,16.3,7.93,Juazeiro,BA,Nordeste,-9.42,-40.5
2015,186,0.16,0.6,0.27,32.73,63.91,4.33,13.29,6.76,Juazeiro,BA,Nordeste,-9.42,-40.5
2015,187,0.02,0.6,0.27,32.11,62.6,5.26,17.46,8.38,Juazeiro,BA,Nordeste,-9.42,-40.5
2015,188,0.69,0.6,0.27,31.43,65.86,4.65,15.59,7.56,Juazeiro,BA,Nordeste,-9.42,-40.5
2015,189,1.03,0.6,0.31,30.25,66.99,4.0,13.68,6.83,Juazeiro,BA,Nordeste,-9.42,-40.5
2015,190,0.06,0.6,0.31,32.34,64.0,4.11,19.71,9.3,Juazeiro,BA,Nordeste,-9.42,-40.5
2015,191,0.5,0.6,0.31,32.92,63.63,4.36,18.51,8.79,Juazeiro,BA,Nordeste,-9.42,-40.5
2015,192,0.02,0.6,0.31,32.31,60.66,4.94,21.11,9.8,Juazeiro,BA,Nordeste,-9.42,-40.5
2015,193,0.0,0.6,0.3,32.04,59.8,4.38,16.97,8.09,Juazeiro,BA,Nordeste,-9.42,-40.5
2015,194,0.0,0.6,0.29,32.56,60.32,4.6,16.72,7.99,Juazeiro,BA,Nordeste,-9.42,-40.5
2015,195,0.0,0.6,0.29,31.93,61.17,5.42,19.36,9.04,Juazeiro,BA,Nordeste,-9.42,-40.5
2015,196,0.2,0.6,0.28,31.92,64.54,6.02,17.02,8.17,Juazeiro,BA,Nordeste,-9.42,-40.5
2015,197,0.39,0.6,0.29,31.03,65.44,6.26,19.02,8.97,Juazeiro,BA,Nordeste,-9.42,-40.5
2015,198,0.25,0.6,0.29,30.35,63.65,5.15,19.81,9.3,Juazeiro,BA,Nordeste,-9.42,-40.5
2015,199,0.07,0.6,0.28,30.4,59.81,5.3,15.99,7.68,Juazeiro,BA,Nordeste,-9.42,-40.5
2015,200,0.03,0.6,0.28,30.77,58.25,5.07,21.39,9.98,Juazeiro,BA,Nordeste,-9.42,-40.5
2015,201,0.09,0.6,0.28,31.33,60.84,4.82,18.61,8.9,Juazeiro,BA,Nordeste,-9.42,-40.5
2015,202,0.03,0.6,0.27,31.94,58.34,4.12,22.21,10.29,Juazeiro,BA,Nordeste,-9.42,-40.5
2015,203,0.0,0.6,0.27,32.43,57.72,4.22,22.6,10.43,Juazeiro,BA,Nordeste,-9.42,-40.5
2015,204,0.25,0.6,0.26,31.79,65.62,4.78,19.01,9.1,Juazeiro,BA,Nordeste,-9.42,-40.5
2015,205,0.5,0.6,0.27,31.96,66.12,4.82,14.32,7.19,Juazeiro,BA,Nordeste,-9.42,-40.5
2015,206,0.13,0.6,0.27,31.83,62.56,4.77,18.74,8.93,Juazeiro,BA,Nordeste,-9.42,-40.5
2015,207,0.1,0.6,0.27,31.98,64.27,4.79,18.96,8.98,Juazeiro,BA,Nordeste,-9.42,-40.5
2015,208,0.06,0.6,0.26,32.11,57.99,4.89,21.71,10.14,Juazeiro,BA,Nordeste,-9.42,-40.5
2015,209,0.0,0.6,0.26,32.58,59.94,5.01,21.0,9.86,Juazeiro,BA,Nordeste,-9.42,-40.5
2015,210,0.0,0.6,0.26,31.13,58.35,5.19,21.72,10.03,Juazeiro,BA,Nordeste,-9.42,-40.5
2015,211,0.22,0.6,0.26,30.84,58.57,5.66,21.06,9.8,Juazeiro,BA,Nordeste,-9.42,-40.5
2015,212,0.01,0.6,0.25,31.64,57.81,5.26,20.97,9.8,Juazeiro,BA,Nordeste,-9.42,-40.5
2015,213,0.3,0.6,0.25,32.02,62.19,5.09,22.28,10.35,Juazeiro,BA,Nordeste,-9.42,-40.5
2015,214,1.3,0.6,0.29,30.56,60.73,5.28,19.52,9.14,Juazeiro,BA,Nordeste,-9.42,-40.5
2015,215,0.03,0.6,0.29,31.29,58.21,4.9,21.04,9.76,Juazeiro,BA,Nordeste,-9.42,-40.5
2015,216,0.03,0.6,0.29,31.5,52.86,4.28,23.97,10.91,Juazeiro,BA,Nordeste,-9.42,-40.5
2015,217,0.0,0.6,0.28,32.15,54.51,3.89,24.0,10.87,Juazeiro,BA,Nordeste,-9.42,-40.5
2015,218,0.04,0.6,0.27,32.54,57.49,4.87,17.9,8.54,Juazeiro,BA,Nordeste,-9.42,-40.5
2015,219,0.37,0.6,0.27,31.56,57.05,4.93,23.31,10.72,Juazeiro,BA,Nordeste,-9.42,-40.5
2015,220,0.0,0.6,0.27,30.89,54.25,4.96,21.93,10.1,Juazeiro,BA,Nordeste,-9.42,-40.5
2015,221,0.06,0.6,0.26,31.87,63.48,5.22,21.4,9.94,Juazeiro,BA,Nordeste,-9.42,-40.5
2015,222,0.3,0.6,0.26,31.3,66.35,6.07,16.11,7.9,Juazeiro,BA,Nordeste,-9.42,-40.5
2015,223,0.09,0.6,0.26,30.21,59.92,6.78,16.96,8.16,Juazeiro,BA,Nordeste,-9.42,-40.5
2015,224,0.04,0.6,0.26,29.54,60.29,6.03,16.2,7.8,Juazeiro,BA,Nordeste,-9.42,-40.5
2015,225,0.04,0.6,0.26,29.83,57.46,5.46,20.36,9.57,Juazeiro,BA,Nordeste,-9.42,-40.5
2015,226,0.14,0.6,0.25,31.21,64.49,5.6,16.05,7.85,Juazeiro,BA,Nordeste,-9.42,-40.5
2015,227,0.31,0.6,0.25,32.48,62.32,5.34,17.1,8.29,Juazeiro,BA,Nordeste,-9.42,-40.5
2015,228,0.16,0.6,0.26,31.18,60.32,5.98,19.99,9.4,Juazeiro,BA,Nordeste,-9.42,-40.5
2015,229,0.15,0.6,0.25,31.53,60.86,5.76,17.74,8.52,Juazeiro,BA,Nordeste,-9.42,-40.5
2015,230,0.22,0.6,0.25,32.39,58.14,5.16,24.73,11.34,Juazeiro,BA,Nordeste,-9.42,-40.5
2015,231,0.1,0.6,0.25,32.37,59.0,5.22,18.43,8.87,Juazeiro,BA,Nordeste,-9.42,-40.5
2015,232,0.01,0.6,0.25,33.48,55.49,3.8,24.57,11.36,Juazeiro,BA,Nordeste,-9.42,-40.5
2015,233,0.0,0.59,0.24,34.91,53.57,4.0,23.96,11.14,Juazeiro,BA,Nordeste,-9.42,-40.5
2015,234,0.2,0.59,0.24,34.19,55.72,4.77,24.8,11.5,Juazeiro,BA,Nordeste,-9.42,-40.5
2015,235,0.81,0.6,0.25,33.75,54.93,4.66,22.76,10.73,Juazeiro,BA,Nordeste,-9.42,-40.5
2015,236,0.13,0.6,0.26,33.92,50.58,4.4,24.74,11.46,Juazeiro,BA,Nordeste,-9.42,-40.5
2015,237,0.0,0.6,0.26,34.33,48.29,4.23,24.96,11.52,Juazeiro,BA,Nordeste,-9.42,-40.5
2015,238,0.5,0.6,0.26,34.38,53.6,4.37,22.13,10.48,Juazeiro,BA,Nordeste,-9.42,-40.5
2015,239,0.1,0.6,0.26,35.43,50.48,4.27,23.53,10.95,Juazeiro,BA,Nordeste,-9.42,-40.5
2015,240,0.0,0.6,0.26,34.9,50.23,5.05,24.83,11.48,Juazeiro,BA,Nordeste,-9.42,-40.5
2015,241,0.41,0.6,0.26,33.74,51.79,5.51,25.73,11.84,Juazeiro,BA,Nordeste,-9.42,-40.5
2015,242,0.0,0.6,0.26,33.62,53.17,5.55,20.0,9.47,Juazeiro,BA,Nordeste,-9.42,-40.5
2015,243,0.01,0.6,0.25,32.51,53.06,5.51,23.82,11.03,Juazeiro,BA,Nordeste,-9.42,-40.5
2015,244,0.02,0.6,0.25,33.32,52.55,4.08,23.39,10.9,Juazeiro,BA,Nordeste,-9.42,-40.5
2015,245,0.01,0.59,0.24,35.4,42.68,3.61,26.52,12.05,Juazeiro,BA,Nordeste,-9.42,-40.5
2015,246,0.0,0.59,0.23,34.59,48.34,4.46,25.54,11.73,Juazeiro,BA,Nordeste,-9.42,-40.5
2015,247,0.0,0.59,0.23,35.61,47.23,3.6,26.28,12.06,Juazeiro,BA,Nordeste,-9.42,-40.5
2015,248,0.0,0.59,0.22,37.25,38.69,3.55,26.03,11.91,Juazeiro,BA,Nordeste,-9.42,-40.5
2015,249,0.0,0.59,0.22,36.02,45.21,4.87,26.58,12.12,Juazeiro,BA,Nordeste,-9.42,-40.5
2015,250,0.0,0.59,0.21,35.29,45.46,4.82,27.2,12.31,Juazeiro,BA,Nordeste,-9.42,-40.5
2015,251,0.0,0.59,0.21,35.34,46.11,4.27,26.75,12.18,Juazeiro,BA,Nordeste,-9.42,-40.5
2015,252,0.0,0.59,0.21,35.61,49.95,4.85,25.5,11.71,Juazeiro,BA,Nordeste,-9.42,-40.5
2015,253,0.0,0.59,0.21,35.52,49.74,5.53,26.09,11.92,Juazeiro,BA,Nordeste,-9.42,-40.5
2015,254,0.0,0.59,0.2,35.1,47.86,3.98,26.57,12.05,Juazeiro,BA,Nordeste,-9.42,-40.5
2015,255,0.0,0.59,0.2,36.68,45.43,3.83,26.68,12.24,Juazeiro,BA,Nordeste,-9.42,-40.5
2015,256,0.0,0.59,0.2,36.28,47.77,4.61,26.17,12.01,Juazeiro,BA,Nordeste,-9.42,-40.5
2015,257,0.0,0.59,0.19,35.15,48.55,5.04,25.48,11.71,Juazeiro,BA,Nordeste,-9.42,-40.5
2015,258,0.22,0.59,0.2,34.8,54.45,6.06,21.68,10.4,Juazeiro,BA,Nordeste,-9.42,-40.5
2015,259,0.03,0.59,0.2,34.51,53.73,6.1,19.36,9.42,Juazeiro,BA,Nordeste,-9.42,-40.5
2015,260,0.01,0.59,0.2,34.3,51.98,5.67,22.13,10.36,Juazeiro,BA,Nordeste,-9.42,-40.5
2015,261,0.08,0.59,0.19,34.01,57.21,5.82,18.96,9.09,Juazeiro,BA,Nordeste,-9.42,-40.5
2015,262,0.02,0.59,0.19,34.94,50.01,5.22,22.65,10.65,Juazeiro,BA,Nordeste,-9.42,-40.5
2015,263,0.0,0.59,0.19,34.98,50.94,5.07,24.33,11.36,Juazeiro,BA,Nordeste,-9.42,-40.5
2015,264,0.0,0.59,0.19,35.34,46.64,4.96,25.71,11.94,Juazeiro,BA,Nordeste,-9.42,-40.5
2015,265,0.0,0.59,0.19,35.53,46.75,4.49,25.48,11.66,Juazeiro,BA,Nordeste,-9.42,-40.5
2015,266,0.0,0.59,0.18,36.05,47.37,4.7,25.9,11.84,Juazeiro,BA,Nordeste,-9.42,-40.5
2015,267,0.0,0.59,0.18,35.88,46.38,4.79,27.53,12.44,Juazeiro,BA,Nordeste,-9.42,-40.5
2015,268,0.0,0.59,0.18,36.26,47.2,4.33,27.21,12.45,Juazeiro,BA,Nordeste,-9.42,-40.5
2015,269,0.0,0.59,0.18,37.06,45.53,4.02,27.59,12.51,Juazeiro,BA,Nordeste,-9.42,-40.5
2015,270,0.0,0.59,0.18,35.68,47.24,4.85,21.15,9.79,Juazeiro,BA,Nordeste,-9.42,-40.5
2015,271,0.0,0.59,0.17,35.62,46.83,3.73,27.35,12.42,Juazeiro,BA,Nordeste,-9.42,-40.5
2015,272,0.0,0.59,0.17,36.28,43.58,4.6,28.03,12.66,Juazeiro,BA,Nordeste,-9.42,-40.5
2015,273,0.0,0.59,0.17,35.95,46.76,5.29,27.37,12.43,Juazeiro,BA,Nordeste,-9.42,-40.5
2015,274,0.34,0.59,0.18,35.68,50.52,5.83,22.2,10.32,Juazeiro,BA,Nordeste,-9.42,-40.5
2015,275,0.07,0.59,0.18,35.49,44.77,4.96,28.05,12.68,Juazeiro,BA,Nordeste,-9.42,-40.5
2015,276,0.0,0.59,0.18,36.38,45.77,4.33,27.29,12.41,Juazeiro,BA,Nordeste,-9.42,-40.5
2015,277,0.0,0.59,0.18,37.58,43.21,3.46,27.53,12.56,Juazeiro,BA,Nordeste,-9.42,-40.5
2015,278,0.0,0.59,0.17,39.13,40.99,3.26,27.13,12.48,Juazeiro,BA,Nordeste,-9.42,-40.5
2015,279,0.08,0.59,0.17,36.66,45.95,4.27,15.67,7.66,Juazeiro,BA,Nordeste,-9.42,-40.5
2015,280,0.03,0.59,0.17,36.49,48.85,6.25,21.89,10.28,Juazeiro,BA,Nordeste,-9.42,-40.5
2015,281,0.62,0.59,0.19,35.24,54.31,6.58,18.51,8.9,Juazeiro,BA,Nordeste,-9.42,-40.5
2015,282,1.4,0.59,0.21,35.01,55.49,6.15,21.16,10.07,Juazeiro,BA,Nordeste,-9.42,-40.5
2015,283,1.4,0.6,0.28,35.3,51.19,5.53,27.59,12.72,Juazeiro,BA,Nordeste,-9.42,-40.5
2015,284,0.0,0.6,0.28,34.75,49.07,5.59,28.19,12.92,Juazeiro,BA,Nordeste,-9.42,-40.5
2015,285,0.0,0.6,0.27,34.76,45.7,5.06,25.46,11.67,Juazeiro,BA,Nordeste,-9.42,-40.5
2015,286,0.0,0.6,0.27,35.89,44.98,5.08,28.66,13.04,Juazeiro,BA,Nordeste,-9.42,-40.5
2015,287,0.0,0.6,0.26,36.35,53.49,5.84,18.59,8.86,Juazeiro,BA,Nordeste,-9.42,-40.5
2015,288,0.01,0.6,0.25,36.44,49.89,6.4,23.91,11.05,Juazeiro,BA,Nordeste,-9.42,-40.5
2015,289,0.0,0.59,0.24,36.17,49.7,5.63,25.28,11.58,Juazeiro,BA,Nordeste,-9.42,-40.5
2015,290,0.0,0.59,0.24,36.25,46.59,4.95,29.1,13.2,Juazeiro,BA,Nordeste,-9.42,-40.5
2015,291,0.0,0.59,0.23,36.27,43.56,4.54,29.4,13.28,Juazeiro,BA,Nordeste,-9.42,-40.5
2015,292,0.0,0.59,0.23,35.91,48.55,4.88,21.4,10.04,Juazeiro,BA,Nordeste,-9.42,-40.5
2015,293,0.0,0.59,0.22,36.48,45.15,3.96,26.07,12.02,Juazeiro,BA,Nordeste,-9.42,-40.5
2015,294,0.0,0.59,0.22,38.06,42.72,3.24,27.9,12.71,Juazeiro,BA,Nordeste,-9.42,-40.5
2015,295,0.0,0.59,0.21,38.57,41.8,3.61,28.43,13.11,Juazeiro,BA,Nordeste,-9.42,-40.5
2015,296,0.0,0.59,0.21,38.22,43.13,3.84,26.2,12.22,Juazeiro,BA,Nordeste,-9.42,-40.5
2015,297,0.0,0.59,0.2,37.26,44.26,4.69,25.11,11.76,Juazeiro,BA,Nordeste,-9.42,-40.5
2015,298,0.0,0.59,0.2,36.38,47.85,5.47,25.54,11.91,Juazeiro,BA,Nordeste,-9.42,-40.5
2015,299,0.0,0.59,0.2,36.46,45.85,5.27,28.49,13.02,Juazeiro,BA,Nordeste,-9.42,-40.5
2015,300,0.0,0.59,0.2,36.81,44.07,4.98,29.12,13.25,Juazeiro,BA,Nordeste,-9.42,-40.5
2015,301,0.0,0.59,0.19,37.24,41.92,3.53,28.86,13.17,Juazeiro,BA,Nordeste,-9.42,-40.5
2015,302,0.0,0.59,0.19,38.35,41.75,3.54,27.99,12.94,Juazeiro,BA,Nordeste,-9.42,-40.5
2015,303,0.05,0.59,0.19,37.04,46.66,4.43,21.46,10.24,Juazeiro,BA,Nordeste,-9.42,-40.5
2015,304,0.15,0.59,0.19,35.37,48.29,4.82,18.49,8.94,Juazeiro,BA,Nordeste,-9.42,-40.5
2015,305,0.04,0.59,0.19,36.19,43.97,4.96,21.97,10.32,Juazeiro,BA,Nordeste,-9.42,-40.5
2015,306,0.0,0.59,0.19,36.52,45.19,5.75,25.78,11.91,Juazeiro,BA,Nordeste,-9.42,-40.5
2015,307,0.0,0.59,0.18,37.0,47.33,5.79,26.97,12.44,Juazeiro,BA,Nordeste,-9.42,-40.5
2015,308,0.0,0.59,0.18,36.4,44.38,4.99,25.48,11.79,Juazeiro,BA,Nordeste,-9.42,-40.5
2015,309,0.0,0.59,0.18,37.16,43.38,3.21,27.37,12.62,Juazeiro,BA,Nordeste,-9.42,-40.5
2015,310,0.0,0.59,0.18,38.54,39.45,3.28,27.46,12.63,Juazeiro,BA,Nordeste,-9.42,-40.5
2015,311,0.0,0.59,0.18,37.89,42.59,3.96,27.19,12.54,Juazeiro,BA,Nordeste,-9.42,-40.5
2015,312,0.0,0.59,0.17,37.07,44.58,5.19,25.11,11.55,Juazeiro,BA,Nordeste,-9.42,-40.5
2015,313,0.0,0.59,0.17,36.2,46.87,5.11,26.26,12.14,Juazeiro,BA,Nordeste,-9.42,-40.5
2015,314,0.0,0.59,0.17,36.31,45.55,5.46,24.58,11.43,Juazeiro,BA,Nordeste,-9.42,-40.5
2015,315,0.0,0.59,0.17,36.69,41.75,5.23,29.83,13.53,Juazeiro,BA,Nordeste,-9.42,-40.5
2015,316,0.0,0.59,0.17,37.71,40.04,3.4,29.73,13.49,Juazeiro,BA,Nordeste,-9.42,-40.5
2015,317,0.0,0.59,0.17,38.77,37.87,3.28,28.31,13.04,Juazeiro,BA,Nordeste,-9.42,-40.5
2015,318,0.0,0.59,0.16,39.03,36.45,3.41,27.27,12.65,Juazeiro,BA,Nordeste,-9.42,-40.5
2015,319,0.0,0.59,0.16,38.84,36.4,3.81,27.6,12.86,Juazeiro,BA,Nordeste,-9.42,-40.5
2015,320,0.0,0.59,0.16,37.94,39.79,3.78,23.53,11.15,Juazeiro,BA,Nordeste,-9.42,-40.5
2015,321,0.0,0.59,0.16,37.66,37.71,4.17,28.53,13.2,Juazeiro,BA,Nordeste,-9.42,-40.5
2015,322,0.0,0.59,0.16,37.66,37.92,4.01,27.37,12.74,Juazeiro,BA,Nordeste,-9.42,-40.5
2015,323,0.0,0.59,0.16,37.69,43.42,3.14,26.48,12.34,Juazeiro,BA,Nordeste,-9.42,-40.5
2015,324,0.27,0.59,0.16,38.46,39.2,2.96,24.23,11.4,Juazeiro,BA,Nordeste,-9.42,-40.5
2015,325,0.1,0.59,0.17,38.68,36.81,3.29,26.17,12.29,Juazeiro,BA,Nordeste,-9.42,-40.5
2015,326,0.0,0.59,0.16,38.28,41.42,3.91,24.37,11.44,Juazeiro,BA,Nordeste,-9.42,-40.5
2015,327,0.0,0.59,0.16,34.44,46.68,2.89,25.75,12.09,Juazeiro,BA,Nordeste,-9.42,-40.5
2015,328,0.0,0.59,0.16,37.87,41.03,2.27,22.73,10.83,Juazeiro,BA,Nordeste,-9.42,-40.5
2015,329,0.46,0.59,0.17,38.06,39.62,1.64,24.09,11.44,Juazeiro,BA,Nordeste,-9.42,-40.5
2015,330,0.38,0.59,0.18,38.32,40.88,1.95,23.75,11.35,Juazeiro,BA,Nordeste,-9.42,-40.5
2015,331,0.79,0.59,0.21,38.37,41.03,2.43,21.8,10.54,Juazeiro,BA,Nordeste,-9.42,-40.5
2015,332,0.08,0.59,0.21,38.44,37.94,3.84,25.91,12.19,Juazeiro,BA,Nordeste,-9.42,-40.5
2015,333,0.0,0.59,0.2,38.73,36.72,4.34,27.88,12.94,Juazeiro,BA,Nordeste,-9.42,-40.5
2015,334,0.0,0.59,0.2,38.53,38.89,4.82,29.31,13.41,Juazeiro,BA,Nordeste,-9.42,-40.5
2015,335,0.0,0.59,0.19,38.64,39.85,5.03,28.2,13.03,Juazeiro,BA,Nordeste,-9.42,-40.5
2015,336,0.0,0.59,0.19,38.14,40.64,4.24,29.4,13.45,Juazeiro,BA,Nordeste,-9.42,-40.5
2015,337,0.0,0.59,0.19,38.59,39.95,2.74,28.38,13.07,Juazeiro,BA,Nordeste,-9.42,-40.5
2015,338,0.0,0.59,0.18,38.38,35.17,1.88,26.21,12.15,Juazeiro,BA,Nordeste,-9.42,-40.5
2015,339,1.0,0.59,0.2,37.97,37.24,2.01,22.85,10.78,Juazeiro,BA,Nordeste,-9.42,-40.5
2015,340,1.21,0.59,0.24,37.4,46.21,1.44,22.98,10.96,Juazeiro,BA,Nordeste,-9.42,-40.5
2015,341,0.06,0.59,0.24,38.56,36.74,3.25,24.83,11.76,Juazeiro,BA,Nordeste,-9.42,-40.5
2015,342,0.0,0.59,0.23,38.75,34.3,4.06,28.27,12.99,Juazeiro,BA,Nordeste,-9.42,-40.5
2015,343,0.0,0.59,0.22,37.41,42.68,4.69,28.83,13.22,Juazeiro,BA,Nordeste,-9.42,-40.5
2015,344,0.0,0.59,0.22,37.23,42.38,3.56,28.39,13.09,Juazeiro,BA,Nordeste,-9.42,-40.5
2015,345,0.0,0.59,0.21,38.13,39.76,3.12,28.95,13.34,Juazeiro,BA,Nordeste,-9.42,-40.5
2015,346,0.01,0.59,0.21,38.59,39.81,4.15,27.12,12.59,Juazeiro,BA,Nordeste,-9.42,-40.5
2015,347,0.18,0.59,0.2,38.54,41.61,4.97,28.88,13.37,Juazeiro,BA,Nordeste,-9.42,-40.5
2015,348,0.0,0.59,0.2,37.5,43.54,5.43,29.08,13.32,Juazeiro,BA,Nordeste,-9.42,-40.5
2015,349,0.0,0.59,0.2,37.19,41.81,4.67,28.97,13.29,Juazeiro,BA,Nordeste,-9.42,-40.5
2015,350,0.0,0.59,0.2,37.79,42.18,3.88,29.13,13.34,Juazeiro,BA,Nordeste,-9.42,-40.5
2015,351,0.0,0.59,0.19,37.52,43.65,4.3,25.37,11.81,Juazeiro,BA,Nordeste,-9.42,-40.5
2015,352,0.0,0.59,0.19,37.73,46.02,4.88,28.09,13.0,Juazeiro,BA,Nordeste,-9.42,-40.5
2015,353,0.02,0.59,0.19,36.39,50.18,4.68,20.81,9.96,Juazeiro,BA,Nordeste,-9.42,-40.5
2015,354,0.0,0.59,0.19,36.42,45.23,4.67,25.3,11.88,Juazeiro,BA,Nordeste,-9.42,-40.5
2015,355,0.0,0.59,0.19,33.08,51.78,4.94,17.41,8.39,Juazeiro,BA,Nordeste,-9.42,-40.5
2015,356,0.08,0.59,0.18,36.74,51.21,5.12,23.56,11.09,Juazeiro,BA,Nordeste,-9.42,-40.5
2015,357,0.29,0.59,0.19,36.12,49.62,5.24,26.61,12.37,Juazeiro,BA,Nordeste,-9.42,-40.5
2015,358,0.55,0.59,0.2,34.63,50.94,4.97,21.19,10.06,Juazeiro,BA,Nordeste,-9.42,-40.5
2015,359,1.46,0.59,0.21,35.7,53.24,4.19,23.98,11.37,Juazeiro,BA,Nordeste,-9.42,-40.5
2015,360,0.26,0.59,0.24,36.98,48.58,4.84,27.85,13.06,Juazeiro,BA,Nordeste,-9.42,-40.5
2015,361,0.0,0.59,0.24,36.91,47.03,4.98,23.57,11.14,Juazeiro,BA,Nordeste,-9.42,-40.5
2015,362,0.03,0.59,0.24,33.92,50.98,4.41,20.99,10.02,Juazeiro,BA,Nordeste,-9.42,-40.5
2015,363,0.76,0.59,0.24,35.61,51.18,3.99,18.34,8.99,Juazeiro,BA,Nordeste,-9.42,-40.5
2015,364,0.11,0.6,0.25,36.83,49.46,4.13,22.04,10.59,Juazeiro,BA,Nordeste,-9.42,-40.5
2015,365,0.05,0.6,0.25,37.23,47.89,4.14,23.44,11.1,Juazeiro,BA,Nordeste,-9.42,-40.5
2016,1,0.23,0.59,0.25,36.61,48.01,2.9,26.41,12.51,Juazeiro,BA,Nordeste,-9.42,-40.5
2016,2,0.07,0.59,0.24,38.11,42.39,1.82,25.13,11.79,Juazeiro,BA,Nordeste,-9.42,-40.5
2016,3,0.04,0.59,0.24,38.52,41.41,2.12,25.74,12.07,Juazeiro,BA,Nordeste,-9.42,-40.5
2016,4,2.84,0.6,0.27,34.61,51.11,2.57,21.87,10.56,Juazeiro,BA,Nordeste,-9.42,-40.5
2016,5,7.56,0.61,0.51,31.9,70.68,2.9,20.71,10.09,Juazeiro,BA,Nordeste,-9.42,-40.5
2016,6,21.5,0.63,0.66,27.35,82.46,2.17,15.96,8.01,Juazeiro,BA,Nordeste,-9.42,-40.5
2016,7,23.88,0.66,0.72,29.66,78.8,2.55,16.92,8.53,Juazeiro,BA,Nordeste,-9.42,-40.5
2016,8,39.13,0.73,0.85,26.29,86.47,2.17,10.8,5.67,Juazeiro,BA,Nordeste,-9.42,-40.5
2016,9,0.17,0.72,0.73,30.08,79.26,2.89,17.55,8.77,Juazeiro,BA,Nordeste,-9.42,-40.5
2016,10,0.67,0.7,0.7,31.76,75.14,3.57,22.98,11.03,Juazeiro,BA,Nordeste,-9.42,-40.5
2016,11,0.35,0.68,0.68,32.62,72.07,3.29,23.5,11.23,Juazeiro,BA,Nordeste,-9.42,-40.5
2016,12,0.0,0.67,0.66,33.65,67.95,3.03,25.98,12.32,Juazeiro,BA,Nordeste,-9.42,-40.5
2016,13,3.73,0.67,0.67,29.71,75.57,2.73,19.25,9.34,Juazeiro,BA,Nordeste,-9.42,-40.5
2016,14,6.41,0.67,0.69,30.57,78.09,2.24,10.6,5.51,Juazeiro,BA,Nordeste,-9.42,-40.5
2016,15,1.96,0.67,0.68,31.12,71.93,0.97,21.02,10.26,Juazeiro,BA,Nordeste,-9.42,-40.5
2016,16,6.54,0.67,0.68,30.79,76.33,1.84,17.92,8.88,Juazeiro,BA,Nordeste,-9.42,-40.5
2016,17,24.47,0.7,0.77,28.29,83.77,2.34,6.55,3.55,Juazeiro,BA,Nordeste,-9.42,-40.5
2016,18,8.3,0.71,0.76,28.75,79.57,2.33,18.45,9.14,Juazeiro,BA,Nordeste,-9.42,-40.5
2016,19,2.81,0.71,0.73,29.54,79.73,2.1,18.85,9.32,Juazeiro,BA,Nordeste,-9.42,-40.5
2016,20,27.27,0.73,0.82,25.67,88.53,1.86,9.78,5.22,Juazeiro,BA,Nordeste,-9.42,-40.5
2016,21,16.55,0.75,0.8,27.65,85.9,1.53,14.71,7.39,Juazeiro,BA,Nordeste,-9.42,-40.5
2016,22,55.08,0.81,0.93,24.55,93.07,2.05,5.41,3.02,Juazeiro,BA,Nordeste,-9.42,-40.5
2016,23,7.63,0.82,0.85,28.34,86.66,1.92,19.46,9.38,Juazeiro,BA,Nordeste,-9.42,-40.5
2016,24,9.66,0.81,0.84,29.08,86.75,2.33,9.71,5.16,Juazeiro,BA,Nordeste,-9.42,-40.5
2016,25,4.63,0.8,0.83,28.99,85.84,2.18,17.15,8.56,Juazeiro,BA,Nordeste,-9.42,-40.5
2016,26,0.54,0.79,0.81,29.63,80.53,2.59,19.8,9.64,Juazeiro,BA,Nordeste,-9.42,-40.5
2016,27,2.56,0.78,0.8,28.12,84.07,1.83,20.69,10.06,Juazeiro,BA,Nordeste,-9.42,-40.5
2016,28,1.67,0.78,0.8,28.62,82.73,2.36,18.4,9.06,Juazeiro,BA,Nordeste,-9.42,-40.5
2016,29,0.2,0.77,0.78,29.94,77.71,3.9,25.71,12.16,Juazeiro,BA,Nordeste,-9.42,-40.5
2016,30,3.48,0.76,0.79,29.32,79.71,4.16,27.92,13.15,Juazeiro,BA,Nordeste,-9.42,-40.5
2016,31,5.71,0.76,0.79,28.43,81.54,3.61,25.51,12.19,Juazeiro,BA,Nordeste,-9.42,-40.5
2016,32,5.11,0.76,0.8,28.8,83.39,3.61,23.65,11.41,Juazeiro,BA,Nordeste,-9.42,-40.5
2016,33,0.44,0.76,0.78,28.39,84.73,3.02,18.06,9.1,Juazeiro,BA,Nordeste,-9.42,-40.5
2016,34,0.03,0.76,0.77,27.97,83.42,2.44,13.34,7.0,Juazeiro,BA,Nordeste,-9.42,-40.5
2016,35,0.0,0.75,0.76,30.38,78.21,2.97,21.96,10.7,Juazeiro,BA,Nordeste,-9.42,-40.5
2016,36,0.02,0.74,0.75,30.44,77.61,3.6,27.13,12.75,Juazeiro,BA,Nordeste,-9.42,-40.5
2016,37,0.0,0.73,0.74,30.21,75.45,3.46,27.29,12.77,Juazeiro,BA,Nordeste,-9.42,-40.5
2016,38,0.0,0.72,0.73,30.16,74.85,3.5,26.64,12.53,Juazeiro,BA,Nordeste,-9.42,-40.5
2016,39,0.0,0.71,0.72,30.05,72.07,3.29,29.61,13.67,Juazeiro,BA,Nordeste,-9.42,-40.5
2016,40,0.0,0.71,0.71,30.89,74.56,3.49,27.01,12.69,Juazeiro,BA,Nordeste,-9.42,-40.5
2016,41,0.0,0.7,0.7,30.54,76.58,2.95,20.91,10.02,Juazeiro,BA,Nordeste,-9.42,-40.5
2016,42,0.17,0.69,0.7,31.28,71.16,2.12,26.52,12.56,Juazeiro,BA,Nordeste,-9.42,-40.5
2016,43,2.77,0.69,0.7,32.23,66.95,1.69,27.04,12.8,Juazeiro,BA,Nordeste,-9.42,-40.5
2016,44,2.08,0.69,0.7,31.26,73.78,2.11,22.77,10.98,Juazeiro,BA,Nordeste,-9.42,-40.5
2016,45,4.63,0.69,0.71,27.95,81.97,2.88,13.99,7.16,Juazeiro,BA,Nordeste,-9.42,-40.5
2016,46,7.14,0.7,0.73,31.24,74.36,3.39,24.15,11.53,Juazeiro,BA,Nordeste,-9.42,-40.5
2016,47,3.08,0.7,0.72,29.82,79.41,3.63,22.06,10.74,Juazeiro,BA,Nordeste,-9.42,-40.5
2016,48,0.0,0.69,0.7,31.46,71.97,3.96,27.53,12.96,Juazeiro,BA,Nordeste,-9.42,-40.5
2016,49,0.0,0.68,0.68,31.45,71.9,3.1,23.08,11.07,Juazeiro,BA,Nordeste,-9.42,-40.5
2016,50,3.68,0.68,0.69,31.22,75.82,3.55,23.06,11.26,Juazeiro,BA,Nordeste,-9.42,-40.5
2016,51,0.96,0.68,0.68,30.4,75.0,3.49,21.58,10.53,Juazeiro,BA,Nordeste,-9.42,-40.5
2016,52,0.1,0.67,0.66,32.25,68.53,4.16,25.31,11.97,Juazeiro,BA,Nordeste,-9.42,-40.5
2016,53,0.05,0.67,0.65,33.03,68.46,4.23,28.28,13.38,Juazeiro,BA,Nordeste,-9.42,-40.5
2016,54,0.07,0.66,0.64,32.9,66.57,3.66,26.97,12.78,Juazeiro,BA,Nordeste,-9.42,-40.5
2016,55,0.0,0.66,0.63,33.91,65.5,3.4,28.37,13.42,Juazeiro,BA,Nordeste,-9.42,-40.5
2016,56,0.0,0.65,0.63,34.53,65.66,3.54,23.14,11.32,Juazeiro,BA,Nordeste,-9.42,-40.5
2016,57,0.0,0.65,0.62,34.92,62.81,3.63,20.74,10.2,Juazeiro,BA,Nordeste,-9.42,-40.5
2016,58,0.0,0.64,0.62,34.72,61.14,3.9,27.32,12.88,Juazeiro,BA,Nordeste,-9.42,-40.5
2016,59,0.0,0.64,0.61,34.79,61.77,3.55,27.6,13.02,Juazeiro,BA,Nordeste,-9.42,-40.5
2016,60,0.01,0.64,0.61,34.38,60.82,3.32,28.45,13.44,Juazeiro,BA,Nordeste,-9.42,-40.5
2016,61,0.0,0.63,0.61,35.47,58.44,3.87,27.83,13.11,Juazeiro,BA,Nordeste,-9.42,-40.5
2016,62,0.0,0.63,0.6,34.82,59.86,4.05,28.26,13.15,Juazeiro,BA,Nordeste,-9.42,-40.5
2016,63,0.0,0.63,0.6,35.14,62.61,2.9,24.71,11.7,Juazeiro,BA,Nordeste,-9.42,-40.5
2016,64,0.21,0.62,0.6,34.83,64.11,2.99,22.62,10.94,Juazeiro,BA,Nordeste,-9.42,-40.5
2016,65,0.76,0.62,0.6,34.04,64.54,3.18,21.97,10.56,Juazeiro,BA,Nordeste,-9.42,-40.5
2016,66,0.05,0.62,0.59,36.23,58.84,3.89,26.31,12.47,Juazeiro,BA,Nordeste,-9.42,-40.5
2016,67,0.0,0.62,0.58,34.23,60.75,3.45,27.62,13.02,Juazeiro,BA,Nordeste,-9.42,-40.5
2016,68,0.03,0.62,0.57,35.25,59.62,3.44,18.61,9.06,Juazeiro,BA,Nordeste,-9.42,-40.5
2016,69,0.31,0.61,0.55,35.03,60.41,3.36,23.02,10.85,Juazeiro,BA,Nordeste,-9.42,-40.5
2016,70,0.0,0.61,0.53,35.72,57.76,3.06,23.62,11.12,Juazeiro,BA,Nordeste,-9.42,-40.5
2016,71,0.22,0.61,0.51,35.87,57.03,2.43,24.72,11.63,Juazeiro,BA,Nordeste,-9.42,-40.5
2016,72,1.3,0.61,0.52,35.94,60.24,2.36,21.46,10.25,Juazeiro,BA,Nordeste,-9.42,-40.5
2016,73,0.0,0.61,0.49,36.21,54.06,3.7,25.34,11.96,Juazeiro,BA,Nordeste,-9.42,-40.5
2016,74,0.0,0.61,0.47,35.55,54.16,4.63,23.75,11.17,Juazeiro,BA,Nordeste,-9.42,-40.5
2016,75,0.0,0.61,0.45,35.68,50.07,4.11,27.17,12.51,Juazeiro,BA,Nordeste,-9.42,-40.5
2016,76,0.0,0.61,0.43,36.32,50.51,4.15,26.16,12.24,Juazeiro,BA,Nordeste,-9.42,-40.5
2016,77,0.21,0.6,0.42,36.29,55.72,3.95,23.35,11.21,Juazeiro,BA,Nordeste,-9.42,-40.5
2016,78,0.39,0.6,0.42,36.76,56.33,3.67,19.76,9.7,Juazeiro,BA,Nordeste,-9.42,-40.5
2016,79,0.0,0.6,0.41,37.26,52.78,3.31,24.57,11.74,Juazeiro,BA,Nordeste,-9.42,-40.5
2016,80,0.0,0.6,0.4,33.98,56.64,2.48,21.28,10.32,Juazeiro,BA,Nordeste,-9.42,-40.5
2016,81,0.0,0.6,0.4,36.42,51.57,2.99,20.85,10.07,Juazeiro,BA,Nordeste,-9.42,-40.5
2016,82,0.0,0.6,0.39,36.63,51.02,2.83,22.36,10.77,Juazeiro,BA,Nordeste,-9.42,-40.5
2016,83,0.01,0.6,0.37,37.8,51.49,2.69,23.97,11.44,Juazeiro,BA,Nordeste,-9.42,-40.5
2016,84,0.02,0.6,0.36,37.21,49.97,3.42,19.71,9.62,Juazeiro,BA,Nordeste,-9.42,-40.5
2016,85,0.0,0.6,0.36,37.41,48.05,4.44,26.33,12.36,Juazeiro,BA,Nordeste,-9.42,-40.5
2016,86,0.0,0.6,0.35,37.47,48.88,4.24,23.17,11.07,Juazeiro,BA,Nordeste,-9.42,-40.5
2016,87,0.0,0.6,0.34,37.48,51.46,4.57,23.34,11.2,Juazeiro,BA,Nordeste,-9.42,-40.5
2016,88,0.0,0.6,0.34,36.93,49.99,4.86,26.04,12.22,Juazeiro,BA,Nordeste,-9.42,-40.5
2016,89,1.85,0.6,0.33,37.21,53.21,3.51,25.62,12.06,Juazeiro,BA,Nordeste,-9.42,-40.5
2016,90,6.72,0.61,0.51,34.03,67.98,3.78,15.87,8.09,Juazeiro,BA,Nordeste,-9.42,-40.5
2016,91,0.54,0.61,0.53,35.13,56.69,4.23,22.11,10.57,Juazeiro,BA,Nordeste,-9.42,-40.5
2016,92,0.0,0.61,0.49,34.65,56.91,4.06,19.58,9.4,Juazeiro,BA,Nordeste,-9.42,-40.5
2016,93,0.0,0.61,0.46,33.83,53.6,3.69,19.57,9.23,Juazeiro,BA,Nordeste,-9.42,-40.5
2016,94,0.0,0.6,0.43,33.1,58.57,3.45,21.01,9.93,Juazeiro,BA,Nordeste,-9.42,-40.5
2016,95,0.0,0.6,0.41,36.06,50.46,3.65,21.51,10.15,Juazeiro,BA,Nordeste,-9.42,-40.5
2016,96,0.02,0.6,0.38,35.56,56.04,4.06,16.71,8.02,Juazeiro,BA,Nordeste,-9.42,-40.5
2016,97,0.01,0.6,0.37,36.79,54.13,4.2,21.26,10.08,Juazeiro,BA,Nordeste,-9.42,-40.5
2016,98,0.0,0.6,0.35,36.75,51.88,3.47,22.06,10.49,Juazeiro,BA,Nordeste,-9.42,-40.5
2016,99,0.0,0.6,0.34,36.05,52.31,2.61,21.44,10.22,Juazeiro,BA,Nordeste,-9.42,-40.5
2016,100,0.03,0.6,0.33,37.77,46.53,3.14,21.65,10.27,Juazeiro,BA,Nordeste,-9.42,-40.5
2016,101,0.03,0.6,0.32,37.27,47.91,4.14,20.11,9.69,Juazeiro,BA,Nordeste,-9.42,-40.5
2016,102,0.17,0.6,0.31,37.06,50.72,4.52,20.34,9.78,Juazeiro,BA,Nordeste,-9.42,-40.5
2016,103,0.1,0.6,0.31,36.43,51.46,5.07,18.5,8.98,Juazeiro,BA,Nordeste,-9.42,-40.5
2016,104,0.03,0.6,0.3,35.78,48.23,4.71,22.42,10.49,Juazeiro,BA,Nordeste,-9.42,-40.5
2016,105,2.97,0.6,0.35,33.16,59.92,4.71,15.21,7.73,Juazeiro,BA,Nordeste,-9.42,-40.5
2016,106,0.24,0.6,0.39,34.02,59.0,4.5,19.26,9.36,Juazeiro,BA,Nordeste,-9.42,-40.5
2016,107,0.01,0.6,0.37,35.08,54.75,5.03,20.49,9.83,Juazeiro,BA,Nordeste,-9.42,-40.5
2016,108,0.03,0.6,0.35,34.93,53.51,5.29,23.42,11.02,Juazeiro,BA,Nordeste,-9.42,-40.5
2016,109,0.23,0.6,0.34,34.98,57.11,5.51,15.42,7.65,Juazeiro,BA,Nordeste,-9.42,-40.5
2016,110,0.0,0.6,0.33,33.95,53.88,4.88,20.8,9.85,Juazeiro,BA,Nordeste,-9.42,-40.5
2016,111,0.03,0.6,0.32,35.01,51.1,4.53,22.45,10.49,Juazeiro,BA,Nordeste,-9.42,-40.5
2016,112,0.0,0.6,0.31,34.46,55.56,4.07,19.76,9.36,Juazeiro,BA,Nordeste,-9.42,-40.5
2016,113,0.0,0.6,0.31,35.55,52.52,3.72,22.76,10.67,Juazeiro,BA,Nordeste,-9.42,-40.5
2016,114,0.0,0.6,0.3,35.69,50.01,4.29,22.26,10.43,Juazeiro,BA,Nordeste,-9.42,-40.5
2016,115,0.0,0.6,0.29,35.51,50.41,4.17,24.31,11.26,Juazeiro,BA,Nordeste,-9.42,-40.5
2016,116,0.0,0.6,0.28,35.56,51.19,4.22,23.15,10.72,Juazeiro,BA,Nordeste,-9.42,-40.5
2016,117,0.0,0.6,0.28,35.61,50.57,3.38,23.33,10.94,Juazeiro,BA,Nordeste,-9.42,-40.5
2016,118,0.0,0.6,0.27,37.05,46.74,3.59,22.91,10.79,Juazeiro,BA,Nordeste,-9.42,-40.5
2016,119,0.0,0.6,0.26,36.88,47.98,3.83,21.91,10.39,Juazeiro,BA,Nordeste,-9.42,-40.5
2016,120,0.0,0.6,0.26,36.47,47.92,4.13,18.91,9.04,Juazeiro,BA,Nordeste,-9.42,-40.5
2016,121,0.0,0.6,0.25,36.44,49.84,3.82,19.78,9.41,Juazeiro,BA,Nordeste,-9.42,-40.5
2016,122,0.0,0.6,0.25,36.89,42.27,3.65,22.56,10.62,Juazeiro,BA,Nordeste,-9.42,-40.5
2016,123,0.01,0.59,0.24,36.55,48.54,4.28,22.79,10.62,Juazeiro,BA,Nordeste,-9.42,-40.5
2016,124,0.43,0.59,0.24,34.43,59.19,4.69,15.01,7.5,Juazeiro,BA,Nordeste,-9.42,-40.5
2016,125,0.31,0.6,0.25,34.23,57.34,4.3,20.22,9.75,Juazeiro,BA,Nordeste,-9.42,-40.5
2016,126,0.0,0.6,0.25,34.8,49.89,4.22,22.51,10.58,Juazeiro,BA,Nordeste,-9.42,-40.5
2016,127,0.0,0.59,0.24,34.72,54.22,4.63,22.5,10.56,Juazeiro,BA,Nordeste,-9.42,-40.5
2016,128,0.0,0.59,0.24,34.55,53.9,4.51,18.76,9.03,Juazeiro,BA,Nordeste,-9.42,-40.5
2016,129,0.0,0.59,0.24,34.12,51.35,4.5,23.0,10.73,Juazeiro,BA,Nordeste,-9.42,-40.5
2016,130,0.0,0.59,0.23,34.62,50.87,4.26,21.39,10.09,Juazeiro,BA,Nordeste,-9.42,-40.5
2016,131,0.0,0.59,0.23,34.73,54.38,4.14,19.26,9.27,Juazeiro,BA,Nordeste,-9.42,-40.5
2016,132,0.0,0.59,0.23,35.37,55.36,3.73,17.68,8.57,Juazeiro,BA,Nordeste,-9.42,-40.5
2016,133,0.0,0.59,0.23,35.7,52.09,3.72,16.58,8.05,Juazeiro,BA,Nordeste,-9.42,-40.5
2016,134,0.0,0.59,0.23,35.81,47.82,3.45,22.26,10.34,Juazeiro,BA,Nordeste,-9.42,-40.5
2016,135,0.0,0.59,0.22,34.86,52.65,4.38,21.93,10.31,Juazeiro,BA,Nordeste,-9.42,-40.5
2016,136,0.09,0.59,0.22,34.38,58.82,4.93,17.13,8.43,Juazeiro,BA,Nordeste,-9.42,-40.5
2016,137,0.19,0.59,0.22,33.5,59.81,4.29,15.22,7.66,Juazeiro,BA,Nordeste,-9.42,-40.5
2016,138,0.0,0.59,0.22,35.41,51.31,2.87,21.4,10.07,Juazeiro,BA,Nordeste,-9.42,-40.5
2016,139,0.0,0.59,0.22,35.9,49.0,3.48,21.52,10.11,Juazeiro,BA,Nordeste,-9.42,-40.5
2016,140,0.0,0.59,0.22,34.43,51.13,4.15,19.18,9.12,Juazeiro,BA,Nordeste,-9.42,-40.5
2016,141,0.0,0.59,0.21,33.21,53.19,4.67,21.91,10.15,Juazeiro,BA,Nordeste,-9.42,-40.5
2016,142,0.0,0.59,0.21,34.16,52.43,3.94,19.74,9.33,Juazeiro,BA,Nordeste,-9.42,-40.5
2016,143,0.0,0.59,0.21,34.63,48.56,3.67,22.74,10.58,Juazeiro,BA,Nordeste,-9.42,-40.5
2016,144,0.0,0.59,0.21,35.56,53.44,3.3,21.34,10.03,Juazeiro,BA,Nordeste,-9.42,-40.5
2016,145,2.88,0.59,0.23,35.04,65.22,3.77,15.34,7.66,Juazeiro,BA,Nordeste,-9.42,-40.5
2016,146,6.11,0.61,0.45,29.31,74.55,5.08,13.16,6.84,Juazeiro,BA,Nordeste,-9.42,-40.5
2016,147,0.63,0.61,0.47,31.19,72.32,4.66,13.11,6.72,Juazeiro,BA,Nordeste,-9.42,-40.5
2016,148,0.02,0.61,0.45,31.54,68.19,3.88,17.02,8.24,Juazeiro,BA,Nordeste,-9.42,-40.5
2016,149,0.05,0.6,0.43,32.65,66.29,4.13,20.54,9.71,Juazeiro,BA,Nordeste,-9.42,-40.5
2016,150,0.18,0.6,0.41,32.53,68.98,3.96,17.4,8.47,Juazeiro,BA,Nordeste,-9.42,-40.5
2016,151,0.13,0.6,0.4,31.6,68.56,4.0,13.95,7.06,Juazeiro,BA,Nordeste,-9.42,-40.5
2016,152,0.01,0.6,0.38,33.64,63.08,3.83,16.69,8.13,Juazeiro,BA,Nordeste,-9.42,-40.5
2016,153,0.01,0.6,0.36,34.25,57.63,3.97,21.62,9.96,Juazeiro,BA,Nordeste,-9.42,-40.5
2016,154,0.0,0.6,0.34,34.48,54.94,2.98,22.08,10.1,Juazeiro,BA,Nordeste,-9.42,-40.5
2016,155,0.0,0.6,0.33,34.89,56.8,2.96,19.75,9.12,Juazeiro,BA,Nordeste,-9.42,-40.5
2016,156,0.0,0.6,0.32,35.39,55.6,3.53,21.12,9.9,Juazeiro,BA,Nordeste,-9.42,-40.5
2016,157,0.14,0.6,0.31,33.9,59.89,3.9,17.51,8.52,Juazeiro,BA,Nordeste,-9.42,-40.5
2016,158,0.0,0.6,0.3,34.91,52.53,3.35,21.4,10.02,Juazeiro,BA,Nordeste,-9.42,-40.5
2016,159,0.0,0.6,0.29,35.4,53.36,2.79,21.16,9.86,Juazeiro,BA,Nordeste,-9.42,-40.5
2016,160,0.0,0.6,0.28,35.58,49.67,2.71,20.94,9.72,Juazeiro,BA,Nordeste,-9.42,-40.5
2016,161,0.0,0.6,0.28,35.33,46.84,3.08,20.89,9.75,Juazeiro,BA,Nordeste,-9.42,-40.5
2016,162,0.0,0.6,0.27,34.51,48.47,3.24,18.97,8.87,Juazeiro,BA,Nordeste,-9.42,-40.5
2016,163,0.0,0.6,0.26,34.88,48.74,2.64,21.74,10.01,Juazeiro,BA,Nordeste,-9.42,-40.5
2016,164,0.0,0.6,0.26,34.29,46.36,3.43,21.43,9.96,Juazeiro,BA,Nordeste,-9.42,-40.5
2016,165,0.0,0.6,0.25,33.34,50.17,4.26,21.77,10.1,Juazeiro,BA,Nordeste,-9.42,-40.5
2016,166,0.4,0.6,0.25,30.98,58.4,4.49,17.62,8.4,Juazeiro,BA,Nordeste,-9.42,-40.5
2016,167,0.48,0.6,0.27,31.94,66.12,4.61,17.12,8.27,Juazeiro,BA,Nordeste,-9.42,-40.5
2016,168,0.01,0.6,0.27,32.06,61.81,4.74,19.53,9.26,Juazeiro,BA,Nordeste,-9.42,-40.5
2016,169,0.07,0.6,0.26,30.8,64.46,5.01,11.5,5.94,Juazeiro,BA,Nordeste,-9.42,-40.5
2016,170,0.07,0.6,0.26,32.04,63.44,4.16,16.18,7.95,Juazeiro,BA,Nordeste,-9.42,-40.5
2016,171,0.17,0.6,0.26,32.76,63.35,4.54,18.65,8.91,Juazeiro,BA,Nordeste,-9.42,-40.5
2016,172,0.71,0.6,0.27,31.5,60.88,4.67,20.28,9.44,Juazeiro,BA,Nordeste,-9.42,-40.5
2016,173,0.07,0.6,0.27,30.91,62.07,4.92,19.64,9.2,Juazeiro,BA,Nordeste,-9.42,-40.5
2016,174,0.15,0.6,0.27,31.12,66.15,5.73,12.41,6.26,Juazeiro,BA,Nordeste,-9.42,-40.5
2016,175,0.01,0.6,0.27,31.68,59.39,4.94,19.08,8.98,Juazeiro,BA,Nordeste,-9.42,-40.5
2016,176,0.04,0.6,0.26,31.39,59.38,4.7,17.95,8.49,Juazeiro,BA,Nordeste,-9.42,-40.5
2016,177,0.21,0.6,0.26,31.06,61.52,5.39,14.82,7.13,Juazeiro,BA,Nordeste,-9.42,-40.5
2016,178,0.81,0.6,0.27,30.81,64.79,6.17,15.03,7.34,Juazeiro,BA,Nordeste,-9.42,-40.5
2016,179,0.38,0.6,0.29,30.28,61.57,5.57,12.92,6.3,Juazeiro,BA,Nordeste,-9.42,-40.5
2016,180,0.09,0.6,0.28,30.03,59.82,5.09,14.13,6.75,Juazeiro,BA,Nordeste,-9.42,-40.5
2016,181,0.08,0.6,0.28,30.41,61.37,4.44,20.14,9.36,Juazeiro,BA,Nordeste,-9.42,-40.5
2016,182,0.14,0.6,0.28,30.99,64.73,5.04,20.57,9.61,Juazeiro,BA,Nordeste,-9.42,-40.5
2016,183,0.49,0.6,0.28,30.91,65.46,5.53,16.13,7.68,Juazeiro,BA,Nordeste,-9.42,-40.5
2016,184,0.14,0.6,0.28,30.89,61.92,5.47,14.44,7.06,Juazeiro,BA,Nordeste,-9.42,-40.5
2016,185,0.05,0.6,0.28,31.36,62.52,5.24,14.55,7.06,Juazeiro,BA,Nordeste,-9.42,-40.5
2016,186,0.15,0.6,0.27,31.21,63.81,5.45,17.28,8.2,Juazeiro,BA,Nordeste,-9.42,-40.5
2016,187,0.2,0.6,0.27,31.04,66.53,5.1,16.95,8.11,Juazeiro,BA,Nordeste,-9.42,-40.5
2016,188,0.03,0.6,0.27,31.27,62.37,4.57,14.5,7.02,Juazeiro,BA,Nordeste,-9.42,-40.5
2016,189,0.02,0.6,0.27,32.57,56.76,3.36,21.65,10.1,Juazeiro,BA,Nordeste,-9.42,-40.5
2016,190,0.0,0.6,0.26,33.95,54.06,3.56,20.19,9.49,Juazeiro,BA,Nordeste,-9.42,-40.5
2016,191,0.0,0.6,0.26,32.37,55.0,4.7,21.02,9.79,Juazeiro,BA,Nordeste,-9.42,-40.5
2016,192,0.03,0.6,0.25,32.04,61.89,4.68,16.31,7.9,Juazeiro,BA,Nordeste,-9.42,-40.5
2016,193,0.05,0.6,0.25,31.73,60.19,4.77,19.94,9.38,Juazeiro,BA,Nordeste,-9.42,-40.5
2016,194,0.01,0.59,0.25,32.2,56.42,3.73,17.83,8.44,Juazeiro,BA,Nordeste,-9.42,-40.5
2016,195,0.0,0.59,0.24,32.71,54.33,3.46,21.04,9.73,Juazeiro,BA,Nordeste,-9.42,-40.5
2016,196,0.0,0.59,0.24,32.56,55.44,4.36,20.76,9.58,Juazeiro,BA,Nordeste,-9.42,-40.5
2016,197,0.0,0.59,0.24,32.25,54.56,4.28,21.89,10.09,Juazeiro,BA,Nordeste,-9.42,-40.5
2016,198,0.01,0.59,0.23,32.5,51.0,2.95,21.69,9.93,Juazeiro,BA,Nordeste,-9.42,-40.5
2016,199,0.01,0.59,0.23,34.23,40.75,1.42,22.78,10.38,Juazeiro,BA,Nordeste,-9.42,-40.5
2016,200,0.0,0.59,0.22,35.52,37.77,2.42,22.37,10.22,Juazeiro,BA,Nordeste,-9.42,-40.5
2016,201,0.0,0.59,0.22,33.61,50.97,4.71,22.37,10.3,Juazeiro,BA,Nordeste,-9.42,-40.5
2016,202,0.0,0.59,0.22,31.3,56.55,4.57,19.97,9.38,Juazeiro,BA,Nordeste,-9.42,-40.5
2016,203,0.0,0.59,0.21,31.86,50.74,4.37,22.6,10.41,Juazeiro,BA,Nordeste,-9.42,-40.5
2016,204,0.0,0.59,0.21,31.32,51.43,4.43,23.13,10.58,Juazeiro,BA,Nordeste,-9.42,-40.5
2016,205,0.0,0.59,0.21,31.29,57.85,5.28,19.12,9.05,Juazeiro,BA,Nordeste,-9.42,-40.5
2016,206,0.0,0.59,0.21,31.67,57.15,5.03,17.85,8.49,Juazeiro,BA,Nordeste,-9.42,-40.5
2016,207,0.01,0.59,0.21,31.67,58.67,5.24,20.57,9.61,Juazeiro,BA,Nordeste,-9.42,-40.5
2016,208,0.1,0.59,0.21,30.82,57.54,4.94,18.84,8.89,Juazeiro,BA,Nordeste,-9.42,-40.5
2016,209,0.03,0.59,0.21,30.86,55.13,4.47,22.02,10.22,Juazeiro,BA,Nordeste,-9.42,-40.5
2016,210,0.0,0.59,0.21,32.11,56.03,5.11,21.92,10.18,Juazeiro,BA,Nordeste,-9.42,-40.5
2016,211,0.03,0.59,0.2,30.97,54.97,5.93,19.68,9.26,Juazeiro,BA,Nordeste,-9.42,-40.5
2016,212,0.07,0.59,0.2,30.88,58.65,5.87,18.78,8.93,Juazeiro,BA,Nordeste,-9.42,-40.5
2016,213,0.06,0.59,0.2,30.59,56.52,6.16,19.09,9.05,Juazeiro,BA,Nordeste,-9.42,-40.5
2016,214,0.77,0.59,0.22,30.49,61.56,5.12,15.02,7.44,Juazeiro,BA,Nordeste,-9.42,-40.5
2016,215,0.1,0.59,0.23,31.66,58.95,4.88,15.98,7.72,Juazeiro,BA,Nordeste,-9.42,-40.5
2016,216,0.0,0.59,0.23,31.9,56.02,5.03,17.84,8.44,Juazeiro,BA,Nordeste,-9.42,-40.5
2016,217,0.01,0.59,0.22,31.01,56.39,5.2,23.76,10.88,Juazeiro,BA,Nordeste,-9.42,-40.5
2016,218,0.02,0.59,0.22,31.82,59.76,4.75,18.46,8.8,Juazeiro,BA,Nordeste,-9.42,-40.5
2016,219,0.0,0.59,0.22,31.88,53.05,4.86,24.2,11.1,Juazeiro,BA,Nordeste,-9.42,-40.5
2016,220,0.0,0.59,0.22,32.46,48.66,3.99,24.56,11.15,Juazeiro,BA,Nordeste,-9.42,-40.5
2016,221,0.0,0.59,0.21,33.03,48.67,3.57,24.24,11.09,Juazeiro,BA,Nordeste,-9.42,-40.5
2016,222,0.0,0.59,0.21,32.69,48.71,4.27,24.11,11.01,Juazeiro,BA,Nordeste,-9.42,-40.5
2016,223,0.0,0.59,0.21,34.08,45.61,3.85,24.4,11.07,Juazeiro,BA,Nordeste,-9.42,-40.5
2016,224,0.0,0.59,0.21,34.79,50.68,3.56,23.77,10.9,Juazeiro,BA,Nordeste,-9.42,-40.5
2016,225,0.0,0.59,0.2,34.81,47.36,4.36,22.89,10.48,Juazeiro,BA,Nordeste,-9.42,-40.5
2016,226,0.0,0.59,0.2,32.59,50.28,5.12,24.4,11.19,Juazeiro,BA,Nordeste,-9.42,-40.5
2016,227,0.0,0.59,0.2,33.16,49.62,4.38,24.55,11.25,Juazeiro,BA,Nordeste,-9.42,-40.5
2016,228,0.0,0.59,0.2,34.22,43.71,3.9,24.79,11.33,Juazeiro,BA,Nordeste,-9.42,-40.5
2016,229,0.0,0.59,0.19,34.91,49.07,3.38,24.19,11.1,Juazeiro,BA,Nordeste,-9.42,-40.5
2016,230,0.0,0.59,0.19,35.83,48.79,4.27,23.89,11.0,Juazeiro,BA,Nordeste,-9.42,-40.5
2016,231,0.0,0.59,0.19,35.41,47.6,4.74,24.49,11.31,Juazeiro,BA,Nordeste,-9.42,-40.5
2016,232,0.0,0.59,0.19,33.76,51.98,5.4,21.69,10.09,Juazeiro,BA,Nordeste,-9.42,-40.5
2016,233,0.01,0.59,0.19,33.81,52.64,4.53,19.51,9.27,Juazeiro,BA,Nordeste,-9.42,-40.5
2016,234,0.0,0.59,0.19,34.19,46.9,3.33,22.81,10.51,Juazeiro,BA,Nordeste,-9.42,-40.5
2016,235,0.0,0.59,0.18,36.02,43.66,3.49,25.35,11.57,Juazeiro,BA,Nordeste,-9.42,-40.5
2016,236,0.0,0.59,0.18,34.35,48.84,5.76,25.21,11.54,Juazeiro,BA,Nordeste,-9.42,-40.5
2016,237,0.11,0.59,0.18,33.31,56.73,6.21,16.64,8.15,Juazeiro,BA,Nordeste,-9.42,-40.5
2016,238,0.82,0.59,0.19,33.15,61.47,6.37,14.92,7.53,Juazeiro,BA,Nordeste,-9.42,-40.5
2016,239,0.48,0.59,0.21,32.6,62.66,5.87,19.35,9.28,Juazeiro,BA,Nordeste,-9.42,-40.5
2016,240,0.4,0.59,0.22,32.5,62.23,6.18,17.51,8.58,Juazeiro,BA,Nordeste,-9.42,-40.5
2016,241,0.17,0.59,0.22,31.24,55.71,5.94,23.32,10.69,Juazeiro,BA,Nordeste,-9.42,-40.5
2016,242,0.0,0.59,0.22,32.48,55.2,4.96,23.05,10.7,Juazeiro,BA,Nordeste,-9.42,-40.5
2016,243,0.01,0.59,0.22,34.78,53.81,5.15,25.21,11.58,Juazeiro,BA,Nordeste,-9.42,-40.5
2016,244,0.14,0.59,0.22,34.05,55.58,5.29,15.87,7.6,Juazeiro,BA,Nordeste,-9.42,-40.5
2016,245,0.02,0.59,0.21,34.19,52.37,5.56,22.57,10.55,Juazeiro,BA,Nordeste,-9.42,-40.5
2016,246,0.21,0.59,0.21,33.31,55.44,6.25,22.17,10.41,Juazeiro,BA,Nordeste,-9.42,-40.5
2016,247,0.46,0.59,0.22,32.84,57.86,6.36,24.86,11.51,Juazeiro,BA,Nordeste,-9.42,-40.5
2016,248,0.31,0.59,0.23,32.82,57.85,5.88,23.87,11.15,Juazeiro,BA,Nordeste,-9.42,-40.5
2016,249,0.91,0.6,0.25,32.63,58.18,5.94,20.61,9.83,Juazeiro,BA,Nordeste,-9.42,-40.5
2016,250,0.28,0.6,0.25,32.65,53.74,5.16,25.64,11.86,Juazeiro,BA,Nordeste,-9.42,-40.5
2016,251,0.0,0.6,0.25,33.87,51.11,4.92,26.03,11.99,Juazeiro,BA,Nordeste,-9.42,-40.5
2016,252,0.0,0.59,0.24,34.33,50.36,4.81,26.27,12.06,Juazeiro,BA,Nordeste,-9.42,-40.5
2016,253,0.0,0.59,0.24,33.42,49.07,5.55,27.14,12.35,Juazeiro,BA,Nordeste,-9.42,-40.5
2016,254,0.03,0.59,0.23,33.28,52.32,5.83,24.01,11.23,Juazeiro,BA,Nordeste,-9.42,-40.5
2016,255,0.09,0.59,0.23,33.45,53.48,5.73,23.6,11.03,Juazeiro,BA,Nordeste,-9.42,-40.5
2016,256,0.47,0.59,0.24,33.4,52.9,5.25,23.08,10.83,Juazeiro,BA,Nordeste,-9.42,-40.5
2016,257,0.0,0.59,0.24,33.39,47.34,5.6,27.03,12.38,Juazeiro,BA,Nordeste,-9.42,-40.5
2016,258,0.0,0.59,0.23,34.43,52.22,4.77,26.73,12.38,Juazeiro,BA,Nordeste,-9.42,-40.5
2016,259,0.0,0.59,0.22,35.46,48.89,4.04,27.09,12.51,Juazeiro,BA,Nordeste,-9.42,-40.5
2016,260,0.0,0.59,0.22,36.37,46.74,4.31,26.97,12.47,Juazeiro,BA,Nordeste,-9.42,-40.5
2016,261,0.0,0.59,0.21,35.49,51.03,5.33,19.77,9.42,Juazeiro,BA,Nordeste,-9.42,-40.5
2016,262,0.0,0.59,0.21,34.77,47.94,5.3,23.61,10.8,Juazeiro,BA,Nordeste,-9.42,-40.5
2016,263,0.0,0.59,0.21,35.15,42.83,3.94,26.3,11.9,Juazeiro,BA,Nordeste,-9.42,-40.5
2016,264,0.0,0.59,0.2,35.85,42.09,3.1,27.34,12.36,Juazeiro,BA,Nordeste,-9.42,-40.5
2016,265,0.0,0.59,0.2,37.13,42.51,2.76,26.71,12.19,Juazeiro,BA,Nordeste,-9.42,-40.5
2016,266,0.0,0.59,0.2,36.7,48.09,5.18,16.11,7.92,Juazeiro,BA,Nordeste,-9.42,-40.5
2016,267,0.0,0.59,0.19,35.81,48.54,5.72,21.76,10.14,Juazeiro,BA,Nordeste,-9.42,-40.5
2016,268,0.01,0.59,0.19,35.21,49.44,4.65,19.81,9.49,Juazeiro,BA,Nordeste,-9.42,-40.5
2016,269,0.0,0.59,0.19,36.64,44.03,3.39,27.13,12.5,Juazeiro,BA,Nordeste,-9.42,-40.5
2016,270,0.06,0.59,0.19,36.53,45.27,3.19,24.63,11.53,Juazeiro,BA,Nordeste,-9.42,-40.5
2016,271,1.21,0.59,0.21,35.82,46.62,4.22,20.39,9.7,Juazeiro,BA,Nordeste,-9.42,-40.5
2016,272,0.12,0.59,0.23,36.09,48.38,5.48,22.31,10.55,Juazeiro,BA,Nordeste,-9.42,-40.5
2016,273,0.0,0.59,0.22,35.97,47.6,5.11,15.49,7.72,Juazeiro,BA,Nordeste,-9.42,-40.5
2016,274,0.0,0.59,0.22,33.9,45.08,4.51,25.09,11.72,Juazeiro,BA,Nordeste,-9.42,-40.5
2016,275,0.0,0.59,0.22,35.94,48.14,5.25,22.57,10.67,Juazeiro,BA,Nordeste,-9.42,-40.5
2016,276,0.0,0.59,0.21,36.51,46.48,6.22,27.45,12.57,Juazeiro,BA,Nordeste,-9.42,-40.5
2016,277,0.0,0.59,0.21,36.58,49.36,6.16,25.53,11.84,Juazeiro,BA,Nordeste,-9.42,-40.5
2016,278,0.0,0.59,0.21,36.5,47.45,4.05,24.75,11.41,Juazeiro,BA,Nordeste,-9.42,-40.5
2016,279,0.05,0.59,0.2,37.28,42.06,2.51,26.5,12.21,Juazeiro,BA,Nordeste,-9.42,-40.5
2016,280,0.68,0.59,0.21,37.12,42.86,3.07,21.4,9.98,Juazeiro,BA,Nordeste,-9.42,-40.5
2016,281,1.73,0.6,0.27,32.32,59.19,1.55,13.71,6.81,Juazeiro,BA,Nordeste,-9.42,-40.5
2016,282,1.09,0.6,0.29,32.67,56.21,2.93,17.57,8.63,Juazeiro,BA,Nordeste,-9.42,-40.5
2016,283,0.04,0.6,0.3,37.26,46.9,4.98,26.92,12.35,Juazeiro,BA,Nordeste,-9.42,-40.5
2016,284,0.0,0.6,0.29,35.8,47.96,6.16,28.46,13.02,Juazeiro,BA,Nordeste,-9.42,-40.5
2016,285,0.0,0.6,0.28,35.24,50.28,6.83,23.63,10.97,Juazeiro,BA,Nordeste,-9.42,-40.5
2016,286,0.0,0.6,0.27,35.43,52.54,6.37,18.47,8.92,Juazeiro,BA,Nordeste,-9.42,-40.5
2016,287,0.01,0.6,0.26,35.4,49.68,6.22,23.54,10.93,Juazeiro,BA,Nordeste,-9.42,-40.5
2016,288,0.94,0.6,0.28,35.32,50.88,5.92,22.52,10.59,Juazeiro,BA,Nordeste,-9.42,-40.5
2016,289,0.12,0.6,0.28,34.88,49.69,5.74,26.22,12.07,Juazeiro,BA,Nordeste,-9.42,-40.5
2016,290,0.0,0.6,0.27,35.94,48.98,5.68,28.28,12.99,Juazeiro,BA,Nordeste,-9.42,-40.5
2016,291,0.06,0.6,0.26,36.13,48.63,4.82,27.77,12.78,Juazeiro,BA,Nordeste,-9.42,-40.5
2016,292,0.0,0.6,0.25,36.07,45.97,4.0,26.67,12.35,Juazeiro,BA,Nordeste,-9.42,-40.5
2016,293,0.0,0.59,0.24,36.62,45.72,3.93,27.37,12.67,Juazeiro,BA,Nordeste,-9.42,-40.5
2016,294,0.0,0.59,0.24,36.84,45.03,3.56,23.42,10.87,Juazeiro,BA,Nordeste,-9.42,-40.5
2016,295,0.0,0.59,0.23,36.4,47.03,3.98,20.99,9.88,Juazeiro,BA,Nordeste,-9.42,-40.5
2016,296,0.0,0.59,0.22,37.39,47.21,5.29,22.38,10.43,Juazeiro,BA,Nordeste,-9.42,-40.5
2016,297,0.0,0.59,0.22,36.67,46.32,5.94,20.74,9.76,Juazeiro,BA,Nordeste,-9.42,-40.5
2016,298,0.0,0.59,0.22,35.65,46.56,5.03,23.72,11.02,Juazeiro,BA,Nordeste,-9.42,-40.5
2016,299,0.0,0.59,0.21,33.58,46.71,4.4,26.49,12.1,Juazeiro,BA,Nordeste,-9.42,-40.5
2016,300,0.0,0.59,0.21,36.95,44.16,4.71,28.41,12.95,Juazeiro,BA,Nordeste,-9.42,-40.5
2016,301,0.0,0.59,0.21,36.87,44.78,4.21,28.92,13.11,Juazeiro,BA,Nordeste,-9.42,-40.5
2016,302,0.0,0.59,0.2,36.93,42.1,3.65,28.11,12.76,Juazeiro,BA,Nordeste,-9.42,-40.5
2016,303,0.0,0.59,0.2,37.69,39.14,4.42,28.9,13.09,Juazeiro,BA,Nordeste,-9.42,-40.5
2016,304,0.0,0.59,0.2,36.39,47.26,6.1,22.63,10.54,Juazeiro,BA,Nordeste,-9.42,-40.5
2016,305,0.0,0.59,0.19,36.37,46.66,5.79,28.42,13.02,Juazeiro,BA,Nordeste,-9.42,-40.5
2016,306,0.0,0.59,0.19,36.2,46.88,5.85,27.83,12.74,Juazeiro,BA,Nordeste,-9.42,-40.5
2016,307,0.13,0.59,0.19,36.52,46.64,6.1,28.58,13.05,Juazeiro,BA,Nordeste,-9.42,-40.5
2016,308,0.0,0.59,0.19,35.81,50.42,6.15,23.12,10.75,Juazeiro,BA,Nordeste,-9.42,-40.5
2016,309,0.0,0.59,0.19,36.04,46.34,6.04,26.96,12.43,Juazeiro,BA,Nordeste,-9.42,-40.5
2016,310,0.02,0.59,0.19,35.68,50.62,6.3,24.17,11.27,Juazeiro,BA,Nordeste,-9.42,-40.5
2016,311,0.0,0.59,0.18,35.51,52.69,6.31,27.29,12.56,Juazeiro,BA,Nordeste,-9.42,-40.5
2016,312,0.02,0.59,0.18,36.04,48.54,5.44,23.42,11.0,Juazeiro,BA,Nordeste,-9.42,-40.5
2016,313,0.0,0.59,0.18,36.2,45.14,4.57,25.49,11.76,Juazeiro,BA,Nordeste,-9.42,-40.5
2016,314,0.0,0.59,0.18,36.62,47.56,4.73,21.82,10.32,Juazeiro,BA,Nordeste,-9.42,-40.5
2016,315,0.15,0.59,0.18,36.2,46.96,4.45,19.65,9.36,Juazeiro,BA,Nordeste,-9.42,-40.5
2016,316,0.02,0.59,0.18,35.4,47.54,3.76,21.21,10.16,Juazeiro,BA,Nordeste,-9.42,-40.5
2016,317,0.24,0.59,0.18,32.77,53.36,3.16,19.43,9.34,Juazeiro,BA,Nordeste,-9.42,-40.5
2016,318,0.37,0.59,0.19,34.92,52.85,3.25,19.7,9.58,Juazeiro,BA,Nordeste,-9.42,-40.5
2016,319,0.92,0.59,0.2,32.68,53.69,3.13,22.45,10.7,Juazeiro,BA,Nordeste,-9.42,-40.5
2016,320,1.44,0.59,0.24,35.91,49.21,2.55,18.87,9.19,Juazeiro,BA,Nordeste,-9.42,-40.5
2016,321,3.47,0.6,0.34,31.86,62.19,2.65,18.69,9.15,Juazeiro,BA,Nordeste,-9.42,-40.5
2016,322,0.77,0.6,0.4,34.41,56.98,3.0,20.12,9.84,Juazeiro,BA,Nordeste,-9.42,-40.5
2016,323,0.09,0.6,0.37,36.67,48.88,2.76,26.75,12.59,Juazeiro,BA,Nordeste,-9.42,-40.5
2016,324,2.13,0.6,0.36,36.52,48.9,2.55,18.86,9.15,Juazeiro,BA,Nordeste,-9.42,-40.5
2016,325,3.92,0.61,0.45,34.17,58.73,2.16,17.49,8.65,Juazeiro,BA,Nordeste,-9.42,-40.5
2016,326,1.2,0.61,0.47,35.28,53.62,4.46,17.92,8.65,Juazeiro,BA,Nordeste,-9.42,-40.5
2016,327,0.0,0.61,0.43,37.05,48.72,3.65,25.42,11.82,Juazeiro,BA,Nordeste,-9.42,-40.5
2016,328,0.0,0.6,0.39,37.81,43.27,3.67,28.07,13.01,Juazeiro,BA,Nordeste,-9.42,-40.5
2016,329,0.0,0.6,0.36,38.48,40.54,3.67,28.45,13.19,Juazeiro,BA,Nordeste,-9.42,-40.5
2016,330,0.0,0.6,0.32,38.37,37.75,4.56,29.2,13.46,Juazeiro,BA,Nordeste,-9.42,-40.5
2016,331,0.0,0.6,0.3,37.0,41.39,4.69,29.73,13.51,Juazeiro,BA,Nordeste,-9.42,-40.5
2016,332,0.0,0.6,0.29,36.81,41.87,4.06,28.96,13.29,Juazeiro,BA,Nordeste,-9.42,-40.5
2016,333,0.0,0.6,0.28,37.05,41.14,3.79,29.07,13.32,Juazeiro,BA,Nordeste,-9.42,-40.5
2016,334,0.0,0.6,0.27,38.22,35.25,3.39,29.5,13.45,Juazeiro,BA,Nordeste,-9.42,-40.5
2016,335,0.0,0.6,0.25,37.93,38.32,2.91,26.69,12.31,Juazeiro,BA,Nordeste,-9.42,-40.5
2016,336,0.0,0.59,0.24,37.11,40.7,4.29,24.9,11.59,Juazeiro,BA,Nordeste,-9.42,-40.5
2016,337,0.01,0.59,0.24,37.37,44.71,4.3,21.81,10.25,Juazeiro,BA,Nordeste,-9.42,-40.5
2016,338,0.0,0.59,0.23,37.02,44.86,3.57,26.87,12.49,Juazeiro,BA,Nordeste,-9.42,-40.5
2016,339,0.0,0.59,0.23,38.45,38.54,3.51,27.24,12.71,Juazeiro,BA,Nordeste,-9.42,-40.5
2016,340,0.0,0.59,0.22,38.49,37.63,2.51,25.85,12.07,Juazeiro,BA,Nordeste,-9.42,-40.5
2016,341,0.0,0.59,0.22,38.5,35.81,2.4,26.15,12.21,Juazeiro,BA,Nordeste,-9.42,-40.5
2016,342,0.11,0.59,0.21,38.13,38.08,2.75,24.87,11.65,Juazeiro,BA,Nordeste,-9.42,-40.5
2016,343,0.55,0.59,0.21,38.29,44.64,2.49,24.47,11.46,Juazeiro,BA,Nordeste,-9.42,-40.5
2016,344,0.45,0.59,0.23,37.93,41.51,2.69,22.98,10.81,Juazeiro,BA,Nordeste,-9.42,-40.5
2016,345,0.27,0.59,0.23,38.24,40.44,2.7,23.89,11.11,Juazeiro,BA,Nordeste,-9.42,-40.5
2016,346,0.08,0.59,0.23,36.9,43.29,2.58,24.24,11.36,Juazeiro,BA,Nordeste,-9.42,-40.5
2016,347,0.99,0.59,0.24,37.71,46.81,2.45,24.52,11.59,Juazeiro,BA,Nordeste,-9.42,-40.5
2016,348,4.77,0.6,0.33,34.51,57.18,2.99,17.2,8.46,Juazeiro,BA,Nordeste,-9.42,-40.5
2016,349,1.63,0.6,0.44,34.44,52.96,2.52,23.52,11.05,Juazeiro,BA,Nordeste,-9.42,-40.5
2016,350,0.3,0.6,0.41,35.38,48.02,3.5,24.91,11.68,Juazeiro,BA,Nordeste,-9.42,-40.5
2016,351,1.6,0.6,0.41,34.31,50.13,5.13,19.44,9.4,Juazeiro,BA,Nordeste,-9.42,-40.5
2016,352,1.36,0.6,0.4,35.02,52.17,5.0,22.01,10.49,Juazeiro,BA,Nordeste,-9.42,-40.5
2016,353,0.19,0.6,0.4,32.8,53.24,4.83,18.35,9.01,Juazeiro,BA,Nordeste,-9.42,-40.5
2016,354,0.59,0.6,0.38,34.34,49.96,4.65,19.01,9.26,Juazeiro,BA,Nordeste,-9.42,-40.5
2016,355,0.38,0.6,0.37,35.12,54.02,5.42,21.78,10.47,Juazeiro,BA,Nordeste,-9.42,-40.5
2016,356,0.11,0.6,0.35,36.19,53.4,5.57,21.58,10.37,Juazeiro,BA,Nordeste,-9.42,-40.5
2016,357,0.01,0.6,0.34,36.63,50.34,5.52,23.93,11.47,Juazeiro,BA,Nordeste,-9.42,-40.5
2016,358,0.24,0.6,0.32,36.45,50.12,5.37,24.37,11.56,Juazeiro,BA,Nordeste,-9.42,-40.5
2016,359,0.25,0.6,0.31,36.3,47.16,4.57,26.11,12.3,Juazeiro,BA,Nordeste,-9.42,-40.5
2016,360,0.0,0.6,0.3,37.1,44.73,3.62,25.38,11.88,Juazeiro,BA,Nordeste,-9.42,-40.5
2016,361,0.91,0.6,0.3,36.71,47.68,3.92,24.87,11.74,Juazeiro,BA,Nordeste,-9.42,-40.5
2016,362,0.11,0.6,0.3,37.87,46.54,4.99,26.71,12.44,Juazeiro,BA,Nordeste,-9.42,-40.5
2016,363,0.0,0.6,0.29,35.56,47.44,5.31,20.74,10.15,Juazeiro,BA,Nordeste,-9.42,-40.5
2016,364,0.01,0.6,0.28,34.56,50.8,4.93,20.59,10.05,Juazeiro,BA,Nordeste,-9.42,-40.5
2016,365,0.0,0.6,0.28,36.53,44.81,4.87,23.51,11.1,Juazeiro,BA,Nordeste,-9.42,-40.5
2016,366,0.0,0.6,0.27,37.16,44.14,4.72,25.93,12.11,Juazeiro,BA,Nordeste,-9.42,-40.5
2017,1,0.0,0.6,0.26,37.41,46.04,4.8,27.21,12.77,Juazeiro,BA,Nordeste,-9.42,-40.5
2017,2,0.0,0.6,0.25,37.54,44.39,3.93,25.92,12.15,Juazeiro,BA,Nordeste,-9.42,-40.5
2017,3,0.0,0.59,0.24,35.19,45.62,3.06,25.53,12.02,Juazeiro,BA,Nordeste,-9.42,-40.5
2017,4,0.0,0.59,0.24,37.07,44.03,4.18,24.18,11.5,Juazeiro,BA,Nordeste,-9.42,-40.5
2017,5,0.0,0.59,0.23,37.03,44.47,5.17,25.67,12.05,Juazeiro,BA,Nordeste,-9.42,-40.5
2017,6,0.0,0.59,0.23,36.6,43.22,4.91,23.29,10.92,Juazeiro,BA,Nordeste,-9.42,-40.5
2017,7,0.0,0.59,0.22,36.4,44.26,4.6,28.73,13.22,Juazeiro,BA,Nordeste,-9.42,-40.5
2017,8,0.0,0.59,0.22,36.16,42.36,4.17,27.25,12.53,Juazeiro,BA,Nordeste,-9.42,-40.5
2017,9,0.0,0.59,0.22,36.46,41.67,3.51,27.11,12.47,Juazeiro,BA,Nordeste,-9.42,-40.5
2017,10,0.03,0.59,0.21,36.51,48.21,3.43,23.78,11.25,Juazeiro,BA,Nordeste,-9.42,-40.5
2017,11,1.16,0.59,0.23,30.8,60.21,2.38,18.1,8.96,Juazeiro,BA,Nordeste,-9.42,-40.5
2017,12,0.02,0.59,0.24,33.23,54.32,2.42,24.23,11.65,Juazeiro,BA,Nordeste,-9.42,-40.5
2017,13,0.0,0.59,0.24,37.23,45.39,3.59,22.67,10.79,Juazeiro,BA,Nordeste,-9.42,-40.5
2017,14,0.0,0.59,0.23,37.03,44.2,2.71,27.14,12.62,Juazeiro,BA,Nordeste,-9.42,-40.5
2017,15,0.0,0.59,0.23,36.72,45.15,3.43,23.3,11.0,Juazeiro,BA,Nordeste,-9.42,-40.5
2017,16,0.0,0.59,0.22,37.16,44.18,4.1,24.89,11.61,Juazeiro,BA,Nordeste,-9.42,-40.5
2017,17,0.0,0.59,0.22,36.25,42.84,3.94,27.06,12.48,Juazeiro,BA,Nordeste,-9.42,-40.5
2017,18,0.42,0.59,0.22,36.59,46.98,3.38,26.32,12.24,Juazeiro,BA,Nordeste,-9.42,-40.5
2017,19,0.12,0.59,0.22,37.16,44.98,4.42,22.06,10.55,Juazeiro,BA,Nordeste,-9.42,-40.5
2017,20,0.01,0.59,0.22,36.29,43.29,4.02,27.22,12.66,Juazeiro,BA,Nordeste,-9.42,-40.5
2017,21,0.0,0.59,0.22,37.25,44.29,3.92,26.82,12.44,Juazeiro,BA,Nordeste,-9.42,-40.5
2017,22,0.0,0.59,0.21,37.57,41.88,3.79,23.19,10.83,Juazeiro,BA,Nordeste,-9.42,-40.5
2017,23,0.0,0.59,0.21,38.16,43.22,4.22,25.09,11.66,Juazeiro,BA,Nordeste,-9.42,-40.5
2017,24,0.04,0.59,0.2,36.96,45.48,4.11,22.17,10.58,Juazeiro,BA,Nordeste,-9.42,-40.5
2017,25,0.02,0.59,0.2,35.61,47.77,3.78,21.03,9.99,Juazeiro,BA,Nordeste,-9.42,-40.5
2017,26,0.0,0.59,0.2,36.58,41.95,3.34,27.32,12.65,Juazeiro,BA,Nordeste,-9.42,-40.5
2017,27,0.0,0.59,0.2,35.76,43.38,4.06,22.39,10.56,Juazeiro,BA,Nordeste,-9.42,-40.5
2017,28,0.02,0.59,0.2,36.76,49.52,5.08,21.25,10.19,Juazeiro,BA,Nordeste,-9.42,-40.5
2017,29,0.0,0.59,0.19,36.89,42.57,4.7,28.36,12.98,Juazeiro,BA,Nordeste,-9.42,-40.5
2017,30,0.0,0.59,0.19,37.3,42.32,3.95,28.47,13.03,Juazeiro,BA,Nordeste,-9.42,-40.5
2017,31,0.0,0.59,0.19,36.84,44.32,3.8,27.16,12.62,Juazeiro,BA,Nordeste,-9.42,-40.5
2017,32,0.1,0.59,0.19,36.88,46.07,3.41,22.73,10.67,Juazeiro,BA,Nordeste,-9.42,-40.5
2017,33,2.48,0.59,0.23,33.6,55.88,2.8,20.39,9.72,Juazeiro,BA,Nordeste,-9.42,-40.5
2017,34,0.65,0.6,0.28,35.59,53.9,2.27,22.71,10.74,Juazeiro,BA,Nordeste,-9.42,-40.5
2017,35,0.0,0.6,0.27,37.54,43.84,3.29,25.72,12.04,Juazeiro,BA,Nordeste,-9.42,-40.5
2017,36,0.0,0.6,0.26,37.64,44.73,3.01,25.7,11.93,Juazeiro,BA,Nordeste,-9.42,-40.5
2017,37,0.0,0.6,0.25,37.73,44.52,3.38,25.14,11.79,Juazeiro,BA,Nordeste,-9.42,-40.5
2017,38,2.6,0.6,0.27,37.33,49.17,2.83,22.34,10.67,Juazeiro,BA,Nordeste,-9.42,-40.5
2017,39,3.62,0.6,0.42,35.24,58.14,1.86,23.48,11.24,Juazeiro,BA,Nordeste,-9.42,-40.5
2017,40,1.81,0.6,0.43,33.89,64.02,2.98,21.12,10.2,Juazeiro,BA,Nordeste,-9.42,-40.5
2017,41,5.23,0.61,0.52,27.85,76.82,2.47,14.76,7.57,Juazeiro,BA,Nordeste,-9.42,-40.5
2017,42,0.49,0.61,0.51,31.05,65.33,1.78,21.05,10.26,Juazeiro,BA,Nordeste,-9.42,-40.5
2017,43,0.45,0.61,0.49,33.37,53.35,2.84,18.01,8.84,Juazeiro,BA,Nordeste,-9.42,-40.5
2017,44,0.17,0.61,0.45,33.75,49.14,3.78,19.16,9.39,Juazeiro,BA,Nordeste,-9.42,-40.5
2017,45,0.05,0.6,0.43,28.26,60.98,3.71,10.97,5.87,Juazeiro,BA,Nordeste,-9.42,-40.5
2017,46,0.0,0.6,0.41,35.41,50.73,4.56,20.25,9.81,Juazeiro,BA,Nordeste,-9.42,-40.5
2017,47,0.0,0.6,0.38,36.43,49.46,3.73,20.97,10.22,Juazeiro,BA,Nordeste,-9.42,-40.5
2017,48,0.0,0.6,0.35,32.47,50.58,3.03,21.61,10.33,Juazeiro,BA,Nordeste,-9.42,-40.5
2017,49,0.0,0.6,0.34,35.07,48.63,2.77,19.65,9.55,Juazeiro,BA,Nordeste,-9.42,-40.5
2017,50,0.0,0.6,0.32,36.52,44.03,3.82,25.29,11.79,Juazeiro,BA,Nordeste,-9.42,-40.5
2017,51,19.78,0.61,0.47,35.34,58.91,4.12,21.98,10.55,Juazeiro,BA,Nordeste,-9.42,-40.5
2017,52,12.31,0.64,0.68,32.56,71.11,3.84,21.2,10.25,Juazeiro,BA,Nordeste,-9.42,-40.5
2017,53,0.14,0.65,0.63,33.74,62.22,4.06,20.52,9.87,Juazeiro,BA,Nordeste,-9.42,-40.5
2017,54,0.0,0.63,0.61,34.49,58.56,3.23,26.13,12.25,Juazeiro,BA,Nordeste,-9.42,-40.5
2017,55,0.0,0.63,0.6,34.35,59.88,2.97,25.18,11.89,Juazeiro,BA,Nordeste,-9.42,-40.5
2017,56,0.01,0.62,0.6,35.41,57.71,2.63,24.47,11.57,Juazeiro,BA,Nordeste,-9.42,-40.5
2017,57,0.04,0.62,0.58,35.77,56.93,2.32,22.1,10.54,Juazeiro,BA,Nordeste,-9.42,-40.5
2017,58,0.76,0.61,0.55,35.89,55.33,2.81,25.32,11.82,Juazeiro,BA,Nordeste,-9.42,-40.5
2017,59,3.09,0.61,0.54,34.7,61.95,2.95,18.6,9.14,Juazeiro,BA,Nordeste,-9.42,-40.5
2017,60,4.88,0.62,0.62,26.98,79.17,1.81,16.96,8.58,Juazeiro,BA,Nordeste,-9.42,-40.5
2017,61,0.02,0.62,0.58,35.66,54.5,3.1,22.71,10.81,Juazeiro,BA,Nordeste,-9.42,-40.5
2017,62,0.0,0.61,0.54,35.55,52.23,3.17,24.23,11.41,Juazeiro,BA,Nordeste,-9.42,-40.5
2017,63,0.0,0.61,0.5,35.87,51.11,3.26,27.72,12.9,Juazeiro,BA,Nordeste,-9.42,-40.5
2017,64,0.0,0.61,0.46,36.91,46.17,2.84,26.76,12.43,Juazeiro,BA,Nordeste,-9.42,-40.5
2017,65,0.0,0.6,0.42,36.6,48.26,2.84,25.04,11.67,Juazeiro,BA,Nordeste,-9.42,-40.5
2017,66,0.01,0.6,0.4,32.96,53.24,2.77,20.96,10.09,Juazeiro,BA,Nordeste,-9.42,-40.5
2017,67,0.1,0.6,0.39,34.37,55.38,2.7,20.0,9.77,Juazeiro,BA,Nordeste,-9.42,-40.5
2017,68,0.42,0.6,0.39,32.8,60.47,2.96,19.05,9.21,Juazeiro,BA,Nordeste,-9.42,-40.5
2017,69,0.0,0.6,0.38,35.76,47.4,3.72,26.25,12.09,Juazeiro,BA,Nordeste,-9.42,-40.5
2017,70,0.0,0.6,0.36,36.17,48.24,3.55,24.41,11.44,Juazeiro,BA,Nordeste,-9.42,-40.5
2017,71,0.0,0.6,0.35,31.17,55.55,3.33,14.19,7.03,Juazeiro,BA,Nordeste,-9.42,-40.5
2017,72,0.0,0.6,0.34,35.05,52.34,2.79,17.61,8.64,Juazeiro,BA,Nordeste,-9.42,-40.5
2017,73,0.01,0.6,0.34,33.4,52.93,3.36,18.59,9.12,Juazeiro,BA,Nordeste,-9.42,-40.5
2017,74,0.01,0.6,0.33,35.88,48.84,4.36,19.2,9.27,Juazeiro,BA,Nordeste,-9.42,-40.5
2017,75,0.26,0.6,0.32,36.62,51.44,3.64,19.98,9.63,Juazeiro,BA,Nordeste,-9.42,-40.5
2017,76,2.0,0.6,0.33,32.89,64.31,3.09,19.7,9.65,Juazeiro,BA,Nordeste,-9.42,-40.5
2017,77,3.58,0.61,0.48,26.77,76.0,1.64,11.06,5.9,Juazeiro,BA,Nordeste,-9.42,-40.5
2017,78,0.06,0.61,0.47,35.35,56.4,2.62,23.87,11.36,Juazeiro,BA,Nordeste,-9.42,-40.5
2017,79,0.0,0.6,0.42,36.34,51.18,3.26,25.54,11.95,Juazeiro,BA,Nordeste,-9.42,-40.5
2017,80,0.0,0.6,0.39,37.08,48.19,3.57,26.6,12.41,Juazeiro,BA,Nordeste,-9.42,-40.5
2017,81,0.0,0.6,0.36,36.55,49.74,4.08,26.91,12.51,Juazeiro,BA,Nordeste,-9.42,-40.5
2017,82,0.01,0.6,0.35,36.46,54.28,4.16,22.68,10.8,Juazeiro,BA,Nordeste,-9.42,-40.5
2017,83,0.0,0.6,0.33,36.75,50.0,4.0,21.36,10.32,Juazeiro,BA,Nordeste,-9.42,-40.5
2017,84,0.13,0.6,0.32,36.67,51.65,3.8,22.37,10.57,Juazeiro,BA,Nordeste,-9.42,-40.5
2017,85,0.02,0.6,0.31,37.03,46.96,3.4,23.73,11.21,Juazeiro,BA,Nordeste,-9.42,-40.5
2017,86,0.01,0.6,0.3,37.66,44.14,2.73,21.81,10.29,Juazeiro,BA,Nordeste,-9.42,-40.5
2017,87,0.38,0.6,0.29,37.07,47.61,2.12,21.84,10.35,Juazeiro,BA,Nordeste,-9.42,-40.5
2017,88,0.93,0.6,0.3,35.52,54.83,1.17,18.4,8.98,Juazeiro,BA,Nordeste,-9.42,-40.5
2017,89,9.12,0.61,0.46,29.9,71.95,1.73,13.92,6.98,Juazeiro,BA,Nordeste,-9.42,-40.5
2017,90,7.87,0.62,0.63,34.18,72.47,2.87,18.15,8.88,Juazeiro,BA,Nordeste,-9.42,-40.5
2017,91,2.66,0.63,0.62,33.37,69.91,2.09,15.04,7.51,Juazeiro,BA,Nordeste,-9.42,-40.5
2017,92,7.84,0.63,0.64,30.89,75.47,2.29,15.87,8.07,Juazeiro,BA,Nordeste,-9.42,-40.5
2017,93,1.39,0.63,0.62,32.54,68.38,3.72,18.03,8.82,Juazeiro,BA,Nordeste,-9.42,-40.5
2017,94,0.13,0.62,0.6,34.66,60.03,3.61,23.73,11.3,Juazeiro,BA,Nordeste,-9.42,-40.5
2017,95,0.1,0.62,0.59,34.59,60.88,3.98,18.56,8.95,Juazeiro,BA,Nordeste,-9.42,-40.5
2017,96,0.03,0.61,0.56,35.0,58.9,4.32,20.77,9.97,Juazeiro,BA,Nordeste,-9.42,-40.5
2017,97,0.0,0.61,0.53,34.14,56.05,3.72,23.53,11.01,Juazeiro,BA,Nordeste,-9.42,-40.5
2017,98,0.0,0.61,0.49,35.3,53.72,4.28,22.96,10.76,Juazeiro,BA,Nordeste,-9.42,-40.5
2017,99,0.07,0.61,0.45,34.79,56.38,3.78,20.4,9.85,Juazeiro,BA,Nordeste,-9.42,-40.5
2017,100,0.0,0.6,0.42,35.61,52.35,3.61,24.15,11.26,Juazeiro,BA,Nordeste,-9.42,-40.5
2017,101,0.01,0.6,0.39,35.56,53.56,3.36,18.87,9.05,Juazeiro,BA,Nordeste,-9.42,-40.5
2017,102,0.06,0.6,0.37,35.24,53.59,3.11,19.93,9.47,Juazeiro,BA,Nordeste,-9.42,-40.5
2017,103,0.5,0.6,0.36,36.11,53.29,3.93,16.37,8.07,Juazeiro,BA,Nordeste,-9.42,-40.5
2017,104,1.21,0.6,0.37,34.79,65.12,4.85,18.42,9.03,Juazeiro,BA,Nordeste,-9.42,-40.5
2017,105,0.15,0.6,0.38,35.67,60.4,5.2,15.31,7.68,Juazeiro,BA,Nordeste,-9.42,-40.5
2017,106,0.22,0.6,0.36,35.63,59.68,4.66,16.87,8.28,Juazeiro,BA,Nordeste,-9.42,-40.5
2017,107,0.05,0.6,0.35,35.71,57.66,3.82,19.65,9.48,Juazeiro,BA,Nordeste,-9.42,-40.5
2017,108,0.0,0.6,0.34,36.66,51.16,3.8,24.1,11.31,Juazeiro,BA,Nordeste,-9.42,-40.5
2017,109,0.0,0.6,0.33,35.77,51.61,4.82,23.65,11.05,Juazeiro,BA,Nordeste,-9.42,-40.5
2017,110,0.01,0.6,0.32,35.73,55.13,4.86,17.1,8.22,Juazeiro,BA,Nordeste,-9.42,-40.5
2017,111,0.02,0.6,0.31,35.75,54.04,3.87,21.8,10.32,Juazeiro,BA,Nordeste,-9.42,-40.5
2017,112,0.0,0.6,0.3,36.55,49.71,2.64,22.47,10.49,Juazeiro,BA,Nordeste,-9.42,-40.5
2017,113,0.0,0.6,0.3,36.74,48.84,2.86,20.21,9.5,Juazeiro,BA,Nordeste,-9.42,-40.5
2017,114,0.0,0.6,0.29,36.56,47.52,3.93,17.85,8.55,Juazeiro,BA,Nordeste,-9.42,-40.5
2017,115,0.0,0.6,0.28,36.09,49.83,4.16,22.24,10.37,Juazeiro,BA,Nordeste,-9.42,-40.5
2017,116,0.0,0.6,0.28,36.07,51.36,3.63,19.21,9.17,Juazeiro,BA,Nordeste,-9.42,-40.5
2017,117,0.0,0.6,0.27,36.85,46.47,3.89,23.75,11.13,Juazeiro,BA,Nordeste,-9.42,-40.5
2017,118,0.0,0.6,0.27,36.67,51.94,4.28,21.03,10.02,Juazeiro,BA,Nordeste,-9.42,-40.5
2017,119,0.05,0.6,0.26,33.18,56.82,5.03,18.53,8.95,Juazeiro,BA,Nordeste,-9.42,-40.5
2017,120,0.01,0.6,0.26,34.77,51.07,4.71,15.99,7.85,Juazeiro,BA,Nordeste,-9.42,-40.5
2017,121,0.04,0.6,0.26,34.08,51.72,4.77,13.63,6.69,Juazeiro,BA,Nordeste,-9.42,-40.5
2017,122,0.07,0.6,0.26,34.14,54.9,4.6,16.14,7.8,Juazeiro,BA,Nordeste,-9.42,-40.5
2017,123,0.01,0.6,0.25,34.91,55.27,4.54,19.88,9.35,Juazeiro,BA,Nordeste,-9.42,-40.5
2017,124,0.95,0.6,0.25,34.15,62.46,5.13,15.54,7.59,Juazeiro,BA,Nordeste,-9.42,-40.5
2017,125,0.24,0.6,0.28,34.09,60.32,4.52,13.96,6.89,Juazeiro,BA,Nordeste,-9.42,-40.5
2017,126,0.08,0.6,0.27,35.16,52.9,4.16,22.56,10.56,Juazeiro,BA,Nordeste,-9.42,-40.5
2017,127,0.0,0.6,0.27,34.07,52.71,3.73,21.79,10.22,Juazeiro,BA,Nordeste,-9.42,-40.5
2017,128,0.0,0.6,0.26,35.39,48.59,3.77,21.84,10.22,Juazeiro,BA,Nordeste,-9.42,-40.5
2017,129,0.0,0.6,0.26,36.01,47.37,3.56,22.42,10.48,Juazeiro,BA,Nordeste,-9.42,-40.5
2017,130,0.04,0.6,0.25,35.75,50.31,3.92,21.67,10.14,Juazeiro,BA,Nordeste,-9.42,-40.5
2017,131,0.0,0.6,0.25,35.1,50.31,4.01,21.69,10.13,Juazeiro,BA,Nordeste,-9.42,-40.5
2017,132,0.0,0.59,0.24,33.95,52.09,4.54,20.33,9.54,Juazeiro,BA,Nordeste,-9.42,-40.5
2017,133,0.01,0.59,0.24,34.31,55.78,4.17,20.22,9.55,Juazeiro,BA,Nordeste,-9.42,-40.5
2017,134,0.0,0.59,0.24,34.98,56.01,2.69,19.75,9.37,Juazeiro,BA,Nordeste,-9.42,-40.5
2017,135,0.0,0.59,0.24,35.45,49.63,1.53,18.51,8.74,Juazeiro,BA,Nordeste,-9.42,-40.5
2017,136,0.01,0.59,0.23,37.28,38.68,1.37,19.34,9.09,Juazeiro,BA,Nordeste,-9.42,-40.5
2017,137,0.15,0.59,0.23,36.16,40.08,2.75,19.28,9.14,Juazeiro,BA,Nordeste,-9.42,-40.5
2017,138,0.28,0.59,0.23,35.16,52.86,3.99,16.12,7.8,Juazeiro,BA,Nordeste,-9.42,-40.5
2017,139,1.59,0.6,0.25,34.3,63.26,4.52,11.77,5.94,Juazeiro,BA,Nordeste,-9.42,-40.5
2017,140,0.73,0.6,0.27,34.25,64.07,4.5,14.63,7.15,Juazeiro,BA,Nordeste,-9.42,-40.5
2017,141,0.12,0.6,0.28,34.61,60.62,5.31,14.15,6.99,Juazeiro,BA,Nordeste,-9.42,-40.5
2017,142,0.1,0.6,0.27,34.76,59.22,5.04,15.59,7.55,Juazeiro,BA,Nordeste,-9.42,-40.5
2017,143,2.14,0.6,0.29,28.57,77.62,3.98,11.02,5.66,Juazeiro,BA,Nordeste,-9.42,-40.5
2017,144,0.27,0.6,0.33,33.11,64.42,4.74,15.27,7.46,Juazeiro,BA,Nordeste,-9.42,-40.5
2017,145,0.09,0.6,0.32,33.14,61.48,5.33,14.37,7.01,Juazeiro,BA,Nordeste,-9.42,-40.5
2017,146,0.05,0.6,0.31,32.87,59.49,4.99,20.51,9.58,Juazeiro,BA,Nordeste,-9.42,-40.5
2017,147,0.21,0.6,0.3,32.4,66.11,4.55,16.84,8.25,Juazeiro,BA,Nordeste,-9.42,-40.5
2017,148,0.23,0.6,0.3,33.13,62.07,5.26,11.42,5.74,Juazeiro,BA,Nordeste,-9.42,-40.5
2017,149,0.09,0.6,0.29,32.18,55.86,4.67,18.67,8.8,Juazeiro,BA,Nordeste,-9.42,-40.5
2017,150,0.0,0.6,0.29,32.76,54.63,4.02,21.94,10.09,Juazeiro,BA,Nordeste,-9.42,-40.5
2017,151,0.27,0.6,0.28,30.68,64.17,3.5,13.85,6.88,Juazeiro,BA,Nordeste,-9.42,-40.5
2017,152,0.51,0.6,0.29,32.95,65.05,3.73,12.46,6.27,Juazeiro,BA,Nordeste,-9.42,-40.5
2017,153,0.13,0.6,0.29,34.78,61.6,3.64,19.28,9.14,Juazeiro,BA,Nordeste,-9.42,-40.5
2017,154,0.12,0.6,0.29,34.56,61.5,4.78,17.82,8.57,Juazeiro,BA,Nordeste,-9.42,-40.5
2017,155,0.09,0.6,0.28,33.14,59.48,5.22,15.78,7.53,Juazeiro,BA,Nordeste,-9.42,-40.5
2017,156,0.1,0.6,0.28,33.12,57.13,4.51,21.01,9.7,Juazeiro,BA,Nordeste,-9.42,-40.5
2017,157,0.01,0.6,0.27,33.01,57.45,4.27,18.43,8.66,Juazeiro,BA,Nordeste,-9.42,-40.5
2017,158,0.14,0.6,0.27,33.0,59.88,4.74,16.07,7.63,Juazeiro,BA,Nordeste,-9.42,-40.5
2017,159,0.01,0.6,0.26,33.2,56.7,3.86,21.29,9.83,Juazeiro,BA,Nordeste,-9.42,-40.5
2017,160,0.0,0.6,0.26,33.47,57.65,3.57,17.01,8.13,Juazeiro,BA,Nordeste,-9.42,-40.5
2017,161,0.0,0.6,0.26,34.33,54.12,2.83,20.79,9.63,Juazeiro,BA,Nordeste,-9.42,-40.5
2017,162,0.0,0.6,0.25,31.77,57.08,3.4,19.25,9.01,Juazeiro,BA,Nordeste,-9.42,-40.5
2017,163,0.03,0.6,0.25,33.25,57.6,4.59,19.65,9.27,Juazeiro,BA,Nordeste,-9.42,-40.5
2017,164,1.38,0.6,0.26,33.1,66.0,4.8,15.13,7.31,Juazeiro,BA,Nordeste,-9.42,-40.5
2017,165,0.39,0.6,0.29,31.58,58.67,4.82,16.53,7.79,Juazeiro,BA,Nordeste,-9.42,-40.5
2017,166,0.01,0.6,0.29,32.06,53.86,4.31,21.13,9.75,Juazeiro,BA,Nordeste,-9.42,-40.5
2017,167,0.27,0.6,0.28,31.58,61.68,4.63,11.61,5.75,Juazeiro,BA,Nordeste,-9.42,-40.5
2017,168,2.35,0.6,0.3,30.64,68.21,5.03,18.97,8.9,Juazeiro,BA,Nordeste,-9.42,-40.5
2017,169,1.52,0.6,0.36,29.61,73.82,4.91,14.1,6.88,Juazeiro,BA,Nordeste,-9.42,-40.5
2017,170,0.39,0.6,0.39,30.26,69.35,4.62,11.52,5.71,Juazeiro,BA,Nordeste,-9.42,-40.5
2017,171,0.35,0.6,0.37,30.78,67.87,4.49,16.87,8.0,Juazeiro,BA,Nordeste,-9.42,-40.5
2017,172,0.14,0.6,0.36,30.34,66.68,5.52,13.63,6.63,Juazeiro,BA,Nordeste,-9.42,-40.5
2017,173,0.06,0.6,0.35,30.35,64.69,5.05,15.2,7.27,Juazeiro,BA,Nordeste,-9.42,-40.5
2017,174,0.3,0.6,0.34,30.64,68.2,5.26,12.89,6.32,Juazeiro,BA,Nordeste,-9.42,-40.5
2017,175,0.06,0.6,0.34,30.98,65.62,4.96,12.67,6.28,Juazeiro,BA,Nordeste,-9.42,-40.5
2017,176,0.31,0.6,0.33,30.76,66.22,4.79,13.94,6.82,Juazeiro,BA,Nordeste,-9.42,-40.5
2017,177,0.39,0.6,0.33,30.34,67.17,5.43,14.94,7.29,Juazeiro,BA,Nordeste,-9.42,-40.5
2017,178,0.07,0.6,0.33,30.61,62.45,5.35,14.13,6.85,Juazeiro,BA,Nordeste,-9.42,-40.5
2017,179,0.1,0.6,0.32,30.97,63.25,4.83,17.04,8.08,Juazeiro,BA,Nordeste,-9.42,-40.5
2017,180,0.06,0.6,0.31,31.14,64.76,5.47,14.47,7.12,Juazeiro,BA,Nordeste,-9.42,-40.5
2017,181,0.99,0.6,0.31,30.24,70.42,4.99,12.6,6.32,Juazeiro,BA,Nordeste,-9.42,-40.5
2017,182,0.37,0.6,0.33,30.55,67.37,4.73,12.16,6.23,Juazeiro,BA,Nordeste,-9.42,-40.5
2017,183,0.15,0.6,0.32,31.4,60.57,5.15,16.93,8.16,Juazeiro,BA,Nordeste,-9.42,-40.5
2017,184,0.83,0.6,0.32,29.54,67.11,6.62,15.02,7.33,Juazeiro,BA,Nordeste,-9.42,-40.5
2017,185,0.23,0.6,0.33,27.87,63.55,7.02,12.04,5.97,Juazeiro,BA,Nordeste,-9.42,-40.5
2017,186,0.06,0.6,0.33,28.34,62.72,6.13,15.41,7.51,Juazeiro,BA,Nordeste,-9.42,-40.5
2017,187,0.01,0.6,0.32,29.97,62.79,5.4,18.07,8.63,Juazeiro,BA,Nordeste,-9.42,-40.5
2017,188,0.04,0.6,0.31,30.54,62.79,5.44,12.56,6.25,Juazeiro,BA,Nordeste,-9.42,-40.5
2017,189,0.49,0.6,0.31,29.7,64.22,5.86,13.32,6.55,Juazeiro,BA,Nordeste,-9.42,-40.5
2017,190,0.46,0.6,0.32,28.15,63.33,5.32,14.88,7.22,Juazeiro,BA,Nordeste,-9.42,-40.5
2017,191,0.41,0.6,0.32,31.1,62.05,4.67,18.54,8.81,Juazeiro,BA,Nordeste,-9.42,-40.5
2017,192,0.52,0.6,0.32,30.19,66.49,5.93,12.13,6.02,Juazeiro,BA,Nordeste,-9.42,-40.5
2017,193,0.08,0.6,0.32,30.02,60.35,5.66,17.17,8.12,Juazeiro,BA,Nordeste,-9.42,-40.5
2017,194,0.27,0.6,0.32,29.37,64.88,5.33,14.29,7.01,Juazeiro,BA,Nordeste,-9.42,-40.5
2017,195,0.13,0.6,0.31,29.5,62.8,5.28,16.14,7.78,Juazeiro,BA,Nordeste,-9.42,-40.5
2017,196,0.49,0.6,0.31,29.61,62.72,5.08,16.06,7.76,Juazeiro,BA,Nordeste,-9.42,-40.5
2017,197,0.31,0.6,0.31,29.84,59.62,5.02,21.64,10.02,Juazeiro,BA,Nordeste,-9.42,-40.5
2017,198,0.01,0.6,0.31,30.02,60.46,5.01,15.94,7.63,Juazeiro,BA,Nordeste,-9.42,-40.5
2017,199,0.18,0.6,0.31,29.58,61.29,4.25,16.33,7.91,Juazeiro,BA,Nordeste,-9.42,-40.5
2017,200,0.06,0.6,0.3,30.55,58.97,4.3,20.24,9.44,Juazeiro,BA,Nordeste,-9.42,-40.5
2017,201,0.14,0.6,0.29,29.54,65.02,5.06,12.46,6.33,Juazeiro,BA,Nordeste,-9.42,-40.5
2017,202,0.1,0.6,0.29,31.71,64.17,5.34,19.91,9.5,Juazeiro,BA,Nordeste,-9.42,-40.5
2017,203,0.0,0.6,0.28,31.59,58.81,4.75,16.88,8.25,Juazeiro,BA,Nordeste,-9.42,-40.5
2017,204,0.02,0.6,0.28,31.49,59.82,5.45,18.2,8.72,Juazeiro,BA,Nordeste,-9.42,-40.5
2017,205,0.42,0.6,0.28,31.22,63.0,5.77,13.16,6.62,Juazeiro,BA,Nordeste,-9.42,-40.5
2017,206,0.26,0.6,0.28,29.96,61.08,6.19,20.45,9.57,Juazeiro,BA,Nordeste,-9.42,-40.5
2017,207,0.49,0.6,0.28,30.0,63.18,5.95,16.9,8.05,Juazeiro,BA,Nordeste,-9.42,-40.5
2017,208,0.43,0.6,0.29,29.52,61.68,5.67,15.43,7.52,Juazeiro,BA,Nordeste,-9.42,-40.5
2017,209,0.19,0.6,0.29,30.52,62.47,5.33,19.23,9.02,Juazeiro,BA,Nordeste,-9.42,-40.5
2017,210,0.34,0.6,0.29,29.67,59.09,6.17,22.32,10.31,Juazeiro,BA,Nordeste,-9.42,-40.5
2017,211,1.23,0.6,0.31,29.28,68.16,6.13,13.49,6.73,Juazeiro,BA,Nordeste,-9.42,-40.5
2017,212,0.18,0.6,0.32,29.14,63.04,5.06,18.34,8.7,Juazeiro,BA,Nordeste,-9.42,-40.5
2017,213,0.05,0.6,0.31,30.54,63.42,4.58,19.85,9.34,Juazeiro,BA,Nordeste,-9.42,-40.5
2017,214,0.0,0.6,0.3,31.73,60.18,4.49,19.26,9.19,Juazeiro,BA,Nordeste,-9.42,-40.5
2017,215,0.0,0.6,0.29,32.87,57.45,3.78,21.99,10.22,Juazeiro,BA,Nordeste,-9.42,-40.5
2017,216,0.0,0.6,0.28,34.32,52.04,3.03,23.59,10.91,Juazeiro,BA,Nordeste,-9.42,-40.5
2017,217,0.0,0.6,0.27,34.65,49.82,4.3,23.63,10.87,Juazeiro,BA,Nordeste,-9.42,-40.5
2017,218,0.0,0.6,0.27,32.8,58.37,5.36,22.38,10.42,Juazeiro,BA,Nordeste,-9.42,-40.5
2017,219,0.0,0.6,0.26,32.07,56.68,5.65,16.7,8.03,Juazeiro,BA,Nordeste,-9.42,-40.5
2017,220,0.0,0.6,0.26,31.94,53.88,5.15,23.18,10.73,Juazeiro,BA,Nordeste,-9.42,-40.5
2017,221,0.0,0.6,0.25,33.31,54.76,3.62,23.31,10.81,Juazeiro,BA,Nordeste,-9.42,-40.5
2017,222,0.0,0.59,0.25,34.47,51.63,3.21,24.14,11.13,Juazeiro,BA,Nordeste,-9.42,-40.5
2017,223,0.0,0.59,0.24,33.87,48.68,4.3,24.44,11.14,Juazeiro,BA,Nordeste,-9.42,-40.5
2017,224,0.0,0.59,0.24,32.12,53.42,4.91,22.42,10.41,Juazeiro,BA,Nordeste,-9.42,-40.5
2017,225,0.0,0.59,0.23,32.87,52.49,4.36,24.08,11.1,Juazeiro,BA,Nordeste,-9.42,-40.5
2017,226,0.0,0.59,0.23,32.53,52.91,4.56,23.81,10.87,Juazeiro,BA,Nordeste,-9.42,-40.5
2017,227,0.02,0.59,0.23,32.36,53.25,4.76,24.23,11.04,Juazeiro,BA,Nordeste,-9.42,-40.5
2017,228,0.11,0.59,0.22,32.24,52.37,4.16,22.48,10.37,Juazeiro,BA,Nordeste,-9.42,-40.5
2017,229,0.0,0.59,0.22,33.51,53.02,3.76,22.64,10.5,Juazeiro,BA,Nordeste,-9.42,-40.5
2017,230,0.0,0.59,0.22,34.17,51.7,4.54,22.08,10.24,Juazeiro,BA,Nordeste,-9.42,-40.5
2017,231,0.0,0.59,0.22,33.44,54.37,5.17,22.52,10.51,Juazeiro,BA,Nordeste,-9.42,-40.5
2017,232,0.0,0.59,0.21,33.52,52.57,4.4,14.28,7.17,Juazeiro,BA,Nordeste,-9.42,-40.5
2017,233,0.0,0.59,0.21,34.77,54.44,4.3,21.42,10.12,Juazeiro,BA,Nordeste,-9.42,-40.5
2017,234,0.06,0.59,0.21,32.61,55.77,6.69,20.86,9.82,Juazeiro,BA,Nordeste,-9.42,-40.5
2017,235,0.38,0.59,0.21,32.36,61.77,6.38,16.15,7.97,Juazeiro,BA,Nordeste,-9.42,-40.5
2017,236,0.48,0.59,0.22,32.42,62.58,6.38,13.95,7.01,Juazeiro,BA,Nordeste,-9.42,-40.5
2017,237,0.1,0.59,0.23,31.81,55.4,5.84,20.62,9.77,Juazeiro,BA,Nordeste,-9.42,-40.5
2017,238,0.0,0.59,0.22,32.24,51.53,5.23,21.83,10.2,Juazeiro,BA,Nordeste,-9.42,-40.5
2017,239,0.16,0.59,0.22,32.4,54.88,5.2,20.21,9.56,Juazeiro,BA,Nordeste,-9.42,-40.5
2017,240,0.0,0.59,0.22,32.64,54.03,5.2,24.28,11.22,Juazeiro,BA,Nordeste,-9.42,-40.5
2017,241,0.0,0.59,0.22,32.85,50.58,4.9,25.79,11.8,Juazeiro,BA,Nordeste,-9.42,-40.5
2017,242,0.01,0.59,0.21,32.77,52.02,4.57,21.13,10.03,Juazeiro,BA,Nordeste,-9.42,-40.5
2017,243,0.03,0.59,0.21,34.46,49.07,3.8,26.21,11.99,Juazeiro,BA,Nordeste,-9.42,-40.5
2017,244,0.0,0.59,0.21,33.7,51.34,5.37,23.55,10.88,Juazeiro,BA,Nordeste,-9.42,-40.5
2017,245,0.09,0.59,0.21,32.01,52.0,6.24,21.95,10.29,Juazeiro,BA,Nordeste,-9.42,-40.5
2017,246,0.84,0.59,0.21,31.78,58.41,6.79,17.81,8.75,Juazeiro,BA,Nordeste,-9.42,-40.5
2017,247,3.93,0.6,0.34,29.74,65.58,6.97,13.71,7.03,Juazeiro,BA,Nordeste,-9.42,-40.5
2017,248,1.63,0.6,0.41,30.42,66.31,6.2,14.6,7.47,Juazeiro,BA,Nordeste,-9.42,-40.5
2017,249,1.39,0.6,0.43,31.64,68.68,5.68,16.33,8.23,Juazeiro,BA,Nordeste,-9.42,-40.5
2017,250,0.35,0.6,0.42,32.42,64.18,5.68,16.98,8.39,Juazeiro,BA,Nordeste,-9.42,-40.5
2017,251,0.12,0.6,0.39,31.97,61.56,5.66,22.21,10.5,Juazeiro,BA,Nordeste,-9.42,-40.5
2017,252,0.03,0.6,0.37,32.02,59.96,5.94,20.76,9.83,Juazeiro,BA,Nordeste,-9.42,-40.5
2017,253,0.08,0.6,0.35,32.46,60.02,6.47,21.42,10.18,Juazeiro,BA,Nordeste,-9.42,-40.5
2017,254,0.39,0.6,0.34,31.67,59.88,6.61,19.2,9.17,Juazeiro,BA,Nordeste,-9.42,-40.5
2017,255,1.97,0.6,0.39,30.8,61.53,6.15,22.2,10.42,Juazeiro,BA,Nordeste,-9.42,-40.5
2017,256,0.61,0.6,0.39,31.37,61.71,6.06,19.74,9.45,Juazeiro,BA,Nordeste,-9.42,-40.5
2017,257,0.17,0.6,0.38,31.69,60.42,6.26,23.12,10.8,Juazeiro,BA,Nordeste,-9.42,-40.5
2017,258,0.18,0.6,0.36,30.9,61.05,6.19,24.07,11.14,Juazeiro,BA,Nordeste,-9.42,-40.5
2017,259,0.62,0.6,0.36,31.63,61.71,6.32,18.32,8.88,Juazeiro,BA,Nordeste,-9.42,-40.5
2017,260,1.94,0.6,0.38,31.22,66.3,6.21,20.49,9.79,Juazeiro,BA,Nordeste,-9.42,-40.5
2017,261,0.46,0.6,0.41,31.82,60.88,6.31,23.08,10.83,Juazeiro,BA,Nordeste,-9.42,-40.5
2017,262,0.36,0.6,0.39,32.09,61.42,5.96,21.49,10.19,Juazeiro,BA,Nordeste,-9.42,-40.5
2017,263,0.25,0.6,0.37,31.88,59.93,5.78,22.78,10.61,Juazeiro,BA,Nordeste,-9.42,-40.5
2017,264,0.1,0.6,0.36,32.11,60.14,6.47,19.69,9.43,Juazeiro,BA,Nordeste,-9.42,-40.5
2017,265,0.43,0.6,0.35,32.03,59.3,5.9,17.0,8.28,Juazeiro,BA,Nordeste,-9.42,-40.5
2017,266,0.09,0.6,0.34,31.9,58.5,5.28,21.74,10.26,Juazeiro,BA,Nordeste,-9.42,-40.5
2017,267,0.05,0.6,0.33,32.47,58.04,5.91,27.28,12.55,Juazeiro,BA,Nordeste,-9.42,-40.5
2017,268,0.25,0.6,0.32,32.12,58.9,5.99,20.89,9.94,Juazeiro,BA,Nordeste,-9.42,-40.5
2017,269,0.2,0.6,0.31,32.85,57.79,5.64,23.76,11.08,Juazeiro,BA,Nordeste,-9.42,-40.5
2017,270,0.02,0.6,0.3,33.74,57.43,5.48,22.97,10.8,Juazeiro,BA,Nordeste,-9.42,-40.5
2017,271,0.02,0.6,0.29,34.76,55.73,5.49,23.67,11.0,Juazeiro,BA,Nordeste,-9.42,-40.5
2017,272,0.01,0.6,0.28,34.56,55.55,5.3,20.58,9.78,Juazeiro,BA,Nordeste,-9.42,-40.5
2017,273,0.0,0.6,0.27,34.81,50.78,4.67,25.74,11.85,Juazeiro,BA,Nordeste,-9.42,-40.5
2017,274,0.0,0.6,0.26,35.98,50.1,4.86,27.07,12.2,Juazeiro,BA,Nordeste,-9.42,-40.5
2017,275,0.0,0.6,0.26,36.34,50.87,5.07,27.81,12.61,Juazeiro,BA,Nordeste,-9.42,-40.5
2017,276,0.03,0.6,0.25,36.34,51.1,5.15,24.72,11.38,Juazeiro,BA,Nordeste,-9.42,-40.5
2017,277,0.16,0.59,0.24,35.52,51.64,5.77,25.25,11.6,Juazeiro,BA,Nordeste,-9.42,-40.5
2017,278,0.0,0.59,0.24,34.73,51.89,6.23,26.27,11.93,Juazeiro,BA,Nordeste,-9.42,-40.5
2017,279,0.09,0.59,0.24,34.5,54.58,6.24,24.67,11.34,Juazeiro,BA,Nordeste,-9.42,-40.5
2017,280,0.29,0.59,0.24,33.9,54.86,5.34,20.02,9.31,Juazeiro,BA,Nordeste,-9.42,-40.5
2017,281,0.0,0.59,0.24,34.48,50.67,5.3,22.15,10.26,Juazeiro,BA,Nordeste,-9.42,-40.5
2017,282,0.0,0.59,0.23,34.71,51.9,5.51,27.8,12.69,Juazeiro,BA,Nordeste,-9.42,-40.5
2017,283,0.0,0.59,0.23,34.59,50.28,5.25,28.37,12.88,Juazeiro,BA,Nordeste,-9.42,-40.5
2017,284,0.0,0.59,0.23,34.21,52.48,5.06,26.06,11.96,Juazeiro,BA,Nordeste,-9.42,-40.5
2017,285,0.0,0.59,0.22,35.5,48.98,4.98,22.67,10.58,Juazeiro,BA,Nordeste,-9.42,-40.5
2017,286,0.0,0.59,0.22,35.58,48.61,4.82,28.22,13.0,Juazeiro,BA,Nordeste,-9.42,-40.5
2017,287,0.0,0.59,0.21,36.74,48.87,4.18,26.88,12.4,Juazeiro,BA,Nordeste,-9.42,-40.5
2017,288,0.0,0.59,0.21,37.16,48.43,4.27,26.09,12.12,Juazeiro,BA,Nordeste,-9.42,-40.5
2017,289,0.0,0.59,0.21,35.6,46.73,5.99,28.93,13.14,Juazeiro,BA,Nordeste,-9.42,-40.5
2017,290,0.0,0.59,0.2,34.53,50.32,6.3,27.54,12.69,Juazeiro,BA,Nordeste,-9.42,-40.5
2017,291,0.1,0.59,0.2,34.68,54.56,5.83,22.79,10.81,Juazeiro,BA,Nordeste,-9.42,-40.5
2017,292,0.09,0.59,0.2,35.46,53.37,5.93,21.97,10.5,Juazeiro,BA,Nordeste,-9.42,-40.5
2017,293,0.0,0.59,0.2,36.25,52.67,5.84,28.64,13.23,Juazeiro,BA,Nordeste,-9.42,-40.5
2017,294,0.02,0.59,0.2,37.1,52.21,6.4,27.85,12.81,Juazeiro,BA,Nordeste,-9.42,-40.5
2017,295,0.0,0.59,0.19,36.33,51.21,6.07,26.61,12.33,Juazeiro,BA,Nordeste,-9.42,-40.5
2017,296,0.01,0.59,0.19,36.15,47.13,4.91,28.82,13.05,Juazeiro,BA,Nordeste,-9.42,-40.5
2017,297,0.01,0.59,0.19,36.52,51.55,5.64,24.08,11.25,Juazeiro,BA,Nordeste,-9.42,-40.5
2017,298,0.0,0.59,0.19,36.67,49.08,5.94,27.91,12.81,Juazeiro,BA,Nordeste,-9.42,-40.5
2017,299,0.0,0.59,0.19,36.97,50.78,5.76,23.24,10.78,Juazeiro,BA,Nordeste,-9.42,-40.5
2017,300,0.0,0.59,0.18,36.92,50.23,4.75,23.5,10.86,Juazeiro,BA,Nordeste,-9.42,-40.5
2017,301,0.0,0.59,0.18,37.53,45.44,4.28,24.17,11.16,Juazeiro,BA,Nordeste,-9.42,-40.5
2017,302,0.0,0.59,0.18,37.83,44.07,4.01,28.43,12.95,Juazeiro,BA,Nordeste,-9.42,-40.5
2017,303,0.0,0.59,0.18,37.52,44.34,3.68,28.42,12.9,Juazeiro,BA,Nordeste,-9.42,-40.5
2017,304,0.14,0.59,0.18,37.28,47.92,3.55,18.81,8.93,Juazeiro,BA,Nordeste,-9.42,-40.5
2017,305,1.2,0.59,0.2,35.35,51.95,2.14,22.71,10.75,Juazeiro,BA,Nordeste,-9.42,-40.5
2017,306,0.75,0.59,0.24,37.15,49.12,4.26,23.1,11.01,Juazeiro,BA,Nordeste,-9.42,-40.5
2017,307,0.12,0.59,0.23,35.57,52.61,5.57,19.65,9.42,Juazeiro,BA,Nordeste,-9.42,-40.5
2017,308,0.05,0.59,0.23,36.26,48.63,5.37,23.6,11.09,Juazeiro,BA,Nordeste,-9.42,-40.5
2017,309,0.0,0.59,0.23,36.79,48.51,4.81,27.5,12.85,Juazeiro,BA,Nordeste,-9.42,-40.5
2017,310,0.03,0.59,0.22,36.8,44.95,3.54,25.18,11.84,Juazeiro,BA,Nordeste,-9.42,-40.5
2017,311,0.18,0.59,0.22,34.68,48.28,3.99,17.55,8.59,Juazeiro,BA,Nordeste,-9.42,-40.5
2017,312,0.54,0.59,0.22,33.7,51.99,4.33,12.6,6.41,Juazeiro,BA,Nordeste,-9.42,-40.5
2017,313,0.05,0.59,0.23,34.82,48.82,4.5,21.99,10.45,Juazeiro,BA,Nordeste,-9.42,-40.5
2017,314,0.0,0.59,0.23,36.77,48.22,4.38,26.47,12.32,Juazeiro,BA,Nordeste,-9.42,-40.5
2017,315,0.0,0.59,0.22,35.74,48.32,3.46,26.55,12.4,Juazeiro,BA,Nordeste,-9.42,-40.5
2017,316,0.0,0.59,0.22,37.64,38.77,2.62,26.49,12.31,Juazeiro,BA,Nordeste,-9.42,-40.5
2017,317,1.09,0.59,0.23,35.07,46.88,2.26,19.41,9.48,Juazeiro,BA,Nordeste,-9.42,-40.5
2017,318,8.09,0.6,0.41,26.32,76.24,3.45,11.07,5.78,Juazeiro,BA,Nordeste,-9.42,-40.5
2017,319,0.88,0.61,0.54,33.51,60.55,5.58,19.62,9.51,Juazeiro,BA,Nordeste,-9.42,-40.5
2017,320,0.04,0.61,0.49,34.62,51.69,4.79,24.49,11.58,Juazeiro,BA,Nordeste,-9.42,-40.5
2017,321,0.01,0.6,0.43,33.86,50.88,3.67,19.9,9.36,Juazeiro,BA,Nordeste,-9.42,-40.5
2017,322,0.0,0.6,0.39,35.38,48.23,3.42,27.02,12.51,Juazeiro,BA,Nordeste,-9.42,-40.5
2017,323,0.22,0.6,0.36,35.31,49.32,3.1,26.46,12.31,Juazeiro,BA,Nordeste,-9.42,-40.5
2017,324,0.1,0.6,0.34,37.1,45.98,3.79,27.23,12.77,Juazeiro,BA,Nordeste,-9.42,-40.5
2017,325,0.0,0.6,0.32,37.02,43.88,4.17,29.37,13.59,Juazeiro,BA,Nordeste,-9.42,-40.5
2017,326,0.01,0.6,0.3,37.03,45.67,2.57,28.11,12.96,Juazeiro,BA,Nordeste,-9.42,-40.5
2017,327,0.03,0.6,0.29,37.59,40.97,3.24,25.96,12.21,Juazeiro,BA,Nordeste,-9.42,-40.5
2017,328,0.27,0.6,0.28,35.79,45.32,4.72,24.58,11.66,Juazeiro,BA,Nordeste,-9.42,-40.5
2017,329,0.02,0.6,0.28,35.67,48.92,5.03,20.48,9.82,Juazeiro,BA,Nordeste,-9.42,-40.5
2017,330,0.02,0.6,0.27,35.23,47.74,4.27,23.74,11.22,Juazeiro,BA,Nordeste,-9.42,-40.5
2017,331,0.0,0.6,0.26,36.71,43.16,4.27,27.1,12.6,Juazeiro,BA,Nordeste,-9.42,-40.5
2017,332,0.0,0.6,0.25,36.78,44.01,3.71,29.33,13.39,Juazeiro,BA,Nordeste,-9.42,-40.5
2017,333,0.0,0.59,0.24,37.27,43.96,3.41,26.63,12.33,Juazeiro,BA,Nordeste,-9.42,-40.5
2017,334,0.05,0.59,0.24,37.99,41.92,3.35,25.12,11.77,Juazeiro,BA,Nordeste,-9.42,-40.5
2017,335,0.19,0.59,0.23,36.44,42.4,4.03,20.0,9.68,Juazeiro,BA,Nordeste,-9.42,-40.5
2017,336,0.0,0.59,0.23,36.75,36.91,3.71,20.06,9.65,Juazeiro,BA,Nordeste,-9.42,-40.5
2017,337,0.0,0.59,0.23,35.83,44.52,4.26,23.23,11.01,Juazeiro,BA,Nordeste,-9.42,-40.5
2017,338,0.0,0.59,0.22,37.92,41.29,3.87,26.73,12.42,Juazeiro,BA,Nordeste,-9.42,-40.5
2017,339,0.0,0.59,0.22,38.46,37.97,2.97,26.4,12.38,Juazeiro,BA,Nordeste,-9.42,-40.5
2017,340,0.0,0.59,0.21,37.62,43.76,3.53,26.36,12.2,Juazeiro,BA,Nordeste,-9.42,-40.5
2017,341,0.02,0.59,0.21,36.44,49.26,2.82,27.19,12.59,Juazeiro,BA,Nordeste,-9.42,-40.5
2017,342,0.5,0.59,0.21,33.22,54.29,2.15,22.35,10.6,Juazeiro,BA,Nordeste,-9.42,-40.5
2017,343,2.59,0.6,0.25,33.01,62.19,3.58,11.59,5.92,Juazeiro,BA,Nordeste,-9.42,-40.5
2017,344,8.36,0.61,0.48,28.41,74.76,2.45,7.5,4.0,Juazeiro,BA,Nordeste,-9.42,-40.5
2017,345,0.36,0.61,0.57,31.31,71.02,1.72,15.85,7.85,Juazeiro,BA,Nordeste,-9.42,-40.5
2017,346,1.9,0.61,0.54,33.14,65.41,2.35,18.0,8.77,Juazeiro,BA,Nordeste,-9.42,-40.5
2017,347,2.94,0.61,0.58,33.85,61.49,3.44,20.9,10.07,Juazeiro,BA,Nordeste,-9.42,-40.5
2017,348,0.0,0.61,0.52,34.88,52.57,3.93,27.05,12.59,Juazeiro,BA,Nordeste,-9.42,-40.5
2017,349,0.0,0.61,0.47,34.08,52.24,3.88,25.15,11.76,Juazeiro,BA,Nordeste,-9.42,-40.5
2017,350,0.01,0.6,0.42,34.0,51.65,4.12,23.22,10.87,Juazeiro,BA,Nordeste,-9.42,-40.5
2017,351,0.09,0.6,0.39,32.04,56.59,4.51,20.05,9.59,Juazeiro,BA,Nordeste,-9.42,-40.5
2017,352,0.09,0.6,0.37,35.35,52.91,4.96,20.12,9.71,Juazeiro,BA,Nordeste,-9.42,-40.5
2017,353,0.03,0.6,0.35,33.52,51.63,4.28,19.92,9.47,Juazeiro,BA,Nordeste,-9.42,-40.5
2017,354,0.0,0.6,0.33,35.13,48.6,4.48,25.48,11.89,Juazeiro,BA,Nordeste,-9.42,-40.5
2017,355,0.0,0.6,0.32,36.03,48.13,3.52,24.22,11.35,Juazeiro,BA,Nordeste,-9.42,-40.5
2017,356,0.13,0.6,0.31,36.43,48.24,4.47,22.74,10.77,Juazeiro,BA,Nordeste,-9.42,-40.5
2017,357,0.3,0.6,0.3,36.55,52.64,4.88,27.09,12.69,Juazeiro,BA,Nordeste,-9.42,-40.5
2017,358,0.29,0.6,0.3,36.01,52.67,4.18,24.97,11.88,Juazeiro,BA,Nordeste,-9.42,-40.5
2017,359,0.01,0.6,0.29,35.48,49.57,3.44,24.38,11.4,Juazeiro,BA,Nordeste,-9.42,-40.5
2017,360,0.0,0.6,0.28,37.11,43.91,3.21,24.16,11.31,Juazeiro,BA,Nordeste,-9.42,-40.5
2017,361,0.0,0.6,0.27,37.67,43.51,3.82,24.2,11.24,Juazeiro,BA,Nordeste,-9.42,-40.5
2017,362,0.0,0.6,0.26,36.82,46.71,3.52,25.13,11.73,Juazeiro,BA,Nordeste,-9.42,-40.5
2017,363,0.0,0.6,0.25,37.73,43.84,3.34,25.86,12.1,Juazeiro,BA,Nordeste,-9.42,-40.5
2017,364,0.24,0.6,0.25,37.85,44.14,3.9,26.15,12.31,Juazeiro,BA,Nordeste,-9.42,-40.5
2017,365,0.18,0.59,0.25,38.08,44.01,3.83,26.79,12.54,Juazeiro,BA,Nordeste,-9.42,-40.5
2018,1,0.28,0.59,0.24,38.21,42.42,3.05,27.88,12.93,Juazeiro,BA,Nordeste,-9.42,-40.5
2018,2,0.28,0.59,0.24,37.66,43.19,2.7,25.48,11.9,Juazeiro,BA,Nordeste,-9.42,-40.5
2018,3,0.36,0.59,0.24,35.77,44.33,1.84,24.14,11.43,Juazeiro,BA,Nordeste,-9.42,-40.5
2018,4,14.61,0.61,0.51,33.32,62.01,1.81,17.91,8.91,Juazeiro,BA,Nordeste,-9.42,-40.5
2018,5,3.23,0.62,0.62,33.71,63.18,2.58,19.37,9.69,Juazeiro,BA,Nordeste,-9.42,-40.5
2018,6,0.18,0.62,0.58,34.76,55.48,3.57,23.79,11.33,Juazeiro,BA,Nordeste,-9.42,-40.5
2018,7,0.14,0.61,0.54,34.03,55.85,3.49,25.54,12.15,Juazeiro,BA,Nordeste,-9.42,-40.5
2018,8,0.02,0.61,0.49,34.83,51.09,4.17,27.2,12.84,Juazeiro,BA,Nordeste,-9.42,-40.5
2018,9,0.0,0.61,0.44,35.54,51.84,4.82,27.97,13.07,Juazeiro,BA,Nordeste,-9.42,-40.5
2018,10,0.99,0.6,0.42,32.4,59.3,4.55,22.3,10.88,Juazeiro,BA,Nordeste,-9.42,-40.5
2018,11,0.1,0.6,0.41,29.94,61.51,4.29,13.65,7.12,Juazeiro,BA,Nordeste,-9.42,-40.5
2018,12,0.05,0.6,0.39,34.24,53.47,3.44,20.24,9.9,Juazeiro,BA,Nordeste,-9.42,-40.5
2018,13,0.53,0.6,0.38,31.26,62.91,3.23,21.75,10.62,Juazeiro,BA,Nordeste,-9.42,-40.5
2018,14,3.3,0.6,0.4,35.49,56.61,4.14,23.67,11.35,Juazeiro,BA,Nordeste,-9.42,-40.5
2018,15,1.0,0.61,0.47,35.08,55.19,4.84,27.31,12.74,Juazeiro,BA,Nordeste,-9.42,-40.5
2018,16,0.0,0.6,0.43,34.94,52.86,4.69,25.96,12.27,Juazeiro,BA,Nordeste,-9.42,-40.5
2018,17,0.0,0.6,0.39,35.75,49.66,4.81,27.14,12.7,Juazeiro,BA,Nordeste,-9.42,-40.5
2018,18,0.0,0.6,0.36,35.4,49.94,4.72,26.61,12.48,Juazeiro,BA,Nordeste,-9.42,-40.5
2018,19,0.02,0.6,0.34,36.21,53.42,4.65,22.69,10.99,Juazeiro,BA,Nordeste,-9.42,-40.5
2018,20,0.0,0.6,0.33,36.11,47.71,3.79,21.72,10.72,Juazeiro,BA,Nordeste,-9.42,-40.5
2018,21,0.0,0.6,0.31,37.2,42.26,3.9,28.42,13.37,Juazeiro,BA,Nordeste,-9.42,-40.5
2018,22,0.0,0.6,0.3,36.59,44.33,4.47,28.51,13.28,Juazeiro,BA,Nordeste,-9.42,-40.5
2018,23,0.0,0.6,0.29,36.42,45.72,4.69,25.79,12.2,Juazeiro,BA,Nordeste,-9.42,-40.5
2018,24,0.0,0.6,0.28,33.29,53.31,4.17,20.64,10.22,Juazeiro,BA,Nordeste,-9.42,-40.5
2018,25,0.0,0.6,0.28,35.44,50.11,3.61,22.68,10.86,Juazeiro,BA,Nordeste,-9.42,-40.5
2018,26,1.71,0.6,0.28,34.87,53.34,2.78,17.74,8.81,Juazeiro,BA,Nordeste,-9.42,-40.5
2018,27,4.42,0.6,0.4,32.89,61.72,2.46,20.62,10.16,Juazeiro,BA,Nordeste,-9.42,-40.5
2018,28,2.17,0.61,0.47,31.39,67.84,2.09,20.4,10.17,Juazeiro,BA,Nordeste,-9.42,-40.5
2018,29,0.24,0.61,0.48,33.26,62.46,2.43,21.14,10.35,Juazeiro,BA,Nordeste,-9.42,-40.5
2018,30,1.3,0.6,0.45,35.18,59.42,2.73,18.41,9.2,Juazeiro,BA,Nordeste,-9.42,-40.5
2018,31,0.08,0.6,0.43,34.36,53.12,3.04,22.68,11.01,Juazeiro,BA,Nordeste,-9.42,-40.5
2018,32,0.16,0.6,0.39,37.14,45.17,2.75,26.97,12.76,Juazeiro,BA,Nordeste,-9.42,-40.5
2018,33,2.22,0.6,0.37,36.43,50.0,2.69,23.35,11.24,Juazeiro,BA,Nordeste,-9.42,-40.5
2018,34,4.81,0.61,0.51,30.31,71.08,1.99,17.34,8.78,Juazeiro,BA,Nordeste,-9.42,-40.5
2018,35,21.52,0.63,0.64,27.36,81.28,2.03,14.37,7.23,Juazeiro,BA,Nordeste,-9.42,-40.5
2018,36,0.37,0.65,0.63,33.05,68.53,1.98,20.49,9.99,Juazeiro,BA,Nordeste,-9.42,-40.5
2018,37,2.35,0.64,0.62,34.22,68.91,1.45,14.29,7.41,Juazeiro,BA,Nordeste,-9.42,-40.5
2018,38,9.11,0.65,0.67,27.2,85.9,1.48,14.31,7.55,Juazeiro,BA,Nordeste,-9.42,-40.5
2018,39,29.25,0.67,0.74,29.66,77.8,1.97,19.66,9.76,Juazeiro,BA,Nordeste,-9.42,-40.5
2018,40,10.42,0.7,0.74,30.11,77.92,2.67,19.15,9.47,Juazeiro,BA,Nordeste,-9.42,-40.5
2018,41,19.32,0.7,0.78,29.79,76.54,2.73,15.58,7.98,Juazeiro,BA,Nordeste,-9.42,-40.5
2018,42,1.79,0.7,0.72,30.52,73.35,3.55,21.8,10.54,Juazeiro,BA,Nordeste,-9.42,-40.5
2018,43,0.01,0.68,0.68,31.05,68.06,2.57,21.29,10.14,Juazeiro,BA,Nordeste,-9.42,-40.5
2018,44,0.56,0.67,0.67,30.56,75.37,3.19,19.68,9.68,Juazeiro,BA,Nordeste,-9.42,-40.5
2018,45,0.31,0.67,0.66,30.59,71.55,4.11,19.91,9.56,Juazeiro,BA,Nordeste,-9.42,-40.5
2018,46,0.31,0.66,0.65,32.12,70.44,3.62,20.39,9.77,Juazeiro,BA,Nordeste,-9.42,-40.5
2018,47,0.11,0.66,0.63,32.85,64.66,4.09,19.56,9.52,Juazeiro,BA,Nordeste,-9.42,-40.5
2018,48,0.96,0.65,0.63,33.07,67.2,3.97,19.14,9.26,Juazeiro,BA,Nordeste,-9.42,-40.5
2018,49,1.92,0.65,0.63,32.78,71.24,3.34,17.8,8.69,Juazeiro,BA,Nordeste,-9.42,-40.5
2018,50,1.26,0.65,0.62,34.16,68.34,2.84,22.72,10.81,Juazeiro,BA,Nordeste,-9.42,-40.5
2018,51,1.02,0.64,0.62,34.24,66.93,2.62,22.21,10.51,Juazeiro,BA,Nordeste,-9.42,-40.5
2018,52,0.55,0.64,0.61,34.09,66.57,2.62,23.44,11.11,Juazeiro,BA,Nordeste,-9.42,-40.5
2018,53,0.54,0.64,0.61,33.28,69.95,2.2,17.73,8.64,Juazeiro,BA,Nordeste,-9.42,-40.5
2018,54,6.03,0.64,0.64,27.98,79.23,2.44,19.03,9.38,Juazeiro,BA,Nordeste,-9.42,-40.5
2018,55,2.55,0.65,0.64,31.93,74.71,0.99,22.17,10.63,Juazeiro,BA,Nordeste,-9.42,-40.5
2018,56,0.31,0.64,0.62,33.99,64.28,3.37,23.91,11.31,Juazeiro,BA,Nordeste,-9.42,-40.5
2018,57,0.38,0.64,0.61,33.4,65.16,2.78,24.38,11.45,Juazeiro,BA,Nordeste,-9.42,-40.5
2018,58,0.01,0.63,0.61,34.34,62.47,3.16,21.38,10.15,Juazeiro,BA,Nordeste,-9.42,-40.5
2018,59,0.05,0.63,0.6,34.42,61.03,3.3,23.38,11.04,Juazeiro,BA,Nordeste,-9.42,-40.5
2018,60,0.69,0.62,0.6,33.29,66.3,3.2,22.96,11.01,Juazeiro,BA,Nordeste,-9.42,-40.5
2018,61,2.11,0.62,0.61,32.2,71.29,2.48,22.58,10.88,Juazeiro,BA,Nordeste,-9.42,-40.5
2018,62,4.45,0.63,0.62,33.63,70.53,2.48,22.31,10.81,Juazeiro,BA,Nordeste,-9.42,-40.5
2018,63,0.73,0.63,0.61,35.33,65.7,2.77,22.7,10.76,Juazeiro,BA,Nordeste,-9.42,-40.5
2018,64,0.02,0.62,0.6,36.3,61.98,2.74,25.29,11.88,Juazeiro,BA,Nordeste,-9.42,-40.5
2018,65,14.56,0.63,0.66,34.16,72.45,2.43,23.59,11.25,Juazeiro,BA,Nordeste,-9.42,-40.5
2018,66,11.67,0.65,0.67,33.43,74.24,2.1,22.98,11.04,Juazeiro,BA,Nordeste,-9.42,-40.5
2018,67,6.9,0.67,0.69,29.79,78.36,1.47,15.01,7.59,Juazeiro,BA,Nordeste,-9.42,-40.5
2018,68,3.21,0.66,0.66,32.92,72.59,1.97,15.81,7.99,Juazeiro,BA,Nordeste,-9.42,-40.5
2018,69,4.4,0.66,0.66,32.12,75.08,1.78,18.37,9.05,Juazeiro,BA,Nordeste,-9.42,-40.5
2018,70,3.68,0.66,0.67,27.7,85.2,1.83,18.31,9.13,Juazeiro,BA,Nordeste,-9.42,-40.5
2018,71,19.51,0.67,0.72,30.58,76.83,1.38,20.06,9.9,Juazeiro,BA,Nordeste,-9.42,-40.5
2018,72,3.27,0.69,0.71,28.76,80.43,1.54,16.01,8.14,Juazeiro,BA,Nordeste,-9.42,-40.5
2018,73,1.69,0.68,0.68,32.08,74.47,2.44,24.69,11.72,Juazeiro,BA,Nordeste,-9.42,-40.5
2018,74,0.28,0.67,0.66,33.3,68.07,3.37,26.3,12.41,Juazeiro,BA,Nordeste,-9.42,-40.5
2018,75,0.15,0.66,0.64,33.17,63.86,2.69,27.33,12.76,Juazeiro,BA,Nordeste,-9.42,-40.5
2018,76,0.01,0.65,0.63,32.73,67.15,2.57,24.39,11.5,Juazeiro,BA,Nordeste,-9.42,-40.5
2018,77,0.57,0.65,0.63,32.95,68.19,2.38,23.43,11.13,Juazeiro,BA,Nordeste,-9.42,-40.5
2018,78,3.26,0.65,0.64,32.67,68.71,2.79,22.84,10.89,Juazeiro,BA,Nordeste,-9.42,-40.5
2018,79,1.25,0.65,0.63,32.42,70.69,2.46,18.61,9.12,Juazeiro,BA,Nordeste,-9.42,-40.5
2018,80,1.76,0.64,0.63,33.76,65.16,2.1,22.5,10.75,Juazeiro,BA,Nordeste,-9.42,-40.5
2018,81,0.63,0.64,0.62,34.43,65.99,2.38,22.36,10.74,Juazeiro,BA,Nordeste,-9.42,-40.5
2018,82,5.2,0.64,0.63,32.32,67.11,2.52,21.57,10.34,Juazeiro,BA,Nordeste,-9.42,-40.5
2018,83,9.46,0.66,0.69,30.18,76.63,2.56,16.7,8.28,Juazeiro,BA,Nordeste,-9.42,-40.5
2018,84,4.33,0.66,0.66,32.46,72.78,3.54,17.34,8.5,Juazeiro,BA,Nordeste,-9.42,-40.5
2018,85,0.28,0.66,0.65,30.99,73.69,3.31,16.45,8.03,Juazeiro,BA,Nordeste,-9.42,-40.5
2018,86,0.13,0.65,0.63,31.88,68.16,3.65,17.64,8.66,Juazeiro,BA,Nordeste,-9.42,-40.5
2018,87,0.13,0.65,0.62,33.69,65.59,4.22,20.85,9.99,Juazeiro,BA,Nordeste,-9.42,-40.5
2018,88,0.07,0.64,0.62,33.45,62.36,4.35,20.76,9.89,Juazeiro,BA,Nordeste,-9.42,-40.5
2018,89,0.23,0.64,0.61,32.62,64.29,2.87,22.57,10.54,Juazeiro,BA,Nordeste,-9.42,-40.5
2018,90,0.13,0.63,0.6,34.37,62.13,3.33,24.61,11.51,Juazeiro,BA,Nordeste,-9.42,-40.5
2018,91,0.0,0.63,0.58,34.63,59.57,3.46,24.41,11.41,Juazeiro,BA,Nordeste,-9.42,-40.5
2018,92,0.01,0.62,0.57,35.19,60.61,3.04,20.22,9.83,Juazeiro,BA,Nordeste,-9.42,-40.5
2018,93,0.0,0.62,0.56,34.64,62.04,2.15,21.21,10.26,Juazeiro,BA,Nordeste,-9.42,-40.5
2018,94,1.44,0.62,0.56,34.67,63.24,1.87,21.8,10.55,Juazeiro,BA,Nordeste,-9.42,-40.5
2018,95,4.25,0.62,0.59,34.44,66.74,2.23,20.0,9.76,Juazeiro,BA,Nordeste,-9.42,-40.5
2018,96,7.69,0.63,0.64,33.1,72.52,1.65,18.38,9.13,Juazeiro,BA,Nordeste,-9.42,-40.5
2018,97,5.69,0.64,0.65,31.88,75.32,2.36,15.66,8.01,Juazeiro,BA,Nordeste,-9.42,-40.5
2018,98,1.47,0.64,0.62,30.38,73.81,2.59,18.86,9.21,Juazeiro,BA,Nordeste,-9.42,-40.5
2018,99,0.09,0.64,0.61,33.38,63.08,2.92,21.39,10.3,Juazeiro,BA,Nordeste,-9.42,-40.5
2018,100,0.03,0.63,0.61,32.17,58.96,3.76,19.76,9.52,Juazeiro,BA,Nordeste,-9.42,-40.5
2018,101,0.17,0.63,0.61,32.66,65.71,3.29,18.63,9.01,Juazeiro,BA,Nordeste,-9.42,-40.5
2018,102,4.81,0.62,0.62,32.58,73.19,3.13,16.31,8.11,Juazeiro,BA,Nordeste,-9.42,-40.5
2018,103,7.32,0.64,0.65,30.77,78.23,3.6,10.15,5.47,Juazeiro,BA,Nordeste,-9.42,-40.5
2018,104,0.42,0.64,0.62,32.71,68.25,3.24,23.15,11.01,Juazeiro,BA,Nordeste,-9.42,-40.5
2018,105,0.0,0.63,0.61,31.38,62.52,3.86,24.89,11.59,Juazeiro,BA,Nordeste,-9.42,-40.5
2018,106,0.01,0.63,0.61,33.06,62.77,3.76,20.16,9.58,Juazeiro,BA,Nordeste,-9.42,-40.5
2018,107,0.03,0.62,0.6,33.27,63.26,3.85,18.19,8.84,Juazeiro,BA,Nordeste,-9.42,-40.5
2018,108,0.03,0.62,0.59,33.18,59.5,3.98,22.95,10.8,Juazeiro,BA,Nordeste,-9.42,-40.5
2018,109,0.7,0.62,0.59,34.08,62.78,3.91,22.49,10.65,Juazeiro,BA,Nordeste,-9.42,-40.5
2018,110,0.62,0.61,0.58,33.67,69.6,3.78,18.2,8.88,Juazeiro,BA,Nordeste,-9.42,-40.5
2018,111,0.97,0.61,0.57,33.25,73.11,4.28,14.57,7.35,Juazeiro,BA,Nordeste,-9.42,-40.5
2018,112,0.13,0.61,0.55,33.13,65.3,4.65,16.34,8.07,Juazeiro,BA,Nordeste,-9.42,-40.5
2018,113,0.01,0.61,0.52,33.65,60.17,4.45,19.51,9.42,Juazeiro,BA,Nordeste,-9.42,-40.5
2018,114,0.2,0.61,0.49,34.38,64.3,4.36,21.14,10.11,Juazeiro,BA,Nordeste,-9.42,-40.5
2018,115,0.1,0.61,0.47,33.78,59.64,3.98,17.74,8.68,Juazeiro,BA,Nordeste,-9.42,-40.5
2018,116,0.05,0.61,0.45,33.35,57.85,3.74,19.1,9.17,Juazeiro,BA,Nordeste,-9.42,-40.5
2018,117,0.01,0.6,0.43,30.58,62.81,3.77,21.47,10.11,Juazeiro,BA,Nordeste,-9.42,-40.5
2018,118,0.16,0.6,0.43,32.75,63.75,4.02,16.46,8.12,Juazeiro,BA,Nordeste,-9.42,-40.5
2018,119,0.12,0.6,0.42,33.82,59.61,4.13,21.51,10.21,Juazeiro,BA,Nordeste,-9.42,-40.5
2018,120,0.27,0.6,0.4,33.89,59.45,4.38,15.92,7.82,Juazeiro,BA,Nordeste,-9.42,-40.5
2018,121,0.45,0.6,0.4,34.28,59.83,3.82,17.92,8.67,Juazeiro,BA,Nordeste,-9.42,-40.5
2018,122,0.16,0.6,0.4,34.05,60.01,4.34,16.61,8.16,Juazeiro,BA,Nordeste,-9.42,-40.5
2018,123,0.05,0.6,0.39,33.84,60.21,4.45,18.59,8.93,Juazeiro,BA,Nordeste,-9.42,-40.5
2018,124,0.11,0.6,0.38,33.5,62.68,4.65,18.31,8.8,Juazeiro,BA,Nordeste,-9.42,-40.5
2018,125,0.08,0.6,0.37,32.75,59.73,4.52,17.98,8.6,Juazeiro,BA,Nordeste,-9.42,-40.5
2018,126,0.25,0.6,0.37,33.01,62.5,4.34,16.24,7.91,Juazeiro,BA,Nordeste,-9.42,-40.5
2018,127,6.88,0.6,0.43,31.23,73.82,4.3,13.47,6.78,Juazeiro,BA,Nordeste,-9.42,-40.5
2018,128,0.39,0.61,0.57,31.71,67.9,4.3,17.82,8.57,Juazeiro,BA,Nordeste,-9.42,-40.5
2018,129,0.0,0.61,0.52,32.58,59.03,4.21,21.6,10.09,Juazeiro,BA,Nordeste,-9.42,-40.5
2018,130,0.0,0.61,0.49,32.87,61.71,3.67,20.82,9.81,Juazeiro,BA,Nordeste,-9.42,-40.5
2018,131,0.0,0.61,0.46,33.7,61.44,4.07,20.91,9.87,Juazeiro,BA,Nordeste,-9.42,-40.5
2018,132,0.01,0.6,0.43,34.28,59.41,3.47,19.87,9.42,Juazeiro,BA,Nordeste,-9.42,-40.5
2018,133,0.0,0.6,0.4,33.95,57.31,3.34,19.93,9.42,Juazeiro,BA,Nordeste,-9.42,-40.5
2018,134,0.0,0.6,0.38,33.74,57.36,4.57,20.73,9.78,Juazeiro,BA,Nordeste,-9.42,-40.5
2018,135,0.01,0.6,0.37,33.52,59.16,4.48,20.19,9.5,Juazeiro,BA,Nordeste,-9.42,-40.5
2018,136,0.1,0.6,0.36,32.96,62.76,3.61,13.39,6.7,Juazeiro,BA,Nordeste,-9.42,-40.5
2018,137,0.0,0.6,0.35,34.44,54.25,3.67,19.01,9.03,Juazeiro,BA,Nordeste,-9.42,-40.5
2018,138,0.04,0.6,0.34,34.05,60.41,4.37,18.29,8.7,Juazeiro,BA,Nordeste,-9.42,-40.5
2018,139,0.1,0.6,0.34,33.67,54.95,3.81,20.66,9.69,Juazeiro,BA,Nordeste,-9.42,-40.5
2018,140,0.0,0.6,0.33,35.88,49.37,1.84,21.23,9.91,Juazeiro,BA,Nordeste,-9.42,-40.5
2018,141,0.0,0.6,0.31,36.0,47.66,3.15,20.97,9.83,Juazeiro,BA,Nordeste,-9.42,-40.5
2018,142,0.6,0.6,0.31,33.67,61.28,4.58,16.82,8.08,Juazeiro,BA,Nordeste,-9.42,-40.5
2018,143,0.07,0.6,0.31,33.83,57.79,4.5,17.66,8.46,Juazeiro,BA,Nordeste,-9.42,-40.5
2018,144,0.0,0.6,0.31,32.62,56.65,4.76,16.1,7.82,Juazeiro,BA,Nordeste,-9.42,-40.5
2018,145,0.06,0.6,0.3,32.17,55.96,5.09,19.17,9.03,Juazeiro,BA,Nordeste,-9.42,-40.5
2018,146,0.2,0.6,0.3,31.07,65.7,4.7,16.1,7.84,Juazeiro,BA,Nordeste,-9.42,-40.5
2018,147,0.02,0.6,0.3,31.98,55.71,4.38,20.75,9.67,Juazeiro,BA,Nordeste,-9.42,-40.5
2018,148,1.52,0.6,0.31,32.0,66.61,4.54,18.08,8.64,Juazeiro,BA,Nordeste,-9.42,-40.5
2018,149,0.64,0.6,0.33,31.76,66.61,5.19,15.9,7.71,Juazeiro,BA,Nordeste,-9.42,-40.5
2018,150,0.59,0.6,0.34,31.13,68.39,5.02,14.13,6.93,Juazeiro,BA,Nordeste,-9.42,-40.5
2018,151,0.07,0.6,0.33,31.39,63.12,4.49,16.36,7.87,Juazeiro,BA,Nordeste,-9.42,-40.5
2018,152,0.01,0.6,0.33,32.54,58.63,4.01,20.51,9.6,Juazeiro,BA,Nordeste,-9.42,-40.5
2018,153,0.19,0.6,0.32,34.45,66.2,3.67,19.83,9.44,Juazeiro,BA,Nordeste,-9.42,-40.5
2018,154,0.87,0.6,0.31,34.2,65.78,4.39,16.79,8.16,Juazeiro,BA,Nordeste,-9.42,-40.5
2018,155,0.19,0.6,0.32,32.53,65.08,5.13,14.16,7.08,Juazeiro,BA,Nordeste,-9.42,-40.5
2018,156,0.49,0.6,0.32,32.34,62.83,4.59,16.69,7.99,Juazeiro,BA,Nordeste,-9.42,-40.5
2018,157,0.28,0.6,0.32,32.7,58.56,3.78,20.96,9.84,Juazeiro,BA,Nordeste,-9.42,-40.5
2018,158,0.0,0.6,0.31,33.55,60.19,3.9,20.66,9.73,Juazeiro,BA,Nordeste,-9.42,-40.5
2018,159,0.0,0.6,0.3,33.78,60.13,3.63,17.04,8.25,Juazeiro,BA,Nordeste,-9.42,-40.5
2018,160,0.0,0.6,0.3,33.78,58.96,4.24,18.35,8.83,Juazeiro,BA,Nordeste,-9.42,-40.5
2018,161,0.03,0.6,0.29,32.96,60.58,5.0,17.97,8.57,Juazeiro,BA,Nordeste,-9.42,-40.5
2018,162,0.1,0.6,0.29,32.53,60.81,4.63,18.2,8.57,Juazeiro,BA,Nordeste,-9.42,-40.5
2018,163,0.1,0.6,0.28,32.24,63.22,4.52,14.76,7.17,Juazeiro,BA,Nordeste,-9.42,-40.5
2018,164,0.06,0.6,0.28,31.83,61.36,4.42,13.65,6.67,Juazeiro,BA,Nordeste,-9.42,-40.5
2018,165,0.02,0.6,0.27,31.67,57.63,4.19,20.79,9.59,Juazeiro,BA,Nordeste,-9.42,-40.5
2018,166,0.17,0.6,0.27,31.55,58.09,4.51,18.22,8.66,Juazeiro,BA,Nordeste,-9.42,-40.5
2018,167,0.15,0.6,0.27,31.25,58.92,4.47,20.11,9.36,Juazeiro,BA,Nordeste,-9.42,-40.5
2018,168,0.36,0.6,0.27,30.97,63.79,4.55,13.98,6.86,Juazeiro,BA,Nordeste,-9.42,-40.5
2018,169,0.96,0.6,0.28,30.14,69.35,4.53,13.78,6.83,Juazeiro,BA,Nordeste,-9.42,-40.5
2018,170,2.36,0.6,0.33,29.98,66.49,5.32,15.22,7.41,Juazeiro,BA,Nordeste,-9.42,-40.5
2018,171,0.18,0.6,0.36,29.93,64.68,4.94,19.49,9.08,Juazeiro,BA,Nordeste,-9.42,-40.5
2018,172,0.08,0.6,0.35,30.64,64.23,4.44,18.69,8.82,Juazeiro,BA,Nordeste,-9.42,-40.5
2018,173,0.0,0.6,0.33,31.56,56.88,4.22,21.42,9.85,Juazeiro,BA,Nordeste,-9.42,-40.5
2018,174,0.0,0.6,0.32,31.52,58.63,4.74,21.4,9.85,Juazeiro,BA,Nordeste,-9.42,-40.5
2018,175,0.11,0.6,0.31,30.73,61.96,4.79,18.36,8.62,Juazeiro,BA,Nordeste,-9.42,-40.5
2018,176,0.01,0.6,0.3,30.66,59.73,4.56,19.71,9.13,Juazeiro,BA,Nordeste,-9.42,-40.5
2018,177,0.11,0.6,0.3,30.68,58.96,4.16,19.14,8.93,Juazeiro,BA,Nordeste,-9.42,-40.5
2018,178,0.19,0.6,0.29,31.5,62.16,4.14,19.48,9.14,Juazeiro,BA,Nordeste,-9.42,-40.5
2018,179,0.01,0.6,0.29,30.36,61.9,4.99,17.75,8.39,Juazeiro,BA,Nordeste,-9.42,-40.5
2018,180,0.43,0.6,0.29,30.9,64.61,4.72,18.25,8.58,Juazeiro,BA,Nordeste,-9.42,-40.5
2018,181,0.11,0.6,0.29,30.97,61.62,4.13,20.67,9.6,Juazeiro,BA,Nordeste,-9.42,-40.5
2018,182,0.0,0.6,0.28,31.78,55.96,4.19,21.93,10.06,Juazeiro,BA,Nordeste,-9.42,-40.5
2018,183,0.03,0.6,0.28,32.28,61.1,4.42,17.06,8.16,Juazeiro,BA,Nordeste,-9.42,-40.5
2018,184,0.0,0.6,0.27,32.26,57.47,4.15,19.69,9.17,Juazeiro,BA,Nordeste,-9.42,-40.5
2018,185,0.02,0.6,0.27,31.38,57.08,4.81,21.0,9.71,Juazeiro,BA,Nordeste,-9.42,-40.5
2018,186,0.04,0.6,0.26,30.98,60.59,4.6,17.66,8.31,Juazeiro,BA,Nordeste,-9.42,-40.5
2018,187,0.01,0.6,0.26,31.63,63.08,5.02,13.3,6.59,Juazeiro,BA,Nordeste,-9.42,-40.5
2018,188,0.0,0.6,0.26,31.45,57.14,4.93,19.13,9.0,Juazeiro,BA,Nordeste,-9.42,-40.5
2018,189,0.0,0.6,0.25,31.79,56.74,4.08,22.04,10.07,Juazeiro,BA,Nordeste,-9.42,-40.5
2018,190,0.0,0.6,0.25,31.99,52.79,4.38,21.46,9.84,Juazeiro,BA,Nordeste,-9.42,-40.5
2018,191,0.0,0.59,0.24,31.69,52.41,3.39,21.65,9.89,Juazeiro,BA,Nordeste,-9.42,-40.5
2018,192,0.0,0.59,0.24,32.71,56.18,3.36,20.07,9.41,Juazeiro,BA,Nordeste,-9.42,-40.5
2018,193,0.0,0.59,0.24,33.1,57.31,4.77,17.06,8.26,Juazeiro,BA,Nordeste,-9.42,-40.5
2018,194,0.0,0.59,0.24,31.93,56.25,5.1,16.86,8.11,Juazeiro,BA,Nordeste,-9.42,-40.5
2018,195,0.02,0.59,0.23,31.15,54.88,4.39,20.5,9.51,Juazeiro,BA,Nordeste,-9.42,-40.5
2018,196,0.0,0.59,0.23,31.47,50.7,4.36,22.68,10.3,Juazeiro,BA,Nordeste,-9.42,-40.5
2018,197,0.01,0.59,0.23,30.54,57.3,4.65,17.42,8.29,Juazeiro,BA,Nordeste,-9.42,-40.5
2018,198,0.02,0.59,0.23,31.52,55.37,4.62,19.61,9.19,Juazeiro,BA,Nordeste,-9.42,-40.5
2018,199,0.0,0.59,0.22,31.56,56.14,5.09,20.28,9.43,Juazeiro,BA,Nordeste,-9.42,-40.5
2018,200,0.06,0.59,0.22,30.76,59.31,5.18,14.94,7.31,Juazeiro,BA,Nordeste,-9.42,-40.5
2018,201,0.91,0.6,0.25,31.67,59.28,4.93,17.25,8.34,Juazeiro,BA,Nordeste,-9.42,-40.5
2018,202,0.01,0.6,0.25,31.41,58.16,4.62,19.78,9.28,Juazeiro,BA,Nordeste,-9.42,-40.5
2018,203,0.0,0.59,0.25,31.73,55.94,4.98,22.04,10.18,Juazeiro,BA,Nordeste,-9.42,-40.5
2018,204,0.0,0.59,0.24,31.72,56.32,5.33,21.98,10.21,Juazeiro,BA,Nordeste,-9.42,-40.5
2018,205,0.01,0.59,0.24,31.68,54.69,4.98,21.33,9.98,Juazeiro,BA,Nordeste,-9.42,-40.5
2018,206,0.0,0.59,0.24,31.16,57.48,5.19,20.07,9.52,Juazeiro,BA,Nordeste,-9.42,-40.5
2018,207,0.0,0.59,0.23,31.5,57.16,5.12,19.94,9.45,Juazeiro,BA,Nordeste,-9.42,-40.5
2018,208,0.0,0.59,0.23,32.03,54.11,4.83,22.8,10.62,Juazeiro,BA,Nordeste,-9.42,-40.5
2018,209,0.06,0.59,0.23,32.4,58.88,4.99,21.04,9.93,Juazeiro,BA,Nordeste,-9.42,-40.5
2018,210,0.1,0.59,0.23,31.68,56.18,4.78,21.53,10.05,Juazeiro,BA,Nordeste,-9.42,-40.5
2018,211,0.01,0.59,0.23,31.68,51.78,3.31,21.68,10.02,Juazeiro,BA,Nordeste,-9.42,-40.5
2018,212,0.0,0.59,0.22,32.7,55.19,3.67,19.1,9.06,Juazeiro,BA,Nordeste,-9.42,-40.5
2018,213,0.0,0.59,0.22,33.48,53.71,4.04,19.32,9.15,Juazeiro,BA,Nordeste,-9.42,-40.5
2018,214,0.0,0.59,0.22,32.99,50.32,4.72,23.57,10.8,Juazeiro,BA,Nordeste,-9.42,-40.5
2018,215,0.0,0.59,0.22,32.71,50.8,4.37,22.43,10.4,Juazeiro,BA,Nordeste,-9.42,-40.5
2018,216,0.0,0.59,0.21,33.41,46.96,3.54,23.97,10.98,Juazeiro,BA,Nordeste,-9.42,-40.5
2018,217,0.0,0.59,0.21,34.62,48.98,3.48,23.55,10.84,Juazeiro,BA,Nordeste,-9.42,-40.5
2018,218,0.0,0.59,0.21,34.36,50.87,4.51,22.61,10.57,Juazeiro,BA,Nordeste,-9.42,-40.5
2018,219,0.0,0.59,0.21,33.41,52.8,4.73,23.28,10.72,Juazeiro,BA,Nordeste,-9.42,-40.5
2018,220,0.0,0.59,0.2,33.03,54.42,4.82,22.31,10.39,Juazeiro,BA,Nordeste,-9.42,-40.5
2018,221,0.0,0.59,0.2,33.59,51.08,4.11,22.86,10.58,Juazeiro,BA,Nordeste,-9.42,-40.5
2018,222,0.0,0.59,0.2,34.51,47.03,3.12,24.4,11.1,Juazeiro,BA,Nordeste,-9.42,-40.5
2018,223,0.0,0.59,0.2,35.07,47.76,3.58,23.87,10.97,Juazeiro,BA,Nordeste,-9.42,-40.5
2018,224,0.0,0.59,0.2,35.42,41.24,2.93,24.17,11.1,Juazeiro,BA,Nordeste,-9.42,-40.5
2018,225,0.0,0.59,0.19,34.74,50.03,3.77,16.7,8.18,Juazeiro,BA,Nordeste,-9.42,-40.5
2018,226,0.0,0.59,0.19,34.05,49.36,4.64,21.21,9.95,Juazeiro,BA,Nordeste,-9.42,-40.5
2018,227,0.0,0.59,0.19,34.31,47.13,4.59,24.17,11.2,Juazeiro,BA,Nordeste,-9.42,-40.5
2018,228,0.0,0.59,0.19,34.53,47.72,4.46,24.35,11.22,Juazeiro,BA,Nordeste,-9.42,-40.5
2018,229,0.0,0.59,0.19,34.25,52.33,5.43,22.44,10.45,Juazeiro,BA,Nordeste,-9.42,-40.5
2018,230,0.0,0.59,0.19,33.5,53.58,5.46,21.51,10.07,Juazeiro,BA,Nordeste,-9.42,-40.5
2018,231,0.33,0.59,0.18,33.41,56.24,5.72,17.02,8.33,Juazeiro,BA,Nordeste,-9.42,-40.5
2018,232,0.33,0.59,0.2,32.79,58.5,5.93,17.93,8.66,Juazeiro,BA,Nordeste,-9.42,-40.5
2018,233,0.14,0.59,0.2,33.06,55.59,5.52,21.27,9.96,Juazeiro,BA,Nordeste,-9.42,-40.5
2018,234,0.02,0.59,0.2,32.79,55.44,5.44,20.82,9.82,Juazeiro,BA,Nordeste,-9.42,-40.5
2018,235,0.03,0.59,0.2,33.07,51.84,5.27,23.84,11.0,Juazeiro,BA,Nordeste,-9.42,-40.5
2018,236,0.09,0.59,0.2,33.14,54.61,5.25,22.67,10.6,Juazeiro,BA,Nordeste,-9.42,-40.5
2018,237,0.01,0.59,0.2,33.88,49.44,4.85,25.25,11.52,Juazeiro,BA,Nordeste,-9.42,-40.5
2018,238,0.0,0.59,0.19,33.77,50.15,5.3,25.61,11.7,Juazeiro,BA,Nordeste,-9.42,-40.5
2018,239,0.09,0.59,0.19,32.57,55.25,5.63,20.13,9.59,Juazeiro,BA,Nordeste,-9.42,-40.5
2018,240,0.47,0.59,0.2,32.26,57.05,5.48,21.34,10.13,Juazeiro,BA,Nordeste,-9.42,-40.5
2018,241,0.12,0.59,0.2,31.39,58.23,6.06,18.02,8.72,Juazeiro,BA,Nordeste,-9.42,-40.5
2018,242,0.12,0.59,0.2,31.35,54.74,5.56,24.88,11.47,Juazeiro,BA,Nordeste,-9.42,-40.5
2018,243,0.11,0.59,0.2,31.63,52.8,5.25,23.1,10.72,Juazeiro,BA,Nordeste,-9.42,-40.5
2018,244,0.14,0.59,0.21,32.81,48.93,4.45,24.97,11.47,Juazeiro,BA,Nordeste,-9.42,-40.5
2018,245,0.0,0.59,0.21,34.04,52.34,4.71,25.5,11.69,Juazeiro,BA,Nordeste,-9.42,-40.5
2018,246,0.0,0.59,0.2,34.51,51.03,3.95,25.49,11.72,Juazeiro,BA,Nordeste,-9.42,-40.5
2018,247,0.0,0.59,0.2,36.03,46.39,2.61,25.99,11.98,Juazeiro,BA,Nordeste,-9.42,-40.5
2018,248,0.0,0.59,0.2,36.45,46.04,3.41,25.75,11.99,Juazeiro,BA,Nordeste,-9.42,-40.5
2018,249,0.01,0.59,0.19,31.43,52.86,5.28,23.07,10.91,Juazeiro,BA,Nordeste,-9.42,-40.5
2018,250,0.22,0.59,0.19,33.4,56.53,6.14,19.02,9.14,Juazeiro,BA,Nordeste,-9.42,-40.5
2018,251,0.53,0.59,0.21,32.23,56.62,6.0,19.29,9.33,Juazeiro,BA,Nordeste,-9.42,-40.5
2018,252,0.05,0.59,0.21,32.91,52.69,5.5,25.18,11.63,Juazeiro,BA,Nordeste,-9.42,-40.5
2018,253,0.0,0.59,0.21,34.08,51.34,4.95,25.59,11.77,Juazeiro,BA,Nordeste,-9.42,-40.5
2018,254,0.0,0.59,0.2,34.26,51.51,5.06,25.3,11.65,Juazeiro,BA,Nordeste,-9.42,-40.5
2018,255,0.0,0.59,0.2,34.9,46.99,5.58,26.64,12.29,Juazeiro,BA,Nordeste,-9.42,-40.5
2018,256,0.0,0.59,0.2,33.58,49.22,6.09,26.87,12.32,Juazeiro,BA,Nordeste,-9.42,-40.5
2018,257,0.0,0.59,0.2,34.08,49.91,5.31,26.01,11.93,Juazeiro,BA,Nordeste,-9.42,-40.5
2018,258,0.15,0.59,0.2,35.12,48.08,4.45,26.76,12.34,Juazeiro,BA,Nordeste,-9.42,-40.5
2018,259,0.0,0.59,0.2,36.21,46.77,4.26,26.71,12.3,Juazeiro,BA,Nordeste,-9.42,-40.5
2018,260,0.0,0.59,0.19,37.08,46.53,4.35,26.24,12.0,Juazeiro,BA,Nordeste,-9.42,-40.5
2018,261,0.0,0.59,0.19,36.43,47.86,5.11,26.53,12.07,Juazeiro,BA,Nordeste,-9.42,-40.5
2018,262,0.0,0.59,0.19,36.41,48.05,5.31,25.4,11.65,Juazeiro,BA,Nordeste,-9.42,-40.5
2018,263,0.0,0.59,0.18,35.77,48.37,5.59,23.86,11.0,Juazeiro,BA,Nordeste,-9.42,-40.5
2018,264,0.0,0.59,0.18,35.51,49.11,4.99,24.59,11.37,Juazeiro,BA,Nordeste,-9.42,-40.5
2018,265,0.0,0.59,0.18,36.67,44.5,4.15,27.4,12.52,Juazeiro,BA,Nordeste,-9.42,-40.5
2018,266,0.0,0.59,0.18,36.47,46.1,5.2,26.08,12.01,Juazeiro,BA,Nordeste,-9.42,-40.5
2018,267,0.0,0.59,0.18,35.9,48.5,5.15,24.02,11.16,Juazeiro,BA,Nordeste,-9.42,-40.5
2018,268,0.0,0.59,0.18,35.52,46.7,4.57,20.55,9.66,Juazeiro,BA,Nordeste,-9.42,-40.5
2018,269,0.0,0.59,0.17,35.64,48.84,5.44,22.85,10.62,Juazeiro,BA,Nordeste,-9.42,-40.5
2018,270,0.0,0.59,0.17,36.08,45.1,5.04,27.23,12.36,Juazeiro,BA,Nordeste,-9.42,-40.5
2018,271,0.0,0.59,0.17,36.09,46.29,4.39,26.14,11.92,Juazeiro,BA,Nordeste,-9.42,-40.5
2018,272,0.0,0.59,0.17,36.59,44.87,4.03,27.82,12.74,Juazeiro,BA,Nordeste,-9.42,-40.5
2018,273,0.0,0.59,0.17,36.09,46.52,4.79,21.31,9.97,Juazeiro,BA,Nordeste,-9.42,-40.5
2018,274,0.0,0.59,0.17,35.79,44.82,5.11,25.27,11.54,Juazeiro,BA,Nordeste,-9.42,-40.5
2018,275,0.0,0.59,0.16,35.82,46.33,5.18,27.5,12.55,Juazeiro,BA,Nordeste,-9.42,-40.5
2018,276,0.01,0.59,0.16,36.28,45.48,3.7,26.44,12.16,Juazeiro,BA,Nordeste,-9.42,-40.5
2018,277,0.0,0.59,0.16,37.3,46.46,3.48,25.99,11.97,Juazeiro,BA,Nordeste,-9.42,-40.5
2018,278,0.0,0.59,0.16,37.14,46.51,4.48,24.03,11.18,Juazeiro,BA,Nordeste,-9.42,-40.5
2018,279,0.0,0.59,0.16,36.19,45.86,4.91,27.51,12.59,Juazeiro,BA,Nordeste,-9.42,-40.5
2018,280,0.01,0.59,0.16,35.88,48.45,5.25,22.89,10.66,Juazeiro,BA,Nordeste,-9.42,-40.5
2018,281,0.01,0.59,0.16,36.09,44.82,5.24,23.97,11.15,Juazeiro,BA,Nordeste,-9.42,-40.5
2018,282,0.0,0.59,0.16,35.98,41.21,5.04,28.42,12.82,Juazeiro,BA,Nordeste,-9.42,-40.5
2018,283,0.0,0.59,0.16,36.15,45.03,4.64,28.45,12.84,Juazeiro,BA,Nordeste,-9.42,-40.5
2018,284,0.0,0.59,0.15,36.09,46.6,4.43,24.92,11.45,Juazeiro,BA,Nordeste,-9.42,-40.5
2018,285,0.0,0.59,0.15,35.44,46.61,4.87,25.13,11.53,Juazeiro,BA,Nordeste,-9.42,-40.5
2018,286,0.0,0.59,0.15,36.5,44.91,4.34,24.45,11.28,Juazeiro,BA,Nordeste,-9.42,-40.5
2018,287,0.04,0.59,0.15,37.87,45.12,2.53,26.35,12.13,Juazeiro,BA,Nordeste,-9.42,-40.5
2018,288,0.35,0.59,0.15,37.79,40.87,2.2,23.18,10.89,Juazeiro,BA,Nordeste,-9.42,-40.5
2018,289,3.33,0.59,0.2,35.76,50.16,2.13,16.72,8.11,Juazeiro,BA,Nordeste,-9.42,-40.5
2018,290,1.64,0.6,0.34,34.87,54.51,4.05,17.96,8.73,Juazeiro,BA,Nordeste,-9.42,-40.5
2018,291,0.11,0.6,0.32,37.07,48.0,4.74,18.42,8.89,Juazeiro,BA,Nordeste,-9.42,-40.5
2018,292,0.0,0.6,0.3,37.43,44.88,3.14,24.9,11.7,Juazeiro,BA,Nordeste,-9.42,-40.5
2018,293,0.0,0.6,0.29,38.35,36.98,2.5,24.53,11.5,Juazeiro,BA,Nordeste,-9.42,-40.5
2018,294,0.33,0.6,0.28,36.22,45.53,5.25,21.45,10.2,Juazeiro,BA,Nordeste,-9.42,-40.5
2018,295,0.04,0.6,0.27,36.55,50.99,5.9,18.66,8.94,Juazeiro,BA,Nordeste,-9.42,-40.5
2018,296,0.02,0.6,0.27,37.08,48.55,5.25,23.2,10.95,Juazeiro,BA,Nordeste,-9.42,-40.5
2018,297,0.04,0.6,0.26,37.29,47.05,5.01,26.06,12.08,Juazeiro,BA,Nordeste,-9.42,-40.5
2018,298,0.0,0.6,0.25,37.57,44.73,4.62,28.94,13.16,Juazeiro,BA,Nordeste,-9.42,-40.5
2018,299,0.0,0.59,0.24,38.03,45.34,3.65,28.52,13.01,Juazeiro,BA,Nordeste,-9.42,-40.5
2018,300,0.0,0.59,0.23,38.66,42.49,3.15,26.78,12.43,Juazeiro,BA,Nordeste,-9.42,-40.5
2018,301,1.32,0.59,0.24,35.84,45.15,3.11,24.68,11.61,Juazeiro,BA,Nordeste,-9.42,-40.5
2018,302,0.3,0.6,0.27,37.61,48.01,2.01,22.83,10.96,Juazeiro,BA,Nordeste,-9.42,-40.5
2018,303,0.08,0.6,0.27,36.18,47.86,4.86,18.25,8.74,Juazeiro,BA,Nordeste,-9.42,-40.5
2018,304,0.06,0.6,0.26,37.4,45.25,5.11,20.97,9.85,Juazeiro,BA,Nordeste,-9.42,-40.5
2018,305,0.0,0.6,0.25,36.84,43.63,4.34,26.02,12.02,Juazeiro,BA,Nordeste,-9.42,-40.5
2018,306,0.0,0.59,0.24,37.36,40.97,3.53,28.62,13.13,Juazeiro,BA,Nordeste,-9.42,-40.5
2018,307,0.0,0.59,0.24,37.34,45.14,4.32,25.34,11.78,Juazeiro,BA,Nordeste,-9.42,-40.5
2018,308,0.0,0.59,0.23,37.94,43.1,3.8,23.65,11.06,Juazeiro,BA,Nordeste,-9.42,-40.5
2018,309,0.0,0.59,0.22,37.68,43.01,3.92,26.18,12.14,Juazeiro,BA,Nordeste,-9.42,-40.5
2018,310,0.0,0.59,0.22,35.7,45.44,4.99,24.42,11.43,Juazeiro,BA,Nordeste,-9.42,-40.5
2018,311,0.0,0.59,0.22,36.48,42.7,4.87,27.1,12.62,Juazeiro,BA,Nordeste,-9.42,-40.5
2018,312,0.38,0.59,0.22,36.4,49.86,5.11,23.19,10.98,Juazeiro,BA,Nordeste,-9.42,-40.5
2018,313,0.2,0.59,0.22,36.89,47.96,4.92,27.04,12.66,Juazeiro,BA,Nordeste,-9.42,-40.5
2018,314,0.01,0.59,0.22,37.67,45.69,4.54,24.92,11.66,Juazeiro,BA,Nordeste,-9.42,-40.5
2018,315,0.74,0.59,0.22,37.32,44.53,4.0,26.62,12.44,Juazeiro,BA,Nordeste,-9.42,-40.5
2018,316,0.62,0.6,0.25,35.92,43.52,3.86,20.81,10.02,Juazeiro,BA,Nordeste,-9.42,-40.5
2018,317,0.0,0.6,0.25,37.75,40.23,4.57,26.68,12.51,Juazeiro,BA,Nordeste,-9.42,-40.5
2018,318,0.0,0.59,0.24,37.68,41.4,4.55,28.2,13.11,Juazeiro,BA,Nordeste,-9.42,-40.5
2018,319,0.0,0.59,0.23,36.66,45.63,4.3,25.04,11.76,Juazeiro,BA,Nordeste,-9.42,-40.5
2018,320,0.0,0.59,0.23,37.21,43.59,4.75,25.3,11.82,Juazeiro,BA,Nordeste,-9.42,-40.5
2018,321,0.0,0.59,0.22,36.91,46.47,5.43,23.44,11.04,Juazeiro,BA,Nordeste,-9.42,-40.5
2018,322,0.0,0.59,0.22,36.94,47.59,5.97,24.2,11.23,Juazeiro,BA,Nordeste,-9.42,-40.5
2018,323,0.0,0.59,0.21,36.97,44.47,5.02,27.48,12.55,Juazeiro,BA,Nordeste,-9.42,-40.5
2018,324,0.0,0.59,0.21,37.01,46.01,5.09,25.97,11.96,Juazeiro,BA,Nordeste,-9.42,-40.5
2018,325,0.0,0.59,0.21,37.0,47.51,5.62,24.52,11.36,Juazeiro,BA,Nordeste,-9.42,-40.5
2018,326,0.0,0.59,0.2,36.94,45.81,5.56,26.09,12.09,Juazeiro,BA,Nordeste,-9.42,-40.5
2018,327,0.0,0.59,0.2,36.1,47.5,5.41,20.43,9.72,Juazeiro,BA,Nordeste,-9.42,-40.5
2018,328,0.0,0.59,0.2,34.95,49.64,4.44,21.35,10.13,Juazeiro,BA,Nordeste,-9.42,-40.5
2018,329,0.51,0.59,0.2,32.25,57.32,3.66,14.76,7.21,Juazeiro,BA,Nordeste,-9.42,-40.5
2018,330,3.95,0.6,0.29,26.92,70.94,4.19,9.78,5.1,Juazeiro,BA,Nordeste,-9.42,-40.5
2018,331,0.8,0.6,0.37,33.8,60.45,4.85,14.79,7.39,Juazeiro,BA,Nordeste,-9.42,-40.5
2018,332,0.07,0.6,0.36,34.52,56.57,5.02,22.25,10.59,Juazeiro,BA,Nordeste,-9.42,-40.5
2018,333,0.08,0.6,0.34,36.06,54.54,4.8,24.95,11.71,Juazeiro,BA,Nordeste,-9.42,-40.5
2018,334,1.49,0.6,0.34,34.35,53.79,3.09,20.75,9.88,Juazeiro,BA,Nordeste,-9.42,-40.5
2018,335,1.66,0.6,0.38,34.84,59.87,2.99,15.8,7.83,Juazeiro,BA,Nordeste,-9.42,-40.5
2018,336,17.01,0.62,0.58,27.9,78.49,1.57,15.18,7.59,Juazeiro,BA,Nordeste,-9.42,-40.5
2018,337,13.01,0.64,0.68,29.21,78.86,1.63,17.09,8.39,Juazeiro,BA,Nordeste,-9.42,-40.5
2018,338,18.9,0.67,0.73,30.61,78.34,1.68,7.51,4.05,Juazeiro,BA,Nordeste,-9.42,-40.5
2018,339,7.99,0.68,0.71,25.99,86.04,2.23,14.16,7.13,Juazeiro,BA,Nordeste,-9.42,-40.5
2018,340,2.27,0.68,0.69,30.31,73.88,0.89,16.63,8.27,Juazeiro,BA,Nordeste,-9.42,-40.5
2018,341,0.4,0.67,0.65,33.57,68.33,2.6,21.63,10.43,Juazeiro,BA,Nordeste,-9.42,-40.5
2018,342,3.32,0.66,0.65,33.93,66.23,1.85,27.35,12.85,Juazeiro,BA,Nordeste,-9.42,-40.5
2018,343,11.14,0.67,0.7,29.84,75.21,2.46,12.09,6.21,Juazeiro,BA,Nordeste,-9.42,-40.5
2018,344,3.7,0.67,0.67,32.0,72.39,4.54,16.16,8.08,Juazeiro,BA,Nordeste,-9.42,-40.5
2018,345,0.3,0.66,0.65,33.29,65.81,5.03,24.78,11.7,Juazeiro,BA,Nordeste,-9.42,-40.5
2018,346,0.02,0.66,0.63,32.84,62.88,4.91,23.26,10.95,Juazeiro,BA,Nordeste,-9.42,-40.5
2018,347,0.04,0.65,0.62,32.95,61.21,4.46,20.84,9.97,Juazeiro,BA,Nordeste,-9.42,-40.5
2018,348,0.2,0.64,0.62,29.58,66.97,3.54,25.25,11.68,Juazeiro,BA,Nordeste,-9.42,-40.5
2018,349,0.0,0.64,0.62,33.1,60.81,4.67,26.38,12.2,Juazeiro,BA,Nordeste,-9.42,-40.5
2018,350,0.0,0.64,0.61,33.7,58.2,3.89,21.21,10.03,Juazeiro,BA,Nordeste,-9.42,-40.5
2018,351,0.35,0.63,0.61,33.32,62.73,4.36,23.71,11.18,Juazeiro,BA,Nordeste,-9.42,-40.5
2018,352,0.9,0.63,0.61,34.18,64.0,4.15,22.3,10.67,Juazeiro,BA,Nordeste,-9.42,-40.5
2018,353,0.0,0.62,0.6,35.05,57.35,3.98,27.3,12.67,Juazeiro,BA,Nordeste,-9.42,-40.5
2018,354,0.0,0.62,0.59,34.8,56.25,3.33,28.91,13.33,Juazeiro,BA,Nordeste,-9.42,-40.5
2018,355,0.0,0.62,0.58,34.14,56.37,3.24,19.15,9.25,Juazeiro,BA,Nordeste,-9.42,-40.5
2018,356,0.0,0.61,0.56,33.82,56.4,2.98,26.0,12.1,Juazeiro,BA,Nordeste,-9.42,-40.5
2018,357,0.0,0.61,0.54,32.67,59.24,2.66,22.61,10.65,Juazeiro,BA,Nordeste,-9.42,-40.5
2018,358,0.06,0.61,0.54,30.81,67.38,2.46,18.73,9.21,Juazeiro,BA,Nordeste,-9.42,-40.5
2018,359,0.25,0.61,0.52,33.95,60.42,1.81,20.76,10.06,Juazeiro,BA,Nordeste,-9.42,-40.5
2018,360,0.02,0.61,0.5,35.6,52.68,2.46,26.15,12.42,Juazeiro,BA,Nordeste,-9.42,-40.5
2018,361,0.0,0.61,0.46,36.61,49.9,2.56,27.72,13.01,Juazeiro,BA,Nordeste,-9.42,-40.5
2018,362,0.0,0.6,0.43,37.01,48.36,2.61,26.83,12.59,Juazeiro,BA,Nordeste,-9.42,-40.5
2018,363,0.0,0.6,0.41,36.62,49.3,3.24,25.47,12.0,Juazeiro,BA,Nordeste,-9.42,-40.5
2018,364,0.02,0.6,0.39,36.68,45.11,3.15,21.66,10.36,Juazeiro,BA,Nordeste,-9.42,-40.5
2018,365,0.01,0.6,0.38,36.6,46.2,3.22,26.63,12.4,Juazeiro,BA,Nordeste,-9.42,-40.5
2019,1,0.02,0.6,0.37,37.33,44.04,4.31,26.6,12.54,Juazeiro,BA,Nordeste,-9.42,-40.5
2019,2,0.05,0.6,0.36,37.57,47.69,5.06,25.73,12.15,Juazeiro,BA,Nordeste,-9.42,-40.5
2019,3,0.01,0.6,0.35,36.94,45.62,4.21,28.52,13.3,Juazeiro,BA,Nordeste,-9.42,-40.5
2019,4,0.1,0.6,0.35,36.37,47.47,3.43,25.97,12.35,Juazeiro,BA,Nordeste,-9.42,-40.5
2019,5,0.02,0.6,0.34,35.47,44.85,3.74,20.05,9.71,Juazeiro,BA,Nordeste,-9.42,-40.5
2019,6,0.05,0.6,0.34,37.09,43.98,4.42,13.64,6.85,Juazeiro,BA,Nordeste,-9.42,-40.5
2019,7,0.03,0.6,0.34,31.37,52.04,3.83,18.6,9.03,Juazeiro,BA,Nordeste,-9.42,-40.5
2019,8,0.02,0.6,0.34,35.24,49.44,4.02,20.08,9.7,Juazeiro,BA,Nordeste,-9.42,-40.5
2019,9,0.16,0.6,0.33,35.1,57.08,3.91,22.29,10.67,Juazeiro,BA,Nordeste,-9.42,-40.5
2019,10,0.1,0.6,0.34,31.66,57.37,4.05,15.45,7.76,Juazeiro,BA,Nordeste,-9.42,-40.5
2019,11,0.01,0.6,0.34,36.36,48.37,4.38,22.71,10.78,Juazeiro,BA,Nordeste,-9.42,-40.5
2019,12,0.0,0.6,0.33,36.79,46.17,3.84,25.6,12.05,Juazeiro,BA,Nordeste,-9.42,-40.5
2019,13,0.0,0.6,0.32,37.24,44.62,3.94,26.59,12.5,Juazeiro,BA,Nordeste,-9.42,-40.5
2019,14,1.67,0.6,0.34,32.16,57.74,3.73,18.54,9.14,Juazeiro,BA,Nordeste,-9.42,-40.5
2019,15,0.02,0.6,0.36,37.2,46.89,4.21,25.25,11.84,Juazeiro,BA,Nordeste,-9.42,-40.5
2019,16,0.0,0.6,0.34,36.99,43.71,4.08,24.5,11.47,Juazeiro,BA,Nordeste,-9.42,-40.5
2019,17,0.0,0.6,0.33,37.76,45.24,3.81,25.39,11.82,Juazeiro,BA,Nordeste,-9.42,-40.5
2019,18,0.0,0.6,0.32,37.18,46.94,4.27,22.92,10.75,Juazeiro,BA,Nordeste,-9.42,-40.5
2019,19,0.0,0.6,0.31,37.11,43.21,4.11,25.17,11.65,Juazeiro,BA,Nordeste,-9.42,-40.5
2019,20,0.02,0.6,0.3,36.6,47.0,3.67,19.57,9.29,Juazeiro,BA,Nordeste,-9.42,-40.5
2019,21,0.0,0.6,0.29,37.72,46.22,4.88,24.98,11.76,Juazeiro,BA,Nordeste,-9.42,-40.5
2019,22,0.0,0.6,0.29,37.54,42.35,4.85,29.2,13.42,Juazeiro,BA,Nordeste,-9.42,-40.5
2019,23,0.0,0.6,0.28,37.56,46.32,4.31,26.52,12.35,Juazeiro,BA,Nordeste,-9.42,-40.5
2019,24,0.11,0.6,0.28,37.23,44.16,3.8,22.53,10.67,Juazeiro,BA,Nordeste,-9.42,-40.5
2019,25,0.02,0.6,0.27,36.5,45.43,3.33,22.48,10.57,Juazeiro,BA,Nordeste,-9.42,-40.5
2019,26,0.27,0.6,0.27,36.11,43.44,3.89,24.78,11.59,Juazeiro,BA,Nordeste,-9.42,-40.5
2019,27,0.21,0.6,0.27,36.79,42.16,4.49,26.71,12.44,Juazeiro,BA,Nordeste,-9.42,-40.5
2019,28,3.2,0.6,0.3,36.67,51.72,5.16,24.81,11.72,Juazeiro,BA,Nordeste,-9.42,-40.5
2019,29,0.23,0.6,0.37,36.95,51.99,4.88,26.42,12.43,Juazeiro,BA,Nordeste,-9.42,-40.5
2019,30,0.0,0.6,0.35,36.81,46.78,4.23,29.27,13.49,Juazeiro,BA,Nordeste,-9.42,-40.5
2019,31,0.0,0.6,0.33,37.05,44.31,3.98,26.33,12.38,Juazeiro,BA,Nordeste,-9.42,-40.5
2019,32,0.0,0.6,0.31,36.99,45.39,3.84,26.61,12.48,Juazeiro,BA,Nordeste,-9.42,-40.5
2019,33,3.63,0.6,0.37,31.81,57.51,3.08,21.42,10.31,Juazeiro,BA,Nordeste,-9.42,-40.5
2019,34,0.08,0.6,0.42,34.55,51.56,2.34,20.31,9.84,Juazeiro,BA,Nordeste,-9.42,-40.5
2019,35,0.27,0.6,0.39,36.39,51.44,2.58,26.04,12.27,Juazeiro,BA,Nordeste,-9.42,-40.5
2019,36,1.64,0.6,0.38,35.76,54.95,2.06,17.66,8.7,Juazeiro,BA,Nordeste,-9.42,-40.5
2019,37,2.68,0.61,0.45,32.25,63.95,1.89,12.12,6.38,Juazeiro,BA,Nordeste,-9.42,-40.5
2019,38,2.4,0.61,0.47,35.13,62.98,2.72,15.84,7.98,Juazeiro,BA,Nordeste,-9.42,-40.5
2019,39,0.13,0.61,0.46,36.99,51.78,2.76,26.01,12.29,Juazeiro,BA,Nordeste,-9.42,-40.5
2019,40,0.0,0.6,0.41,36.64,50.37,3.49,24.71,11.71,Juazeiro,BA,Nordeste,-9.42,-40.5
2019,41,0.0,0.6,0.37,37.43,46.73,4.91,27.36,12.78,Juazeiro,BA,Nordeste,-9.42,-40.5
2019,42,0.0,0.6,0.35,37.24,48.83,5.23,26.81,12.61,Juazeiro,BA,Nordeste,-9.42,-40.5
2019,43,0.0,0.6,0.33,37.73,46.91,4.21,26.14,12.35,Juazeiro,BA,Nordeste,-9.42,-40.5
2019,44,1.37,0.6,0.33,34.16,53.73,3.01,24.74,11.78,Juazeiro,BA,Nordeste,-9.42,-40.5
2019,45,2.26,0.6,0.4,34.98,54.74,1.33,20.48,10.05,Juazeiro,BA,Nordeste,-9.42,-40.5
2019,46,1.61,0.6,0.41,32.56,60.43,1.82,21.9,10.73,Juazeiro,BA,Nordeste,-9.42,-40.5
2019,47,7.27,0.62,0.56,28.72,74.44,0.93,19.21,9.55,Juazeiro,BA,Nordeste,-9.42,-40.5
2019,48,1.76,0.61,0.58,34.88,66.17,1.77,20.89,10.11,Juazeiro,BA,Nordeste,-9.42,-40.5
2019,49,9.36,0.63,0.64,29.67,79.81,1.33,22.91,11.05,Juazeiro,BA,Nordeste,-9.42,-40.5
2019,50,0.06,0.63,0.6,36.71,58.86,2.96,24.97,11.82,Juazeiro,BA,Nordeste,-9.42,-40.5
2019,51,0.03,0.62,0.58,36.9,53.5,2.2,28.29,13.25,Juazeiro,BA,Nordeste,-9.42,-40.5
2019,52,0.14,0.61,0.55,35.66,54.72,2.54,25.25,11.97,Juazeiro,BA,Nordeste,-9.42,-40.5
2019,53,0.01,0.61,0.51,35.47,52.99,2.41,25.06,11.73,Juazeiro,BA,Nordeste,-9.42,-40.5
2019,54,10.13,0.61,0.54,30.89,72.04,2.4,20.73,10.04,Juazeiro,BA,Nordeste,-9.42,-40.5
2019,55,5.32,0.63,0.65,30.28,75.77,1.23,21.81,10.5,Juazeiro,BA,Nordeste,-9.42,-40.5
2019,56,0.9,0.63,0.61,34.09,70.38,1.65,16.01,7.97,Juazeiro,BA,Nordeste,-9.42,-40.5
2019,57,2.58,0.63,0.62,31.43,72.38,1.71,23.3,11.12,Juazeiro,BA,Nordeste,-9.42,-40.5
2019,58,1.11,0.63,0.61,31.61,72.91,1.5,19.29,9.35,Juazeiro,BA,Nordeste,-9.42,-40.5
2019,59,1.76,0.62,0.6,34.6,62.02,2.21,24.2,11.46,Juazeiro,BA,Nordeste,-9.42,-40.5
2019,60,0.36,0.62,0.58,31.81,61.86,2.02,24.46,11.64,Juazeiro,BA,Nordeste,-9.42,-40.5
2019,61,0.51,0.62,0.56,35.46,59.98,2.14,23.69,11.27,Juazeiro,BA,Nordeste,-9.42,-40.5
2019,62,1.21,0.61,0.53,36.3,57.93,2.75,24.04,11.3,Juazeiro,BA,Nordeste,-9.42,-40.5
2019,63,10.28,0.62,0.62,32.95,66.33,3.21,20.65,9.94,Juazeiro,BA,Nordeste,-9.42,-40.5
2019,64,1.36,0.63,0.61,35.21,61.49,3.9,23.08,10.96,Juazeiro,BA,Nordeste,-9.42,-40.5
2019,65,0.03,0.62,0.58,35.77,56.43,3.46,25.57,11.92,Juazeiro,BA,Nordeste,-9.42,-40.5
2019,66,0.02,0.62,0.55,36.16,55.62,3.45,20.05,9.65,Juazeiro,BA,Nordeste,-9.42,-40.5
2019,67,0.0,0.61,0.51,36.64,52.9,3.42,24.71,11.58,Juazeiro,BA,Nordeste,-9.42,-40.5
2019,68,0.0,0.61,0.47,37.18,48.25,3.8,25.65,11.99,Juazeiro,BA,Nordeste,-9.42,-40.5
2019,69,0.0,0.6,0.43,37.39,46.38,2.62,27.42,12.75,Juazeiro,BA,Nordeste,-9.42,-40.5
2019,70,0.0,0.6,0.4,36.49,47.1,2.1,28.13,13.12,Juazeiro,BA,Nordeste,-9.42,-40.5
2019,71,0.09,0.6,0.38,37.89,45.54,3.74,25.87,12.18,Juazeiro,BA,Nordeste,-9.42,-40.5
2019,72,0.47,0.6,0.36,38.41,50.93,4.46,23.03,10.86,Juazeiro,BA,Nordeste,-9.42,-40.5
2019,73,3.15,0.6,0.4,34.66,59.86,3.7,20.46,9.9,Juazeiro,BA,Nordeste,-9.42,-40.5
2019,74,0.17,0.6,0.43,36.58,55.17,2.98,22.24,10.63,Juazeiro,BA,Nordeste,-9.42,-40.5
2019,75,0.0,0.6,0.39,38.11,45.79,3.09,27.45,12.68,Juazeiro,BA,Nordeste,-9.42,-40.5
2019,76,0.0,0.6,0.36,37.21,47.38,2.5,23.9,11.28,Juazeiro,BA,Nordeste,-9.42,-40.5
2019,77,0.0,0.6,0.34,37.67,47.93,2.25,23.14,11.01,Juazeiro,BA,Nordeste,-9.42,-40.5
2019,78,0.0,0.6,0.33,37.62,49.38,1.31,22.52,10.69,Juazeiro,BA,Nordeste,-9.42,-40.5
2019,79,0.13,0.6,0.32,38.36,52.38,2.95,22.75,10.94,Juazeiro,BA,Nordeste,-9.42,-40.5
2019,80,1.13,0.6,0.33,29.33,70.45,3.6,15.95,7.97,Juazeiro,BA,Nordeste,-9.42,-40.5
2019,81,3.61,0.6,0.4,34.48,71.58,2.65,18.32,9.07,Juazeiro,BA,Nordeste,-9.42,-40.5
2019,82,12.84,0.62,0.58,31.74,75.02,1.2,14.52,7.39,Juazeiro,BA,Nordeste,-9.42,-40.5
2019,83,9.28,0.64,0.67,27.2,84.55,2.03,16.11,8.1,Juazeiro,BA,Nordeste,-9.42,-40.5
2019,84,3.88,0.64,0.64,28.77,79.17,1.78,16.61,8.38,Juazeiro,BA,Nordeste,-9.42,-40.5
2019,85,0.74,0.64,0.62,33.23,69.9,2.09,22.26,10.69,Juazeiro,BA,Nordeste,-9.42,-40.5
2019,86,1.32,0.63,0.62,31.83,70.96,3.49,18.77,9.36,Juazeiro,BA,Nordeste,-9.42,-40.5
2019,87,0.19,0.63,0.61,34.86,63.94,4.05,20.83,10.15,Juazeiro,BA,Nordeste,-9.42,-40.5
2019,88,0.06,0.62,0.6,35.01,61.67,3.79,22.77,10.85,Juazeiro,BA,Nordeste,-9.42,-40.5
2019,89,0.99,0.62,0.59,34.73,67.85,3.75,22.67,10.93,Juazeiro,BA,Nordeste,-9.42,-40.5
2019,90,0.75,0.62,0.59,35.24,68.41,3.15,21.38,10.35,Juazeiro,BA,Nordeste,-9.42,-40.5
2019,91,1.1,0.61,0.57,32.72,68.97,3.06,17.4,8.65,Juazeiro,BA,Nordeste,-9.42,-40.5
2019,92,1.28,0.61,0.57,30.1,75.99,1.96,19.27,9.46,Juazeiro,BA,Nordeste,-9.42,-40.5
2019,93,0.59,0.61,0.54,34.67,66.98,2.4,19.84,9.7,Juazeiro,BA,Nordeste,-9.42,-40.5
2019,94,1.33,0.61,0.52,34.72,68.46,2.68,18.96,9.25,Juazeiro,BA,Nordeste,-9.42,-40.5
2019,95,8.06,0.61,0.56,33.56,74.73,2.45,16.07,8.13,Juazeiro,BA,Nordeste,-9.42,-40.5
2019,96,10.01,0.64,0.66,34.04,71.22,1.86,20.8,10.16,Juazeiro,BA,Nordeste,-9.42,-40.5
2019,97,0.22,0.63,0.61,34.43,66.43,2.43,22.9,11.04,Juazeiro,BA,Nordeste,-9.42,-40.5
2019,98,0.04,0.63,0.6,34.77,65.26,2.68,18.44,9.03,Juazeiro,BA,Nordeste,-9.42,-40.5
2019,99,0.1,0.62,0.6,34.89,64.77,2.6,19.51,9.54,Juazeiro,BA,Nordeste,-9.42,-40.5
2019,100,0.24,0.62,0.58,34.53,65.97,2.08,21.68,10.44,Juazeiro,BA,Nordeste,-9.42,-40.5
2019,101,5.49,0.62,0.6,33.95,68.25,1.21,18.91,9.28,Juazeiro,BA,Nordeste,-9.42,-40.5
2019,102,2.04,0.62,0.59,34.87,66.34,2.56,22.49,10.79,Juazeiro,BA,Nordeste,-9.42,-40.5
2019,103,0.02,0.62,0.56,34.75,62.5,3.62,24.31,11.47,Juazeiro,BA,Nordeste,-9.42,-40.5
2019,104,1.42,0.62,0.54,35.04,63.24,3.99,21.03,10.07,Juazeiro,BA,Nordeste,-9.42,-40.5
2019,105,0.3,0.61,0.54,34.81,61.8,3.79,23.63,11.15,Juazeiro,BA,Nordeste,-9.42,-40.5
2019,106,0.0,0.61,0.52,34.42,65.57,3.29,21.92,10.53,Juazeiro,BA,Nordeste,-9.42,-40.5
2019,107,1.38,0.61,0.5,35.86,64.26,2.94,18.49,8.94,Juazeiro,BA,Nordeste,-9.42,-40.5
2019,108,0.67,0.61,0.5,35.4,66.25,2.19,20.04,9.6,Juazeiro,BA,Nordeste,-9.42,-40.5
2019,109,0.02,0.61,0.47,36.12,57.21,2.43,20.68,9.78,Juazeiro,BA,Nordeste,-9.42,-40.5
2019,110,0.04,0.6,0.43,36.97,54.06,2.83,19.61,9.28,Juazeiro,BA,Nordeste,-9.42,-40.5
2019,111,0.3,0.6,0.41,30.59,68.81,2.3,15.25,7.55,Juazeiro,BA,Nordeste,-9.42,-40.5
2019,112,0.11,0.6,0.41,36.39,53.91,3.72,22.33,10.56,Juazeiro,BA,Nordeste,-9.42,-40.5
2019,113,0.15,0.6,0.38,36.43,56.16,3.99,19.74,9.45,Juazeiro,BA,Nordeste,-9.42,-40.5
2019,114,0.08,0.6,0.37,35.05,55.2,4.77,24.12,11.32,Juazeiro,BA,Nordeste,-9.42,-40.5
2019,115,0.0,0.6,0.36,34.95,51.8,4.59,23.99,11.12,Juazeiro,BA,Nordeste,-9.42,-40.5
2019,116,0.0,0.6,0.35,34.24,53.15,3.97,23.1,10.82,Juazeiro,BA,Nordeste,-9.42,-40.5
2019,117,0.0,0.6,0.34,35.07,55.69,3.81,19.96,9.51,Juazeiro,BA,Nordeste,-9.42,-40.5
2019,118,0.0,0.6,0.34,35.68,54.05,3.36,18.5,8.91,Juazeiro,BA,Nordeste,-9.42,-40.5
2019,119,0.0,0.6,0.33,36.22,51.1,2.05,21.31,10.17,Juazeiro,BA,Nordeste,-9.42,-40.5
2019,120,0.09,0.6,0.32,36.77,47.12,2.7,20.11,9.66,Juazeiro,BA,Nordeste,-9.42,-40.5
2019,121,1.28,0.6,0.32,36.06,57.66,3.59,17.44,8.54,Juazeiro,BA,Nordeste,-9.42,-40.5
2019,122,2.12,0.6,0.4,34.76,63.81,3.38,18.33,8.92,Juazeiro,BA,Nordeste,-9.42,-40.5
2019,123,0.09,0.6,0.39,36.0,51.86,3.64,21.64,10.22,Juazeiro,BA,Nordeste,-9.42,-40.5
2019,124,0.0,0.6,0.37,35.23,50.02,3.85,22.01,10.24,Juazeiro,BA,Nordeste,-9.42,-40.5
2019,125,0.0,0.6,0.35,34.89,46.74,3.8,24.53,11.17,Juazeiro,BA,Nordeste,-9.42,-40.5
2019,126,0.0,0.6,0.34,34.85,46.1,3.46,23.78,10.89,Juazeiro,BA,Nordeste,-9.42,-40.5
2019,127,0.0,0.6,0.33,34.57,48.04,2.9,23.95,10.97,Juazeiro,BA,Nordeste,-9.42,-40.5
2019,128,0.0,0.6,0.32,33.5,51.47,3.02,16.68,8.02,Juazeiro,BA,Nordeste,-9.42,-40.5
2019,129,0.0,0.6,0.31,34.37,49.33,4.0,16.88,8.14,Juazeiro,BA,Nordeste,-9.42,-40.5
2019,130,0.32,0.6,0.3,33.49,60.44,4.09,20.59,9.76,Juazeiro,BA,Nordeste,-9.42,-40.5
2019,131,0.32,0.6,0.31,34.11,66.99,3.72,19.6,9.43,Juazeiro,BA,Nordeste,-9.42,-40.5
2019,132,0.01,0.6,0.3,35.73,56.99,3.8,20.14,9.64,Juazeiro,BA,Nordeste,-9.42,-40.5
2019,133,0.22,0.6,0.3,35.87,56.96,3.23,20.63,9.82,Juazeiro,BA,Nordeste,-9.42,-40.5
2019,134,0.07,0.6,0.3,34.69,56.69,2.75,19.97,9.57,Juazeiro,BA,Nordeste,-9.42,-40.5
2019,135,0.11,0.6,0.29,33.9,53.34,2.36,16.35,8.06,Juazeiro,BA,Nordeste,-9.42,-40.5
2019,136,4.06,0.6,0.34,32.67,61.67,1.8,17.06,8.3,Juazeiro,BA,Nordeste,-9.42,-40.5
2019,137,2.98,0.61,0.5,32.49,63.26,2.63,12.38,6.33,Juazeiro,BA,Nordeste,-9.42,-40.5
2019,138,0.0,0.61,0.47,34.79,58.36,2.78,16.67,8.17,Juazeiro,BA,Nordeste,-9.42,-40.5
2019,139,0.01,0.6,0.42,34.46,52.93,3.01,19.91,9.52,Juazeiro,BA,Nordeste,-9.42,-40.5
2019,140,0.03,0.6,0.4,33.71,56.27,3.28,17.78,8.64,Juazeiro,BA,Nordeste,-9.42,-40.5
2019,141,0.0,0.6,0.37,34.97,57.67,3.76,18.53,8.86,Juazeiro,BA,Nordeste,-9.42,-40.5
2019,142,0.26,0.6,0.36,35.0,61.68,4.43,16.78,8.19,Juazeiro,BA,Nordeste,-9.42,-40.5
2019,143,0.03,0.6,0.35,35.19,56.54,4.1,21.78,10.28,Juazeiro,BA,Nordeste,-9.42,-40.5
2019,144,0.0,0.6,0.33,35.62,52.75,3.59,21.67,10.15,Juazeiro,BA,Nordeste,-9.42,-40.5
2019,145,0.0,0.6,0.32,36.21,46.77,3.38,22.43,10.39,Juazeiro,BA,Nordeste,-9.42,-40.5
2019,146,0.0,0.6,0.3,35.88,46.94,3.98,22.54,10.44,Juazeiro,BA,Nordeste,-9.42,-40.5
2019,147,0.0,0.6,0.29,34.52,51.8,4.08,21.25,9.92,Juazeiro,BA,Nordeste,-9.42,-40.5
2019,148,0.0,0.6,0.29,33.65,59.49,4.34,17.9,8.58,Juazeiro,BA,Nordeste,-9.42,-40.5
2019,149,0.0,0.6,0.28,34.68,55.74,3.91,19.57,9.22,Juazeiro,BA,Nordeste,-9.42,-40.5
2019,150,0.0,0.6,0.28,34.4,54.06,4.13,15.81,7.73,Juazeiro,BA,Nordeste,-9.42,-40.5
2019,151,0.0,0.6,0.27,34.5,54.24,4.0,21.73,10.14,Juazeiro,BA,Nordeste,-9.42,-40.5
2019,152,0.0,0.6,0.27,34.5,54.17,3.55,21.95,10.2,Juazeiro,BA,Nordeste,-9.42,-40.5
2019,153,0.0,0.6,0.26,34.61,57.43,3.51,18.63,8.91,Juazeiro,BA,Nordeste,-9.42,-40.5
2019,154,0.0,0.6,0.26,33.99,47.58,4.21,21.57,10.02,Juazeiro,BA,Nordeste,-9.42,-40.5
2019,155,0.0,0.6,0.25,33.75,53.0,3.39,20.8,9.73,Juazeiro,BA,Nordeste,-9.42,-40.5
2019,156,0.0,0.6,0.25,33.76,43.51,4.35,22.53,10.24,Juazeiro,BA,Nordeste,-9.42,-40.5
2019,157,0.62,0.59,0.24,31.92,65.79,5.51,13.3,6.64,Juazeiro,BA,Nordeste,-9.42,-40.5
2019,158,2.43,0.6,0.27,30.85,67.45,5.24,10.91,5.71,Juazeiro,BA,Nordeste,-9.42,-40.5
2019,159,2.56,0.6,0.4,31.92,66.17,4.63,16.57,8.02,Juazeiro,BA,Nordeste,-9.42,-40.5
2019,160,0.28,0.6,0.4,32.42,62.59,4.58,19.43,9.14,Juazeiro,BA,Nordeste,-9.42,-40.5
2019,161,2.65,0.6,0.41,31.46,69.92,4.97,13.81,6.89,Juazeiro,BA,Nordeste,-9.42,-40.5
2019,162,0.28,0.61,0.45,31.11,69.47,4.38,14.41,7.04,Juazeiro,BA,Nordeste,-9.42,-40.5
2019,163,0.15,0.6,0.42,31.87,66.67,5.0,18.46,8.77,Juazeiro,BA,Nordeste,-9.42,-40.5
2019,164,0.69,0.6,0.41,31.1,72.35,5.28,13.48,6.65,Juazeiro,BA,Nordeste,-9.42,-40.5
2019,165,0.09,0.6,0.4,31.29,63.9,5.37,20.76,9.69,Juazeiro,BA,Nordeste,-9.42,-40.5
2019,166,0.01,0.6,0.38,30.96,62.01,5.0,19.21,8.87,Juazeiro,BA,Nordeste,-9.42,-40.5
2019,167,0.01,0.6,0.36,31.47,60.41,4.3,21.73,9.98,Juazeiro,BA,Nordeste,-9.42,-40.5
2019,168,1.6,0.6,0.36,30.51,65.9,4.11,15.85,7.67,Juazeiro,BA,Nordeste,-9.42,-40.5
2019,169,0.78,0.6,0.41,31.48,67.08,4.87,13.49,6.72,Juazeiro,BA,Nordeste,-9.42,-40.5
2019,170,0.37,0.6,0.4,31.66,66.9,4.38,18.65,8.79,Juazeiro,BA,Nordeste,-9.42,-40.5
2019,171,0.25,0.6,0.39,31.88,69.09,4.68,16.76,8.06,Juazeiro,BA,Nordeste,-9.42,-40.5
2019,172,0.1,0.6,0.38,31.54,63.84,5.16,19.71,9.16,Juazeiro,BA,Nordeste,-9.42,-40.5
2019,173,0.18,0.6,0.36,30.86,65.14,4.93,16.44,7.85,Juazeiro,BA,Nordeste,-9.42,-40.5
2019,174,0.65,0.6,0.36,30.79,69.12,4.71,14.53,7.1,Juazeiro,BA,Nordeste,-9.42,-40.5
2019,175,0.17,0.6,0.35,31.09,68.01,4.25,20.16,9.39,Juazeiro,BA,Nordeste,-9.42,-40.5
2019,176,0.19,0.6,0.35,30.49,64.69,4.26,19.48,9.1,Juazeiro,BA,Nordeste,-9.42,-40.5
2019,177,0.0,0.6,0.34,31.19,58.77,4.54,19.96,9.24,Juazeiro,BA,Nordeste,-9.42,-40.5
2019,178,0.14,0.6,0.33,31.79,64.76,4.47,15.98,7.72,Juazeiro,BA,Nordeste,-9.42,-40.5
2019,179,0.05,0.6,0.32,31.29,62.45,4.84,19.64,9.19,Juazeiro,BA,Nordeste,-9.42,-40.5
2019,180,0.18,0.6,0.32,31.6,63.14,5.36,13.22,6.59,Juazeiro,BA,Nordeste,-9.42,-40.5
2019,181,0.09,0.6,0.31,32.21,62.58,4.79,14.13,6.95,Juazeiro,BA,Nordeste,-9.42,-40.5
2019,182,0.09,0.6,0.3,31.85,57.95,4.47,21.54,9.95,Juazeiro,BA,Nordeste,-9.42,-40.5
2019,183,0.14,0.6,0.3,32.36,61.66,3.71,15.13,7.31,Juazeiro,BA,Nordeste,-9.42,-40.5
2019,184,0.05,0.6,0.29,33.81,55.34,2.78,20.65,9.66,Juazeiro,BA,Nordeste,-9.42,-40.5
2019,185,0.0,0.6,0.28,34.72,56.09,3.48,20.57,9.62,Juazeiro,BA,Nordeste,-9.42,-40.5
2019,186,0.0,0.6,0.28,35.38,51.16,3.01,21.38,10.01,Juazeiro,BA,Nordeste,-9.42,-40.5
2019,187,0.03,0.6,0.27,34.85,52.0,2.68,19.96,9.46,Juazeiro,BA,Nordeste,-9.42,-40.5
2019,188,0.06,0.6,0.26,34.75,50.27,4.09,16.93,8.12,Juazeiro,BA,Nordeste,-9.42,-40.5
2019,189,2.68,0.6,0.32,30.15,68.66,6.22,11.79,6.1,Juazeiro,BA,Nordeste,-9.42,-40.5
2019,190,0.31,0.6,0.35,29.81,66.82,5.93,12.14,6.11,Juazeiro,BA,Nordeste,-9.42,-40.5
2019,191,0.25,0.6,0.34,30.5,66.87,5.87,13.53,6.81,Juazeiro,BA,Nordeste,-9.42,-40.5
2019,192,0.32,0.6,0.34,29.81,66.32,5.42,13.83,6.84,Juazeiro,BA,Nordeste,-9.42,-40.5
2019,193,0.66,0.6,0.34,30.67,69.58,4.74,17.01,8.17,Juazeiro,BA,Nordeste,-9.42,-40.5
2019,194,0.2,0.6,0.34,31.43,65.38,4.4,16.8,8.15,Juazeiro,BA,Nordeste,-9.42,-40.5
2019,195,0.24,0.6,0.34,31.86,63.74,4.09,19.95,9.33,Juazeiro,BA,Nordeste,-9.42,-40.5
2019,196,0.0,0.6,0.32,31.92,61.66,4.34,17.43,8.32,Juazeiro,BA,Nordeste,-9.42,-40.5
2019,197,0.01,0.6,0.31,32.34,51.56,3.77,22.63,10.31,Juazeiro,BA,Nordeste,-9.42,-40.5
2019,198,0.0,0.6,0.3,33.24,52.71,4.21,22.67,10.31,Juazeiro,BA,Nordeste,-9.42,-40.5
2019,199,0.56,0.6,0.29,30.88,65.62,5.6,16.43,7.97,Juazeiro,BA,Nordeste,-9.42,-40.5
2019,200,0.28,0.6,0.3,29.42,63.84,6.23,14.65,7.15,Juazeiro,BA,Nordeste,-9.42,-40.5
2019,201,0.28,0.6,0.3,29.86,63.14,5.61,13.73,6.84,Juazeiro,BA,Nordeste,-9.42,-40.5
2019,202,0.15,0.6,0.3,30.19,63.31,5.55,20.72,9.73,Juazeiro,BA,Nordeste,-9.42,-40.5
2019,203,0.14,0.6,0.3,30.51,62.18,5.2,17.81,8.44,Juazeiro,BA,Nordeste,-9.42,-40.5
2019,204,0.02,0.6,0.29,31.77,61.39,4.81,19.77,9.26,Juazeiro,BA,Nordeste,-9.42,-40.5
2019,205,0.08,0.6,0.29,32.23,60.1,4.72,19.66,9.24,Juazeiro,BA,Nordeste,-9.42,-40.5
2019,206,0.28,0.6,0.28,31.23,62.95,5.46,18.26,8.68,Juazeiro,BA,Nordeste,-9.42,-40.5
2019,207,0.02,0.6,0.28,30.5,60.18,5.51,20.9,9.72,Juazeiro,BA,Nordeste,-9.42,-40.5
2019,208,0.02,0.6,0.28,31.01,61.81,4.89,18.43,8.79,Juazeiro,BA,Nordeste,-9.42,-40.5
2019,209,0.69,0.6,0.28,31.03,64.16,5.06,18.52,8.87,Juazeiro,BA,Nordeste,-9.42,-40.5
2019,210,0.33,0.6,0.29,31.13,59.84,4.9,23.01,10.58,Juazeiro,BA,Nordeste,-9.42,-40.5
2019,211,0.31,0.6,0.29,31.54,67.08,4.84,14.54,7.24,Juazeiro,BA,Nordeste,-9.42,-40.5
2019,212,0.09,0.6,0.29,31.29,62.66,4.6,21.42,10.04,Juazeiro,BA,Nordeste,-9.42,-40.5
2019,213,0.0,0.6,0.28,32.31,55.95,4.56,23.23,10.7,Juazeiro,BA,Nordeste,-9.42,-40.5
2019,214,0.0,0.6,0.28,32.28,60.44,4.5,23.0,10.64,Juazeiro,BA,Nordeste,-9.42,-40.5
2019,215,0.0,0.6,0.27,32.71,54.44,4.6,23.37,10.76,Juazeiro,BA,Nordeste,-9.42,-40.5
2019,216,0.03,0.6,0.26,32.72,57.54,5.04,23.32,10.74,Juazeiro,BA,Nordeste,-9.42,-40.5
2019,217,0.64,0.6,0.26,31.06,61.88,6.77,17.03,8.18,Juazeiro,BA,Nordeste,-9.42,-40.5
2019,218,0.71,0.6,0.29,30.98,61.3,6.52,18.22,8.74,Juazeiro,BA,Nordeste,-9.42,-40.5
2019,219,1.94,0.6,0.33,30.26,63.12,5.37,15.97,7.83,Juazeiro,BA,Nordeste,-9.42,-40.5
2019,220,0.11,0.6,0.35,30.31,59.3,5.28,19.57,9.24,Juazeiro,BA,Nordeste,-9.42,-40.5
2019,221,0.04,0.6,0.33,31.46,61.32,4.89,18.08,8.63,Juazeiro,BA,Nordeste,-9.42,-40.5
2019,222,0.57,0.6,0.33,32.16,63.65,4.78,16.26,8.03,Juazeiro,BA,Nordeste,-9.42,-40.5
2019,223,0.12,0.6,0.33,32.78,61.78,5.19,18.31,8.77,Juazeiro,BA,Nordeste,-9.42,-40.5
2019,224,0.64,0.6,0.33,32.28,62.94,5.53,18.67,8.93,Juazeiro,BA,Nordeste,-9.42,-40.5
2019,225,0.1,0.6,0.33,31.36,58.8,4.74,24.04,11.03,Juazeiro,BA,Nordeste,-9.42,-40.5
2019,226,0.02,0.6,0.31,32.12,59.62,5.17,18.53,8.93,Juazeiro,BA,Nordeste,-9.42,-40.5
2019,227,0.01,0.6,0.3,30.95,56.69,6.59,18.64,8.88,Juazeiro,BA,Nordeste,-9.42,-40.5
2019,228,0.01,0.6,0.3,31.31,56.71,6.07,23.8,11.0,Juazeiro,BA,Nordeste,-9.42,-40.5
2019,229,0.04,0.6,0.29,31.57,57.62,5.63,21.71,10.13,Juazeiro,BA,Nordeste,-9.42,-40.5
2019,230,0.01,0.6,0.28,32.19,57.14,4.3,18.72,9.0,Juazeiro,BA,Nordeste,-9.42,-40.5
2019,231,0.0,0.6,0.28,32.94,55.7,3.71,22.8,10.6,Juazeiro,BA,Nordeste,-9.42,-40.5
2019,232,0.0,0.6,0.27,34.15,51.36,4.09,23.17,10.69,Juazeiro,BA,Nordeste,-9.42,-40.5
2019,233,0.0,0.6,0.26,34.28,49.85,4.1,24.66,11.35,Juazeiro,BA,Nordeste,-9.42,-40.5
2019,234,0.0,0.6,0.26,33.43,49.07,5.0,25.27,11.56,Juazeiro,BA,Nordeste,-9.42,-40.5
2019,235,0.05,0.6,0.25,32.33,57.98,5.3,23.61,10.93,Juazeiro,BA,Nordeste,-9.42,-40.5
2019,236,0.0,0.59,0.25,33.54,53.26,4.93,24.04,11.11,Juazeiro,BA,Nordeste,-9.42,-40.5
2019,237,0.01,0.59,0.24,33.07,55.24,5.65,22.57,10.55,Juazeiro,BA,Nordeste,-9.42,-40.5
2019,238,0.02,0.59,0.24,32.0,56.53,5.88,16.95,8.19,Juazeiro,BA,Nordeste,-9.42,-40.5
2019,239,0.07,0.59,0.24,31.97,56.4,5.91,18.41,8.88,Juazeiro,BA,Nordeste,-9.42,-40.5
2019,240,0.01,0.59,0.23,31.82,54.46,5.56,24.31,11.15,Juazeiro,BA,Nordeste,-9.42,-40.5
2019,241,0.13,0.59,0.23,32.62,57.01,5.07,21.45,10.15,Juazeiro,BA,Nordeste,-9.42,-40.5
2019,242,0.31,0.59,0.24,33.12,56.63,5.24,20.72,9.9,Juazeiro,BA,Nordeste,-9.42,-40.5
2019,243,0.01,0.59,0.24,33.54,55.26,4.84,23.93,11.12,Juazeiro,BA,Nordeste,-9.42,-40.5
2019,244,0.0,0.59,0.23,33.64,49.9,4.34,25.7,11.78,Juazeiro,BA,Nordeste,-9.42,-40.5
2019,245,0.0,0.59,0.23,34.49,52.16,3.79,24.29,11.24,Juazeiro,BA,Nordeste,-9.42,-40.5
2019,246,0.0,0.59,0.22,34.57,54.03,5.04,18.62,8.85,Juazeiro,BA,Nordeste,-9.42,-40.5
2019,247,0.01,0.59,0.22,35.04,51.01,4.95,24.64,11.37,Juazeiro,BA,Nordeste,-9.42,-40.5
2019,248,0.01,0.59,0.22,34.69,50.39,5.28,25.73,11.76,Juazeiro,BA,Nordeste,-9.42,-40.5
2019,249,0.11,0.59,0.22,33.24,55.25,6.57,23.53,10.96,Juazeiro,BA,Nordeste,-9.42,-40.5
2019,250,0.0,0.59,0.21,33.43,53.22,6.16,23.03,10.76,Juazeiro,BA,Nordeste,-9.42,-40.5
2019,251,0.03,0.59,0.21,34.05,55.83,6.16,24.62,11.48,Juazeiro,BA,Nordeste,-9.42,-40.5
2019,252,0.16,0.59,0.21,34.3,55.26,5.77,18.38,8.91,Juazeiro,BA,Nordeste,-9.42,-40.5
2019,253,0.4,0.59,0.22,34.19,58.51,5.62,20.36,9.71,Juazeiro,BA,Nordeste,-9.42,-40.5
2019,254,0.16,0.59,0.22,34.36,56.47,5.45,21.66,10.25,Juazeiro,BA,Nordeste,-9.42,-40.5
2019,255,0.04,0.59,0.22,35.35,52.83,5.06,23.54,11.03,Juazeiro,BA,Nordeste,-9.42,-40.5
2019,256,0.01,0.59,0.22,36.1,46.69,4.13,27.07,12.33,Juazeiro,BA,Nordeste,-9.42,-40.5
2019,257,0.0,0.59,0.21,34.69,50.85,5.02,23.81,11.04,Juazeiro,BA,Nordeste,-9.42,-40.5
2019,258,0.08,0.59,0.21,34.9,52.79,5.85,26.99,12.32,Juazeiro,BA,Nordeste,-9.42,-40.5
2019,259,0.91,0.59,0.23,33.88,54.63,5.68,19.66,9.46,Juazeiro,BA,Nordeste,-9.42,-40.5
2019,260,0.02,0.59,0.24,34.33,50.07,4.69,26.83,12.2,Juazeiro,BA,Nordeste,-9.42,-40.5
2019,261,0.0,0.59,0.23,35.39,51.78,4.43,18.75,8.84,Juazeiro,BA,Nordeste,-9.42,-40.5
2019,262,0.0,0.59,0.23,36.11,50.28,5.38,23.72,11.0,Juazeiro,BA,Nordeste,-9.42,-40.5
2019,263,0.0,0.59,0.22,35.92,44.95,5.24,27.91,12.59,Juazeiro,BA,Nordeste,-9.42,-40.5
2019,264,0.0,0.59,0.22,36.0,48.55,4.68,26.88,12.24,Juazeiro,BA,Nordeste,-9.42,-40.5
2019,265,0.0,0.59,0.22,35.76,47.28,4.52,27.05,12.26,Juazeiro,BA,Nordeste,-9.42,-40.5
2019,266,0.0,0.59,0.21,35.59,51.2,5.72,25.47,11.73,Juazeiro,BA,Nordeste,-9.42,-40.5
2019,267,0.01,0.59,0.21,34.28,49.57,6.2,26.99,12.4,Juazeiro,BA,Nordeste,-9.42,-40.5
2019,268,0.01,0.59,0.21,34.58,49.17,4.89,26.88,12.24,Juazeiro,BA,Nordeste,-9.42,-40.5
2019,269,0.11,0.59,0.2,35.09,48.34,4.02,24.8,11.5,Juazeiro,BA,Nordeste,-9.42,-40.5
2019,270,0.0,0.59,0.2,36.38,44.23,3.18,27.05,12.41,Juazeiro,BA,Nordeste,-9.42,-40.5
2019,271,0.0,0.59,0.2,38.1,42.85,4.2,27.33,12.61,Juazeiro,BA,Nordeste,-9.42,-40.5
2019,272,0.0,0.59,0.2,37.09,45.22,4.36,26.02,12.03,Juazeiro,BA,Nordeste,-9.42,-40.5
2019,273,0.0,0.59,0.19,36.7,46.0,4.42,25.65,11.93,Juazeiro,BA,Nordeste,-9.42,-40.5
2019,274,0.0,0.59,0.19,36.21,48.53,5.55,25.37,11.9,Juazeiro,BA,Nordeste,-9.42,-40.5
2019,275,0.09,0.59,0.19,35.65,51.55,5.11,21.45,10.17,Juazeiro,BA,Nordeste,-9.42,-40.5
2019,276,0.03,0.59,0.19,36.27,50.91,5.28,22.78,10.79,Juazeiro,BA,Nordeste,-9.42,-40.5
2019,277,0.01,0.59,0.19,36.45,49.65,5.96,24.31,11.37,Juazeiro,BA,Nordeste,-9.42,-40.5
2019,278,0.0,0.59,0.18,35.57,49.15,5.34,22.79,10.6,Juazeiro,BA,Nordeste,-9.42,-40.5
2019,279,0.0,0.59,0.18,36.01,44.76,4.89,26.96,12.33,Juazeiro,BA,Nordeste,-9.42,-40.5
2019,280,0.0,0.59,0.18,36.68,48.25,4.84,25.93,12.01,Juazeiro,BA,Nordeste,-9.42,-40.5
2019,281,0.01,0.59,0.18,35.9,48.39,5.78,22.14,10.46,Juazeiro,BA,Nordeste,-9.42,-40.5
2019,282,0.0,0.59,0.18,35.85,43.91,5.1,28.38,12.92,Juazeiro,BA,Nordeste,-9.42,-40.5
2019,283,0.0,0.59,0.17,35.73,49.93,6.31,25.5,11.86,Juazeiro,BA,Nordeste,-9.42,-40.5
2019,284,0.07,0.59,0.17,35.58,52.86,6.49,23.08,10.77,Juazeiro,BA,Nordeste,-9.42,-40.5
2019,285,0.08,0.59,0.17,36.1,52.81,6.61,22.17,10.46,Juazeiro,BA,Nordeste,-9.42,-40.5
2019,286,0.0,0.59,0.17,35.77,50.06,5.98,26.89,12.38,Juazeiro,BA,Nordeste,-9.42,-40.5
2019,287,0.0,0.59,0.17,36.49,46.22,5.03,28.21,12.91,Juazeiro,BA,Nordeste,-9.42,-40.5
2019,288,0.0,0.59,0.17,37.28,47.07,4.66,26.95,12.46,Juazeiro,BA,Nordeste,-9.42,-40.5
2019,289,0.0,0.59,0.17,36.3,48.42,5.5,20.75,9.84,Juazeiro,BA,Nordeste,-9.42,-40.5
2019,290,0.0,0.59,0.17,36.28,46.79,5.41,27.6,12.73,Juazeiro,BA,Nordeste,-9.42,-40.5
2019,291,0.0,0.59,0.17,36.47,44.75,4.84,28.06,12.84,Juazeiro,BA,Nordeste,-9.42,-40.5
2019,292,0.0,0.59,0.17,37.46,44.98,3.09,27.12,12.54,Juazeiro,BA,Nordeste,-9.42,-40.5
2019,293,0.0,0.59,0.16,38.69,39.73,2.31,27.29,12.67,Juazeiro,BA,Nordeste,-9.42,-40.5
2019,294,0.13,0.59,0.16,38.42,43.04,2.67,25.62,11.99,Juazeiro,BA,Nordeste,-9.42,-40.5
2019,295,9.76,0.59,0.22,37.82,44.23,2.32,18.95,8.96,Juazeiro,BA,Nordeste,-9.42,-40.5
2019,296,12.66,0.63,0.66,34.73,59.97,1.63,24.96,11.88,Juazeiro,BA,Nordeste,-9.42,-40.5
2019,297,0.0,0.62,0.59,36.12,50.77,4.14,27.32,12.71,Juazeiro,BA,Nordeste,-9.42,-40.5
2019,298,0.0,0.62,0.57,35.93,50.68,4.5,28.33,12.81,Juazeiro,BA,Nordeste,-9.42,-40.5
2019,299,0.0,0.61,0.54,35.86,52.11,4.37,28.43,12.93,Juazeiro,BA,Nordeste,-9.42,-40.5
2019,300,0.0,0.61,0.49,36.3,51.07,4.91,24.71,11.62,Juazeiro,BA,Nordeste,-9.42,-40.5
2019,301,0.0,0.6,0.44,36.2,47.59,5.42,28.69,13.12,Juazeiro,BA,Nordeste,-9.42,-40.5
2019,302,0.0,0.6,0.4,35.3,48.77,5.05,27.9,12.76,Juazeiro,BA,Nordeste,-9.42,-40.5
2019,303,0.0,0.6,0.37,36.19,46.59,4.86,29.26,13.32,Juazeiro,BA,Nordeste,-9.42,-40.5
2019,304,0.02,0.6,0.35,36.73,49.47,4.19,21.79,10.32,Juazeiro,BA,Nordeste,-9.42,-40.5
2019,305,0.01,0.6,0.33,35.83,46.98,3.95,24.83,11.46,Juazeiro,BA,Nordeste,-9.42,-40.5
2019,306,0.0,0.6,0.32,36.36,45.21,5.28,27.6,12.6,Juazeiro,BA,Nordeste,-9.42,-40.5
2019,307,0.0,0.6,0.31,36.41,44.05,4.01,27.49,12.62,Juazeiro,BA,Nordeste,-9.42,-40.5
2019,308,0.0,0.6,0.29,37.29,46.27,3.71,23.51,11.13,Juazeiro,BA,Nordeste,-9.42,-40.5
2019,309,0.0,0.6,0.29,38.27,41.97,4.09,27.64,12.91,Juazeiro,BA,Nordeste,-9.42,-40.5
2019,310,0.0,0.6,0.28,38.54,40.15,4.1,28.22,12.88,Juazeiro,BA,Nordeste,-9.42,-40.5
2019,311,0.0,0.6,0.27,38.23,43.02,4.67,28.87,13.25,Juazeiro,BA,Nordeste,-9.42,-40.5
2019,312,0.0,0.6,0.26,37.92,43.78,4.8,26.76,12.29,Juazeiro,BA,Nordeste,-9.42,-40.5
2019,313,0.0,0.6,0.25,37.34,44.41,5.09,26.53,12.21,Juazeiro,BA,Nordeste,-9.42,-40.5
2019,314,0.0,0.6,0.25,37.44,45.79,4.42,27.89,12.78,Juazeiro,BA,Nordeste,-9.42,-40.5
2019,315,0.0,0.59,0.24,35.3,46.53,4.39,24.59,11.47,Juazeiro,BA,Nordeste,-9.42,-40.5
2019,316,0.0,0.59,0.24,37.71,41.66,5.05,28.07,12.8,Juazeiro,BA,Nordeste,-9.42,-40.5
2019,317,0.0,0.59,0.24,36.73,45.05,4.99,27.71,12.74,Juazeiro,BA,Nordeste,-9.42,-40.5
2019,318,0.0,0.59,0.23,36.61,42.83,4.25,26.86,12.36,Juazeiro,BA,Nordeste,-9.42,-40.5
2019,319,0.0,0.59,0.23,37.43,43.47,2.64,29.07,13.33,Juazeiro,BA,Nordeste,-9.42,-40.5
2019,320,0.0,0.59,0.22,37.52,41.75,2.71,27.8,12.86,Juazeiro,BA,Nordeste,-9.42,-40.5
2019,321,0.28,0.59,0.22,37.42,41.97,3.23,23.58,11.14,Juazeiro,BA,Nordeste,-9.42,-40.5
2019,322,0.14,0.59,0.22,36.46,48.57,4.82,19.84,9.48,Juazeiro,BA,Nordeste,-9.42,-40.5
2019,323,0.01,0.59,0.22,36.82,43.98,4.93,25.92,11.88,Juazeiro,BA,Nordeste,-9.42,-40.5
2019,324,0.0,0.59,0.22,36.81,43.32,4.77,28.69,13.15,Juazeiro,BA,Nordeste,-9.42,-40.5
2019,325,0.0,0.59,0.22,36.45,45.76,5.08,26.09,12.02,Juazeiro,BA,Nordeste,-9.42,-40.5
2019,326,0.0,0.59,0.21,36.08,48.23,4.15,23.58,11.05,Juazeiro,BA,Nordeste,-9.42,-40.5
2019,327,0.0,0.59,0.21,37.55,44.89,2.81,27.38,12.7,Juazeiro,BA,Nordeste,-9.42,-40.5
2019,328,0.39,0.59,0.21,37.82,39.78,2.37,26.19,12.15,Juazeiro,BA,Nordeste,-9.42,-40.5
2019,329,2.17,0.6,0.27,35.1,57.36,3.14,14.28,7.08,Juazeiro,BA,Nordeste,-9.42,-40.5
2019,330,1.25,0.6,0.31,33.36,60.63,4.69,15.15,7.5,Juazeiro,BA,Nordeste,-9.42,-40.5
2019,331,0.35,0.6,0.32,35.71,59.5,5.29,16.63,8.18,Juazeiro,BA,Nordeste,-9.42,-40.5
2019,332,0.04,0.6,0.31,37.62,52.15,4.26,24.8,11.74,Juazeiro,BA,Nordeste,-9.42,-40.5
2019,333,0.0,0.6,0.29,37.99,45.87,4.06,28.43,13.25,Juazeiro,BA,Nordeste,-9.42,-40.5
2019,334,0.0,0.6,0.28,38.53,41.37,4.08,28.52,13.23,Juazeiro,BA,Nordeste,-9.42,-40.5
2019,335,0.0,0.6,0.27,38.45,40.89,3.32,29.16,13.46,Juazeiro,BA,Nordeste,-9.42,-40.5
2019,336,0.0,0.6,0.26,39.21,36.71,2.54,28.03,12.95,Juazeiro,BA,Nordeste,-9.42,-40.5
2019,337,0.0,0.59,0.24,39.55,35.03,2.89,25.31,11.84,Juazeiro,BA,Nordeste,-9.42,-40.5
2019,338,0.0,0.59,0.24,38.24,40.5,4.72,28.48,13.2,Juazeiro,BA,Nordeste,-9.42,-40.5
2019,339,0.0,0.59,0.23,36.72,45.47,4.04,28.18,12.88,Juazeiro,BA,Nordeste,-9.42,-40.5
2019,340,0.0,0.59,0.22,37.85,38.08,2.73,27.19,12.56,Juazeiro,BA,Nordeste,-9.42,-40.5
2019,341,0.06,0.59,0.22,39.18,30.09,2.01,26.62,12.33,Juazeiro,BA,Nordeste,-9.42,-40.5
2019,342,3.29,0.6,0.27,36.22,42.45,2.77,20.97,10.04,Juazeiro,BA,Nordeste,-9.42,-40.5
2019,343,3.4,0.6,0.41,35.82,49.71,4.01,22.51,10.6,Juazeiro,BA,Nordeste,-9.42,-40.5
2019,344,0.0,0.6,0.4,35.54,49.12,3.57,24.47,11.44,Juazeiro,BA,Nordeste,-9.42,-40.5
2019,345,0.0,0.6,0.36,36.3,45.33,3.3,26.34,12.31,Juazeiro,BA,Nordeste,-9.42,-40.5
2019,346,0.0,0.6,0.33,37.61,41.95,4.01,26.58,12.31,Juazeiro,BA,Nordeste,-9.42,-40.5
2019,347,0.0,0.6,0.31,37.35,39.71,4.6,29.27,13.35,Juazeiro,BA,Nordeste,-9.42,-40.5
2019,348,0.0,0.6,0.3,37.12,47.17,5.38,28.32,13.1,Juazeiro,BA,Nordeste,-9.42,-40.5
2019,349,0.04,0.6,0.29,36.45,49.8,5.18,23.58,11.09,Juazeiro,BA,Nordeste,-9.42,-40.5
2019,350,0.01,0.6,0.28,36.27,46.85,4.04,26.8,12.3,Juazeiro,BA,Nordeste,-9.42,-40.5
2019,351,0.0,0.6,0.27,36.84,47.6,4.22,21.23,10.1,Juazeiro,BA,Nordeste,-9.42,-40.5
2019,352,0.0,0.6,0.26,37.91,45.21,4.32,27.62,12.78,Juazeiro,BA,Nordeste,-9.42,-40.5
2019,353,0.0,0.6,0.25,36.45,44.31,4.29,25.65,11.9,Juazeiro,BA,Nordeste,-9.42,-40.5
2019,354,0.0,0.59,0.24,36.55,47.53,5.24,25.13,11.83,Juazeiro,BA,Nordeste,-9.42,-40.5
2019,355,0.0,0.59,0.24,36.54,45.25,5.0,27.57,12.79,Juazeiro,BA,Nordeste,-9.42,-40.5
2019,356,0.0,0.59,0.23,36.8,42.67,4.76,29.11,13.41,Juazeiro,BA,Nordeste,-9.42,-40.5
2019,357,0.0,0.59,0.23,37.91,43.58,3.59,29.11,13.43,Juazeiro,BA,Nordeste,-9.42,-40.5
2019,358,0.0,0.59,0.22,38.25,46.95,4.24,27.54,12.76,Juazeiro,BA,Nordeste,-9.42,-40.5
2019,359,0.0,0.59,0.22,38.52,45.23,4.95,27.82,12.88,Juazeiro,BA,Nordeste,-9.42,-40.5
2019,360,0.0,0.59,0.22,37.48,45.14,5.07,24.68,11.47,Juazeiro,BA,Nordeste,-9.42,-40.5
2019,361,0.0,0.59,0.21,34.83,45.19,4.7,24.65,11.52,Juazeiro,BA,Nordeste,-9.42,-40.5
2019,362,0.0,0.59,0.21,37.35,45.55,3.91,14.85,7.36,Juazeiro,BA,Nordeste,-9.42,-40.5
2019,363,0.0,0.59,0.21,36.45,47.8,3.74,20.96,10.06,Juazeiro,BA,Nordeste,-9.42,-40.5
2019,364,6.95,0.6,0.33,32.77,55.09,3.41,19.19,9.27,Juazeiro,BA,Nordeste,-9.42,-40.5
2019,365,11.52,0.62,0.6,32.4,69.04,1.43,8.61,4.47,Juazeiro,BA,Nordeste,-9.42,-40.5
2020,1,3.36,0.63,0.63,28.17,78.13,2.17,16.74,8.42,Juazeiro,BA,Nordeste,-9.42,-40.5
2020,2,1.12,0.62,0.6,32.67,67.46,2.11,19.56,9.59,Juazeiro,BA,Nordeste,-9.42,-40.5
2020,3,2.76,0.62,0.61,31.67,66.4,0.83,13.27,6.72,Juazeiro,BA,Nordeste,-9.42,-40.5
2020,4,3.97,0.62,0.62,31.16,72.31,1.14,11.92,6.11,Juazeiro,BA,Nordeste,-9.42,-40.5
2020,5,0.87,0.62,0.61,32.75,70.77,1.74,18.26,8.92,Juazeiro,BA,Nordeste,-9.42,-40.5
2020,6,17.58,0.63,0.67,33.32,68.72,1.49,20.85,10.0,Juazeiro,BA,Nordeste,-9.42,-40.5
2020,7,2.07,0.65,0.64,33.82,68.1,2.08,23.76,11.25,Juazeiro,BA,Nordeste,-9.42,-40.5
2020,8,1.93,0.64,0.62,35.26,64.4,1.68,21.92,10.46,Juazeiro,BA,Nordeste,-9.42,-40.5
2020,9,0.76,0.63,0.61,35.12,59.46,2.19,25.25,11.87,Juazeiro,BA,Nordeste,-9.42,-40.5
2020,10,1.4,0.63,0.61,34.91,58.14,3.01,25.89,12.23,Juazeiro,BA,Nordeste,-9.42,-40.5
2020,11,0.52,0.62,0.59,35.2,56.5,3.63,24.77,11.68,Juazeiro,BA,Nordeste,-9.42,-40.5
2020,12,0.12,0.62,0.57,36.23,54.86,2.81,28.24,13.08,Juazeiro,BA,Nordeste,-9.42,-40.5
2020,13,0.01,0.61,0.54,36.27,51.97,2.27,26.42,12.54,Juazeiro,BA,Nordeste,-9.42,-40.5
2020,14,0.0,0.61,0.5,37.7,47.63,3.13,25.51,12.13,Juazeiro,BA,Nordeste,-9.42,-40.5
2020,15,0.0,0.61,0.46,37.3,45.58,3.45,28.79,13.26,Juazeiro,BA,Nordeste,-9.42,-40.5
2020,16,0.0,0.6,0.43,36.92,46.29,3.23,28.31,13.18,Juazeiro,BA,Nordeste,-9.42,-40.5
2020,17,0.0,0.6,0.4,36.73,47.91,2.33,27.61,12.94,Juazeiro,BA,Nordeste,-9.42,-40.5
2020,18,0.0,0.6,0.38,37.71,47.54,3.16,25.74,12.19,Juazeiro,BA,Nordeste,-9.42,-40.5
2020,19,0.0,0.6,0.37,36.53,51.14,3.82,23.52,11.14,Juazeiro,BA,Nordeste,-9.42,-40.5
2020,20,0.0,0.6,0.36,35.38,51.96,2.49,23.72,11.21,Juazeiro,BA,Nordeste,-9.42,-40.5
2020,21,4.31,0.6,0.38,36.22,55.57,2.47,24.7,11.68,Juazeiro,BA,Nordeste,-9.42,-40.5
2020,22,17.65,0.63,0.67,29.28,76.18,1.85,8.57,4.62,Juazeiro,BA,Nordeste,-9.42,-40.5
2020,23,3.06,0.64,0.64,27.79,80.41,1.98,6.82,3.82,Juazeiro,BA,Nordeste,-9.42,-40.5
2020,24,1.46,0.64,0.63,29.92,77.42,1.39,16.96,8.57,Juazeiro,BA,Nordeste,-9.42,-40.5
2020,25,0.0,0.63,0.61,36.25,59.82,2.08,26.91,12.79,Juazeiro,BA,Nordeste,-9.42,-40.5
2020,26,5.75,0.63,0.64,32.25,71.64,2.05,9.04,4.72,Juazeiro,BA,Nordeste,-9.42,-40.5
2020,27,4.12,0.64,0.64,31.77,74.63,2.38,16.68,8.33,Juazeiro,BA,Nordeste,-9.42,-40.5
2020,28,0.45,0.64,0.62,34.09,68.58,2.9,22.99,11.07,Juazeiro,BA,Nordeste,-9.42,-40.5
2020,29,0.02,0.63,0.61,35.27,62.06,3.47,23.92,11.24,Juazeiro,BA,Nordeste,-9.42,-40.5
2020,30,0.0,0.62,0.6,34.76,58.74,3.97,27.43,12.73,Juazeiro,BA,Nordeste,-9.42,-40.5
2020,31,0.0,0.62,0.59,35.08,60.51,2.77,25.83,12.1,Juazeiro,BA,Nordeste,-9.42,-40.5
2020,32,0.01,0.61,0.57,35.05,60.32,2.05,24.56,11.63,Juazeiro,BA,Nordeste,-9.42,-40.5
2020,33,1.04,0.61,0.55,33.67,64.83,2.57,17.47,8.56,Juazeiro,BA,Nordeste,-9.42,-40.5
2020,34,1.07,0.61,0.55,31.21,75.33,2.16,11.82,5.96,Juazeiro,BA,Nordeste,-9.42,-40.5
2020,35,1.47,0.61,0.56,30.44,79.47,2.33,18.93,9.22,Juazeiro,BA,Nordeste,-9.42,-40.5
2020,36,3.77,0.62,0.6,29.93,76.14,1.94,17.27,8.46,Juazeiro,BA,Nordeste,-9.42,-40.5
2020,37,12.7,0.64,0.67,28.31,82.09,1.72,16.53,8.25,Juazeiro,BA,Nordeste,-9.42,-40.5
2020,38,0.24,0.64,0.62,32.19,70.38,1.91,19.21,9.33,Juazeiro,BA,Nordeste,-9.42,-40.5
2020,39,0.21,0.63,0.62,30.04,75.88,2.4,14.87,7.53,Juazeiro,BA,Nordeste,-9.42,-40.5
2020,40,0.0,0.63,0.61,33.26,67.2,2.38,22.64,10.82,Juazeiro,BA,Nordeste,-9.42,-40.5
2020,41,0.0,0.62,0.6,34.93,65.33,2.65,25.17,12.0,Juazeiro,BA,Nordeste,-9.42,-40.5
2020,42,0.0,0.62,0.59,36.02,61.2,3.57,24.54,11.67,Juazeiro,BA,Nordeste,-9.42,-40.5
2020,43,0.0,0.61,0.56,35.73,55.75,3.22,28.66,13.16,Juazeiro,BA,Nordeste,-9.42,-40.5
2020,44,0.03,0.61,0.53,34.73,64.14,3.15,24.03,11.45,Juazeiro,BA,Nordeste,-9.42,-40.5
2020,45,0.12,0.61,0.5,34.81,63.68,2.86,20.44,9.94,Juazeiro,BA,Nordeste,-9.42,-40.5
2020,46,0.02,0.61,0.47,36.65,54.27,3.51,18.21,8.89,Juazeiro,BA,Nordeste,-9.42,-40.5
2020,47,0.0,0.6,0.43,36.39,49.05,3.58,24.95,11.65,Juazeiro,BA,Nordeste,-9.42,-40.5
2020,48,0.01,0.6,0.4,36.86,51.26,3.57,26.96,12.62,Juazeiro,BA,Nordeste,-9.42,-40.5
2020,49,0.65,0.6,0.39,34.07,59.47,3.8,19.64,9.56,Juazeiro,BA,Nordeste,-9.42,-40.5
2020,50,0.11,0.6,0.39,36.34,49.43,3.99,27.11,12.72,Juazeiro,BA,Nordeste,-9.42,-40.5
2020,51,0.45,0.6,0.38,35.42,57.32,2.99,22.12,10.51,Juazeiro,BA,Nordeste,-9.42,-40.5
2020,52,2.83,0.61,0.47,31.5,71.81,1.32,14.0,7.11,Juazeiro,BA,Nordeste,-9.42,-40.5
2020,53,0.07,0.61,0.46,33.1,63.71,1.77,19.8,9.55,Juazeiro,BA,Nordeste,-9.42,-40.5
2020,54,0.16,0.6,0.44,34.97,62.5,2.12,22.41,10.73,Juazeiro,BA,Nordeste,-9.42,-40.5
2020,55,0.01,0.6,0.41,36.78,54.5,3.4,22.02,10.57,Juazeiro,BA,Nordeste,-9.42,-40.5
2020,56,0.0,0.6,0.38,37.76,51.78,3.84,23.74,11.13,Juazeiro,BA,Nordeste,-9.42,-40.5
2020,57,0.0,0.6,0.36,38.31,49.9,3.11,24.91,11.7,Juazeiro,BA,Nordeste,-9.42,-40.5
2020,58,0.0,0.6,0.34,39.32,46.94,2.45,26.41,12.47,Juazeiro,BA,Nordeste,-9.42,-40.5
2020,59,0.76,0.6,0.33,38.22,48.89,1.73,21.78,10.4,Juazeiro,BA,Nordeste,-9.42,-40.5
2020,60,0.69,0.6,0.34,37.36,50.15,2.52,23.79,11.26,Juazeiro,BA,Nordeste,-9.42,-40.5
2020,61,1.47,0.6,0.36,35.3,50.95,2.25,22.97,10.89,Juazeiro,BA,Nordeste,-9.42,-40.5
2020,62,2.8,0.6,0.41,36.73,52.52,1.84,23.11,10.87,Juazeiro,BA,Nordeste,-9.42,-40.5
2020,63,0.27,0.6,0.42,36.98,55.48,2.61,16.71,8.21,Juazeiro,BA,Nordeste,-9.42,-40.5
2020,64,8.79,0.61,0.51,31.17,72.8,1.79,18.09,8.77,Juazeiro,BA,Nordeste,-9.42,-40.5
2020,65,1.12,0.62,0.61,32.85,70.97,1.4,11.86,6.03,Juazeiro,BA,Nordeste,-9.42,-40.5
2020,66,1.9,0.62,0.59,34.04,68.83,1.49,18.33,8.93,Juazeiro,BA,Nordeste,-9.42,-40.5
2020,67,8.77,0.62,0.64,30.02,78.95,1.69,16.56,8.04,Juazeiro,BA,Nordeste,-9.42,-40.5
2020,68,6.38,0.63,0.64,33.1,74.24,1.54,18.41,8.92,Juazeiro,BA,Nordeste,-9.42,-40.5
2020,69,3.07,0.63,0.63,34.64,70.19,2.52,24.32,11.43,Juazeiro,BA,Nordeste,-9.42,-40.5
2020,70,2.87,0.63,0.61,35.62,64.14,2.52,20.4,9.78,Juazeiro,BA,Nordeste,-9.42,-40.5
2020,71,3.22,0.63,0.62,35.03,63.08,2.55,21.77,10.24,Juazeiro,BA,Nordeste,-9.42,-40.5
2020,72,1.09,0.62,0.59,36.01,57.45,3.39,22.29,10.59,Juazeiro,BA,Nordeste,-9.42,-40.5
2020,73,0.35,0.62,0.56,35.19,55.7,3.28,18.98,9.09,Juazeiro,BA,Nordeste,-9.42,-40.5
2020,74,0.75,0.62,0.55,35.56,57.8,3.62,19.87,9.44,Juazeiro,BA,Nordeste,-9.42,-40.5
2020,75,0.08,0.61,0.52,33.4,59.08,3.75,16.68,7.93,Juazeiro,BA,Nordeste,-9.42,-40.5
2020,76,0.28,0.61,0.51,28.47,71.97,2.59,14.77,7.3,Juazeiro,BA,Nordeste,-9.42,-40.5
2020,77,5.46,0.61,0.54,33.75,67.28,1.21,18.76,9.15,Juazeiro,BA,Nordeste,-9.42,-40.5
2020,78,6.37,0.62,0.62,31.34,75.22,2.05,17.5,8.5,Juazeiro,BA,Nordeste,-9.42,-40.5
2020,79,1.32,0.62,0.6,33.67,67.93,1.09,14.73,7.4,Juazeiro,BA,Nordeste,-9.42,-40.5
2020,80,13.77,0.63,0.68,30.34,76.44,1.73,17.57,8.64,Juazeiro,BA,Nordeste,-9.42,-40.5
2020,81,0.29,0.64,0.62,32.74,71.63,2.9,19.51,9.49,Juazeiro,BA,Nordeste,-9.42,-40.5
2020,82,4.48,0.64,0.64,32.45,72.84,1.5,23.01,10.94,Juazeiro,BA,Nordeste,-9.42,-40.5
2020,83,2.61,0.64,0.64,33.56,69.81,0.59,14.43,7.22,Juazeiro,BA,Nordeste,-9.42,-40.5
2020,84,0.16,0.64,0.62,27.48,82.48,2.41,21.44,10.26,Juazeiro,BA,Nordeste,-9.42,-40.5
2020,85,0.17,0.63,0.61,32.33,70.06,2.22,20.48,9.82,Juazeiro,BA,Nordeste,-9.42,-40.5
2020,86,0.22,0.63,0.61,31.35,72.27,2.67,17.05,8.35,Juazeiro,BA,Nordeste,-9.42,-40.5
2020,87,0.07,0.62,0.6,33.27,69.6,4.09,19.95,9.62,Juazeiro,BA,Nordeste,-9.42,-40.5
2020,88,2.56,0.62,0.6,34.49,67.23,4.21,23.85,11.26,Juazeiro,BA,Nordeste,-9.42,-40.5
2020,89,5.01,0.63,0.64,33.84,71.01,4.32,18.6,9.07,Juazeiro,BA,Nordeste,-9.42,-40.5
2020,90,0.32,0.63,0.61,33.46,69.0,4.44,16.17,7.95,Juazeiro,BA,Nordeste,-9.42,-40.5
2020,91,0.26,0.62,0.6,32.01,68.04,4.07,14.3,7.04,Juazeiro,BA,Nordeste,-9.42,-40.5
2020,92,0.06,0.62,0.58,34.98,63.74,4.29,20.73,9.91,Juazeiro,BA,Nordeste,-9.42,-40.5
2020,93,0.01,0.61,0.56,34.24,62.87,3.21,16.33,8.1,Juazeiro,BA,Nordeste,-9.42,-40.5
2020,94,0.02,0.61,0.53,36.35,60.94,2.62,22.99,10.97,Juazeiro,BA,Nordeste,-9.42,-40.5
2020,95,0.51,0.61,0.51,34.17,66.59,1.06,19.37,9.42,Juazeiro,BA,Nordeste,-9.42,-40.5
2020,96,0.38,0.61,0.49,36.6,58.6,2.49,21.28,10.2,Juazeiro,BA,Nordeste,-9.42,-40.5
2020,97,0.02,0.61,0.45,36.69,56.65,3.93,21.54,10.14,Juazeiro,BA,Nordeste,-9.42,-40.5
2020,98,0.04,0.6,0.42,36.67,56.9,3.19,21.81,10.38,Juazeiro,BA,Nordeste,-9.42,-40.5
2020,99,0.01,0.6,0.4,37.61,54.48,2.67,24.09,11.37,Juazeiro,BA,Nordeste,-9.42,-40.5
2020,100,6.49,0.6,0.46,36.13,59.66,1.99,20.96,10.06,Juazeiro,BA,Nordeste,-9.42,-40.5
2020,101,4.75,0.62,0.58,31.64,75.28,1.67,19.03,9.33,Juazeiro,BA,Nordeste,-9.42,-40.5
2020,102,3.83,0.62,0.62,32.45,73.85,2.15,12.36,6.46,Juazeiro,BA,Nordeste,-9.42,-40.5
2020,103,0.67,0.62,0.59,33.62,69.88,2.25,20.08,9.76,Juazeiro,BA,Nordeste,-9.42,-40.5
2020,104,3.82,0.62,0.59,33.88,68.66,3.34,16.46,8.3,Juazeiro,BA,Nordeste,-9.42,-40.5
2020,105,5.34,0.62,0.59,33.75,71.07,2.94,15.63,7.78,Juazeiro,BA,Nordeste,-9.42,-40.5
2020,106,8.12,0.64,0.66,32.54,72.32,1.31,18.29,8.94,Juazeiro,BA,Nordeste,-9.42,-40.5
2020,107,0.29,0.63,0.61,34.27,65.58,3.03,17.62,8.61,Juazeiro,BA,Nordeste,-9.42,-40.5
2020,108,1.61,0.63,0.61,34.53,68.45,2.7,19.21,9.37,Juazeiro,BA,Nordeste,-9.42,-40.5
2020,109,2.84,0.63,0.62,34.13,68.08,2.64,19.44,9.44,Juazeiro,BA,Nordeste,-9.42,-40.5
2020,110,1.69,0.63,0.61,32.42,72.44,3.92,16.93,8.37,Juazeiro,BA,Nordeste,-9.42,-40.5
2020,111,1.47,0.63,0.61,33.72,68.77,3.5,18.74,9.09,Juazeiro,BA,Nordeste,-9.42,-40.5
2020,112,0.28,0.62,0.58,33.69,65.46,3.61,15.82,7.78,Juazeiro,BA,Nordeste,-9.42,-40.5
2020,113,0.42,0.62,0.57,34.17,59.68,2.97,17.87,8.71,Juazeiro,BA,Nordeste,-9.42,-40.5
2020,114,0.32,0.61,0.55,33.18,66.35,2.9,17.42,8.55,Juazeiro,BA,Nordeste,-9.42,-40.5
2020,115,3.47,0.62,0.58,31.25,72.93,4.04,15.54,7.72,Juazeiro,BA,Nordeste,-9.42,-40.5
2020,116,1.61,0.62,0.59,32.58,73.26,4.54,15.39,7.65,Juazeiro,BA,Nordeste,-9.42,-40.5
2020,117,0.25,0.61,0.56,33.98,63.72,3.96,18.75,8.97,Juazeiro,BA,Nordeste,-9.42,-40.5
2020,118,0.89,0.61,0.53,33.95,68.61,4.69,15.46,7.53,Juazeiro,BA,Nordeste,-9.42,-40.5
2020,119,0.34,0.61,0.51,29.85,66.34,4.59,16.64,8.07,Juazeiro,BA,Nordeste,-9.42,-40.5
2020,120,0.2,0.61,0.49,32.87,68.32,4.29,19.37,9.23,Juazeiro,BA,Nordeste,-9.42,-40.5
2020,121,0.27,0.61,0.47,34.17,65.07,3.38,20.58,9.74,Juazeiro,BA,Nordeste,-9.42,-40.5
2020,122,0.28,0.61,0.45,33.84,67.86,3.09,13.74,6.82,Juazeiro,BA,Nordeste,-9.42,-40.5
2020,123,0.15,0.61,0.44,33.79,66.87,2.7,18.11,8.73,Juazeiro,BA,Nordeste,-9.42,-40.5
2020,124,0.06,0.6,0.43,34.98,63.08,2.98,19.13,9.18,Juazeiro,BA,Nordeste,-9.42,-40.5
2020,125,0.03,0.6,0.41,34.69,59.43,4.52,17.76,8.61,Juazeiro,BA,Nordeste,-9.42,-40.5
2020,126,0.14,0.6,0.39,34.21,60.98,4.72,18.56,8.88,Juazeiro,BA,Nordeste,-9.42,-40.5
2020,127,0.47,0.6,0.39,33.86,63.11,4.35,14.85,7.38,Juazeiro,BA,Nordeste,-9.42,-40.5
2020,128,0.16,0.6,0.38,34.59,59.04,3.39,18.66,8.91,Juazeiro,BA,Nordeste,-9.42,-40.5
2020,129,0.14,0.6,0.37,33.66,64.35,3.72,15.63,7.67,Juazeiro,BA,Nordeste,-9.42,-40.5
2020,130,0.33,0.6,0.36,31.24,70.56,4.73,12.4,6.35,Juazeiro,BA,Nordeste,-9.42,-40.5
2020,131,0.37,0.6,0.36,31.65,69.56,4.54,14.14,7.03,Juazeiro,BA,Nordeste,-9.42,-40.5
2020,132,0.38,0.6,0.36,33.9,62.74,4.16,18.18,8.75,Juazeiro,BA,Nordeste,-9.42,-40.5
2020,133,0.65,0.6,0.36,33.99,66.94,4.26,16.27,7.91,Juazeiro,BA,Nordeste,-9.42,-40.5
2020,134,0.93,0.6,0.37,33.56,67.74,4.1,15.36,7.51,Juazeiro,BA,Nordeste,-9.42,-40.5
2020,135,0.36,0.6,0.38,33.93,66.18,4.18,14.56,7.2,Juazeiro,BA,Nordeste,-9.42,-40.5
2020,136,0.01,0.6,0.36,34.9,57.65,3.96,20.55,9.77,Juazeiro,BA,Nordeste,-9.42,-40.5
2020,137,0.0,0.6,0.35,34.52,57.52,3.68,21.53,10.14,Juazeiro,BA,Nordeste,-9.42,-40.5
2020,138,0.0,0.6,0.34,34.96,53.46,3.02,20.32,9.61,Juazeiro,BA,Nordeste,-9.42,-40.5
2020,139,0.01,0.6,0.33,34.88,57.36,3.88,19.53,9.24,Juazeiro,BA,Nordeste,-9.42,-40.5
2020,140,0.64,0.6,0.32,33.93,65.12,4.84,17.56,8.5,Juazeiro,BA,Nordeste,-9.42,-40.5
2020,141,2.38,0.6,0.37,32.24,71.56,5.3,13.34,6.84,Juazeiro,BA,Nordeste,-9.42,-40.5
2020,142,1.58,0.6,0.4,32.38,72.33,4.59,14.14,7.15,Juazeiro,BA,Nordeste,-9.42,-40.5
2020,143,0.44,0.6,0.4,33.62,68.2,4.16,16.56,8.15,Juazeiro,BA,Nordeste,-9.42,-40.5
2020,144,0.05,0.6,0.38,34.1,61.91,3.87,18.25,8.83,Juazeiro,BA,Nordeste,-9.42,-40.5
2020,145,0.02,0.6,0.36,33.34,63.25,3.54,17.4,8.39,Juazeiro,BA,Nordeste,-9.42,-40.5
2020,146,0.06,0.6,0.35,33.66,62.54,2.45,19.62,9.46,Juazeiro,BA,Nordeste,-9.42,-40.5
2020,147,0.02,0.6,0.34,31.57,64.21,1.43,13.27,6.77,Juazeiro,BA,Nordeste,-9.42,-40.5
2020,148,0.34,0.6,0.33,30.53,65.47,1.03,15.02,7.52,Juazeiro,BA,Nordeste,-9.42,-40.5
2020,149,1.03,0.6,0.35,28.81,74.94,3.66,10.8,5.7,Juazeiro,BA,Nordeste,-9.42,-40.5
2020,150,0.01,0.6,0.35,31.34,60.65,5.23,18.69,8.85,Juazeiro,BA,Nordeste,-9.42,-40.5
2020,151,0.0,0.6,0.34,31.62,61.87,4.27,17.53,8.44,Juazeiro,BA,Nordeste,-9.42,-40.5
2020,152,0.01,0.6,0.33,32.96,61.4,4.11,16.08,7.93,Juazeiro,BA,Nordeste,-9.42,-40.5
2020,153,0.3,0.6,0.33,32.57,64.82,3.79,10.6,5.52,Juazeiro,BA,Nordeste,-9.42,-40.5
2020,154,0.08,0.6,0.32,33.95,63.88,3.01,16.44,7.97,Juazeiro,BA,Nordeste,-9.42,-40.5
2020,155,0.01,0.6,0.31,34.52,61.41,3.7,14.8,7.26,Juazeiro,BA,Nordeste,-9.42,-40.5
2020,156,4.3,0.6,0.33,33.84,66.19,4.53,18.73,8.95,Juazeiro,BA,Nordeste,-9.42,-40.5
2020,157,1.93,0.61,0.48,32.35,67.44,4.73,17.02,8.25,Juazeiro,BA,Nordeste,-9.42,-40.5
2020,158,1.7,0.61,0.46,31.74,71.87,4.41,14.29,7.14,Juazeiro,BA,Nordeste,-9.42,-40.5
2020,159,2.05,0.61,0.47,32.0,71.28,4.1,15.82,7.71,Juazeiro,BA,Nordeste,-9.42,-40.5
2020,160,0.41,0.61,0.48,31.9,68.89,4.24,14.74,7.16,Juazeiro,BA,Nordeste,-9.42,-40.5
2020,161,0.12,0.61,0.46,32.41,68.19,3.85,19.49,9.2,Juazeiro,BA,Nordeste,-9.42,-40.5
2020,162,0.27,0.61,0.44,32.34,66.79,4.0,17.74,8.46,Juazeiro,BA,Nordeste,-9.42,-40.5
2020,163,0.15,0.6,0.42,32.31,67.73,4.51,15.01,7.26,Juazeiro,BA,Nordeste,-9.42,-40.5
2020,164,0.07,0.6,0.4,32.03,66.35,4.53,16.78,8.0,Juazeiro,BA,Nordeste,-9.42,-40.5
2020,165,0.21,0.6,0.39,31.55,68.05,4.59,13.6,6.68,Juazeiro,BA,Nordeste,-9.42,-40.5
2020,166,0.1,0.6,0.38,31.81,64.35,5.48,11.49,5.9,Juazeiro,BA,Nordeste,-9.42,-40.5
2020,167,0.09,0.6,0.36,31.92,67.63,5.3,18.36,8.66,Juazeiro,BA,Nordeste,-9.42,-40.5
2020,168,1.03,0.6,0.36,31.11,68.49,5.9,12.27,6.09,Juazeiro,BA,Nordeste,-9.42,-40.5
2020,169,0.73,0.6,0.38,30.38,68.55,5.54,13.22,6.48,Juazeiro,BA,Nordeste,-9.42,-40.5
2020,170,0.49,0.6,0.37,31.05,68.11,4.76,15.42,7.47,Juazeiro,BA,Nordeste,-9.42,-40.5
2020,171,0.09,0.6,0.37,32.05,64.73,4.57,19.86,9.25,Juazeiro,BA,Nordeste,-9.42,-40.5
2020,172,0.19,0.6,0.35,31.47,66.67,5.44,15.26,7.38,Juazeiro,BA,Nordeste,-9.42,-40.5
2020,173,0.07,0.6,0.35,30.69,64.84,5.17,15.31,7.37,Juazeiro,BA,Nordeste,-9.42,-40.5
2020,174,1.76,0.6,0.35,31.6,69.81,4.67,17.38,8.2,Juazeiro,BA,Nordeste,-9.42,-40.5
2020,175,0.57,0.6,0.39,31.35,67.36,5.05,12.34,6.28,Juazeiro,BA,Nordeste,-9.42,-40.5
2020,176,0.6,0.6,0.38,30.69,65.9,4.8,19.56,9.07,Juazeiro,BA,Nordeste,-9.42,-40.5
2020,177,4.28,0.61,0.45,30.16,72.1,4.67,11.44,5.74,Juazeiro,BA,Nordeste,-9.42,-40.5
2020,178,0.61,0.61,0.49,30.58,65.46,4.13,19.35,9.0,Juazeiro,BA,Nordeste,-9.42,-40.5
2020,179,0.03,0.61,0.46,31.59,61.57,3.45,21.67,9.93,Juazeiro,BA,Nordeste,-9.42,-40.5
2020,180,0.0,0.6,0.43,31.84,59.23,4.01,21.22,9.7,Juazeiro,BA,Nordeste,-9.42,-40.5
2020,181,0.01,0.6,0.41,30.46,60.86,4.68,16.0,7.6,Juazeiro,BA,Nordeste,-9.42,-40.5
2020,182,0.06,0.6,0.39,32.01,65.75,3.6,13.93,6.72,Juazeiro,BA,Nordeste,-9.42,-40.5
2020,183,0.01,0.6,0.37,32.38,59.08,3.63,21.42,10.01,Juazeiro,BA,Nordeste,-9.42,-40.5
2020,184,0.0,0.6,0.35,33.2,51.71,3.15,21.77,10.1,Juazeiro,BA,Nordeste,-9.42,-40.5
2020,185,0.0,0.6,0.34,32.93,58.47,3.51,17.67,8.28,Juazeiro,BA,Nordeste,-9.42,-40.5
2020,186,0.03,0.6,0.33,32.22,60.61,4.51,21.06,9.77,Juazeiro,BA,Nordeste,-9.42,-40.5
2020,187,0.05,0.6,0.32,31.15,64.08,5.17,13.49,6.63,Juazeiro,BA,Nordeste,-9.42,-40.5
2020,188,0.03,0.6,0.31,31.55,63.03,4.69,17.69,8.4,Juazeiro,BA,Nordeste,-9.42,-40.5
2020,189,0.01,0.6,0.31,30.88,60.8,4.48,20.38,9.42,Juazeiro,BA,Nordeste,-9.42,-40.5
2020,190,0.09,0.6,0.3,32.37,64.87,3.53,19.15,9.07,Juazeiro,BA,Nordeste,-9.42,-40.5
2020,191,0.04,0.6,0.29,33.17,59.92,3.93,17.08,8.24,Juazeiro,BA,Nordeste,-9.42,-40.5
2020,192,0.22,0.6,0.29,31.97,63.96,4.64,14.15,6.96,Juazeiro,BA,Nordeste,-9.42,-40.5
2020,193,0.02,0.6,0.29,30.99,61.78,5.02,15.56,7.3,Juazeiro,BA,Nordeste,-9.42,-40.5
2020,194,0.13,0.6,0.28,30.29,66.44,4.85,14.34,6.97,Juazeiro,BA,Nordeste,-9.42,-40.5
2020,195,0.14,0.6,0.28,32.13,61.0,4.13,17.91,8.42,Juazeiro,BA,Nordeste,-9.42,-40.5
2020,196,0.05,0.6,0.28,32.07,62.46,4.16,20.15,9.48,Juazeiro,BA,Nordeste,-9.42,-40.5
2020,197,0.02,0.6,0.27,32.24,61.45,4.72,20.51,9.62,Juazeiro,BA,Nordeste,-9.42,-40.5
2020,198,0.43,0.6,0.28,30.45,66.91,5.61,14.24,6.95,Juazeiro,BA,Nordeste,-9.42,-40.5
2020,199,0.11,0.6,0.28,31.01,61.54,5.22,17.96,8.52,Juazeiro,BA,Nordeste,-9.42,-40.5
2020,200,0.23,0.6,0.27,30.57,65.82,5.72,20.03,9.4,Juazeiro,BA,Nordeste,-9.42,-40.5
2020,201,0.08,0.6,0.28,30.46,62.36,5.48,19.1,9.0,Juazeiro,BA,Nordeste,-9.42,-40.5
2020,202,0.0,0.6,0.27,31.07,60.87,5.29,14.56,7.06,Juazeiro,BA,Nordeste,-9.42,-40.5
2020,203,1.4,0.6,0.28,31.18,65.2,4.98,15.72,7.58,Juazeiro,BA,Nordeste,-9.42,-40.5
2020,204,2.23,0.6,0.36,31.23,72.19,4.88,13.92,6.84,Juazeiro,BA,Nordeste,-9.42,-40.5
2020,205,0.66,0.6,0.39,30.82,61.19,4.93,20.86,9.7,Juazeiro,BA,Nordeste,-9.42,-40.5
2020,206,0.22,0.6,0.38,30.97,64.29,5.18,18.24,8.66,Juazeiro,BA,Nordeste,-9.42,-40.5
2020,207,0.22,0.6,0.37,30.23,62.39,4.97,15.7,7.56,Juazeiro,BA,Nordeste,-9.42,-40.5
2020,208,0.03,0.6,0.35,30.56,62.75,4.96,17.08,8.14,Juazeiro,BA,Nordeste,-9.42,-40.5
2020,209,0.42,0.6,0.34,29.93,63.42,4.82,17.03,8.27,Juazeiro,BA,Nordeste,-9.42,-40.5
2020,210,0.91,0.6,0.35,30.96,64.93,5.4,22.05,10.16,Juazeiro,BA,Nordeste,-9.42,-40.5
2020,211,0.55,0.6,0.37,30.52,66.61,4.89,16.6,8.03,Juazeiro,BA,Nordeste,-9.42,-40.5
2020,212,0.0,0.6,0.35,30.46,59.67,4.76,23.57,10.72,Juazeiro,BA,Nordeste,-9.42,-40.5
2020,213,0.15,0.6,0.34,30.65,65.3,5.35,18.46,8.76,Juazeiro,BA,Nordeste,-9.42,-40.5
2020,214,0.19,0.6,0.33,30.24,64.52,5.85,14.05,6.88,Juazeiro,BA,Nordeste,-9.42,-40.5
2020,215,0.06,0.6,0.33,30.43,64.54,5.83,14.1,6.9,Juazeiro,BA,Nordeste,-9.42,-40.5
2020,216,0.4,0.6,0.32,29.91,65.74,5.66,15.91,7.69,Juazeiro,BA,Nordeste,-9.42,-40.5
2020,217,2.57,0.6,0.35,30.1,68.46,5.59,14.76,7.26,Juazeiro,BA,Nordeste,-9.42,-40.5
2020,218,0.99,0.6,0.42,29.24,68.25,5.74,17.03,8.13,Juazeiro,BA,Nordeste,-9.42,-40.5
2020,219,0.3,0.6,0.41,29.93,65.31,5.8,17.02,8.09,Juazeiro,BA,Nordeste,-9.42,-40.5
2020,220,0.16,0.6,0.39,29.95,64.55,5.55,22.48,10.3,Juazeiro,BA,Nordeste,-9.42,-40.5
2020,221,0.27,0.6,0.38,31.34,66.37,5.26,16.37,7.96,Juazeiro,BA,Nordeste,-9.42,-40.5
2020,222,0.65,0.6,0.37,30.01,69.76,5.01,15.85,7.79,Juazeiro,BA,Nordeste,-9.42,-40.5
2020,223,0.19,0.6,0.37,31.15,62.31,5.12,21.48,9.98,Juazeiro,BA,Nordeste,-9.42,-40.5
2020,224,0.09,0.6,0.35,31.64,64.34,4.9,18.32,8.71,Juazeiro,BA,Nordeste,-9.42,-40.5
2020,225,0.14,0.6,0.34,31.57,60.74,5.1,23.1,10.6,Juazeiro,BA,Nordeste,-9.42,-40.5
2020,226,0.07,0.6,0.33,32.43,60.67,4.56,20.08,9.44,Juazeiro,BA,Nordeste,-9.42,-40.5
2020,227,0.18,0.6,0.32,32.21,60.53,4.89,19.13,8.99,Juazeiro,BA,Nordeste,-9.42,-40.5
2020,228,0.01,0.6,0.31,33.53,55.15,4.16,24.01,10.99,Juazeiro,BA,Nordeste,-9.42,-40.5
2020,229,0.0,0.6,0.3,33.66,56.9,4.32,23.93,10.93,Juazeiro,BA,Nordeste,-9.42,-40.5
2020,230,0.0,0.6,0.29,33.49,57.42,5.04,24.08,11.09,Juazeiro,BA,Nordeste,-9.42,-40.5
2020,231,0.0,0.6,0.28,32.85,57.34,5.21,16.5,8.01,Juazeiro,BA,Nordeste,-9.42,-40.5
2020,232,0.01,0.6,0.28,33.3,55.43,4.45,23.74,10.87,Juazeiro,BA,Nordeste,-9.42,-40.5
2020,233,0.0,0.6,0.27,34.7,53.02,3.91,25.14,11.43,Juazeiro,BA,Nordeste,-9.42,-40.5
2020,234,0.01,0.6,0.26,34.89,54.9,4.14,24.31,11.17,Juazeiro,BA,Nordeste,-9.42,-40.5
2020,235,0.0,0.6,0.26,34.78,54.83,4.56,24.83,11.33,Juazeiro,BA,Nordeste,-9.42,-40.5
2020,236,0.01,0.6,0.25,33.7,54.24,5.46,25.34,11.46,Juazeiro,BA,Nordeste,-9.42,-40.5
2020,237,0.11,0.6,0.25,33.69,60.82,4.87,19.29,9.3,Juazeiro,BA,Nordeste,-9.42,-40.5
2020,238,0.01,0.59,0.24,33.35,56.98,4.39,20.21,9.56,Juazeiro,BA,Nordeste,-9.42,-40.5
2020,239,0.0,0.59,0.24,32.75,53.06,4.02,22.22,10.32,Juazeiro,BA,Nordeste,-9.42,-40.5
2020,240,0.0,0.59,0.24,33.29,46.56,4.56,25.49,11.6,Juazeiro,BA,Nordeste,-9.42,-40.5
2020,241,0.0,0.59,0.23,33.71,51.08,4.76,25.67,11.65,Juazeiro,BA,Nordeste,-9.42,-40.5
2020,242,0.0,0.59,0.23,34.24,53.22,5.31,18.87,9.08,Juazeiro,BA,Nordeste,-9.42,-40.5
2020,243,0.0,0.59,0.23,34.39,52.81,5.53,23.01,10.71,Juazeiro,BA,Nordeste,-9.42,-40.5
2020,244,0.1,0.59,0.22,33.85,56.03,6.28,23.41,10.83,Juazeiro,BA,Nordeste,-9.42,-40.5
2020,245,0.63,0.59,0.24,32.96,57.21,6.33,23.38,10.96,Juazeiro,BA,Nordeste,-9.42,-40.5
2020,246,0.46,0.6,0.25,32.32,58.66,5.96,21.8,10.3,Juazeiro,BA,Nordeste,-9.42,-40.5
2020,247,0.55,0.6,0.26,32.4,57.13,5.57,22.79,10.64,Juazeiro,BA,Nordeste,-9.42,-40.5
2020,248,0.07,0.6,0.26,32.81,53.62,4.97,26.75,12.18,Juazeiro,BA,Nordeste,-9.42,-40.5
2020,249,0.13,0.6,0.26,32.49,54.34,5.6,24.52,11.3,Juazeiro,BA,Nordeste,-9.42,-40.5
2020,250,0.05,0.6,0.25,33.31,54.15,5.2,24.31,11.25,Juazeiro,BA,Nordeste,-9.42,-40.5
2020,251,0.05,0.6,0.25,34.05,53.79,4.78,24.15,11.3,Juazeiro,BA,Nordeste,-9.42,-40.5
2020,252,0.48,0.6,0.25,33.95,56.76,5.61,20.74,9.95,Juazeiro,BA,Nordeste,-9.42,-40.5
2020,253,0.09,0.6,0.26,34.05,51.34,5.35,26.64,12.1,Juazeiro,BA,Nordeste,-9.42,-40.5
2020,254,0.17,0.6,0.25,33.81,53.22,5.27,21.2,10.01,Juazeiro,BA,Nordeste,-9.42,-40.5
2020,255,0.03,0.59,0.25,33.45,52.07,5.38,22.89,10.58,Juazeiro,BA,Nordeste,-9.42,-40.5
2020,256,0.0,0.59,0.24,32.9,50.51,6.04,27.14,12.35,Juazeiro,BA,Nordeste,-9.42,-40.5
2020,257,0.16,0.59,0.24,33.3,55.66,6.29,21.96,10.27,Juazeiro,BA,Nordeste,-9.42,-40.5
2020,258,0.47,0.6,0.25,33.67,56.05,5.95,20.92,9.85,Juazeiro,BA,Nordeste,-9.42,-40.5
2020,259,0.31,0.6,0.25,33.72,55.81,5.9,21.16,9.95,Juazeiro,BA,Nordeste,-9.42,-40.5
2020,260,0.27,0.6,0.25,34.18,53.07,5.63,21.95,10.34,Juazeiro,BA,Nordeste,-9.42,-40.5
2020,261,0.06,0.6,0.25,34.39,47.01,4.95,27.52,12.44,Juazeiro,BA,Nordeste,-9.42,-40.5
2020,262,0.0,0.59,0.24,35.55,45.71,4.37,27.26,12.46,Juazeiro,BA,Nordeste,-9.42,-40.5
2020,263,0.0,0.59,0.23,35.82,46.64,4.35,27.53,12.59,Juazeiro,BA,Nordeste,-9.42,-40.5
2020,264,0.0,0.59,0.23,36.25,46.81,4.01,27.52,12.54,Juazeiro,BA,Nordeste,-9.42,-40.5
2020,265,0.0,0.59,0.22,35.86,50.58,4.29,23.61,10.89,Juazeiro,BA,Nordeste,-9.42,-40.5
2020,266,0.0,0.59,0.22,36.25,50.42,4.75,22.2,10.44,Juazeiro,BA,Nordeste,-9.42,-40.5
2020,267,0.0,0.59,0.21,36.81,48.43,5.58,23.3,10.91,Juazeiro,BA,Nordeste,-9.42,-40.5
2020,268,0.0,0.59,0.21,35.57,49.87,6.02,27.01,12.36,Juazeiro,BA,Nordeste,-9.42,-40.5
2020,269,0.02,0.59,0.21,34.22,51.29,5.76,22.96,10.76,Juazeiro,BA,Nordeste,-9.42,-40.5
2020,270,0.08,0.59,0.2,35.33,47.69,4.65,21.9,10.25,Juazeiro,BA,Nordeste,-9.42,-40.5
2020,271,0.0,0.59,0.2,36.39,44.82,4.59,24.37,11.2,Juazeiro,BA,Nordeste,-9.42,-40.5
2020,272,0.0,0.59,0.2,37.59,47.27,4.08,25.31,11.68,Juazeiro,BA,Nordeste,-9.42,-40.5
2020,273,0.0,0.59,0.19,37.64,47.64,4.83,27.39,12.54,Juazeiro,BA,Nordeste,-9.42,-40.5
2020,274,0.0,0.59,0.19,36.23,47.68,5.69,26.95,12.3,Juazeiro,BA,Nordeste,-9.42,-40.5
2020,275,0.0,0.59,0.19,36.24,48.57,5.53,26.35,12.12,Juazeiro,BA,Nordeste,-9.42,-40.5
2020,276,0.0,0.59,0.19,36.14,47.92,5.03,27.52,12.39,Juazeiro,BA,Nordeste,-9.42,-40.5
2020,277,0.0,0.59,0.18,36.99,47.14,4.2,27.29,12.41,Juazeiro,BA,Nordeste,-9.42,-40.5
2020,278,0.0,0.59,0.18,37.71,43.81,4.55,28.43,12.89,Juazeiro,BA,Nordeste,-9.42,-40.5
2020,279,0.0,0.59,0.18,36.51,46.64,5.62,27.65,12.52,Juazeiro,BA,Nordeste,-9.42,-40.5
2020,280,0.0,0.59,0.18,36.55,45.26,4.84,27.86,12.58,Juazeiro,BA,Nordeste,-9.42,-40.5
2020,281,0.0,0.59,0.18,37.74,42.0,3.95,28.34,12.84,Juazeiro,BA,Nordeste,-9.42,-40.5
2020,282,0.0,0.59,0.17,38.82,40.27,3.32,28.25,12.93,Juazeiro,BA,Nordeste,-9.42,-40.5
2020,283,0.0,0.59,0.17,38.5,40.46,2.78,26.63,12.24,Juazeiro,BA,Nordeste,-9.42,-40.5
2020,284,0.22,0.59,0.17,38.81,39.13,2.69,26.23,12.15,Juazeiro,BA,Nordeste,-9.42,-40.5
2020,285,0.02,0.59,0.17,38.94,35.28,3.46,24.38,11.48,Juazeiro,BA,Nordeste,-9.42,-40.5
2020,286,0.03,0.59,0.17,36.9,40.66,5.12,24.14,11.2,Juazeiro,BA,Nordeste,-9.42,-40.5
2020,287,0.0,0.59,0.17,37.0,43.54,5.21,28.58,12.99,Juazeiro,BA,Nordeste,-9.42,-40.5
2020,288,0.0,0.59,0.17,36.89,44.21,5.03,27.36,12.41,Juazeiro,BA,Nordeste,-9.42,-40.5
2020,289,0.0,0.59,0.17,37.75,42.3,4.28,28.78,12.97,Juazeiro,BA,Nordeste,-9.42,-40.5
2020,290,0.0,0.59,0.17,38.27,40.26,4.4,29.0,13.09,Juazeiro,BA,Nordeste,-9.42,-40.5
2020,291,0.0,0.59,0.16,37.17,44.3,5.37,28.64,12.97,Juazeiro,BA,Nordeste,-9.42,-40.5
2020,292,0.0,0.59,0.16,37.2,44.3,5.76,28.11,12.8,Juazeiro,BA,Nordeste,-9.42,-40.5
2020,293,0.11,0.59,0.16,36.95,46.32,5.13,27.28,12.65,Juazeiro,BA,Nordeste,-9.42,-40.5
2020,294,0.0,0.59,0.16,36.91,42.12,5.09,28.37,12.91,Juazeiro,BA,Nordeste,-9.42,-40.5
2020,295,0.0,0.59,0.16,37.15,42.35,4.73,28.79,13.12,Juazeiro,BA,Nordeste,-9.42,-40.5
2020,296,0.0,0.59,0.16,37.64,46.52,4.81,24.86,11.56,Juazeiro,BA,Nordeste,-9.42,-40.5
2020,297,0.0,0.59,0.16,37.45,46.78,5.49,24.11,11.26,Juazeiro,BA,Nordeste,-9.42,-40.5
2020,298,0.0,0.59,0.16,37.21,48.03,4.69,24.03,11.17,Juazeiro,BA,Nordeste,-9.42,-40.5
2020,299,0.02,0.59,0.16,37.74,45.43,3.27,25.04,11.75,Juazeiro,BA,Nordeste,-9.42,-40.5
2020,300,7.04,0.6,0.27,34.19,54.65,1.89,18.75,9.14,Juazeiro,BA,Nordeste,-9.42,-40.5
2020,301,4.11,0.61,0.54,29.77,68.9,1.46,12.57,6.35,Juazeiro,BA,Nordeste,-9.42,-40.5
2020,302,4.78,0.61,0.57,33.83,65.91,2.43,21.82,10.5,Juazeiro,BA,Nordeste,-9.42,-40.5
2020,303,8.36,0.63,0.64,33.16,62.14,3.81,21.85,10.42,Juazeiro,BA,Nordeste,-9.42,-40.5
2020,304,0.01,0.62,0.58,33.93,59.36,4.3,26.74,12.45,Juazeiro,BA,Nordeste,-9.42,-40.5
2020,305,0.33,0.62,0.56,34.94,61.4,2.52,23.2,11.04,Juazeiro,BA,Nordeste,-9.42,-40.5
2020,306,20.17,0.63,0.66,31.07,69.85,1.42,20.83,10.09,Juazeiro,BA,Nordeste,-9.42,-40.5
2020,307,21.72,0.67,0.73,30.57,77.22,1.88,9.51,4.96,Juazeiro,BA,Nordeste,-9.42,-40.5
2020,308,25.62,0.71,0.8,29.57,78.92,2.96,18.46,8.95,Juazeiro,BA,Nordeste,-9.42,-40.5
2020,309,26.36,0.73,0.81,26.38,85.7,2.39,4.77,2.61,Juazeiro,BA,Nordeste,-9.42,-40.5
2020,310,0.33,0.73,0.74,31.62,74.84,2.64,20.2,9.69,Juazeiro,BA,Nordeste,-9.42,-40.5
2020,311,0.0,0.71,0.71,32.34,68.94,4.12,22.36,10.65,Juazeiro,BA,Nordeste,-9.42,-40.5
2020,312,0.0,0.69,0.69,33.28,66.88,4.43,22.26,10.6,Juazeiro,BA,Nordeste,-9.42,-40.5
2020,313,0.0,0.68,0.67,33.75,64.74,4.86,25.45,11.88,Juazeiro,BA,Nordeste,-9.42,-40.5
2020,314,0.01,0.67,0.66,32.94,62.81,3.99,24.38,11.3,Juazeiro,BA,Nordeste,-9.42,-40.5
2020,315,0.04,0.66,0.65,33.42,62.23,4.16,24.2,11.26,Juazeiro,BA,Nordeste,-9.42,-40.5
2020,316,0.05,0.66,0.64,33.25,62.85,3.66,27.53,12.6,Juazeiro,BA,Nordeste,-9.42,-40.5
2020,317,0.0,0.65,0.63,33.52,62.74,3.21,23.52,10.93,Juazeiro,BA,Nordeste,-9.42,-40.5
2020,318,0.0,0.65,0.62,34.12,61.17,3.17,28.09,13.0,Juazeiro,BA,Nordeste,-9.42,-40.5
2020,319,0.0,0.64,0.62,35.04,60.35,3.61,28.03,13.06,Juazeiro,BA,Nordeste,-9.42,-40.5
2020,320,0.0,0.64,0.61,35.72,58.49,3.55,27.29,12.61,Juazeiro,BA,Nordeste,-9.42,-40.5
2020,321,0.0,0.64,0.61,34.16,61.5,2.91,24.57,11.31,Juazeiro,BA,Nordeste,-9.42,-40.5
2020,322,0.07,0.63,0.61,33.91,60.14,1.99,22.74,10.6,Juazeiro,BA,Nordeste,-9.42,-40.5
2020,323,0.27,0.63,0.6,32.84,64.24,2.33,19.48,9.28,Juazeiro,BA,Nordeste,-9.42,-40.5
2020,324,5.22,0.63,0.63,32.44,68.23,2.55,14.53,7.2,Juazeiro,BA,Nordeste,-9.42,-40.5
2020,325,2.61,0.64,0.63,32.08,71.07,1.99,17.51,8.49,Juazeiro,BA,Nordeste,-9.42,-40.5
2020,326,0.97,0.64,0.63,28.8,76.94,1.3,16.73,8.19,Juazeiro,BA,Nordeste,-9.42,-40.5
2020,327,0.78,0.64,0.62,34.23,62.73,3.71,22.37,10.67,Juazeiro,BA,Nordeste,-9.42,-40.5
2020,328,0.01,0.63,0.6,33.72,58.59,4.26,24.69,11.48,Juazeiro,BA,Nordeste,-9.42,-40.5
2020,329,0.03,0.63,0.59,34.09,57.24,5.08,21.36,10.01,Juazeiro,BA,Nordeste,-9.42,-40.5
2020,330,0.4,0.63,0.58,33.06,60.2,4.97,23.99,11.24,Juazeiro,BA,Nordeste,-9.42,-40.5
2020,331,0.0,0.62,0.57,33.86,59.84,4.69,21.18,9.93,Juazeiro,BA,Nordeste,-9.42,-40.5
2020,332,0.03,0.62,0.56,33.37,62.32,4.84,20.51,9.69,Juazeiro,BA,Nordeste,-9.42,-40.5
2020,333,0.02,0.62,0.55,34.42,55.26,5.48,20.78,9.9,Juazeiro,BA,Nordeste,-9.42,-40.5
2020,334,0.1,0.62,0.54,33.84,57.42,4.95,28.9,13.21,Juazeiro,BA,Nordeste,-9.42,-40.5
2020,335,0.03,0.61,0.52,33.41,58.95,3.63,22.68,10.62,Juazeiro,BA,Nordeste,-9.42,-40.5
2020,336,0.0,0.61,0.51,35.44,53.19,3.69,23.75,11.09,Juazeiro,BA,Nordeste,-9.42,-40.5
2020,337,0.0,0.61,0.48,36.24,52.78,3.44,25.29,11.75,Juazeiro,BA,Nordeste,-9.42,-40.5
2020,338,0.01,0.61,0.46,36.28,51.04,3.46,24.92,11.58,Juazeiro,BA,Nordeste,-9.42,-40.5
2020,339,0.04,0.6,0.44,36.53,52.18,3.64,22.39,10.55,Juazeiro,BA,Nordeste,-9.42,-40.5
2020,340,0.0,0.6,0.41,36.34,48.52,3.33,24.45,11.39,Juazeiro,BA,Nordeste,-9.42,-40.5
2020,341,0.0,0.6,0.4,35.74,48.24,3.38,23.93,11.12,Juazeiro,BA,Nordeste,-9.42,-40.5
2020,342,0.0,0.6,0.39,35.76,49.39,3.54,20.4,9.61,Juazeiro,BA,Nordeste,-9.42,-40.5
2020,343,0.0,0.6,0.38,34.29,46.4,3.06,19.68,9.34,Juazeiro,BA,Nordeste,-9.42,-40.5
2020,344,0.0,0.6,0.38,32.66,48.58,2.72,18.95,9.07,Juazeiro,BA,Nordeste,-9.42,-40.5
2020,345,0.02,0.6,0.37,36.38,45.05,2.72,20.26,9.73,Juazeiro,BA,Nordeste,-9.42,-40.5
2020,346,0.0,0.6,0.36,37.27,43.72,4.06,27.26,12.72,Juazeiro,BA,Nordeste,-9.42,-40.5
2020,347,0.0,0.6,0.35,36.52,44.32,4.75,28.67,13.07,Juazeiro,BA,Nordeste,-9.42,-40.5
2020,348,0.0,0.6,0.34,36.07,45.16,4.0,28.01,12.81,Juazeiro,BA,Nordeste,-9.42,-40.5
2020,349,0.0,0.6,0.34,36.19,44.6,3.66,27.78,12.76,Juazeiro,BA,Nordeste,-9.42,-40.5
2020,350,0.0,0.6,0.33,36.79,44.06,3.46,27.99,12.96,Juazeiro,BA,Nordeste,-9.42,-40.5
2020,351,0.0,0.6,0.32,36.9,44.47,3.79,23.2,10.98,Juazeiro,BA,Nordeste,-9.42,-40.5
2020,352,0.0,0.6,0.31,36.48,47.83,3.75,23.08,11.04,Juazeiro,BA,Nordeste,-9.42,-40.5
2020,353,0.0,0.6,0.31,36.54,47.28,3.28,21.51,10.3,Juazeiro,BA,Nordeste,-9.42,-40.5
2020,354,0.58,0.6,0.31,37.05,45.32,3.22,24.56,11.67,Juazeiro,BA,Nordeste,-9.42,-40.5
2020,355,0.67,0.6,0.33,35.83,47.22,2.95,22.12,10.64,Juazeiro,BA,Nordeste,-9.42,-40.5
2020,356,0.03,0.6,0.33,36.95,42.31,3.31,24.97,11.81,Juazeiro,BA,Nordeste,-9.42,-40.5
2020,357,0.01,0.6,0.32,36.61,44.04,3.29,25.53,12.2,Juazeiro,BA,Nordeste,-9.42,-40.5
2020,358,0.0,0.6,0.3,37.42,40.22,3.28,25.17,11.92,Juazeiro,BA,Nordeste,-9.42,-40.5
2020,359,0.03,0.6,0.3,36.34,43.93,3.37,26.24,12.35,Juazeiro,BA,Nordeste,-9.42,-40.5
2020,360,0.16,0.6,0.29,34.81,50.27,3.83,17.37,8.7,Juazeiro,BA,Nordeste,-9.42,-40.5
2020,361,0.03,0.6,0.29,34.72,47.48,4.39,19.06,9.43,Juazeiro,BA,Nordeste,-9.42,-40.5
2020,362,0.0,0.6,0.29,36.15,44.95,5.16,28.47,13.16,Juazeiro,BA,Nordeste,-9.42,-40.5
2020,363,0.0,0.6,0.29,36.32,46.76,4.88,22.33,10.68,Juazeiro,BA,Nordeste,-9.42,-40.5
2020,364,0.0,0.6,0.28,36.29,44.63,4.48,28.28,13.05,Juazeiro,BA,Nordeste,-9.42,-40.5
2020,365,0.0,0.6,0.28,36.54,44.82,3.77,27.43,12.69,Juazeiro,BA,Nordeste,-9.42,-40.5
2020,366,0.2,0.6,0.27,37.21,45.53,4.11,22.2,10.65,Juazeiro,BA,Nordeste,-9.42,-40.5
2021,1,0.01,0.6,0.27,37.95,45.72,3.5,23.7,11.31,Juazeiro,BA,Nordeste,-9.42,-40.5
2021,2,0.0,0.6,0.26,35.41,46.54,3.01,26.08,12.33,Juazeiro,BA,Nordeste,-9.42,-40.5
2021,3,0.0,0.6,0.26,37.29,45.14,3.69,24.09,11.45,Juazeiro,BA,Nordeste,-9.42,-40.5
2021,4,0.0,0.6,0.26,37.14,42.98,4.1,25.47,11.99,Juazeiro,BA,Nordeste,-9.42,-40.5
2021,5,0.0,0.6,0.25,37.16,45.51,4.37,26.85,12.39,Juazeiro,BA,Nordeste,-9.42,-40.5
2021,6,0.0,0.6,0.25,36.69,41.9,3.15,28.98,13.3,Juazeiro,BA,Nordeste,-9.42,-40.5
2021,7,0.0,0.59,0.24,36.41,43.89,2.5,26.96,12.48,Juazeiro,BA,Nordeste,-9.42,-40.5
2021,8,0.0,0.59,0.24,37.8,42.85,3.21,22.94,10.85,Juazeiro,BA,Nordeste,-9.42,-40.5
2021,9,0.0,0.59,0.24,34.3,45.43,1.94,20.82,9.89,Juazeiro,BA,Nordeste,-9.42,-40.5
2021,10,5.18,0.6,0.34,35.48,49.18,2.3,19.73,9.57,Juazeiro,BA,Nordeste,-9.42,-40.5
2021,11,1.21,0.6,0.43,36.21,51.36,2.14,17.2,8.47,Juazeiro,BA,Nordeste,-9.42,-40.5
2021,12,12.9,0.61,0.55,33.48,60.09,2.09,21.97,10.44,Juazeiro,BA,Nordeste,-9.42,-40.5
2021,13,12.37,0.64,0.68,32.24,69.81,2.15,13.89,7.11,Juazeiro,BA,Nordeste,-9.42,-40.5
2021,14,0.04,0.64,0.61,32.9,64.74,3.24,24.54,11.86,Juazeiro,BA,Nordeste,-9.42,-40.5
2021,15,0.01,0.63,0.61,34.27,58.68,3.56,19.96,9.85,Juazeiro,BA,Nordeste,-9.42,-40.5
2021,16,0.12,0.62,0.6,35.41,56.19,3.71,24.19,11.61,Juazeiro,BA,Nordeste,-9.42,-40.5
2021,17,0.0,0.62,0.58,34.43,53.07,4.09,25.62,12.01,Juazeiro,BA,Nordeste,-9.42,-40.5
2021,18,0.0,0.61,0.54,35.35,51.62,3.96,27.66,12.86,Juazeiro,BA,Nordeste,-9.42,-40.5
2021,19,0.02,0.61,0.49,35.67,47.55,4.22,24.18,11.47,Juazeiro,BA,Nordeste,-9.42,-40.5
2021,20,0.0,0.61,0.45,34.41,50.78,4.23,20.12,9.84,Juazeiro,BA,Nordeste,-9.42,-40.5
2021,21,0.33,0.6,0.42,35.37,52.64,4.47,21.12,10.17,Juazeiro,BA,Nordeste,-9.42,-40.5
2021,22,0.05,0.6,0.4,32.73,54.84,4.45,14.56,7.47,Juazeiro,BA,Nordeste,-9.42,-40.5
2021,23,0.01,0.6,0.39,30.13,59.35,4.14,7.18,3.94,Juazeiro,BA,Nordeste,-9.42,-40.5
2021,24,0.1,0.6,0.39,30.84,55.8,3.98,15.19,7.68,Juazeiro,BA,Nordeste,-9.42,-40.5
2021,25,0.04,0.6,0.37,36.47,51.76,4.37,25.94,12.21,Juazeiro,BA,Nordeste,-9.42,-40.5
2021,26,0.0,0.6,0.36,36.35,48.32,4.58,25.06,11.61,Juazeiro,BA,Nordeste,-9.42,-40.5
2021,27,0.02,0.6,0.34,36.48,47.67,4.12,25.34,11.79,Juazeiro,BA,Nordeste,-9.42,-40.5
2021,28,0.01,0.6,0.33,33.09,53.14,3.86,19.84,9.54,Juazeiro,BA,Nordeste,-9.42,-40.5
2021,29,0.0,0.6,0.33,35.83,49.66,3.73,22.91,10.77,Juazeiro,BA,Nordeste,-9.42,-40.5
2021,30,0.09,0.6,0.32,29.99,62.65,3.62,16.77,8.34,Juazeiro,BA,Nordeste,-9.42,-40.5
2021,31,1.2,0.6,0.35,32.4,61.61,2.9,13.99,7.16,Juazeiro,BA,Nordeste,-9.42,-40.5
2021,32,0.73,0.6,0.38,34.86,56.72,2.77,21.12,10.1,Juazeiro,BA,Nordeste,-9.42,-40.5
2021,33,0.17,0.6,0.37,34.23,54.46,2.48,24.08,11.42,Juazeiro,BA,Nordeste,-9.42,-40.5
2021,34,0.05,0.6,0.35,36.73,49.78,3.46,24.12,11.48,Juazeiro,BA,Nordeste,-9.42,-40.5
2021,35,0.01,0.6,0.34,36.74,47.65,2.73,25.93,12.25,Juazeiro,BA,Nordeste,-9.42,-40.5
2021,36,0.01,0.6,0.32,37.56,41.53,2.87,25.45,12.06,Juazeiro,BA,Nordeste,-9.42,-40.5
2021,37,0.07,0.6,0.3,38.76,38.15,2.61,26.8,12.67,Juazeiro,BA,Nordeste,-9.42,-40.5
2021,38,0.17,0.6,0.29,36.48,41.0,1.16,21.14,10.3,Juazeiro,BA,Nordeste,-9.42,-40.5
2021,39,2.95,0.6,0.3,35.77,50.55,2.2,10.46,5.61,Juazeiro,BA,Nordeste,-9.42,-40.5
2021,40,1.5,0.6,0.43,29.71,66.88,2.16,9.43,5.06,Juazeiro,BA,Nordeste,-9.42,-40.5
2021,41,0.4,0.6,0.42,37.05,48.21,3.27,27.41,13.0,Juazeiro,BA,Nordeste,-9.42,-40.5
2021,42,0.17,0.6,0.38,37.42,48.14,4.15,22.76,10.9,Juazeiro,BA,Nordeste,-9.42,-40.5
2021,43,0.0,0.6,0.35,36.66,42.55,4.0,24.45,11.45,Juazeiro,BA,Nordeste,-9.42,-40.5
2021,44,0.0,0.6,0.34,35.83,45.5,3.6,25.82,12.01,Juazeiro,BA,Nordeste,-9.42,-40.5
2021,45,0.03,0.6,0.32,35.86,50.69,3.65,24.02,11.27,Juazeiro,BA,Nordeste,-9.42,-40.5
2021,46,0.3,0.6,0.31,37.15,49.37,1.77,25.28,11.89,Juazeiro,BA,Nordeste,-9.42,-40.5
2021,47,7.53,0.6,0.42,30.22,69.74,1.48,9.39,4.96,Juazeiro,BA,Nordeste,-9.42,-40.5
2021,48,10.02,0.62,0.63,31.17,74.47,2.25,17.26,8.69,Juazeiro,BA,Nordeste,-9.42,-40.5
2021,49,13.11,0.63,0.67,27.56,80.17,1.33,13.42,6.97,Juazeiro,BA,Nordeste,-9.42,-40.5
2021,50,8.59,0.65,0.68,30.81,75.45,1.59,13.25,6.82,Juazeiro,BA,Nordeste,-9.42,-40.5
2021,51,2.84,0.65,0.65,33.09,68.32,1.6,22.14,10.6,Juazeiro,BA,Nordeste,-9.42,-40.5
2021,52,0.02,0.64,0.62,33.86,62.42,2.25,23.65,11.27,Juazeiro,BA,Nordeste,-9.42,-40.5
2021,53,0.0,0.63,0.61,35.09,58.25,3.13,26.16,12.32,Juazeiro,BA,Nordeste,-9.42,-40.5
2021,54,0.51,0.63,0.61,31.31,69.56,2.19,17.81,8.82,Juazeiro,BA,Nordeste,-9.42,-40.5
2021,55,0.28,0.63,0.61,34.47,65.2,1.87,23.99,11.43,Juazeiro,BA,Nordeste,-9.42,-40.5
2021,56,0.06,0.62,0.6,34.16,60.52,2.58,23.1,11.1,Juazeiro,BA,Nordeste,-9.42,-40.5
2021,57,0.32,0.62,0.58,35.0,57.32,2.67,24.47,11.65,Juazeiro,BA,Nordeste,-9.42,-40.5
2021,58,1.77,0.61,0.57,34.7,62.23,2.65,20.07,9.78,Juazeiro,BA,Nordeste,-9.42,-40.5
2021,59,0.55,0.61,0.56,35.62,56.63,3.32,21.09,10.25,Juazeiro,BA,Nordeste,-9.42,-40.5
2021,60,0.72,0.61,0.51,35.63,58.49,4.48,23.84,11.27,Juazeiro,BA,Nordeste,-9.42,-40.5
2021,61,1.14,0.61,0.51,34.75,57.47,4.52,17.41,8.77,Juazeiro,BA,Nordeste,-9.42,-40.5
2021,62,0.02,0.61,0.47,35.92,50.22,3.78,23.93,11.41,Juazeiro,BA,Nordeste,-9.42,-40.5
2021,63,0.0,0.6,0.43,36.51,50.34,3.81,23.54,11.17,Juazeiro,BA,Nordeste,-9.42,-40.5
2021,64,0.0,0.6,0.4,37.09,46.59,3.28,27.78,12.97,Juazeiro,BA,Nordeste,-9.42,-40.5
2021,65,1.13,0.6,0.39,37.83,50.38,2.51,26.72,12.48,Juazeiro,BA,Nordeste,-9.42,-40.5
2021,66,1.07,0.6,0.41,37.82,48.17,2.33,25.5,12.03,Juazeiro,BA,Nordeste,-9.42,-40.5
2021,67,0.27,0.6,0.4,37.79,43.84,2.44,23.82,11.3,Juazeiro,BA,Nordeste,-9.42,-40.5
2021,68,0.01,0.6,0.37,37.36,42.76,2.47,22.41,10.51,Juazeiro,BA,Nordeste,-9.42,-40.5
2021,69,0.22,0.6,0.36,36.96,43.59,2.51,22.27,10.55,Juazeiro,BA,Nordeste,-9.42,-40.5
2021,70,0.2,0.6,0.35,36.76,45.32,3.09,21.0,10.08,Juazeiro,BA,Nordeste,-9.42,-40.5
2021,71,0.07,0.6,0.34,37.04,44.6,3.63,23.13,10.77,Juazeiro,BA,Nordeste,-9.42,-40.5
2021,72,0.01,0.6,0.33,37.08,43.4,3.04,24.86,11.4,Juazeiro,BA,Nordeste,-9.42,-40.5
2021,73,0.1,0.6,0.32,36.25,49.97,3.69,20.8,9.64,Juazeiro,BA,Nordeste,-9.42,-40.5
2021,74,0.0,0.6,0.31,36.69,41.54,3.41,26.15,12.07,Juazeiro,BA,Nordeste,-9.42,-40.5
2021,75,0.0,0.6,0.31,36.61,43.87,3.6,25.38,11.78,Juazeiro,BA,Nordeste,-9.42,-40.5
2021,76,0.06,0.6,0.3,36.28,44.2,3.43,26.29,12.12,Juazeiro,BA,Nordeste,-9.42,-40.5
2021,77,0.34,0.6,0.3,36.64,43.47,3.15,23.84,11.22,Juazeiro,BA,Nordeste,-9.42,-40.5
2021,78,3.05,0.6,0.35,36.14,53.25,3.38,19.94,9.53,Juazeiro,BA,Nordeste,-9.42,-40.5
2021,79,0.2,0.6,0.38,35.45,49.95,4.37,16.07,7.84,Juazeiro,BA,Nordeste,-9.42,-40.5
2021,80,0.42,0.6,0.36,34.74,52.76,4.74,19.11,9.19,Juazeiro,BA,Nordeste,-9.42,-40.5
2021,81,1.31,0.6,0.36,35.07,58.98,4.1,17.71,8.63,Juazeiro,BA,Nordeste,-9.42,-40.5
2021,82,0.49,0.6,0.37,35.75,55.74,3.89,23.36,10.99,Juazeiro,BA,Nordeste,-9.42,-40.5
2021,83,0.0,0.6,0.35,36.22,48.05,4.25,25.8,11.85,Juazeiro,BA,Nordeste,-9.42,-40.5
2021,84,0.01,0.6,0.34,34.46,50.73,3.88,21.1,10.09,Juazeiro,BA,Nordeste,-9.42,-40.5
2021,85,0.0,0.6,0.32,35.82,44.15,3.9,19.85,9.53,Juazeiro,BA,Nordeste,-9.42,-40.5
2021,86,0.0,0.6,0.31,36.34,42.55,3.51,23.65,11.1,Juazeiro,BA,Nordeste,-9.42,-40.5
2021,87,0.0,0.6,0.3,36.93,47.47,3.11,23.57,11.08,Juazeiro,BA,Nordeste,-9.42,-40.5
2021,88,0.1,0.6,0.29,36.3,51.62,3.09,23.58,11.22,Juazeiro,BA,Nordeste,-9.42,-40.5
2021,89,0.02,0.6,0.29,36.98,49.05,2.32,17.6,8.69,Juazeiro,BA,Nordeste,-9.42,-40.5
2021,90,3.48,0.6,0.31,33.6,56.96,1.8,15.7,7.79,Juazeiro,BA,Nordeste,-9.42,-40.5
2021,91,3.5,0.6,0.43,35.8,59.83,1.39,19.24,9.37,Juazeiro,BA,Nordeste,-9.42,-40.5
2021,92,2.97,0.61,0.51,36.37,56.59,2.32,20.2,9.79,Juazeiro,BA,Nordeste,-9.42,-40.5
2021,93,0.0,0.61,0.47,36.55,48.4,3.69,24.6,11.46,Juazeiro,BA,Nordeste,-9.42,-40.5
2021,94,0.0,0.6,0.42,36.82,47.71,4.18,25.03,11.6,Juazeiro,BA,Nordeste,-9.42,-40.5
2021,95,0.41,0.6,0.39,34.97,56.99,5.05,15.69,7.84,Juazeiro,BA,Nordeste,-9.42,-40.5
2021,96,0.44,0.6,0.37,35.45,56.83,4.28,21.02,9.95,Juazeiro,BA,Nordeste,-9.42,-40.5
2021,97,0.64,0.6,0.37,35.94,57.24,4.31,22.2,10.53,Juazeiro,BA,Nordeste,-9.42,-40.5
2021,98,0.64,0.6,0.36,35.22,57.95,4.52,23.14,10.8,Juazeiro,BA,Nordeste,-9.42,-40.5
2021,99,0.21,0.6,0.35,35.43,57.53,4.57,19.78,9.45,Juazeiro,BA,Nordeste,-9.42,-40.5
2021,100,0.14,0.6,0.34,35.42,54.38,4.51,22.3,10.52,Juazeiro,BA,Nordeste,-9.42,-40.5
2021,101,0.29,0.6,0.33,35.5,54.78,4.05,19.9,9.53,Juazeiro,BA,Nordeste,-9.42,-40.5
2021,102,0.35,0.6,0.32,35.53,52.39,3.38,18.64,8.94,Juazeiro,BA,Nordeste,-9.42,-40.5
2021,103,0.14,0.6,0.31,35.68,49.19,3.02,20.47,9.62,Juazeiro,BA,Nordeste,-9.42,-40.5
2021,104,0.11,0.6,0.3,35.3,48.21,3.83,16.5,8.0,Juazeiro,BA,Nordeste,-9.42,-40.5
2021,105,0.01,0.6,0.29,35.18,47.67,4.85,21.41,10.05,Juazeiro,BA,Nordeste,-9.42,-40.5
2021,106,0.08,0.6,0.28,33.53,56.76,4.07,20.27,9.64,Juazeiro,BA,Nordeste,-9.42,-40.5
2021,107,0.09,0.6,0.28,33.91,60.52,3.68,15.18,7.48,Juazeiro,BA,Nordeste,-9.42,-40.5
2021,108,0.37,0.6,0.28,32.45,59.42,2.95,17.1,8.35,Juazeiro,BA,Nordeste,-9.42,-40.5
2021,109,0.68,0.6,0.29,28.04,72.28,2.49,11.99,6.24,Juazeiro,BA,Nordeste,-9.42,-40.5
2021,110,1.93,0.6,0.3,34.21,62.61,1.38,18.21,8.96,Juazeiro,BA,Nordeste,-9.42,-40.5
2021,111,4.03,0.6,0.39,34.36,65.94,1.55,18.23,8.89,Juazeiro,BA,Nordeste,-9.42,-40.5
2021,112,12.94,0.62,0.58,31.96,71.56,1.13,16.22,8.01,Juazeiro,BA,Nordeste,-9.42,-40.5
2021,113,15.24,0.65,0.69,31.52,76.81,2.05,11.1,5.72,Juazeiro,BA,Nordeste,-9.42,-40.5
2021,114,1.4,0.65,0.63,31.85,74.31,2.99,20.76,9.93,Juazeiro,BA,Nordeste,-9.42,-40.5
2021,115,0.06,0.64,0.62,32.62,70.18,3.03,16.99,8.4,Juazeiro,BA,Nordeste,-9.42,-40.5
2021,116,0.02,0.63,0.61,34.12,62.09,3.42,20.9,9.84,Juazeiro,BA,Nordeste,-9.42,-40.5
2021,117,0.01,0.62,0.6,34.27,60.32,3.37,22.06,10.12,Juazeiro,BA,Nordeste,-9.42,-40.5
2021,118,0.02,0.62,0.59,34.09,65.18,3.44,20.15,9.43,Juazeiro,BA,Nordeste,-9.42,-40.5
2021,119,1.3,0.62,0.58,33.1,69.38,3.74,17.91,8.61,Juazeiro,BA,Nordeste,-9.42,-40.5
2021,120,0.56,0.62,0.56,33.21,67.02,4.8,18.05,8.68,Juazeiro,BA,Nordeste,-9.42,-40.5
2021,121,0.54,0.61,0.53,32.39,67.31,4.76,14.61,7.22,Juazeiro,BA,Nordeste,-9.42,-40.5
2021,122,0.53,0.61,0.52,32.48,66.42,4.4,14.83,7.26,Juazeiro,BA,Nordeste,-9.42,-40.5
2021,123,0.08,0.61,0.51,28.96,66.62,3.73,21.06,9.8,Juazeiro,BA,Nordeste,-9.42,-40.5
2021,124,0.48,0.61,0.5,32.38,69.05,3.26,18.63,8.83,Juazeiro,BA,Nordeste,-9.42,-40.5
2021,125,4.42,0.62,0.53,30.47,71.89,3.25,14.86,7.35,Juazeiro,BA,Nordeste,-9.42,-40.5
2021,126,0.01,0.61,0.51,31.59,64.22,2.93,20.43,9.59,Juazeiro,BA,Nordeste,-9.42,-40.5
2021,127,0.13,0.61,0.49,33.58,64.13,3.19,19.75,9.36,Juazeiro,BA,Nordeste,-9.42,-40.5
2021,128,0.0,0.61,0.48,33.8,59.95,4.15,21.04,9.83,Juazeiro,BA,Nordeste,-9.42,-40.5
2021,129,0.26,0.61,0.46,32.41,66.36,4.77,14.9,7.23,Juazeiro,BA,Nordeste,-9.42,-40.5
2021,130,0.76,0.61,0.46,32.05,70.97,5.4,12.74,6.24,Juazeiro,BA,Nordeste,-9.42,-40.5
2021,131,0.08,0.61,0.44,31.62,63.59,4.57,13.27,6.55,Juazeiro,BA,Nordeste,-9.42,-40.5
2021,132,0.0,0.61,0.43,32.39,62.54,4.02,18.8,8.68,Juazeiro,BA,Nordeste,-9.42,-40.5
2021,133,0.09,0.6,0.42,32.94,65.79,3.89,16.62,7.78,Juazeiro,BA,Nordeste,-9.42,-40.5
2021,134,0.21,0.6,0.41,32.08,68.27,4.76,12.56,6.21,Juazeiro,BA,Nordeste,-9.42,-40.5
2021,135,0.22,0.6,0.4,32.54,65.85,4.72,15.34,7.5,Juazeiro,BA,Nordeste,-9.42,-40.5
2021,136,0.22,0.6,0.4,32.03,66.44,4.62,11.76,5.92,Juazeiro,BA,Nordeste,-9.42,-40.5
2021,137,0.05,0.6,0.39,32.65,63.89,4.04,14.66,7.06,Juazeiro,BA,Nordeste,-9.42,-40.5
2021,138,0.0,0.6,0.37,33.27,59.32,3.13,19.11,8.97,Juazeiro,BA,Nordeste,-9.42,-40.5
2021,139,0.0,0.6,0.36,31.42,57.04,3.07,20.9,9.73,Juazeiro,BA,Nordeste,-9.42,-40.5
2021,140,0.01,0.6,0.35,33.97,55.25,3.66,21.81,10.05,Juazeiro,BA,Nordeste,-9.42,-40.5
2021,141,0.02,0.6,0.34,34.34,60.68,3.76,17.82,8.37,Juazeiro,BA,Nordeste,-9.42,-40.5
2021,142,0.01,0.6,0.34,34.72,58.65,3.69,17.56,8.21,Juazeiro,BA,Nordeste,-9.42,-40.5
2021,143,0.0,0.6,0.33,34.16,55.75,3.52,21.38,9.73,Juazeiro,BA,Nordeste,-9.42,-40.5
2021,144,0.0,0.6,0.32,35.16,50.2,3.41,22.25,10.09,Juazeiro,BA,Nordeste,-9.42,-40.5
2021,145,0.01,0.6,0.31,35.28,48.32,3.63,20.69,9.37,Juazeiro,BA,Nordeste,-9.42,-40.5
2021,146,0.01,0.6,0.3,33.65,55.98,4.24,20.19,9.38,Juazeiro,BA,Nordeste,-9.42,-40.5
2021,147,0.0,0.6,0.3,32.74,55.52,3.93,22.71,10.31,Juazeiro,BA,Nordeste,-9.42,-40.5
2021,148,0.0,0.6,0.29,33.33,51.75,3.74,22.02,9.98,Juazeiro,BA,Nordeste,-9.42,-40.5
2021,149,0.02,0.6,0.29,33.31,51.77,3.62,21.9,10.01,Juazeiro,BA,Nordeste,-9.42,-40.5
2021,150,0.02,0.6,0.28,33.53,53.92,3.79,20.17,9.46,Juazeiro,BA,Nordeste,-9.42,-40.5
2021,151,0.01,0.6,0.28,33.38,57.75,3.65,14.41,7.0,Juazeiro,BA,Nordeste,-9.42,-40.5
2021,152,0.0,0.6,0.28,33.67,55.22,3.41,18.97,8.81,Juazeiro,BA,Nordeste,-9.42,-40.5
2021,153,0.13,0.6,0.27,34.23,61.58,3.62,19.13,8.99,Juazeiro,BA,Nordeste,-9.42,-40.5
2021,154,0.16,0.6,0.27,33.41,60.64,4.5,18.11,8.6,Juazeiro,BA,Nordeste,-9.42,-40.5
2021,155,2.12,0.6,0.3,31.48,69.47,4.52,15.48,7.5,Juazeiro,BA,Nordeste,-9.42,-40.5
2021,156,0.54,0.6,0.34,31.77,67.13,4.7,15.3,7.41,Juazeiro,BA,Nordeste,-9.42,-40.5
2021,157,0.3,0.6,0.34,32.06,63.15,4.31,18.52,8.79,Juazeiro,BA,Nordeste,-9.42,-40.5
2021,158,0.03,0.6,0.33,31.87,62.7,3.76,16.55,7.86,Juazeiro,BA,Nordeste,-9.42,-40.5
2021,159,0.01,0.6,0.32,33.1,58.32,3.62,18.63,8.64,Juazeiro,BA,Nordeste,-9.42,-40.5
2021,160,0.02,0.6,0.31,33.37,58.12,4.36,18.91,8.71,Juazeiro,BA,Nordeste,-9.42,-40.5
2021,161,0.06,0.6,0.3,32.64,58.33,4.0,19.82,9.24,Juazeiro,BA,Nordeste,-9.42,-40.5
2021,162,0.13,0.6,0.3,33.04,58.11,3.2,19.3,9.07,Juazeiro,BA,Nordeste,-9.42,-40.5
2021,163,0.01,0.6,0.29,33.56,54.59,2.49,20.6,9.66,Juazeiro,BA,Nordeste,-9.42,-40.5
2021,164,0.0,0.6,0.28,33.75,55.46,3.91,20.15,9.43,Juazeiro,BA,Nordeste,-9.42,-40.5
2021,165,0.1,0.6,0.28,31.99,64.53,4.92,13.08,6.45,Juazeiro,BA,Nordeste,-9.42,-40.5
2021,166,0.02,0.6,0.28,32.34,60.35,3.94,19.4,9.13,Juazeiro,BA,Nordeste,-9.42,-40.5
2021,167,0.0,0.6,0.27,33.94,55.26,3.1,19.16,9.04,Juazeiro,BA,Nordeste,-9.42,-40.5
2021,168,0.01,0.6,0.27,33.93,52.86,3.84,21.43,9.97,Juazeiro,BA,Nordeste,-9.42,-40.5
2021,169,0.0,0.6,0.26,33.26,52.06,4.28,21.52,9.88,Juazeiro,BA,Nordeste,-9.42,-40.5
2021,170,0.0,0.6,0.26,32.12,55.08,4.74,19.0,8.85,Juazeiro,BA,Nordeste,-9.42,-40.5
2021,171,0.03,0.6,0.25,32.24,58.66,3.96,19.91,9.25,Juazeiro,BA,Nordeste,-9.42,-40.5
2021,172,0.35,0.6,0.25,33.35,66.87,3.85,13.65,6.77,Juazeiro,BA,Nordeste,-9.42,-40.5
2021,173,1.38,0.6,0.28,32.64,63.36,3.81,13.42,6.67,Juazeiro,BA,Nordeste,-9.42,-40.5
2021,174,0.65,0.6,0.3,32.37,64.55,4.3,15.64,7.57,Juazeiro,BA,Nordeste,-9.42,-40.5
2021,175,0.2,0.6,0.3,31.64,63.26,4.64,13.47,6.66,Juazeiro,BA,Nordeste,-9.42,-40.5
2021,176,0.0,0.6,0.29,31.77,59.99,4.12,17.99,8.44,Juazeiro,BA,Nordeste,-9.42,-40.5
2021,177,0.02,0.6,0.29,31.16,57.82,4.31,21.87,9.95,Juazeiro,BA,Nordeste,-9.42,-40.5
2021,178,0.08,0.6,0.28,30.5,59.49,4.54,19.01,8.89,Juazeiro,BA,Nordeste,-9.42,-40.5
2021,179,0.03,0.6,0.28,30.68,58.9,4.21,19.05,8.92,Juazeiro,BA,Nordeste,-9.42,-40.5
2021,180,0.02,0.6,0.27,30.76,57.49,3.79,20.31,9.34,Juazeiro,BA,Nordeste,-9.42,-40.5
2021,181,0.0,0.6,0.27,32.1,52.82,2.81,18.78,8.74,Juazeiro,BA,Nordeste,-9.42,-40.5
2021,182,0.94,0.6,0.27,32.04,64.98,4.84,16.96,8.08,Juazeiro,BA,Nordeste,-9.42,-40.5
2021,183,1.0,0.6,0.29,30.84,67.96,5.43,12.63,6.3,Juazeiro,BA,Nordeste,-9.42,-40.5
2021,184,0.49,0.6,0.31,30.85,66.32,5.08,14.33,7.02,Juazeiro,BA,Nordeste,-9.42,-40.5
2021,185,0.14,0.6,0.31,31.25,65.39,4.59,13.91,6.8,Juazeiro,BA,Nordeste,-9.42,-40.5
2021,186,0.51,0.6,0.3,31.8,66.66,4.38,14.1,6.84,Juazeiro,BA,Nordeste,-9.42,-40.5
2021,187,0.39,0.6,0.31,31.71,66.42,4.4,15.07,7.3,Juazeiro,BA,Nordeste,-9.42,-40.5
2021,188,0.08,0.6,0.3,31.9,63.62,4.63,15.94,7.67,Juazeiro,BA,Nordeste,-9.42,-40.5
2021,189,0.05,0.6,0.29,31.69,63.61,4.52,18.09,8.51,Juazeiro,BA,Nordeste,-9.42,-40.5
2021,190,0.07,0.6,0.29,31.71,63.17,4.43,15.9,7.65,Juazeiro,BA,Nordeste,-9.42,-40.5
2021,191,0.45,0.6,0.29,31.28,65.28,4.68,14.37,7.04,Juazeiro,BA,Nordeste,-9.42,-40.5
2021,192,0.3,0.6,0.29,30.47,66.88,4.8,14.01,6.89,Juazeiro,BA,Nordeste,-9.42,-40.5
2021,193,0.11,0.6,0.29,31.58,65.75,5.2,16.95,8.02,Juazeiro,BA,Nordeste,-9.42,-40.5
2021,194,0.12,0.6,0.28,31.7,65.35,4.94,18.23,8.6,Juazeiro,BA,Nordeste,-9.42,-40.5
2021,195,0.18,0.6,0.28,32.32,63.75,4.94,17.43,8.27,Juazeiro,BA,Nordeste,-9.42,-40.5
2021,196,0.04,0.6,0.27,32.27,61.66,4.37,19.21,9.0,Juazeiro,BA,Nordeste,-9.42,-40.5
2021,197,0.01,0.6,0.27,32.6,57.24,3.74,20.48,9.37,Juazeiro,BA,Nordeste,-9.42,-40.5
2021,198,0.0,0.6,0.26,33.35,53.43,3.06,22.25,10.08,Juazeiro,BA,Nordeste,-9.42,-40.5
2021,199,0.01,0.6,0.26,33.72,55.42,3.62,21.55,9.96,Juazeiro,BA,Nordeste,-9.42,-40.5
2021,200,0.02,0.6,0.25,34.32,52.03,3.64,22.3,10.3,Juazeiro,BA,Nordeste,-9.42,-40.5
2021,201,0.02,0.59,0.25,33.31,59.74,4.54,18.47,8.71,Juazeiro,BA,Nordeste,-9.42,-40.5
2021,202,0.05,0.59,0.24,31.36,59.23,5.68,18.24,8.67,Juazeiro,BA,Nordeste,-9.42,-40.5
2021,203,0.1,0.59,0.24,31.4,59.24,5.45,16.9,8.07,Juazeiro,BA,Nordeste,-9.42,-40.5
2021,204,0.6,0.59,0.25,30.68,64.22,5.76,15.86,7.75,Juazeiro,BA,Nordeste,-9.42,-40.5
2021,205,2.48,0.6,0.29,31.01,70.15,5.11,16.84,8.17,Juazeiro,BA,Nordeste,-9.42,-40.5
2021,206,0.9,0.6,0.36,30.65,63.65,5.59,19.2,9.11,Juazeiro,BA,Nordeste,-9.42,-40.5
2021,207,0.39,0.6,0.35,31.2,65.28,4.78,16.76,8.2,Juazeiro,BA,Nordeste,-9.42,-40.5
2021,208,0.16,0.6,0.34,32.07,65.39,3.66,17.03,8.21,Juazeiro,BA,Nordeste,-9.42,-40.5
2021,209,0.01,0.6,0.32,33.53,58.61,3.07,17.89,8.5,Juazeiro,BA,Nordeste,-9.42,-40.5
2021,210,0.01,0.6,0.31,34.88,50.2,2.6,21.92,10.16,Juazeiro,BA,Nordeste,-9.42,-40.5
2021,211,0.03,0.6,0.29,33.88,52.2,4.6,22.1,10.15,Juazeiro,BA,Nordeste,-9.42,-40.5
2021,212,1.36,0.6,0.31,29.39,70.36,6.28,13.59,6.91,Juazeiro,BA,Nordeste,-9.42,-40.5
2021,213,0.27,0.6,0.33,29.87,63.16,6.52,15.88,7.74,Juazeiro,BA,Nordeste,-9.42,-40.5
2021,214,0.11,0.6,0.32,30.28,61.65,4.82,20.49,9.7,Juazeiro,BA,Nordeste,-9.42,-40.5
2021,215,0.17,0.6,0.31,30.58,62.14,4.22,22.22,10.33,Juazeiro,BA,Nordeste,-9.42,-40.5
2021,216,0.0,0.6,0.3,31.08,58.57,5.1,22.38,10.28,Juazeiro,BA,Nordeste,-9.42,-40.5
2021,217,0.06,0.6,0.29,31.2,62.86,4.87,19.71,9.26,Juazeiro,BA,Nordeste,-9.42,-40.5
2021,218,0.17,0.6,0.29,31.41,63.44,6.08,17.17,8.33,Juazeiro,BA,Nordeste,-9.42,-40.5
2021,219,0.47,0.6,0.29,29.49,62.65,6.43,18.74,8.85,Juazeiro,BA,Nordeste,-9.42,-40.5
2021,220,0.3,0.6,0.29,30.49,58.91,4.97,22.49,10.36,Juazeiro,BA,Nordeste,-9.42,-40.5
2021,221,0.03,0.6,0.29,31.74,61.36,5.06,22.16,10.15,Juazeiro,BA,Nordeste,-9.42,-40.5
2021,222,0.0,0.6,0.28,32.68,55.56,5.02,23.11,10.82,Juazeiro,BA,Nordeste,-9.42,-40.5
2021,223,0.0,0.6,0.27,33.48,52.9,4.62,24.11,11.19,Juazeiro,BA,Nordeste,-9.42,-40.5
2021,224,0.01,0.6,0.27,33.13,53.64,4.6,24.29,11.18,Juazeiro,BA,Nordeste,-9.42,-40.5
2021,225,0.02,0.6,0.26,32.33,55.09,5.36,22.97,10.65,Juazeiro,BA,Nordeste,-9.42,-40.5
2021,226,0.05,0.6,0.26,32.13,55.3,4.72,23.52,10.83,Juazeiro,BA,Nordeste,-9.42,-40.5
2021,227,0.09,0.6,0.25,32.42,56.41,4.81,19.28,9.17,Juazeiro,BA,Nordeste,-9.42,-40.5
2021,228,0.03,0.6,0.25,32.12,55.03,5.13,23.6,10.83,Juazeiro,BA,Nordeste,-9.42,-40.5
2021,229,0.0,0.59,0.24,32.01,55.28,5.06,23.04,10.57,Juazeiro,BA,Nordeste,-9.42,-40.5
2021,230,0.0,0.59,0.24,32.17,53.8,6.21,21.35,9.92,Juazeiro,BA,Nordeste,-9.42,-40.5
2021,231,0.1,0.59,0.24,31.73,56.66,5.94,16.85,8.19,Juazeiro,BA,Nordeste,-9.42,-40.5
2021,232,0.07,0.59,0.24,32.07,52.82,5.41,23.75,10.9,Juazeiro,BA,Nordeste,-9.42,-40.5
2021,233,0.03,0.59,0.23,32.04,54.85,5.21,25.05,11.47,Juazeiro,BA,Nordeste,-9.42,-40.5
2021,234,0.24,0.59,0.23,32.39,61.34,5.33,18.25,8.82,Juazeiro,BA,Nordeste,-9.42,-40.5
2021,235,0.03,0.59,0.23,33.3,56.02,4.54,23.07,10.77,Juazeiro,BA,Nordeste,-9.42,-40.5
2021,236,0.04,0.59,0.23,33.36,55.17,5.19,23.9,10.94,Juazeiro,BA,Nordeste,-9.42,-40.5
2021,237,0.0,0.59,0.22,33.93,53.25,4.92,23.61,10.92,Juazeiro,BA,Nordeste,-9.42,-40.5
2021,238,0.0,0.59,0.22,34.16,51.98,5.14,25.11,11.51,Juazeiro,BA,Nordeste,-9.42,-40.5
2021,239,0.09,0.59,0.22,34.41,52.77,4.94,25.42,11.62,Juazeiro,BA,Nordeste,-9.42,-40.5
2021,240,0.08,0.59,0.22,34.27,53.65,5.77,20.3,9.65,Juazeiro,BA,Nordeste,-9.42,-40.5
2021,241,0.02,0.59,0.22,34.55,50.8,5.29,24.83,11.5,Juazeiro,BA,Nordeste,-9.42,-40.5
2021,242,0.02,0.59,0.21,34.7,51.99,4.95,23.26,10.78,Juazeiro,BA,Nordeste,-9.42,-40.5
2021,243,0.04,0.59,0.21,33.79,54.8,4.99,21.77,10.2,Juazeiro,BA,Nordeste,-9.42,-40.5
2021,244,0.03,0.59,0.21,33.43,54.16,5.62,18.97,9.08,Juazeiro,BA,Nordeste,-9.42,-40.5
2021,245,0.04,0.59,0.21,33.73,52.33,5.42,17.28,8.45,Juazeiro,BA,Nordeste,-9.42,-40.5
2021,246,0.0,0.59,0.21,34.55,47.64,4.56,25.22,11.7,Juazeiro,BA,Nordeste,-9.42,-40.5
2021,247,0.09,0.59,0.2,34.99,50.58,4.32,21.74,10.31,Juazeiro,BA,Nordeste,-9.42,-40.5
2021,248,0.02,0.59,0.2,35.96,47.54,4.09,24.77,11.58,Juazeiro,BA,Nordeste,-9.42,-40.5
2021,249,0.02,0.59,0.2,36.63,44.93,4.26,26.15,12.06,Juazeiro,BA,Nordeste,-9.42,-40.5
2021,250,0.03,0.59,0.2,36.37,45.69,4.59,26.43,12.11,Juazeiro,BA,Nordeste,-9.42,-40.5
2021,251,0.03,0.59,0.19,34.99,52.52,5.15,24.51,11.39,Juazeiro,BA,Nordeste,-9.42,-40.5
2021,252,0.0,0.59,0.19,35.26,47.79,4.15,26.58,12.22,Juazeiro,BA,Nordeste,-9.42,-40.5
2021,253,0.01,0.59,0.19,36.28,43.9,3.88,26.75,12.14,Juazeiro,BA,Nordeste,-9.42,-40.5
2021,254,0.02,0.59,0.19,36.18,44.72,4.87,27.12,12.32,Juazeiro,BA,Nordeste,-9.42,-40.5
2021,255,0.03,0.59,0.19,35.53,49.54,5.24,25.46,11.7,Juazeiro,BA,Nordeste,-9.42,-40.5
2021,256,0.05,0.59,0.18,35.45,52.72,5.35,23.05,10.76,Juazeiro,BA,Nordeste,-9.42,-40.5
2021,257,0.02,0.59,0.18,35.7,49.89,4.62,24.52,11.29,Juazeiro,BA,Nordeste,-9.42,-40.5
2021,258,0.03,0.59,0.18,36.05,50.22,4.67,24.33,11.29,Juazeiro,BA,Nordeste,-9.42,-40.5
2021,259,0.01,0.59,0.18,35.46,49.09,5.59,25.48,11.65,Juazeiro,BA,Nordeste,-9.42,-40.5
2021,260,0.04,0.59,0.18,34.03,51.92,5.67,23.7,10.96,Juazeiro,BA,Nordeste,-9.42,-40.5
2021,261,0.01,0.59,0.18,34.06,46.82,4.6,27.49,12.39,Juazeiro,BA,Nordeste,-9.42,-40.5
2021,262,0.04,0.59,0.18,35.55,44.01,3.69,27.03,12.27,Juazeiro,BA,Nordeste,-9.42,-40.5
2021,263,0.05,0.59,0.18,35.77,44.35,4.04,27.13,12.33,Juazeiro,BA,Nordeste,-9.42,-40.5
2021,264,0.04,0.59,0.18,35.67,44.62,3.52,27.22,12.41,Juazeiro,BA,Nordeste,-9.42,-40.5
2021,265,0.07,0.59,0.18,37.65,36.2,2.49,27.47,12.5,Juazeiro,BA,Nordeste,-9.42,-40.5
2021,266,0.02,0.59,0.17,36.87,48.85,5.86,18.48,8.82,Juazeiro,BA,Nordeste,-9.42,-40.5
2021,267,0.16,0.59,0.18,34.63,55.44,6.14,17.37,8.4,Juazeiro,BA,Nordeste,-9.42,-40.5
2021,268,0.09,0.59,0.18,34.39,53.66,5.16,18.62,8.94,Juazeiro,BA,Nordeste,-9.42,-40.5
2021,269,0.03,0.59,0.17,35.45,51.91,5.44,23.16,10.89,Juazeiro,BA,Nordeste,-9.42,-40.5
2021,270,0.0,0.59,0.17,35.76,48.88,5.63,25.05,11.57,Juazeiro,BA,Nordeste,-9.42,-40.5
2021,271,0.0,0.59,0.17,35.61,48.52,5.67,27.07,12.36,Juazeiro,BA,Nordeste,-9.42,-40.5
2021,272,0.0,0.59,0.17,35.58,48.79,4.83,25.09,11.52,Juazeiro,BA,Nordeste,-9.42,-40.5
2021,273,0.0,0.59,0.17,36.3,46.23,3.67,24.51,11.2,Juazeiro,BA,Nordeste,-9.42,-40.5
2021,274,0.0,0.59,0.17,36.52,47.02,4.57,22.62,10.52,Juazeiro,BA,Nordeste,-9.42,-40.5
2021,275,0.0,0.59,0.17,36.56,46.86,4.93,23.48,10.82,Juazeiro,BA,Nordeste,-9.42,-40.5
2021,276,0.15,0.59,0.17,36.04,47.52,5.07,23.75,11.02,Juazeiro,BA,Nordeste,-9.42,-40.5
2021,277,0.13,0.59,0.17,36.51,44.44,4.61,27.22,12.37,Juazeiro,BA,Nordeste,-9.42,-40.5
2021,278,0.0,0.59,0.17,36.9,43.92,4.27,28.04,12.68,Juazeiro,BA,Nordeste,-9.42,-40.5
2021,279,0.05,0.59,0.17,36.46,48.56,5.5,27.93,12.83,Juazeiro,BA,Nordeste,-9.42,-40.5
2021,280,0.07,0.59,0.17,36.76,44.92,4.1,26.59,12.25,Juazeiro,BA,Nordeste,-9.42,-40.5
2021,281,0.03,0.59,0.17,37.62,43.54,3.92,26.95,12.36,Juazeiro,BA,Nordeste,-9.42,-40.5
2021,282,0.03,0.59,0.17,36.88,45.66,5.11,25.64,11.82,Juazeiro,BA,Nordeste,-9.42,-40.5
2021,283,0.03,0.59,0.17,36.85,44.21,4.04,25.47,11.65,Juazeiro,BA,Nordeste,-9.42,-40.5
2021,284,0.04,0.59,0.17,37.59,44.38,3.15,25.53,11.64,Juazeiro,BA,Nordeste,-9.42,-40.5
2021,285,0.35,0.59,0.17,37.62,40.43,3.1,25.51,11.82,Juazeiro,BA,Nordeste,-9.42,-40.5
2021,286,0.0,0.59,0.18,38.44,38.59,4.03,26.83,12.38,Juazeiro,BA,Nordeste,-9.42,-40.5
2021,287,0.1,0.59,0.18,37.54,45.11,4.97,23.78,11.09,Juazeiro,BA,Nordeste,-9.42,-40.5
2021,288,0.08,0.59,0.18,37.96,46.55,5.31,25.75,11.95,Juazeiro,BA,Nordeste,-9.42,-40.5
2021,289,0.03,0.59,0.17,37.4,46.75,5.84,27.25,12.5,Juazeiro,BA,Nordeste,-9.42,-40.5
2021,290,0.0,0.59,0.17,37.45,46.44,5.02,23.92,11.07,Juazeiro,BA,Nordeste,-9.42,-40.5
2021,291,0.03,0.59,0.17,37.05,45.14,4.37,26.97,12.36,Juazeiro,BA,Nordeste,-9.42,-40.5
2021,292,0.0,0.59,0.17,36.31,44.43,3.4,23.88,11.0,Juazeiro,BA,Nordeste,-9.42,-40.5
2021,293,0.01,0.59,0.17,37.65,42.56,2.79,24.42,11.35,Juazeiro,BA,Nordeste,-9.42,-40.5
2021,294,8.96,0.6,0.3,35.76,47.87,1.88,16.03,7.68,Juazeiro,BA,Nordeste,-9.42,-40.5
2021,295,19.02,0.64,0.68,32.0,68.66,2.38,17.11,8.3,Juazeiro,BA,Nordeste,-9.42,-40.5
2021,296,13.57,0.65,0.68,30.48,74.33,2.66,17.51,8.56,Juazeiro,BA,Nordeste,-9.42,-40.5
2021,297,2.12,0.66,0.65,28.41,76.05,2.98,20.46,9.89,Juazeiro,BA,Nordeste,-9.42,-40.5
2021,298,0.01,0.65,0.62,35.67,60.43,4.21,26.03,12.2,Juazeiro,BA,Nordeste,-9.42,-40.5
2021,299,0.01,0.64,0.61,34.49,57.11,5.1,23.0,10.8,Juazeiro,BA,Nordeste,-9.42,-40.5
2021,300,0.05,0.63,0.61,34.2,58.72,4.97,26.08,12.1,Juazeiro,BA,Nordeste,-9.42,-40.5
2021,301,0.4,0.62,0.6,33.94,60.57,4.7,25.86,12.07,Juazeiro,BA,Nordeste,-9.42,-40.5
2021,302,0.6,0.62,0.6,33.15,61.56,4.35,22.78,10.75,Juazeiro,BA,Nordeste,-9.42,-40.5
2021,303,0.0,0.62,0.58,34.27,51.14,3.93,29.01,13.32,Juazeiro,BA,Nordeste,-9.42,-40.5
2021,304,0.02,0.61,0.55,34.74,56.46,3.45,21.91,10.33,Juazeiro,BA,Nordeste,-9.42,-40.5
2021,305,0.06,0.61,0.51,34.95,57.06,3.38,21.01,10.01,Juazeiro,BA,Nordeste,-9.42,-40.5
2021,306,2.29,0.61,0.5,31.52,67.26,2.18,18.84,9.08,Juazeiro,BA,Nordeste,-9.42,-40.5
2021,307,2.76,0.61,0.58,30.47,71.68,0.88,17.27,8.34,Juazeiro,BA,Nordeste,-9.42,-40.5
2021,308,12.73,0.62,0.63,29.07,75.08,1.45,17.79,8.77,Juazeiro,BA,Nordeste,-9.42,-40.5
2021,309,13.5,0.66,0.7,29.61,77.27,1.54,16.92,8.43,Juazeiro,BA,Nordeste,-9.42,-40.5
2021,310,1.38,0.65,0.64,32.07,69.32,1.32,10.64,5.52,Juazeiro,BA,Nordeste,-9.42,-40.5
2021,311,3.37,0.65,0.65,31.39,73.36,1.57,10.32,5.38,Juazeiro,BA,Nordeste,-9.42,-40.5
2021,312,1.93,0.65,0.64,29.82,75.18,1.74,18.51,8.9,Juazeiro,BA,Nordeste,-9.42,-40.5
2021,313,0.73,0.64,0.62,34.04,63.88,3.93,21.75,10.38,Juazeiro,BA,Nordeste,-9.42,-40.5
2021,314,0.21,0.64,0.61,33.59,61.5,3.63,24.48,11.53,Juazeiro,BA,Nordeste,-9.42,-40.5
2021,315,0.01,0.63,0.61,33.9,61.12,4.06,25.66,11.88,Juazeiro,BA,Nordeste,-9.42,-40.5
2021,316,0.02,0.63,0.6,34.2,62.0,3.15,21.36,10.25,Juazeiro,BA,Nordeste,-9.42,-40.5
2021,317,0.04,0.62,0.59,34.27,59.54,3.46,20.43,9.71,Juazeiro,BA,Nordeste,-9.42,-40.5
2021,318,0.07,0.62,0.57,34.72,56.62,4.13,20.9,9.97,Juazeiro,BA,Nordeste,-9.42,-40.5
2021,319,0.59,0.61,0.55,33.63,60.59,4.33,20.78,9.97,Juazeiro,BA,Nordeste,-9.42,-40.5
2021,320,1.42,0.61,0.54,33.54,63.25,4.83,17.25,8.45,Juazeiro,BA,Nordeste,-9.42,-40.5
2021,321,0.15,0.61,0.52,34.7,59.36,4.51,24.19,11.45,Juazeiro,BA,Nordeste,-9.42,-40.5
2021,322,0.02,0.61,0.49,35.5,55.69,4.1,27.77,12.91,Juazeiro,BA,Nordeste,-9.42,-40.5
2021,323,0.08,0.61,0.46,35.87,55.74,4.2,24.83,11.61,Juazeiro,BA,Nordeste,-9.42,-40.5
2021,324,0.0,0.61,0.44,36.29,51.78,4.2,28.79,13.21,Juazeiro,BA,Nordeste,-9.42,-40.5
2021,325,0.11,0.6,0.42,35.71,54.06,3.18,24.62,11.45,Juazeiro,BA,Nordeste,-9.42,-40.5
2021,326,0.02,0.6,0.4,36.78,50.37,3.77,26.42,12.28,Juazeiro,BA,Nordeste,-9.42,-40.5
2021,327,0.33,0.6,0.39,36.23,52.1,3.24,23.84,11.14,Juazeiro,BA,Nordeste,-9.42,-40.5
2021,328,0.31,0.6,0.38,36.65,49.45,3.34,23.85,11.25,Juazeiro,BA,Nordeste,-9.42,-40.5
2021,329,0.31,0.6,0.38,36.27,55.29,4.57,22.65,10.79,Juazeiro,BA,Nordeste,-9.42,-40.5
2021,330,0.13,0.6,0.37,34.2,57.08,4.02,18.81,9.09,Juazeiro,BA,Nordeste,-9.42,-40.5
2021,331,0.62,0.6,0.37,36.98,52.56,2.63,22.79,10.78,Juazeiro,BA,Nordeste,-9.42,-40.5
2021,332,8.1,0.61,0.53,29.28,66.07,1.63,9.61,5.0,Juazeiro,BA,Nordeste,-9.42,-40.5
2021,333,2.84,0.62,0.6,33.23,65.12,1.93,19.15,9.22,Juazeiro,BA,Nordeste,-9.42,-40.5
2021,334,2.4,0.62,0.61,31.32,70.93,1.88,13.4,6.75,Juazeiro,BA,Nordeste,-9.42,-40.5
2021,335,6.11,0.62,0.63,34.14,62.69,1.59,22.18,10.49,Juazeiro,BA,Nordeste,-9.42,-40.5
2021,336,4.49,0.63,0.63,33.71,64.17,1.89,23.07,11.03,Juazeiro,BA,Nordeste,-9.42,-40.5
2021,337,4.55,0.63,0.63,32.14,66.93,2.06,15.53,7.71,Juazeiro,BA,Nordeste,-9.42,-40.5
2021,338,13.82,0.64,0.68,31.29,73.28,3.71,11.96,6.11,Juazeiro,BA,Nordeste,-9.42,-40.5
2021,339,4.12,0.65,0.65,33.36,67.33,4.43,22.69,10.76,Juazeiro,BA,Nordeste,-9.42,-40.5
2021,340,0.6,0.64,0.62,34.07,65.91,3.89,23.55,11.21,Juazeiro,BA,Nordeste,-9.42,-40.5
2021,341,0.04,0.64,0.61,34.08,65.05,2.81,21.17,10.17,Juazeiro,BA,Nordeste,-9.42,-40.5
2021,342,5.55,0.63,0.64,34.17,63.94,2.82,24.71,11.72,Juazeiro,BA,Nordeste,-9.42,-40.5
2021,343,11.94,0.65,0.68,31.25,71.98,2.24,13.83,6.98,Juazeiro,BA,Nordeste,-9.42,-40.5
2021,344,0.34,0.65,0.63,30.99,71.49,2.51,19.8,9.48,Juazeiro,BA,Nordeste,-9.42,-40.5
2021,345,0.61,0.64,0.62,33.1,66.56,3.63,17.27,8.43,Juazeiro,BA,Nordeste,-9.42,-40.5
2021,346,0.09,0.64,0.61,34.1,62.32,3.84,20.94,9.9,Juazeiro,BA,Nordeste,-9.42,-40.5
2021,347,0.01,0.63,0.61,34.37,61.55,3.78,23.67,10.95,Juazeiro,BA,Nordeste,-9.42,-40.5
2021,348,0.08,0.63,0.6,32.68,66.44,3.64,23.69,11.14,Juazeiro,BA,Nordeste,-9.42,-40.5
2021,349,0.0,0.62,0.6,33.63,59.82,3.9,22.15,10.53,Juazeiro,BA,Nordeste,-9.42,-40.5
2021,350,0.57,0.62,0.59,34.02,59.8,3.4,22.55,10.67,Juazeiro,BA,Nordeste,-9.42,-40.5
2021,351,0.03,0.62,0.57,34.94,57.28,3.63,24.32,11.55,Juazeiro,BA,Nordeste,-9.42,-40.5
2021,352,0.0,0.61,0.53,35.19,58.02,3.32,20.34,9.77,Juazeiro,BA,Nordeste,-9.42,-40.5
2021,353,0.1,0.61,0.5,34.92,57.15,2.97,20.08,9.64,Juazeiro,BA,Nordeste,-9.42,-40.5
2021,354,1.98,0.61,0.49,34.33,60.71,2.91,13.77,6.91,Juazeiro,BA,Nordeste,-9.42,-40.5
2021,355,5.14,0.61,0.58,30.07,75.27,3.21,13.65,6.98,Juazeiro,BA,Nordeste,-9.42,-40.5
2021,356,0.19,0.62,0.56,31.03,71.09,2.69,15.53,7.96,Juazeiro,BA,Nordeste,-9.42,-40.5
2021,357,4.22,0.62,0.56,33.94,67.11,2.6,15.5,7.83,Juazeiro,BA,Nordeste,-9.42,-40.5
2021,358,25.04,0.64,0.72,28.63,79.61,1.88,14.29,7.42,Juazeiro,BA,Nordeste,-9.42,-40.5
2021,359,31.09,0.68,0.76,29.68,79.56,2.2,8.52,4.63,Juazeiro,BA,Nordeste,-9.42,-40.5
2021,360,15.72,0.71,0.78,27.97,79.89,1.46,15.02,7.72,Juazeiro,BA,Nordeste,-9.42,-40.5
2021,361,0.88,0.71,0.73,29.06,78.79,2.59,18.39,9.16,Juazeiro,BA,Nordeste,-9.42,-40.5
2021,362,1.12,0.7,0.71,30.01,76.89,2.59,16.25,8.22,Juazeiro,BA,Nordeste,-9.42,-40.5
2021,363,0.0,0.68,0.68,31.69,68.9,3.31,27.86,12.98,Juazeiro,BA,Nordeste,-9.42,-40.5
2021,364,0.0,0.67,0.66,31.57,70.08,2.77,23.44,11.14,Juazeiro,BA,Nordeste,-9.42,-40.5
2021,365,0.76,0.67,0.65,31.02,72.68,2.72,15.46,7.72,Juazeiro,BA,Nordeste,-9.42,-40.5
2022,1,2.58,0.67,0.66,28.31,81.82,0.86,16.5,7.7,Juazeiro,BA,Nordeste,-9.42,-40.5
2022,2,2.4,0.67,0.66,31.8,75.17,2.05,17.39,8.55,Juazeiro,BA,Nordeste,-9.42,-40.5
2022,3,1.7,0.66,0.66,31.76,72.24,2.51,22.18,10.5,Juazeiro,BA,Nordeste,-9.42,-40.5
2022,4,0.1,0.66,0.64,32.69,66.52,3.04,22.8,10.89,Juazeiro,BA,Nordeste,-9.42,-40.5
2022,5,0.33,0.65,0.63,32.55,67.58,2.49,21.61,10.32,Juazeiro,BA,Nordeste,-9.42,-40.5
2022,6,5.5,0.65,0.65,31.34,73.55,2.19,21.11,10.22,Juazeiro,BA,Nordeste,-9.42,-40.5
2022,7,7.23,0.66,0.67,31.57,74.49,1.67,9.03,4.82,Juazeiro,BA,Nordeste,-9.42,-40.5
2022,8,10.43,0.68,0.71,29.39,77.22,1.45,14.61,7.38,Juazeiro,BA,Nordeste,-9.42,-40.5
2022,9,0.49,0.67,0.67,31.93,71.04,1.71,14.02,7.12,Juazeiro,BA,Nordeste,-9.42,-40.5
2022,10,0.59,0.67,0.66,31.89,67.79,2.2,22.45,10.69,Juazeiro,BA,Nordeste,-9.42,-40.5
2022,11,0.4,0.66,0.64,31.97,68.42,2.47,20.32,9.78,Juazeiro,BA,Nordeste,-9.42,-40.5
2022,12,0.34,0.66,0.64,32.97,64.56,2.55,24.63,11.51,Juazeiro,BA,Nordeste,-9.42,-40.5
2022,13,0.08,0.65,0.63,30.61,67.85,2.76,28.1,13.06,Juazeiro,BA,Nordeste,-9.42,-40.5
2022,14,0.07,0.65,0.62,34.0,59.18,3.88,23.65,11.12,Juazeiro,BA,Nordeste,-9.42,-40.5
2022,15,2.26,0.64,0.62,33.34,63.75,4.08,24.94,11.77,Juazeiro,BA,Nordeste,-9.42,-40.5
2022,16,0.93,0.64,0.63,33.54,67.33,2.99,23.9,11.4,Juazeiro,BA,Nordeste,-9.42,-40.5
2022,17,0.15,0.64,0.61,33.87,62.98,3.17,24.27,11.45,Juazeiro,BA,Nordeste,-9.42,-40.5
2022,18,0.05,0.63,0.61,34.96,58.59,3.77,21.99,10.56,Juazeiro,BA,Nordeste,-9.42,-40.5
2022,19,0.0,0.63,0.6,34.94,55.59,3.43,27.21,12.66,Juazeiro,BA,Nordeste,-9.42,-40.5
2022,20,0.07,0.62,0.6,34.94,59.62,3.0,26.12,12.35,Juazeiro,BA,Nordeste,-9.42,-40.5
2022,21,0.69,0.62,0.59,34.72,60.42,2.99,24.15,11.51,Juazeiro,BA,Nordeste,-9.42,-40.5
2022,22,0.68,0.62,0.58,35.07,59.46,3.44,27.27,12.81,Juazeiro,BA,Nordeste,-9.42,-40.5
2022,23,0.09,0.62,0.56,34.62,56.96,3.24,22.07,10.56,Juazeiro,BA,Nordeste,-9.42,-40.5
2022,24,1.21,0.62,0.56,32.21,65.68,3.0,20.46,9.76,Juazeiro,BA,Nordeste,-9.42,-40.5
2022,25,3.25,0.62,0.6,28.05,74.38,2.46,22.84,10.77,Juazeiro,BA,Nordeste,-9.42,-40.5
2022,26,9.61,0.63,0.65,31.89,71.08,3.28,21.43,10.2,Juazeiro,BA,Nordeste,-9.42,-40.5
2022,27,1.73,0.64,0.63,31.5,69.61,3.38,21.94,10.39,Juazeiro,BA,Nordeste,-9.42,-40.5
2022,28,1.53,0.64,0.62,29.07,75.59,2.32,18.41,8.82,Juazeiro,BA,Nordeste,-9.42,-40.5
2022,29,10.45,0.65,0.68,27.18,79.8,2.01,16.14,8.15,Juazeiro,BA,Nordeste,-9.42,-40.5
2022,30,0.5,0.65,0.63,31.91,65.84,1.73,21.2,10.21,Juazeiro,BA,Nordeste,-9.42,-40.5
2022,31,0.0,0.64,0.62,33.68,63.59,2.34,24.62,11.66,Juazeiro,BA,Nordeste,-9.42,-40.5
2022,32,0.12,0.64,0.61,34.38,62.78,2.68,27.42,12.84,Juazeiro,BA,Nordeste,-9.42,-40.5
2022,33,0.15,0.63,0.61,34.29,63.85,2.57,26.1,12.26,Juazeiro,BA,Nordeste,-9.42,-40.5
2022,34,0.0,0.63,0.6,34.36,60.93,2.78,23.21,10.98,Juazeiro,BA,Nordeste,-9.42,-40.5
2022,35,0.0,0.62,0.59,34.75,61.11,2.96,21.53,10.31,Juazeiro,BA,Nordeste,-9.42,-40.5
2022,36,0.01,0.62,0.57,34.12,56.91,3.41,22.59,10.75,Juazeiro,BA,Nordeste,-9.42,-40.5
2022,37,0.0,0.61,0.55,35.47,58.29,2.82,23.98,11.26,Juazeiro,BA,Nordeste,-9.42,-40.5
2022,38,0.06,0.61,0.51,35.73,56.01,2.53,21.77,10.4,Juazeiro,BA,Nordeste,-9.42,-40.5
2022,39,0.01,0.61,0.48,36.13,51.69,2.98,23.42,11.09,Juazeiro,BA,Nordeste,-9.42,-40.5
2022,40,0.01,0.61,0.46,34.33,52.61,2.62,26.98,12.65,Juazeiro,BA,Nordeste,-9.42,-40.5
2022,41,1.22,0.61,0.46,34.0,58.37,2.09,22.27,10.79,Juazeiro,BA,Nordeste,-9.42,-40.5
2022,42,3.04,0.61,0.51,32.93,65.58,1.52,19.26,9.52,Juazeiro,BA,Nordeste,-9.42,-40.5
2022,43,5.42,0.61,0.58,32.63,69.71,2.13,18.72,9.28,Juazeiro,BA,Nordeste,-9.42,-40.5
2022,44,11.48,0.63,0.67,27.99,81.15,1.76,12.76,6.68,Juazeiro,BA,Nordeste,-9.42,-40.5
2022,45,1.87,0.64,0.63,31.08,70.07,1.51,19.52,9.59,Juazeiro,BA,Nordeste,-9.42,-40.5
2022,46,0.04,0.63,0.61,31.15,63.41,2.27,24.76,11.67,Juazeiro,BA,Nordeste,-9.42,-40.5
2022,47,0.07,0.63,0.61,34.63,60.26,2.18,26.92,12.58,Juazeiro,BA,Nordeste,-9.42,-40.5
2022,48,1.03,0.62,0.6,34.63,58.56,1.52,24.0,11.34,Juazeiro,BA,Nordeste,-9.42,-40.5
2022,49,2.7,0.62,0.61,33.49,64.03,2.11,23.16,10.98,Juazeiro,BA,Nordeste,-9.42,-40.5
2022,50,4.1,0.62,0.62,34.74,66.16,2.15,21.03,10.12,Juazeiro,BA,Nordeste,-9.42,-40.5
2022,51,8.1,0.63,0.65,31.89,73.1,2.05,11.96,6.19,Juazeiro,BA,Nordeste,-9.42,-40.5
2022,52,1.34,0.63,0.62,33.51,67.8,3.15,20.61,9.9,Juazeiro,BA,Nordeste,-9.42,-40.5
2022,53,0.44,0.63,0.61,34.78,60.52,3.56,22.92,10.86,Juazeiro,BA,Nordeste,-9.42,-40.5
2022,54,0.15,0.62,0.6,34.81,58.36,3.06,26.47,12.34,Juazeiro,BA,Nordeste,-9.42,-40.5
2022,55,0.36,0.62,0.59,35.22,58.73,2.9,24.64,11.56,Juazeiro,BA,Nordeste,-9.42,-40.5
2022,56,0.03,0.61,0.56,36.13,55.08,3.99,21.36,10.21,Juazeiro,BA,Nordeste,-9.42,-40.5
2022,57,0.04,0.61,0.51,34.96,56.55,3.76,23.59,11.07,Juazeiro,BA,Nordeste,-9.42,-40.5
2022,58,0.18,0.61,0.48,35.97,53.56,3.98,25.85,12.13,Juazeiro,BA,Nordeste,-9.42,-40.5
2022,59,0.38,0.61,0.45,35.96,53.2,3.83,23.5,11.05,Juazeiro,BA,Nordeste,-9.42,-40.5
2022,60,0.02,0.6,0.42,33.66,52.87,3.58,18.49,8.79,Juazeiro,BA,Nordeste,-9.42,-40.5
2022,61,0.01,0.6,0.4,36.55,45.18,3.27,17.84,8.5,Juazeiro,BA,Nordeste,-9.42,-40.5
2022,62,3.77,0.6,0.43,33.72,62.53,3.13,20.42,9.71,Juazeiro,BA,Nordeste,-9.42,-40.5
2022,63,13.01,0.62,0.62,31.02,73.34,3.4,19.71,9.44,Juazeiro,BA,Nordeste,-9.42,-40.5
2022,64,5.59,0.63,0.64,32.16,71.0,3.3,14.93,7.34,Juazeiro,BA,Nordeste,-9.42,-40.5
2022,65,0.8,0.63,0.62,33.85,65.61,3.7,20.82,9.98,Juazeiro,BA,Nordeste,-9.42,-40.5
2022,66,0.77,0.63,0.61,32.84,68.26,3.16,16.22,7.94,Juazeiro,BA,Nordeste,-9.42,-40.5
2022,67,0.07,0.62,0.6,34.38,61.34,3.57,22.9,10.61,Juazeiro,BA,Nordeste,-9.42,-40.5
2022,68,0.03,0.62,0.58,34.95,62.08,3.22,19.16,9.2,Juazeiro,BA,Nordeste,-9.42,-40.5
2022,69,0.99,0.61,0.55,34.99,63.88,3.71,19.4,9.25,Juazeiro,BA,Nordeste,-9.42,-40.5
2022,70,0.29,0.61,0.53,34.95,62.47,3.88,20.51,9.71,Juazeiro,BA,Nordeste,-9.42,-40.5
2022,71,0.43,0.61,0.49,33.33,60.62,2.98,19.89,9.41,Juazeiro,BA,Nordeste,-9.42,-40.5
2022,72,0.42,0.61,0.46,36.22,54.21,3.3,21.45,10.01,Juazeiro,BA,Nordeste,-9.42,-40.5
2022,73,0.91,0.61,0.44,36.48,55.02,2.45,23.2,10.81,Juazeiro,BA,Nordeste,-9.42,-40.5
2022,74,1.88,0.61,0.45,35.51,60.61,2.71,17.5,8.47,Juazeiro,BA,Nordeste,-9.42,-40.5
2022,75,1.93,0.61,0.46,33.36,65.14,2.49,18.6,8.93,Juazeiro,BA,Nordeste,-9.42,-40.5
2022,76,2.27,0.61,0.5,30.98,71.82,3.38,13.94,7.21,Juazeiro,BA,Nordeste,-9.42,-40.5
2022,77,1.07,0.61,0.5,34.23,65.81,3.82,20.47,9.89,Juazeiro,BA,Nordeste,-9.42,-40.5
2022,78,0.08,0.61,0.47,35.43,57.28,3.75,26.17,12.09,Juazeiro,BA,Nordeste,-9.42,-40.5
2022,79,0.26,0.6,0.44,35.42,57.98,3.15,21.79,10.38,Juazeiro,BA,Nordeste,-9.42,-40.5
2022,80,0.58,0.6,0.42,34.74,59.41,3.21,22.73,10.76,Juazeiro,BA,Nordeste,-9.42,-40.5
2022,81,0.79,0.6,0.4,36.15,55.67,3.82,22.77,10.89,Juazeiro,BA,Nordeste,-9.42,-40.5
2022,82,3.71,0.6,0.41,36.64,59.34,4.12,17.84,8.88,Juazeiro,BA,Nordeste,-9.42,-40.5
2022,83,2.15,0.61,0.51,34.21,66.4,3.83,16.18,8.06,Juazeiro,BA,Nordeste,-9.42,-40.5
2022,84,0.22,0.61,0.49,34.91,59.03,3.53,23.77,11.17,Juazeiro,BA,Nordeste,-9.42,-40.5
2022,85,0.78,0.61,0.45,32.86,63.27,2.79,22.09,10.48,Juazeiro,BA,Nordeste,-9.42,-40.5
2022,86,3.89,0.61,0.49,30.92,73.9,2.72,19.45,9.45,Juazeiro,BA,Nordeste,-9.42,-40.5
2022,87,1.02,0.61,0.53,33.57,66.61,3.66,17.89,8.84,Juazeiro,BA,Nordeste,-9.42,-40.5
2022,88,0.03,0.61,0.49,33.82,58.3,3.4,23.25,10.89,Juazeiro,BA,Nordeste,-9.42,-40.5
2022,89,0.02,0.6,0.44,36.04,52.0,3.66,22.09,10.34,Juazeiro,BA,Nordeste,-9.42,-40.5
2022,90,0.54,0.6,0.41,35.37,55.51,3.21,19.35,9.29,Juazeiro,BA,Nordeste,-9.42,-40.5
2022,91,1.09,0.6,0.39,36.17,57.05,3.24,19.56,9.38,Juazeiro,BA,Nordeste,-9.42,-40.5
2022,92,0.74,0.6,0.41,35.4,58.81,3.71,17.03,8.27,Juazeiro,BA,Nordeste,-9.42,-40.5
2022,93,0.16,0.6,0.38,35.79,52.24,4.62,23.72,11.0,Juazeiro,BA,Nordeste,-9.42,-40.5
2022,94,0.19,0.6,0.36,35.58,56.18,4.26,22.25,10.47,Juazeiro,BA,Nordeste,-9.42,-40.5
2022,95,0.05,0.6,0.35,35.51,52.81,3.62,20.35,9.62,Juazeiro,BA,Nordeste,-9.42,-40.5
2022,96,0.07,0.6,0.33,35.9,46.56,3.54,23.73,10.9,Juazeiro,BA,Nordeste,-9.42,-40.5
2022,97,0.0,0.6,0.32,36.13,44.47,3.13,26.3,11.93,Juazeiro,BA,Nordeste,-9.42,-40.5
2022,98,4.95,0.6,0.37,35.81,54.28,3.04,22.57,10.55,Juazeiro,BA,Nordeste,-9.42,-40.5
2022,99,7.61,0.62,0.55,35.03,58.67,2.72,22.86,10.7,Juazeiro,BA,Nordeste,-9.42,-40.5
2022,100,2.02,0.62,0.52,35.24,60.41,2.15,21.63,10.23,Juazeiro,BA,Nordeste,-9.42,-40.5
2022,101,3.75,0.62,0.6,34.92,65.1,1.79,18.89,9.01,Juazeiro,BA,Nordeste,-9.42,-40.5
2022,102,0.07,0.61,0.56,35.93,58.34,2.2,20.46,9.6,Juazeiro,BA,Nordeste,-9.42,-40.5
2022,103,0.01,0.61,0.51,34.93,57.16,2.03,21.56,10.12,Juazeiro,BA,Nordeste,-9.42,-40.5
2022,104,3.12,0.61,0.52,34.87,60.62,1.06,20.97,9.89,Juazeiro,BA,Nordeste,-9.42,-40.5
2022,105,10.33,0.62,0.64,33.87,67.59,1.25,19.57,9.37,Juazeiro,BA,Nordeste,-9.42,-40.5
2022,106,2.81,0.62,0.62,33.84,69.17,1.75,15.04,7.48,Juazeiro,BA,Nordeste,-9.42,-40.5
2022,107,3.92,0.62,0.62,33.93,71.07,3.32,17.63,8.53,Juazeiro,BA,Nordeste,-9.42,-40.5
2022,108,1.35,0.62,0.61,32.36,72.28,3.79,13.65,6.96,Juazeiro,BA,Nordeste,-9.42,-40.5
2022,109,0.37,0.62,0.6,33.7,67.74,4.11,14.99,7.48,Juazeiro,BA,Nordeste,-9.42,-40.5
2022,110,0.14,0.62,0.58,34.42,65.01,4.03,17.88,8.61,Juazeiro,BA,Nordeste,-9.42,-40.5
2022,111,0.33,0.61,0.56,34.6,63.89,3.99,22.72,10.64,Juazeiro,BA,Nordeste,-9.42,-40.5
2022,112,0.4,0.61,0.52,34.24,65.15,3.8,18.18,8.91,Juazeiro,BA,Nordeste,-9.42,-40.5
2022,113,0.22,0.61,0.48,35.05,61.52,3.63,20.71,9.87,Juazeiro,BA,Nordeste,-9.42,-40.5
2022,114,0.04,0.6,0.45,34.52,61.26,4.26,20.24,9.74,Juazeiro,BA,Nordeste,-9.42,-40.5
2022,115,0.05,0.6,0.42,33.96,60.84,5.12,22.56,10.54,Juazeiro,BA,Nordeste,-9.42,-40.5
2022,116,0.02,0.6,0.4,34.15,58.08,4.94,19.6,9.39,Juazeiro,BA,Nordeste,-9.42,-40.5
2022,117,0.05,0.6,0.38,34.73,57.09,4.32,20.69,9.78,Juazeiro,BA,Nordeste,-9.42,-40.5
2022,118,0.4,0.6,0.37,31.81,66.55,4.9,15.59,7.76,Juazeiro,BA,Nordeste,-9.42,-40.5
2022,119,0.03,0.6,0.37,33.59,61.54,4.37,19.63,9.35,Juazeiro,BA,Nordeste,-9.42,-40.5
2022,120,0.03,0.6,0.36,33.66,59.79,4.1,18.42,8.87,Juazeiro,BA,Nordeste,-9.42,-40.5
2022,121,0.01,0.6,0.35,33.87,56.27,4.43,21.04,9.92,Juazeiro,BA,Nordeste,-9.42,-40.5
2022,122,0.01,0.6,0.34,34.46,56.04,3.93,20.99,9.85,Juazeiro,BA,Nordeste,-9.42,-40.5
2022,123,0.1,0.6,0.33,33.62,62.05,3.42,16.11,7.94,Juazeiro,BA,Nordeste,-9.42,-40.5
2022,124,0.01,0.6,0.33,34.4,59.39,3.85,18.19,8.81,Juazeiro,BA,Nordeste,-9.42,-40.5
2022,125,0.0,0.6,0.32,35.59,54.19,3.71,21.46,10.07,Juazeiro,BA,Nordeste,-9.42,-40.5
2022,126,0.0,0.6,0.31,35.47,54.17,4.12,21.49,9.98,Juazeiro,BA,Nordeste,-9.42,-40.5
2022,127,0.0,0.6,0.3,33.98,52.86,4.41,23.46,10.65,Juazeiro,BA,Nordeste,-9.42,-40.5
2022,128,0.0,0.6,0.3,34.63,51.63,4.19,19.96,9.36,Juazeiro,BA,Nordeste,-9.42,-40.5
2022,129,0.21,0.6,0.29,33.88,62.6,4.34,16.09,7.72,Juazeiro,BA,Nordeste,-9.42,-40.5
2022,130,0.07,0.6,0.29,32.8,59.61,4.0,15.65,7.59,Juazeiro,BA,Nordeste,-9.42,-40.5
2022,131,0.05,0.6,0.29,31.63,61.29,3.78,17.08,8.18,Juazeiro,BA,Nordeste,-9.42,-40.5
2022,132,0.0,0.6,0.29,34.93,53.72,3.34,21.1,9.94,Juazeiro,BA,Nordeste,-9.42,-40.5
2022,133,0.01,0.6,0.28,35.58,48.29,3.72,20.42,9.64,Juazeiro,BA,Nordeste,-9.42,-40.5
2022,134,0.01,0.6,0.27,32.42,53.83,4.43,19.52,9.35,Juazeiro,BA,Nordeste,-9.42,-40.5
2022,135,0.01,0.6,0.27,31.78,59.17,3.63,17.0,8.2,Juazeiro,BA,Nordeste,-9.42,-40.5
2022,136,0.02,0.6,0.27,33.37,59.28,3.11,17.25,8.35,Juazeiro,BA,Nordeste,-9.42,-40.5
2022,137,0.02,0.6,0.27,34.87,55.22,2.24,17.56,8.47,Juazeiro,BA,Nordeste,-9.42,-40.5
2022,138,0.18,0.6,0.27,34.8,54.02,2.26,17.91,8.63,Juazeiro,BA,Nordeste,-9.42,-40.5
2022,139,8.92,0.61,0.43,29.87,73.55,2.79,13.28,6.62,Juazeiro,BA,Nordeste,-9.42,-40.5
2022,140,4.35,0.61,0.57,31.48,69.95,1.83,8.25,4.46,Juazeiro,BA,Nordeste,-9.42,-40.5
2022,141,0.35,0.62,0.58,31.08,67.54,3.67,12.06,6.18,Juazeiro,BA,Nordeste,-9.42,-40.5
2022,142,0.0,0.61,0.54,31.72,62.03,4.5,17.01,8.19,Juazeiro,BA,Nordeste,-9.42,-40.5
2022,143,0.18,0.61,0.52,31.68,62.55,4.46,18.21,8.68,Juazeiro,BA,Nordeste,-9.42,-40.5
2022,144,0.29,0.61,0.48,31.48,62.17,4.54,16.29,7.81,Juazeiro,BA,Nordeste,-9.42,-40.5
2022,145,2.55,0.61,0.48,30.95,72.26,5.24,13.12,6.54,Juazeiro,BA,Nordeste,-9.42,-40.5
2022,146,0.44,0.61,0.5,30.83,69.98,5.67,13.01,6.57,Juazeiro,BA,Nordeste,-9.42,-40.5
2022,147,0.01,0.61,0.47,31.27,63.96,4.96,17.77,8.48,Juazeiro,BA,Nordeste,-9.42,-40.5
2022,148,0.0,0.6,0.44,31.86,61.42,3.81,21.05,9.86,Juazeiro,BA,Nordeste,-9.42,-40.5
2022,149,0.12,0.6,0.41,31.95,65.96,3.41,15.51,7.64,Juazeiro,BA,Nordeste,-9.42,-40.5
2022,150,0.51,0.6,0.4,33.04,69.39,3.82,14.55,7.27,Juazeiro,BA,Nordeste,-9.42,-40.5
2022,151,2.69,0.6,0.43,32.77,69.41,4.45,13.04,6.7,Juazeiro,BA,Nordeste,-9.42,-40.5
2022,152,0.64,0.61,0.46,33.32,62.53,4.25,19.43,9.12,Juazeiro,BA,Nordeste,-9.42,-40.5
2022,153,0.25,0.6,0.43,32.61,67.22,3.54,15.16,7.32,Juazeiro,BA,Nordeste,-9.42,-40.5
2022,154,0.2,0.6,0.41,33.41,64.26,4.0,17.07,8.24,Juazeiro,BA,Nordeste,-9.42,-40.5
2022,155,0.48,0.6,0.39,32.36,65.2,4.65,19.69,9.28,Juazeiro,BA,Nordeste,-9.42,-40.5
2022,156,1.55,0.6,0.41,30.88,68.5,5.27,12.36,6.19,Juazeiro,BA,Nordeste,-9.42,-40.5
2022,157,0.16,0.6,0.41,30.92,63.04,4.97,19.74,9.21,Juazeiro,BA,Nordeste,-9.42,-40.5
2022,158,0.11,0.6,0.39,31.57,62.42,3.54,19.79,9.25,Juazeiro,BA,Nordeste,-9.42,-40.5
2022,159,0.0,0.6,0.37,32.99,57.15,3.03,19.8,9.17,Juazeiro,BA,Nordeste,-9.42,-40.5
2022,160,0.0,0.6,0.36,32.46,61.34,3.57,19.52,9.16,Juazeiro,BA,Nordeste,-9.42,-40.5
2022,161,0.01,0.6,0.35,32.82,62.03,3.75,18.29,8.7,Juazeiro,BA,Nordeste,-9.42,-40.5
2022,162,0.01,0.6,0.33,33.48,56.47,3.03,18.29,8.72,Juazeiro,BA,Nordeste,-9.42,-40.5
2022,163,0.0,0.6,0.32,32.28,56.59,3.3,16.3,7.88,Juazeiro,BA,Nordeste,-9.42,-40.5
2022,164,0.0,0.6,0.31,34.57,53.93,3.2,19.29,9.07,Juazeiro,BA,Nordeste,-9.42,-40.5
2022,165,0.09,0.6,0.3,33.59,59.31,4.68,19.99,9.28,Juazeiro,BA,Nordeste,-9.42,-40.5
2022,166,0.13,0.6,0.3,31.26,62.78,5.21,13.42,6.6,Juazeiro,BA,Nordeste,-9.42,-40.5
2022,167,0.0,0.6,0.29,32.03,55.47,4.44,19.55,9.1,Juazeiro,BA,Nordeste,-9.42,-40.5
2022,168,0.0,0.6,0.29,31.2,50.77,3.52,19.98,9.32,Juazeiro,BA,Nordeste,-9.42,-40.5
2022,169,0.0,0.6,0.28,34.01,52.82,3.2,19.75,9.25,Juazeiro,BA,Nordeste,-9.42,-40.5
2022,170,0.01,0.6,0.28,33.57,53.1,4.18,21.06,9.71,Juazeiro,BA,Nordeste,-9.42,-40.5
2022,171,0.08,0.6,0.27,32.59,60.11,4.75,15.66,7.5,Juazeiro,BA,Nordeste,-9.42,-40.5
2022,172,1.42,0.6,0.29,31.81,66.45,5.33,12.07,6.02,Juazeiro,BA,Nordeste,-9.42,-40.5
2022,173,0.26,0.6,0.3,32.03,59.59,4.48,18.84,8.77,Juazeiro,BA,Nordeste,-9.42,-40.5
2022,174,0.22,0.6,0.3,31.77,66.08,5.11,11.24,5.77,Juazeiro,BA,Nordeste,-9.42,-40.5
2022,175,0.19,0.6,0.3,31.51,64.15,5.22,13.44,6.6,Juazeiro,BA,Nordeste,-9.42,-40.5
2022,176,0.02,0.6,0.29,31.75,60.7,4.25,16.09,7.69,Juazeiro,BA,Nordeste,-9.42,-40.5
2022,177,0.01,0.6,0.29,31.33,58.13,3.8,16.41,7.8,Juazeiro,BA,Nordeste,-9.42,-40.5
2022,178,0.01,0.6,0.28,31.01,58.86,5.13,16.83,7.98,Juazeiro,BA,Nordeste,-9.42,-40.5
2022,179,0.01,0.6,0.28,30.85,57.48,4.9,18.59,8.63,Juazeiro,BA,Nordeste,-9.42,-40.5
2022,180,0.0,0.6,0.27,31.9,55.99,3.48,20.98,9.59,Juazeiro,BA,Nordeste,-9.42,-40.5
2022,181,0.0,0.6,0.27,32.64,54.43,3.73,18.49,8.57,Juazeiro,BA,Nordeste,-9.42,-40.5
2022,182,0.12,0.6,0.26,32.17,62.75,4.99,15.77,7.67,Juazeiro,BA,Nordeste,-9.42,-40.5
2022,183,0.22,0.6,0.26,32.14,64.04,6.03,13.94,6.89,Juazeiro,BA,Nordeste,-9.42,-40.5
2022,184,0.09,0.6,0.26,31.09,62.66,6.14,15.65,7.39,Juazeiro,BA,Nordeste,-9.42,-40.5
2022,185,0.2,0.6,0.26,31.42,62.13,5.49,11.95,5.92,Juazeiro,BA,Nordeste,-9.42,-40.5
2022,186,0.12,0.6,0.26,31.56,57.59,5.36,14.82,7.07,Juazeiro,BA,Nordeste,-9.42,-40.5
2022,187,0.13,0.6,0.26,30.66,59.31,4.87,16.14,7.71,Juazeiro,BA,Nordeste,-9.42,-40.5
2022,188,0.09,0.6,0.26,31.83,61.75,4.77,11.23,5.64,Juazeiro,BA,Nordeste,-9.42,-40.5
2022,189,0.41,0.6,0.25,30.52,64.14,5.53,17.27,8.13,Juazeiro,BA,Nordeste,-9.42,-40.5
2022,190,0.3,0.6,0.26,31.26,64.74,5.39,18.49,8.62,Juazeiro,BA,Nordeste,-9.42,-40.5
2022,191,0.2,0.6,0.26,30.93,61.23,5.29,13.73,6.72,Juazeiro,BA,Nordeste,-9.42,-40.5
2022,192,0.02,0.6,0.26,31.37,58.81,4.14,17.49,8.34,Juazeiro,BA,Nordeste,-9.42,-40.5
2022,193,0.3,0.6,0.26,33.03,56.99,4.39,20.24,9.38,Juazeiro,BA,Nordeste,-9.42,-40.5
2022,194,2.23,0.6,0.31,30.99,67.42,5.28,14.2,6.98,Juazeiro,BA,Nordeste,-9.42,-40.5
2022,195,0.23,0.6,0.33,30.85,60.35,4.98,18.72,8.75,Juazeiro,BA,Nordeste,-9.42,-40.5
2022,196,0.06,0.6,0.32,30.82,56.19,4.18,22.17,9.94,Juazeiro,BA,Nordeste,-9.42,-40.5
2022,197,0.06,0.6,0.31,31.73,57.79,4.34,16.46,7.82,Juazeiro,BA,Nordeste,-9.42,-40.5
2022,198,0.08,0.6,0.3,31.08,57.58,4.59,19.56,9.09,Juazeiro,BA,Nordeste,-9.42,-40.5
2022,199,0.35,0.6,0.3,31.73,60.01,5.1,15.64,7.44,Juazeiro,BA,Nordeste,-9.42,-40.5
2022,200,0.34,0.6,0.31,30.89,59.83,4.89,17.48,8.32,Juazeiro,BA,Nordeste,-9.42,-40.5
2022,201,0.63,0.6,0.31,31.61,62.88,4.48,14.26,6.84,Juazeiro,BA,Nordeste,-9.42,-40.5
2022,202,0.75,0.6,0.33,31.2,62.09,4.73,19.35,9.09,Juazeiro,BA,Nordeste,-9.42,-40.5
2022,203,0.14,0.6,0.33,31.38,61.34,4.88,17.12,8.13,Juazeiro,BA,Nordeste,-9.42,-40.5
2022,204,0.09,0.6,0.32,31.82,61.26,4.94,18.62,8.79,Juazeiro,BA,Nordeste,-9.42,-40.5
2022,205,0.04,0.6,0.31,32.17,59.31,5.45,17.48,8.38,Juazeiro,BA,Nordeste,-9.42,-40.5
2022,206,0.17,0.6,0.3,30.89,59.12,5.04,21.36,9.77,Juazeiro,BA,Nordeste,-9.42,-40.5
2022,207,0.9,0.6,0.32,30.86,61.66,4.76,16.45,7.95,Juazeiro,BA,Nordeste,-9.42,-40.5
2022,208,0.09,0.6,0.32,30.92,58.35,4.69,15.97,7.69,Juazeiro,BA,Nordeste,-9.42,-40.5
2022,209,0.21,0.6,0.31,30.98,58.13,4.07,19.95,9.31,Juazeiro,BA,Nordeste,-9.42,-40.5
2022,210,0.11,0.6,0.31,32.7,58.12,2.83,21.3,9.93,Juazeiro,BA,Nordeste,-9.42,-40.5
2022,211,0.06,0.6,0.3,34.55,54.76,3.2,20.82,9.75,Juazeiro,BA,Nordeste,-9.42,-40.5
2022,212,0.08,0.6,0.29,33.98,55.12,4.66,20.62,9.64,Juazeiro,BA,Nordeste,-9.42,-40.5
2022,213,0.02,0.6,0.28,32.79,55.14,5.7,21.32,9.81,Juazeiro,BA,Nordeste,-9.42,-40.5
2022,214,0.08,0.6,0.28,32.23,52.88,4.79,21.68,9.91,Juazeiro,BA,Nordeste,-9.42,-40.5
2022,215,0.34,0.6,0.27,30.93,60.35,4.83,19.27,9.12,Juazeiro,BA,Nordeste,-9.42,-40.5
2022,216,0.61,0.6,0.29,30.22,64.06,4.76,13.02,6.67,Juazeiro,BA,Nordeste,-9.42,-40.5
2022,217,0.03,0.6,0.29,33.03,54.69,4.37,18.14,8.65,Juazeiro,BA,Nordeste,-9.42,-40.5
2022,218,0.11,0.6,0.28,32.95,52.89,4.62,23.7,10.7,Juazeiro,BA,Nordeste,-9.42,-40.5
2022,219,0.41,0.6,0.28,32.5,54.31,4.64,22.08,10.03,Juazeiro,BA,Nordeste,-9.42,-40.5
2022,220,0.04,0.6,0.28,32.57,47.47,4.22,16.68,7.81,Juazeiro,BA,Nordeste,-9.42,-40.5
2022,221,0.07,0.6,0.27,32.19,48.39,3.68,24.26,10.82,Juazeiro,BA,Nordeste,-9.42,-40.5
2022,222,0.07,0.6,0.27,32.46,51.93,2.74,21.82,9.97,Juazeiro,BA,Nordeste,-9.42,-40.5
2022,223,0.1,0.6,0.26,34.78,43.59,1.91,24.43,10.95,Juazeiro,BA,Nordeste,-9.42,-40.5
2022,224,0.08,0.6,0.26,35.14,48.31,4.09,24.12,10.89,Juazeiro,BA,Nordeste,-9.42,-40.5
2022,225,0.43,0.6,0.26,32.15,56.64,5.71,20.38,9.47,Juazeiro,BA,Nordeste,-9.42,-40.5
2022,226,2.27,0.6,0.31,30.96,65.0,5.21,14.0,7.01,Juazeiro,BA,Nordeste,-9.42,-40.5
2022,227,0.19,0.6,0.34,30.82,63.26,5.56,14.14,7.0,Juazeiro,BA,Nordeste,-9.42,-40.5
2022,228,0.45,0.6,0.33,29.66,68.68,5.45,16.7,8.15,Juazeiro,BA,Nordeste,-9.42,-40.5
2022,229,0.1,0.6,0.33,31.87,60.02,5.05,20.47,9.58,Juazeiro,BA,Nordeste,-9.42,-40.5
2022,230,0.1,0.6,0.32,31.65,58.05,5.21,22.08,10.11,Juazeiro,BA,Nordeste,-9.42,-40.5
2022,231,0.16,0.6,0.31,31.27,56.78,4.71,21.02,9.7,Juazeiro,BA,Nordeste,-9.42,-40.5
2022,232,0.2,0.6,0.3,30.61,60.68,6.0,20.17,9.45,Juazeiro,BA,Nordeste,-9.42,-40.5
2022,233,1.75,0.6,0.33,28.88,66.58,5.32,16.2,7.89,Juazeiro,BA,Nordeste,-9.42,-40.5
2022,234,0.27,0.6,0.35,30.0,63.05,4.97,21.12,9.89,Juazeiro,BA,Nordeste,-9.42,-40.5
2022,235,0.14,0.6,0.34,31.45,63.19,5.16,18.85,8.96,Juazeiro,BA,Nordeste,-9.42,-40.5
2022,236,0.16,0.6,0.33,31.55,59.8,5.44,18.62,8.92,Juazeiro,BA,Nordeste,-9.42,-40.5
2022,237,0.04,0.6,0.32,30.8,57.56,5.56,21.43,9.92,Juazeiro,BA,Nordeste,-9.42,-40.5
2022,238,0.18,0.6,0.31,31.41,57.49,5.71,21.8,10.05,Juazeiro,BA,Nordeste,-9.42,-40.5
2022,239,1.01,0.6,0.33,31.26,55.44,5.18,24.77,11.18,Juazeiro,BA,Nordeste,-9.42,-40.5
2022,240,0.31,0.6,0.33,31.69,57.1,3.85,21.52,10.02,Juazeiro,BA,Nordeste,-9.42,-40.5
2022,241,0.12,0.6,0.32,33.21,53.52,4.47,25.11,11.4,Juazeiro,BA,Nordeste,-9.42,-40.5
2022,242,0.15,0.6,0.31,31.8,56.21,6.45,25.57,11.66,Juazeiro,BA,Nordeste,-9.42,-40.5
2022,243,0.16,0.6,0.3,30.66,56.92,5.88,21.17,9.89,Juazeiro,BA,Nordeste,-9.42,-40.5
2022,244,0.09,0.6,0.29,31.27,56.93,5.64,21.25,9.91,Juazeiro,BA,Nordeste,-9.42,-40.5
2022,245,0.6,0.6,0.3,32.23,60.8,5.34,17.05,8.27,Juazeiro,BA,Nordeste,-9.42,-40.5
2022,246,0.88,0.6,0.31,32.76,61.28,5.19,21.9,10.24,Juazeiro,BA,Nordeste,-9.42,-40.5
2022,247,0.12,0.6,0.31,32.84,58.91,5.13,19.72,9.41,Juazeiro,BA,Nordeste,-9.42,-40.5
2022,248,0.12,0.6,0.3,32.62,56.43,5.75,24.95,11.47,Juazeiro,BA,Nordeste,-9.42,-40.5
2022,249,0.12,0.6,0.3,32.2,56.38,5.75,25.04,11.41,Juazeiro,BA,Nordeste,-9.42,-40.5
2022,250,0.09,0.6,0.29,32.43,55.82,5.49,25.83,11.72,Juazeiro,BA,Nordeste,-9.42,-40.5
2022,251,0.24,0.6,0.28,32.55,59.03,5.57,22.8,10.54,Juazeiro,BA,Nordeste,-9.42,-40.5
2022,252,0.24,0.6,0.28,32.41,58.82,5.23,20.44,9.72,Juazeiro,BA,Nordeste,-9.42,-40.5
2022,253,0.1,0.6,0.28,33.73,55.13,4.45,23.95,11.09,Juazeiro,BA,Nordeste,-9.42,-40.5
2022,254,0.09,0.6,0.27,34.63,50.78,3.88,24.52,11.25,Juazeiro,BA,Nordeste,-9.42,-40.5
2022,255,0.09,0.6,0.26,33.65,48.89,4.69,26.77,11.99,Juazeiro,BA,Nordeste,-9.42,-40.5
2022,256,0.05,0.6,0.26,34.37,50.7,4.2,22.99,10.76,Juazeiro,BA,Nordeste,-9.42,-40.5
2022,257,0.07,0.6,0.25,36.15,47.52,3.36,24.84,11.42,Juazeiro,BA,Nordeste,-9.42,-40.5
2022,258,0.11,0.59,0.25,36.37,47.5,3.86,25.97,11.95,Juazeiro,BA,Nordeste,-9.42,-40.5
2022,259,0.08,0.59,0.24,35.57,45.84,4.23,23.93,10.98,Juazeiro,BA,Nordeste,-9.42,-40.5
2022,260,0.06,0.59,0.24,35.47,46.53,3.87,27.31,12.16,Juazeiro,BA,Nordeste,-9.42,-40.5
2022,261,0.13,0.59,0.23,34.54,45.85,4.92,27.29,12.23,Juazeiro,BA,Nordeste,-9.42,-40.5
2022,262,0.11,0.59,0.23,34.63,51.95,5.09,25.92,11.85,Juazeiro,BA,Nordeste,-9.42,-40.5
2022,263,0.07,0.59,0.23,35.07,51.76,4.75,25.92,11.96,Juazeiro,BA,Nordeste,-9.42,-40.5
2022,264,0.0,0.59,0.22,35.8,45.52,4.24,26.93,12.26,Juazeiro,BA,Nordeste,-9.42,-40.5
2022,265,0.16,0.59,0.22,35.84,48.5,3.15,26.15,12.07,Juazeiro,BA,Nordeste,-9.42,-40.5
2022,266,0.02,0.59,0.22,36.74,46.37,2.4,24.84,11.51,Juazeiro,BA,Nordeste,-9.42,-40.5
2022,267,0.92,0.59,0.23,36.38,48.58,4.26,20.52,9.79,Juazeiro,BA,Nordeste,-9.42,-40.5
2022,268,0.04,0.59,0.25,35.77,45.12,6.17,26.12,11.77,Juazeiro,BA,Nordeste,-9.42,-40.5
2022,269,0.09,0.59,0.24,34.25,48.67,5.37,24.61,11.24,Juazeiro,BA,Nordeste,-9.42,-40.5
2022,270,0.0,0.59,0.24,34.68,44.01,4.94,27.74,12.39,Juazeiro,BA,Nordeste,-9.42,-40.5
2022,271,0.15,0.59,0.23,34.95,51.24,4.98,26.84,12.15,Juazeiro,BA,Nordeste,-9.42,-40.5
2022,272,0.09,0.59,0.23,35.84,46.01,4.23,27.6,12.5,Juazeiro,BA,Nordeste,-9.42,-40.5
2022,273,0.09,0.59,0.23,35.85,43.94,5.33,27.87,12.47,Juazeiro,BA,Nordeste,-9.42,-40.5
2022,274,0.08,0.59,0.23,35.09,48.44,5.19,27.77,12.55,Juazeiro,BA,Nordeste,-9.42,-40.5
2022,275,0.07,0.59,0.22,35.42,44.68,4.55,28.25,12.68,Juazeiro,BA,Nordeste,-9.42,-40.5
2022,276,0.06,0.59,0.22,35.62,40.88,4.13,28.48,12.73,Juazeiro,BA,Nordeste,-9.42,-40.5
2022,277,0.05,0.59,0.22,36.23,40.72,3.14,28.42,12.73,Juazeiro,BA,Nordeste,-9.42,-40.5
2022,278,0.03,0.59,0.21,36.84,44.18,4.48,27.98,12.65,Juazeiro,BA,Nordeste,-9.42,-40.5
2022,279,0.09,0.59,0.21,36.44,46.77,4.63,26.11,11.95,Juazeiro,BA,Nordeste,-9.42,-40.5
2022,280,0.25,0.59,0.21,36.56,48.72,3.69,25.49,11.78,Juazeiro,BA,Nordeste,-9.42,-40.5
2022,281,0.03,0.59,0.21,37.86,44.24,4.24,27.62,12.56,Juazeiro,BA,Nordeste,-9.42,-40.5
2022,282,0.06,0.59,0.21,37.01,48.86,5.81,25.79,11.75,Juazeiro,BA,Nordeste,-9.42,-40.5
2022,283,0.07,0.59,0.21,36.27,52.41,6.02,21.57,10.11,Juazeiro,BA,Nordeste,-9.42,-40.5
2022,284,0.06,0.59,0.2,35.16,51.71,6.38,23.94,11.07,Juazeiro,BA,Nordeste,-9.42,-40.5
2022,285,0.13,0.59,0.2,35.08,50.27,6.0,23.99,11.06,Juazeiro,BA,Nordeste,-9.42,-40.5
2022,286,0.05,0.59,0.2,35.6,48.67,5.03,27.5,12.5,Juazeiro,BA,Nordeste,-9.42,-40.5
2022,287,0.16,0.59,0.2,35.57,48.37,5.68,23.92,11.08,Juazeiro,BA,Nordeste,-9.42,-40.5
2022,288,0.03,0.59,0.2,35.39,44.76,5.78,28.41,12.81,Juazeiro,BA,Nordeste,-9.42,-40.5
2022,289,0.1,0.59,0.2,34.88,46.11,5.26,27.92,12.6,Juazeiro,BA,Nordeste,-9.42,-40.5
2022,290,0.06,0.59,0.2,35.16,44.89,5.23,26.64,12.14,Juazeiro,BA,Nordeste,-9.42,-40.5
2022,291,0.05,0.59,0.2,35.78,46.5,5.21,26.88,12.28,Juazeiro,BA,Nordeste,-9.42,-40.5
2022,292,0.0,0.59,0.19,35.47,50.36,5.37,22.23,10.42,Juazeiro,BA,Nordeste,-9.42,-40.5
2022,293,0.0,0.59,0.19,36.05,45.85,4.61,26.21,12.04,Juazeiro,BA,Nordeste,-9.42,-40.5
2022,294,0.1,0.59,0.19,36.0,47.22,4.71,27.74,12.66,Juazeiro,BA,Nordeste,-9.42,-40.5
2022,295,0.0,0.59,0.19,36.04,47.41,4.04,27.32,12.67,Juazeiro,BA,Nordeste,-9.42,-40.5
2022,296,0.1,0.59,0.19,36.34,48.89,3.79,20.34,9.71,Juazeiro,BA,Nordeste,-9.42,-40.5
2022,297,0.0,0.59,0.19,37.12,47.76,3.99,24.04,11.19,Juazeiro,BA,Nordeste,-9.42,-40.5
2022,298,11.07,0.6,0.3,31.45,58.0,3.82,17.41,8.26,Juazeiro,BA,Nordeste,-9.42,-40.5
2022,299,12.95,0.63,0.67,30.04,70.42,3.41,13.09,6.6,Juazeiro,BA,Nordeste,-9.42,-40.5
2022,300,0.31,0.63,0.61,33.63,63.11,3.87,14.99,7.38,Juazeiro,BA,Nordeste,-9.42,-40.5
2022,301,0.09,0.62,0.59,35.03,57.22,4.05,19.96,9.64,Juazeiro,BA,Nordeste,-9.42,-40.5
2022,302,0.04,0.62,0.57,35.8,54.8,4.04,25.42,11.89,Juazeiro,BA,Nordeste,-9.42,-40.5
2022,303,0.06,0.61,0.53,35.54,52.34,3.95,27.79,12.82,Juazeiro,BA,Nordeste,-9.42,-40.5
2022,304,0.06,0.61,0.49,35.44,55.33,3.06,26.05,12.17,Juazeiro,BA,Nordeste,-9.42,-40.5
2022,305,1.63,0.61,0.47,34.98,56.51,2.72,21.49,10.22,Juazeiro,BA,Nordeste,-9.42,-40.5
2022,306,2.67,0.61,0.5,33.51,59.8,1.76,17.93,8.66,Juazeiro,BA,Nordeste,-9.42,-40.5
2022,307,21.9,0.63,0.68,32.32,68.0,1.07,21.43,10.14,Juazeiro,BA,Nordeste,-9.42,-40.5
2022,308,29.66,0.68,0.77,25.39,86.3,1.91,7.38,3.98,Juazeiro,BA,Nordeste,-9.42,-40.5
2022,309,12.49,0.69,0.74,29.56,74.8,2.4,14.48,7.22,Juazeiro,BA,Nordeste,-9.42,-40.5
2022,310,5.66,0.7,0.72,26.58,78.45,4.14,16.45,8.12,Juazeiro,BA,Nordeste,-9.42,-40.5
2022,311,0.1,0.68,0.68,31.4,70.77,4.24,22.59,10.8,Juazeiro,BA,Nordeste,-9.42,-40.5
2022,312,1.58,0.67,0.68,30.13,77.43,3.55,17.71,8.56,Juazeiro,BA,Nordeste,-9.42,-40.5
2022,313,0.18,0.67,0.66,31.48,70.87,2.87,22.37,10.61,Juazeiro,BA,Nordeste,-9.42,-40.5
2022,314,0.0,0.66,0.64,33.37,63.04,3.26,23.32,10.98,Juazeiro,BA,Nordeste,-9.42,-40.5
2022,315,0.46,0.65,0.63,34.09,62.65,3.28,26.06,12.14,Juazeiro,BA,Nordeste,-9.42,-40.5
2022,316,1.29,0.65,0.63,33.22,68.57,3.28,23.68,11.2,Juazeiro,BA,Nordeste,-9.42,-40.5
2022,317,0.11,0.65,0.62,33.81,64.44,3.57,22.65,10.85,Juazeiro,BA,Nordeste,-9.42,-40.5
2022,318,0.03,0.64,0.61,34.6,62.89,3.25,21.54,10.3,Juazeiro,BA,Nordeste,-9.42,-40.5
2022,319,0.16,0.64,0.61,33.82,64.58,3.28,22.48,10.7,Juazeiro,BA,Nordeste,-9.42,-40.5
2022,320,0.04,0.63,0.61,34.44,62.14,2.74,25.41,11.89,Juazeiro,BA,Nordeste,-9.42,-40.5
2022,321,0.08,0.63,0.6,34.12,61.2,2.49,26.59,12.32,Juazeiro,BA,Nordeste,-9.42,-40.5
2022,322,1.49,0.62,0.6,34.08,60.33,2.72,20.35,9.78,Juazeiro,BA,Nordeste,-9.42,-40.5
2022,323,5.88,0.63,0.64,30.11,69.73,2.72,13.97,7.0,Juazeiro,BA,Nordeste,-9.42,-40.5
2022,324,1.05,0.63,0.62,31.47,67.23,2.9,17.59,8.66,Juazeiro,BA,Nordeste,-9.42,-40.5
2022,325,0.08,0.63,0.61,30.75,64.74,3.47,21.88,10.47,Juazeiro,BA,Nordeste,-9.42,-40.5
2022,326,0.11,0.63,0.6,33.85,61.73,4.1,25.92,12.16,Juazeiro,BA,Nordeste,-9.42,-40.5
2022,327,0.1,0.62,0.59,33.86,64.0,3.32,22.03,10.61,Juazeiro,BA,Nordeste,-9.42,-40.5
2022,328,0.11,0.62,0.58,34.2,57.4,2.79,24.03,11.31,Juazeiro,BA,Nordeste,-9.42,-40.5
2022,329,0.33,0.62,0.57,33.44,61.17,2.93,10.21,5.29,Juazeiro,BA,Nordeste,-9.42,-40.5
2022,330,3.02,0.62,0.57,32.66,66.26,1.48,20.69,10.11,Juazeiro,BA,Nordeste,-9.42,-40.5
2022,331,4.63,0.63,0.63,29.4,72.03,1.22,14.93,7.53,Juazeiro,BA,Nordeste,-9.42,-40.5
2022,332,0.99,0.63,0.61,30.07,71.88,2.09,4.37,2.53,Juazeiro,BA,Nordeste,-9.42,-40.5
2022,333,23.81,0.65,0.72,27.43,81.55,1.72,15.47,7.93,Juazeiro,BA,Nordeste,-9.42,-40.5
2022,334,4.96,0.67,0.69,30.57,76.43,1.9,19.7,9.88,Juazeiro,BA,Nordeste,-9.42,-40.5
2022,335,9.25,0.67,0.7,29.04,76.27,1.4,15.69,7.99,Juazeiro,BA,Nordeste,-9.42,-40.5
2022,336,4.39,0.68,0.69,29.32,77.23,3.59,18.62,9.22,Juazeiro,BA,Nordeste,-9.42,-40.5
2022,337,1.76,0.67,0.66,32.17,68.72,4.87,25.46,11.93,Juazeiro,BA,Nordeste,-9.42,-40.5
2022,338,1.63,0.66,0.66,31.36,70.46,4.12,21.69,10.46,Juazeiro,BA,Nordeste,-9.42,-40.5
2022,339,7.82,0.66,0.67,31.64,73.6,4.42,18.49,9.18,Juazeiro,BA,Nordeste,-9.42,-40.5
2022,340,5.24,0.67,0.69,31.82,72.23,4.06,19.31,9.4,Juazeiro,BA,Nordeste,-9.42,-40.5
2022,341,1.7,0.67,0.66,32.19,70.67,3.52,19.31,9.33,Juazeiro,BA,Nordeste,-9.42,-40.5
2022,342,0.05,0.66,0.64,33.37,66.76,2.68,24.89,11.68,Juazeiro,BA,Nordeste,-9.42,-40.5
2022,343,0.01,0.65,0.63,33.36,65.86,2.9,25.39,11.83,Juazeiro,BA,Nordeste,-9.42,-40.5
2022,344,0.16,0.65,0.62,33.46,65.28,2.44,22.1,10.66,Juazeiro,BA,Nordeste,-9.42,-40.5
2022,345,0.11,0.64,0.62,34.54,63.38,2.91,24.37,11.45,Juazeiro,BA,Nordeste,-9.42,-40.5
2022,346,0.09,0.64,0.61,34.0,62.3,2.71,25.46,11.9,Juazeiro,BA,Nordeste,-9.42,-40.5
2022,347,0.01,0.63,0.6,34.75,57.64,2.1,27.52,12.67,Juazeiro,BA,Nordeste,-9.42,-40.5
2022,348,0.1,0.63,0.6,34.76,57.3,2.06,25.16,11.75,Juazeiro,BA,Nordeste,-9.42,-40.5
2022,349,0.35,0.63,0.59,30.61,67.55,1.75,19.56,9.42,Juazeiro,BA,Nordeste,-9.42,-40.5
2022,350,0.64,0.62,0.6,27.28,78.43,2.44,19.81,9.63,Juazeiro,BA,Nordeste,-9.42,-40.5
2022,351,0.16,0.62,0.58,33.83,60.78,1.93,19.27,9.39,Juazeiro,BA,Nordeste,-9.42,-40.5
2022,352,0.1,0.62,0.57,33.81,62.49,2.64,22.83,10.77,Juazeiro,BA,Nordeste,-9.42,-40.5
2022,353,0.01,0.62,0.55,34.17,58.83,2.99,26.53,12.25,Juazeiro,BA,Nordeste,-9.42,-40.5
2022,354,0.03,0.62,0.53,33.99,56.19,2.49,26.65,12.25,Juazeiro,BA,Nordeste,-9.42,-40.5
2022,355,0.03,0.61,0.51,35.45,49.31,1.47,24.78,11.5,Juazeiro,BA,Nordeste,-9.42,-40.5
2022,356,0.72,0.61,0.5,32.41,55.22,1.82,12.78,6.51,Juazeiro,BA,Nordeste,-9.42,-40.5
2022,357,5.34,0.62,0.57,28.71,75.77,1.99,12.97,6.78,Juazeiro,BA,Nordeste,-9.42,-40.5
2022,358,14.64,0.63,0.65,30.5,77.61,1.7,15.67,8.03,Juazeiro,BA,Nordeste,-9.42,-40.5
2022,359,16.73,0.67,0.73,27.5,81.05,2.77,14.31,7.33,Juazeiro,BA,Nordeste,-9.42,-40.5
2022,360,0.86,0.67,0.67,28.65,70.8,3.31,23.08,11.03,Juazeiro,BA,Nordeste,-9.42,-40.5
2022,361,0.13,0.66,0.65,30.7,72.07,3.27,19.87,9.67,Juazeiro,BA,Nordeste,-9.42,-40.5
2022,362,0.13,0.65,0.64,31.8,68.59,3.13,20.37,9.9,Juazeiro,BA,Nordeste,-9.42,-40.5
2022,363,0.03,0.65,0.62,33.73,65.17,2.72,20.82,10.05,Juazeiro,BA,Nordeste,-9.42,-40.5
2022,364,0.0,0.64,0.62,34.02,60.36,3.33,26.76,12.52,Juazeiro,BA,Nordeste,-9.42,-40.5
2022,365,0.01,0.63,0.61,34.44,57.29,4.24,26.06,12.14,Juazeiro,BA,Nordeste,-9.42,-40.5
2023,1,1.23,0.63,0.6,34.05,62.95,4.06,22.12,10.37,Juazeiro,BA,Nordeste,-9.42,-40.5
2023,2,4.18,0.63,0.63,32.73,68.55,3.56,18.15,8.89,Juazeiro,BA,Nordeste,-9.42,-40.5
2023,3,5.55,0.64,0.64,30.29,71.83,3.5,15.12,7.53,Juazeiro,BA,Nordeste,-9.42,-40.5
2023,4,1.43,0.64,0.63,31.01,71.72,2.41,18.95,9.29,Juazeiro,BA,Nordeste,-9.42,-40.5
2023,5,0.16,0.63,0.61,32.9,66.31,2.92,22.97,10.9,Juazeiro,BA,Nordeste,-9.42,-40.5
2023,6,0.1,0.63,0.61,33.05,64.91,2.43,21.24,10.06,Juazeiro,BA,Nordeste,-9.42,-40.5
2023,7,0.08,0.63,0.59,34.0,60.63,3.21,21.11,9.95,Juazeiro,BA,Nordeste,-9.42,-40.5
2023,8,0.09,0.62,0.56,34.56,58.35,3.0,25.33,11.69,Juazeiro,BA,Nordeste,-9.42,-40.5
2023,9,0.11,0.62,0.54,34.51,58.56,2.67,25.44,11.8,Juazeiro,BA,Nordeste,-9.42,-40.5
2023,10,0.15,0.61,0.52,34.86,57.17,2.91,20.62,9.83,Juazeiro,BA,Nordeste,-9.42,-40.5
2023,11,0.07,0.61,0.5,34.85,57.68,2.7,22.84,10.72,Juazeiro,BA,Nordeste,-9.42,-40.5
2023,12,0.18,0.61,0.49,34.21,58.34,3.08,22.66,10.66,Juazeiro,BA,Nordeste,-9.42,-40.5
2023,13,0.06,0.61,0.47,36.19,56.46,3.13,22.33,10.52,Juazeiro,BA,Nordeste,-9.42,-40.5
2023,14,0.97,0.61,0.46,35.61,54.17,4.08,19.6,9.39,Juazeiro,BA,Nordeste,-9.42,-40.5
2023,15,1.03,0.61,0.47,35.13,57.5,4.43,19.95,9.63,Juazeiro,BA,Nordeste,-9.42,-40.5
2023,16,0.01,0.61,0.45,35.08,50.52,3.62,20.97,10.17,Juazeiro,BA,Nordeste,-9.42,-40.5
2023,17,0.14,0.6,0.43,31.98,57.89,3.58,18.45,9.14,Juazeiro,BA,Nordeste,-9.42,-40.5
2023,18,0.45,0.6,0.42,35.93,50.28,3.86,20.56,9.98,Juazeiro,BA,Nordeste,-9.42,-40.5
2023,19,0.14,0.6,0.41,34.66,53.29,3.15,15.96,7.95,Juazeiro,BA,Nordeste,-9.42,-40.5
2023,20,0.37,0.6,0.4,34.93,54.5,2.65,16.59,8.44,Juazeiro,BA,Nordeste,-9.42,-40.5
2023,21,5.61,0.61,0.47,32.67,65.09,2.14,21.04,10.08,Juazeiro,BA,Nordeste,-9.42,-40.5
2023,22,3.53,0.61,0.57,35.14,64.03,1.48,20.87,10.06,Juazeiro,BA,Nordeste,-9.42,-40.5
2023,23,3.49,0.62,0.61,33.03,65.97,1.21,19.74,9.7,Juazeiro,BA,Nordeste,-9.42,-40.5
2023,24,0.51,0.62,0.58,35.65,58.59,2.26,23.1,10.83,Juazeiro,BA,Nordeste,-9.42,-40.5
2023,25,0.12,0.61,0.54,35.46,56.01,2.49,26.34,12.19,Juazeiro,BA,Nordeste,-9.42,-40.5
2023,26,0.1,0.61,0.49,34.75,52.6,2.46,24.24,11.29,Juazeiro,BA,Nordeste,-9.42,-40.5
2023,27,0.33,0.61,0.45,35.71,52.66,2.77,20.62,9.84,Juazeiro,BA,Nordeste,-9.42,-40.5
2023,28,0.44,0.6,0.42,36.93,48.63,4.23,23.53,11.01,Juazeiro,BA,Nordeste,-9.42,-40.5
2023,29,0.07,0.6,0.39,35.88,48.45,4.29,25.86,11.86,Juazeiro,BA,Nordeste,-9.42,-40.5
2023,30,0.11,0.6,0.37,36.5,45.73,3.12,22.98,10.72,Juazeiro,BA,Nordeste,-9.42,-40.5
2023,31,0.14,0.6,0.35,36.32,53.65,4.45,20.22,9.61,Juazeiro,BA,Nordeste,-9.42,-40.5
2023,32,0.19,0.6,0.35,36.14,51.96,4.03,19.96,9.63,Juazeiro,BA,Nordeste,-9.42,-40.5
2023,33,0.73,0.6,0.34,35.49,50.08,3.62,20.33,9.76,Juazeiro,BA,Nordeste,-9.42,-40.5
2023,34,0.22,0.6,0.34,35.3,55.72,3.13,21.11,10.1,Juazeiro,BA,Nordeste,-9.42,-40.5
2023,35,0.01,0.6,0.33,36.94,45.29,3.78,26.73,12.43,Juazeiro,BA,Nordeste,-9.42,-40.5
2023,36,0.12,0.6,0.32,37.04,45.74,3.69,27.2,12.56,Juazeiro,BA,Nordeste,-9.42,-40.5
2023,37,0.67,0.6,0.32,35.88,51.58,3.26,22.0,10.51,Juazeiro,BA,Nordeste,-9.42,-40.5
2023,38,0.36,0.6,0.32,34.34,48.74,3.58,22.74,10.75,Juazeiro,BA,Nordeste,-9.42,-40.5
2023,39,0.0,0.6,0.32,36.42,40.12,3.13,27.49,12.55,Juazeiro,BA,Nordeste,-9.42,-40.5
2023,40,0.12,0.6,0.3,37.04,41.49,2.96,28.06,12.88,Juazeiro,BA,Nordeste,-9.42,-40.5
2023,41,0.37,0.6,0.3,37.16,49.36,3.81,21.4,10.23,Juazeiro,BA,Nordeste,-9.42,-40.5
2023,42,0.07,0.6,0.29,37.38,47.96,4.84,24.45,11.46,Juazeiro,BA,Nordeste,-9.42,-40.5
2023,43,0.2,0.6,0.29,36.76,50.06,3.3,27.26,12.69,Juazeiro,BA,Nordeste,-9.42,-40.5
2023,44,0.3,0.6,0.28,36.21,50.51,3.89,22.71,10.75,Juazeiro,BA,Nordeste,-9.42,-40.5
2023,45,0.07,0.6,0.28,37.42,47.55,3.63,21.7,10.4,Juazeiro,BA,Nordeste,-9.42,-40.5
2023,46,0.28,0.6,0.27,36.29,46.47,2.99,23.43,10.96,Juazeiro,BA,Nordeste,-9.42,-40.5
2023,47,0.24,0.6,0.27,37.21,44.83,2.28,22.78,10.69,Juazeiro,BA,Nordeste,-9.42,-40.5
2023,48,1.23,0.6,0.28,36.43,46.3,2.9,21.86,10.4,Juazeiro,BA,Nordeste,-9.42,-40.5
2023,49,0.29,0.6,0.29,36.61,46.08,3.84,24.9,11.63,Juazeiro,BA,Nordeste,-9.42,-40.5
2023,50,1.63,0.6,0.3,36.53,48.98,3.69,19.15,9.28,Juazeiro,BA,Nordeste,-9.42,-40.5
2023,51,2.19,0.6,0.37,30.58,59.94,3.4,10.03,5.26,Juazeiro,BA,Nordeste,-9.42,-40.5
2023,52,0.27,0.6,0.37,34.6,57.2,4.8,20.6,9.99,Juazeiro,BA,Nordeste,-9.42,-40.5
2023,53,0.12,0.6,0.35,36.97,51.78,4.16,21.55,10.36,Juazeiro,BA,Nordeste,-9.42,-40.5
2023,54,0.24,0.6,0.33,36.7,50.94,3.83,21.97,10.49,Juazeiro,BA,Nordeste,-9.42,-40.5
2023,55,0.17,0.6,0.32,37.32,49.59,4.07,23.14,10.93,Juazeiro,BA,Nordeste,-9.42,-40.5
2023,56,0.44,0.6,0.31,36.22,52.96,4.0,18.88,9.26,Juazeiro,BA,Nordeste,-9.42,-40.5
2023,57,1.52,0.6,0.33,34.95,56.09,3.23,20.39,9.98,Juazeiro,BA,Nordeste,-9.42,-40.5
2023,58,0.24,0.6,0.33,37.34,49.56,4.16,24.33,11.58,Juazeiro,BA,Nordeste,-9.42,-40.5
2023,59,0.44,0.6,0.32,37.02,49.37,4.07,22.29,10.77,Juazeiro,BA,Nordeste,-9.42,-40.5
2023,60,0.29,0.6,0.31,36.72,50.65,4.27,20.81,10.06,Juazeiro,BA,Nordeste,-9.42,-40.5
2023,61,0.2,0.6,0.3,36.96,49.96,4.43,22.79,10.85,Juazeiro,BA,Nordeste,-9.42,-40.5
2023,62,0.17,0.6,0.29,37.06,49.18,4.02,23.2,11.07,Juazeiro,BA,Nordeste,-9.42,-40.5
2023,63,0.26,0.6,0.29,36.81,48.16,4.15,23.33,11.11,Juazeiro,BA,Nordeste,-9.42,-40.5
2023,64,0.17,0.6,0.28,37.52,46.72,2.98,25.26,11.87,Juazeiro,BA,Nordeste,-9.42,-40.5
2023,65,0.36,0.6,0.27,37.07,46.31,3.55,23.74,11.26,Juazeiro,BA,Nordeste,-9.42,-40.5
2023,66,0.19,0.6,0.27,37.15,45.96,4.48,23.58,11.08,Juazeiro,BA,Nordeste,-9.42,-40.5
2023,67,0.09,0.6,0.26,37.03,42.06,4.22,24.98,11.52,Juazeiro,BA,Nordeste,-9.42,-40.5
2023,68,0.0,0.6,0.26,36.2,48.74,3.96,24.13,11.36,Juazeiro,BA,Nordeste,-9.42,-40.5
2023,69,0.01,0.6,0.25,37.12,44.48,3.7,20.43,9.72,Juazeiro,BA,Nordeste,-9.42,-40.5
2023,70,0.38,0.59,0.24,37.41,46.84,2.99,16.33,7.97,Juazeiro,BA,Nordeste,-9.42,-40.5
2023,71,0.12,0.59,0.24,37.88,47.25,4.01,19.03,9.15,Juazeiro,BA,Nordeste,-9.42,-40.5
2023,72,0.17,0.59,0.24,38.06,48.91,3.95,20.26,9.78,Juazeiro,BA,Nordeste,-9.42,-40.5
2023,73,10.35,0.6,0.38,35.77,62.39,3.46,13.24,6.58,Juazeiro,BA,Nordeste,-9.42,-40.5
2023,74,1.13,0.61,0.55,34.04,60.29,2.84,12.81,6.4,Juazeiro,BA,Nordeste,-9.42,-40.5
2023,75,2.81,0.61,0.54,34.57,60.51,1.99,17.72,8.61,Juazeiro,BA,Nordeste,-9.42,-40.5
2023,76,2.08,0.61,0.51,34.81,59.49,2.46,20.06,9.6,Juazeiro,BA,Nordeste,-9.42,-40.5
2023,77,2.79,0.61,0.54,30.87,67.88,1.73,10.61,5.57,Juazeiro,BA,Nordeste,-9.42,-40.5
2023,78,2.68,0.61,0.53,33.92,65.06,1.9,19.81,9.48,Juazeiro,BA,Nordeste,-9.42,-40.5
2023,79,11.93,0.63,0.66,29.85,76.52,2.71,15.96,7.97,Juazeiro,BA,Nordeste,-9.42,-40.5
2023,80,7.21,0.64,0.66,24.69,84.86,2.06,12.13,6.22,Juazeiro,BA,Nordeste,-9.42,-40.5
2023,81,6.65,0.64,0.66,31.58,73.9,3.5,14.39,7.25,Juazeiro,BA,Nordeste,-9.42,-40.5
2023,82,0.83,0.64,0.62,32.88,69.15,4.3,22.99,10.91,Juazeiro,BA,Nordeste,-9.42,-40.5
2023,83,0.84,0.63,0.61,33.94,67.64,3.57,19.49,9.37,Juazeiro,BA,Nordeste,-9.42,-40.5
2023,84,1.1,0.63,0.61,33.68,69.69,3.08,21.18,10.13,Juazeiro,BA,Nordeste,-9.42,-40.5
2023,85,2.8,0.62,0.6,33.97,69.74,3.64,20.63,9.91,Juazeiro,BA,Nordeste,-9.42,-40.5
2023,86,0.94,0.62,0.59,34.18,65.7,3.63,20.53,9.87,Juazeiro,BA,Nordeste,-9.42,-40.5
2023,87,0.08,0.62,0.56,34.21,61.42,3.24,24.71,11.32,Juazeiro,BA,Nordeste,-9.42,-40.5
2023,88,0.91,0.62,0.55,34.27,66.12,3.77,21.45,10.2,Juazeiro,BA,Nordeste,-9.42,-40.5
2023,89,0.59,0.61,0.54,33.24,67.39,4.31,16.92,8.31,Juazeiro,BA,Nordeste,-9.42,-40.5
2023,90,0.07,0.61,0.51,34.08,61.56,3.57,21.42,9.97,Juazeiro,BA,Nordeste,-9.42,-40.5
2023,91,0.12,0.61,0.49,34.74,61.71,2.56,22.94,10.65,Juazeiro,BA,Nordeste,-9.42,-40.5
2023,92,0.1,0.61,0.47,33.87,60.94,2.19,21.1,9.95,Juazeiro,BA,Nordeste,-9.42,-40.5
2023,93,0.05,0.61,0.45,34.99,56.52,3.01,21.0,9.93,Juazeiro,BA,Nordeste,-9.42,-40.5
2023,94,0.08,0.6,0.43,34.63,60.27,3.53,22.11,10.53,Juazeiro,BA,Nordeste,-9.42,-40.5
2023,95,0.51,0.6,0.41,34.98,60.13,3.77,18.13,8.83,Juazeiro,BA,Nordeste,-9.42,-40.5
2023,96,0.05,0.6,0.4,35.12,57.56,3.82,19.21,9.26,Juazeiro,BA,Nordeste,-9.42,-40.5
2023,97,0.3,0.6,0.39,34.56,58.97,3.17,17.6,8.56,Juazeiro,BA,Nordeste,-9.42,-40.5
2023,98,0.35,0.6,0.38,35.4,56.9,3.28,23.56,11.15,Juazeiro,BA,Nordeste,-9.42,-40.5
2023,99,1.35,0.6,0.4,33.97,63.88,2.77,16.47,8.13,Juazeiro,BA,Nordeste,-9.42,-40.5
2023,100,0.13,0.6,0.39,35.91,55.81,3.0,21.22,10.17,Juazeiro,BA,Nordeste,-9.42,-40.5
2023,101,0.04,0.6,0.37,35.91,54.32,3.4,20.51,9.73,Juazeiro,BA,Nordeste,-9.42,-40.5
2023,102,0.04,0.6,0.36,35.26,52.1,3.51,22.61,10.61,Juazeiro,BA,Nordeste,-9.42,-40.5
2023,103,0.36,0.6,0.35,35.9,52.68,3.59,23.31,10.83,Juazeiro,BA,Nordeste,-9.42,-40.5
2023,104,0.39,0.6,0.35,35.46,56.08,3.7,17.98,8.76,Juazeiro,BA,Nordeste,-9.42,-40.5
2023,105,0.0,0.6,0.34,36.38,50.84,2.79,24.7,11.48,Juazeiro,BA,Nordeste,-9.42,-40.5
2023,106,0.0,0.6,0.33,37.49,45.3,2.56,24.8,11.5,Juazeiro,BA,Nordeste,-9.42,-40.5
2023,107,0.0,0.6,0.32,37.13,48.22,3.16,20.28,9.48,Juazeiro,BA,Nordeste,-9.42,-40.5
2023,108,0.33,0.6,0.31,37.29,52.26,2.63,20.03,9.48,Juazeiro,BA,Nordeste,-9.42,-40.5
2023,109,1.8,0.6,0.34,35.99,61.27,1.65,20.34,9.71,Juazeiro,BA,Nordeste,-9.42,-40.5
2023,110,2.87,0.6,0.39,35.87,60.79,1.25,15.83,7.83,Juazeiro,BA,Nordeste,-9.42,-40.5
2023,111,0.63,0.6,0.41,36.07,55.27,3.18,19.65,9.38,Juazeiro,BA,Nordeste,-9.42,-40.5
2023,112,0.34,0.6,0.39,35.11,59.43,5.43,17.75,8.61,Juazeiro,BA,Nordeste,-9.42,-40.5
2023,113,0.38,0.6,0.38,34.28,62.61,4.58,17.73,8.72,Juazeiro,BA,Nordeste,-9.42,-40.5
2023,114,0.05,0.6,0.36,34.76,53.61,4.55,19.86,9.43,Juazeiro,BA,Nordeste,-9.42,-40.5
2023,115,0.44,0.6,0.35,34.29,58.01,3.97,19.62,9.31,Juazeiro,BA,Nordeste,-9.42,-40.5
2023,116,0.19,0.6,0.35,34.58,59.98,4.12,17.75,8.63,Juazeiro,BA,Nordeste,-9.42,-40.5
2023,117,0.16,0.6,0.34,35.29,58.09,3.1,14.59,7.26,Juazeiro,BA,Nordeste,-9.42,-40.5
2023,118,0.4,0.6,0.33,34.8,59.92,2.68,19.26,9.28,Juazeiro,BA,Nordeste,-9.42,-40.5
2023,119,1.04,0.6,0.34,35.58,58.61,2.82,18.75,9.09,Juazeiro,BA,Nordeste,-9.42,-40.5
2023,120,4.86,0.6,0.43,34.88,63.21,3.27,17.76,8.66,Juazeiro,BA,Nordeste,-9.42,-40.5
2023,121,3.82,0.61,0.55,32.16,71.93,2.57,15.37,7.68,Juazeiro,BA,Nordeste,-9.42,-40.5
2023,122,1.14,0.61,0.56,31.25,70.32,2.02,15.21,7.5,Juazeiro,BA,Nordeste,-9.42,-40.5
2023,123,0.27,0.61,0.52,33.6,64.47,3.12,15.23,7.5,Juazeiro,BA,Nordeste,-9.42,-40.5
2023,124,0.03,0.61,0.47,34.74,60.49,3.18,16.3,7.98,Juazeiro,BA,Nordeste,-9.42,-40.5
2023,125,1.71,0.6,0.44,35.0,62.18,4.07,16.71,8.15,Juazeiro,BA,Nordeste,-9.42,-40.5
2023,126,0.7,0.6,0.44,33.94,64.6,3.93,15.08,7.42,Juazeiro,BA,Nordeste,-9.42,-40.5
2023,127,0.42,0.6,0.42,34.31,62.22,3.81,17.8,8.58,Juazeiro,BA,Nordeste,-9.42,-40.5
2023,128,0.42,0.6,0.4,34.73,58.5,3.27,20.03,9.4,Juazeiro,BA,Nordeste,-9.42,-40.5
2023,129,0.3,0.6,0.38,35.18,57.83,3.03,17.95,8.59,Juazeiro,BA,Nordeste,-9.42,-40.5
2023,130,0.3,0.6,0.36,34.91,58.02,2.95,18.04,8.6,Juazeiro,BA,Nordeste,-9.42,-40.5
2023,131,0.2,0.6,0.35,35.08,56.31,1.88,18.12,8.61,Juazeiro,BA,Nordeste,-9.42,-40.5
2023,132,0.36,0.6,0.34,33.42,58.64,1.42,16.63,8.03,Juazeiro,BA,Nordeste,-9.42,-40.5
2023,133,1.42,0.6,0.34,34.36,61.33,1.92,15.06,7.39,Juazeiro,BA,Nordeste,-9.42,-40.5
2023,134,3.15,0.6,0.39,32.06,68.49,3.2,13.92,6.9,Juazeiro,BA,Nordeste,-9.42,-40.5
2023,135,0.88,0.6,0.44,34.17,62.91,3.18,16.13,7.8,Juazeiro,BA,Nordeste,-9.42,-40.5
2023,136,0.08,0.6,0.42,34.76,56.04,3.06,16.89,8.06,Juazeiro,BA,Nordeste,-9.42,-40.5
2023,137,0.06,0.6,0.39,34.27,56.56,3.29,19.0,8.96,Juazeiro,BA,Nordeste,-9.42,-40.5
2023,138,0.13,0.6,0.37,30.9,60.77,3.8,12.09,6.14,Juazeiro,BA,Nordeste,-9.42,-40.5
2023,139,0.16,0.6,0.36,33.36,61.44,4.24,13.94,6.81,Juazeiro,BA,Nordeste,-9.42,-40.5
2023,140,0.04,0.6,0.35,32.85,59.39,4.04,13.7,6.73,Juazeiro,BA,Nordeste,-9.42,-40.5
2023,141,0.16,0.6,0.34,33.01,57.41,4.27,16.11,7.76,Juazeiro,BA,Nordeste,-9.42,-40.5
2023,142,0.27,0.6,0.33,33.34,63.36,5.16,15.63,7.48,Juazeiro,BA,Nordeste,-9.42,-40.5
2023,143,3.31,0.6,0.36,32.61,69.24,5.08,13.08,6.54,Juazeiro,BA,Nordeste,-9.42,-40.5
2023,144,3.23,0.61,0.45,32.39,69.36,4.35,13.23,6.49,Juazeiro,BA,Nordeste,-9.42,-40.5
2023,145,3.06,0.61,0.5,32.81,70.83,4.47,12.64,6.21,Juazeiro,BA,Nordeste,-9.42,-40.5
2023,146,2.83,0.61,0.54,31.77,74.09,4.45,14.28,6.97,Juazeiro,BA,Nordeste,-9.42,-40.5
2023,147,1.12,0.61,0.54,31.79,72.26,4.08,13.34,6.57,Juazeiro,BA,Nordeste,-9.42,-40.5
2023,148,0.64,0.61,0.53,32.24,69.28,3.47,14.2,6.98,Juazeiro,BA,Nordeste,-9.42,-40.5
2023,149,0.12,0.61,0.49,33.4,65.0,3.56,19.68,9.26,Juazeiro,BA,Nordeste,-9.42,-40.5
2023,150,0.04,0.61,0.46,32.93,61.82,4.38,20.96,9.76,Juazeiro,BA,Nordeste,-9.42,-40.5
2023,151,0.08,0.6,0.43,32.6,61.17,3.86,18.53,8.7,Juazeiro,BA,Nordeste,-9.42,-40.5
2023,152,0.09,0.6,0.4,33.64,60.38,3.29,19.81,9.3,Juazeiro,BA,Nordeste,-9.42,-40.5
2023,153,0.36,0.6,0.39,33.65,63.65,4.03,17.4,8.39,Juazeiro,BA,Nordeste,-9.42,-40.5
2023,154,0.23,0.6,0.37,32.74,67.88,5.12,11.74,5.79,Juazeiro,BA,Nordeste,-9.42,-40.5
2023,155,0.15,0.6,0.36,30.9,66.72,5.03,12.15,6.02,Juazeiro,BA,Nordeste,-9.42,-40.5
2023,156,0.26,0.6,0.36,31.8,60.52,4.19,11.22,5.59,Juazeiro,BA,Nordeste,-9.42,-40.5
2023,157,0.5,0.6,0.35,32.19,62.29,3.8,19.47,9.14,Juazeiro,BA,Nordeste,-9.42,-40.5
2023,158,1.31,0.6,0.35,30.2,71.7,4.19,13.11,6.54,Juazeiro,BA,Nordeste,-9.42,-40.5
2023,159,1.29,0.6,0.39,31.94,71.42,4.15,12.43,6.23,Juazeiro,BA,Nordeste,-9.42,-40.5
2023,160,0.51,0.6,0.4,32.91,64.58,3.65,19.34,9.11,Juazeiro,BA,Nordeste,-9.42,-40.5
2023,161,0.21,0.6,0.38,32.13,63.86,4.19,20.72,9.64,Juazeiro,BA,Nordeste,-9.42,-40.5
2023,162,0.12,0.6,0.36,32.71,65.69,4.21,14.29,6.95,Juazeiro,BA,Nordeste,-9.42,-40.5
2023,163,0.18,0.6,0.35,33.12,65.27,4.29,15.5,7.5,Juazeiro,BA,Nordeste,-9.42,-40.5
2023,164,0.54,0.6,0.35,32.53,65.66,4.18,14.73,7.17,Juazeiro,BA,Nordeste,-9.42,-40.5
2023,165,0.31,0.6,0.34,32.38,66.35,4.04,19.26,9.04,Juazeiro,BA,Nordeste,-9.42,-40.5
2023,166,0.52,0.6,0.34,32.66,67.27,4.04,16.23,7.8,Juazeiro,BA,Nordeste,-9.42,-40.5
2023,167,0.14,0.6,0.33,32.84,61.32,4.32,17.01,8.09,Juazeiro,BA,Nordeste,-9.42,-40.5
2023,168,0.14,0.6,0.32,32.52,64.1,3.49,16.8,8.15,Juazeiro,BA,Nordeste,-9.42,-40.5
2023,169,0.05,0.6,0.31,33.38,59.81,4.01,19.9,9.38,Juazeiro,BA,Nordeste,-9.42,-40.5
2023,170,0.42,0.6,0.31,32.26,66.24,4.56,16.86,8.12,Juazeiro,BA,Nordeste,-9.42,-40.5
2023,171,1.3,0.6,0.32,30.07,72.72,5.6,11.03,5.7,Juazeiro,BA,Nordeste,-9.42,-40.5
2023,172,0.25,0.6,0.33,29.6,66.74,5.08,11.76,5.93,Juazeiro,BA,Nordeste,-9.42,-40.5
2023,173,0.23,0.6,0.33,30.05,64.05,5.03,11.47,5.57,Juazeiro,BA,Nordeste,-9.42,-40.5
2023,174,0.08,0.6,0.32,30.62,58.96,4.29,14.46,6.87,Juazeiro,BA,Nordeste,-9.42,-40.5
2023,175,0.07,0.6,0.31,31.27,61.14,4.36,15.11,7.33,Juazeiro,BA,Nordeste,-9.42,-40.5
2023,176,0.18,0.6,0.31,31.06,61.57,4.8,16.91,7.95,Juazeiro,BA,Nordeste,-9.42,-40.5
2023,177,0.03,0.6,0.3,31.46,61.62,4.49,17.48,8.19,Juazeiro,BA,Nordeste,-9.42,-40.5
2023,178,0.26,0.6,0.29,30.82,66.42,4.53,14.02,6.82,Juazeiro,BA,Nordeste,-9.42,-40.5
2023,179,0.11,0.6,0.29,32.08,60.73,4.59,19.92,9.35,Juazeiro,BA,Nordeste,-9.42,-40.5
2023,180,0.05,0.6,0.29,32.4,62.09,3.92,18.62,8.84,Juazeiro,BA,Nordeste,-9.42,-40.5
2023,181,0.04,0.6,0.28,32.43,59.29,5.01,20.34,9.53,Juazeiro,BA,Nordeste,-9.42,-40.5
2023,182,0.11,0.6,0.28,31.39,61.91,4.63,15.88,7.72,Juazeiro,BA,Nordeste,-9.42,-40.5
2023,183,0.06,0.6,0.27,31.99,60.51,3.28,17.85,8.51,Juazeiro,BA,Nordeste,-9.42,-40.5
2023,184,0.15,0.6,0.27,33.21,57.37,2.98,17.8,8.47,Juazeiro,BA,Nordeste,-9.42,-40.5
2023,185,0.04,0.6,0.27,31.73,58.93,5.24,19.58,9.12,Juazeiro,BA,Nordeste,-9.42,-40.5
2023,186,0.14,0.6,0.26,30.4,58.25,5.41,18.66,8.71,Juazeiro,BA,Nordeste,-9.42,-40.5
2023,187,0.12,0.6,0.26,30.58,61.37,4.29,19.98,9.38,Juazeiro,BA,Nordeste,-9.42,-40.5
2023,188,0.55,0.6,0.26,31.87,65.93,4.09,15.96,7.69,Juazeiro,BA,Nordeste,-9.42,-40.5
2023,189,0.32,0.6,0.27,32.99,64.97,4.28,13.85,6.78,Juazeiro,BA,Nordeste,-9.42,-40.5
2023,190,0.03,0.6,0.27,33.26,62.54,3.62,19.74,9.31,Juazeiro,BA,Nordeste,-9.42,-40.5
2023,191,0.1,0.6,0.27,32.27,62.79,4.52,15.25,7.44,Juazeiro,BA,Nordeste,-9.42,-40.5
2023,192,0.0,0.6,0.26,33.86,56.41,3.97,21.12,9.84,Juazeiro,BA,Nordeste,-9.42,-40.5
2023,193,0.0,0.6,0.26,33.34,54.12,4.01,21.3,9.79,Juazeiro,BA,Nordeste,-9.42,-40.5
2023,194,0.0,0.6,0.25,33.49,50.96,2.87,21.07,9.68,Juazeiro,BA,Nordeste,-9.42,-40.5
2023,195,0.0,0.59,0.25,34.65,49.45,1.72,20.45,9.46,Juazeiro,BA,Nordeste,-9.42,-40.5
2023,196,0.0,0.59,0.24,34.21,46.93,4.52,21.77,9.95,Juazeiro,BA,Nordeste,-9.42,-40.5
2023,197,0.0,0.59,0.24,32.87,55.43,4.57,20.16,9.32,Juazeiro,BA,Nordeste,-9.42,-40.5
2023,198,0.0,0.59,0.23,32.75,54.39,4.62,18.82,8.82,Juazeiro,BA,Nordeste,-9.42,-40.5
2023,199,0.0,0.59,0.23,32.67,52.48,4.1,21.63,9.86,Juazeiro,BA,Nordeste,-9.42,-40.5
2023,200,0.0,0.59,0.23,32.5,56.29,4.54,18.81,8.77,Juazeiro,BA,Nordeste,-9.42,-40.5
2023,201,0.0,0.59,0.23,30.54,56.44,6.37,20.04,9.21,Juazeiro,BA,Nordeste,-9.42,-40.5
2023,202,0.06,0.59,0.22,30.87,56.49,5.49,18.55,8.67,Juazeiro,BA,Nordeste,-9.42,-40.5
2023,203,0.23,0.59,0.23,31.56,54.82,5.08,22.59,10.24,Juazeiro,BA,Nordeste,-9.42,-40.5
2023,204,0.0,0.59,0.23,31.34,56.86,4.69,18.7,8.79,Juazeiro,BA,Nordeste,-9.42,-40.5
2023,205,0.01,0.59,0.22,32.27,57.03,4.82,21.88,10.08,Juazeiro,BA,Nordeste,-9.42,-40.5
2023,206,0.03,0.59,0.22,32.2,56.97,4.09,19.97,9.37,Juazeiro,BA,Nordeste,-9.42,-40.5
2023,207,0.0,0.59,0.22,33.26,54.31,4.51,21.8,10.11,Juazeiro,BA,Nordeste,-9.42,-40.5
2023,208,0.06,0.59,0.22,32.45,58.75,4.09,18.35,8.79,Juazeiro,BA,Nordeste,-9.42,-40.5
2023,209,0.06,0.59,0.22,33.09,57.07,4.69,21.93,10.19,Juazeiro,BA,Nordeste,-9.42,-40.5
2023,210,0.01,0.59,0.21,33.65,52.98,3.76,21.99,10.24,Juazeiro,BA,Nordeste,-9.42,-40.5
2023,211,0.0,0.59,0.21,33.71,53.94,4.5,20.29,9.57,Juazeiro,BA,Nordeste,-9.42,-40.5
2023,212,0.13,0.59,0.21,32.42,57.88,5.23,22.33,10.35,Juazeiro,BA,Nordeste,-9.42,-40.5
2023,213,0.55,0.59,0.21,32.37,62.32,4.85,18.49,8.88,Juazeiro,BA,Nordeste,-9.42,-40.5
2023,214,1.98,0.6,0.25,32.4,67.49,4.61,16.02,7.89,Juazeiro,BA,Nordeste,-9.42,-40.5
2023,215,0.13,0.6,0.29,31.86,63.2,4.57,13.71,6.92,Juazeiro,BA,Nordeste,-9.42,-40.5
2023,216,0.0,0.6,0.28,32.55,54.51,4.19,22.48,10.3,Juazeiro,BA,Nordeste,-9.42,-40.5
2023,217,0.0,0.6,0.28,32.36,52.85,3.6,23.5,10.68,Juazeiro,BA,Nordeste,-9.42,-40.5
2023,218,0.01,0.6,0.27,33.11,55.44,4.68,22.05,10.22,Juazeiro,BA,Nordeste,-9.42,-40.5
2023,219,0.09,0.6,0.26,33.85,57.21,4.75,20.99,9.88,Juazeiro,BA,Nordeste,-9.42,-40.5
2023,220,0.03,0.6,0.26,33.77,53.74,4.45,22.61,10.45,Juazeiro,BA,Nordeste,-9.42,-40.5
2023,221,0.1,0.6,0.26,32.45,56.72,5.06,13.74,6.74,Juazeiro,BA,Nordeste,-9.42,-40.5
2023,222,0.08,0.6,0.25,32.19,55.48,4.91,18.95,8.89,Juazeiro,BA,Nordeste,-9.42,-40.5
2023,223,0.03,0.6,0.25,32.42,56.7,4.61,21.62,10.04,Juazeiro,BA,Nordeste,-9.42,-40.5
2023,224,0.03,0.59,0.24,32.13,54.58,4.88,21.99,10.09,Juazeiro,BA,Nordeste,-9.42,-40.5
2023,225,0.07,0.59,0.24,31.92,54.65,4.93,22.84,10.44,Juazeiro,BA,Nordeste,-9.42,-40.5
2023,226,0.18,0.59,0.24,32.23,57.81,5.36,20.22,9.49,Juazeiro,BA,Nordeste,-9.42,-40.5
2023,227,0.13,0.59,0.24,32.01,58.42,5.58,18.72,8.96,Juazeiro,BA,Nordeste,-9.42,-40.5
2023,228,0.06,0.59,0.24,32.18,55.51,5.9,22.85,10.47,Juazeiro,BA,Nordeste,-9.42,-40.5
2023,229,0.17,0.59,0.23,32.34,58.98,4.81,19.35,9.17,Juazeiro,BA,Nordeste,-9.42,-40.5
2023,230,0.36,0.59,0.24,32.68,58.52,4.35,16.57,8.12,Juazeiro,BA,Nordeste,-9.42,-40.5
2023,231,0.01,0.59,0.24,33.43,52.73,2.94,23.8,11.01,Juazeiro,BA,Nordeste,-9.42,-40.5
2023,232,0.2,0.59,0.24,34.07,54.9,3.81,19.41,9.27,Juazeiro,BA,Nordeste,-9.42,-40.5
2023,233,0.06,0.59,0.24,35.96,55.31,3.74,22.99,10.74,Juazeiro,BA,Nordeste,-9.42,-40.5
2023,234,0.04,0.59,0.23,35.27,54.22,4.59,23.32,10.92,Juazeiro,BA,Nordeste,-9.42,-40.5
2023,235,0.09,0.59,0.23,35.36,51.6,4.08,22.19,10.33,Juazeiro,BA,Nordeste,-9.42,-40.5
2023,236,0.11,0.59,0.23,36.44,49.61,3.96,23.88,10.98,Juazeiro,BA,Nordeste,-9.42,-40.5
2023,237,0.1,0.59,0.23,37.28,44.7,3.48,25.08,11.37,Juazeiro,BA,Nordeste,-9.42,-40.5
2023,238,0.13,0.59,0.23,37.22,43.25,2.38,24.7,11.29,Juazeiro,BA,Nordeste,-9.42,-40.5
2023,239,0.17,0.59,0.23,37.31,41.82,2.5,24.62,11.24,Juazeiro,BA,Nordeste,-9.42,-40.5
2023,240,0.06,0.59,0.22,36.23,50.36,3.45,20.29,9.59,Juazeiro,BA,Nordeste,-9.42,-40.5
2023,241,0.25,0.59,0.22,35.82,50.76,4.0,18.41,8.73,Juazeiro,BA,Nordeste,-9.42,-40.5
2023,242,0.51,0.59,0.24,36.49,47.43,3.3,24.61,11.23,Juazeiro,BA,Nordeste,-9.42,-40.5
2023,243,0.08,0.59,0.24,36.44,47.22,3.31,24.27,11.2,Juazeiro,BA,Nordeste,-9.42,-40.5
2023,244,0.08,0.59,0.24,35.94,45.59,4.3,21.88,10.16,Juazeiro,BA,Nordeste,-9.42,-40.5
2023,245,0.09,0.59,0.23,34.96,49.05,4.87,23.36,10.75,Juazeiro,BA,Nordeste,-9.42,-40.5
2023,246,0.09,0.59,0.23,34.78,50.79,5.02,25.14,11.33,Juazeiro,BA,Nordeste,-9.42,-40.5
2023,247,0.05,0.59,0.23,34.78,51.15,4.83,23.36,10.66,Juazeiro,BA,Nordeste,-9.42,-40.5
2023,248,0.04,0.59,0.23,35.0,52.11,5.26,22.37,10.36,Juazeiro,BA,Nordeste,-9.42,-40.5
2023,249,0.03,0.59,0.22,33.91,51.04,5.82,25.0,11.41,Juazeiro,BA,Nordeste,-9.42,-40.5
2023,250,0.13,0.59,0.22,34.25,51.27,5.7,24.68,11.31,Juazeiro,BA,Nordeste,-9.42,-40.5
2023,251,0.07,0.59,0.22,34.17,51.0,5.68,22.88,10.72,Juazeiro,BA,Nordeste,-9.42,-40.5
2023,252,0.18,0.59,0.22,34.07,49.45,5.33,26.39,11.94,Juazeiro,BA,Nordeste,-9.42,-40.5
2023,253,0.21,0.59,0.22,34.09,54.44,5.37,24.78,11.46,Juazeiro,BA,Nordeste,-9.42,-40.5
2023,254,0.35,0.59,0.23,34.11,54.4,5.99,19.49,9.3,Juazeiro,BA,Nordeste,-9.42,-40.5
2023,255,0.02,0.59,0.23,34.48,52.85,5.5,25.43,11.64,Juazeiro,BA,Nordeste,-9.42,-40.5
2023,256,0.0,0.59,0.22,34.8,46.73,5.45,26.66,12.08,Juazeiro,BA,Nordeste,-9.42,-40.5
2023,257,0.0,0.59,0.22,35.39,49.54,4.07,25.14,11.39,Juazeiro,BA,Nordeste,-9.42,-40.5
2023,258,0.03,0.59,0.22,37.58,46.62,4.16,26.31,12.05,Juazeiro,BA,Nordeste,-9.42,-40.5
2023,259,0.05,0.59,0.21,36.01,48.78,5.62,26.73,12.09,Juazeiro,BA,Nordeste,-9.42,-40.5
2023,260,0.04,0.59,0.21,35.46,51.16,5.66,24.88,11.28,Juazeiro,BA,Nordeste,-9.42,-40.5
2023,261,0.07,0.59,0.21,35.33,54.45,6.0,20.56,9.46,Juazeiro,BA,Nordeste,-9.42,-40.5
2023,262,0.28,0.59,0.21,35.32,54.88,5.34,16.4,7.66,Juazeiro,BA,Nordeste,-9.42,-40.5
2023,263,0.09,0.59,0.21,35.54,52.05,5.27,21.2,9.84,Juazeiro,BA,Nordeste,-9.42,-40.5
2023,264,0.04,0.59,0.21,35.11,51.96,5.52,25.25,11.5,Juazeiro,BA,Nordeste,-9.42,-40.5
2023,265,0.06,0.59,0.21,35.45,48.3,4.77,26.91,12.22,Juazeiro,BA,Nordeste,-9.42,-40.5
2023,266,0.0,0.59,0.21,36.19,48.01,3.92,26.34,12.06,Juazeiro,BA,Nordeste,-9.42,-40.5
2023,267,0.12,0.59,0.2,36.76,47.25,3.67,25.56,11.78,Juazeiro,BA,Nordeste,-9.42,-40.5
2023,268,0.04,0.59,0.2,37.31,45.71,3.55,25.99,11.99,Juazeiro,BA,Nordeste,-9.42,-40.5
2023,269,0.04,0.59,0.2,38.11,44.04,3.87,26.15,12.04,Juazeiro,BA,Nordeste,-9.42,-40.5
2023,270,0.0,0.59,0.2,37.14,46.92,3.33,23.24,10.9,Juazeiro,BA,Nordeste,-9.42,-40.5
2023,271,0.0,0.59,0.19,38.1,38.51,3.36,24.42,11.35,Juazeiro,BA,Nordeste,-9.42,-40.5
2023,272,0.0,0.59,0.19,38.51,39.36,4.68,26.42,12.09,Juazeiro,BA,Nordeste,-9.42,-40.5
2023,273,0.0,0.59,0.19,36.63,41.5,5.81,28.46,12.69,Juazeiro,BA,Nordeste,-9.42,-40.5
2023,274,0.0,0.59,0.19,36.64,42.07,3.96,28.39,12.68,Juazeiro,BA,Nordeste,-9.42,-40.5
2023,275,0.0,0.59,0.18,37.85,41.38,2.96,27.63,12.48,Juazeiro,BA,Nordeste,-9.42,-40.5
2023,276,0.0,0.59,0.18,38.46,39.34,3.52,27.53,12.59,Juazeiro,BA,Nordeste,-9.42,-40.5
2023,277,0.0,0.59,0.18,37.98,41.52,4.21,27.21,12.52,Juazeiro,BA,Nordeste,-9.42,-40.5
2023,278,0.0,0.59,0.18,37.23,43.68,4.62,26.99,12.42,Juazeiro,BA,Nordeste,-9.42,-40.5
2023,279,0.0,0.59,0.17,37.27,44.93,4.73,26.84,12.33,Juazeiro,BA,Nordeste,-9.42,-40.5
2023,280,0.0,0.59,0.17,37.35,47.49,4.46,26.32,12.05,Juazeiro,BA,Nordeste,-9.42,-40.5
2023,281,0.0,0.59,0.17,37.29,46.77,4.66,23.94,11.11,Juazeiro,BA,Nordeste,-9.42,-40.5
2023,282,0.0,0.59,0.17,37.19,44.66,4.38,24.62,11.38,Juazeiro,BA,Nordeste,-9.42,-40.5
2023,283,0.0,0.59,0.17,37.75,41.89,4.35,28.27,12.82,Juazeiro,BA,Nordeste,-9.42,-40.5
2023,284,0.01,0.59,0.17,36.36,46.66,5.1,27.07,12.34,Juazeiro,BA,Nordeste,-9.42,-40.5
2023,285,0.0,0.59,0.16,36.03,43.86,3.67,25.87,11.83,Juazeiro,BA,Nordeste,-9.42,-40.5
2023,286,0.0,0.59,0.16,36.52,45.24,3.74,25.82,11.88,Juazeiro,BA,Nordeste,-9.42,-40.5
2023,287,0.0,0.59,0.16,37.73,45.17,4.79,25.28,11.7,Juazeiro,BA,Nordeste,-9.42,-40.5
2023,288,0.0,0.59,0.16,36.65,47.6,5.94,21.28,10.04,Juazeiro,BA,Nordeste,-9.42,-40.5
2023,289,0.01,0.59,0.16,35.8,46.35,5.77,28.45,12.85,Juazeiro,BA,Nordeste,-9.42,-40.5
2023,290,0.0,0.59,0.16,34.96,47.47,5.43,26.57,12.11,Juazeiro,BA,Nordeste,-9.42,-40.5
2023,291,0.0,0.59,0.16,35.77,41.73,4.58,29.0,12.98,Juazeiro,BA,Nordeste,-9.42,-40.5
2023,292,0.0,0.59,0.16,37.29,37.33,3.96,28.58,12.77,Juazeiro,BA,Nordeste,-9.42,-40.5
2023,293,0.0,0.59,0.15,36.99,44.52,4.97,28.49,12.89,Juazeiro,BA,Nordeste,-9.42,-40.5
2023,294,0.0,0.59,0.15,37.23,42.74,5.1,26.29,12.07,Juazeiro,BA,Nordeste,-9.42,-40.5
2023,295,0.0,0.59,0.15,37.4,45.11,5.02,26.07,12.05,Juazeiro,BA,Nordeste,-9.42,-40.5
2023,296,0.0,0.59,0.15,36.58,44.43,4.85,26.16,12.11,Juazeiro,BA,Nordeste,-9.42,-40.5
2023,297,0.0,0.59,0.15,36.94,45.48,4.06,27.93,12.95,Juazeiro,BA,Nordeste,-9.42,-40.5
2023,298,0.0,0.59,0.15,38.37,39.55,2.77,26.85,12.45,Juazeiro,BA,Nordeste,-9.42,-40.5
2023,299,0.0,0.59,0.15,39.65,32.49,2.63,26.94,12.49,Juazeiro,BA,Nordeste,-9.42,-40.5
2023,300,0.0,0.59,0.15,39.77,38.52,4.13,27.43,12.72,Juazeiro,BA,Nordeste,-9.42,-40.5
2023,301,0.0,0.59,0.15,39.18,42.46,5.56,27.95,12.83,Juazeiro,BA,Nordeste,-9.42,-40.5
2023,302,0.0,0.59,0.15,37.18,45.03,5.52,27.63,12.59,Juazeiro,BA,Nordeste,-9.42,-40.5
2023,303,0.0,0.59,0.15,37.48,42.26,3.83,27.87,12.64,Juazeiro,BA,Nordeste,-9.42,-40.5
2023,304,0.0,0.59,0.14,37.66,42.58,2.42,27.32,12.75,Juazeiro,BA,Nordeste,-9.42,-40.5
2023,305,0.01,0.59,0.14,37.78,41.27,2.73,25.28,11.83,Juazeiro,BA,Nordeste,-9.42,-40.5
2023,306,17.2,0.6,0.39,36.96,50.47,2.65,17.95,8.7,Juazeiro,BA,Nordeste,-9.42,-40.5
2023,307,11.25,0.64,0.67,34.04,65.96,2.02,16.47,8.04,Juazeiro,BA,Nordeste,-9.42,-40.5
2023,308,0.23,0.63,0.61,35.16,63.32,2.0,21.93,10.53,Juazeiro,BA,Nordeste,-9.42,-40.5
2023,309,0.42,0.62,0.6,37.65,56.33,2.07,25.98,12.18,Juazeiro,BA,Nordeste,-9.42,-40.5
2023,310,4.01,0.62,0.62,35.92,58.93,3.32,18.27,9.01,Juazeiro,BA,Nordeste,-9.42,-40.5
2023,311,0.45,0.62,0.59,35.49,56.28,5.08,20.77,10.05,Juazeiro,BA,Nordeste,-9.42,-40.5
2023,312,0.37,0.61,0.57,35.78,57.51,5.13,22.98,10.98,Juazeiro,BA,Nordeste,-9.42,-40.5
2023,313,0.29,0.61,0.53,35.94,55.74,5.23,23.05,10.98,Juazeiro,BA,Nordeste,-9.42,-40.5
2023,314,0.03,0.61,0.47,36.45,48.52,4.42,28.74,13.21,Juazeiro,BA,Nordeste,-9.42,-40.5
2023,315,0.0,0.6,0.42,36.56,45.09,4.58,29.44,13.32,Juazeiro,BA,Nordeste,-9.42,-40.5
2023,316,0.0,0.6,0.39,37.17,42.05,3.85,27.8,12.69,Juazeiro,BA,Nordeste,-9.42,-40.5
2023,317,0.0,0.6,0.36,38.76,38.45,3.56,29.39,13.31,Juazeiro,BA,Nordeste,-9.42,-40.5
2023,318,0.06,0.6,0.34,38.41,44.81,3.23,28.64,13.1,Juazeiro,BA,Nordeste,-9.42,-40.5
2023,319,0.08,0.6,0.33,38.47,46.18,3.48,23.47,11.03,Juazeiro,BA,Nordeste,-9.42,-40.5
2023,320,0.05,0.6,0.31,38.21,46.28,3.71,24.57,11.44,Juazeiro,BA,Nordeste,-9.42,-40.5
2023,321,0.05,0.6,0.3,38.68,44.9,2.82,26.77,12.41,Juazeiro,BA,Nordeste,-9.42,-40.5
2023,322,0.33,0.6,0.3,38.8,41.59,3.0,25.56,11.99,Juazeiro,BA,Nordeste,-9.42,-40.5
2023,323,0.45,0.6,0.3,39.37,41.41,3.15,26.38,12.29,Juazeiro,BA,Nordeste,-9.42,-40.5
2023,324,0.49,0.6,0.29,38.27,44.0,2.74,21.99,10.37,Juazeiro,BA,Nordeste,-9.42,-40.5
2023,325,1.77,0.6,0.33,37.37,49.44,4.17,20.12,9.61,Juazeiro,BA,Nordeste,-9.42,-40.5
2023,326,0.24,0.6,0.34,36.61,49.24,4.16,24.37,11.4,Juazeiro,BA,Nordeste,-9.42,-40.5
2023,327,0.09,0.6,0.32,36.43,48.27,3.9,26.6,12.41,Juazeiro,BA,Nordeste,-9.42,-40.5
2023,328,0.0,0.6,0.31,38.34,41.4,2.85,28.79,13.24,Juazeiro,BA,Nordeste,-9.42,-40.5
2023,329,0.03,0.6,0.29,38.77,39.8,4.46,28.74,13.28,Juazeiro,BA,Nordeste,-9.42,-40.5
2023,330,0.05,0.6,0.28,36.91,43.92,5.41,29.65,13.41,Juazeiro,BA,Nordeste,-9.42,-40.5
2023,331,0.06,0.6,0.28,36.73,43.88,4.15,29.01,13.18,Juazeiro,BA,Nordeste,-9.42,-40.5
2023,332,0.51,0.6,0.28,35.96,49.05,4.09,21.79,10.6,Juazeiro,BA,Nordeste,-9.42,-40.5
2023,333,0.11,0.6,0.28,37.64,41.12,3.47,28.62,13.13,Juazeiro,BA,Nordeste,-9.42,-40.5
2023,334,0.04,0.6,0.27,37.85,40.44,3.33,29.01,13.28,Juazeiro,BA,Nordeste,-9.42,-40.5
2023,335,0.05,0.6,0.26,37.47,43.05,3.35,26.96,12.5,Juazeiro,BA,Nordeste,-9.42,-40.5
2023,336,0.12,0.6,0.25,37.46,45.09,2.98,26.94,12.52,Juazeiro,BA,Nordeste,-9.42,-40.5
2023,337,0.0,0.6,0.25,38.06,43.94,3.23,25.73,11.95,Juazeiro,BA,Nordeste,-9.42,-40.5
2023,338,0.11,0.59,0.25,36.51,46.02,2.79,16.6,8.23,Juazeiro,BA,Nordeste,-9.42,-40.5
2023,339,0.01,0.59,0.24,35.06,47.8,3.41,22.7,10.88,Juazeiro,BA,Nordeste,-9.42,-40.5
2023,340,0.0,0.59,0.24,35.73,47.96,5.11,27.31,12.69,Juazeiro,BA,Nordeste,-9.42,-40.5
2023,341,0.1,0.59,0.24,36.24,50.24,4.35,23.38,11.04,Juazeiro,BA,Nordeste,-9.42,-40.5
2023,342,0.1,0.59,0.23,36.91,48.01,3.65,23.99,11.25,Juazeiro,BA,Nordeste,-9.42,-40.5
2023,343,0.13,0.59,0.23,38.25,45.82,3.49,24.05,11.31,Juazeiro,BA,Nordeste,-9.42,-40.5
2023,344,0.01,0.59,0.23,37.67,43.11,4.4,27.26,12.59,Juazeiro,BA,Nordeste,-9.42,-40.5
2023,345,0.36,0.59,0.23,36.23,46.34,4.07,24.12,11.37,Juazeiro,BA,Nordeste,-9.42,-40.5
2023,346,0.01,0.59,0.23,38.14,43.58,4.38,27.59,12.85,Juazeiro,BA,Nordeste,-9.42,-40.5
2023,347,0.02,0.59,0.22,37.98,43.86,5.42,28.93,13.28,Juazeiro,BA,Nordeste,-9.42,-40.5
2023,348,0.0,0.59,0.22,36.93,45.74,6.14,27.85,12.77,Juazeiro,BA,Nordeste,-9.42,-40.5
2023,349,0.0,0.59,0.22,31.66,53.4,4.74,13.29,6.68,Juazeiro,BA,Nordeste,-9.42,-40.5
2023,350,0.0,0.59,0.22,36.51,46.94,4.65,24.14,11.28,Juazeiro,BA,Nordeste,-9.42,-40.5
2023,351,0.0,0.59,0.21,37.42,45.79,4.19,16.45,8.08,Juazeiro,BA,Nordeste,-9.42,-40.5
2023,352,0.0,0.59,0.21,35.8,44.42,2.83,21.0,10.12,Juazeiro,BA,Nordeste,-9.42,-40.5
2023,353,4.44,0.59,0.24,36.84,44.67,1.68,24.89,11.71,Juazeiro,BA,Nordeste,-9.42,-40.5
2023,354,9.39,0.62,0.58,35.15,60.29,3.01,9.0,4.72,Juazeiro,BA,Nordeste,-9.42,-40.5
2023,355,0.54,0.61,0.55,30.74,68.91,3.66,18.45,8.98,Juazeiro,BA,Nordeste,-9.42,-40.5
2023,356,0.04,0.61,0.53,32.61,63.2,4.52,22.1,10.72,Juazeiro,BA,Nordeste,-9.42,-40.5
2023,357,0.08,0.61,0.49,36.55,57.45,4.07,27.11,12.77,Juazeiro,BA,Nordeste,-9.42,-40.5
2023,358,0.04,0.6,0.44,37.56,52.06,3.63,28.11,13.12,Juazeiro,BA,Nordeste,-9.42,-40.5
2023,359,0.05,0.6,0.39,37.97,50.61,4.23,28.3,13.12,Juazeiro,BA,Nordeste,-9.42,-40.5
2023,360,0.4,0.6,0.37,37.68,47.58,3.01,27.87,12.99,Juazeiro,BA,Nordeste,-9.42,-40.5
2023,361,0.17,0.6,0.35,39.35,43.77,3.21,28.18,13.15,Juazeiro,BA,Nordeste,-9.42,-40.5
2023,362,0.01,0.6,0.32,38.74,42.38,3.46,28.66,13.27,Juazeiro,BA,Nordeste,-9.42,-40.5
2023,363,0.03,0.6,0.31,37.98,46.2,2.83,27.73,12.9,Juazeiro,BA,Nordeste,-9.42,-40.5
2023,364,0.5,0.6,0.3,37.42,44.91,2.2,26.62,12.51,Juazeiro,BA,Nordeste,-9.42,-40.5
2023,365,3.61,0.6,0.34,35.57,51.53,1.93,16.12,8.08,Juazeiro,BA,Nordeste,-9.42,-40.5
2024,1,8.79,0.61,0.55,30.72,74.18,2.26,18.75,9.35,Juazeiro,BA,Nordeste,-9.42,-40.5
2024,2,3.8,0.62,0.62,28.86,83.39,2.13,18.07,9.08,Juazeiro,BA,Nordeste,-9.42,-40.5
2024,3,5.82,0.63,0.64,32.66,73.54,1.14,15.78,8.02,Juazeiro,BA,Nordeste,-9.42,-40.5
2024,4,0.94,0.62,0.61,35.18,66.69,1.62,25.15,11.96,Juazeiro,BA,Nordeste,-9.42,-40.5
2024,5,0.39,0.62,0.59,35.65,62.98,1.58,20.41,9.69,Juazeiro,BA,Nordeste,-9.42,-40.5
2024,6,0.38,0.61,0.56,36.52,59.62,1.6,22.45,10.66,Juazeiro,BA,Nordeste,-9.42,-40.5
2024,7,1.0,0.61,0.52,37.45,52.78,2.86,26.29,12.28,Juazeiro,BA,Nordeste,-9.42,-40.5
2024,8,0.07,0.61,0.47,35.53,50.81,2.61,23.34,10.99,Juazeiro,BA,Nordeste,-9.42,-40.5
2024,9,0.05,0.6,0.43,35.77,51.62,2.94,23.32,11.0,Juazeiro,BA,Nordeste,-9.42,-40.5
2024,10,0.14,0.6,0.4,36.28,53.75,3.2,22.82,10.78,Juazeiro,BA,Nordeste,-9.42,-40.5
2024,11,0.44,0.6,0.38,35.58,55.94,3.35,22.2,10.62,Juazeiro,BA,Nordeste,-9.42,-40.5
2024,12,0.05,0.6,0.36,36.75,45.95,2.91,23.65,11.05,Juazeiro,BA,Nordeste,-9.42,-40.5
2024,13,0.0,0.6,0.34,36.68,45.31,2.97,24.25,11.32,Juazeiro,BA,Nordeste,-9.42,-40.5
2024,14,0.24,0.6,0.33,36.23,52.08,3.2,25.2,11.98,Juazeiro,BA,Nordeste,-9.42,-40.5
2024,15,0.14,0.6,0.32,36.49,50.44,3.2,25.01,11.84,Juazeiro,BA,Nordeste,-9.42,-40.5
2024,16,0.1,0.6,0.31,37.95,47.68,4.08,21.94,10.5,Juazeiro,BA,Nordeste,-9.42,-40.5
2024,17,0.01,0.6,0.3,37.38,45.16,3.79,26.76,12.36,Juazeiro,BA,Nordeste,-9.42,-40.5
2024,18,0.05,0.6,0.29,37.67,47.2,3.27,25.99,12.15,Juazeiro,BA,Nordeste,-9.42,-40.5
2024,19,0.01,0.6,0.28,37.9,45.91,2.23,25.04,11.82,Juazeiro,BA,Nordeste,-9.42,-40.5
2024,20,1.55,0.6,0.3,37.8,43.7,1.6,24.27,11.53,Juazeiro,BA,Nordeste,-9.42,-40.5
2024,21,5.11,0.61,0.43,36.41,54.93,1.81,18.13,9.11,Juazeiro,BA,Nordeste,-9.42,-40.5
2024,22,0.13,0.6,0.43,37.89,50.0,1.36,23.47,11.26,Juazeiro,BA,Nordeste,-9.42,-40.5
2024,23,1.84,0.6,0.42,31.98,64.95,1.34,10.62,5.77,Juazeiro,BA,Nordeste,-9.42,-40.5
2024,24,8.44,0.61,0.53,30.99,74.72,1.6,15.5,7.99,Juazeiro,BA,Nordeste,-9.42,-40.5
2024,25,14.49,0.64,0.68,28.68,82.23,2.35,9.64,5.28,Juazeiro,BA,Nordeste,-9.42,-40.5
2024,26,16.94,0.65,0.68,32.45,72.94,1.77,16.82,8.51,Juazeiro,BA,Nordeste,-9.42,-40.5
2024,27,15.44,0.68,0.74,29.11,81.22,1.79,9.68,5.27,Juazeiro,BA,Nordeste,-9.42,-40.5
2024,28,2.89,0.68,0.69,29.56,75.73,2.0,12.58,6.6,Juazeiro,BA,Nordeste,-9.42,-40.5
2024,29,0.21,0.67,0.65,32.07,71.74,2.67,22.84,11.03,Juazeiro,BA,Nordeste,-9.42,-40.5
2024,30,0.15,0.65,0.63,33.63,67.5,2.34,25.18,11.86,Juazeiro,BA,Nordeste,-9.42,-40.5
2024,31,0.07,0.65,0.62,34.97,61.66,3.01,28.17,13.15,Juazeiro,BA,Nordeste,-9.42,-40.5
2024,32,0.07,0.64,0.61,35.35,56.8,3.29,21.22,10.25,Juazeiro,BA,Nordeste,-9.42,-40.5
2024,33,0.74,0.64,0.61,33.99,61.77,3.88,24.01,11.39,Juazeiro,BA,Nordeste,-9.42,-40.5
2024,34,0.25,0.63,0.61,33.32,62.8,3.72,21.38,10.28,Juazeiro,BA,Nordeste,-9.42,-40.5
2024,35,0.18,0.63,0.6,35.2,60.49,4.11,25.85,12.22,Juazeiro,BA,Nordeste,-9.42,-40.5
2024,36,0.06,0.62,0.59,35.79,62.18,4.01,23.97,11.43,Juazeiro,BA,Nordeste,-9.42,-40.5
2024,37,0.17,0.62,0.58,36.01,60.14,3.59,24.19,11.54,Juazeiro,BA,Nordeste,-9.42,-40.5
2024,38,0.05,0.61,0.56,36.22,59.2,2.87,22.42,10.64,Juazeiro,BA,Nordeste,-9.42,-40.5
2024,39,1.26,0.61,0.54,35.05,61.94,2.66,21.59,10.41,Juazeiro,BA,Nordeste,-9.42,-40.5
2024,40,5.0,0.61,0.57,33.67,69.2,3.38,16.87,8.39,Juazeiro,BA,Nordeste,-9.42,-40.5
2024,41,10.12,0.63,0.66,28.94,74.07,3.94,13.47,6.82,Juazeiro,BA,Nordeste,-9.42,-40.5
2024,42,1.07,0.63,0.62,34.78,68.71,4.16,22.24,10.65,Juazeiro,BA,Nordeste,-9.42,-40.5
2024,43,0.23,0.63,0.61,34.72,64.96,4.69,20.36,9.89,Juazeiro,BA,Nordeste,-9.42,-40.5
2024,44,0.41,0.62,0.6,35.09,64.33,4.06,20.93,10.11,Juazeiro,BA,Nordeste,-9.42,-40.5
2024,45,0.09,0.62,0.59,35.16,60.74,2.86,23.19,10.96,Juazeiro,BA,Nordeste,-9.42,-40.5
2024,46,2.24,0.62,0.6,34.79,65.79,1.93,22.68,10.84,Juazeiro,BA,Nordeste,-9.42,-40.5
2024,47,0.9,0.62,0.58,31.74,70.62,2.14,23.89,11.47,Juazeiro,BA,Nordeste,-9.42,-40.5
2024,48,12.16,0.63,0.64,32.46,70.0,1.56,20.76,10.08,Juazeiro,BA,Nordeste,-9.42,-40.5
2024,49,14.15,0.66,0.7,30.61,78.96,2.31,17.76,8.8,Juazeiro,BA,Nordeste,-9.42,-40.5
2024,50,10.56,0.66,0.68,31.45,76.32,1.62,13.67,6.98,Juazeiro,BA,Nordeste,-9.42,-40.5
2024,51,10.35,0.67,0.71,31.31,78.46,1.12,14.9,7.41,Juazeiro,BA,Nordeste,-9.42,-40.5
2024,52,30.49,0.7,0.78,26.22,89.59,1.21,15.0,7.56,Juazeiro,BA,Nordeste,-9.42,-40.5
2024,53,17.53,0.72,0.79,28.58,80.56,1.18,9.79,5.19,Juazeiro,BA,Nordeste,-9.42,-40.5
2024,54,2.59,0.72,0.75,29.54,80.67,2.41,16.08,8.01,Juazeiro,BA,Nordeste,-9.42,-40.5
2024,55,0.21,0.71,0.71,31.1,75.26,3.84,26.75,12.45,Juazeiro,BA,Nordeste,-9.42,-40.5
2024,56,0.04,0.69,0.69,30.93,76.08,3.75,22.09,10.58,Juazeiro,BA,Nordeste,-9.42,-40.5
2024,57,0.01,0.68,0.67,32.15,70.99,3.61,24.84,11.75,Juazeiro,BA,Nordeste,-9.42,-40.5
2024,58,1.41,0.67,0.66,32.98,72.03,3.44,20.98,10.08,Juazeiro,BA,Nordeste,-9.42,-40.5
2024,59,0.29,0.66,0.65,33.17,70.48,2.92,24.67,11.68,Juazeiro,BA,Nordeste,-9.42,-40.5
2024,60,0.68,0.66,0.64,32.78,73.5,1.29,22.45,10.86,Juazeiro,BA,Nordeste,-9.42,-40.5
2024,61,0.4,0.65,0.63,34.06,68.56,1.27,19.55,9.59,Juazeiro,BA,Nordeste,-9.42,-40.5
2024,62,0.85,0.65,0.63,34.48,67.84,0.97,23.89,11.42,Juazeiro,BA,Nordeste,-9.42,-40.5
2024,63,14.94,0.66,0.7,30.9,75.96,1.75,14.13,7.13,Juazeiro,BA,Nordeste,-9.42,-40.5
2024,64,7.94,0.68,0.7,30.24,81.16,2.61,16.48,8.18,Juazeiro,BA,Nordeste,-9.42,-40.5
2024,65,1.74,0.68,0.68,32.23,74.97,2.1,22.26,10.67,Juazeiro,BA,Nordeste,-9.42,-40.5
2024,66,0.38,0.67,0.66,32.71,71.46,2.74,23.64,11.29,Juazeiro,BA,Nordeste,-9.42,-40.5
2024,67,0.28,0.66,0.64,34.32,68.01,3.55,21.96,10.58,Juazeiro,BA,Nordeste,-9.42,-40.5
2024,68,0.11,0.65,0.63,34.31,66.22,4.28,23.71,11.22,Juazeiro,BA,Nordeste,-9.42,-40.5
2024,69,0.12,0.65,0.62,35.02,66.2,3.12,24.74,11.64,Juazeiro,BA,Nordeste,-9.42,-40.5
2024,70,0.19,0.64,0.62,35.54,62.27,2.56,27.65,12.78,Juazeiro,BA,Nordeste,-9.42,-40.5
2024,71,0.12,0.64,0.62,34.42,69.65,2.2,26.28,12.4,Juazeiro,BA,Nordeste,-9.42,-40.5
2024,72,0.95,0.64,0.61,34.69,67.52,2.04,23.0,10.99,Juazeiro,BA,Nordeste,-9.42,-40.5
2024,73,4.56,0.64,0.63,33.63,73.41,2.37,17.71,8.73,Juazeiro,BA,Nordeste,-9.42,-40.5
2024,74,2.33,0.64,0.63,34.12,73.79,2.63,19.97,9.69,Juazeiro,BA,Nordeste,-9.42,-40.5
2024,75,0.63,0.64,0.62,33.03,72.54,2.83,21.65,10.36,Juazeiro,BA,Nordeste,-9.42,-40.5
2024,76,0.02,0.64,0.61,35.62,61.5,2.87,27.0,12.6,Juazeiro,BA,Nordeste,-9.42,-40.5
2024,77,0.32,0.63,0.61,35.89,62.74,2.54,22.07,10.68,Juazeiro,BA,Nordeste,-9.42,-40.5
2024,78,0.2,0.63,0.6,36.92,60.96,2.13,23.48,11.18,Juazeiro,BA,Nordeste,-9.42,-40.5
2024,79,1.5,0.62,0.6,36.73,63.1,2.35,20.08,9.76,Juazeiro,BA,Nordeste,-9.42,-40.5
2024,80,0.68,0.62,0.58,36.46,61.46,2.42,22.18,10.57,Juazeiro,BA,Nordeste,-9.42,-40.5
2024,81,0.12,0.62,0.57,35.64,62.31,2.18,24.65,11.67,Juazeiro,BA,Nordeste,-9.42,-40.5
2024,82,0.2,0.62,0.56,36.08,60.21,2.51,23.0,11.04,Juazeiro,BA,Nordeste,-9.42,-40.5
2024,83,0.52,0.61,0.55,35.84,59.16,3.19,24.22,11.47,Juazeiro,BA,Nordeste,-9.42,-40.5
2024,84,0.04,0.61,0.52,36.27,52.84,4.03,24.38,11.4,Juazeiro,BA,Nordeste,-9.42,-40.5
2024,85,0.73,0.61,0.5,35.96,61.05,2.93,21.0,9.99,Juazeiro,BA,Nordeste,-9.42,-40.5
2024,86,0.56,0.61,0.5,36.23,61.42,2.37,19.19,9.26,Juazeiro,BA,Nordeste,-9.42,-40.5
2024,87,0.45,0.61,0.48,35.95,58.99,3.77,19.04,9.24,Juazeiro,BA,Nordeste,-9.42,-40.5
2024,88,0.02,0.61,0.46,37.17,56.72,4.15,20.83,10.13,Juazeiro,BA,Nordeste,-9.42,-40.5
2024,89,0.3,0.61,0.45,35.54,56.48,4.49,15.53,7.7,Juazeiro,BA,Nordeste,-9.42,-40.5
2024,90,0.0,0.6,0.43,37.24,56.23,3.32,21.6,10.41,Juazeiro,BA,Nordeste,-9.42,-40.5
2024,91,0.1,0.6,0.41,35.6,57.53,1.71,22.52,10.81,Juazeiro,BA,Nordeste,-9.42,-40.5
2024,92,2.37,0.61,0.45,35.93,59.35,1.27,20.06,9.65,Juazeiro,BA,Nordeste,-9.42,-40.5
2024,93,17.81,0.62,0.61,30.1,75.23,1.21,20.27,9.84,Juazeiro,BA,Nordeste,-9.42,-40.5
2024,94,12.14,0.64,0.66,29.21,82.86,1.19,18.01,8.87,Juazeiro,BA,Nordeste,-9.42,-40.5
2024,95,28.78,0.69,0.78,30.41,81.53,1.47,16.05,7.93,Juazeiro,BA,Nordeste,-9.42,-40.5
2024,96,2.74,0.69,0.71,30.37,80.15,1.97,20.28,9.78,Juazeiro,BA,Nordeste,-9.42,-40.5
2024,97,0.27,0.68,0.67,32.78,73.47,2.19,22.38,10.63,Juazeiro,BA,Nordeste,-9.42,-40.5
2024,98,0.34,0.67,0.65,32.77,72.59,3.11,19.2,9.31,Juazeiro,BA,Nordeste,-9.42,-40.5
2024,99,0.1,0.66,0.64,34.06,70.59,3.33,20.35,9.81,Juazeiro,BA,Nordeste,-9.42,-40.5
2024,100,1.71,0.65,0.64,33.64,73.0,2.44,18.49,8.99,Juazeiro,BA,Nordeste,-9.42,-40.5
2024,101,0.12,0.65,0.63,33.9,71.37,2.16,20.57,9.86,Juazeiro,BA,Nordeste,-9.42,-40.5
2024,102,0.75,0.64,0.62,34.23,69.35,2.48,18.55,9.03,Juazeiro,BA,Nordeste,-9.42,-40.5
2024,103,1.46,0.64,0.62,34.12,70.48,3.4,17.5,8.55,Juazeiro,BA,Nordeste,-9.42,-40.5
2024,104,0.4,0.64,0.62,34.4,67.71,3.7,18.04,8.82,Juazeiro,BA,Nordeste,-9.42,-40.5
2024,105,0.07,0.63,0.61,34.9,63.12,3.39,22.34,10.53,Juazeiro,BA,Nordeste,-9.42,-40.5
2024,106,0.13,0.63,0.6,35.53,64.11,3.39,21.28,10.11,Juazeiro,BA,Nordeste,-9.42,-40.5
2024,107,7.32,0.63,0.64,34.11,71.65,3.28,19.88,9.62,Juazeiro,BA,Nordeste,-9.42,-40.5
2024,108,2.92,0.64,0.63,34.1,73.23,3.27,14.56,7.29,Juazeiro,BA,Nordeste,-9.42,-40.5
2024,109,1.97,0.64,0.63,34.11,72.69,3.33,14.39,7.27,Juazeiro,BA,Nordeste,-9.42,-40.5
2024,110,0.15,0.63,0.61,33.12,70.18,3.12,18.85,9.06,Juazeiro,BA,Nordeste,-9.42,-40.5
2024,111,0.0,0.63,0.61,33.54,63.68,3.71,16.26,8.01,Juazeiro,BA,Nordeste,-9.42,-40.5
2024,112,0.12,0.63,0.6,34.66,67.1,3.02,15.48,7.68,Juazeiro,BA,Nordeste,-9.42,-40.5
2024,113,0.32,0.62,0.58,34.96,65.44,2.94,18.27,8.73,Juazeiro,BA,Nordeste,-9.42,-40.5
2024,114,0.44,0.62,0.57,34.11,68.33,2.76,15.98,7.86,Juazeiro,BA,Nordeste,-9.42,-40.5
2024,115,0.05,0.62,0.55,35.01,64.9,2.72,18.27,8.74,Juazeiro,BA,Nordeste,-9.42,-40.5
2024,116,0.76,0.61,0.54,34.45,67.25,3.26,18.85,9.1,Juazeiro,BA,Nordeste,-9.42,-40.5
2024,117,0.39,0.61,0.53,35.05,68.08,3.79,17.97,8.69,Juazeiro,BA,Nordeste,-9.42,-40.5
2024,118,0.42,0.61,0.52,34.83,67.54,4.07,14.95,7.39,Juazeiro,BA,Nordeste,-9.42,-40.5
2024,119,0.34,0.61,0.51,34.56,62.89,4.16,19.52,9.36,Juazeiro,BA,Nordeste,-9.42,-40.5
2024,120,0.21,0.61,0.49,34.31,63.24,4.02,19.21,9.08,Juazeiro,BA,Nordeste,-9.42,-40.5
2024,121,0.01,0.61,0.48,34.52,63.93,3.67,18.15,8.64,Juazeiro,BA,Nordeste,-9.42,-40.5
2024,122,0.08,0.61,0.46,34.76,63.44,3.56,17.4,8.39,Juazeiro,BA,Nordeste,-9.42,-40.5
2024,123,0.36,0.61,0.45,34.95,65.31,3.77,20.45,9.81,Juazeiro,BA,Nordeste,-9.42,-40.5
2024,124,0.27,0.61,0.44,34.85,65.72,4.31,16.61,8.2,Juazeiro,BA,Nordeste,-9.42,-40.5
2024,125,0.28,0.6,0.43,34.43,65.2,4.89,14.72,7.19,Juazeiro,BA,Nordeste,-9.42,-40.5
2024,126,0.3,0.6,0.43,33.3,64.0,4.46,16.78,8.19,Juazeiro,BA,Nordeste,-9.42,-40.5
2024,127,0.37,0.6,0.42,32.74,66.27,3.99,14.33,7.09,Juazeiro,BA,Nordeste,-9.42,-40.5
2024,128,0.29,0.6,0.42,31.68,69.65,4.39,17.38,8.45,Juazeiro,BA,Nordeste,-9.42,-40.5
2024,129,0.96,0.6,0.43,33.3,70.22,4.23,16.44,8.04,Juazeiro,BA,Nordeste,-9.42,-40.5
2024,130,0.56,0.6,0.42,33.46,68.74,4.56,12.6,6.36,Juazeiro,BA,Nordeste,-9.42,-40.5
2024,131,0.2,0.6,0.42,33.59,60.45,3.62,22.71,10.3,Juazeiro,BA,Nordeste,-9.42,-40.5
2024,132,0.5,0.6,0.41,35.01,65.88,3.2,17.01,8.23,Juazeiro,BA,Nordeste,-9.42,-40.5
2024,133,0.64,0.6,0.41,34.42,64.52,3.4,15.37,7.59,Juazeiro,BA,Nordeste,-9.42,-40.5
2024,134,0.35,0.6,0.4,35.23,63.07,2.78,18.48,8.84,Juazeiro,BA,Nordeste,-9.42,-40.5
2024,135,0.1,0.6,0.38,36.05,58.17,2.87,21.43,10.14,Juazeiro,BA,Nordeste,-9.42,-40.5
2024,136,0.01,0.6,0.37,36.01,55.14,3.93,22.92,10.62,Juazeiro,BA,Nordeste,-9.42,-40.5
2024,137,0.11,0.6,0.36,33.81,59.3,4.11,20.33,9.52,Juazeiro,BA,Nordeste,-9.42,-40.5
2024,138,0.08,0.6,0.35,33.99,59.29,4.24,20.99,9.78,Juazeiro,BA,Nordeste,-9.42,-40.5
2024,139,0.7,0.6,0.35,34.65,63.47,3.36,16.45,7.95,Juazeiro,BA,Nordeste,-9.42,-40.5
2024,140,0.73,0.6,0.37,32.24,64.06,3.96,16.98,8.25,Juazeiro,BA,Nordeste,-9.42,-40.5
2024,141,0.03,0.6,0.37,33.78,55.15,3.35,19.13,9.06,Juazeiro,BA,Nordeste,-9.42,-40.5
2024,142,1.23,0.6,0.36,34.16,65.21,4.42,18.23,8.66,Juazeiro,BA,Nordeste,-9.42,-40.5
2024,143,0.34,0.6,0.39,33.4,63.32,4.88,15.26,7.52,Juazeiro,BA,Nordeste,-9.42,-40.5
2024,144,0.05,0.6,0.37,33.74,62.43,3.96,15.63,7.6,Juazeiro,BA,Nordeste,-9.42,-40.5
2024,145,0.1,0.6,0.36,33.53,58.64,3.85,21.59,10.05,Juazeiro,BA,Nordeste,-9.42,-40.5
2024,146,0.34,0.6,0.35,34.08,63.15,3.7,19.98,9.45,Juazeiro,BA,Nordeste,-9.42,-40.5
2024,147,0.21,0.6,0.35,33.0,58.1,4.47,16.4,7.89,Juazeiro,BA,Nordeste,-9.42,-40.5
2024,148,0.04,0.6,0.34,32.94,53.9,3.95,20.48,9.54,Juazeiro,BA,Nordeste,-9.42,-40.5
2024,149,0.11,0.6,0.33,33.84,55.62,3.44,21.14,9.87,Juazeiro,BA,Nordeste,-9.42,-40.5
2024,150,0.04,0.6,0.32,34.14,57.95,3.14,21.18,9.9,Juazeiro,BA,Nordeste,-9.42,-40.5
2024,151,0.01,0.6,0.32,34.61,56.97,3.42,19.09,9.01,Juazeiro,BA,Nordeste,-9.42,-40.5
2024,152,0.0,0.6,0.31,33.65,58.57,4.57,20.17,9.44,Juazeiro,BA,Nordeste,-9.42,-40.5
2024,153,0.22,0.6,0.3,32.82,61.75,4.68,19.35,9.07,Juazeiro,BA,Nordeste,-9.42,-40.5
2024,154,3.21,0.6,0.35,32.66,71.93,4.37,13.76,6.76,Juazeiro,BA,Nordeste,-9.42,-40.5
2024,155,0.22,0.6,0.39,33.09,64.4,4.73,17.31,8.22,Juazeiro,BA,Nordeste,-9.42,-40.5
2024,156,0.15,0.6,0.38,32.95,63.68,4.1,13.18,6.45,Juazeiro,BA,Nordeste,-9.42,-40.5
2024,157,0.9,0.6,0.37,32.85,68.35,4.01,13.86,6.79,Juazeiro,BA,Nordeste,-9.42,-40.5
2024,158,1.04,0.6,0.39,31.92,69.21,4.32,15.94,7.62,Juazeiro,BA,Nordeste,-9.42,-40.5
2024,159,0.14,0.6,0.38,32.84,65.67,4.63,12.8,6.3,Juazeiro,BA,Nordeste,-9.42,-40.5
2024,160,0.32,0.6,0.37,31.13,66.48,4.75,14.8,7.28,Juazeiro,BA,Nordeste,-9.42,-40.5
2024,161,0.14,0.6,0.36,33.07,62.97,4.61,18.5,8.76,Juazeiro,BA,Nordeste,-9.42,-40.5
2024,162,0.24,0.6,0.35,33.08,64.27,4.34,17.01,8.13,Juazeiro,BA,Nordeste,-9.42,-40.5
2024,163,0.17,0.6,0.34,32.53,61.59,4.28,20.69,9.54,Juazeiro,BA,Nordeste,-9.42,-40.5
2024,164,0.68,0.6,0.34,32.43,67.5,4.65,15.07,7.33,Juazeiro,BA,Nordeste,-9.42,-40.5
2024,165,0.67,0.6,0.34,32.0,64.38,4.94,19.54,9.1,Juazeiro,BA,Nordeste,-9.42,-40.5
2024,166,0.72,0.6,0.36,31.82,63.15,4.94,11.13,5.69,Juazeiro,BA,Nordeste,-9.42,-40.5
2024,167,0.13,0.6,0.35,31.88,61.07,4.9,18.81,8.69,Juazeiro,BA,Nordeste,-9.42,-40.5
2024,168,0.42,0.6,0.34,31.49,63.56,4.95,14.93,7.22,Juazeiro,BA,Nordeste,-9.42,-40.5
2024,169,0.07,0.6,0.34,31.3,58.24,3.96,21.35,9.79,Juazeiro,BA,Nordeste,-9.42,-40.5
2024,170,1.58,0.6,0.35,31.23,66.79,3.91,13.43,6.59,Juazeiro,BA,Nordeste,-9.42,-40.5
2024,171,0.18,0.6,0.36,32.03,64.34,4.34,20.75,9.57,Juazeiro,BA,Nordeste,-9.42,-40.5
2024,172,0.63,0.6,0.35,31.64,67.19,4.24,14.03,6.88,Juazeiro,BA,Nordeste,-9.42,-40.5
2024,173,1.18,0.6,0.37,31.3,62.21,4.31,18.68,8.74,Juazeiro,BA,Nordeste,-9.42,-40.5
2024,174,0.32,0.6,0.37,31.11,63.27,4.24,13.42,6.56,Juazeiro,BA,Nordeste,-9.42,-40.5
2024,175,0.02,0.6,0.36,32.26,62.77,4.1,19.7,9.21,Juazeiro,BA,Nordeste,-9.42,-40.5
2024,176,0.48,0.6,0.35,32.29,63.83,3.84,18.69,8.75,Juazeiro,BA,Nordeste,-9.42,-40.5
2024,177,0.05,0.6,0.34,32.87,63.13,3.87,18.65,8.79,Juazeiro,BA,Nordeste,-9.42,-40.5
2024,178,0.21,0.6,0.33,31.76,63.44,3.96,13.74,6.67,Juazeiro,BA,Nordeste,-9.42,-40.5
2024,179,0.05,0.6,0.32,33.41,59.1,2.84,19.12,8.9,Juazeiro,BA,Nordeste,-9.42,-40.5
2024,180,0.3,0.6,0.32,33.31,57.47,2.92,20.93,9.63,Juazeiro,BA,Nordeste,-9.42,-40.5
2024,181,0.5,0.6,0.32,33.47,55.93,3.63,21.26,9.77,Juazeiro,BA,Nordeste,-9.42,-40.5
2024,182,0.0,0.6,0.32,32.99,50.33,3.68,21.58,9.78,Juazeiro,BA,Nordeste,-9.42,-40.5
2024,183,0.31,0.6,0.31,31.83,60.31,4.09,19.64,9.05,Juazeiro,BA,Nordeste,-9.42,-40.5
2024,184,0.19,0.6,0.31,31.61,58.62,4.55,20.28,9.28,Juazeiro,BA,Nordeste,-9.42,-40.5
2024,185,0.26,0.6,0.31,31.56,55.98,3.86,19.5,9.1,Juazeiro,BA,Nordeste,-9.42,-40.5
2024,186,0.09,0.6,0.3,31.51,58.46,4.35,16.9,7.97,Juazeiro,BA,Nordeste,-9.42,-40.5
2024,187,0.44,0.6,0.3,31.57,60.66,3.98,17.17,8.06,Juazeiro,BA,Nordeste,-9.42,-40.5
2024,188,1.15,0.6,0.31,32.0,67.99,3.96,13.09,6.61,Juazeiro,BA,Nordeste,-9.42,-40.5
2024,189,0.95,0.6,0.34,30.4,67.05,4.84,13.89,6.88,Juazeiro,BA,Nordeste,-9.42,-40.5
2024,190,0.1,0.6,0.34,31.7,59.95,3.96,20.57,9.49,Juazeiro,BA,Nordeste,-9.42,-40.5
2024,191,0.0,0.6,0.33,32.07,58.34,3.39,20.13,9.24,Juazeiro,BA,Nordeste,-9.42,-40.5
2024,192,7.88,0.6,0.43,31.35,70.55,4.02,14.24,7.0,Juazeiro,BA,Nordeste,-9.42,-40.5
2024,193,1.67,0.61,0.58,30.49,62.58,5.21,19.81,9.12,Juazeiro,BA,Nordeste,-9.42,-40.5
2024,194,0.68,0.61,0.55,30.07,65.05,5.24,13.93,6.82,Juazeiro,BA,Nordeste,-9.42,-40.5
2024,195,0.06,0.61,0.52,29.87,64.83,5.57,19.9,9.2,Juazeiro,BA,Nordeste,-9.42,-40.5
2024,196,0.08,0.61,0.49,29.94,64.71,4.56,18.21,8.56,Juazeiro,BA,Nordeste,-9.42,-40.5
2024,197,0.01,0.61,0.46,30.26,61.52,4.67,17.6,8.18,Juazeiro,BA,Nordeste,-9.42,-40.5
2024,198,0.76,0.6,0.44,30.0,64.46,4.65,19.49,9.0,Juazeiro,BA,Nordeste,-9.42,-40.5
2024,199,0.59,0.6,0.44,30.57,70.38,4.66,12.83,6.25,Juazeiro,BA,Nordeste,-9.42,-40.5
2024,200,0.11,0.6,0.42,30.8,59.51,4.46,17.9,8.4,Juazeiro,BA,Nordeste,-9.42,-40.5
2024,201,0.0,0.6,0.4,30.75,58.89,4.38,18.57,8.67,Juazeiro,BA,Nordeste,-9.42,-40.5
2024,202,0.08,0.6,0.38,30.01,60.85,4.26,17.85,8.35,Juazeiro,BA,Nordeste,-9.42,-40.5
2024,203,0.02,0.6,0.36,30.03,58.22,4.17,19.3,8.92,Juazeiro,BA,Nordeste,-9.42,-40.5
2024,204,0.01,0.6,0.35,30.77,58.82,4.3,19.06,8.85,Juazeiro,BA,Nordeste,-9.42,-40.5
2024,205,0.07,0.6,0.34,31.24,59.77,4.58,19.08,8.86,Juazeiro,BA,Nordeste,-9.42,-40.5
2024,206,0.09,0.6,0.33,30.72,62.16,4.83,12.65,6.09,Juazeiro,BA,Nordeste,-9.42,-40.5
2024,207,0.17,0.6,0.32,31.05,66.79,4.47,16.49,7.92,Juazeiro,BA,Nordeste,-9.42,-40.5
2024,208,0.01,0.6,0.32,31.44,58.03,5.12,22.33,10.09,Juazeiro,BA,Nordeste,-9.42,-40.5
2024,209,0.0,0.6,0.31,31.17,58.92,4.93,21.81,9.92,Juazeiro,BA,Nordeste,-9.42,-40.5
2024,210,0.0,0.6,0.3,31.79,56.08,4.65,19.66,9.09,Juazeiro,BA,Nordeste,-9.42,-40.5
2024,211,0.0,0.6,0.29,32.29,55.86,3.63,20.22,9.25,Juazeiro,BA,Nordeste,-9.42,-40.5
2024,212,0.0,0.6,0.29,33.1,57.74,3.86,20.66,9.54,Juazeiro,BA,Nordeste,-9.42,-40.5
2024,213,0.0,0.6,0.28,32.27,56.39,5.35,22.11,10.06,Juazeiro,BA,Nordeste,-9.42,-40.5
2024,214,0.01,0.6,0.28,31.58,58.84,5.0,20.08,9.29,Juazeiro,BA,Nordeste,-9.42,-40.5
2024,215,0.36,0.6,0.28,31.22,59.09,5.28,17.2,8.15,Juazeiro,BA,Nordeste,-9.42,-40.5
2024,216,0.9,0.6,0.3,31.04,59.37,5.12,18.77,8.83,Juazeiro,BA,Nordeste,-9.42,-40.5
2024,217,0.01,0.6,0.3,30.91,56.12,5.01,21.34,9.75,Juazeiro,BA,Nordeste,-9.42,-40.5
2024,218,0.01,0.6,0.29,31.77,56.44,5.17,22.54,10.19,Juazeiro,BA,Nordeste,-9.42,-40.5
2024,219,0.11,0.6,0.29,31.04,57.91,5.12,22.02,10.01,Juazeiro,BA,Nordeste,-9.42,-40.5
2024,220,0.0,0.6,0.28,32.45,55.65,4.58,23.54,10.67,Juazeiro,BA,Nordeste,-9.42,-40.5
2024,221,0.01,0.6,0.28,32.73,60.88,3.99,23.33,10.74,Juazeiro,BA,Nordeste,-9.42,-40.5
2024,222,0.1,0.6,0.27,33.96,56.14,3.96,22.47,10.4,Juazeiro,BA,Nordeste,-9.42,-40.5
2024,223,0.01,0.6,0.27,34.74,49.48,1.8,23.36,10.76,Juazeiro,BA,Nordeste,-9.42,-40.5
2024,224,0.0,0.6,0.26,37.09,41.26,2.6,23.78,10.88,Juazeiro,BA,Nordeste,-9.42,-40.5
2024,225,0.0,0.6,0.25,35.41,50.95,3.66,20.07,9.41,Juazeiro,BA,Nordeste,-9.42,-40.5
2024,226,0.0,0.59,0.24,36.12,47.25,4.34,23.36,10.78,Juazeiro,BA,Nordeste,-9.42,-40.5
2024,227,0.0,0.59,0.24,33.72,55.53,6.0,21.56,9.89,Juazeiro,BA,Nordeste,-9.42,-40.5
2024,228,0.0,0.59,0.24,33.05,54.24,5.33,22.96,10.45,Juazeiro,BA,Nordeste,-9.42,-40.5
2024,229,0.02,0.59,0.23,33.07,59.65,5.33,17.66,8.34,Juazeiro,BA,Nordeste,-9.42,-40.5
2024,230,1.22,0.6,0.25,31.67,63.06,4.73,15.57,7.6,Juazeiro,BA,Nordeste,-9.42,-40.5
2024,231,0.57,0.6,0.28,31.69,56.88,4.98,16.11,7.76,Juazeiro,BA,Nordeste,-9.42,-40.5
2024,232,0.03,0.6,0.28,31.93,57.11,5.02,20.0,9.25,Juazeiro,BA,Nordeste,-9.42,-40.5
2024,233,0.0,0.6,0.28,33.22,55.48,4.55,23.14,10.58,Juazeiro,BA,Nordeste,-9.42,-40.5
2024,234,0.24,0.6,0.27,33.85,51.87,4.52,24.55,11.11,Juazeiro,BA,Nordeste,-9.42,-40.5
2024,235,0.0,0.6,0.27,33.82,57.99,5.64,18.8,8.84,Juazeiro,BA,Nordeste,-9.42,-40.5
2024,236,0.0,0.6,0.26,32.79,55.38,5.38,17.76,8.28,Juazeiro,BA,Nordeste,-9.42,-40.5
2024,237,0.0,0.6,0.26,33.15,52.87,4.1,19.95,9.19,Juazeiro,BA,Nordeste,-9.42,-40.5
2024,238,0.0,0.6,0.25,34.02,49.2,3.88,24.21,10.99,Juazeiro,BA,Nordeste,-9.42,-40.5
2024,239,0.0,0.59,0.25,34.68,49.0,4.13,24.78,11.29,Juazeiro,BA,Nordeste,-9.42,-40.5
2024,240,0.0,0.59,0.24,33.5,53.14,5.37,23.79,10.89,Juazeiro,BA,Nordeste,-9.42,-40.5
2024,241,0.0,0.59,0.24,32.83,54.53,6.34,20.48,9.66,Juazeiro,BA,Nordeste,-9.42,-40.5
2024,242,0.04,0.59,0.23,32.67,54.15,6.41,24.6,11.16,Juazeiro,BA,Nordeste,-9.42,-40.5
2024,243,0.47,0.59,0.25,32.86,53.86,5.68,22.35,10.23,Juazeiro,BA,Nordeste,-9.42,-40.5
2024,244,0.4,0.6,0.25,32.79,56.23,4.99,19.46,9.27,Juazeiro,BA,Nordeste,-9.42,-40.5
2024,245,0.2,0.6,0.25,32.56,52.39,5.07,24.7,11.24,Juazeiro,BA,Nordeste,-9.42,-40.5
2024,246,0.0,0.6,0.25,33.16,47.12,4.49,26.42,11.8,Juazeiro,BA,Nordeste,-9.42,-40.5
2024,247,0.0,0.59,0.25,34.22,48.25,3.98,26.45,11.82,Juazeiro,BA,Nordeste,-9.42,-40.5
2024,248,0.0,0.59,0.24,34.23,46.88,4.65,25.35,11.39,Juazeiro,BA,Nordeste,-9.42,-40.5
2024,249,0.0,0.59,0.24,33.77,48.5,4.64,26.02,11.71,Juazeiro,BA,Nordeste,-9.42,-40.5
2024,250,0.0,0.59,0.23,34.35,47.45,4.1,26.2,11.85,Juazeiro,BA,Nordeste,-9.42,-40.5
2024,251,0.35,0.59,0.24,33.8,52.49,5.7,22.25,10.36,Juazeiro,BA,Nordeste,-9.42,-40.5
2024,252,0.0,0.59,0.24,33.59,53.09,5.89,24.73,11.28,Juazeiro,BA,Nordeste,-9.42,-40.5
2024,253,0.0,0.59,0.23,33.57,49.5,5.57,25.01,11.3,Juazeiro,BA,Nordeste,-9.42,-40.5
2024,254,0.0,0.59,0.23,33.48,46.92,4.97,25.67,11.6,Juazeiro,BA,Nordeste,-9.42,-40.5
2024,255,0.0,0.59,0.22,33.82,50.05,5.56,26.16,11.87,Juazeiro,BA,Nordeste,-9.42,-40.5
2024,256,0.02,0.59,0.22,33.81,51.16,5.96,24.4,11.12,Juazeiro,BA,Nordeste,-9.42,-40.5
2024,257,0.03,0.59,0.22,33.19,54.78,5.35,19.25,9.05,Juazeiro,BA,Nordeste,-9.42,-40.5
2024,258,0.02,0.59,0.22,33.98,47.72,4.78,24.58,11.14,Juazeiro,BA,Nordeste,-9.42,-40.5
2024,259,0.0,0.59,0.21,34.71,50.05,4.66,25.77,11.75,Juazeiro,BA,Nordeste,-9.42,-40.5
2024,260,0.0,0.59,0.21,35.39,46.33,4.81,26.05,11.74,Juazeiro,BA,Nordeste,-9.42,-40.5
2024,261,0.0,0.59,0.21,35.7,47.97,4.71,26.49,12.11,Juazeiro,BA,Nordeste,-9.42,-40.5
2024,262,0.0,0.59,0.2,34.43,47.79,5.31,26.07,11.81,Juazeiro,BA,Nordeste,-9.42,-40.5
2024,263,0.0,0.59,0.2,34.66,47.94,5.09,22.89,10.65,Juazeiro,BA,Nordeste,-9.42,-40.5
2024,264,0.0,0.59,0.2,35.15,47.33,5.02,25.63,11.64,Juazeiro,BA,Nordeste,-9.42,-40.5
2024,265,0.0,0.59,0.2,35.21,46.06,4.78,27.06,12.21,Juazeiro,BA,Nordeste,-9.42,-40.5
2024,266,0.0,0.59,0.19,35.88,45.32,4.93,26.5,12.1,Juazeiro,BA,Nordeste,-9.42,-40.5
2024,267,0.01,0.59,0.19,35.63,49.71,4.71,25.63,11.76,Juazeiro,BA,Nordeste,-9.42,-40.5
2024,268,0.04,0.59,0.19,35.23,50.29,4.84,23.89,11.02,Juazeiro,BA,Nordeste,-9.42,-40.5
2024,269,0.37,0.59,0.19,35.28,49.0,5.41,21.61,10.02,Juazeiro,BA,Nordeste,-9.42,-40.5
2024,270,0.03,0.59,0.2,34.88,47.54,5.42,26.42,11.99,Juazeiro,BA,Nordeste,-9.42,-40.5
2024,271,0.0,0.59,0.2,35.17,48.87,3.81,25.19,11.62,Juazeiro,BA,Nordeste,-9.42,-40.5
2024,272,0.0,0.59,0.19,36.6,47.15,3.54,26.5,12.22,Juazeiro,BA,Nordeste,-9.42,-40.5
2024,273,0.12,0.59,0.19,36.03,50.13,5.73,20.9,9.84,Juazeiro,BA,Nordeste,-9.42,-40.5
2024,274,0.25,0.59,0.2,34.93,50.14,6.26,19.36,9.14,Juazeiro,BA,Nordeste,-9.42,-40.5
2024,275,0.01,0.59,0.2,34.61,49.06,5.51,24.76,11.26,Juazeiro,BA,Nordeste,-9.42,-40.5
2024,276,0.0,0.59,0.19,35.51,44.64,4.06,27.29,12.37,Juazeiro,BA,Nordeste,-9.42,-40.5
2024,277,0.0,0.59,0.19,36.9,44.83,3.98,25.05,11.47,Juazeiro,BA,Nordeste,-9.42,-40.5
2024,278,0.0,0.59,0.19,37.07,44.39,3.71,24.99,11.49,Juazeiro,BA,Nordeste,-9.42,-40.5
2024,279,0.0,0.59,0.19,37.53,46.65,4.29,26.32,12.02,Juazeiro,BA,Nordeste,-9.42,-40.5
2024,280,0.01,0.59,0.18,37.26,43.49,4.92,26.35,11.88,Juazeiro,BA,Nordeste,-9.42,-40.5
2024,281,0.0,0.59,0.18,37.62,41.37,4.25,27.49,12.55,Juazeiro,BA,Nordeste,-9.42,-40.5
2024,282,0.0,0.59,0.18,37.19,42.83,3.33,27.35,12.36,Juazeiro,BA,Nordeste,-9.42,-40.5
2024,283,0.0,0.59,0.18,38.96,35.35,2.6,28.06,12.67,Juazeiro,BA,Nordeste,-9.42,-40.5
2024,284,0.0,0.59,0.17,39.3,36.37,3.81,26.51,12.14,Juazeiro,BA,Nordeste,-9.42,-40.5
2024,285,0.0,0.59,0.17,37.17,46.45,4.6,24.77,11.31,Juazeiro,BA,Nordeste,-9.42,-40.5
2024,286,0.0,0.59,0.17,37.59,43.23,3.9,27.03,12.25,Juazeiro,BA,Nordeste,-9.42,-40.5
2024,287,0.0,0.59,0.17,37.75,43.84,4.7,26.96,12.33,Juazeiro,BA,Nordeste,-9.42,-40.5
2024,288,0.04,0.59,0.17,36.49,48.42,6.19,22.33,10.42,Juazeiro,BA,Nordeste,-9.42,-40.5
2024,289,0.07,0.59,0.17,36.39,51.78,4.87,22.02,10.43,Juazeiro,BA,Nordeste,-9.42,-40.5
2024,290,0.0,0.59,0.17,36.57,44.72,3.51,15.59,7.48,Juazeiro,BA,Nordeste,-9.42,-40.5
2024,291,0.09,0.59,0.17,36.29,47.16,3.07,16.29,7.86,Juazeiro,BA,Nordeste,-9.42,-40.5
2024,292,0.53,0.59,0.17,35.06,49.33,2.37,10.77,5.46,Juazeiro,BA,Nordeste,-9.42,-40.5
2024,293,0.1,0.59,0.18,36.3,46.31,2.78,22.61,10.7,Juazeiro,BA,Nordeste,-9.42,-40.5
2024,294,0.03,0.59,0.18,35.77,45.44,3.77,21.21,10.14,Juazeiro,BA,Nordeste,-9.42,-40.5
2024,295,0.0,0.59,0.18,36.91,45.38,4.88,17.08,8.38,Juazeiro,BA,Nordeste,-9.42,-40.5
2024,296,0.0,0.59,0.18,37.44,45.74,5.47,26.83,12.36,Juazeiro,BA,Nordeste,-9.42,-40.5
2024,297,0.0,0.59,0.18,37.3,41.41,4.66,28.54,12.9,Juazeiro,BA,Nordeste,-9.42,-40.5
2024,298,0.0,0.59,0.18,37.52,45.06,4.35,27.08,12.54,Juazeiro,BA,Nordeste,-9.42,-40.5
2024,299,0.09,0.59,0.17,37.36,45.07,4.1,27.81,12.83,Juazeiro,BA,Nordeste,-9.42,-40.5
2024,300,0.01,0.59,0.17,37.95,41.1,4.14,28.51,12.98,Juazeiro,BA,Nordeste,-9.42,-40.5
2024,301,0.0,0.59,0.17,38.21,40.41,4.04,28.7,13.11,Juazeiro,BA,Nordeste,-9.42,-40.5
2024,302,0.0,0.59,0.17,37.86,44.44,5.08,23.65,10.96,Juazeiro,BA,Nordeste,-9.42,-40.5
2024,303,0.0,0.59,0.17,37.09,44.97,4.85,28.04,12.76,Juazeiro,BA,Nordeste,-9.42,-40.5
2024,304,0.0,0.59,0.17,37.53,40.56,3.68,27.42,12.53,Juazeiro,BA,Nordeste,-9.42,-40.5
2024,305,0.0,0.59,0.16,37.47,41.12,3.89,25.09,11.63,Juazeiro,BA,Nordeste,-9.42,-40.5
2024,306,0.0,0.59,0.16,36.5,46.47,4.45,25.09,11.75,Juazeiro,BA,Nordeste,-9.42,-40.5
2024,307,0.0,0.59,0.16,37.32,44.39,5.24,26.03,12.1,Juazeiro,BA,Nordeste,-9.42,-40.5
2024,308,0.0,0.59,0.16,36.91,44.11,4.84,26.91,12.45,Juazeiro,BA,Nordeste,-9.42,-40.5
2024,309,0.0,0.59,0.16,36.87,44.5,5.02,27.76,12.83,Juazeiro,BA,Nordeste,-9.42,-40.5
2024,310,0.04,0.59,0.16,33.56,47.49,4.34,27.34,12.8,Juazeiro,BA,Nordeste,-9.42,-40.5
2024,311,0.01,0.59,0.16,36.58,41.38,4.64,26.7,12.43,Juazeiro,BA,Nordeste,-9.42,-40.5
2024,312,0.0,0.59,0.16,36.87,42.03,4.06,26.36,12.26,Juazeiro,BA,Nordeste,-9.42,-40.5
2024,313,0.0,0.59,0.16,37.2,43.55,3.66,26.07,12.18,Juazeiro,BA,Nordeste,-9.42,-40.5
2024,314,0.0,0.59,0.16,37.98,43.78,3.49,22.49,10.65,Juazeiro,BA,Nordeste,-9.42,-40.5
2024,315,1.37,0.59,0.17,38.57,43.66,3.52,24.88,11.74,Juazeiro,BA,Nordeste,-9.42,-40.5
2024,316,14.25,0.6,0.38,34.42,60.38,2.9,11.72,6.03,Juazeiro,BA,Nordeste,-9.42,-40.5
2024,317,4.94,0.63,0.64,31.75,69.32,1.55,14.69,7.45,Juazeiro,BA,Nordeste,-9.42,-40.5
2024,318,0.98,0.62,0.61,34.07,61.33,2.54,19.19,9.33,Juazeiro,BA,Nordeste,-9.42,-40.5
2024,319,0.37,0.62,0.58,36.01,50.74,3.91,26.32,12.31,Juazeiro,BA,Nordeste,-9.42,-40.5
2024,320,0.19,0.61,0.55,35.77,52.94,4.88,26.13,12.2,Juazeiro,BA,Nordeste,-9.42,-40.5
2024,321,0.0,0.61,0.5,35.72,50.08,4.82,24.4,11.4,Juazeiro,BA,Nordeste,-9.42,-40.5
2024,322,0.0,0.6,0.44,35.98,49.29,4.25,27.17,12.59,Juazeiro,BA,Nordeste,-9.42,-40.5
2024,323,0.0,0.6,0.4,36.48,46.61,4.14,26.19,12.19,Juazeiro,BA,Nordeste,-9.42,-40.5
2024,324,0.01,0.6,0.37,36.32,47.87,3.22,24.16,11.21,Juazeiro,BA,Nordeste,-9.42,-40.5
2024,325,0.18,0.6,0.35,36.13,47.24,3.33,25.8,12.02,Juazeiro,BA,Nordeste,-9.42,-40.5
2024,326,0.08,0.6,0.33,38.06,44.71,2.72,24.94,11.69,Juazeiro,BA,Nordeste,-9.42,-40.5
2024,327,0.04,0.6,0.32,38.64,39.39,2.05,24.29,11.38,Juazeiro,BA,Nordeste,-9.42,-40.5
2024,328,0.2,0.6,0.3,37.71,40.67,3.04,20.16,9.68,Juazeiro,BA,Nordeste,-9.42,-40.5
2024,329,0.29,0.6,0.3,33.98,49.55,1.87,22.49,10.69,Juazeiro,BA,Nordeste,-9.42,-40.5
2024,330,1.35,0.6,0.32,36.16,54.59,4.1,7.92,4.21,Juazeiro,BA,Nordeste,-9.42,-40.5
2024,331,2.6,0.6,0.4,33.93,61.33,4.07,15.38,7.56,Juazeiro,BA,Nordeste,-9.42,-40.5
2024,332,0.2,0.6,0.4,36.8,50.98,3.61,23.51,11.16,Juazeiro,BA,Nordeste,-9.42,-40.5
2024,333,0.0,0.6,0.37,37.34,45.01,3.94,28.06,13.07,Juazeiro,BA,Nordeste,-9.42,-40.5
2024,334,0.0,0.6,0.34,38.2,43.19,3.56,27.98,12.91,Juazeiro,BA,Nordeste,-9.42,-40.5
2024,335,0.0,0.6,0.32,38.2,43.16,3.45,28.06,13.0,Juazeiro,BA,Nordeste,-9.42,-40.5
2024,336,0.01,0.6,0.3,38.23,40.23,3.08,25.9,12.09,Juazeiro,BA,Nordeste,-9.42,-40.5
2024,337,0.0,0.6,0.29,37.92,38.75,3.05,24.6,11.5,Juazeiro,BA,Nordeste,-9.42,-40.5
2024,338,0.03,0.6,0.27,38.13,42.22,2.99,22.01,10.47,Juazeiro,BA,Nordeste,-9.42,-40.5
2024,339,0.38,0.6,0.27,37.84,40.77,3.06,22.84,10.67,Juazeiro,BA,Nordeste,-9.42,-40.5
2024,340,0.4,0.6,0.27,36.07,45.77,3.89,22.71,10.78,Juazeiro,BA,Nordeste,-9.42,-40.5
2024,341,0.0,0.6,0.27,37.13,40.4,4.6,22.72,10.7,Juazeiro,BA,Nordeste,-9.42,-40.5
2024,342,0.07,0.6,0.26,36.2,46.05,4.14,20.46,9.82,Juazeiro,BA,Nordeste,-9.42,-40.5
2024,343,0.29,0.6,0.26,36.08,49.64,3.27,20.61,10.01,Juazeiro,BA,Nordeste,-9.42,-40.5
2024,344,0.0,0.6,0.26,37.85,41.65,3.85,26.45,12.28,Juazeiro,BA,Nordeste,-9.42,-40.5
2024,345,0.0,0.6,0.25,37.22,42.66,3.42,28.52,13.06,Juazeiro,BA,Nordeste,-9.42,-40.5
2024,346,0.0,0.59,0.24,37.75,40.17,2.83,28.5,13.1,Juazeiro,BA,Nordeste,-9.42,-40.5
2024,347,0.31,0.59,0.24,38.75,37.66,3.21,26.2,12.24,Juazeiro,BA,Nordeste,-9.42,-40.5
2024,348,0.03,0.59,0.23,38.09,44.03,4.67,25.6,12.04,Juazeiro,BA,Nordeste,-9.42,-40.5
2024,349,0.0,0.59,0.23,38.43,40.7,4.24,27.64,12.86,Juazeiro,BA,Nordeste,-9.42,-40.5
2024,350,0.44,0.59,0.23,36.64,45.6,3.74,21.52,10.52,Juazeiro,BA,Nordeste,-9.42,-40.5
2024,351,0.12,0.59,0.23,37.8,42.47,3.54,20.85,10.15,Juazeiro,BA,Nordeste,-9.42,-40.5
2024,352,0.01,0.59,0.23,39.19,41.87,3.59,27.57,12.95,Juazeiro,BA,Nordeste,-9.42,-40.5
2024,353,0.0,0.59,0.22,38.18,42.96,3.92,27.99,13.21,Juazeiro,BA,Nordeste,-9.42,-40.5
2024,354,0.0,0.59,0.22,38.82,44.5,4.38,22.15,10.79,Juazeiro,BA,Nordeste,-9.42,-40.5
2024,355,0.03,0.59,0.21,38.41,43.36,4.32,22.96,11.13,Juazeiro,BA,Nordeste,-9.42,-40.5
2024,356,0.0,0.59,0.21,38.35,41.25,3.59,23.62,11.36,Juazeiro,BA,Nordeste,-9.42,-40.5
2024,357,0.0,0.59,0.21,38.41,41.83,3.59,22.57,10.83,Juazeiro,BA,Nordeste,-9.42,-40.5
2024,358,0.01,0.59,0.2,38.01,43.25,3.49,27.16,12.79,Juazeiro,BA,Nordeste,-9.42,-40.5
2024,359,0.0,0.59,0.2,38.53,37.62,3.72,26.62,12.53,Juazeiro,BA,Nordeste,-9.42,-40.5
2024,360,0.0,0.59,0.2,37.55,41.92,4.08,24.94,11.86,Juazeiro,BA,Nordeste,-9.42,-40.5
2024,361,0.01,0.59,0.19,37.41,41.58,4.2,27.82,12.93,Juazeiro,BA,Nordeste,-9.42,-40.5
2024,362,0.0,0.59,0.19,37.38,39.66,3.48,28.59,13.17,Juazeiro,BA,Nordeste,-9.42,-40.5
2024,363,0.0,0.59,0.19,37.62,41.57,3.18,28.6,13.25,Juazeiro,BA,Nordeste,-9.42,-40.5
2024,364,0.03,0.59,0.19,37.22,43.54,3.95,22.51,10.96,Juazeiro,BA,Nordeste,-9.42,-40.5
2024,365,0.05,0.59,0.19,38.72,38.48,3.45,27.15,12.71,Juazeiro,BA,Nordeste,-9.42,-40.5
2024,366,0.0,0.59,0.18,39.05,39.89,3.59,25.1,11.85,Juazeiro,BA,Nordeste,-9.42,-40.5
2025,1,0.0,0.59,0.18,38.45,42.24,3.64,19.51,9.33,Juazeiro,BA,Nordeste,-9.42,-40.5
2025,2,0.0,0.59,0.18,38.49,39.89,3.87,27.97,12.96,Juazeiro,BA,Nordeste,-9.42,-40.5
2025,3,0.0,0.59,0.18,39.52,36.44,3.44,28.56,13.11,Juazeiro,BA,Nordeste,-9.42,-40.5
2025,4,0.0,0.59,0.17,39.3,39.6,3.19,25.21,11.72,Juazeiro,BA,Nordeste,-9.42,-40.5
2025,5,0.28,0.59,0.18,38.96,40.71,2.99,21.72,10.34,Juazeiro,BA,Nordeste,-9.42,-40.5
2025,6,0.3,0.59,0.18,38.45,42.31,3.03,14.82,7.34,Juazeiro,BA,Nordeste,-9.42,-40.5
2025,7,0.18,0.59,0.18,38.09,42.81,2.45,20.8,9.88,Juazeiro,BA,Nordeste,-9.42,-40.5
2025,8,0.19,0.59,0.19,37.64,44.18,2.37,19.34,9.37,Juazeiro,BA,Nordeste,-9.42,-40.5
2025,9,5.75,0.6,0.27,36.36,52.49,2.16,12.49,6.38,Juazeiro,BA,Nordeste,-9.42,-40.5
2025,10,4.75,0.61,0.51,29.12,74.69,1.79,11.8,6.05,Juazeiro,BA,Nordeste,-9.42,-40.5
2025,11,9.47,0.61,0.59,32.69,70.56,1.35,5.02,2.71,Juazeiro,BA,Nordeste,-9.42,-40.5
2025,12,6.43,0.63,0.65,32.37,73.91,1.63,4.7,2.65,Juazeiro,BA,Nordeste,-9.42,-40.5
2025,13,13.09,0.64,0.68,30.39,75.38,2.16,16.75,8.29,Juazeiro,BA,Nordeste,-9.42,-40.5
2025,14,25.08,0.66,0.73,30.18,77.05,1.9,7.83,4.17,Juazeiro,BA,Nordeste,-9.42,-40.5
2025,15,30.96,0.72,0.82,26.88,85.82,1.56,12.64,6.51,Juazeiro,BA,Nordeste,-9.42,-40.5
2025,16,2.92,0.71,0.74,29.01,80.1,0.64,14.79,7.35,Juazeiro,BA,Nordeste,-9.42,-40.5
2025,17,0.7,0.7,0.71,30.59,73.86,2.96,25.91,12.09,Juazeiro,BA,Nordeste,-9.42,-40.5
2025,18,0.36,0.68,0.68,31.26,71.58,2.73,25.48,11.94,Juazeiro,BA,Nordeste,-9.42,-40.5
2025,19,0.54,0.67,0.66,30.4,71.02,1.86,15.17,7.61,Juazeiro,BA,Nordeste,-9.42,-40.5
2025,20,0.23,0.67,0.65,32.63,70.47,2.24,20.91,10.09,Juazeiro,BA,Nordeste,-9.42,-40.5
2025,21,0.24,0.66,0.64,33.51,69.04,2.13,25.3,12.01,Juazeiro,BA,Nordeste,-9.42,-40.5
2025,22,0.42,0.65,0.63,34.02,64.08,2.77,25.95,12.28,Juazeiro,BA,Nordeste,-9.42,-40.5
2025,23,0.25,0.65,0.62,34.01,64.87,2.96,25.54,12.09,Juazeiro,BA,Nordeste,-9.42,-40.5
2025,24,0.0,0.64,0.62,34.26,61.68,3.56,28.33,13.11,Juazeiro,BA,Nordeste,-9.42,-40.5
2025,25,0.0,0.64,0.61,34.26,61.35,3.1,23.98,11.36,Juazeiro,BA,Nordeste,-9.42,-40.5
2025,26,0.0,0.63,0.61,33.8,63.11,2.92,24.41,11.63,Juazeiro,BA,Nordeste,-9.42,-40.5
2025,27,0.19,0.63,0.61,32.9,65.63,2.08,22.38,10.9,Juazeiro,BA,Nordeste,-9.42,-40.5
2025,28,1.2,0.63,0.61,33.8,65.2,2.63,20.09,9.88,Juazeiro,BA,Nordeste,-9.42,-40.5
2025,29,13.89,0.64,0.66,33.16,69.25,2.36,21.48,10.39,Juazeiro,BA,Nordeste,-9.42,-40.5
2025,30,7.58,0.66,0.67,31.59,72.6,3.13,17.21,8.45,Juazeiro,BA,Nordeste,-9.42,-40.5
2025,31,0.44,0.65,0.63,33.71,63.4,2.78,26.02,12.14,Juazeiro,BA,Nordeste,-9.42,-40.5
2025,32,0.0,0.65,0.62,34.54,59.38,2.8,23.59,11.16,Juazeiro,BA,Nordeste,-9.42,-40.5
2025,33,0.0,0.64,0.61,33.95,61.84,2.8,21.94,10.5,Juazeiro,BA,Nordeste,-9.42,-40.5
2025,34,0.0,0.63,0.61,35.23,58.6,3.97,23.91,11.33,Juazeiro,BA,Nordeste,-9.42,-40.5
2025,35,0.0,0.63,0.6,35.05,57.6,4.52,26.89,12.47,Juazeiro,BA,Nordeste,-9.42,-40.5
2025,36,0.0,0.62,0.6,34.83,57.83,3.86,28.0,13.01,Juazeiro,BA,Nordeste,-9.42,-40.5
2025,37,0.45,0.62,0.6,33.28,64.89,3.68,18.58,9.19,Juazeiro,BA,Nordeste,-9.42,-40.5
2025,38,0.06,0.62,0.58,34.2,62.26,3.64,20.74,10.13,Juazeiro,BA,Nordeste,-9.42,-40.5
2025,39,0.0,0.62,0.56,35.12,56.59,4.11,24.74,11.64,Juazeiro,BA,Nordeste,-9.42,-40.5
2025,40,0.01,0.61,0.53,35.73,54.5,3.75,21.43,10.3,Juazeiro,BA,Nordeste,-9.42,-40.5
2025,41,0.04,0.61,0.5,34.99,59.76,4.02,20.66,9.92,Juazeiro,BA,Nordeste,-9.42,-40.5
2025,42,0.0,0.61,0.48,34.24,55.78,4.19,21.54,10.27,Juazeiro,BA,Nordeste,-9.42,-40.5
2025,43,0.0,0.61,0.46,36.0,51.51,3.89,25.7,11.99,Juazeiro,BA,Nordeste,-9.42,-40.5
2025,44,0.0,0.61,0.44,36.16,51.32,3.49,27.44,12.76,Juazeiro,BA,Nordeste,-9.42,-40.5
2025,45,0.0,0.6,0.42,36.65,49.48,3.44,27.16,12.66,Juazeiro,BA,Nordeste,-9.42,-40.5
2025,46,0.0,0.6,0.41,36.95,49.01,3.83,26.12,12.17,Juazeiro,BA,Nordeste,-9.42,-40.5
2025,47,0.0,0.6,0.39,36.96,50.5,4.68,25.62,11.81,Juazeiro,BA,Nordeste,-9.42,-40.5
2025,48,0.0,0.6,0.38,36.94,51.56,4.16,25.89,11.99,Juazeiro,BA,Nordeste,-9.42,-40.5
2025,49,0.01,0.6,0.37,37.44,48.11,3.57,27.76,12.93,Juazeiro,BA,Nordeste,-9.42,-40.5
2025,50,0.0,0.6,0.36,37.31,47.8,3.47,26.68,12.46,Juazeiro,BA,Nordeste,-9.42,-40.5
2025,51,0.0,0.6,0.35,37.68,45.67,3.98,24.17,11.43,Juazeiro,BA,Nordeste,-9.42,-40.5
2025,52,0.2,0.6,0.35,37.01,50.64,4.12,20.09,9.66,Juazeiro,BA,Nordeste,-9.42,-40.5
2025,53,0.03,0.6,0.34,37.14,47.52,4.1,26.43,12.32,Juazeiro,BA,Nordeste,-9.42,-40.5
2025,54,0.0,0.6,0.34,35.5,50.39,3.87,20.65,9.9,Juazeiro,BA,Nordeste,-9.42,-40.5
2025,55,0.0,0.6,0.34,36.5,48.09,4.05,23.67,11.09,Juazeiro,BA,Nordeste,-9.42,-40.5
2025,56,0.0,0.6,0.33,37.03,49.78,4.51,23.12,10.89,Juazeiro,BA,Nordeste,-9.42,-40.5
2025,57,0.0,0.6,0.33,36.14,48.5,3.99,24.71,11.55,Juazeiro,BA,Nordeste,-9.42,-40.5
2025,58,0.07,0.6,0.32,36.67,48.77,4.12,22.86,10.8,Juazeiro,BA,Nordeste,-9.42,-40.5
2025,59,0.24,0.6,0.32,36.25,54.8,4.94,18.54,9.1,Juazeiro,BA,Nordeste,-9.42,-40.5
2025,60,0.04,0.6,0.32,35.62,47.22,4.98,22.93,10.74,Juazeiro,BA,Nordeste,-9.42,-40.5
2025,61,0.94,0.6,0.34,37.01,52.38,4.31,20.34,9.6,Juazeiro,BA,Nordeste,-9.42,-40.5
2025,62,0.02,0.6,0.34,36.55,53.16,5.19,19.54,9.35,Juazeiro,BA,Nordeste,-9.42,-40.5
2025,63,0.17,0.6,0.33,36.06,52.88,5.02,21.34,10.15,Juazeiro,BA,Nordeste,-9.42,-40.5
2025,64,0.03,0.6,0.32,35.13,53.94,4.82,21.24,10.16,Juazeiro,BA,Nordeste,-9.42,-40.5
2025,65,0.0,0.6,0.32,36.46,51.47,5.05,23.03,10.87,Juazeiro,BA,Nordeste,-9.42,-40.5
2025,66,0.0,0.6,0.31,36.48,49.33,4.45,18.96,9.06,Juazeiro,BA,Nordeste,-9.42,-40.5
2025,67,0.0,0.6,0.31,36.72,48.51,4.49,19.02,9.0,Juazeiro,BA,Nordeste,-9.42,-40.5
2025,68,0.0,0.6,0.3,37.25,42.49,4.07,25.86,11.75,Juazeiro,BA,Nordeste,-9.42,-40.5
2025,69,0.29,0.6,0.29,36.02,49.52,3.04,20.71,9.87,Juazeiro,BA,Nordeste,-9.42,-40.5
2025,70,0.02,0.6,0.29,37.39,46.26,4.19,19.68,9.42,Juazeiro,BA,Nordeste,-9.42,-40.5
2025,71,0.01,0.6,0.29,37.05,47.92,4.29,23.37,10.85,Juazeiro,BA,Nordeste,-9.42,-40.5
2025,72,0.0,0.6,0.28,37.09,45.98,4.31,27.05,12.39,Juazeiro,BA,Nordeste,-9.42,-40.5
2025,73,0.0,0.6,0.28,37.87,43.41,2.85,26.1,11.99,Juazeiro,BA,Nordeste,-9.42,-40.5
2025,74,0.0,0.6,0.27,38.06,45.17,2.77,18.79,9.05,Juazeiro,BA,Nordeste,-9.42,-40.5
2025,75,0.0,0.6,0.26,38.34,41.83,3.44,21.88,10.3,Juazeiro,BA,Nordeste,-9.42,-40.5
2025,76,0.03,0.6,0.26,37.7,44.29,3.46,22.69,10.64,Juazeiro,BA,Nordeste,-9.42,-40.5
2025,77,0.01,0.6,0.25,37.27,44.15,3.06,21.78,10.31,Juazeiro,BA,Nordeste,-9.42,-40.5
2025,78,0.06,0.6,0.25,38.01,38.54,2.04,23.03,10.87,Juazeiro,BA,Nordeste,-9.42,-40.5
2025,79,0.23,0.59,0.24,37.2,44.53,2.11,21.33,10.19,Juazeiro,BA,Nordeste,-9.42,-40.5
2025,80,0.04,0.59,0.25,37.96,42.45,3.08,23.42,10.91,Juazeiro,BA,Nordeste,-9.42,-40.5
2025,81,0.24,0.59,0.24,37.65,46.7,3.54,21.97,10.43,Juazeiro,BA,Nordeste,-9.42,-40.5
2025,82,1.0,0.6,0.26,36.97,50.38,3.14,21.23,10.16,Juazeiro,BA,Nordeste,-9.42,-40.5
2025,83,0.13,0.6,0.26,37.44,44.49,3.62,22.75,10.82,Juazeiro,BA,Nordeste,-9.42,-40.5
2025,84,0.15,0.6,0.25,37.29,45.79,2.9,23.35,11.11,Juazeiro,BA,Nordeste,-9.42,-40.5
2025,85,0.01,0.59,0.24,38.1,39.0,2.93,24.85,11.64,Juazeiro,BA,Nordeste,-9.42,-40.5
2025,86,0.03,0.59,0.24,37.97,40.89,3.0,24.71,11.59,Juazeiro,BA,Nordeste,-9.42,-40.5
2025,87,0.02,0.59,0.23,37.77,40.73,3.24,24.32,11.4,Juazeiro,BA,Nordeste,-9.42,-40.5
2025,88,0.01,0.59,0.23,37.21,41.54,3.12,22.86,10.9,Juazeiro,BA,Nordeste,-9.42,-40.5
2025,89,0.03,0.59,0.23,37.45,44.09,3.55,23.35,11.06,Juazeiro,BA,Nordeste,-9.42,-40.5
2025,90,0.01,0.59,0.22,37.26,45.58,4.23,24.99,11.67,Juazeiro,BA,Nordeste,-9.42,-40.5
2025,91,0.03,0.59,0.22,37.71,46.46,5.12,23.61,11.19,Juazeiro,BA,Nordeste,-9.42,-40.5
2025,92,0.0,0.59,0.22,37.02,48.1,4.22,20.97,10.06,Juazeiro,BA,Nordeste,-9.42,-40.5
2025,93,0.0,0.59,0.21,37.42,46.31,3.87,24.98,11.58,Juazeiro,BA,Nordeste,-9.42,-40.5
2025,94,0.0,0.59,0.21,37.33,44.77,3.63,25.63,11.94,Juazeiro,BA,Nordeste,-9.42,-40.5
2025,95,0.0,0.59,0.21,37.82,44.9,3.79,21.44,10.39,Juazeiro,BA,Nordeste,-9.42,-40.5
2025,96,0.0,0.59,0.21,36.91,42.92,4.65,24.34,11.56,Juazeiro,BA,Nordeste,-9.42,-40.5
2025,97,0.0,0.59,0.2,36.72,44.34,4.25,22.03,10.49,Juazeiro,BA,Nordeste,-9.42,-40.5
2025,98,0.0,0.59,0.2,36.94,46.65,4.13,21.14,10.17,Juazeiro,BA,Nordeste,-9.42,-40.5
2025,99,0.0,0.59,0.2,37.79,45.48,3.44,24.34,11.42,Juazeiro,BA,Nordeste,-9.42,-40.5
2025,100,0.01,0.59,0.2,37.27,46.3,2.12,24.43,11.51,Juazeiro,BA,Nordeste,-9.42,-40.5
2025,101,1.37,0.59,0.2,36.93,47.09,1.77,16.87,8.51,Juazeiro,BA,Nordeste,-9.42,-40.5
2025,102,11.06,0.61,0.52,31.47,73.09,1.97,16.41,8.26,Juazeiro,BA,Nordeste,-9.42,-40.5
2025,103,0.06,0.61,0.53,34.2,65.99,2.72,20.84,10.12,Juazeiro,BA,Nordeste,-9.42,-40.5
2025,104,0.0,0.61,0.49,35.91,58.25,2.99,23.87,11.24,Juazeiro,BA,Nordeste,-9.42,-40.5
2025,105,0.0,0.61,0.45,36.45,56.12,2.72,23.29,11.03,Juazeiro,BA,Nordeste,-9.42,-40.5
2025,106,0.22,0.6,0.41,36.63,53.58,3.3,21.97,10.45,Juazeiro,BA,Nordeste,-9.42,-40.5
2025,107,0.07,0.6,0.38,36.67,51.99,3.36,24.7,11.47,Juazeiro,BA,Nordeste,-9.42,-40.5
2025,108,0.0,0.6,0.35,36.94,51.39,3.3,25.32,11.7,Juazeiro,BA,Nordeste,-9.42,-40.5
2025,109,0.0,0.6,0.33,36.51,50.06,3.14,24.6,11.42,Juazeiro,BA,Nordeste,-9.42,-40.5
2025,110,0.0,0.6,0.32,37.06,45.41,2.29,24.74,11.37,Juazeiro,BA,Nordeste,-9.42,-40.5
2025,111,0.01,0.6,0.3,37.66,44.86,2.77,22.41,10.48,Juazeiro,BA,Nordeste,-9.42,-40.5
2025,112,0.84,0.6,0.31,36.59,48.83,3.85,19.83,9.53,Juazeiro,BA,Nordeste,-9.42,-40.5
2025,113,0.05,0.6,0.3,36.85,50.09,3.81,19.59,9.36,Juazeiro,BA,Nordeste,-9.42,-40.5
2025,114,0.01,0.6,0.29,35.82,45.95,3.5,21.43,10.09,Juazeiro,BA,Nordeste,-9.42,-40.5
2025,115,0.04,0.6,0.28,36.08,48.89,2.93,22.69,10.67,Juazeiro,BA,Nordeste,-9.42,-40.5
2025,116,0.0,0.6,0.27,37.66,45.38,2.93,23.98,11.09,Juazeiro,BA,Nordeste,-9.42,-40.5
2025,117,0.01,0.6,0.27,37.57,42.7,2.87,23.08,10.72,Juazeiro,BA,Nordeste,-9.42,-40.5
2025,118,0.0,0.6,0.26,37.71,43.97,2.71,22.99,10.65,Juazeiro,BA,Nordeste,-9.42,-40.5
2025,119,0.41,0.6,0.25,37.13,42.63,1.81,20.7,9.73,Juazeiro,BA,Nordeste,-9.42,-40.5
2025,120,3.11,0.6,0.27,37.27,48.09,2.89,21.25,9.95,Juazeiro,BA,Nordeste,-9.42,-40.5
2025,121,0.88,0.6,0.36,36.31,48.8,3.73,17.76,8.65,Juazeiro,BA,Nordeste,-9.42,-40.5
2025,122,0.11,0.6,0.35,35.3,60.26,4.57,19.9,9.5,Juazeiro,BA,Nordeste,-9.42,-40.5
2025,123,0.06,0.6,0.33,34.63,61.85,5.08,13.8,7.1,Juazeiro,BA,Nordeste,-9.42,-40.5
2025,124,0.14,0.6,0.32,32.97,63.23,4.4,15.41,7.65,Juazeiro,BA,Nordeste,-9.42,-40.5
2025,125,0.04,0.6,0.31,34.86,60.66,4.41,17.42,8.56,Juazeiro,BA,Nordeste,-9.42,-40.5
2025,126,0.23,0.6,0.3,34.78,62.68,4.36,17.71,8.6,Juazeiro,BA,Nordeste,-9.42,-40.5
2025,127,0.31,0.6,0.3,34.77,60.19,4.32,17.38,8.45,Juazeiro,BA,Nordeste,-9.42,-40.5
2025,128,0.08,0.6,0.3,35.32,59.38,4.23,22.1,10.38,Juazeiro,BA,Nordeste,-9.42,-40.5
2025,129,0.01,0.6,0.29,34.81,55.26,4.45,22.0,10.26,Juazeiro,BA,Nordeste,-9.42,-40.5
2025,130,0.0,0.6,0.28,35.21,57.53,4.4,19.46,9.19,Juazeiro,BA,Nordeste,-9.42,-40.5
2025,131,0.06,0.6,0.28,34.67,59.9,4.2,17.96,8.64,Juazeiro,BA,Nordeste,-9.42,-40.5
2025,132,0.23,0.6,0.27,33.01,65.14,5.14,15.13,7.43,Juazeiro,BA,Nordeste,-9.42,-40.5
2025,133,0.12,0.6,0.27,33.65,66.93,5.28,11.96,5.94,Juazeiro,BA,Nordeste,-9.42,-40.5
2025,134,0.03,0.6,0.27,33.02,62.52,5.0,16.23,7.77,Juazeiro,BA,Nordeste,-9.42,-40.5
2025,135,0.01,0.6,0.26,33.71,60.56,4.71,17.11,8.13,Juazeiro,BA,Nordeste,-9.42,-40.5
2025,136,0.04,0.6,0.26,33.35,63.02,5.01,16.16,7.75,Juazeiro,BA,Nordeste,-9.42,-40.5
2025,137,0.37,0.6,0.26,33.21,69.15,5.35,15.05,7.33,Juazeiro,BA,Nordeste,-9.42,-40.5
2025,138,0.16,0.6,0.26,32.8,62.9,5.61,11.89,5.91,Juazeiro,BA,Nordeste,-9.42,-40.5
2025,139,0.21,0.6,0.26,32.74,61.11,5.35,15.89,7.54,Juazeiro,BA,Nordeste,-9.42,-40.5
2025,140,0.23,0.6,0.26,32.97,62.18,4.55,12.97,6.3,Juazeiro,BA,Nordeste,-9.42,-40.5
2025,141,0.22,0.6,0.26,30.95,66.49,4.67,12.7,6.27,Juazeiro,BA,Nordeste,-9.42,-40.5
2025,142,0.03,0.6,0.26,33.55,62.22,4.22,14.48,7.05,Juazeiro,BA,Nordeste,-9.42,-40.5
2025,143,0.0,0.6,0.25,34.59,55.36,3.91,21.11,9.77,Juazeiro,BA,Nordeste,-9.42,-40.5
2025,144,0.09,0.6,0.25,34.46,63.12,4.24,15.86,7.6,Juazeiro,BA,Nordeste,-9.42,-40.5
2025,145,0.05,0.6,0.25,32.96,63.19,5.05,13.76,6.71,Juazeiro,BA,Nordeste,-9.42,-40.5
2025,146,0.04,0.59,0.25,33.15,58.73,4.65,21.41,9.88,Juazeiro,BA,Nordeste,-9.42,-40.5
2025,147,0.0,0.59,0.24,32.11,61.29,4.57,20.18,9.35,Juazeiro,BA,Nordeste,-9.42,-40.5
2025,148,0.02,0.59,0.24,32.79,58.29,3.77,21.93,10.05,Juazeiro,BA,Nordeste,-9.42,-40.5
2025,149,0.0,0.59,0.24,34.06,58.66,3.06,17.33,8.27,Juazeiro,BA,Nordeste,-9.42,-40.5
2025,150,0.01,0.59,0.23,34.99,58.12,3.13,20.0,9.38,Juazeiro,BA,Nordeste,-9.42,-40.5
2025,151,0.01,0.59,0.23,34.37,56.39,4.34,15.54,7.6,Juazeiro,BA,Nordeste,-9.42,-40.5
2025,152,0.04,0.59,0.23,33.41,59.16,3.93,21.22,9.81,Juazeiro,BA,Nordeste,-9.42,-40.5
2025,153,2.52,0.6,0.26,33.07,66.4,4.65,16.26,7.92,Juazeiro,BA,Nordeste,-9.42,-40.5
2025,154,0.79,0.6,0.32,32.71,62.68,4.81,21.03,9.69,Juazeiro,BA,Nordeste,-9.42,-40.5
2025,155,0.33,0.6,0.32,31.99,66.12,4.26,16.71,8.02,Juazeiro,BA,Nordeste,-9.42,-40.5
2025,156,0.02,0.6,0.31,32.96,60.13,4.1,19.78,9.25,Juazeiro,BA,Nordeste,-9.42,-40.5
2025,157,0.07,0.6,0.3,33.34,59.69,4.02,19.43,9.09,Juazeiro,BA,Nordeste,-9.42,-40.5
2025,158,0.13,0.6,0.3,33.4,59.89,4.05,21.03,9.72,Juazeiro,BA,Nordeste,-9.42,-40.5
2025,159,0.0,0.6,0.29,33.51,58.2,3.95,17.06,8.08,Juazeiro,BA,Nordeste,-9.42,-40.5
2025,160,0.68,0.6,0.28,33.61,57.58,2.7,19.88,9.26,Juazeiro,BA,Nordeste,-9.42,-40.5
2025,161,61.35,0.66,0.7,30.81,69.25,2.71,20.59,9.55,Juazeiro,BA,Nordeste,-9.42,-40.5
2025,162,0.0,0.66,0.65,31.21,72.55,2.95,19.93,9.39,Juazeiro,BA,Nordeste,-9.42,-40.5
2025,163,0.0,0.65,0.63,31.61,68.64,3.73,19.63,9.2,Juazeiro,BA,Nordeste,-9.42,-40.5
2025,164,0.03,0.64,0.62,30.02,72.15,5.65,13.48,6.68,Juazeiro,BA,Nordeste,-9.42,-40.5
2025,165,0.0,0.64,0.62,29.81,69.06,6.25,12.02,6.06,Juazeiro,BA,Nordeste,-9.42,-40.5
2025,166,0.04,0.63,0.61,29.64,69.26,4.89,13.01,6.44,Juazeiro,BA,Nordeste,-9.42,-40.5
2025,167,0.16,0.63,0.61,30.87,72.25,4.75,13.26,6.47,Juazeiro,BA,Nordeste,-9.42,-40.5
2025,168,0.32,0.63,0.61,29.25,75.89,4.57,13.55,6.7,Juazeiro,BA,Nordeste,-9.42,-40.5
2025,169,1.22,0.63,0.61,29.26,69.59,5.03,17.96,8.48,Juazeiro,BA,Nordeste,-9.42,-40.5
2025,170,0.88,0.63,0.61,30.01,69.84,4.55,19.38,9.09,Juazeiro,BA,Nordeste,-9.42,-40.5
2025,171,0.03,0.62,0.6,30.65,71.58,4.28,13.45,6.61,Juazeiro,BA,Nordeste,-9.42,-40.5
2025,172,0.01,0.62,0.6,31.48,66.84,3.61,20.13,9.31,Juazeiro,BA,Nordeste,-9.42,-40.5
2025,173,0.01,0.62,0.59,31.64,63.5,3.57,20.82,9.54,Juazeiro,BA,Nordeste,-9.42,-40.5
2025,174,0.01,0.61,0.57,31.21,59.2,3.46,17.8,8.34,Juazeiro,BA,Nordeste,-9.42,-40.5
2025,175,0.0,0.61,0.55,32.43,66.89,2.7,18.37,8.68,Juazeiro,BA,Nordeste,-9.42,-40.5
2025,176,0.29,0.61,0.53,32.5,68.62,3.66,19.39,9.09,Juazeiro,BA,Nordeste,-9.42,-40.5
2025,177,0.42,0.61,0.51,31.44,69.64,5.07,14.46,7.11,Juazeiro,BA,Nordeste,-9.42,-40.5
2025,178,0.09,0.61,0.49,31.05,67.24,4.17,15.62,7.51,Juazeiro,BA,Nordeste,-9.42,-40.5
2025,179,0.15,0.61,0.47,31.04,68.69,4.86,14.13,6.93,Juazeiro,BA,Nordeste,-9.42,-40.5
2025,180,0.01,0.61,0.46,31.14,60.32,4.23,18.87,8.88,Juazeiro,BA,Nordeste,-9.42,-40.5
2025,181,0.74,0.61,0.45,29.12,69.56,3.92,10.88,5.5,Juazeiro,BA,Nordeste,-9.42,-40.5
2025,182,0.15,0.61,0.44,31.81,65.82,3.86,11.77,5.75,Juazeiro,BA,Nordeste,-9.42,-40.5
2025,183,0.14,0.6,0.43,30.87,64.96,4.82,18.85,8.89,Juazeiro,BA,Nordeste,-9.42,-40.5
2025,184,0.05,0.6,0.42,30.95,64.47,4.59,15.78,7.58,Juazeiro,BA,Nordeste,-9.42,-40.5
2025,185,0.05,0.6,0.41,30.67,66.44,4.25,15.17,7.22,Juazeiro,BA,Nordeste,-9.42,-40.5
2025,186,0.0,0.6,0.4,30.92,62.91,4.13,17.01,8.05,Juazeiro,BA,Nordeste,-9.42,-40.5
2025,187,0.02,0.6,0.4,29.94,65.45,4.38,16.07,7.69,Juazeiro,BA,Nordeste,-9.42,-40.5
2025,188,0.07,0.6,0.39,31.23,64.88,4.84,14.53,7.08,Juazeiro,BA,Nordeste,-9.42,-40.5
2025,189,0.04,0.6,0.39,30.7,63.85,4.56,12.52,6.27,Juazeiro,BA,Nordeste,-9.42,-40.5
2025,190,0.0,0.6,0.38,30.89,60.35,3.91,19.88,9.27,Juazeiro,BA,Nordeste,-9.42,-40.5
2025,191,0.0,0.6,0.37,30.36,60.16,4.7,20.46,9.5,Juazeiro,BA,Nordeste,-9.42,-40.5
2025,192,0.05,0.6,0.37,30.75,63.96,5.08,17.75,8.45,Juazeiro,BA,Nordeste,-9.42,-40.5
2025,193,0.07,0.6,0.36,29.78,62.47,5.2,18.27,8.6,Juazeiro,BA,Nordeste,-9.42,-40.5
2025,194,0.0,0.6,0.36,29.5,62.21,4.48,16.33,7.84,Juazeiro,BA,Nordeste,-9.42,-40.5
2025,195,0.03,0.6,0.35,30.9,61.13,4.34,19.8,9.22,Juazeiro,BA,Nordeste,-9.42,-40.5
2025,196,0.0,0.6,0.35,31.47,60.32,4.54,21.51,9.94,Juazeiro,BA,Nordeste,-9.42,-40.5
2025,197,0.0,0.6,0.34,31.21,58.64,4.68,22.11,10.09,Juazeiro,BA,Nordeste,-9.42,-40.5
2025,198,0.0,0.6,0.33,30.68,59.28,4.12,19.22,8.96,Juazeiro,BA,Nordeste,-9.42,-40.5
2025,199,0.0,0.6,0.33,32.47,56.97,3.67,21.8,10.0,Juazeiro,BA,Nordeste,-9.42,-40.5
2025,200,0.0,0.6,0.32,31.93,60.24,4.37,16.25,7.75,Juazeiro,BA,Nordeste,-9.42,-40.5
2025,201,0.0,0.6,0.32,32.34,56.1,4.11,22.12,10.19,Juazeiro,BA,Nordeste,-9.42,-40.5
2025,202,0.0,0.6,0.31,32.4,55.82,4.03,22.11,10.13,Juazeiro,BA,Nordeste,-9.42,-40.5
2025,203,0.0,0.6,0.3,32.15,55.92,4.16,21.58,9.91,Juazeiro,BA,Nordeste,-9.42,-40.5
2025,204,0.0,0.6,0.3,32.73,57.85,3.94,21.51,9.87,Juazeiro,BA,Nordeste,-9.42,-40.5
2025,205,0.0,0.6,0.29,32.69,60.32,4.51,19.39,9.13,Juazeiro,BA,Nordeste,-9.42,-40.5
2025,206,0.01,0.6,0.29,31.84,55.69,4.9,22.41,10.26,Juazeiro,BA,Nordeste,-9.42,-40.5
2025,207,0.02,0.6,0.29,31.43,56.35,4.73,20.16,9.39,Juazeiro,BA,Nordeste,-9.42,-40.5
2025,208,0.0,0.6,0.28,31.47,52.01,4.65,23.52,10.58,Juazeiro,BA,Nordeste,-9.42,-40.5
2025,209,0.0,0.6,0.28,32.0,55.39,3.96,21.96,10.16,Juazeiro,BA,Nordeste,-9.42,-40.5
2025,210,0.0,0.6,0.27,33.58,50.04,2.88,22.31,10.38,Juazeiro,BA,Nordeste,-9.42,-40.5
2025,211,0.0,0.6,0.27,34.94,46.0,3.55,22.95,10.48,Juazeiro,BA,Nordeste,-9.42,-40.5
2025,212,0.0,0.6,0.26,31.09,55.95,5.22,15.19,7.51,Juazeiro,BA,Nordeste,-9.42,-40.5
2025,213,0.15,0.6,0.26,29.41,67.11,5.64,16.06,7.81,Juazeiro,BA,Nordeste,-9.42,-40.5
2025,214,0.07,0.6,0.26,30.54,63.66,5.93,13.07,6.64,Juazeiro,BA,Nordeste,-9.42,-40.5
2025,215,0.0,0.6,0.26,31.32,59.24,5.36,16.1,7.85,Juazeiro,BA,Nordeste,-9.42,-40.5
2025,216,0.02,0.6,0.26,31.28,61.78,5.07,13.46,6.87,Juazeiro,BA,Nordeste,-9.42,-40.5
2025,217,0.01,0.6,0.26,32.45,58.25,4.69,23.18,10.58,Juazeiro,BA,Nordeste,-9.42,-40.5
2025,218,0.0,0.6,0.25,32.81,58.35,4.58,18.21,8.66,Juazeiro,BA,Nordeste,-9.42,-40.5
2025,219,0.0,0.6,0.25,32.91,54.82,4.8,21.47,10.0,Juazeiro,BA,Nordeste,-9.42,-40.5
2025,220,0.0,0.59,0.25,33.09,51.49,4.01,23.42,10.78,Juazeiro,BA,Nordeste,-9.42,-40.5
2025,221,0.0,0.59,0.24,34.25,48.58,2.21,22.48,10.38,Juazeiro,BA,Nordeste,-9.42,-40.5
2025,222,0.01,0.59,0.24,35.57,46.74,2.43,22.66,10.45,Juazeiro,BA,Nordeste,-9.42,-40.5
2025,223,0.01,0.59,0.23,35.12,47.17,3.35,20.37,9.58,Juazeiro,BA,Nordeste,-9.42,-40.5
2025,224,0.0,0.59,0.23,34.23,52.57,4.11,20.91,9.82,Juazeiro,BA,Nordeste,-9.42,-40.5
2025,225,0.01,0.59,0.23,33.98,54.4,5.03,21.2,9.93,Juazeiro,BA,Nordeste,-9.42,-40.5
2025,226,0.01,0.59,0.22,34.14,50.72,4.81,24.2,11.04,Juazeiro,BA,Nordeste,-9.42,-40.5
2025,227,0.01,0.59,0.22,33.38,53.04,5.07,22.34,10.28,Juazeiro,BA,Nordeste,-9.42,-40.5
2025,228,0.01,0.59,0.22,32.84,55.35,5.36,22.44,10.46,Juazeiro,BA,Nordeste,-9.42,-40.5
2025,229,0.06,0.59,0.22,32.33,54.48,5.25,22.94,10.58,Juazeiro,BA,Nordeste,-9.42,-40.5
2025,230,0.21,0.59,0.22,32.32,60.31,5.2,21.03,9.92,Juazeiro,BA,Nordeste,-9.42,-40.5
2025,231,0.0,0.59,0.22,30.96,56.01,6.07,19.07,9.04,Juazeiro,BA,Nordeste,-9.42,-40.5
2025,232,0.0,0.59,0.22,31.17,49.76,4.87,23.56,10.7,Juazeiro,BA,Nordeste,-9.42,-40.5
2025,233,0.01,0.59,0.21,32.47,54.58,4.78,24.19,11.1,Juazeiro,BA,Nordeste,-9.42,-40.5
2025,234,0.01,0.59,0.21,32.93,56.04,5.42,16.63,8.07,Juazeiro,BA,Nordeste,-9.42,-40.5
2025,235,0.0,0.59,0.21,32.39,53.13,5.57,24.09,10.98,Juazeiro,BA,Nordeste,-9.42,-40.5
2025,236,0.08,0.59,0.21,33.32,53.17,4.44,20.48,9.6,Juazeiro,BA,Nordeste,-9.42,-40.5
2025,237,0.02,0.59,0.21,33.85,54.35,5.33,24.81,11.38,Juazeiro,BA,Nordeste,-9.42,-40.5
2025,238,0.01,0.59,0.21,32.82,54.15,5.35,24.25,11.15,Juazeiro,BA,Nordeste,-9.42,-40.5
2025,239,0.05,0.59,0.2,32.89,55.92,4.87,20.94,9.87,Juazeiro,BA,Nordeste,-9.42,-40.5
2025,240,0.01,0.59,0.2,33.32,51.0,5.16,24.19,11.07,Juazeiro,BA,Nordeste,-9.42,-40.5
2025,241,0.09,0.59,0.2,33.03,53.99,4.98,24.32,11.13,Juazeiro,BA,Nordeste,-9.42,-40.5
2025,242,0.08,0.59,0.2,33.5,49.74,5.0,25.47,11.58,Juazeiro,BA,Nordeste,-9.42,-40.5
2025,243,0.01,0.59,0.2,33.89,52.66,5.04,24.47,11.22,Juazeiro,BA,Nordeste,-9.42,-40.5
2025,244,0.07,0.59,0.2,33.06,56.64,6.15,20.43,9.67,Juazeiro,BA,Nordeste,-9.42,-40.5
2025,245,0.15,0.59,0.2,32.32,57.63,6.8,18.3,8.74,Juazeiro,BA,Nordeste,-9.42,-40.5
2025,246,0.21,0.59,0.2,32.02,58.05,6.4,20.27,9.59,Juazeiro,BA,Nordeste,-9.42,-40.5
2025,247,0.58,0.59,0.21,32.31,61.12,6.07,17.96,8.61,Juazeiro,BA,Nordeste,-9.42,-40.5
2025,248,0.02,0.59,0.22,32.49,53.23,5.37,25.3,11.55,Juazeiro,BA,Nordeste,-9.42,-40.5
2025,249,0.08,0.59,0.21,33.63,57.09,5.12,19.6,9.33,Juazeiro,BA,Nordeste,-9.42,-40.5
2025,250,0.03,0.59,0.21,33.64,54.47,5.5,20.68,9.61,Juazeiro,BA,Nordeste,-9.42,-40.5
2025,251,0.03,0.59,0.21,32.45,54.94,5.64,24.54,11.18,Juazeiro,BA,Nordeste,-9.42,-40.5
2025,252,0.08,0.59,0.21,33.52,51.19,4.63,25.76,11.62,Juazeiro,BA,Nordeste,-9.42,-40.5
2025,253,0.1,0.59,0.21,36.01,48.65,4.04,23.52,10.84,Juazeiro,BA,Nordeste,-9.42,-40.5
2025,254,0.01,0.59,0.21,35.09,49.33,4.98,23.72,10.96,Juazeiro,BA,Nordeste,-9.42,-40.5
2025,255,0.33,0.59,0.21,34.77,48.18,4.8,25.81,11.69,Juazeiro,BA,Nordeste,-9.42,-40.5
2025,256,0.18,0.59,0.21,33.91,50.81,4.55,25.9,11.76,Juazeiro,BA,Nordeste,-9.42,-40.5
2025,257,0.02,0.59,0.21,34.23,47.13,5.25,24.12,10.97,Juazeiro,BA,Nordeste,-9.42,-40.5
2025,258,0.02,0.59,0.21,34.3,54.53,5.78,22.93,10.69,Juazeiro,BA,Nordeste,-9.42,-40.5
2025,259,0.06,0.59,0.21,34.13,53.26,5.48,25.95,11.86,Juazeiro,BA,Nordeste,-9.42,-40.5
2025,260,0.0,0.59,0.21,34.86,49.31,4.83,26.0,11.92,Juazeiro,BA,Nordeste,-9.42,-40.5
2025,261,0.0,0.59,0.2,35.3,47.69,4.72,23.28,10.73,Juazeiro,BA,Nordeste,-9.42,-40.5
2025,262,0.01,0.59,0.2,34.41,49.82,5.78,24.85,11.45,Juazeiro,BA,Nordeste,-9.42,-40.5
2025,263,0.01,0.59,0.2,34.76,47.45,4.73,21.09,9.85,Juazeiro,BA,Nordeste,-9.42,-40.5
2025,264,0.04,0.59,0.2,35.59,48.47,4.14,26.21,12.06,Juazeiro,BA,Nordeste,-9.42,-40.5
2025,265,0.03,0.59,0.19,35.68,48.64,3.92,23.3,10.92,Juazeiro,BA,Nordeste,-9.42,-40.5
2025,266,0.02,0.59,0.19,36.6,46.78,4.76,26.12,12.07,Juazeiro,BA,Nordeste,-9.42,-40.5
2025,267,0.0,0.59,0.19,35.71,50.03,6.34,21.43,10.06,Juazeiro,BA,Nordeste,-9.42,-40.5
2025,268,0.0,0.59,0.19,34.86,50.6,6.35,25.3,11.51,Juazeiro,BA,Nordeste,-9.42,-40.5
2025,269,0.0,0.59,0.19,34.35,52.0,6.06,25.29,11.58,Juazeiro,BA,Nordeste,-9.42,-40.5
2025,270,0.03,0.59,0.18,33.92,56.7,6.85,19.08,9.17,Juazeiro,BA,Nordeste,-9.42,-40.5
2025,271,0.01,0.59,0.18,34.01,56.24,6.39,18.65,8.98,Juazeiro,BA,Nordeste,-9.42,-40.5
2025,272,0.0,0.59,0.18,34.2,52.86,5.45,24.42,11.31,Juazeiro,BA,Nordeste,-9.42,-40.5
2025,273,0.01,0.59,0.18,34.93,49.44,5.44,25.55,11.69,Juazeiro,BA,Nordeste,-9.42,-40.5
2025,274,0.0,0.59,0.18,34.36,50.83,5.45,25.84,11.8,Juazeiro,BA,Nordeste,-9.42,-40.5
2025,275,0.0,0.59,0.18,34.62,51.49,5.58,22.95,10.73,Juazeiro,BA,Nordeste,-9.42,-40.5
2025,276,0.0,0.59,0.18,33.72,50.37,6.36,27.69,12.51,Juazeiro,BA,Nordeste,-9.42,-40.5
2025,277,0.0,0.59,0.18,34.39,54.51,6.04,23.54,10.92,Juazeiro,BA,Nordeste,-9.42,-40.5
2025,278,0.05,0.59,0.17,34.51,54.37,5.77,21.66,10.27,Juazeiro,BA,Nordeste,-9.42,-40.5
2025,279,0.01,0.59,0.17,35.14,52.13,5.37,27.03,12.42,Juazeiro,BA,Nordeste,-9.42,-40.5
2025,280,0.0,0.59,0.17,34.85,49.42,4.45,24.54,11.26,Juazeiro,BA,Nordeste,-9.42,-40.5
2025,281,0.0,0.59,0.17,36.14,46.52,4.72,27.43,12.48,Juazeiro,BA,Nordeste,-9.42,-40.5
2025,282,0.02,0.59,0.17,35.49,51.68,5.56,24.97,11.6,Juazeiro,BA,Nordeste,-9.42,-40.5
2025,283,0.0,0.59,0.17,35.46,46.18,5.31,28.02,12.71,Juazeiro,BA,Nordeste,-9.42,-40.5
2025,284,0.0,0.59,0.17,35.96,48.37,5.14,24.42,11.24,Juazeiro,BA,Nordeste,-9.42,-40.5
2025,285,0.0,0.59,0.17,36.67,48.34,5.3,25.44,11.72,Juazeiro,BA,Nordeste,-9.42,-40.5
2025,286,0.01,0.59,0.17,36.42,46.37,4.89,26.04,11.88,Juazeiro,BA,Nordeste,-9.42,-40.5
2025,287,0.0,0.59,0.16,36.0,45.23,4.96,27.14,12.26,Juazeiro,BA,Nordeste,-9.42,-40.5
2025,288,0.0,0.59,0.16,36.09,46.73,5.62,26.7,12.05,Juazeiro,BA,Nordeste,-9.42,-40.5
2025,289,0.0,0.59,0.16,35.47,47.52,5.47,28.2,12.67,Juazeiro,BA,Nordeste,-9.42,-40.5
2025,290,0.0,0.59,0.16,35.83,45.77,4.31,27.61,12.58,Juazeiro,BA,Nordeste,-9.42,-40.5
2025,291,0.0,0.59,0.16,36.58,44.48,3.17,24.67,11.43,Juazeiro,BA,Nordeste,-9.42,-40.5
2025,292,0.0,0.59,0.16,38.82,37.59,2.26,27.41,12.54,Juazeiro,BA,Nordeste,-9.42,-40.5
2025,293,0.54,0.59,0.16,37.98,38.85,3.31,20.3,9.65,Juazeiro,BA,Nordeste,-9.42,-40.5
2025,294,1.88,0.59,0.23,34.77,57.73,7.01,14.82,7.23,Juazeiro,BA,Nordeste,-9.42,-40.5
2025,295,0.21,0.59,0.24,33.45,60.25,6.94,17.73,8.63,Juazeiro,BA,Nordeste,-9.42,-40.5
2025,296,0.01,0.59,0.24,34.72,49.94,6.04,26.62,12.21,Juazeiro,BA,Nordeste,-9.42,-40.5
2025,297,0.2,0.59,0.24,34.61,55.63,6.23,22.85,10.72,Juazeiro,BA,Nordeste,-9.42,-40.5
2025,298,0.08,0.59,0.24,35.14,52.1,6.08,25.67,11.84,Juazeiro,BA,Nordeste,-9.42,-40.5
2025,299,0.14,0.59,0.24,34.66,54.47,6.32,27.1,12.37,Juazeiro,BA,Nordeste,-9.42,-40.5
2025,300,0.14,0.59,0.24,35.04,51.76,5.43,26.88,12.26,Juazeiro,BA,Nordeste,-9.42,-40.5
2025,301,0.03,0.59,0.23,35.9,50.57,5.59,23.8,11.04,Juazeiro,BA,Nordeste,-9.42,-40.5
2025,302,0.04,0.59,0.23,35.86,47.18,5.05,28.44,12.95,Juazeiro,BA,Nordeste,-9.42,-40.5
2025,303,0.06,0.59,0.23,37.36,44.69,3.67,28.03,12.79,Juazeiro,BA,Nordeste,-9.42,-40.5
2025,304,0.06,0.59,0.22,37.11,48.92,4.18,21.87,10.24,Juazeiro,BA,Nordeste,-9.42,-40.5
2025,305,0.19,0.59,0.22,36.87,49.06,4.78,26.21,12.18,Juazeiro,BA,Nordeste,-9.42,-40.5
2025,306,0.02,0.59,0.22,36.29,47.79,4.38,25.02,11.67,Juazeiro,BA,Nordeste,-9.42,-40.5
2025,307,0.05,0.59,0.21,36.75,47.04,3.1,26.47,12.3,Juazeiro,BA,Nordeste,-9.42,-40.5
2025,308,0.05,0.59,0.21,38.69,41.65,3.2,27.32,12.6,Juazeiro,BA,Nordeste,-9.42,-40.5
2025,309,0.05,0.59,0.21,39.28,43.32,3.54,27.8,12.85,Juazeiro,BA,Nordeste,-9.42,-40.5
2025,310,1.38,0.59,0.23,37.04,41.78,2.35,21.86,10.39,Juazeiro,BA,Nordeste,-9.42,-40.5
2025,311,0.21,0.6,0.25,37.6,39.01,1.45,23.23,10.94,Juazeiro,BA,Nordeste,-9.42,-40.5
2025,312,0.31,0.59,0.25,37.97,42.16,3.11,23.83,11.16,Juazeiro,BA,Nordeste,-9.42,-40.5
2025,313,0.41,0.6,0.25,36.42,40.82,2.74,26.7,12.37,Juazeiro,BA,Nordeste,-9.42,-40.5
2025,314,0.03,0.6,0.25,38.04,39.99,5.02,27.46,12.67,Juazeiro,BA,Nordeste,-9.42,-40.5
2025,315,0.04,0.59,0.24,36.64,45.87,5.53,26.12,12.01,Juazeiro,BA,Nordeste,-9.42,-40.5
2025,316,0.03,0.59,0.24,36.08,45.2,5.72,25.52,11.86,Juazeiro,BA,Nordeste,-9.42,-40.5
2025,317,0.06,0.59,0.23,35.43,41.59,5.22,29.08,13.07,Juazeiro,BA,Nordeste,-9.42,-40.5
2025,318,0.03,0.59,0.23,36.09,45.43,5.1,24.12,11.14,Juazeiro,BA,Nordeste,-9.42,-40.5
2025,319,0.02,0.59,0.22,36.31,44.12,5.01,29.27,13.3,Juazeiro,BA,Nordeste,-9.42,-40.5
2025,320,0.07,0.59,0.22,36.72,43.82,4.33,28.89,13.17,Juazeiro,BA,Nordeste,-9.42,-40.5
2025,321,0.03,0.59,0.22,37.71,43.83,3.53,28.42,13.03,Juazeiro,BA,Nordeste,-9.42,-40.5
2025,322,0.02,0.59,0.21,38.62,41.02,2.54,27.68,12.8,Juazeiro,BA,Nordeste,-9.42,-40.5
2025,323,1.08,0.59,0.22,37.17,45.62,2.55,21.13,10.1,Juazeiro,BA,Nordeste,-9.42,-40.5
2025,324,9.34,0.6,0.43,32.27,66.18,2.55,11.92,6.11,Juazeiro,BA,Nordeste,-9.42,-40.5
2025,325,2.5,0.61,0.58,30.03,71.09,2.24,13.99,7.0,Juazeiro,BA,Nordeste,-9.42,-40.5
2025,326,0.1,0.61,0.55,34.31,63.08,3.26,19.73,9.49,Juazeiro,BA,Nordeste,-9.42,-40.5
2025,327,0.01,0.61,0.5,35.55,57.2,3.61,23.75,11.18,Juazeiro,BA,Nordeste,-9.42,-40.5
2025,328,0.0,0.6,0.44,36.47,52.06,3.73,26.95,12.56,Juazeiro,BA,Nordeste,-9.42,-40.5
2025,329,0.15,0.6,0.39,37.06,46.01,3.13,26.12,12.2,Juazeiro,BA,Nordeste,-9.42,-40.5
2025,330,0.19,0.6,0.36,37.02,47.36,3.33,25.08,11.78,Juazeiro,BA,Nordeste,-9.42,-40.5
2025,331,0.04,0.6,0.34,35.92,48.54,3.93,24.67,11.66,Juazeiro,BA,Nordeste,-9.42,-40.5
2025,332,0.0,0.6,0.33,35.65,48.13,4.64,25.68,12.0,Juazeiro,BA,Nordeste,-9.42,-40.5
2025,333,0.0,0.6,0.31,35.55,51.05,3.83,22.49,10.73,Juazeiro,BA,Nordeste,-9.42,-40.5
2025,334,0.02,0.6,0.3,36.62,48.26,2.93,22.49,10.69,Juazeiro,BA,Nordeste,-9.42,-40.5
2025,335,1.6,0.6,0.3,37.58,44.43,3.08,22.98,10.88,Juazeiro,BA,Nordeste,-9.42,-40.5
2025,336,0.35,0.6,0.34,37.08,46.41,3.19,22.23,10.56,Juazeiro,BA,Nordeste,-9.42,-40.5
2025,337,0.01,0.6,0.32,35.5,48.64,2.97,21.58,10.37,Juazeiro,BA,Nordeste,-9.42,-40.5
2025,338,2.11,0.6,0.34,36.71,45.67,2.78,24.72,11.63,Juazeiro,BA,Nordeste,-9.42,-40.5
2025,339,6.96,0.61,0.46,32.41,58.14,2.37,17.8,8.67,Juazeiro,BA,Nordeste,-9.42,-40.5
2025,340,58.05,0.68,0.79,26.27,82.32,2.21,14.92,7.45,Juazeiro,BA,Nordeste,-9.42,-40.5
2025,341,0.0,0.68,0.68,30.68,69.55,2.8,17.05,8.34,Juazeiro,BA,Nordeste,-9.42,-40.5
2025,342,0.0,0.67,0.66,31.95,65.24,3.23,21.66,10.3,Juazeiro,BA,Nordeste,-9.42,-40.5
2025,343,0.03,0.66,0.64,33.36,62.46,2.88,25.11,11.75,Juazeiro,BA,Nordeste,-9.42,-40.5
2025,344,0.0,0.65,0.62,34.3,60.46,2.5,26.22,12.22,Juazeiro,BA,Nordeste,-9.42,-40.5
2025,345,0.04,0.64,0.62,34.48,57.88,2.25,24.83,11.66,Juazeiro,BA,Nordeste,-9.42,-40.5
2025,346,0.08,0.64,0.61,35.29,58.41,2.65,24.05,11.31,Juazeiro,BA,Nordeste,-9.42,-40.5
2025,347,0.13,0.63,0.6,35.08,58.41,2.56,23.33,10.95,Juazeiro,BA,Nordeste,-9.42,-40.5
2025,348,0.01,0.62,0.6,34.78,57.47,2.83,24.32,11.35,Juazeiro,BA,Nordeste,-9.42,-40.5
2025,349,0.08,0.62,0.58,35.46,57.45,2.94,25.12,11.7,Juazeiro,BA,Nordeste,-9.42,-40.5
2025,350,0.12,0.62,0.57,34.9,57.1,3.41,23.86,11.26,Juazeiro,BA,Nordeste,-9.42,-40.5
2025,351,0.17,0.61,0.55,34.92,58.09,2.76,23.62,11.15,Juazeiro,BA,Nordeste,-9.42,-40.5
2025,352,0.05,0.61,0.52,35.55,50.52,3.33,24.17,11.25,Juazeiro,BA,Nordeste,-9.42,-40.5
2025,353,0.07,0.61,0.49,34.52,53.28,3.52,22.65,10.63,Juazeiro,BA,Nordeste,-9.42,-40.5
2025,354,0.01,0.61,0.46,34.68,52.24,3.86,19.91,9.55,Juazeiro,BA,Nordeste,-9.42,-40.5
2025,355,0.02,0.6,0.44,35.64,48.05,3.69,25.5,11.87,Juazeiro,BA,Nordeste,-9.42,-40.5
2025,356,0.13,0.6,0.42,33.47,48.66,3.94,12.66,6.64,Juazeiro,BA,Nordeste,-9.42,-40.5
2025,357,0.22,0.6,0.41,32.38,54.37,3.47,14.83,7.54,Juazeiro,BA,Nordeste,-9.42,-40.5
2025,358,1.3,0.6,0.43,35.61,50.86,4.52,20.55,10.02,Juazeiro,BA,Nordeste,-9.42,-40.5
2025,359,0.6,0.6,0.43,35.44,49.69,3.28,25.22,11.85,Juazeiro,BA,Nordeste,-9.42,-40.5
2025,360,0.0,0.6,0.41,34.47,51.89,3.04,25.05,11.86,Juazeiro,BA,Nordeste,-9.42,-40.5
2025,361,0.0,0.6,0.39,37.15,48.4,2.3,27.6,12.86,Juazeiro,BA,Nordeste,-9.42,-40.5
2025,362,0.18,0.6,0.37,38.05,43.98,2.49,25.27,11.88,Juazeiro,BA,Nordeste,-9.42,-40.5
2025,363,0.67,0.6,0.37,37.57,47.22,2.53,21.78,10.52,Juazeiro,BA,Nordeste,-9.42,-40.5
2025,364,0.02,0.6,0.36,39.33,42.66,2.81,24.33,11.61,Juazeiro,BA,Nordeste,-9.42,-40.5
2025,365,0.17,0.6,0.34,37.45,45.52,2.73,23.51,-999.0,Juazeiro,BA,Nordeste,-9.42,-40.5
2026,1,0.1,0.6,0.33,37.74,44.32,2.07,21.0,-999.0,Juazeiro,BA,Nordeste,-9.42,-40.5
2026,2,0.4,0.6,0.33,34.5,49.97,2.03,21.24,-999.0,Juazeiro,BA,Nordeste,-9.42,-40.5
2026,3,0.98,0.6,0.35,32.93,58.19,2.55,17.29,-999.0,Juazeiro,BA,Nordeste,-9.42,-40.5
2026,4,0.39,0.6,0.36,34.7,56.02,2.23,25.27,-999.0,Juazeiro,BA,Nordeste,-9.42,-40.5
2026,5,0.05,0.6,0.35,36.79,49.01,1.59,24.58,-999.0,Juazeiro,BA,Nordeste,-9.42,-40.5
2026,6,0.18,0.6,0.34,36.0,44.92,3.17,25.18,-999.0,Juazeiro,BA,Nordeste,-9.42,-40.5
2026,7,0.04,0.6,0.33,36.73,42.95,4.45,28.58,-999.0,Juazeiro,BA,Nordeste,-9.42,-40.5
2026,8,0.01,0.6,0.32,37.18,46.26,4.43,25.28,-999.0,Juazeiro,BA,Nordeste,-9.42,-40.5
2026,9,0.01,0.6,0.31,36.9,46.0,4.39,23.6,-999.0,Juazeiro,BA,Nordeste,-9.42,-40.5
2026,10,0.04,0.6,0.3,37.0,45.29,4.73,23.96,-999.0,Juazeiro,BA,Nordeste,-9.42,-40.5
2026,11,0.77,0.6,0.31,34.96,49.28,3.67,23.32,-999.0,Juazeiro,BA,Nordeste,-9.42,-40.5
2026,12,0.04,0.6,0.32,36.9,47.04,4.31,24.31,-999.0,Juazeiro,BA,Nordeste,-9.42,-40.5
2026,13,0.02,0.6,0.31,36.95,45.15,4.98,28.34,-999.0,Juazeiro,BA,Nordeste,-9.42,-40.5
2026,14,0.05,0.6,0.3,36.46,47.19,5.47,24.05,-999.0,Juazeiro,BA,Nordeste,-9.42,-40.5
2026,15,0.01,0.6,0.29,36.48,47.36,4.51,26.37,-999.0,Juazeiro,BA,Nordeste,-9.42,-40.5
2026,16,0.01,0.6,0.29,36.48,47.36,4.36,23.47,-999.0,Juazeiro,BA,Nordeste,-9.42,-40.5
2026,17,0.02,0.6,0.28,36.75,47.02,3.81,24.55,-999.0,Juazeiro,BA,Nordeste,-9.42,-40.5
2026,18,0.09,0.6,0.27,36.62,47.1,2.66,18.27,-999.0,Juazeiro,BA,Nordeste,-9.42,-40.5
2026,19,1.47,0.6,0.28,35.17,49.07,1.87,7.73,-999.0,Juazeiro,BA,Nordeste,-9.42,-40.5
2026,20,5.35,0.6,0.41,32.31,64.77,2.04,18.49,-999.0,Juazeiro,BA,Nordeste,-9.42,-40.5
2026,21,2.96,0.61,0.53,29.55,73.01,2.31,18.56,-999.0,Juazeiro,BA,Nordeste,-9.42,-40.5
2026,22,0.02,0.61,0.5,35.88,53.82,3.66,22.88,-999.0,Juazeiro,BA,Nordeste,-9.42,-40.5
2026,23,0.0,0.6,0.45,35.84,49.65,3.7,28.05,-999.0,Juazeiro,BA,Nordeste,-9.42,-40.5
2026,24,0.01,0.6,0.4,35.79,48.76,3.74,26.77,-999.0,Juazeiro,BA,Nordeste,-9.42,-40.5
2026,25,0.01,0.6,0.37,36.51,48.33,4.38,27.21,-999.0,Juazeiro,BA,Nordeste,-9.42,-40.5
2026,26,0.1,0.6,0.35,36.0,50.31,4.42,24.49,-999.0,Juazeiro,BA,Nordeste,-9.42,-40.5
2026,27,0.01,0.6,0.33,36.81,47.62,4.2,23.35,-999.0,Juazeiro,BA,Nordeste,-9.42,-40.5
2026,28,0.04,0.6,0.32,30.73,55.65,3.07,9.98,-999.0,Juazeiro,BA,Nordeste,-9.42,-40.5
2026,29,0.0,0.6,0.31,36.93,49.0,3.57,17.08,-999.0,Juazeiro,BA,Nordeste,-9.42,-40.5
2026,30,0.07,0.6,0.3,36.71,49.9,2.84,22.59,-999.0,Juazeiro,BA,Nordeste,-9.42,-40.5
2026,31,0.35,0.6,0.3,31.87,60.33,1.88,24.29,-999.0,Juazeiro,BA,Nordeste,-9.42,-40.5
2026,32,0.39,0.6,0.3,38.16,46.77,2.15,23.37,-999.0,Juazeiro,BA,Nordeste,-9.42,-40.5
2026,33,0.32,0.6,0.29,37.53,45.21,2.78,25.65,-999.0,Juazeiro,BA,Nordeste,-9.42,-40.5
2026,34,4.82,0.6,0.4,37.03,46.26,1.76,22.89,-999.0,Juazeiro,BA,Nordeste,-9.42,-40.5
2026,35,0.07,0.6,0.4,37.22,48.52,1.57,23.12,-999.0,Juazeiro,BA,Nordeste,-9.42,-40.5
2026,36,0.03,0.6,0.36,38.09,44.07,1.83,21.48,-999.0,Juazeiro,BA,Nordeste,-9.42,-40.5
2026,37,0.04,0.6,0.34,37.26,44.07,3.08,25.67,-999.0,Juazeiro,BA,Nordeste,-9.42,-40.5
2026,38,2.09,0.6,0.33,35.45,54.0,2.77,19.65,-999.0,Juazeiro,BA,Nordeste,-9.42,-40.5
2026,39,11.0,0.61,0.54,29.77,69.94,2.29,22.08,-999.0,Juazeiro,BA,Nordeste,-9.42,-40.5
2026,40,0.01,0.62,0.58,34.52,60.37,2.2,22.85,-999.0,Juazeiro,BA,Nordeste,-9.42,-40.5
2026,41,0.04,0.61,0.54,33.82,57.2,3.1,25.51,-999.0,Juazeiro,BA,Nordeste,-9.42,-40.5
2026,42,0.02,0.61,0.5,35.97,52.32,3.87,27.13,-999.0,Juazeiro,BA,Nordeste,-9.42,-40.5
2026,43,0.06,0.61,0.45,35.64,51.95,4.3,23.27,-999.0,Juazeiro,BA,Nordeste,-9.42,-40.5
2026,44,0.06,0.6,0.41,35.83,53.37,2.92,16.66,-999.0,Juazeiro,BA,Nordeste,-9.42,-40.5
2026,45,0.03,0.6,0.38,32.67,55.35,3.1,18.83,-999.0,Juazeiro,BA,Nordeste,-9.42,-40.5
2026,46,0.07,0.6,0.37,34.2,56.5,3.53,12.55,-999.0,Juazeiro,BA,Nordeste,-9.42,-40.5
2026,47,0.12,0.6,0.35,36.58,46.19,4.07,24.31,-999.0,Juazeiro,BA,Nordeste,-9.42,-40.5
2026,48,0.04,0.6,0.33,36.63,42.35,3.57,26.05,-999.0,Juazeiro,BA,Nordeste,-9.42,-40.5
2026,49,0.03,0.6,0.32,33.78,54.87,2.95,14.38,-999.0,Juazeiro,BA,Nordeste,-9.42,-40.5
2026,50,1.44,0.6,0.32,33.54,60.27,1.54,15.06,-999.0,Juazeiro,BA,Nordeste,-9.42,-40.5
2026,51,0.88,0.6,0.35,34.54,60.43,2.28,6.84,-999.0,Juazeiro,BA,Nordeste,-9.42,-40.5
2026,52,3.76,0.6,0.42,28.57,73.9,2.4,11.06,-999.0,Juazeiro,BA,Nordeste,-9.42,-40.5
2026,53,0.23,0.61,0.45,33.49,66.39,2.77,21.67,-999.0,Juazeiro,BA,Nordeste,-9.42,-40.5
2026,54,3.96,0.61,0.48,34.09,63.88,1.9,21.09,-999.0,Juazeiro,BA,Nordeste,-9.42,-40.5
2026,55,1.07,0.61,0.51,33.29,66.44,1.72,22.42,-999.0,Juazeiro,BA,Nordeste,-9.42,-40.5
2026,56,30.47,0.63,0.67,30.38,76.51,1.41,12.37,-999.0,Juazeiro,BA,Nordeste,-9.42,-40.5
2026,57,18.52,0.68,0.75,27.5,86.02,1.5,11.48,-999.0,Juazeiro,BA,Nordeste,-9.42,-40.5
2026,58,2.16,0.68,0.68,29.98,80.35,2.14,16.78,-999.0,Juazeiro,BA,Nordeste,-9.42,-40.5
2026,59,14.58,0.68,0.72,29.99,78.96,2.56,3.87,-999.0,Juazeiro,BA,Nordeste,-9.42,-40.5
2026,60,4.14,0.68,0.69,31.41,76.5,2.72,20.56,-999.0,Juazeiro,BA,Nordeste,-9.42,-40.5
2026,61,9.06,0.68,0.71,28.7,81.16,1.77,16.24,-999.0,Juazeiro,BA,Nordeste,-9.42,-40.5
2026,62,26.76,0.7,0.78,29.57,78.84,1.11,20.18,-999.0,Juazeiro,BA,Nordeste,-9.42,-40.5
2026,63,48.38,0.74,0.84,29.37,81.85,1.54,9.78,-999.0,Juazeiro,BA,Nordeste,-9.42,-40.5
2026,64,2.34,0.77,0.79,28.79,80.79,2.74,20.91,-999.0,Juazeiro,BA,Nordeste,-9.42,-40.5
2026,65,2.04,0.74,0.76,29.54,81.14,2.82,18.48,-999.0,Juazeiro,BA,Nordeste,-9.42,-40.5
2026,66,0.18,0.73,0.74,30.4,74.15,3.09,26.88,-999.0,Juazeiro,BA,Nordeste,-9.42,-40.5
2026,67,0.01,0.71,0.72,30.95,71.18,2.31,25.99,-999.0,Juazeiro,BA,Nordeste,-9.42,-40.5
2026,68,0.86,0.7,0.71,30.73,75.76,2.09,22.99,-999.0,Juazeiro,BA,Nordeste,-9.42,-40.5
2026,69,3.75,0.7,0.71,31.82,75.23,2.19,23.39,-999.0,Juazeiro,BA,Nordeste,-9.42,-40.5
2026,70,0.02,0.69,0.69,32.34,71.1,2.81,-999.0,-999.0,Juazeiro,BA,Nordeste,-9.42,-40.5
2026,71,0.0,0.68,0.67,32.66,69.09,2.49,24.8,-999.0,Juazeiro,BA,Nordeste,-9.42,-40.5
2026,72,0.03,0.67,0.66,32.52,70.4,2.19,24.28,-999.0,Juazeiro,BA,Nordeste,-9.42,-40.5
2026,73,0.0,0.67,0.65,33.31,63.67,1.35,24.75,-999.0,Juazeiro,BA,Nordeste,-9.42,-40.5
2026,74,0.52,0.66,0.64,34.3,62.22,1.23,24.52,-999.0,Juazeiro,BA,Nordeste,-9.42,-40.5
2026,75,0.09,0.66,0.63,34.41,62.33,2.3,24.77,-999.0,Juazeiro,BA,Nordeste,-9.42,-40.5
2026,76,0.0,0.65,0.63,33.85,62.82,2.33,25.0,-999.0,Juazeiro,BA,Nordeste,-9.42,-40.5
2026,77,0.02,0.65,0.62,33.37,67.64,2.73,19.14,-999.0,Juazeiro,BA,Nordeste,-9.42,-40.5
2026,78,0.0,0.65,0.62,33.48,67.84,2.41,17.52,-999.0,Juazeiro,BA,Nordeste,-9.42,-40.5
2026,79,0.0,0.64,0.62,34.57,64.81,1.61,22.74,-999.0,Juazeiro,BA,Nordeste,-9.42,-40.5
2026,80,0.34,0.64,0.61,34.72,62.75,2.01,23.28,-999.0,Juazeiro,BA,Nordeste,-9.42,-40.5
2026,81,2.44,0.64,0.62,35.2,63.27,1.44,22.17,-999.0,Juazeiro,BA,Nordeste,-9.42,-40.5
2026,82,1.99,0.64,0.62,33.36,67.16,1.96,19.44,-999.0,Juazeiro,BA,Nordeste,-9.42,-40.5
2026,83,5.34,0.64,0.64,30.7,72.73,2.09,22.34,-999.0,Juazeiro,BA,Nordeste,-9.42,-40.5
2026,84,1.11,0.65,0.64,31.86,69.82,3.07,20.04,-999.0,Juazeiro,BA,Nordeste,-9.42,-40.5
2026,85,0.03,0.64,0.62,33.82,64.25,3.94,23.3,-999.0,Juazeiro,BA,Nordeste,-9.42,-40.5
2026,86,0.36,0.64,0.61,34.59,61.39,4.28,20.45,-999.0,Juazeiro,BA,Nordeste,-9.42,-40.5
2026,87,0.23,0.63,0.61,35.04,61.51,3.84,19.14,-999.0,Juazeiro,BA,Nordeste,-9.42,-40.5
2026,88,0.21,0.63,0.61,32.8,66.27,3.03,22.53,-999.0,Juazeiro,BA,Nordeste,-9.42,-40.5
2026,89,5.53,0.63,0.63,32.49,74.01,3.2,18.86,-999.0,Juazeiro,BA,Nordeste,-9.42,-40.5
2026,90,0.38,0.64,0.62,30.13,75.0,2.85,15.76,-999.0,Juazeiro,BA,Nordeste,-9.42,-40.5
2026,91,0.22,0.63,0.61,34.25,66.5,3.56,15.69,-999.0,Juazeiro,BA,Nordeste,-9.42,-40.5
