YEAR,DOY,PRECTOTCORR,GWETROOT,GWETTOP,T2M_MAX,RH2M,WS2M,ALLSKY_SFC_SW_DWN,ALLSKY_SFC_PAR_TOT,CIDADE,ESTADO,REGIAO,LATITUDE,LONGITUDE
2015,1,1.0,0.63,0.61,32.13,69.56,3.12,27.95,13.25,Dourados,MS,Centro-Oeste,-22.22,-54.82
2015,2,4.36,0.63,0.63,33.36,69.34,2.02,22.25,10.55,Dourados,MS,Centro-Oeste,-22.22,-54.82
2015,3,2.21,0.63,0.63,33.06,69.56,1.34,24.05,11.38,Dourados,MS,Centro-Oeste,-22.22,-54.82
2015,4,16.5,0.65,0.72,31.67,73.48,0.53,10.36,5.13,Dourados,MS,Centro-Oeste,-22.22,-54.82
2015,5,3.15,0.66,0.66,32.15,72.24,1.27,27.82,13.07,Dourados,MS,Centro-Oeste,-22.22,-54.82
2015,6,1.96,0.66,0.64,32.56,72.68,2.02,24.78,11.73,Dourados,MS,Centro-Oeste,-22.22,-54.82
2015,7,0.78,0.65,0.63,31.67,74.46,1.75,25.53,12.0,Dourados,MS,Centro-Oeste,-22.22,-54.82
2015,8,1.56,0.65,0.63,34.46,70.26,1.8,27.1,12.74,Dourados,MS,Centro-Oeste,-22.22,-54.82
2015,9,0.19,0.65,0.61,34.83,64.78,1.57,23.51,11.12,Dourados,MS,Centro-Oeste,-22.22,-54.82
2015,10,0.09,0.64,0.61,35.01,63.89,1.22,28.75,13.52,Dourados,MS,Centro-Oeste,-22.22,-54.82
2015,11,0.0,0.64,0.6,36.03,64.36,1.38,27.92,13.12,Dourados,MS,Centro-Oeste,-22.22,-54.82
2015,12,5.28,0.64,0.64,34.22,68.07,1.11,28.33,13.32,Dourados,MS,Centro-Oeste,-22.22,-54.82
2015,13,3.0,0.64,0.65,31.95,76.9,0.89,27.47,12.85,Dourados,MS,Centro-Oeste,-22.22,-54.82
2015,14,2.7,0.64,0.64,31.39,74.3,0.95,9.04,4.53,Dourados,MS,Centro-Oeste,-22.22,-54.82
2015,15,2.72,0.65,0.64,33.01,69.81,1.04,28.96,13.26,Dourados,MS,Centro-Oeste,-22.22,-54.82
2015,16,0.44,0.64,0.62,33.91,68.17,1.26,30.21,14.16,Dourados,MS,Centro-Oeste,-22.22,-54.82
2015,17,0.04,0.64,0.6,35.73,63.0,1.15,28.81,13.4,Dourados,MS,Centro-Oeste,-22.22,-54.82
2015,18,1.74,0.63,0.61,35.14,65.74,0.92,22.6,10.65,Dourados,MS,Centro-Oeste,-22.22,-54.82
2015,19,1.6,0.63,0.62,36.69,66.68,0.67,29.44,13.86,Dourados,MS,Centro-Oeste,-22.22,-54.82
2015,20,0.35,0.63,0.6,34.5,66.86,1.48,18.16,8.58,Dourados,MS,Centro-Oeste,-22.22,-54.82
2015,21,0.26,0.63,0.6,35.68,66.47,1.97,25.38,11.92,Dourados,MS,Centro-Oeste,-22.22,-54.82
2015,22,1.82,0.62,0.59,37.09,62.48,1.37,26.03,12.2,Dourados,MS,Centro-Oeste,-22.22,-54.82
2015,23,1.05,0.62,0.59,35.76,63.39,1.51,28.55,13.3,Dourados,MS,Centro-Oeste,-22.22,-54.82
2015,24,0.01,0.62,0.56,38.22,53.07,1.27,27.1,12.59,Dourados,MS,Centro-Oeste,-22.22,-54.82
2015,25,0.31,0.61,0.53,35.64,57.95,1.32,20.48,9.61,Dourados,MS,Centro-Oeste,-22.22,-54.82
2015,26,4.07,0.61,0.56,30.21,72.86,0.8,22.43,10.61,Dourados,MS,Centro-Oeste,-22.22,-54.82
2015,27,6.05,0.62,0.65,26.71,85.64,0.99,9.36,4.78,Dourados,MS,Centro-Oeste,-22.22,-54.82
2015,28,11.17,0.64,0.69,32.64,77.14,2.1,8.49,4.34,Dourados,MS,Centro-Oeste,-22.22,-54.82
2015,29,3.6,0.64,0.65,30.74,81.59,2.38,12.17,6.03,Dourados,MS,Centro-Oeste,-22.22,-54.82
2015,30,0.39,0.64,0.62,33.7,74.66,1.13,20.9,9.92,Dourados,MS,Centro-Oeste,-22.22,-54.82
2015,31,0.0,0.64,0.6,35.02,66.34,1.4,24.22,11.45,Dourados,MS,Centro-Oeste,-22.22,-54.82
2015,32,0.21,0.63,0.6,35.69,63.78,1.19,27.81,13.14,Dourados,MS,Centro-Oeste,-22.22,-54.82
2015,33,0.03,0.63,0.59,37.11,62.79,0.83,28.4,13.4,Dourados,MS,Centro-Oeste,-22.22,-54.82
2015,34,0.93,0.62,0.59,35.24,67.56,1.42,21.46,10.17,Dourados,MS,Centro-Oeste,-22.22,-54.82
2015,35,5.84,0.63,0.64,32.78,73.75,1.69,20.25,9.65,Dourados,MS,Centro-Oeste,-22.22,-54.82
2015,36,7.15,0.64,0.67,32.96,76.89,2.36,22.05,10.36,Dourados,MS,Centro-Oeste,-22.22,-54.82
2015,37,1.18,0.64,0.61,34.53,66.7,1.81,26.39,12.2,Dourados,MS,Centro-Oeste,-22.22,-54.82
2015,38,0.38,0.63,0.6,34.79,62.32,1.01,28.57,13.22,Dourados,MS,Centro-Oeste,-22.22,-54.82
2015,39,0.01,0.63,0.59,36.14,59.21,1.21,28.46,13.26,Dourados,MS,Centro-Oeste,-22.22,-54.82
2015,40,3.24,0.62,0.61,35.41,63.15,0.99,20.81,9.91,Dourados,MS,Centro-Oeste,-22.22,-54.82
2015,41,1.1,0.62,0.6,36.67,63.5,2.19,25.64,12.02,Dourados,MS,Centro-Oeste,-22.22,-54.82
2015,42,3.66,0.62,0.61,33.59,71.41,1.65,21.19,10.01,Dourados,MS,Centro-Oeste,-22.22,-54.82
2015,43,3.09,0.63,0.64,30.72,78.45,1.4,23.92,11.42,Dourados,MS,Centro-Oeste,-22.22,-54.82
2015,44,0.28,0.63,0.6,34.05,68.41,1.06,17.26,8.37,Dourados,MS,Centro-Oeste,-22.22,-54.82
2015,45,0.4,0.62,0.59,33.75,67.41,1.27,13.01,6.47,Dourados,MS,Centro-Oeste,-22.22,-54.82
2015,46,1.63,0.62,0.59,34.4,67.04,1.8,17.94,8.54,Dourados,MS,Centro-Oeste,-22.22,-54.82
2015,47,32.96,0.64,0.74,33.18,76.07,1.32,14.93,7.12,Dourados,MS,Centro-Oeste,-22.22,-54.82
2015,48,19.96,0.7,0.81,30.75,82.88,1.89,18.81,9.02,Dourados,MS,Centro-Oeste,-22.22,-54.82
2015,49,1.75,0.69,0.69,32.03,79.7,1.92,14.12,6.93,Dourados,MS,Centro-Oeste,-22.22,-54.82
2015,50,2.39,0.68,0.68,30.9,79.51,2.3,10.25,5.06,Dourados,MS,Centro-Oeste,-22.22,-54.82
2015,51,3.71,0.68,0.69,32.1,78.0,0.99,14.74,7.13,Dourados,MS,Centro-Oeste,-22.22,-54.82
2015,52,0.03,0.67,0.66,30.73,76.42,2.04,21.69,10.34,Dourados,MS,Centro-Oeste,-22.22,-54.82
2015,53,0.05,0.67,0.64,32.49,74.57,1.21,25.42,11.98,Dourados,MS,Centro-Oeste,-22.22,-54.82
2015,54,4.55,0.66,0.67,34.41,70.01,1.15,25.38,11.95,Dourados,MS,Centro-Oeste,-22.22,-54.82
2015,55,0.9,0.66,0.65,33.58,68.37,1.04,22.76,10.72,Dourados,MS,Centro-Oeste,-22.22,-54.82
2015,56,0.88,0.66,0.63,33.45,72.1,1.76,26.36,12.38,Dourados,MS,Centro-Oeste,-22.22,-54.82
2015,57,2.96,0.65,0.65,31.07,77.11,1.26,23.63,11.16,Dourados,MS,Centro-Oeste,-22.22,-54.82
2015,58,3.43,0.66,0.66,30.86,76.14,0.97,14.97,7.2,Dourados,MS,Centro-Oeste,-22.22,-54.82
2015,59,0.26,0.66,0.64,32.29,72.47,0.59,22.64,10.7,Dourados,MS,Centro-Oeste,-22.22,-54.82
2015,60,0.0,0.65,0.62,32.9,69.95,1.83,25.76,12.14,Dourados,MS,Centro-Oeste,-22.22,-54.82
2015,61,0.03,0.65,0.61,34.05,68.15,2.35,24.45,11.54,Dourados,MS,Centro-Oeste,-22.22,-54.82
2015,62,0.1,0.64,0.62,30.39,79.83,1.92,18.84,9.02,Dourados,MS,Centro-Oeste,-22.22,-54.82
2015,63,2.03,0.64,0.62,32.61,71.94,1.63,17.87,8.6,Dourados,MS,Centro-Oeste,-22.22,-54.82
2015,64,0.51,0.64,0.61,35.89,65.62,1.12,22.16,10.51,Dourados,MS,Centro-Oeste,-22.22,-54.82
2015,65,7.59,0.64,0.65,34.65,69.21,0.74,17.76,8.53,Dourados,MS,Centro-Oeste,-22.22,-54.82
2015,66,2.53,0.65,0.66,33.77,73.11,0.95,19.26,9.19,Dourados,MS,Centro-Oeste,-22.22,-54.82
2015,67,3.67,0.65,0.64,33.03,73.87,1.69,15.03,7.28,Dourados,MS,Centro-Oeste,-22.22,-54.82
2015,68,0.96,0.65,0.62,33.79,71.01,1.47,20.7,9.71,Dourados,MS,Centro-Oeste,-22.22,-54.82
2015,69,6.43,0.65,0.65,33.67,70.71,1.09,23.33,10.93,Dourados,MS,Centro-Oeste,-22.22,-54.82
2015,70,0.68,0.65,0.62,34.69,65.98,1.52,23.95,11.14,Dourados,MS,Centro-Oeste,-22.22,-54.82
2015,71,0.35,0.64,0.6,34.89,61.51,1.06,22.33,10.43,Dourados,MS,Centro-Oeste,-22.22,-54.82
2015,72,0.22,0.64,0.6,34.56,63.22,1.51,22.21,10.36,Dourados,MS,Centro-Oeste,-22.22,-54.82
2015,73,0.03,0.63,0.59,35.06,64.25,1.3,23.5,11.03,Dourados,MS,Centro-Oeste,-22.22,-54.82
2015,74,2.06,0.63,0.61,34.71,66.54,0.87,23.42,11.0,Dourados,MS,Centro-Oeste,-22.22,-54.82
2015,75,0.11,0.63,0.59,36.23,60.85,1.14,24.2,11.32,Dourados,MS,Centro-Oeste,-22.22,-54.82
2015,76,3.82,0.62,0.61,34.75,68.62,1.33,23.1,10.88,Dourados,MS,Centro-Oeste,-22.22,-54.82
2015,77,2.4,0.63,0.62,34.93,67.92,1.75,24.38,11.36,Dourados,MS,Centro-Oeste,-22.22,-54.82
2015,78,0.01,0.63,0.59,34.06,67.22,2.04,22.03,10.33,Dourados,MS,Centro-Oeste,-22.22,-54.82
2015,79,0.02,0.62,0.58,32.2,68.59,1.95,17.98,8.52,Dourados,MS,Centro-Oeste,-22.22,-54.82
2015,80,0.01,0.62,0.57,33.25,66.41,1.6,19.27,9.02,Dourados,MS,Centro-Oeste,-22.22,-54.82
2015,81,0.0,0.62,0.55,35.26,56.07,2.16,24.93,11.49,Dourados,MS,Centro-Oeste,-22.22,-54.82
2015,82,0.0,0.61,0.52,35.67,49.2,1.11,24.97,11.43,Dourados,MS,Centro-Oeste,-22.22,-54.82
2015,83,0.0,0.61,0.5,36.33,56.76,1.8,24.74,11.41,Dourados,MS,Centro-Oeste,-22.22,-54.82
2015,84,0.02,0.61,0.48,36.56,55.27,1.64,22.29,10.28,Dourados,MS,Centro-Oeste,-22.22,-54.82
2015,85,35.86,0.63,0.7,29.7,79.27,1.1,13.76,6.61,Dourados,MS,Centro-Oeste,-22.22,-54.82
2015,86,3.8,0.68,0.71,30.67,79.34,0.91,14.53,6.98,Dourados,MS,Centro-Oeste,-22.22,-54.82
2015,87,0.84,0.67,0.65,31.71,77.12,1.22,14.61,6.97,Dourados,MS,Centro-Oeste,-22.22,-54.82
2015,88,0.85,0.66,0.64,31.93,76.63,1.35,12.5,6.05,Dourados,MS,Centro-Oeste,-22.22,-54.82
2015,89,0.34,0.65,0.63,32.7,71.17,1.41,17.85,8.25,Dourados,MS,Centro-Oeste,-22.22,-54.82
2015,90,8.4,0.65,0.65,32.57,73.37,1.19,15.13,7.04,Dourados,MS,Centro-Oeste,-22.22,-54.82
2015,91,2.12,0.66,0.68,31.5,72.82,1.42,20.17,9.22,Dourados,MS,Centro-Oeste,-22.22,-54.82
2015,92,0.01,0.65,0.63,33.25,70.8,0.92,19.47,8.97,Dourados,MS,Centro-Oeste,-22.22,-54.82
2015,93,0.97,0.65,0.63,33.19,72.61,1.17,16.46,7.73,Dourados,MS,Centro-Oeste,-22.22,-54.82
2015,94,16.76,0.66,0.73,32.3,77.58,1.58,19.2,9.03,Dourados,MS,Centro-Oeste,-22.22,-54.82
2015,95,8.68,0.68,0.73,30.56,84.34,2.59,11.25,5.5,Dourados,MS,Centro-Oeste,-22.22,-54.82
2015,96,0.34,0.68,0.66,28.27,75.84,2.3,12.49,5.87,Dourados,MS,Centro-Oeste,-22.22,-54.82
2015,97,0.05,0.67,0.65,29.33,74.16,1.75,17.79,8.21,Dourados,MS,Centro-Oeste,-22.22,-54.82
2015,98,0.44,0.66,0.64,30.39,71.43,1.75,21.87,10.1,Dourados,MS,Centro-Oeste,-22.22,-54.82
2015,99,0.26,0.66,0.63,32.33,70.34,1.32,21.13,9.73,Dourados,MS,Centro-Oeste,-22.22,-54.82
2015,100,0.1,0.65,0.63,31.93,72.91,0.87,19.79,9.15,Dourados,MS,Centro-Oeste,-22.22,-54.82
2015,101,0.18,0.65,0.62,32.28,71.26,0.92,19.87,9.24,Dourados,MS,Centro-Oeste,-22.22,-54.82
2015,102,0.16,0.64,0.62,32.29,66.14,0.55,20.12,9.41,Dourados,MS,Centro-Oeste,-22.22,-54.82
2015,103,0.24,0.64,0.61,32.73,65.59,0.88,12.18,5.86,Dourados,MS,Centro-Oeste,-22.22,-54.82
2015,104,0.39,0.64,0.61,33.06,69.32,0.96,17.31,8.16,Dourados,MS,Centro-Oeste,-22.22,-54.82
2015,105,2.31,0.64,0.62,32.76,75.03,1.46,11.04,5.33,Dourados,MS,Centro-Oeste,-22.22,-54.82
2015,106,2.35,0.64,0.63,32.55,73.33,0.74,17.9,8.4,Dourados,MS,Centro-Oeste,-22.22,-54.82
2015,107,9.91,0.65,0.69,30.8,73.86,0.77,17.54,8.31,Dourados,MS,Centro-Oeste,-22.22,-54.82
2015,108,12.54,0.67,0.74,28.99,83.07,0.68,6.08,3.1,Dourados,MS,Centro-Oeste,-22.22,-54.82
2015,109,0.5,0.67,0.66,31.93,77.36,1.47,17.09,8.1,Dourados,MS,Centro-Oeste,-22.22,-54.82
2015,110,0.84,0.66,0.65,32.04,77.12,1.76,17.97,8.56,Dourados,MS,Centro-Oeste,-22.22,-54.82
2015,111,3.34,0.66,0.67,31.24,81.53,1.35,11.69,5.64,Dourados,MS,Centro-Oeste,-22.22,-54.82
2015,112,1.31,0.66,0.66,30.23,81.7,1.45,15.13,7.23,Dourados,MS,Centro-Oeste,-22.22,-54.82
2015,113,0.0,0.66,0.64,31.87,73.42,1.55,16.62,7.68,Dourados,MS,Centro-Oeste,-22.22,-54.82
2015,114,0.02,0.65,0.62,33.0,72.38,1.61,18.93,8.83,Dourados,MS,Centro-Oeste,-22.22,-54.82
2015,115,0.0,0.65,0.62,32.82,64.65,1.73,19.9,9.09,Dourados,MS,Centro-Oeste,-22.22,-54.82
2015,116,0.0,0.64,0.61,32.33,65.93,1.86,20.13,9.2,Dourados,MS,Centro-Oeste,-22.22,-54.82
2015,117,0.0,0.64,0.61,29.72,67.98,1.36,19.34,8.79,Dourados,MS,Centro-Oeste,-22.22,-54.82
2015,118,0.0,0.63,0.61,32.38,67.03,1.36,15.36,7.08,Dourados,MS,Centro-Oeste,-22.22,-54.82
2015,119,0.0,0.63,0.6,31.65,66.15,1.36,19.24,8.79,Dourados,MS,Centro-Oeste,-22.22,-54.82
2015,120,0.0,0.63,0.6,32.11,66.06,1.53,19.48,8.94,Dourados,MS,Centro-Oeste,-22.22,-54.82
2015,121,0.0,0.63,0.59,32.26,63.22,1.35,19.34,8.85,Dourados,MS,Centro-Oeste,-22.22,-54.82
2015,122,0.0,0.62,0.59,33.16,61.24,1.92,18.88,8.64,Dourados,MS,Centro-Oeste,-22.22,-54.82
2015,123,24.23,0.63,0.71,30.93,75.98,2.82,9.38,4.56,Dourados,MS,Centro-Oeste,-22.22,-54.82
2015,124,44.63,0.69,0.78,26.28,81.25,2.57,10.84,5.01,Dourados,MS,Centro-Oeste,-22.22,-54.82
2015,125,0.0,0.68,0.67,26.52,74.12,1.07,18.85,8.46,Dourados,MS,Centro-Oeste,-22.22,-54.82
2015,126,0.15,0.68,0.66,27.82,76.54,1.27,13.75,6.3,Dourados,MS,Centro-Oeste,-22.22,-54.82
2015,127,0.01,0.67,0.65,28.23,73.73,1.26,16.56,7.35,Dourados,MS,Centro-Oeste,-22.22,-54.82
2015,128,0.13,0.66,0.64,27.83,73.02,1.83,10.71,5.07,Dourados,MS,Centro-Oeste,-22.22,-54.82
2015,129,1.82,0.66,0.66,24.33,80.5,1.54,12.59,5.84,Dourados,MS,Centro-Oeste,-22.22,-54.82
2015,130,15.27,0.67,0.71,28.82,83.59,2.1,1.33,0.73,Dourados,MS,Centro-Oeste,-22.22,-54.82
2015,131,1.75,0.69,0.71,25.02,80.38,2.28,10.4,4.7,Dourados,MS,Centro-Oeste,-22.22,-54.82
2015,132,0.06,0.68,0.67,24.21,72.65,0.79,18.49,8.17,Dourados,MS,Centro-Oeste,-22.22,-54.82
2015,133,0.06,0.67,0.66,26.46,71.66,1.27,16.09,7.22,Dourados,MS,Centro-Oeste,-22.22,-54.82
2015,134,0.11,0.67,0.66,24.12,81.19,1.17,13.18,6.08,Dourados,MS,Centro-Oeste,-22.22,-54.82
2015,135,0.1,0.67,0.65,29.05,78.83,1.5,16.22,7.47,Dourados,MS,Centro-Oeste,-22.22,-54.82
2015,136,8.63,0.67,0.7,28.8,82.11,1.39,7.03,3.45,Dourados,MS,Centro-Oeste,-22.22,-54.82
2015,137,8.08,0.68,0.73,26.77,87.24,1.47,10.29,4.89,Dourados,MS,Centro-Oeste,-22.22,-54.82
2015,138,0.41,0.69,0.68,27.7,80.73,1.16,7.33,3.58,Dourados,MS,Centro-Oeste,-22.22,-54.82
2015,139,0.08,0.68,0.67,27.32,80.08,1.18,12.89,5.97,Dourados,MS,Centro-Oeste,-22.22,-54.82
2015,140,0.1,0.68,0.66,27.22,78.25,1.19,14.46,6.64,Dourados,MS,Centro-Oeste,-22.22,-54.82
2015,141,0.02,0.67,0.65,28.61,78.59,1.75,13.96,6.47,Dourados,MS,Centro-Oeste,-22.22,-54.82
2015,142,0.0,0.67,0.65,30.12,76.83,2.13,15.83,7.32,Dourados,MS,Centro-Oeste,-22.22,-54.82
2015,143,0.0,0.66,0.64,31.14,75.06,2.12,15.71,7.37,Dourados,MS,Centro-Oeste,-22.22,-54.82
2015,144,2.88,0.66,0.66,29.18,80.54,1.82,12.52,5.88,Dourados,MS,Centro-Oeste,-22.22,-54.82
2015,145,2.25,0.66,0.66,30.82,82.32,1.66,12.53,5.87,Dourados,MS,Centro-Oeste,-22.22,-54.82
2015,146,5.27,0.67,0.68,31.35,78.57,1.19,14.87,6.95,Dourados,MS,Centro-Oeste,-22.22,-54.82
2015,147,3.44,0.67,0.68,25.86,85.39,1.73,5.75,2.86,Dourados,MS,Centro-Oeste,-22.22,-54.82
2015,148,0.45,0.67,0.66,24.35,81.03,1.79,10.22,4.69,Dourados,MS,Centro-Oeste,-22.22,-54.82
2015,149,0.09,0.67,0.65,24.05,74.77,0.71,14.01,6.27,Dourados,MS,Centro-Oeste,-22.22,-54.82
2015,150,3.76,0.67,0.66,25.79,81.66,1.25,3.7,1.9,Dourados,MS,Centro-Oeste,-22.22,-54.82
2015,151,12.4,0.69,0.76,25.41,86.82,1.15,5.23,2.52,Dourados,MS,Centro-Oeste,-22.22,-54.82
2015,152,5.79,0.69,0.72,25.5,85.18,1.09,6.43,3.02,Dourados,MS,Centro-Oeste,-22.22,-54.82
2015,153,7.43,0.7,0.74,23.29,91.64,1.38,5.94,2.86,Dourados,MS,Centro-Oeste,-22.22,-54.82
2015,154,0.11,0.7,0.7,27.17,85.62,1.44,8.16,3.83,Dourados,MS,Centro-Oeste,-22.22,-54.82
2015,155,0.04,0.69,0.68,29.18,80.01,1.38,14.71,6.83,Dourados,MS,Centro-Oeste,-22.22,-54.82
2015,156,0.01,0.69,0.67,27.99,78.16,1.53,16.01,7.26,Dourados,MS,Centro-Oeste,-22.22,-54.82
2015,157,0.01,0.68,0.67,28.84,77.37,1.71,15.8,7.13,Dourados,MS,Centro-Oeste,-22.22,-54.82
2015,158,0.01,0.68,0.66,29.95,75.72,1.48,15.7,7.14,Dourados,MS,Centro-Oeste,-22.22,-54.82
2015,159,0.0,0.67,0.65,30.27,73.99,1.53,15.96,7.28,Dourados,MS,Centro-Oeste,-22.22,-54.82
2015,160,0.02,0.67,0.65,29.74,71.87,1.59,14.62,6.68,Dourados,MS,Centro-Oeste,-22.22,-54.82
2015,161,0.0,0.66,0.64,30.83,74.05,1.41,13.83,6.32,Dourados,MS,Centro-Oeste,-22.22,-54.82
2015,162,0.57,0.66,0.64,30.23,76.95,1.68,14.4,6.65,Dourados,MS,Centro-Oeste,-22.22,-54.82
2015,163,1.6,0.66,0.65,29.13,83.91,1.47,7.54,3.62,Dourados,MS,Centro-Oeste,-22.22,-54.82
2015,164,0.09,0.66,0.64,30.52,76.64,1.66,14.04,6.55,Dourados,MS,Centro-Oeste,-22.22,-54.82
2015,165,5.4,0.66,0.64,30.18,75.1,2.67,7.23,3.38,Dourados,MS,Centro-Oeste,-22.22,-54.82
2015,166,2.85,0.67,0.69,21.86,67.86,2.69,8.22,3.79,Dourados,MS,Centro-Oeste,-22.22,-54.82
2015,167,0.05,0.66,0.65,23.58,70.79,1.39,9.45,4.17,Dourados,MS,Centro-Oeste,-22.22,-54.82
2015,168,0.01,0.66,0.64,30.7,78.44,1.79,15.14,6.94,Dourados,MS,Centro-Oeste,-22.22,-54.82
2015,169,0.25,0.66,0.64,21.68,82.83,2.26,5.38,2.62,Dourados,MS,Centro-Oeste,-22.22,-54.82
2015,170,0.0,0.66,0.64,22.96,73.92,2.13,14.81,6.46,Dourados,MS,Centro-Oeste,-22.22,-54.82
2015,171,0.09,0.66,0.63,27.15,76.32,2.08,15.19,6.93,Dourados,MS,Centro-Oeste,-22.22,-54.82
2015,172,0.16,0.65,0.63,29.84,75.13,1.46,15.15,6.96,Dourados,MS,Centro-Oeste,-22.22,-54.82
2015,173,0.0,0.65,0.62,29.74,71.88,1.59,15.21,6.93,Dourados,MS,Centro-Oeste,-22.22,-54.82
2015,174,0.02,0.65,0.62,29.12,66.64,0.99,14.45,6.55,Dourados,MS,Centro-Oeste,-22.22,-54.82
2015,175,0.0,0.65,0.62,27.42,68.7,1.65,14.05,6.36,Dourados,MS,Centro-Oeste,-22.22,-54.82
2015,176,0.0,0.64,0.62,27.89,68.17,2.51,15.54,7.04,Dourados,MS,Centro-Oeste,-22.22,-54.82
2015,177,0.0,0.64,0.61,28.68,69.16,2.5,10.79,4.98,Dourados,MS,Centro-Oeste,-22.22,-54.82
2015,178,0.0,0.64,0.61,28.32,68.21,1.93,14.53,6.64,Dourados,MS,Centro-Oeste,-22.22,-54.82
2015,179,0.0,0.64,0.61,28.2,66.0,1.89,14.7,6.73,Dourados,MS,Centro-Oeste,-22.22,-54.82
2015,180,0.0,0.63,0.61,28.77,69.35,1.8,13.4,6.12,Dourados,MS,Centro-Oeste,-22.22,-54.82
2015,181,11.79,0.64,0.67,28.27,77.3,2.4,3.93,1.97,Dourados,MS,Centro-Oeste,-22.22,-54.82
2015,182,2.94,0.66,0.69,26.55,81.38,0.73,6.87,3.24,Dourados,MS,Centro-Oeste,-22.22,-54.82
2015,183,5.15,0.66,0.68,26.21,86.41,1.59,1.56,0.84,Dourados,MS,Centro-Oeste,-22.22,-54.82
2015,184,3.76,0.67,0.67,29.05,80.36,2.87,4.16,2.11,Dourados,MS,Centro-Oeste,-22.22,-54.82
2015,185,4.88,0.67,0.7,15.47,77.04,2.33,7.49,3.53,Dourados,MS,Centro-Oeste,-22.22,-54.82
2015,186,0.12,0.67,0.66,23.66,67.74,1.33,12.61,5.69,Dourados,MS,Centro-Oeste,-22.22,-54.82
2015,187,0.45,0.67,0.66,21.38,88.66,1.66,5.13,2.53,Dourados,MS,Centro-Oeste,-22.22,-54.82
2015,188,7.94,0.67,0.71,21.51,93.81,1.58,3.15,1.61,Dourados,MS,Centro-Oeste,-22.22,-54.82
2015,189,0.34,0.68,0.68,21.98,80.26,1.97,7.84,3.62,Dourados,MS,Centro-Oeste,-22.22,-54.82
2015,190,0.06,0.67,0.66,24.96,81.39,1.14,12.31,5.52,Dourados,MS,Centro-Oeste,-22.22,-54.82
2015,191,4.31,0.67,0.68,28.88,79.76,2.18,12.57,5.86,Dourados,MS,Centro-Oeste,-22.22,-54.82
2015,192,8.94,0.68,0.73,29.19,81.08,2.07,5.81,2.82,Dourados,MS,Centro-Oeste,-22.22,-54.82
2015,193,1.26,0.69,0.68,29.15,75.41,2.81,11.05,5.13,Dourados,MS,Centro-Oeste,-22.22,-54.82
2015,194,0.0,0.68,0.66,30.85,64.75,4.08,12.88,5.96,Dourados,MS,Centro-Oeste,-22.22,-54.82
2015,195,4.82,0.67,0.69,27.48,80.24,2.86,6.49,3.17,Dourados,MS,Centro-Oeste,-22.22,-54.82
2015,196,11.96,0.69,0.76,19.42,90.55,1.82,3.07,1.57,Dourados,MS,Centro-Oeste,-22.22,-54.82
2015,197,0.53,0.7,0.71,23.37,88.7,1.14,7.83,3.74,Dourados,MS,Centro-Oeste,-22.22,-54.82
2015,198,0.13,0.69,0.69,26.74,83.3,1.38,9.17,4.32,Dourados,MS,Centro-Oeste,-22.22,-54.82
2015,199,0.0,0.69,0.68,29.98,75.47,1.77,16.28,7.5,Dourados,MS,Centro-Oeste,-22.22,-54.82
2015,200,0.0,0.68,0.67,29.76,71.1,1.96,16.74,7.66,Dourados,MS,Centro-Oeste,-22.22,-54.82
2015,201,2.11,0.68,0.67,30.19,72.57,2.33,12.74,5.86,Dourados,MS,Centro-Oeste,-22.22,-54.82
2015,202,1.17,0.68,0.68,22.53,75.39,2.56,14.14,6.27,Dourados,MS,Centro-Oeste,-22.22,-54.82
2015,203,0.02,0.68,0.66,24.43,74.18,1.11,16.77,7.3,Dourados,MS,Centro-Oeste,-22.22,-54.82
2015,204,0.04,0.67,0.65,28.29,73.94,1.44,12.11,5.62,Dourados,MS,Centro-Oeste,-22.22,-54.82
2015,205,0.57,0.67,0.66,24.24,82.4,1.83,7.87,3.7,Dourados,MS,Centro-Oeste,-22.22,-54.82
2015,206,0.18,0.67,0.65,24.61,75.17,1.4,15.21,6.69,Dourados,MS,Centro-Oeste,-22.22,-54.82
2015,207,0.01,0.66,0.64,27.55,72.77,1.07,17.72,7.76,Dourados,MS,Centro-Oeste,-22.22,-54.82
2015,208,0.0,0.66,0.64,29.98,70.4,1.3,17.63,7.99,Dourados,MS,Centro-Oeste,-22.22,-54.82
2015,209,0.06,0.66,0.63,31.48,66.97,1.7,14.73,6.76,Dourados,MS,Centro-Oeste,-22.22,-54.82
2015,210,0.13,0.65,0.63,32.0,66.44,1.73,16.75,7.74,Dourados,MS,Centro-Oeste,-22.22,-54.82
2015,211,0.0,0.65,0.62,32.16,61.89,2.11,17.32,7.95,Dourados,MS,Centro-Oeste,-22.22,-54.82
2015,212,0.0,0.65,0.61,32.64,59.5,2.37,17.71,8.03,Dourados,MS,Centro-Oeste,-22.22,-54.82
2015,213,0.0,0.64,0.61,32.09,60.72,1.73,16.64,7.54,Dourados,MS,Centro-Oeste,-22.22,-54.82
2015,214,0.0,0.64,0.61,32.74,59.62,2.04,18.06,8.15,Dourados,MS,Centro-Oeste,-22.22,-54.82
2015,215,0.0,0.64,0.61,33.22,55.43,1.79,18.0,8.13,Dourados,MS,Centro-Oeste,-22.22,-54.82
2015,216,0.0,0.63,0.6,32.88,53.23,1.56,18.13,8.18,Dourados,MS,Centro-Oeste,-22.22,-54.82
2015,217,0.0,0.63,0.6,33.13,55.8,1.79,17.95,8.16,Dourados,MS,Centro-Oeste,-22.22,-54.82
2015,218,0.0,0.63,0.6,33.87,50.82,2.68,18.33,8.35,Dourados,MS,Centro-Oeste,-22.22,-54.82
2015,219,0.0,0.62,0.59,34.13,48.69,2.92,18.56,8.35,Dourados,MS,Centro-Oeste,-22.22,-54.82
2015,220,0.0,0.62,0.58,35.31,49.45,2.57,18.41,8.36,Dourados,MS,Centro-Oeste,-22.22,-54.82
2015,221,0.0,0.62,0.57,34.98,43.79,2.79,18.93,8.54,Dourados,MS,Centro-Oeste,-22.22,-54.82
2015,222,0.0,0.62,0.56,35.27,49.87,2.3,18.63,8.49,Dourados,MS,Centro-Oeste,-22.22,-54.82
2015,223,0.0,0.61,0.54,34.26,51.24,2.31,17.38,7.93,Dourados,MS,Centro-Oeste,-22.22,-54.82
2015,224,0.0,0.61,0.52,34.25,50.44,2.19,19.22,8.71,Dourados,MS,Centro-Oeste,-22.22,-54.82
2015,225,0.0,0.61,0.5,34.06,44.35,1.61,15.01,6.82,Dourados,MS,Centro-Oeste,-22.22,-54.82
2015,226,0.0,0.61,0.48,32.58,42.4,2.09,15.43,6.92,Dourados,MS,Centro-Oeste,-22.22,-54.82
2015,227,0.0,0.61,0.46,33.67,44.59,1.45,14.65,6.71,Dourados,MS,Centro-Oeste,-22.22,-54.82
2015,228,0.0,0.61,0.45,35.18,41.26,1.92,18.58,8.46,Dourados,MS,Centro-Oeste,-22.22,-54.82
2015,229,0.0,0.6,0.43,33.31,44.75,2.19,13.61,6.27,Dourados,MS,Centro-Oeste,-22.22,-54.82
2015,230,0.44,0.6,0.43,33.56,51.98,2.61,10.9,5.07,Dourados,MS,Centro-Oeste,-22.22,-54.82
2015,231,0.0,0.6,0.42,29.21,58.94,2.12,15.84,7.12,Dourados,MS,Centro-Oeste,-22.22,-54.82
2015,232,0.01,0.6,0.42,30.98,54.16,1.35,20.35,9.04,Dourados,MS,Centro-Oeste,-22.22,-54.82
2015,233,0.0,0.6,0.4,32.64,48.8,1.37,20.31,9.09,Dourados,MS,Centro-Oeste,-22.22,-54.82
2015,234,0.0,0.6,0.39,35.9,47.4,2.16,20.14,9.1,Dourados,MS,Centro-Oeste,-22.22,-54.82
2015,235,0.01,0.6,0.38,35.99,46.25,2.08,15.77,7.17,Dourados,MS,Centro-Oeste,-22.22,-54.82
2015,236,0.02,0.6,0.37,35.82,53.09,1.92,12.98,5.91,Dourados,MS,Centro-Oeste,-22.22,-54.82
2015,237,0.01,0.6,0.37,35.13,54.92,1.63,16.57,7.39,Dourados,MS,Centro-Oeste,-22.22,-54.82
2015,238,0.39,0.6,0.36,35.57,46.86,1.63,15.13,6.9,Dourados,MS,Centro-Oeste,-22.22,-54.82
2015,239,4.97,0.61,0.46,27.11,71.97,1.67,4.4,2.21,Dourados,MS,Centro-Oeste,-22.22,-54.82
2015,240,0.0,0.61,0.52,33.25,53.52,1.81,20.21,8.81,Dourados,MS,Centro-Oeste,-22.22,-54.82
2015,241,0.5,0.61,0.49,34.75,46.3,1.93,22.41,9.91,Dourados,MS,Centro-Oeste,-22.22,-54.82
2015,242,0.0,0.61,0.46,37.25,44.69,1.73,22.25,9.93,Dourados,MS,Centro-Oeste,-22.22,-54.82
2015,243,0.0,0.6,0.42,39.08,40.57,1.51,20.91,9.57,Dourados,MS,Centro-Oeste,-22.22,-54.82
2015,244,0.0,0.6,0.39,38.87,39.01,1.07,21.45,9.77,Dourados,MS,Centro-Oeste,-22.22,-54.82
2015,245,0.0,0.6,0.37,38.37,41.2,1.47,19.39,8.87,Dourados,MS,Centro-Oeste,-22.22,-54.82
2015,246,0.0,0.6,0.35,38.17,43.99,2.05,21.4,9.74,Dourados,MS,Centro-Oeste,-22.22,-54.82
2015,247,0.02,0.6,0.34,33.66,58.59,2.68,15.52,7.03,Dourados,MS,Centro-Oeste,-22.22,-54.82
2015,248,0.0,0.6,0.34,31.48,46.4,2.52,13.84,6.22,Dourados,MS,Centro-Oeste,-22.22,-54.82
2015,249,0.0,0.6,0.33,30.96,47.44,1.57,12.79,5.76,Dourados,MS,Centro-Oeste,-22.22,-54.82
2015,250,6.87,0.6,0.44,35.29,52.33,1.89,15.86,7.08,Dourados,MS,Centro-Oeste,-22.22,-54.82
2015,251,30.68,0.63,0.71,32.79,67.72,4.04,4.65,2.37,Dourados,MS,Centro-Oeste,-22.22,-54.82
2015,252,0.14,0.66,0.64,30.92,66.26,1.69,21.49,9.52,Dourados,MS,Centro-Oeste,-22.22,-54.82
2015,253,53.21,0.69,0.83,25.86,89.77,2.27,2.57,1.45,Dourados,MS,Centro-Oeste,-22.22,-54.82
2015,254,1.82,0.71,0.74,26.4,78.98,2.72,5.52,2.73,Dourados,MS,Centro-Oeste,-22.22,-54.82
2015,255,0.65,0.7,0.69,22.87,58.44,2.5,8.1,3.83,Dourados,MS,Centro-Oeste,-22.22,-54.82
2015,256,0.0,0.69,0.67,26.6,54.61,2.07,24.46,10.6,Dourados,MS,Centro-Oeste,-22.22,-54.82
2015,257,0.01,0.68,0.66,29.46,66.78,1.83,23.48,10.48,Dourados,MS,Centro-Oeste,-22.22,-54.82
2015,258,0.01,0.67,0.65,35.24,69.44,2.4,21.66,9.75,Dourados,MS,Centro-Oeste,-22.22,-54.82
2015,259,0.0,0.67,0.63,36.41,64.33,3.13,21.36,9.71,Dourados,MS,Centro-Oeste,-22.22,-54.82
2015,260,0.0,0.66,0.62,37.02,61.85,2.68,21.49,9.7,Dourados,MS,Centro-Oeste,-22.22,-54.82
2015,261,0.01,0.65,0.61,38.88,59.2,1.66,20.6,9.21,Dourados,MS,Centro-Oeste,-22.22,-54.82
2015,262,0.0,0.65,0.61,37.94,55.75,2.05,20.4,9.38,Dourados,MS,Centro-Oeste,-22.22,-54.82
2015,263,0.0,0.64,0.6,38.97,44.37,2.16,23.91,10.92,Dourados,MS,Centro-Oeste,-22.22,-54.82
2015,264,0.0,0.64,0.59,39.27,43.9,2.16,24.64,11.12,Dourados,MS,Centro-Oeste,-22.22,-54.82
2015,265,0.0,0.63,0.59,38.78,48.61,1.75,24.12,10.7,Dourados,MS,Centro-Oeste,-22.22,-54.82
2015,266,0.0,0.63,0.58,39.36,50.05,1.97,21.88,9.67,Dourados,MS,Centro-Oeste,-22.22,-54.82
2015,267,0.0,0.62,0.58,36.04,57.95,2.18,18.83,8.11,Dourados,MS,Centro-Oeste,-22.22,-54.82
2015,268,13.54,0.63,0.67,36.19,68.16,2.09,15.69,6.8,Dourados,MS,Centro-Oeste,-22.22,-54.82
2015,269,7.84,0.66,0.7,29.35,82.51,2.11,5.3,2.67,Dourados,MS,Centro-Oeste,-22.22,-54.82
2015,270,15.98,0.67,0.74,25.86,84.96,1.95,10.68,5.03,Dourados,MS,Centro-Oeste,-22.22,-54.82
2015,271,0.06,0.68,0.67,30.87,68.36,1.16,21.32,9.67,Dourados,MS,Centro-Oeste,-22.22,-54.82
2015,272,15.68,0.68,0.73,31.64,73.8,1.47,18.51,8.41,Dourados,MS,Centro-Oeste,-22.22,-54.82
2015,273,15.54,0.71,0.8,30.57,78.09,2.12,11.52,5.34,Dourados,MS,Centro-Oeste,-22.22,-54.82
2015,274,0.02,0.7,0.7,31.88,73.2,1.24,24.12,11.01,Dourados,MS,Centro-Oeste,-22.22,-54.82
2015,275,2.77,0.69,0.69,33.72,72.25,1.46,19.37,9.0,Dourados,MS,Centro-Oeste,-22.22,-54.82
2015,276,22.37,0.72,0.83,27.11,88.59,1.34,4.44,2.34,Dourados,MS,Centro-Oeste,-22.22,-54.82
2015,277,0.3,0.72,0.73,28.46,81.49,1.49,15.9,7.51,Dourados,MS,Centro-Oeste,-22.22,-54.82
2015,278,0.0,0.71,0.71,33.14,71.35,0.86,24.38,11.14,Dourados,MS,Centro-Oeste,-22.22,-54.82
2015,279,0.0,0.7,0.69,35.26,67.94,2.04,24.47,11.37,Dourados,MS,Centro-Oeste,-22.22,-54.82
2015,280,0.0,0.69,0.67,37.22,66.77,2.0,25.29,11.65,Dourados,MS,Centro-Oeste,-22.22,-54.82
2015,281,0.03,0.68,0.66,35.34,67.08,2.24,20.94,9.71,Dourados,MS,Centro-Oeste,-22.22,-54.82
2015,282,2.14,0.68,0.67,31.34,71.12,2.68,15.88,7.56,Dourados,MS,Centro-Oeste,-22.22,-54.82
2015,283,4.58,0.68,0.68,26.92,73.42,2.22,8.56,4.21,Dourados,MS,Centro-Oeste,-22.22,-54.82
2015,284,23.56,0.7,0.81,21.45,83.16,1.98,6.43,3.36,Dourados,MS,Centro-Oeste,-22.22,-54.82
2015,285,7.92,0.72,0.77,20.09,85.19,1.54,3.79,2.04,Dourados,MS,Centro-Oeste,-22.22,-54.82
2015,286,0.37,0.72,0.73,29.21,79.12,1.71,16.89,7.87,Dourados,MS,Centro-Oeste,-22.22,-54.82
2015,287,0.06,0.71,0.7,35.0,70.07,2.76,25.37,11.69,Dourados,MS,Centro-Oeste,-22.22,-54.82
2015,288,0.0,0.7,0.68,36.51,60.96,2.82,26.06,11.77,Dourados,MS,Centro-Oeste,-22.22,-54.82
2015,289,0.0,0.68,0.66,37.32,61.99,2.45,21.99,10.01,Dourados,MS,Centro-Oeste,-22.22,-54.82
2015,290,1.86,0.68,0.66,35.49,75.66,1.91,14.72,6.99,Dourados,MS,Centro-Oeste,-22.22,-54.82
2015,291,0.0,0.67,0.65,36.24,68.17,2.31,20.81,9.71,Dourados,MS,Centro-Oeste,-22.22,-54.82
2015,292,0.0,0.67,0.63,38.04,65.34,2.32,25.96,11.87,Dourados,MS,Centro-Oeste,-22.22,-54.82
2015,293,0.0,0.66,0.62,37.97,55.26,2.63,22.41,10.13,Dourados,MS,Centro-Oeste,-22.22,-54.82
2015,294,0.0,0.65,0.61,39.69,51.8,2.87,22.42,9.88,Dourados,MS,Centro-Oeste,-22.22,-54.82
2015,295,2.84,0.65,0.62,39.73,59.02,2.3,22.19,9.89,Dourados,MS,Centro-Oeste,-22.22,-54.82
2015,296,1.22,0.65,0.63,38.35,65.64,1.34,7.99,3.92,Dourados,MS,Centro-Oeste,-22.22,-54.82
2015,297,0.41,0.65,0.61,36.42,63.9,2.33,22.48,10.29,Dourados,MS,Centro-Oeste,-22.22,-54.82
2015,298,4.84,0.64,0.63,37.16,64.61,2.22,25.51,11.7,Dourados,MS,Centro-Oeste,-22.22,-54.82
2015,299,3.35,0.65,0.65,36.02,66.98,1.96,9.57,4.75,Dourados,MS,Centro-Oeste,-22.22,-54.82
2015,300,12.29,0.66,0.72,32.62,77.83,1.73,4.43,2.33,Dourados,MS,Centro-Oeste,-22.22,-54.82
2015,301,4.09,0.67,0.69,33.21,75.49,1.22,23.48,10.75,Dourados,MS,Centro-Oeste,-22.22,-54.82
2015,302,0.0,0.67,0.64,34.93,68.39,2.1,26.22,12.11,Dourados,MS,Centro-Oeste,-22.22,-54.82
2015,303,3.75,0.66,0.65,34.64,69.54,2.06,23.84,11.05,Dourados,MS,Centro-Oeste,-22.22,-54.82
2015,304,2.43,0.66,0.67,29.8,80.49,1.5,15.12,7.28,Dourados,MS,Centro-Oeste,-22.22,-54.82
2015,305,1.09,0.66,0.63,33.54,71.67,1.5,26.53,12.35,Dourados,MS,Centro-Oeste,-22.22,-54.82
2015,306,6.9,0.66,0.68,29.63,78.56,1.01,16.29,7.81,Dourados,MS,Centro-Oeste,-22.22,-54.82
2015,307,12.69,0.68,0.74,30.11,81.62,1.46,16.77,8.05,Dourados,MS,Centro-Oeste,-22.22,-54.82
2015,308,5.93,0.68,0.71,30.98,79.71,1.26,10.69,5.33,Dourados,MS,Centro-Oeste,-22.22,-54.82
2015,309,0.77,0.68,0.68,31.85,75.2,2.44,15.96,7.61,Dourados,MS,Centro-Oeste,-22.22,-54.82
2015,310,0.03,0.67,0.65,30.91,70.51,2.06,27.07,12.4,Dourados,MS,Centro-Oeste,-22.22,-54.82
2015,311,1.7,0.67,0.65,34.29,66.92,1.15,24.01,11.13,Dourados,MS,Centro-Oeste,-22.22,-54.82
2015,312,5.79,0.67,0.68,33.78,72.37,1.49,9.43,4.69,Dourados,MS,Centro-Oeste,-22.22,-54.82
2015,313,0.43,0.67,0.64,36.84,65.77,2.02,25.16,11.8,Dourados,MS,Centro-Oeste,-22.22,-54.82
2015,314,0.0,0.66,0.62,39.42,62.31,2.05,27.9,13.02,Dourados,MS,Centro-Oeste,-22.22,-54.82
2015,315,1.57,0.65,0.62,36.26,64.85,1.09,19.62,9.32,Dourados,MS,Centro-Oeste,-22.22,-54.82
2015,316,1.44,0.65,0.63,36.51,63.51,1.66,22.81,10.66,Dourados,MS,Centro-Oeste,-22.22,-54.82
2015,317,2.06,0.65,0.62,37.69,65.22,1.71,24.29,11.33,Dourados,MS,Centro-Oeste,-22.22,-54.82
2015,318,0.26,0.64,0.61,38.09,62.92,1.14,22.81,10.53,Dourados,MS,Centro-Oeste,-22.22,-54.82
2015,319,2.13,0.64,0.62,36.42,67.95,1.4,20.13,9.43,Dourados,MS,Centro-Oeste,-22.22,-54.82
2015,320,4.28,0.64,0.64,34.87,68.22,2.07,16.87,8.03,Dourados,MS,Centro-Oeste,-22.22,-54.82
2015,321,14.23,0.65,0.7,34.97,66.34,2.3,18.42,8.67,Dourados,MS,Centro-Oeste,-22.22,-54.82
2015,322,13.06,0.67,0.73,32.71,74.51,2.17,7.5,3.69,Dourados,MS,Centro-Oeste,-22.22,-54.82
2015,323,4.12,0.68,0.69,35.51,71.85,2.19,23.6,10.87,Dourados,MS,Centro-Oeste,-22.22,-54.82
2015,324,34.49,0.7,0.78,28.0,78.68,2.67,8.89,4.39,Dourados,MS,Centro-Oeste,-22.22,-54.82
2015,325,0.01,0.7,0.68,31.42,68.42,1.49,28.76,13.0,Dourados,MS,Centro-Oeste,-22.22,-54.82
2015,326,0.01,0.68,0.66,34.87,69.08,1.39,21.75,10.19,Dourados,MS,Centro-Oeste,-22.22,-54.82
2015,327,8.31,0.68,0.7,35.41,74.01,1.41,6.16,3.16,Dourados,MS,Centro-Oeste,-22.22,-54.82
2015,328,2.64,0.69,0.69,33.8,78.22,2.39,11.96,5.71,Dourados,MS,Centro-Oeste,-22.22,-54.82
2015,329,4.46,0.68,0.7,32.44,78.9,2.16,8.81,4.29,Dourados,MS,Centro-Oeste,-22.22,-54.82
2015,330,0.65,0.68,0.67,32.4,78.6,1.77,11.42,5.61,Dourados,MS,Centro-Oeste,-22.22,-54.82
2015,331,3.11,0.68,0.67,37.05,69.74,2.13,25.68,11.85,Dourados,MS,Centro-Oeste,-22.22,-54.82
2015,332,15.2,0.68,0.74,32.13,77.49,1.95,4.24,2.28,Dourados,MS,Centro-Oeste,-22.22,-54.82
2015,333,20.64,0.71,0.82,26.47,89.31,1.63,6.76,3.51,Dourados,MS,Centro-Oeste,-22.22,-54.82
2015,334,1.97,0.72,0.75,30.17,84.88,1.09,11.65,5.72,Dourados,MS,Centro-Oeste,-22.22,-54.82
2015,335,2.94,0.71,0.73,31.3,80.83,1.3,17.76,8.51,Dourados,MS,Centro-Oeste,-22.22,-54.82
2015,336,10.56,0.72,0.79,27.49,88.81,1.1,17.08,8.32,Dourados,MS,Centro-Oeste,-22.22,-54.82
2015,337,2.09,0.72,0.74,30.5,80.37,1.21,18.33,8.82,Dourados,MS,Centro-Oeste,-22.22,-54.82
2015,338,29.25,0.73,0.82,32.88,80.2,1.8,5.52,2.81,Dourados,MS,Centro-Oeste,-22.22,-54.82
2015,339,17.15,0.76,0.83,29.44,86.75,1.1,3.99,2.16,Dourados,MS,Centro-Oeste,-22.22,-54.82
2015,340,6.28,0.77,0.82,28.54,84.22,1.1,16.53,7.94,Dourados,MS,Centro-Oeste,-22.22,-54.82
2015,341,0.0,0.76,0.76,31.14,78.07,0.98,26.52,12.29,Dourados,MS,Centro-Oeste,-22.22,-54.82
2015,342,0.11,0.74,0.75,30.43,81.09,1.36,26.71,12.46,Dourados,MS,Centro-Oeste,-22.22,-54.82
2015,343,11.34,0.74,0.8,30.4,83.47,1.9,23.29,10.93,Dourados,MS,Centro-Oeste,-22.22,-54.82
2015,344,11.64,0.76,0.82,28.43,88.29,2.06,5.65,2.94,Dourados,MS,Centro-Oeste,-22.22,-54.82
2015,345,13.95,0.77,0.83,31.31,83.59,1.83,18.14,8.67,Dourados,MS,Centro-Oeste,-22.22,-54.82
2015,346,14.87,0.78,0.85,31.46,83.18,2.02,5.34,2.82,Dourados,MS,Centro-Oeste,-22.22,-54.82
2015,347,1.17,0.78,0.79,33.21,80.27,2.15,27.51,12.89,Dourados,MS,Centro-Oeste,-22.22,-54.82
2015,348,6.48,0.77,0.8,31.59,80.63,2.62,27.13,12.62,Dourados,MS,Centro-Oeste,-22.22,-54.82
2015,349,2.89,0.76,0.79,29.5,81.81,1.6,15.25,7.31,Dourados,MS,Centro-Oeste,-22.22,-54.82
2015,350,0.2,0.76,0.77,29.3,83.32,0.98,28.34,13.11,Dourados,MS,Centro-Oeste,-22.22,-54.82
2015,351,0.06,0.75,0.75,32.13,76.69,1.86,29.24,13.67,Dourados,MS,Centro-Oeste,-22.22,-54.82
2015,352,0.12,0.73,0.73,33.88,73.23,2.2,27.95,13.16,Dourados,MS,Centro-Oeste,-22.22,-54.82
2015,353,7.39,0.73,0.76,31.94,78.86,1.7,13.49,6.53,Dourados,MS,Centro-Oeste,-22.22,-54.82
2015,354,2.04,0.73,0.75,31.45,80.71,1.09,17.53,8.32,Dourados,MS,Centro-Oeste,-22.22,-54.82
2015,355,1.19,0.72,0.73,31.64,77.94,1.44,23.46,11.02,Dourados,MS,Centro-Oeste,-22.22,-54.82
2015,356,0.22,0.71,0.71,32.45,75.82,1.61,24.64,11.67,Dourados,MS,Centro-Oeste,-22.22,-54.82
2015,357,0.0,0.71,0.7,31.96,76.04,2.18,26.64,12.5,Dourados,MS,Centro-Oeste,-22.22,-54.82
2015,358,7.11,0.71,0.74,30.98,83.11,1.39,18.37,8.83,Dourados,MS,Centro-Oeste,-22.22,-54.82
2015,359,20.6,0.73,0.83,29.39,87.07,0.9,23.56,11.21,Dourados,MS,Centro-Oeste,-22.22,-54.82
2015,360,3.64,0.75,0.78,28.29,84.38,0.98,21.07,10.05,Dourados,MS,Centro-Oeste,-22.22,-54.82
2015,361,3.42,0.74,0.76,31.03,78.35,0.8,21.34,10.22,Dourados,MS,Centro-Oeste,-22.22,-54.82
2015,362,1.68,0.74,0.75,31.49,78.65,1.57,17.9,8.65,Dourados,MS,Centro-Oeste,-22.22,-54.82
2015,363,4.32,0.73,0.75,30.97,81.62,2.02,10.86,5.42,Dourados,MS,Centro-Oeste,-22.22,-54.82
2015,364,4.06,0.73,0.76,30.1,84.03,2.68,9.98,5.04,Dourados,MS,Centro-Oeste,-22.22,-54.82
2015,365,25.78,0.75,0.84,30.07,86.15,1.94,23.03,10.77,Dourados,MS,Centro-Oeste,-22.22,-54.82
2016,1,9.44,0.77,0.83,27.35,90.47,1.62,13.8,6.88,Dourados,MS,Centro-Oeste,-22.22,-54.82
2016,2,11.48,0.77,0.83,30.57,84.69,1.17,16.28,7.92,Dourados,MS,Centro-Oeste,-22.22,-54.82
2016,3,3.29,0.78,0.8,30.32,80.22,0.62,17.99,8.69,Dourados,MS,Centro-Oeste,-22.22,-54.82
2016,4,3.13,0.77,0.79,30.45,83.53,1.11,15.46,7.66,Dourados,MS,Centro-Oeste,-22.22,-54.82
2016,5,7.37,0.77,0.81,29.49,87.06,1.11,17.51,8.48,Dourados,MS,Centro-Oeste,-22.22,-54.82
2016,6,1.52,0.77,0.79,29.28,84.52,0.66,15.66,7.67,Dourados,MS,Centro-Oeste,-22.22,-54.82
2016,7,0.59,0.76,0.77,30.22,82.91,1.19,19.9,9.59,Dourados,MS,Centro-Oeste,-22.22,-54.82
2016,8,15.24,0.76,0.82,30.42,85.98,2.25,19.58,9.37,Dourados,MS,Centro-Oeste,-22.22,-54.82
2016,9,11.44,0.79,0.85,28.52,89.69,1.74,12.47,6.25,Dourados,MS,Centro-Oeste,-22.22,-54.82
2016,10,3.43,0.78,0.81,27.3,91.48,2.58,17.18,8.46,Dourados,MS,Centro-Oeste,-22.22,-54.82
2016,11,9.6,0.79,0.84,27.9,92.71,2.88,8.86,4.58,Dourados,MS,Centro-Oeste,-22.22,-54.82
2016,12,1.42,0.79,0.8,29.5,88.76,2.13,18.44,8.91,Dourados,MS,Centro-Oeste,-22.22,-54.82
2016,13,4.09,0.78,0.81,30.0,87.66,1.87,13.23,6.51,Dourados,MS,Centro-Oeste,-22.22,-54.82
2016,14,6.7,0.78,0.82,30.38,82.97,0.8,14.72,7.26,Dourados,MS,Centro-Oeste,-22.22,-54.82
2016,15,2.18,0.78,0.8,31.63,82.88,1.03,16.49,8.12,Dourados,MS,Centro-Oeste,-22.22,-54.82
2016,16,0.1,0.77,0.77,31.69,82.81,2.06,25.25,11.93,Dourados,MS,Centro-Oeste,-22.22,-54.82
2016,17,0.0,0.76,0.76,30.55,76.45,2.02,30.36,13.96,Dourados,MS,Centro-Oeste,-22.22,-54.82
2016,18,0.05,0.74,0.74,30.09,76.1,1.87,30.81,14.12,Dourados,MS,Centro-Oeste,-22.22,-54.82
2016,19,0.04,0.73,0.73,30.56,74.96,1.89,26.88,12.52,Dourados,MS,Centro-Oeste,-22.22,-54.82
2016,20,0.0,0.72,0.71,31.47,73.32,2.02,31.46,14.36,Dourados,MS,Centro-Oeste,-22.22,-54.82
2016,21,0.02,0.71,0.7,31.59,71.29,2.22,31.38,14.3,Dourados,MS,Centro-Oeste,-22.22,-54.82
2016,22,0.01,0.7,0.68,32.05,70.21,2.19,31.0,14.26,Dourados,MS,Centro-Oeste,-22.22,-54.82
2016,23,0.0,0.69,0.67,33.43,69.61,1.61,30.0,13.84,Dourados,MS,Centro-Oeste,-22.22,-54.82
2016,24,0.0,0.68,0.66,34.81,70.75,1.75,29.61,13.64,Dourados,MS,Centro-Oeste,-22.22,-54.82
2016,25,0.0,0.68,0.64,34.56,72.5,2.08,28.05,13.15,Dourados,MS,Centro-Oeste,-22.22,-54.82
2016,26,3.71,0.67,0.66,34.37,76.59,2.29,24.64,11.61,Dourados,MS,Centro-Oeste,-22.22,-54.82
2016,27,6.86,0.68,0.72,31.4,83.31,1.68,18.01,8.73,Dourados,MS,Centro-Oeste,-22.22,-54.82
2016,28,0.01,0.68,0.66,33.72,74.92,1.38,24.23,11.44,Dourados,MS,Centro-Oeste,-22.22,-54.82
2016,29,0.93,0.68,0.66,32.88,76.18,1.61,24.67,11.64,Dourados,MS,Centro-Oeste,-22.22,-54.82
2016,30,5.45,0.67,0.68,30.49,81.84,2.18,11.64,5.79,Dourados,MS,Centro-Oeste,-22.22,-54.82
2016,31,7.61,0.69,0.73,26.19,89.65,2.8,11.89,5.91,Dourados,MS,Centro-Oeste,-22.22,-54.82
2016,32,2.0,0.69,0.69,29.32,81.63,1.46,19.36,9.35,Dourados,MS,Centro-Oeste,-22.22,-54.82
2016,33,1.29,0.69,0.68,31.61,78.33,1.36,23.45,11.19,Dourados,MS,Centro-Oeste,-22.22,-54.82
2016,34,2.02,0.69,0.69,28.35,87.11,1.01,16.38,7.97,Dourados,MS,Centro-Oeste,-22.22,-54.82
2016,35,1.73,0.68,0.68,29.8,81.13,1.48,13.97,6.82,Dourados,MS,Centro-Oeste,-22.22,-54.82
2016,36,6.57,0.69,0.72,31.14,80.78,1.23,21.49,10.26,Dourados,MS,Centro-Oeste,-22.22,-54.82
2016,37,1.54,0.69,0.69,34.62,71.04,0.84,24.92,11.9,Dourados,MS,Centro-Oeste,-22.22,-54.82
2016,38,0.34,0.68,0.66,32.95,73.1,1.1,25.18,11.99,Dourados,MS,Centro-Oeste,-22.22,-54.82
2016,39,0.01,0.67,0.65,35.21,70.1,1.64,26.38,12.51,Dourados,MS,Centro-Oeste,-22.22,-54.82
2016,40,1.62,0.67,0.65,34.32,75.06,1.73,19.5,9.42,Dourados,MS,Centro-Oeste,-22.22,-54.82
2016,41,2.68,0.67,0.67,31.29,81.84,1.17,22.69,10.86,Dourados,MS,Centro-Oeste,-22.22,-54.82
2016,42,2.82,0.67,0.68,32.9,77.68,1.16,23.07,11.04,Dourados,MS,Centro-Oeste,-22.22,-54.82
2016,43,0.32,0.67,0.65,34.45,73.34,1.12,22.12,10.6,Dourados,MS,Centro-Oeste,-22.22,-54.82
2016,44,0.01,0.66,0.64,34.86,71.95,1.48,25.57,12.11,Dourados,MS,Centro-Oeste,-22.22,-54.82
2016,45,0.06,0.65,0.62,36.99,66.42,1.48,24.71,11.62,Dourados,MS,Centro-Oeste,-22.22,-54.82
2016,46,1.29,0.65,0.63,36.88,65.49,0.94,20.99,9.91,Dourados,MS,Centro-Oeste,-22.22,-54.82
2016,47,1.47,0.65,0.64,32.78,76.54,1.93,18.92,9.07,Dourados,MS,Centro-Oeste,-22.22,-54.82
2016,48,0.17,0.65,0.62,35.13,72.03,2.34,24.26,11.54,Dourados,MS,Centro-Oeste,-22.22,-54.82
2016,49,10.45,0.65,0.69,33.03,75.09,1.04,21.7,10.37,Dourados,MS,Centro-Oeste,-22.22,-54.82
2016,50,0.16,0.66,0.65,34.08,73.35,1.02,26.58,12.54,Dourados,MS,Centro-Oeste,-22.22,-54.82
2016,51,0.94,0.65,0.64,31.62,77.59,1.27,23.86,11.27,Dourados,MS,Centro-Oeste,-22.22,-54.82
2016,52,7.65,0.66,0.69,29.66,85.93,1.25,16.87,8.17,Dourados,MS,Centro-Oeste,-22.22,-54.82
2016,53,13.85,0.67,0.74,28.0,88.43,1.85,9.42,4.8,Dourados,MS,Centro-Oeste,-22.22,-54.82
2016,54,7.24,0.69,0.73,29.11,86.54,2.39,4.8,2.61,Dourados,MS,Centro-Oeste,-22.22,-54.82
2016,55,21.74,0.72,0.81,29.44,86.48,2.4,10.71,5.45,Dourados,MS,Centro-Oeste,-22.22,-54.82
2016,56,2.76,0.71,0.72,31.33,82.61,2.07,19.63,9.32,Dourados,MS,Centro-Oeste,-22.22,-54.82
2016,57,1.7,0.71,0.7,31.1,83.69,2.54,18.75,8.97,Dourados,MS,Centro-Oeste,-22.22,-54.82
2016,58,22.56,0.71,0.79,30.47,84.82,2.1,14.46,7.0,Dourados,MS,Centro-Oeste,-22.22,-54.82
2016,59,33.87,0.75,0.88,29.17,88.31,1.75,8.05,4.15,Dourados,MS,Centro-Oeste,-22.22,-54.82
2016,60,11.37,0.78,0.84,29.2,87.08,1.45,14.01,6.79,Dourados,MS,Centro-Oeste,-22.22,-54.82
2016,61,14.46,0.78,0.85,28.67,89.21,1.55,14.63,7.09,Dourados,MS,Centro-Oeste,-22.22,-54.82
2016,62,9.01,0.79,0.84,30.63,86.81,1.64,16.9,8.02,Dourados,MS,Centro-Oeste,-22.22,-54.82
2016,63,0.1,0.78,0.78,30.0,82.77,1.81,23.2,10.78,Dourados,MS,Centro-Oeste,-22.22,-54.82
2016,64,0.0,0.76,0.77,29.26,79.09,1.41,26.61,12.18,Dourados,MS,Centro-Oeste,-22.22,-54.82
2016,65,0.0,0.75,0.76,29.57,77.86,1.1,24.51,11.35,Dourados,MS,Centro-Oeste,-22.22,-54.82
2016,66,0.0,0.74,0.74,30.71,76.48,1.09,23.96,11.11,Dourados,MS,Centro-Oeste,-22.22,-54.82
2016,67,0.86,0.73,0.73,31.68,76.74,1.25,21.44,10.08,Dourados,MS,Centro-Oeste,-22.22,-54.82
2016,68,1.04,0.72,0.73,31.35,79.86,1.22,20.43,9.64,Dourados,MS,Centro-Oeste,-22.22,-54.82
2016,69,3.72,0.72,0.74,30.02,86.7,1.19,7.18,3.72,Dourados,MS,Centro-Oeste,-22.22,-54.82
2016,70,1.2,0.72,0.73,30.05,81.05,2.19,19.79,9.3,Dourados,MS,Centro-Oeste,-22.22,-54.82
2016,71,0.0,0.71,0.71,28.9,77.59,2.05,22.63,10.34,Dourados,MS,Centro-Oeste,-22.22,-54.82
2016,72,0.01,0.71,0.69,27.94,72.46,1.79,26.88,12.13,Dourados,MS,Centro-Oeste,-22.22,-54.82
2016,73,0.02,0.7,0.68,29.96,70.59,1.08,27.04,12.27,Dourados,MS,Centro-Oeste,-22.22,-54.82
2016,74,0.43,0.69,0.68,31.61,76.27,1.16,23.47,10.97,Dourados,MS,Centro-Oeste,-22.22,-54.82
2016,75,1.77,0.69,0.68,32.66,77.49,1.6,23.37,11.0,Dourados,MS,Centro-Oeste,-22.22,-54.82
2016,76,0.98,0.68,0.67,33.3,75.36,1.62,24.56,11.46,Dourados,MS,Centro-Oeste,-22.22,-54.82
2016,77,0.0,0.68,0.65,33.94,72.98,1.49,24.6,11.51,Dourados,MS,Centro-Oeste,-22.22,-54.82
2016,78,0.13,0.67,0.64,34.92,69.94,1.49,24.82,11.67,Dourados,MS,Centro-Oeste,-22.22,-54.82
2016,79,2.78,0.67,0.66,34.9,67.24,1.17,19.57,9.18,Dourados,MS,Centro-Oeste,-22.22,-54.82
2016,80,0.11,0.67,0.64,35.2,67.03,1.0,23.49,11.03,Dourados,MS,Centro-Oeste,-22.22,-54.82
2016,81,0.0,0.66,0.63,36.07,67.68,1.44,24.0,11.22,Dourados,MS,Centro-Oeste,-22.22,-54.82
2016,82,3.45,0.66,0.65,34.29,74.39,1.41,19.01,9.03,Dourados,MS,Centro-Oeste,-22.22,-54.82
2016,83,10.54,0.67,0.71,29.98,83.2,1.1,19.04,9.01,Dourados,MS,Centro-Oeste,-22.22,-54.82
2016,84,31.7,0.7,0.84,26.33,93.89,2.11,3.39,1.82,Dourados,MS,Centro-Oeste,-22.22,-54.82
2016,85,9.44,0.74,0.8,29.08,83.26,2.15,11.37,5.55,Dourados,MS,Centro-Oeste,-22.22,-54.82
2016,86,0.04,0.73,0.73,27.39,78.01,1.82,23.7,10.83,Dourados,MS,Centro-Oeste,-22.22,-54.82
2016,87,0.07,0.72,0.71,27.4,75.62,1.15,21.7,9.9,Dourados,MS,Centro-Oeste,-22.22,-54.82
2016,88,0.03,0.71,0.7,29.68,75.09,1.29,19.84,9.11,Dourados,MS,Centro-Oeste,-22.22,-54.82
2016,89,0.65,0.7,0.69,32.17,74.09,1.09,23.31,10.85,Dourados,MS,Centro-Oeste,-22.22,-54.82
2016,90,3.54,0.7,0.7,32.79,79.1,1.26,22.23,10.47,Dourados,MS,Centro-Oeste,-22.22,-54.82
2016,91,0.68,0.7,0.69,32.98,79.87,0.98,20.24,9.42,Dourados,MS,Centro-Oeste,-22.22,-54.82
2016,92,0.98,0.69,0.68,32.7,76.66,1.05,22.84,10.66,Dourados,MS,Centro-Oeste,-22.22,-54.82
2016,93,0.16,0.68,0.67,33.57,75.63,1.38,22.97,10.75,Dourados,MS,Centro-Oeste,-22.22,-54.82
2016,94,0.91,0.68,0.66,34.66,71.52,1.28,22.48,10.49,Dourados,MS,Centro-Oeste,-22.22,-54.82
2016,95,0.01,0.67,0.65,34.85,70.33,1.32,21.85,10.21,Dourados,MS,Centro-Oeste,-22.22,-54.82
2016,96,0.17,0.67,0.64,34.67,72.78,1.61,22.35,10.41,Dourados,MS,Centro-Oeste,-22.22,-54.82
2016,97,2.79,0.67,0.66,33.39,74.54,1.53,21.9,10.32,Dourados,MS,Centro-Oeste,-22.22,-54.82
2016,98,4.95,0.67,0.68,34.32,74.07,0.99,21.45,10.17,Dourados,MS,Centro-Oeste,-22.22,-54.82
2016,99,0.23,0.67,0.65,34.71,67.87,0.95,21.86,10.4,Dourados,MS,Centro-Oeste,-22.22,-54.82
2016,100,2.42,0.67,0.65,35.61,67.8,1.17,21.1,9.91,Dourados,MS,Centro-Oeste,-22.22,-54.82
2016,101,1.44,0.66,0.65,34.98,67.69,1.29,18.44,8.61,Dourados,MS,Centro-Oeste,-22.22,-54.82
2016,102,0.08,0.66,0.63,35.11,63.34,1.15,17.29,8.1,Dourados,MS,Centro-Oeste,-22.22,-54.82
2016,103,0.0,0.65,0.62,35.2,66.24,1.13,20.28,9.47,Dourados,MS,Centro-Oeste,-22.22,-54.82
2016,104,0.0,0.65,0.62,35.48,64.19,1.6,20.7,9.65,Dourados,MS,Centro-Oeste,-22.22,-54.82
2016,105,2.49,0.65,0.64,34.78,67.6,1.33,20.53,9.68,Dourados,MS,Centro-Oeste,-22.22,-54.82
2016,106,1.32,0.65,0.63,34.49,66.91,1.75,16.24,7.69,Dourados,MS,Centro-Oeste,-22.22,-54.82
2016,107,0.0,0.64,0.61,35.5,65.51,2.12,20.4,9.54,Dourados,MS,Centro-Oeste,-22.22,-54.82
2016,108,0.02,0.64,0.6,36.25,62.47,1.88,21.45,9.97,Dourados,MS,Centro-Oeste,-22.22,-54.82
2016,109,0.02,0.63,0.59,36.2,60.34,1.79,20.23,9.4,Dourados,MS,Centro-Oeste,-22.22,-54.82
2016,110,0.0,0.63,0.59,35.76,62.32,1.72,20.57,9.53,Dourados,MS,Centro-Oeste,-22.22,-54.82
2016,111,0.0,0.63,0.58,35.71,61.64,1.61,19.2,8.89,Dourados,MS,Centro-Oeste,-22.22,-54.82
2016,112,0.43,0.62,0.57,36.46,61.1,1.48,18.98,8.77,Dourados,MS,Centro-Oeste,-22.22,-54.82
2016,113,0.96,0.62,0.58,33.88,68.55,1.4,14.7,6.93,Dourados,MS,Centro-Oeste,-22.22,-54.82
2016,114,0.0,0.62,0.56,35.52,62.19,1.81,20.1,9.34,Dourados,MS,Centro-Oeste,-22.22,-54.82
2016,115,0.0,0.62,0.54,34.87,62.79,2.29,18.4,8.56,Dourados,MS,Centro-Oeste,-22.22,-54.82
2016,116,2.23,0.62,0.55,31.74,73.27,2.58,12.61,5.99,Dourados,MS,Centro-Oeste,-22.22,-54.82
2016,117,31.33,0.66,0.76,22.1,82.9,3.61,4.38,2.3,Dourados,MS,Centro-Oeste,-22.22,-54.82
2016,118,0.01,0.66,0.65,19.58,63.48,2.75,20.55,8.99,Dourados,MS,Centro-Oeste,-22.22,-54.82
2016,119,0.04,0.66,0.64,19.57,67.19,1.8,13.09,5.92,Dourados,MS,Centro-Oeste,-22.22,-54.82
2016,120,0.03,0.66,0.64,22.83,66.56,1.34,19.39,8.56,Dourados,MS,Centro-Oeste,-22.22,-54.82
2016,121,0.0,0.65,0.63,23.38,67.81,2.09,19.21,8.66,Dourados,MS,Centro-Oeste,-22.22,-54.82
2016,122,0.0,0.65,0.63,25.62,62.55,1.31,19.29,8.5,Dourados,MS,Centro-Oeste,-22.22,-54.82
2016,123,0.0,0.65,0.63,28.25,68.3,1.08,19.75,8.93,Dourados,MS,Centro-Oeste,-22.22,-54.82
2016,124,0.0,0.64,0.62,30.09,70.29,1.27,18.47,8.39,Dourados,MS,Centro-Oeste,-22.22,-54.82
2016,125,0.0,0.64,0.62,29.79,74.58,1.19,18.33,8.34,Dourados,MS,Centro-Oeste,-22.22,-54.82
2016,126,1.14,0.64,0.62,31.12,69.78,0.88,18.19,8.33,Dourados,MS,Centro-Oeste,-22.22,-54.82
2016,127,4.22,0.64,0.64,31.82,71.96,1.88,4.3,2.2,Dourados,MS,Centro-Oeste,-22.22,-54.82
2016,128,5.14,0.65,0.67,30.33,76.54,1.31,10.24,4.85,Dourados,MS,Centro-Oeste,-22.22,-54.82
2016,129,3.27,0.65,0.66,31.41,79.01,1.38,8.23,3.88,Dourados,MS,Centro-Oeste,-22.22,-54.82
2016,130,68.04,0.68,0.82,26.85,90.41,1.17,3.28,1.66,Dourados,MS,Centro-Oeste,-22.22,-54.82
2016,131,6.52,0.72,0.77,23.53,93.75,0.88,10.14,4.8,Dourados,MS,Centro-Oeste,-22.22,-54.82
2016,132,8.23,0.72,0.77,23.04,92.78,0.83,8.67,4.18,Dourados,MS,Centro-Oeste,-22.22,-54.82
2016,133,9.07,0.73,0.78,26.81,87.55,0.93,6.73,3.27,Dourados,MS,Centro-Oeste,-22.22,-54.82
2016,134,1.31,0.73,0.75,26.63,87.12,1.16,6.95,3.33,Dourados,MS,Centro-Oeste,-22.22,-54.82
2016,135,0.03,0.72,0.72,27.46,84.35,1.58,14.71,6.81,Dourados,MS,Centro-Oeste,-22.22,-54.82
2016,136,3.48,0.71,0.73,29.92,84.82,2.19,16.14,7.42,Dourados,MS,Centro-Oeste,-22.22,-54.82
2016,137,2.55,0.72,0.74,21.45,87.2,2.01,7.56,3.59,Dourados,MS,Centro-Oeste,-22.22,-54.82
2016,138,0.08,0.71,0.71,21.8,79.36,1.15,15.49,6.95,Dourados,MS,Centro-Oeste,-22.22,-54.82
2016,139,3.27,0.71,0.73,21.84,82.34,0.8,5.2,2.58,Dourados,MS,Centro-Oeste,-22.22,-54.82
2016,140,0.26,0.71,0.71,24.71,85.66,0.91,6.79,3.26,Dourados,MS,Centro-Oeste,-22.22,-54.82
2016,141,1.0,0.71,0.71,28.41,87.68,1.63,11.97,5.62,Dourados,MS,Centro-Oeste,-22.22,-54.82
2016,142,0.69,0.7,0.7,25.66,84.5,1.54,8.19,3.78,Dourados,MS,Centro-Oeste,-22.22,-54.82
2016,143,1.12,0.7,0.7,18.04,86.05,1.9,3.48,1.74,Dourados,MS,Centro-Oeste,-22.22,-54.82
2016,144,0.03,0.7,0.69,19.72,79.23,1.86,17.25,7.49,Dourados,MS,Centro-Oeste,-22.22,-54.82
2016,145,0.25,0.7,0.69,21.6,77.38,1.48,17.47,7.68,Dourados,MS,Centro-Oeste,-22.22,-54.82
2016,146,0.0,0.69,0.68,26.12,80.66,1.42,10.91,5.03,Dourados,MS,Centro-Oeste,-22.22,-54.82
2016,147,4.97,0.69,0.7,27.27,85.17,1.21,10.18,4.73,Dourados,MS,Centro-Oeste,-22.22,-54.82
2016,148,31.17,0.73,0.84,25.22,88.64,0.65,11.57,5.35,Dourados,MS,Centro-Oeste,-22.22,-54.82
2016,149,40.51,0.74,0.84,21.96,93.38,1.47,2.17,1.13,Dourados,MS,Centro-Oeste,-22.22,-54.82
2016,150,3.73,0.78,0.82,21.37,86.06,1.44,7.72,3.54,Dourados,MS,Centro-Oeste,-22.22,-54.82
2016,151,2.3,0.77,0.79,22.96,89.19,1.13,4.68,2.3,Dourados,MS,Centro-Oeste,-22.22,-54.82
2016,152,1.39,0.76,0.78,18.6,92.57,1.07,4.01,1.96,Dourados,MS,Centro-Oeste,-22.22,-54.82
2016,153,2.78,0.76,0.78,24.89,91.29,1.97,5.77,2.77,Dourados,MS,Centro-Oeste,-22.22,-54.82
2016,154,1.77,0.76,0.78,17.32,89.05,1.33,7.86,3.68,Dourados,MS,Centro-Oeste,-22.22,-54.82
2016,155,0.07,0.76,0.77,20.41,83.04,0.95,10.1,4.6,Dourados,MS,Centro-Oeste,-22.22,-54.82
2016,156,4.51,0.75,0.78,21.51,89.48,1.19,5.18,2.51,Dourados,MS,Centro-Oeste,-22.22,-54.82
2016,157,12.61,0.77,0.84,21.8,92.79,1.52,4.94,2.41,Dourados,MS,Centro-Oeste,-22.22,-54.82
2016,158,1.07,0.77,0.79,20.74,88.12,1.41,4.75,2.33,Dourados,MS,Centro-Oeste,-22.22,-54.82
2016,159,0.26,0.77,0.78,18.74,85.33,1.5,14.79,6.61,Dourados,MS,Centro-Oeste,-22.22,-54.82
2016,160,0.0,0.76,0.77,18.24,79.99,1.8,13.98,6.06,Dourados,MS,Centro-Oeste,-22.22,-54.82
2016,161,0.01,0.76,0.77,18.14,76.64,1.67,15.65,6.76,Dourados,MS,Centro-Oeste,-22.22,-54.82
2016,162,0.01,0.76,0.76,19.81,72.8,1.43,11.8,5.19,Dourados,MS,Centro-Oeste,-22.22,-54.82
2016,163,0.0,0.75,0.76,17.55,77.26,1.82,15.53,6.74,Dourados,MS,Centro-Oeste,-22.22,-54.82
2016,164,0.0,0.75,0.76,16.65,71.91,1.61,16.97,7.27,Dourados,MS,Centro-Oeste,-22.22,-54.82
2016,165,0.0,0.74,0.75,18.73,76.97,1.65,16.49,7.1,Dourados,MS,Centro-Oeste,-22.22,-54.82
2016,166,0.0,0.74,0.75,21.53,81.75,1.35,16.09,7.16,Dourados,MS,Centro-Oeste,-22.22,-54.82
2016,167,0.0,0.74,0.75,25.15,78.69,1.02,15.09,6.8,Dourados,MS,Centro-Oeste,-22.22,-54.82
2016,168,0.0,0.73,0.74,27.06,78.91,1.13,15.72,7.11,Dourados,MS,Centro-Oeste,-22.22,-54.82
2016,169,0.02,0.73,0.74,25.92,87.22,1.23,12.45,5.66,Dourados,MS,Centro-Oeste,-22.22,-54.82
2016,170,1.1,0.73,0.74,25.03,85.95,0.93,7.94,3.69,Dourados,MS,Centro-Oeste,-22.22,-54.82
2016,171,1.08,0.73,0.74,24.25,87.75,0.92,8.24,3.81,Dourados,MS,Centro-Oeste,-22.22,-54.82
2016,172,0.12,0.72,0.73,24.49,86.78,1.14,8.69,4.02,Dourados,MS,Centro-Oeste,-22.22,-54.82
2016,173,0.07,0.72,0.73,22.84,85.3,1.05,6.15,2.89,Dourados,MS,Centro-Oeste,-22.22,-54.82
2016,174,0.01,0.72,0.72,23.69,83.84,1.4,9.14,4.11,Dourados,MS,Centro-Oeste,-22.22,-54.82
2016,175,0.01,0.72,0.72,24.91,81.66,1.0,13.96,6.26,Dourados,MS,Centro-Oeste,-22.22,-54.82
2016,176,0.02,0.71,0.71,26.8,83.39,1.83,14.06,6.35,Dourados,MS,Centro-Oeste,-22.22,-54.82
2016,177,0.0,0.71,0.71,26.81,83.21,2.14,13.61,6.18,Dourados,MS,Centro-Oeste,-22.22,-54.82
2016,178,0.01,0.71,0.7,27.86,81.86,1.83,15.34,6.91,Dourados,MS,Centro-Oeste,-22.22,-54.82
2016,179,0.0,0.7,0.7,26.51,77.87,1.38,15.75,7.07,Dourados,MS,Centro-Oeste,-22.22,-54.82
2016,180,0.0,0.7,0.69,26.33,78.68,1.31,14.57,6.53,Dourados,MS,Centro-Oeste,-22.22,-54.82
2016,181,0.0,0.7,0.69,25.68,79.41,1.39,14.73,6.58,Dourados,MS,Centro-Oeste,-22.22,-54.82
2016,182,0.08,0.69,0.68,27.61,78.08,1.68,14.28,6.4,Dourados,MS,Centro-Oeste,-22.22,-54.82
2016,183,0.01,0.69,0.68,27.84,77.07,1.49,15.78,7.12,Dourados,MS,Centro-Oeste,-22.22,-54.82
2016,184,1.0,0.69,0.68,29.16,76.34,1.86,15.92,7.23,Dourados,MS,Centro-Oeste,-22.22,-54.82
2016,185,0.0,0.68,0.67,28.82,72.17,2.01,16.21,7.3,Dourados,MS,Centro-Oeste,-22.22,-54.82
2016,186,0.0,0.68,0.66,28.59,77.67,1.8,13.42,6.08,Dourados,MS,Centro-Oeste,-22.22,-54.82
2016,187,0.0,0.68,0.66,28.21,77.38,1.96,11.51,5.29,Dourados,MS,Centro-Oeste,-22.22,-54.82
2016,188,2.72,0.68,0.69,18.93,84.21,1.84,7.57,3.46,Dourados,MS,Centro-Oeste,-22.22,-54.82
2016,189,0.0,0.68,0.67,20.84,74.22,1.53,16.24,7.01,Dourados,MS,Centro-Oeste,-22.22,-54.82
2016,190,0.0,0.68,0.66,24.83,74.37,1.39,10.73,4.78,Dourados,MS,Centro-Oeste,-22.22,-54.82
2016,191,0.0,0.68,0.66,30.14,73.53,1.86,15.78,7.18,Dourados,MS,Centro-Oeste,-22.22,-54.82
2016,192,0.0,0.67,0.65,30.96,70.78,1.82,16.16,7.29,Dourados,MS,Centro-Oeste,-22.22,-54.82
2016,193,0.0,0.67,0.65,31.28,66.18,2.25,16.5,7.39,Dourados,MS,Centro-Oeste,-22.22,-54.82
2016,194,0.08,0.66,0.64,31.66,67.71,1.88,14.01,6.41,Dourados,MS,Centro-Oeste,-22.22,-54.82
2016,195,0.01,0.66,0.64,32.23,65.88,1.86,13.86,6.34,Dourados,MS,Centro-Oeste,-22.22,-54.82
2016,196,0.0,0.66,0.63,32.54,61.03,2.25,14.86,6.7,Dourados,MS,Centro-Oeste,-22.22,-54.82
2016,197,5.69,0.66,0.66,28.28,72.81,1.98,8.28,3.87,Dourados,MS,Centro-Oeste,-22.22,-54.82
2016,198,20.59,0.69,0.79,20.11,79.24,2.8,12.1,5.3,Dourados,MS,Centro-Oeste,-22.22,-54.82
2016,199,0.0,0.7,0.69,17.84,70.21,2.11,18.02,7.68,Dourados,MS,Centro-Oeste,-22.22,-54.82
2016,200,0.01,0.69,0.68,18.77,66.64,1.09,8.55,3.87,Dourados,MS,Centro-Oeste,-22.22,-54.82
2016,201,0.0,0.69,0.67,22.9,69.01,1.22,10.98,4.88,Dourados,MS,Centro-Oeste,-22.22,-54.82
2016,202,0.02,0.68,0.67,23.77,75.0,1.47,16.95,7.44,Dourados,MS,Centro-Oeste,-22.22,-54.82
2016,203,0.0,0.68,0.67,24.28,76.74,1.08,17.46,7.6,Dourados,MS,Centro-Oeste,-22.22,-54.82
2016,204,0.0,0.68,0.66,26.12,77.53,1.53,16.15,7.07,Dourados,MS,Centro-Oeste,-22.22,-54.82
2016,205,0.0,0.67,0.66,28.33,75.37,1.52,16.92,7.51,Dourados,MS,Centro-Oeste,-22.22,-54.82
2016,206,0.0,0.67,0.65,30.64,71.2,1.42,17.49,7.67,Dourados,MS,Centro-Oeste,-22.22,-54.82
2016,207,0.0,0.67,0.64,31.96,65.83,2.41,16.66,7.53,Dourados,MS,Centro-Oeste,-22.22,-54.82
2016,208,0.1,0.66,0.64,28.99,70.86,2.17,13.48,6.07,Dourados,MS,Centro-Oeste,-22.22,-54.82
2016,209,0.06,0.66,0.64,23.94,67.58,2.36,17.53,7.66,Dourados,MS,Centro-Oeste,-22.22,-54.82
2016,210,0.0,0.66,0.64,28.03,69.71,1.29,10.94,4.94,Dourados,MS,Centro-Oeste,-22.22,-54.82
2016,211,0.0,0.66,0.63,30.38,68.21,1.49,14.71,6.55,Dourados,MS,Centro-Oeste,-22.22,-54.82
2016,212,0.0,0.65,0.63,31.27,66.43,2.74,17.63,7.91,Dourados,MS,Centro-Oeste,-22.22,-54.82
2016,213,0.0,0.65,0.62,31.13,65.79,2.53,17.73,7.94,Dourados,MS,Centro-Oeste,-22.22,-54.82
2016,214,0.0,0.65,0.62,31.36,62.71,1.15,17.81,7.97,Dourados,MS,Centro-Oeste,-22.22,-54.82
2016,215,0.0,0.64,0.62,30.92,59.06,1.24,17.1,7.66,Dourados,MS,Centro-Oeste,-22.22,-54.82
2016,216,0.0,0.64,0.61,31.3,62.22,1.88,16.71,7.55,Dourados,MS,Centro-Oeste,-22.22,-54.82
2016,217,0.0,0.64,0.61,31.59,65.62,1.89,17.99,8.05,Dourados,MS,Centro-Oeste,-22.22,-54.82
2016,218,0.0,0.64,0.61,33.17,62.34,1.84,18.5,8.23,Dourados,MS,Centro-Oeste,-22.22,-54.82
2016,219,0.0,0.63,0.6,34.41,54.96,2.16,17.05,7.58,Dourados,MS,Centro-Oeste,-22.22,-54.82
2016,220,0.09,0.63,0.6,33.92,59.74,2.1,12.33,5.44,Dourados,MS,Centro-Oeste,-22.22,-54.82
2016,221,2.27,0.63,0.61,30.5,76.49,1.8,4.7,2.32,Dourados,MS,Centro-Oeste,-22.22,-54.82
2016,222,10.17,0.65,0.7,25.17,70.91,2.51,13.72,6.06,Dourados,MS,Centro-Oeste,-22.22,-54.82
2016,223,0.05,0.65,0.63,25.82,63.02,2.37,19.25,8.22,Dourados,MS,Centro-Oeste,-22.22,-54.82
2016,224,0.0,0.64,0.62,26.61,58.68,1.75,20.78,8.86,Dourados,MS,Centro-Oeste,-22.22,-54.82
2016,225,0.0,0.64,0.62,28.01,57.36,1.78,20.42,8.91,Dourados,MS,Centro-Oeste,-22.22,-54.82
2016,226,0.0,0.64,0.61,31.37,58.09,1.41,18.33,8.12,Dourados,MS,Centro-Oeste,-22.22,-54.82
2016,227,0.0,0.63,0.61,35.16,58.31,1.4,18.33,8.22,Dourados,MS,Centro-Oeste,-22.22,-54.82
2016,228,2.17,0.63,0.61,34.47,59.6,1.93,10.62,4.86,Dourados,MS,Centro-Oeste,-22.22,-54.82
2016,229,9.39,0.65,0.69,33.62,69.97,1.45,15.48,6.96,Dourados,MS,Centro-Oeste,-22.22,-54.82
2016,230,0.91,0.65,0.62,34.86,64.54,2.26,16.1,7.18,Dourados,MS,Centro-Oeste,-22.22,-54.82
2016,231,0.85,0.65,0.63,34.63,71.85,1.78,11.56,5.26,Dourados,MS,Centro-Oeste,-22.22,-54.82
2016,232,2.62,0.64,0.63,32.17,74.1,1.99,4.8,2.36,Dourados,MS,Centro-Oeste,-22.22,-54.82
2016,233,26.72,0.67,0.78,28.98,79.61,3.29,12.61,5.74,Dourados,MS,Centro-Oeste,-22.22,-54.82
2016,234,3.07,0.69,0.73,19.54,70.76,3.99,15.69,6.87,Dourados,MS,Centro-Oeste,-22.22,-54.82
2016,235,0.0,0.68,0.67,20.98,65.12,2.09,21.91,9.47,Dourados,MS,Centro-Oeste,-22.22,-54.82
2016,236,0.01,0.68,0.66,23.97,67.54,1.6,21.4,9.37,Dourados,MS,Centro-Oeste,-22.22,-54.82
2016,237,0.0,0.67,0.65,30.61,63.27,1.42,21.96,9.63,Dourados,MS,Centro-Oeste,-22.22,-54.82
2016,238,0.04,0.67,0.65,33.35,68.54,1.51,18.98,8.6,Dourados,MS,Centro-Oeste,-22.22,-54.82
2016,239,0.01,0.66,0.63,34.23,61.34,2.62,19.97,9.13,Dourados,MS,Centro-Oeste,-22.22,-54.82
2016,240,0.0,0.66,0.62,34.0,56.23,2.38,21.04,9.48,Dourados,MS,Centro-Oeste,-22.22,-54.82
2016,241,0.28,0.65,0.62,34.84,58.18,2.29,20.07,9.13,Dourados,MS,Centro-Oeste,-22.22,-54.82
2016,242,26.98,0.67,0.79,27.5,80.26,2.29,2.86,1.48,Dourados,MS,Centro-Oeste,-22.22,-54.82
2016,243,6.6,0.7,0.76,17.19,84.87,2.18,4.02,2.06,Dourados,MS,Centro-Oeste,-22.22,-54.82
2016,244,0.0,0.7,0.69,25.59,73.48,1.1,19.02,8.32,Dourados,MS,Centro-Oeste,-22.22,-54.82
2016,245,0.49,0.69,0.68,27.58,69.59,1.25,22.62,9.99,Dourados,MS,Centro-Oeste,-22.22,-54.82
2016,246,0.42,0.69,0.67,29.27,70.4,1.39,21.9,9.69,Dourados,MS,Centro-Oeste,-22.22,-54.82
2016,247,6.2,0.68,0.7,26.84,79.98,2.0,6.17,3.08,Dourados,MS,Centro-Oeste,-22.22,-54.82
2016,248,0.4,0.69,0.69,24.14,78.2,1.99,10.02,4.67,Dourados,MS,Centro-Oeste,-22.22,-54.82
2016,249,20.24,0.71,0.8,18.5,88.65,1.96,4.41,2.27,Dourados,MS,Centro-Oeste,-22.22,-54.82
2016,250,0.12,0.72,0.73,20.98,72.56,2.71,10.08,4.61,Dourados,MS,Centro-Oeste,-22.22,-54.82
2016,251,0.02,0.71,0.71,21.6,67.92,1.73,23.88,10.35,Dourados,MS,Centro-Oeste,-22.22,-54.82
2016,252,0.92,0.71,0.71,21.72,67.37,1.03,19.38,8.61,Dourados,MS,Centro-Oeste,-22.22,-54.82
2016,253,0.52,0.7,0.69,28.66,67.02,1.31,23.39,10.47,Dourados,MS,Centro-Oeste,-22.22,-54.82
2016,254,0.32,0.69,0.68,31.88,68.68,1.42,22.81,10.34,Dourados,MS,Centro-Oeste,-22.22,-54.82
2016,255,0.0,0.69,0.67,33.7,62.11,1.18,23.02,10.38,Dourados,MS,Centro-Oeste,-22.22,-54.82
2016,256,0.0,0.68,0.66,35.25,60.42,2.46,18.43,8.31,Dourados,MS,Centro-Oeste,-22.22,-54.82
2016,257,0.36,0.67,0.65,34.18,62.32,3.45,10.58,4.56,Dourados,MS,Centro-Oeste,-22.22,-54.82
2016,258,0.39,0.67,0.65,26.06,58.15,2.95,21.93,9.39,Dourados,MS,Centro-Oeste,-22.22,-54.82
2016,259,0.0,0.67,0.64,27.8,56.06,2.18,23.74,10.59,Dourados,MS,Centro-Oeste,-22.22,-54.82
2016,260,0.0,0.66,0.63,32.06,56.98,1.33,19.38,8.48,Dourados,MS,Centro-Oeste,-22.22,-54.82
2016,261,0.0,0.66,0.62,36.29,61.31,1.66,20.39,8.87,Dourados,MS,Centro-Oeste,-22.22,-54.82
2016,262,0.13,0.65,0.62,37.22,59.35,1.3,18.44,8.01,Dourados,MS,Centro-Oeste,-22.22,-54.82
2016,263,12.77,0.66,0.71,33.25,75.98,2.25,3.81,1.91,Dourados,MS,Centro-Oeste,-22.22,-54.82
2016,264,0.0,0.67,0.65,28.7,56.1,2.82,25.13,10.79,Dourados,MS,Centro-Oeste,-22.22,-54.82
2016,265,0.0,0.66,0.63,29.81,57.72,2.24,26.47,11.48,Dourados,MS,Centro-Oeste,-22.22,-54.82
2016,266,0.0,0.66,0.63,30.25,59.22,2.03,25.19,11.21,Dourados,MS,Centro-Oeste,-22.22,-54.82
2016,267,0.0,0.65,0.62,33.18,58.82,1.85,26.0,11.53,Dourados,MS,Centro-Oeste,-22.22,-54.82
2016,268,0.0,0.65,0.61,31.37,63.36,2.05,20.89,9.48,Dourados,MS,Centro-Oeste,-22.22,-54.82
2016,269,0.0,0.65,0.61,29.56,62.62,2.55,22.74,10.09,Dourados,MS,Centro-Oeste,-22.22,-54.82
2016,270,0.0,0.64,0.61,31.64,58.47,1.38,25.33,11.28,Dourados,MS,Centro-Oeste,-22.22,-54.82
2016,271,0.0,0.64,0.6,33.79,58.4,1.1,26.25,11.73,Dourados,MS,Centro-Oeste,-22.22,-54.82
2016,272,0.0,0.63,0.59,34.36,50.42,1.63,27.26,12.03,Dourados,MS,Centro-Oeste,-22.22,-54.82
2016,273,0.0,0.63,0.59,35.35,51.54,1.45,24.55,11.12,Dourados,MS,Centro-Oeste,-22.22,-54.82
2016,274,0.0,0.63,0.59,32.45,55.93,1.56,21.69,9.62,Dourados,MS,Centro-Oeste,-22.22,-54.82
2016,275,0.32,0.62,0.59,33.92,61.72,2.34,22.56,10.17,Dourados,MS,Centro-Oeste,-22.22,-54.82
2016,276,0.0,0.62,0.58,34.54,57.65,2.29,24.21,10.99,Dourados,MS,Centro-Oeste,-22.22,-54.82
2016,277,6.84,0.62,0.63,28.77,70.71,2.56,5.96,2.99,Dourados,MS,Centro-Oeste,-22.22,-54.82
2016,278,0.41,0.63,0.62,29.09,72.63,1.23,13.43,6.17,Dourados,MS,Centro-Oeste,-22.22,-54.82
2016,279,17.82,0.65,0.74,26.53,79.5,1.4,13.58,6.38,Dourados,MS,Centro-Oeste,-22.22,-54.82
2016,280,0.0,0.66,0.64,26.31,64.42,2.92,19.01,8.53,Dourados,MS,Centro-Oeste,-22.22,-54.82
2016,281,0.0,0.65,0.63,29.56,64.11,0.94,28.04,12.5,Dourados,MS,Centro-Oeste,-22.22,-54.82
2016,282,0.0,0.65,0.61,31.92,58.87,1.85,22.54,10.24,Dourados,MS,Centro-Oeste,-22.22,-54.82
2016,283,0.0,0.64,0.6,34.02,56.29,2.22,27.84,12.56,Dourados,MS,Centro-Oeste,-22.22,-54.82
2016,284,0.0,0.64,0.6,36.26,52.03,1.84,25.67,11.71,Dourados,MS,Centro-Oeste,-22.22,-54.82
2016,285,0.69,0.63,0.6,35.6,58.53,2.39,18.63,8.61,Dourados,MS,Centro-Oeste,-22.22,-54.82
2016,286,0.55,0.63,0.6,31.29,70.89,2.13,24.22,11.3,Dourados,MS,Centro-Oeste,-22.22,-54.82
2016,287,16.89,0.64,0.71,33.4,71.45,2.33,12.21,5.96,Dourados,MS,Centro-Oeste,-22.22,-54.82
2016,288,25.52,0.68,0.8,27.56,87.09,1.87,9.12,4.52,Dourados,MS,Centro-Oeste,-22.22,-54.82
2016,289,5.87,0.7,0.72,33.93,72.05,2.27,22.83,10.62,Dourados,MS,Centro-Oeste,-22.22,-54.82
2016,290,0.01,0.69,0.66,36.37,68.32,2.27,23.11,10.64,Dourados,MS,Centro-Oeste,-22.22,-54.82
2016,291,0.07,0.68,0.65,35.49,65.6,1.83,18.03,8.29,Dourados,MS,Centro-Oeste,-22.22,-54.82
2016,292,0.0,0.67,0.64,38.21,62.03,2.15,17.65,8.1,Dourados,MS,Centro-Oeste,-22.22,-54.82
2016,293,0.02,0.66,0.62,38.47,59.72,2.05,22.85,10.33,Dourados,MS,Centro-Oeste,-22.22,-54.82
2016,294,19.1,0.67,0.74,33.41,75.28,1.7,20.67,9.31,Dourados,MS,Centro-Oeste,-22.22,-54.82
2016,295,2.41,0.69,0.7,30.51,75.07,2.34,19.78,8.98,Dourados,MS,Centro-Oeste,-22.22,-54.82
2016,296,0.0,0.68,0.65,33.64,68.0,1.48,24.29,11.12,Dourados,MS,Centro-Oeste,-22.22,-54.82
2016,297,2.46,0.67,0.66,34.29,72.2,1.54,25.11,11.69,Dourados,MS,Centro-Oeste,-22.22,-54.82
2016,298,2.29,0.67,0.67,30.13,79.15,1.91,17.07,8.14,Dourados,MS,Centro-Oeste,-22.22,-54.82
2016,299,1.47,0.67,0.66,30.97,77.99,1.55,19.4,9.16,Dourados,MS,Centro-Oeste,-22.22,-54.82
2016,300,15.43,0.68,0.74,31.51,81.42,2.14,5.56,2.92,Dourados,MS,Centro-Oeste,-22.22,-54.82
2016,301,0.4,0.69,0.69,26.59,68.74,3.3,26.08,11.74,Dourados,MS,Centro-Oeste,-22.22,-54.82
2016,302,0.01,0.68,0.66,25.44,61.28,2.65,27.99,12.45,Dourados,MS,Centro-Oeste,-22.22,-54.82
2016,303,0.0,0.67,0.65,29.52,59.28,1.74,28.71,12.85,Dourados,MS,Centro-Oeste,-22.22,-54.82
2016,304,0.0,0.67,0.64,33.88,60.18,2.0,30.38,13.64,Dourados,MS,Centro-Oeste,-22.22,-54.82
2016,305,1.8,0.66,0.63,35.05,64.0,2.5,19.92,9.32,Dourados,MS,Centro-Oeste,-22.22,-54.82
2016,306,2.51,0.66,0.64,35.11,65.59,3.22,26.85,12.5,Dourados,MS,Centro-Oeste,-22.22,-54.82
2016,307,11.59,0.67,0.71,29.83,74.73,2.89,7.08,3.61,Dourados,MS,Centro-Oeste,-22.22,-54.82
2016,308,0.06,0.67,0.66,21.01,66.06,2.41,24.46,11.12,Dourados,MS,Centro-Oeste,-22.22,-54.82
2016,309,0.0,0.67,0.64,31.51,59.51,1.69,29.93,13.17,Dourados,MS,Centro-Oeste,-22.22,-54.82
2016,310,0.06,0.66,0.62,34.17,62.11,1.78,28.15,12.96,Dourados,MS,Centro-Oeste,-22.22,-54.82
2016,311,0.02,0.65,0.61,35.43,60.82,1.66,29.12,13.33,Dourados,MS,Centro-Oeste,-22.22,-54.82
2016,312,0.29,0.65,0.61,36.27,59.41,1.48,28.26,13.0,Dourados,MS,Centro-Oeste,-22.22,-54.82
2016,313,0.45,0.64,0.6,37.12,58.53,1.5,15.36,7.46,Dourados,MS,Centro-Oeste,-22.22,-54.82
2016,314,0.74,0.64,0.6,36.21,61.21,1.95,24.19,11.14,Dourados,MS,Centro-Oeste,-22.22,-54.82
2016,315,0.13,0.63,0.6,36.14,62.61,0.89,26.87,12.35,Dourados,MS,Centro-Oeste,-22.22,-54.82
2016,316,1.24,0.63,0.6,35.74,62.23,1.78,15.78,7.59,Dourados,MS,Centro-Oeste,-22.22,-54.82
2016,317,1.12,0.63,0.61,28.74,74.43,1.63,18.93,8.97,Dourados,MS,Centro-Oeste,-22.22,-54.82
2016,318,0.79,0.63,0.61,31.72,70.0,2.18,13.48,6.56,Dourados,MS,Centro-Oeste,-22.22,-54.82
2016,319,0.02,0.62,0.59,34.44,62.29,1.65,25.34,11.69,Dourados,MS,Centro-Oeste,-22.22,-54.82
2016,320,0.0,0.62,0.58,34.81,61.12,1.38,20.81,9.82,Dourados,MS,Centro-Oeste,-22.22,-54.82
2016,321,0.0,0.62,0.55,36.53,58.8,2.03,27.17,12.62,Dourados,MS,Centro-Oeste,-22.22,-54.82
2016,322,0.0,0.61,0.52,36.94,58.65,3.04,27.8,12.9,Dourados,MS,Centro-Oeste,-22.22,-54.82
2016,323,0.0,0.61,0.5,31.49,48.91,3.87,31.29,13.69,Dourados,MS,Centro-Oeste,-22.22,-54.82
2016,324,0.0,0.61,0.48,34.36,47.74,1.93,31.83,14.06,Dourados,MS,Centro-Oeste,-22.22,-54.82
2016,325,0.0,0.61,0.46,36.15,43.17,2.11,32.25,14.34,Dourados,MS,Centro-Oeste,-22.22,-54.82
2016,326,0.01,0.61,0.43,38.14,41.59,1.56,29.36,13.39,Dourados,MS,Centro-Oeste,-22.22,-54.82
2016,327,0.28,0.6,0.41,36.96,49.43,2.25,24.56,11.32,Dourados,MS,Centro-Oeste,-22.22,-54.82
2016,328,0.01,0.6,0.4,37.12,48.12,2.25,28.34,12.98,Dourados,MS,Centro-Oeste,-22.22,-54.82
2016,329,0.05,0.6,0.39,40.47,45.2,1.6,28.4,13.14,Dourados,MS,Centro-Oeste,-22.22,-54.82
2016,330,5.53,0.61,0.49,28.95,73.67,1.19,19.09,8.96,Dourados,MS,Centro-Oeste,-22.22,-54.82
2016,331,0.08,0.61,0.54,36.71,60.02,2.05,19.84,9.34,Dourados,MS,Centro-Oeste,-22.22,-54.82
2016,332,1.26,0.61,0.51,34.62,62.01,2.4,14.0,6.79,Dourados,MS,Centro-Oeste,-22.22,-54.82
2016,333,9.48,0.62,0.62,30.73,77.44,2.0,16.15,7.88,Dourados,MS,Centro-Oeste,-22.22,-54.82
2016,334,7.88,0.63,0.67,32.43,76.15,1.65,14.41,7.04,Dourados,MS,Centro-Oeste,-22.22,-54.82
2016,335,2.35,0.64,0.63,31.63,73.17,2.59,20.6,9.79,Dourados,MS,Centro-Oeste,-22.22,-54.82
2016,336,0.03,0.63,0.61,32.55,66.02,2.27,26.43,12.15,Dourados,MS,Centro-Oeste,-22.22,-54.82
2016,337,2.76,0.63,0.62,29.97,75.04,2.09,19.6,9.36,Dourados,MS,Centro-Oeste,-22.22,-54.82
2016,338,4.51,0.64,0.65,31.01,79.17,2.32,15.83,7.69,Dourados,MS,Centro-Oeste,-22.22,-54.82
2016,339,0.15,0.63,0.6,34.9,65.4,2.19,27.54,12.65,Dourados,MS,Centro-Oeste,-22.22,-54.82
2016,340,0.01,0.63,0.59,37.86,60.76,1.71,30.27,13.75,Dourados,MS,Centro-Oeste,-22.22,-54.82
2016,341,1.01,0.62,0.6,36.0,65.11,1.21,21.25,9.92,Dourados,MS,Centro-Oeste,-22.22,-54.82
2016,342,15.62,0.64,0.7,30.13,80.54,1.44,5.12,2.68,Dourados,MS,Centro-Oeste,-22.22,-54.82
2016,343,8.67,0.66,0.7,31.7,78.29,1.54,9.36,4.69,Dourados,MS,Centro-Oeste,-22.22,-54.82
2016,344,11.36,0.66,0.72,29.82,82.31,2.2,6.81,3.5,Dourados,MS,Centro-Oeste,-22.22,-54.82
2016,345,8.21,0.68,0.72,30.89,79.2,2.46,16.83,8.12,Dourados,MS,Centro-Oeste,-22.22,-54.82
2016,346,3.7,0.68,0.68,30.63,79.83,2.68,18.18,8.8,Dourados,MS,Centro-Oeste,-22.22,-54.82
2016,347,0.08,0.67,0.64,33.98,70.65,1.38,23.29,10.84,Dourados,MS,Centro-Oeste,-22.22,-54.82
2016,348,27.51,0.68,0.78,31.16,75.98,1.16,22.18,10.35,Dourados,MS,Centro-Oeste,-22.22,-54.82
2016,349,0.44,0.7,0.71,32.18,73.99,2.96,22.34,10.41,Dourados,MS,Centro-Oeste,-22.22,-54.82
2016,350,0.81,0.68,0.66,33.55,68.46,2.49,24.71,11.51,Dourados,MS,Centro-Oeste,-22.22,-54.82
2016,351,0.11,0.67,0.64,32.41,65.85,3.02,19.93,9.25,Dourados,MS,Centro-Oeste,-22.22,-54.82
2016,352,3.53,0.67,0.66,32.61,74.49,2.21,22.4,10.59,Dourados,MS,Centro-Oeste,-22.22,-54.82
2016,353,3.64,0.67,0.67,31.82,74.57,1.82,28.64,13.47,Dourados,MS,Centro-Oeste,-22.22,-54.82
2016,354,11.66,0.67,0.72,31.2,76.79,1.44,21.43,10.16,Dourados,MS,Centro-Oeste,-22.22,-54.82
2016,355,22.39,0.7,0.81,28.32,86.43,1.33,10.79,5.47,Dourados,MS,Centro-Oeste,-22.22,-54.82
2016,356,17.15,0.73,0.82,27.34,88.19,2.19,18.38,8.83,Dourados,MS,Centro-Oeste,-22.22,-54.82
2016,357,3.98,0.73,0.75,29.07,82.94,1.97,17.27,8.38,Dourados,MS,Centro-Oeste,-22.22,-54.82
2016,358,14.31,0.73,0.79,29.64,84.3,1.93,16.2,7.78,Dourados,MS,Centro-Oeste,-22.22,-54.82
2016,359,1.47,0.73,0.76,29.44,83.87,1.4,24.76,11.66,Dourados,MS,Centro-Oeste,-22.22,-54.82
2016,360,0.54,0.72,0.72,32.39,76.42,1.84,25.96,12.23,Dourados,MS,Centro-Oeste,-22.22,-54.82
2016,361,0.0,0.71,0.7,33.28,73.18,2.4,31.04,14.53,Dourados,MS,Centro-Oeste,-22.22,-54.82
2016,362,0.66,0.7,0.68,33.43,68.81,1.75,25.69,12.01,Dourados,MS,Centro-Oeste,-22.22,-54.82
2016,363,3.9,0.69,0.69,34.22,62.65,0.56,26.23,12.37,Dourados,MS,Centro-Oeste,-22.22,-54.82
2016,364,8.95,0.69,0.73,33.47,70.6,0.61,21.87,10.39,Dourados,MS,Centro-Oeste,-22.22,-54.82
2016,365,7.82,0.7,0.72,31.76,78.85,1.53,11.68,5.87,Dourados,MS,Centro-Oeste,-22.22,-54.82
2016,366,17.57,0.72,0.81,30.28,83.78,2.12,18.97,9.07,Dourados,MS,Centro-Oeste,-22.22,-54.82
2017,1,0.7,0.71,0.72,31.86,78.3,1.82,26.87,12.63,Dourados,MS,Centro-Oeste,-22.22,-54.82
2017,2,15.36,0.71,0.77,30.87,80.45,1.28,26.4,12.36,Dourados,MS,Centro-Oeste,-22.22,-54.82
2017,3,11.37,0.74,0.82,29.57,86.66,1.4,24.44,11.5,Dourados,MS,Centro-Oeste,-22.22,-54.82
2017,4,3.3,0.73,0.76,31.29,81.39,1.91,26.14,12.36,Dourados,MS,Centro-Oeste,-22.22,-54.82
2017,5,3.84,0.73,0.76,30.22,82.5,1.71,20.8,10.01,Dourados,MS,Centro-Oeste,-22.22,-54.82
2017,6,7.85,0.73,0.77,32.13,75.47,1.01,19.07,9.12,Dourados,MS,Centro-Oeste,-22.22,-54.82
2017,7,2.6,0.72,0.74,31.98,76.66,1.27,27.35,12.87,Dourados,MS,Centro-Oeste,-22.22,-54.82
2017,8,0.71,0.71,0.72,33.72,72.89,1.1,29.63,13.91,Dourados,MS,Centro-Oeste,-22.22,-54.82
2017,9,9.82,0.71,0.75,33.3,75.2,1.79,26.34,12.36,Dourados,MS,Centro-Oeste,-22.22,-54.82
2017,10,0.74,0.71,0.72,32.39,75.93,1.48,27.29,12.73,Dourados,MS,Centro-Oeste,-22.22,-54.82
2017,11,0.85,0.7,0.7,33.72,75.47,1.26,24.69,11.58,Dourados,MS,Centro-Oeste,-22.22,-54.82
2017,12,4.65,0.7,0.72,30.43,80.05,0.64,23.82,11.18,Dourados,MS,Centro-Oeste,-22.22,-54.82
2017,13,5.8,0.71,0.73,32.56,78.85,1.21,25.08,11.7,Dourados,MS,Centro-Oeste,-22.22,-54.82
2017,14,0.2,0.7,0.68,34.01,72.49,1.2,26.78,12.4,Dourados,MS,Centro-Oeste,-22.22,-54.82
2017,15,2.95,0.69,0.69,32.84,72.03,0.64,26.46,12.32,Dourados,MS,Centro-Oeste,-22.22,-54.82
2017,16,13.89,0.7,0.75,32.25,76.91,0.82,18.21,8.7,Dourados,MS,Centro-Oeste,-22.22,-54.82
2017,17,3.55,0.71,0.72,31.91,78.71,1.59,24.28,11.35,Dourados,MS,Centro-Oeste,-22.22,-54.82
2017,18,3.54,0.7,0.7,32.46,69.88,1.17,27.84,12.88,Dourados,MS,Centro-Oeste,-22.22,-54.82
2017,19,15.79,0.7,0.77,31.92,77.18,1.36,26.24,12.22,Dourados,MS,Centro-Oeste,-22.22,-54.82
2017,20,8.95,0.71,0.75,31.77,80.23,0.97,19.13,9.02,Dourados,MS,Centro-Oeste,-22.22,-54.82
2017,21,3.58,0.72,0.75,31.06,80.62,1.15,26.9,12.51,Dourados,MS,Centro-Oeste,-22.22,-54.82
2017,22,2.63,0.71,0.72,29.6,83.05,1.34,26.35,12.2,Dourados,MS,Centro-Oeste,-22.22,-54.82
2017,23,3.52,0.71,0.72,31.15,77.29,1.25,24.14,11.17,Dourados,MS,Centro-Oeste,-22.22,-54.82
2017,24,2.29,0.7,0.71,29.99,83.31,1.46,24.89,11.6,Dourados,MS,Centro-Oeste,-22.22,-54.82
2017,25,19.37,0.72,0.81,26.66,90.62,1.35,11.49,5.65,Dourados,MS,Centro-Oeste,-22.22,-54.82
2017,26,0.83,0.73,0.74,31.36,76.5,1.8,23.88,11.06,Dourados,MS,Centro-Oeste,-22.22,-54.82
2017,27,0.0,0.71,0.71,29.81,67.18,2.02,29.52,13.36,Dourados,MS,Centro-Oeste,-22.22,-54.82
2017,28,0.5,0.7,0.69,31.07,71.65,1.01,21.34,10.01,Dourados,MS,Centro-Oeste,-22.22,-54.82
2017,29,5.71,0.7,0.72,27.57,86.67,1.5,24.47,11.4,Dourados,MS,Centro-Oeste,-22.22,-54.82
2017,30,0.63,0.7,0.7,28.5,81.25,2.13,21.42,10.07,Dourados,MS,Centro-Oeste,-22.22,-54.82
2017,31,11.24,0.7,0.75,26.76,85.81,1.55,20.35,9.64,Dourados,MS,Centro-Oeste,-22.22,-54.82
2017,32,8.84,0.72,0.77,30.37,83.46,1.71,15.08,7.36,Dourados,MS,Centro-Oeste,-22.22,-54.82
2017,33,5.2,0.72,0.76,29.86,84.9,1.16,13.59,6.69,Dourados,MS,Centro-Oeste,-22.22,-54.82
2017,34,0.68,0.72,0.72,31.55,79.96,1.35,26.11,12.15,Dourados,MS,Centro-Oeste,-22.22,-54.82
2017,35,0.0,0.71,0.69,32.68,78.92,1.74,27.56,12.8,Dourados,MS,Centro-Oeste,-22.22,-54.82
2017,36,3.53,0.7,0.7,31.55,80.73,1.73,19.19,9.06,Dourados,MS,Centro-Oeste,-22.22,-54.82
2017,37,3.4,0.7,0.72,29.87,86.12,1.12,22.97,10.87,Dourados,MS,Centro-Oeste,-22.22,-54.82
2017,38,0.8,0.7,0.69,30.03,78.96,1.13,28.31,12.99,Dourados,MS,Centro-Oeste,-22.22,-54.82
2017,39,1.41,0.69,0.68,33.23,74.63,0.67,26.84,12.61,Dourados,MS,Centro-Oeste,-22.22,-54.82
2017,40,12.52,0.7,0.76,31.23,80.27,1.47,25.65,11.99,Dourados,MS,Centro-Oeste,-22.22,-54.82
2017,41,22.18,0.72,0.82,29.92,85.78,1.59,22.56,10.54,Dourados,MS,Centro-Oeste,-22.22,-54.82
2017,42,3.6,0.74,0.78,28.39,88.64,0.94,17.75,8.42,Dourados,MS,Centro-Oeste,-22.22,-54.82
2017,43,5.2,0.74,0.78,30.98,83.92,0.67,18.6,8.9,Dourados,MS,Centro-Oeste,-22.22,-54.82
2017,44,3.32,0.73,0.75,30.18,83.09,1.3,17.66,8.36,Dourados,MS,Centro-Oeste,-22.22,-54.82
2017,45,7.68,0.73,0.77,29.59,86.22,2.36,17.69,8.56,Dourados,MS,Centro-Oeste,-22.22,-54.82
2017,46,1.68,0.73,0.75,29.99,81.86,1.74,25.2,11.88,Dourados,MS,Centro-Oeste,-22.22,-54.82
2017,47,1.14,0.72,0.72,32.25,74.19,1.59,27.41,12.71,Dourados,MS,Centro-Oeste,-22.22,-54.82
2017,48,0.11,0.71,0.7,31.35,76.86,1.52,27.73,12.96,Dourados,MS,Centro-Oeste,-22.22,-54.82
2017,49,0.09,0.7,0.69,30.56,78.87,1.79,25.12,11.81,Dourados,MS,Centro-Oeste,-22.22,-54.82
2017,50,13.46,0.7,0.76,31.44,76.09,1.07,25.84,12.13,Dourados,MS,Centro-Oeste,-22.22,-54.82
2017,51,1.36,0.71,0.72,32.34,76.51,1.25,27.25,12.73,Dourados,MS,Centro-Oeste,-22.22,-54.82
2017,52,0.7,0.71,0.71,31.2,80.18,1.2,26.28,12.24,Dourados,MS,Centro-Oeste,-22.22,-54.82
2017,53,0.27,0.7,0.69,31.48,77.46,1.01,24.54,11.36,Dourados,MS,Centro-Oeste,-22.22,-54.82
2017,54,7.18,0.7,0.73,29.1,83.78,1.05,18.54,8.84,Dourados,MS,Centro-Oeste,-22.22,-54.82
2017,55,11.44,0.71,0.76,29.6,84.1,1.3,17.83,8.49,Dourados,MS,Centro-Oeste,-22.22,-54.82
2017,56,1.49,0.72,0.73,30.94,79.09,1.02,24.8,11.55,Dourados,MS,Centro-Oeste,-22.22,-54.82
2017,57,0.73,0.71,0.71,31.72,74.99,0.74,24.92,11.7,Dourados,MS,Centro-Oeste,-22.22,-54.82
2017,58,0.39,0.7,0.69,32.12,70.74,0.66,24.88,11.56,Dourados,MS,Centro-Oeste,-22.22,-54.82
2017,59,0.66,0.69,0.68,32.31,69.78,0.82,24.84,11.61,Dourados,MS,Centro-Oeste,-22.22,-54.82
2017,60,0.39,0.69,0.68,29.47,81.4,1.51,23.17,10.81,Dourados,MS,Centro-Oeste,-22.22,-54.82
2017,61,0.56,0.68,0.67,30.86,81.02,1.79,17.59,8.37,Dourados,MS,Centro-Oeste,-22.22,-54.82
2017,62,4.2,0.68,0.68,32.48,78.45,1.9,19.49,9.26,Dourados,MS,Centro-Oeste,-22.22,-54.82
2017,63,1.89,0.68,0.67,32.26,78.29,1.86,17.18,8.2,Dourados,MS,Centro-Oeste,-22.22,-54.82
2017,64,13.11,0.69,0.74,31.26,80.83,1.37,8.89,4.4,Dourados,MS,Centro-Oeste,-22.22,-54.82
2017,65,4.34,0.7,0.73,32.51,76.85,0.84,17.29,8.19,Dourados,MS,Centro-Oeste,-22.22,-54.82
2017,66,1.02,0.69,0.68,32.61,78.74,1.44,22.66,10.57,Dourados,MS,Centro-Oeste,-22.22,-54.82
2017,67,0.23,0.69,0.67,32.52,78.56,1.48,23.08,10.88,Dourados,MS,Centro-Oeste,-22.22,-54.82
2017,68,0.02,0.68,0.65,35.09,72.27,2.07,26.16,12.22,Dourados,MS,Centro-Oeste,-22.22,-54.82
2017,69,13.7,0.68,0.73,34.22,75.04,1.63,22.62,10.62,Dourados,MS,Centro-Oeste,-22.22,-54.82
2017,70,0.06,0.69,0.68,32.97,75.03,1.25,24.41,11.49,Dourados,MS,Centro-Oeste,-22.22,-54.82
2017,71,8.13,0.69,0.71,33.39,74.16,0.87,22.0,10.34,Dourados,MS,Centro-Oeste,-22.22,-54.82
2017,72,6.24,0.7,0.73,31.78,78.7,2.04,18.02,8.58,Dourados,MS,Centro-Oeste,-22.22,-54.82
2017,73,1.61,0.69,0.68,32.75,74.85,1.24,23.59,11.02,Dourados,MS,Centro-Oeste,-22.22,-54.82
2017,74,0.3,0.68,0.66,33.3,74.44,1.75,24.7,11.58,Dourados,MS,Centro-Oeste,-22.22,-54.82
2017,75,14.77,0.69,0.74,32.09,77.71,1.37,15.79,7.53,Dourados,MS,Centro-Oeste,-22.22,-54.82
2017,76,12.48,0.72,0.79,29.19,87.17,1.79,10.99,5.47,Dourados,MS,Centro-Oeste,-22.22,-54.82
2017,77,12.35,0.72,0.78,28.94,83.35,1.83,11.66,5.74,Dourados,MS,Centro-Oeste,-22.22,-54.82
2017,78,2.69,0.73,0.75,29.76,84.08,1.74,11.13,5.43,Dourados,MS,Centro-Oeste,-22.22,-54.82
2017,79,0.27,0.72,0.72,29.86,79.87,1.52,23.27,10.69,Dourados,MS,Centro-Oeste,-22.22,-54.82
2017,80,0.04,0.71,0.7,30.05,76.46,1.71,25.56,11.72,Dourados,MS,Centro-Oeste,-22.22,-54.82
2017,81,0.03,0.7,0.69,31.32,76.89,1.32,22.03,10.21,Dourados,MS,Centro-Oeste,-22.22,-54.82
2017,82,0.15,0.69,0.68,29.73,78.7,0.86,17.69,8.35,Dourados,MS,Centro-Oeste,-22.22,-54.82
2017,83,0.23,0.69,0.67,30.66,74.48,0.82,21.52,10.06,Dourados,MS,Centro-Oeste,-22.22,-54.82
2017,84,4.09,0.69,0.69,32.39,73.22,0.99,21.76,10.24,Dourados,MS,Centro-Oeste,-22.22,-54.82
2017,85,21.32,0.7,0.8,29.66,81.53,0.99,11.39,5.58,Dourados,MS,Centro-Oeste,-22.22,-54.82
2017,86,1.38,0.72,0.74,30.22,80.72,1.16,11.75,5.69,Dourados,MS,Centro-Oeste,-22.22,-54.82
2017,87,0.05,0.71,0.7,30.21,79.0,1.69,20.65,9.58,Dourados,MS,Centro-Oeste,-22.22,-54.82
2017,88,0.01,0.7,0.69,29.84,76.85,1.94,24.02,11.03,Dourados,MS,Centro-Oeste,-22.22,-54.82
2017,89,0.0,0.69,0.68,30.17,73.14,1.73,23.63,10.84,Dourados,MS,Centro-Oeste,-22.22,-54.82
2017,90,0.0,0.68,0.66,30.86,71.93,1.78,23.54,10.77,Dourados,MS,Centro-Oeste,-22.22,-54.82
2017,91,0.0,0.68,0.65,29.68,69.52,2.22,23.94,10.85,Dourados,MS,Centro-Oeste,-22.22,-54.82
2017,92,0.0,0.67,0.65,29.21,71.27,2.01,23.18,10.52,Dourados,MS,Centro-Oeste,-22.22,-54.82
2017,93,0.0,0.67,0.64,32.05,70.41,1.5,19.74,9.11,Dourados,MS,Centro-Oeste,-22.22,-54.82
2017,94,10.5,0.67,0.7,30.12,81.55,1.62,6.88,3.44,Dourados,MS,Centro-Oeste,-22.22,-54.82
2017,95,15.79,0.7,0.78,28.22,90.51,1.65,14.14,6.75,Dourados,MS,Centro-Oeste,-22.22,-54.82
2017,96,7.54,0.71,0.75,30.4,86.72,1.32,12.21,5.84,Dourados,MS,Centro-Oeste,-22.22,-54.82
2017,97,2.06,0.71,0.72,30.47,86.43,1.28,15.34,7.26,Dourados,MS,Centro-Oeste,-22.22,-54.82
2017,98,2.75,0.71,0.72,30.13,87.37,1.44,16.68,7.91,Dourados,MS,Centro-Oeste,-22.22,-54.82
2017,99,3.83,0.71,0.72,28.57,89.02,1.56,16.89,8.01,Dourados,MS,Centro-Oeste,-22.22,-54.82
2017,100,4.3,0.71,0.74,28.83,87.89,1.2,15.98,7.59,Dourados,MS,Centro-Oeste,-22.22,-54.82
2017,101,2.88,0.71,0.72,28.04,87.74,1.72,9.09,4.51,Dourados,MS,Centro-Oeste,-22.22,-54.82
2017,102,0.03,0.71,0.7,29.66,76.4,1.92,21.45,9.98,Dourados,MS,Centro-Oeste,-22.22,-54.82
2017,103,0.06,0.7,0.68,30.7,76.12,0.99,14.78,6.97,Dourados,MS,Centro-Oeste,-22.22,-54.82
2017,104,0.02,0.69,0.67,31.98,77.5,1.36,20.9,9.76,Dourados,MS,Centro-Oeste,-22.22,-54.82
2017,105,2.11,0.68,0.67,32.55,78.84,1.38,20.65,9.67,Dourados,MS,Centro-Oeste,-22.22,-54.82
2017,106,23.58,0.7,0.8,30.23,83.76,1.1,3.36,1.78,Dourados,MS,Centro-Oeste,-22.22,-54.82
2017,107,2.4,0.72,0.75,28.84,84.24,1.12,11.12,5.32,Dourados,MS,Centro-Oeste,-22.22,-54.82
2017,108,0.8,0.71,0.71,28.83,81.68,1.23,12.24,5.8,Dourados,MS,Centro-Oeste,-22.22,-54.82
2017,109,10.27,0.71,0.75,26.88,87.03,1.83,15.71,7.37,Dourados,MS,Centro-Oeste,-22.22,-54.82
2017,110,19.44,0.74,0.84,25.53,91.53,1.81,5.84,2.97,Dourados,MS,Centro-Oeste,-22.22,-54.82
2017,111,0.64,0.74,0.76,24.17,85.33,1.52,14.8,6.73,Dourados,MS,Centro-Oeste,-22.22,-54.82
2017,112,0.08,0.73,0.74,26.16,84.51,1.16,15.15,6.99,Dourados,MS,Centro-Oeste,-22.22,-54.82
2017,113,0.03,0.72,0.73,27.22,81.35,1.46,20.26,9.24,Dourados,MS,Centro-Oeste,-22.22,-54.82
2017,114,0.0,0.71,0.72,28.11,80.31,1.75,19.21,8.91,Dourados,MS,Centro-Oeste,-22.22,-54.82
2017,115,3.51,0.71,0.73,27.4,87.7,1.86,14.66,6.93,Dourados,MS,Centro-Oeste,-22.22,-54.82
2017,116,22.42,0.74,0.84,23.09,89.29,2.18,3.12,1.65,Dourados,MS,Centro-Oeste,-22.22,-54.82
2017,117,0.0,0.74,0.75,21.24,72.32,2.33,21.02,9.23,Dourados,MS,Centro-Oeste,-22.22,-54.82
2017,118,0.01,0.73,0.74,22.49,72.42,1.41,21.04,9.14,Dourados,MS,Centro-Oeste,-22.22,-54.82
2017,119,0.01,0.73,0.73,24.37,80.39,1.59,20.19,8.87,Dourados,MS,Centro-Oeste,-22.22,-54.82
2017,120,0.06,0.72,0.73,25.67,82.97,1.35,14.74,6.68,Dourados,MS,Centro-Oeste,-22.22,-54.82
2017,121,0.88,0.72,0.73,24.27,92.19,1.19,9.3,4.48,Dourados,MS,Centro-Oeste,-22.22,-54.82
2017,122,0.07,0.71,0.72,28.41,85.65,1.55,18.37,8.53,Dourados,MS,Centro-Oeste,-22.22,-54.82
2017,123,6.53,0.71,0.74,29.15,83.3,1.61,15.89,7.38,Dourados,MS,Centro-Oeste,-22.22,-54.82
2017,124,6.23,0.72,0.77,27.91,86.54,1.56,8.84,4.24,Dourados,MS,Centro-Oeste,-22.22,-54.82
2017,125,1.16,0.72,0.73,27.05,88.16,1.14,12.22,5.68,Dourados,MS,Centro-Oeste,-22.22,-54.82
2017,126,0.07,0.72,0.72,28.58,83.7,1.0,17.18,7.86,Dourados,MS,Centro-Oeste,-22.22,-54.82
2017,127,0.04,0.71,0.71,28.41,82.04,2.02,17.93,8.22,Dourados,MS,Centro-Oeste,-22.22,-54.82
2017,128,0.52,0.7,0.7,29.25,81.98,1.67,18.43,8.52,Dourados,MS,Centro-Oeste,-22.22,-54.82
2017,129,1.22,0.7,0.71,28.93,82.78,0.85,11.33,5.27,Dourados,MS,Centro-Oeste,-22.22,-54.82
2017,130,1.01,0.7,0.7,28.17,86.45,1.39,12.61,5.85,Dourados,MS,Centro-Oeste,-22.22,-54.82
2017,131,0.11,0.7,0.69,28.62,83.44,1.52,12.15,5.6,Dourados,MS,Centro-Oeste,-22.22,-54.82
2017,132,0.01,0.69,0.68,29.68,80.08,1.9,17.38,8.05,Dourados,MS,Centro-Oeste,-22.22,-54.82
2017,133,6.97,0.69,0.71,29.34,83.91,2.34,16.19,7.37,Dourados,MS,Centro-Oeste,-22.22,-54.82
2017,134,1.33,0.7,0.71,27.2,88.14,1.08,13.14,6.14,Dourados,MS,Centro-Oeste,-22.22,-54.82
2017,135,11.55,0.71,0.77,22.42,90.23,1.66,4.9,2.46,Dourados,MS,Centro-Oeste,-22.22,-54.82
2017,136,1.56,0.71,0.72,24.94,84.3,0.98,10.2,4.76,Dourados,MS,Centro-Oeste,-22.22,-54.82
2017,137,1.1,0.71,0.72,27.34,87.08,1.21,6.98,3.36,Dourados,MS,Centro-Oeste,-22.22,-54.82
2017,138,1.94,0.71,0.72,26.41,92.39,1.71,11.15,5.22,Dourados,MS,Centro-Oeste,-22.22,-54.82
2017,139,6.32,0.71,0.74,27.05,90.46,2.11,9.29,4.39,Dourados,MS,Centro-Oeste,-22.22,-54.82
2017,140,26.71,0.73,0.82,25.23,91.74,1.47,5.25,2.62,Dourados,MS,Centro-Oeste,-22.22,-54.82
2017,141,39.19,0.79,0.93,19.77,94.16,1.85,2.27,1.21,Dourados,MS,Centro-Oeste,-22.22,-54.82
2017,142,0.64,0.8,0.82,24.62,91.27,1.45,11.02,5.08,Dourados,MS,Centro-Oeste,-22.22,-54.82
2017,143,0.32,0.79,0.8,28.13,90.92,1.64,10.15,4.87,Dourados,MS,Centro-Oeste,-22.22,-54.82
2017,144,0.67,0.78,0.79,27.47,91.48,1.24,11.59,5.5,Dourados,MS,Centro-Oeste,-22.22,-54.82
2017,145,0.58,0.77,0.78,29.47,89.16,1.57,15.83,7.45,Dourados,MS,Centro-Oeste,-22.22,-54.82
2017,146,0.83,0.77,0.78,30.3,86.21,1.25,15.56,7.28,Dourados,MS,Centro-Oeste,-22.22,-54.82
2017,147,5.56,0.76,0.8,28.47,87.96,1.27,9.55,4.52,Dourados,MS,Centro-Oeste,-22.22,-54.82
2017,148,0.62,0.77,0.78,25.61,89.24,1.17,6.5,3.13,Dourados,MS,Centro-Oeste,-22.22,-54.82
2017,149,0.1,0.76,0.77,27.46,85.78,1.03,8.8,4.1,Dourados,MS,Centro-Oeste,-22.22,-54.82
2017,150,0.55,0.76,0.77,27.59,87.47,1.09,10.1,4.71,Dourados,MS,Centro-Oeste,-22.22,-54.82
2017,151,0.79,0.75,0.76,21.86,86.42,1.99,4.06,2.03,Dourados,MS,Centro-Oeste,-22.22,-54.82
2017,152,0.22,0.75,0.76,19.84,82.43,1.29,13.65,6.1,Dourados,MS,Centro-Oeste,-22.22,-54.82
2017,153,0.04,0.75,0.76,20.32,85.52,1.12,13.49,6.02,Dourados,MS,Centro-Oeste,-22.22,-54.82
2017,154,0.07,0.74,0.75,25.84,86.67,1.68,15.42,7.08,Dourados,MS,Centro-Oeste,-22.22,-54.82
2017,155,0.78,0.74,0.75,28.48,86.55,1.94,14.26,6.63,Dourados,MS,Centro-Oeste,-22.22,-54.82
2017,156,2.61,0.74,0.76,28.37,89.32,1.61,9.48,4.42,Dourados,MS,Centro-Oeste,-22.22,-54.82
2017,157,1.91,0.74,0.76,28.25,89.89,1.39,10.38,4.91,Dourados,MS,Centro-Oeste,-22.22,-54.82
2017,158,0.31,0.73,0.74,28.73,87.29,1.88,12.35,5.77,Dourados,MS,Centro-Oeste,-22.22,-54.82
2017,159,28.92,0.74,0.81,27.79,84.53,2.72,8.79,4.11,Dourados,MS,Centro-Oeste,-22.22,-54.82
2017,160,0.18,0.76,0.77,17.66,72.82,2.8,12.26,5.37,Dourados,MS,Centro-Oeste,-22.22,-54.82
2017,161,0.0,0.75,0.76,17.63,77.11,1.17,15.84,6.96,Dourados,MS,Centro-Oeste,-22.22,-54.82
2017,162,0.96,0.74,0.75,21.48,78.13,1.23,17.0,7.31,Dourados,MS,Centro-Oeste,-22.22,-54.82
2017,163,9.65,0.76,0.81,21.31,91.52,1.02,6.89,3.17,Dourados,MS,Centro-Oeste,-22.22,-54.82
2017,164,7.21,0.77,0.81,23.16,93.23,0.9,6.38,3.05,Dourados,MS,Centro-Oeste,-22.22,-54.82
2017,165,1.18,0.77,0.78,25.77,90.42,1.32,11.12,5.06,Dourados,MS,Centro-Oeste,-22.22,-54.82
2017,166,0.01,0.76,0.77,26.34,88.05,1.77,15.4,7.0,Dourados,MS,Centro-Oeste,-22.22,-54.82
2017,167,0.02,0.75,0.76,26.52,84.78,2.06,16.05,7.19,Dourados,MS,Centro-Oeste,-22.22,-54.82
2017,168,0.03,0.75,0.75,27.78,83.97,2.02,15.62,7.06,Dourados,MS,Centro-Oeste,-22.22,-54.82
2017,169,0.06,0.74,0.75,27.69,79.64,1.65,15.91,7.1,Dourados,MS,Centro-Oeste,-22.22,-54.82
2017,170,7.1,0.74,0.78,17.89,88.58,2.3,3.0,1.56,Dourados,MS,Centro-Oeste,-22.22,-54.82
2017,171,0.17,0.75,0.76,19.83,85.73,1.16,10.99,4.9,Dourados,MS,Centro-Oeste,-22.22,-54.82
2017,172,0.03,0.74,0.75,25.05,88.2,1.61,14.23,6.48,Dourados,MS,Centro-Oeste,-22.22,-54.82
2017,173,0.03,0.74,0.74,25.56,83.13,2.6,15.9,7.16,Dourados,MS,Centro-Oeste,-22.22,-54.82
2017,174,0.0,0.73,0.74,25.8,79.9,2.59,15.6,7.04,Dourados,MS,Centro-Oeste,-22.22,-54.82
2017,175,0.0,0.73,0.73,26.17,81.44,2.21,13.99,6.35,Dourados,MS,Centro-Oeste,-22.22,-54.82
2017,176,0.0,0.72,0.72,26.03,78.5,2.18,15.88,7.11,Dourados,MS,Centro-Oeste,-22.22,-54.82
2017,177,0.0,0.72,0.72,25.64,76.19,2.71,15.76,6.98,Dourados,MS,Centro-Oeste,-22.22,-54.82
2017,178,0.0,0.71,0.71,26.76,78.91,2.09,15.53,6.98,Dourados,MS,Centro-Oeste,-22.22,-54.82
2017,179,0.0,0.71,0.71,26.65,77.79,1.52,15.74,7.07,Dourados,MS,Centro-Oeste,-22.22,-54.82
2017,180,0.0,0.71,0.71,25.76,77.31,1.28,8.36,3.85,Dourados,MS,Centro-Oeste,-22.22,-54.82
2017,181,0.01,0.7,0.7,27.15,75.23,0.78,13.47,6.03,Dourados,MS,Centro-Oeste,-22.22,-54.82
2017,182,0.0,0.7,0.7,26.38,81.53,1.53,13.59,6.15,Dourados,MS,Centro-Oeste,-22.22,-54.82
2017,183,0.02,0.7,0.69,25.4,81.23,1.79,14.59,6.49,Dourados,MS,Centro-Oeste,-22.22,-54.82
2017,184,0.0,0.69,0.69,21.81,79.88,2.62,12.21,5.49,Dourados,MS,Centro-Oeste,-22.22,-54.82
2017,185,0.0,0.69,0.68,23.39,73.18,2.96,16.12,7.17,Dourados,MS,Centro-Oeste,-22.22,-54.82
2017,186,0.0,0.69,0.68,25.83,72.17,2.43,14.78,6.61,Dourados,MS,Centro-Oeste,-22.22,-54.82
2017,187,0.0,0.69,0.67,26.04,75.93,1.5,16.22,7.28,Dourados,MS,Centro-Oeste,-22.22,-54.82
2017,188,0.0,0.68,0.67,25.79,75.42,1.32,16.28,7.24,Dourados,MS,Centro-Oeste,-22.22,-54.82
2017,189,0.0,0.68,0.66,27.42,76.12,1.98,15.99,7.13,Dourados,MS,Centro-Oeste,-22.22,-54.82
2017,190,0.18,0.68,0.66,27.7,76.47,1.88,11.29,5.13,Dourados,MS,Centro-Oeste,-22.22,-54.82
2017,191,0.04,0.67,0.66,28.72,75.75,1.27,16.13,7.3,Dourados,MS,Centro-Oeste,-22.22,-54.82
2017,192,0.0,0.67,0.65,28.48,70.34,1.52,16.56,7.43,Dourados,MS,Centro-Oeste,-22.22,-54.82
2017,193,0.0,0.67,0.65,28.05,72.14,1.95,16.27,7.22,Dourados,MS,Centro-Oeste,-22.22,-54.82
2017,194,0.0,0.67,0.64,28.94,69.21,2.23,16.73,7.43,Dourados,MS,Centro-Oeste,-22.22,-54.82
2017,195,0.0,0.66,0.64,29.44,68.46,2.37,16.98,7.52,Dourados,MS,Centro-Oeste,-22.22,-54.82
2017,196,0.0,0.66,0.63,29.91,61.99,2.86,17.2,7.56,Dourados,MS,Centro-Oeste,-22.22,-54.82
2017,197,0.01,0.66,0.63,30.16,59.25,2.47,16.55,7.39,Dourados,MS,Centro-Oeste,-22.22,-54.82
2017,198,0.6,0.65,0.64,16.64,75.88,3.51,3.54,1.79,Dourados,MS,Centro-Oeste,-22.22,-54.82
2017,199,0.0,0.65,0.64,14.81,63.87,2.56,18.08,7.67,Dourados,MS,Centro-Oeste,-22.22,-54.82
2017,200,0.01,0.65,0.64,19.56,69.01,1.53,17.65,7.63,Dourados,MS,Centro-Oeste,-22.22,-54.82
2017,201,0.0,0.65,0.63,24.48,65.7,1.19,17.51,7.52,Dourados,MS,Centro-Oeste,-22.22,-54.82
2017,202,0.0,0.65,0.63,27.95,67.01,1.16,17.17,7.54,Dourados,MS,Centro-Oeste,-22.22,-54.82
2017,203,0.0,0.65,0.62,29.08,66.79,1.52,17.6,7.72,Dourados,MS,Centro-Oeste,-22.22,-54.82
2017,204,0.0,0.65,0.62,30.12,61.97,2.72,17.49,7.69,Dourados,MS,Centro-Oeste,-22.22,-54.82
2017,205,0.0,0.64,0.62,31.81,62.49,2.22,17.65,7.83,Dourados,MS,Centro-Oeste,-22.22,-54.82
2017,206,0.0,0.64,0.61,30.11,62.01,1.74,18.12,7.96,Dourados,MS,Centro-Oeste,-22.22,-54.82
2017,207,0.0,0.64,0.61,30.28,63.95,1.84,17.48,7.7,Dourados,MS,Centro-Oeste,-22.22,-54.82
2017,208,0.0,0.64,0.61,29.14,65.07,1.84,17.87,7.84,Dourados,MS,Centro-Oeste,-22.22,-54.82
2017,209,0.0,0.63,0.61,28.86,61.59,2.41,17.9,7.86,Dourados,MS,Centro-Oeste,-22.22,-54.82
2017,210,0.0,0.63,0.6,29.73,63.02,2.45,17.67,7.88,Dourados,MS,Centro-Oeste,-22.22,-54.82
2017,211,0.0,0.63,0.6,30.08,60.09,1.87,17.93,7.97,Dourados,MS,Centro-Oeste,-22.22,-54.82
2017,212,0.0,0.63,0.59,29.64,62.4,1.33,14.84,6.64,Dourados,MS,Centro-Oeste,-22.22,-54.82
2017,213,0.0,0.63,0.58,28.82,60.66,1.75,13.32,5.94,Dourados,MS,Centro-Oeste,-22.22,-54.82
2017,214,0.88,0.62,0.58,30.86,63.54,2.66,7.91,3.68,Dourados,MS,Centro-Oeste,-22.22,-54.82
2017,215,0.05,0.62,0.58,23.05,70.4,2.71,6.56,3.07,Dourados,MS,Centro-Oeste,-22.22,-54.82
2017,216,0.01,0.62,0.57,25.78,68.82,1.45,16.15,7.2,Dourados,MS,Centro-Oeste,-22.22,-54.82
2017,217,0.03,0.62,0.56,26.76,68.26,2.06,18.5,8.31,Dourados,MS,Centro-Oeste,-22.22,-54.82
2017,218,0.0,0.62,0.55,28.76,65.09,1.92,18.79,8.41,Dourados,MS,Centro-Oeste,-22.22,-54.82
2017,219,0.0,0.62,0.54,32.02,56.5,2.04,18.08,8.1,Dourados,MS,Centro-Oeste,-22.22,-54.82
2017,220,0.0,0.62,0.52,34.25,50.14,2.12,15.81,7.06,Dourados,MS,Centro-Oeste,-22.22,-54.82
2017,221,0.0,0.62,0.51,35.6,49.44,1.69,14.61,6.51,Dourados,MS,Centro-Oeste,-22.22,-54.82
2017,222,0.0,0.61,0.5,36.27,46.32,2.14,17.13,7.65,Dourados,MS,Centro-Oeste,-22.22,-54.82
2017,223,0.0,0.61,0.49,36.59,43.83,2.76,16.55,7.32,Dourados,MS,Centro-Oeste,-22.22,-54.82
2017,224,0.01,0.61,0.47,36.13,41.91,2.88,15.76,7.06,Dourados,MS,Centro-Oeste,-22.22,-54.82
2017,225,5.02,0.61,0.54,22.31,65.09,2.36,4.56,2.33,Dourados,MS,Centro-Oeste,-22.22,-54.82
2017,226,7.16,0.62,0.59,27.47,69.56,1.57,16.52,7.34,Dourados,MS,Centro-Oeste,-22.22,-54.82
2017,227,17.17,0.65,0.75,25.13,84.08,1.86,3.58,1.84,Dourados,MS,Centro-Oeste,-22.22,-54.82
2017,228,6.82,0.67,0.71,23.85,87.03,1.66,5.17,2.58,Dourados,MS,Centro-Oeste,-22.22,-54.82
2017,229,6.68,0.67,0.71,25.34,85.22,1.11,5.36,2.66,Dourados,MS,Centro-Oeste,-22.22,-54.82
2017,230,6.67,0.68,0.73,25.83,86.52,1.27,5.87,2.83,Dourados,MS,Centro-Oeste,-22.22,-54.82
2017,231,0.78,0.68,0.67,29.72,77.59,2.11,14.06,6.46,Dourados,MS,Centro-Oeste,-22.22,-54.82
2017,232,1.22,0.68,0.67,25.22,71.78,3.77,11.52,5.29,Dourados,MS,Centro-Oeste,-22.22,-54.82
2017,233,0.0,0.67,0.65,24.03,67.04,2.83,21.68,9.31,Dourados,MS,Centro-Oeste,-22.22,-54.82
2017,234,0.03,0.67,0.65,26.95,73.62,2.66,20.23,9.03,Dourados,MS,Centro-Oeste,-22.22,-54.82
2017,235,0.79,0.66,0.64,33.06,70.86,2.69,18.41,8.4,Dourados,MS,Centro-Oeste,-22.22,-54.82
2017,236,0.2,0.66,0.63,34.04,67.34,2.59,20.58,9.35,Dourados,MS,Centro-Oeste,-22.22,-54.82
2017,237,0.03,0.65,0.62,32.65,64.51,2.62,21.36,9.67,Dourados,MS,Centro-Oeste,-22.22,-54.82
2017,238,0.18,0.65,0.62,34.8,62.99,1.94,20.61,9.32,Dourados,MS,Centro-Oeste,-22.22,-54.82
2017,239,0.22,0.64,0.61,35.17,60.77,1.91,20.07,9.17,Dourados,MS,Centro-Oeste,-22.22,-54.82
2017,240,0.01,0.64,0.6,35.48,58.37,2.02,20.88,9.44,Dourados,MS,Centro-Oeste,-22.22,-54.82
2017,241,0.0,0.64,0.6,35.75,53.71,1.74,22.29,9.88,Dourados,MS,Centro-Oeste,-22.22,-54.82
2017,242,0.0,0.63,0.59,36.82,52.25,1.35,20.83,9.29,Dourados,MS,Centro-Oeste,-22.22,-54.82
2017,243,0.0,0.63,0.59,35.35,64.99,1.9,20.22,9.21,Dourados,MS,Centro-Oeste,-22.22,-54.82
2017,244,0.0,0.63,0.59,34.59,59.18,2.89,21.95,9.78,Dourados,MS,Centro-Oeste,-22.22,-54.82
2017,245,0.0,0.62,0.58,35.69,57.36,3.22,21.76,9.67,Dourados,MS,Centro-Oeste,-22.22,-54.82
2017,246,0.0,0.62,0.56,36.14,52.51,2.82,22.2,9.97,Dourados,MS,Centro-Oeste,-22.22,-54.82
2017,247,0.0,0.62,0.54,36.1,47.11,2.02,23.08,10.21,Dourados,MS,Centro-Oeste,-22.22,-54.82
2017,248,0.0,0.61,0.51,36.44,47.83,1.05,22.65,10.11,Dourados,MS,Centro-Oeste,-22.22,-54.82
2017,249,0.0,0.61,0.49,35.73,50.21,2.06,20.63,9.16,Dourados,MS,Centro-Oeste,-22.22,-54.82
2017,250,0.0,0.61,0.47,36.3,38.61,2.37,21.0,9.27,Dourados,MS,Centro-Oeste,-22.22,-54.82
2017,251,0.0,0.61,0.45,37.06,43.21,2.22,19.69,8.62,Dourados,MS,Centro-Oeste,-22.22,-54.82
2017,252,0.0,0.61,0.43,37.64,41.38,2.89,21.3,9.38,Dourados,MS,Centro-Oeste,-22.22,-54.82
2017,253,0.0,0.6,0.42,39.53,40.15,2.87,22.62,9.99,Dourados,MS,Centro-Oeste,-22.22,-54.82
2017,254,4.22,0.61,0.47,35.44,51.9,2.02,11.97,5.46,Dourados,MS,Centro-Oeste,-22.22,-54.82
2017,255,0.31,0.61,0.52,37.41,56.29,1.8,21.96,9.95,Dourados,MS,Centro-Oeste,-22.22,-54.82
2017,256,0.01,0.61,0.48,39.22,43.2,2.27,23.84,10.67,Dourados,MS,Centro-Oeste,-22.22,-54.82
2017,257,0.0,0.6,0.43,39.54,34.71,2.75,23.48,10.47,Dourados,MS,Centro-Oeste,-22.22,-54.82
2017,258,0.0,0.6,0.4,39.36,37.01,2.57,22.18,9.87,Dourados,MS,Centro-Oeste,-22.22,-54.82
2017,259,0.0,0.6,0.38,35.46,56.59,2.74,19.93,9.16,Dourados,MS,Centro-Oeste,-22.22,-54.82
2017,260,0.0,0.6,0.38,34.03,55.17,2.55,20.29,9.23,Dourados,MS,Centro-Oeste,-22.22,-54.82
2017,261,0.0,0.6,0.36,37.25,44.68,1.51,22.12,9.98,Dourados,MS,Centro-Oeste,-22.22,-54.82
2017,262,0.0,0.6,0.35,38.63,39.12,2.07,23.2,10.26,Dourados,MS,Centro-Oeste,-22.22,-54.82
2017,263,0.0,0.6,0.34,38.6,35.2,2.75,24.57,10.89,Dourados,MS,Centro-Oeste,-22.22,-54.82
2017,264,0.0,0.6,0.33,39.36,34.28,2.29,24.61,10.97,Dourados,MS,Centro-Oeste,-22.22,-54.82
2017,265,0.0,0.6,0.31,39.1,30.4,1.84,25.21,11.14,Dourados,MS,Centro-Oeste,-22.22,-54.82
2017,266,0.01,0.6,0.3,39.09,31.9,1.08,22.55,9.98,Dourados,MS,Centro-Oeste,-22.22,-54.82
2017,267,0.44,0.6,0.3,37.09,40.09,2.22,18.41,8.35,Dourados,MS,Centro-Oeste,-22.22,-54.82
2017,268,0.85,0.6,0.32,32.66,51.07,1.88,11.34,5.37,Dourados,MS,Centro-Oeste,-22.22,-54.82
2017,269,0.01,0.6,0.33,37.16,45.37,1.71,21.14,9.5,Dourados,MS,Centro-Oeste,-22.22,-54.82
2017,270,0.0,0.6,0.32,38.79,38.82,1.63,23.83,10.61,Dourados,MS,Centro-Oeste,-22.22,-54.82
2017,271,1.39,0.6,0.31,36.68,47.39,1.46,19.82,8.91,Dourados,MS,Centro-Oeste,-22.22,-54.82
2017,272,4.78,0.6,0.44,25.38,70.42,1.02,4.45,2.24,Dourados,MS,Centro-Oeste,-22.22,-54.82
2017,273,2.08,0.61,0.54,30.9,69.91,1.33,16.47,7.5,Dourados,MS,Centro-Oeste,-22.22,-54.82
2017,274,7.02,0.61,0.53,35.78,61.55,3.86,18.4,8.48,Dourados,MS,Centro-Oeste,-22.22,-54.82
2017,275,29.05,0.66,0.76,23.84,70.11,2.81,9.97,4.84,Dourados,MS,Centro-Oeste,-22.22,-54.82
2017,276,0.0,0.65,0.63,28.59,52.69,1.59,25.88,11.38,Dourados,MS,Centro-Oeste,-22.22,-54.82
2017,277,0.01,0.65,0.61,31.74,52.19,1.91,24.71,11.17,Dourados,MS,Centro-Oeste,-22.22,-54.82
2017,278,0.0,0.64,0.6,36.43,54.64,2.73,25.43,11.49,Dourados,MS,Centro-Oeste,-22.22,-54.82
2017,279,0.01,0.63,0.59,37.99,59.54,2.31,21.59,9.98,Dourados,MS,Centro-Oeste,-22.22,-54.82
2017,280,3.64,0.63,0.62,37.41,61.09,1.82,16.13,7.46,Dourados,MS,Centro-Oeste,-22.22,-54.82
2017,281,1.99,0.63,0.63,29.33,77.95,2.1,15.18,7.14,Dourados,MS,Centro-Oeste,-22.22,-54.82
2017,282,0.0,0.63,0.6,36.03,66.13,1.73,18.55,8.63,Dourados,MS,Centro-Oeste,-22.22,-54.82
2017,283,0.03,0.63,0.59,39.0,58.51,2.36,23.07,10.6,Dourados,MS,Centro-Oeste,-22.22,-54.82
2017,284,1.66,0.62,0.59,39.84,57.97,1.73,22.32,10.32,Dourados,MS,Centro-Oeste,-22.22,-54.82
2017,285,1.08,0.62,0.59,36.46,56.38,1.58,20.6,9.66,Dourados,MS,Centro-Oeste,-22.22,-54.82
2017,286,0.76,0.62,0.58,36.75,59.96,2.31,23.43,10.93,Dourados,MS,Centro-Oeste,-22.22,-54.82
2017,287,0.24,0.61,0.56,32.87,62.4,3.01,21.02,9.69,Dourados,MS,Centro-Oeste,-22.22,-54.82
2017,288,0.0,0.61,0.53,35.98,58.75,1.59,26.21,11.97,Dourados,MS,Centro-Oeste,-22.22,-54.82
2017,289,0.0,0.61,0.48,39.25,50.91,2.46,25.76,11.86,Dourados,MS,Centro-Oeste,-22.22,-54.82
2017,290,0.05,0.61,0.44,38.84,49.81,2.43,26.71,12.24,Dourados,MS,Centro-Oeste,-22.22,-54.82
2017,291,0.15,0.6,0.41,39.29,51.26,2.27,23.05,10.69,Dourados,MS,Centro-Oeste,-22.22,-54.82
2017,292,4.78,0.6,0.45,40.29,53.32,1.86,13.99,6.6,Dourados,MS,Centro-Oeste,-22.22,-54.82
2017,293,0.73,0.61,0.54,30.01,72.94,1.71,13.04,6.22,Dourados,MS,Centro-Oeste,-22.22,-54.82
2017,294,12.72,0.62,0.62,30.55,73.92,2.73,15.58,7.37,Dourados,MS,Centro-Oeste,-22.22,-54.82
2017,295,20.15,0.66,0.76,23.91,84.96,3.31,8.67,4.22,Dourados,MS,Centro-Oeste,-22.22,-54.82
2017,296,0.02,0.66,0.64,29.51,68.36,1.5,20.94,9.66,Dourados,MS,Centro-Oeste,-22.22,-54.82
2017,297,0.08,0.65,0.62,33.73,68.01,1.56,26.01,12.01,Dourados,MS,Centro-Oeste,-22.22,-54.82
2017,298,0.16,0.65,0.62,32.57,69.94,1.53,17.41,8.12,Dourados,MS,Centro-Oeste,-22.22,-54.82
2017,299,2.48,0.64,0.63,35.96,68.4,1.97,13.95,6.7,Dourados,MS,Centro-Oeste,-22.22,-54.82
2017,300,2.55,0.64,0.62,36.2,65.93,2.65,20.07,9.32,Dourados,MS,Centro-Oeste,-22.22,-54.82
2017,301,3.73,0.64,0.65,33.71,75.45,1.72,16.05,7.63,Dourados,MS,Centro-Oeste,-22.22,-54.82
2017,302,0.81,0.64,0.62,34.52,72.33,2.15,19.56,9.18,Dourados,MS,Centro-Oeste,-22.22,-54.82
2017,303,9.64,0.64,0.64,34.89,68.53,3.12,6.21,3.23,Dourados,MS,Centro-Oeste,-22.22,-54.82
2017,304,1.62,0.65,0.67,30.89,73.2,2.73,22.26,10.26,Dourados,MS,Centro-Oeste,-22.22,-54.82
2017,305,0.0,0.64,0.61,34.8,64.01,2.51,26.29,12.03,Dourados,MS,Centro-Oeste,-22.22,-54.82
2017,306,0.0,0.64,0.6,33.7,65.05,2.63,27.71,12.76,Dourados,MS,Centro-Oeste,-22.22,-54.82
2017,307,0.51,0.63,0.6,35.24,67.77,1.8,22.98,10.82,Dourados,MS,Centro-Oeste,-22.22,-54.82
2017,308,5.45,0.63,0.64,30.9,78.5,3.05,15.49,7.4,Dourados,MS,Centro-Oeste,-22.22,-54.82
2017,309,6.29,0.65,0.68,28.07,82.03,1.95,8.31,4.27,Dourados,MS,Centro-Oeste,-22.22,-54.82
2017,310,9.12,0.65,0.67,30.57,77.89,2.06,12.58,6.19,Dourados,MS,Centro-Oeste,-22.22,-54.82
2017,311,4.48,0.66,0.69,32.63,74.18,1.97,17.11,8.16,Dourados,MS,Centro-Oeste,-22.22,-54.82
2017,312,6.92,0.66,0.69,31.01,80.92,1.75,6.7,3.43,Dourados,MS,Centro-Oeste,-22.22,-54.82
2017,313,0.31,0.66,0.64,35.16,68.43,1.19,22.76,10.55,Dourados,MS,Centro-Oeste,-22.22,-54.82
2017,314,5.67,0.66,0.67,32.64,75.91,1.77,15.18,7.29,Dourados,MS,Centro-Oeste,-22.22,-54.82
2017,315,0.13,0.66,0.64,30.99,58.29,2.98,31.05,13.91,Dourados,MS,Centro-Oeste,-22.22,-54.82
2017,316,0.0,0.65,0.62,32.72,56.94,2.24,28.11,12.77,Dourados,MS,Centro-Oeste,-22.22,-54.82
2017,317,0.0,0.64,0.6,34.64,50.3,1.7,32.24,14.25,Dourados,MS,Centro-Oeste,-22.22,-54.82
2017,318,0.13,0.63,0.59,35.89,52.58,1.78,29.16,13.18,Dourados,MS,Centro-Oeste,-22.22,-54.82
2017,319,0.0,0.63,0.58,37.64,54.68,2.2,30.79,13.9,Dourados,MS,Centro-Oeste,-22.22,-54.82
2017,320,4.21,0.63,0.62,35.45,62.19,2.32,25.41,11.86,Dourados,MS,Centro-Oeste,-22.22,-54.82
2017,321,1.35,0.63,0.61,34.04,66.82,3.09,26.85,12.56,Dourados,MS,Centro-Oeste,-22.22,-54.82
2017,322,27.38,0.64,0.71,29.9,81.54,2.92,5.45,2.88,Dourados,MS,Centro-Oeste,-22.22,-54.82
2017,323,0.25,0.67,0.68,31.73,68.01,2.32,23.72,11.02,Dourados,MS,Centro-Oeste,-22.22,-54.82
2017,324,0.02,0.66,0.63,34.27,60.38,1.26,28.82,13.15,Dourados,MS,Centro-Oeste,-22.22,-54.82
2017,325,6.85,0.66,0.67,32.46,74.97,1.82,21.11,10.0,Dourados,MS,Centro-Oeste,-22.22,-54.82
2017,326,1.41,0.66,0.65,32.76,66.51,2.77,26.89,12.47,Dourados,MS,Centro-Oeste,-22.22,-54.82
2017,327,0.03,0.65,0.62,35.03,58.72,1.35,28.83,13.27,Dourados,MS,Centro-Oeste,-22.22,-54.82
2017,328,3.05,0.65,0.63,34.74,64.3,1.47,23.54,10.97,Dourados,MS,Centro-Oeste,-22.22,-54.82
2017,329,7.36,0.65,0.66,35.21,71.63,2.65,16.42,7.92,Dourados,MS,Centro-Oeste,-22.22,-54.82
2017,330,2.69,0.65,0.67,30.71,81.29,1.46,12.27,6.14,Dourados,MS,Centro-Oeste,-22.22,-54.82
2017,331,10.96,0.66,0.7,34.19,75.49,1.64,18.25,8.72,Dourados,MS,Centro-Oeste,-22.22,-54.82
2017,332,1.95,0.66,0.66,33.74,70.08,1.07,20.94,9.72,Dourados,MS,Centro-Oeste,-22.22,-54.82
2017,333,5.15,0.66,0.66,34.36,72.25,1.37,22.92,10.77,Dourados,MS,Centro-Oeste,-22.22,-54.82
2017,334,40.4,0.68,0.79,27.95,88.67,1.6,4.33,2.32,Dourados,MS,Centro-Oeste,-22.22,-54.82
2017,335,1.38,0.71,0.73,31.67,78.91,1.47,15.3,7.4,Dourados,MS,Centro-Oeste,-22.22,-54.82
2017,336,0.14,0.7,0.68,31.85,75.46,1.32,22.24,10.38,Dourados,MS,Centro-Oeste,-22.22,-54.82
2017,337,1.75,0.68,0.67,31.64,75.77,1.34,24.83,11.66,Dourados,MS,Centro-Oeste,-22.22,-54.82
2017,338,4.19,0.68,0.7,29.39,75.76,0.71,12.62,6.35,Dourados,MS,Centro-Oeste,-22.22,-54.82
2017,339,15.86,0.69,0.75,30.82,74.55,0.75,16.45,7.95,Dourados,MS,Centro-Oeste,-22.22,-54.82
2017,340,12.32,0.71,0.79,31.2,84.24,1.54,16.08,7.78,Dourados,MS,Centro-Oeste,-22.22,-54.82
2017,341,6.49,0.71,0.75,31.27,82.98,1.78,12.97,6.45,Dourados,MS,Centro-Oeste,-22.22,-54.82
2017,342,1.43,0.71,0.72,31.71,80.4,1.44,25.25,11.72,Dourados,MS,Centro-Oeste,-22.22,-54.82
2017,343,0.39,0.7,0.69,33.72,73.41,1.1,29.45,13.56,Dourados,MS,Centro-Oeste,-22.22,-54.82
2017,344,0.24,0.69,0.66,33.94,65.63,2.05,23.18,10.83,Dourados,MS,Centro-Oeste,-22.22,-54.82
2017,345,0.0,0.67,0.64,33.96,58.94,2.21,31.92,14.58,Dourados,MS,Centro-Oeste,-22.22,-54.82
2017,346,0.0,0.67,0.63,34.63,60.15,1.59,31.16,14.28,Dourados,MS,Centro-Oeste,-22.22,-54.82
2017,347,0.0,0.66,0.62,35.71,63.96,1.53,30.91,14.35,Dourados,MS,Centro-Oeste,-22.22,-54.82
2017,348,0.0,0.65,0.61,36.52,63.68,1.67,28.69,13.24,Dourados,MS,Centro-Oeste,-22.22,-54.82
2017,349,0.0,0.65,0.6,37.72,59.61,1.54,29.51,13.79,Dourados,MS,Centro-Oeste,-22.22,-54.82
2017,350,0.05,0.64,0.6,37.63,60.77,2.34,30.17,14.06,Dourados,MS,Centro-Oeste,-22.22,-54.82
2017,351,2.62,0.64,0.61,36.08,66.39,1.54,29.98,13.99,Dourados,MS,Centro-Oeste,-22.22,-54.82
2017,352,3.98,0.64,0.64,34.29,69.03,0.88,24.99,11.77,Dourados,MS,Centro-Oeste,-22.22,-54.82
2017,353,5.69,0.64,0.66,35.13,69.66,1.69,25.07,11.83,Dourados,MS,Centro-Oeste,-22.22,-54.82
2017,354,5.24,0.65,0.67,29.02,80.66,0.89,11.72,5.85,Dourados,MS,Centro-Oeste,-22.22,-54.82
2017,355,8.58,0.66,0.69,31.67,78.25,1.78,10.22,5.2,Dourados,MS,Centro-Oeste,-22.22,-54.82
2017,356,16.43,0.67,0.75,30.2,82.88,2.17,11.99,5.9,Dourados,MS,Centro-Oeste,-22.22,-54.82
2017,357,13.36,0.7,0.76,28.35,87.99,2.45,14.06,6.9,Dourados,MS,Centro-Oeste,-22.22,-54.82
2017,358,14.04,0.71,0.78,28.22,87.13,2.06,11.05,5.63,Dourados,MS,Centro-Oeste,-22.22,-54.82
2017,359,20.09,0.74,0.84,27.3,89.57,1.15,10.53,5.34,Dourados,MS,Centro-Oeste,-22.22,-54.82
2017,360,14.18,0.75,0.82,27.64,90.02,2.02,10.29,5.05,Dourados,MS,Centro-Oeste,-22.22,-54.82
2017,361,8.28,0.76,0.81,29.0,88.05,1.82,16.56,8.1,Dourados,MS,Centro-Oeste,-22.22,-54.82
2017,362,4.03,0.75,0.78,30.5,83.6,1.41,18.09,8.72,Dourados,MS,Centro-Oeste,-22.22,-54.82
2017,363,11.63,0.75,0.8,29.73,86.87,1.85,11.08,5.55,Dourados,MS,Centro-Oeste,-22.22,-54.82
2017,364,9.34,0.76,0.82,31.33,83.54,1.96,21.52,10.2,Dourados,MS,Centro-Oeste,-22.22,-54.82
2017,365,6.95,0.75,0.79,30.91,80.22,1.57,25.95,12.18,Dourados,MS,Centro-Oeste,-22.22,-54.82
2018,1,10.32,0.76,0.82,28.75,87.65,1.94,24.68,11.75,Dourados,MS,Centro-Oeste,-22.22,-54.82
2018,2,16.34,0.77,0.84,28.74,86.92,2.88,5.18,2.73,Dourados,MS,Centro-Oeste,-22.22,-54.82
2018,3,0.6,0.77,0.77,29.28,78.91,2.26,28.67,13.12,Dourados,MS,Centro-Oeste,-22.22,-54.82
2018,4,0.08,0.75,0.75,30.5,71.82,1.01,31.92,14.43,Dourados,MS,Centro-Oeste,-22.22,-54.82
2018,5,1.27,0.73,0.74,31.18,77.17,1.61,26.06,12.16,Dourados,MS,Centro-Oeste,-22.22,-54.82
2018,6,10.33,0.73,0.79,30.28,85.21,1.67,10.98,5.47,Dourados,MS,Centro-Oeste,-22.22,-54.82
2018,7,1.55,0.74,0.75,30.56,80.82,2.09,22.43,10.48,Dourados,MS,Centro-Oeste,-22.22,-54.82
2018,8,1.45,0.73,0.73,29.63,81.0,2.13,23.69,11.07,Dourados,MS,Centro-Oeste,-22.22,-54.82
2018,9,20.54,0.73,0.81,26.5,88.83,2.12,9.77,4.95,Dourados,MS,Centro-Oeste,-22.22,-54.82
2018,10,17.36,0.77,0.87,26.33,89.73,1.66,12.25,6.08,Dourados,MS,Centro-Oeste,-22.22,-54.82
2018,11,1.38,0.77,0.79,29.63,82.55,1.66,17.71,8.56,Dourados,MS,Centro-Oeste,-22.22,-54.82
2018,12,1.54,0.76,0.78,26.68,87.84,1.75,18.2,8.69,Dourados,MS,Centro-Oeste,-22.22,-54.82
2018,13,3.06,0.76,0.78,26.29,88.93,1.94,23.18,10.92,Dourados,MS,Centro-Oeste,-22.22,-54.82
2018,14,9.01,0.76,0.81,25.12,92.72,2.04,13.77,6.64,Dourados,MS,Centro-Oeste,-22.22,-54.82
2018,15,2.32,0.77,0.79,27.97,88.5,1.97,13.49,6.68,Dourados,MS,Centro-Oeste,-22.22,-54.82
2018,16,3.68,0.76,0.78,29.62,84.79,1.57,21.76,10.38,Dourados,MS,Centro-Oeste,-22.22,-54.82
2018,17,5.54,0.76,0.78,29.94,82.98,1.4,16.11,7.76,Dourados,MS,Centro-Oeste,-22.22,-54.82
2018,18,8.04,0.76,0.81,30.74,85.08,0.98,21.51,10.28,Dourados,MS,Centro-Oeste,-22.22,-54.82
2018,19,4.63,0.76,0.79,28.38,88.7,1.12,20.52,9.81,Dourados,MS,Centro-Oeste,-22.22,-54.82
2018,20,1.18,0.76,0.78,30.21,83.25,1.17,18.6,8.94,Dourados,MS,Centro-Oeste,-22.22,-54.82
2018,21,0.04,0.75,0.76,31.93,78.08,1.34,27.47,12.86,Dourados,MS,Centro-Oeste,-22.22,-54.82
2018,22,0.01,0.74,0.74,32.17,77.16,1.78,27.93,13.14,Dourados,MS,Centro-Oeste,-22.22,-54.82
2018,23,0.06,0.73,0.72,33.65,73.77,1.49,25.89,12.24,Dourados,MS,Centro-Oeste,-22.22,-54.82
2018,24,3.05,0.72,0.74,31.02,82.87,1.24,24.14,11.45,Dourados,MS,Centro-Oeste,-22.22,-54.82
2018,25,1.23,0.72,0.73,32.12,77.94,0.94,24.11,11.46,Dourados,MS,Centro-Oeste,-22.22,-54.82
2018,26,0.3,0.72,0.72,29.28,85.24,1.29,24.69,11.64,Dourados,MS,Centro-Oeste,-22.22,-54.82
2018,27,1.09,0.72,0.72,29.34,85.46,1.71,20.63,9.83,Dourados,MS,Centro-Oeste,-22.22,-54.82
2018,28,4.99,0.72,0.73,29.83,84.34,1.4,15.75,7.66,Dourados,MS,Centro-Oeste,-22.22,-54.82
2018,29,7.37,0.73,0.77,28.93,87.56,1.1,12.84,6.29,Dourados,MS,Centro-Oeste,-22.22,-54.82
2018,30,0.64,0.72,0.73,31.9,82.64,1.45,21.3,10.22,Dourados,MS,Centro-Oeste,-22.22,-54.82
2018,31,2.91,0.72,0.73,31.93,82.74,1.34,16.55,8.09,Dourados,MS,Centro-Oeste,-22.22,-54.82
2018,32,0.52,0.71,0.71,30.76,78.31,1.87,22.29,10.5,Dourados,MS,Centro-Oeste,-22.22,-54.82
2018,33,0.0,0.7,0.69,31.46,74.85,1.64,25.74,12.07,Dourados,MS,Centro-Oeste,-22.22,-54.82
2018,34,0.0,0.69,0.68,32.45,71.05,2.11,28.76,13.34,Dourados,MS,Centro-Oeste,-22.22,-54.82
2018,35,0.0,0.68,0.66,32.61,66.17,2.51,30.17,13.9,Dourados,MS,Centro-Oeste,-22.22,-54.82
2018,36,0.0,0.68,0.65,32.68,71.0,1.78,27.7,12.81,Dourados,MS,Centro-Oeste,-22.22,-54.82
2018,37,0.0,0.67,0.64,33.38,67.43,1.06,27.78,12.71,Dourados,MS,Centro-Oeste,-22.22,-54.82
2018,38,0.46,0.66,0.63,35.01,60.72,1.08,21.35,9.81,Dourados,MS,Centro-Oeste,-22.22,-54.82
2018,39,9.58,0.66,0.69,34.78,66.38,1.11,20.52,9.79,Dourados,MS,Centro-Oeste,-22.22,-54.82
2018,40,7.67,0.68,0.71,33.11,75.34,1.76,20.4,9.76,Dourados,MS,Centro-Oeste,-22.22,-54.82
2018,41,23.13,0.69,0.77,31.02,81.53,1.43,9.81,4.89,Dourados,MS,Centro-Oeste,-22.22,-54.82
2018,42,14.14,0.73,0.81,30.12,85.5,1.74,15.8,7.67,Dourados,MS,Centro-Oeste,-22.22,-54.82
2018,43,16.61,0.74,0.82,29.81,85.41,0.89,12.89,6.34,Dourados,MS,Centro-Oeste,-22.22,-54.82
2018,44,0.18,0.74,0.75,30.1,80.5,1.81,22.58,10.47,Dourados,MS,Centro-Oeste,-22.22,-54.82
2018,45,0.0,0.73,0.72,30.78,78.12,1.99,19.43,9.22,Dourados,MS,Centro-Oeste,-22.22,-54.82
2018,46,0.0,0.72,0.71,31.49,77.38,1.99,21.22,10.0,Dourados,MS,Centro-Oeste,-22.22,-54.82
2018,47,2.32,0.71,0.72,30.69,78.33,1.19,23.33,11.02,Dourados,MS,Centro-Oeste,-22.22,-54.82
2018,48,39.96,0.74,0.85,28.0,86.98,0.73,7.53,3.84,Dourados,MS,Centro-Oeste,-22.22,-54.82
2018,49,6.73,0.75,0.78,28.27,84.87,1.14,11.78,5.85,Dourados,MS,Centro-Oeste,-22.22,-54.82
2018,50,20.21,0.77,0.86,28.46,87.09,2.58,12.51,6.16,Dourados,MS,Centro-Oeste,-22.22,-54.82
2018,51,12.85,0.78,0.84,28.26,91.44,2.25,13.37,6.51,Dourados,MS,Centro-Oeste,-22.22,-54.82
2018,52,0.05,0.77,0.78,30.2,81.81,1.67,26.58,12.28,Dourados,MS,Centro-Oeste,-22.22,-54.82
2018,53,0.01,0.76,0.76,29.63,77.46,2.12,29.3,13.34,Dourados,MS,Centro-Oeste,-22.22,-54.82
2018,54,0.0,0.74,0.74,29.48,71.63,1.13,29.36,13.34,Dourados,MS,Centro-Oeste,-22.22,-54.82
2018,55,0.0,0.73,0.73,31.38,72.45,1.2,25.6,11.78,Dourados,MS,Centro-Oeste,-22.22,-54.82
2018,56,0.65,0.72,0.72,29.56,82.71,1.39,17.0,8.18,Dourados,MS,Centro-Oeste,-22.22,-54.82
2018,57,9.17,0.73,0.77,28.56,86.44,2.05,16.01,7.66,Dourados,MS,Centro-Oeste,-22.22,-54.82
2018,58,1.53,0.73,0.74,28.89,86.62,1.84,16.25,7.81,Dourados,MS,Centro-Oeste,-22.22,-54.82
2018,59,8.52,0.73,0.77,31.15,83.6,1.52,19.15,9.04,Dourados,MS,Centro-Oeste,-22.22,-54.82
2018,60,6.39,0.74,0.78,30.4,84.41,0.88,17.49,8.32,Dourados,MS,Centro-Oeste,-22.22,-54.82
2018,61,34.52,0.76,0.88,30.49,84.91,1.03,19.56,9.33,Dourados,MS,Centro-Oeste,-22.22,-54.82
2018,62,0.64,0.78,0.8,31.91,78.81,0.75,18.73,8.96,Dourados,MS,Centro-Oeste,-22.22,-54.82
2018,63,0.2,0.77,0.77,31.94,80.07,1.1,24.83,11.68,Dourados,MS,Centro-Oeste,-22.22,-54.82
2018,64,0.3,0.76,0.76,30.88,81.9,0.81,21.26,10.1,Dourados,MS,Centro-Oeste,-22.22,-54.82
2018,65,0.67,0.75,0.75,30.17,83.64,0.97,18.51,8.78,Dourados,MS,Centro-Oeste,-22.22,-54.82
2018,66,0.08,0.74,0.74,30.44,83.35,1.19,19.38,9.08,Dourados,MS,Centro-Oeste,-22.22,-54.82
2018,67,0.0,0.73,0.73,31.84,78.75,0.98,21.91,10.34,Dourados,MS,Centro-Oeste,-22.22,-54.82
2018,68,25.41,0.74,0.81,31.71,81.49,1.02,16.19,7.83,Dourados,MS,Centro-Oeste,-22.22,-54.82
2018,69,2.2,0.76,0.79,32.0,80.66,0.81,21.53,10.08,Dourados,MS,Centro-Oeste,-22.22,-54.82
2018,70,0.0,0.75,0.75,32.88,79.55,0.61,23.21,10.93,Dourados,MS,Centro-Oeste,-22.22,-54.82
2018,71,0.18,0.74,0.74,32.76,80.65,1.27,16.54,7.91,Dourados,MS,Centro-Oeste,-22.22,-54.82
2018,72,0.05,0.73,0.72,33.8,74.33,0.85,21.2,10.07,Dourados,MS,Centro-Oeste,-22.22,-54.82
2018,73,0.0,0.72,0.71,32.74,76.76,1.3,21.42,10.11,Dourados,MS,Centro-Oeste,-22.22,-54.82
2018,74,1.19,0.71,0.71,31.26,81.01,1.57,20.0,9.45,Dourados,MS,Centro-Oeste,-22.22,-54.82
2018,75,0.07,0.71,0.71,32.81,76.61,1.06,21.12,9.97,Dourados,MS,Centro-Oeste,-22.22,-54.82
2018,76,0.75,0.71,0.7,31.57,80.09,1.07,24.5,11.63,Dourados,MS,Centro-Oeste,-22.22,-54.82
2018,77,0.53,0.7,0.7,33.41,73.72,1.28,23.99,11.34,Dourados,MS,Centro-Oeste,-22.22,-54.82
2018,78,1.79,0.7,0.69,33.6,73.45,0.72,21.83,10.34,Dourados,MS,Centro-Oeste,-22.22,-54.82
2018,79,3.77,0.7,0.7,33.22,77.16,0.83,21.04,9.96,Dourados,MS,Centro-Oeste,-22.22,-54.82
2018,80,14.84,0.71,0.77,31.64,84.06,1.51,17.69,8.42,Dourados,MS,Centro-Oeste,-22.22,-54.82
2018,81,1.19,0.71,0.73,33.07,79.61,1.08,21.33,10.13,Dourados,MS,Centro-Oeste,-22.22,-54.82
2018,82,0.1,0.71,0.69,33.72,75.51,1.2,21.58,10.22,Dourados,MS,Centro-Oeste,-22.22,-54.82
2018,83,3.45,0.7,0.71,33.58,76.98,1.5,21.63,10.2,Dourados,MS,Centro-Oeste,-22.22,-54.82
2018,84,12.88,0.71,0.77,29.87,83.83,1.87,8.91,4.44,Dourados,MS,Centro-Oeste,-22.22,-54.82
2018,85,0.21,0.72,0.72,26.96,79.38,1.71,16.44,7.71,Dourados,MS,Centro-Oeste,-22.22,-54.82
2018,86,10.92,0.72,0.76,27.74,85.25,1.27,12.75,6.19,Dourados,MS,Centro-Oeste,-22.22,-54.82
2018,87,5.02,0.73,0.76,29.67,84.52,1.28,14.27,6.85,Dourados,MS,Centro-Oeste,-22.22,-54.82
2018,88,7.37,0.73,0.74,30.18,81.16,0.83,16.53,7.86,Dourados,MS,Centro-Oeste,-22.22,-54.82
2018,89,8.3,0.74,0.79,30.24,84.71,0.85,16.34,7.79,Dourados,MS,Centro-Oeste,-22.22,-54.82
2018,90,8.78,0.75,0.8,26.19,90.23,1.21,12.4,5.98,Dourados,MS,Centro-Oeste,-22.22,-54.82
2018,91,5.89,0.75,0.79,25.6,91.96,1.16,11.77,5.7,Dourados,MS,Centro-Oeste,-22.22,-54.82
2018,92,1.95,0.75,0.77,26.01,87.39,0.9,17.03,7.96,Dourados,MS,Centro-Oeste,-22.22,-54.82
2018,93,0.03,0.74,0.75,28.68,81.35,1.25,22.47,10.34,Dourados,MS,Centro-Oeste,-22.22,-54.82
2018,94,0.01,0.73,0.73,29.13,79.89,1.3,23.31,10.77,Dourados,MS,Centro-Oeste,-22.22,-54.82
2018,95,0.01,0.72,0.72,30.09,76.65,1.0,23.4,10.72,Dourados,MS,Centro-Oeste,-22.22,-54.82
2018,96,0.0,0.71,0.71,30.69,74.06,1.16,23.37,10.63,Dourados,MS,Centro-Oeste,-22.22,-54.82
2018,97,0.04,0.71,0.7,31.46,69.7,1.16,22.94,10.42,Dourados,MS,Centro-Oeste,-22.22,-54.82
2018,98,0.0,0.7,0.69,30.86,70.01,1.36,23.14,10.49,Dourados,MS,Centro-Oeste,-22.22,-54.82
2018,99,0.0,0.69,0.68,31.84,72.1,1.36,21.51,9.86,Dourados,MS,Centro-Oeste,-22.22,-54.82
2018,100,0.01,0.69,0.67,33.47,72.73,1.98,21.5,10.0,Dourados,MS,Centro-Oeste,-22.22,-54.82
2018,101,0.0,0.68,0.66,33.61,71.2,2.34,21.47,9.94,Dourados,MS,Centro-Oeste,-22.22,-54.82
2018,102,0.0,0.67,0.65,33.37,68.32,1.9,21.74,10.07,Dourados,MS,Centro-Oeste,-22.22,-54.82
2018,103,0.0,0.67,0.65,31.93,68.17,1.63,21.57,9.95,Dourados,MS,Centro-Oeste,-22.22,-54.82
2018,104,0.05,0.66,0.64,31.58,72.3,1.62,19.03,8.88,Dourados,MS,Centro-Oeste,-22.22,-54.82
2018,105,0.8,0.66,0.64,30.52,76.61,2.16,14.98,7.09,Dourados,MS,Centro-Oeste,-22.22,-54.82
2018,106,0.17,0.66,0.64,28.65,77.51,2.04,18.17,8.43,Dourados,MS,Centro-Oeste,-22.22,-54.82
2018,107,0.27,0.66,0.64,29.7,76.4,2.22,18.97,8.81,Dourados,MS,Centro-Oeste,-22.22,-54.82
2018,108,0.15,0.66,0.64,30.48,75.74,1.86,18.11,8.43,Dourados,MS,Centro-Oeste,-22.22,-54.82
2018,109,0.62,0.65,0.64,29.68,79.2,1.44,18.21,8.53,Dourados,MS,Centro-Oeste,-22.22,-54.82
2018,110,1.51,0.65,0.64,31.37,76.22,1.05,11.58,5.61,Dourados,MS,Centro-Oeste,-22.22,-54.82
2018,111,2.03,0.65,0.65,31.93,75.72,0.87,17.24,8.02,Dourados,MS,Centro-Oeste,-22.22,-54.82
2018,112,0.01,0.65,0.63,33.05,66.34,1.46,20.62,9.58,Dourados,MS,Centro-Oeste,-22.22,-54.82
2018,113,0.0,0.65,0.62,33.16,63.85,1.34,20.57,9.4,Dourados,MS,Centro-Oeste,-22.22,-54.82
2018,114,0.0,0.64,0.62,33.15,68.95,1.59,20.1,9.24,Dourados,MS,Centro-Oeste,-22.22,-54.82
2018,115,0.0,0.64,0.61,32.75,68.79,1.56,19.39,8.91,Dourados,MS,Centro-Oeste,-22.22,-54.82
2018,116,0.0,0.64,0.6,32.81,67.13,1.29,19.43,8.85,Dourados,MS,Centro-Oeste,-22.22,-54.82
2018,117,0.0,0.63,0.59,33.33,66.1,1.47,16.51,7.6,Dourados,MS,Centro-Oeste,-22.22,-54.82
2018,118,0.0,0.63,0.58,33.65,66.43,1.18,18.48,8.52,Dourados,MS,Centro-Oeste,-22.22,-54.82
2018,119,0.0,0.63,0.56,34.61,64.37,1.43,19.24,8.87,Dourados,MS,Centro-Oeste,-22.22,-54.82
2018,120,0.0,0.63,0.54,35.29,59.09,1.45,19.25,8.83,Dourados,MS,Centro-Oeste,-22.22,-54.82
2018,121,0.0,0.62,0.53,35.2,60.38,1.55,18.95,8.68,Dourados,MS,Centro-Oeste,-22.22,-54.82
2018,122,0.0,0.62,0.52,34.54,55.59,1.89,18.67,8.49,Dourados,MS,Centro-Oeste,-22.22,-54.82
2018,123,0.0,0.62,0.51,33.97,50.92,1.62,17.29,7.89,Dourados,MS,Centro-Oeste,-22.22,-54.82
2018,124,0.0,0.62,0.51,34.58,51.98,1.19,18.88,8.58,Dourados,MS,Centro-Oeste,-22.22,-54.82
2018,125,0.01,0.62,0.5,35.91,53.87,1.47,11.65,5.49,Dourados,MS,Centro-Oeste,-22.22,-54.82
2018,126,0.09,0.62,0.49,35.04,57.79,1.13,10.61,5.01,Dourados,MS,Centro-Oeste,-22.22,-54.82
2018,127,0.02,0.62,0.49,32.79,60.13,2.01,17.57,8.12,Dourados,MS,Centro-Oeste,-22.22,-54.82
2018,128,0.0,0.61,0.48,33.54,62.01,2.09,18.01,8.33,Dourados,MS,Centro-Oeste,-22.22,-54.82
2018,129,0.0,0.61,0.47,34.01,58.28,2.08,17.71,8.13,Dourados,MS,Centro-Oeste,-22.22,-54.82
2018,130,0.29,0.61,0.47,33.9,56.85,2.07,16.89,7.75,Dourados,MS,Centro-Oeste,-22.22,-54.82
2018,131,15.92,0.63,0.62,29.58,77.96,1.97,3.62,1.84,Dourados,MS,Centro-Oeste,-22.22,-54.82
2018,132,1.16,0.64,0.65,26.0,75.41,1.65,15.66,7.0,Dourados,MS,Centro-Oeste,-22.22,-54.82
2018,133,0.0,0.64,0.62,28.65,68.18,1.0,17.91,7.92,Dourados,MS,Centro-Oeste,-22.22,-54.82
2018,134,1.16,0.64,0.63,31.18,72.35,1.23,15.74,7.15,Dourados,MS,Centro-Oeste,-22.22,-54.82
2018,135,8.75,0.64,0.67,32.83,70.91,1.32,16.85,7.79,Dourados,MS,Centro-Oeste,-22.22,-54.82
2018,136,1.31,0.65,0.66,30.56,73.84,0.86,7.54,3.69,Dourados,MS,Centro-Oeste,-22.22,-54.82
2018,137,0.82,0.65,0.63,30.27,76.73,1.36,15.52,7.16,Dourados,MS,Centro-Oeste,-22.22,-54.82
2018,138,0.7,0.64,0.63,30.79,74.79,1.81,16.06,7.4,Dourados,MS,Centro-Oeste,-22.22,-54.82
2018,139,20.34,0.67,0.73,22.54,77.18,3.24,10.7,4.9,Dourados,MS,Centro-Oeste,-22.22,-54.82
2018,140,0.55,0.67,0.65,20.68,75.08,1.44,18.08,7.88,Dourados,MS,Centro-Oeste,-22.22,-54.82
2018,141,0.35,0.66,0.65,22.72,71.27,1.06,18.15,7.9,Dourados,MS,Centro-Oeste,-22.22,-54.82
2018,142,0.61,0.66,0.65,24.26,75.69,1.05,17.65,7.85,Dourados,MS,Centro-Oeste,-22.22,-54.82
2018,143,0.45,0.66,0.64,25.9,73.77,1.05,16.87,7.54,Dourados,MS,Centro-Oeste,-22.22,-54.82
2018,144,0.05,0.65,0.64,25.76,73.61,0.73,11.13,5.08,Dourados,MS,Centro-Oeste,-22.22,-54.82
2018,145,0.0,0.65,0.63,27.36,73.78,1.37,11.71,5.33,Dourados,MS,Centro-Oeste,-22.22,-54.82
2018,146,0.0,0.65,0.63,29.16,71.1,1.62,15.43,7.0,Dourados,MS,Centro-Oeste,-22.22,-54.82
2018,147,0.0,0.64,0.62,30.68,67.52,1.82,15.38,6.99,Dourados,MS,Centro-Oeste,-22.22,-54.82
2018,148,0.0,0.64,0.62,28.93,65.59,2.24,16.25,7.31,Dourados,MS,Centro-Oeste,-22.22,-54.82
2018,149,0.0,0.64,0.61,29.3,62.9,2.23,16.48,7.43,Dourados,MS,Centro-Oeste,-22.22,-54.82
2018,150,0.01,0.63,0.61,30.66,63.78,1.9,14.78,6.7,Dourados,MS,Centro-Oeste,-22.22,-54.82
2018,151,0.02,0.63,0.61,30.35,67.96,1.92,11.78,5.47,Dourados,MS,Centro-Oeste,-22.22,-54.82
2018,152,3.75,0.63,0.64,26.72,81.38,2.38,7.49,3.55,Dourados,MS,Centro-Oeste,-22.22,-54.82
2018,153,2.3,0.64,0.64,18.29,85.32,1.92,3.64,1.85,Dourados,MS,Centro-Oeste,-22.22,-54.82
2018,154,0.6,0.64,0.63,17.69,86.34,1.61,5.34,2.64,Dourados,MS,Centro-Oeste,-22.22,-54.82
2018,155,1.06,0.64,0.63,25.01,81.14,1.28,4.5,2.24,Dourados,MS,Centro-Oeste,-22.22,-54.82
2018,156,0.64,0.64,0.63,21.49,87.36,1.51,5.51,2.67,Dourados,MS,Centro-Oeste,-22.22,-54.82
2018,157,0.59,0.64,0.63,23.86,81.49,1.11,8.85,4.05,Dourados,MS,Centro-Oeste,-22.22,-54.82
2018,158,1.84,0.64,0.64,17.95,83.69,1.45,4.9,2.33,Dourados,MS,Centro-Oeste,-22.22,-54.82
2018,159,0.07,0.64,0.62,22.23,74.31,1.31,16.45,7.12,Dourados,MS,Centro-Oeste,-22.22,-54.82
2018,160,0.27,0.64,0.62,28.46,74.25,1.91,10.19,4.73,Dourados,MS,Centro-Oeste,-22.22,-54.82
2018,161,0.0,0.63,0.61,27.69,74.9,2.93,7.7,3.65,Dourados,MS,Centro-Oeste,-22.22,-54.82
2018,162,1.86,0.63,0.62,28.61,77.97,2.7,6.27,3.0,Dourados,MS,Centro-Oeste,-22.22,-54.82
2018,163,11.23,0.64,0.7,25.02,91.12,2.53,7.39,3.5,Dourados,MS,Centro-Oeste,-22.22,-54.82
2018,164,1.23,0.65,0.66,18.98,73.42,2.28,6.65,3.15,Dourados,MS,Centro-Oeste,-22.22,-54.82
2018,165,0.0,0.65,0.63,20.28,59.17,2.22,4.76,2.3,Dourados,MS,Centro-Oeste,-22.22,-54.82
2018,166,0.0,0.65,0.63,16.08,68.24,2.37,7.38,3.37,Dourados,MS,Centro-Oeste,-22.22,-54.82
2018,167,0.0,0.65,0.63,19.28,75.47,1.53,10.69,4.84,Dourados,MS,Centro-Oeste,-22.22,-54.82
2018,168,0.0,0.65,0.63,21.75,71.85,1.5,12.01,5.43,Dourados,MS,Centro-Oeste,-22.22,-54.82
2018,169,0.01,0.64,0.62,26.03,74.79,1.64,12.38,5.6,Dourados,MS,Centro-Oeste,-22.22,-54.82
2018,170,0.03,0.64,0.62,28.03,73.76,1.58,13.46,6.1,Dourados,MS,Centro-Oeste,-22.22,-54.82
2018,171,0.02,0.64,0.62,29.42,71.28,1.6,13.86,6.26,Dourados,MS,Centro-Oeste,-22.22,-54.82
2018,172,0.0,0.64,0.61,30.33,68.25,1.21,14.94,6.69,Dourados,MS,Centro-Oeste,-22.22,-54.82
2018,173,0.0,0.63,0.61,30.12,65.26,1.35,15.28,6.88,Dourados,MS,Centro-Oeste,-22.22,-54.82
2018,174,0.0,0.63,0.61,31.45,63.65,1.89,15.61,7.04,Dourados,MS,Centro-Oeste,-22.22,-54.82
2018,175,0.01,0.63,0.61,27.51,66.61,1.48,7.83,3.69,Dourados,MS,Centro-Oeste,-22.22,-54.82
2018,176,0.0,0.63,0.6,31.29,68.73,1.35,11.41,5.27,Dourados,MS,Centro-Oeste,-22.22,-54.82
2018,177,0.0,0.62,0.6,28.8,72.69,1.21,9.63,4.48,Dourados,MS,Centro-Oeste,-22.22,-54.82
2018,178,0.05,0.62,0.6,31.61,67.62,1.11,12.07,5.55,Dourados,MS,Centro-Oeste,-22.22,-54.82
2018,179,0.36,0.62,0.59,32.63,59.56,1.77,12.21,5.59,Dourados,MS,Centro-Oeste,-22.22,-54.82
2018,180,0.02,0.62,0.57,32.18,61.59,1.51,14.56,6.59,Dourados,MS,Centro-Oeste,-22.22,-54.82
2018,181,0.0,0.62,0.56,31.22,62.73,1.02,15.6,7.02,Dourados,MS,Centro-Oeste,-22.22,-54.82
2018,182,0.0,0.62,0.55,32.42,56.37,1.49,15.79,7.08,Dourados,MS,Centro-Oeste,-22.22,-54.82
2018,183,0.0,0.61,0.53,32.32,55.08,1.52,14.85,6.59,Dourados,MS,Centro-Oeste,-22.22,-54.82
2018,184,0.0,0.61,0.52,31.85,54.49,1.19,15.62,7.05,Dourados,MS,Centro-Oeste,-22.22,-54.82
2018,185,0.0,0.61,0.51,32.13,54.29,1.03,14.88,6.64,Dourados,MS,Centro-Oeste,-22.22,-54.82
2018,186,0.01,0.61,0.49,32.47,52.34,1.15,15.88,7.06,Dourados,MS,Centro-Oeste,-22.22,-54.82
2018,187,0.0,0.61,0.48,32.59,49.86,1.19,15.21,6.84,Dourados,MS,Centro-Oeste,-22.22,-54.82
2018,188,0.0,0.61,0.47,31.89,53.82,1.53,15.6,6.98,Dourados,MS,Centro-Oeste,-22.22,-54.82
2018,189,0.0,0.61,0.46,30.51,59.03,1.94,11.21,5.03,Dourados,MS,Centro-Oeste,-22.22,-54.82
2018,190,0.08,0.61,0.45,17.27,67.1,3.29,7.19,3.39,Dourados,MS,Centro-Oeste,-22.22,-54.82
2018,191,0.0,0.61,0.45,20.1,61.36,2.14,15.64,6.89,Dourados,MS,Centro-Oeste,-22.22,-54.82
2018,192,0.0,0.61,0.45,23.47,57.34,1.5,16.42,7.02,Dourados,MS,Centro-Oeste,-22.22,-54.82
2018,193,0.0,0.61,0.44,26.5,56.06,1.3,13.07,5.8,Dourados,MS,Centro-Oeste,-22.22,-54.82
2018,194,0.0,0.61,0.43,30.18,55.57,1.18,14.78,6.67,Dourados,MS,Centro-Oeste,-22.22,-54.82
2018,195,0.0,0.6,0.42,33.35,54.04,1.79,15.76,7.07,Dourados,MS,Centro-Oeste,-22.22,-54.82
2018,196,0.0,0.6,0.41,34.85,47.23,2.16,16.29,7.28,Dourados,MS,Centro-Oeste,-22.22,-54.82
2018,197,0.0,0.6,0.39,34.71,46.68,1.68,15.85,7.17,Dourados,MS,Centro-Oeste,-22.22,-54.82
2018,198,0.0,0.6,0.38,34.47,46.0,2.03,16.78,7.55,Dourados,MS,Centro-Oeste,-22.22,-54.82
2018,199,0.0,0.6,0.37,34.28,44.6,2.0,17.22,7.66,Dourados,MS,Centro-Oeste,-22.22,-54.82
2018,200,0.0,0.6,0.36,34.54,44.97,2.19,17.08,7.66,Dourados,MS,Centro-Oeste,-22.22,-54.82
2018,201,0.12,0.6,0.35,34.17,52.15,3.18,16.55,7.53,Dourados,MS,Centro-Oeste,-22.22,-54.82
2018,202,0.03,0.6,0.35,23.43,49.8,2.67,14.76,6.44,Dourados,MS,Centro-Oeste,-22.22,-54.82
2018,203,0.0,0.6,0.34,31.96,44.25,2.21,15.3,6.86,Dourados,MS,Centro-Oeste,-22.22,-54.82
2018,204,0.01,0.6,0.34,33.07,50.24,1.33,15.2,6.83,Dourados,MS,Centro-Oeste,-22.22,-54.82
2018,205,0.0,0.6,0.33,30.73,57.33,1.71,14.13,6.38,Dourados,MS,Centro-Oeste,-22.22,-54.82
2018,206,0.0,0.6,0.33,31.37,58.51,1.6,15.74,7.13,Dourados,MS,Centro-Oeste,-22.22,-54.82
2018,207,0.02,0.6,0.33,30.29,62.61,1.76,14.9,6.75,Dourados,MS,Centro-Oeste,-22.22,-54.82
2018,208,0.0,0.6,0.33,31.76,58.78,1.61,14.89,6.73,Dourados,MS,Centro-Oeste,-22.22,-54.82
2018,209,0.0,0.6,0.32,33.64,44.5,2.16,14.17,6.38,Dourados,MS,Centro-Oeste,-22.22,-54.82
2018,210,0.0,0.6,0.32,31.6,56.69,2.04,16.22,7.28,Dourados,MS,Centro-Oeste,-22.22,-54.82
2018,211,0.32,0.6,0.32,30.86,54.8,2.37,15.6,7.03,Dourados,MS,Centro-Oeste,-22.22,-54.82
2018,212,0.01,0.6,0.32,27.4,50.44,2.5,16.66,7.33,Dourados,MS,Centro-Oeste,-22.22,-54.82
2018,213,0.01,0.6,0.32,28.18,45.99,1.42,13.69,6.11,Dourados,MS,Centro-Oeste,-22.22,-54.82
2018,214,1.93,0.6,0.33,27.87,61.59,1.31,11.03,4.96,Dourados,MS,Centro-Oeste,-22.22,-54.82
2018,215,4.66,0.61,0.47,22.23,84.7,1.21,3.45,1.78,Dourados,MS,Centro-Oeste,-22.22,-54.82
2018,216,6.08,0.61,0.56,22.31,85.2,1.29,2.81,1.43,Dourados,MS,Centro-Oeste,-22.22,-54.82
2018,217,14.95,0.64,0.73,19.71,86.51,1.69,3.28,1.7,Dourados,MS,Centro-Oeste,-22.22,-54.82
2018,218,6.17,0.66,0.7,22.46,79.46,1.34,11.8,5.43,Dourados,MS,Centro-Oeste,-22.22,-54.82
2018,219,0.54,0.65,0.64,29.31,79.05,1.84,10.51,4.85,Dourados,MS,Centro-Oeste,-22.22,-54.82
2018,220,12.04,0.66,0.7,28.99,80.57,2.24,3.16,1.63,Dourados,MS,Centro-Oeste,-22.22,-54.82
2018,221,0.38,0.67,0.67,22.2,56.5,3.02,19.71,8.53,Dourados,MS,Centro-Oeste,-22.22,-54.82
2018,222,0.0,0.66,0.64,21.89,64.82,1.37,20.02,8.65,Dourados,MS,Centro-Oeste,-22.22,-54.82
2018,223,0.0,0.66,0.63,25.4,65.52,1.13,20.36,8.82,Dourados,MS,Centro-Oeste,-22.22,-54.82
2018,224,0.0,0.65,0.63,28.83,60.7,1.24,20.53,8.89,Dourados,MS,Centro-Oeste,-22.22,-54.82
2018,225,0.01,0.65,0.62,29.32,63.04,1.57,19.74,8.69,Dourados,MS,Centro-Oeste,-22.22,-54.82
2018,226,0.0,0.65,0.62,32.09,60.32,1.56,18.53,8.11,Dourados,MS,Centro-Oeste,-22.22,-54.82
2018,227,1.97,0.64,0.63,24.26,73.38,2.06,5.84,2.87,Dourados,MS,Centro-Oeste,-22.22,-54.82
2018,228,2.33,0.65,0.65,27.61,74.18,1.56,13.08,5.9,Dourados,MS,Centro-Oeste,-22.22,-54.82
2018,229,0.03,0.65,0.62,29.01,70.52,1.93,17.96,8.17,Dourados,MS,Centro-Oeste,-22.22,-54.82
2018,230,0.0,0.64,0.61,30.88,66.16,1.74,20.23,9.13,Dourados,MS,Centro-Oeste,-22.22,-54.82
2018,231,0.18,0.64,0.61,32.75,63.03,2.08,18.57,8.44,Dourados,MS,Centro-Oeste,-22.22,-54.82
2018,232,0.56,0.64,0.61,25.27,73.97,2.7,12.5,5.84,Dourados,MS,Centro-Oeste,-22.22,-54.82
2018,233,8.03,0.64,0.65,20.88,77.78,2.09,7.04,3.47,Dourados,MS,Centro-Oeste,-22.22,-54.82
2018,234,8.3,0.66,0.72,19.59,84.99,1.2,4.73,2.43,Dourados,MS,Centro-Oeste,-22.22,-54.82
2018,235,0.16,0.66,0.64,31.77,73.36,1.97,16.87,7.79,Dourados,MS,Centro-Oeste,-22.22,-54.82
2018,236,0.11,0.65,0.62,33.71,65.19,3.07,17.52,8.08,Dourados,MS,Centro-Oeste,-22.22,-54.82
2018,237,0.0,0.65,0.62,23.47,51.16,3.47,21.09,9.25,Dourados,MS,Centro-Oeste,-22.22,-54.82
2018,238,0.0,0.65,0.61,23.41,47.34,2.63,22.69,9.78,Dourados,MS,Centro-Oeste,-22.22,-54.82
2018,239,0.0,0.64,0.61,27.64,50.94,1.59,21.5,9.35,Dourados,MS,Centro-Oeste,-22.22,-54.82
2018,240,0.0,0.64,0.61,33.3,62.51,2.09,21.05,9.59,Dourados,MS,Centro-Oeste,-22.22,-54.82
2018,241,0.0,0.64,0.6,34.25,58.99,2.72,21.79,9.92,Dourados,MS,Centro-Oeste,-22.22,-54.82
2018,242,0.0,0.63,0.59,35.98,53.12,2.21,21.46,9.72,Dourados,MS,Centro-Oeste,-22.22,-54.82
2018,243,0.18,0.63,0.59,33.19,58.89,1.83,17.04,7.82,Dourados,MS,Centro-Oeste,-22.22,-54.82
2018,244,1.78,0.63,0.61,34.32,66.17,2.66,7.0,3.45,Dourados,MS,Centro-Oeste,-22.22,-54.82
2018,245,28.32,0.66,0.76,16.85,80.28,2.95,3.55,1.83,Dourados,MS,Centro-Oeste,-22.22,-54.82
2018,246,0.34,0.67,0.66,21.29,74.01,2.46,9.72,4.6,Dourados,MS,Centro-Oeste,-22.22,-54.82
2018,247,0.45,0.66,0.65,25.14,69.88,2.35,21.19,9.4,Dourados,MS,Centro-Oeste,-22.22,-54.82
2018,248,0.01,0.66,0.63,26.76,65.51,1.75,22.57,9.94,Dourados,MS,Centro-Oeste,-22.22,-54.82
2018,249,0.0,0.65,0.63,28.73,60.29,2.07,24.26,10.55,Dourados,MS,Centro-Oeste,-22.22,-54.82
2018,250,0.0,0.65,0.62,32.58,54.77,1.35,23.24,10.18,Dourados,MS,Centro-Oeste,-22.22,-54.82
2018,251,0.0,0.65,0.61,33.7,51.24,1.08,24.29,10.57,Dourados,MS,Centro-Oeste,-22.22,-54.82
2018,252,0.0,0.64,0.6,34.54,50.27,1.11,24.06,10.57,Dourados,MS,Centro-Oeste,-22.22,-54.82
2018,253,0.0,0.64,0.6,35.42,55.35,1.27,23.41,10.28,Dourados,MS,Centro-Oeste,-22.22,-54.82
2018,254,0.0,0.63,0.6,34.54,56.64,1.2,21.85,9.61,Dourados,MS,Centro-Oeste,-22.22,-54.82
2018,255,0.0,0.63,0.59,34.16,59.5,1.79,19.05,8.45,Dourados,MS,Centro-Oeste,-22.22,-54.82
2018,256,0.99,0.63,0.59,35.03,58.93,1.76,12.98,5.9,Dourados,MS,Centro-Oeste,-22.22,-54.82
2018,257,21.08,0.65,0.73,23.81,84.59,1.38,2.75,1.4,Dourados,MS,Centro-Oeste,-22.22,-54.82
2018,258,1.25,0.66,0.65,27.89,74.94,0.94,16.45,7.28,Dourados,MS,Centro-Oeste,-22.22,-54.82
2018,259,23.83,0.67,0.72,29.71,81.61,2.23,3.08,1.51,Dourados,MS,Centro-Oeste,-22.22,-54.82
2018,260,6.35,0.7,0.75,27.3,81.48,2.0,11.31,5.26,Dourados,MS,Centro-Oeste,-22.22,-54.82
2018,261,0.04,0.69,0.68,31.1,72.46,1.56,19.2,8.7,Dourados,MS,Centro-Oeste,-22.22,-54.82
2018,262,9.69,0.69,0.72,32.58,77.67,2.0,21.82,10.03,Dourados,MS,Centro-Oeste,-22.22,-54.82
2018,263,21.75,0.71,0.8,28.8,84.13,2.34,3.71,1.91,Dourados,MS,Centro-Oeste,-22.22,-54.82
2018,264,0.18,0.71,0.72,31.5,75.8,1.15,20.02,9.19,Dourados,MS,Centro-Oeste,-22.22,-54.82
2018,265,0.02,0.7,0.69,33.96,74.27,1.78,24.08,11.09,Dourados,MS,Centro-Oeste,-22.22,-54.82
2018,266,0.01,0.69,0.67,35.92,68.92,1.84,24.4,11.31,Dourados,MS,Centro-Oeste,-22.22,-54.82
2018,267,2.22,0.68,0.68,36.39,65.0,1.54,21.88,10.15,Dourados,MS,Centro-Oeste,-22.22,-54.82
2018,268,0.71,0.68,0.67,32.27,70.64,1.38,9.32,4.66,Dourados,MS,Centro-Oeste,-22.22,-54.82
2018,269,4.77,0.68,0.68,34.88,68.62,1.72,16.77,7.85,Dourados,MS,Centro-Oeste,-22.22,-54.82
2018,270,18.12,0.69,0.76,32.22,77.88,1.27,3.27,1.72,Dourados,MS,Centro-Oeste,-22.22,-54.82
2018,271,1.33,0.71,0.73,27.05,86.49,1.18,15.01,6.98,Dourados,MS,Centro-Oeste,-22.22,-54.82
2018,272,7.6,0.71,0.75,28.5,82.92,1.82,14.0,6.68,Dourados,MS,Centro-Oeste,-22.22,-54.82
2018,273,8.01,0.71,0.76,27.17,85.93,2.68,9.4,4.64,Dourados,MS,Centro-Oeste,-22.22,-54.82
2018,274,3.31,0.72,0.74,32.25,77.16,1.82,21.86,10.12,Dourados,MS,Centro-Oeste,-22.22,-54.82
2018,275,0.86,0.71,0.71,33.13,76.08,2.11,16.1,7.54,Dourados,MS,Centro-Oeste,-22.22,-54.82
2018,276,8.2,0.71,0.73,33.35,78.01,1.57,17.62,8.24,Dourados,MS,Centro-Oeste,-22.22,-54.82
2018,277,8.39,0.71,0.77,30.38,80.71,2.01,17.8,8.26,Dourados,MS,Centro-Oeste,-22.22,-54.82
2018,278,0.12,0.71,0.71,31.5,72.99,2.02,20.83,9.66,Dourados,MS,Centro-Oeste,-22.22,-54.82
2018,279,4.0,0.71,0.72,28.64,77.6,1.42,17.95,8.49,Dourados,MS,Centro-Oeste,-22.22,-54.82
2018,280,6.08,0.71,0.74,31.29,78.82,1.77,21.37,10.06,Dourados,MS,Centro-Oeste,-22.22,-54.82
2018,281,24.81,0.73,0.84,32.05,80.3,2.46,4.52,2.37,Dourados,MS,Centro-Oeste,-22.22,-54.82
2018,282,26.16,0.76,0.88,31.13,83.21,2.21,10.46,5.15,Dourados,MS,Centro-Oeste,-22.22,-54.82
2018,283,24.9,0.79,0.89,30.83,83.73,1.7,3.21,1.72,Dourados,MS,Centro-Oeste,-22.22,-54.82
2018,284,2.73,0.8,0.82,30.64,83.51,1.03,11.2,5.42,Dourados,MS,Centro-Oeste,-22.22,-54.82
2018,285,0.11,0.78,0.79,29.63,86.05,2.18,18.58,8.76,Dourados,MS,Centro-Oeste,-22.22,-54.82
2018,286,0.88,0.77,0.78,30.47,83.86,1.14,18.31,8.56,Dourados,MS,Centro-Oeste,-22.22,-54.82
2018,287,3.01,0.77,0.78,31.52,81.86,1.69,15.74,7.49,Dourados,MS,Centro-Oeste,-22.22,-54.82
2018,288,0.14,0.76,0.76,30.78,79.19,2.03,19.3,8.93,Dourados,MS,Centro-Oeste,-22.22,-54.82
2018,289,0.01,0.75,0.75,32.01,76.66,1.31,20.99,9.79,Dourados,MS,Centro-Oeste,-22.22,-54.82
2018,290,0.21,0.74,0.74,33.27,76.38,1.92,16.33,7.74,Dourados,MS,Centro-Oeste,-22.22,-54.82
2018,291,1.73,0.73,0.74,33.53,76.27,2.13,19.55,9.18,Dourados,MS,Centro-Oeste,-22.22,-54.82
2018,292,6.81,0.74,0.79,27.39,88.69,1.51,20.55,9.63,Dourados,MS,Centro-Oeste,-22.22,-54.82
2018,293,0.0,0.74,0.73,29.97,74.13,2.76,27.21,12.52,Dourados,MS,Centro-Oeste,-22.22,-54.82
2018,294,0.0,0.73,0.72,29.38,67.7,2.37,27.8,12.52,Dourados,MS,Centro-Oeste,-22.22,-54.82
2018,295,0.0,0.72,0.71,32.67,68.95,1.55,28.1,12.91,Dourados,MS,Centro-Oeste,-22.22,-54.82
2018,296,24.68,0.72,0.81,29.67,82.82,1.14,14.2,6.8,Dourados,MS,Centro-Oeste,-22.22,-54.82
2018,297,44.76,0.79,0.93,27.85,90.13,1.81,6.77,3.54,Dourados,MS,Centro-Oeste,-22.22,-54.82
2018,298,15.31,0.81,0.88,26.71,90.21,1.33,13.79,6.75,Dourados,MS,Centro-Oeste,-22.22,-54.82
2018,299,8.48,0.81,0.86,28.03,87.28,1.8,12.19,5.98,Dourados,MS,Centro-Oeste,-22.22,-54.82
2018,300,1.22,0.81,0.82,28.71,82.46,2.0,20.66,9.49,Dourados,MS,Centro-Oeste,-22.22,-54.82
2018,301,0.51,0.79,0.8,28.04,71.38,1.36,29.88,13.38,Dourados,MS,Centro-Oeste,-22.22,-54.82
2018,302,0.0,0.78,0.79,30.11,73.19,1.01,22.71,10.43,Dourados,MS,Centro-Oeste,-22.22,-54.82
2018,303,0.01,0.77,0.78,32.2,80.02,1.78,24.71,11.52,Dourados,MS,Centro-Oeste,-22.22,-54.82
2018,304,17.5,0.78,0.84,30.45,87.03,1.69,17.18,8.13,Dourados,MS,Centro-Oeste,-22.22,-54.82
2018,305,46.37,0.83,0.96,29.47,88.23,1.51,1.83,1.05,Dourados,MS,Centro-Oeste,-22.22,-54.82
2018,306,4.34,0.85,0.87,30.44,83.8,1.39,25.67,11.98,Dourados,MS,Centro-Oeste,-22.22,-54.82
2018,307,7.48,0.83,0.86,32.1,78.86,1.01,24.35,11.42,Dourados,MS,Centro-Oeste,-22.22,-54.82
2018,308,0.45,0.83,0.83,30.37,81.73,1.17,17.84,8.53,Dourados,MS,Centro-Oeste,-22.22,-54.82
2018,309,0.0,0.82,0.82,29.86,80.76,1.99,24.24,11.36,Dourados,MS,Centro-Oeste,-22.22,-54.82
2018,310,0.1,0.81,0.81,29.95,77.71,1.99,25.24,11.64,Dourados,MS,Centro-Oeste,-22.22,-54.82
2018,311,0.25,0.79,0.79,30.26,77.66,2.69,22.28,10.34,Dourados,MS,Centro-Oeste,-22.22,-54.82
2018,312,0.1,0.79,0.78,28.34,77.26,3.54,26.07,12.13,Dourados,MS,Centro-Oeste,-22.22,-54.82
2018,313,0.04,0.78,0.78,30.08,79.88,2.55,13.08,6.32,Dourados,MS,Centro-Oeste,-22.22,-54.82
2018,314,0.01,0.77,0.77,31.6,78.48,1.16,13.25,6.44,Dourados,MS,Centro-Oeste,-22.22,-54.82
2018,315,0.0,0.76,0.76,32.91,77.04,1.13,27.67,12.73,Dourados,MS,Centro-Oeste,-22.22,-54.82
2018,316,0.13,0.75,0.75,32.69,76.96,1.76,25.66,11.94,Dourados,MS,Centro-Oeste,-22.22,-54.82
2018,317,0.29,0.74,0.74,34.19,72.95,1.93,24.12,11.24,Dourados,MS,Centro-Oeste,-22.22,-54.82
2018,318,8.05,0.74,0.78,30.54,85.46,2.3,9.6,4.83,Dourados,MS,Centro-Oeste,-22.22,-54.82
2018,319,10.23,0.75,0.79,31.16,81.53,1.42,16.97,8.15,Dourados,MS,Centro-Oeste,-22.22,-54.82
2018,320,16.1,0.76,0.83,31.35,82.92,1.31,13.49,6.57,Dourados,MS,Centro-Oeste,-22.22,-54.82
2018,321,0.37,0.77,0.78,32.28,79.19,2.15,24.33,11.45,Dourados,MS,Centro-Oeste,-22.22,-54.82
2018,322,21.36,0.77,0.85,28.92,89.1,2.36,10.64,5.26,Dourados,MS,Centro-Oeste,-22.22,-54.82
2018,323,0.33,0.78,0.79,28.86,80.62,2.88,22.32,10.4,Dourados,MS,Centro-Oeste,-22.22,-54.82
2018,324,0.07,0.77,0.78,27.88,83.56,2.1,26.32,12.22,Dourados,MS,Centro-Oeste,-22.22,-54.82
2018,325,0.01,0.76,0.76,30.79,78.38,1.87,29.38,13.44,Dourados,MS,Centro-Oeste,-22.22,-54.82
2018,326,17.54,0.76,0.83,30.28,85.23,1.79,24.49,11.43,Dourados,MS,Centro-Oeste,-22.22,-54.82
2018,327,11.76,0.79,0.85,26.91,89.18,2.6,8.8,4.4,Dourados,MS,Centro-Oeste,-22.22,-54.82
2018,328,2.69,0.79,0.8,29.77,80.66,2.23,22.33,10.35,Dourados,MS,Centro-Oeste,-22.22,-54.82
2018,329,0.02,0.77,0.77,29.85,79.75,1.96,28.68,13.18,Dourados,MS,Centro-Oeste,-22.22,-54.82
2018,330,0.0,0.76,0.76,31.32,78.41,1.8,28.59,13.29,Dourados,MS,Centro-Oeste,-22.22,-54.82
2018,331,0.0,0.75,0.75,30.98,77.01,2.29,28.83,13.35,Dourados,MS,Centro-Oeste,-22.22,-54.82
2018,332,4.05,0.74,0.76,31.03,79.11,1.75,19.22,9.15,Dourados,MS,Centro-Oeste,-22.22,-54.82
2018,333,4.09,0.74,0.77,29.68,85.62,1.48,17.14,8.29,Dourados,MS,Centro-Oeste,-22.22,-54.82
2018,334,2.03,0.74,0.75,28.61,83.59,1.92,18.24,8.8,Dourados,MS,Centro-Oeste,-22.22,-54.82
2018,335,4.52,0.74,0.77,29.68,81.6,2.0,24.38,11.41,Dourados,MS,Centro-Oeste,-22.22,-54.82
2018,336,0.0,0.73,0.73,28.87,73.2,2.98,27.8,12.69,Dourados,MS,Centro-Oeste,-22.22,-54.82
2018,337,0.0,0.72,0.72,30.38,72.23,1.93,29.78,13.57,Dourados,MS,Centro-Oeste,-22.22,-54.82
2018,338,0.0,0.71,0.7,31.19,66.08,1.45,31.61,14.31,Dourados,MS,Centro-Oeste,-22.22,-54.82
2018,339,0.0,0.7,0.68,32.48,65.15,1.37,30.69,14.03,Dourados,MS,Centro-Oeste,-22.22,-54.82
2018,340,0.0,0.69,0.67,33.54,62.3,1.97,29.1,13.4,Dourados,MS,Centro-Oeste,-22.22,-54.82
2018,341,0.0,0.68,0.65,31.94,63.22,2.49,23.08,10.78,Dourados,MS,Centro-Oeste,-22.22,-54.82
2018,342,0.0,0.68,0.64,31.45,59.85,2.25,32.8,14.59,Dourados,MS,Centro-Oeste,-22.22,-54.82
2018,343,0.0,0.67,0.64,34.52,61.08,1.85,32.07,14.62,Dourados,MS,Centro-Oeste,-22.22,-54.82
2018,344,0.0,0.66,0.63,36.26,59.91,1.51,30.49,14.19,Dourados,MS,Centro-Oeste,-22.22,-54.82
2018,345,0.0,0.66,0.62,36.74,59.39,2.09,28.4,13.24,Dourados,MS,Centro-Oeste,-22.22,-54.82
2018,346,2.23,0.65,0.63,35.7,62.14,1.71,26.39,12.31,Dourados,MS,Centro-Oeste,-22.22,-54.82
2018,347,4.72,0.66,0.66,35.11,67.37,1.95,27.66,13.01,Dourados,MS,Centro-Oeste,-22.22,-54.82
2018,348,0.2,0.66,0.62,36.35,60.68,2.27,28.54,13.33,Dourados,MS,Centro-Oeste,-22.22,-54.82
2018,349,12.54,0.66,0.7,34.75,64.99,1.52,22.35,10.63,Dourados,MS,Centro-Oeste,-22.22,-54.82
2018,350,4.8,0.67,0.69,33.98,66.79,1.13,26.19,12.43,Dourados,MS,Centro-Oeste,-22.22,-54.82
2018,351,0.0,0.67,0.63,36.32,61.72,1.5,30.08,14.12,Dourados,MS,Centro-Oeste,-22.22,-54.82
2018,352,0.28,0.66,0.62,35.56,57.18,1.5,21.16,10.07,Dourados,MS,Centro-Oeste,-22.22,-54.82
2018,353,0.13,0.65,0.61,37.05,56.48,1.15,25.44,12.06,Dourados,MS,Centro-Oeste,-22.22,-54.82
2018,354,0.02,0.65,0.6,37.33,56.28,1.57,28.7,13.55,Dourados,MS,Centro-Oeste,-22.22,-54.82
2018,355,0.49,0.64,0.61,36.07,60.09,2.06,26.29,12.38,Dourados,MS,Centro-Oeste,-22.22,-54.82
2018,356,5.61,0.64,0.64,35.31,67.76,2.06,18.48,8.91,Dourados,MS,Centro-Oeste,-22.22,-54.82
2018,357,8.9,0.65,0.69,31.5,75.75,0.92,11.19,5.5,Dourados,MS,Centro-Oeste,-22.22,-54.82
2018,358,5.13,0.66,0.68,32.85,72.56,0.81,13.49,6.69,Dourados,MS,Centro-Oeste,-22.22,-54.82
2018,359,10.87,0.67,0.71,31.58,76.72,1.14,21.35,10.26,Dourados,MS,Centro-Oeste,-22.22,-54.82
2018,360,1.99,0.67,0.66,31.8,72.21,1.24,21.75,10.3,Dourados,MS,Centro-Oeste,-22.22,-54.82
2018,361,5.34,0.67,0.67,33.63,71.94,1.08,26.9,12.7,Dourados,MS,Centro-Oeste,-22.22,-54.82
2018,362,2.46,0.67,0.68,31.64,77.05,1.11,23.35,10.97,Dourados,MS,Centro-Oeste,-22.22,-54.82
2018,363,8.9,0.68,0.72,29.13,84.47,1.24,13.68,6.67,Dourados,MS,Centro-Oeste,-22.22,-54.82
2018,364,6.17,0.68,0.7,32.47,77.14,1.62,18.58,8.99,Dourados,MS,Centro-Oeste,-22.22,-54.82
2018,365,7.15,0.69,0.71,32.42,76.13,1.01,25.58,12.09,Dourados,MS,Centro-Oeste,-22.22,-54.82
2019,1,2.7,0.68,0.68,32.98,76.58,1.24,26.18,12.45,Dourados,MS,Centro-Oeste,-22.22,-54.82
2019,2,1.53,0.68,0.67,33.27,74.83,2.08,24.18,11.51,Dourados,MS,Centro-Oeste,-22.22,-54.82
2019,3,0.09,0.67,0.64,35.33,68.32,2.11,28.45,13.42,Dourados,MS,Centro-Oeste,-22.22,-54.82
2019,4,32.91,0.68,0.78,34.29,68.36,1.7,27.69,13.04,Dourados,MS,Centro-Oeste,-22.22,-54.82
2019,5,11.07,0.73,0.8,29.18,84.98,1.82,11.09,5.5,Dourados,MS,Centro-Oeste,-22.22,-54.82
2019,6,3.89,0.72,0.74,31.63,80.04,1.98,23.68,11.23,Dourados,MS,Centro-Oeste,-22.22,-54.82
2019,7,12.6,0.72,0.78,29.67,86.81,2.59,12.58,6.19,Dourados,MS,Centro-Oeste,-22.22,-54.82
2019,8,3.23,0.73,0.76,29.55,84.29,2.01,19.34,9.24,Dourados,MS,Centro-Oeste,-22.22,-54.82
2019,9,2.71,0.72,0.73,32.39,77.57,1.74,24.44,11.4,Dourados,MS,Centro-Oeste,-22.22,-54.82
2019,10,5.35,0.72,0.75,29.58,83.18,1.36,26.32,12.25,Dourados,MS,Centro-Oeste,-22.22,-54.82
2019,11,12.06,0.72,0.78,30.73,79.82,1.01,22.91,10.67,Dourados,MS,Centro-Oeste,-22.22,-54.82
2019,12,6.09,0.73,0.78,30.45,80.56,1.02,25.23,11.89,Dourados,MS,Centro-Oeste,-22.22,-54.82
2019,13,1.11,0.72,0.73,32.0,75.61,1.39,25.58,12.1,Dourados,MS,Centro-Oeste,-22.22,-54.82
2019,14,1.78,0.71,0.72,33.25,73.71,1.37,26.15,12.37,Dourados,MS,Centro-Oeste,-22.22,-54.82
2019,15,1.13,0.71,0.7,33.36,71.87,1.35,27.58,13.02,Dourados,MS,Centro-Oeste,-22.22,-54.82
2019,16,0.05,0.7,0.68,35.53,67.0,1.53,28.87,13.47,Dourados,MS,Centro-Oeste,-22.22,-54.82
2019,17,0.0,0.68,0.66,35.02,66.54,1.8,28.88,13.51,Dourados,MS,Centro-Oeste,-22.22,-54.82
2019,18,23.23,0.7,0.78,32.87,75.48,1.48,20.62,9.83,Dourados,MS,Centro-Oeste,-22.22,-54.82
2019,19,12.36,0.73,0.8,28.11,86.85,0.91,14.79,7.34,Dourados,MS,Centro-Oeste,-22.22,-54.82
2019,20,1.93,0.73,0.75,30.66,79.26,0.93,23.81,11.36,Dourados,MS,Centro-Oeste,-22.22,-54.82
2019,21,0.05,0.72,0.71,32.88,73.15,0.86,28.15,13.29,Dourados,MS,Centro-Oeste,-22.22,-54.82
2019,22,0.0,0.7,0.69,35.64,66.99,0.8,30.03,14.14,Dourados,MS,Centro-Oeste,-22.22,-54.82
2019,23,0.03,0.69,0.67,37.2,61.74,0.76,29.33,13.83,Dourados,MS,Centro-Oeste,-22.22,-54.82
2019,24,2.49,0.68,0.68,33.35,75.19,1.0,18.29,8.77,Dourados,MS,Centro-Oeste,-22.22,-54.82
2019,25,0.03,0.68,0.66,33.61,71.47,0.8,26.71,12.5,Dourados,MS,Centro-Oeste,-22.22,-54.82
2019,26,2.37,0.67,0.65,34.17,68.99,1.23,23.82,11.21,Dourados,MS,Centro-Oeste,-22.22,-54.82
2019,27,0.61,0.67,0.65,34.74,72.7,2.8,28.68,13.4,Dourados,MS,Centro-Oeste,-22.22,-54.82
2019,28,2.72,0.67,0.65,33.12,68.33,3.01,23.82,11.3,Dourados,MS,Centro-Oeste,-22.22,-54.82
2019,29,0.08,0.66,0.63,35.63,64.96,1.94,27.39,12.78,Dourados,MS,Centro-Oeste,-22.22,-54.82
2019,30,0.22,0.66,0.62,35.8,63.99,1.43,28.88,13.47,Dourados,MS,Centro-Oeste,-22.22,-54.82
2019,31,0.57,0.65,0.61,37.6,61.93,1.3,26.53,12.46,Dourados,MS,Centro-Oeste,-22.22,-54.82
2019,32,0.03,0.65,0.61,37.71,59.65,1.25,28.05,13.11,Dourados,MS,Centro-Oeste,-22.22,-54.82
2019,33,2.79,0.64,0.62,38.85,56.75,0.92,17.71,8.56,Dourados,MS,Centro-Oeste,-22.22,-54.82
2019,34,0.63,0.64,0.62,33.18,68.04,1.31,27.06,12.65,Dourados,MS,Centro-Oeste,-22.22,-54.82
2019,35,0.33,0.64,0.61,35.98,63.63,1.09,20.82,9.89,Dourados,MS,Centro-Oeste,-22.22,-54.82
2019,36,3.68,0.64,0.63,34.65,66.85,1.27,19.95,9.55,Dourados,MS,Centro-Oeste,-22.22,-54.82
2019,37,2.67,0.64,0.63,35.58,64.52,1.09,25.37,11.81,Dourados,MS,Centro-Oeste,-22.22,-54.82
2019,38,0.13,0.64,0.6,36.88,60.8,0.96,25.84,12.01,Dourados,MS,Centro-Oeste,-22.22,-54.82
2019,39,0.45,0.63,0.6,37.3,58.73,1.02,21.41,10.04,Dourados,MS,Centro-Oeste,-22.22,-54.82
2019,40,0.0,0.63,0.59,37.5,59.27,1.02,26.65,12.47,Dourados,MS,Centro-Oeste,-22.22,-54.82
2019,41,8.78,0.63,0.66,35.0,65.76,1.54,9.88,4.92,Dourados,MS,Centro-Oeste,-22.22,-54.82
2019,42,3.28,0.64,0.65,34.39,72.35,2.06,25.25,11.84,Dourados,MS,Centro-Oeste,-22.22,-54.82
2019,43,15.38,0.65,0.73,29.62,85.31,1.35,6.21,3.26,Dourados,MS,Centro-Oeste,-22.22,-54.82
2019,44,8.0,0.67,0.71,30.18,82.47,0.92,18.61,8.88,Dourados,MS,Centro-Oeste,-22.22,-54.82
2019,45,53.06,0.71,0.86,31.0,83.57,1.0,9.84,4.95,Dourados,MS,Centro-Oeste,-22.22,-54.82
2019,46,7.69,0.75,0.81,29.72,84.91,2.15,14.94,7.3,Dourados,MS,Centro-Oeste,-22.22,-54.82
2019,47,0.2,0.74,0.74,28.44,78.69,1.58,23.3,10.63,Dourados,MS,Centro-Oeste,-22.22,-54.82
2019,48,0.06,0.72,0.71,29.16,70.09,0.9,21.07,9.9,Dourados,MS,Centro-Oeste,-22.22,-54.82
2019,49,15.02,0.72,0.79,29.73,69.53,1.34,16.94,8.1,Dourados,MS,Centro-Oeste,-22.22,-54.82
2019,50,8.41,0.73,0.78,31.16,75.24,1.58,11.37,5.56,Dourados,MS,Centro-Oeste,-22.22,-54.82
2019,51,1.32,0.73,0.74,31.41,76.63,0.81,22.23,10.41,Dourados,MS,Centro-Oeste,-22.22,-54.82
2019,52,3.65,0.71,0.73,32.88,73.73,0.94,25.45,11.91,Dourados,MS,Centro-Oeste,-22.22,-54.82
2019,53,2.22,0.71,0.72,32.03,75.26,0.85,26.07,12.24,Dourados,MS,Centro-Oeste,-22.22,-54.82
2019,54,0.28,0.7,0.7,29.43,79.92,1.61,24.59,11.62,Dourados,MS,Centro-Oeste,-22.22,-54.82
2019,55,0.01,0.7,0.68,34.31,70.4,2.15,24.9,11.7,Dourados,MS,Centro-Oeste,-22.22,-54.82
2019,56,11.75,0.69,0.72,32.58,77.39,1.79,24.55,11.51,Dourados,MS,Centro-Oeste,-22.22,-54.82
2019,57,37.46,0.74,0.9,25.96,90.5,1.55,4.04,2.19,Dourados,MS,Centro-Oeste,-22.22,-54.82
2019,58,16.61,0.78,0.86,27.04,89.17,1.65,14.01,6.97,Dourados,MS,Centro-Oeste,-22.22,-54.82
2019,59,1.67,0.78,0.79,28.88,81.95,1.91,23.24,10.85,Dourados,MS,Centro-Oeste,-22.22,-54.82
2019,60,0.06,0.76,0.76,30.31,72.7,1.34,26.74,12.25,Dourados,MS,Centro-Oeste,-22.22,-54.82
2019,61,0.07,0.74,0.75,31.41,68.66,1.21,26.86,12.32,Dourados,MS,Centro-Oeste,-22.22,-54.82
2019,62,0.0,0.73,0.73,31.39,65.76,1.22,27.08,12.55,Dourados,MS,Centro-Oeste,-22.22,-54.82
2019,63,3.79,0.72,0.73,32.41,74.38,1.37,26.38,12.25,Dourados,MS,Centro-Oeste,-22.22,-54.82
2019,64,3.54,0.72,0.73,32.13,78.32,1.0,20.83,9.85,Dourados,MS,Centro-Oeste,-22.22,-54.82
2019,65,1.98,0.71,0.73,31.01,82.13,1.45,22.31,10.53,Dourados,MS,Centro-Oeste,-22.22,-54.82
2019,66,1.18,0.71,0.71,30.77,82.14,2.13,22.15,10.48,Dourados,MS,Centro-Oeste,-22.22,-54.82
2019,67,2.37,0.7,0.71,31.64,80.74,2.2,24.08,11.35,Dourados,MS,Centro-Oeste,-22.22,-54.82
2019,68,1.07,0.7,0.7,30.84,81.18,1.19,15.97,7.69,Dourados,MS,Centro-Oeste,-22.22,-54.82
2019,69,0.54,0.7,0.69,32.33,77.64,0.89,19.84,9.38,Dourados,MS,Centro-Oeste,-22.22,-54.82
2019,70,12.39,0.7,0.74,31.67,80.38,1.34,14.49,7.02,Dourados,MS,Centro-Oeste,-22.22,-54.82
2019,71,2.51,0.71,0.72,31.27,80.88,1.14,14.1,6.85,Dourados,MS,Centro-Oeste,-22.22,-54.82
2019,72,7.79,0.71,0.75,31.03,83.18,1.5,12.31,6.03,Dourados,MS,Centro-Oeste,-22.22,-54.82
2019,73,28.49,0.73,0.84,29.6,85.11,1.09,17.22,8.24,Dourados,MS,Centro-Oeste,-22.22,-54.82
2019,74,8.67,0.77,0.83,29.48,86.23,0.96,13.17,6.47,Dourados,MS,Centro-Oeste,-22.22,-54.82
2019,75,20.7,0.77,0.84,29.69,81.85,0.74,8.23,4.17,Dourados,MS,Centro-Oeste,-22.22,-54.82
2019,76,10.43,0.79,0.85,29.57,87.44,1.46,8.04,4.08,Dourados,MS,Centro-Oeste,-22.22,-54.82
2019,77,23.78,0.8,0.88,29.22,88.98,1.62,8.09,4.06,Dourados,MS,Centro-Oeste,-22.22,-54.82
2019,78,6.58,0.8,0.82,30.58,85.19,1.22,12.13,6.03,Dourados,MS,Centro-Oeste,-22.22,-54.82
2019,79,38.37,0.82,0.93,27.27,92.01,0.96,3.28,1.77,Dourados,MS,Centro-Oeste,-22.22,-54.82
2019,80,6.48,0.84,0.86,27.9,86.17,2.39,14.74,6.99,Dourados,MS,Centro-Oeste,-22.22,-54.82
2019,81,0.0,0.82,0.83,28.86,82.55,1.35,24.21,11.26,Dourados,MS,Centro-Oeste,-22.22,-54.82
2019,82,0.0,0.8,0.81,30.07,79.15,1.07,24.41,11.34,Dourados,MS,Centro-Oeste,-22.22,-54.82
2019,83,0.0,0.79,0.8,30.71,76.17,0.93,24.67,11.43,Dourados,MS,Centro-Oeste,-22.22,-54.82
2019,84,0.0,0.78,0.79,30.71,78.99,1.21,23.49,10.92,Dourados,MS,Centro-Oeste,-22.22,-54.82
2019,85,0.0,0.77,0.78,30.58,78.5,1.82,23.41,10.74,Dourados,MS,Centro-Oeste,-22.22,-54.82
2019,86,0.0,0.76,0.77,31.15,76.06,1.83,23.85,11.03,Dourados,MS,Centro-Oeste,-22.22,-54.82
2019,87,0.17,0.75,0.76,31.43,79.69,1.86,23.74,11.07,Dourados,MS,Centro-Oeste,-22.22,-54.82
2019,88,0.02,0.74,0.75,31.15,78.76,1.81,24.05,11.19,Dourados,MS,Centro-Oeste,-22.22,-54.82
2019,89,0.0,0.74,0.74,31.44,74.85,1.47,21.63,10.08,Dourados,MS,Centro-Oeste,-22.22,-54.82
2019,90,0.0,0.73,0.73,30.97,74.69,1.05,15.8,7.43,Dourados,MS,Centro-Oeste,-22.22,-54.82
2019,91,1.41,0.72,0.73,31.86,72.61,1.13,10.26,5.06,Dourados,MS,Centro-Oeste,-22.22,-54.82
2019,92,5.46,0.73,0.75,30.66,77.98,1.08,7.48,3.76,Dourados,MS,Centro-Oeste,-22.22,-54.82
2019,93,2.16,0.73,0.74,28.57,87.44,1.05,14.11,6.73,Dourados,MS,Centro-Oeste,-22.22,-54.82
2019,94,0.51,0.72,0.73,30.29,84.09,1.74,17.14,8.11,Dourados,MS,Centro-Oeste,-22.22,-54.82
2019,95,9.15,0.72,0.75,29.38,86.48,1.48,10.54,5.13,Dourados,MS,Centro-Oeste,-22.22,-54.82
2019,96,5.38,0.74,0.79,26.29,85.74,2.1,7.37,3.72,Dourados,MS,Centro-Oeste,-22.22,-54.82
2019,97,0.43,0.74,0.74,25.28,82.68,1.6,14.58,6.84,Dourados,MS,Centro-Oeste,-22.22,-54.82
2019,98,0.23,0.73,0.73,26.79,81.2,1.42,21.2,9.38,Dourados,MS,Centro-Oeste,-22.22,-54.82
2019,99,0.02,0.72,0.72,28.6,74.9,0.88,22.27,10.02,Dourados,MS,Centro-Oeste,-22.22,-54.82
2019,100,0.04,0.71,0.71,29.76,77.25,1.25,21.96,10.11,Dourados,MS,Centro-Oeste,-22.22,-54.82
2019,101,0.02,0.71,0.7,30.21,75.92,1.07,21.27,9.76,Dourados,MS,Centro-Oeste,-22.22,-54.82
2019,102,0.0,0.7,0.69,30.65,71.91,1.02,20.98,9.67,Dourados,MS,Centro-Oeste,-22.22,-54.82
2019,103,1.53,0.7,0.69,30.71,78.06,0.91,12.26,5.79,Dourados,MS,Centro-Oeste,-22.22,-54.82
2019,104,0.29,0.69,0.68,31.45,80.4,0.96,12.83,6.01,Dourados,MS,Centro-Oeste,-22.22,-54.82
2019,105,0.66,0.69,0.68,32.09,76.56,0.68,17.3,8.02,Dourados,MS,Centro-Oeste,-22.22,-54.82
2019,106,0.08,0.68,0.67,32.04,75.35,1.22,18.53,8.62,Dourados,MS,Centro-Oeste,-22.22,-54.82
2019,107,0.0,0.68,0.66,31.7,73.48,1.48,20.67,9.46,Dourados,MS,Centro-Oeste,-22.22,-54.82
2019,108,0.0,0.67,0.65,31.78,71.86,1.06,21.02,9.65,Dourados,MS,Centro-Oeste,-22.22,-54.82
2019,109,0.0,0.67,0.65,33.03,71.94,1.19,19.26,8.92,Dourados,MS,Centro-Oeste,-22.22,-54.82
2019,110,0.0,0.67,0.64,33.91,70.95,1.25,19.14,8.94,Dourados,MS,Centro-Oeste,-22.22,-54.82
2019,111,11.13,0.67,0.71,32.11,78.7,1.52,6.95,3.48,Dourados,MS,Centro-Oeste,-22.22,-54.82
2019,112,8.16,0.69,0.73,28.38,87.98,1.13,12.11,5.76,Dourados,MS,Centro-Oeste,-22.22,-54.82
2019,113,0.66,0.69,0.68,30.45,80.16,0.87,15.81,7.4,Dourados,MS,Centro-Oeste,-22.22,-54.82
2019,114,0.23,0.69,0.67,31.05,75.08,0.98,18.45,8.63,Dourados,MS,Centro-Oeste,-22.22,-54.82
2019,115,2.1,0.68,0.68,32.82,69.02,0.9,19.3,9.1,Dourados,MS,Centro-Oeste,-22.22,-54.82
2019,116,0.07,0.68,0.66,32.66,72.17,0.86,17.55,8.28,Dourados,MS,Centro-Oeste,-22.22,-54.82
2019,117,0.7,0.67,0.65,32.57,76.44,1.58,14.62,6.93,Dourados,MS,Centro-Oeste,-22.22,-54.82
2019,118,0.6,0.67,0.66,29.42,82.7,1.69,12.8,6.0,Dourados,MS,Centro-Oeste,-22.22,-54.82
2019,119,0.01,0.67,0.65,30.0,74.4,0.92,13.72,6.2,Dourados,MS,Centro-Oeste,-22.22,-54.82
2019,120,14.22,0.67,0.69,27.42,83.48,1.09,14.17,6.62,Dourados,MS,Centro-Oeste,-22.22,-54.82
2019,121,3.64,0.69,0.74,27.97,86.3,1.52,7.9,3.92,Dourados,MS,Centro-Oeste,-22.22,-54.82
2019,122,0.14,0.69,0.68,29.72,83.38,1.5,12.99,6.12,Dourados,MS,Centro-Oeste,-22.22,-54.82
2019,123,10.99,0.7,0.73,26.87,88.89,1.64,4.1,2.06,Dourados,MS,Centro-Oeste,-22.22,-54.82
2019,124,7.22,0.71,0.76,28.59,84.59,1.46,14.72,6.99,Dourados,MS,Centro-Oeste,-22.22,-54.82
2019,125,0.01,0.71,0.7,31.19,80.22,1.51,17.53,8.17,Dourados,MS,Centro-Oeste,-22.22,-54.82
2019,126,0.4,0.7,0.69,30.41,83.57,1.11,13.45,6.36,Dourados,MS,Centro-Oeste,-22.22,-54.82
2019,127,0.28,0.69,0.68,31.83,76.32,0.69,17.03,8.01,Dourados,MS,Centro-Oeste,-22.22,-54.82
2019,128,0.0,0.69,0.67,30.97,78.41,1.18,16.59,7.78,Dourados,MS,Centro-Oeste,-22.22,-54.82
2019,129,0.09,0.68,0.67,31.09,79.51,1.78,17.28,8.08,Dourados,MS,Centro-Oeste,-22.22,-54.82
2019,130,0.03,0.68,0.66,31.51,79.43,1.82,16.3,7.62,Dourados,MS,Centro-Oeste,-22.22,-54.82
2019,131,3.06,0.68,0.67,30.55,81.09,2.77,10.47,5.01,Dourados,MS,Centro-Oeste,-22.22,-54.82
2019,132,0.19,0.68,0.66,27.15,81.54,1.46,9.18,4.4,Dourados,MS,Centro-Oeste,-22.22,-54.82
2019,133,0.09,0.67,0.66,26.58,76.84,2.12,5.96,2.94,Dourados,MS,Centro-Oeste,-22.22,-54.82
2019,134,0.06,0.67,0.65,22.88,75.75,2.37,15.69,6.93,Dourados,MS,Centro-Oeste,-22.22,-54.82
2019,135,0.03,0.67,0.65,25.2,77.43,1.66,13.05,5.91,Dourados,MS,Centro-Oeste,-22.22,-54.82
2019,136,0.01,0.66,0.65,26.87,78.42,1.83,10.26,4.78,Dourados,MS,Centro-Oeste,-22.22,-54.82
2019,137,0.0,0.66,0.64,28.37,74.05,2.08,13.44,6.17,Dourados,MS,Centro-Oeste,-22.22,-54.82
2019,138,0.0,0.66,0.64,29.14,74.55,1.48,16.37,7.55,Dourados,MS,Centro-Oeste,-22.22,-54.82
2019,139,0.02,0.65,0.64,30.09,69.55,1.23,15.12,6.99,Dourados,MS,Centro-Oeste,-22.22,-54.82
2019,140,0.0,0.65,0.63,30.42,70.6,1.44,16.76,7.67,Dourados,MS,Centro-Oeste,-22.22,-54.82
2019,141,0.0,0.65,0.63,30.62,67.39,1.53,16.16,7.31,Dourados,MS,Centro-Oeste,-22.22,-54.82
2019,142,1.65,0.65,0.63,29.21,74.27,1.85,9.47,4.43,Dourados,MS,Centro-Oeste,-22.22,-54.82
2019,143,13.31,0.66,0.72,19.42,90.84,1.75,2.7,1.41,Dourados,MS,Centro-Oeste,-22.22,-54.82
2019,144,0.27,0.67,0.67,20.84,78.11,2.03,15.83,7.04,Dourados,MS,Centro-Oeste,-22.22,-54.82
2019,145,0.04,0.67,0.65,23.01,74.4,1.06,15.62,6.99,Dourados,MS,Centro-Oeste,-22.22,-54.82
2019,146,0.07,0.66,0.65,29.34,70.66,1.72,14.54,6.72,Dourados,MS,Centro-Oeste,-22.22,-54.82
2019,147,0.01,0.66,0.64,31.24,76.67,1.89,14.05,6.51,Dourados,MS,Centro-Oeste,-22.22,-54.82
2019,148,0.98,0.66,0.64,30.81,79.9,2.1,10.54,4.95,Dourados,MS,Centro-Oeste,-22.22,-54.82
2019,149,0.22,0.65,0.64,32.18,79.11,1.49,12.3,5.73,Dourados,MS,Centro-Oeste,-22.22,-54.82
2019,150,0.03,0.65,0.63,32.88,72.64,1.65,14.21,6.61,Dourados,MS,Centro-Oeste,-22.22,-54.82
2019,151,0.35,0.65,0.63,29.94,74.37,2.11,12.23,5.64,Dourados,MS,Centro-Oeste,-22.22,-54.82
2019,152,4.71,0.65,0.67,28.79,85.77,1.77,7.75,3.75,Dourados,MS,Centro-Oeste,-22.22,-54.82
2019,153,18.76,0.66,0.74,24.37,89.74,1.45,4.1,2.09,Dourados,MS,Centro-Oeste,-22.22,-54.82
2019,154,0.32,0.68,0.68,25.37,83.7,1.94,9.38,4.25,Dourados,MS,Centro-Oeste,-22.22,-54.82
2019,155,0.09,0.68,0.66,25.31,77.69,1.7,15.29,6.73,Dourados,MS,Centro-Oeste,-22.22,-54.82
2019,156,0.05,0.67,0.66,24.07,73.64,2.15,17.12,7.51,Dourados,MS,Centro-Oeste,-22.22,-54.82
2019,157,0.03,0.67,0.65,26.27,69.11,1.69,16.13,7.15,Dourados,MS,Centro-Oeste,-22.22,-54.82
2019,158,0.0,0.66,0.65,29.62,68.15,1.16,16.65,7.38,Dourados,MS,Centro-Oeste,-22.22,-54.82
2019,159,0.0,0.66,0.64,28.63,65.82,1.67,12.72,5.76,Dourados,MS,Centro-Oeste,-22.22,-54.82
2019,160,0.0,0.66,0.64,29.09,65.92,1.48,15.87,7.15,Dourados,MS,Centro-Oeste,-22.22,-54.82
2019,161,0.0,0.65,0.63,28.61,67.29,1.44,16.47,7.29,Dourados,MS,Centro-Oeste,-22.22,-54.82
2019,162,0.0,0.65,0.63,30.52,69.92,1.26,15.1,6.86,Dourados,MS,Centro-Oeste,-22.22,-54.82
2019,163,0.0,0.65,0.63,31.84,65.18,2.12,14.97,6.83,Dourados,MS,Centro-Oeste,-22.22,-54.82
2019,164,0.0,0.64,0.62,30.88,64.3,2.07,15.28,6.91,Dourados,MS,Centro-Oeste,-22.22,-54.82
2019,165,0.0,0.64,0.62,30.44,65.69,1.88,11.03,5.12,Dourados,MS,Centro-Oeste,-22.22,-54.82
2019,166,0.0,0.64,0.61,30.54,64.11,1.96,13.97,6.36,Dourados,MS,Centro-Oeste,-22.22,-54.82
2019,167,0.0,0.63,0.61,31.21,63.8,1.5,14.7,6.69,Dourados,MS,Centro-Oeste,-22.22,-54.82
2019,168,0.0,0.63,0.6,30.48,63.45,1.37,15.87,7.14,Dourados,MS,Centro-Oeste,-22.22,-54.82
2019,169,0.0,0.63,0.59,29.96,57.01,1.25,15.51,6.96,Dourados,MS,Centro-Oeste,-22.22,-54.82
2019,170,0.0,0.63,0.59,30.82,63.58,1.23,13.42,6.13,Dourados,MS,Centro-Oeste,-22.22,-54.82
2019,171,0.0,0.63,0.58,29.74,74.88,1.15,12.6,5.7,Dourados,MS,Centro-Oeste,-22.22,-54.82
2019,172,0.0,0.63,0.57,30.96,67.44,1.95,15.46,7.01,Dourados,MS,Centro-Oeste,-22.22,-54.82
2019,173,0.0,0.62,0.56,30.67,63.52,1.53,15.82,7.11,Dourados,MS,Centro-Oeste,-22.22,-54.82
2019,174,0.0,0.62,0.55,31.04,58.47,1.74,16.11,7.16,Dourados,MS,Centro-Oeste,-22.22,-54.82
2019,175,0.0,0.62,0.54,31.61,55.92,2.03,16.33,7.21,Dourados,MS,Centro-Oeste,-22.22,-54.82
2019,176,0.34,0.62,0.53,31.4,51.42,2.67,16.03,7.07,Dourados,MS,Centro-Oeste,-22.22,-54.82
2019,177,4.55,0.63,0.61,21.37,83.2,1.15,3.37,1.71,Dourados,MS,Centro-Oeste,-22.22,-54.82
2019,178,2.74,0.63,0.63,26.94,85.46,1.66,5.4,2.62,Dourados,MS,Centro-Oeste,-22.22,-54.82
2019,179,0.01,0.63,0.61,32.84,65.98,2.7,15.25,6.96,Dourados,MS,Centro-Oeste,-22.22,-54.82
2019,180,0.01,0.63,0.59,33.26,60.5,2.42,15.68,7.19,Dourados,MS,Centro-Oeste,-22.22,-54.82
2019,181,0.0,0.62,0.57,33.06,64.69,1.59,15.81,7.22,Dourados,MS,Centro-Oeste,-22.22,-54.82
2019,182,0.03,0.62,0.56,31.88,66.22,1.85,12.87,5.89,Dourados,MS,Centro-Oeste,-22.22,-54.82
2019,183,0.07,0.62,0.55,30.49,70.04,1.73,8.82,4.03,Dourados,MS,Centro-Oeste,-22.22,-54.82
2019,184,13.04,0.62,0.61,28.32,74.69,1.76,7.89,3.7,Dourados,MS,Centro-Oeste,-22.22,-54.82
2019,185,27.78,0.67,0.82,22.34,86.83,1.62,5.18,2.53,Dourados,MS,Centro-Oeste,-22.22,-54.82
2019,186,0.08,0.69,0.69,19.73,62.79,3.0,16.11,6.98,Dourados,MS,Centro-Oeste,-22.22,-54.82
2019,187,0.01,0.68,0.66,15.56,59.59,2.17,16.87,7.17,Dourados,MS,Centro-Oeste,-22.22,-54.82
2019,188,0.0,0.67,0.66,19.52,63.78,1.65,17.44,7.38,Dourados,MS,Centro-Oeste,-22.22,-54.82
2019,189,0.01,0.67,0.65,22.8,70.29,1.72,16.11,7.01,Dourados,MS,Centro-Oeste,-22.22,-54.82
2019,190,0.0,0.67,0.65,26.75,69.62,1.4,17.0,7.39,Dourados,MS,Centro-Oeste,-22.22,-54.82
2019,191,0.0,0.66,0.65,28.57,66.91,1.17,16.8,7.38,Dourados,MS,Centro-Oeste,-22.22,-54.82
2019,192,0.0,0.66,0.64,29.33,69.03,1.71,16.39,7.26,Dourados,MS,Centro-Oeste,-22.22,-54.82
2019,193,0.0,0.66,0.64,29.11,61.67,1.47,16.8,7.4,Dourados,MS,Centro-Oeste,-22.22,-54.82
2019,194,0.0,0.65,0.63,29.95,54.41,1.32,15.97,7.08,Dourados,MS,Centro-Oeste,-22.22,-54.82
2019,195,0.0,0.65,0.63,30.91,54.37,1.31,15.62,6.99,Dourados,MS,Centro-Oeste,-22.22,-54.82
2019,196,5.4,0.65,0.65,31.48,65.14,2.01,3.72,1.87,Dourados,MS,Centro-Oeste,-22.22,-54.82
2019,197,1.17,0.66,0.66,24.35,67.25,2.19,16.01,6.99,Dourados,MS,Centro-Oeste,-22.22,-54.82
2019,198,0.0,0.65,0.63,24.86,65.01,1.82,15.22,6.64,Dourados,MS,Centro-Oeste,-22.22,-54.82
2019,199,0.0,0.65,0.63,20.93,67.41,1.96,8.97,4.18,Dourados,MS,Centro-Oeste,-22.22,-54.82
2019,200,0.05,0.65,0.63,29.45,65.96,1.62,9.69,4.5,Dourados,MS,Centro-Oeste,-22.22,-54.82
2019,201,0.33,0.65,0.62,31.41,65.56,2.14,15.55,7.03,Dourados,MS,Centro-Oeste,-22.22,-54.82
2019,202,0.0,0.64,0.61,29.46,59.63,2.87,11.79,5.36,Dourados,MS,Centro-Oeste,-22.22,-54.82
2019,203,0.0,0.64,0.61,30.85,63.39,2.6,10.35,4.73,Dourados,MS,Centro-Oeste,-22.22,-54.82
2019,204,0.0,0.64,0.61,32.47,63.39,1.93,16.93,7.65,Dourados,MS,Centro-Oeste,-22.22,-54.82
2019,205,0.04,0.63,0.61,30.76,66.73,1.17,13.98,6.33,Dourados,MS,Centro-Oeste,-22.22,-54.82
2019,206,0.12,0.63,0.61,26.43,73.55,2.21,11.61,5.19,Dourados,MS,Centro-Oeste,-22.22,-54.82
2019,207,0.02,0.63,0.61,24.66,74.02,1.73,9.25,4.31,Dourados,MS,Centro-Oeste,-22.22,-54.82
2019,208,0.0,0.63,0.61,26.69,69.85,1.61,16.47,7.43,Dourados,MS,Centro-Oeste,-22.22,-54.82
2019,209,0.0,0.63,0.61,29.22,66.57,1.48,16.58,7.47,Dourados,MS,Centro-Oeste,-22.22,-54.82
2019,210,0.0,0.63,0.6,31.01,59.11,1.63,16.8,7.52,Dourados,MS,Centro-Oeste,-22.22,-54.82
2019,211,0.0,0.62,0.6,32.27,58.88,1.25,16.86,7.54,Dourados,MS,Centro-Oeste,-22.22,-54.82
2019,212,0.0,0.62,0.59,31.56,65.07,1.48,18.13,8.08,Dourados,MS,Centro-Oeste,-22.22,-54.82
2019,213,0.0,0.62,0.58,33.57,53.3,2.51,18.28,8.1,Dourados,MS,Centro-Oeste,-22.22,-54.82
2019,214,0.0,0.62,0.57,22.67,61.42,3.69,13.59,5.99,Dourados,MS,Centro-Oeste,-22.22,-54.82
2019,215,0.0,0.62,0.57,20.91,53.55,2.98,17.44,7.39,Dourados,MS,Centro-Oeste,-22.22,-54.82
2019,216,0.0,0.61,0.55,23.49,51.44,2.26,19.01,8.18,Dourados,MS,Centro-Oeste,-22.22,-54.82
2019,217,0.0,0.61,0.54,25.29,67.4,2.39,16.66,7.46,Dourados,MS,Centro-Oeste,-22.22,-54.82
2019,218,0.0,0.61,0.53,29.67,69.95,3.08,17.69,8.05,Dourados,MS,Centro-Oeste,-22.22,-54.82
2019,219,1.12,0.61,0.53,32.47,65.43,2.57,15.18,6.94,Dourados,MS,Centro-Oeste,-22.22,-54.82
2019,220,0.09,0.61,0.52,34.06,56.33,2.08,17.68,8.07,Dourados,MS,Centro-Oeste,-22.22,-54.82
2019,221,0.0,0.61,0.49,35.28,44.91,2.72,18.3,8.29,Dourados,MS,Centro-Oeste,-22.22,-54.82
2019,222,0.0,0.61,0.47,27.44,68.68,2.15,12.59,5.62,Dourados,MS,Centro-Oeste,-22.22,-54.82
2019,223,0.0,0.61,0.46,34.04,57.86,2.03,18.62,8.41,Dourados,MS,Centro-Oeste,-22.22,-54.82
2019,224,0.0,0.61,0.44,36.17,47.58,2.2,17.52,7.95,Dourados,MS,Centro-Oeste,-22.22,-54.82
2019,225,0.0,0.6,0.43,27.11,56.78,3.88,15.41,6.67,Dourados,MS,Centro-Oeste,-22.22,-54.82
2019,226,0.0,0.6,0.42,27.71,42.28,2.94,18.78,8.05,Dourados,MS,Centro-Oeste,-22.22,-54.82
2019,227,0.0,0.6,0.41,30.99,51.11,2.86,18.61,8.31,Dourados,MS,Centro-Oeste,-22.22,-54.82
2019,228,0.19,0.6,0.4,33.26,49.94,2.5,18.47,8.32,Dourados,MS,Centro-Oeste,-22.22,-54.82
2019,229,0.21,0.6,0.39,35.74,44.98,2.6,18.92,8.39,Dourados,MS,Centro-Oeste,-22.22,-54.82
2019,230,0.0,0.6,0.38,35.64,43.8,2.43,12.36,5.12,Dourados,MS,Centro-Oeste,-22.22,-54.82
2019,231,0.0,0.6,0.37,33.47,58.21,2.41,13.11,5.52,Dourados,MS,Centro-Oeste,-22.22,-54.82
2019,232,0.0,0.6,0.36,31.52,51.54,1.58,17.82,7.83,Dourados,MS,Centro-Oeste,-22.22,-54.82
2019,233,0.0,0.6,0.35,32.57,53.34,1.51,17.04,7.56,Dourados,MS,Centro-Oeste,-22.22,-54.82
2019,234,0.36,0.6,0.35,34.53,51.81,1.78,19.75,8.89,Dourados,MS,Centro-Oeste,-22.22,-54.82
2019,235,0.42,0.6,0.36,30.89,51.34,2.44,19.54,8.46,Dourados,MS,Centro-Oeste,-22.22,-54.82
2019,236,0.0,0.6,0.35,33.63,36.71,1.85,21.86,9.54,Dourados,MS,Centro-Oeste,-22.22,-54.82
2019,237,0.0,0.6,0.34,33.76,37.77,2.56,21.64,9.65,Dourados,MS,Centro-Oeste,-22.22,-54.82
2019,238,1.27,0.6,0.34,34.78,47.34,2.5,15.72,6.99,Dourados,MS,Centro-Oeste,-22.22,-54.82
2019,239,0.07,0.6,0.37,32.45,59.23,1.04,7.61,3.66,Dourados,MS,Centro-Oeste,-22.22,-54.82
2019,240,0.0,0.6,0.36,35.02,48.12,1.97,20.21,9.07,Dourados,MS,Centro-Oeste,-22.22,-54.82
2019,241,0.0,0.6,0.34,36.15,42.57,1.96,20.23,9.12,Dourados,MS,Centro-Oeste,-22.22,-54.82
2019,242,0.33,0.6,0.33,37.87,41.53,2.11,20.29,9.18,Dourados,MS,Centro-Oeste,-22.22,-54.82
2019,243,2.35,0.6,0.37,31.88,53.08,2.51,5.18,2.5,Dourados,MS,Centro-Oeste,-22.22,-54.82
2019,244,7.56,0.61,0.57,28.34,73.15,2.64,4.52,2.2,Dourados,MS,Centro-Oeste,-22.22,-54.82
2019,245,0.01,0.62,0.59,30.36,64.78,1.47,16.85,7.48,Dourados,MS,Centro-Oeste,-22.22,-54.82
2019,246,0.01,0.61,0.55,30.5,56.59,2.16,12.74,5.64,Dourados,MS,Centro-Oeste,-22.22,-54.82
2019,247,0.0,0.61,0.51,32.77,55.98,1.89,16.25,7.13,Dourados,MS,Centro-Oeste,-22.22,-54.82
2019,248,0.0,0.61,0.48,34.01,54.04,2.22,16.08,7.21,Dourados,MS,Centro-Oeste,-22.22,-54.82
2019,249,0.0,0.61,0.45,37.13,49.09,2.72,19.59,9.05,Dourados,MS,Centro-Oeste,-22.22,-54.82
2019,250,0.0,0.6,0.41,39.51,38.07,3.15,20.37,9.11,Dourados,MS,Centro-Oeste,-22.22,-54.82
2019,251,0.0,0.6,0.38,39.97,32.68,3.02,21.36,9.6,Dourados,MS,Centro-Oeste,-22.22,-54.82
2019,252,0.0,0.6,0.35,40.28,33.36,3.53,22.55,10.26,Dourados,MS,Centro-Oeste,-22.22,-54.82
2019,253,0.0,0.6,0.33,39.33,32.53,2.71,18.74,8.24,Dourados,MS,Centro-Oeste,-22.22,-54.82
2019,254,0.0,0.6,0.32,39.92,30.22,2.73,17.06,7.33,Dourados,MS,Centro-Oeste,-22.22,-54.82
2019,255,0.03,0.6,0.31,33.24,54.48,3.35,11.04,4.86,Dourados,MS,Centro-Oeste,-22.22,-54.82
2019,256,0.02,0.6,0.31,35.09,52.87,1.9,19.69,8.59,Dourados,MS,Centro-Oeste,-22.22,-54.82
2019,257,0.0,0.6,0.3,39.48,41.82,2.03,20.68,9.35,Dourados,MS,Centro-Oeste,-22.22,-54.82
2019,258,0.0,0.6,0.29,42.08,29.79,2.2,22.16,10.02,Dourados,MS,Centro-Oeste,-22.22,-54.82
2019,259,0.0,0.6,0.28,42.18,25.74,2.65,22.52,9.94,Dourados,MS,Centro-Oeste,-22.22,-54.82
2019,260,0.0,0.6,0.27,39.5,35.07,2.25,18.94,8.16,Dourados,MS,Centro-Oeste,-22.22,-54.82
2019,261,0.74,0.6,0.28,34.79,50.69,2.29,11.24,4.68,Dourados,MS,Centro-Oeste,-22.22,-54.82
2019,262,0.61,0.6,0.29,38.8,48.45,2.71,14.15,5.83,Dourados,MS,Centro-Oeste,-22.22,-54.82
2019,263,1.84,0.6,0.36,36.15,51.86,3.13,13.51,5.67,Dourados,MS,Centro-Oeste,-22.22,-54.82
2019,264,0.0,0.6,0.35,35.69,48.88,2.65,16.13,6.55,Dourados,MS,Centro-Oeste,-22.22,-54.82
2019,265,0.0,0.6,0.34,33.56,38.34,2.98,21.27,9.35,Dourados,MS,Centro-Oeste,-22.22,-54.82
2019,266,0.0,0.6,0.32,34.66,45.04,3.1,23.81,10.79,Dourados,MS,Centro-Oeste,-22.22,-54.82
2019,267,0.0,0.6,0.31,33.74,47.49,2.17,16.52,7.52,Dourados,MS,Centro-Oeste,-22.22,-54.82
2019,268,8.78,0.61,0.49,24.81,72.68,1.33,3.59,1.82,Dourados,MS,Centro-Oeste,-22.22,-54.82
2019,269,0.1,0.61,0.59,31.78,68.2,1.44,22.09,10.01,Dourados,MS,Centro-Oeste,-22.22,-54.82
2019,270,0.0,0.61,0.53,34.09,51.92,1.44,26.21,11.84,Dourados,MS,Centro-Oeste,-22.22,-54.82
2019,271,0.0,0.61,0.48,35.61,49.73,1.86,26.23,11.83,Dourados,MS,Centro-Oeste,-22.22,-54.82
2019,272,0.0,0.6,0.43,36.81,42.36,1.79,26.12,11.66,Dourados,MS,Centro-Oeste,-22.22,-54.82
2019,273,0.0,0.6,0.39,39.41,37.64,2.73,26.43,11.82,Dourados,MS,Centro-Oeste,-22.22,-54.82
2019,274,0.34,0.6,0.36,39.58,38.33,3.04,24.1,11.04,Dourados,MS,Centro-Oeste,-22.22,-54.82
2019,275,4.57,0.61,0.43,36.08,53.06,2.52,17.65,8.31,Dourados,MS,Centro-Oeste,-22.22,-54.82
2019,276,1.23,0.61,0.48,38.01,51.92,1.01,20.35,9.51,Dourados,MS,Centro-Oeste,-22.22,-54.82
2019,277,1.5,0.61,0.46,39.01,51.47,1.15,23.47,11.03,Dourados,MS,Centro-Oeste,-22.22,-54.82
2019,278,10.62,0.62,0.63,31.91,73.02,1.97,13.84,6.64,Dourados,MS,Centro-Oeste,-22.22,-54.82
2019,279,9.94,0.64,0.69,27.83,73.24,2.81,5.37,2.82,Dourados,MS,Centro-Oeste,-22.22,-54.82
2019,280,0.45,0.64,0.62,29.03,72.33,1.33,13.84,6.62,Dourados,MS,Centro-Oeste,-22.22,-54.82
2019,281,0.0,0.63,0.61,29.56,67.67,1.44,17.48,8.1,Dourados,MS,Centro-Oeste,-22.22,-54.82
2019,282,0.0,0.63,0.59,35.44,58.51,1.39,25.86,11.58,Dourados,MS,Centro-Oeste,-22.22,-54.82
2019,283,0.0,0.62,0.58,37.0,57.58,2.02,26.38,12.05,Dourados,MS,Centro-Oeste,-22.22,-54.82
2019,284,0.16,0.62,0.55,38.56,57.07,1.9,25.65,11.92,Dourados,MS,Centro-Oeste,-22.22,-54.82
2019,285,0.04,0.61,0.51,39.27,44.95,2.62,26.15,12.12,Dourados,MS,Centro-Oeste,-22.22,-54.82
2019,286,0.15,0.61,0.47,39.76,44.39,2.38,22.31,10.46,Dourados,MS,Centro-Oeste,-22.22,-54.82
2019,287,1.1,0.61,0.45,39.3,50.02,1.26,15.86,7.62,Dourados,MS,Centro-Oeste,-22.22,-54.82
2019,288,0.91,0.6,0.44,36.25,55.26,0.98,13.93,6.71,Dourados,MS,Centro-Oeste,-22.22,-54.82
2019,289,0.03,0.6,0.42,36.97,48.3,1.75,25.45,11.93,Dourados,MS,Centro-Oeste,-22.22,-54.82
2019,290,0.07,0.6,0.38,40.51,44.78,1.9,16.11,7.72,Dourados,MS,Centro-Oeste,-22.22,-54.82
2019,291,1.35,0.6,0.38,38.62,48.42,0.77,21.65,10.11,Dourados,MS,Centro-Oeste,-22.22,-54.82
2019,292,1.44,0.6,0.42,32.7,60.34,1.49,18.26,8.63,Dourados,MS,Centro-Oeste,-22.22,-54.82
2019,293,4.82,0.61,0.48,35.08,59.76,1.37,21.7,10.25,Dourados,MS,Centro-Oeste,-22.22,-54.82
2019,294,6.32,0.62,0.61,31.02,72.71,2.01,7.36,3.74,Dourados,MS,Centro-Oeste,-22.22,-54.82
2019,295,0.0,0.62,0.59,32.24,51.78,2.23,27.24,12.09,Dourados,MS,Centro-Oeste,-22.22,-54.82
2019,296,0.0,0.61,0.54,35.23,47.53,0.96,27.38,12.29,Dourados,MS,Centro-Oeste,-22.22,-54.82
2019,297,0.0,0.61,0.5,37.7,47.51,1.2,27.13,12.23,Dourados,MS,Centro-Oeste,-22.22,-54.82
2019,298,0.01,0.61,0.45,39.77,43.96,1.71,23.98,11.07,Dourados,MS,Centro-Oeste,-22.22,-54.82
2019,299,2.06,0.61,0.45,40.58,44.15,1.9,22.76,10.6,Dourados,MS,Centro-Oeste,-22.22,-54.82
2019,300,0.61,0.61,0.44,38.55,48.98,2.52,25.0,11.66,Dourados,MS,Centro-Oeste,-22.22,-54.82
2019,301,0.01,0.6,0.4,40.14,44.37,2.9,24.59,11.39,Dourados,MS,Centro-Oeste,-22.22,-54.82
2019,302,0.0,0.6,0.37,39.99,44.37,2.15,26.09,12.03,Dourados,MS,Centro-Oeste,-22.22,-54.82
2019,303,0.0,0.6,0.34,42.5,38.41,1.74,26.96,12.46,Dourados,MS,Centro-Oeste,-22.22,-54.82
2019,304,6.02,0.6,0.36,42.67,40.04,1.86,21.59,10.07,Dourados,MS,Centro-Oeste,-22.22,-54.82
2019,305,6.06,0.62,0.61,38.65,57.88,1.58,22.93,10.62,Dourados,MS,Centro-Oeste,-22.22,-54.82
2019,306,0.02,0.61,0.54,40.57,50.98,1.35,27.47,12.75,Dourados,MS,Centro-Oeste,-22.22,-54.82
2019,307,1.2,0.61,0.5,39.97,46.27,1.71,18.51,8.77,Dourados,MS,Centro-Oeste,-22.22,-54.82
2019,308,0.01,0.61,0.46,39.85,45.21,2.62,26.99,12.62,Dourados,MS,Centro-Oeste,-22.22,-54.82
2019,309,1.34,0.6,0.41,40.65,46.58,2.91,22.47,10.57,Dourados,MS,Centro-Oeste,-22.22,-54.82
2019,310,9.74,0.61,0.54,33.11,68.79,1.39,16.76,7.94,Dourados,MS,Centro-Oeste,-22.22,-54.82
2019,311,11.81,0.63,0.69,33.37,73.44,0.99,14.35,6.85,Dourados,MS,Centro-Oeste,-22.22,-54.82
2019,312,1.05,0.64,0.63,31.99,70.26,1.09,17.86,8.4,Dourados,MS,Centro-Oeste,-22.22,-54.82
2019,313,7.79,0.63,0.65,34.7,70.77,1.34,23.1,10.92,Dourados,MS,Centro-Oeste,-22.22,-54.82
2019,314,5.48,0.65,0.68,29.81,78.29,1.29,13.93,6.72,Dourados,MS,Centro-Oeste,-22.22,-54.82
2019,315,1.45,0.64,0.62,35.36,65.9,1.26,24.1,11.31,Dourados,MS,Centro-Oeste,-22.22,-54.82
2019,316,0.63,0.64,0.61,34.55,67.79,1.76,26.74,12.57,Dourados,MS,Centro-Oeste,-22.22,-54.82
2019,317,5.29,0.63,0.64,31.71,73.75,1.54,11.52,5.67,Dourados,MS,Centro-Oeste,-22.22,-54.82
2019,318,11.51,0.65,0.71,29.89,84.22,2.18,14.64,7.21,Dourados,MS,Centro-Oeste,-22.22,-54.82
2019,319,0.46,0.65,0.64,33.0,66.59,2.27,29.83,13.55,Dourados,MS,Centro-Oeste,-22.22,-54.82
2019,320,0.01,0.64,0.6,34.46,52.56,1.93,31.2,14.03,Dourados,MS,Centro-Oeste,-22.22,-54.82
2019,321,0.0,0.64,0.59,37.51,51.88,1.13,30.1,13.65,Dourados,MS,Centro-Oeste,-22.22,-54.82
2019,322,0.01,0.63,0.59,37.73,51.56,1.65,30.5,14.04,Dourados,MS,Centro-Oeste,-22.22,-54.82
2019,323,0.22,0.62,0.58,38.35,51.2,1.5,29.76,13.75,Dourados,MS,Centro-Oeste,-22.22,-54.82
2019,324,0.05,0.62,0.56,38.87,49.38,1.31,29.76,13.72,Dourados,MS,Centro-Oeste,-22.22,-54.82
2019,325,0.09,0.61,0.52,39.29,49.53,1.18,28.15,13.07,Dourados,MS,Centro-Oeste,-22.22,-54.82
2019,326,2.97,0.61,0.52,39.11,50.59,1.43,28.15,13.1,Dourados,MS,Centro-Oeste,-22.22,-54.82
2019,327,0.08,0.61,0.5,37.65,52.0,1.86,25.23,11.78,Dourados,MS,Centro-Oeste,-22.22,-54.82
2019,328,0.0,0.61,0.46,38.89,45.54,1.51,25.49,11.87,Dourados,MS,Centro-Oeste,-22.22,-54.82
2019,329,0.37,0.6,0.42,35.85,52.79,2.68,25.18,11.8,Dourados,MS,Centro-Oeste,-22.22,-54.82
2019,330,6.08,0.61,0.5,36.4,58.26,2.82,16.31,7.88,Dourados,MS,Centro-Oeste,-22.22,-54.82
2019,331,14.93,0.62,0.68,31.31,77.13,2.71,4.91,2.62,Dourados,MS,Centro-Oeste,-22.22,-54.82
2019,332,1.3,0.64,0.64,35.32,67.93,1.81,20.1,9.48,Dourados,MS,Centro-Oeste,-22.22,-54.82
2019,333,0.33,0.63,0.6,36.18,66.2,1.72,24.74,11.67,Dourados,MS,Centro-Oeste,-22.22,-54.82
2019,334,2.19,0.63,0.6,36.42,67.56,1.39,26.95,12.74,Dourados,MS,Centro-Oeste,-22.22,-54.82
2019,335,5.97,0.63,0.64,36.09,69.79,1.43,17.73,8.58,Dourados,MS,Centro-Oeste,-22.22,-54.82
2019,336,1.53,0.63,0.61,36.49,63.17,1.27,22.24,10.46,Dourados,MS,Centro-Oeste,-22.22,-54.82
2019,337,5.24,0.63,0.62,36.16,65.34,1.42,17.34,8.33,Dourados,MS,Centro-Oeste,-22.22,-54.82
2019,338,23.57,0.65,0.76,30.94,80.77,2.06,12.83,6.38,Dourados,MS,Centro-Oeste,-22.22,-54.82
2019,339,15.77,0.68,0.76,29.54,80.28,2.48,9.19,4.66,Dourados,MS,Centro-Oeste,-22.22,-54.82
2019,340,0.0,0.68,0.66,31.3,63.69,1.95,31.84,14.27,Dourados,MS,Centro-Oeste,-22.22,-54.82
2019,341,0.18,0.67,0.64,32.84,56.82,1.24,32.63,14.64,Dourados,MS,Centro-Oeste,-22.22,-54.82
2019,342,0.7,0.66,0.62,34.49,59.45,1.43,20.69,9.58,Dourados,MS,Centro-Oeste,-22.22,-54.82
2019,343,13.1,0.67,0.72,29.75,82.17,1.67,12.86,6.29,Dourados,MS,Centro-Oeste,-22.22,-54.82
2019,344,2.64,0.67,0.66,32.2,78.91,1.41,20.81,9.84,Dourados,MS,Centro-Oeste,-22.22,-54.82
2019,345,5.23,0.67,0.68,31.8,77.82,1.13,19.36,9.24,Dourados,MS,Centro-Oeste,-22.22,-54.82
2019,346,7.23,0.67,0.69,33.82,74.68,1.45,25.09,11.78,Dourados,MS,Centro-Oeste,-22.22,-54.82
2019,347,1.8,0.67,0.67,34.94,69.08,1.03,26.6,12.2,Dourados,MS,Centro-Oeste,-22.22,-54.82
2019,348,6.41,0.67,0.68,31.42,77.43,2.24,20.56,9.77,Dourados,MS,Centro-Oeste,-22.22,-54.82
2019,349,2.56,0.67,0.66,33.0,75.15,2.37,25.09,11.88,Dourados,MS,Centro-Oeste,-22.22,-54.82
2019,350,20.19,0.69,0.78,28.69,87.96,1.8,5.72,3.01,Dourados,MS,Centro-Oeste,-22.22,-54.82
2019,351,37.03,0.73,0.87,27.55,90.36,1.39,5.4,2.85,Dourados,MS,Centro-Oeste,-22.22,-54.82
2019,352,5.99,0.75,0.8,29.97,84.53,1.26,16.22,7.83,Dourados,MS,Centro-Oeste,-22.22,-54.82
2019,353,4.24,0.74,0.77,31.04,83.42,1.8,20.22,9.66,Dourados,MS,Centro-Oeste,-22.22,-54.82
2019,354,4.32,0.73,0.76,30.62,81.22,1.79,26.61,12.64,Dourados,MS,Centro-Oeste,-22.22,-54.82
2019,355,4.77,0.72,0.75,29.7,84.29,1.67,14.21,6.93,Dourados,MS,Centro-Oeste,-22.22,-54.82
2019,356,4.84,0.73,0.77,25.43,88.43,1.52,23.6,10.9,Dourados,MS,Centro-Oeste,-22.22,-54.82
2019,357,0.0,0.72,0.72,30.26,70.32,1.67,31.58,14.45,Dourados,MS,Centro-Oeste,-22.22,-54.82
2019,358,0.0,0.71,0.7,32.48,69.76,1.18,31.74,14.49,Dourados,MS,Centro-Oeste,-22.22,-54.82
2019,359,3.09,0.69,0.7,33.56,72.37,1.4,28.78,13.44,Dourados,MS,Centro-Oeste,-22.22,-54.82
2019,360,0.71,0.69,0.68,33.84,71.7,1.05,30.17,14.09,Dourados,MS,Centro-Oeste,-22.22,-54.82
2019,361,0.3,0.68,0.66,33.75,68.4,1.23,30.07,14.06,Dourados,MS,Centro-Oeste,-22.22,-54.82
2019,362,0.78,0.67,0.66,33.22,72.13,1.28,29.22,13.64,Dourados,MS,Centro-Oeste,-22.22,-54.82
2019,363,1.48,0.67,0.66,32.86,72.33,0.89,23.97,11.13,Dourados,MS,Centro-Oeste,-22.22,-54.82
2019,364,1.3,0.67,0.65,34.08,64.44,0.67,29.92,13.97,Dourados,MS,Centro-Oeste,-22.22,-54.82
2019,365,1.87,0.66,0.64,35.98,64.59,1.17,27.2,12.73,Dourados,MS,Centro-Oeste,-22.22,-54.82
2020,1,0.75,0.66,0.64,33.97,70.54,1.42,23.81,11.38,Dourados,MS,Centro-Oeste,-22.22,-54.82
2020,2,0.18,0.66,0.62,35.27,64.29,2.01,27.31,12.89,Dourados,MS,Centro-Oeste,-22.22,-54.82
2020,3,8.77,0.65,0.66,34.68,67.14,1.56,22.31,10.64,Dourados,MS,Centro-Oeste,-22.22,-54.82
2020,4,6.93,0.66,0.68,32.87,72.17,1.87,20.6,9.83,Dourados,MS,Centro-Oeste,-22.22,-54.82
2020,5,1.89,0.67,0.65,34.04,65.68,1.16,27.05,12.52,Dourados,MS,Centro-Oeste,-22.22,-54.82
2020,6,6.44,0.66,0.67,33.84,67.69,1.99,28.74,13.43,Dourados,MS,Centro-Oeste,-22.22,-54.82
2020,7,19.08,0.68,0.77,29.08,88.99,1.84,7.86,4.09,Dourados,MS,Centro-Oeste,-22.22,-54.82
2020,8,3.44,0.7,0.72,30.48,84.31,1.64,18.19,8.83,Dourados,MS,Centro-Oeste,-22.22,-54.82
2020,9,1.25,0.69,0.68,31.95,77.45,1.96,22.06,10.45,Dourados,MS,Centro-Oeste,-22.22,-54.82
2020,10,0.07,0.68,0.66,34.27,72.2,1.83,25.59,12.07,Dourados,MS,Centro-Oeste,-22.22,-54.82
2020,11,1.33,0.67,0.64,35.57,67.27,1.32,22.33,10.62,Dourados,MS,Centro-Oeste,-22.22,-54.82
2020,12,5.37,0.67,0.67,33.89,75.41,0.94,24.78,11.89,Dourados,MS,Centro-Oeste,-22.22,-54.82
2020,13,5.35,0.67,0.7,30.29,80.92,1.01,20.14,9.71,Dourados,MS,Centro-Oeste,-22.22,-54.82
2020,14,1.75,0.67,0.67,33.52,71.6,1.24,23.43,11.18,Dourados,MS,Centro-Oeste,-22.22,-54.82
2020,15,0.97,0.67,0.64,35.95,67.72,1.63,28.77,13.66,Dourados,MS,Centro-Oeste,-22.22,-54.82
2020,16,0.2,0.66,0.62,36.94,66.76,1.63,28.03,13.23,Dourados,MS,Centro-Oeste,-22.22,-54.82
2020,17,0.95,0.65,0.63,32.42,75.37,0.71,22.38,10.67,Dourados,MS,Centro-Oeste,-22.22,-54.82
2020,18,0.36,0.65,0.63,30.96,78.99,1.29,26.44,12.44,Dourados,MS,Centro-Oeste,-22.22,-54.82
2020,19,0.0,0.65,0.61,37.13,64.19,1.46,29.4,13.7,Dourados,MS,Centro-Oeste,-22.22,-54.82
2020,20,0.0,0.64,0.6,38.05,60.8,1.37,29.13,13.57,Dourados,MS,Centro-Oeste,-22.22,-54.82
2020,21,1.46,0.64,0.6,38.0,61.15,0.97,25.39,11.89,Dourados,MS,Centro-Oeste,-22.22,-54.82
2020,22,36.63,0.67,0.81,31.78,82.5,1.88,14.52,7.11,Dourados,MS,Centro-Oeste,-22.22,-54.82
2020,23,5.92,0.7,0.74,31.06,82.08,2.32,9.82,4.99,Dourados,MS,Centro-Oeste,-22.22,-54.82
2020,24,1.05,0.69,0.68,31.3,73.94,2.0,24.05,11.24,Dourados,MS,Centro-Oeste,-22.22,-54.82
2020,25,0.0,0.68,0.65,33.22,64.32,1.08,30.33,13.91,Dourados,MS,Centro-Oeste,-22.22,-54.82
2020,26,0.0,0.67,0.64,35.4,59.63,0.81,29.71,13.53,Dourados,MS,Centro-Oeste,-22.22,-54.82
2020,27,0.44,0.66,0.62,35.46,58.73,0.84,26.86,12.33,Dourados,MS,Centro-Oeste,-22.22,-54.82
2020,28,0.98,0.65,0.62,36.6,58.71,1.41,25.31,11.77,Dourados,MS,Centro-Oeste,-22.22,-54.82
2020,29,5.07,0.65,0.66,33.84,69.94,1.82,17.66,8.53,Dourados,MS,Centro-Oeste,-22.22,-54.82
2020,30,15.86,0.67,0.73,29.82,81.66,2.3,9.19,4.66,Dourados,MS,Centro-Oeste,-22.22,-54.82
2020,31,7.54,0.68,0.72,30.28,83.74,1.29,16.75,8.14,Dourados,MS,Centro-Oeste,-22.22,-54.82
2020,32,5.24,0.68,0.7,32.52,79.49,1.39,19.1,9.1,Dourados,MS,Centro-Oeste,-22.22,-54.82
2020,33,7.04,0.69,0.71,32.22,79.93,1.49,17.11,8.25,Dourados,MS,Centro-Oeste,-22.22,-54.82
2020,34,2.34,0.68,0.68,32.26,78.23,1.58,16.17,7.71,Dourados,MS,Centro-Oeste,-22.22,-54.82
2020,35,4.01,0.68,0.69,32.27,80.06,1.06,17.66,8.48,Dourados,MS,Centro-Oeste,-22.22,-54.82
2020,36,3.71,0.68,0.68,32.93,78.66,1.29,21.6,10.31,Dourados,MS,Centro-Oeste,-22.22,-54.82
2020,37,1.95,0.68,0.67,33.62,75.25,0.97,27.5,12.97,Dourados,MS,Centro-Oeste,-22.22,-54.82
2020,38,1.15,0.67,0.65,34.47,69.95,1.18,27.49,12.97,Dourados,MS,Centro-Oeste,-22.22,-54.82
2020,39,1.14,0.66,0.64,34.36,72.17,1.39,20.51,9.75,Dourados,MS,Centro-Oeste,-22.22,-54.82
2020,40,0.47,0.66,0.62,35.33,69.49,0.89,24.12,11.35,Dourados,MS,Centro-Oeste,-22.22,-54.82
2020,41,3.85,0.65,0.65,33.84,74.04,0.75,23.29,11.04,Dourados,MS,Centro-Oeste,-22.22,-54.82
2020,42,2.73,0.66,0.66,31.95,78.65,0.97,14.98,7.3,Dourados,MS,Centro-Oeste,-22.22,-54.82
2020,43,0.3,0.65,0.62,35.07,66.72,2.11,24.49,11.54,Dourados,MS,Centro-Oeste,-22.22,-54.82
2020,44,0.25,0.65,0.61,35.5,65.35,2.12,27.06,12.72,Dourados,MS,Centro-Oeste,-22.22,-54.82
2020,45,0.05,0.64,0.6,36.69,65.74,1.81,24.82,11.67,Dourados,MS,Centro-Oeste,-22.22,-54.82
2020,46,0.41,0.64,0.61,33.28,72.42,1.31,22.5,10.73,Dourados,MS,Centro-Oeste,-22.22,-54.82
2020,47,0.27,0.64,0.61,34.02,71.37,1.4,24.1,11.44,Dourados,MS,Centro-Oeste,-22.22,-54.82
2020,48,0.06,0.63,0.6,34.23,68.83,1.89,26.14,12.37,Dourados,MS,Centro-Oeste,-22.22,-54.82
2020,49,0.16,0.63,0.59,37.75,64.4,1.52,22.31,10.57,Dourados,MS,Centro-Oeste,-22.22,-54.82
2020,50,2.76,0.63,0.6,36.97,64.1,0.72,17.61,8.44,Dourados,MS,Centro-Oeste,-22.22,-54.82
2020,51,13.6,0.64,0.7,31.54,81.31,0.83,15.65,7.57,Dourados,MS,Centro-Oeste,-22.22,-54.82
2020,52,0.54,0.65,0.64,34.21,70.09,1.68,25.18,11.74,Dourados,MS,Centro-Oeste,-22.22,-54.82
2020,53,0.0,0.64,0.61,33.76,47.58,2.67,28.76,13.15,Dourados,MS,Centro-Oeste,-22.22,-54.82
2020,54,0.03,0.64,0.6,35.42,52.91,0.95,25.12,11.73,Dourados,MS,Centro-Oeste,-22.22,-54.82
2020,55,1.62,0.63,0.61,34.46,69.81,1.7,15.69,7.59,Dourados,MS,Centro-Oeste,-22.22,-54.82
2020,56,1.94,0.63,0.61,34.44,72.06,2.41,18.63,8.86,Dourados,MS,Centro-Oeste,-22.22,-54.82
2020,57,9.51,0.64,0.69,28.01,82.18,2.51,9.74,4.75,Dourados,MS,Centro-Oeste,-22.22,-54.82
2020,58,0.0,0.64,0.62,33.02,61.63,1.75,27.96,12.59,Dourados,MS,Centro-Oeste,-22.22,-54.82
2020,59,0.06,0.64,0.6,34.33,58.9,1.38,24.97,11.53,Dourados,MS,Centro-Oeste,-22.22,-54.82
2020,60,0.07,0.63,0.6,34.47,60.92,1.56,26.1,12.03,Dourados,MS,Centro-Oeste,-22.22,-54.82
2020,61,1.41,0.63,0.6,33.26,61.34,1.96,26.76,12.41,Dourados,MS,Centro-Oeste,-22.22,-54.82
2020,62,0.01,0.62,0.58,33.11,63.72,2.39,24.59,11.34,Dourados,MS,Centro-Oeste,-22.22,-54.82
2020,63,0.04,0.62,0.57,34.39,61.42,2.06,27.05,12.57,Dourados,MS,Centro-Oeste,-22.22,-54.82
2020,64,0.0,0.62,0.54,35.87,55.09,1.22,25.55,11.79,Dourados,MS,Centro-Oeste,-22.22,-54.82
2020,65,0.0,0.61,0.52,35.51,52.69,1.0,25.14,11.53,Dourados,MS,Centro-Oeste,-22.22,-54.82
2020,66,0.02,0.61,0.48,36.82,49.98,1.42,26.46,12.19,Dourados,MS,Centro-Oeste,-22.22,-54.82
2020,67,0.02,0.61,0.45,37.73,47.88,1.38,25.11,11.64,Dourados,MS,Centro-Oeste,-22.22,-54.82
2020,68,0.01,0.61,0.42,38.03,44.92,1.62,26.33,12.17,Dourados,MS,Centro-Oeste,-22.22,-54.82
2020,69,0.0,0.61,0.4,38.14,45.08,1.94,25.94,11.98,Dourados,MS,Centro-Oeste,-22.22,-54.82
2020,70,0.0,0.6,0.39,37.65,45.57,2.02,26.53,12.13,Dourados,MS,Centro-Oeste,-22.22,-54.82
2020,71,0.0,0.6,0.38,38.53,45.47,2.21,24.78,11.43,Dourados,MS,Centro-Oeste,-22.22,-54.82
2020,72,0.37,0.6,0.37,38.52,47.99,1.82,24.38,11.34,Dourados,MS,Centro-Oeste,-22.22,-54.82
2020,73,0.82,0.6,0.38,39.6,47.58,1.99,23.89,11.12,Dourados,MS,Centro-Oeste,-22.22,-54.82
2020,74,0.0,0.6,0.37,40.2,41.48,1.82,25.76,11.86,Dourados,MS,Centro-Oeste,-22.22,-54.82
2020,75,0.01,0.6,0.35,39.68,43.77,1.68,21.59,10.1,Dourados,MS,Centro-Oeste,-22.22,-54.82
2020,76,0.08,0.6,0.35,38.24,48.27,1.35,19.92,9.46,Dourados,MS,Centro-Oeste,-22.22,-54.82
2020,77,0.84,0.6,0.34,38.91,47.83,1.12,21.49,10.2,Dourados,MS,Centro-Oeste,-22.22,-54.82
2020,78,1.25,0.6,0.37,39.4,46.75,1.14,20.65,9.82,Dourados,MS,Centro-Oeste,-22.22,-54.82
2020,79,9.8,0.61,0.52,36.01,61.29,1.2,5.98,3.15,Dourados,MS,Centro-Oeste,-22.22,-54.82
2020,80,2.75,0.62,0.63,33.87,69.68,1.71,14.7,6.99,Dourados,MS,Centro-Oeste,-22.22,-54.82
2020,81,0.0,0.62,0.57,35.54,51.42,1.33,25.86,11.64,Dourados,MS,Centro-Oeste,-22.22,-54.82
2020,82,0.06,0.61,0.53,35.49,57.16,1.8,22.83,10.55,Dourados,MS,Centro-Oeste,-22.22,-54.82
2020,83,0.0,0.61,0.5,34.94,52.92,2.23,25.47,11.6,Dourados,MS,Centro-Oeste,-22.22,-54.82
2020,84,0.0,0.61,0.46,34.75,50.71,2.28,24.31,11.14,Dourados,MS,Centro-Oeste,-22.22,-54.82
2020,85,0.32,0.61,0.44,35.61,51.82,2.45,23.75,10.98,Dourados,MS,Centro-Oeste,-22.22,-54.82
2020,86,0.36,0.6,0.42,35.34,49.62,2.13,23.27,10.82,Dourados,MS,Centro-Oeste,-22.22,-54.82
2020,87,0.04,0.6,0.4,36.55,44.86,1.93,23.52,11.0,Dourados,MS,Centro-Oeste,-22.22,-54.82
2020,88,4.87,0.6,0.43,35.88,58.72,2.05,13.93,6.79,Dourados,MS,Centro-Oeste,-22.22,-54.82
2020,89,2.33,0.61,0.53,34.63,69.43,1.63,17.97,8.54,Dourados,MS,Centro-Oeste,-22.22,-54.82
2020,90,0.15,0.61,0.51,36.97,62.29,1.54,19.89,9.35,Dourados,MS,Centro-Oeste,-22.22,-54.82
2020,91,0.0,0.61,0.47,37.38,54.92,1.38,23.2,10.73,Dourados,MS,Centro-Oeste,-22.22,-54.82
2020,92,0.0,0.61,0.43,37.41,51.1,1.4,23.16,10.78,Dourados,MS,Centro-Oeste,-22.22,-54.82
2020,93,0.07,0.6,0.41,39.04,48.42,1.87,20.58,9.59,Dourados,MS,Centro-Oeste,-22.22,-54.82
2020,94,0.39,0.6,0.39,33.62,47.83,2.67,20.31,9.23,Dourados,MS,Centro-Oeste,-22.22,-54.82
2020,95,2.58,0.61,0.46,32.77,45.19,1.12,23.69,10.76,Dourados,MS,Centro-Oeste,-22.22,-54.82
2020,96,7.55,0.61,0.57,35.97,61.47,1.13,22.5,10.56,Dourados,MS,Centro-Oeste,-22.22,-54.82
2020,97,36.48,0.64,0.75,33.72,74.74,1.68,16.36,7.82,Dourados,MS,Centro-Oeste,-22.22,-54.82
2020,98,3.04,0.68,0.71,27.43,76.77,2.37,15.32,7.16,Dourados,MS,Centro-Oeste,-22.22,-54.82
2020,99,0.01,0.67,0.64,29.71,63.26,2.11,22.62,10.19,Dourados,MS,Centro-Oeste,-22.22,-54.82
2020,100,0.0,0.66,0.63,30.52,56.81,1.65,23.18,10.4,Dourados,MS,Centro-Oeste,-22.22,-54.82
2020,101,0.0,0.65,0.62,30.12,57.41,1.56,22.7,10.24,Dourados,MS,Centro-Oeste,-22.22,-54.82
2020,102,0.0,0.64,0.61,31.78,56.3,1.2,23.0,10.34,Dourados,MS,Centro-Oeste,-22.22,-54.82
2020,103,0.0,0.64,0.61,32.44,60.32,0.97,20.21,9.19,Dourados,MS,Centro-Oeste,-22.22,-54.82
2020,104,0.33,0.63,0.61,33.98,65.74,1.26,19.09,8.88,Dourados,MS,Centro-Oeste,-22.22,-54.82
2020,105,16.63,0.66,0.72,26.54,73.25,2.66,15.21,7.13,Dourados,MS,Centro-Oeste,-22.22,-54.82
2020,106,0.0,0.66,0.64,24.5,58.93,1.98,23.22,10.14,Dourados,MS,Centro-Oeste,-22.22,-54.82
2020,107,0.0,0.65,0.62,26.58,58.19,1.69,22.73,10.04,Dourados,MS,Centro-Oeste,-22.22,-54.82
2020,108,0.0,0.65,0.62,29.14,54.74,1.48,22.36,9.95,Dourados,MS,Centro-Oeste,-22.22,-54.82
2020,109,0.75,0.64,0.62,31.2,57.82,1.27,21.51,9.63,Dourados,MS,Centro-Oeste,-22.22,-54.82
2020,110,0.0,0.64,0.61,31.87,64.69,1.26,21.46,9.72,Dourados,MS,Centro-Oeste,-22.22,-54.82
2020,111,0.03,0.63,0.6,32.82,63.81,1.04,21.22,9.53,Dourados,MS,Centro-Oeste,-22.22,-54.82
2020,112,0.0,0.63,0.6,33.19,61.74,1.03,20.97,9.49,Dourados,MS,Centro-Oeste,-22.22,-54.82
2020,113,0.0,0.63,0.6,32.66,55.61,0.92,21.4,9.57,Dourados,MS,Centro-Oeste,-22.22,-54.82
2020,114,0.0,0.62,0.59,32.31,58.29,0.99,21.38,9.55,Dourados,MS,Centro-Oeste,-22.22,-54.82
2020,115,0.0,0.62,0.58,34.3,58.66,1.72,21.09,9.48,Dourados,MS,Centro-Oeste,-22.22,-54.82
2020,116,0.08,0.62,0.57,34.77,64.02,1.8,17.44,8.18,Dourados,MS,Centro-Oeste,-22.22,-54.82
2020,117,0.0,0.62,0.55,35.43,62.17,1.68,19.6,9.16,Dourados,MS,Centro-Oeste,-22.22,-54.82
2020,118,0.0,0.61,0.52,33.89,56.72,2.13,20.24,9.08,Dourados,MS,Centro-Oeste,-22.22,-54.82
2020,119,0.0,0.61,0.5,34.74,57.17,2.15,19.81,8.99,Dourados,MS,Centro-Oeste,-22.22,-54.82
2020,120,0.0,0.61,0.49,33.78,58.38,1.17,18.59,8.52,Dourados,MS,Centro-Oeste,-22.22,-54.82
2020,121,0.0,0.61,0.47,34.14,54.76,1.04,19.09,8.7,Dourados,MS,Centro-Oeste,-22.22,-54.82
2020,122,0.0,0.61,0.45,34.63,50.05,0.81,19.24,8.75,Dourados,MS,Centro-Oeste,-22.22,-54.82
2020,123,0.0,0.61,0.44,33.28,59.09,1.57,17.95,8.18,Dourados,MS,Centro-Oeste,-22.22,-54.82
2020,124,0.0,0.6,0.42,33.86,54.78,1.29,19.17,8.6,Dourados,MS,Centro-Oeste,-22.22,-54.82
2020,125,0.0,0.6,0.41,34.0,49.99,1.62,19.11,8.66,Dourados,MS,Centro-Oeste,-22.22,-54.82
2020,126,1.43,0.6,0.41,31.59,50.73,1.12,13.29,6.1,Dourados,MS,Centro-Oeste,-22.22,-54.82
2020,127,5.91,0.61,0.54,24.69,65.43,2.36,6.58,3.19,Dourados,MS,Centro-Oeste,-22.22,-54.82
2020,128,0.0,0.61,0.55,23.76,50.48,2.23,20.32,8.69,Dourados,MS,Centro-Oeste,-22.22,-54.82
2020,129,0.0,0.61,0.53,26.77,49.78,1.46,19.3,8.41,Dourados,MS,Centro-Oeste,-22.22,-54.82
2020,130,0.0,0.61,0.51,29.93,50.47,1.66,19.68,8.61,Dourados,MS,Centro-Oeste,-22.22,-54.82
2020,131,0.0,0.61,0.49,32.87,53.61,2.15,18.65,8.36,Dourados,MS,Centro-Oeste,-22.22,-54.82
2020,132,12.11,0.62,0.58,32.71,67.7,1.77,17.83,8.2,Dourados,MS,Centro-Oeste,-22.22,-54.82
2020,133,13.14,0.64,0.69,29.17,80.63,2.16,3.48,1.82,Dourados,MS,Centro-Oeste,-22.22,-54.82
2020,134,19.6,0.68,0.8,26.5,88.23,1.8,9.41,4.42,Dourados,MS,Centro-Oeste,-22.22,-54.82
2020,135,0.4,0.68,0.67,24.87,79.57,2.63,9.36,4.29,Dourados,MS,Centro-Oeste,-22.22,-54.82
2020,136,0.0,0.67,0.65,24.91,68.45,1.42,17.23,7.5,Dourados,MS,Centro-Oeste,-22.22,-54.82
2020,137,0.0,0.66,0.64,25.8,62.62,0.93,18.64,8.06,Dourados,MS,Centro-Oeste,-22.22,-54.82
2020,138,0.01,0.66,0.64,27.88,62.92,1.29,18.75,8.16,Dourados,MS,Centro-Oeste,-22.22,-54.82
2020,139,0.0,0.65,0.63,28.83,64.68,1.39,18.01,7.97,Dourados,MS,Centro-Oeste,-22.22,-54.82
2020,140,0.07,0.65,0.62,30.11,63.47,1.65,18.21,8.02,Dourados,MS,Centro-Oeste,-22.22,-54.82
2020,141,0.0,0.64,0.62,31.85,69.4,1.89,16.91,7.7,Dourados,MS,Centro-Oeste,-22.22,-54.82
2020,142,0.01,0.64,0.61,32.19,73.61,2.15,15.88,7.35,Dourados,MS,Centro-Oeste,-22.22,-54.82
2020,143,10.2,0.65,0.68,30.1,81.83,3.6,5.84,2.85,Dourados,MS,Centro-Oeste,-22.22,-54.82
2020,144,0.08,0.65,0.65,20.19,71.69,2.6,14.57,6.48,Dourados,MS,Centro-Oeste,-22.22,-54.82
2020,145,0.03,0.65,0.63,21.46,69.64,1.13,15.96,6.97,Dourados,MS,Centro-Oeste,-22.22,-54.82
2020,146,0.0,0.65,0.63,24.27,62.58,1.24,17.2,7.56,Dourados,MS,Centro-Oeste,-22.22,-54.82
2020,147,0.08,0.65,0.62,23.68,66.28,1.5,17.92,7.81,Dourados,MS,Centro-Oeste,-22.22,-54.82
2020,148,0.0,0.64,0.62,24.86,67.23,1.14,17.62,7.76,Dourados,MS,Centro-Oeste,-22.22,-54.82
2020,149,0.0,0.64,0.62,27.37,65.82,1.57,17.45,7.59,Dourados,MS,Centro-Oeste,-22.22,-54.82
2020,150,0.04,0.64,0.61,29.04,64.92,1.24,16.75,7.24,Dourados,MS,Centro-Oeste,-22.22,-54.82
2020,151,0.1,0.63,0.61,29.87,65.99,1.04,17.2,7.61,Dourados,MS,Centro-Oeste,-22.22,-54.82
2020,152,0.22,0.63,0.61,32.0,66.33,1.69,14.34,6.57,Dourados,MS,Centro-Oeste,-22.22,-54.82
2020,153,5.59,0.63,0.64,27.92,82.97,1.76,8.18,3.91,Dourados,MS,Centro-Oeste,-22.22,-54.82
2020,154,1.99,0.64,0.65,18.01,87.7,1.26,3.49,1.79,Dourados,MS,Centro-Oeste,-22.22,-54.82
2020,155,0.23,0.64,0.63,25.74,81.1,1.02,5.18,2.45,Dourados,MS,Centro-Oeste,-22.22,-54.82
2020,156,1.95,0.64,0.64,26.06,85.65,1.73,4.15,2.07,Dourados,MS,Centro-Oeste,-22.22,-54.82
2020,157,0.44,0.64,0.63,29.07,80.14,2.38,10.83,5.02,Dourados,MS,Centro-Oeste,-22.22,-54.82
2020,158,0.16,0.64,0.62,21.92,68.44,1.15,11.96,5.37,Dourados,MS,Centro-Oeste,-22.22,-54.82
2020,159,0.04,0.64,0.62,28.41,70.81,0.85,13.28,6.04,Dourados,MS,Centro-Oeste,-22.22,-54.82
2020,160,0.02,0.63,0.61,32.37,76.19,1.6,14.28,6.58,Dourados,MS,Centro-Oeste,-22.22,-54.82
2020,161,0.01,0.63,0.61,32.63,72.62,1.66,13.14,6.04,Dourados,MS,Centro-Oeste,-22.22,-54.82
2020,162,0.0,0.63,0.6,32.55,68.96,2.1,12.93,5.86,Dourados,MS,Centro-Oeste,-22.22,-54.82
2020,163,0.01,0.62,0.59,32.73,64.36,2.1,14.54,6.51,Dourados,MS,Centro-Oeste,-22.22,-54.82
2020,164,0.05,0.62,0.58,32.25,60.86,2.32,15.52,6.97,Dourados,MS,Centro-Oeste,-22.22,-54.82
2020,165,0.4,0.62,0.57,33.03,67.22,2.19,13.65,6.26,Dourados,MS,Centro-Oeste,-22.22,-54.82
2020,166,0.02,0.62,0.56,28.95,75.06,1.53,13.93,6.41,Dourados,MS,Centro-Oeste,-22.22,-54.82
2020,167,0.01,0.62,0.55,30.91,66.69,1.95,15.28,6.97,Dourados,MS,Centro-Oeste,-22.22,-54.82
2020,168,0.02,0.61,0.53,30.95,58.15,2.7,15.85,7.15,Dourados,MS,Centro-Oeste,-22.22,-54.82
2020,169,0.0,0.61,0.51,31.38,59.09,2.78,15.42,6.95,Dourados,MS,Centro-Oeste,-22.22,-54.82
2020,170,0.0,0.61,0.51,30.7,64.68,1.95,15.31,6.92,Dourados,MS,Centro-Oeste,-22.22,-54.82
2020,171,0.0,0.61,0.49,32.37,62.98,1.82,15.36,6.98,Dourados,MS,Centro-Oeste,-22.22,-54.82
2020,172,0.0,0.61,0.48,32.22,58.26,1.88,15.9,7.18,Dourados,MS,Centro-Oeste,-22.22,-54.82
2020,173,0.0,0.61,0.46,32.68,52.78,1.94,16.42,7.2,Dourados,MS,Centro-Oeste,-22.22,-54.82
2020,174,0.0,0.61,0.45,33.52,52.85,1.46,16.06,7.18,Dourados,MS,Centro-Oeste,-22.22,-54.82
2020,175,0.0,0.61,0.44,32.02,50.94,2.33,16.08,7.23,Dourados,MS,Centro-Oeste,-22.22,-54.82
2020,176,3.26,0.6,0.48,31.42,54.21,2.65,14.38,6.44,Dourados,MS,Centro-Oeste,-22.22,-54.82
2020,177,3.03,0.61,0.54,30.88,69.23,3.01,5.59,2.69,Dourados,MS,Centro-Oeste,-22.22,-54.82
2020,178,15.06,0.62,0.63,21.67,81.81,2.03,4.72,2.28,Dourados,MS,Centro-Oeste,-22.22,-54.82
2020,179,3.46,0.65,0.69,23.17,77.68,1.74,5.82,2.74,Dourados,MS,Centro-Oeste,-22.22,-54.82
2020,180,0.61,0.64,0.63,25.2,77.68,1.54,5.83,2.7,Dourados,MS,Centro-Oeste,-22.22,-54.82
2020,181,0.02,0.64,0.62,28.18,75.18,2.51,11.28,5.24,Dourados,MS,Centro-Oeste,-22.22,-54.82
2020,182,1.2,0.64,0.62,29.79,73.17,3.46,13.5,6.19,Dourados,MS,Centro-Oeste,-22.22,-54.82
2020,183,0.0,0.63,0.62,21.22,61.05,2.38,16.61,7.21,Dourados,MS,Centro-Oeste,-22.22,-54.82
2020,184,0.02,0.63,0.61,20.75,70.62,1.47,14.27,6.26,Dourados,MS,Centro-Oeste,-22.22,-54.82
2020,185,0.01,0.63,0.61,22.22,67.63,1.4,16.14,7.08,Dourados,MS,Centro-Oeste,-22.22,-54.82
2020,186,0.0,0.63,0.6,29.5,69.2,1.66,15.68,7.04,Dourados,MS,Centro-Oeste,-22.22,-54.82
2020,187,0.0,0.63,0.6,29.04,72.86,1.55,10.8,4.97,Dourados,MS,Centro-Oeste,-22.22,-54.82
2020,188,0.26,0.62,0.59,31.72,70.87,1.57,8.78,4.11,Dourados,MS,Centro-Oeste,-22.22,-54.82
2020,189,0.2,0.62,0.58,32.86,65.68,2.3,14.13,6.52,Dourados,MS,Centro-Oeste,-22.22,-54.82
2020,190,2.61,0.62,0.6,19.95,77.7,2.19,5.86,2.81,Dourados,MS,Centro-Oeste,-22.22,-54.82
2020,191,0.0,0.62,0.59,21.09,68.78,1.73,11.68,5.11,Dourados,MS,Centro-Oeste,-22.22,-54.82
2020,192,0.0,0.62,0.58,30.27,66.21,1.92,15.22,6.87,Dourados,MS,Centro-Oeste,-22.22,-54.82
2020,193,0.0,0.62,0.56,32.28,63.3,2.07,12.02,5.49,Dourados,MS,Centro-Oeste,-22.22,-54.82
2020,194,0.0,0.62,0.54,32.48,60.03,1.74,15.51,7.0,Dourados,MS,Centro-Oeste,-22.22,-54.82
2020,195,0.2,0.61,0.53,32.44,64.07,1.89,13.85,6.37,Dourados,MS,Centro-Oeste,-22.22,-54.82
2020,196,0.39,0.61,0.52,29.52,69.86,1.9,13.75,6.21,Dourados,MS,Centro-Oeste,-22.22,-54.82
2020,197,0.01,0.61,0.5,31.83,58.18,1.6,15.95,7.25,Dourados,MS,Centro-Oeste,-22.22,-54.82
2020,198,0.0,0.61,0.49,33.02,59.37,2.04,14.23,6.54,Dourados,MS,Centro-Oeste,-22.22,-54.82
2020,199,0.0,0.61,0.47,34.0,49.36,1.76,16.05,7.33,Dourados,MS,Centro-Oeste,-22.22,-54.82
2020,200,0.0,0.61,0.45,33.34,44.63,2.88,17.0,7.65,Dourados,MS,Centro-Oeste,-22.22,-54.82
2020,201,0.0,0.6,0.42,32.82,44.12,2.64,17.2,7.7,Dourados,MS,Centro-Oeste,-22.22,-54.82
2020,202,0.0,0.6,0.4,32.8,46.22,1.89,17.42,7.76,Dourados,MS,Centro-Oeste,-22.22,-54.82
2020,203,0.0,0.6,0.39,33.01,48.83,1.78,17.56,7.81,Dourados,MS,Centro-Oeste,-22.22,-54.82
2020,204,0.0,0.6,0.38,33.37,43.17,1.65,17.86,7.8,Dourados,MS,Centro-Oeste,-22.22,-54.82
2020,205,0.0,0.6,0.36,33.77,43.59,1.79,17.99,7.93,Dourados,MS,Centro-Oeste,-22.22,-54.82
2020,206,0.0,0.6,0.35,34.2,47.27,2.32,17.65,7.94,Dourados,MS,Centro-Oeste,-22.22,-54.82
2020,207,0.03,0.6,0.35,20.96,57.6,3.07,6.39,3.04,Dourados,MS,Centro-Oeste,-22.22,-54.82
2020,208,0.01,0.6,0.35,28.3,48.73,1.53,12.34,5.63,Dourados,MS,Centro-Oeste,-22.22,-54.82
2020,209,0.0,0.6,0.34,32.64,53.56,1.75,11.99,5.54,Dourados,MS,Centro-Oeste,-22.22,-54.82
2020,210,0.03,0.6,0.34,32.66,51.43,2.51,12.4,5.6,Dourados,MS,Centro-Oeste,-22.22,-54.82
2020,211,0.06,0.6,0.34,22.11,56.14,2.42,7.2,3.32,Dourados,MS,Centro-Oeste,-22.22,-54.82
2020,212,0.0,0.6,0.33,29.7,42.91,1.58,12.35,5.49,Dourados,MS,Centro-Oeste,-22.22,-54.82
2020,213,0.0,0.6,0.33,32.4,52.68,1.9,16.11,7.31,Dourados,MS,Centro-Oeste,-22.22,-54.82
2020,214,0.0,0.6,0.32,32.52,46.84,2.2,18.29,8.15,Dourados,MS,Centro-Oeste,-22.22,-54.82
2020,215,0.0,0.6,0.32,32.07,44.45,2.26,18.58,8.25,Dourados,MS,Centro-Oeste,-22.22,-54.82
2020,216,0.0,0.6,0.31,32.16,43.34,1.78,18.46,8.25,Dourados,MS,Centro-Oeste,-22.22,-54.82
2020,217,0.0,0.6,0.3,32.37,42.46,2.36,19.08,8.33,Dourados,MS,Centro-Oeste,-22.22,-54.82
2020,218,0.0,0.6,0.3,32.71,36.02,2.44,19.35,8.37,Dourados,MS,Centro-Oeste,-22.22,-54.82
2020,219,0.0,0.6,0.29,33.0,38.24,2.01,19.48,8.44,Dourados,MS,Centro-Oeste,-22.22,-54.82
2020,220,0.0,0.6,0.29,32.96,36.74,1.7,19.54,8.47,Dourados,MS,Centro-Oeste,-22.22,-54.82
2020,221,0.0,0.6,0.28,32.78,34.96,1.47,19.43,8.49,Dourados,MS,Centro-Oeste,-22.22,-54.82
2020,222,0.01,0.6,0.28,33.13,38.27,1.71,19.69,8.59,Dourados,MS,Centro-Oeste,-22.22,-54.82
2020,223,0.0,0.6,0.27,34.52,37.15,1.89,19.64,8.63,Dourados,MS,Centro-Oeste,-22.22,-54.82
2020,224,0.02,0.6,0.27,35.22,35.12,1.61,17.32,7.52,Dourados,MS,Centro-Oeste,-22.22,-54.82
2020,225,0.0,0.6,0.27,32.45,42.54,1.95,10.63,4.85,Dourados,MS,Centro-Oeste,-22.22,-54.82
2020,226,4.44,0.6,0.39,28.82,60.9,1.52,10.31,4.63,Dourados,MS,Centro-Oeste,-22.22,-54.82
2020,227,2.91,0.61,0.49,34.75,59.16,2.48,12.81,5.73,Dourados,MS,Centro-Oeste,-22.22,-54.82
2020,228,8.35,0.61,0.52,34.06,60.5,2.44,11.57,5.28,Dourados,MS,Centro-Oeste,-22.22,-54.82
2020,229,17.64,0.65,0.77,22.12,90.74,1.59,2.42,1.22,Dourados,MS,Centro-Oeste,-22.22,-54.82
2020,230,10.16,0.67,0.72,23.87,91.29,0.89,4.01,1.97,Dourados,MS,Centro-Oeste,-22.22,-54.82
2020,231,7.25,0.67,0.71,24.84,89.49,1.21,3.23,1.64,Dourados,MS,Centro-Oeste,-22.22,-54.82
2020,232,35.7,0.71,0.86,26.49,85.9,2.41,2.35,1.25,Dourados,MS,Centro-Oeste,-22.22,-54.82
2020,233,8.25,0.74,0.79,17.2,82.64,3.43,2.03,1.1,Dourados,MS,Centro-Oeste,-22.22,-54.82
2020,234,0.01,0.73,0.73,16.49,65.25,2.55,18.24,7.83,Dourados,MS,Centro-Oeste,-22.22,-54.82
2020,235,0.27,0.72,0.71,20.61,70.41,1.91,18.2,8.03,Dourados,MS,Centro-Oeste,-22.22,-54.82
2020,236,0.15,0.71,0.7,25.04,73.93,2.19,20.82,9.22,Dourados,MS,Centro-Oeste,-22.22,-54.82
2020,237,0.24,0.7,0.69,29.84,72.54,2.37,18.08,8.14,Dourados,MS,Centro-Oeste,-22.22,-54.82
2020,238,0.2,0.69,0.68,30.54,67.85,2.56,20.73,9.3,Dourados,MS,Centro-Oeste,-22.22,-54.82
2020,239,0.22,0.68,0.66,31.67,60.8,2.56,20.75,9.28,Dourados,MS,Centro-Oeste,-22.22,-54.82
2020,240,0.07,0.68,0.65,33.77,61.85,2.02,21.16,9.4,Dourados,MS,Centro-Oeste,-22.22,-54.82
2020,241,0.15,0.67,0.64,34.65,58.81,1.54,21.73,9.65,Dourados,MS,Centro-Oeste,-22.22,-54.82
2020,242,0.0,0.66,0.64,35.52,55.21,1.46,21.41,9.56,Dourados,MS,Centro-Oeste,-22.22,-54.82
2020,243,0.06,0.66,0.63,35.97,59.91,1.33,20.78,9.23,Dourados,MS,Centro-Oeste,-22.22,-54.82
2020,244,0.14,0.66,0.62,35.66,62.41,1.5,21.24,9.42,Dourados,MS,Centro-Oeste,-22.22,-54.82
2020,245,0.0,0.65,0.62,35.95,62.99,2.02,21.61,9.89,Dourados,MS,Centro-Oeste,-22.22,-54.82
2020,246,0.79,0.65,0.62,34.41,67.86,1.81,20.93,9.67,Dourados,MS,Centro-Oeste,-22.22,-54.82
2020,247,1.16,0.65,0.63,34.1,67.25,1.73,19.65,8.96,Dourados,MS,Centro-Oeste,-22.22,-54.82
2020,248,0.0,0.64,0.61,34.73,57.26,1.49,19.13,8.49,Dourados,MS,Centro-Oeste,-22.22,-54.82
2020,249,0.01,0.64,0.6,37.4,52.19,1.28,21.0,9.52,Dourados,MS,Centro-Oeste,-22.22,-54.82
2020,250,0.01,0.64,0.6,37.23,50.95,1.37,21.35,9.57,Dourados,MS,Centro-Oeste,-22.22,-54.82
2020,251,0.0,0.63,0.6,36.54,58.58,2.07,18.0,8.09,Dourados,MS,Centro-Oeste,-22.22,-54.82
2020,252,0.0,0.63,0.6,35.34,65.32,1.36,18.79,8.4,Dourados,MS,Centro-Oeste,-22.22,-54.82
2020,253,0.0,0.63,0.59,36.6,60.08,1.31,21.68,9.73,Dourados,MS,Centro-Oeste,-22.22,-54.82
2020,254,0.01,0.62,0.58,37.42,51.46,0.92,21.43,9.55,Dourados,MS,Centro-Oeste,-22.22,-54.82
2020,255,0.0,0.62,0.57,38.29,46.24,1.2,20.06,9.0,Dourados,MS,Centro-Oeste,-22.22,-54.82
2020,256,0.0,0.62,0.54,39.46,37.82,2.06,22.43,9.79,Dourados,MS,Centro-Oeste,-22.22,-54.82
2020,257,0.0,0.61,0.53,39.5,33.85,1.79,21.56,9.21,Dourados,MS,Centro-Oeste,-22.22,-54.82
2020,258,0.0,0.61,0.51,38.77,41.51,1.78,19.11,8.3,Dourados,MS,Centro-Oeste,-22.22,-54.82
2020,259,0.11,0.61,0.5,36.65,57.19,1.9,17.31,7.62,Dourados,MS,Centro-Oeste,-22.22,-54.82
2020,260,0.0,0.61,0.48,38.36,46.12,1.82,21.48,9.53,Dourados,MS,Centro-Oeste,-22.22,-54.82
2020,261,0.12,0.61,0.46,36.64,50.92,2.17,13.17,5.48,Dourados,MS,Centro-Oeste,-22.22,-54.82
2020,262,0.03,0.61,0.45,33.19,62.62,1.18,9.29,3.8,Dourados,MS,Centro-Oeste,-22.22,-54.82
2020,263,2.65,0.61,0.46,34.16,56.21,1.39,8.28,3.03,Dourados,MS,Centro-Oeste,-22.22,-54.82
2020,264,3.79,0.62,0.6,25.37,70.22,2.38,11.44,4.59,Dourados,MS,Centro-Oeste,-22.22,-54.82
2020,265,8.42,0.62,0.65,26.41,75.17,2.37,4.73,2.41,Dourados,MS,Centro-Oeste,-22.22,-54.82
2020,266,0.07,0.63,0.62,30.91,65.28,1.52,12.85,6.01,Dourados,MS,Centro-Oeste,-22.22,-54.82
2020,267,0.02,0.63,0.59,33.26,62.7,2.05,25.09,11.38,Dourados,MS,Centro-Oeste,-22.22,-54.82
2020,268,0.01,0.62,0.58,35.57,56.62,1.65,25.23,11.44,Dourados,MS,Centro-Oeste,-22.22,-54.82
2020,269,0.02,0.62,0.56,38.42,49.57,1.75,25.51,11.66,Dourados,MS,Centro-Oeste,-22.22,-54.82
2020,270,0.01,0.61,0.51,40.61,38.6,2.55,25.88,11.63,Dourados,MS,Centro-Oeste,-22.22,-54.82
2020,271,0.8,0.61,0.49,35.53,49.64,3.19,21.17,9.61,Dourados,MS,Centro-Oeste,-22.22,-54.82
2020,272,0.03,0.61,0.49,34.56,61.54,2.22,18.54,8.14,Dourados,MS,Centro-Oeste,-22.22,-54.82
2020,273,0.07,0.61,0.46,39.46,50.26,1.52,22.78,10.24,Dourados,MS,Centro-Oeste,-22.22,-54.82
2020,274,0.0,0.6,0.42,42.35,36.04,2.05,24.31,10.96,Dourados,MS,Centro-Oeste,-22.22,-54.82
2020,275,0.0,0.6,0.39,42.37,32.34,1.77,23.97,10.44,Dourados,MS,Centro-Oeste,-22.22,-54.82
2020,276,0.0,0.6,0.36,42.3,33.02,1.71,21.59,9.52,Dourados,MS,Centro-Oeste,-22.22,-54.82
2020,277,0.0,0.6,0.34,42.81,31.39,2.01,21.67,9.6,Dourados,MS,Centro-Oeste,-22.22,-54.82
2020,278,0.01,0.6,0.33,41.46,41.4,1.87,24.06,10.78,Dourados,MS,Centro-Oeste,-22.22,-54.82
2020,279,0.0,0.6,0.32,41.7,39.22,2.16,24.06,10.91,Dourados,MS,Centro-Oeste,-22.22,-54.82
2020,280,0.05,0.6,0.31,41.21,37.87,1.67,23.8,10.62,Dourados,MS,Centro-Oeste,-22.22,-54.82
2020,281,0.48,0.6,0.3,42.98,32.52,1.62,20.65,9.14,Dourados,MS,Centro-Oeste,-22.22,-54.82
2020,282,0.0,0.6,0.3,42.2,31.93,1.87,18.01,7.7,Dourados,MS,Centro-Oeste,-22.22,-54.82
2020,283,0.02,0.6,0.29,40.86,34.56,3.55,13.83,5.97,Dourados,MS,Centro-Oeste,-22.22,-54.82
2020,284,0.02,0.6,0.29,35.74,32.1,3.06,20.6,9.19,Dourados,MS,Centro-Oeste,-22.22,-54.82
2020,285,0.01,0.6,0.28,37.6,28.68,1.91,23.67,10.37,Dourados,MS,Centro-Oeste,-22.22,-54.82
2020,286,3.88,0.6,0.32,39.27,40.0,1.35,15.44,6.49,Dourados,MS,Centro-Oeste,-22.22,-54.82
2020,287,15.3,0.61,0.53,38.37,57.98,2.12,15.23,6.2,Dourados,MS,Centro-Oeste,-22.22,-54.82
2020,288,5.38,0.63,0.63,38.44,66.05,1.43,15.49,6.43,Dourados,MS,Centro-Oeste,-22.22,-54.82
2020,289,15.1,0.65,0.72,32.66,74.22,1.66,3.21,1.68,Dourados,MS,Centro-Oeste,-22.22,-54.82
2020,290,0.45,0.65,0.62,32.52,69.68,1.44,15.59,7.38,Dourados,MS,Centro-Oeste,-22.22,-54.82
2020,291,0.05,0.64,0.61,34.31,61.16,2.05,25.23,11.48,Dourados,MS,Centro-Oeste,-22.22,-54.82
2020,292,1.23,0.64,0.61,33.08,64.17,1.14,18.09,8.35,Dourados,MS,Centro-Oeste,-22.22,-54.82
2020,293,0.05,0.63,0.6,36.26,63.06,1.66,24.52,11.15,Dourados,MS,Centro-Oeste,-22.22,-54.82
2020,294,5.13,0.63,0.63,35.66,64.95,1.12,24.01,11.17,Dourados,MS,Centro-Oeste,-22.22,-54.82
2020,295,2.79,0.64,0.62,36.18,62.07,1.13,24.36,11.41,Dourados,MS,Centro-Oeste,-22.22,-54.82
2020,296,0.49,0.63,0.6,34.06,63.34,1.89,21.76,10.22,Dourados,MS,Centro-Oeste,-22.22,-54.82
2020,297,6.85,0.63,0.63,35.08,65.97,1.82,17.59,8.42,Dourados,MS,Centro-Oeste,-22.22,-54.82
2020,298,5.56,0.64,0.66,34.55,70.33,1.12,12.24,5.88,Dourados,MS,Centro-Oeste,-22.22,-54.82
2020,299,1.83,0.64,0.63,35.49,60.39,1.12,26.11,11.92,Dourados,MS,Centro-Oeste,-22.22,-54.82
2020,300,24.05,0.66,0.76,30.04,77.64,2.57,3.64,1.83,Dourados,MS,Centro-Oeste,-22.22,-54.82
2020,301,0.68,0.67,0.66,30.86,64.03,1.46,29.29,12.95,Dourados,MS,Centro-Oeste,-22.22,-54.82
2020,302,0.48,0.66,0.64,34.64,64.34,1.02,28.57,12.75,Dourados,MS,Centro-Oeste,-22.22,-54.82
2020,303,36.04,0.68,0.8,26.97,85.9,2.56,11.76,5.7,Dourados,MS,Centro-Oeste,-22.22,-54.82
2020,304,0.82,0.7,0.7,30.14,71.18,2.91,18.79,8.85,Dourados,MS,Centro-Oeste,-22.22,-54.82
2020,305,0.11,0.69,0.67,30.11,70.17,2.31,26.87,12.47,Dourados,MS,Centro-Oeste,-22.22,-54.82
2020,306,0.08,0.68,0.65,30.9,65.82,1.8,27.01,12.34,Dourados,MS,Centro-Oeste,-22.22,-54.82
2020,307,0.02,0.67,0.64,31.33,60.98,1.43,28.94,13.21,Dourados,MS,Centro-Oeste,-22.22,-54.82
2020,308,0.06,0.66,0.63,32.46,54.91,1.25,28.38,13.04,Dourados,MS,Centro-Oeste,-22.22,-54.82
2020,309,0.0,0.65,0.61,34.34,50.71,1.26,28.78,13.14,Dourados,MS,Centro-Oeste,-22.22,-54.82
2020,310,0.08,0.65,0.6,35.51,46.33,1.08,30.82,13.78,Dourados,MS,Centro-Oeste,-22.22,-54.82
2020,311,0.01,0.64,0.6,36.33,47.44,1.32,30.05,13.59,Dourados,MS,Centro-Oeste,-22.22,-54.82
2020,312,0.0,0.63,0.59,38.63,48.98,1.58,28.89,13.15,Dourados,MS,Centro-Oeste,-22.22,-54.82
2020,313,1.75,0.63,0.6,40.3,51.93,1.37,24.95,11.3,Dourados,MS,Centro-Oeste,-22.22,-54.82
2020,314,5.2,0.63,0.64,38.22,56.96,1.98,5.16,2.61,Dourados,MS,Centro-Oeste,-22.22,-54.82
2020,315,18.75,0.66,0.73,30.9,78.47,1.35,5.8,2.93,Dourados,MS,Centro-Oeste,-22.22,-54.82
2020,316,15.19,0.68,0.74,31.08,78.74,1.5,17.34,8.21,Dourados,MS,Centro-Oeste,-22.22,-54.82
2020,317,0.53,0.68,0.68,31.9,76.44,1.1,19.15,8.97,Dourados,MS,Centro-Oeste,-22.22,-54.82
2020,318,0.4,0.67,0.66,28.55,75.26,0.9,21.39,9.95,Dourados,MS,Centro-Oeste,-22.22,-54.82
2020,319,0.15,0.67,0.64,34.35,67.18,1.54,29.11,13.54,Dourados,MS,Centro-Oeste,-22.22,-54.82
2020,320,0.29,0.66,0.63,35.25,65.57,1.66,6.43,3.34,Dourados,MS,Centro-Oeste,-22.22,-54.82
2020,321,0.59,0.66,0.63,33.66,73.42,1.44,24.91,11.63,Dourados,MS,Centro-Oeste,-22.22,-54.82
2020,322,0.22,0.65,0.62,33.95,73.37,1.45,23.28,10.96,Dourados,MS,Centro-Oeste,-22.22,-54.82
2020,323,1.3,0.65,0.63,30.36,73.62,1.93,13.8,6.75,Dourados,MS,Centro-Oeste,-22.22,-54.82
2020,324,0.0,0.65,0.61,31.97,58.41,2.52,29.77,13.55,Dourados,MS,Centro-Oeste,-22.22,-54.82
2020,325,0.02,0.64,0.6,33.52,52.69,1.49,28.9,13.16,Dourados,MS,Centro-Oeste,-22.22,-54.82
2020,326,0.02,0.63,0.59,35.29,53.3,1.27,30.18,13.67,Dourados,MS,Centro-Oeste,-22.22,-54.82
2020,327,0.0,0.63,0.58,36.96,48.04,1.09,31.34,14.19,Dourados,MS,Centro-Oeste,-22.22,-54.82
2020,328,0.0,0.62,0.57,37.59,46.36,2.15,31.85,14.39,Dourados,MS,Centro-Oeste,-22.22,-54.82
2020,329,0.0,0.62,0.56,38.57,46.28,2.18,31.26,14.17,Dourados,MS,Centro-Oeste,-22.22,-54.82
2020,330,0.26,0.61,0.53,38.81,46.56,2.5,29.73,13.83,Dourados,MS,Centro-Oeste,-22.22,-54.82
2020,331,0.0,0.61,0.5,40.16,42.54,1.77,23.8,11.04,Dourados,MS,Centro-Oeste,-22.22,-54.82
2020,332,0.49,0.61,0.47,39.45,46.34,1.36,24.71,11.6,Dourados,MS,Centro-Oeste,-22.22,-54.82
2020,333,0.42,0.61,0.45,41.18,43.15,2.0,29.35,13.66,Dourados,MS,Centro-Oeste,-22.22,-54.82
2020,334,0.05,0.6,0.42,41.59,40.77,1.9,28.21,13.09,Dourados,MS,Centro-Oeste,-22.22,-54.82
2020,335,0.06,0.6,0.39,41.19,38.0,1.64,15.59,7.54,Dourados,MS,Centro-Oeste,-22.22,-54.82
2020,336,0.64,0.6,0.39,35.91,52.55,1.54,20.44,9.7,Dourados,MS,Centro-Oeste,-22.22,-54.82
2020,337,0.09,0.6,0.38,38.58,47.48,1.85,28.96,13.68,Dourados,MS,Centro-Oeste,-22.22,-54.82
2020,338,9.35,0.61,0.49,37.13,59.02,2.34,10.19,5.02,Dourados,MS,Centro-Oeste,-22.22,-54.82
2020,339,9.38,0.63,0.69,31.8,76.81,1.73,16.01,7.77,Dourados,MS,Centro-Oeste,-22.22,-54.82
2020,340,5.71,0.64,0.66,30.17,81.15,2.04,11.64,5.73,Dourados,MS,Centro-Oeste,-22.22,-54.82
2020,341,1.38,0.64,0.62,32.94,69.38,1.81,13.97,6.89,Dourados,MS,Centro-Oeste,-22.22,-54.82
2020,342,0.33,0.63,0.6,35.07,63.95,2.0,15.32,7.16,Dourados,MS,Centro-Oeste,-22.22,-54.82
2020,343,0.28,0.63,0.59,36.88,58.88,1.49,31.26,14.03,Dourados,MS,Centro-Oeste,-22.22,-54.82
2020,344,1.47,0.62,0.59,37.91,52.72,1.34,32.19,14.62,Dourados,MS,Centro-Oeste,-22.22,-54.82
2020,345,1.86,0.62,0.59,38.04,52.17,1.57,31.82,14.37,Dourados,MS,Centro-Oeste,-22.22,-54.82
2020,346,0.58,0.62,0.56,35.85,57.17,2.01,29.86,13.78,Dourados,MS,Centro-Oeste,-22.22,-54.82
2020,347,0.31,0.61,0.54,36.59,54.26,1.83,28.98,13.49,Dourados,MS,Centro-Oeste,-22.22,-54.82
2020,348,3.04,0.61,0.55,36.03,59.56,2.36,28.67,13.36,Dourados,MS,Centro-Oeste,-22.22,-54.82
2020,349,1.52,0.61,0.56,32.48,66.15,2.13,13.25,6.61,Dourados,MS,Centro-Oeste,-22.22,-54.82
2020,350,1.55,0.61,0.57,36.04,67.28,2.03,28.37,13.38,Dourados,MS,Centro-Oeste,-22.22,-54.82
2020,351,2.62,0.61,0.56,32.73,71.59,1.68,16.05,7.69,Dourados,MS,Centro-Oeste,-22.22,-54.82
2020,352,1.33,0.62,0.57,35.35,67.28,1.3,13.61,6.57,Dourados,MS,Centro-Oeste,-22.22,-54.82
2020,353,0.07,0.61,0.53,39.33,55.84,1.32,24.01,11.33,Dourados,MS,Centro-Oeste,-22.22,-54.82
2020,354,0.01,0.61,0.49,39.67,51.42,2.55,30.44,14.35,Dourados,MS,Centro-Oeste,-22.22,-54.82
2020,355,0.03,0.61,0.45,39.47,48.36,2.27,25.96,12.2,Dourados,MS,Centro-Oeste,-22.22,-54.82
2020,356,0.73,0.61,0.44,35.48,61.56,2.32,17.44,8.44,Dourados,MS,Centro-Oeste,-22.22,-54.82
2020,357,0.17,0.6,0.42,38.0,54.51,2.07,29.33,13.63,Dourados,MS,Centro-Oeste,-22.22,-54.82
2020,358,0.05,0.6,0.39,40.21,45.95,1.75,28.64,13.3,Dourados,MS,Centro-Oeste,-22.22,-54.82
2020,359,0.62,0.6,0.37,40.15,47.3,2.39,30.78,14.38,Dourados,MS,Centro-Oeste,-22.22,-54.82
2020,360,0.0,0.6,0.36,38.06,44.79,2.63,27.77,12.86,Dourados,MS,Centro-Oeste,-22.22,-54.82
2020,361,0.09,0.6,0.34,39.21,41.07,2.52,30.33,14.08,Dourados,MS,Centro-Oeste,-22.22,-54.82
2020,362,0.25,0.6,0.33,39.9,45.66,1.73,29.06,13.67,Dourados,MS,Centro-Oeste,-22.22,-54.82
2020,363,0.54,0.6,0.33,37.85,49.49,1.87,24.38,11.5,Dourados,MS,Centro-Oeste,-22.22,-54.82
2020,364,1.71,0.6,0.35,34.97,56.03,1.81,17.83,8.54,Dourados,MS,Centro-Oeste,-22.22,-54.82
2020,365,0.41,0.6,0.37,38.06,53.17,2.17,25.85,12.1,Dourados,MS,Centro-Oeste,-22.22,-54.82
2020,366,35.4,0.63,0.64,33.21,74.28,2.12,14.06,6.87,Dourados,MS,Centro-Oeste,-22.22,-54.82
2021,1,1.48,0.65,0.66,34.0,72.23,1.31,28.45,13.29,Dourados,MS,Centro-Oeste,-22.22,-54.82
2021,2,0.05,0.64,0.61,35.74,64.52,1.45,30.12,13.88,Dourados,MS,Centro-Oeste,-22.22,-54.82
2021,3,0.37,0.63,0.59,37.57,57.0,1.17,29.12,13.51,Dourados,MS,Centro-Oeste,-22.22,-54.82
2021,4,4.61,0.63,0.61,34.49,67.27,1.76,16.92,8.13,Dourados,MS,Centro-Oeste,-22.22,-54.82
2021,5,4.98,0.64,0.66,29.01,82.78,2.28,13.37,6.57,Dourados,MS,Centro-Oeste,-22.22,-54.82
2021,6,3.22,0.64,0.64,28.66,80.64,1.57,17.29,8.32,Dourados,MS,Centro-Oeste,-22.22,-54.82
2021,7,2.63,0.64,0.64,31.99,75.23,1.79,16.89,8.12,Dourados,MS,Centro-Oeste,-22.22,-54.82
2021,8,2.13,0.64,0.62,33.24,71.17,1.5,20.36,9.71,Dourados,MS,Centro-Oeste,-22.22,-54.82
2021,9,0.1,0.63,0.59,38.47,60.45,1.18,28.35,13.31,Dourados,MS,Centro-Oeste,-22.22,-54.82
2021,10,0.09,0.63,0.57,37.56,60.21,1.1,25.47,11.95,Dourados,MS,Centro-Oeste,-22.22,-54.82
2021,11,0.08,0.62,0.56,36.95,59.38,1.47,28.0,13.26,Dourados,MS,Centro-Oeste,-22.22,-54.82
2021,12,2.27,0.62,0.56,34.53,66.03,0.79,18.19,8.73,Dourados,MS,Centro-Oeste,-22.22,-54.82
2021,13,4.48,0.62,0.6,33.44,77.15,0.99,20.42,9.69,Dourados,MS,Centro-Oeste,-22.22,-54.82
2021,14,2.63,0.63,0.62,31.69,78.35,1.66,19.69,9.42,Dourados,MS,Centro-Oeste,-22.22,-54.82
2021,15,2.02,0.63,0.61,32.17,72.58,2.66,22.85,10.86,Dourados,MS,Centro-Oeste,-22.22,-54.82
2021,16,1.44,0.62,0.59,32.65,71.68,2.56,19.48,9.22,Dourados,MS,Centro-Oeste,-22.22,-54.82
2021,17,6.42,0.62,0.62,32.74,77.61,2.82,5.91,3.11,Dourados,MS,Centro-Oeste,-22.22,-54.82
2021,18,9.56,0.64,0.68,30.76,84.45,1.43,14.07,6.95,Dourados,MS,Centro-Oeste,-22.22,-54.82
2021,19,3.3,0.64,0.66,29.28,84.33,1.3,9.23,4.63,Dourados,MS,Centro-Oeste,-22.22,-54.82
2021,20,2.77,0.64,0.65,26.99,87.81,1.08,13.87,6.76,Dourados,MS,Centro-Oeste,-22.22,-54.82
2021,21,2.13,0.64,0.64,30.03,81.05,1.58,12.93,6.47,Dourados,MS,Centro-Oeste,-22.22,-54.82
2021,22,1.21,0.64,0.63,31.2,74.27,0.78,19.2,9.23,Dourados,MS,Centro-Oeste,-22.22,-54.82
2021,23,5.13,0.64,0.64,32.04,73.42,0.86,18.39,8.79,Dourados,MS,Centro-Oeste,-22.22,-54.82
2021,24,3.73,0.65,0.66,33.42,75.74,1.6,17.99,8.69,Dourados,MS,Centro-Oeste,-22.22,-54.82
2021,25,2.85,0.64,0.64,32.83,78.78,1.45,13.99,6.79,Dourados,MS,Centro-Oeste,-22.22,-54.82
2021,26,2.55,0.65,0.64,33.1,72.95,2.27,19.01,9.08,Dourados,MS,Centro-Oeste,-22.22,-54.82
2021,27,4.11,0.64,0.63,31.1,77.66,2.37,9.7,4.84,Dourados,MS,Centro-Oeste,-22.22,-54.82
2021,28,2.98,0.65,0.66,30.8,82.35,2.3,13.42,6.62,Dourados,MS,Centro-Oeste,-22.22,-54.82
2021,29,0.76,0.64,0.63,30.09,79.23,2.23,20.2,9.67,Dourados,MS,Centro-Oeste,-22.22,-54.82
2021,30,3.11,0.64,0.65,28.76,83.35,2.21,21.98,10.51,Dourados,MS,Centro-Oeste,-22.22,-54.82
2021,31,2.77,0.64,0.64,32.14,76.6,1.99,7.39,3.8,Dourados,MS,Centro-Oeste,-22.22,-54.82
2021,32,1.87,0.64,0.63,33.42,74.74,1.89,17.06,8.16,Dourados,MS,Centro-Oeste,-22.22,-54.82
2021,33,0.54,0.64,0.62,34.4,72.71,1.55,20.86,9.96,Dourados,MS,Centro-Oeste,-22.22,-54.82
2021,34,0.96,0.64,0.6,37.82,66.47,1.24,22.84,10.73,Dourados,MS,Centro-Oeste,-22.22,-54.82
2021,35,1.2,0.63,0.6,34.27,72.02,1.94,16.14,7.79,Dourados,MS,Centro-Oeste,-22.22,-54.82
2021,36,0.14,0.63,0.58,31.79,63.34,2.66,28.6,12.95,Dourados,MS,Centro-Oeste,-22.22,-54.82
2021,37,0.08,0.62,0.57,33.45,60.29,2.21,30.79,13.97,Dourados,MS,Centro-Oeste,-22.22,-54.82
2021,38,0.42,0.62,0.55,35.49,56.01,1.53,30.3,13.68,Dourados,MS,Centro-Oeste,-22.22,-54.82
2021,39,1.23,0.62,0.54,35.55,57.01,2.09,28.93,13.28,Dourados,MS,Centro-Oeste,-22.22,-54.82
2021,40,1.86,0.62,0.55,35.54,57.97,1.47,24.38,11.14,Dourados,MS,Centro-Oeste,-22.22,-54.82
2021,41,0.68,0.62,0.54,32.28,62.6,1.26,24.15,11.15,Dourados,MS,Centro-Oeste,-22.22,-54.82
2021,42,1.89,0.62,0.56,31.27,65.76,1.32,23.84,11.1,Dourados,MS,Centro-Oeste,-22.22,-54.82
2021,43,3.51,0.62,0.59,32.59,65.95,0.75,17.4,8.31,Dourados,MS,Centro-Oeste,-22.22,-54.82
2021,44,0.22,0.62,0.55,34.32,64.91,0.96,21.83,10.21,Dourados,MS,Centro-Oeste,-22.22,-54.82
2021,45,3.63,0.62,0.57,31.86,71.92,1.36,13.26,6.43,Dourados,MS,Centro-Oeste,-22.22,-54.82
2021,46,2.81,0.62,0.6,33.07,74.21,1.07,21.77,10.23,Dourados,MS,Centro-Oeste,-22.22,-54.82
2021,47,2.96,0.63,0.62,29.68,80.32,1.41,19.4,9.12,Dourados,MS,Centro-Oeste,-22.22,-54.82
2021,48,1.38,0.63,0.6,34.15,67.71,1.99,28.51,13.18,Dourados,MS,Centro-Oeste,-22.22,-54.82
2021,49,0.0,0.62,0.56,35.96,53.75,1.94,29.36,13.23,Dourados,MS,Centro-Oeste,-22.22,-54.82
2021,50,0.0,0.62,0.53,35.74,51.95,1.98,29.34,13.29,Dourados,MS,Centro-Oeste,-22.22,-54.82
2021,51,0.0,0.61,0.5,37.61,50.07,1.68,29.09,13.42,Dourados,MS,Centro-Oeste,-22.22,-54.82
2021,52,0.0,0.61,0.47,39.09,51.29,1.24,28.02,12.94,Dourados,MS,Centro-Oeste,-22.22,-54.82
2021,53,0.01,0.61,0.44,39.79,50.75,1.29,26.71,12.39,Dourados,MS,Centro-Oeste,-22.22,-54.82
2021,54,0.3,0.6,0.41,40.32,49.93,1.13,26.06,12.19,Dourados,MS,Centro-Oeste,-22.22,-54.82
2021,55,3.03,0.6,0.41,41.25,49.81,1.45,24.18,11.37,Dourados,MS,Centro-Oeste,-22.22,-54.82
2021,56,6.26,0.62,0.59,36.92,65.6,0.95,20.88,9.92,Dourados,MS,Centro-Oeste,-22.22,-54.82
2021,57,0.33,0.61,0.55,35.79,63.59,2.25,24.41,11.27,Dourados,MS,Centro-Oeste,-22.22,-54.82
2021,58,0.01,0.61,0.51,35.71,63.03,2.64,26.88,12.46,Dourados,MS,Centro-Oeste,-22.22,-54.82
2021,59,0.06,0.61,0.48,35.51,61.62,2.34,22.24,10.36,Dourados,MS,Centro-Oeste,-22.22,-54.82
2021,60,4.23,0.61,0.51,34.72,67.44,2.22,19.55,9.26,Dourados,MS,Centro-Oeste,-22.22,-54.82
2021,61,4.61,0.61,0.6,32.76,71.67,2.2,22.55,10.56,Dourados,MS,Centro-Oeste,-22.22,-54.82
2021,62,1.64,0.62,0.6,33.28,68.47,2.28,17.97,8.55,Dourados,MS,Centro-Oeste,-22.22,-54.82
2021,63,1.95,0.62,0.58,30.3,74.46,2.71,10.18,5.05,Dourados,MS,Centro-Oeste,-22.22,-54.82
2021,64,1.61,0.62,0.6,31.82,71.87,1.69,11.82,5.77,Dourados,MS,Centro-Oeste,-22.22,-54.82
2021,65,0.28,0.62,0.56,34.32,65.55,1.36,23.3,10.94,Dourados,MS,Centro-Oeste,-22.22,-54.82
2021,66,0.19,0.61,0.53,34.41,65.39,0.98,23.77,11.11,Dourados,MS,Centro-Oeste,-22.22,-54.82
2021,67,0.76,0.61,0.5,35.78,62.08,1.51,25.6,11.89,Dourados,MS,Centro-Oeste,-22.22,-54.82
2021,68,0.0,0.61,0.47,37.86,55.58,1.69,25.89,11.98,Dourados,MS,Centro-Oeste,-22.22,-54.82
2021,69,0.03,0.61,0.44,37.94,52.26,1.33,27.31,12.46,Dourados,MS,Centro-Oeste,-22.22,-54.82
2021,70,0.0,0.6,0.41,38.78,49.83,1.64,26.85,12.32,Dourados,MS,Centro-Oeste,-22.22,-54.82
2021,71,0.0,0.6,0.39,37.76,51.17,1.25,24.83,11.38,Dourados,MS,Centro-Oeste,-22.22,-54.82
2021,72,0.27,0.6,0.37,34.94,52.24,0.98,23.91,11.02,Dourados,MS,Centro-Oeste,-22.22,-54.82
2021,73,0.63,0.6,0.37,37.41,51.65,0.66,20.55,9.67,Dourados,MS,Centro-Oeste,-22.22,-54.82
2021,74,0.29,0.6,0.36,37.28,50.0,0.93,22.83,10.62,Dourados,MS,Centro-Oeste,-22.22,-54.82
2021,75,0.97,0.6,0.36,35.96,55.56,1.9,19.69,9.36,Dourados,MS,Centro-Oeste,-22.22,-54.82
2021,76,3.03,0.6,0.42,33.08,67.49,1.36,5.55,2.9,Dourados,MS,Centro-Oeste,-22.22,-54.82
2021,77,0.73,0.61,0.46,35.71,66.57,1.94,18.27,8.53,Dourados,MS,Centro-Oeste,-22.22,-54.82
2021,78,0.4,0.6,0.43,36.85,60.43,2.35,20.68,9.66,Dourados,MS,Centro-Oeste,-22.22,-54.82
2021,79,0.08,0.6,0.41,36.72,56.62,2.21,20.33,9.58,Dourados,MS,Centro-Oeste,-22.22,-54.82
2021,80,0.25,0.6,0.39,37.94,51.76,1.09,21.37,10.02,Dourados,MS,Centro-Oeste,-22.22,-54.82
2021,81,0.12,0.6,0.37,38.54,52.35,1.6,18.75,8.87,Dourados,MS,Centro-Oeste,-22.22,-54.82
2021,82,10.53,0.61,0.5,37.49,61.08,0.91,23.1,10.9,Dourados,MS,Centro-Oeste,-22.22,-54.82
2021,83,0.85,0.62,0.61,35.89,64.72,1.02,21.34,10.03,Dourados,MS,Centro-Oeste,-22.22,-54.82
2021,84,0.01,0.61,0.56,37.3,59.84,1.9,22.53,10.51,Dourados,MS,Centro-Oeste,-22.22,-54.82
2021,85,0.05,0.61,0.52,37.34,53.74,2.02,21.84,10.13,Dourados,MS,Centro-Oeste,-22.22,-54.82
2021,86,0.1,0.61,0.48,37.78,50.71,1.78,19.32,9.07,Dourados,MS,Centro-Oeste,-22.22,-54.82
2021,87,0.0,0.61,0.44,37.01,52.39,1.74,19.14,9.04,Dourados,MS,Centro-Oeste,-22.22,-54.82
2021,88,0.02,0.6,0.41,36.2,55.94,1.91,21.08,9.85,Dourados,MS,Centro-Oeste,-22.22,-54.82
2021,89,0.06,0.6,0.39,34.83,56.8,2.12,19.96,9.31,Dourados,MS,Centro-Oeste,-22.22,-54.82
2021,90,0.03,0.6,0.37,33.81,56.43,1.67,23.3,10.76,Dourados,MS,Centro-Oeste,-22.22,-54.82
2021,91,0.0,0.6,0.36,35.17,49.44,1.38,20.55,9.39,Dourados,MS,Centro-Oeste,-22.22,-54.82
2021,92,0.0,0.6,0.34,36.13,49.44,1.39,23.04,10.68,Dourados,MS,Centro-Oeste,-22.22,-54.82
2021,93,0.01,0.6,0.33,37.02,45.56,1.6,20.54,9.59,Dourados,MS,Centro-Oeste,-22.22,-54.82
2021,94,0.0,0.6,0.32,37.48,43.87,2.02,21.45,9.96,Dourados,MS,Centro-Oeste,-22.22,-54.82
2021,95,0.0,0.6,0.31,37.3,43.77,1.97,22.15,10.24,Dourados,MS,Centro-Oeste,-22.22,-54.82
2021,96,0.01,0.6,0.3,36.13,44.98,1.77,20.58,9.58,Dourados,MS,Centro-Oeste,-22.22,-54.82
2021,97,0.06,0.6,0.29,36.25,46.7,2.01,18.26,8.49,Dourados,MS,Centro-Oeste,-22.22,-54.82
2021,98,0.01,0.6,0.29,36.76,48.02,2.32,21.38,9.91,Dourados,MS,Centro-Oeste,-22.22,-54.82
2021,99,0.01,0.6,0.28,37.44,41.97,2.8,21.85,10.2,Dourados,MS,Centro-Oeste,-22.22,-54.82
2021,100,0.0,0.6,0.28,37.37,37.81,1.97,21.56,10.0,Dourados,MS,Centro-Oeste,-22.22,-54.82
2021,101,0.03,0.6,0.27,36.91,42.72,1.34,20.49,9.57,Dourados,MS,Centro-Oeste,-22.22,-54.82
2021,102,0.27,0.6,0.27,34.57,56.12,1.22,19.56,9.29,Dourados,MS,Centro-Oeste,-22.22,-54.82
2021,103,0.08,0.6,0.27,35.8,52.2,1.45,19.22,8.94,Dourados,MS,Centro-Oeste,-22.22,-54.82
2021,104,0.35,0.6,0.27,35.56,51.61,1.39,19.87,9.27,Dourados,MS,Centro-Oeste,-22.22,-54.82
2021,105,0.52,0.6,0.28,35.9,46.51,1.64,17.2,8.07,Dourados,MS,Centro-Oeste,-22.22,-54.82
2021,106,1.77,0.6,0.31,36.01,50.41,1.15,8.83,4.36,Dourados,MS,Centro-Oeste,-22.22,-54.82
2021,107,0.03,0.6,0.34,33.55,54.74,1.55,16.14,7.55,Dourados,MS,Centro-Oeste,-22.22,-54.82
2021,108,0.0,0.6,0.33,35.27,52.21,1.24,19.87,9.15,Dourados,MS,Centro-Oeste,-22.22,-54.82
2021,109,0.0,0.6,0.32,34.11,51.74,1.71,19.89,9.12,Dourados,MS,Centro-Oeste,-22.22,-54.82
2021,110,0.0,0.6,0.31,33.94,50.43,1.77,20.6,9.41,Dourados,MS,Centro-Oeste,-22.22,-54.82
2021,111,0.01,0.6,0.3,33.12,45.42,1.9,20.85,9.47,Dourados,MS,Centro-Oeste,-22.22,-54.82
2021,112,0.0,0.6,0.29,33.72,42.55,1.74,20.86,9.47,Dourados,MS,Centro-Oeste,-22.22,-54.82
2021,113,0.0,0.6,0.29,34.84,43.72,1.65,17.13,7.84,Dourados,MS,Centro-Oeste,-22.22,-54.82
2021,114,1.28,0.6,0.28,34.41,44.84,1.29,17.04,7.85,Dourados,MS,Centro-Oeste,-22.22,-54.82
2021,115,2.64,0.6,0.4,29.05,65.96,1.89,9.73,4.65,Dourados,MS,Centro-Oeste,-22.22,-54.82
2021,116,0.01,0.6,0.4,30.86,61.25,2.18,17.51,7.96,Dourados,MS,Centro-Oeste,-22.22,-54.82
2021,117,0.0,0.6,0.38,30.46,54.57,1.78,21.38,9.36,Dourados,MS,Centro-Oeste,-22.22,-54.82
2021,118,0.0,0.6,0.36,31.74,49.67,1.63,20.78,9.21,Dourados,MS,Centro-Oeste,-22.22,-54.82
2021,119,0.0,0.6,0.35,31.82,45.33,1.54,20.69,9.1,Dourados,MS,Centro-Oeste,-22.22,-54.82
2021,120,0.2,0.6,0.34,31.16,49.22,1.73,20.23,9.04,Dourados,MS,Centro-Oeste,-22.22,-54.82
2021,121,0.0,0.6,0.33,33.95,48.36,1.16,19.16,8.62,Dourados,MS,Centro-Oeste,-22.22,-54.82
2021,122,0.43,0.6,0.32,34.15,59.95,1.73,18.62,8.54,Dourados,MS,Centro-Oeste,-22.22,-54.82
2021,123,0.0,0.6,0.32,35.41,47.47,1.9,19.29,8.9,Dourados,MS,Centro-Oeste,-22.22,-54.82
2021,124,0.0,0.6,0.31,35.88,39.35,1.34,19.53,8.82,Dourados,MS,Centro-Oeste,-22.22,-54.82
2021,125,0.01,0.6,0.3,35.99,42.44,1.48,18.94,8.62,Dourados,MS,Centro-Oeste,-22.22,-54.82
2021,126,0.02,0.6,0.29,29.58,61.53,2.94,7.03,3.43,Dourados,MS,Centro-Oeste,-22.22,-54.82
2021,127,0.01,0.6,0.29,26.93,57.42,1.77,18.32,8.19,Dourados,MS,Centro-Oeste,-22.22,-54.82
2021,128,0.0,0.6,0.29,30.59,49.08,1.12,17.61,7.75,Dourados,MS,Centro-Oeste,-22.22,-54.82
2021,129,0.0,0.6,0.28,32.51,52.01,1.63,17.36,7.87,Dourados,MS,Centro-Oeste,-22.22,-54.82
2021,130,0.0,0.6,0.28,32.98,45.24,0.89,18.13,8.21,Dourados,MS,Centro-Oeste,-22.22,-54.82
2021,131,0.01,0.6,0.28,33.17,50.07,1.42,13.3,6.12,Dourados,MS,Centro-Oeste,-22.22,-54.82
2021,132,0.34,0.6,0.27,22.38,73.5,1.8,4.28,2.12,Dourados,MS,Centro-Oeste,-22.22,-54.82
2021,133,0.0,0.6,0.28,27.34,66.54,1.27,9.23,4.22,Dourados,MS,Centro-Oeste,-22.22,-54.82
2021,134,1.13,0.6,0.29,27.57,65.27,1.05,7.16,3.42,Dourados,MS,Centro-Oeste,-22.22,-54.82
2021,135,0.02,0.6,0.3,31.64,60.1,0.93,16.84,7.71,Dourados,MS,Centro-Oeste,-22.22,-54.82
2021,136,0.0,0.6,0.29,32.75,52.88,0.99,17.42,7.96,Dourados,MS,Centro-Oeste,-22.22,-54.82
2021,137,0.0,0.6,0.29,32.8,54.24,1.27,16.02,7.28,Dourados,MS,Centro-Oeste,-22.22,-54.82
2021,138,0.0,0.6,0.28,32.63,54.81,1.49,17.86,7.94,Dourados,MS,Centro-Oeste,-22.22,-54.82
2021,139,0.0,0.6,0.28,33.18,43.5,1.2,17.22,7.7,Dourados,MS,Centro-Oeste,-22.22,-54.82
2021,140,0.0,0.6,0.27,34.3,40.23,1.59,15.6,6.99,Dourados,MS,Centro-Oeste,-22.22,-54.82
2021,141,0.03,0.6,0.27,33.68,41.97,2.83,14.06,6.44,Dourados,MS,Centro-Oeste,-22.22,-54.82
2021,142,2.01,0.6,0.3,27.29,62.69,1.94,9.13,4.24,Dourados,MS,Centro-Oeste,-22.22,-54.82
2021,143,0.33,0.6,0.32,25.48,36.64,2.58,15.32,6.75,Dourados,MS,Centro-Oeste,-22.22,-54.82
2021,144,0.02,0.6,0.32,23.97,40.37,1.43,16.86,7.37,Dourados,MS,Centro-Oeste,-22.22,-54.82
2021,145,0.0,0.6,0.31,30.54,36.6,1.07,15.01,6.83,Dourados,MS,Centro-Oeste,-22.22,-54.82
2021,146,0.0,0.6,0.3,33.55,44.67,1.27,16.48,7.55,Dourados,MS,Centro-Oeste,-22.22,-54.82
2021,147,0.01,0.6,0.3,33.77,49.45,1.16,14.42,6.62,Dourados,MS,Centro-Oeste,-22.22,-54.82
2021,148,0.0,0.6,0.29,32.4,55.03,3.33,9.77,4.5,Dourados,MS,Centro-Oeste,-22.22,-54.82
2021,149,0.16,0.6,0.29,34.07,51.23,2.18,12.47,5.68,Dourados,MS,Centro-Oeste,-22.22,-54.82
2021,150,4.99,0.6,0.38,29.13,69.04,1.67,6.0,2.91,Dourados,MS,Centro-Oeste,-22.22,-54.82
2021,151,0.72,0.61,0.44,28.73,71.04,0.76,9.29,4.25,Dourados,MS,Centro-Oeste,-22.22,-54.82
2021,152,0.39,0.61,0.44,27.45,77.98,1.1,12.49,5.65,Dourados,MS,Centro-Oeste,-22.22,-54.82
2021,153,0.02,0.6,0.43,33.08,58.04,1.06,16.02,7.34,Dourados,MS,Centro-Oeste,-22.22,-54.82
2021,154,0.0,0.6,0.41,33.76,51.5,1.32,15.92,7.32,Dourados,MS,Centro-Oeste,-22.22,-54.82
2021,155,0.0,0.6,0.39,34.22,50.18,2.07,16.21,7.38,Dourados,MS,Centro-Oeste,-22.22,-54.82
2021,156,0.0,0.6,0.37,34.75,44.65,2.36,15.81,7.2,Dourados,MS,Centro-Oeste,-22.22,-54.82
2021,157,2.91,0.6,0.41,31.49,55.1,1.29,8.92,4.19,Dourados,MS,Centro-Oeste,-22.22,-54.82
2021,158,2.59,0.61,0.48,29.81,69.7,1.14,10.43,4.8,Dourados,MS,Centro-Oeste,-22.22,-54.82
2021,159,1.59,0.61,0.5,30.68,73.46,1.39,9.22,4.29,Dourados,MS,Centro-Oeste,-22.22,-54.82
2021,160,1.12,0.61,0.52,28.79,78.58,1.42,5.75,2.82,Dourados,MS,Centro-Oeste,-22.22,-54.82
2021,161,4.12,0.61,0.57,27.02,85.89,1.04,7.54,3.5,Dourados,MS,Centro-Oeste,-22.22,-54.82
2021,162,0.14,0.61,0.58,26.47,74.55,2.24,9.8,4.51,Dourados,MS,Centro-Oeste,-22.22,-54.82
2021,163,0.02,0.61,0.56,26.17,65.84,1.77,16.52,7.25,Dourados,MS,Centro-Oeste,-22.22,-54.82
2021,164,0.1,0.61,0.53,26.79,64.9,1.4,15.85,6.99,Dourados,MS,Centro-Oeste,-22.22,-54.82
2021,165,0.0,0.61,0.51,28.95,67.94,1.37,16.57,7.26,Dourados,MS,Centro-Oeste,-22.22,-54.82
2021,166,0.27,0.61,0.49,29.56,68.36,0.96,16.19,7.1,Dourados,MS,Centro-Oeste,-22.22,-54.82
2021,167,0.29,0.61,0.48,27.85,68.33,1.6,10.07,4.59,Dourados,MS,Centro-Oeste,-22.22,-54.82
2021,168,0.21,0.61,0.46,23.27,69.91,1.53,6.87,3.18,Dourados,MS,Centro-Oeste,-22.22,-54.82
2021,169,0.48,0.61,0.45,21.32,76.06,1.3,5.31,2.55,Dourados,MS,Centro-Oeste,-22.22,-54.82
2021,170,0.42,0.61,0.45,22.22,78.42,1.66,6.08,2.85,Dourados,MS,Centro-Oeste,-22.22,-54.82
2021,171,0.06,0.6,0.45,26.11,67.79,0.83,8.07,3.66,Dourados,MS,Centro-Oeste,-22.22,-54.82
2021,172,0.22,0.6,0.43,28.9,70.43,1.56,4.72,2.26,Dourados,MS,Centro-Oeste,-22.22,-54.82
2021,173,0.02,0.6,0.42,29.19,69.49,1.24,11.45,5.19,Dourados,MS,Centro-Oeste,-22.22,-54.82
2021,174,0.01,0.6,0.41,30.93,65.94,2.63,14.25,6.51,Dourados,MS,Centro-Oeste,-22.22,-54.82
2021,175,0.01,0.6,0.39,32.93,57.39,2.63,11.36,5.19,Dourados,MS,Centro-Oeste,-22.22,-54.82
2021,176,0.0,0.6,0.38,32.14,61.23,1.61,11.44,5.18,Dourados,MS,Centro-Oeste,-22.22,-54.82
2021,177,0.0,0.6,0.36,33.49,49.09,2.56,15.13,6.7,Dourados,MS,Centro-Oeste,-22.22,-54.82
2021,178,0.01,0.6,0.35,30.2,57.2,2.58,5.5,2.58,Dourados,MS,Centro-Oeste,-22.22,-54.82
2021,179,0.09,0.6,0.35,12.36,58.32,3.4,3.09,1.58,Dourados,MS,Centro-Oeste,-22.22,-54.82
2021,180,0.0,0.6,0.35,16.43,46.73,1.87,16.35,6.94,Dourados,MS,Centro-Oeste,-22.22,-54.82
2021,181,0.0,0.6,0.34,19.01,50.8,1.59,16.59,7.09,Dourados,MS,Centro-Oeste,-22.22,-54.82
2021,182,0.36,0.6,0.35,23.92,52.71,1.73,17.22,7.29,Dourados,MS,Centro-Oeste,-22.22,-54.82
2021,183,0.03,0.6,0.34,28.52,42.93,1.21,17.06,7.2,Dourados,MS,Centro-Oeste,-22.22,-54.82
2021,184,0.0,0.6,0.33,29.77,51.91,0.95,16.8,7.27,Dourados,MS,Centro-Oeste,-22.22,-54.82
2021,185,0.0,0.6,0.33,29.72,53.2,1.46,14.64,6.35,Dourados,MS,Centro-Oeste,-22.22,-54.82
2021,186,0.0,0.6,0.32,30.12,49.58,1.2,16.55,7.19,Dourados,MS,Centro-Oeste,-22.22,-54.82
2021,187,0.0,0.6,0.31,29.71,48.12,1.55,16.7,7.28,Dourados,MS,Centro-Oeste,-22.22,-54.82
2021,188,0.0,0.6,0.31,29.32,45.85,1.74,16.67,7.3,Dourados,MS,Centro-Oeste,-22.22,-54.82
2021,189,0.0,0.6,0.3,29.6,48.22,1.53,16.32,7.18,Dourados,MS,Centro-Oeste,-22.22,-54.82
2021,190,0.0,0.6,0.29,30.26,49.4,1.33,16.75,7.32,Dourados,MS,Centro-Oeste,-22.22,-54.82
2021,191,0.01,0.6,0.29,31.72,43.53,1.23,16.32,7.13,Dourados,MS,Centro-Oeste,-22.22,-54.82
2021,192,0.01,0.6,0.28,31.31,45.25,1.24,16.62,7.35,Dourados,MS,Centro-Oeste,-22.22,-54.82
2021,193,0.0,0.6,0.28,32.57,42.53,1.81,16.33,7.08,Dourados,MS,Centro-Oeste,-22.22,-54.82
2021,194,0.0,0.6,0.27,33.49,37.29,1.72,16.64,7.29,Dourados,MS,Centro-Oeste,-22.22,-54.82
2021,195,0.0,0.6,0.27,33.8,38.81,1.68,15.87,7.0,Dourados,MS,Centro-Oeste,-22.22,-54.82
2021,196,0.32,0.6,0.27,34.13,46.61,2.92,11.84,5.37,Dourados,MS,Centro-Oeste,-22.22,-54.82
2021,197,1.34,0.6,0.29,24.52,80.22,1.36,3.58,1.84,Dourados,MS,Centro-Oeste,-22.22,-54.82
2021,198,0.9,0.6,0.31,28.05,72.15,1.64,6.63,2.98,Dourados,MS,Centro-Oeste,-22.22,-54.82
2021,199,0.07,0.6,0.32,22.51,50.2,3.08,17.59,7.49,Dourados,MS,Centro-Oeste,-22.22,-54.82
2021,200,0.07,0.6,0.31,19.86,41.58,2.12,17.84,7.53,Dourados,MS,Centro-Oeste,-22.22,-54.82
2021,201,0.0,0.6,0.31,20.9,43.32,1.25,15.3,6.56,Dourados,MS,Centro-Oeste,-22.22,-54.82
2021,202,0.0,0.6,0.3,24.72,40.82,1.35,17.23,7.58,Dourados,MS,Centro-Oeste,-22.22,-54.82
2021,203,0.0,0.6,0.3,31.66,35.7,1.7,17.95,7.8,Dourados,MS,Centro-Oeste,-22.22,-54.82
2021,204,0.0,0.6,0.29,32.86,39.29,2.18,17.91,7.73,Dourados,MS,Centro-Oeste,-22.22,-54.82
2021,205,0.0,0.6,0.29,33.73,41.39,2.34,17.39,7.8,Dourados,MS,Centro-Oeste,-22.22,-54.82
2021,206,0.0,0.6,0.28,34.74,42.69,2.02,17.25,7.74,Dourados,MS,Centro-Oeste,-22.22,-54.82
2021,207,0.0,0.6,0.27,35.51,42.57,2.22,16.73,7.52,Dourados,MS,Centro-Oeste,-22.22,-54.82
2021,208,0.27,0.6,0.27,22.54,58.8,3.45,5.41,2.6,Dourados,MS,Centro-Oeste,-22.22,-54.82
2021,209,0.0,0.6,0.27,18.32,34.57,3.42,17.24,7.4,Dourados,MS,Centro-Oeste,-22.22,-54.82
2021,210,0.01,0.6,0.27,16.68,43.12,1.97,18.66,7.93,Dourados,MS,Centro-Oeste,-22.22,-54.82
2021,211,0.0,0.6,0.27,22.05,34.86,1.7,17.03,7.29,Dourados,MS,Centro-Oeste,-22.22,-54.82
2021,212,0.0,0.6,0.27,24.76,36.38,2.01,10.36,4.67,Dourados,MS,Centro-Oeste,-22.22,-54.82
2021,213,0.09,0.6,0.26,24.79,62.28,2.05,9.0,4.14,Dourados,MS,Centro-Oeste,-22.22,-54.82
2021,214,0.0,0.6,0.26,28.57,51.99,1.69,18.49,8.16,Dourados,MS,Centro-Oeste,-22.22,-54.82
2021,215,0.0,0.6,0.26,29.33,43.22,1.55,19.3,8.28,Dourados,MS,Centro-Oeste,-22.22,-54.82
2021,216,0.0,0.6,0.26,26.3,43.05,1.96,15.99,6.99,Dourados,MS,Centro-Oeste,-22.22,-54.82
2021,217,0.0,0.6,0.26,27.74,50.33,1.87,13.97,6.25,Dourados,MS,Centro-Oeste,-22.22,-54.82
2021,218,0.0,0.6,0.25,32.64,46.33,2.54,17.79,8.0,Dourados,MS,Centro-Oeste,-22.22,-54.82
2021,219,0.0,0.6,0.25,33.77,38.15,2.6,18.62,8.41,Dourados,MS,Centro-Oeste,-22.22,-54.82
2021,220,0.0,0.59,0.24,34.29,37.36,1.91,18.81,8.45,Dourados,MS,Centro-Oeste,-22.22,-54.82
2021,221,0.0,0.59,0.24,35.53,35.22,1.48,17.6,7.91,Dourados,MS,Centro-Oeste,-22.22,-54.82
2021,222,0.0,0.59,0.24,34.24,45.6,2.03,17.1,7.63,Dourados,MS,Centro-Oeste,-22.22,-54.82
2021,223,0.0,0.59,0.24,29.02,54.59,2.58,12.95,5.84,Dourados,MS,Centro-Oeste,-22.22,-54.82
2021,224,0.0,0.59,0.24,28.37,49.06,1.87,15.34,6.91,Dourados,MS,Centro-Oeste,-22.22,-54.82
2021,225,0.18,0.59,0.23,30.48,54.44,1.89,16.24,7.29,Dourados,MS,Centro-Oeste,-22.22,-54.82
2021,226,0.06,0.59,0.24,32.88,51.99,2.0,18.7,8.42,Dourados,MS,Centro-Oeste,-22.22,-54.82
2021,227,0.0,0.59,0.24,34.33,45.12,1.79,17.61,7.91,Dourados,MS,Centro-Oeste,-22.22,-54.82
2021,228,0.0,0.59,0.23,36.66,37.74,1.59,18.81,8.43,Dourados,MS,Centro-Oeste,-22.22,-54.82
2021,229,0.01,0.59,0.23,38.57,32.2,1.77,18.99,8.46,Dourados,MS,Centro-Oeste,-22.22,-54.82
2021,230,0.05,0.59,0.22,38.63,29.31,1.79,19.83,8.79,Dourados,MS,Centro-Oeste,-22.22,-54.82
2021,231,0.07,0.59,0.22,37.99,25.69,3.04,20.44,9.05,Dourados,MS,Centro-Oeste,-22.22,-54.82
2021,232,0.08,0.59,0.22,36.79,26.71,2.14,20.55,9.05,Dourados,MS,Centro-Oeste,-22.22,-54.82
2021,233,0.02,0.59,0.21,36.72,26.63,2.03,20.49,9.11,Dourados,MS,Centro-Oeste,-22.22,-54.82
2021,234,0.0,0.59,0.21,37.26,28.63,2.5,20.66,9.15,Dourados,MS,Centro-Oeste,-22.22,-54.82
2021,235,0.0,0.59,0.21,37.67,30.16,2.64,13.37,5.79,Dourados,MS,Centro-Oeste,-22.22,-54.82
2021,236,0.0,0.59,0.2,37.98,28.75,3.21,15.36,6.57,Dourados,MS,Centro-Oeste,-22.22,-54.82
2021,237,0.01,0.59,0.2,37.4,32.43,3.84,12.56,5.57,Dourados,MS,Centro-Oeste,-22.22,-54.82
2021,238,4.21,0.6,0.3,21.9,65.72,2.28,4.87,2.33,Dourados,MS,Centro-Oeste,-22.22,-54.82
2021,239,17.0,0.62,0.56,18.23,80.21,2.33,2.33,1.25,Dourados,MS,Centro-Oeste,-22.22,-54.82
2021,240,6.47,0.64,0.67,25.65,80.28,1.95,7.59,3.5,Dourados,MS,Centro-Oeste,-22.22,-54.82
2021,241,1.37,0.64,0.66,28.39,76.2,1.65,18.74,8.54,Dourados,MS,Centro-Oeste,-22.22,-54.82
2021,242,0.0,0.64,0.61,30.87,66.49,2.31,21.7,9.81,Dourados,MS,Centro-Oeste,-22.22,-54.82
2021,243,0.07,0.63,0.6,32.37,60.38,2.82,22.21,10.06,Dourados,MS,Centro-Oeste,-22.22,-54.82
2021,244,0.0,0.63,0.6,33.17,55.25,2.4,22.02,9.87,Dourados,MS,Centro-Oeste,-22.22,-54.82
2021,245,0.0,0.62,0.59,35.04,49.32,1.84,21.41,9.57,Dourados,MS,Centro-Oeste,-22.22,-54.82
2021,246,0.04,0.62,0.58,36.59,46.67,1.07,20.25,8.91,Dourados,MS,Centro-Oeste,-22.22,-54.82
2021,247,0.0,0.61,0.56,37.66,47.45,1.96,20.63,9.23,Dourados,MS,Centro-Oeste,-22.22,-54.82
2021,248,3.83,0.62,0.6,33.2,66.02,1.16,16.52,7.52,Dourados,MS,Centro-Oeste,-22.22,-54.82
2021,249,0.09,0.62,0.58,37.08,60.75,1.31,20.76,9.44,Dourados,MS,Centro-Oeste,-22.22,-54.82
2021,250,0.02,0.61,0.53,39.65,45.18,2.68,20.45,9.14,Dourados,MS,Centro-Oeste,-22.22,-54.82
2021,251,2.55,0.61,0.52,36.11,50.02,3.99,14.68,6.64,Dourados,MS,Centro-Oeste,-22.22,-54.82
2021,252,3.19,0.62,0.59,23.11,65.67,2.25,9.25,4.43,Dourados,MS,Centro-Oeste,-22.22,-54.82
2021,253,0.07,0.61,0.56,29.61,49.49,1.6,13.0,6.06,Dourados,MS,Centro-Oeste,-22.22,-54.82
2021,254,0.33,0.61,0.53,33.79,54.14,1.54,20.44,9.38,Dourados,MS,Centro-Oeste,-22.22,-54.82
2021,255,1.91,0.61,0.52,37.61,54.76,2.51,16.54,7.42,Dourados,MS,Centro-Oeste,-22.22,-54.82
2021,256,0.01,0.61,0.5,38.47,50.85,3.05,19.06,8.48,Dourados,MS,Centro-Oeste,-22.22,-54.82
2021,257,3.34,0.61,0.49,35.44,55.15,3.68,15.03,6.76,Dourados,MS,Centro-Oeste,-22.22,-54.82
2021,258,0.63,0.61,0.53,32.95,66.04,1.69,15.17,6.88,Dourados,MS,Centro-Oeste,-22.22,-54.82
2021,259,0.0,0.61,0.49,35.07,59.75,1.36,16.82,7.63,Dourados,MS,Centro-Oeste,-22.22,-54.82
2021,260,0.0,0.61,0.45,35.26,57.26,1.59,21.36,9.7,Dourados,MS,Centro-Oeste,-22.22,-54.82
2021,261,0.0,0.6,0.42,40.25,46.26,1.26,20.87,9.31,Dourados,MS,Centro-Oeste,-22.22,-54.82
2021,262,0.0,0.6,0.38,40.98,34.03,2.15,19.78,8.8,Dourados,MS,Centro-Oeste,-22.22,-54.82
2021,263,0.0,0.6,0.35,41.57,29.19,2.08,22.44,9.76,Dourados,MS,Centro-Oeste,-22.22,-54.82
2021,264,0.0,0.6,0.32,41.53,27.74,2.04,19.29,8.23,Dourados,MS,Centro-Oeste,-22.22,-54.82
2021,265,0.0,0.6,0.31,37.08,48.49,1.9,22.17,9.61,Dourados,MS,Centro-Oeste,-22.22,-54.82
2021,266,0.0,0.6,0.3,36.03,37.34,1.55,21.32,9.41,Dourados,MS,Centro-Oeste,-22.22,-54.82
2021,267,0.0,0.6,0.29,35.57,47.27,2.13,16.97,7.47,Dourados,MS,Centro-Oeste,-22.22,-54.82
2021,268,0.0,0.6,0.28,37.22,42.89,1.49,20.6,8.86,Dourados,MS,Centro-Oeste,-22.22,-54.82
2021,269,2.57,0.6,0.32,35.11,44.99,1.27,15.38,6.82,Dourados,MS,Centro-Oeste,-22.22,-54.82
2021,270,0.02,0.6,0.36,38.35,50.71,1.68,23.96,10.71,Dourados,MS,Centro-Oeste,-22.22,-54.82
2021,271,0.05,0.6,0.34,39.78,37.98,1.72,23.81,10.83,Dourados,MS,Centro-Oeste,-22.22,-54.82
2021,272,0.38,0.6,0.33,40.59,32.95,1.28,20.56,9.19,Dourados,MS,Centro-Oeste,-22.22,-54.82
2021,273,0.01,0.6,0.31,41.11,36.24,2.3,23.88,10.77,Dourados,MS,Centro-Oeste,-22.22,-54.82
2021,274,1.32,0.6,0.31,40.22,42.33,2.79,10.45,4.82,Dourados,MS,Centro-Oeste,-22.22,-54.82
2021,275,5.68,0.61,0.45,34.88,63.08,2.31,10.86,4.88,Dourados,MS,Centro-Oeste,-22.22,-54.82
2021,276,7.17,0.61,0.55,38.25,56.53,3.55,15.95,7.35,Dourados,MS,Centro-Oeste,-22.22,-54.82
2021,277,2.7,0.62,0.63,29.38,76.19,2.51,7.19,3.54,Dourados,MS,Centro-Oeste,-22.22,-54.82
2021,278,0.0,0.62,0.58,35.48,63.58,1.39,21.16,9.6,Dourados,MS,Centro-Oeste,-22.22,-54.82
2021,279,22.38,0.63,0.68,35.28,67.89,1.55,21.77,10.12,Dourados,MS,Centro-Oeste,-22.22,-54.82
2021,280,21.17,0.68,0.81,28.13,81.26,0.58,9.87,4.82,Dourados,MS,Centro-Oeste,-22.22,-54.82
2021,281,0.11,0.68,0.66,34.37,70.14,1.6,18.32,8.64,Dourados,MS,Centro-Oeste,-22.22,-54.82
2021,282,4.26,0.67,0.67,35.81,68.18,2.26,2.32,1.26,Dourados,MS,Centro-Oeste,-22.22,-54.82
2021,283,39.32,0.7,0.8,28.07,86.69,2.44,4.93,2.52,Dourados,MS,Centro-Oeste,-22.22,-54.82
2021,284,0.29,0.7,0.7,30.25,76.24,2.11,20.88,9.66,Dourados,MS,Centro-Oeste,-22.22,-54.82
2021,285,0.0,0.69,0.67,32.35,68.84,1.24,26.8,12.39,Dourados,MS,Centro-Oeste,-22.22,-54.82
2021,286,30.91,0.7,0.78,33.58,74.49,2.2,26.59,12.39,Dourados,MS,Centro-Oeste,-22.22,-54.82
2021,287,22.1,0.74,0.81,33.36,75.57,3.27,14.07,6.55,Dourados,MS,Centro-Oeste,-22.22,-54.82
2021,288,28.79,0.73,0.79,33.03,77.63,3.49,8.97,4.26,Dourados,MS,Centro-Oeste,-22.22,-54.82
2021,289,2.6,0.74,0.77,27.17,80.99,1.97,14.61,7.04,Dourados,MS,Centro-Oeste,-22.22,-54.82
2021,290,0.41,0.73,0.73,29.18,80.04,1.67,14.39,6.8,Dourados,MS,Centro-Oeste,-22.22,-54.82
2021,291,0.2,0.72,0.72,28.19,78.1,2.13,17.52,8.12,Dourados,MS,Centro-Oeste,-22.22,-54.82
2021,292,0.01,0.71,0.7,29.3,72.67,1.98,22.4,10.16,Dourados,MS,Centro-Oeste,-22.22,-54.82
2021,293,0.01,0.7,0.69,29.39,69.57,1.76,27.64,12.55,Dourados,MS,Centro-Oeste,-22.22,-54.82
2021,294,0.1,0.69,0.67,30.97,67.25,1.53,28.09,12.77,Dourados,MS,Centro-Oeste,-22.22,-54.82
2021,295,0.01,0.68,0.66,34.2,61.94,1.34,28.79,13.12,Dourados,MS,Centro-Oeste,-22.22,-54.82
2021,296,8.96,0.68,0.7,34.15,64.18,4.19,20.87,9.44,Dourados,MS,Centro-Oeste,-22.22,-54.82
2021,297,29.7,0.72,0.81,26.69,72.06,2.51,16.94,7.83,Dourados,MS,Centro-Oeste,-22.22,-54.82
2021,298,0.0,0.71,0.7,29.14,67.82,1.15,28.86,12.78,Dourados,MS,Centro-Oeste,-22.22,-54.82
2021,299,0.0,0.7,0.69,31.82,66.45,1.4,19.68,9.09,Dourados,MS,Centro-Oeste,-22.22,-54.82
2021,300,0.0,0.69,0.68,30.16,74.1,1.53,20.62,9.57,Dourados,MS,Centro-Oeste,-22.22,-54.82
2021,301,0.19,0.68,0.66,33.57,71.52,1.19,25.65,11.89,Dourados,MS,Centro-Oeste,-22.22,-54.82
2021,302,0.17,0.68,0.65,34.39,67.89,1.69,25.02,11.7,Dourados,MS,Centro-Oeste,-22.22,-54.82
2021,303,1.48,0.67,0.65,33.02,72.33,1.32,16.07,7.66,Dourados,MS,Centro-Oeste,-22.22,-54.82
2021,304,0.52,0.67,0.64,32.36,71.12,1.68,19.93,9.27,Dourados,MS,Centro-Oeste,-22.22,-54.82
2021,305,0.0,0.66,0.63,33.45,65.49,1.87,26.67,12.17,Dourados,MS,Centro-Oeste,-22.22,-54.82
2021,306,0.0,0.66,0.62,34.8,62.28,1.62,27.82,12.74,Dourados,MS,Centro-Oeste,-22.22,-54.82
2021,307,0.0,0.65,0.61,35.49,58.64,0.97,28.7,13.16,Dourados,MS,Centro-Oeste,-22.22,-54.82
2021,308,0.0,0.64,0.6,37.67,55.72,1.19,28.12,12.95,Dourados,MS,Centro-Oeste,-22.22,-54.82
2021,309,1.83,0.64,0.6,36.65,58.91,1.63,19.57,9.22,Dourados,MS,Centro-Oeste,-22.22,-54.82
2021,310,1.79,0.64,0.62,33.69,68.72,1.34,22.47,10.55,Dourados,MS,Centro-Oeste,-22.22,-54.82
2021,311,0.33,0.64,0.59,35.56,64.16,1.23,26.22,12.24,Dourados,MS,Centro-Oeste,-22.22,-54.82
2021,312,0.53,0.63,0.59,35.47,64.38,1.17,23.36,10.94,Dourados,MS,Centro-Oeste,-22.22,-54.82
2021,313,5.07,0.64,0.63,33.9,65.56,1.24,26.97,12.59,Dourados,MS,Centro-Oeste,-22.22,-54.82
2021,314,4.7,0.64,0.63,34.78,66.13,1.81,11.51,5.6,Dourados,MS,Centro-Oeste,-22.22,-54.82
2021,315,15.09,0.67,0.74,30.17,76.16,1.9,18.88,9.03,Dourados,MS,Centro-Oeste,-22.22,-54.82
2021,316,0.01,0.66,0.63,33.82,63.91,2.3,25.72,11.86,Dourados,MS,Centro-Oeste,-22.22,-54.82
2021,317,0.0,0.65,0.62,33.85,58.8,2.24,30.2,13.71,Dourados,MS,Centro-Oeste,-22.22,-54.82
2021,318,9.93,0.65,0.65,35.42,61.45,1.93,24.75,11.25,Dourados,MS,Centro-Oeste,-22.22,-54.82
2021,319,6.38,0.67,0.71,30.34,76.4,2.23,16.82,7.98,Dourados,MS,Centro-Oeste,-22.22,-54.82
2021,320,4.37,0.67,0.66,33.41,72.68,1.71,24.18,11.34,Dourados,MS,Centro-Oeste,-22.22,-54.82
2021,321,19.27,0.68,0.78,28.47,84.71,1.21,18.22,8.84,Dourados,MS,Centro-Oeste,-22.22,-54.82
2021,322,8.97,0.71,0.77,28.99,82.9,1.18,19.28,9.34,Dourados,MS,Centro-Oeste,-22.22,-54.82
2021,323,0.99,0.7,0.7,30.73,77.1,1.96,22.64,10.43,Dourados,MS,Centro-Oeste,-22.22,-54.82
2021,324,0.0,0.69,0.67,33.05,66.47,1.42,28.6,12.94,Dourados,MS,Centro-Oeste,-22.22,-54.82
2021,325,0.0,0.68,0.65,34.1,64.43,1.51,30.68,14.22,Dourados,MS,Centro-Oeste,-22.22,-54.82
2021,326,0.0,0.67,0.63,34.88,53.66,1.52,31.15,14.3,Dourados,MS,Centro-Oeste,-22.22,-54.82
2021,327,1.28,0.66,0.63,37.15,51.92,1.11,27.24,12.43,Dourados,MS,Centro-Oeste,-22.22,-54.82
2021,328,0.13,0.66,0.62,35.06,61.94,0.85,26.17,12.14,Dourados,MS,Centro-Oeste,-22.22,-54.82
2021,329,2.18,0.65,0.64,32.37,72.9,1.79,26.92,12.68,Dourados,MS,Centro-Oeste,-22.22,-54.82
2021,330,8.43,0.66,0.69,33.67,72.08,2.64,26.91,12.67,Dourados,MS,Centro-Oeste,-22.22,-54.82
2021,331,0.0,0.66,0.62,36.48,59.49,1.69,32.36,14.47,Dourados,MS,Centro-Oeste,-22.22,-54.82
2021,332,3.79,0.65,0.63,37.26,64.82,2.22,27.24,12.69,Dourados,MS,Centro-Oeste,-22.22,-54.82
2021,333,20.11,0.68,0.76,30.69,78.59,2.51,17.42,8.45,Dourados,MS,Centro-Oeste,-22.22,-54.82
2021,334,0.32,0.68,0.67,31.61,62.43,1.74,30.86,13.86,Dourados,MS,Centro-Oeste,-22.22,-54.82
2021,335,0.0,0.67,0.64,35.18,58.27,1.04,29.85,13.48,Dourados,MS,Centro-Oeste,-22.22,-54.82
2021,336,0.31,0.66,0.62,35.99,54.57,1.31,29.22,13.32,Dourados,MS,Centro-Oeste,-22.22,-54.82
2021,337,0.0,0.65,0.61,36.67,50.11,1.15,30.85,14.01,Dourados,MS,Centro-Oeste,-22.22,-54.82
2021,338,0.25,0.65,0.61,36.06,57.65,1.32,29.1,13.45,Dourados,MS,Centro-Oeste,-22.22,-54.82
2021,339,0.0,0.64,0.6,37.41,53.35,1.31,28.97,13.5,Dourados,MS,Centro-Oeste,-22.22,-54.82
2021,340,0.03,0.63,0.58,38.53,47.5,2.37,28.65,13.26,Dourados,MS,Centro-Oeste,-22.22,-54.82
2021,341,0.2,0.63,0.57,36.1,47.36,2.2,30.04,13.79,Dourados,MS,Centro-Oeste,-22.22,-54.82
2021,342,0.05,0.62,0.56,33.9,47.99,2.58,31.88,14.47,Dourados,MS,Centro-Oeste,-22.22,-54.82
2021,343,0.07,0.62,0.55,35.51,49.21,1.74,32.5,14.61,Dourados,MS,Centro-Oeste,-22.22,-54.82
2021,344,0.0,0.62,0.54,36.3,44.81,1.16,32.22,14.41,Dourados,MS,Centro-Oeste,-22.22,-54.82
2021,345,0.01,0.61,0.51,38.35,42.24,1.39,28.0,12.53,Dourados,MS,Centro-Oeste,-22.22,-54.82
2021,346,2.89,0.61,0.53,32.83,60.25,1.7,11.59,5.77,Dourados,MS,Centro-Oeste,-22.22,-54.82
2021,347,10.75,0.62,0.62,33.24,72.88,1.68,15.45,7.6,Dourados,MS,Centro-Oeste,-22.22,-54.82
2021,348,14.35,0.66,0.74,30.44,78.42,1.16,19.54,9.32,Dourados,MS,Centro-Oeste,-22.22,-54.82
2021,349,11.84,0.67,0.71,33.85,70.57,1.38,19.34,9.18,Dourados,MS,Centro-Oeste,-22.22,-54.82
2021,350,1.19,0.66,0.65,34.26,66.18,2.13,25.85,12.23,Dourados,MS,Centro-Oeste,-22.22,-54.82
2021,351,0.21,0.66,0.62,36.16,67.78,1.96,25.01,11.79,Dourados,MS,Centro-Oeste,-22.22,-54.82
2021,352,0.82,0.65,0.62,34.39,73.46,1.86,22.69,10.77,Dourados,MS,Centro-Oeste,-22.22,-54.82
2021,353,1.99,0.65,0.62,35.92,63.66,2.16,30.71,14.4,Dourados,MS,Centro-Oeste,-22.22,-54.82
2021,354,0.58,0.64,0.61,36.51,56.44,1.59,30.18,14.06,Dourados,MS,Centro-Oeste,-22.22,-54.82
2021,355,0.0,0.63,0.59,37.6,48.97,1.21,29.5,13.82,Dourados,MS,Centro-Oeste,-22.22,-54.82
2021,356,0.25,0.63,0.57,38.92,51.17,1.33,29.17,13.69,Dourados,MS,Centro-Oeste,-22.22,-54.82
2021,357,0.62,0.62,0.55,38.95,52.93,1.24,26.86,12.49,Dourados,MS,Centro-Oeste,-22.22,-54.82
2021,358,0.12,0.62,0.54,35.49,55.0,1.73,30.22,14.07,Dourados,MS,Centro-Oeste,-22.22,-54.82
2021,359,0.0,0.62,0.51,37.68,49.49,1.18,29.2,13.55,Dourados,MS,Centro-Oeste,-22.22,-54.82
2021,360,0.33,0.61,0.49,38.31,45.45,0.82,27.69,12.96,Dourados,MS,Centro-Oeste,-22.22,-54.82
2021,361,0.12,0.61,0.47,39.97,40.72,1.25,30.17,14.04,Dourados,MS,Centro-Oeste,-22.22,-54.82
2021,362,0.0,0.61,0.44,39.28,43.5,1.58,28.35,12.71,Dourados,MS,Centro-Oeste,-22.22,-54.82
2021,363,9.74,0.61,0.54,34.31,58.67,1.94,25.93,11.85,Dourados,MS,Centro-Oeste,-22.22,-54.82
2021,364,8.69,0.63,0.63,34.62,66.17,1.11,29.05,13.36,Dourados,MS,Centro-Oeste,-22.22,-54.82
2021,365,10.71,0.65,0.69,34.66,66.13,1.19,26.47,12.25,Dourados,MS,Centro-Oeste,-22.22,-54.82
2022,1,0.0,0.64,0.61,36.45,56.71,1.07,29.11,13.48,Dourados,MS,Centro-Oeste,-22.22,-54.82
2022,2,0.79,0.64,0.6,36.84,58.35,1.29,28.09,13.11,Dourados,MS,Centro-Oeste,-22.22,-54.82
2022,3,25.13,0.65,0.75,34.05,68.7,1.08,17.46,8.37,Dourados,MS,Centro-Oeste,-22.22,-54.82
2022,4,1.22,0.67,0.68,30.53,77.08,1.26,24.31,11.53,Dourados,MS,Centro-Oeste,-22.22,-54.82
2022,5,1.85,0.67,0.66,32.83,72.6,1.52,25.95,12.2,Dourados,MS,Centro-Oeste,-22.22,-54.82
2022,6,1.1,0.66,0.64,33.8,68.93,1.27,24.48,11.46,Dourados,MS,Centro-Oeste,-22.22,-54.82
2022,7,11.78,0.65,0.67,34.44,66.84,0.98,23.84,11.26,Dourados,MS,Centro-Oeste,-22.22,-54.82
2022,8,11.04,0.68,0.74,32.12,73.66,1.69,24.8,11.66,Dourados,MS,Centro-Oeste,-22.22,-54.82
2022,9,2.48,0.67,0.66,31.79,70.26,1.56,26.19,12.3,Dourados,MS,Centro-Oeste,-22.22,-54.82
2022,10,0.99,0.67,0.64,32.15,65.25,1.57,28.74,13.33,Dourados,MS,Centro-Oeste,-22.22,-54.82
2022,11,0.76,0.66,0.63,32.83,61.18,1.43,27.52,12.84,Dourados,MS,Centro-Oeste,-22.22,-54.82
2022,12,3.08,0.65,0.64,31.42,64.56,1.52,21.23,10.04,Dourados,MS,Centro-Oeste,-22.22,-54.82
2022,13,0.37,0.65,0.62,32.35,70.74,1.71,24.99,11.8,Dourados,MS,Centro-Oeste,-22.22,-54.82
2022,14,0.81,0.65,0.61,35.04,67.44,2.35,20.32,9.65,Dourados,MS,Centro-Oeste,-22.22,-54.82
2022,15,0.33,0.64,0.61,36.06,65.33,1.93,26.66,12.55,Dourados,MS,Centro-Oeste,-22.22,-54.82
2022,16,0.4,0.64,0.6,34.44,65.32,2.14,28.58,13.3,Dourados,MS,Centro-Oeste,-22.22,-54.82
2022,17,0.01,0.63,0.59,38.78,53.84,2.5,30.39,14.09,Dourados,MS,Centro-Oeste,-22.22,-54.82
2022,18,0.35,0.63,0.58,36.51,62.38,1.83,23.01,10.85,Dourados,MS,Centro-Oeste,-22.22,-54.82
2022,19,2.45,0.63,0.59,35.54,62.65,1.24,20.68,9.92,Dourados,MS,Centro-Oeste,-22.22,-54.82
2022,20,2.68,0.63,0.61,33.68,68.7,2.09,25.59,12.09,Dourados,MS,Centro-Oeste,-22.22,-54.82
2022,21,0.68,0.62,0.58,35.94,60.31,1.99,26.4,12.55,Dourados,MS,Centro-Oeste,-22.22,-54.82
2022,22,0.2,0.62,0.56,38.28,56.36,1.9,29.25,13.74,Dourados,MS,Centro-Oeste,-22.22,-54.82
2022,23,0.64,0.62,0.54,39.54,52.84,1.4,27.04,12.73,Dourados,MS,Centro-Oeste,-22.22,-54.82
2022,24,1.02,0.61,0.51,40.87,48.69,1.09,24.26,11.46,Dourados,MS,Centro-Oeste,-22.22,-54.82
2022,25,1.66,0.61,0.5,40.56,52.53,1.48,21.07,9.97,Dourados,MS,Centro-Oeste,-22.22,-54.82
2022,26,17.4,0.63,0.67,33.51,70.84,1.31,22.3,10.42,Dourados,MS,Centro-Oeste,-22.22,-54.82
2022,27,9.82,0.65,0.69,31.64,78.07,1.97,15.69,7.38,Dourados,MS,Centro-Oeste,-22.22,-54.82
2022,28,18.31,0.66,0.74,30.04,79.03,0.92,11.57,5.7,Dourados,MS,Centro-Oeste,-22.22,-54.82
2022,29,3.07,0.68,0.7,32.4,76.97,1.07,19.02,9.04,Dourados,MS,Centro-Oeste,-22.22,-54.82
2022,30,2.14,0.67,0.65,32.61,70.98,1.18,19.36,9.06,Dourados,MS,Centro-Oeste,-22.22,-54.82
2022,31,0.95,0.66,0.64,34.27,69.57,1.29,22.82,10.61,Dourados,MS,Centro-Oeste,-22.22,-54.82
2022,32,2.07,0.66,0.64,33.11,70.19,1.33,24.68,11.3,Dourados,MS,Centro-Oeste,-22.22,-54.82
2022,33,1.78,0.65,0.64,29.89,78.63,1.72,16.81,8.09,Dourados,MS,Centro-Oeste,-22.22,-54.82
2022,34,7.73,0.66,0.68,30.61,82.57,2.51,13.42,6.59,Dourados,MS,Centro-Oeste,-22.22,-54.82
2022,35,1.43,0.66,0.64,33.91,70.59,2.33,21.0,10.03,Dourados,MS,Centro-Oeste,-22.22,-54.82
2022,36,20.45,0.67,0.74,32.46,76.2,2.16,12.29,6.06,Dourados,MS,Centro-Oeste,-22.22,-54.82
2022,37,2.78,0.69,0.7,30.2,75.83,2.17,13.99,6.9,Dourados,MS,Centro-Oeste,-22.22,-54.82
2022,38,0.0,0.67,0.65,32.01,63.2,2.5,29.86,13.54,Dourados,MS,Centro-Oeste,-22.22,-54.82
2022,39,0.01,0.66,0.63,31.3,55.55,1.75,29.79,13.37,Dourados,MS,Centro-Oeste,-22.22,-54.82
2022,40,0.0,0.65,0.62,34.38,50.1,0.76,29.13,13.15,Dourados,MS,Centro-Oeste,-22.22,-54.82
2022,41,0.18,0.65,0.61,35.29,54.7,1.6,28.21,13.07,Dourados,MS,Centro-Oeste,-22.22,-54.82
2022,42,0.01,0.64,0.6,36.2,58.85,1.44,29.31,13.55,Dourados,MS,Centro-Oeste,-22.22,-54.82
2022,43,0.53,0.64,0.6,36.96,57.9,1.46,29.2,13.49,Dourados,MS,Centro-Oeste,-22.22,-54.82
2022,44,0.08,0.63,0.59,37.1,56.94,0.87,26.41,12.27,Dourados,MS,Centro-Oeste,-22.22,-54.82
2022,45,0.38,0.63,0.58,36.74,57.49,1.31,22.38,10.48,Dourados,MS,Centro-Oeste,-22.22,-54.82
2022,46,0.0,0.62,0.57,38.97,51.63,1.0,23.9,11.08,Dourados,MS,Centro-Oeste,-22.22,-54.82
2022,47,2.31,0.62,0.57,39.35,55.77,0.68,23.47,10.93,Dourados,MS,Centro-Oeste,-22.22,-54.82
2022,48,0.24,0.62,0.56,38.87,57.2,1.23,22.73,10.47,Dourados,MS,Centro-Oeste,-22.22,-54.82
2022,49,0.21,0.61,0.53,36.32,50.46,0.55,21.75,9.59,Dourados,MS,Centro-Oeste,-22.22,-54.82
2022,50,0.05,0.61,0.5,37.05,49.58,1.67,24.58,11.1,Dourados,MS,Centro-Oeste,-22.22,-54.82
2022,51,0.13,0.61,0.47,37.54,48.49,2.21,27.22,12.53,Dourados,MS,Centro-Oeste,-22.22,-54.82
2022,52,2.99,0.61,0.49,35.85,59.03,1.54,22.62,10.61,Dourados,MS,Centro-Oeste,-22.22,-54.82
2022,53,14.87,0.62,0.64,35.84,63.98,1.12,23.0,10.89,Dourados,MS,Centro-Oeste,-22.22,-54.82
2022,54,2.97,0.64,0.66,34.25,69.15,0.9,24.97,11.78,Dourados,MS,Centro-Oeste,-22.22,-54.82
2022,55,0.42,0.64,0.62,32.32,70.93,0.99,24.19,11.45,Dourados,MS,Centro-Oeste,-22.22,-54.82
2022,56,2.93,0.63,0.63,34.38,68.16,1.06,22.78,10.77,Dourados,MS,Centro-Oeste,-22.22,-54.82
2022,57,2.96,0.64,0.63,35.15,67.39,0.86,25.3,11.95,Dourados,MS,Centro-Oeste,-22.22,-54.82
2022,58,0.08,0.63,0.6,37.59,60.37,1.64,26.01,12.15,Dourados,MS,Centro-Oeste,-22.22,-54.82
2022,59,0.16,0.63,0.59,37.02,64.33,1.49,22.33,10.59,Dourados,MS,Centro-Oeste,-22.22,-54.82
2022,60,22.84,0.64,0.74,30.69,78.85,1.66,16.7,8.01,Dourados,MS,Centro-Oeste,-22.22,-54.82
2022,61,4.28,0.66,0.68,31.0,80.85,1.3,13.71,6.64,Dourados,MS,Centro-Oeste,-22.22,-54.82
2022,62,3.08,0.66,0.67,30.27,76.19,0.91,18.68,8.9,Dourados,MS,Centro-Oeste,-22.22,-54.82
2022,63,0.33,0.66,0.64,33.92,68.49,1.09,22.67,10.75,Dourados,MS,Centro-Oeste,-22.22,-54.82
2022,64,0.63,0.65,0.62,34.45,67.17,1.46,23.88,11.28,Dourados,MS,Centro-Oeste,-22.22,-54.82
2022,65,0.11,0.64,0.61,35.97,62.83,1.8,24.62,11.63,Dourados,MS,Centro-Oeste,-22.22,-54.82
2022,66,0.01,0.64,0.6,36.24,58.92,1.56,24.42,11.55,Dourados,MS,Centro-Oeste,-22.22,-54.82
2022,67,0.11,0.63,0.6,36.61,59.73,1.14,25.25,11.84,Dourados,MS,Centro-Oeste,-22.22,-54.82
2022,68,1.4,0.63,0.6,36.34,59.32,0.66,22.39,10.61,Dourados,MS,Centro-Oeste,-22.22,-54.82
2022,69,36.2,0.66,0.77,29.9,81.24,1.0,13.3,6.42,Dourados,MS,Centro-Oeste,-22.22,-54.82
2022,70,24.33,0.69,0.79,29.2,84.88,1.26,5.64,2.94,Dourados,MS,Centro-Oeste,-22.22,-54.82
2022,71,8.45,0.72,0.78,27.85,87.0,1.17,13.94,6.87,Dourados,MS,Centro-Oeste,-22.22,-54.82
2022,72,5.09,0.71,0.74,28.12,86.69,1.14,9.17,4.64,Dourados,MS,Centro-Oeste,-22.22,-54.82
2022,73,0.04,0.71,0.7,29.99,76.32,1.89,25.5,11.95,Dourados,MS,Centro-Oeste,-22.22,-54.82
2022,74,0.0,0.69,0.68,29.45,69.38,1.68,25.5,11.85,Dourados,MS,Centro-Oeste,-22.22,-54.82
2022,75,0.0,0.68,0.66,32.04,67.19,1.23,25.76,11.9,Dourados,MS,Centro-Oeste,-22.22,-54.82
2022,76,0.06,0.67,0.65,34.02,66.69,1.5,24.21,11.39,Dourados,MS,Centro-Oeste,-22.22,-54.82
2022,77,2.66,0.67,0.67,30.97,79.86,1.39,16.96,8.11,Dourados,MS,Centro-Oeste,-22.22,-54.82
2022,78,11.72,0.68,0.73,30.93,82.32,1.48,12.27,6.01,Dourados,MS,Centro-Oeste,-22.22,-54.82
2022,79,11.37,0.69,0.74,30.98,81.23,1.94,17.71,8.4,Dourados,MS,Centro-Oeste,-22.22,-54.82
2022,80,0.25,0.7,0.69,31.31,76.1,2.35,24.15,11.32,Dourados,MS,Centro-Oeste,-22.22,-54.82
2022,81,0.69,0.68,0.67,31.3,76.25,2.11,22.73,10.72,Dourados,MS,Centro-Oeste,-22.22,-54.82
2022,82,0.05,0.68,0.66,33.12,69.76,2.58,19.25,9.16,Dourados,MS,Centro-Oeste,-22.22,-54.82
2022,83,19.28,0.69,0.76,30.62,82.63,1.97,19.0,9.03,Dourados,MS,Centro-Oeste,-22.22,-54.82
2022,84,39.07,0.74,0.88,26.47,91.3,1.93,8.42,4.24,Dourados,MS,Centro-Oeste,-22.22,-54.82
2022,85,0.83,0.74,0.76,25.42,80.21,1.14,14.76,7.01,Dourados,MS,Centro-Oeste,-22.22,-54.82
2022,86,0.23,0.73,0.74,29.29,80.76,1.04,22.04,10.29,Dourados,MS,Centro-Oeste,-22.22,-54.82
2022,87,1.63,0.72,0.73,31.05,82.29,1.4,21.85,10.08,Dourados,MS,Centro-Oeste,-22.22,-54.82
2022,88,0.08,0.71,0.71,32.18,79.22,1.6,22.72,10.58,Dourados,MS,Centro-Oeste,-22.22,-54.82
2022,89,2.17,0.7,0.7,31.67,80.43,2.37,18.58,8.81,Dourados,MS,Centro-Oeste,-22.22,-54.82
2022,90,27.62,0.73,0.86,19.35,87.66,2.86,5.81,3.07,Dourados,MS,Centro-Oeste,-22.22,-54.82
2022,91,2.05,0.74,0.77,24.43,84.79,1.44,6.25,3.25,Dourados,MS,Centro-Oeste,-22.22,-54.82
2022,92,0.57,0.74,0.75,28.04,85.5,1.3,8.72,4.33,Dourados,MS,Centro-Oeste,-22.22,-54.82
2022,93,0.67,0.73,0.73,30.19,81.89,1.63,22.07,10.37,Dourados,MS,Centro-Oeste,-22.22,-54.82
2022,94,2.77,0.72,0.74,31.19,77.92,0.79,16.14,7.73,Dourados,MS,Centro-Oeste,-22.22,-54.82
2022,95,0.79,0.71,0.72,31.52,79.66,0.77,20.86,9.83,Dourados,MS,Centro-Oeste,-22.22,-54.82
2022,96,0.0,0.71,0.71,31.92,78.72,0.97,21.58,10.2,Dourados,MS,Centro-Oeste,-22.22,-54.82
2022,97,4.55,0.7,0.72,31.49,77.74,1.24,18.37,8.74,Dourados,MS,Centro-Oeste,-22.22,-54.82
2022,98,12.85,0.72,0.78,30.79,82.87,1.32,12.49,6.06,Dourados,MS,Centro-Oeste,-22.22,-54.82
2022,99,1.77,0.72,0.74,29.97,81.97,0.94,19.36,9.15,Dourados,MS,Centro-Oeste,-22.22,-54.82
2022,100,0.73,0.71,0.72,30.88,80.17,1.27,20.2,9.53,Dourados,MS,Centro-Oeste,-22.22,-54.82
2022,101,7.55,0.71,0.75,30.95,83.26,1.44,14.88,7.15,Dourados,MS,Centro-Oeste,-22.22,-54.82
2022,102,10.53,0.72,0.78,29.86,85.67,2.05,10.48,5.22,Dourados,MS,Centro-Oeste,-22.22,-54.82
2022,103,29.63,0.76,0.85,28.85,88.94,1.34,7.21,3.64,Dourados,MS,Centro-Oeste,-22.22,-54.82
2022,104,6.82,0.76,0.81,26.84,83.46,2.36,20.91,9.6,Dourados,MS,Centro-Oeste,-22.22,-54.82
2022,105,0.0,0.75,0.76,25.66,78.84,1.68,22.3,9.9,Dourados,MS,Centro-Oeste,-22.22,-54.82
2022,106,0.0,0.74,0.75,25.65,77.54,1.19,22.41,9.97,Dourados,MS,Centro-Oeste,-22.22,-54.82
2022,107,0.01,0.73,0.73,24.93,77.02,1.55,15.32,7.14,Dourados,MS,Centro-Oeste,-22.22,-54.82
2022,108,0.01,0.72,0.72,26.92,77.1,1.16,21.02,9.61,Dourados,MS,Centro-Oeste,-22.22,-54.82
2022,109,0.02,0.71,0.72,28.05,74.89,0.98,21.48,9.72,Dourados,MS,Centro-Oeste,-22.22,-54.82
2022,110,0.01,0.71,0.71,30.26,71.99,0.92,20.39,9.35,Dourados,MS,Centro-Oeste,-22.22,-54.82
2022,111,0.01,0.7,0.7,31.33,70.19,1.22,19.2,8.87,Dourados,MS,Centro-Oeste,-22.22,-54.82
2022,112,3.44,0.7,0.69,31.07,70.87,2.14,19.76,9.11,Dourados,MS,Centro-Oeste,-22.22,-54.82
2022,113,31.38,0.73,0.83,28.88,86.89,2.18,10.51,5.06,Dourados,MS,Centro-Oeste,-22.22,-54.82
2022,114,0.05,0.73,0.73,29.76,82.48,1.84,19.82,9.23,Dourados,MS,Centro-Oeste,-22.22,-54.82
2022,115,0.01,0.72,0.72,31.41,77.85,2.05,19.79,9.2,Dourados,MS,Centro-Oeste,-22.22,-54.82
2022,116,0.0,0.71,0.71,32.17,77.48,1.78,19.41,9.06,Dourados,MS,Centro-Oeste,-22.22,-54.82
2022,117,0.01,0.7,0.69,31.98,74.11,2.25,19.3,8.93,Dourados,MS,Centro-Oeste,-22.22,-54.82
2022,118,0.0,0.69,0.68,31.81,69.97,1.49,17.09,7.93,Dourados,MS,Centro-Oeste,-22.22,-54.82
2022,119,0.0,0.69,0.67,32.26,69.68,1.08,18.03,8.36,Dourados,MS,Centro-Oeste,-22.22,-54.82
2022,120,0.0,0.68,0.66,31.46,72.12,1.66,17.96,8.35,Dourados,MS,Centro-Oeste,-22.22,-54.82
2022,121,0.14,0.68,0.66,31.46,67.02,1.0,17.92,8.28,Dourados,MS,Centro-Oeste,-22.22,-54.82
2022,122,27.66,0.69,0.78,30.49,77.67,1.5,10.87,5.15,Dourados,MS,Centro-Oeste,-22.22,-54.82
2022,123,10.84,0.73,0.78,23.71,86.61,2.53,3.47,1.83,Dourados,MS,Centro-Oeste,-22.22,-54.82
2022,124,0.31,0.72,0.73,21.45,81.89,1.99,11.26,5.22,Dourados,MS,Centro-Oeste,-22.22,-54.82
2022,125,0.25,0.72,0.72,22.79,84.04,0.92,8.85,4.21,Dourados,MS,Centro-Oeste,-22.22,-54.82
2022,126,0.94,0.71,0.72,25.12,81.85,1.35,13.46,6.12,Dourados,MS,Centro-Oeste,-22.22,-54.82
2022,127,0.53,0.71,0.71,25.36,79.6,1.55,17.82,8.03,Dourados,MS,Centro-Oeste,-22.22,-54.82
2022,128,0.13,0.7,0.7,25.62,77.1,1.01,17.59,7.88,Dourados,MS,Centro-Oeste,-22.22,-54.82
2022,129,1.74,0.7,0.7,29.17,78.17,0.94,18.11,8.33,Dourados,MS,Centro-Oeste,-22.22,-54.82
2022,130,4.83,0.7,0.72,29.13,82.83,1.47,4.89,2.46,Dourados,MS,Centro-Oeste,-22.22,-54.82
2022,131,1.64,0.7,0.71,25.13,83.68,1.51,15.98,7.32,Dourados,MS,Centro-Oeste,-22.22,-54.82
2022,132,0.0,0.7,0.69,24.14,77.8,0.91,18.53,8.25,Dourados,MS,Centro-Oeste,-22.22,-54.82
2022,133,1.05,0.69,0.69,28.25,79.48,1.05,18.02,8.18,Dourados,MS,Centro-Oeste,-22.22,-54.82
2022,134,13.83,0.7,0.74,29.47,81.21,1.51,2.09,1.17,Dourados,MS,Centro-Oeste,-22.22,-54.82
2022,135,19.41,0.73,0.82,23.35,91.74,1.52,6.38,3.11,Dourados,MS,Centro-Oeste,-22.22,-54.82
2022,136,0.03,0.73,0.74,21.04,79.55,2.41,14.06,6.37,Dourados,MS,Centro-Oeste,-22.22,-54.82
2022,137,0.01,0.72,0.72,17.19,70.11,2.26,18.76,8.09,Dourados,MS,Centro-Oeste,-22.22,-54.82
2022,138,0.01,0.72,0.72,17.37,76.12,2.1,12.03,5.4,Dourados,MS,Centro-Oeste,-22.22,-54.82
2022,139,0.01,0.71,0.71,17.95,82.01,1.27,13.05,5.84,Dourados,MS,Centro-Oeste,-22.22,-54.82
2022,140,0.01,0.71,0.71,19.84,75.38,1.16,18.09,7.88,Dourados,MS,Centro-Oeste,-22.22,-54.82
2022,141,0.01,0.7,0.7,22.44,70.69,1.1,16.45,7.19,Dourados,MS,Centro-Oeste,-22.22,-54.82
2022,142,0.0,0.7,0.69,24.02,69.53,0.97,17.42,7.7,Dourados,MS,Centro-Oeste,-22.22,-54.82
2022,143,0.0,0.7,0.69,26.31,67.92,1.04,12.79,5.88,Dourados,MS,Centro-Oeste,-22.22,-54.82
2022,144,0.0,0.69,0.68,28.28,71.5,1.59,16.96,7.63,Dourados,MS,Centro-Oeste,-22.22,-54.82
2022,145,0.0,0.69,0.67,29.19,72.38,1.76,16.59,7.51,Dourados,MS,Centro-Oeste,-22.22,-54.82
2022,146,0.0,0.68,0.67,28.9,72.31,1.7,12.8,5.92,Dourados,MS,Centro-Oeste,-22.22,-54.82
2022,147,0.04,0.68,0.66,29.32,67.37,1.44,15.39,7.08,Dourados,MS,Centro-Oeste,-22.22,-54.82
2022,148,0.02,0.67,0.66,30.05,70.86,1.66,13.6,6.27,Dourados,MS,Centro-Oeste,-22.22,-54.82
2022,149,2.26,0.67,0.66,30.01,77.5,2.23,10.36,4.85,Dourados,MS,Centro-Oeste,-22.22,-54.82
2022,150,9.34,0.68,0.73,26.79,87.95,1.84,4.14,2.1,Dourados,MS,Centro-Oeste,-22.22,-54.82
2022,151,7.39,0.7,0.74,17.63,92.42,1.47,2.93,1.55,Dourados,MS,Centro-Oeste,-22.22,-54.82
2022,152,3.28,0.7,0.73,23.06,90.55,1.25,5.6,2.76,Dourados,MS,Centro-Oeste,-22.22,-54.82
2022,153,1.11,0.7,0.71,20.71,91.61,1.27,3.94,2.0,Dourados,MS,Centro-Oeste,-22.22,-54.82
2022,154,0.11,0.7,0.69,22.09,84.22,1.19,15.24,6.84,Dourados,MS,Centro-Oeste,-22.22,-54.82
2022,155,0.06,0.7,0.69,26.96,82.13,1.5,13.87,6.46,Dourados,MS,Centro-Oeste,-22.22,-54.82
2022,156,0.0,0.69,0.68,29.58,76.91,1.64,15.61,7.19,Dourados,MS,Centro-Oeste,-22.22,-54.82
2022,157,5.82,0.69,0.7,29.08,73.09,1.39,14.27,6.57,Dourados,MS,Centro-Oeste,-22.22,-54.82
2022,158,8.26,0.71,0.76,26.27,83.53,1.26,6.27,2.97,Dourados,MS,Centro-Oeste,-22.22,-54.82
2022,159,10.6,0.71,0.76,25.5,88.07,0.69,9.4,4.43,Dourados,MS,Centro-Oeste,-22.22,-54.82
2022,160,25.8,0.74,0.86,24.58,92.77,1.46,5.25,2.59,Dourados,MS,Centro-Oeste,-22.22,-54.82
2022,161,3.7,0.76,0.8,20.8,89.51,2.46,5.71,2.73,Dourados,MS,Centro-Oeste,-22.22,-54.82
2022,162,0.22,0.75,0.76,17.86,77.09,2.03,13.68,5.91,Dourados,MS,Centro-Oeste,-22.22,-54.82
2022,163,0.56,0.74,0.75,17.45,71.94,1.75,16.98,7.27,Dourados,MS,Centro-Oeste,-22.22,-54.82
2022,164,0.23,0.74,0.74,19.06,72.58,1.19,16.86,7.23,Dourados,MS,Centro-Oeste,-22.22,-54.82
2022,165,0.19,0.73,0.74,22.51,76.72,1.57,16.37,7.06,Dourados,MS,Centro-Oeste,-22.22,-54.82
2022,166,0.23,0.73,0.73,25.45,78.62,1.12,15.63,7.02,Dourados,MS,Centro-Oeste,-22.22,-54.82
2022,167,0.54,0.72,0.73,29.01,81.56,1.5,14.84,6.82,Dourados,MS,Centro-Oeste,-22.22,-54.82
2022,168,14.31,0.73,0.79,27.31,87.85,2.9,7.25,3.52,Dourados,MS,Centro-Oeste,-22.22,-54.82
2022,169,0.3,0.74,0.76,19.51,83.06,1.84,15.92,6.92,Dourados,MS,Centro-Oeste,-22.22,-54.82
2022,170,0.92,0.74,0.75,18.63,86.19,1.3,11.05,5.11,Dourados,MS,Centro-Oeste,-22.22,-54.82
2022,171,0.85,0.73,0.75,26.4,87.96,1.29,12.6,5.84,Dourados,MS,Centro-Oeste,-22.22,-54.82
2022,172,1.02,0.73,0.74,28.55,82.78,1.91,14.64,6.7,Dourados,MS,Centro-Oeste,-22.22,-54.82
2022,173,0.35,0.72,0.73,28.17,82.28,1.92,14.78,6.75,Dourados,MS,Centro-Oeste,-22.22,-54.82
2022,174,0.91,0.72,0.72,28.52,80.61,1.74,14.93,6.81,Dourados,MS,Centro-Oeste,-22.22,-54.82
2022,175,0.01,0.72,0.72,28.83,74.35,1.27,14.6,6.66,Dourados,MS,Centro-Oeste,-22.22,-54.82
2022,176,0.13,0.71,0.71,27.48,81.85,1.22,15.04,6.83,Dourados,MS,Centro-Oeste,-22.22,-54.82
2022,177,0.21,0.71,0.71,26.08,84.49,1.36,12.37,5.7,Dourados,MS,Centro-Oeste,-22.22,-54.82
2022,178,0.02,0.7,0.7,26.46,78.94,1.66,15.59,7.03,Dourados,MS,Centro-Oeste,-22.22,-54.82
2022,179,0.69,0.7,0.7,27.16,79.89,1.16,15.18,6.85,Dourados,MS,Centro-Oeste,-22.22,-54.82
2022,180,0.57,0.7,0.7,24.43,80.82,1.27,8.21,3.83,Dourados,MS,Centro-Oeste,-22.22,-54.82
2022,181,0.04,0.7,0.69,27.11,75.16,0.99,15.62,6.99,Dourados,MS,Centro-Oeste,-22.22,-54.82
2022,182,0.6,0.69,0.69,28.3,75.99,1.87,15.4,6.95,Dourados,MS,Centro-Oeste,-22.22,-54.82
2022,183,0.18,0.69,0.68,29.58,75.33,2.01,15.29,6.89,Dourados,MS,Centro-Oeste,-22.22,-54.82
2022,184,0.31,0.68,0.67,31.16,68.42,1.87,15.46,7.06,Dourados,MS,Centro-Oeste,-22.22,-54.82
2022,185,0.0,0.68,0.66,30.84,66.26,1.93,15.79,7.06,Dourados,MS,Centro-Oeste,-22.22,-54.82
2022,186,0.21,0.68,0.66,29.8,63.49,1.55,10.57,4.79,Dourados,MS,Centro-Oeste,-22.22,-54.82
2022,187,0.01,0.67,0.65,28.68,64.57,1.74,15.13,6.68,Dourados,MS,Centro-Oeste,-22.22,-54.82
2022,188,0.11,0.67,0.65,29.61,64.03,1.65,15.61,6.99,Dourados,MS,Centro-Oeste,-22.22,-54.82
2022,189,0.33,0.67,0.65,30.54,62.89,1.53,15.45,6.99,Dourados,MS,Centro-Oeste,-22.22,-54.82
2022,190,0.36,0.66,0.64,30.94,66.09,2.17,15.77,7.14,Dourados,MS,Centro-Oeste,-22.22,-54.82
2022,191,0.56,0.66,0.64,31.5,65.35,2.47,13.7,6.27,Dourados,MS,Centro-Oeste,-22.22,-54.82
2022,192,0.66,0.66,0.64,30.36,65.74,2.99,14.11,6.45,Dourados,MS,Centro-Oeste,-22.22,-54.82
2022,193,2.32,0.66,0.66,20.22,78.09,2.09,9.77,4.54,Dourados,MS,Centro-Oeste,-22.22,-54.82
2022,194,0.5,0.66,0.65,23.14,84.16,1.47,9.67,4.51,Dourados,MS,Centro-Oeste,-22.22,-54.82
2022,195,0.02,0.66,0.64,30.28,69.26,2.31,15.27,6.96,Dourados,MS,Centro-Oeste,-22.22,-54.82
2022,196,0.01,0.66,0.63,29.74,62.69,2.7,13.94,6.39,Dourados,MS,Centro-Oeste,-22.22,-54.82
2022,197,0.05,0.65,0.63,30.04,67.72,3.72,7.0,3.36,Dourados,MS,Centro-Oeste,-22.22,-54.82
2022,198,0.01,0.65,0.63,17.42,67.96,2.04,9.74,4.54,Dourados,MS,Centro-Oeste,-22.22,-54.82
2022,199,0.03,0.65,0.64,24.08,74.56,1.35,11.7,5.49,Dourados,MS,Centro-Oeste,-22.22,-54.82
2022,200,0.01,0.65,0.63,31.18,74.56,1.27,15.9,7.3,Dourados,MS,Centro-Oeste,-22.22,-54.82
2022,201,0.0,0.65,0.62,31.18,66.25,1.71,14.76,6.74,Dourados,MS,Centro-Oeste,-22.22,-54.82
2022,202,0.0,0.64,0.62,32.22,58.67,1.92,16.47,7.38,Dourados,MS,Centro-Oeste,-22.22,-54.82
2022,203,0.0,0.64,0.61,31.9,56.7,1.67,16.73,7.49,Dourados,MS,Centro-Oeste,-22.22,-54.82
2022,204,0.0,0.64,0.61,32.09,57.79,1.4,16.33,7.39,Dourados,MS,Centro-Oeste,-22.22,-54.82
2022,205,0.27,0.64,0.61,32.37,57.59,1.68,15.7,7.13,Dourados,MS,Centro-Oeste,-22.22,-54.82
2022,206,0.08,0.63,0.6,32.54,58.18,1.38,17.02,7.7,Dourados,MS,Centro-Oeste,-22.22,-54.82
2022,207,0.7,0.63,0.61,32.56,59.12,1.39,17.29,7.79,Dourados,MS,Centro-Oeste,-22.22,-54.82
2022,208,0.34,0.63,0.6,33.01,58.91,1.08,16.42,7.42,Dourados,MS,Centro-Oeste,-22.22,-54.82
2022,209,0.15,0.63,0.59,32.61,55.88,2.0,16.87,7.64,Dourados,MS,Centro-Oeste,-22.22,-54.82
2022,210,0.21,0.63,0.58,24.62,61.42,2.7,14.94,6.67,Dourados,MS,Centro-Oeste,-22.22,-54.82
2022,211,0.0,0.63,0.58,25.32,58.58,1.06,18.52,7.97,Dourados,MS,Centro-Oeste,-22.22,-54.82
2022,212,0.35,0.62,0.57,30.04,56.98,1.2,16.73,7.53,Dourados,MS,Centro-Oeste,-22.22,-54.82
2022,213,0.09,0.62,0.56,31.98,54.13,1.19,15.95,7.25,Dourados,MS,Centro-Oeste,-22.22,-54.82
2022,214,0.09,0.62,0.55,33.81,53.96,1.66,17.39,7.84,Dourados,MS,Centro-Oeste,-22.22,-54.82
2022,215,0.0,0.62,0.54,34.04,47.97,1.86,17.57,7.86,Dourados,MS,Centro-Oeste,-22.22,-54.82
2022,216,0.13,0.62,0.53,34.36,49.52,2.93,13.07,5.95,Dourados,MS,Centro-Oeste,-22.22,-54.82
2022,217,0.72,0.62,0.54,22.83,72.82,2.18,10.97,5.11,Dourados,MS,Centro-Oeste,-22.22,-54.82
2022,218,1.7,0.62,0.54,31.77,66.86,2.0,10.08,4.68,Dourados,MS,Centro-Oeste,-22.22,-54.82
2022,219,7.93,0.63,0.63,28.9,78.89,1.39,2.75,1.42,Dourados,MS,Centro-Oeste,-22.22,-54.82
2022,220,12.18,0.65,0.72,23.53,89.49,0.93,4.51,2.24,Dourados,MS,Centro-Oeste,-22.22,-54.82
2022,221,8.93,0.67,0.73,17.56,83.1,2.63,2.88,1.53,Dourados,MS,Centro-Oeste,-22.22,-54.82
2022,222,0.63,0.67,0.66,15.95,79.76,2.36,8.4,3.92,Dourados,MS,Centro-Oeste,-22.22,-54.82
2022,223,0.08,0.66,0.65,23.34,73.1,1.86,19.3,8.5,Dourados,MS,Centro-Oeste,-22.22,-54.82
2022,224,0.06,0.66,0.64,26.15,67.6,2.24,19.92,8.74,Dourados,MS,Centro-Oeste,-22.22,-54.82
2022,225,0.01,0.66,0.63,30.22,64.34,1.45,19.73,8.67,Dourados,MS,Centro-Oeste,-22.22,-54.82
2022,226,0.14,0.65,0.62,32.52,57.75,2.12,19.57,8.72,Dourados,MS,Centro-Oeste,-22.22,-54.82
2022,227,0.14,0.65,0.61,33.36,53.03,3.38,19.13,8.58,Dourados,MS,Centro-Oeste,-22.22,-54.82
2022,228,45.38,0.67,0.78,29.73,76.57,2.9,3.01,1.49,Dourados,MS,Centro-Oeste,-22.22,-54.82
2022,229,21.08,0.72,0.82,27.65,86.79,2.89,10.26,4.69,Dourados,MS,Centro-Oeste,-22.22,-54.82
2022,230,53.53,0.77,0.89,21.49,85.65,3.54,2.11,1.12,Dourados,MS,Centro-Oeste,-22.22,-54.82
2022,231,0.0,0.76,0.77,15.59,62.66,3.29,20.0,8.53,Dourados,MS,Centro-Oeste,-22.22,-54.82
2022,232,0.22,0.75,0.76,21.28,75.95,2.09,20.49,8.9,Dourados,MS,Centro-Oeste,-22.22,-54.82
2022,233,0.12,0.74,0.75,25.12,82.88,1.56,19.0,8.55,Dourados,MS,Centro-Oeste,-22.22,-54.82
2022,234,0.06,0.73,0.74,27.14,81.44,1.69,19.99,9.04,Dourados,MS,Centro-Oeste,-22.22,-54.82
2022,235,0.19,0.73,0.73,27.84,77.93,1.72,19.68,8.93,Dourados,MS,Centro-Oeste,-22.22,-54.82
2022,236,0.06,0.72,0.72,29.47,71.82,1.37,19.42,8.88,Dourados,MS,Centro-Oeste,-22.22,-54.82
2022,237,0.01,0.71,0.71,29.59,68.05,1.35,20.22,9.15,Dourados,MS,Centro-Oeste,-22.22,-54.82
2022,238,0.06,0.71,0.7,30.07,64.51,1.27,20.94,9.38,Dourados,MS,Centro-Oeste,-22.22,-54.82
2022,239,0.08,0.7,0.69,32.1,58.52,1.49,20.66,9.21,Dourados,MS,Centro-Oeste,-22.22,-54.82
2022,240,0.07,0.7,0.69,29.28,66.87,2.53,14.88,6.73,Dourados,MS,Centro-Oeste,-22.22,-54.82
2022,241,0.06,0.69,0.68,25.76,69.98,3.32,14.7,6.57,Dourados,MS,Centro-Oeste,-22.22,-54.82
2022,242,0.2,0.69,0.68,21.27,70.41,2.42,12.82,5.7,Dourados,MS,Centro-Oeste,-22.22,-54.82
2022,243,0.0,0.69,0.67,28.9,71.33,1.99,19.94,8.92,Dourados,MS,Centro-Oeste,-22.22,-54.82
2022,244,0.08,0.68,0.66,33.13,68.31,2.37,20.95,9.47,Dourados,MS,Centro-Oeste,-22.22,-54.82
2022,245,0.14,0.68,0.66,30.34,69.89,2.0,10.74,4.8,Dourados,MS,Centro-Oeste,-22.22,-54.82
2022,246,0.06,0.68,0.66,22.12,76.03,3.12,9.05,4.04,Dourados,MS,Centro-Oeste,-22.22,-54.82
2022,247,0.06,0.68,0.66,18.58,79.62,1.64,9.87,4.54,Dourados,MS,Centro-Oeste,-22.22,-54.82
2022,248,1.89,0.68,0.67,25.67,78.95,1.74,11.49,5.37,Dourados,MS,Centro-Oeste,-22.22,-54.82
2022,249,2.18,0.68,0.68,23.16,85.38,1.1,13.23,6.1,Dourados,MS,Centro-Oeste,-22.22,-54.82
2022,250,0.21,0.68,0.66,31.68,73.11,1.62,17.57,7.54,Dourados,MS,Centro-Oeste,-22.22,-54.82
2022,251,0.04,0.67,0.64,34.16,60.38,2.83,16.85,7.06,Dourados,MS,Centro-Oeste,-22.22,-54.82
2022,252,0.16,0.67,0.64,33.29,63.46,2.58,14.79,6.18,Dourados,MS,Centro-Oeste,-22.22,-54.82
2022,253,0.23,0.66,0.64,27.97,69.36,2.46,10.93,4.81,Dourados,MS,Centro-Oeste,-22.22,-54.82
2022,254,0.01,0.66,0.63,31.2,66.78,1.32,16.74,7.27,Dourados,MS,Centro-Oeste,-22.22,-54.82
2022,255,1.66,0.66,0.64,31.49,72.25,1.95,14.36,6.42,Dourados,MS,Centro-Oeste,-22.22,-54.82
2022,256,10.13,0.66,0.69,29.95,76.44,2.1,9.8,4.43,Dourados,MS,Centro-Oeste,-22.22,-54.82
2022,257,27.47,0.71,0.84,18.59,90.67,2.15,2.66,1.38,Dourados,MS,Centro-Oeste,-22.22,-54.82
2022,258,0.03,0.72,0.73,23.79,76.85,1.25,17.33,7.62,Dourados,MS,Centro-Oeste,-22.22,-54.82
2022,259,0.08,0.71,0.7,27.15,68.62,1.92,24.44,10.81,Dourados,MS,Centro-Oeste,-22.22,-54.82
2022,260,0.09,0.7,0.69,28.23,64.86,2.78,24.87,11.12,Dourados,MS,Centro-Oeste,-22.22,-54.82
2022,261,0.07,0.69,0.67,30.8,63.4,2.51,23.33,10.54,Dourados,MS,Centro-Oeste,-22.22,-54.82
2022,262,8.15,0.69,0.7,34.06,70.52,2.33,12.88,5.85,Dourados,MS,Centro-Oeste,-22.22,-54.82
2022,263,6.15,0.7,0.75,29.94,81.58,1.38,8.66,4.15,Dourados,MS,Centro-Oeste,-22.22,-54.82
2022,264,11.42,0.72,0.78,28.86,86.46,1.93,8.14,3.8,Dourados,MS,Centro-Oeste,-22.22,-54.82
2022,265,1.6,0.72,0.73,24.89,74.14,2.93,10.84,5.15,Dourados,MS,Centro-Oeste,-22.22,-54.82
2022,266,0.0,0.71,0.7,22.67,63.66,2.63,26.29,11.51,Dourados,MS,Centro-Oeste,-22.22,-54.82
2022,267,0.05,0.7,0.69,26.94,60.98,1.34,21.03,9.42,Dourados,MS,Centro-Oeste,-22.22,-54.82
2022,268,2.55,0.7,0.7,32.66,70.41,2.07,14.92,6.93,Dourados,MS,Centro-Oeste,-22.22,-54.82
2022,269,18.26,0.72,0.8,29.25,82.82,1.83,3.78,1.96,Dourados,MS,Centro-Oeste,-22.22,-54.82
2022,270,51.3,0.76,0.9,27.85,90.88,2.09,7.15,3.45,Dourados,MS,Centro-Oeste,-22.22,-54.82
2022,271,13.25,0.79,0.86,27.62,86.44,2.22,4.67,2.35,Dourados,MS,Centro-Oeste,-22.22,-54.82
2022,272,1.36,0.79,0.81,23.01,88.4,1.43,16.03,7.54,Dourados,MS,Centro-Oeste,-22.22,-54.82
2022,273,0.92,0.78,0.79,26.3,86.01,1.62,11.53,5.53,Dourados,MS,Centro-Oeste,-22.22,-54.82
2022,274,0.09,0.77,0.77,28.8,80.61,1.33,18.15,8.45,Dourados,MS,Centro-Oeste,-22.22,-54.82
2022,275,0.0,0.76,0.76,30.03,78.83,1.65,19.53,9.12,Dourados,MS,Centro-Oeste,-22.22,-54.82
2022,276,0.0,0.75,0.75,27.05,77.1,1.43,23.9,10.88,Dourados,MS,Centro-Oeste,-22.22,-54.82
2022,277,0.0,0.74,0.74,31.26,69.29,1.11,25.21,11.51,Dourados,MS,Centro-Oeste,-22.22,-54.82
2022,278,5.91,0.73,0.76,32.96,75.51,2.64,5.86,2.91,Dourados,MS,Centro-Oeste,-22.22,-54.82
2022,279,34.2,0.76,0.87,28.39,86.78,3.22,7.03,3.48,Dourados,MS,Centro-Oeste,-22.22,-54.82
2022,280,0.12,0.77,0.78,25.13,75.94,1.69,20.9,9.47,Dourados,MS,Centro-Oeste,-22.22,-54.82
2022,281,0.09,0.76,0.76,28.93,73.39,1.7,23.5,10.79,Dourados,MS,Centro-Oeste,-22.22,-54.82
2022,282,8.06,0.76,0.79,29.75,77.83,1.78,11.38,5.48,Dourados,MS,Centro-Oeste,-22.22,-54.82
2022,283,2.32,0.76,0.78,28.51,83.55,2.0,13.81,6.53,Dourados,MS,Centro-Oeste,-22.22,-54.82
2022,284,15.57,0.76,0.83,28.55,83.32,2.05,8.48,4.25,Dourados,MS,Centro-Oeste,-22.22,-54.82
2022,285,17.06,0.79,0.86,27.47,84.57,1.07,14.28,6.8,Dourados,MS,Centro-Oeste,-22.22,-54.82
2022,286,1.47,0.79,0.8,29.07,81.84,1.19,16.64,7.73,Dourados,MS,Centro-Oeste,-22.22,-54.82
2022,287,1.97,0.78,0.8,27.79,84.67,1.49,12.56,6.04,Dourados,MS,Centro-Oeste,-22.22,-54.82
2022,288,0.08,0.78,0.78,26.94,84.19,1.84,12.66,6.07,Dourados,MS,Centro-Oeste,-22.22,-54.82
2022,289,0.02,0.77,0.78,29.9,81.06,1.22,22.37,10.48,Dourados,MS,Centro-Oeste,-22.22,-54.82
2022,290,14.56,0.77,0.83,27.85,85.61,1.41,21.36,10.02,Dourados,MS,Centro-Oeste,-22.22,-54.82
2022,291,7.56,0.8,0.85,24.24,91.48,1.45,12.85,6.26,Dourados,MS,Centro-Oeste,-22.22,-54.82
2022,292,0.08,0.79,0.79,30.17,80.45,1.11,24.03,11.13,Dourados,MS,Centro-Oeste,-22.22,-54.82
2022,293,10.19,0.78,0.82,32.3,78.59,2.04,10.74,5.28,Dourados,MS,Centro-Oeste,-22.22,-54.82
2022,294,1.81,0.79,0.81,28.66,79.71,1.76,24.93,11.34,Dourados,MS,Centro-Oeste,-22.22,-54.82
2022,295,0.01,0.78,0.78,29.0,75.44,1.55,28.95,13.04,Dourados,MS,Centro-Oeste,-22.22,-54.82
2022,296,0.0,0.77,0.77,30.4,73.9,1.18,29.03,13.11,Dourados,MS,Centro-Oeste,-22.22,-54.82
2022,297,0.08,0.76,0.76,31.53,72.44,1.37,28.59,12.96,Dourados,MS,Centro-Oeste,-22.22,-54.82
2022,298,0.04,0.74,0.74,32.7,66.88,1.36,29.35,13.21,Dourados,MS,Centro-Oeste,-22.22,-54.82
2022,299,0.02,0.73,0.73,33.99,65.73,2.52,29.01,13.19,Dourados,MS,Centro-Oeste,-22.22,-54.82
2022,300,5.91,0.73,0.76,30.55,76.6,1.31,14.35,6.95,Dourados,MS,Centro-Oeste,-22.22,-54.82
2022,301,0.2,0.73,0.73,32.54,73.49,1.52,26.61,12.32,Dourados,MS,Centro-Oeste,-22.22,-54.82
2022,302,4.02,0.72,0.74,30.33,80.06,2.17,18.02,8.65,Dourados,MS,Centro-Oeste,-22.22,-54.82
2022,303,6.69,0.73,0.76,31.1,78.91,2.65,25.13,11.83,Dourados,MS,Centro-Oeste,-22.22,-54.82
2022,304,4.1,0.73,0.75,25.08,77.73,4.14,6.8,3.54,Dourados,MS,Centro-Oeste,-22.22,-54.82
2022,305,0.17,0.73,0.73,21.45,67.95,4.32,22.88,10.6,Dourados,MS,Centro-Oeste,-22.22,-54.82
2022,306,0.0,0.72,0.72,22.62,68.11,3.09,29.05,12.96,Dourados,MS,Centro-Oeste,-22.22,-54.82
2022,307,0.0,0.71,0.71,24.25,69.77,2.97,26.84,12.06,Dourados,MS,Centro-Oeste,-22.22,-54.82
2022,308,0.0,0.71,0.69,26.41,66.39,2.38,30.83,13.73,Dourados,MS,Centro-Oeste,-22.22,-54.82
2022,309,0.0,0.7,0.69,27.0,64.74,2.04,28.34,12.71,Dourados,MS,Centro-Oeste,-22.22,-54.82
2022,310,0.04,0.69,0.67,28.09,64.18,2.37,29.75,13.32,Dourados,MS,Centro-Oeste,-22.22,-54.82
2022,311,0.28,0.69,0.67,29.63,64.8,1.98,29.3,13.18,Dourados,MS,Centro-Oeste,-22.22,-54.82
2022,312,0.02,0.68,0.66,31.26,63.04,1.39,29.39,13.28,Dourados,MS,Centro-Oeste,-22.22,-54.82
2022,313,0.0,0.67,0.65,31.83,57.61,0.97,30.3,13.62,Dourados,MS,Centro-Oeste,-22.22,-54.82
2022,314,0.03,0.67,0.64,36.77,57.14,1.49,26.06,11.8,Dourados,MS,Centro-Oeste,-22.22,-54.82
2022,315,21.39,0.7,0.78,28.99,81.4,1.55,20.78,9.68,Dourados,MS,Centro-Oeste,-22.22,-54.82
2022,316,48.36,0.72,0.85,31.61,79.74,1.63,23.35,10.9,Dourados,MS,Centro-Oeste,-22.22,-54.82
2022,317,19.52,0.77,0.84,30.21,81.08,2.4,13.28,6.56,Dourados,MS,Centro-Oeste,-22.22,-54.82
2022,318,24.31,0.79,0.85,23.85,89.47,1.38,16.59,7.92,Dourados,MS,Centro-Oeste,-22.22,-54.82
2022,319,0.01,0.77,0.77,27.75,72.25,1.88,31.19,13.93,Dourados,MS,Centro-Oeste,-22.22,-54.82
2022,320,0.0,0.75,0.75,29.05,70.71,1.83,31.59,14.09,Dourados,MS,Centro-Oeste,-22.22,-54.82
2022,321,0.0,0.74,0.74,30.4,70.63,2.07,31.03,13.91,Dourados,MS,Centro-Oeste,-22.22,-54.82
2022,322,0.0,0.73,0.72,32.14,64.91,1.63,31.14,13.94,Dourados,MS,Centro-Oeste,-22.22,-54.82
2022,323,0.0,0.71,0.7,34.16,64.3,1.74,30.56,13.9,Dourados,MS,Centro-Oeste,-22.22,-54.82
2022,324,5.8,0.71,0.73,34.77,66.51,1.6,28.42,13.11,Dourados,MS,Centro-Oeste,-22.22,-54.82
2022,325,17.29,0.73,0.81,29.44,77.75,1.1,9.8,4.97,Dourados,MS,Centro-Oeste,-22.22,-54.82
2022,326,2.03,0.73,0.74,30.68,79.5,1.29,24.46,11.46,Dourados,MS,Centro-Oeste,-22.22,-54.82
2022,327,0.09,0.72,0.72,30.29,78.57,1.96,23.23,10.92,Dourados,MS,Centro-Oeste,-22.22,-54.82
2022,328,0.0,0.71,0.7,31.97,71.12,1.81,31.0,14.05,Dourados,MS,Centro-Oeste,-22.22,-54.82
2022,329,0.0,0.7,0.68,32.3,70.4,1.99,30.25,13.78,Dourados,MS,Centro-Oeste,-22.22,-54.82
2022,330,0.0,0.69,0.67,31.91,68.39,1.95,30.54,13.91,Dourados,MS,Centro-Oeste,-22.22,-54.82
2022,331,0.0,0.68,0.66,32.51,68.67,1.8,28.37,13.14,Dourados,MS,Centro-Oeste,-22.22,-54.82
2022,332,0.05,0.67,0.65,32.06,69.0,1.87,27.03,12.6,Dourados,MS,Centro-Oeste,-22.22,-54.82
2022,333,0.0,0.67,0.64,32.94,66.99,1.88,29.56,13.62,Dourados,MS,Centro-Oeste,-22.22,-54.82
2022,334,0.94,0.66,0.64,34.05,66.0,1.51,29.12,13.49,Dourados,MS,Centro-Oeste,-22.22,-54.82
2022,335,1.99,0.66,0.63,36.17,66.52,1.17,26.19,12.24,Dourados,MS,Centro-Oeste,-22.22,-54.82
2022,336,8.28,0.66,0.68,33.39,72.66,1.07,24.78,11.6,Dourados,MS,Centro-Oeste,-22.22,-54.82
2022,337,6.08,0.68,0.71,30.28,76.18,1.05,22.22,10.57,Dourados,MS,Centro-Oeste,-22.22,-54.82
2022,338,1.87,0.68,0.67,30.33,76.89,0.74,21.15,10.11,Dourados,MS,Centro-Oeste,-22.22,-54.82
2022,339,1.15,0.67,0.66,31.05,78.9,1.43,21.88,10.45,Dourados,MS,Centro-Oeste,-22.22,-54.82
2022,340,0.77,0.67,0.65,33.38,72.22,1.74,23.06,11.03,Dourados,MS,Centro-Oeste,-22.22,-54.82
2022,341,0.48,0.66,0.64,33.57,72.08,1.6,24.2,11.51,Dourados,MS,Centro-Oeste,-22.22,-54.82
2022,342,0.01,0.66,0.63,36.53,65.88,1.46,27.88,13.17,Dourados,MS,Centro-Oeste,-22.22,-54.82
2022,343,16.68,0.67,0.73,34.93,69.59,1.22,14.84,7.16,Dourados,MS,Centro-Oeste,-22.22,-54.82
2022,344,2.87,0.68,0.68,33.79,75.37,1.63,23.28,11.07,Dourados,MS,Centro-Oeste,-22.22,-54.82
2022,345,4.71,0.68,0.69,29.75,82.1,1.78,15.51,7.57,Dourados,MS,Centro-Oeste,-22.22,-54.82
2022,346,2.31,0.68,0.68,29.61,78.15,1.97,25.83,12.32,Dourados,MS,Centro-Oeste,-22.22,-54.82
2022,347,5.1,0.68,0.7,31.35,82.47,1.58,19.17,9.24,Dourados,MS,Centro-Oeste,-22.22,-54.82
2022,348,0.02,0.68,0.65,34.4,66.0,1.47,28.7,13.2,Dourados,MS,Centro-Oeste,-22.22,-54.82
2022,349,0.29,0.67,0.64,34.86,68.19,1.74,28.69,13.28,Dourados,MS,Centro-Oeste,-22.22,-54.82
2022,350,0.02,0.66,0.62,34.17,64.08,1.56,29.41,13.55,Dourados,MS,Centro-Oeste,-22.22,-54.82
2022,351,0.45,0.65,0.62,34.82,62.21,0.86,27.15,12.52,Dourados,MS,Centro-Oeste,-22.22,-54.82
2022,352,7.47,0.66,0.68,27.14,83.68,1.58,10.09,5.21,Dourados,MS,Centro-Oeste,-22.22,-54.82
2022,353,1.55,0.66,0.64,32.39,72.82,1.35,18.15,8.65,Dourados,MS,Centro-Oeste,-22.22,-54.82
2022,354,0.02,0.65,0.62,34.1,66.07,1.49,29.92,13.78,Dourados,MS,Centro-Oeste,-22.22,-54.82
2022,355,0.0,0.65,0.61,33.53,62.75,1.84,30.03,13.82,Dourados,MS,Centro-Oeste,-22.22,-54.82
2022,356,0.0,0.64,0.6,34.68,60.23,1.97,31.36,14.38,Dourados,MS,Centro-Oeste,-22.22,-54.82
2022,357,0.0,0.64,0.6,35.58,54.5,1.97,29.98,13.72,Dourados,MS,Centro-Oeste,-22.22,-54.82
2022,358,3.45,0.63,0.62,35.99,60.6,1.27,23.24,10.84,Dourados,MS,Centro-Oeste,-22.22,-54.82
2022,359,3.4,0.64,0.64,33.6,66.45,1.42,17.14,8.34,Dourados,MS,Centro-Oeste,-22.22,-54.82
2022,360,0.22,0.64,0.6,34.78,66.61,1.47,27.13,12.72,Dourados,MS,Centro-Oeste,-22.22,-54.82
2022,361,1.31,0.63,0.6,37.49,60.03,0.82,30.16,13.98,Dourados,MS,Centro-Oeste,-22.22,-54.82
2022,362,12.73,0.64,0.69,34.61,71.73,1.57,26.74,12.61,Dourados,MS,Centro-Oeste,-22.22,-54.82
2022,363,0.06,0.65,0.63,33.93,58.24,2.15,31.47,14.22,Dourados,MS,Centro-Oeste,-22.22,-54.82
2022,364,0.0,0.64,0.6,37.17,52.38,1.28,31.18,14.2,Dourados,MS,Centro-Oeste,-22.22,-54.82
2022,365,0.22,0.63,0.59,37.41,61.52,1.15,28.52,13.3,Dourados,MS,Centro-Oeste,-22.22,-54.82
2023,1,0.15,0.63,0.59,35.35,67.35,1.75,27.77,13.1,Dourados,MS,Centro-Oeste,-22.22,-54.82
2023,2,14.46,0.64,0.68,35.64,71.94,1.49,7.73,3.96,Dourados,MS,Centro-Oeste,-22.22,-54.82
2023,3,18.4,0.66,0.76,28.66,87.05,2.0,16.89,8.23,Dourados,MS,Centro-Oeste,-22.22,-54.82
2023,4,16.78,0.7,0.8,26.34,88.05,2.03,15.22,7.46,Dourados,MS,Centro-Oeste,-22.22,-54.82
2023,5,0.02,0.7,0.68,30.17,68.3,2.38,30.23,13.73,Dourados,MS,Centro-Oeste,-22.22,-54.82
2023,6,0.01,0.68,0.66,30.07,71.01,2.32,28.55,13.06,Dourados,MS,Centro-Oeste,-22.22,-54.82
2023,7,0.0,0.67,0.64,30.93,68.28,2.29,28.45,13.04,Dourados,MS,Centro-Oeste,-22.22,-54.82
2023,8,0.0,0.66,0.63,31.98,66.49,2.01,29.38,13.48,Dourados,MS,Centro-Oeste,-22.22,-54.82
2023,9,0.29,0.66,0.63,31.67,68.49,1.08,21.98,10.4,Dourados,MS,Centro-Oeste,-22.22,-54.82
2023,10,14.28,0.66,0.71,32.73,71.15,1.14,21.8,10.33,Dourados,MS,Centro-Oeste,-22.22,-54.82
2023,11,3.16,0.68,0.69,30.99,79.85,1.34,22.31,10.61,Dourados,MS,Centro-Oeste,-22.22,-54.82
2023,12,1.09,0.67,0.66,32.72,71.94,1.65,28.74,13.37,Dourados,MS,Centro-Oeste,-22.22,-54.82
2023,13,10.63,0.67,0.7,28.06,82.61,2.01,24.15,11.49,Dourados,MS,Centro-Oeste,-22.22,-54.82
2023,14,28.03,0.71,0.82,26.8,90.17,2.09,19.24,9.24,Dourados,MS,Centro-Oeste,-22.22,-54.82
2023,15,1.52,0.71,0.72,30.6,78.81,2.18,22.88,10.9,Dourados,MS,Centro-Oeste,-22.22,-54.82
2023,16,0.42,0.7,0.69,31.98,72.82,0.71,26.54,12.47,Dourados,MS,Centro-Oeste,-22.22,-54.82
2023,17,22.26,0.71,0.77,29.78,83.56,1.18,23.33,11.13,Dourados,MS,Centro-Oeste,-22.22,-54.82
2023,18,19.22,0.75,0.85,30.6,80.26,0.82,21.23,10.14,Dourados,MS,Centro-Oeste,-22.22,-54.82
2023,19,14.38,0.76,0.83,28.77,83.16,0.92,24.73,11.75,Dourados,MS,Centro-Oeste,-22.22,-54.82
2023,20,10.06,0.76,0.81,30.63,79.24,1.5,28.15,13.24,Dourados,MS,Centro-Oeste,-22.22,-54.82
2023,21,6.49,0.76,0.8,31.03,80.36,1.75,24.32,11.52,Dourados,MS,Centro-Oeste,-22.22,-54.82
2023,22,4.78,0.75,0.78,30.79,82.4,1.8,12.94,6.27,Dourados,MS,Centro-Oeste,-22.22,-54.82
2023,23,5.67,0.75,0.79,30.44,82.54,0.94,16.28,7.97,Dourados,MS,Centro-Oeste,-22.22,-54.82
2023,24,0.05,0.74,0.75,30.68,76.61,0.98,27.93,12.94,Dourados,MS,Centro-Oeste,-22.22,-54.82
2023,25,0.8,0.73,0.73,32.18,73.34,0.69,27.28,12.8,Dourados,MS,Centro-Oeste,-22.22,-54.82
2023,26,0.17,0.72,0.71,33.34,70.33,1.26,29.62,13.69,Dourados,MS,Centro-Oeste,-22.22,-54.82
2023,27,1.11,0.71,0.7,32.74,71.97,1.41,28.24,13.08,Dourados,MS,Centro-Oeste,-22.22,-54.82
2023,28,2.4,0.7,0.7,32.15,79.0,1.47,27.86,13.11,Dourados,MS,Centro-Oeste,-22.22,-54.82
2023,29,12.26,0.7,0.74,30.88,78.88,1.51,23.85,11.32,Dourados,MS,Centro-Oeste,-22.22,-54.82
2023,30,18.85,0.72,0.79,30.13,83.91,2.07,15.36,7.55,Dourados,MS,Centro-Oeste,-22.22,-54.82
2023,31,18.93,0.76,0.86,26.1,91.88,1.84,8.41,4.33,Dourados,MS,Centro-Oeste,-22.22,-54.82
2023,32,5.63,0.76,0.8,29.87,85.97,1.99,19.8,9.54,Dourados,MS,Centro-Oeste,-22.22,-54.82
2023,33,26.6,0.77,0.86,30.46,85.09,1.55,20.99,10.11,Dourados,MS,Centro-Oeste,-22.22,-54.82
2023,34,13.98,0.79,0.86,29.0,88.39,2.3,6.32,3.35,Dourados,MS,Centro-Oeste,-22.22,-54.82
2023,35,1.37,0.79,0.81,27.35,80.91,1.01,17.03,8.09,Dourados,MS,Centro-Oeste,-22.22,-54.82
2023,36,0.02,0.78,0.78,30.39,74.52,0.8,27.35,12.68,Dourados,MS,Centro-Oeste,-22.22,-54.82
2023,37,3.56,0.76,0.78,30.86,73.91,0.89,24.05,11.28,Dourados,MS,Centro-Oeste,-22.22,-54.82
2023,38,5.54,0.76,0.8,29.67,78.47,0.99,22.6,10.66,Dourados,MS,Centro-Oeste,-22.22,-54.82
2023,39,0.39,0.76,0.77,30.21,77.64,0.57,26.63,12.44,Dourados,MS,Centro-Oeste,-22.22,-54.82
2023,40,1.92,0.75,0.77,30.53,80.75,0.85,21.98,10.44,Dourados,MS,Centro-Oeste,-22.22,-54.82
2023,41,15.84,0.76,0.84,26.55,90.35,0.91,18.25,8.7,Dourados,MS,Centro-Oeste,-22.22,-54.82
2023,42,5.13,0.78,0.81,29.7,87.03,0.97,18.83,9.04,Dourados,MS,Centro-Oeste,-22.22,-54.82
2023,43,4.57,0.77,0.79,30.67,83.89,1.41,20.17,9.67,Dourados,MS,Centro-Oeste,-22.22,-54.82
2023,44,4.22,0.77,0.8,28.96,86.27,1.8,16.12,7.91,Dourados,MS,Centro-Oeste,-22.22,-54.82
2023,45,1.78,0.76,0.78,30.91,83.36,2.13,22.39,10.68,Dourados,MS,Centro-Oeste,-22.22,-54.82
2023,46,3.01,0.76,0.77,30.39,82.96,2.38,14.43,7.03,Dourados,MS,Centro-Oeste,-22.22,-54.82
2023,47,9.81,0.75,0.8,29.13,88.47,2.44,15.66,7.69,Dourados,MS,Centro-Oeste,-22.22,-54.82
2023,48,44.09,0.79,0.88,25.77,90.14,2.5,17.61,8.45,Dourados,MS,Centro-Oeste,-22.22,-54.82
2023,49,0.03,0.78,0.79,25.96,71.31,3.11,29.0,13.11,Dourados,MS,Centro-Oeste,-22.22,-54.82
2023,50,2.17,0.77,0.78,28.61,80.43,1.95,10.96,5.42,Dourados,MS,Centro-Oeste,-22.22,-54.82
2023,51,19.46,0.79,0.87,26.36,90.35,1.63,9.69,4.93,Dourados,MS,Centro-Oeste,-22.22,-54.82
2023,52,3.37,0.79,0.82,28.08,87.77,1.76,12.66,6.26,Dourados,MS,Centro-Oeste,-22.22,-54.82
2023,53,1.14,0.78,0.8,29.74,84.0,1.47,18.35,8.79,Dourados,MS,Centro-Oeste,-22.22,-54.82
2023,54,6.86,0.78,0.81,29.67,85.84,1.66,15.37,7.42,Dourados,MS,Centro-Oeste,-22.22,-54.82
2023,55,18.14,0.8,0.88,28.71,91.1,1.81,4.61,2.48,Dourados,MS,Centro-Oeste,-22.22,-54.82
2023,56,19.58,0.81,0.88,30.04,86.8,1.5,20.44,9.76,Dourados,MS,Centro-Oeste,-22.22,-54.82
2023,57,5.31,0.82,0.86,29.64,85.0,0.9,13.19,6.46,Dourados,MS,Centro-Oeste,-22.22,-54.82
2023,58,0.85,0.82,0.83,28.51,87.08,1.3,16.76,8.1,Dourados,MS,Centro-Oeste,-22.22,-54.82
2023,59,4.54,0.81,0.83,30.13,84.62,1.15,22.96,10.89,Dourados,MS,Centro-Oeste,-22.22,-54.82
2023,60,9.71,0.81,0.85,29.47,82.78,1.88,15.26,7.39,Dourados,MS,Centro-Oeste,-22.22,-54.82
2023,61,16.05,0.82,0.89,28.65,87.93,1.5,10.38,5.2,Dourados,MS,Centro-Oeste,-22.22,-54.82
2023,62,4.46,0.83,0.85,29.59,85.66,1.93,14.2,6.95,Dourados,MS,Centro-Oeste,-22.22,-54.82
2023,63,0.8,0.82,0.83,31.05,82.38,1.5,23.69,11.17,Dourados,MS,Centro-Oeste,-22.22,-54.82
2023,64,1.4,0.81,0.82,30.75,83.93,1.28,23.92,11.26,Dourados,MS,Centro-Oeste,-22.22,-54.82
2023,65,0.21,0.8,0.8,31.76,82.69,1.29,26.51,12.31,Dourados,MS,Centro-Oeste,-22.22,-54.82
2023,66,2.08,0.79,0.8,31.91,83.07,1.3,22.61,10.67,Dourados,MS,Centro-Oeste,-22.22,-54.82
2023,67,2.15,0.79,0.81,29.34,85.32,1.04,16.08,7.74,Dourados,MS,Centro-Oeste,-22.22,-54.82
2023,68,3.12,0.79,0.8,30.14,82.37,0.96,15.1,7.33,Dourados,MS,Centro-Oeste,-22.22,-54.82
2023,69,3.37,0.78,0.8,29.51,84.33,1.03,20.53,9.78,Dourados,MS,Centro-Oeste,-22.22,-54.82
2023,70,3.94,0.78,0.81,28.19,86.06,0.78,21.37,10.08,Dourados,MS,Centro-Oeste,-22.22,-54.82
2023,71,30.22,0.79,0.88,28.61,84.87,0.78,17.46,8.39,Dourados,MS,Centro-Oeste,-22.22,-54.82
2023,72,8.32,0.83,0.87,26.83,90.37,1.2,13.78,6.69,Dourados,MS,Centro-Oeste,-22.22,-54.82
2023,73,5.09,0.83,0.85,26.29,93.65,1.84,10.54,5.25,Dourados,MS,Centro-Oeste,-22.22,-54.82
2023,74,4.64,0.83,0.86,25.33,94.53,1.08,17.69,8.47,Dourados,MS,Centro-Oeste,-22.22,-54.82
2023,75,6.33,0.83,0.86,26.05,93.61,1.32,16.27,7.85,Dourados,MS,Centro-Oeste,-22.22,-54.82
2023,76,9.85,0.84,0.88,26.07,91.54,1.47,19.09,9.11,Dourados,MS,Centro-Oeste,-22.22,-54.82
2023,77,1.08,0.84,0.84,26.62,88.34,1.78,18.27,8.65,Dourados,MS,Centro-Oeste,-22.22,-54.82
2023,78,1.46,0.83,0.84,28.09,83.8,1.24,19.66,9.19,Dourados,MS,Centro-Oeste,-22.22,-54.82
2023,79,0.4,0.83,0.83,28.42,85.08,1.43,23.5,10.96,Dourados,MS,Centro-Oeste,-22.22,-54.82
2023,80,0.05,0.81,0.82,30.4,80.49,1.62,24.33,11.34,Dourados,MS,Centro-Oeste,-22.22,-54.82
2023,81,0.49,0.8,0.81,30.88,81.49,1.41,23.15,10.86,Dourados,MS,Centro-Oeste,-22.22,-54.82
2023,82,1.13,0.79,0.8,30.76,77.54,1.14,22.2,10.45,Dourados,MS,Centro-Oeste,-22.22,-54.82
2023,83,0.25,0.79,0.8,29.31,81.67,0.73,19.86,9.43,Dourados,MS,Centro-Oeste,-22.22,-54.82
2023,84,0.15,0.79,0.79,30.24,82.15,1.06,19.75,9.36,Dourados,MS,Centro-Oeste,-22.22,-54.82
2023,85,3.09,0.78,0.8,30.19,84.35,1.16,18.46,8.72,Dourados,MS,Centro-Oeste,-22.22,-54.82
2023,86,0.27,0.78,0.79,30.57,80.84,1.04,22.04,10.3,Dourados,MS,Centro-Oeste,-22.22,-54.82
2023,87,0.04,0.77,0.78,30.01,82.73,1.16,21.89,10.35,Dourados,MS,Centro-Oeste,-22.22,-54.82
2023,88,0.65,0.77,0.77,31.49,79.25,1.22,21.7,10.17,Dourados,MS,Centro-Oeste,-22.22,-54.82
2023,89,0.28,0.76,0.77,30.72,80.8,0.63,19.08,8.99,Dourados,MS,Centro-Oeste,-22.22,-54.82
2023,90,2.03,0.76,0.77,31.11,81.73,1.12,20.84,9.79,Dourados,MS,Centro-Oeste,-22.22,-54.82
2023,91,0.09,0.75,0.75,30.84,82.32,1.6,23.23,10.83,Dourados,MS,Centro-Oeste,-22.22,-54.82
2023,92,0.0,0.74,0.74,31.65,76.86,1.23,22.82,10.55,Dourados,MS,Centro-Oeste,-22.22,-54.82
2023,93,0.02,0.73,0.73,31.08,74.11,1.12,21.82,10.18,Dourados,MS,Centro-Oeste,-22.22,-54.82
2023,94,3.29,0.73,0.74,30.77,75.59,1.33,21.16,9.95,Dourados,MS,Centro-Oeste,-22.22,-54.82
2023,95,5.41,0.73,0.76,29.81,79.36,1.24,10.36,5.1,Dourados,MS,Centro-Oeste,-22.22,-54.82
2023,96,21.46,0.76,0.85,26.59,89.8,0.91,11.46,5.58,Dourados,MS,Centro-Oeste,-22.22,-54.82
2023,97,1.46,0.77,0.79,26.68,88.05,0.88,12.58,6.07,Dourados,MS,Centro-Oeste,-22.22,-54.82
2023,98,1.22,0.77,0.78,28.08,86.14,0.6,17.14,8.08,Dourados,MS,Centro-Oeste,-22.22,-54.82
2023,99,0.13,0.76,0.77,28.86,82.31,0.85,18.2,8.54,Dourados,MS,Centro-Oeste,-22.22,-54.82
2023,100,0.0,0.75,0.75,29.51,80.88,1.21,20.25,9.36,Dourados,MS,Centro-Oeste,-22.22,-54.82
2023,101,0.0,0.74,0.74,30.0,75.06,1.14,21.15,9.72,Dourados,MS,Centro-Oeste,-22.22,-54.82
2023,102,1.74,0.73,0.74,30.04,77.79,0.77,17.72,8.33,Dourados,MS,Centro-Oeste,-22.22,-54.82
2023,103,8.97,0.73,0.77,29.93,84.83,1.17,17.77,8.38,Dourados,MS,Centro-Oeste,-22.22,-54.82
2023,104,0.46,0.74,0.76,29.05,84.41,1.25,17.15,8.1,Dourados,MS,Centro-Oeste,-22.22,-54.82
2023,105,0.01,0.73,0.74,29.51,82.14,0.93,12.93,6.21,Dourados,MS,Centro-Oeste,-22.22,-54.82
2023,106,2.27,0.73,0.74,30.49,83.15,1.85,18.15,8.52,Dourados,MS,Centro-Oeste,-22.22,-54.82
2023,107,14.53,0.74,0.8,28.96,87.68,1.89,7.04,3.58,Dourados,MS,Centro-Oeste,-22.22,-54.82
2023,108,17.39,0.76,0.82,28.65,88.88,2.82,6.33,3.22,Dourados,MS,Centro-Oeste,-22.22,-54.82
2023,109,0.14,0.77,0.78,25.19,78.08,1.42,21.69,9.66,Dourados,MS,Centro-Oeste,-22.22,-54.82
2023,110,0.0,0.76,0.76,24.8,77.19,1.32,21.63,9.71,Dourados,MS,Centro-Oeste,-22.22,-54.82
2023,111,0.0,0.75,0.75,25.39,79.73,1.58,21.29,9.54,Dourados,MS,Centro-Oeste,-22.22,-54.82
2023,112,0.0,0.74,0.74,26.64,77.64,1.15,21.43,9.6,Dourados,MS,Centro-Oeste,-22.22,-54.82
2023,113,0.34,0.73,0.73,28.85,82.04,1.34,18.56,8.56,Dourados,MS,Centro-Oeste,-22.22,-54.82
2023,114,6.52,0.73,0.75,28.38,86.75,2.06,13.41,6.42,Dourados,MS,Centro-Oeste,-22.22,-54.82
2023,115,17.08,0.75,0.83,28.01,88.78,1.79,16.02,7.59,Dourados,MS,Centro-Oeste,-22.22,-54.82
2023,116,21.55,0.79,0.88,27.03,90.9,1.76,11.71,5.6,Dourados,MS,Centro-Oeste,-22.22,-54.82
2023,117,1.05,0.78,0.8,26.57,86.76,1.28,14.55,6.78,Dourados,MS,Centro-Oeste,-22.22,-54.82
2023,118,0.02,0.77,0.78,26.17,81.49,0.84,18.74,8.5,Dourados,MS,Centro-Oeste,-22.22,-54.82
2023,119,0.02,0.76,0.77,28.27,83.02,0.91,19.1,8.71,Dourados,MS,Centro-Oeste,-22.22,-54.82
2023,120,0.0,0.76,0.76,29.07,83.2,1.34,19.69,9.03,Dourados,MS,Centro-Oeste,-22.22,-54.82
2023,121,9.08,0.76,0.8,29.38,82.19,1.28,16.48,7.69,Dourados,MS,Centro-Oeste,-22.22,-54.82
2023,122,33.11,0.79,0.9,26.55,90.18,1.18,15.47,7.3,Dourados,MS,Centro-Oeste,-22.22,-54.82
2023,123,6.67,0.81,0.85,28.71,87.69,0.82,7.31,3.65,Dourados,MS,Centro-Oeste,-22.22,-54.82
2023,124,3.76,0.8,0.83,27.49,88.38,0.92,14.59,6.95,Dourados,MS,Centro-Oeste,-22.22,-54.82
2023,125,0.02,0.8,0.81,29.19,80.17,1.23,17.05,7.97,Dourados,MS,Centro-Oeste,-22.22,-54.82
2023,126,0.02,0.79,0.8,28.87,79.13,1.05,14.2,6.67,Dourados,MS,Centro-Oeste,-22.22,-54.82
2023,127,0.02,0.78,0.79,28.24,82.71,1.12,11.83,5.62,Dourados,MS,Centro-Oeste,-22.22,-54.82
2023,128,1.43,0.78,0.79,27.1,89.47,0.91,5.8,2.91,Dourados,MS,Centro-Oeste,-22.22,-54.82
2023,129,0.57,0.78,0.79,26.27,90.55,1.2,11.47,5.45,Dourados,MS,Centro-Oeste,-22.22,-54.82
2023,130,0.03,0.77,0.78,26.22,84.91,1.61,14.27,6.65,Dourados,MS,Centro-Oeste,-22.22,-54.82
2023,131,0.0,0.77,0.78,24.27,78.28,1.48,19.01,8.34,Dourados,MS,Centro-Oeste,-22.22,-54.82
2023,132,0.04,0.76,0.77,23.78,77.53,1.38,18.34,8.16,Dourados,MS,Centro-Oeste,-22.22,-54.82
2023,133,0.0,0.76,0.76,23.65,76.57,1.0,18.46,8.15,Dourados,MS,Centro-Oeste,-22.22,-54.82
2023,134,0.04,0.75,0.76,24.93,74.25,0.98,18.47,8.15,Dourados,MS,Centro-Oeste,-22.22,-54.82
2023,135,0.02,0.75,0.75,24.73,74.53,1.22,18.58,8.13,Dourados,MS,Centro-Oeste,-22.22,-54.82
2023,136,0.2,0.74,0.75,25.1,70.3,1.19,17.91,7.92,Dourados,MS,Centro-Oeste,-22.22,-54.82
2023,137,0.07,0.74,0.74,25.51,75.83,1.59,18.25,8.04,Dourados,MS,Centro-Oeste,-22.22,-54.82
2023,138,0.08,0.73,0.73,25.48,76.24,1.15,18.04,7.95,Dourados,MS,Centro-Oeste,-22.22,-54.82
2023,139,0.08,0.73,0.73,26.49,76.81,1.29,17.42,7.72,Dourados,MS,Centro-Oeste,-22.22,-54.82
2023,140,0.04,0.72,0.72,27.1,75.79,1.45,16.9,7.53,Dourados,MS,Centro-Oeste,-22.22,-54.82
2023,141,0.03,0.72,0.72,25.18,78.69,1.54,11.14,5.14,Dourados,MS,Centro-Oeste,-22.22,-54.82
2023,142,3.0,0.72,0.74,27.78,81.23,1.41,9.56,4.41,Dourados,MS,Centro-Oeste,-22.22,-54.82
2023,143,0.04,0.72,0.71,28.77,74.82,1.54,16.55,7.55,Dourados,MS,Centro-Oeste,-22.22,-54.82
2023,144,0.01,0.71,0.71,27.47,75.23,1.74,17.01,7.65,Dourados,MS,Centro-Oeste,-22.22,-54.82
2023,145,0.06,0.71,0.7,28.92,75.94,1.82,16.54,7.55,Dourados,MS,Centro-Oeste,-22.22,-54.82
2023,146,0.06,0.71,0.69,29.65,77.19,1.97,14.78,6.83,Dourados,MS,Centro-Oeste,-22.22,-54.82
2023,147,1.53,0.7,0.7,28.76,80.48,1.33,12.91,6.04,Dourados,MS,Centro-Oeste,-22.22,-54.82
2023,148,40.22,0.73,0.83,23.59,92.43,0.77,3.83,1.94,Dourados,MS,Centro-Oeste,-22.22,-54.82
2023,149,1.68,0.74,0.75,24.21,89.56,1.74,6.62,3.14,Dourados,MS,Centro-Oeste,-22.22,-54.82
2023,150,6.22,0.74,0.79,19.67,95.53,1.42,3.44,1.74,Dourados,MS,Centro-Oeste,-22.22,-54.82
2023,151,0.2,0.75,0.76,24.45,85.53,0.85,5.51,2.69,Dourados,MS,Centro-Oeste,-22.22,-54.82
2023,152,0.04,0.74,0.74,25.28,83.19,1.11,13.41,6.1,Dourados,MS,Centro-Oeste,-22.22,-54.82
2023,153,0.05,0.73,0.73,25.23,82.86,1.56,15.96,7.16,Dourados,MS,Centro-Oeste,-22.22,-54.82
2023,154,0.01,0.73,0.73,26.03,80.94,1.3,16.53,7.37,Dourados,MS,Centro-Oeste,-22.22,-54.82
2023,155,0.09,0.72,0.72,26.98,77.4,0.9,16.49,7.32,Dourados,MS,Centro-Oeste,-22.22,-54.82
2023,156,0.07,0.72,0.71,26.84,74.42,1.09,15.79,7.07,Dourados,MS,Centro-Oeste,-22.22,-54.82
2023,157,0.03,0.72,0.71,25.48,77.63,1.45,15.98,7.2,Dourados,MS,Centro-Oeste,-22.22,-54.82
2023,158,0.08,0.71,0.7,26.85,70.57,1.21,16.08,7.2,Dourados,MS,Centro-Oeste,-22.22,-54.82
2023,159,0.05,0.71,0.7,27.41,74.96,1.41,16.08,7.16,Dourados,MS,Centro-Oeste,-22.22,-54.82
2023,160,0.0,0.7,0.69,27.97,76.12,1.54,16.19,7.19,Dourados,MS,Centro-Oeste,-22.22,-54.82
2023,161,0.05,0.7,0.69,29.76,74.34,1.72,13.8,6.33,Dourados,MS,Centro-Oeste,-22.22,-54.82
2023,162,0.11,0.7,0.68,29.87,75.09,2.22,13.42,6.17,Dourados,MS,Centro-Oeste,-22.22,-54.82
2023,163,8.7,0.7,0.74,19.22,88.75,1.95,2.64,1.4,Dourados,MS,Centro-Oeste,-22.22,-54.82
2023,164,22.39,0.73,0.84,12.81,89.86,1.97,3.37,1.72,Dourados,MS,Centro-Oeste,-22.22,-54.82
2023,165,19.08,0.76,0.86,13.35,90.37,1.49,3.34,1.71,Dourados,MS,Centro-Oeste,-22.22,-54.82
2023,166,0.24,0.77,0.79,17.45,85.58,1.36,8.1,3.66,Dourados,MS,Centro-Oeste,-22.22,-54.82
2023,167,0.04,0.76,0.77,18.46,83.1,0.82,9.24,4.24,Dourados,MS,Centro-Oeste,-22.22,-54.82
2023,168,0.09,0.76,0.77,18.98,84.92,1.28,9.83,4.45,Dourados,MS,Centro-Oeste,-22.22,-54.82
2023,169,0.04,0.75,0.76,20.24,83.19,1.17,16.03,7.07,Dourados,MS,Centro-Oeste,-22.22,-54.82
2023,170,0.07,0.75,0.75,22.74,84.33,1.75,16.21,7.08,Dourados,MS,Centro-Oeste,-22.22,-54.82
2023,171,0.01,0.74,0.75,24.76,81.13,1.22,15.68,7.05,Dourados,MS,Centro-Oeste,-22.22,-54.82
2023,172,0.04,0.74,0.74,25.25,84.65,1.41,7.07,3.38,Dourados,MS,Centro-Oeste,-22.22,-54.82
2023,173,0.11,0.73,0.74,27.83,79.28,1.87,11.1,5.21,Dourados,MS,Centro-Oeste,-22.22,-54.82
2023,174,0.08,0.73,0.73,27.83,80.36,1.69,11.66,5.43,Dourados,MS,Centro-Oeste,-22.22,-54.82
2023,175,0.0,0.72,0.72,28.1,81.46,1.74,15.49,7.01,Dourados,MS,Centro-Oeste,-22.22,-54.82
2023,176,0.1,0.72,0.72,28.29,77.66,1.19,15.52,6.97,Dourados,MS,Centro-Oeste,-22.22,-54.82
2023,177,0.0,0.72,0.71,27.28,78.78,1.67,15.86,7.09,Dourados,MS,Centro-Oeste,-22.22,-54.82
2023,178,0.01,0.71,0.71,27.22,76.13,1.7,16.11,7.13,Dourados,MS,Centro-Oeste,-22.22,-54.82
2023,179,0.01,0.71,0.7,28.52,75.58,1.07,15.51,6.98,Dourados,MS,Centro-Oeste,-22.22,-54.82
2023,180,0.03,0.71,0.7,27.37,74.77,1.25,15.43,6.95,Dourados,MS,Centro-Oeste,-22.22,-54.82
2023,181,0.01,0.7,0.69,26.82,76.53,1.38,15.74,7.09,Dourados,MS,Centro-Oeste,-22.22,-54.82
2023,182,0.06,0.7,0.69,26.89,72.94,1.14,15.6,7.0,Dourados,MS,Centro-Oeste,-22.22,-54.82
2023,183,0.17,0.7,0.68,26.9,74.57,1.5,15.93,7.08,Dourados,MS,Centro-Oeste,-22.22,-54.82
2023,184,0.0,0.69,0.68,27.04,72.98,1.79,15.68,6.95,Dourados,MS,Centro-Oeste,-22.22,-54.82
2023,185,0.0,0.69,0.67,26.48,72.13,2.04,16.15,7.17,Dourados,MS,Centro-Oeste,-22.22,-54.82
2023,186,0.03,0.69,0.67,28.3,74.26,1.67,15.92,7.11,Dourados,MS,Centro-Oeste,-22.22,-54.82
2023,187,0.0,0.68,0.67,29.48,68.14,1.89,13.24,6.05,Dourados,MS,Centro-Oeste,-22.22,-54.82
2023,188,0.0,0.68,0.66,28.87,70.07,1.99,8.97,4.2,Dourados,MS,Centro-Oeste,-22.22,-54.82
2023,189,0.02,0.68,0.66,27.99,67.91,2.11,12.2,5.66,Dourados,MS,Centro-Oeste,-22.22,-54.82
2023,190,0.06,0.68,0.66,30.16,72.18,1.36,10.63,4.85,Dourados,MS,Centro-Oeste,-22.22,-54.82
2023,191,0.09,0.67,0.65,29.97,69.34,1.88,10.56,4.85,Dourados,MS,Centro-Oeste,-22.22,-54.82
2023,192,0.01,0.67,0.65,31.78,66.77,1.76,13.53,6.2,Dourados,MS,Centro-Oeste,-22.22,-54.82
2023,193,4.38,0.67,0.65,30.75,63.62,3.04,13.11,6.07,Dourados,MS,Centro-Oeste,-22.22,-54.82
2023,194,1.18,0.67,0.68,20.33,74.6,2.98,9.09,4.12,Dourados,MS,Centro-Oeste,-22.22,-54.82
2023,195,1.26,0.67,0.67,19.15,75.26,1.61,17.25,7.45,Dourados,MS,Centro-Oeste,-22.22,-54.82
2023,196,0.0,0.67,0.66,22.19,68.09,1.24,13.45,5.99,Dourados,MS,Centro-Oeste,-22.22,-54.82
2023,197,0.0,0.67,0.65,26.99,69.05,1.01,9.08,4.19,Dourados,MS,Centro-Oeste,-22.22,-54.82
2023,198,0.28,0.67,0.65,25.47,77.62,1.49,6.16,2.94,Dourados,MS,Centro-Oeste,-22.22,-54.82
2023,199,0.24,0.67,0.66,19.0,84.21,1.71,7.02,3.38,Dourados,MS,Centro-Oeste,-22.22,-54.82
2023,200,0.02,0.67,0.65,26.02,77.75,1.43,11.73,5.43,Dourados,MS,Centro-Oeste,-22.22,-54.82
2023,201,0.0,0.66,0.65,30.0,76.13,2.36,15.13,6.9,Dourados,MS,Centro-Oeste,-22.22,-54.82
2023,202,0.0,0.66,0.64,31.11,66.97,2.91,16.27,7.4,Dourados,MS,Centro-Oeste,-22.22,-54.82
2023,203,0.0,0.66,0.63,30.35,64.27,3.1,16.42,7.41,Dourados,MS,Centro-Oeste,-22.22,-54.82
2023,204,0.0,0.65,0.63,31.01,66.38,1.71,15.27,6.88,Dourados,MS,Centro-Oeste,-22.22,-54.82
2023,205,0.0,0.65,0.63,30.88,64.36,1.7,13.7,6.26,Dourados,MS,Centro-Oeste,-22.22,-54.82
2023,206,0.0,0.65,0.63,31.05,61.0,1.64,16.31,7.36,Dourados,MS,Centro-Oeste,-22.22,-54.82
2023,207,0.11,0.64,0.62,32.53,61.19,1.38,12.28,5.69,Dourados,MS,Centro-Oeste,-22.22,-54.82
2023,208,0.59,0.64,0.63,31.16,73.14,1.56,10.75,5.05,Dourados,MS,Centro-Oeste,-22.22,-54.82
2023,209,4.19,0.64,0.66,30.92,77.43,1.28,8.08,3.85,Dourados,MS,Centro-Oeste,-22.22,-54.82
2023,210,1.4,0.65,0.65,28.24,79.67,1.02,7.07,3.4,Dourados,MS,Centro-Oeste,-22.22,-54.82
2023,211,0.0,0.65,0.63,30.3,72.72,1.43,17.29,7.84,Dourados,MS,Centro-Oeste,-22.22,-54.82
2023,212,0.0,0.64,0.63,31.02,68.2,0.96,17.68,7.97,Dourados,MS,Centro-Oeste,-22.22,-54.82
2023,213,0.01,0.64,0.62,31.81,64.37,1.41,17.79,7.94,Dourados,MS,Centro-Oeste,-22.22,-54.82
2023,214,0.03,0.64,0.61,32.93,59.17,1.4,18.26,8.12,Dourados,MS,Centro-Oeste,-22.22,-54.82
2023,215,0.0,0.63,0.6,33.0,57.63,0.96,18.17,8.09,Dourados,MS,Centro-Oeste,-22.22,-54.82
2023,216,0.0,0.63,0.59,33.03,58.18,0.99,18.53,8.24,Dourados,MS,Centro-Oeste,-22.22,-54.82
2023,217,0.0,0.63,0.58,33.13,57.4,1.44,18.43,8.25,Dourados,MS,Centro-Oeste,-22.22,-54.82
2023,218,0.0,0.63,0.56,34.96,52.58,2.16,18.25,8.19,Dourados,MS,Centro-Oeste,-22.22,-54.82
2023,219,1.66,0.62,0.56,35.79,53.62,1.65,13.93,6.41,Dourados,MS,Centro-Oeste,-22.22,-54.82
2023,220,0.83,0.63,0.57,34.43,64.78,1.82,11.84,5.52,Dourados,MS,Centro-Oeste,-22.22,-54.82
2023,221,0.29,0.62,0.55,33.35,61.81,1.84,15.37,7.07,Dourados,MS,Centro-Oeste,-22.22,-54.82
2023,222,0.0,0.62,0.53,36.38,51.68,2.04,16.87,7.71,Dourados,MS,Centro-Oeste,-22.22,-54.82
2023,223,0.0,0.62,0.51,36.77,45.34,2.47,16.33,7.43,Dourados,MS,Centro-Oeste,-22.22,-54.82
2023,224,10.92,0.62,0.54,35.16,57.66,2.47,9.26,4.27,Dourados,MS,Centro-Oeste,-22.22,-54.82
2023,225,0.69,0.64,0.67,23.25,70.43,2.6,11.96,5.49,Dourados,MS,Centro-Oeste,-22.22,-54.82
2023,226,0.02,0.64,0.62,27.79,69.28,1.09,8.36,3.87,Dourados,MS,Centro-Oeste,-22.22,-54.82
2023,227,0.0,0.63,0.62,29.94,70.6,1.6,13.41,6.1,Dourados,MS,Centro-Oeste,-22.22,-54.82
2023,228,0.07,0.63,0.6,33.57,60.29,2.3,17.04,7.8,Dourados,MS,Centro-Oeste,-22.22,-54.82
2023,229,0.0,0.63,0.58,34.28,55.22,2.21,19.1,8.67,Dourados,MS,Centro-Oeste,-22.22,-54.82
2023,230,14.31,0.63,0.6,34.62,56.54,3.04,16.83,7.71,Dourados,MS,Centro-Oeste,-22.22,-54.82
2023,231,11.87,0.67,0.76,21.47,83.09,1.68,10.46,4.93,Dourados,MS,Centro-Oeste,-22.22,-54.82
2023,232,6.09,0.67,0.69,28.86,80.05,1.39,14.12,6.39,Dourados,MS,Centro-Oeste,-22.22,-54.82
2023,233,0.79,0.67,0.67,31.87,75.67,1.46,16.84,7.61,Dourados,MS,Centro-Oeste,-22.22,-54.82
2023,234,0.02,0.67,0.64,34.56,65.36,2.92,18.4,8.25,Dourados,MS,Centro-Oeste,-22.22,-54.82
2023,235,0.02,0.66,0.63,35.98,55.22,3.32,16.48,7.37,Dourados,MS,Centro-Oeste,-22.22,-54.82
2023,236,0.0,0.65,0.62,35.14,53.26,3.08,15.67,6.86,Dourados,MS,Centro-Oeste,-22.22,-54.82
2023,237,0.54,0.65,0.62,32.68,66.07,2.53,12.95,5.86,Dourados,MS,Centro-Oeste,-22.22,-54.82
2023,238,0.03,0.64,0.62,27.78,63.64,2.53,10.43,4.7,Dourados,MS,Centro-Oeste,-22.22,-54.82
2023,239,0.31,0.64,0.62,26.21,64.83,1.76,11.7,5.34,Dourados,MS,Centro-Oeste,-22.22,-54.82
2023,240,0.03,0.64,0.62,28.02,68.44,1.85,19.41,8.71,Dourados,MS,Centro-Oeste,-22.22,-54.82
2023,241,0.07,0.64,0.61,29.57,69.47,1.49,11.69,5.44,Dourados,MS,Centro-Oeste,-22.22,-54.82
2023,242,0.2,0.63,0.61,32.22,68.94,1.54,16.24,7.34,Dourados,MS,Centro-Oeste,-22.22,-54.82
2023,243,10.33,0.64,0.69,32.59,76.58,1.48,8.47,4.09,Dourados,MS,Centro-Oeste,-22.22,-54.82
2023,244,0.42,0.65,0.63,35.46,67.4,2.67,17.01,7.89,Dourados,MS,Centro-Oeste,-22.22,-54.82
2023,245,0.49,0.64,0.61,36.45,61.45,3.28,14.68,6.83,Dourados,MS,Centro-Oeste,-22.22,-54.82
2023,246,0.13,0.64,0.6,36.57,58.96,3.49,17.96,8.35,Dourados,MS,Centro-Oeste,-22.22,-54.82
2023,247,6.09,0.63,0.65,36.57,60.39,4.35,11.3,5.33,Dourados,MS,Centro-Oeste,-22.22,-54.82
2023,248,0.04,0.64,0.62,29.09,66.95,2.2,14.65,6.73,Dourados,MS,Centro-Oeste,-22.22,-54.82
2023,249,4.01,0.64,0.64,32.41,66.63,2.23,16.58,7.68,Dourados,MS,Centro-Oeste,-22.22,-54.82
2023,250,3.9,0.65,0.66,31.55,70.47,2.89,17.32,8.13,Dourados,MS,Centro-Oeste,-22.22,-54.82
2023,251,25.8,0.66,0.75,32.71,74.59,1.79,4.32,2.21,Dourados,MS,Centro-Oeste,-22.22,-54.82
2023,252,11.45,0.7,0.77,30.92,79.66,1.67,5.73,2.91,Dourados,MS,Centro-Oeste,-22.22,-54.82
2023,253,0.16,0.69,0.68,33.13,71.71,1.85,21.66,9.85,Dourados,MS,Centro-Oeste,-22.22,-54.82
2023,254,0.0,0.68,0.66,34.81,63.1,2.23,23.21,10.53,Dourados,MS,Centro-Oeste,-22.22,-54.82
2023,255,1.02,0.68,0.66,33.7,64.19,2.52,13.96,6.58,Dourados,MS,Centro-Oeste,-22.22,-54.82
2023,256,5.61,0.67,0.69,28.88,75.8,2.84,7.55,3.59,Dourados,MS,Centro-Oeste,-22.22,-54.82
2023,257,0.05,0.68,0.67,25.43,64.22,2.24,22.11,9.63,Dourados,MS,Centro-Oeste,-22.22,-54.82
2023,258,0.0,0.67,0.65,28.62,58.46,1.12,24.94,10.93,Dourados,MS,Centro-Oeste,-22.22,-54.82
2023,259,0.0,0.67,0.64,34.15,63.81,1.97,23.71,10.69,Dourados,MS,Centro-Oeste,-22.22,-54.82
2023,260,0.0,0.66,0.62,37.4,58.8,2.68,22.48,10.22,Dourados,MS,Centro-Oeste,-22.22,-54.82
2023,261,2.11,0.65,0.63,34.72,64.76,2.1,17.45,8.09,Dourados,MS,Centro-Oeste,-22.22,-54.82
2023,262,0.89,0.65,0.63,36.44,60.07,1.76,20.01,9.17,Dourados,MS,Centro-Oeste,-22.22,-54.82
2023,263,0.56,0.65,0.62,37.32,58.25,1.05,21.64,10.0,Dourados,MS,Centro-Oeste,-22.22,-54.82
2023,264,0.05,0.64,0.61,38.64,58.98,1.63,22.55,10.46,Dourados,MS,Centro-Oeste,-22.22,-54.82
2023,265,0.27,0.64,0.6,39.79,54.85,1.35,22.89,10.54,Dourados,MS,Centro-Oeste,-22.22,-54.82
2023,266,1.04,0.64,0.6,40.45,54.47,1.56,22.62,10.46,Dourados,MS,Centro-Oeste,-22.22,-54.82
2023,267,0.05,0.63,0.59,40.76,51.31,1.69,20.12,9.34,Dourados,MS,Centro-Oeste,-22.22,-54.82
2023,268,0.06,0.63,0.58,40.47,50.53,2.26,22.18,10.17,Dourados,MS,Centro-Oeste,-22.22,-54.82
2023,269,0.0,0.62,0.56,41.31,43.43,3.16,22.05,9.91,Dourados,MS,Centro-Oeste,-22.22,-54.82
2023,270,0.0,0.62,0.55,35.43,55.32,3.1,11.7,5.56,Dourados,MS,Centro-Oeste,-22.22,-54.82
2023,271,0.0,0.61,0.54,35.17,60.13,1.65,22.98,10.39,Dourados,MS,Centro-Oeste,-22.22,-54.82
2023,272,0.03,0.61,0.52,37.09,57.88,1.59,20.84,9.52,Dourados,MS,Centro-Oeste,-22.22,-54.82
2023,273,1.16,0.61,0.5,36.84,58.26,1.61,16.29,7.52,Dourados,MS,Centro-Oeste,-22.22,-54.82
2023,274,0.0,0.61,0.49,35.67,56.17,1.68,12.51,5.8,Dourados,MS,Centro-Oeste,-22.22,-54.82
2023,275,0.0,0.61,0.47,38.32,53.53,1.47,19.32,8.81,Dourados,MS,Centro-Oeste,-22.22,-54.82
2023,276,0.0,0.61,0.44,40.96,45.08,2.93,21.94,10.11,Dourados,MS,Centro-Oeste,-22.22,-54.82
2023,277,0.05,0.6,0.41,41.05,44.74,4.51,18.22,8.41,Dourados,MS,Centro-Oeste,-22.22,-54.82
2023,278,0.4,0.6,0.41,35.73,58.8,2.38,15.33,7.06,Dourados,MS,Centro-Oeste,-22.22,-54.82
2023,279,0.0,0.6,0.4,41.01,45.63,2.78,20.79,9.38,Dourados,MS,Centro-Oeste,-22.22,-54.82
2023,280,13.16,0.61,0.48,41.84,49.74,3.31,17.78,8.0,Dourados,MS,Centro-Oeste,-22.22,-54.82
2023,281,58.99,0.69,0.91,24.43,86.51,2.39,2.37,1.29,Dourados,MS,Centro-Oeste,-22.22,-54.82
2023,282,0.09,0.72,0.73,29.64,72.68,1.66,25.69,11.48,Dourados,MS,Centro-Oeste,-22.22,-54.82
2023,283,0.02,0.7,0.69,34.3,69.22,1.51,25.52,11.72,Dourados,MS,Centro-Oeste,-22.22,-54.82
2023,284,0.0,0.69,0.66,37.46,67.15,2.56,24.07,11.19,Dourados,MS,Centro-Oeste,-22.22,-54.82
2023,285,0.04,0.68,0.64,33.62,64.23,3.45,15.25,6.98,Dourados,MS,Centro-Oeste,-22.22,-54.82
2023,286,0.02,0.67,0.64,30.9,66.65,2.38,21.64,10.03,Dourados,MS,Centro-Oeste,-22.22,-54.82
2023,287,0.0,0.66,0.63,34.46,65.86,1.57,21.46,9.97,Dourados,MS,Centro-Oeste,-22.22,-54.82
2023,288,0.04,0.66,0.62,37.23,65.13,1.83,26.13,12.1,Dourados,MS,Centro-Oeste,-22.22,-54.82
2023,289,3.14,0.65,0.63,38.71,62.25,2.57,24.45,11.45,Dourados,MS,Centro-Oeste,-22.22,-54.82
2023,290,3.14,0.65,0.63,39.53,59.31,2.3,21.25,9.91,Dourados,MS,Centro-Oeste,-22.22,-54.82
2023,291,1.04,0.65,0.61,39.8,59.17,1.54,23.17,10.7,Dourados,MS,Centro-Oeste,-22.22,-54.82
2023,292,15.99,0.66,0.72,36.91,68.84,1.9,24.15,11.3,Dourados,MS,Centro-Oeste,-22.22,-54.82
2023,293,4.43,0.67,0.69,32.74,74.95,1.66,19.52,9.16,Dourados,MS,Centro-Oeste,-22.22,-54.82
2023,294,0.02,0.67,0.65,36.76,65.75,1.86,26.34,12.12,Dourados,MS,Centro-Oeste,-22.22,-54.82
2023,295,0.0,0.66,0.62,38.58,57.67,2.12,27.41,12.47,Dourados,MS,Centro-Oeste,-22.22,-54.82
2023,296,0.81,0.65,0.61,40.75,54.04,1.56,24.57,11.27,Dourados,MS,Centro-Oeste,-22.22,-54.82
2023,297,23.71,0.67,0.75,32.63,71.75,1.69,2.26,1.2,Dourados,MS,Centro-Oeste,-22.22,-54.82
2023,298,3.72,0.69,0.71,32.59,76.72,1.12,12.28,5.69,Dourados,MS,Centro-Oeste,-22.22,-54.82
2023,299,17.59,0.7,0.77,33.13,78.67,1.98,16.63,7.63,Dourados,MS,Centro-Oeste,-22.22,-54.82
2023,300,4.8,0.71,0.73,35.79,70.64,2.08,14.9,6.92,Dourados,MS,Centro-Oeste,-22.22,-54.82
2023,301,1.01,0.7,0.68,33.89,65.07,3.04,19.64,9.23,Dourados,MS,Centro-Oeste,-22.22,-54.82
2023,302,0.34,0.68,0.66,35.84,61.12,3.27,9.91,4.84,Dourados,MS,Centro-Oeste,-22.22,-54.82
2023,303,12.37,0.69,0.72,35.44,62.91,2.55,15.91,7.52,Dourados,MS,Centro-Oeste,-22.22,-54.82
2023,304,21.46,0.71,0.77,32.88,75.68,2.03,15.56,7.43,Dourados,MS,Centro-Oeste,-22.22,-54.82
2023,305,8.12,0.71,0.76,31.75,80.79,1.73,10.82,5.34,Dourados,MS,Centro-Oeste,-22.22,-54.82
2023,306,0.95,0.71,0.7,35.24,68.96,1.95,21.22,9.84,Dourados,MS,Centro-Oeste,-22.22,-54.82
2023,307,0.68,0.7,0.69,30.17,66.62,3.76,12.29,5.95,Dourados,MS,Centro-Oeste,-22.22,-54.82
2023,308,0.0,0.69,0.67,27.05,64.19,1.98,30.64,13.45,Dourados,MS,Centro-Oeste,-22.22,-54.82
2023,309,0.0,0.68,0.66,32.48,58.78,1.29,31.12,13.75,Dourados,MS,Centro-Oeste,-22.22,-54.82
2023,310,0.0,0.67,0.64,36.03,55.69,1.33,29.93,13.59,Dourados,MS,Centro-Oeste,-22.22,-54.82
2023,311,0.0,0.66,0.62,38.08,51.83,1.7,29.79,13.45,Dourados,MS,Centro-Oeste,-22.22,-54.82
2023,312,2.22,0.66,0.62,39.2,60.22,2.01,24.19,11.2,Dourados,MS,Centro-Oeste,-22.22,-54.82
2023,313,3.64,0.66,0.65,36.49,64.21,1.83,11.89,5.66,Dourados,MS,Centro-Oeste,-22.22,-54.82
2023,314,1.28,0.66,0.63,37.76,61.89,2.16,24.8,11.52,Dourados,MS,Centro-Oeste,-22.22,-54.82
2023,315,0.01,0.65,0.6,40.18,51.4,2.67,27.53,12.75,Dourados,MS,Centro-Oeste,-22.22,-54.82
2023,316,0.0,0.64,0.59,41.26,46.67,2.79,26.64,12.3,Dourados,MS,Centro-Oeste,-22.22,-54.82
2023,317,3.05,0.64,0.61,39.89,50.37,2.46,17.95,8.43,Dourados,MS,Centro-Oeste,-22.22,-54.82
2023,318,1.66,0.64,0.6,39.49,48.95,2.46,18.55,8.74,Dourados,MS,Centro-Oeste,-22.22,-54.82
2023,319,0.23,0.63,0.58,40.66,48.12,2.69,23.53,10.77,Dourados,MS,Centro-Oeste,-22.22,-54.82
2023,320,0.0,0.62,0.56,41.99,39.43,3.0,22.05,9.98,Dourados,MS,Centro-Oeste,-22.22,-54.82
2023,321,0.0,0.62,0.53,42.49,35.07,3.71,19.73,8.76,Dourados,MS,Centro-Oeste,-22.22,-54.82
2023,322,0.14,0.61,0.51,41.32,42.02,3.21,19.62,8.67,Dourados,MS,Centro-Oeste,-22.22,-54.82
2023,323,4.31,0.61,0.56,37.35,68.48,1.89,4.61,2.24,Dourados,MS,Centro-Oeste,-22.22,-54.82
2023,324,0.52,0.62,0.6,31.79,76.41,1.53,12.12,5.35,Dourados,MS,Centro-Oeste,-22.22,-54.82
2023,325,4.86,0.62,0.62,36.51,63.24,1.79,24.48,11.41,Dourados,MS,Centro-Oeste,-22.22,-54.82
2023,326,1.12,0.62,0.59,38.21,57.18,2.28,25.22,11.67,Dourados,MS,Centro-Oeste,-22.22,-54.82
2023,327,4.08,0.62,0.59,36.73,59.27,1.91,6.37,3.28,Dourados,MS,Centro-Oeste,-22.22,-54.82
2023,328,22.57,0.65,0.77,29.67,82.95,1.01,8.28,4.29,Dourados,MS,Centro-Oeste,-22.22,-54.82
2023,329,3.49,0.67,0.69,28.25,82.73,1.61,9.94,5.08,Dourados,MS,Centro-Oeste,-22.22,-54.82
2023,330,12.15,0.68,0.73,27.88,85.45,1.44,8.02,4.14,Dourados,MS,Centro-Oeste,-22.22,-54.82
2023,331,13.51,0.69,0.75,30.7,80.37,1.87,14.96,7.33,Dourados,MS,Centro-Oeste,-22.22,-54.82
2023,332,8.6,0.7,0.74,32.35,78.73,1.73,18.02,8.73,Dourados,MS,Centro-Oeste,-22.22,-54.82
2023,333,6.54,0.7,0.72,35.34,70.02,1.79,27.85,13.06,Dourados,MS,Centro-Oeste,-22.22,-54.82
2023,334,1.57,0.69,0.69,35.26,72.69,1.56,24.46,11.63,Dourados,MS,Centro-Oeste,-22.22,-54.82
2023,335,0.59,0.68,0.66,35.64,67.89,1.25,28.58,13.41,Dourados,MS,Centro-Oeste,-22.22,-54.82
2023,336,0.24,0.67,0.64,36.81,60.39,1.83,26.96,12.75,Dourados,MS,Centro-Oeste,-22.22,-54.82
2023,337,8.51,0.66,0.66,37.63,64.48,1.35,26.84,12.66,Dourados,MS,Centro-Oeste,-22.22,-54.82
2023,338,9.22,0.68,0.74,30.99,82.96,1.2,12.43,6.19,Dourados,MS,Centro-Oeste,-22.22,-54.82
2023,339,3.28,0.69,0.69,30.33,80.29,1.56,21.18,10.17,Dourados,MS,Centro-Oeste,-22.22,-54.82
2023,340,2.49,0.68,0.69,31.6,76.82,1.54,20.67,9.96,Dourados,MS,Centro-Oeste,-22.22,-54.82
2023,341,1.63,0.68,0.66,35.67,68.31,1.71,18.05,8.74,Dourados,MS,Centro-Oeste,-22.22,-54.82
2023,342,1.49,0.67,0.66,31.94,74.99,1.19,18.38,8.9,Dourados,MS,Centro-Oeste,-22.22,-54.82
2023,343,1.8,0.67,0.65,36.25,66.31,0.94,27.19,12.85,Dourados,MS,Centro-Oeste,-22.22,-54.82
2023,344,0.97,0.66,0.64,32.9,72.84,1.42,3.79,2.07,Dourados,MS,Centro-Oeste,-22.22,-54.82
2023,345,2.48,0.66,0.64,34.84,69.7,1.0,27.59,12.98,Dourados,MS,Centro-Oeste,-22.22,-54.82
2023,346,0.13,0.65,0.61,37.12,62.6,1.55,29.52,13.77,Dourados,MS,Centro-Oeste,-22.22,-54.82
2023,347,0.14,0.65,0.6,37.14,61.29,2.12,29.75,13.93,Dourados,MS,Centro-Oeste,-22.22,-54.82
2023,348,0.04,0.64,0.6,36.6,62.19,1.54,27.7,13.07,Dourados,MS,Centro-Oeste,-22.22,-54.82
2023,349,0.38,0.64,0.6,38.74,60.79,1.84,29.09,13.61,Dourados,MS,Centro-Oeste,-22.22,-54.82
2023,350,0.85,0.63,0.59,39.24,58.83,1.54,28.27,13.25,Dourados,MS,Centro-Oeste,-22.22,-54.82
2023,351,0.17,0.63,0.58,39.18,53.92,1.59,27.44,12.9,Dourados,MS,Centro-Oeste,-22.22,-54.82
2023,352,0.53,0.62,0.57,40.88,49.32,1.24,27.71,12.99,Dourados,MS,Centro-Oeste,-22.22,-54.82
2023,353,1.89,0.62,0.59,33.72,66.01,0.95,24.18,11.5,Dourados,MS,Centro-Oeste,-22.22,-54.82
2023,354,7.25,0.63,0.65,35.46,66.87,0.66,23.06,10.98,Dourados,MS,Centro-Oeste,-22.22,-54.82
2023,355,0.45,0.63,0.6,38.01,59.85,1.16,28.54,13.38,Dourados,MS,Centro-Oeste,-22.22,-54.82
2023,356,0.58,0.62,0.58,38.04,59.48,1.08,28.48,13.29,Dourados,MS,Centro-Oeste,-22.22,-54.82
2023,357,5.56,0.62,0.62,36.7,61.61,2.1,25.62,12.11,Dourados,MS,Centro-Oeste,-22.22,-54.82
2023,358,1.03,0.63,0.61,36.51,63.13,1.5,24.08,11.45,Dourados,MS,Centro-Oeste,-22.22,-54.82
2023,359,3.8,0.63,0.62,36.49,62.7,1.57,16.94,8.26,Dourados,MS,Centro-Oeste,-22.22,-54.82
2023,360,0.87,0.63,0.6,36.13,65.74,1.6,24.68,11.72,Dourados,MS,Centro-Oeste,-22.22,-54.82
2023,361,0.09,0.62,0.56,37.28,58.79,0.97,31.01,14.29,Dourados,MS,Centro-Oeste,-22.22,-54.82
2023,362,0.0,0.62,0.54,39.94,55.3,1.18,30.99,14.34,Dourados,MS,Centro-Oeste,-22.22,-54.82
2023,363,10.58,0.62,0.55,40.5,54.8,2.29,24.88,11.75,Dourados,MS,Centro-Oeste,-22.22,-54.82
2023,364,0.54,0.63,0.64,32.84,69.88,1.63,21.7,10.42,Dourados,MS,Centro-Oeste,-22.22,-54.82
2023,365,0.77,0.63,0.6,33.97,67.09,1.4,16.4,7.98,Dourados,MS,Centro-Oeste,-22.22,-54.82
2024,1,19.81,0.64,0.72,33.78,74.79,1.26,21.6,10.34,Dourados,MS,Centro-Oeste,-22.22,-54.82
2024,2,9.34,0.66,0.72,30.36,81.26,1.24,20.09,9.65,Dourados,MS,Centro-Oeste,-22.22,-54.82
2024,3,1.83,0.67,0.66,34.97,71.35,1.2,29.33,13.73,Dourados,MS,Centro-Oeste,-22.22,-54.82
2024,4,1.32,0.66,0.63,36.53,65.46,1.68,28.78,13.4,Dourados,MS,Centro-Oeste,-22.22,-54.82
2024,5,0.02,0.65,0.61,37.26,61.0,1.52,30.08,13.87,Dourados,MS,Centro-Oeste,-22.22,-54.82
2024,6,0.0,0.64,0.6,38.84,54.56,1.26,30.5,14.02,Dourados,MS,Centro-Oeste,-22.22,-54.82
2024,7,2.42,0.64,0.61,38.71,56.35,1.36,29.33,13.6,Dourados,MS,Centro-Oeste,-22.22,-54.82
2024,8,0.49,0.63,0.59,40.01,58.03,1.45,29.27,13.68,Dourados,MS,Centro-Oeste,-22.22,-54.82
2024,9,4.87,0.63,0.62,38.84,59.14,1.47,28.81,13.5,Dourados,MS,Centro-Oeste,-22.22,-54.82
2024,10,0.12,0.63,0.59,39.78,56.74,1.48,28.79,13.52,Dourados,MS,Centro-Oeste,-22.22,-54.82
2024,11,11.2,0.63,0.63,36.16,67.96,1.86,18.77,9.04,Dourados,MS,Centro-Oeste,-22.22,-54.82
2024,12,9.02,0.65,0.71,32.6,75.85,1.01,23.56,11.22,Dourados,MS,Centro-Oeste,-22.22,-54.82
2024,13,2.94,0.65,0.64,33.5,76.04,1.54,25.28,12.1,Dourados,MS,Centro-Oeste,-22.22,-54.82
2024,14,0.23,0.65,0.62,35.64,67.8,2.14,26.48,12.57,Dourados,MS,Centro-Oeste,-22.22,-54.82
2024,15,5.22,0.65,0.65,33.96,67.52,1.89,13.16,6.55,Dourados,MS,Centro-Oeste,-22.22,-54.82
2024,16,0.03,0.64,0.61,37.21,60.79,2.4,27.87,13.14,Dourados,MS,Centro-Oeste,-22.22,-54.82
2024,17,0.46,0.64,0.59,37.56,57.78,2.09,18.58,8.92,Dourados,MS,Centro-Oeste,-22.22,-54.82
2024,18,0.07,0.63,0.59,38.02,59.23,2.29,27.34,12.92,Dourados,MS,Centro-Oeste,-22.22,-54.82
2024,19,0.11,0.62,0.57,40.08,55.04,1.96,17.26,8.34,Dourados,MS,Centro-Oeste,-22.22,-54.82
2024,20,5.44,0.62,0.61,38.02,58.29,2.17,11.16,5.55,Dourados,MS,Centro-Oeste,-22.22,-54.82
2024,21,4.61,0.63,0.63,36.26,68.07,1.47,20.3,9.75,Dourados,MS,Centro-Oeste,-22.22,-54.82
2024,22,8.77,0.64,0.69,33.71,77.03,2.04,9.64,4.98,Dourados,MS,Centro-Oeste,-22.22,-54.82
2024,23,3.55,0.64,0.64,32.28,73.24,1.73,17.16,8.3,Dourados,MS,Centro-Oeste,-22.22,-54.82
2024,24,0.14,0.64,0.61,34.19,62.77,1.74,23.64,11.07,Dourados,MS,Centro-Oeste,-22.22,-54.82
2024,25,0.0,0.63,0.59,34.09,57.78,1.95,29.55,13.55,Dourados,MS,Centro-Oeste,-22.22,-54.82
2024,26,0.0,0.63,0.59,32.29,57.16,1.85,29.36,13.5,Dourados,MS,Centro-Oeste,-22.22,-54.82
2024,27,0.08,0.62,0.58,33.41,55.53,1.03,27.33,12.62,Dourados,MS,Centro-Oeste,-22.22,-54.82
2024,28,0.01,0.62,0.56,36.45,52.34,1.54,28.58,13.14,Dourados,MS,Centro-Oeste,-22.22,-54.82
2024,29,0.0,0.61,0.53,38.69,48.98,1.73,29.58,13.46,Dourados,MS,Centro-Oeste,-22.22,-54.82
2024,30,0.44,0.61,0.5,38.7,46.76,1.16,27.16,12.53,Dourados,MS,Centro-Oeste,-22.22,-54.82
2024,31,7.81,0.62,0.59,36.98,56.27,1.37,21.54,10.09,Dourados,MS,Centro-Oeste,-22.22,-54.82
2024,32,0.01,0.62,0.57,38.74,51.08,1.21,29.54,13.55,Dourados,MS,Centro-Oeste,-22.22,-54.82
2024,33,0.24,0.61,0.52,38.83,49.49,1.56,28.66,13.15,Dourados,MS,Centro-Oeste,-22.22,-54.82
2024,34,0.88,0.61,0.5,38.62,53.1,1.88,27.77,12.79,Dourados,MS,Centro-Oeste,-22.22,-54.82
2024,35,0.79,0.61,0.47,36.28,55.01,2.2,24.34,11.33,Dourados,MS,Centro-Oeste,-22.22,-54.82
2024,36,0.61,0.61,0.46,36.13,56.1,1.8,23.71,11.12,Dourados,MS,Centro-Oeste,-22.22,-54.82
2024,37,0.68,0.61,0.46,31.43,66.24,1.45,22.88,10.81,Dourados,MS,Centro-Oeste,-22.22,-54.82
2024,38,10.8,0.61,0.57,31.77,74.03,1.39,12.65,6.19,Dourados,MS,Centro-Oeste,-22.22,-54.82
2024,39,2.99,0.63,0.65,30.08,79.88,0.98,10.51,5.25,Dourados,MS,Centro-Oeste,-22.22,-54.82
2024,40,0.46,0.63,0.61,34.39,69.7,1.17,22.29,10.56,Dourados,MS,Centro-Oeste,-22.22,-54.82
2024,41,1.06,0.62,0.59,36.14,67.67,1.47,23.75,11.26,Dourados,MS,Centro-Oeste,-22.22,-54.82
2024,42,0.51,0.62,0.57,38.65,61.56,1.88,26.7,12.41,Dourados,MS,Centro-Oeste,-22.22,-54.82
2024,43,1.49,0.62,0.55,36.79,63.5,2.9,23.36,11.02,Dourados,MS,Centro-Oeste,-22.22,-54.82
2024,44,2.03,0.62,0.54,35.78,63.0,2.19,20.22,9.63,Dourados,MS,Centro-Oeste,-22.22,-54.82
2024,45,1.23,0.61,0.53,36.38,64.21,2.23,21.48,10.26,Dourados,MS,Centro-Oeste,-22.22,-54.82
2024,46,0.36,0.61,0.52,34.37,65.79,2.17,19.19,9.18,Dourados,MS,Centro-Oeste,-22.22,-54.82
2024,47,0.01,0.61,0.48,37.52,56.07,1.99,26.88,12.47,Dourados,MS,Centro-Oeste,-22.22,-54.82
2024,48,1.29,0.61,0.46,38.1,56.81,1.49,23.33,10.92,Dourados,MS,Centro-Oeste,-22.22,-54.82
2024,49,17.84,0.62,0.64,34.28,73.6,1.56,11.48,5.71,Dourados,MS,Centro-Oeste,-22.22,-54.82
2024,50,3.45,0.64,0.66,33.93,70.65,1.92,22.61,10.56,Dourados,MS,Centro-Oeste,-22.22,-54.82
2024,51,0.31,0.63,0.6,34.18,65.05,2.0,21.89,10.27,Dourados,MS,Centro-Oeste,-22.22,-54.82
2024,52,0.1,0.63,0.58,34.71,62.53,0.89,24.62,11.47,Dourados,MS,Centro-Oeste,-22.22,-54.82
2024,53,0.76,0.62,0.56,36.18,59.96,1.25,23.68,11.09,Dourados,MS,Centro-Oeste,-22.22,-54.82
2024,54,1.93,0.62,0.57,37.28,61.18,1.34,22.58,10.64,Dourados,MS,Centro-Oeste,-22.22,-54.82
2024,55,33.02,0.64,0.76,34.8,71.81,1.18,19.16,9.17,Dourados,MS,Centro-Oeste,-22.22,-54.82
2024,56,2.85,0.67,0.69,34.57,73.07,1.11,23.13,10.98,Dourados,MS,Centro-Oeste,-22.22,-54.82
2024,57,0.08,0.66,0.63,36.33,60.95,0.77,21.25,10.08,Dourados,MS,Centro-Oeste,-22.22,-54.82
2024,58,0.64,0.65,0.63,35.52,64.32,0.92,23.85,11.33,Dourados,MS,Centro-Oeste,-22.22,-54.82
2024,59,1.8,0.65,0.63,35.32,67.97,1.14,23.09,11.04,Dourados,MS,Centro-Oeste,-22.22,-54.82
2024,60,0.81,0.65,0.61,38.68,64.8,1.12,24.59,11.61,Dourados,MS,Centro-Oeste,-22.22,-54.82
2024,61,1.76,0.64,0.62,38.54,64.16,1.02,24.03,11.3,Dourados,MS,Centro-Oeste,-22.22,-54.82
2024,62,0.2,0.64,0.6,39.65,58.82,0.94,25.89,12.11,Dourados,MS,Centro-Oeste,-22.22,-54.82
2024,63,1.45,0.63,0.59,39.93,58.92,1.13,20.12,9.52,Dourados,MS,Centro-Oeste,-22.22,-54.82
2024,64,0.8,0.63,0.61,33.48,72.43,1.33,17.09,8.26,Dourados,MS,Centro-Oeste,-22.22,-54.82
2024,65,4.57,0.63,0.64,33.14,73.13,0.79,14.5,7.01,Dourados,MS,Centro-Oeste,-22.22,-54.82
2024,66,0.41,0.63,0.61,34.76,68.51,0.93,22.19,10.53,Dourados,MS,Centro-Oeste,-22.22,-54.82
2024,67,7.45,0.63,0.66,34.49,69.97,1.42,18.95,9.1,Dourados,MS,Centro-Oeste,-22.22,-54.82
2024,68,0.67,0.64,0.62,33.19,72.76,1.75,16.73,8.17,Dourados,MS,Centro-Oeste,-22.22,-54.82
2024,69,0.72,0.63,0.61,36.96,67.36,1.72,20.61,9.86,Dourados,MS,Centro-Oeste,-22.22,-54.82
2024,70,0.14,0.63,0.59,39.17,61.3,1.17,21.08,9.94,Dourados,MS,Centro-Oeste,-22.22,-54.82
2024,71,0.13,0.62,0.58,39.28,60.96,0.94,24.05,11.26,Dourados,MS,Centro-Oeste,-22.22,-54.82
2024,72,0.0,0.62,0.56,39.72,59.89,1.38,25.27,11.71,Dourados,MS,Centro-Oeste,-22.22,-54.82
2024,73,0.0,0.61,0.53,39.36,61.84,1.13,23.72,11.12,Dourados,MS,Centro-Oeste,-22.22,-54.82
2024,74,3.6,0.61,0.53,39.31,61.5,1.79,22.19,10.58,Dourados,MS,Centro-Oeste,-22.22,-54.82
2024,75,0.17,0.61,0.53,38.71,61.34,1.65,23.37,10.97,Dourados,MS,Centro-Oeste,-22.22,-54.82
2024,76,0.03,0.61,0.49,40.6,51.23,2.31,22.91,10.83,Dourados,MS,Centro-Oeste,-22.22,-54.82
2024,77,4.7,0.61,0.51,38.97,58.9,1.73,22.03,10.45,Dourados,MS,Centro-Oeste,-22.22,-54.82
2024,78,0.12,0.61,0.54,37.84,61.49,1.93,21.63,10.25,Dourados,MS,Centro-Oeste,-22.22,-54.82
2024,79,0.24,0.61,0.49,39.99,53.91,1.7,23.39,11.0,Dourados,MS,Centro-Oeste,-22.22,-54.82
2024,80,1.02,0.61,0.47,39.92,52.5,2.44,21.7,10.26,Dourados,MS,Centro-Oeste,-22.22,-54.82
2024,81,4.28,0.61,0.51,38.09,61.63,2.36,17.26,8.25,Dourados,MS,Centro-Oeste,-22.22,-54.82
2024,82,0.03,0.61,0.54,33.55,65.61,2.33,20.59,9.68,Dourados,MS,Centro-Oeste,-22.22,-54.82
2024,83,0.07,0.61,0.51,30.75,64.32,3.09,12.86,6.17,Dourados,MS,Centro-Oeste,-22.22,-54.82
2024,84,0.0,0.61,0.48,34.27,63.8,2.18,10.35,5.06,Dourados,MS,Centro-Oeste,-22.22,-54.82
2024,85,0.08,0.61,0.45,35.42,62.51,2.03,10.67,5.21,Dourados,MS,Centro-Oeste,-22.22,-54.82
2024,86,1.32,0.6,0.43,37.11,60.53,1.57,20.44,9.54,Dourados,MS,Centro-Oeste,-22.22,-54.82
2024,87,0.69,0.61,0.45,34.79,61.44,2.13,19.08,8.93,Dourados,MS,Centro-Oeste,-22.22,-54.82
2024,88,0.0,0.6,0.42,35.2,58.43,1.81,14.45,6.82,Dourados,MS,Centro-Oeste,-22.22,-54.82
2024,89,0.03,0.6,0.4,35.08,58.29,1.57,19.17,8.89,Dourados,MS,Centro-Oeste,-22.22,-54.82
2024,90,0.08,0.6,0.39,35.22,59.39,1.13,21.16,9.92,Dourados,MS,Centro-Oeste,-22.22,-54.82
2024,91,4.94,0.61,0.45,33.03,67.49,1.2,11.86,5.72,Dourados,MS,Centro-Oeste,-22.22,-54.82
2024,92,5.75,0.61,0.59,32.37,77.6,1.43,5.63,2.91,Dourados,MS,Centro-Oeste,-22.22,-54.82
2024,93,0.51,0.62,0.58,35.62,67.63,1.08,20.65,9.68,Dourados,MS,Centro-Oeste,-22.22,-54.82
2024,94,0.13,0.61,0.54,37.88,61.05,1.26,22.27,10.32,Dourados,MS,Centro-Oeste,-22.22,-54.82
2024,95,0.15,0.61,0.5,37.63,59.03,1.08,18.64,8.76,Dourados,MS,Centro-Oeste,-22.22,-54.82
2024,96,0.09,0.61,0.46,39.07,50.27,1.16,19.16,9.01,Dourados,MS,Centro-Oeste,-22.22,-54.82
2024,97,0.07,0.61,0.43,39.41,47.83,1.8,20.68,9.65,Dourados,MS,Centro-Oeste,-22.22,-54.82
2024,98,0.85,0.6,0.41,36.66,56.43,2.28,9.38,4.59,Dourados,MS,Centro-Oeste,-22.22,-54.82
2024,99,0.7,0.6,0.42,35.93,63.77,1.19,13.34,6.4,Dourados,MS,Centro-Oeste,-22.22,-54.82
2024,100,0.91,0.6,0.41,36.7,57.9,0.67,17.65,8.32,Dourados,MS,Centro-Oeste,-22.22,-54.82
2024,101,0.4,0.6,0.4,37.81,60.25,1.49,20.15,9.43,Dourados,MS,Centro-Oeste,-22.22,-54.82
2024,102,0.25,0.6,0.4,34.69,64.32,1.18,16.48,7.84,Dourados,MS,Centro-Oeste,-22.22,-54.82
2024,103,7.06,0.61,0.5,31.39,75.17,2.01,15.87,7.6,Dourados,MS,Centro-Oeste,-22.22,-54.82
2024,104,3.77,0.62,0.6,31.82,78.52,1.56,13.22,6.45,Dourados,MS,Centro-Oeste,-22.22,-54.82
2024,105,22.5,0.63,0.71,31.62,82.29,1.55,12.18,5.9,Dourados,MS,Centro-Oeste,-22.22,-54.82
2024,106,27.06,0.69,0.82,28.78,90.4,1.91,2.9,1.56,Dourados,MS,Centro-Oeste,-22.22,-54.82
2024,107,12.09,0.71,0.78,26.17,92.97,1.88,7.62,3.85,Dourados,MS,Centro-Oeste,-22.22,-54.82
2024,108,4.0,0.71,0.74,26.77,79.94,2.11,19.11,8.83,Dourados,MS,Centro-Oeste,-22.22,-54.82
2024,109,0.0,0.7,0.69,27.13,69.26,1.95,22.07,9.7,Dourados,MS,Centro-Oeste,-22.22,-54.82
2024,110,0.01,0.69,0.68,28.85,74.59,1.4,21.72,9.71,Dourados,MS,Centro-Oeste,-22.22,-54.82
2024,111,0.03,0.68,0.66,30.62,73.98,1.45,21.6,9.62,Dourados,MS,Centro-Oeste,-22.22,-54.82
2024,112,0.56,0.67,0.65,32.34,78.02,1.4,20.28,9.35,Dourados,MS,Centro-Oeste,-22.22,-54.82
2024,113,0.12,0.67,0.64,33.26,72.62,1.81,18.14,8.47,Dourados,MS,Centro-Oeste,-22.22,-54.82
2024,114,0.01,0.66,0.63,34.11,68.07,1.5,20.02,9.34,Dourados,MS,Centro-Oeste,-22.22,-54.82
2024,115,0.24,0.66,0.63,34.33,64.59,1.47,11.12,5.43,Dourados,MS,Centro-Oeste,-22.22,-54.82
2024,116,0.08,0.65,0.62,34.7,64.94,1.26,19.37,9.01,Dourados,MS,Centro-Oeste,-22.22,-54.82
2024,117,0.07,0.65,0.61,35.07,66.88,2.02,19.6,9.07,Dourados,MS,Centro-Oeste,-22.22,-54.82
2024,118,0.02,0.64,0.6,35.23,68.3,1.75,18.32,8.54,Dourados,MS,Centro-Oeste,-22.22,-54.82
2024,119,0.04,0.64,0.59,35.55,65.56,1.8,18.49,8.64,Dourados,MS,Centro-Oeste,-22.22,-54.82
2024,120,0.0,0.64,0.58,34.17,65.52,1.96,18.75,8.74,Dourados,MS,Centro-Oeste,-22.22,-54.82
2024,121,0.0,0.63,0.57,35.48,65.47,2.45,18.41,8.59,Dourados,MS,Centro-Oeste,-22.22,-54.82
2024,122,0.0,0.63,0.57,34.9,66.5,2.35,18.01,8.42,Dourados,MS,Centro-Oeste,-22.22,-54.82
2024,123,0.06,0.63,0.56,34.99,64.31,2.43,17.53,8.16,Dourados,MS,Centro-Oeste,-22.22,-54.82
2024,124,0.04,0.62,0.56,34.64,63.05,2.33,15.19,7.09,Dourados,MS,Centro-Oeste,-22.22,-54.82
2024,125,0.0,0.62,0.55,35.73,59.63,1.92,18.05,8.33,Dourados,MS,Centro-Oeste,-22.22,-54.82
2024,126,0.0,0.62,0.54,36.2,56.53,2.09,18.18,8.37,Dourados,MS,Centro-Oeste,-22.22,-54.82
2024,127,0.03,0.62,0.53,35.42,52.01,2.25,18.87,8.58,Dourados,MS,Centro-Oeste,-22.22,-54.82
2024,128,0.0,0.61,0.52,35.56,55.65,2.23,18.44,8.4,Dourados,MS,Centro-Oeste,-22.22,-54.82
2024,129,0.03,0.61,0.51,35.44,57.38,2.23,17.82,8.17,Dourados,MS,Centro-Oeste,-22.22,-54.82
2024,130,0.22,0.61,0.5,35.57,60.04,1.53,15.03,7.06,Dourados,MS,Centro-Oeste,-22.22,-54.82
2024,131,0.02,0.61,0.49,36.06,57.23,1.61,16.5,7.63,Dourados,MS,Centro-Oeste,-22.22,-54.82
2024,132,0.02,0.61,0.47,35.45,47.46,1.87,17.75,8.08,Dourados,MS,Centro-Oeste,-22.22,-54.82
2024,133,0.0,0.61,0.44,35.27,51.13,2.44,17.19,7.9,Dourados,MS,Centro-Oeste,-22.22,-54.82
2024,134,0.13,0.6,0.43,32.95,60.41,2.98,8.95,4.24,Dourados,MS,Centro-Oeste,-22.22,-54.82
2024,135,0.36,0.6,0.42,24.92,66.3,2.17,9.0,4.32,Dourados,MS,Centro-Oeste,-22.22,-54.82
2024,136,0.13,0.6,0.42,28.57,62.89,1.41,10.36,4.92,Dourados,MS,Centro-Oeste,-22.22,-54.82
2024,137,0.0,0.6,0.42,31.17,57.11,1.65,12.44,5.75,Dourados,MS,Centro-Oeste,-22.22,-54.82
2024,138,0.04,0.6,0.41,34.09,52.4,2.13,10.9,5.1,Dourados,MS,Centro-Oeste,-22.22,-54.82
2024,139,3.28,0.6,0.44,31.49,64.47,2.13,9.81,4.64,Dourados,MS,Centro-Oeste,-22.22,-54.82
2024,140,1.64,0.61,0.51,25.13,75.4,1.52,9.95,4.68,Dourados,MS,Centro-Oeste,-22.22,-54.82
2024,141,0.02,0.61,0.5,28.38,70.33,1.13,15.75,7.26,Dourados,MS,Centro-Oeste,-22.22,-54.82
2024,142,0.0,0.61,0.48,33.74,61.77,2.21,16.26,7.44,Dourados,MS,Centro-Oeste,-22.22,-54.82
2024,143,0.02,0.61,0.45,35.08,55.59,1.99,15.43,7.1,Dourados,MS,Centro-Oeste,-22.22,-54.82
2024,144,5.14,0.6,0.43,34.54,54.36,2.55,14.96,6.93,Dourados,MS,Centro-Oeste,-22.22,-54.82
2024,145,37.75,0.66,0.76,22.72,77.84,2.6,6.45,3.14,Dourados,MS,Centro-Oeste,-22.22,-54.82
2024,146,0.6,0.66,0.64,19.64,73.71,1.74,6.95,3.36,Dourados,MS,Centro-Oeste,-22.22,-54.82
2024,147,1.45,0.65,0.64,20.3,76.59,0.9,4.65,2.33,Dourados,MS,Centro-Oeste,-22.22,-54.82
2024,148,2.42,0.65,0.66,18.86,80.68,1.54,3.11,1.59,Dourados,MS,Centro-Oeste,-22.22,-54.82
2024,149,0.0,0.65,0.63,19.14,71.77,1.47,16.49,7.21,Dourados,MS,Centro-Oeste,-22.22,-54.82
2024,150,0.0,0.65,0.63,21.79,67.04,1.08,17.02,7.43,Dourados,MS,Centro-Oeste,-22.22,-54.82
2024,151,0.03,0.64,0.62,26.16,69.12,0.96,16.49,7.4,Dourados,MS,Centro-Oeste,-22.22,-54.82
2024,152,0.01,0.64,0.62,27.61,68.95,1.52,16.44,7.32,Dourados,MS,Centro-Oeste,-22.22,-54.82
2024,153,0.03,0.64,0.61,29.71,64.57,1.72,16.64,7.44,Dourados,MS,Centro-Oeste,-22.22,-54.82
2024,154,0.02,0.64,0.61,31.07,65.04,1.73,15.42,7.02,Dourados,MS,Centro-Oeste,-22.22,-54.82
2024,155,0.0,0.63,0.61,30.89,62.41,0.8,14.85,6.8,Dourados,MS,Centro-Oeste,-22.22,-54.82
2024,156,0.0,0.63,0.6,31.68,60.36,1.5,15.48,7.04,Dourados,MS,Centro-Oeste,-22.22,-54.82
2024,157,0.02,0.63,0.6,30.21,64.98,1.81,15.83,7.2,Dourados,MS,Centro-Oeste,-22.22,-54.82
2024,158,0.03,0.63,0.6,31.66,66.01,1.63,15.34,6.97,Dourados,MS,Centro-Oeste,-22.22,-54.82
2024,159,0.07,0.62,0.6,31.81,66.2,1.41,15.62,7.09,Dourados,MS,Centro-Oeste,-22.22,-54.82
2024,160,0.01,0.62,0.59,32.52,61.88,2.07,15.59,7.09,Dourados,MS,Centro-Oeste,-22.22,-54.82
2024,161,0.0,0.62,0.58,33.1,61.77,2.3,15.11,6.84,Dourados,MS,Centro-Oeste,-22.22,-54.82
2024,162,0.02,0.62,0.57,32.73,64.82,1.69,14.24,6.47,Dourados,MS,Centro-Oeste,-22.22,-54.82
2024,163,0.05,0.61,0.56,32.67,57.97,1.49,15.53,6.98,Dourados,MS,Centro-Oeste,-22.22,-54.82
2024,164,0.03,0.61,0.54,32.49,55.29,1.84,15.73,7.04,Dourados,MS,Centro-Oeste,-22.22,-54.82
2024,165,0.02,0.61,0.51,33.29,50.49,2.92,15.61,7.05,Dourados,MS,Centro-Oeste,-22.22,-54.82
2024,166,0.0,0.61,0.47,33.26,44.34,3.11,15.6,7.03,Dourados,MS,Centro-Oeste,-22.22,-54.82
2024,167,0.03,0.61,0.45,31.18,52.45,1.9,10.51,4.93,Dourados,MS,Centro-Oeste,-22.22,-54.82
2024,168,0.03,0.6,0.43,33.23,50.2,1.85,9.31,4.4,Dourados,MS,Centro-Oeste,-22.22,-54.82
2024,169,0.02,0.6,0.42,33.8,47.9,1.83,12.22,5.67,Dourados,MS,Centro-Oeste,-22.22,-54.82
2024,170,0.03,0.6,0.4,33.26,45.02,2.06,13.73,6.33,Dourados,MS,Centro-Oeste,-22.22,-54.82
2024,171,0.04,0.6,0.39,33.47,46.8,2.06,14.02,6.44,Dourados,MS,Centro-Oeste,-22.22,-54.82
2024,172,0.03,0.6,0.38,34.62,42.77,1.55,13.2,6.05,Dourados,MS,Centro-Oeste,-22.22,-54.82
2024,173,0.03,0.6,0.37,33.93,39.83,2.16,14.54,6.57,Dourados,MS,Centro-Oeste,-22.22,-54.82
2024,174,0.03,0.6,0.36,32.9,47.65,2.45,14.29,6.54,Dourados,MS,Centro-Oeste,-22.22,-54.82
2024,175,0.03,0.6,0.35,34.12,48.87,2.14,13.61,6.24,Dourados,MS,Centro-Oeste,-22.22,-54.82
2024,176,0.07,0.6,0.35,34.08,50.34,2.65,12.05,5.54,Dourados,MS,Centro-Oeste,-22.22,-54.82
2024,177,0.04,0.6,0.34,32.29,65.17,1.83,12.04,5.45,Dourados,MS,Centro-Oeste,-22.22,-54.82
2024,178,0.0,0.6,0.34,30.86,57.86,2.48,6.87,3.21,Dourados,MS,Centro-Oeste,-22.22,-54.82
2024,179,0.07,0.6,0.34,28.96,63.94,1.64,10.48,4.71,Dourados,MS,Centro-Oeste,-22.22,-54.82
2024,180,0.0,0.6,0.34,31.76,53.31,2.13,11.71,5.32,Dourados,MS,Centro-Oeste,-22.22,-54.82
2024,181,1.54,0.6,0.35,23.93,68.43,2.55,5.56,2.64,Dourados,MS,Centro-Oeste,-22.22,-54.82
2024,182,2.41,0.6,0.43,23.59,46.1,1.76,10.65,4.8,Dourados,MS,Centro-Oeste,-22.22,-54.82
2024,183,0.07,0.6,0.42,28.32,48.38,1.13,15.24,6.83,Dourados,MS,Centro-Oeste,-22.22,-54.82
2024,184,0.0,0.6,0.41,32.26,58.43,1.57,15.49,6.96,Dourados,MS,Centro-Oeste,-22.22,-54.82
2024,185,0.03,0.6,0.4,33.59,48.79,1.64,14.81,6.66,Dourados,MS,Centro-Oeste,-22.22,-54.82
2024,186,0.05,0.6,0.38,33.66,41.71,1.6,14.36,6.45,Dourados,MS,Centro-Oeste,-22.22,-54.82
2024,187,0.08,0.6,0.36,33.9,41.61,1.62,12.64,5.74,Dourados,MS,Centro-Oeste,-22.22,-54.82
2024,188,0.01,0.6,0.35,32.5,52.39,1.69,7.24,3.41,Dourados,MS,Centro-Oeste,-22.22,-54.82
2024,189,0.63,0.6,0.35,29.67,63.08,2.4,9.18,4.28,Dourados,MS,Centro-Oeste,-22.22,-54.82
2024,190,6.41,0.6,0.47,18.04,82.11,1.58,2.93,1.5,Dourados,MS,Centro-Oeste,-22.22,-54.82
2024,191,23.73,0.64,0.76,15.64,88.16,1.35,2.04,1.12,Dourados,MS,Centro-Oeste,-22.22,-54.82
2024,192,4.65,0.66,0.7,15.44,86.03,0.97,3.94,1.98,Dourados,MS,Centro-Oeste,-22.22,-54.82
2024,193,0.95,0.66,0.65,24.68,79.22,1.68,4.59,2.28,Dourados,MS,Centro-Oeste,-22.22,-54.82
2024,194,1.18,0.66,0.65,17.47,80.81,2.68,6.37,3.11,Dourados,MS,Centro-Oeste,-22.22,-54.82
2024,195,0.13,0.65,0.63,18.82,77.14,2.08,11.84,5.48,Dourados,MS,Centro-Oeste,-22.22,-54.82
2024,196,0.0,0.65,0.63,21.07,70.07,1.57,8.16,3.85,Dourados,MS,Centro-Oeste,-22.22,-54.82
2024,197,0.01,0.65,0.63,20.53,72.47,0.95,13.46,6.15,Dourados,MS,Centro-Oeste,-22.22,-54.82
2024,198,0.0,0.65,0.62,27.45,69.03,1.12,15.83,7.22,Dourados,MS,Centro-Oeste,-22.22,-54.82
2024,199,0.01,0.64,0.62,29.4,68.21,1.1,15.98,7.3,Dourados,MS,Centro-Oeste,-22.22,-54.82
2024,200,0.0,0.64,0.61,30.87,67.95,1.84,16.79,7.53,Dourados,MS,Centro-Oeste,-22.22,-54.82
2024,201,0.01,0.64,0.61,31.84,59.61,1.76,16.77,7.49,Dourados,MS,Centro-Oeste,-22.22,-54.82
2024,202,0.0,0.63,0.6,31.04,60.93,1.58,17.04,7.59,Dourados,MS,Centro-Oeste,-22.22,-54.82
2024,203,0.0,0.63,0.6,31.49,56.89,1.77,17.18,7.56,Dourados,MS,Centro-Oeste,-22.22,-54.82
2024,204,0.0,0.63,0.6,31.31,59.61,1.34,17.15,7.62,Dourados,MS,Centro-Oeste,-22.22,-54.82
2024,205,0.0,0.62,0.59,30.77,55.75,1.81,17.19,7.56,Dourados,MS,Centro-Oeste,-22.22,-54.82
2024,206,0.0,0.62,0.58,32.85,51.52,2.08,17.05,7.55,Dourados,MS,Centro-Oeste,-22.22,-54.82
2024,207,0.0,0.62,0.58,32.05,51.37,1.06,16.78,7.49,Dourados,MS,Centro-Oeste,-22.22,-54.82
2024,208,0.01,0.62,0.57,30.03,54.79,1.44,12.0,5.45,Dourados,MS,Centro-Oeste,-22.22,-54.82
2024,209,0.0,0.61,0.56,34.05,54.27,1.18,15.01,6.74,Dourados,MS,Centro-Oeste,-22.22,-54.82
2024,210,0.0,0.61,0.54,34.55,49.97,1.4,16.36,7.36,Dourados,MS,Centro-Oeste,-22.22,-54.82
2024,211,0.48,0.61,0.52,32.24,51.26,1.63,8.22,3.78,Dourados,MS,Centro-Oeste,-22.22,-54.82
2024,212,2.52,0.61,0.58,27.43,74.39,1.87,5.26,2.45,Dourados,MS,Centro-Oeste,-22.22,-54.82
2024,213,0.02,0.61,0.56,31.14,62.34,2.27,16.12,7.2,Dourados,MS,Centro-Oeste,-22.22,-54.82
2024,214,0.0,0.61,0.53,34.85,46.53,3.17,17.27,7.75,Dourados,MS,Centro-Oeste,-22.22,-54.82
2024,215,0.0,0.61,0.49,33.81,41.15,3.38,16.96,7.64,Dourados,MS,Centro-Oeste,-22.22,-54.82
2024,216,0.01,0.61,0.45,35.36,40.65,3.02,14.96,6.68,Dourados,MS,Centro-Oeste,-22.22,-54.82
2024,217,0.01,0.6,0.42,34.39,42.63,2.29,10.13,4.55,Dourados,MS,Centro-Oeste,-22.22,-54.82
2024,218,0.0,0.6,0.4,35.71,39.62,2.04,15.46,6.8,Dourados,MS,Centro-Oeste,-22.22,-54.82
2024,219,0.01,0.6,0.38,34.72,37.75,2.41,17.92,8.02,Dourados,MS,Centro-Oeste,-22.22,-54.82
2024,220,0.53,0.6,0.37,34.56,37.78,2.57,11.85,5.25,Dourados,MS,Centro-Oeste,-22.22,-54.82
2024,221,4.56,0.61,0.47,22.64,73.67,2.51,2.24,1.15,Dourados,MS,Centro-Oeste,-22.22,-54.82
2024,222,2.23,0.61,0.58,18.65,59.68,2.66,6.1,2.97,Dourados,MS,Centro-Oeste,-22.22,-54.82
2024,223,0.0,0.61,0.57,21.01,58.16,1.47,19.6,8.41,Dourados,MS,Centro-Oeste,-22.22,-54.82
2024,224,0.05,0.61,0.54,24.43,48.47,1.09,15.72,6.61,Dourados,MS,Centro-Oeste,-22.22,-54.82
2024,225,0.0,0.61,0.51,25.47,45.66,2.28,16.66,7.17,Dourados,MS,Centro-Oeste,-22.22,-54.82
2024,226,0.01,0.61,0.48,23.9,43.52,1.33,17.31,7.37,Dourados,MS,Centro-Oeste,-22.22,-54.82
2024,227,0.03,0.61,0.45,31.35,41.57,1.65,18.82,8.28,Dourados,MS,Centro-Oeste,-22.22,-54.82
2024,228,0.02,0.6,0.42,35.36,42.08,1.69,16.28,6.85,Dourados,MS,Centro-Oeste,-22.22,-54.82
2024,229,0.04,0.6,0.4,37.22,41.23,1.78,17.81,7.71,Dourados,MS,Centro-Oeste,-22.22,-54.82
2024,230,0.06,0.6,0.37,38.54,39.4,1.85,18.95,8.44,Dourados,MS,Centro-Oeste,-22.22,-54.82
2024,231,0.0,0.6,0.35,38.75,32.66,2.18,19.1,8.5,Dourados,MS,Centro-Oeste,-22.22,-54.82
2024,232,0.0,0.6,0.33,38.49,30.67,1.75,18.91,8.47,Dourados,MS,Centro-Oeste,-22.22,-54.82
2024,233,0.0,0.6,0.32,39.08,29.59,1.7,18.21,8.14,Dourados,MS,Centro-Oeste,-22.22,-54.82
2024,234,0.02,0.6,0.3,38.62,30.04,2.57,19.74,8.78,Dourados,MS,Centro-Oeste,-22.22,-54.82
2024,235,0.01,0.6,0.29,37.27,30.09,3.16,17.35,7.54,Dourados,MS,Centro-Oeste,-22.22,-54.82
2024,236,4.38,0.6,0.32,23.51,63.68,2.32,4.42,2.01,Dourados,MS,Centro-Oeste,-22.22,-54.82
2024,237,14.38,0.62,0.66,22.78,69.45,2.51,7.43,3.53,Dourados,MS,Centro-Oeste,-22.22,-54.82
2024,238,0.03,0.63,0.61,21.46,54.36,2.99,9.98,4.59,Dourados,MS,Centro-Oeste,-22.22,-54.82
2024,239,0.02,0.63,0.6,22.66,52.68,1.82,22.12,9.43,Dourados,MS,Centro-Oeste,-22.22,-54.82
2024,240,0.03,0.62,0.6,26.52,50.3,1.58,20.16,8.93,Dourados,MS,Centro-Oeste,-22.22,-54.82
2024,241,0.05,0.62,0.59,32.97,50.81,1.7,20.43,9.0,Dourados,MS,Centro-Oeste,-22.22,-54.82
2024,242,0.04,0.62,0.57,35.58,48.47,2.3,20.94,9.31,Dourados,MS,Centro-Oeste,-22.22,-54.82
2024,243,0.02,0.61,0.53,36.3,43.28,2.62,21.24,9.54,Dourados,MS,Centro-Oeste,-22.22,-54.82
2024,244,0.02,0.61,0.49,37.56,45.73,1.84,19.18,8.45,Dourados,MS,Centro-Oeste,-22.22,-54.82
2024,245,0.06,0.61,0.46,32.67,60.25,1.88,14.87,6.35,Dourados,MS,Centro-Oeste,-22.22,-54.82
2024,246,0.0,0.6,0.43,35.61,45.5,1.53,18.65,8.0,Dourados,MS,Centro-Oeste,-22.22,-54.82
2024,247,0.03,0.6,0.4,38.49,37.01,1.74,21.26,9.34,Dourados,MS,Centro-Oeste,-22.22,-54.82
2024,248,0.07,0.6,0.38,38.51,34.18,2.53,14.66,6.34,Dourados,MS,Centro-Oeste,-22.22,-54.82
2024,249,0.09,0.6,0.37,29.77,47.72,2.86,8.74,3.83,Dourados,MS,Centro-Oeste,-22.22,-54.82
2024,250,0.0,0.6,0.35,34.39,41.26,1.37,12.29,4.55,Dourados,MS,Centro-Oeste,-22.22,-54.82
2024,251,0.0,0.6,0.34,38.89,40.28,1.68,18.44,7.84,Dourados,MS,Centro-Oeste,-22.22,-54.82
2024,252,0.0,0.6,0.33,40.58,29.79,2.49,19.85,8.55,Dourados,MS,Centro-Oeste,-22.22,-54.82
2024,253,0.0,0.6,0.31,38.58,26.38,2.39,16.66,6.75,Dourados,MS,Centro-Oeste,-22.22,-54.82
2024,254,0.0,0.6,0.3,39.53,25.71,1.91,16.28,6.34,Dourados,MS,Centro-Oeste,-22.22,-54.82
2024,255,0.0,0.6,0.29,39.37,24.24,2.51,20.22,8.51,Dourados,MS,Centro-Oeste,-22.22,-54.82
2024,256,0.0,0.6,0.28,39.32,27.11,2.51,15.35,6.22,Dourados,MS,Centro-Oeste,-22.22,-54.82
2024,257,0.0,0.6,0.27,37.88,39.81,1.72,13.11,5.09,Dourados,MS,Centro-Oeste,-22.22,-54.82
2024,258,1.25,0.6,0.29,32.23,61.97,3.08,3.93,1.71,Dourados,MS,Centro-Oeste,-22.22,-54.82
2024,259,19.07,0.61,0.55,24.82,79.79,1.88,0.91,0.48,Dourados,MS,Centro-Oeste,-22.22,-54.82
2024,260,0.4,0.64,0.64,29.21,68.44,2.39,19.54,8.75,Dourados,MS,Centro-Oeste,-22.22,-54.82
2024,261,0.02,0.63,0.6,31.93,62.38,2.28,23.14,10.32,Dourados,MS,Centro-Oeste,-22.22,-54.82
2024,262,0.0,0.62,0.59,34.83,58.3,1.67,16.75,7.0,Dourados,MS,Centro-Oeste,-22.22,-54.82
2024,263,0.0,0.62,0.58,39.27,54.13,2.72,20.3,8.95,Dourados,MS,Centro-Oeste,-22.22,-54.82
2024,264,17.7,0.62,0.66,34.88,59.3,2.44,9.12,3.84,Dourados,MS,Centro-Oeste,-22.22,-54.82
2024,265,3.29,0.65,0.68,34.19,70.92,1.55,7.88,3.22,Dourados,MS,Centro-Oeste,-22.22,-54.82
2024,266,0.0,0.64,0.61,37.6,59.11,1.98,14.34,5.78,Dourados,MS,Centro-Oeste,-22.22,-54.82
2024,267,0.0,0.64,0.6,39.3,53.88,1.98,17.64,7.23,Dourados,MS,Centro-Oeste,-22.22,-54.82
2024,268,0.0,0.63,0.59,40.12,53.25,1.82,19.38,8.27,Dourados,MS,Centro-Oeste,-22.22,-54.82
2024,269,0.0,0.63,0.58,40.6,50.05,1.62,21.04,9.16,Dourados,MS,Centro-Oeste,-22.22,-54.82
2024,270,4.46,0.62,0.61,35.17,57.56,2.18,6.92,2.74,Dourados,MS,Centro-Oeste,-22.22,-54.82
2024,271,0.06,0.63,0.61,30.96,58.19,2.56,22.0,9.67,Dourados,MS,Centro-Oeste,-22.22,-54.82
2024,272,0.0,0.62,0.58,33.9,53.73,1.22,23.14,10.19,Dourados,MS,Centro-Oeste,-22.22,-54.82
2024,273,0.0,0.62,0.56,36.62,51.81,1.8,23.32,10.33,Dourados,MS,Centro-Oeste,-22.22,-54.82
2024,274,0.0,0.61,0.53,40.07,46.95,2.55,23.93,10.76,Dourados,MS,Centro-Oeste,-22.22,-54.82
2024,275,0.25,0.61,0.5,39.56,47.54,2.49,21.72,9.63,Dourados,MS,Centro-Oeste,-22.22,-54.82
2024,276,0.04,0.61,0.46,40.95,43.04,3.2,13.44,5.48,Dourados,MS,Centro-Oeste,-22.22,-54.82
2024,277,0.0,0.6,0.43,35.73,50.46,2.48,11.9,4.66,Dourados,MS,Centro-Oeste,-22.22,-54.82
2024,278,0.02,0.6,0.41,36.68,55.51,1.91,19.2,8.13,Dourados,MS,Centro-Oeste,-22.22,-54.82
2024,279,0.0,0.6,0.39,37.97,45.44,2.29,23.6,10.41,Dourados,MS,Centro-Oeste,-22.22,-54.82
2024,280,0.0,0.6,0.36,40.6,33.87,1.8,20.12,8.89,Dourados,MS,Centro-Oeste,-22.22,-54.82
2024,281,0.0,0.6,0.34,42.67,30.11,1.94,23.14,10.08,Dourados,MS,Centro-Oeste,-22.22,-54.82
2024,282,0.0,0.6,0.32,41.58,30.49,2.05,10.91,4.36,Dourados,MS,Centro-Oeste,-22.22,-54.82
2024,283,3.6,0.6,0.35,39.96,40.8,2.6,10.43,4.56,Dourados,MS,Centro-Oeste,-22.22,-54.82
2024,284,29.15,0.63,0.69,30.47,76.67,2.27,2.46,1.31,Dourados,MS,Centro-Oeste,-22.22,-54.82
2024,285,26.59,0.68,0.77,26.33,79.09,3.01,6.89,3.26,Dourados,MS,Centro-Oeste,-22.22,-54.82
2024,286,0.01,0.68,0.66,32.73,68.23,1.26,26.63,11.96,Dourados,MS,Centro-Oeste,-22.22,-54.82
2024,287,0.89,0.67,0.65,34.64,68.75,1.61,21.89,9.8,Dourados,MS,Centro-Oeste,-22.22,-54.82
2024,288,0.0,0.66,0.63,36.74,57.32,1.99,18.77,8.34,Dourados,MS,Centro-Oeste,-22.22,-54.82
2024,289,0.19,0.65,0.61,37.27,58.59,1.78,23.22,10.33,Dourados,MS,Centro-Oeste,-22.22,-54.82
2024,290,0.01,0.65,0.6,37.71,62.67,1.08,22.17,9.97,Dourados,MS,Centro-Oeste,-22.22,-54.82
2024,291,5.18,0.64,0.63,37.97,62.1,1.13,22.73,10.35,Dourados,MS,Centro-Oeste,-22.22,-54.82
2024,292,5.57,0.65,0.68,31.1,73.51,1.67,12.67,6.01,Dourados,MS,Centro-Oeste,-22.22,-54.82
2024,293,2.09,0.65,0.65,28.75,75.95,1.37,7.67,3.79,Dourados,MS,Centro-Oeste,-22.22,-54.82
2024,294,0.38,0.65,0.62,32.07,69.89,2.27,10.94,5.28,Dourados,MS,Centro-Oeste,-22.22,-54.82
2024,295,0.0,0.65,0.61,34.32,65.89,2.39,19.65,9.23,Dourados,MS,Centro-Oeste,-22.22,-54.82
2024,296,0.68,0.64,0.62,31.02,73.67,1.5,20.96,9.9,Dourados,MS,Centro-Oeste,-22.22,-54.82
2024,297,0.2,0.64,0.6,37.41,62.6,1.99,25.02,11.69,Dourados,MS,Centro-Oeste,-22.22,-54.82
2024,298,0.78,0.63,0.59,37.54,57.54,3.34,23.72,10.92,Dourados,MS,Centro-Oeste,-22.22,-54.82
2024,299,1.68,0.63,0.61,34.91,70.67,1.55,22.21,10.44,Dourados,MS,Centro-Oeste,-22.22,-54.82
2024,300,3.22,0.63,0.62,30.43,60.54,2.06,14.08,6.76,Dourados,MS,Centro-Oeste,-22.22,-54.82
2024,301,0.03,0.63,0.59,33.54,54.02,1.98,25.03,11.6,Dourados,MS,Centro-Oeste,-22.22,-54.82
2024,302,0.0,0.63,0.57,34.96,63.75,1.38,20.86,9.82,Dourados,MS,Centro-Oeste,-22.22,-54.82
2024,303,0.0,0.62,0.56,37.27,58.0,1.55,26.62,12.28,Dourados,MS,Centro-Oeste,-22.22,-54.82
2024,304,0.0,0.62,0.54,37.21,54.07,1.36,26.41,12.32,Dourados,MS,Centro-Oeste,-22.22,-54.82
2024,305,0.55,0.61,0.53,37.83,53.14,1.87,25.15,11.72,Dourados,MS,Centro-Oeste,-22.22,-54.82
2024,306,2.43,0.61,0.54,34.51,59.96,2.46,13.86,6.69,Dourados,MS,Centro-Oeste,-22.22,-54.82
2024,307,9.18,0.62,0.63,29.33,79.22,2.45,12.87,6.3,Dourados,MS,Centro-Oeste,-22.22,-54.82
2024,308,4.05,0.63,0.66,32.16,74.87,1.68,12.77,6.28,Dourados,MS,Centro-Oeste,-22.22,-54.82
2024,309,0.17,0.63,0.6,35.59,67.0,1.61,20.15,9.58,Dourados,MS,Centro-Oeste,-22.22,-54.82
2024,310,0.48,0.63,0.59,36.04,66.59,1.52,17.48,8.48,Dourados,MS,Centro-Oeste,-22.22,-54.82
2024,311,5.68,0.63,0.63,33.81,71.51,1.21,16.54,8.04,Dourados,MS,Centro-Oeste,-22.22,-54.82
2024,312,3.65,0.63,0.63,33.7,74.55,2.26,16.56,8.09,Dourados,MS,Centro-Oeste,-22.22,-54.82
2024,313,0.31,0.63,0.6,34.96,65.37,2.43,21.61,10.19,Dourados,MS,Centro-Oeste,-22.22,-54.82
2024,314,0.0,0.62,0.58,36.65,54.55,1.27,29.62,13.4,Dourados,MS,Centro-Oeste,-22.22,-54.82
2024,315,0.0,0.62,0.56,37.14,58.28,1.76,26.81,12.38,Dourados,MS,Centro-Oeste,-22.22,-54.82
2024,316,0.0,0.61,0.53,39.59,52.38,1.72,28.41,13.09,Dourados,MS,Centro-Oeste,-22.22,-54.82
2024,317,1.46,0.61,0.53,29.88,54.51,2.98,24.43,11.39,Dourados,MS,Centro-Oeste,-22.22,-54.82
2024,318,0.0,0.61,0.52,34.14,39.63,2.17,31.22,13.88,Dourados,MS,Centro-Oeste,-22.22,-54.82
2024,319,0.0,0.61,0.47,36.57,37.26,0.93,31.19,13.88,Dourados,MS,Centro-Oeste,-22.22,-54.82
2024,320,0.22,0.6,0.43,38.09,48.92,1.83,27.45,12.72,Dourados,MS,Centro-Oeste,-22.22,-54.82
2024,321,0.07,0.6,0.4,38.94,49.8,2.39,27.7,12.89,Dourados,MS,Centro-Oeste,-22.22,-54.82
2024,322,0.03,0.6,0.38,39.39,49.66,2.07,27.02,12.54,Dourados,MS,Centro-Oeste,-22.22,-54.82
2024,323,0.37,0.6,0.36,39.5,45.69,1.29,25.94,12.09,Dourados,MS,Centro-Oeste,-22.22,-54.82
2024,324,0.01,0.6,0.35,39.3,45.97,2.07,23.69,11.11,Dourados,MS,Centro-Oeste,-22.22,-54.82
2024,325,0.21,0.6,0.34,36.71,52.17,0.98,20.19,9.62,Dourados,MS,Centro-Oeste,-22.22,-54.82
2024,326,11.5,0.61,0.5,30.51,73.68,1.22,17.04,8.33,Dourados,MS,Centro-Oeste,-22.22,-54.82
2024,327,11.61,0.64,0.7,32.89,74.38,2.12,20.03,9.61,Dourados,MS,Centro-Oeste,-22.22,-54.82
2024,328,1.59,0.63,0.61,36.48,62.29,1.71,26.7,12.43,Dourados,MS,Centro-Oeste,-22.22,-54.82
2024,329,0.12,0.63,0.59,37.62,55.27,2.02,30.62,14.1,Dourados,MS,Centro-Oeste,-22.22,-54.82
2024,330,0.0,0.62,0.57,38.36,49.62,2.1,25.66,11.77,Dourados,MS,Centro-Oeste,-22.22,-54.82
2024,331,0.03,0.62,0.55,38.96,54.57,1.96,27.39,12.78,Dourados,MS,Centro-Oeste,-22.22,-54.82
2024,332,0.21,0.61,0.52,38.03,51.91,2.34,25.14,11.82,Dourados,MS,Centro-Oeste,-22.22,-54.82
2024,333,1.26,0.61,0.5,39.0,53.98,2.59,21.73,10.22,Dourados,MS,Centro-Oeste,-22.22,-54.82
2024,334,4.38,0.61,0.53,38.9,58.93,2.12,20.91,9.84,Dourados,MS,Centro-Oeste,-22.22,-54.82
2024,335,2.67,0.61,0.58,33.49,73.7,0.9,13.68,6.59,Dourados,MS,Centro-Oeste,-22.22,-54.82
2024,336,3.08,0.62,0.62,33.75,68.6,1.79,25.26,11.88,Dourados,MS,Centro-Oeste,-22.22,-54.82
2024,337,19.58,0.63,0.71,33.09,72.85,2.48,14.75,7.2,Dourados,MS,Centro-Oeste,-22.22,-54.82
2024,338,12.36,0.65,0.7,29.47,85.12,2.7,9.85,5.08,Dourados,MS,Centro-Oeste,-22.22,-54.82
2024,339,3.34,0.66,0.68,32.86,76.01,1.37,16.13,7.87,Dourados,MS,Centro-Oeste,-22.22,-54.82
2024,340,0.22,0.65,0.62,35.53,68.36,1.67,17.87,8.6,Dourados,MS,Centro-Oeste,-22.22,-54.82
2024,341,1.05,0.65,0.61,35.74,65.28,2.61,23.3,11.1,Dourados,MS,Centro-Oeste,-22.22,-54.82
2024,342,9.28,0.65,0.67,35.1,67.66,2.65,18.22,8.85,Dourados,MS,Centro-Oeste,-22.22,-54.82
2024,343,5.32,0.66,0.67,31.92,73.41,2.39,15.42,7.54,Dourados,MS,Centro-Oeste,-22.22,-54.82
2024,344,5.98,0.66,0.67,33.39,74.61,2.07,20.53,9.82,Dourados,MS,Centro-Oeste,-22.22,-54.82
2024,345,9.94,0.67,0.7,33.17,78.12,1.64,19.11,9.19,Dourados,MS,Centro-Oeste,-22.22,-54.82
2024,346,0.33,0.66,0.65,36.08,67.57,1.2,23.26,10.96,Dourados,MS,Centro-Oeste,-22.22,-54.82
2024,347,10.93,0.66,0.7,32.77,74.33,1.6,27.43,12.85,Dourados,MS,Centro-Oeste,-22.22,-54.82
2024,348,13.89,0.68,0.74,31.7,79.18,1.7,16.54,8.06,Dourados,MS,Centro-Oeste,-22.22,-54.82
2024,349,7.5,0.7,0.75,28.96,85.87,2.18,15.9,7.65,Dourados,MS,Centro-Oeste,-22.22,-54.82
2024,350,0.19,0.69,0.67,31.39,70.82,2.18,30.32,13.83,Dourados,MS,Centro-Oeste,-22.22,-54.82
2024,351,0.0,0.67,0.65,32.32,62.97,1.47,32.01,14.46,Dourados,MS,Centro-Oeste,-22.22,-54.82
2024,352,0.04,0.66,0.63,34.46,60.73,1.05,31.86,14.44,Dourados,MS,Centro-Oeste,-22.22,-54.82
2024,353,0.0,0.66,0.61,36.81,60.26,1.34,31.1,14.33,Dourados,MS,Centro-Oeste,-22.22,-54.82
2024,354,0.73,0.65,0.62,33.81,67.0,1.97,16.72,8.12,Dourados,MS,Centro-Oeste,-22.22,-54.82
2024,355,4.01,0.65,0.64,32.92,71.18,2.32,19.7,9.53,Dourados,MS,Centro-Oeste,-22.22,-54.82
2024,356,0.74,0.65,0.62,37.19,65.29,1.62,25.75,12.09,Dourados,MS,Centro-Oeste,-22.22,-54.82
2024,357,0.05,0.64,0.6,35.82,64.11,1.11,16.85,8.06,Dourados,MS,Centro-Oeste,-22.22,-54.82
2024,358,0.03,0.64,0.58,38.19,59.71,1.23,29.25,13.39,Dourados,MS,Centro-Oeste,-22.22,-54.82
2024,359,6.59,0.64,0.62,35.25,64.74,1.13,23.96,11.33,Dourados,MS,Centro-Oeste,-22.22,-54.82
2024,360,3.27,0.64,0.64,31.63,74.63,1.9,14.72,7.2,Dourados,MS,Centro-Oeste,-22.22,-54.82
2024,361,0.33,0.64,0.61,33.94,64.45,1.84,28.71,13.26,Dourados,MS,Centro-Oeste,-22.22,-54.82
2024,362,0.0,0.63,0.58,36.6,53.04,1.22,31.85,14.46,Dourados,MS,Centro-Oeste,-22.22,-54.82
2024,363,0.0,0.63,0.56,37.37,50.87,1.29,31.81,14.44,Dourados,MS,Centro-Oeste,-22.22,-54.82
2024,364,0.0,0.62,0.55,37.38,48.95,0.91,31.56,14.37,Dourados,MS,Centro-Oeste,-22.22,-54.82
2024,365,0.0,0.62,0.53,38.22,50.04,1.33,30.64,14.01,Dourados,MS,Centro-Oeste,-22.22,-54.82
2024,366,0.57,0.62,0.52,39.01,46.16,1.54,29.89,13.75,Dourados,MS,Centro-Oeste,-22.22,-54.82
2025,1,0.32,0.61,0.5,39.57,48.64,1.38,30.56,14.08,Dourados,MS,Centro-Oeste,-22.22,-54.82
2025,2,2.08,0.61,0.5,36.99,57.58,1.59,13.18,6.35,Dourados,MS,Centro-Oeste,-22.22,-54.82
2025,3,5.47,0.62,0.57,36.3,62.56,1.16,24.45,11.52,Dourados,MS,Centro-Oeste,-22.22,-54.82
2025,4,0.41,0.62,0.55,37.36,55.3,1.04,25.84,12.07,Dourados,MS,Centro-Oeste,-22.22,-54.82
2025,5,0.01,0.61,0.51,39.33,42.21,1.09,32.04,14.49,Dourados,MS,Centro-Oeste,-22.22,-54.82
2025,6,0.09,0.61,0.48,39.68,40.88,0.91,30.93,13.9,Dourados,MS,Centro-Oeste,-22.22,-54.82
2025,7,0.0,0.61,0.44,39.57,40.79,1.2,31.23,14.22,Dourados,MS,Centro-Oeste,-22.22,-54.82
2025,8,0.03,0.6,0.41,40.72,37.87,1.16,30.77,14.12,Dourados,MS,Centro-Oeste,-22.22,-54.82
2025,9,0.0,0.6,0.38,40.81,40.51,1.32,28.94,13.37,Dourados,MS,Centro-Oeste,-22.22,-54.82
2025,10,0.01,0.6,0.36,40.81,41.82,1.11,27.18,12.65,Dourados,MS,Centro-Oeste,-22.22,-54.82
2025,11,0.31,0.6,0.34,41.51,36.6,1.67,28.07,12.96,Dourados,MS,Centro-Oeste,-22.22,-54.82
2025,12,0.26,0.6,0.33,40.79,34.24,1.31,27.93,12.88,Dourados,MS,Centro-Oeste,-22.22,-54.82
2025,13,0.47,0.6,0.32,39.03,40.19,1.93,26.55,12.3,Dourados,MS,Centro-Oeste,-22.22,-54.82
2025,14,0.55,0.6,0.33,37.67,44.6,1.54,25.68,12.02,Dourados,MS,Centro-Oeste,-22.22,-54.82
2025,15,0.05,0.6,0.33,39.42,42.0,1.49,25.98,12.1,Dourados,MS,Centro-Oeste,-22.22,-54.82
2025,16,0.0,0.6,0.31,40.75,35.64,1.18,27.9,12.89,Dourados,MS,Centro-Oeste,-22.22,-54.82
2025,17,0.65,0.6,0.31,40.61,44.65,2.04,24.35,11.44,Dourados,MS,Centro-Oeste,-22.22,-54.82
2025,18,1.33,0.6,0.33,37.67,53.88,1.6,17.45,8.35,Dourados,MS,Centro-Oeste,-22.22,-54.82
2025,19,5.82,0.6,0.42,35.64,65.51,1.94,20.47,9.82,Dourados,MS,Centro-Oeste,-22.22,-54.82
2025,20,4.39,0.61,0.56,32.22,73.2,1.82,17.39,8.53,Dourados,MS,Centro-Oeste,-22.22,-54.82
2025,21,1.46,0.61,0.55,33.47,67.66,1.89,24.17,11.53,Dourados,MS,Centro-Oeste,-22.22,-54.82
2025,22,0.74,0.61,0.52,36.19,60.15,1.89,25.34,11.97,Dourados,MS,Centro-Oeste,-22.22,-54.82
2025,23,4.77,0.61,0.54,34.3,67.49,1.8,14.65,7.06,Dourados,MS,Centro-Oeste,-22.22,-54.82
2025,24,0.02,0.61,0.52,38.81,58.16,1.5,26.41,12.39,Dourados,MS,Centro-Oeste,-22.22,-54.82
2025,25,2.34,0.61,0.5,40.43,52.77,1.37,27.47,12.86,Dourados,MS,Centro-Oeste,-22.22,-54.82
2025,26,5.6,0.61,0.58,37.62,62.64,1.11,21.03,9.95,Dourados,MS,Centro-Oeste,-22.22,-54.82
2025,27,4.23,0.62,0.63,34.49,67.16,1.38,16.24,7.79,Dourados,MS,Centro-Oeste,-22.22,-54.82
2025,28,4.28,0.62,0.63,33.78,69.97,1.41,16.88,8.12,Dourados,MS,Centro-Oeste,-22.22,-54.82
2025,29,0.6,0.62,0.6,35.86,69.05,1.75,22.68,10.64,Dourados,MS,Centro-Oeste,-22.22,-54.82
2025,30,2.31,0.62,0.6,35.0,65.85,0.83,22.41,10.64,Dourados,MS,Centro-Oeste,-22.22,-54.82
2025,31,8.32,0.63,0.65,34.63,67.86,1.11,19.81,9.49,Dourados,MS,Centro-Oeste,-22.22,-54.82
2025,32,1.85,0.63,0.62,35.87,61.28,1.17,22.96,10.82,Dourados,MS,Centro-Oeste,-22.22,-54.82
2025,33,0.25,0.62,0.59,36.5,58.7,0.98,27.81,12.89,Dourados,MS,Centro-Oeste,-22.22,-54.82
2025,34,2.36,0.62,0.6,34.03,65.42,1.57,24.88,11.68,Dourados,MS,Centro-Oeste,-22.22,-54.82
2025,35,4.76,0.62,0.63,33.92,72.71,1.44,25.61,12.11,Dourados,MS,Centro-Oeste,-22.22,-54.82
2025,36,4.29,0.63,0.64,32.84,74.29,1.97,17.08,8.26,Dourados,MS,Centro-Oeste,-22.22,-54.82
2025,37,5.95,0.63,0.66,31.87,78.67,1.71,15.27,7.53,Dourados,MS,Centro-Oeste,-22.22,-54.82
2025,38,3.43,0.64,0.64,31.78,73.38,1.31,15.89,7.72,Dourados,MS,Centro-Oeste,-22.22,-54.82
2025,39,0.82,0.63,0.61,35.51,65.84,1.4,23.74,11.16,Dourados,MS,Centro-Oeste,-22.22,-54.82
2025,40,0.04,0.63,0.59,36.51,62.02,1.85,27.34,12.67,Dourados,MS,Centro-Oeste,-22.22,-54.82
2025,41,0.07,0.62,0.58,37.97,57.0,1.97,28.67,13.24,Dourados,MS,Centro-Oeste,-22.22,-54.82
2025,42,0.13,0.62,0.56,36.82,54.28,2.11,27.92,13.01,Dourados,MS,Centro-Oeste,-22.22,-54.82
2025,43,0.56,0.61,0.53,35.9,57.8,2.13,22.96,10.81,Dourados,MS,Centro-Oeste,-22.22,-54.82
2025,44,1.19,0.61,0.52,35.6,62.33,1.35,19.22,9.14,Dourados,MS,Centro-Oeste,-22.22,-54.82
2025,45,1.71,0.61,0.52,35.31,64.96,1.6,19.88,9.53,Dourados,MS,Centro-Oeste,-22.22,-54.82
2025,46,0.29,0.61,0.49,38.0,57.25,1.69,24.06,11.38,Dourados,MS,Centro-Oeste,-22.22,-54.82
2025,47,0.32,0.61,0.46,38.17,53.79,2.18,23.76,11.25,Dourados,MS,Centro-Oeste,-22.22,-54.82
2025,48,0.24,0.6,0.42,39.08,49.98,1.98,25.56,12.04,Dourados,MS,Centro-Oeste,-22.22,-54.82
2025,49,2.96,0.6,0.44,35.69,59.1,1.56,12.13,5.88,Dourados,MS,Centro-Oeste,-22.22,-54.82
2025,50,1.09,0.61,0.48,31.09,71.16,1.07,19.32,9.23,Dourados,MS,Centro-Oeste,-22.22,-54.82
2025,51,0.84,0.61,0.48,34.33,62.96,0.85,22.99,10.88,Dourados,MS,Centro-Oeste,-22.22,-54.82
2025,52,0.57,0.61,0.46,36.23,55.49,1.19,23.44,11.13,Dourados,MS,Centro-Oeste,-22.22,-54.82
2025,53,0.65,0.61,0.44,37.41,52.86,1.61,17.84,8.59,Dourados,MS,Centro-Oeste,-22.22,-54.82
2025,54,11.26,0.61,0.56,37.29,59.25,1.27,25.77,12.08,Dourados,MS,Centro-Oeste,-22.22,-54.82
2025,55,11.7,0.64,0.7,34.19,69.76,1.51,20.76,9.84,Dourados,MS,Centro-Oeste,-22.22,-54.82
2025,56,9.14,0.64,0.66,32.84,73.02,1.68,15.21,7.31,Dourados,MS,Centro-Oeste,-22.22,-54.82
2025,57,21.74,0.67,0.79,29.89,82.74,1.64,14.38,7.0,Dourados,MS,Centro-Oeste,-22.22,-54.82
2025,58,1.57,0.67,0.67,33.0,74.2,1.46,17.58,8.44,Dourados,MS,Centro-Oeste,-22.22,-54.82
2025,59,8.72,0.67,0.7,33.43,73.17,1.47,24.27,11.4,Dourados,MS,Centro-Oeste,-22.22,-54.82
2025,60,0.61,0.67,0.65,35.71,63.54,1.14,25.74,12.0,Dourados,MS,Centro-Oeste,-22.22,-54.82
2025,61,0.03,0.66,0.62,37.0,57.58,1.61,25.71,11.87,Dourados,MS,Centro-Oeste,-22.22,-54.82
2025,62,0.04,0.65,0.61,35.89,55.95,1.84,21.16,9.82,Dourados,MS,Centro-Oeste,-22.22,-54.82
2025,63,0.3,0.64,0.6,37.28,55.82,1.44,24.16,11.23,Dourados,MS,Centro-Oeste,-22.22,-54.82
2025,64,1.66,0.64,0.61,35.9,60.35,1.35,21.7,10.18,Dourados,MS,Centro-Oeste,-22.22,-54.82
2025,65,0.95,0.63,0.6,36.1,62.02,1.82,23.25,10.85,Dourados,MS,Centro-Oeste,-22.22,-54.82
2025,66,0.02,0.63,0.59,37.32,56.21,1.78,25.82,11.82,Dourados,MS,Centro-Oeste,-22.22,-54.82
2025,67,0.0,0.62,0.58,37.35,53.7,1.14,25.82,11.87,Dourados,MS,Centro-Oeste,-22.22,-54.82
2025,68,0.3,0.62,0.57,38.04,50.28,0.97,22.82,10.56,Dourados,MS,Centro-Oeste,-22.22,-54.82
2025,69,0.2,0.61,0.55,36.24,60.25,1.27,20.87,9.77,Dourados,MS,Centro-Oeste,-22.22,-54.82
2025,70,11.68,0.62,0.64,32.53,70.67,1.11,9.46,4.75,Dourados,MS,Centro-Oeste,-22.22,-54.82
2025,71,1.99,0.63,0.64,30.82,80.42,0.85,13.9,6.69,Dourados,MS,Centro-Oeste,-22.22,-54.82
2025,72,0.78,0.63,0.61,32.74,72.57,0.95,16.14,7.72,Dourados,MS,Centro-Oeste,-22.22,-54.82
2025,73,0.69,0.63,0.6,34.13,67.94,0.89,21.78,10.26,Dourados,MS,Centro-Oeste,-22.22,-54.82
2025,74,0.22,0.63,0.59,35.59,57.94,1.46,21.69,10.23,Dourados,MS,Centro-Oeste,-22.22,-54.82
2025,75,0.05,0.62,0.58,36.78,55.03,1.15,24.32,11.34,Dourados,MS,Centro-Oeste,-22.22,-54.82
2025,76,13.5,0.63,0.66,36.61,63.01,0.8,22.53,10.57,Dourados,MS,Centro-Oeste,-22.22,-54.82
2025,77,2.49,0.64,0.65,35.0,69.71,1.36,16.13,7.65,Dourados,MS,Centro-Oeste,-22.22,-54.82
2025,78,0.0,0.64,0.61,33.95,65.53,1.63,24.16,11.1,Dourados,MS,Centro-Oeste,-22.22,-54.82
2025,79,0.06,0.63,0.59,35.07,58.64,1.24,23.92,10.99,Dourados,MS,Centro-Oeste,-22.22,-54.82
2025,80,0.05,0.62,0.58,35.17,59.37,1.43,25.35,11.59,Dourados,MS,Centro-Oeste,-22.22,-54.82
2025,81,0.08,0.62,0.56,36.84,57.85,1.69,18.93,8.89,Dourados,MS,Centro-Oeste,-22.22,-54.82
2025,82,1.85,0.62,0.57,34.06,70.66,1.44,14.68,7.08,Dourados,MS,Centro-Oeste,-22.22,-54.82
2025,83,9.53,0.63,0.65,33.1,75.88,1.28,20.31,9.59,Dourados,MS,Centro-Oeste,-22.22,-54.82
2025,84,5.26,0.64,0.66,32.67,75.06,0.99,21.23,10.02,Dourados,MS,Centro-Oeste,-22.22,-54.82
2025,85,9.16,0.65,0.69,33.75,73.21,0.71,22.82,10.76,Dourados,MS,Centro-Oeste,-22.22,-54.82
2025,86,3.72,0.65,0.66,33.9,72.15,1.33,20.86,9.86,Dourados,MS,Centro-Oeste,-22.22,-54.82
2025,87,4.3,0.65,0.65,34.62,71.78,1.15,21.78,10.24,Dourados,MS,Centro-Oeste,-22.22,-54.82
2025,88,10.07,0.66,0.72,28.38,85.54,1.3,11.43,5.59,Dourados,MS,Centro-Oeste,-22.22,-54.82
2025,89,1.85,0.66,0.65,33.57,74.62,1.4,13.78,6.58,Dourados,MS,Centro-Oeste,-22.22,-54.82
2025,90,5.08,0.66,0.67,29.42,85.58,1.67,13.48,6.57,Dourados,MS,Centro-Oeste,-22.22,-54.82
2025,91,3.59,0.66,0.67,31.22,81.29,1.31,14.61,7.08,Dourados,MS,Centro-Oeste,-22.22,-54.82
2025,92,3.1,0.66,0.66,32.55,78.93,1.32,19.84,9.42,Dourados,MS,Centro-Oeste,-22.22,-54.82
2025,93,0.71,0.66,0.64,33.64,72.91,1.24,18.2,8.68,Dourados,MS,Centro-Oeste,-22.22,-54.82
2025,94,0.01,0.65,0.62,32.24,70.71,2.39,17.25,8.16,Dourados,MS,Centro-Oeste,-22.22,-54.82
2025,95,0.22,0.65,0.61,31.57,65.34,2.04,15.31,7.27,Dourados,MS,Centro-Oeste,-22.22,-54.82
2025,96,0.0,0.64,0.61,32.04,65.3,2.42,21.92,10.22,Dourados,MS,Centro-Oeste,-22.22,-54.82
2025,97,4.38,0.64,0.63,32.88,67.85,1.4,21.62,10.04,Dourados,MS,Centro-Oeste,-22.22,-54.82
2025,98,11.59,0.66,0.72,30.75,80.17,1.61,14.09,6.78,Dourados,MS,Centro-Oeste,-22.22,-54.82
2025,99,0.12,0.66,0.64,30.55,75.66,1.44,16.75,7.84,Dourados,MS,Centro-Oeste,-22.22,-54.82
2025,100,0.68,0.65,0.63,30.38,74.02,1.23,16.11,7.58,Dourados,MS,Centro-Oeste,-22.22,-54.82
2025,101,0.3,0.65,0.62,32.88,72.09,0.86,17.26,8.12,Dourados,MS,Centro-Oeste,-22.22,-54.82
2025,102,21.5,0.66,0.74,32.31,78.58,1.78,4.44,2.26,Dourados,MS,Centro-Oeste,-22.22,-54.82
2025,103,4.39,0.68,0.71,29.73,82.81,1.3,11.55,5.56,Dourados,MS,Centro-Oeste,-22.22,-54.82
2025,104,0.07,0.68,0.66,30.22,78.11,0.81,12.92,6.08,Dourados,MS,Centro-Oeste,-22.22,-54.82
2025,105,5.99,0.68,0.69,29.59,83.42,1.13,11.42,5.55,Dourados,MS,Centro-Oeste,-22.22,-54.82
2025,106,2.49,0.68,0.68,29.9,82.6,1.11,7.41,3.68,Dourados,MS,Centro-Oeste,-22.22,-54.82
2025,107,14.94,0.68,0.74,29.12,85.15,1.57,8.79,4.4,Dourados,MS,Centro-Oeste,-22.22,-54.82
2025,108,24.69,0.71,0.82,29.6,88.34,1.79,1.97,1.1,Dourados,MS,Centro-Oeste,-22.22,-54.82
2025,109,9.89,0.74,0.81,29.56,87.43,1.75,6.95,3.54,Dourados,MS,Centro-Oeste,-22.22,-54.82
2025,110,0.24,0.73,0.74,27.7,85.42,1.61,11.79,5.62,Dourados,MS,Centro-Oeste,-22.22,-54.82
2025,111,0.46,0.72,0.73,28.48,84.47,1.15,18.02,8.41,Dourados,MS,Centro-Oeste,-22.22,-54.82
2025,112,0.02,0.71,0.72,26.91,82.9,1.21,18.42,8.56,Dourados,MS,Centro-Oeste,-22.22,-54.82
2025,113,1.43,0.71,0.72,26.98,84.44,1.11,16.2,7.65,Dourados,MS,Centro-Oeste,-22.22,-54.82
2025,114,23.76,0.73,0.83,23.59,94.45,1.18,4.16,2.13,Dourados,MS,Centro-Oeste,-22.22,-54.82
2025,115,2.73,0.74,0.77,29.26,85.79,1.23,7.05,3.51,Dourados,MS,Centro-Oeste,-22.22,-54.82
2025,116,1.57,0.73,0.75,30.54,85.47,1.21,13.69,6.54,Dourados,MS,Centro-Oeste,-22.22,-54.82
2025,117,5.83,0.73,0.76,29.86,86.5,1.89,5.62,2.85,Dourados,MS,Centro-Oeste,-22.22,-54.82
2025,118,1.6,0.73,0.75,27.04,83.53,2.5,12.55,5.9,Dourados,MS,Centro-Oeste,-22.22,-54.82
2025,119,0.01,0.72,0.73,24.78,71.15,1.54,20.61,9.05,Dourados,MS,Centro-Oeste,-22.22,-54.82
2025,120,0.03,0.71,0.72,25.15,70.71,1.04,18.89,8.36,Dourados,MS,Centro-Oeste,-22.22,-54.82
2025,121,0.0,0.71,0.71,26.64,77.85,1.33,19.83,8.86,Dourados,MS,Centro-Oeste,-22.22,-54.82
2025,122,0.0,0.7,0.7,27.59,76.57,1.1,19.81,8.85,Dourados,MS,Centro-Oeste,-22.22,-54.82
2025,123,0.01,0.7,0.69,28.1,76.78,1.09,13.25,6.19,Dourados,MS,Centro-Oeste,-22.22,-54.82
2025,124,0.0,0.69,0.69,29.74,79.43,1.53,15.08,7.07,Dourados,MS,Centro-Oeste,-22.22,-54.82
2025,125,0.0,0.69,0.68,30.28,75.66,1.53,14.98,6.97,Dourados,MS,Centro-Oeste,-22.22,-54.82
2025,126,0.0,0.68,0.67,30.02,73.47,1.57,16.46,7.64,Dourados,MS,Centro-Oeste,-22.22,-54.82
2025,127,0.0,0.68,0.66,31.44,73.17,1.65,11.46,5.45,Dourados,MS,Centro-Oeste,-22.22,-54.82
2025,128,0.01,0.67,0.65,32.77,72.45,1.83,18.22,8.37,Dourados,MS,Centro-Oeste,-22.22,-54.82
2025,129,6.8,0.67,0.67,32.68,77.04,2.18,15.26,7.12,Dourados,MS,Centro-Oeste,-22.22,-54.82
2025,130,4.55,0.68,0.72,26.42,83.44,2.07,8.39,4.03,Dourados,MS,Centro-Oeste,-22.22,-54.82
2025,131,0.01,0.68,0.67,26.94,78.23,1.96,14.11,6.49,Dourados,MS,Centro-Oeste,-22.22,-54.82
2025,132,0.03,0.68,0.66,28.43,80.36,1.51,17.79,8.14,Dourados,MS,Centro-Oeste,-22.22,-54.82
2025,133,0.01,0.67,0.66,29.68,77.77,1.4,17.25,7.94,Dourados,MS,Centro-Oeste,-22.22,-54.82
2025,134,0.01,0.67,0.65,29.56,74.39,1.86,17.71,8.09,Dourados,MS,Centro-Oeste,-22.22,-54.82
2025,135,0.0,0.66,0.64,28.33,69.77,1.78,17.75,7.96,Dourados,MS,Centro-Oeste,-22.22,-54.82
2025,136,0.0,0.66,0.64,30.44,69.79,1.87,16.63,7.59,Dourados,MS,Centro-Oeste,-22.22,-54.82
2025,137,0.31,0.66,0.63,31.14,66.34,2.19,15.46,7.08,Dourados,MS,Centro-Oeste,-22.22,-54.82
2025,138,0.22,0.65,0.63,31.46,68.35,1.9,15.54,7.17,Dourados,MS,Centro-Oeste,-22.22,-54.82
2025,139,0.42,0.65,0.63,31.68,71.29,1.35,16.64,7.69,Dourados,MS,Centro-Oeste,-22.22,-54.82
2025,140,0.02,0.65,0.62,32.36,66.02,1.14,13.38,6.26,Dourados,MS,Centro-Oeste,-22.22,-54.82
2025,141,0.0,0.65,0.62,31.7,64.04,1.02,16.35,7.49,Dourados,MS,Centro-Oeste,-22.22,-54.82
2025,142,0.03,0.64,0.61,31.73,62.85,0.99,15.83,7.26,Dourados,MS,Centro-Oeste,-22.22,-54.82
2025,143,0.08,0.64,0.61,31.1,66.05,1.13,15.82,7.3,Dourados,MS,Centro-Oeste,-22.22,-54.82
2025,144,0.01,0.64,0.61,31.35,62.32,1.6,16.48,7.49,Dourados,MS,Centro-Oeste,-22.22,-54.82
2025,145,0.0,0.64,0.6,31.99,63.57,1.57,16.58,7.5,Dourados,MS,Centro-Oeste,-22.22,-54.82
2025,146,0.01,0.63,0.6,32.67,61.0,1.98,13.01,5.97,Dourados,MS,Centro-Oeste,-22.22,-54.82
2025,147,0.28,0.63,0.59,30.19,58.6,2.64,12.15,5.64,Dourados,MS,Centro-Oeste,-22.22,-54.82
2025,148,16.9,0.66,0.71,22.25,68.09,2.81,8.58,3.98,Dourados,MS,Centro-Oeste,-22.22,-54.82
2025,149,0.08,0.66,0.64,16.86,71.94,1.11,12.94,5.7,Dourados,MS,Centro-Oeste,-22.22,-54.82
2025,150,0.03,0.65,0.63,19.74,69.79,0.8,16.46,7.21,Dourados,MS,Centro-Oeste,-22.22,-54.82
2025,151,0.02,0.65,0.63,23.27,67.63,0.77,12.06,5.47,Dourados,MS,Centro-Oeste,-22.22,-54.82
2025,152,0.49,0.65,0.63,25.46,76.96,0.79,8.4,3.93,Dourados,MS,Centro-Oeste,-22.22,-54.82
2025,153,12.25,0.66,0.71,27.6,79.98,1.17,10.22,4.8,Dourados,MS,Centro-Oeste,-22.22,-54.82
2025,154,0.28,0.67,0.66,29.44,74.95,1.33,14.75,6.76,Dourados,MS,Centro-Oeste,-22.22,-54.82
2025,155,5.8,0.67,0.69,30.55,80.41,1.72,12.53,5.84,Dourados,MS,Centro-Oeste,-22.22,-54.82
2025,156,4.34,0.67,0.68,30.64,77.21,1.83,8.33,3.92,Dourados,MS,Centro-Oeste,-22.22,-54.82
2025,157,0.39,0.67,0.66,29.06,82.49,1.25,10.56,4.9,Dourados,MS,Centro-Oeste,-22.22,-54.82
2025,158,3.05,0.67,0.67,29.09,79.92,1.23,14.05,6.5,Dourados,MS,Centro-Oeste,-22.22,-54.82
2025,159,8.34,0.67,0.71,26.08,89.26,1.59,5.46,2.66,Dourados,MS,Centro-Oeste,-22.22,-54.82
2025,160,0.37,0.68,0.68,23.44,75.11,1.82,15.53,6.92,Dourados,MS,Centro-Oeste,-22.22,-54.82
2025,161,0.0,0.67,0.66,22.63,72.11,1.04,16.39,7.08,Dourados,MS,Centro-Oeste,-22.22,-54.82
2025,162,0.0,0.67,0.65,23.03,73.08,1.43,16.23,7.09,Dourados,MS,Centro-Oeste,-22.22,-54.82
2025,163,0.0,0.67,0.65,22.77,71.77,2.19,15.59,6.89,Dourados,MS,Centro-Oeste,-22.22,-54.82
2025,164,0.12,0.66,0.64,23.92,68.55,2.41,10.66,4.92,Dourados,MS,Centro-Oeste,-22.22,-54.82
2025,165,1.39,0.66,0.64,30.19,67.25,2.67,9.54,4.4,Dourados,MS,Centro-Oeste,-22.22,-54.82
2025,166,12.04,0.68,0.74,19.9,84.68,1.65,11.25,5.19,Dourados,MS,Centro-Oeste,-22.22,-54.82
2025,167,0.01,0.68,0.66,30.2,76.59,2.26,13.81,6.34,Dourados,MS,Centro-Oeste,-22.22,-54.82
2025,168,0.0,0.67,0.65,29.36,72.02,2.04,14.52,6.69,Dourados,MS,Centro-Oeste,-22.22,-54.82
2025,169,0.0,0.67,0.65,28.75,66.95,1.37,14.67,6.76,Dourados,MS,Centro-Oeste,-22.22,-54.82
2025,170,0.0,0.66,0.64,29.51,72.2,1.59,14.47,6.64,Dourados,MS,Centro-Oeste,-22.22,-54.82
2025,171,0.0,0.66,0.64,26.3,79.73,1.22,10.17,4.81,Dourados,MS,Centro-Oeste,-22.22,-54.82
2025,172,1.38,0.66,0.64,25.15,80.96,0.99,6.94,3.35,Dourados,MS,Centro-Oeste,-22.22,-54.82
2025,173,0.19,0.66,0.64,29.26,70.49,2.6,9.58,4.49,Dourados,MS,Centro-Oeste,-22.22,-54.82
2025,174,3.14,0.66,0.66,21.16,74.17,3.22,4.75,2.34,Dourados,MS,Centro-Oeste,-22.22,-54.82
2025,175,0.0,0.66,0.64,16.39,55.04,1.4,17.17,7.23,Dourados,MS,Centro-Oeste,-22.22,-54.82
2025,176,0.03,0.66,0.63,23.82,63.53,2.06,15.04,6.73,Dourados,MS,Centro-Oeste,-22.22,-54.82
2025,177,1.16,0.65,0.64,26.8,83.59,2.32,6.26,3.05,Dourados,MS,Centro-Oeste,-22.22,-54.82
2025,178,0.12,0.65,0.63,26.54,81.5,0.98,6.23,3.0,Dourados,MS,Centro-Oeste,-22.22,-54.82
2025,179,0.03,0.65,0.63,31.46,73.81,2.05,14.25,6.61,Dourados,MS,Centro-Oeste,-22.22,-54.82
2025,180,0.08,0.65,0.62,27.85,75.94,2.69,8.7,4.04,Dourados,MS,Centro-Oeste,-22.22,-54.82
2025,181,0.04,0.65,0.63,16.35,74.89,2.68,4.84,2.41,Dourados,MS,Centro-Oeste,-22.22,-54.82
2025,182,0.0,0.65,0.62,17.33,65.12,1.92,8.28,3.83,Dourados,MS,Centro-Oeste,-22.22,-54.82
2025,183,0.0,0.64,0.62,22.29,62.01,1.26,12.18,5.54,Dourados,MS,Centro-Oeste,-22.22,-54.82
2025,184,0.0,0.64,0.62,23.69,67.0,1.23,13.01,5.91,Dourados,MS,Centro-Oeste,-22.22,-54.82
2025,185,0.0,0.64,0.62,24.44,74.87,1.79,16.1,7.16,Dourados,MS,Centro-Oeste,-22.22,-54.82
2025,186,0.0,0.64,0.61,26.46,72.36,1.05,15.69,6.95,Dourados,MS,Centro-Oeste,-22.22,-54.82
2025,187,0.0,0.64,0.61,27.21,68.39,1.31,16.38,7.23,Dourados,MS,Centro-Oeste,-22.22,-54.82
2025,188,0.0,0.64,0.61,27.4,70.29,1.22,16.14,7.18,Dourados,MS,Centro-Oeste,-22.22,-54.82
2025,189,0.0,0.63,0.61,27.04,68.68,1.12,16.08,7.16,Dourados,MS,Centro-Oeste,-22.22,-54.82
2025,190,0.0,0.63,0.61,26.34,67.03,1.3,16.3,7.21,Dourados,MS,Centro-Oeste,-22.22,-54.82
2025,191,0.0,0.63,0.61,28.06,67.4,1.36,15.82,7.07,Dourados,MS,Centro-Oeste,-22.22,-54.82
2025,192,0.0,0.63,0.6,28.53,67.06,1.53,12.58,5.72,Dourados,MS,Centro-Oeste,-22.22,-54.82
2025,193,0.0,0.63,0.6,28.6,63.13,1.64,14.2,6.4,Dourados,MS,Centro-Oeste,-22.22,-54.82
2025,194,0.0,0.62,0.6,28.8,63.1,1.66,12.71,5.79,Dourados,MS,Centro-Oeste,-22.22,-54.82
2025,195,0.0,0.62,0.59,29.31,66.39,1.38,14.48,6.56,Dourados,MS,Centro-Oeste,-22.22,-54.82
2025,196,0.0,0.62,0.58,31.03,61.67,1.77,15.98,7.19,Dourados,MS,Centro-Oeste,-22.22,-54.82
2025,197,0.0,0.62,0.56,31.12,56.15,1.79,16.41,7.33,Dourados,MS,Centro-Oeste,-22.22,-54.82
2025,198,0.0,0.62,0.55,25.55,63.86,2.14,10.16,4.73,Dourados,MS,Centro-Oeste,-22.22,-54.82
2025,199,0.0,0.62,0.55,22.76,59.37,1.67,15.27,6.6,Dourados,MS,Centro-Oeste,-22.22,-54.82
2025,200,0.0,0.61,0.54,26.49,62.0,1.01,15.6,6.81,Dourados,MS,Centro-Oeste,-22.22,-54.82
2025,201,0.0,0.61,0.53,27.28,60.78,1.23,11.71,5.28,Dourados,MS,Centro-Oeste,-22.22,-54.82
2025,202,0.0,0.61,0.52,30.44,59.54,1.14,16.36,7.36,Dourados,MS,Centro-Oeste,-22.22,-54.82
2025,203,0.0,0.61,0.51,31.47,57.65,0.84,16.79,7.56,Dourados,MS,Centro-Oeste,-22.22,-54.82
2025,204,0.0,0.61,0.49,31.33,56.25,0.86,15.93,7.25,Dourados,MS,Centro-Oeste,-22.22,-54.82
2025,205,0.0,0.61,0.48,33.37,47.36,1.78,12.04,5.54,Dourados,MS,Centro-Oeste,-22.22,-54.82
2025,206,0.01,0.61,0.46,32.96,49.77,1.38,16.89,7.55,Dourados,MS,Centro-Oeste,-22.22,-54.82
2025,207,0.0,0.61,0.45,32.94,52.27,1.94,15.62,7.12,Dourados,MS,Centro-Oeste,-22.22,-54.82
2025,208,8.49,0.61,0.47,34.58,50.09,3.27,13.34,6.09,Dourados,MS,Centro-Oeste,-22.22,-54.82
2025,209,6.77,0.63,0.67,22.74,76.1,2.68,8.3,3.91,Dourados,MS,Centro-Oeste,-22.22,-54.82
2025,210,0.1,0.63,0.62,22.9,67.78,1.94,17.85,7.82,Dourados,MS,Centro-Oeste,-22.22,-54.82
2025,211,0.0,0.63,0.6,26.14,58.57,1.53,18.45,8.05,Dourados,MS,Centro-Oeste,-22.22,-54.82
2025,212,0.0,0.63,0.59,29.29,47.82,2.27,18.59,8.17,Dourados,MS,Centro-Oeste,-22.22,-54.82
2025,213,0.0,0.62,0.58,33.58,45.6,2.74,17.38,7.74,Dourados,MS,Centro-Oeste,-22.22,-54.82
2025,214,0.0,0.62,0.56,34.76,52.21,2.32,14.78,6.79,Dourados,MS,Centro-Oeste,-22.22,-54.82
2025,215,3.8,0.62,0.57,31.66,58.41,1.9,11.81,5.42,Dourados,MS,Centro-Oeste,-22.22,-54.82
2025,216,15.35,0.65,0.73,24.04,84.58,1.24,3.07,1.58,Dourados,MS,Centro-Oeste,-22.22,-54.82
2025,217,1.77,0.65,0.65,26.85,78.15,1.19,9.77,4.55,Dourados,MS,Centro-Oeste,-22.22,-54.82
2025,218,0.28,0.65,0.62,27.86,71.32,1.47,17.79,8.01,Dourados,MS,Centro-Oeste,-22.22,-54.82
2025,219,0.32,0.64,0.62,28.01,71.19,1.51,15.23,6.96,Dourados,MS,Centro-Oeste,-22.22,-54.82
2025,220,0.25,0.64,0.62,24.31,72.11,2.73,13.06,6.01,Dourados,MS,Centro-Oeste,-22.22,-54.82
2025,221,0.0,0.64,0.61,19.33,62.93,1.96,18.4,7.93,Dourados,MS,Centro-Oeste,-22.22,-54.82
2025,222,0.01,0.63,0.61,21.64,60.46,1.23,20.16,8.59,Dourados,MS,Centro-Oeste,-22.22,-54.82
2025,223,0.0,0.63,0.61,23.74,56.94,1.26,20.03,8.6,Dourados,MS,Centro-Oeste,-22.22,-54.82
2025,224,0.0,0.63,0.61,25.79,58.07,1.42,20.17,8.77,Dourados,MS,Centro-Oeste,-22.22,-54.82
2025,225,0.0,0.63,0.6,28.52,54.4,1.03,20.24,8.75,Dourados,MS,Centro-Oeste,-22.22,-54.82
2025,226,0.0,0.62,0.59,29.87,56.7,1.05,20.08,8.74,Dourados,MS,Centro-Oeste,-22.22,-54.82
2025,227,0.0,0.62,0.58,29.33,56.4,1.15,19.97,8.7,Dourados,MS,Centro-Oeste,-22.22,-54.82
2025,228,0.0,0.62,0.57,31.97,54.67,1.19,20.04,8.82,Dourados,MS,Centro-Oeste,-22.22,-54.82
2025,229,0.0,0.62,0.55,33.5,53.34,1.21,17.33,7.83,Dourados,MS,Centro-Oeste,-22.22,-54.82
2025,230,0.0,0.61,0.53,35.2,47.31,2.7,19.36,8.74,Dourados,MS,Centro-Oeste,-22.22,-54.82
2025,231,0.17,0.61,0.5,36.47,39.26,3.84,12.39,5.67,Dourados,MS,Centro-Oeste,-22.22,-54.82
2025,232,3.12,0.61,0.54,24.09,67.02,2.48,13.48,6.26,Dourados,MS,Centro-Oeste,-22.22,-54.82
2025,233,0.44,0.61,0.55,34.36,62.21,2.27,17.35,7.97,Dourados,MS,Centro-Oeste,-22.22,-54.82
2025,234,0.0,0.61,0.51,36.8,43.67,3.24,17.65,7.99,Dourados,MS,Centro-Oeste,-22.22,-54.82
2025,235,0.95,0.61,0.49,36.8,48.46,3.71,16.41,7.43,Dourados,MS,Centro-Oeste,-22.22,-54.82
2025,236,0.35,0.61,0.48,21.22,67.67,3.6,6.22,3.11,Dourados,MS,Centro-Oeste,-22.22,-54.82
2025,237,0.48,0.61,0.48,22.4,66.97,2.71,13.26,6.11,Dourados,MS,Centro-Oeste,-22.22,-54.82
2025,238,0.57,0.61,0.49,26.59,55.75,2.11,21.34,9.39,Dourados,MS,Centro-Oeste,-22.22,-54.82
2025,239,0.01,0.61,0.47,30.53,55.8,1.31,21.03,9.25,Dourados,MS,Centro-Oeste,-22.22,-54.82
2025,240,0.38,0.61,0.45,26.97,60.19,1.28,11.09,5.2,Dourados,MS,Centro-Oeste,-22.22,-54.82
2025,241,0.04,0.6,0.44,34.22,54.39,1.77,20.09,9.05,Dourados,MS,Centro-Oeste,-22.22,-54.82
2025,242,0.0,0.6,0.41,35.27,42.7,2.94,21.09,9.52,Dourados,MS,Centro-Oeste,-22.22,-54.82
2025,243,1.07,0.6,0.39,36.94,37.24,3.08,20.06,9.14,Dourados,MS,Centro-Oeste,-22.22,-54.82
2025,244,2.47,0.6,0.42,36.17,42.74,2.28,7.27,3.54,Dourados,MS,Centro-Oeste,-22.22,-54.82
2025,245,0.08,0.61,0.45,37.41,40.11,2.87,20.54,9.28,Dourados,MS,Centro-Oeste,-22.22,-54.82
2025,246,0.0,0.6,0.4,37.87,37.42,2.73,20.44,9.34,Dourados,MS,Centro-Oeste,-22.22,-54.82
2025,247,0.0,0.6,0.37,37.19,38.16,2.89,15.08,7.0,Dourados,MS,Centro-Oeste,-22.22,-54.82
2025,248,0.9,0.6,0.37,32.2,64.93,2.66,13.35,6.27,Dourados,MS,Centro-Oeste,-22.22,-54.82
2025,249,0.38,0.6,0.38,32.09,58.33,2.02,12.91,6.1,Dourados,MS,Centro-Oeste,-22.22,-54.82
2025,250,0.07,0.6,0.37,35.12,46.44,1.47,14.41,6.76,Dourados,MS,Centro-Oeste,-22.22,-54.82
2025,251,0.36,0.6,0.35,38.59,35.84,2.7,18.38,8.36,Dourados,MS,Centro-Oeste,-22.22,-54.82
2025,252,3.17,0.6,0.43,34.66,43.13,2.77,23.15,10.17,Dourados,MS,Centro-Oeste,-22.22,-54.82
2025,253,0.04,0.6,0.42,36.7,42.99,1.51,24.45,10.7,Dourados,MS,Centro-Oeste,-22.22,-54.82
2025,254,0.06,0.6,0.39,38.45,34.71,1.51,16.15,7.36,Dourados,MS,Centro-Oeste,-22.22,-54.82
2025,255,0.24,0.6,0.37,36.29,44.78,1.53,19.3,8.82,Dourados,MS,Centro-Oeste,-22.22,-54.82
2025,256,0.01,0.6,0.35,38.35,35.71,2.04,21.21,9.65,Dourados,MS,Centro-Oeste,-22.22,-54.82
2025,257,0.0,0.6,0.33,39.41,34.72,2.09,20.47,9.25,Dourados,MS,Centro-Oeste,-22.22,-54.82
2025,258,0.73,0.6,0.32,38.61,38.39,2.52,17.91,8.2,Dourados,MS,Centro-Oeste,-22.22,-54.82
2025,259,3.11,0.6,0.44,36.7,51.27,1.18,15.29,7.03,Dourados,MS,Centro-Oeste,-22.22,-54.82
2025,260,0.0,0.6,0.41,37.17,47.74,1.44,22.84,10.38,Dourados,MS,Centro-Oeste,-22.22,-54.82
2025,261,0.0,0.6,0.37,37.25,37.51,2.25,22.68,10.33,Dourados,MS,Centro-Oeste,-22.22,-54.82
2025,262,0.0,0.6,0.35,39.36,34.54,1.76,22.98,10.47,Dourados,MS,Centro-Oeste,-22.22,-54.82
2025,263,0.01,0.6,0.33,39.82,34.8,2.99,20.91,9.59,Dourados,MS,Centro-Oeste,-22.22,-54.82
2025,264,0.11,0.6,0.31,39.14,37.26,4.54,21.07,9.67,Dourados,MS,Centro-Oeste,-22.22,-54.82
2025,265,15.09,0.62,0.6,30.34,52.66,3.91,5.18,2.6,Dourados,MS,Centro-Oeste,-22.22,-54.82
2025,266,0.0,0.62,0.6,29.99,47.84,2.37,26.7,11.61,Dourados,MS,Centro-Oeste,-22.22,-54.82
2025,267,0.04,0.62,0.58,31.19,47.65,2.15,24.43,11.17,Dourados,MS,Centro-Oeste,-22.22,-54.82
2025,268,0.0,0.61,0.55,33.26,51.44,2.58,25.64,11.53,Dourados,MS,Centro-Oeste,-22.22,-54.82
2025,269,0.32,0.61,0.52,34.58,52.47,2.85,25.92,11.62,Dourados,MS,Centro-Oeste,-22.22,-54.82
2025,270,0.28,0.61,0.49,38.25,45.85,2.8,25.15,11.4,Dourados,MS,Centro-Oeste,-22.22,-54.82
2025,271,5.44,0.61,0.56,32.07,58.59,1.23,14.07,6.57,Dourados,MS,Centro-Oeste,-22.22,-54.82
2025,272,0.53,0.61,0.55,35.36,58.49,1.7,18.69,8.68,Dourados,MS,Centro-Oeste,-22.22,-54.82
2025,273,15.34,0.62,0.65,36.59,61.11,2.03,13.33,6.26,Dourados,MS,Centro-Oeste,-22.22,-54.82
2025,274,0.74,0.63,0.62,35.56,65.9,1.84,5.7,2.92,Dourados,MS,Centro-Oeste,-22.22,-54.82
2025,275,1.96,0.63,0.61,34.04,64.92,1.32,11.01,5.27,Dourados,MS,Centro-Oeste,-22.22,-54.82
2025,276,0.09,0.63,0.6,32.48,62.59,1.18,8.87,4.34,Dourados,MS,Centro-Oeste,-22.22,-54.82
2025,277,0.0,0.62,0.58,39.15,49.88,2.34,24.22,10.95,Dourados,MS,Centro-Oeste,-22.22,-54.82
2025,278,0.0,0.61,0.54,40.25,38.94,2.86,22.6,10.11,Dourados,MS,Centro-Oeste,-22.22,-54.82
2025,279,1.92,0.61,0.53,39.29,47.4,3.99,14.78,6.84,Dourados,MS,Centro-Oeste,-22.22,-54.82
2025,280,4.03,0.62,0.6,30.69,59.11,2.97,10.57,5.11,Dourados,MS,Centro-Oeste,-22.22,-54.82
2025,281,0.11,0.61,0.56,33.38,55.12,1.91,13.53,6.41,Dourados,MS,Centro-Oeste,-22.22,-54.82
2025,282,0.0,0.61,0.53,32.42,60.09,1.87,20.36,9.5,Dourados,MS,Centro-Oeste,-22.22,-54.82
2025,283,0.19,0.61,0.49,37.18,52.34,1.42,22.38,10.27,Dourados,MS,Centro-Oeste,-22.22,-54.82
2025,284,0.42,0.61,0.45,37.74,50.41,2.43,24.63,11.31,Dourados,MS,Centro-Oeste,-22.22,-54.82
2025,285,7.59,0.61,0.47,37.09,51.8,3.28,15.0,7.11,Dourados,MS,Centro-Oeste,-22.22,-54.82
2025,286,8.45,0.63,0.68,32.65,67.04,2.39,8.97,4.37,Dourados,MS,Centro-Oeste,-22.22,-54.82
2025,287,0.06,0.63,0.6,34.12,56.86,1.64,25.01,11.47,Dourados,MS,Centro-Oeste,-22.22,-54.82
2025,288,0.01,0.62,0.58,37.05,57.7,2.22,24.19,11.19,Dourados,MS,Centro-Oeste,-22.22,-54.82
2025,289,2.73,0.62,0.59,38.52,60.69,2.05,22.37,10.43,Dourados,MS,Centro-Oeste,-22.22,-54.82
2025,290,3.38,0.62,0.61,37.88,56.57,1.62,20.88,9.76,Dourados,MS,Centro-Oeste,-22.22,-54.82
2025,291,25.11,0.65,0.74,26.49,82.89,2.23,6.64,3.45,Dourados,MS,Centro-Oeste,-22.22,-54.82
2025,292,0.03,0.65,0.63,30.21,63.53,2.8,25.85,11.66,Dourados,MS,Centro-Oeste,-22.22,-54.82
2025,293,0.0,0.65,0.61,29.45,54.18,3.08,29.41,13.13,Dourados,MS,Centro-Oeste,-22.22,-54.82
2025,294,0.0,0.64,0.6,31.56,52.85,3.4,29.05,12.98,Dourados,MS,Centro-Oeste,-22.22,-54.82
2025,295,0.0,0.63,0.59,34.13,51.17,2.8,29.0,13.07,Dourados,MS,Centro-Oeste,-22.22,-54.82
2025,296,0.0,0.63,0.59,35.44,47.68,2.93,23.46,10.67,Dourados,MS,Centro-Oeste,-22.22,-54.82
2025,297,0.0,0.62,0.58,37.91,45.71,3.1,28.23,12.88,Dourados,MS,Centro-Oeste,-22.22,-54.82
2025,298,3.34,0.62,0.59,38.72,46.68,3.08,24.76,11.44,Dourados,MS,Centro-Oeste,-22.22,-54.82
2025,299,6.81,0.63,0.64,29.07,71.94,1.45,2.69,1.51,Dourados,MS,Centro-Oeste,-22.22,-54.82
2025,300,2.28,0.63,0.63,31.22,72.96,1.17,14.3,6.89,Dourados,MS,Centro-Oeste,-22.22,-54.82
2025,301,5.54,0.63,0.65,32.21,69.93,1.28,17.46,8.37,Dourados,MS,Centro-Oeste,-22.22,-54.82
2025,302,4.04,0.64,0.66,29.5,74.05,2.36,11.3,5.65,Dourados,MS,Centro-Oeste,-22.22,-54.82
2025,303,0.14,0.64,0.61,28.93,63.93,1.69,19.7,9.32,Dourados,MS,Centro-Oeste,-22.22,-54.82
2025,304,0.14,0.63,0.6,32.95,62.56,1.32,21.82,10.22,Dourados,MS,Centro-Oeste,-22.22,-54.82
2025,305,3.9,0.63,0.62,34.54,64.56,1.86,18.23,8.63,Dourados,MS,Centro-Oeste,-22.22,-54.82
2025,306,4.29,0.63,0.64,32.45,69.22,1.84,12.33,6.04,Dourados,MS,Centro-Oeste,-22.22,-54.82
2025,307,0.9,0.63,0.62,35.58,66.79,1.19,23.25,10.83,Dourados,MS,Centro-Oeste,-22.22,-54.82
2025,308,9.7,0.63,0.65,36.44,65.26,1.68,24.06,11.26,Dourados,MS,Centro-Oeste,-22.22,-54.82
2025,309,21.26,0.66,0.78,32.35,75.59,2.26,5.89,2.99,Dourados,MS,Centro-Oeste,-22.22,-54.82
2025,310,0.0,0.67,0.65,33.93,68.97,0.89,26.78,12.44,Dourados,MS,Centro-Oeste,-22.22,-54.82
2025,311,1.23,0.66,0.62,36.78,61.48,3.19,23.94,11.24,Dourados,MS,Centro-Oeste,-22.22,-54.82
2025,312,9.64,0.66,0.7,28.84,67.88,2.73,17.05,8.05,Dourados,MS,Centro-Oeste,-22.22,-54.82
2025,313,0.0,0.66,0.63,30.92,61.15,1.51,28.2,12.71,Dourados,MS,Centro-Oeste,-22.22,-54.82
2025,314,0.0,0.65,0.61,33.45,58.43,2.13,29.06,13.48,Dourados,MS,Centro-Oeste,-22.22,-54.82
2025,315,0.0,0.64,0.6,35.78,53.52,1.67,29.21,13.47,Dourados,MS,Centro-Oeste,-22.22,-54.82
2025,316,9.22,0.64,0.66,37.09,61.48,1.59,24.28,11.33,Dourados,MS,Centro-Oeste,-22.22,-54.82
2025,317,15.52,0.66,0.73,31.19,79.77,1.77,4.85,2.61,Dourados,MS,Centro-Oeste,-22.22,-54.82
2025,318,10.68,0.68,0.73,31.17,77.6,1.53,14.0,6.87,Dourados,MS,Centro-Oeste,-22.22,-54.82
2025,319,11.15,0.7,0.76,28.47,82.71,1.64,7.54,3.96,Dourados,MS,Centro-Oeste,-22.22,-54.82
2025,320,4.55,0.69,0.7,32.11,74.63,2.16,18.45,8.88,Dourados,MS,Centro-Oeste,-22.22,-54.82
2025,321,56.48,0.72,0.83,24.28,82.03,2.63,6.39,3.35,Dourados,MS,Centro-Oeste,-22.22,-54.82
2025,322,0.37,0.72,0.73,27.52,72.32,1.93,31.02,13.85,Dourados,MS,Centro-Oeste,-22.22,-54.82
2025,323,0.08,0.71,0.69,30.6,67.54,1.28,30.63,13.79,Dourados,MS,Centro-Oeste,-22.22,-54.82
2025,324,0.0,0.69,0.67,32.57,60.99,1.61,31.6,14.15,Dourados,MS,Centro-Oeste,-22.22,-54.82
2025,325,0.0,0.68,0.65,34.99,58.22,1.56,31.02,14.03,Dourados,MS,Centro-Oeste,-22.22,-54.82
2025,326,0.05,0.67,0.64,35.31,60.84,1.41,27.93,12.88,Dourados,MS,Centro-Oeste,-22.22,-54.82
2025,327,4.61,0.67,0.67,33.31,70.03,1.47,14.24,6.94,Dourados,MS,Centro-Oeste,-22.22,-54.82
2025,328,0.61,0.66,0.64,33.18,67.51,1.26,28.58,13.22,Dourados,MS,Centro-Oeste,-22.22,-54.82
2025,329,0.0,0.66,0.62,34.39,58.03,1.37,31.28,14.08,Dourados,MS,Centro-Oeste,-22.22,-54.82
2025,330,0.0,0.65,0.61,35.68,49.73,1.54,31.65,14.22,Dourados,MS,Centro-Oeste,-22.22,-54.82
2025,331,0.0,0.64,0.6,36.32,50.41,1.84,29.64,13.58,Dourados,MS,Centro-Oeste,-22.22,-54.82
2025,332,0.48,0.64,0.59,37.81,52.19,1.17,28.33,12.99,Dourados,MS,Centro-Oeste,-22.22,-54.82
2025,333,1.11,0.64,0.6,38.67,52.55,0.93,30.39,13.94,Dourados,MS,Centro-Oeste,-22.22,-54.82
2025,334,0.0,0.63,0.58,40.4,46.77,1.48,29.59,13.61,Dourados,MS,Centro-Oeste,-22.22,-54.82
2025,335,26.81,0.64,0.72,37.29,59.58,1.58,14.2,6.84,Dourados,MS,Centro-Oeste,-22.22,-54.82
2025,336,10.88,0.69,0.76,29.64,80.64,1.64,17.42,8.41,Dourados,MS,Centro-Oeste,-22.22,-54.82
2025,337,0.36,0.68,0.67,29.97,78.99,1.04,24.16,11.34,Dourados,MS,Centro-Oeste,-22.22,-54.82
2025,338,0.0,0.67,0.64,33.52,60.76,1.65,31.5,14.29,Dourados,MS,Centro-Oeste,-22.22,-54.82
2025,339,0.12,0.66,0.63,35.6,60.81,1.57,29.91,13.8,Dourados,MS,Centro-Oeste,-22.22,-54.82
2025,340,5.72,0.66,0.66,34.68,69.94,1.52,26.09,12.29,Dourados,MS,Centro-Oeste,-22.22,-54.82
2025,341,25.89,0.69,0.8,30.93,84.01,1.49,14.61,7.09,Dourados,MS,Centro-Oeste,-22.22,-54.82
2025,342,32.47,0.72,0.84,27.68,88.49,2.45,13.2,6.46,Dourados,MS,Centro-Oeste,-22.22,-54.82
2025,343,7.95,0.76,0.81,28.58,79.0,3.0,26.21,12.15,Dourados,MS,Centro-Oeste,-22.22,-54.82
2025,344,0.0,0.73,0.73,30.34,69.79,2.3,30.52,13.85,Dourados,MS,Centro-Oeste,-22.22,-54.82
2025,345,0.07,0.72,0.71,32.57,70.9,0.98,30.34,14.04,Dourados,MS,Centro-Oeste,-22.22,-54.82
2025,346,30.05,0.72,0.82,29.83,84.55,2.21,11.7,5.79,Dourados,MS,Centro-Oeste,-22.22,-54.82
2025,347,6.99,0.75,0.8,29.9,85.85,2.51,14.09,6.94,Dourados,MS,Centro-Oeste,-22.22,-54.82
2025,348,1.77,0.74,0.76,30.68,83.52,2.58,23.6,11.25,Dourados,MS,Centro-Oeste,-22.22,-54.82
2025,349,2.46,0.73,0.73,32.85,78.64,2.12,27.23,12.86,Dourados,MS,Centro-Oeste,-22.22,-54.82
2025,350,28.56,0.76,0.86,26.02,88.0,2.85,10.62,5.43,Dourados,MS,Centro-Oeste,-22.22,-54.82
2025,351,0.8,0.75,0.76,30.46,76.7,1.68,26.43,12.24,Dourados,MS,Centro-Oeste,-22.22,-54.82
2025,352,0.07,0.73,0.74,30.46,78.28,1.79,31.36,14.33,Dourados,MS,Centro-Oeste,-22.22,-54.82
2025,353,0.0,0.72,0.72,32.2,76.72,1.56,29.03,13.48,Dourados,MS,Centro-Oeste,-22.22,-54.82
2025,354,0.0,0.71,0.7,33.56,78.64,2.01,26.46,12.54,Dourados,MS,Centro-Oeste,-22.22,-54.82
2025,355,3.9,0.7,0.72,29.9,82.92,1.74,25.15,12.03,Dourados,MS,Centro-Oeste,-22.22,-54.82
2025,356,1.95,0.7,0.7,32.14,79.26,1.97,23.02,10.95,Dourados,MS,Centro-Oeste,-22.22,-54.82
2025,357,4.84,0.7,0.72,31.44,81.03,1.82,21.56,10.32,Dourados,MS,Centro-Oeste,-22.22,-54.82
2025,358,0.03,0.7,0.68,32.53,74.46,2.1,25.75,12.25,Dourados,MS,Centro-Oeste,-22.22,-54.82
2025,359,0.02,0.69,0.67,34.04,68.67,1.27,25.03,11.86,Dourados,MS,Centro-Oeste,-22.22,-54.82
2025,360,0.47,0.68,0.65,34.4,66.97,1.48,24.22,11.41,Dourados,MS,Centro-Oeste,-22.22,-54.82
2025,361,0.0,0.67,0.63,36.15,64.44,1.65,29.88,13.98,Dourados,MS,Centro-Oeste,-22.22,-54.82
2025,362,11.62,0.67,0.71,33.99,69.32,1.54,16.16,7.9,Dourados,MS,Centro-Oeste,-22.22,-54.82
2025,363,3.21,0.68,0.69,30.26,78.54,1.49,22.22,10.74,Dourados,MS,Centro-Oeste,-22.22,-54.82
2025,364,1.44,0.68,0.67,32.79,70.36,1.47,19.99,9.62,Dourados,MS,Centro-Oeste,-22.22,-54.82
2025,365,5.27,0.68,0.69,32.69,72.68,1.62,5.8,-999.0,Dourados,MS,Centro-Oeste,-22.22,-54.82
2026,1,3.59,0.68,0.68,33.26,73.24,1.75,12.57,-999.0,Dourados,MS,Centro-Oeste,-22.22,-54.82
2026,2,7.44,0.68,0.7,32.74,77.53,1.65,22.22,-999.0,Dourados,MS,Centro-Oeste,-22.22,-54.82
2026,3,0.3,0.68,0.66,34.27,70.41,1.46,29.61,-999.0,Dourados,MS,Centro-Oeste,-22.22,-54.82
2026,4,0.35,0.67,0.64,34.17,64.3,2.4,31.45,-999.0,Dourados,MS,Centro-Oeste,-22.22,-54.82
2026,5,0.0,0.66,0.62,33.88,56.23,1.4,27.17,-999.0,Dourados,MS,Centro-Oeste,-22.22,-54.82
2026,6,2.83,0.66,0.64,34.35,66.2,1.82,30.21,-999.0,Dourados,MS,Centro-Oeste,-22.22,-54.82
2026,7,1.25,0.65,0.63,34.96,62.47,1.67,25.15,-999.0,Dourados,MS,Centro-Oeste,-22.22,-54.82
2026,8,0.29,0.65,0.61,36.82,59.78,1.57,29.22,-999.0,Dourados,MS,Centro-Oeste,-22.22,-54.82
2026,9,3.08,0.65,0.63,35.01,65.01,2.27,23.35,-999.0,Dourados,MS,Centro-Oeste,-22.22,-54.82
2026,10,15.44,0.66,0.71,32.43,71.23,1.75,16.61,-999.0,Dourados,MS,Centro-Oeste,-22.22,-54.82
2026,11,5.97,0.67,0.69,31.5,74.47,1.68,15.53,-999.0,Dourados,MS,Centro-Oeste,-22.22,-54.82
2026,12,0.48,0.67,0.64,33.31,69.53,1.18,27.11,-999.0,Dourados,MS,Centro-Oeste,-22.22,-54.82
2026,13,8.09,0.67,0.69,31.86,71.19,1.18,15.22,-999.0,Dourados,MS,Centro-Oeste,-22.22,-54.82
2026,14,1.57,0.67,0.65,33.71,68.38,1.2,27.84,-999.0,Dourados,MS,Centro-Oeste,-22.22,-54.82
2026,15,0.35,0.66,0.63,35.4,62.88,1.64,28.55,-999.0,Dourados,MS,Centro-Oeste,-22.22,-54.82
2026,16,2.44,0.65,0.63,35.86,62.04,1.17,28.28,-999.0,Dourados,MS,Centro-Oeste,-22.22,-54.82
2026,17,1.52,0.65,0.63,35.05,64.09,1.11,26.13,-999.0,Dourados,MS,Centro-Oeste,-22.22,-54.82
2026,18,1.22,0.65,0.62,35.51,68.36,1.46,18.83,-999.0,Dourados,MS,Centro-Oeste,-22.22,-54.82
2026,19,0.54,0.64,0.62,34.05,66.09,1.79,28.66,-999.0,Dourados,MS,Centro-Oeste,-22.22,-54.82
2026,20,0.1,0.64,0.6,34.88,59.5,1.7,26.07,-999.0,Dourados,MS,Centro-Oeste,-22.22,-54.82
2026,21,0.29,0.63,0.6,34.39,54.37,1.93,28.01,-999.0,Dourados,MS,Centro-Oeste,-22.22,-54.82
2026,22,0.38,0.63,0.59,33.72,54.07,2.15,30.46,-999.0,Dourados,MS,Centro-Oeste,-22.22,-54.82
2026,23,0.62,0.63,0.59,33.77,57.05,1.99,27.9,-999.0,Dourados,MS,Centro-Oeste,-22.22,-54.82
2026,24,0.0,0.62,0.57,35.81,52.04,1.6,27.75,-999.0,Dourados,MS,Centro-Oeste,-22.22,-54.82
2026,25,0.36,0.62,0.55,37.37,51.89,1.7,25.94,-999.0,Dourados,MS,Centro-Oeste,-22.22,-54.82
2026,26,4.83,0.62,0.58,35.51,60.84,1.58,22.59,-999.0,Dourados,MS,Centro-Oeste,-22.22,-54.82
2026,27,2.0,0.62,0.58,37.07,64.76,1.18,17.96,-999.0,Dourados,MS,Centro-Oeste,-22.22,-54.82
2026,28,3.18,0.62,0.61,32.11,74.47,1.69,27.02,-999.0,Dourados,MS,Centro-Oeste,-22.22,-54.82
2026,29,8.63,0.63,0.66,33.29,68.99,1.26,25.5,-999.0,Dourados,MS,Centro-Oeste,-22.22,-54.82
2026,30,5.03,0.64,0.65,35.66,65.22,1.58,22.99,-999.0,Dourados,MS,Centro-Oeste,-22.22,-54.82
2026,31,1.13,0.64,0.61,35.96,62.34,1.88,23.3,-999.0,Dourados,MS,Centro-Oeste,-22.22,-54.82
2026,32,0.8,0.63,0.61,33.16,69.43,2.12,5.22,-999.0,Dourados,MS,Centro-Oeste,-22.22,-54.82
2026,33,10.43,0.64,0.69,28.55,84.05,1.95,10.88,-999.0,Dourados,MS,Centro-Oeste,-22.22,-54.82
2026,34,15.45,0.66,0.73,31.11,81.65,2.34,24.73,-999.0,Dourados,MS,Centro-Oeste,-22.22,-54.82
2026,35,1.15,0.67,0.66,32.02,78.35,1.28,20.8,-999.0,Dourados,MS,Centro-Oeste,-22.22,-54.82
2026,36,0.94,0.66,0.63,34.95,68.84,0.93,27.26,-999.0,Dourados,MS,Centro-Oeste,-22.22,-54.82
2026,37,0.06,0.65,0.61,36.62,60.73,1.01,26.22,-999.0,Dourados,MS,Centro-Oeste,-22.22,-54.82
2026,38,1.3,0.64,0.61,38.09,59.98,0.8,23.39,-999.0,Dourados,MS,Centro-Oeste,-22.22,-54.82
2026,39,13.26,0.66,0.71,33.93,67.82,0.59,24.79,-999.0,Dourados,MS,Centro-Oeste,-22.22,-54.82
2026,40,0.38,0.66,0.63,35.49,62.5,1.15,28.19,-999.0,Dourados,MS,Centro-Oeste,-22.22,-54.82
2026,41,0.44,0.65,0.61,35.21,63.57,1.27,26.82,-999.0,Dourados,MS,Centro-Oeste,-22.22,-54.82
2026,42,0.4,0.64,0.61,36.52,61.29,1.04,26.53,-999.0,Dourados,MS,Centro-Oeste,-22.22,-54.82
2026,43,0.83,0.64,0.61,35.58,64.63,1.8,18.93,-999.0,Dourados,MS,Centro-Oeste,-22.22,-54.82
2026,44,20.52,0.65,0.74,28.09,85.88,1.58,2.12,-999.0,Dourados,MS,Centro-Oeste,-22.22,-54.82
2026,45,0.94,0.67,0.67,33.06,73.7,1.95,24.55,-999.0,Dourados,MS,Centro-Oeste,-22.22,-54.82
2026,46,4.54,0.66,0.66,34.39,63.62,1.1,26.48,-999.0,Dourados,MS,Centro-Oeste,-22.22,-54.82
2026,47,1.11,0.66,0.64,36.13,58.35,0.6,20.26,-999.0,Dourados,MS,Centro-Oeste,-22.22,-54.82
2026,48,0.56,0.65,0.62,37.72,56.47,0.61,25.77,-999.0,Dourados,MS,Centro-Oeste,-22.22,-54.82
2026,49,1.08,0.65,0.62,38.08,59.02,0.8,25.2,-999.0,Dourados,MS,Centro-Oeste,-22.22,-54.82
2026,50,0.46,0.64,0.6,37.7,60.43,0.85,27.35,-999.0,Dourados,MS,Centro-Oeste,-22.22,-54.82
2026,51,6.82,0.64,0.65,36.29,68.49,1.69,10.85,-999.0,Dourados,MS,Centro-Oeste,-22.22,-54.82
2026,52,6.25,0.65,0.68,32.03,75.38,0.73,4.18,-999.0,Dourados,MS,Centro-Oeste,-22.22,-54.82
2026,53,9.14,0.66,0.7,31.91,72.97,1.11,23.85,-999.0,Dourados,MS,Centro-Oeste,-22.22,-54.82
2026,54,2.96,0.66,0.67,28.73,80.99,1.16,16.02,-999.0,Dourados,MS,Centro-Oeste,-22.22,-54.82
2026,55,11.46,0.67,0.71,29.93,80.67,0.71,21.92,-999.0,Dourados,MS,Centro-Oeste,-22.22,-54.82
2026,56,2.56,0.68,0.69,30.85,78.4,1.81,20.99,-999.0,Dourados,MS,Centro-Oeste,-22.22,-54.82
2026,57,0.02,0.67,0.64,33.56,66.55,1.82,26.81,-999.0,Dourados,MS,Centro-Oeste,-22.22,-54.82
2026,58,0.16,0.66,0.63,35.08,60.84,0.86,26.9,-999.0,Dourados,MS,Centro-Oeste,-22.22,-54.82
2026,59,0.79,0.65,0.62,36.01,60.14,0.85,23.99,-999.0,Dourados,MS,Centro-Oeste,-22.22,-54.82
2026,60,2.26,0.65,0.63,35.48,61.96,0.76,26.81,-999.0,Dourados,MS,Centro-Oeste,-22.22,-54.82
2026,61,0.67,0.65,0.61,35.91,60.54,1.66,27.22,-999.0,Dourados,MS,Centro-Oeste,-22.22,-54.82
2026,62,0.19,0.64,0.6,36.76,58.86,1.28,27.28,-999.0,Dourados,MS,Centro-Oeste,-22.22,-54.82
2026,63,0.0,0.63,0.59,38.0,53.42,1.11,25.14,-999.0,Dourados,MS,Centro-Oeste,-22.22,-54.82
2026,64,0.39,0.63,0.59,37.42,56.78,1.2,24.94,-999.0,Dourados,MS,Centro-Oeste,-22.22,-54.82
2026,65,0.13,0.62,0.58,37.51,52.07,1.49,24.9,-999.0,Dourados,MS,Centro-Oeste,-22.22,-54.82
2026,66,0.0,0.62,0.56,37.62,53.62,1.04,26.22,-999.0,Dourados,MS,Centro-Oeste,-22.22,-54.82
2026,67,0.06,0.62,0.55,37.02,59.92,0.99,23.27,-999.0,Dourados,MS,Centro-Oeste,-22.22,-54.82
2026,68,6.23,0.62,0.61,31.27,72.26,0.88,2.48,-999.0,Dourados,MS,Centro-Oeste,-22.22,-54.82
2026,69,1.32,0.63,0.61,34.4,69.83,1.0,10.09,-999.0,Dourados,MS,Centro-Oeste,-22.22,-54.82
2026,70,16.92,0.63,0.69,31.03,75.87,0.59,11.05,-999.0,Dourados,MS,Centro-Oeste,-22.22,-54.82
2026,71,4.5,0.66,0.69,33.77,70.46,1.13,24.22,-999.0,Dourados,MS,Centro-Oeste,-22.22,-54.82
2026,72,0.2,0.65,0.62,35.55,64.82,0.94,24.79,-999.0,Dourados,MS,Centro-Oeste,-22.22,-54.82
2026,73,1.1,0.64,0.61,36.15,60.78,1.04,23.79,-999.0,Dourados,MS,Centro-Oeste,-22.22,-54.82
2026,74,2.75,0.64,0.63,34.9,66.93,1.77,22.26,-999.0,Dourados,MS,Centro-Oeste,-22.22,-54.82
2026,75,3.13,0.64,0.63,33.16,73.3,1.85,5.94,-999.0,Dourados,MS,Centro-Oeste,-22.22,-54.82
2026,76,2.5,0.64,0.64,32.98,74.96,1.95,10.9,-999.0,Dourados,MS,Centro-Oeste,-22.22,-54.82
2026,77,9.07,0.65,0.68,33.24,75.5,1.1,4.8,-999.0,Dourados,MS,Centro-Oeste,-22.22,-54.82
2026,78,0.61,0.65,0.63,34.46,68.35,0.53,22.22,-999.0,Dourados,MS,Centro-Oeste,-22.22,-54.82
2026,79,0.56,0.65,0.61,35.1,69.42,1.65,24.18,-999.0,Dourados,MS,Centro-Oeste,-22.22,-54.82
2026,80,0.71,0.64,0.62,32.58,74.75,2.09,19.39,-999.0,Dourados,MS,Centro-Oeste,-22.22,-54.82
2026,81,0.28,0.64,0.6,36.24,67.44,1.74,20.94,-999.0,Dourados,MS,Centro-Oeste,-22.22,-54.82
2026,82,0.95,0.63,0.6,36.7,65.08,1.4,19.15,-999.0,Dourados,MS,Centro-Oeste,-22.22,-54.82
2026,83,9.75,0.64,0.67,35.07,69.95,0.64,20.8,-999.0,Dourados,MS,Centro-Oeste,-22.22,-54.82
2026,84,5.15,0.65,0.66,34.49,70.15,0.65,21.79,-999.0,Dourados,MS,Centro-Oeste,-22.22,-54.82
2026,85,0.64,0.65,0.63,33.99,70.04,1.47,19.95,-999.0,Dourados,MS,Centro-Oeste,-22.22,-54.82
2026,86,0.91,0.64,0.61,33.48,69.15,1.82,19.49,-999.0,Dourados,MS,Centro-Oeste,-22.22,-54.82
2026,87,0.38,0.64,0.61,35.19,66.72,1.41,22.02,-999.0,Dourados,MS,Centro-Oeste,-22.22,-54.82
2026,88,0.0,0.63,0.6,35.87,60.22,1.44,22.08,-999.0,Dourados,MS,Centro-Oeste,-22.22,-54.82
2026,89,0.15,0.63,0.59,36.28,54.65,1.07,23.05,-999.0,Dourados,MS,Centro-Oeste,-22.22,-54.82
2026,90,0.31,0.62,0.58,36.5,54.26,0.78,22.19,-999.0,Dourados,MS,Centro-Oeste,-22.22,-54.82
2026,91,5.81,0.62,0.62,35.31,59.16,1.24,20.53,-999.0,Dourados,MS,Centro-Oeste,-22.22,-54.82
