YEAR,DOY,PRECTOTCORR,GWETROOT,GWETTOP,T2M_MAX,RH2M,WS2M,ALLSKY_SFC_SW_DWN,ALLSKY_SFC_PAR_TOT,CIDADE,ESTADO,REGIAO,LATITUDE,LONGITUDE
2015,1,10.92,0.75,0.79,28.68,86.11,1.08,22.35,10.63,Cascavel,PR,Sul,-24.95,-53.45
2015,2,2.38,0.74,0.75,29.16,82.31,0.8,15.29,7.35,Cascavel,PR,Sul,-24.95,-53.45
2015,3,0.14,0.74,0.73,27.95,81.94,0.35,22.03,10.48,Cascavel,PR,Sul,-24.95,-53.45
2015,4,3.78,0.73,0.74,27.61,84.3,0.58,22.97,10.81,Cascavel,PR,Sul,-24.95,-53.45
2015,5,0.32,0.73,0.72,31.09,77.6,0.44,27.68,12.91,Cascavel,PR,Sul,-24.95,-53.45
2015,6,0.01,0.72,0.71,29.28,79.97,0.78,20.92,9.93,Cascavel,PR,Sul,-24.95,-53.45
2015,7,0.58,0.71,0.7,31.95,76.46,0.79,24.59,11.58,Cascavel,PR,Sul,-24.95,-53.45
2015,8,4.12,0.71,0.71,30.96,80.37,0.7,25.98,12.17,Cascavel,PR,Sul,-24.95,-53.45
2015,9,3.13,0.71,0.72,31.87,77.47,0.68,28.24,13.28,Cascavel,PR,Sul,-24.95,-53.45
2015,10,7.2,0.71,0.73,31.07,74.4,0.63,29.31,13.77,Cascavel,PR,Sul,-24.95,-53.45
2015,11,0.53,0.71,0.7,34.08,75.36,0.68,28.47,13.43,Cascavel,PR,Sul,-24.95,-53.45
2015,12,0.1,0.7,0.69,32.04,76.4,0.47,27.73,13.01,Cascavel,PR,Sul,-24.95,-53.45
2015,13,0.87,0.7,0.69,30.0,79.05,0.64,29.47,13.77,Cascavel,PR,Sul,-24.95,-53.45
2015,14,2.41,0.7,0.7,29.63,79.65,0.74,22.02,10.35,Cascavel,PR,Sul,-24.95,-53.45
2015,15,0.66,0.7,0.68,32.96,72.15,0.63,28.66,13.31,Cascavel,PR,Sul,-24.95,-53.45
2015,16,2.63,0.69,0.68,32.43,74.59,0.74,28.52,13.34,Cascavel,PR,Sul,-24.95,-53.45
2015,17,6.1,0.7,0.72,30.63,82.04,0.51,27.35,12.76,Cascavel,PR,Sul,-24.95,-53.45
2015,18,3.96,0.7,0.7,30.38,81.41,0.49,19.72,9.29,Cascavel,PR,Sul,-24.95,-53.45
2015,19,0.74,0.7,0.69,33.78,74.5,0.45,29.11,13.82,Cascavel,PR,Sul,-24.95,-53.45
2015,20,7.01,0.7,0.72,30.88,80.51,0.66,16.25,7.71,Cascavel,PR,Sul,-24.95,-53.45
2015,21,0.35,0.7,0.69,31.11,76.02,0.67,26.46,12.27,Cascavel,PR,Sul,-24.95,-53.45
2015,22,0.0,0.69,0.67,31.92,70.77,0.68,27.01,12.5,Cascavel,PR,Sul,-24.95,-53.45
2015,23,0.0,0.68,0.66,32.18,64.0,0.64,28.47,13.2,Cascavel,PR,Sul,-24.95,-53.45
2015,24,0.05,0.67,0.65,33.35,64.39,0.62,28.25,13.05,Cascavel,PR,Sul,-24.95,-53.45
2015,25,1.75,0.67,0.65,30.43,67.75,0.53,23.01,10.76,Cascavel,PR,Sul,-24.95,-53.45
2015,26,2.32,0.67,0.67,29.01,77.56,0.66,25.87,12.1,Cascavel,PR,Sul,-24.95,-53.45
2015,27,0.36,0.67,0.65,28.08,81.7,0.61,17.94,8.66,Cascavel,PR,Sul,-24.95,-53.45
2015,28,10.8,0.68,0.71,27.66,82.38,0.96,16.18,7.84,Cascavel,PR,Sul,-24.95,-53.45
2015,29,21.84,0.7,0.8,26.55,91.6,0.61,7.97,4.1,Cascavel,PR,Sul,-24.95,-53.45
2015,30,2.31,0.72,0.73,31.5,79.01,0.49,21.13,10.06,Cascavel,PR,Sul,-24.95,-53.45
2015,31,0.0,0.71,0.69,31.62,76.43,0.8,24.76,11.65,Cascavel,PR,Sul,-24.95,-53.45
2015,32,0.17,0.7,0.68,32.11,74.73,0.74,20.64,9.82,Cascavel,PR,Sul,-24.95,-53.45
2015,33,3.45,0.69,0.69,33.43,71.43,0.57,22.22,10.44,Cascavel,PR,Sul,-24.95,-53.45
2015,34,8.05,0.69,0.72,30.02,83.63,0.62,22.6,10.63,Cascavel,PR,Sul,-24.95,-53.45
2015,35,3.85,0.7,0.71,30.14,80.88,0.58,12.18,6.09,Cascavel,PR,Sul,-24.95,-53.45
2015,36,3.97,0.7,0.7,30.42,75.81,0.67,20.71,9.68,Cascavel,PR,Sul,-24.95,-53.45
2015,37,0.08,0.69,0.67,31.59,69.46,0.52,26.15,12.05,Cascavel,PR,Sul,-24.95,-53.45
2015,38,0.07,0.68,0.66,32.07,64.39,0.57,25.25,11.62,Cascavel,PR,Sul,-24.95,-53.45
2015,39,0.33,0.68,0.65,32.29,67.32,0.8,27.03,12.51,Cascavel,PR,Sul,-24.95,-53.45
2015,40,0.36,0.67,0.64,33.08,63.51,0.8,25.38,11.92,Cascavel,PR,Sul,-24.95,-53.45
2015,41,2.91,0.67,0.65,32.73,72.28,0.81,16.33,7.85,Cascavel,PR,Sul,-24.95,-53.45
2015,42,0.91,0.67,0.64,33.97,72.59,0.72,16.27,7.84,Cascavel,PR,Sul,-24.95,-53.45
2015,43,2.38,0.67,0.66,28.42,85.13,0.54,17.91,8.61,Cascavel,PR,Sul,-24.95,-53.45
2015,44,11.33,0.68,0.73,27.07,89.87,0.55,15.82,7.72,Cascavel,PR,Sul,-24.95,-53.45
2015,45,19.25,0.7,0.78,27.75,86.65,0.76,11.14,5.6,Cascavel,PR,Sul,-24.95,-53.45
2015,46,1.01,0.71,0.7,29.59,79.21,0.78,15.36,7.46,Cascavel,PR,Sul,-24.95,-53.45
2015,47,0.32,0.7,0.68,29.45,76.82,0.63,17.79,8.46,Cascavel,PR,Sul,-24.95,-53.45
2015,48,3.39,0.7,0.7,26.67,82.84,0.78,14.31,6.99,Cascavel,PR,Sul,-24.95,-53.45
2015,49,1.43,0.69,0.68,30.79,76.57,0.57,18.97,9.07,Cascavel,PR,Sul,-24.95,-53.45
2015,50,6.87,0.69,0.71,28.47,84.68,0.92,7.04,3.58,Cascavel,PR,Sul,-24.95,-53.45
2015,51,0.14,0.69,0.68,31.13,75.42,0.49,19.66,9.2,Cascavel,PR,Sul,-24.95,-53.45
2015,52,2.46,0.69,0.68,29.13,82.46,0.8,17.15,8.25,Cascavel,PR,Sul,-24.95,-53.45
2015,53,0.34,0.69,0.67,32.27,76.08,0.64,22.71,10.74,Cascavel,PR,Sul,-24.95,-53.45
2015,54,1.36,0.68,0.66,32.14,72.78,0.55,21.58,10.13,Cascavel,PR,Sul,-24.95,-53.45
2015,55,1.65,0.68,0.66,31.78,72.89,0.53,21.22,10.04,Cascavel,PR,Sul,-24.95,-53.45
2015,56,0.2,0.67,0.65,31.43,74.43,0.78,26.7,12.53,Cascavel,PR,Sul,-24.95,-53.45
2015,57,2.77,0.67,0.66,30.24,70.87,0.55,24.16,11.32,Cascavel,PR,Sul,-24.95,-53.45
2015,58,10.59,0.68,0.72,29.67,80.55,0.53,19.54,9.27,Cascavel,PR,Sul,-24.95,-53.45
2015,59,0.14,0.69,0.68,32.07,74.59,0.37,22.85,10.73,Cascavel,PR,Sul,-24.95,-53.45
2015,60,0.0,0.68,0.65,30.35,69.46,0.92,26.09,12.17,Cascavel,PR,Sul,-24.95,-53.45
2015,61,0.0,0.67,0.64,32.29,68.97,0.85,23.82,11.16,Cascavel,PR,Sul,-24.95,-53.45
2015,62,0.69,0.67,0.64,30.87,74.96,0.89,21.52,10.21,Cascavel,PR,Sul,-24.95,-53.45
2015,63,13.34,0.68,0.73,29.53,82.24,0.66,19.66,9.41,Cascavel,PR,Sul,-24.95,-53.45
2015,64,3.57,0.69,0.69,31.28,79.52,0.59,18.79,9.01,Cascavel,PR,Sul,-24.95,-53.45
2015,65,8.75,0.69,0.73,28.84,82.31,0.37,16.31,7.91,Cascavel,PR,Sul,-24.95,-53.45
2015,66,2.35,0.69,0.7,27.05,86.86,0.55,13.31,6.57,Cascavel,PR,Sul,-24.95,-53.45
2015,67,3.93,0.69,0.7,28.49,85.24,0.69,16.8,8.02,Cascavel,PR,Sul,-24.95,-53.45
2015,68,1.0,0.69,0.68,30.93,77.79,0.5,20.19,9.55,Cascavel,PR,Sul,-24.95,-53.45
2015,69,0.01,0.68,0.66,30.87,74.07,0.6,23.01,10.81,Cascavel,PR,Sul,-24.95,-53.45
2015,70,0.69,0.68,0.65,31.17,69.8,0.62,24.15,11.3,Cascavel,PR,Sul,-24.95,-53.45
2015,71,0.18,0.67,0.64,32.17,66.09,0.45,24.89,11.51,Cascavel,PR,Sul,-24.95,-53.45
2015,72,0.06,0.67,0.64,31.49,70.07,0.7,25.83,12.03,Cascavel,PR,Sul,-24.95,-53.45
2015,73,0.73,0.66,0.63,31.14,70.72,0.73,24.87,11.53,Cascavel,PR,Sul,-24.95,-53.45
2015,74,0.26,0.66,0.63,33.43,67.15,0.49,24.3,11.35,Cascavel,PR,Sul,-24.95,-53.45
2015,75,1.11,0.66,0.63,34.06,65.65,0.45,23.22,10.9,Cascavel,PR,Sul,-24.95,-53.45
2015,76,0.82,0.66,0.63,33.83,67.85,0.53,23.69,11.1,Cascavel,PR,Sul,-24.95,-53.45
2015,77,0.29,0.65,0.62,33.44,67.95,0.65,23.78,11.09,Cascavel,PR,Sul,-24.95,-53.45
2015,78,0.04,0.65,0.62,33.61,64.91,0.64,23.5,10.89,Cascavel,PR,Sul,-24.95,-53.45
2015,79,0.24,0.65,0.62,32.19,67.22,0.56,21.88,10.2,Cascavel,PR,Sul,-24.95,-53.45
2015,80,1.4,0.65,0.62,31.65,68.31,0.58,16.97,7.98,Cascavel,PR,Sul,-24.95,-53.45
2015,81,0.0,0.64,0.61,30.36,64.44,0.77,23.26,10.68,Cascavel,PR,Sul,-24.95,-53.45
2015,82,0.05,0.64,0.61,31.79,63.98,0.68,20.55,9.46,Cascavel,PR,Sul,-24.95,-53.45
2015,83,0.03,0.64,0.6,33.72,61.72,0.67,23.47,10.77,Cascavel,PR,Sul,-24.95,-53.45
2015,84,0.0,0.64,0.6,33.67,59.51,0.77,23.17,10.53,Cascavel,PR,Sul,-24.95,-53.45
2015,85,8.15,0.63,0.61,31.47,66.09,0.57,12.76,6.02,Cascavel,PR,Sul,-24.95,-53.45
2015,86,16.51,0.68,0.76,27.49,82.3,0.53,15.37,7.32,Cascavel,PR,Sul,-24.95,-53.45
2015,87,4.26,0.68,0.68,29.27,81.26,0.52,13.91,6.65,Cascavel,PR,Sul,-24.95,-53.45
2015,88,6.38,0.68,0.69,28.65,84.45,0.51,9.64,4.73,Cascavel,PR,Sul,-24.95,-53.45
2015,89,0.42,0.68,0.67,27.97,79.58,0.72,17.56,7.98,Cascavel,PR,Sul,-24.95,-53.45
2015,90,0.01,0.67,0.64,29.75,71.37,0.67,22.27,10.05,Cascavel,PR,Sul,-24.95,-53.45
2015,91,0.0,0.67,0.64,30.47,68.46,0.61,21.8,9.92,Cascavel,PR,Sul,-24.95,-53.45
2015,92,0.02,0.66,0.63,32.19,64.71,0.62,23.87,10.69,Cascavel,PR,Sul,-24.95,-53.45
2015,93,0.0,0.66,0.63,31.89,68.02,0.73,20.45,9.41,Cascavel,PR,Sul,-24.95,-53.45
2015,94,0.69,0.65,0.63,30.63,69.49,0.93,12.97,6.18,Cascavel,PR,Sul,-24.95,-53.45
2015,95,16.34,0.67,0.72,29.68,80.27,1.35,11.87,5.68,Cascavel,PR,Sul,-24.95,-53.45
2015,96,0.01,0.67,0.65,27.12,70.18,0.99,20.79,9.56,Cascavel,PR,Sul,-24.95,-53.45
2015,97,0.0,0.67,0.64,28.47,71.64,0.68,21.46,9.8,Cascavel,PR,Sul,-24.95,-53.45
2015,98,0.0,0.66,0.64,27.6,69.83,0.73,21.49,9.8,Cascavel,PR,Sul,-24.95,-53.45
2015,99,0.0,0.66,0.63,29.33,65.65,0.59,20.32,9.33,Cascavel,PR,Sul,-24.95,-53.45
2015,100,0.0,0.66,0.63,32.15,61.69,0.57,20.23,9.34,Cascavel,PR,Sul,-24.95,-53.45
2015,101,0.0,0.65,0.62,31.25,67.13,0.66,20.32,9.36,Cascavel,PR,Sul,-24.95,-53.45
2015,102,0.0,0.65,0.62,32.05,68.73,0.54,20.29,9.33,Cascavel,PR,Sul,-24.95,-53.45
2015,103,0.14,0.65,0.62,30.36,69.14,0.74,16.35,7.51,Cascavel,PR,Sul,-24.95,-53.45
2015,104,7.82,0.66,0.68,28.15,73.75,0.72,8.74,4.24,Cascavel,PR,Sul,-24.95,-53.45
2015,105,13.22,0.67,0.73,28.76,84.12,0.61,12.93,6.12,Cascavel,PR,Sul,-24.95,-53.45
2015,106,0.0,0.67,0.65,30.67,75.46,0.57,18.84,8.73,Cascavel,PR,Sul,-24.95,-53.45
2015,107,2.94,0.67,0.66,28.96,80.75,0.8,15.74,7.38,Cascavel,PR,Sul,-24.95,-53.45
2015,108,19.77,0.69,0.76,26.0,81.5,0.46,5.84,2.98,Cascavel,PR,Sul,-24.95,-53.45
2015,109,0.0,0.69,0.68,29.04,80.14,0.7,13.22,6.24,Cascavel,PR,Sul,-24.95,-53.45
2015,110,19.35,0.7,0.76,26.87,89.36,0.71,15.2,7.2,Cascavel,PR,Sul,-24.95,-53.45
2015,111,7.15,0.73,0.78,26.18,92.72,0.42,11.52,5.61,Cascavel,PR,Sul,-24.95,-53.45
2015,112,2.37,0.72,0.74,28.24,86.09,0.62,12.34,5.88,Cascavel,PR,Sul,-24.95,-53.45
2015,113,0.11,0.71,0.71,27.53,83.02,0.53,15.65,7.26,Cascavel,PR,Sul,-24.95,-53.45
2015,114,0.0,0.71,0.7,26.88,80.06,0.63,15.51,7.15,Cascavel,PR,Sul,-24.95,-53.45
2015,115,0.07,0.7,0.69,26.91,71.03,0.62,20.25,8.97,Cascavel,PR,Sul,-24.95,-53.45
2015,116,0.0,0.7,0.67,27.72,68.09,0.69,19.97,8.91,Cascavel,PR,Sul,-24.95,-53.45
2015,117,0.02,0.69,0.67,28.45,69.41,0.56,19.65,8.83,Cascavel,PR,Sul,-24.95,-53.45
2015,118,0.0,0.68,0.66,28.88,66.36,0.55,19.18,8.68,Cascavel,PR,Sul,-24.95,-53.45
2015,119,0.01,0.68,0.65,28.58,67.8,0.73,18.69,8.47,Cascavel,PR,Sul,-24.95,-53.45
2015,120,0.0,0.68,0.65,27.96,70.49,0.58,17.8,8.19,Cascavel,PR,Sul,-24.95,-53.45
2015,121,0.0,0.67,0.65,28.18,67.39,0.64,18.05,8.27,Cascavel,PR,Sul,-24.95,-53.45
2015,122,0.0,0.67,0.64,28.33,66.53,0.98,18.81,8.59,Cascavel,PR,Sul,-24.95,-53.45
2015,123,56.48,0.7,0.8,23.4,85.75,1.14,1.4,0.78,Cascavel,PR,Sul,-24.95,-53.45
2015,124,8.28,0.73,0.78,22.39,85.39,0.89,17.17,7.85,Cascavel,PR,Sul,-24.95,-53.45
2015,125,0.0,0.72,0.72,24.0,73.68,0.53,17.95,7.97,Cascavel,PR,Sul,-24.95,-53.45
2015,126,0.14,0.71,0.71,24.88,81.65,0.64,16.19,7.33,Cascavel,PR,Sul,-24.95,-53.45
2015,127,0.0,0.71,0.7,25.66,75.84,0.42,18.48,8.19,Cascavel,PR,Sul,-24.95,-53.45
2015,128,0.0,0.7,0.69,23.02,77.02,0.86,10.11,4.72,Cascavel,PR,Sul,-24.95,-53.45
2015,129,10.3,0.7,0.73,22.62,82.31,0.68,15.31,6.94,Cascavel,PR,Sul,-24.95,-53.45
2015,130,17.82,0.73,0.81,20.06,95.39,0.59,2.73,1.44,Cascavel,PR,Sul,-24.95,-53.45
2015,131,0.16,0.73,0.74,20.7,85.52,0.77,14.44,6.5,Cascavel,PR,Sul,-24.95,-53.45
2015,132,0.01,0.72,0.72,22.96,82.21,0.6,17.04,7.69,Cascavel,PR,Sul,-24.95,-53.45
2015,133,0.0,0.72,0.71,23.0,84.75,0.76,15.37,6.95,Cascavel,PR,Sul,-24.95,-53.45
2015,134,0.23,0.71,0.71,23.92,82.64,0.72,10.37,4.8,Cascavel,PR,Sul,-24.95,-53.45
2015,135,0.39,0.71,0.7,23.65,84.73,0.8,15.52,7.14,Cascavel,PR,Sul,-24.95,-53.45
2015,136,3.32,0.71,0.72,24.31,87.36,0.8,4.03,2.02,Cascavel,PR,Sul,-24.95,-53.45
2015,137,1.33,0.71,0.72,23.83,86.81,0.68,8.9,4.24,Cascavel,PR,Sul,-24.95,-53.45
2015,138,0.05,0.71,0.7,25.22,81.65,0.58,11.57,5.35,Cascavel,PR,Sul,-24.95,-53.45
2015,139,0.01,0.7,0.69,25.66,77.01,0.58,15.27,6.94,Cascavel,PR,Sul,-24.95,-53.45
2015,140,0.0,0.7,0.68,26.18,78.11,0.64,14.99,6.85,Cascavel,PR,Sul,-24.95,-53.45
2015,141,0.0,0.7,0.68,25.36,83.72,0.91,13.52,6.23,Cascavel,PR,Sul,-24.95,-53.45
2015,142,0.01,0.69,0.67,26.98,81.21,0.9,15.34,7.04,Cascavel,PR,Sul,-24.95,-53.45
2015,143,2.43,0.69,0.68,27.43,80.42,1.03,14.24,6.66,Cascavel,PR,Sul,-24.95,-53.45
2015,144,5.34,0.69,0.69,26.07,87.35,0.93,6.7,3.26,Cascavel,PR,Sul,-24.95,-53.45
2015,145,10.3,0.71,0.76,26.66,88.4,0.68,3.53,1.79,Cascavel,PR,Sul,-24.95,-53.45
2015,146,19.88,0.73,0.82,24.88,96.3,0.58,9.36,4.45,Cascavel,PR,Sul,-24.95,-53.45
2015,147,7.1,0.75,0.8,21.37,96.81,0.75,5.08,2.55,Cascavel,PR,Sul,-24.95,-53.45
2015,148,0.44,0.75,0.76,18.47,85.64,0.76,8.42,3.87,Cascavel,PR,Sul,-24.95,-53.45
2015,149,0.51,0.74,0.75,19.39,82.16,0.52,13.16,5.83,Cascavel,PR,Sul,-24.95,-53.45
2015,150,1.83,0.74,0.75,19.22,86.51,0.51,3.86,1.93,Cascavel,PR,Sul,-24.95,-53.45
2015,151,1.39,0.74,0.75,21.61,89.45,0.49,5.46,2.62,Cascavel,PR,Sul,-24.95,-53.45
2015,152,0.09,0.73,0.74,23.01,81.9,0.55,11.32,4.97,Cascavel,PR,Sul,-24.95,-53.45
2015,153,0.05,0.73,0.73,23.19,85.38,0.72,9.69,4.27,Cascavel,PR,Sul,-24.95,-53.45
2015,154,0.1,0.72,0.72,24.03,87.82,0.72,9.47,4.3,Cascavel,PR,Sul,-24.95,-53.45
2015,155,0.0,0.72,0.72,26.43,82.23,0.54,14.0,6.44,Cascavel,PR,Sul,-24.95,-53.45
2015,156,0.0,0.71,0.71,25.31,79.04,0.73,14.86,6.72,Cascavel,PR,Sul,-24.95,-53.45
2015,157,0.0,0.71,0.7,25.2,82.48,0.85,14.65,6.61,Cascavel,PR,Sul,-24.95,-53.45
2015,158,0.03,0.71,0.69,26.31,76.76,0.75,15.15,6.88,Cascavel,PR,Sul,-24.95,-53.45
2015,159,0.0,0.7,0.68,26.81,78.64,0.74,14.34,6.55,Cascavel,PR,Sul,-24.95,-53.45
2015,160,0.0,0.7,0.68,26.47,76.18,0.78,14.34,6.49,Cascavel,PR,Sul,-24.95,-53.45
2015,161,0.0,0.69,0.67,27.85,73.67,0.69,12.5,5.73,Cascavel,PR,Sul,-24.95,-53.45
2015,162,9.9,0.7,0.73,26.15,84.84,0.94,10.05,4.67,Cascavel,PR,Sul,-24.95,-53.45
2015,163,4.4,0.71,0.73,21.96,88.48,0.58,4.8,2.38,Cascavel,PR,Sul,-24.95,-53.45
2015,164,3.51,0.72,0.74,22.95,94.56,0.63,7.82,3.69,Cascavel,PR,Sul,-24.95,-53.45
2015,165,17.23,0.73,0.81,19.69,96.03,0.83,6.18,2.96,Cascavel,PR,Sul,-24.95,-53.45
2015,166,0.13,0.74,0.75,15.51,77.39,0.87,13.06,5.67,Cascavel,PR,Sul,-24.95,-53.45
2015,167,0.0,0.73,0.73,17.47,72.69,0.7,14.56,6.21,Cascavel,PR,Sul,-24.95,-53.45
2015,168,0.23,0.73,0.72,24.3,79.7,0.76,13.67,6.27,Cascavel,PR,Sul,-24.95,-53.45
2015,169,12.9,0.74,0.8,18.51,84.81,0.97,4.28,2.15,Cascavel,PR,Sul,-24.95,-53.45
2015,170,0.0,0.74,0.74,17.67,76.28,0.69,15.95,6.85,Cascavel,PR,Sul,-24.95,-53.45
2015,171,0.01,0.73,0.73,21.34,83.5,0.91,14.88,6.69,Cascavel,PR,Sul,-24.95,-53.45
2015,172,0.06,0.73,0.73,24.08,84.71,0.81,12.25,5.62,Cascavel,PR,Sul,-24.95,-53.45
2015,173,0.01,0.72,0.72,25.13,83.74,0.77,13.95,6.35,Cascavel,PR,Sul,-24.95,-53.45
2015,174,0.02,0.72,0.71,25.48,77.92,0.63,12.53,5.7,Cascavel,PR,Sul,-24.95,-53.45
2015,175,0.01,0.71,0.71,23.93,81.13,0.74,14.22,6.46,Cascavel,PR,Sul,-24.95,-53.45
2015,176,0.0,0.71,0.7,22.55,79.8,0.87,14.06,6.38,Cascavel,PR,Sul,-24.95,-53.45
2015,177,0.0,0.71,0.7,23.55,81.15,0.87,14.38,6.5,Cascavel,PR,Sul,-24.95,-53.45
2015,178,0.0,0.7,0.69,22.81,81.16,0.79,13.74,6.2,Cascavel,PR,Sul,-24.95,-53.45
2015,179,0.0,0.7,0.68,22.81,76.71,0.81,13.84,6.3,Cascavel,PR,Sul,-24.95,-53.45
2015,180,3.11,0.7,0.7,21.96,74.2,0.95,13.3,6.04,Cascavel,PR,Sul,-24.95,-53.45
2015,181,11.3,0.71,0.76,19.36,89.19,0.87,2.82,1.42,Cascavel,PR,Sul,-24.95,-53.45
2015,182,0.86,0.72,0.72,22.13,83.53,0.51,9.94,4.47,Cascavel,PR,Sul,-24.95,-53.45
2015,183,16.56,0.73,0.78,20.07,94.52,1.04,2.36,1.23,Cascavel,PR,Sul,-24.95,-53.45
2015,184,37.54,0.77,0.89,20.53,95.78,1.14,2.34,1.23,Cascavel,PR,Sul,-24.95,-53.45
2015,185,0.06,0.78,0.79,13.0,76.26,0.86,9.93,4.47,Cascavel,PR,Sul,-24.95,-53.45
2015,186,0.0,0.76,0.77,18.18,80.21,0.81,12.95,5.7,Cascavel,PR,Sul,-24.95,-53.45
2015,187,0.57,0.76,0.77,15.95,91.71,0.99,6.81,3.26,Cascavel,PR,Sul,-24.95,-53.45
2015,188,13.22,0.76,0.82,19.7,96.02,0.7,1.97,1.06,Cascavel,PR,Sul,-24.95,-53.45
2015,189,6.51,0.78,0.83,17.43,94.07,0.71,4.86,2.34,Cascavel,PR,Sul,-24.95,-53.45
2015,190,1.06,0.78,0.8,18.73,90.56,0.54,6.46,3.02,Cascavel,PR,Sul,-24.95,-53.45
2015,191,21.66,0.79,0.86,20.46,93.47,0.95,1.58,0.85,Cascavel,PR,Sul,-24.95,-53.45
2015,192,36.79,0.83,0.95,20.8,96.51,0.93,3.41,1.71,Cascavel,PR,Sul,-24.95,-53.45
2015,193,10.53,0.85,0.89,24.15,91.94,1.28,6.38,3.05,Cascavel,PR,Sul,-24.95,-53.45
2015,194,4.12,0.85,0.86,24.42,87.51,1.41,10.51,4.86,Cascavel,PR,Sul,-24.95,-53.45
2015,195,5.34,0.84,0.86,20.52,91.54,1.11,3.74,1.86,Cascavel,PR,Sul,-24.95,-53.45
2015,196,19.93,0.86,0.91,15.99,96.58,0.53,2.62,1.35,Cascavel,PR,Sul,-24.95,-53.45
2015,197,12.48,0.86,0.89,17.5,96.61,0.4,6.81,3.24,Cascavel,PR,Sul,-24.95,-53.45
2015,198,0.61,0.86,0.86,22.13,88.61,0.53,9.28,4.32,Cascavel,PR,Sul,-24.95,-53.45
2015,199,0.06,0.85,0.85,24.76,89.53,0.68,15.37,7.0,Cascavel,PR,Sul,-24.95,-53.45
2015,200,0.0,0.85,0.84,24.14,86.8,0.89,15.78,7.23,Cascavel,PR,Sul,-24.95,-53.45
2015,201,6.73,0.84,0.86,22.36,90.44,1.03,11.6,5.35,Cascavel,PR,Sul,-24.95,-53.45
2015,202,0.22,0.85,0.85,17.43,85.14,0.87,14.69,6.46,Cascavel,PR,Sul,-24.95,-53.45
2015,203,0.03,0.84,0.84,19.21,84.21,0.65,14.99,6.5,Cascavel,PR,Sul,-24.95,-53.45
2015,204,1.3,0.84,0.84,19.62,91.08,0.69,7.39,3.45,Cascavel,PR,Sul,-24.95,-53.45
2015,205,3.1,0.84,0.86,19.1,92.8,0.6,4.23,2.09,Cascavel,PR,Sul,-24.95,-53.45
2015,206,0.07,0.84,0.84,19.86,86.84,0.62,16.78,7.38,Cascavel,PR,Sul,-24.95,-53.45
2015,207,0.03,0.83,0.84,21.38,80.0,0.53,17.34,7.6,Cascavel,PR,Sul,-24.95,-53.45
2015,208,0.04,0.83,0.83,23.73,82.07,0.63,16.2,7.24,Cascavel,PR,Sul,-24.95,-53.45
2015,209,0.0,0.82,0.83,24.86,85.28,0.62,14.44,6.55,Cascavel,PR,Sul,-24.95,-53.45
2015,210,0.0,0.82,0.82,25.78,83.53,0.7,16.83,7.66,Cascavel,PR,Sul,-24.95,-53.45
2015,211,0.09,0.81,0.81,24.94,81.48,0.76,17.15,7.76,Cascavel,PR,Sul,-24.95,-53.45
2015,212,0.0,0.81,0.81,25.6,81.99,0.87,16.88,7.64,Cascavel,PR,Sul,-24.95,-53.45
2015,213,0.0,0.8,0.8,26.36,81.11,0.79,16.49,7.45,Cascavel,PR,Sul,-24.95,-53.45
2015,214,0.0,0.79,0.8,25.2,81.55,0.87,17.16,7.75,Cascavel,PR,Sul,-24.95,-53.45
2015,215,0.11,0.79,0.79,26.17,83.14,0.76,17.37,7.9,Cascavel,PR,Sul,-24.95,-53.45
2015,216,0.23,0.79,0.79,26.22,80.6,0.79,16.63,7.53,Cascavel,PR,Sul,-24.95,-53.45
2015,217,0.0,0.78,0.78,25.96,79.51,0.83,17.23,7.81,Cascavel,PR,Sul,-24.95,-53.45
2015,218,0.0,0.78,0.78,25.55,77.77,0.97,14.9,6.81,Cascavel,PR,Sul,-24.95,-53.45
2015,219,0.0,0.77,0.77,26.23,73.15,1.09,16.53,7.46,Cascavel,PR,Sul,-24.95,-53.45
2015,220,0.0,0.76,0.76,26.81,74.82,1.0,17.8,8.05,Cascavel,PR,Sul,-24.95,-53.45
2015,221,0.0,0.76,0.75,26.2,75.02,1.07,18.29,8.19,Cascavel,PR,Sul,-24.95,-53.45
2015,222,0.0,0.75,0.75,26.6,74.48,1.13,17.85,8.11,Cascavel,PR,Sul,-24.95,-53.45
2015,223,0.0,0.75,0.74,27.39,77.25,0.91,17.42,7.91,Cascavel,PR,Sul,-24.95,-53.45
2015,224,0.0,0.74,0.74,26.17,75.64,0.91,18.63,8.37,Cascavel,PR,Sul,-24.95,-53.45
2015,225,0.0,0.74,0.73,25.49,73.37,0.86,15.01,6.75,Cascavel,PR,Sul,-24.95,-53.45
2015,226,0.0,0.73,0.73,24.61,74.34,0.84,13.71,6.15,Cascavel,PR,Sul,-24.95,-53.45
2015,227,0.0,0.73,0.72,24.89,75.59,0.77,13.55,6.16,Cascavel,PR,Sul,-24.95,-53.45
2015,228,0.02,0.73,0.72,27.8,72.88,0.8,16.84,7.65,Cascavel,PR,Sul,-24.95,-53.45
2015,229,0.0,0.72,0.71,24.99,73.15,1.0,16.13,7.32,Cascavel,PR,Sul,-24.95,-53.45
2015,230,5.85,0.72,0.75,22.58,80.33,0.88,5.22,2.61,Cascavel,PR,Sul,-24.95,-53.45
2015,231,0.09,0.73,0.73,21.13,82.18,0.69,13.64,6.13,Cascavel,PR,Sul,-24.95,-53.45
2015,232,0.0,0.72,0.72,22.03,71.23,0.55,18.32,7.96,Cascavel,PR,Sul,-24.95,-53.45
2015,233,0.0,0.72,0.71,24.47,73.71,0.81,19.6,8.8,Cascavel,PR,Sul,-24.95,-53.45
2015,234,0.0,0.72,0.71,23.91,77.62,0.85,18.39,8.26,Cascavel,PR,Sul,-24.95,-53.45
2015,235,1.09,0.72,0.71,25.51,77.09,0.58,5.64,2.79,Cascavel,PR,Sul,-24.95,-53.45
2015,236,7.89,0.72,0.75,24.09,90.74,0.4,3.25,1.67,Cascavel,PR,Sul,-24.95,-53.45
2015,237,2.83,0.73,0.75,23.96,87.4,0.81,11.67,5.24,Cascavel,PR,Sul,-24.95,-53.45
2015,238,2.0,0.73,0.73,27.67,79.33,1.01,16.23,7.35,Cascavel,PR,Sul,-24.95,-53.45
2015,239,11.76,0.74,0.79,25.47,79.7,0.68,12.17,5.48,Cascavel,PR,Sul,-24.95,-53.45
2015,240,0.02,0.74,0.74,27.21,66.25,0.61,21.49,9.38,Cascavel,PR,Sul,-24.95,-53.45
2015,241,0.0,0.73,0.72,26.57,70.56,0.85,21.01,9.29,Cascavel,PR,Sul,-24.95,-53.45
2015,242,0.54,0.72,0.71,29.11,68.62,0.81,22.05,9.75,Cascavel,PR,Sul,-24.95,-53.45
2015,243,0.0,0.71,0.7,32.1,54.99,0.73,21.23,9.55,Cascavel,PR,Sul,-24.95,-53.45
2015,244,0.0,0.71,0.69,33.2,53.37,0.62,20.85,9.38,Cascavel,PR,Sul,-24.95,-53.45
2015,245,0.05,0.7,0.69,28.51,73.1,0.68,17.0,7.78,Cascavel,PR,Sul,-24.95,-53.45
2015,246,1.57,0.7,0.69,28.87,80.69,0.77,16.79,7.66,Cascavel,PR,Sul,-24.95,-53.45
2015,247,0.1,0.7,0.68,26.18,67.86,0.83,16.35,7.31,Cascavel,PR,Sul,-24.95,-53.45
2015,248,0.26,0.69,0.67,25.01,66.0,0.64,20.69,8.94,Cascavel,PR,Sul,-24.95,-53.45
2015,249,0.67,0.69,0.67,24.44,64.28,0.73,16.44,7.28,Cascavel,PR,Sul,-24.95,-53.45
2015,250,0.42,0.69,0.67,26.87,70.72,0.71,14.01,6.25,Cascavel,PR,Sul,-24.95,-53.45
2015,251,31.21,0.72,0.81,21.48,91.0,0.86,8.07,3.91,Cascavel,PR,Sul,-24.95,-53.45
2015,252,0.01,0.72,0.72,26.06,77.27,0.71,17.29,7.69,Cascavel,PR,Sul,-24.95,-53.45
2015,253,17.04,0.73,0.78,26.16,87.7,0.75,3.42,1.77,Cascavel,PR,Sul,-24.95,-53.45
2015,254,4.06,0.74,0.77,20.4,74.94,1.13,7.68,3.74,Cascavel,PR,Sul,-24.95,-53.45
2015,255,0.0,0.73,0.73,19.01,60.48,0.9,13.47,5.98,Cascavel,PR,Sul,-24.95,-53.45
2015,256,0.0,0.73,0.72,22.02,61.24,0.81,25.35,10.78,Cascavel,PR,Sul,-24.95,-53.45
2015,257,0.0,0.72,0.71,25.29,64.35,0.78,24.56,10.76,Cascavel,PR,Sul,-24.95,-53.45
2015,258,0.0,0.71,0.7,28.65,70.8,1.13,21.51,9.67,Cascavel,PR,Sul,-24.95,-53.45
2015,259,0.0,0.71,0.68,33.01,72.97,1.16,21.05,9.52,Cascavel,PR,Sul,-24.95,-53.45
2015,260,0.0,0.7,0.67,33.67,70.17,1.08,19.87,8.92,Cascavel,PR,Sul,-24.95,-53.45
2015,261,0.08,0.69,0.66,34.52,69.01,0.89,19.13,8.48,Cascavel,PR,Sul,-24.95,-53.45
2015,262,2.16,0.69,0.67,33.41,74.47,0.87,17.18,7.91,Cascavel,PR,Sul,-24.95,-53.45
2015,263,0.0,0.68,0.66,33.14,61.49,1.04,21.48,9.84,Cascavel,PR,Sul,-24.95,-53.45
2015,264,0.0,0.68,0.64,34.83,52.0,1.06,24.04,10.73,Cascavel,PR,Sul,-24.95,-53.45
2015,265,0.0,0.67,0.63,35.6,51.81,0.97,23.81,10.6,Cascavel,PR,Sul,-24.95,-53.45
2015,266,0.0,0.67,0.63,35.45,52.08,1.04,19.69,8.58,Cascavel,PR,Sul,-24.95,-53.45
2015,267,4.9,0.67,0.67,31.19,67.28,0.9,15.89,6.85,Cascavel,PR,Sul,-24.95,-53.45
2015,268,7.14,0.68,0.7,29.86,83.12,0.65,12.73,5.58,Cascavel,PR,Sul,-24.95,-53.45
2015,269,10.57,0.69,0.74,25.46,92.24,0.82,7.17,3.46,Cascavel,PR,Sul,-24.95,-53.45
2015,270,14.4,0.71,0.78,22.15,91.31,0.72,4.34,2.26,Cascavel,PR,Sul,-24.95,-53.45
2015,271,0.23,0.72,0.71,26.55,71.32,0.59,25.65,11.51,Cascavel,PR,Sul,-24.95,-53.45
2015,272,2.79,0.71,0.7,28.98,78.83,0.72,13.79,6.31,Cascavel,PR,Sul,-24.95,-53.45
2015,273,9.74,0.72,0.78,21.83,93.07,0.47,13.6,6.41,Cascavel,PR,Sul,-24.95,-53.45
2015,274,0.0,0.72,0.71,29.16,79.19,0.77,24.16,10.97,Cascavel,PR,Sul,-24.95,-53.45
2015,275,11.85,0.72,0.77,27.25,86.05,0.74,16.48,7.69,Cascavel,PR,Sul,-24.95,-53.45
2015,276,2.33,0.73,0.74,23.47,91.68,0.4,5.77,2.95,Cascavel,PR,Sul,-24.95,-53.45
2015,277,0.07,0.72,0.71,28.27,70.89,0.86,18.48,8.53,Cascavel,PR,Sul,-24.95,-53.45
2015,278,0.02,0.71,0.7,31.71,68.82,0.46,23.54,10.74,Cascavel,PR,Sul,-24.95,-53.45
2015,279,0.0,0.71,0.68,31.24,73.44,1.05,25.43,11.71,Cascavel,PR,Sul,-24.95,-53.45
2015,280,0.0,0.7,0.67,32.52,69.96,1.07,24.81,11.35,Cascavel,PR,Sul,-24.95,-53.45
2015,281,2.03,0.69,0.68,30.54,79.31,0.8,20.73,9.59,Cascavel,PR,Sul,-24.95,-53.45
2015,282,32.03,0.72,0.84,25.44,94.4,0.89,6.8,3.43,Cascavel,PR,Sul,-24.95,-53.45
2015,283,8.22,0.75,0.8,24.29,88.54,0.73,8.32,4.12,Cascavel,PR,Sul,-24.95,-53.45
2015,284,6.63,0.75,0.78,22.57,89.29,0.58,6.44,3.34,Cascavel,PR,Sul,-24.95,-53.45
2015,285,5.77,0.76,0.79,18.9,87.61,0.62,6.6,3.4,Cascavel,PR,Sul,-24.95,-53.45
2015,286,0.35,0.75,0.75,24.4,80.9,0.65,12.13,5.76,Cascavel,PR,Sul,-24.95,-53.45
2015,287,1.0,0.74,0.73,31.3,76.32,1.32,25.23,11.64,Cascavel,PR,Sul,-24.95,-53.45
2015,288,0.28,0.73,0.71,33.61,70.13,1.27,24.71,11.26,Cascavel,PR,Sul,-24.95,-53.45
2015,289,0.28,0.72,0.7,33.51,77.25,0.82,22.91,10.42,Cascavel,PR,Sul,-24.95,-53.45
2015,290,2.6,0.71,0.71,30.11,74.41,0.79,21.17,9.56,Cascavel,PR,Sul,-24.95,-53.45
2015,291,0.1,0.71,0.69,33.13,74.69,0.53,22.75,10.29,Cascavel,PR,Sul,-24.95,-53.45
2015,292,0.0,0.7,0.68,32.63,73.51,1.08,25.45,11.6,Cascavel,PR,Sul,-24.95,-53.45
2015,293,0.1,0.7,0.68,32.88,71.92,0.94,21.23,9.63,Cascavel,PR,Sul,-24.95,-53.45
2015,294,0.03,0.69,0.66,35.66,66.28,1.08,22.69,10.1,Cascavel,PR,Sul,-24.95,-53.45
2015,295,3.93,0.69,0.68,32.8,69.72,0.78,19.28,8.68,Cascavel,PR,Sul,-24.95,-53.45
2015,296,4.79,0.7,0.71,31.75,77.89,0.54,18.3,8.44,Cascavel,PR,Sul,-24.95,-53.45
2015,297,0.15,0.69,0.67,30.39,77.53,0.85,20.3,9.33,Cascavel,PR,Sul,-24.95,-53.45
2015,298,2.03,0.69,0.68,30.26,75.77,1.05,23.52,10.78,Cascavel,PR,Sul,-24.95,-53.45
2015,299,3.94,0.69,0.7,26.82,86.7,0.97,10.47,5.08,Cascavel,PR,Sul,-24.95,-53.45
2015,300,9.52,0.71,0.76,25.0,92.36,0.56,5.58,2.82,Cascavel,PR,Sul,-24.95,-53.45
2015,301,0.31,0.71,0.69,33.18,72.96,0.49,26.81,12.28,Cascavel,PR,Sul,-24.95,-53.45
2015,302,0.0,0.7,0.67,32.31,69.07,0.88,29.01,13.35,Cascavel,PR,Sul,-24.95,-53.45
2015,303,0.71,0.69,0.67,31.56,72.61,0.94,25.0,11.41,Cascavel,PR,Sul,-24.95,-53.45
2015,304,5.84,0.69,0.71,30.27,77.9,0.63,18.82,8.89,Cascavel,PR,Sul,-24.95,-53.45
2015,305,10.03,0.7,0.72,29.25,80.01,0.4,18.57,8.85,Cascavel,PR,Sul,-24.95,-53.45
2015,306,3.66,0.71,0.72,28.79,79.77,0.78,12.76,6.26,Cascavel,PR,Sul,-24.95,-53.45
2015,307,10.37,0.71,0.75,27.26,85.47,0.45,6.94,3.6,Cascavel,PR,Sul,-24.95,-53.45
2015,308,17.47,0.73,0.81,26.71,86.88,0.48,8.94,4.5,Cascavel,PR,Sul,-24.95,-53.45
2015,309,1.15,0.74,0.74,27.95,79.42,0.87,15.0,7.14,Cascavel,PR,Sul,-24.95,-53.45
2015,310,0.22,0.72,0.71,28.62,72.92,0.69,30.19,13.51,Cascavel,PR,Sul,-24.95,-53.45
2015,311,1.93,0.72,0.71,27.24,75.65,0.58,22.64,10.45,Cascavel,PR,Sul,-24.95,-53.45
2015,312,16.52,0.73,0.79,29.18,84.62,0.88,9.69,4.78,Cascavel,PR,Sul,-24.95,-53.45
2015,313,0.65,0.73,0.74,31.45,80.42,0.76,27.12,12.61,Cascavel,PR,Sul,-24.95,-53.45
2015,314,0.97,0.72,0.71,32.92,77.14,0.93,25.11,11.7,Cascavel,PR,Sul,-24.95,-53.45
2015,315,0.66,0.72,0.71,30.2,81.49,0.77,14.45,6.93,Cascavel,PR,Sul,-24.95,-53.45
2015,316,3.38,0.72,0.72,30.54,82.84,0.73,26.34,12.24,Cascavel,PR,Sul,-24.95,-53.45
2015,317,2.93,0.71,0.71,31.88,77.52,0.83,21.87,10.2,Cascavel,PR,Sul,-24.95,-53.45
2015,318,4.08,0.71,0.72,30.86,79.79,0.68,23.44,10.9,Cascavel,PR,Sul,-24.95,-53.45
2015,319,4.96,0.71,0.72,31.84,79.64,0.63,22.33,10.42,Cascavel,PR,Sul,-24.95,-53.45
2015,320,46.72,0.74,0.84,26.39,91.04,0.69,6.47,3.36,Cascavel,PR,Sul,-24.95,-53.45
2015,321,8.12,0.76,0.8,29.11,84.63,1.1,12.48,6.05,Cascavel,PR,Sul,-24.95,-53.45
2015,322,6.61,0.76,0.79,28.25,87.87,0.71,8.53,4.15,Cascavel,PR,Sul,-24.95,-53.45
2015,323,27.14,0.76,0.81,29.98,88.18,0.88,16.04,7.62,Cascavel,PR,Sul,-24.95,-53.45
2015,324,1.31,0.77,0.8,23.14,80.64,1.07,18.08,8.38,Cascavel,PR,Sul,-24.95,-53.45
2015,325,0.0,0.76,0.76,27.46,70.69,0.7,27.12,12.31,Cascavel,PR,Sul,-24.95,-53.45
2015,326,3.76,0.75,0.76,28.75,82.22,0.62,16.19,7.75,Cascavel,PR,Sul,-24.95,-53.45
2015,327,13.75,0.75,0.8,29.46,81.1,0.68,3.66,1.96,Cascavel,PR,Sul,-24.95,-53.45
2015,328,21.54,0.77,0.84,28.52,87.91,0.65,9.14,4.51,Cascavel,PR,Sul,-24.95,-53.45
2015,329,1.43,0.77,0.78,28.97,85.7,0.54,10.07,4.99,Cascavel,PR,Sul,-24.95,-53.45
2015,330,0.42,0.76,0.77,26.48,87.59,0.87,10.57,5.27,Cascavel,PR,Sul,-24.95,-53.45
2015,331,33.07,0.77,0.86,28.83,85.97,1.09,19.58,9.11,Cascavel,PR,Sul,-24.95,-53.45
2015,332,21.18,0.81,0.88,26.17,90.9,0.77,6.05,3.16,Cascavel,PR,Sul,-24.95,-53.45
2015,333,6.11,0.81,0.84,26.86,83.57,0.99,14.82,7.08,Cascavel,PR,Sul,-24.95,-53.45
2015,334,4.53,0.8,0.82,26.25,88.35,0.65,9.15,4.55,Cascavel,PR,Sul,-24.95,-53.45
2015,335,5.49,0.8,0.83,24.99,93.21,0.69,13.82,6.67,Cascavel,PR,Sul,-24.95,-53.45
2015,336,23.43,0.82,0.9,25.5,93.46,0.62,15.37,7.37,Cascavel,PR,Sul,-24.95,-53.45
2015,337,9.57,0.84,0.88,26.66,91.13,0.57,12.58,6.23,Cascavel,PR,Sul,-24.95,-53.45
2015,338,7.49,0.84,0.87,26.82,92.41,0.81,6.18,3.19,Cascavel,PR,Sul,-24.95,-53.45
2015,339,1.51,0.83,0.84,27.06,85.67,0.47,12.5,6.18,Cascavel,PR,Sul,-24.95,-53.45
2015,340,2.94,0.83,0.84,26.73,85.19,0.54,15.76,7.58,Cascavel,PR,Sul,-24.95,-53.45
2015,341,0.0,0.82,0.82,28.5,78.29,0.63,29.41,13.41,Cascavel,PR,Sul,-24.95,-53.45
2015,342,0.61,0.8,0.81,30.67,81.33,0.71,24.97,11.54,Cascavel,PR,Sul,-24.95,-53.45
2015,343,16.09,0.81,0.86,27.93,90.36,0.79,15.49,7.44,Cascavel,PR,Sul,-24.95,-53.45
2015,344,52.74,0.84,0.9,27.54,91.26,0.81,8.53,4.39,Cascavel,PR,Sul,-24.95,-53.45
2015,345,19.92,0.85,0.9,28.18,90.39,0.68,16.23,7.83,Cascavel,PR,Sul,-24.95,-53.45
2015,346,10.63,0.87,0.9,26.39,92.18,0.81,12.25,6.07,Cascavel,PR,Sul,-24.95,-53.45
2015,347,14.46,0.87,0.9,27.93,90.11,0.98,15.69,7.54,Cascavel,PR,Sul,-24.95,-53.45
2015,348,30.84,0.89,0.96,27.1,92.78,1.15,25.27,11.72,Cascavel,PR,Sul,-24.95,-53.45
2015,349,10.63,0.91,0.93,24.75,94.87,0.74,15.09,7.24,Cascavel,PR,Sul,-24.95,-53.45
2015,350,1.27,0.9,0.89,30.22,83.84,0.52,28.1,12.99,Cascavel,PR,Sul,-24.95,-53.45
2015,351,1.29,0.89,0.87,29.45,85.16,1.01,27.77,13.03,Cascavel,PR,Sul,-24.95,-53.45
2015,352,33.9,0.89,0.94,30.19,84.33,0.89,21.66,10.31,Cascavel,PR,Sul,-24.95,-53.45
2015,353,46.27,0.93,0.98,26.3,94.21,0.76,2.71,1.54,Cascavel,PR,Sul,-24.95,-53.45
2015,354,11.25,0.94,0.94,28.55,88.27,0.63,15.1,7.23,Cascavel,PR,Sul,-24.95,-53.45
2015,355,2.58,0.93,0.91,28.85,87.93,0.69,21.42,10.05,Cascavel,PR,Sul,-24.95,-53.45
2015,356,0.28,0.92,0.9,28.6,88.04,0.8,27.07,12.68,Cascavel,PR,Sul,-24.95,-53.45
2015,357,1.11,0.91,0.9,27.91,89.97,0.83,25.79,12.18,Cascavel,PR,Sul,-24.95,-53.45
2015,358,4.21,0.91,0.9,27.75,91.58,0.63,12.61,6.11,Cascavel,PR,Sul,-24.95,-53.45
2015,359,1.28,0.91,0.89,29.24,87.54,0.52,19.26,9.27,Cascavel,PR,Sul,-24.95,-53.45
2015,360,15.56,0.91,0.92,27.57,90.19,0.58,16.86,8.09,Cascavel,PR,Sul,-24.95,-53.45
2015,361,17.42,0.92,0.94,27.39,91.45,0.52,14.92,7.21,Cascavel,PR,Sul,-24.95,-53.45
2015,362,13.86,0.93,0.94,26.77,92.78,0.47,16.71,8.12,Cascavel,PR,Sul,-24.95,-53.45
2015,363,6.31,0.93,0.92,26.74,93.41,0.75,15.53,7.57,Cascavel,PR,Sul,-24.95,-53.45
2015,364,6.23,0.93,0.92,27.74,92.41,0.98,7.57,3.92,Cascavel,PR,Sul,-24.95,-53.45
2015,365,34.07,0.94,0.96,26.72,92.29,0.74,7.8,3.91,Cascavel,PR,Sul,-24.95,-53.45
2016,1,6.93,0.95,0.94,28.09,89.39,0.45,18.79,9.06,Cascavel,PR,Sul,-24.95,-53.45
2016,2,1.27,0.94,0.92,28.34,86.17,0.51,21.34,10.19,Cascavel,PR,Sul,-24.95,-53.45
2016,3,1.63,0.93,0.91,29.32,85.53,0.52,16.98,8.28,Cascavel,PR,Sul,-24.95,-53.45
2016,4,0.5,0.93,0.91,26.93,86.02,0.99,15.41,7.54,Cascavel,PR,Sul,-24.95,-53.45
2016,5,5.73,0.93,0.92,28.17,89.56,0.87,21.17,10.13,Cascavel,PR,Sul,-24.95,-53.45
2016,6,7.41,0.93,0.93,26.96,88.3,0.52,7.79,4.02,Cascavel,PR,Sul,-24.95,-53.45
2016,7,0.39,0.93,0.91,29.61,81.62,0.47,25.2,11.93,Cascavel,PR,Sul,-24.95,-53.45
2016,8,3.5,0.92,0.91,29.68,88.12,0.55,27.9,13.16,Cascavel,PR,Sul,-24.95,-53.45
2016,9,9.64,0.93,0.92,28.01,91.3,0.74,14.1,7.08,Cascavel,PR,Sul,-24.95,-53.45
2016,10,16.55,0.93,0.94,25.97,94.16,0.64,14.22,7.09,Cascavel,PR,Sul,-24.95,-53.45
2016,11,5.35,0.94,0.93,31.35,88.22,0.56,20.24,9.75,Cascavel,PR,Sul,-24.95,-53.45
2016,12,5.65,0.93,0.92,30.58,87.16,0.7,24.24,11.54,Cascavel,PR,Sul,-24.95,-53.45
2016,13,7.68,0.93,0.93,29.66,89.55,0.52,18.49,8.82,Cascavel,PR,Sul,-24.95,-53.45
2016,14,4.9,0.93,0.92,29.19,85.36,0.57,21.81,10.38,Cascavel,PR,Sul,-24.95,-53.45
2016,15,0.14,0.92,0.9,30.79,83.41,0.58,21.0,10.02,Cascavel,PR,Sul,-24.95,-53.45
2016,16,0.02,0.91,0.89,31.57,79.37,0.55,29.25,13.67,Cascavel,PR,Sul,-24.95,-53.45
2016,17,0.0,0.9,0.88,30.05,73.54,0.67,31.34,14.42,Cascavel,PR,Sul,-24.95,-53.45
2016,18,0.0,0.89,0.88,29.57,79.7,0.62,31.62,14.35,Cascavel,PR,Sul,-24.95,-53.45
2016,19,0.0,0.88,0.87,29.39,73.63,0.61,29.06,13.29,Cascavel,PR,Sul,-24.95,-53.45
2016,20,0.0,0.87,0.86,28.67,73.75,0.66,32.15,14.51,Cascavel,PR,Sul,-24.95,-53.45
2016,21,0.0,0.86,0.85,29.23,73.63,0.67,31.64,14.43,Cascavel,PR,Sul,-24.95,-53.45
2016,22,0.0,0.85,0.84,28.71,76.0,0.75,31.31,14.36,Cascavel,PR,Sul,-24.95,-53.45
2016,23,0.0,0.84,0.84,29.88,74.9,0.58,28.17,13.11,Cascavel,PR,Sul,-24.95,-53.45
2016,24,0.0,0.83,0.83,29.53,78.05,0.86,30.1,13.73,Cascavel,PR,Sul,-24.95,-53.45
2016,25,0.48,0.82,0.82,30.9,79.31,0.88,24.42,11.49,Cascavel,PR,Sul,-24.95,-53.45
2016,26,2.01,0.82,0.82,29.65,87.31,0.74,16.07,7.71,Cascavel,PR,Sul,-24.95,-53.45
2016,27,7.33,0.83,0.86,28.34,89.6,0.58,19.85,9.47,Cascavel,PR,Sul,-24.95,-53.45
2016,28,0.27,0.83,0.83,30.92,84.55,0.77,20.47,9.71,Cascavel,PR,Sul,-24.95,-53.45
2016,29,11.08,0.82,0.86,29.97,84.94,0.7,26.21,12.34,Cascavel,PR,Sul,-24.95,-53.45
2016,30,19.25,0.84,0.9,27.03,92.6,0.89,13.67,6.72,Cascavel,PR,Sul,-24.95,-53.45
2016,31,29.15,0.88,0.96,25.31,93.88,1.01,12.85,6.3,Cascavel,PR,Sul,-24.95,-53.45
2016,32,22.6,0.9,0.94,25.86,91.76,0.85,11.26,5.63,Cascavel,PR,Sul,-24.95,-53.45
2016,33,3.81,0.9,0.9,26.66,88.53,0.62,17.27,8.29,Cascavel,PR,Sul,-24.95,-53.45
2016,34,17.93,0.9,0.93,25.84,94.7,0.73,13.26,6.48,Cascavel,PR,Sul,-24.95,-53.45
2016,35,9.92,0.91,0.92,26.79,88.76,0.82,16.76,8.12,Cascavel,PR,Sul,-24.95,-53.45
2016,36,1.28,0.9,0.89,26.03,87.48,0.53,24.86,11.73,Cascavel,PR,Sul,-24.95,-53.45
2016,37,1.66,0.89,0.88,29.4,85.72,0.42,24.38,11.54,Cascavel,PR,Sul,-24.95,-53.45
2016,38,0.28,0.89,0.87,30.62,83.84,0.56,23.68,11.28,Cascavel,PR,Sul,-24.95,-53.45
2016,39,3.81,0.88,0.88,29.13,87.08,0.72,22.32,10.64,Cascavel,PR,Sul,-24.95,-53.45
2016,40,4.55,0.88,0.89,30.5,88.38,0.64,19.72,9.45,Cascavel,PR,Sul,-24.95,-53.45
2016,41,4.98,0.88,0.89,29.97,86.12,0.47,21.59,10.26,Cascavel,PR,Sul,-24.95,-53.45
2016,42,4.22,0.88,0.88,30.67,84.28,0.57,20.51,9.8,Cascavel,PR,Sul,-24.95,-53.45
2016,43,2.49,0.87,0.87,29.45,87.71,0.65,17.13,8.28,Cascavel,PR,Sul,-24.95,-53.45
2016,44,0.86,0.87,0.87,26.55,92.38,0.66,22.45,10.65,Cascavel,PR,Sul,-24.95,-53.45
2016,45,1.11,0.87,0.87,29.09,88.81,0.49,20.56,9.76,Cascavel,PR,Sul,-24.95,-53.45
2016,46,3.52,0.86,0.87,31.29,82.64,0.42,24.77,11.62,Cascavel,PR,Sul,-24.95,-53.45
2016,47,5.99,0.86,0.88,27.69,92.18,0.72,17.55,8.45,Cascavel,PR,Sul,-24.95,-53.45
2016,48,1.38,0.86,0.86,30.35,84.63,0.8,24.25,11.54,Cascavel,PR,Sul,-24.95,-53.45
2016,49,1.06,0.86,0.86,28.88,85.36,0.55,18.55,8.88,Cascavel,PR,Sul,-24.95,-53.45
2016,50,0.03,0.85,0.85,31.39,81.7,0.51,24.76,11.7,Cascavel,PR,Sul,-24.95,-53.45
2016,51,3.75,0.85,0.86,30.24,84.12,0.45,22.46,10.61,Cascavel,PR,Sul,-24.95,-53.45
2016,52,5.06,0.85,0.86,27.1,88.55,0.47,19.78,9.45,Cascavel,PR,Sul,-24.95,-53.45
2016,53,15.05,0.86,0.91,25.32,92.32,0.59,9.82,4.92,Cascavel,PR,Sul,-24.95,-53.45
2016,54,11.69,0.87,0.9,27.05,89.56,0.6,9.21,4.72,Cascavel,PR,Sul,-24.95,-53.45
2016,55,8.68,0.88,0.9,28.78,88.65,0.65,12.46,6.18,Cascavel,PR,Sul,-24.95,-53.45
2016,56,4.46,0.88,0.88,29.45,84.7,0.63,17.4,8.36,Cascavel,PR,Sul,-24.95,-53.45
2016,57,9.66,0.87,0.89,29.2,88.67,0.79,16.03,7.76,Cascavel,PR,Sul,-24.95,-53.45
2016,58,12.93,0.88,0.91,26.32,93.31,0.71,9.22,4.68,Cascavel,PR,Sul,-24.95,-53.45
2016,59,24.35,0.9,0.92,25.89,93.43,0.5,14.78,7.19,Cascavel,PR,Sul,-24.95,-53.45
2016,60,0.01,0.89,0.88,29.85,83.13,0.65,23.21,10.75,Cascavel,PR,Sul,-24.95,-53.45
2016,61,0.0,0.88,0.87,26.77,83.55,0.81,24.53,11.27,Cascavel,PR,Sul,-24.95,-53.45
2016,62,6.36,0.87,0.88,26.38,88.19,0.85,13.06,6.32,Cascavel,PR,Sul,-24.95,-53.45
2016,63,2.26,0.88,0.88,26.81,87.83,0.89,15.28,7.17,Cascavel,PR,Sul,-24.95,-53.45
2016,64,0.04,0.86,0.86,25.74,84.6,0.58,14.73,6.94,Cascavel,PR,Sul,-24.95,-53.45
2016,65,0.0,0.86,0.85,26.27,83.3,0.58,21.92,10.05,Cascavel,PR,Sul,-24.95,-53.45
2016,66,0.0,0.85,0.85,27.49,82.78,0.54,22.92,10.61,Cascavel,PR,Sul,-24.95,-53.45
2016,67,0.0,0.84,0.84,29.28,80.22,0.47,24.85,11.44,Cascavel,PR,Sul,-24.95,-53.45
2016,68,6.13,0.84,0.85,29.87,85.52,0.61,21.59,10.06,Cascavel,PR,Sul,-24.95,-53.45
2016,69,30.29,0.86,0.93,25.73,94.54,0.66,4.01,2.14,Cascavel,PR,Sul,-24.95,-53.45
2016,70,8.81,0.89,0.91,25.8,87.21,0.82,17.18,8.13,Cascavel,PR,Sul,-24.95,-53.45
2016,71,0.03,0.87,0.86,24.49,84.07,0.79,21.75,9.91,Cascavel,PR,Sul,-24.95,-53.45
2016,72,0.0,0.86,0.86,25.1,83.59,0.62,25.48,11.6,Cascavel,PR,Sul,-24.95,-53.45
2016,73,0.0,0.85,0.85,26.88,80.45,0.72,24.36,11.24,Cascavel,PR,Sul,-24.95,-53.45
2016,74,0.0,0.85,0.84,27.78,82.08,0.68,21.92,10.23,Cascavel,PR,Sul,-24.95,-53.45
2016,75,2.44,0.84,0.84,29.04,83.35,0.72,23.7,11.11,Cascavel,PR,Sul,-24.95,-53.45
2016,76,0.09,0.83,0.83,29.44,84.55,0.61,25.06,11.66,Cascavel,PR,Sul,-24.95,-53.45
2016,77,0.0,0.83,0.82,29.62,82.82,0.77,24.94,11.58,Cascavel,PR,Sul,-24.95,-53.45
2016,78,0.0,0.82,0.82,30.1,83.78,0.82,24.56,11.48,Cascavel,PR,Sul,-24.95,-53.45
2016,79,0.0,0.81,0.82,29.15,84.18,0.64,21.62,10.08,Cascavel,PR,Sul,-24.95,-53.45
2016,80,1.15,0.81,0.81,29.76,82.38,0.6,23.73,11.1,Cascavel,PR,Sul,-24.95,-53.45
2016,81,14.22,0.81,0.86,28.29,85.78,0.67,16.21,7.66,Cascavel,PR,Sul,-24.95,-53.45
2016,82,6.3,0.83,0.85,26.84,90.58,0.69,9.83,4.89,Cascavel,PR,Sul,-24.95,-53.45
2016,83,3.52,0.82,0.84,28.27,86.19,0.51,16.11,7.56,Cascavel,PR,Sul,-24.95,-53.45
2016,84,31.2,0.84,0.91,25.83,92.51,0.6,7.03,3.59,Cascavel,PR,Sul,-24.95,-53.45
2016,85,12.55,0.86,0.9,25.35,89.12,1.47,7.03,3.6,Cascavel,PR,Sul,-24.95,-53.45
2016,86,2.17,0.86,0.86,22.45,85.58,0.74,16.55,7.65,Cascavel,PR,Sul,-24.95,-53.45
2016,87,0.02,0.85,0.84,23.53,82.15,0.69,19.75,8.94,Cascavel,PR,Sul,-24.95,-53.45
2016,88,0.04,0.84,0.84,25.41,83.49,0.63,23.73,10.71,Cascavel,PR,Sul,-24.95,-53.45
2016,89,0.0,0.83,0.83,27.6,82.18,0.56,23.27,10.57,Cascavel,PR,Sul,-24.95,-53.45
2016,90,0.04,0.82,0.82,30.15,79.73,0.47,21.75,10.17,Cascavel,PR,Sul,-24.95,-53.45
2016,91,0.25,0.82,0.82,30.56,83.47,0.55,15.9,7.61,Cascavel,PR,Sul,-24.95,-53.45
2016,92,0.03,0.81,0.82,28.65,86.27,0.54,22.12,10.34,Cascavel,PR,Sul,-24.95,-53.45
2016,93,0.24,0.81,0.81,29.27,85.99,0.7,22.15,10.34,Cascavel,PR,Sul,-24.95,-53.45
2016,94,0.02,0.8,0.8,30.1,83.69,0.63,22.02,10.27,Cascavel,PR,Sul,-24.95,-53.45
2016,95,0.0,0.79,0.8,31.28,82.96,0.67,21.35,9.96,Cascavel,PR,Sul,-24.95,-53.45
2016,96,0.0,0.79,0.78,31.07,83.01,0.76,22.0,10.22,Cascavel,PR,Sul,-24.95,-53.45
2016,97,0.0,0.78,0.78,31.22,81.93,0.74,22.1,10.28,Cascavel,PR,Sul,-24.95,-53.45
2016,98,0.0,0.78,0.77,31.41,81.08,0.53,21.83,10.27,Cascavel,PR,Sul,-24.95,-53.45
2016,99,0.0,0.77,0.76,31.65,78.16,0.59,21.71,10.22,Cascavel,PR,Sul,-24.95,-53.45
2016,100,0.01,0.77,0.75,31.15,79.23,0.63,17.81,8.37,Cascavel,PR,Sul,-24.95,-53.45
2016,101,9.29,0.76,0.78,29.17,83.31,0.52,16.27,7.63,Cascavel,PR,Sul,-24.95,-53.45
2016,102,2.76,0.78,0.8,29.04,85.48,0.51,11.33,5.47,Cascavel,PR,Sul,-24.95,-53.45
2016,103,0.11,0.77,0.77,30.25,81.01,0.53,18.43,8.62,Cascavel,PR,Sul,-24.95,-53.45
2016,104,5.6,0.77,0.79,26.49,88.96,0.57,19.24,9.03,Cascavel,PR,Sul,-24.95,-53.45
2016,105,1.44,0.78,0.78,30.06,82.11,0.67,20.44,9.58,Cascavel,PR,Sul,-24.95,-53.45
2016,106,0.05,0.77,0.76,30.56,81.88,0.85,20.07,9.38,Cascavel,PR,Sul,-24.95,-53.45
2016,107,0.01,0.76,0.75,31.01,79.7,0.9,19.84,9.29,Cascavel,PR,Sul,-24.95,-53.45
2016,108,0.0,0.75,0.74,30.91,77.0,0.84,20.69,9.58,Cascavel,PR,Sul,-24.95,-53.45
2016,109,0.0,0.75,0.73,31.06,77.57,0.8,20.52,9.46,Cascavel,PR,Sul,-24.95,-53.45
2016,110,0.0,0.74,0.72,30.87,77.5,0.86,19.59,9.09,Cascavel,PR,Sul,-24.95,-53.45
2016,111,0.0,0.74,0.72,30.81,72.97,0.86,19.13,8.91,Cascavel,PR,Sul,-24.95,-53.45
2016,112,0.32,0.73,0.71,31.51,74.72,0.79,17.87,8.3,Cascavel,PR,Sul,-24.95,-53.45
2016,113,1.23,0.73,0.72,27.18,88.98,0.54,12.47,5.93,Cascavel,PR,Sul,-24.95,-53.45
2016,114,2.34,0.73,0.73,30.77,78.02,0.8,19.4,9.08,Cascavel,PR,Sul,-24.95,-53.45
2016,115,4.0,0.73,0.73,30.55,76.0,0.95,17.19,8.01,Cascavel,PR,Sul,-24.95,-53.45
2016,116,23.44,0.74,0.8,26.83,89.93,0.9,4.48,2.3,Cascavel,PR,Sul,-24.95,-53.45
2016,117,17.42,0.78,0.87,21.36,91.78,1.2,4.16,2.18,Cascavel,PR,Sul,-24.95,-53.45
2016,118,0.01,0.79,0.79,14.21,76.41,1.01,13.31,5.8,Cascavel,PR,Sul,-24.95,-53.45
2016,119,0.0,0.78,0.78,13.23,77.24,0.68,18.77,8.25,Cascavel,PR,Sul,-24.95,-53.45
2016,120,0.0,0.77,0.77,18.29,74.26,0.58,17.98,7.96,Cascavel,PR,Sul,-24.95,-53.45
2016,121,0.0,0.77,0.76,17.22,75.58,0.83,19.2,8.52,Cascavel,PR,Sul,-24.95,-53.45
2016,122,0.0,0.76,0.75,20.47,72.72,0.69,18.67,8.16,Cascavel,PR,Sul,-24.95,-53.45
2016,123,0.0,0.76,0.75,22.49,71.04,0.81,19.24,8.58,Cascavel,PR,Sul,-24.95,-53.45
2016,124,0.0,0.75,0.74,24.76,73.24,0.58,12.53,5.73,Cascavel,PR,Sul,-24.95,-53.45
2016,125,0.0,0.75,0.74,25.12,75.75,0.53,17.33,7.83,Cascavel,PR,Sul,-24.95,-53.45
2016,126,3.0,0.75,0.75,24.82,83.08,0.66,11.83,5.46,Cascavel,PR,Sul,-24.95,-53.45
2016,127,15.13,0.76,0.82,19.45,94.43,0.48,4.45,2.25,Cascavel,PR,Sul,-24.95,-53.45
2016,128,0.56,0.77,0.77,23.47,89.2,0.55,6.54,3.16,Cascavel,PR,Sul,-24.95,-53.45
2016,129,27.56,0.79,0.87,21.57,95.37,0.48,2.06,1.11,Cascavel,PR,Sul,-24.95,-53.45
2016,130,36.4,0.83,0.91,21.54,96.95,0.67,1.37,0.76,Cascavel,PR,Sul,-24.95,-53.45
2016,131,8.14,0.84,0.87,23.83,91.3,0.51,7.24,3.51,Cascavel,PR,Sul,-24.95,-53.45
2016,132,1.24,0.83,0.84,20.83,92.95,0.42,6.08,2.98,Cascavel,PR,Sul,-24.95,-53.45
2016,133,0.02,0.82,0.83,24.34,88.72,0.48,11.11,5.08,Cascavel,PR,Sul,-24.95,-53.45
2016,134,0.04,0.82,0.82,24.61,87.73,0.44,12.17,5.53,Cascavel,PR,Sul,-24.95,-53.45
2016,135,0.01,0.81,0.81,24.04,86.22,0.76,16.16,7.36,Cascavel,PR,Sul,-24.95,-53.45
2016,136,7.83,0.81,0.82,25.01,88.17,1.11,15.48,7.12,Cascavel,PR,Sul,-24.95,-53.45
2016,137,4.63,0.82,0.85,19.18,84.43,0.93,10.8,4.87,Cascavel,PR,Sul,-24.95,-53.45
2016,138,0.02,0.81,0.82,17.91,81.57,0.62,16.82,7.48,Cascavel,PR,Sul,-24.95,-53.45
2016,139,0.04,0.81,0.81,19.05,79.57,0.54,15.11,6.75,Cascavel,PR,Sul,-24.95,-53.45
2016,140,0.12,0.8,0.81,21.27,85.09,0.64,7.61,3.48,Cascavel,PR,Sul,-24.95,-53.45
2016,141,40.46,0.82,0.92,20.68,96.22,0.7,2.4,1.28,Cascavel,PR,Sul,-24.95,-53.45
2016,142,2.39,0.85,0.87,20.71,91.12,0.46,4.33,2.11,Cascavel,PR,Sul,-24.95,-53.45
2016,143,0.81,0.84,0.84,17.25,90.17,0.74,3.98,1.96,Cascavel,PR,Sul,-24.95,-53.45
2016,144,0.08,0.83,0.84,15.94,81.59,0.75,16.59,7.15,Cascavel,PR,Sul,-24.95,-53.45
2016,145,0.0,0.83,0.83,18.7,83.49,0.76,16.26,7.13,Cascavel,PR,Sul,-24.95,-53.45
2016,146,0.0,0.82,0.83,20.98,87.23,0.7,14.65,6.58,Cascavel,PR,Sul,-24.95,-53.45
2016,147,9.49,0.82,0.85,22.02,90.44,0.56,8.28,3.9,Cascavel,PR,Sul,-24.95,-53.45
2016,148,5.48,0.84,0.87,23.8,89.48,0.48,5.89,2.87,Cascavel,PR,Sul,-24.95,-53.45
2016,149,18.29,0.84,0.88,21.34,93.45,0.52,6.46,3.11,Cascavel,PR,Sul,-24.95,-53.45
2016,150,5.66,0.86,0.89,18.83,93.81,0.66,6.46,3.01,Cascavel,PR,Sul,-24.95,-53.45
2016,151,4.02,0.86,0.87,17.54,91.22,0.55,3.91,1.93,Cascavel,PR,Sul,-24.95,-53.45
2016,152,0.5,0.85,0.85,19.17,87.09,0.57,10.31,4.63,Cascavel,PR,Sul,-24.95,-53.45
2016,153,2.64,0.85,0.86,17.52,92.41,0.48,4.93,2.38,Cascavel,PR,Sul,-24.95,-53.45
2016,154,0.44,0.85,0.85,18.61,88.54,0.51,12.05,5.31,Cascavel,PR,Sul,-24.95,-53.45
2016,155,0.0,0.85,0.85,17.23,85.51,0.65,14.16,6.3,Cascavel,PR,Sul,-24.95,-53.45
2016,156,0.1,0.84,0.84,19.4,85.61,0.69,7.36,3.42,Cascavel,PR,Sul,-24.95,-53.45
2016,157,1.13,0.84,0.85,15.22,93.86,0.58,4.0,1.94,Cascavel,PR,Sul,-24.95,-53.45
2016,158,0.08,0.84,0.84,17.27,87.99,0.54,7.57,3.55,Cascavel,PR,Sul,-24.95,-53.45
2016,159,0.0,0.84,0.84,15.78,82.18,0.7,15.01,6.55,Cascavel,PR,Sul,-24.95,-53.45
2016,160,0.05,0.83,0.84,15.48,83.74,0.78,16.19,7.03,Cascavel,PR,Sul,-24.95,-53.45
2016,161,0.0,0.83,0.83,15.14,75.85,0.73,14.27,6.12,Cascavel,PR,Sul,-24.95,-53.45
2016,162,0.0,0.83,0.83,14.9,73.56,0.8,13.74,5.93,Cascavel,PR,Sul,-24.95,-53.45
2016,163,0.0,0.82,0.83,12.86,76.58,0.77,16.03,6.89,Cascavel,PR,Sul,-24.95,-53.45
2016,164,0.0,0.82,0.83,13.92,78.36,0.71,15.75,6.73,Cascavel,PR,Sul,-24.95,-53.45
2016,165,0.0,0.82,0.82,15.93,77.01,0.81,15.88,6.73,Cascavel,PR,Sul,-24.95,-53.45
2016,166,0.0,0.81,0.82,18.42,80.58,0.84,14.97,6.59,Cascavel,PR,Sul,-24.95,-53.45
2016,167,0.0,0.81,0.82,20.97,88.27,0.67,14.7,6.65,Cascavel,PR,Sul,-24.95,-53.45
2016,168,1.0,0.81,0.82,21.75,92.24,0.59,11.63,5.32,Cascavel,PR,Sul,-24.95,-53.45
2016,169,3.61,0.81,0.84,20.35,94.4,0.48,7.29,3.34,Cascavel,PR,Sul,-24.95,-53.45
2016,170,0.3,0.81,0.82,20.98,90.17,0.39,3.58,1.78,Cascavel,PR,Sul,-24.95,-53.45
2016,171,1.81,0.81,0.82,19.98,90.9,0.42,7.93,3.64,Cascavel,PR,Sul,-24.95,-53.45
2016,172,16.94,0.82,0.87,21.63,91.35,0.42,3.39,1.68,Cascavel,PR,Sul,-24.95,-53.45
2016,173,11.62,0.84,0.88,18.78,94.58,0.43,5.45,2.57,Cascavel,PR,Sul,-24.95,-53.45
2016,174,2.66,0.85,0.87,16.61,94.37,0.41,5.04,2.29,Cascavel,PR,Sul,-24.95,-53.45
2016,175,0.06,0.84,0.84,20.61,86.83,0.49,11.99,5.32,Cascavel,PR,Sul,-24.95,-53.45
2016,176,0.06,0.84,0.84,21.31,90.4,0.71,13.27,6.0,Cascavel,PR,Sul,-24.95,-53.45
2016,177,0.0,0.83,0.83,21.95,88.07,0.94,10.56,4.85,Cascavel,PR,Sul,-24.95,-53.45
2016,178,0.01,0.83,0.83,23.43,89.39,0.86,14.81,6.65,Cascavel,PR,Sul,-24.95,-53.45
2016,179,0.02,0.82,0.83,22.31,88.75,0.69,14.28,6.4,Cascavel,PR,Sul,-24.95,-53.45
2016,180,0.0,0.82,0.82,21.8,86.26,0.62,14.32,6.42,Cascavel,PR,Sul,-24.95,-53.45
2016,181,0.01,0.82,0.82,21.22,88.64,0.64,13.6,6.11,Cascavel,PR,Sul,-24.95,-53.45
2016,182,0.0,0.81,0.82,22.74,88.42,0.7,9.5,4.33,Cascavel,PR,Sul,-24.95,-53.45
2016,183,0.0,0.81,0.81,23.46,87.66,0.71,14.87,6.69,Cascavel,PR,Sul,-24.95,-53.45
2016,184,0.0,0.8,0.81,24.24,88.44,0.73,14.91,6.78,Cascavel,PR,Sul,-24.95,-53.45
2016,185,0.01,0.8,0.8,24.16,86.53,0.78,14.73,6.66,Cascavel,PR,Sul,-24.95,-53.45
2016,186,0.02,0.8,0.8,23.9,88.6,0.83,10.78,4.94,Cascavel,PR,Sul,-24.95,-53.45
2016,187,1.0,0.79,0.8,23.51,84.95,0.91,8.54,3.98,Cascavel,PR,Sul,-24.95,-53.45
2016,188,15.74,0.81,0.86,16.05,88.82,0.84,8.63,3.97,Cascavel,PR,Sul,-24.95,-53.45
2016,189,0.01,0.81,0.82,16.7,80.62,0.7,16.03,6.93,Cascavel,PR,Sul,-24.95,-53.45
2016,190,0.0,0.81,0.81,16.3,84.06,0.68,11.7,5.13,Cascavel,PR,Sul,-24.95,-53.45
2016,191,0.17,0.8,0.8,21.12,80.83,1.05,13.86,6.31,Cascavel,PR,Sul,-24.95,-53.45
2016,192,0.09,0.8,0.8,22.61,87.26,0.78,12.76,5.77,Cascavel,PR,Sul,-24.95,-53.45
2016,193,0.0,0.79,0.79,25.18,83.26,0.92,15.24,6.87,Cascavel,PR,Sul,-24.95,-53.45
2016,194,16.88,0.8,0.85,25.66,90.95,0.54,11.1,5.06,Cascavel,PR,Sul,-24.95,-53.45
2016,195,4.87,0.82,0.85,23.5,93.81,0.76,10.83,4.94,Cascavel,PR,Sul,-24.95,-53.45
2016,196,0.07,0.82,0.82,24.31,88.03,0.8,12.41,5.6,Cascavel,PR,Sul,-24.95,-53.45
2016,197,23.16,0.83,0.89,21.33,90.95,0.74,8.96,4.11,Cascavel,PR,Sul,-24.95,-53.45
2016,198,1.66,0.84,0.85,15.64,82.56,1.17,12.12,5.36,Cascavel,PR,Sul,-24.95,-53.45
2016,199,0.0,0.83,0.83,12.73,77.31,0.84,17.32,7.4,Cascavel,PR,Sul,-24.95,-53.45
2016,200,0.0,0.82,0.83,16.57,76.5,0.54,7.31,3.3,Cascavel,PR,Sul,-24.95,-53.45
2016,201,0.0,0.82,0.82,17.82,77.75,0.57,15.86,6.96,Cascavel,PR,Sul,-24.95,-53.45
2016,202,0.02,0.81,0.82,19.66,80.32,0.62,15.6,6.87,Cascavel,PR,Sul,-24.95,-53.45
2016,203,0.0,0.81,0.81,19.81,78.08,0.73,16.7,7.28,Cascavel,PR,Sul,-24.95,-53.45
2016,204,0.04,0.81,0.81,21.18,85.07,0.64,16.26,7.06,Cascavel,PR,Sul,-24.95,-53.45
2016,205,0.07,0.8,0.8,21.55,88.23,0.83,15.43,6.83,Cascavel,PR,Sul,-24.95,-53.45
2016,206,0.0,0.8,0.8,24.24,86.76,0.72,16.17,7.12,Cascavel,PR,Sul,-24.95,-53.45
2016,207,0.01,0.79,0.79,24.73,80.78,1.04,14.84,6.71,Cascavel,PR,Sul,-24.95,-53.45
2016,208,1.48,0.79,0.79,20.08,86.89,0.97,8.13,3.75,Cascavel,PR,Sul,-24.95,-53.45
2016,209,0.04,0.79,0.79,17.7,80.34,0.8,18.06,7.8,Cascavel,PR,Sul,-24.95,-53.45
2016,210,0.0,0.79,0.79,20.71,75.74,0.58,14.08,6.16,Cascavel,PR,Sul,-24.95,-53.45
2016,211,0.0,0.78,0.78,24.61,79.66,0.74,13.58,6.05,Cascavel,PR,Sul,-24.95,-53.45
2016,212,0.0,0.78,0.77,24.99,84.33,0.85,14.41,6.48,Cascavel,PR,Sul,-24.95,-53.45
2016,213,0.0,0.77,0.77,25.12,84.54,0.88,16.57,7.4,Cascavel,PR,Sul,-24.95,-53.45
2016,214,0.0,0.77,0.76,25.61,78.95,0.81,16.49,7.37,Cascavel,PR,Sul,-24.95,-53.45
2016,215,0.0,0.77,0.76,25.48,84.62,0.63,13.58,6.06,Cascavel,PR,Sul,-24.95,-53.45
2016,216,0.0,0.76,0.75,25.3,83.51,0.78,16.0,7.19,Cascavel,PR,Sul,-24.95,-53.45
2016,217,0.0,0.76,0.75,25.09,83.6,0.81,16.79,7.51,Cascavel,PR,Sul,-24.95,-53.45
2016,218,0.0,0.76,0.74,26.82,79.13,0.82,17.07,7.63,Cascavel,PR,Sul,-24.95,-53.45
2016,219,0.01,0.75,0.74,27.52,74.13,0.9,16.46,7.29,Cascavel,PR,Sul,-24.95,-53.45
2016,220,5.53,0.75,0.76,19.78,86.74,0.78,5.39,2.47,Cascavel,PR,Sul,-24.95,-53.45
2016,221,28.54,0.79,0.9,19.34,93.57,0.42,2.2,1.15,Cascavel,PR,Sul,-24.95,-53.45
2016,222,0.34,0.8,0.8,21.25,83.17,0.67,17.45,7.57,Cascavel,PR,Sul,-24.95,-53.45
2016,223,0.0,0.79,0.79,19.41,76.34,0.72,20.04,8.56,Cascavel,PR,Sul,-24.95,-53.45
2016,224,0.0,0.78,0.78,20.91,71.94,0.69,19.96,8.55,Cascavel,PR,Sul,-24.95,-53.45
2016,225,0.0,0.78,0.77,21.34,76.61,0.73,19.1,8.35,Cascavel,PR,Sul,-24.95,-53.45
2016,226,0.0,0.77,0.77,21.7,78.21,0.79,18.47,8.05,Cascavel,PR,Sul,-24.95,-53.45
2016,227,13.99,0.78,0.82,25.31,82.79,0.67,11.69,5.27,Cascavel,PR,Sul,-24.95,-53.45
2016,228,11.21,0.8,0.84,20.79,93.81,0.52,2.25,1.15,Cascavel,PR,Sul,-24.95,-53.45
2016,229,1.45,0.8,0.81,26.58,88.16,0.69,17.6,7.85,Cascavel,PR,Sul,-24.95,-53.45
2016,230,2.34,0.79,0.81,25.18,90.71,0.78,12.49,5.55,Cascavel,PR,Sul,-24.95,-53.45
2016,231,12.14,0.8,0.85,25.32,94.23,0.54,3.48,1.73,Cascavel,PR,Sul,-24.95,-53.45
2016,232,40.59,0.83,0.9,20.36,96.53,0.79,2.8,1.38,Cascavel,PR,Sul,-24.95,-53.45
2016,233,21.41,0.85,0.92,22.42,94.8,0.92,1.78,0.97,Cascavel,PR,Sul,-24.95,-53.45
2016,234,7.44,0.87,0.89,15.4,80.53,1.32,14.36,6.36,Cascavel,PR,Sul,-24.95,-53.45
2016,235,0.0,0.85,0.85,17.91,73.5,0.66,21.37,9.21,Cascavel,PR,Sul,-24.95,-53.45
2016,236,0.01,0.84,0.84,20.79,71.58,0.68,20.37,8.88,Cascavel,PR,Sul,-24.95,-53.45
2016,237,0.0,0.84,0.84,22.57,82.12,0.85,19.27,8.59,Cascavel,PR,Sul,-24.95,-53.45
2016,238,0.01,0.83,0.83,27.11,84.13,0.83,20.18,9.07,Cascavel,PR,Sul,-24.95,-53.45
2016,239,0.01,0.82,0.82,28.16,82.58,0.88,19.06,8.64,Cascavel,PR,Sul,-24.95,-53.45
2016,240,0.0,0.82,0.81,26.95,77.05,0.91,21.13,9.35,Cascavel,PR,Sul,-24.95,-53.45
2016,241,4.43,0.81,0.82,27.02,76.34,0.98,18.06,8.07,Cascavel,PR,Sul,-24.95,-53.45
2016,242,26.45,0.82,0.89,23.54,85.72,0.88,3.13,1.56,Cascavel,PR,Sul,-24.95,-53.45
2016,243,8.16,0.85,0.89,15.31,94.18,0.71,3.16,1.71,Cascavel,PR,Sul,-24.95,-53.45
2016,244,0.12,0.85,0.85,19.83,85.3,0.59,8.27,3.94,Cascavel,PR,Sul,-24.95,-53.45
2016,245,0.04,0.84,0.84,23.56,80.99,0.5,20.27,9.12,Cascavel,PR,Sul,-24.95,-53.45
2016,246,0.05,0.83,0.83,23.8,83.83,0.61,21.74,9.66,Cascavel,PR,Sul,-24.95,-53.45
2016,247,6.13,0.83,0.85,21.3,91.16,0.39,9.08,4.37,Cascavel,PR,Sul,-24.95,-53.45
2016,248,9.36,0.85,0.88,22.48,88.43,0.59,10.23,4.83,Cascavel,PR,Sul,-24.95,-53.45
2016,249,21.46,0.85,0.9,19.36,94.42,0.72,4.58,2.3,Cascavel,PR,Sul,-24.95,-53.45
2016,250,0.58,0.86,0.86,15.8,80.59,1.01,13.21,5.87,Cascavel,PR,Sul,-24.95,-53.45
2016,251,0.0,0.85,0.85,16.68,74.65,0.85,24.18,10.42,Cascavel,PR,Sul,-24.95,-53.45
2016,252,0.01,0.85,0.85,20.56,76.55,0.74,22.23,9.77,Cascavel,PR,Sul,-24.95,-53.45
2016,253,0.02,0.84,0.84,24.06,71.53,0.7,22.12,9.85,Cascavel,PR,Sul,-24.95,-53.45
2016,254,0.0,0.83,0.83,26.3,74.28,0.75,23.2,10.43,Cascavel,PR,Sul,-24.95,-53.45
2016,255,0.0,0.83,0.82,27.9,79.41,0.81,22.93,10.29,Cascavel,PR,Sul,-24.95,-53.45
2016,256,0.0,0.82,0.82,28.8,78.33,1.04,21.95,9.82,Cascavel,PR,Sul,-24.95,-53.45
2016,257,1.22,0.81,0.82,22.46,82.51,0.98,9.72,4.27,Cascavel,PR,Sul,-24.95,-53.45
2016,258,0.0,0.81,0.81,19.98,71.31,0.96,24.92,10.72,Cascavel,PR,Sul,-24.95,-53.45
2016,259,0.0,0.81,0.81,21.85,74.37,0.78,25.22,11.01,Cascavel,PR,Sul,-24.95,-53.45
2016,260,0.03,0.8,0.8,24.77,74.14,0.69,23.07,10.14,Cascavel,PR,Sul,-24.95,-53.45
2016,261,0.0,0.79,0.79,27.05,76.75,0.92,20.7,8.95,Cascavel,PR,Sul,-24.95,-53.45
2016,262,10.89,0.79,0.83,29.89,83.08,0.88,15.88,7.04,Cascavel,PR,Sul,-24.95,-53.45
2016,263,5.2,0.81,0.84,23.17,82.94,0.96,8.46,4.05,Cascavel,PR,Sul,-24.95,-53.45
2016,264,0.0,0.8,0.8,22.23,70.15,0.82,25.31,10.92,Cascavel,PR,Sul,-24.95,-53.45
2016,265,0.0,0.79,0.79,24.27,73.01,0.85,25.57,11.17,Cascavel,PR,Sul,-24.95,-53.45
2016,266,0.0,0.79,0.78,24.21,73.8,0.95,24.08,10.7,Cascavel,PR,Sul,-24.95,-53.45
2016,267,0.0,0.78,0.77,26.43,71.75,0.71,25.91,11.45,Cascavel,PR,Sul,-24.95,-53.45
2016,268,0.0,0.77,0.76,27.34,71.36,0.69,21.94,9.82,Cascavel,PR,Sul,-24.95,-53.45
2016,269,0.0,0.77,0.75,24.8,67.63,0.74,24.67,10.96,Cascavel,PR,Sul,-24.95,-53.45
2016,270,0.0,0.76,0.75,26.52,65.21,0.69,23.87,10.63,Cascavel,PR,Sul,-24.95,-53.45
2016,271,0.0,0.75,0.74,28.54,66.49,0.68,26.05,11.54,Cascavel,PR,Sul,-24.95,-53.45
2016,272,0.0,0.75,0.73,28.62,65.97,0.85,26.55,11.8,Cascavel,PR,Sul,-24.95,-53.45
2016,273,0.0,0.74,0.73,30.71,66.26,0.58,26.22,11.67,Cascavel,PR,Sul,-24.95,-53.45
2016,274,0.32,0.74,0.72,28.48,76.66,0.75,12.17,5.64,Cascavel,PR,Sul,-24.95,-53.45
2016,275,0.0,0.73,0.72,29.14,76.5,0.56,23.74,10.7,Cascavel,PR,Sul,-24.95,-53.45
2016,276,0.14,0.73,0.71,28.81,71.22,0.72,24.7,11.15,Cascavel,PR,Sul,-24.95,-53.45
2016,277,23.68,0.75,0.8,19.97,87.57,0.56,3.49,1.87,Cascavel,PR,Sul,-24.95,-53.45
2016,278,0.07,0.75,0.74,26.51,76.66,0.53,14.67,6.7,Cascavel,PR,Sul,-24.95,-53.45
2016,279,1.49,0.75,0.74,25.27,76.99,0.81,16.63,7.71,Cascavel,PR,Sul,-24.95,-53.45
2016,280,0.97,0.75,0.74,20.73,73.98,0.94,15.48,7.1,Cascavel,PR,Sul,-24.95,-53.45
2016,281,0.1,0.74,0.73,25.8,67.64,0.68,27.14,12.11,Cascavel,PR,Sul,-24.95,-53.45
2016,282,0.0,0.73,0.72,27.29,69.22,0.7,23.04,10.34,Cascavel,PR,Sul,-24.95,-53.45
2016,283,0.0,0.73,0.7,27.91,61.92,0.74,28.44,12.5,Cascavel,PR,Sul,-24.95,-53.45
2016,284,0.0,0.72,0.7,30.0,65.87,0.9,27.49,12.37,Cascavel,PR,Sul,-24.95,-53.45
2016,285,15.6,0.73,0.79,27.98,77.47,0.81,19.1,8.85,Cascavel,PR,Sul,-24.95,-53.45
2016,286,23.3,0.75,0.81,26.77,84.68,1.18,10.83,5.23,Cascavel,PR,Sul,-24.95,-53.45
2016,287,23.92,0.79,0.88,25.64,91.51,0.95,6.69,3.4,Cascavel,PR,Sul,-24.95,-53.45
2016,288,4.32,0.8,0.82,25.48,91.4,0.92,17.13,8.07,Cascavel,PR,Sul,-24.95,-53.45
2016,289,8.02,0.79,0.83,28.92,84.88,1.0,9.28,4.53,Cascavel,PR,Sul,-24.95,-53.45
2016,290,0.02,0.79,0.79,29.25,82.0,1.14,23.8,10.94,Cascavel,PR,Sul,-24.95,-53.45
2016,291,2.37,0.78,0.79,31.25,82.4,0.92,19.9,9.14,Cascavel,PR,Sul,-24.95,-53.45
2016,292,0.79,0.77,0.78,30.64,83.0,0.91,15.91,7.33,Cascavel,PR,Sul,-24.95,-53.45
2016,293,1.65,0.77,0.77,32.73,78.68,1.13,19.6,8.88,Cascavel,PR,Sul,-24.95,-53.45
2016,294,6.51,0.77,0.8,26.82,86.72,0.88,18.6,8.51,Cascavel,PR,Sul,-24.95,-53.45
2016,295,0.03,0.77,0.76,24.91,79.07,1.0,17.51,7.95,Cascavel,PR,Sul,-24.95,-53.45
2016,296,0.0,0.76,0.75,30.18,76.75,0.58,20.62,9.35,Cascavel,PR,Sul,-24.95,-53.45
2016,297,0.01,0.75,0.74,32.16,74.06,0.68,26.17,12.07,Cascavel,PR,Sul,-24.95,-53.45
2016,298,37.81,0.77,0.87,25.96,89.4,0.64,19.69,9.26,Cascavel,PR,Sul,-24.95,-53.45
2016,299,30.24,0.82,0.93,27.22,91.32,0.89,16.55,7.88,Cascavel,PR,Sul,-24.95,-53.45
2016,300,34.93,0.85,0.94,25.65,93.5,1.02,4.05,2.2,Cascavel,PR,Sul,-24.95,-53.45
2016,301,0.77,0.85,0.85,21.9,78.36,1.27,22.99,10.39,Cascavel,PR,Sul,-24.95,-53.45
2016,302,0.0,0.84,0.83,20.16,70.62,0.99,29.97,13.26,Cascavel,PR,Sul,-24.95,-53.45
2016,303,0.01,0.82,0.82,24.97,72.9,0.8,30.68,13.59,Cascavel,PR,Sul,-24.95,-53.45
2016,304,0.0,0.81,0.81,25.78,76.13,0.96,26.91,12.24,Cascavel,PR,Sul,-24.95,-53.45
2016,305,0.06,0.8,0.8,29.02,80.38,1.01,25.88,11.93,Cascavel,PR,Sul,-24.95,-53.45
2016,306,6.24,0.8,0.82,28.3,84.26,1.21,26.73,12.38,Cascavel,PR,Sul,-24.95,-53.45
2016,307,42.37,0.82,0.88,21.75,81.32,1.23,11.51,5.59,Cascavel,PR,Sul,-24.95,-53.45
2016,308,0.0,0.81,0.81,23.2,69.05,0.84,29.92,13.23,Cascavel,PR,Sul,-24.95,-53.45
2016,309,0.0,0.8,0.8,27.92,70.85,0.51,31.57,13.82,Cascavel,PR,Sul,-24.95,-53.45
2016,310,0.01,0.79,0.79,29.3,74.07,0.61,29.67,13.61,Cascavel,PR,Sul,-24.95,-53.45
2016,311,0.01,0.78,0.78,29.74,73.76,0.72,29.45,13.36,Cascavel,PR,Sul,-24.95,-53.45
2016,312,0.01,0.77,0.77,30.62,73.28,0.67,28.8,13.15,Cascavel,PR,Sul,-24.95,-53.45
2016,313,1.62,0.76,0.76,28.79,76.02,0.75,17.42,8.25,Cascavel,PR,Sul,-24.95,-53.45
2016,314,0.63,0.76,0.76,28.7,82.43,0.9,22.05,10.27,Cascavel,PR,Sul,-24.95,-53.45
2016,315,4.99,0.76,0.77,29.8,72.35,0.63,27.85,12.67,Cascavel,PR,Sul,-24.95,-53.45
2016,316,25.87,0.78,0.85,24.21,87.15,0.68,9.39,4.62,Cascavel,PR,Sul,-24.95,-53.45
2016,317,0.25,0.79,0.79,28.8,80.37,0.52,21.55,10.02,Cascavel,PR,Sul,-24.95,-53.45
2016,318,0.09,0.78,0.78,26.17,80.32,0.76,19.82,9.27,Cascavel,PR,Sul,-24.95,-53.45
2016,319,0.02,0.77,0.76,29.46,75.06,0.6,28.31,12.91,Cascavel,PR,Sul,-24.95,-53.45
2016,320,2.87,0.76,0.77,26.57,79.05,0.69,23.53,11.04,Cascavel,PR,Sul,-24.95,-53.45
2016,321,1.43,0.76,0.76,28.24,78.02,0.66,27.05,12.52,Cascavel,PR,Sul,-24.95,-53.45
2016,322,0.24,0.75,0.74,28.88,72.62,1.12,29.55,13.6,Cascavel,PR,Sul,-24.95,-53.45
2016,323,0.0,0.74,0.73,23.55,61.66,1.19,31.87,13.89,Cascavel,PR,Sul,-24.95,-53.45
2016,324,0.0,0.73,0.72,27.54,63.0,0.72,32.56,14.3,Cascavel,PR,Sul,-24.95,-53.45
2016,325,0.0,0.73,0.7,28.93,62.72,0.88,32.18,14.37,Cascavel,PR,Sul,-24.95,-53.45
2016,326,0.01,0.72,0.69,31.28,57.83,0.66,30.34,13.74,Cascavel,PR,Sul,-24.95,-53.45
2016,327,0.02,0.71,0.69,30.5,68.62,0.71,26.73,12.18,Cascavel,PR,Sul,-24.95,-53.45
2016,328,0.04,0.71,0.68,30.81,62.03,0.77,30.57,13.95,Cascavel,PR,Sul,-24.95,-53.45
2016,329,0.04,0.7,0.67,34.2,57.08,0.68,28.77,13.14,Cascavel,PR,Sul,-24.95,-53.45
2016,330,30.51,0.73,0.82,29.4,79.11,0.86,10.95,5.32,Cascavel,PR,Sul,-24.95,-53.45
2016,331,0.18,0.75,0.75,28.51,83.99,0.59,23.92,11.12,Cascavel,PR,Sul,-24.95,-53.45
2016,332,17.07,0.75,0.81,28.84,84.72,0.76,13.84,6.64,Cascavel,PR,Sul,-24.95,-53.45
2016,333,8.16,0.77,0.8,28.76,85.9,0.68,15.76,7.65,Cascavel,PR,Sul,-24.95,-53.45
2016,334,1.58,0.76,0.76,30.33,76.4,0.69,25.68,11.98,Cascavel,PR,Sul,-24.95,-53.45
2016,335,0.01,0.75,0.74,29.0,75.63,0.64,25.1,11.65,Cascavel,PR,Sul,-24.95,-53.45
2016,336,0.0,0.74,0.73,28.0,72.94,0.74,29.16,13.36,Cascavel,PR,Sul,-24.95,-53.45
2016,337,2.11,0.73,0.72,30.21,76.21,0.81,21.47,10.06,Cascavel,PR,Sul,-24.95,-53.45
2016,338,32.6,0.76,0.85,26.79,87.55,1.08,17.91,8.56,Cascavel,PR,Sul,-24.95,-53.45
2016,339,0.16,0.76,0.75,27.72,80.42,0.78,24.49,11.34,Cascavel,PR,Sul,-24.95,-53.45
2016,340,0.0,0.75,0.74,30.39,72.09,0.55,31.64,14.36,Cascavel,PR,Sul,-24.95,-53.45
2016,341,0.02,0.73,0.72,31.49,66.28,0.61,22.22,10.14,Cascavel,PR,Sul,-24.95,-53.45
2016,342,4.17,0.73,0.74,30.54,74.39,0.63,14.36,7.03,Cascavel,PR,Sul,-24.95,-53.45
2016,343,1.42,0.73,0.72,28.83,81.4,0.72,7.77,3.97,Cascavel,PR,Sul,-24.95,-53.45
2016,344,11.82,0.74,0.78,24.63,94.57,0.64,4.54,2.41,Cascavel,PR,Sul,-24.95,-53.45
2016,345,20.92,0.77,0.86,26.41,94.62,0.87,16.03,7.73,Cascavel,PR,Sul,-24.95,-53.45
2016,346,14.48,0.79,0.84,26.55,90.19,0.59,13.57,6.67,Cascavel,PR,Sul,-24.95,-53.45
2016,347,1.61,0.78,0.8,29.28,74.62,0.6,26.87,12.39,Cascavel,PR,Sul,-24.95,-53.45
2016,348,0.0,0.77,0.76,30.92,68.48,0.61,29.29,13.47,Cascavel,PR,Sul,-24.95,-53.45
2016,349,0.01,0.76,0.74,27.97,71.09,1.08,28.25,12.91,Cascavel,PR,Sul,-24.95,-53.45
2016,350,0.53,0.74,0.73,28.54,73.18,0.7,29.25,13.45,Cascavel,PR,Sul,-24.95,-53.45
2016,351,0.03,0.73,0.72,27.71,74.01,0.99,28.49,13.05,Cascavel,PR,Sul,-24.95,-53.45
2016,352,1.23,0.73,0.72,26.67,82.83,1.03,23.14,10.76,Cascavel,PR,Sul,-24.95,-53.45
2016,353,13.68,0.74,0.79,28.11,81.73,0.93,23.09,10.84,Cascavel,PR,Sul,-24.95,-53.45
2016,354,24.55,0.76,0.83,26.12,90.08,0.83,20.08,9.47,Cascavel,PR,Sul,-24.95,-53.45
2016,355,6.14,0.79,0.83,24.32,91.17,0.71,12.38,6.15,Cascavel,PR,Sul,-24.95,-53.45
2016,356,3.59,0.78,0.79,25.98,86.66,0.75,18.34,8.85,Cascavel,PR,Sul,-24.95,-53.45
2016,357,2.8,0.77,0.78,26.94,85.3,0.94,21.71,10.34,Cascavel,PR,Sul,-24.95,-53.45
2016,358,7.52,0.77,0.8,27.2,84.96,0.78,24.74,11.55,Cascavel,PR,Sul,-24.95,-53.45
2016,359,0.77,0.77,0.76,30.39,80.69,0.64,27.7,12.88,Cascavel,PR,Sul,-24.95,-53.45
2016,360,0.77,0.76,0.75,30.96,79.1,0.78,28.1,13.13,Cascavel,PR,Sul,-24.95,-53.45
2016,361,0.18,0.74,0.73,31.81,76.35,0.99,29.95,14.04,Cascavel,PR,Sul,-24.95,-53.45
2016,362,0.57,0.73,0.72,32.46,72.81,0.86,27.92,13.01,Cascavel,PR,Sul,-24.95,-53.45
2016,363,0.68,0.73,0.71,33.46,67.09,0.51,28.06,13.16,Cascavel,PR,Sul,-24.95,-53.45
2016,364,25.68,0.75,0.84,28.99,86.18,0.51,24.26,11.51,Cascavel,PR,Sul,-24.95,-53.45
2016,365,10.12,0.77,0.81,28.45,88.52,0.72,12.04,5.99,Cascavel,PR,Sul,-24.95,-53.45
2016,366,16.12,0.78,0.83,28.77,89.16,0.82,17.5,8.45,Cascavel,PR,Sul,-24.95,-53.45
2017,1,6.05,0.79,0.82,29.06,86.91,0.68,23.91,11.32,Cascavel,PR,Sul,-24.95,-53.45
2017,2,5.47,0.79,0.81,28.1,91.09,0.56,23.56,11.0,Cascavel,PR,Sul,-24.95,-53.45
2017,3,0.61,0.78,0.79,28.16,85.66,0.7,26.99,12.64,Cascavel,PR,Sul,-24.95,-53.45
2017,4,9.28,0.78,0.81,26.85,90.12,0.91,23.43,11.15,Cascavel,PR,Sul,-24.95,-53.45
2017,5,12.92,0.79,0.85,25.3,92.65,0.79,20.37,9.78,Cascavel,PR,Sul,-24.95,-53.45
2017,6,24.46,0.82,0.91,24.8,94.49,0.58,9.87,4.93,Cascavel,PR,Sul,-24.95,-53.45
2017,7,1.51,0.82,0.83,29.82,82.78,0.57,26.8,12.6,Cascavel,PR,Sul,-24.95,-53.45
2017,8,1.59,0.81,0.82,29.34,85.97,0.55,27.18,12.82,Cascavel,PR,Sul,-24.95,-53.45
2017,9,1.1,0.8,0.8,29.8,83.62,0.76,26.3,12.36,Cascavel,PR,Sul,-24.95,-53.45
2017,10,9.63,0.8,0.84,27.3,90.54,0.73,23.97,11.35,Cascavel,PR,Sul,-24.95,-53.45
2017,11,4.62,0.8,0.83,29.72,85.45,0.48,23.7,11.11,Cascavel,PR,Sul,-24.95,-53.45
2017,12,0.87,0.8,0.8,31.27,79.25,0.55,28.77,13.26,Cascavel,PR,Sul,-24.95,-53.45
2017,13,0.11,0.79,0.79,31.24,78.69,0.6,29.97,13.87,Cascavel,PR,Sul,-24.95,-53.45
2017,14,1.14,0.77,0.77,30.91,76.19,0.52,26.79,12.25,Cascavel,PR,Sul,-24.95,-53.45
2017,15,1.47,0.77,0.76,31.36,78.81,0.62,28.68,13.3,Cascavel,PR,Sul,-24.95,-53.45
2017,16,0.98,0.76,0.75,31.3,78.91,0.65,22.47,10.56,Cascavel,PR,Sul,-24.95,-53.45
2017,17,2.58,0.75,0.75,30.05,75.36,0.86,23.36,10.93,Cascavel,PR,Sul,-24.95,-53.45
2017,18,0.05,0.74,0.73,31.51,72.51,0.54,28.56,13.23,Cascavel,PR,Sul,-24.95,-53.45
2017,19,2.82,0.74,0.73,31.81,75.52,0.4,25.26,11.76,Cascavel,PR,Sul,-24.95,-53.45
2017,20,2.08,0.74,0.73,31.4,77.19,0.68,26.75,12.36,Cascavel,PR,Sul,-24.95,-53.45
2017,21,15.34,0.74,0.79,30.11,77.34,0.57,25.96,12.03,Cascavel,PR,Sul,-24.95,-53.45
2017,22,6.68,0.76,0.78,29.36,80.03,0.52,26.49,12.29,Cascavel,PR,Sul,-24.95,-53.45
2017,23,0.34,0.75,0.74,30.31,76.71,0.48,28.8,13.31,Cascavel,PR,Sul,-24.95,-53.45
2017,24,4.69,0.74,0.74,29.43,79.53,0.59,24.83,11.54,Cascavel,PR,Sul,-24.95,-53.45
2017,25,7.1,0.75,0.79,27.22,80.66,0.51,15.15,7.29,Cascavel,PR,Sul,-24.95,-53.45
2017,26,1.59,0.75,0.74,28.06,76.69,0.81,20.7,9.62,Cascavel,PR,Sul,-24.95,-53.45
2017,27,0.0,0.74,0.72,27.86,71.75,0.65,30.29,13.7,Cascavel,PR,Sul,-24.95,-53.45
2017,28,0.54,0.73,0.71,30.27,72.09,0.46,21.16,9.86,Cascavel,PR,Sul,-24.95,-53.45
2017,29,2.74,0.73,0.73,26.33,86.01,0.67,19.45,9.19,Cascavel,PR,Sul,-24.95,-53.45
2017,30,0.79,0.73,0.71,27.63,80.72,0.81,16.25,7.76,Cascavel,PR,Sul,-24.95,-53.45
2017,31,10.37,0.73,0.76,28.52,80.36,0.86,17.15,8.14,Cascavel,PR,Sul,-24.95,-53.45
2017,32,14.35,0.75,0.8,28.35,85.05,0.83,19.4,9.21,Cascavel,PR,Sul,-24.95,-53.45
2017,33,15.1,0.76,0.82,28.06,85.43,0.64,13.47,6.5,Cascavel,PR,Sul,-24.95,-53.45
2017,34,1.22,0.76,0.76,30.0,77.79,0.58,24.69,11.46,Cascavel,PR,Sul,-24.95,-53.45
2017,35,0.11,0.75,0.73,31.69,76.34,0.68,26.92,12.46,Cascavel,PR,Sul,-24.95,-53.45
2017,36,10.36,0.74,0.77,30.65,84.07,0.7,16.6,7.91,Cascavel,PR,Sul,-24.95,-53.45
2017,37,1.12,0.75,0.75,29.22,81.19,0.83,26.53,12.32,Cascavel,PR,Sul,-24.95,-53.45
2017,38,0.0,0.74,0.72,31.6,69.97,0.63,30.27,13.72,Cascavel,PR,Sul,-24.95,-53.45
2017,39,3.82,0.73,0.72,32.83,72.45,0.57,24.51,11.46,Cascavel,PR,Sul,-24.95,-53.45
2017,40,7.35,0.73,0.76,30.18,83.98,0.81,17.34,8.2,Cascavel,PR,Sul,-24.95,-53.45
2017,41,6.31,0.74,0.76,28.02,85.3,0.79,17.78,8.4,Cascavel,PR,Sul,-24.95,-53.45
2017,42,13.06,0.75,0.79,27.5,87.95,0.81,12.71,6.18,Cascavel,PR,Sul,-24.95,-53.45
2017,43,4.82,0.76,0.79,29.2,84.85,0.63,17.36,8.29,Cascavel,PR,Sul,-24.95,-53.45
2017,44,39.45,0.78,0.87,28.97,84.56,0.55,13.68,6.66,Cascavel,PR,Sul,-24.95,-53.45
2017,45,12.52,0.81,0.87,28.39,87.42,1.02,12.12,6.05,Cascavel,PR,Sul,-24.95,-53.45
2017,46,1.9,0.8,0.8,28.99,85.58,0.66,23.22,10.93,Cascavel,PR,Sul,-24.95,-53.45
2017,47,4.35,0.78,0.79,30.39,80.39,0.69,25.03,11.61,Cascavel,PR,Sul,-24.95,-53.45
2017,48,0.34,0.78,0.78,30.18,81.47,0.7,27.37,12.73,Cascavel,PR,Sul,-24.95,-53.45
2017,49,0.59,0.77,0.76,30.54,80.89,0.81,25.04,11.7,Cascavel,PR,Sul,-24.95,-53.45
2017,50,1.03,0.76,0.75,30.66,79.6,0.61,24.75,11.57,Cascavel,PR,Sul,-24.95,-53.45
2017,51,0.29,0.76,0.75,29.96,81.02,0.58,25.07,11.66,Cascavel,PR,Sul,-24.95,-53.45
2017,52,0.0,0.75,0.73,32.31,77.07,0.78,24.78,11.49,Cascavel,PR,Sul,-24.95,-53.45
2017,53,3.03,0.74,0.74,29.43,81.57,0.66,23.89,11.05,Cascavel,PR,Sul,-24.95,-53.45
2017,54,19.05,0.76,0.83,28.55,87.98,0.55,13.33,6.33,Cascavel,PR,Sul,-24.95,-53.45
2017,55,0.99,0.77,0.77,29.71,77.2,0.45,17.93,8.47,Cascavel,PR,Sul,-24.95,-53.45
2017,56,11.18,0.77,0.8,30.02,78.74,0.5,20.83,9.79,Cascavel,PR,Sul,-24.95,-53.45
2017,57,3.66,0.77,0.79,29.4,76.69,0.49,22.71,10.69,Cascavel,PR,Sul,-24.95,-53.45
2017,58,3.85,0.77,0.78,29.23,76.35,0.53,19.95,9.37,Cascavel,PR,Sul,-24.95,-53.45
2017,59,2.79,0.77,0.77,30.12,75.74,0.47,20.61,9.72,Cascavel,PR,Sul,-24.95,-53.45
2017,60,16.95,0.78,0.84,26.21,92.84,0.63,21.05,9.95,Cascavel,PR,Sul,-24.95,-53.45
2017,61,6.95,0.79,0.82,29.53,86.5,0.67,16.24,7.81,Cascavel,PR,Sul,-24.95,-53.45
2017,62,5.75,0.79,0.8,27.82,88.98,0.67,18.1,8.62,Cascavel,PR,Sul,-24.95,-53.45
2017,63,11.04,0.79,0.83,27.94,89.43,0.7,13.71,6.66,Cascavel,PR,Sul,-24.95,-53.45
2017,64,9.08,0.8,0.85,27.41,92.53,0.58,9.25,4.64,Cascavel,PR,Sul,-24.95,-53.45
2017,65,0.81,0.8,0.81,31.05,83.82,0.53,15.56,7.44,Cascavel,PR,Sul,-24.95,-53.45
2017,66,0.04,0.79,0.78,31.22,80.95,0.54,23.38,10.89,Cascavel,PR,Sul,-24.95,-53.45
2017,67,0.0,0.78,0.77,30.56,82.9,0.74,23.84,11.17,Cascavel,PR,Sul,-24.95,-53.45
2017,68,0.01,0.77,0.76,31.21,81.39,0.93,23.7,11.12,Cascavel,PR,Sul,-24.95,-53.45
2017,69,1.38,0.76,0.75,32.68,76.34,0.76,20.92,9.74,Cascavel,PR,Sul,-24.95,-53.45
2017,70,0.6,0.76,0.75,29.86,83.34,0.72,22.92,10.71,Cascavel,PR,Sul,-24.95,-53.45
2017,71,19.86,0.77,0.82,28.9,87.99,0.82,16.16,7.68,Cascavel,PR,Sul,-24.95,-53.45
2017,72,0.07,0.78,0.78,28.21,77.19,0.72,26.11,11.76,Cascavel,PR,Sul,-24.95,-53.45
2017,73,0.19,0.77,0.76,31.24,79.53,0.59,23.82,11.01,Cascavel,PR,Sul,-24.95,-53.45
2017,74,7.14,0.77,0.79,28.93,85.05,0.81,24.64,11.42,Cascavel,PR,Sul,-24.95,-53.45
2017,75,16.21,0.77,0.82,28.31,85.99,0.63,11.75,5.68,Cascavel,PR,Sul,-24.95,-53.45
2017,76,4.7,0.79,0.83,26.92,85.96,0.86,13.37,6.45,Cascavel,PR,Sul,-24.95,-53.45
2017,77,8.07,0.79,0.8,27.68,84.66,0.53,13.72,6.6,Cascavel,PR,Sul,-24.95,-53.45
2017,78,2.48,0.79,0.81,27.01,86.51,0.52,21.42,9.92,Cascavel,PR,Sul,-24.95,-53.45
2017,79,0.1,0.78,0.78,28.25,81.59,0.51,24.36,11.15,Cascavel,PR,Sul,-24.95,-53.45
2017,80,0.0,0.77,0.76,27.63,78.54,0.68,24.81,11.37,Cascavel,PR,Sul,-24.95,-53.45
2017,81,0.09,0.76,0.75,27.59,77.38,0.69,23.01,10.61,Cascavel,PR,Sul,-24.95,-53.45
2017,82,0.01,0.76,0.74,28.63,69.87,0.6,19.19,8.95,Cascavel,PR,Sul,-24.95,-53.45
2017,83,0.14,0.75,0.74,29.57,76.28,0.5,15.56,7.27,Cascavel,PR,Sul,-24.95,-53.45
2017,84,6.28,0.75,0.76,30.53,76.71,0.48,20.33,9.44,Cascavel,PR,Sul,-24.95,-53.45
2017,85,11.82,0.76,0.8,26.67,89.08,0.73,4.3,2.29,Cascavel,PR,Sul,-24.95,-53.45
2017,86,0.74,0.77,0.77,27.83,84.99,0.61,15.44,7.31,Cascavel,PR,Sul,-24.95,-53.45
2017,87,0.0,0.76,0.75,28.62,79.39,0.58,22.14,10.25,Cascavel,PR,Sul,-24.95,-53.45
2017,88,0.0,0.75,0.74,28.4,76.7,0.78,23.84,10.92,Cascavel,PR,Sul,-24.95,-53.45
2017,89,0.0,0.75,0.73,28.31,74.52,0.67,23.7,10.85,Cascavel,PR,Sul,-24.95,-53.45
2017,90,0.0,0.74,0.72,28.0,76.34,0.7,21.97,10.03,Cascavel,PR,Sul,-24.95,-53.45
2017,91,0.0,0.73,0.72,26.79,69.88,0.83,23.85,10.72,Cascavel,PR,Sul,-24.95,-53.45
2017,92,0.0,0.73,0.71,26.99,72.19,0.88,22.49,10.15,Cascavel,PR,Sul,-24.95,-53.45
2017,93,0.0,0.72,0.7,28.21,74.5,0.73,19.7,9.07,Cascavel,PR,Sul,-24.95,-53.45
2017,94,0.98,0.72,0.7,28.54,79.95,0.86,10.91,5.23,Cascavel,PR,Sul,-24.95,-53.45
2017,95,30.97,0.75,0.85,27.13,92.52,0.74,4.63,2.37,Cascavel,PR,Sul,-24.95,-53.45
2017,96,17.17,0.79,0.87,27.77,88.24,0.58,13.62,6.41,Cascavel,PR,Sul,-24.95,-53.45
2017,97,0.23,0.78,0.78,29.37,86.26,0.67,10.88,5.07,Cascavel,PR,Sul,-24.95,-53.45
2017,98,4.09,0.78,0.79,27.07,89.93,0.89,15.69,7.46,Cascavel,PR,Sul,-24.95,-53.45
2017,99,0.78,0.77,0.78,25.89,88.97,0.91,13.16,6.22,Cascavel,PR,Sul,-24.95,-53.45
2017,100,3.22,0.77,0.78,26.96,88.8,0.76,17.05,8.03,Cascavel,PR,Sul,-24.95,-53.45
2017,101,1.82,0.77,0.78,25.51,85.58,0.85,11.85,5.63,Cascavel,PR,Sul,-24.95,-53.45
2017,102,0.0,0.77,0.76,26.34,77.46,0.68,16.89,7.67,Cascavel,PR,Sul,-24.95,-53.45
2017,103,0.16,0.76,0.75,26.73,84.5,0.75,14.82,6.88,Cascavel,PR,Sul,-24.95,-53.45
2017,104,0.07,0.75,0.74,28.9,80.87,0.54,20.62,9.6,Cascavel,PR,Sul,-24.95,-53.45
2017,105,8.4,0.75,0.76,29.72,80.57,0.68,20.44,9.49,Cascavel,PR,Sul,-24.95,-53.45
2017,106,36.47,0.78,0.85,25.72,91.86,0.58,6.21,3.13,Cascavel,PR,Sul,-24.95,-53.45
2017,107,1.14,0.78,0.78,27.56,83.79,0.44,15.63,7.28,Cascavel,PR,Sul,-24.95,-53.45
2017,108,0.3,0.77,0.77,26.03,86.34,0.71,16.23,7.54,Cascavel,PR,Sul,-24.95,-53.45
2017,109,0.52,0.76,0.76,25.81,82.27,0.96,16.84,7.77,Cascavel,PR,Sul,-24.95,-53.45
2017,110,25.52,0.78,0.88,21.32,94.01,1.05,3.72,1.94,Cascavel,PR,Sul,-24.95,-53.45
2017,111,4.61,0.8,0.83,21.82,89.72,0.63,13.37,6.17,Cascavel,PR,Sul,-24.95,-53.45
2017,112,0.93,0.79,0.8,24.74,85.71,0.53,16.05,7.36,Cascavel,PR,Sul,-24.95,-53.45
2017,113,0.02,0.79,0.79,25.63,83.7,0.66,19.66,9.0,Cascavel,PR,Sul,-24.95,-53.45
2017,114,0.02,0.78,0.78,24.98,85.63,0.82,17.58,8.11,Cascavel,PR,Sul,-24.95,-53.45
2017,115,7.1,0.78,0.81,24.78,85.9,1.28,11.88,5.63,Cascavel,PR,Sul,-24.95,-53.45
2017,116,36.25,0.8,0.86,21.21,82.81,1.1,10.03,4.8,Cascavel,PR,Sul,-24.95,-53.45
2017,117,0.02,0.79,0.8,17.96,75.41,0.88,20.22,8.83,Cascavel,PR,Sul,-24.95,-53.45
2017,118,0.03,0.79,0.79,21.6,75.09,0.6,19.93,8.65,Cascavel,PR,Sul,-24.95,-53.45
2017,119,0.03,0.78,0.78,22.29,75.08,0.59,17.79,7.76,Cascavel,PR,Sul,-24.95,-53.45
2017,120,0.02,0.77,0.78,22.83,80.89,0.67,18.64,8.25,Cascavel,PR,Sul,-24.95,-53.45
2017,121,0.61,0.77,0.78,22.02,89.85,0.64,10.76,5.11,Cascavel,PR,Sul,-24.95,-53.45
2017,122,0.04,0.77,0.77,24.07,89.09,0.68,14.77,6.85,Cascavel,PR,Sul,-24.95,-53.45
2017,123,12.58,0.77,0.8,25.98,87.5,0.74,12.01,5.66,Cascavel,PR,Sul,-24.95,-53.45
2017,124,9.25,0.79,0.85,24.78,91.12,0.71,10.36,4.86,Cascavel,PR,Sul,-24.95,-53.45
2017,125,0.51,0.79,0.8,25.11,87.66,0.59,11.8,5.53,Cascavel,PR,Sul,-24.95,-53.45
2017,126,0.04,0.78,0.79,25.75,87.04,0.61,12.48,5.72,Cascavel,PR,Sul,-24.95,-53.45
2017,127,0.04,0.78,0.78,24.94,85.97,0.79,17.44,7.84,Cascavel,PR,Sul,-24.95,-53.45
2017,128,1.26,0.77,0.78,25.17,85.94,0.81,17.9,8.17,Cascavel,PR,Sul,-24.95,-53.45
2017,129,4.03,0.77,0.8,25.13,87.24,0.44,12.12,5.6,Cascavel,PR,Sul,-24.95,-53.45
2017,130,0.22,0.77,0.77,26.74,84.49,0.43,6.75,3.26,Cascavel,PR,Sul,-24.95,-53.45
2017,131,0.01,0.77,0.77,24.4,87.24,0.81,8.7,4.02,Cascavel,PR,Sul,-24.95,-53.45
2017,132,0.0,0.76,0.76,23.34,86.0,0.9,15.68,7.25,Cascavel,PR,Sul,-24.95,-53.45
2017,133,19.13,0.77,0.82,24.36,90.86,1.06,15.53,7.1,Cascavel,PR,Sul,-24.95,-53.45
2017,134,1.13,0.79,0.81,23.21,87.35,0.63,15.6,7.05,Cascavel,PR,Sul,-24.95,-53.45
2017,135,0.05,0.78,0.78,23.55,84.55,0.57,12.32,5.65,Cascavel,PR,Sul,-24.95,-53.45
2017,136,0.03,0.77,0.78,24.21,79.12,0.48,15.76,7.13,Cascavel,PR,Sul,-24.95,-53.45
2017,137,4.07,0.77,0.78,23.92,90.63,0.77,10.01,4.57,Cascavel,PR,Sul,-24.95,-53.45
2017,138,74.14,0.8,0.92,21.92,95.46,1.12,5.29,2.57,Cascavel,PR,Sul,-24.95,-53.45
2017,139,12.44,0.84,0.89,25.53,93.98,0.69,2.98,1.55,Cascavel,PR,Sul,-24.95,-53.45
2017,140,9.68,0.84,0.88,23.23,94.19,0.72,5.09,2.55,Cascavel,PR,Sul,-24.95,-53.45
2017,141,0.65,0.84,0.85,21.05,93.83,0.48,4.54,2.24,Cascavel,PR,Sul,-24.95,-53.45
2017,142,0.14,0.83,0.83,23.51,87.84,0.51,13.64,5.98,Cascavel,PR,Sul,-24.95,-53.45
2017,143,0.47,0.83,0.83,23.68,88.61,0.93,9.41,4.47,Cascavel,PR,Sul,-24.95,-53.45
2017,144,0.22,0.82,0.83,21.54,90.57,0.88,11.65,5.53,Cascavel,PR,Sul,-24.95,-53.45
2017,145,0.01,0.82,0.82,26.59,90.28,0.76,14.97,7.04,Cascavel,PR,Sul,-24.95,-53.45
2017,146,9.44,0.82,0.85,27.57,91.9,0.66,13.2,6.2,Cascavel,PR,Sul,-24.95,-53.45
2017,147,14.29,0.84,0.9,23.97,97.76,0.63,8.3,3.96,Cascavel,PR,Sul,-24.95,-53.45
2017,148,1.94,0.85,0.86,23.19,94.86,0.41,4.65,2.31,Cascavel,PR,Sul,-24.95,-53.45
2017,149,1.68,0.84,0.85,24.73,91.03,0.4,8.45,3.97,Cascavel,PR,Sul,-24.95,-53.45
2017,150,7.83,0.84,0.87,22.92,95.7,0.57,8.42,3.91,Cascavel,PR,Sul,-24.95,-53.45
2017,151,14.36,0.86,0.9,17.99,95.18,0.67,2.99,1.55,Cascavel,PR,Sul,-24.95,-53.45
2017,152,3.16,0.87,0.87,13.92,92.76,0.66,6.98,3.3,Cascavel,PR,Sul,-24.95,-53.45
2017,153,0.19,0.86,0.86,18.82,87.01,0.44,6.68,3.04,Cascavel,PR,Sul,-24.95,-53.45
2017,154,0.58,0.85,0.85,20.73,87.26,0.89,13.13,5.94,Cascavel,PR,Sul,-24.95,-53.45
2017,155,8.49,0.85,0.86,25.0,89.55,1.04,12.09,5.63,Cascavel,PR,Sul,-24.95,-53.45
2017,156,30.06,0.88,0.94,22.27,97.33,0.48,5.84,2.76,Cascavel,PR,Sul,-24.95,-53.45
2017,157,8.48,0.88,0.9,22.53,95.47,0.5,4.47,2.26,Cascavel,PR,Sul,-24.95,-53.45
2017,158,6.63,0.89,0.9,24.69,93.89,0.87,9.09,4.3,Cascavel,PR,Sul,-24.95,-53.45
2017,159,20.52,0.9,0.92,21.15,91.04,1.11,3.13,1.56,Cascavel,PR,Sul,-24.95,-53.45
2017,160,1.2,0.9,0.89,12.88,82.51,0.97,15.17,6.62,Cascavel,PR,Sul,-24.95,-53.45
2017,161,0.0,0.89,0.88,15.88,76.08,0.55,16.02,6.99,Cascavel,PR,Sul,-24.95,-53.45
2017,162,0.02,0.89,0.88,18.37,82.68,0.72,15.99,6.95,Cascavel,PR,Sul,-24.95,-53.45
2017,163,0.01,0.88,0.87,19.63,85.45,0.66,13.8,6.14,Cascavel,PR,Sul,-24.95,-53.45
2017,164,0.08,0.88,0.87,21.21,91.39,0.51,4.03,1.97,Cascavel,PR,Sul,-24.95,-53.45
2017,165,0.02,0.88,0.87,23.0,91.11,0.51,6.92,3.09,Cascavel,PR,Sul,-24.95,-53.45
2017,166,0.0,0.87,0.87,21.92,89.24,0.78,14.49,6.54,Cascavel,PR,Sul,-24.95,-53.45
2017,167,0.02,0.87,0.86,22.61,89.09,0.93,14.99,6.65,Cascavel,PR,Sul,-24.95,-53.45
2017,168,0.0,0.86,0.86,23.81,87.08,0.98,14.97,6.74,Cascavel,PR,Sul,-24.95,-53.45
2017,169,0.4,0.86,0.85,24.37,85.83,0.8,14.17,6.38,Cascavel,PR,Sul,-24.95,-53.45
2017,170,4.21,0.86,0.87,16.82,91.38,1.0,5.49,2.67,Cascavel,PR,Sul,-24.95,-53.45
2017,171,0.0,0.86,0.86,20.05,88.77,0.52,6.55,3.07,Cascavel,PR,Sul,-24.95,-53.45
2017,172,0.0,0.86,0.86,21.44,90.0,0.8,14.84,6.69,Cascavel,PR,Sul,-24.95,-53.45
2017,173,0.0,0.85,0.85,22.59,89.09,0.9,14.09,6.37,Cascavel,PR,Sul,-24.95,-53.45
2017,174,0.0,0.85,0.85,22.91,88.04,0.94,14.2,6.44,Cascavel,PR,Sul,-24.95,-53.45
2017,175,0.0,0.85,0.84,23.28,86.97,0.79,9.09,4.2,Cascavel,PR,Sul,-24.95,-53.45
2017,176,0.01,0.84,0.84,22.87,87.78,0.79,14.8,6.6,Cascavel,PR,Sul,-24.95,-53.45
2017,177,0.0,0.84,0.84,22.08,87.67,0.88,15.4,6.81,Cascavel,PR,Sul,-24.95,-53.45
2017,178,0.0,0.83,0.83,22.85,87.19,0.78,12.72,5.67,Cascavel,PR,Sul,-24.95,-53.45
2017,179,0.0,0.83,0.83,22.93,86.27,0.7,15.2,6.78,Cascavel,PR,Sul,-24.95,-53.45
2017,180,0.0,0.83,0.83,22.51,85.58,0.63,8.48,3.88,Cascavel,PR,Sul,-24.95,-53.45
2017,181,0.0,0.82,0.83,23.31,84.83,0.55,12.92,5.8,Cascavel,PR,Sul,-24.95,-53.45
2017,182,0.02,0.82,0.83,20.79,90.15,0.52,13.13,5.91,Cascavel,PR,Sul,-24.95,-53.45
2017,183,0.0,0.82,0.82,21.72,82.1,0.57,13.3,5.89,Cascavel,PR,Sul,-24.95,-53.45
2017,184,0.0,0.81,0.82,18.51,83.78,0.88,13.72,6.03,Cascavel,PR,Sul,-24.95,-53.45
2017,185,0.0,0.81,0.81,18.44,79.58,1.12,15.55,6.86,Cascavel,PR,Sul,-24.95,-53.45
2017,186,0.0,0.81,0.81,20.32,78.1,0.96,13.89,6.2,Cascavel,PR,Sul,-24.95,-53.45
2017,187,0.0,0.8,0.81,20.65,83.31,0.73,15.19,6.75,Cascavel,PR,Sul,-24.95,-53.45
2017,188,0.0,0.8,0.8,21.41,84.2,0.77,14.78,6.56,Cascavel,PR,Sul,-24.95,-53.45
2017,189,0.0,0.79,0.8,22.53,85.68,0.85,13.84,6.17,Cascavel,PR,Sul,-24.95,-53.45
2017,190,0.43,0.79,0.8,21.99,89.17,0.75,9.36,4.26,Cascavel,PR,Sul,-24.95,-53.45
2017,191,0.06,0.79,0.79,23.99,84.94,0.65,15.03,6.81,Cascavel,PR,Sul,-24.95,-53.45
2017,192,0.0,0.79,0.79,24.59,83.47,0.67,15.64,7.03,Cascavel,PR,Sul,-24.95,-53.45
2017,193,0.0,0.78,0.78,23.57,83.95,0.77,15.8,7.02,Cascavel,PR,Sul,-24.95,-53.45
2017,194,0.0,0.78,0.78,23.52,84.3,0.85,15.73,6.97,Cascavel,PR,Sul,-24.95,-53.45
2017,195,0.0,0.77,0.77,24.19,83.55,0.9,16.07,7.12,Cascavel,PR,Sul,-24.95,-53.45
2017,196,0.0,0.77,0.76,24.0,76.8,1.16,15.34,6.81,Cascavel,PR,Sul,-24.95,-53.45
2017,197,0.29,0.76,0.76,24.21,76.88,1.02,14.74,6.6,Cascavel,PR,Sul,-24.95,-53.45
2017,198,2.97,0.77,0.78,12.45,87.45,1.17,2.7,1.38,Cascavel,PR,Sul,-24.95,-53.45
2017,199,0.0,0.77,0.77,11.91,70.98,0.88,17.7,7.47,Cascavel,PR,Sul,-24.95,-53.45
2017,200,0.03,0.76,0.76,16.43,65.72,0.69,17.25,7.34,Cascavel,PR,Sul,-24.95,-53.45
2017,201,0.0,0.76,0.76,18.49,78.61,0.77,16.79,7.26,Cascavel,PR,Sul,-24.95,-53.45
2017,202,0.0,0.76,0.75,21.42,72.58,0.77,16.99,7.32,Cascavel,PR,Sul,-24.95,-53.45
2017,203,0.0,0.75,0.75,23.61,74.91,0.78,16.91,7.35,Cascavel,PR,Sul,-24.95,-53.45
2017,204,0.0,0.75,0.74,23.45,77.67,0.96,17.01,7.39,Cascavel,PR,Sul,-24.95,-53.45
2017,205,0.0,0.74,0.73,24.67,75.98,0.97,16.67,7.39,Cascavel,PR,Sul,-24.95,-53.45
2017,206,0.06,0.74,0.73,24.97,72.44,0.81,17.26,7.59,Cascavel,PR,Sul,-24.95,-53.45
2017,207,0.0,0.74,0.72,25.37,76.31,0.79,17.19,7.57,Cascavel,PR,Sul,-24.95,-53.45
2017,208,0.0,0.73,0.72,24.39,76.25,0.76,16.94,7.48,Cascavel,PR,Sul,-24.95,-53.45
2017,209,0.0,0.73,0.72,24.05,76.64,0.93,17.23,7.59,Cascavel,PR,Sul,-24.95,-53.45
2017,210,0.0,0.73,0.71,24.72,76.09,0.87,17.1,7.57,Cascavel,PR,Sul,-24.95,-53.45
2017,211,0.02,0.72,0.71,24.99,75.12,0.81,17.09,7.54,Cascavel,PR,Sul,-24.95,-53.45
2017,212,0.0,0.72,0.7,25.39,74.36,0.64,14.82,6.6,Cascavel,PR,Sul,-24.95,-53.45
2017,213,0.0,0.72,0.7,24.48,70.25,0.76,16.89,7.47,Cascavel,PR,Sul,-24.95,-53.45
2017,214,13.5,0.72,0.74,25.59,77.48,0.88,6.79,3.17,Cascavel,PR,Sul,-24.95,-53.45
2017,215,1.46,0.74,0.76,18.53,87.77,0.88,8.13,3.74,Cascavel,PR,Sul,-24.95,-53.45
2017,216,0.13,0.73,0.73,22.53,76.23,0.57,18.0,7.92,Cascavel,PR,Sul,-24.95,-53.45
2017,217,0.0,0.73,0.72,22.05,72.2,0.83,18.35,8.09,Cascavel,PR,Sul,-24.95,-53.45
2017,218,0.0,0.73,0.71,22.46,75.76,0.76,17.51,7.68,Cascavel,PR,Sul,-24.95,-53.45
2017,219,0.0,0.72,0.71,24.56,76.54,0.83,16.24,7.2,Cascavel,PR,Sul,-24.95,-53.45
2017,220,0.07,0.72,0.71,23.41,74.31,0.77,10.93,4.92,Cascavel,PR,Sul,-24.95,-53.45
2017,221,0.0,0.72,0.7,29.8,73.95,0.58,15.39,6.8,Cascavel,PR,Sul,-24.95,-53.45
2017,222,0.0,0.71,0.69,29.7,73.18,0.73,15.19,6.76,Cascavel,PR,Sul,-24.95,-53.45
2017,223,0.0,0.71,0.69,27.64,66.65,1.27,17.45,7.79,Cascavel,PR,Sul,-24.95,-53.45
2017,224,2.17,0.7,0.69,25.72,67.65,1.37,10.56,4.76,Cascavel,PR,Sul,-24.95,-53.45
2017,225,37.25,0.73,0.8,19.35,90.51,0.72,3.84,1.95,Cascavel,PR,Sul,-24.95,-53.45
2017,226,2.09,0.74,0.74,22.03,74.47,0.53,18.07,7.84,Cascavel,PR,Sul,-24.95,-53.45
2017,227,10.44,0.75,0.8,20.82,89.63,0.56,7.07,3.45,Cascavel,PR,Sul,-24.95,-53.45
2017,228,6.62,0.76,0.79,23.18,85.04,0.66,8.38,3.93,Cascavel,PR,Sul,-24.95,-53.45
2017,229,0.43,0.75,0.75,24.25,80.87,0.6,10.22,4.67,Cascavel,PR,Sul,-24.95,-53.45
2017,230,0.1,0.74,0.74,24.34,83.75,0.87,7.66,3.61,Cascavel,PR,Sul,-24.95,-53.45
2017,231,10.2,0.75,0.78,23.66,90.89,1.16,8.51,4.04,Cascavel,PR,Sul,-24.95,-53.45
2017,232,34.09,0.78,0.86,19.28,75.56,1.4,13.13,6.03,Cascavel,PR,Sul,-24.95,-53.45
2017,233,0.0,0.77,0.77,19.61,72.23,0.7,21.49,9.08,Cascavel,PR,Sul,-24.95,-53.45
2017,234,0.03,0.77,0.76,21.51,80.39,1.02,19.1,8.49,Cascavel,PR,Sul,-24.95,-53.45
2017,235,0.51,0.76,0.76,25.48,85.2,1.21,9.45,4.45,Cascavel,PR,Sul,-24.95,-53.45
2017,236,0.03,0.75,0.75,27.95,78.65,1.05,19.86,9.05,Cascavel,PR,Sul,-24.95,-53.45
2017,237,0.0,0.74,0.73,26.23,73.76,0.97,20.79,9.34,Cascavel,PR,Sul,-24.95,-53.45
2017,238,0.0,0.74,0.73,28.57,75.43,0.87,20.88,9.36,Cascavel,PR,Sul,-24.95,-53.45
2017,239,0.8,0.73,0.72,28.39,75.81,0.93,15.12,6.88,Cascavel,PR,Sul,-24.95,-53.45
2017,240,0.0,0.73,0.71,29.78,72.77,0.86,20.23,9.22,Cascavel,PR,Sul,-24.95,-53.45
2017,241,0.0,0.72,0.7,30.25,67.92,0.85,21.22,9.55,Cascavel,PR,Sul,-24.95,-53.45
2017,242,0.0,0.72,0.7,31.15,66.04,0.67,20.27,9.01,Cascavel,PR,Sul,-24.95,-53.45
2017,243,0.0,0.71,0.69,32.26,70.82,0.49,17.39,7.91,Cascavel,PR,Sul,-24.95,-53.45
2017,244,0.0,0.71,0.69,28.71,72.31,1.01,20.99,9.44,Cascavel,PR,Sul,-24.95,-53.45
2017,245,0.0,0.7,0.68,29.55,72.03,1.04,20.5,9.16,Cascavel,PR,Sul,-24.95,-53.45
2017,246,0.0,0.7,0.68,30.05,68.54,1.0,21.52,9.63,Cascavel,PR,Sul,-24.95,-53.45
2017,247,0.0,0.7,0.67,30.8,59.27,0.92,21.5,9.52,Cascavel,PR,Sul,-24.95,-53.45
2017,248,0.0,0.69,0.67,29.68,58.47,0.59,21.43,9.55,Cascavel,PR,Sul,-24.95,-53.45
2017,249,0.0,0.69,0.66,30.31,58.52,0.94,18.95,8.42,Cascavel,PR,Sul,-24.95,-53.45
2017,250,0.0,0.68,0.66,30.73,55.24,0.86,22.47,9.87,Cascavel,PR,Sul,-24.95,-53.45
2017,251,0.0,0.68,0.65,30.92,54.79,0.84,19.62,8.58,Cascavel,PR,Sul,-24.95,-53.45
2017,252,0.0,0.67,0.65,31.17,55.85,1.02,17.85,7.87,Cascavel,PR,Sul,-24.95,-53.45
2017,253,0.0,0.67,0.64,32.67,51.97,1.31,21.43,9.43,Cascavel,PR,Sul,-24.95,-53.45
2017,254,1.09,0.67,0.65,31.0,68.78,0.7,11.28,5.08,Cascavel,PR,Sul,-24.95,-53.45
2017,255,0.05,0.67,0.65,32.86,68.19,0.61,18.67,8.27,Cascavel,PR,Sul,-24.95,-53.45
2017,256,0.0,0.66,0.64,32.39,55.13,1.09,22.81,10.22,Cascavel,PR,Sul,-24.95,-53.45
2017,257,0.04,0.66,0.62,33.81,50.74,1.2,18.64,8.28,Cascavel,PR,Sul,-24.95,-53.45
2017,258,0.06,0.65,0.63,33.09,68.25,0.76,20.65,9.27,Cascavel,PR,Sul,-24.95,-53.45
2017,259,0.0,0.65,0.63,27.57,72.92,0.84,15.29,6.91,Cascavel,PR,Sul,-24.95,-53.45
2017,260,0.0,0.65,0.63,26.64,69.18,0.84,16.33,7.46,Cascavel,PR,Sul,-24.95,-53.45
2017,261,0.0,0.65,0.62,31.45,65.71,0.68,23.27,10.46,Cascavel,PR,Sul,-24.95,-53.45
2017,262,0.0,0.65,0.61,34.8,56.8,0.73,21.68,9.67,Cascavel,PR,Sul,-24.95,-53.45
2017,263,0.0,0.64,0.6,34.42,49.19,0.99,24.08,10.61,Cascavel,PR,Sul,-24.95,-53.45
2017,264,0.0,0.64,0.6,34.98,49.32,0.9,24.31,10.76,Cascavel,PR,Sul,-24.95,-53.45
2017,265,0.0,0.64,0.59,34.65,46.98,0.97,24.55,10.73,Cascavel,PR,Sul,-24.95,-53.45
2017,266,0.18,0.63,0.58,34.4,49.67,0.76,21.41,9.63,Cascavel,PR,Sul,-24.95,-53.45
2017,267,0.48,0.63,0.58,32.71,64.1,0.78,13.28,6.1,Cascavel,PR,Sul,-24.95,-53.45
2017,268,0.0,0.63,0.57,27.69,63.41,0.66,11.92,5.55,Cascavel,PR,Sul,-24.95,-53.45
2017,269,0.0,0.63,0.56,32.63,57.81,0.71,21.52,9.6,Cascavel,PR,Sul,-24.95,-53.45
2017,270,0.02,0.63,0.54,34.32,54.51,0.82,22.47,10.03,Cascavel,PR,Sul,-24.95,-53.45
2017,271,4.04,0.63,0.53,34.96,59.15,0.59,18.61,8.42,Cascavel,PR,Sul,-24.95,-53.45
2017,272,14.18,0.65,0.73,21.25,89.68,0.76,4.14,2.1,Cascavel,PR,Sul,-24.95,-53.45
2017,273,0.71,0.66,0.66,27.46,76.54,0.59,16.38,7.5,Cascavel,PR,Sul,-24.95,-53.45
2017,274,17.91,0.66,0.68,30.64,74.02,1.69,17.78,8.19,Cascavel,PR,Sul,-24.95,-53.45
2017,275,0.32,0.68,0.7,19.01,71.64,1.11,10.23,4.99,Cascavel,PR,Sul,-24.95,-53.45
2017,276,0.0,0.67,0.65,24.85,51.53,0.72,27.87,12.27,Cascavel,PR,Sul,-24.95,-53.45
2017,277,0.0,0.66,0.64,28.68,54.52,0.8,27.48,12.09,Cascavel,PR,Sul,-24.95,-53.45
2017,278,0.0,0.66,0.63,31.89,58.8,1.34,24.27,10.8,Cascavel,PR,Sul,-24.95,-53.45
2017,279,24.42,0.67,0.74,32.13,75.4,0.87,19.97,9.3,Cascavel,PR,Sul,-24.95,-53.45
2017,280,32.39,0.69,0.76,29.19,88.16,0.57,8.05,3.87,Cascavel,PR,Sul,-24.95,-53.45
2017,281,17.23,0.74,0.83,28.48,84.52,0.99,7.2,3.6,Cascavel,PR,Sul,-24.95,-53.45
2017,282,31.08,0.76,0.87,24.79,91.85,0.84,5.44,2.75,Cascavel,PR,Sul,-24.95,-53.45
2017,283,6.23,0.77,0.81,30.02,84.94,1.07,14.89,7.03,Cascavel,PR,Sul,-24.95,-53.45
2017,284,0.58,0.76,0.76,32.18,77.15,0.94,20.46,9.44,Cascavel,PR,Sul,-24.95,-53.45
2017,285,0.8,0.74,0.74,32.55,70.68,1.0,22.79,10.55,Cascavel,PR,Sul,-24.95,-53.45
2017,286,1.58,0.74,0.74,30.78,79.01,0.9,23.45,10.87,Cascavel,PR,Sul,-24.95,-53.45
2017,287,0.07,0.73,0.72,26.17,78.62,1.11,19.13,8.81,Cascavel,PR,Sul,-24.95,-53.45
2017,288,0.0,0.72,0.71,30.05,74.74,0.5,24.47,10.91,Cascavel,PR,Sul,-24.95,-53.45
2017,289,0.0,0.71,0.7,30.24,71.46,0.78,26.72,12.34,Cascavel,PR,Sul,-24.95,-53.45
2017,290,0.0,0.71,0.68,33.53,65.92,1.03,27.38,12.5,Cascavel,PR,Sul,-24.95,-53.45
2017,291,3.75,0.7,0.69,34.37,64.89,1.13,26.61,12.28,Cascavel,PR,Sul,-24.95,-53.45
2017,292,16.67,0.71,0.77,30.56,78.18,0.79,5.21,2.65,Cascavel,PR,Sul,-24.95,-53.45
2017,293,2.76,0.72,0.73,24.44,90.48,0.43,11.9,5.72,Cascavel,PR,Sul,-24.95,-53.45
2017,294,71.38,0.76,0.91,24.73,91.14,0.97,10.62,5.2,Cascavel,PR,Sul,-24.95,-53.45
2017,295,2.62,0.79,0.83,22.92,83.24,1.06,12.76,6.16,Cascavel,PR,Sul,-24.95,-53.45
2017,296,0.0,0.78,0.78,27.21,68.05,0.56,26.77,11.7,Cascavel,PR,Sul,-24.95,-53.45
2017,297,2.91,0.76,0.78,28.49,79.07,0.71,25.58,11.73,Cascavel,PR,Sul,-24.95,-53.45
2017,298,49.04,0.78,0.9,26.93,82.92,0.84,6.69,3.34,Cascavel,PR,Sul,-24.95,-53.45
2017,299,11.49,0.82,0.87,26.35,90.07,0.76,4.56,2.38,Cascavel,PR,Sul,-24.95,-53.45
2017,300,45.7,0.83,0.9,25.3,91.97,0.77,8.69,4.34,Cascavel,PR,Sul,-24.95,-53.45
2017,301,0.25,0.82,0.83,25.98,77.94,0.6,26.55,12.02,Cascavel,PR,Sul,-24.95,-53.45
2017,302,4.58,0.81,0.82,28.62,81.91,0.75,19.95,9.32,Cascavel,PR,Sul,-24.95,-53.45
2017,303,120.99,0.84,0.92,25.65,91.79,0.64,7.83,3.93,Cascavel,PR,Sul,-24.95,-53.45
2017,304,0.02,0.83,0.83,26.75,78.68,0.85,27.85,12.55,Cascavel,PR,Sul,-24.95,-53.45
2017,305,0.0,0.82,0.82,28.57,76.62,0.78,28.15,12.76,Cascavel,PR,Sul,-24.95,-53.45
2017,306,1.18,0.8,0.8,28.01,76.39,1.1,28.95,13.14,Cascavel,PR,Sul,-24.95,-53.45
2017,307,18.88,0.81,0.87,28.54,85.66,0.85,10.35,4.99,Cascavel,PR,Sul,-24.95,-53.45
2017,308,67.58,0.86,0.96,26.23,91.42,1.02,5.49,2.84,Cascavel,PR,Sul,-24.95,-53.45
2017,309,1.79,0.86,0.87,23.89,86.17,0.58,18.63,8.76,Cascavel,PR,Sul,-24.95,-53.45
2017,310,0.41,0.85,0.85,28.79,81.08,0.64,21.33,10.0,Cascavel,PR,Sul,-24.95,-53.45
2017,311,1.17,0.84,0.83,28.46,80.32,0.81,25.09,11.57,Cascavel,PR,Sul,-24.95,-53.45
2017,312,4.88,0.84,0.86,21.31,91.33,0.9,14.97,7.21,Cascavel,PR,Sul,-24.95,-53.45
2017,313,0.14,0.83,0.83,29.96,81.39,0.45,23.0,10.58,Cascavel,PR,Sul,-24.95,-53.45
2017,314,17.18,0.83,0.88,27.85,88.67,1.06,12.56,6.12,Cascavel,PR,Sul,-24.95,-53.45
2017,315,0.0,0.84,0.83,24.91,75.98,0.95,29.81,13.39,Cascavel,PR,Sul,-24.95,-53.45
2017,316,0.05,0.82,0.82,25.17,75.72,0.81,26.88,12.28,Cascavel,PR,Sul,-24.95,-53.45
2017,317,0.14,0.81,0.81,27.7,71.67,0.65,31.11,13.85,Cascavel,PR,Sul,-24.95,-53.45
2017,318,0.0,0.8,0.8,28.49,71.01,0.89,27.44,12.55,Cascavel,PR,Sul,-24.95,-53.45
2017,319,0.0,0.79,0.78,29.67,70.58,0.98,31.64,14.13,Cascavel,PR,Sul,-24.95,-53.45
2017,320,5.14,0.78,0.79,31.98,76.52,0.75,22.36,10.36,Cascavel,PR,Sul,-24.95,-53.45
2017,321,53.67,0.81,0.93,26.58,92.23,1.02,21.24,10.04,Cascavel,PR,Sul,-24.95,-53.45
2017,322,25.54,0.85,0.91,26.11,89.18,1.25,11.37,5.58,Cascavel,PR,Sul,-24.95,-53.45
2017,323,0.02,0.84,0.84,25.9,76.14,0.84,31.16,14.04,Cascavel,PR,Sul,-24.95,-53.45
2017,324,0.08,0.82,0.82,29.04,72.62,0.6,29.13,13.12,Cascavel,PR,Sul,-24.95,-53.45
2017,325,31.48,0.83,0.9,28.26,86.99,0.78,11.26,5.55,Cascavel,PR,Sul,-24.95,-53.45
2017,326,0.52,0.84,0.84,24.75,78.82,0.96,30.13,13.66,Cascavel,PR,Sul,-24.95,-53.45
2017,327,0.07,0.83,0.83,27.8,70.11,0.6,32.66,14.44,Cascavel,PR,Sul,-24.95,-53.45
2017,328,0.17,0.81,0.81,30.56,73.15,0.57,30.73,13.92,Cascavel,PR,Sul,-24.95,-53.45
2017,329,30.01,0.81,0.84,29.44,82.0,0.99,5.92,3.06,Cascavel,PR,Sul,-24.95,-53.45
2017,330,0.47,0.82,0.84,25.65,82.02,0.84,19.5,9.06,Cascavel,PR,Sul,-24.95,-53.45
2017,331,0.03,0.8,0.81,28.05,79.0,0.65,30.84,13.89,Cascavel,PR,Sul,-24.95,-53.45
2017,332,0.0,0.79,0.8,30.84,77.24,0.58,29.06,13.08,Cascavel,PR,Sul,-24.95,-53.45
2017,333,0.05,0.78,0.79,30.13,77.11,0.59,27.25,12.59,Cascavel,PR,Sul,-24.95,-53.45
2017,334,1.2,0.78,0.79,22.74,89.16,0.73,12.88,6.25,Cascavel,PR,Sul,-24.95,-53.45
2017,335,0.02,0.78,0.78,28.61,78.81,0.71,28.22,13.11,Cascavel,PR,Sul,-24.95,-53.45
2017,336,0.0,0.76,0.77,29.68,74.72,0.7,29.1,13.44,Cascavel,PR,Sul,-24.95,-53.45
2017,337,0.12,0.76,0.76,29.98,74.25,0.71,28.24,13.14,Cascavel,PR,Sul,-24.95,-53.45
2017,338,1.94,0.75,0.76,27.23,85.44,0.48,18.2,8.72,Cascavel,PR,Sul,-24.95,-53.45
2017,339,1.21,0.75,0.75,30.88,77.69,0.44,24.89,11.53,Cascavel,PR,Sul,-24.95,-53.45
2017,340,12.4,0.75,0.81,27.65,89.56,0.69,10.77,5.45,Cascavel,PR,Sul,-24.95,-53.45
2017,341,3.64,0.77,0.79,29.25,85.63,0.65,13.84,6.72,Cascavel,PR,Sul,-24.95,-53.45
2017,342,0.0,0.76,0.75,31.05,76.96,0.73,27.4,12.62,Cascavel,PR,Sul,-24.95,-53.45
2017,343,0.0,0.74,0.73,31.15,71.7,0.71,31.4,14.45,Cascavel,PR,Sul,-24.95,-53.45
2017,344,0.0,0.73,0.71,31.23,65.95,0.79,30.43,13.87,Cascavel,PR,Sul,-24.95,-53.45
2017,345,0.0,0.72,0.7,29.66,64.97,0.83,32.58,14.77,Cascavel,PR,Sul,-24.95,-53.45
2017,346,0.21,0.71,0.69,31.09,68.06,0.9,31.46,14.48,Cascavel,PR,Sul,-24.95,-53.45
2017,347,0.0,0.7,0.68,32.3,69.66,0.79,30.17,13.95,Cascavel,PR,Sul,-24.95,-53.45
2017,348,4.34,0.7,0.7,32.65,69.99,0.68,26.33,12.21,Cascavel,PR,Sul,-24.95,-53.45
2017,349,4.4,0.7,0.7,33.85,68.57,0.57,26.09,12.22,Cascavel,PR,Sul,-24.95,-53.45
2017,350,1.76,0.7,0.69,33.25,70.31,0.79,29.01,13.51,Cascavel,PR,Sul,-24.95,-53.45
2017,351,4.13,0.7,0.69,33.68,66.13,0.79,29.12,13.53,Cascavel,PR,Sul,-24.95,-53.45
2017,352,0.45,0.69,0.67,34.71,67.16,0.51,27.11,12.69,Cascavel,PR,Sul,-24.95,-53.45
2017,353,14.49,0.7,0.75,30.58,80.4,0.78,26.74,12.57,Cascavel,PR,Sul,-24.95,-53.45
2017,354,15.31,0.72,0.79,25.31,91.31,0.63,8.52,4.36,Cascavel,PR,Sul,-24.95,-53.45
2017,355,21.85,0.76,0.85,26.83,91.54,0.58,13.16,6.53,Cascavel,PR,Sul,-24.95,-53.45
2017,356,8.71,0.77,0.81,28.02,86.99,0.74,15.52,7.49,Cascavel,PR,Sul,-24.95,-53.45
2017,357,22.73,0.78,0.87,27.04,91.68,0.96,10.13,5.08,Cascavel,PR,Sul,-24.95,-53.45
2017,358,22.23,0.81,0.88,27.54,91.43,0.93,11.69,5.87,Cascavel,PR,Sul,-24.95,-53.45
2017,359,9.27,0.81,0.84,27.53,82.46,0.49,16.88,8.11,Cascavel,PR,Sul,-24.95,-53.45
2017,360,7.63,0.8,0.84,26.58,90.55,0.88,11.15,5.57,Cascavel,PR,Sul,-24.95,-53.45
2017,361,11.97,0.81,0.86,26.05,91.95,1.02,5.87,3.13,Cascavel,PR,Sul,-24.95,-53.45
2017,362,13.09,0.82,0.87,27.17,91.76,0.73,13.78,6.73,Cascavel,PR,Sul,-24.95,-53.45
2017,363,3.16,0.82,0.83,28.76,86.12,0.66,17.99,8.69,Cascavel,PR,Sul,-24.95,-53.45
2017,364,7.81,0.81,0.84,28.42,86.91,0.71,20.37,9.66,Cascavel,PR,Sul,-24.95,-53.45
2017,365,1.35,0.81,0.82,29.81,80.02,0.77,26.92,12.49,Cascavel,PR,Sul,-24.95,-53.45
2018,1,12.32,0.8,0.84,28.47,87.04,0.67,12.6,6.12,Cascavel,PR,Sul,-24.95,-53.45
2018,2,40.29,0.84,0.94,23.44,95.93,0.64,5.19,2.78,Cascavel,PR,Sul,-24.95,-53.45
2018,3,0.35,0.84,0.85,27.42,82.51,0.78,31.14,14.18,Cascavel,PR,Sul,-24.95,-53.45
2018,4,0.01,0.82,0.83,29.03,75.18,0.64,31.58,14.34,Cascavel,PR,Sul,-24.95,-53.45
2018,5,0.01,0.81,0.81,29.33,81.18,0.76,30.32,13.92,Cascavel,PR,Sul,-24.95,-53.45
2018,6,10.59,0.81,0.85,26.42,89.87,0.51,12.93,6.28,Cascavel,PR,Sul,-24.95,-53.45
2018,7,1.96,0.82,0.83,29.4,83.32,0.53,29.9,13.96,Cascavel,PR,Sul,-24.95,-53.45
2018,8,1.02,0.8,0.81,28.3,80.38,0.66,22.44,10.5,Cascavel,PR,Sul,-24.95,-53.45
2018,9,3.24,0.79,0.81,26.62,85.05,0.97,11.34,5.64,Cascavel,PR,Sul,-24.95,-53.45
2018,10,9.26,0.8,0.84,24.05,92.06,0.85,7.65,3.96,Cascavel,PR,Sul,-24.95,-53.45
2018,11,3.97,0.81,0.83,24.46,91.95,0.68,20.47,9.74,Cascavel,PR,Sul,-24.95,-53.45
2018,12,5.79,0.81,0.83,26.9,88.21,0.72,19.98,9.5,Cascavel,PR,Sul,-24.95,-53.45
2018,13,15.64,0.82,0.88,24.17,94.94,0.73,14.26,6.9,Cascavel,PR,Sul,-24.95,-53.45
2018,14,33.41,0.85,0.93,26.25,92.55,0.75,9.24,4.61,Cascavel,PR,Sul,-24.95,-53.45
2018,15,19.03,0.88,0.93,24.66,96.45,0.7,13.1,6.48,Cascavel,PR,Sul,-24.95,-53.45
2018,16,16.01,0.89,0.92,26.98,91.02,0.68,18.52,8.95,Cascavel,PR,Sul,-24.95,-53.45
2018,17,4.97,0.88,0.89,27.64,89.92,0.77,17.39,8.36,Cascavel,PR,Sul,-24.95,-53.45
2018,18,4.96,0.87,0.88,27.51,89.17,0.66,17.09,8.14,Cascavel,PR,Sul,-24.95,-53.45
2018,19,17.24,0.88,0.91,29.9,81.56,0.42,16.6,7.95,Cascavel,PR,Sul,-24.95,-53.45
2018,20,12.35,0.88,0.91,27.26,88.33,0.55,16.88,8.2,Cascavel,PR,Sul,-24.95,-53.45
2018,21,11.08,0.89,0.91,27.15,92.03,0.7,25.88,12.25,Cascavel,PR,Sul,-24.95,-53.45
2018,22,7.39,0.9,0.91,27.92,91.01,0.76,23.92,11.23,Cascavel,PR,Sul,-24.95,-53.45
2018,23,1.35,0.89,0.88,29.45,86.87,0.74,24.15,11.4,Cascavel,PR,Sul,-24.95,-53.45
2018,24,6.77,0.89,0.89,27.07,88.62,0.68,20.85,9.86,Cascavel,PR,Sul,-24.95,-53.45
2018,25,2.78,0.89,0.88,29.82,86.35,0.48,24.51,11.51,Cascavel,PR,Sul,-24.95,-53.45
2018,26,0.99,0.88,0.87,28.53,87.09,0.65,25.13,11.86,Cascavel,PR,Sul,-24.95,-53.45
2018,27,0.04,0.87,0.87,27.23,84.35,0.77,27.01,12.66,Cascavel,PR,Sul,-24.95,-53.45
2018,28,12.47,0.87,0.9,26.53,90.88,0.62,19.93,9.5,Cascavel,PR,Sul,-24.95,-53.45
2018,29,3.5,0.89,0.89,28.07,89.96,0.46,16.16,7.83,Cascavel,PR,Sul,-24.95,-53.45
2018,30,1.56,0.88,0.87,30.69,85.63,0.5,21.9,10.45,Cascavel,PR,Sul,-24.95,-53.45
2018,31,0.3,0.87,0.86,29.52,79.09,0.7,28.85,13.39,Cascavel,PR,Sul,-24.95,-53.45
2018,32,0.0,0.86,0.85,27.52,80.28,0.59,24.85,11.49,Cascavel,PR,Sul,-24.95,-53.45
2018,33,0.0,0.85,0.84,29.47,79.26,0.61,25.8,11.96,Cascavel,PR,Sul,-24.95,-53.45
2018,34,0.0,0.84,0.83,29.87,79.59,0.64,30.3,13.84,Cascavel,PR,Sul,-24.95,-53.45
2018,35,0.0,0.83,0.82,29.19,76.76,0.65,29.53,13.42,Cascavel,PR,Sul,-24.95,-53.45
2018,36,0.0,0.82,0.82,28.48,76.04,0.63,28.63,13.14,Cascavel,PR,Sul,-24.95,-53.45
2018,37,0.0,0.81,0.81,28.78,71.94,0.55,28.63,13.13,Cascavel,PR,Sul,-24.95,-53.45
2018,38,0.01,0.8,0.8,30.24,67.98,0.61,28.06,13.03,Cascavel,PR,Sul,-24.95,-53.45
2018,39,2.97,0.79,0.8,30.03,79.64,0.67,18.59,8.74,Cascavel,PR,Sul,-24.95,-53.45
2018,40,10.39,0.8,0.83,29.68,86.11,0.69,21.0,9.99,Cascavel,PR,Sul,-24.95,-53.45
2018,41,31.81,0.83,0.93,25.2,96.28,0.79,16.88,8.16,Cascavel,PR,Sul,-24.95,-53.45
2018,42,21.87,0.86,0.92,25.34,95.38,0.64,13.76,6.71,Cascavel,PR,Sul,-24.95,-53.45
2018,43,6.52,0.87,0.89,27.39,87.83,0.81,18.95,9.02,Cascavel,PR,Sul,-24.95,-53.45
2018,44,0.0,0.85,0.85,28.69,82.07,0.5,25.3,11.69,Cascavel,PR,Sul,-24.95,-53.45
2018,45,0.0,0.84,0.84,28.62,80.51,0.63,22.81,10.6,Cascavel,PR,Sul,-24.95,-53.45
2018,46,0.0,0.83,0.83,28.88,80.29,0.6,25.51,11.86,Cascavel,PR,Sul,-24.95,-53.45
2018,47,0.14,0.82,0.82,29.3,79.64,0.59,24.4,11.4,Cascavel,PR,Sul,-24.95,-53.45
2018,48,2.67,0.82,0.83,24.21,89.21,0.58,10.74,5.32,Cascavel,PR,Sul,-24.95,-53.45
2018,49,20.71,0.83,0.89,24.01,92.13,0.52,11.08,5.48,Cascavel,PR,Sul,-24.95,-53.45
2018,50,58.26,0.87,0.96,22.76,96.6,0.9,10.2,5.1,Cascavel,PR,Sul,-24.95,-53.45
2018,51,21.55,0.9,0.93,26.6,92.24,0.91,12.47,6.0,Cascavel,PR,Sul,-24.95,-53.45
2018,52,2.81,0.89,0.88,27.18,87.12,0.75,26.23,12.18,Cascavel,PR,Sul,-24.95,-53.45
2018,53,0.06,0.87,0.86,25.38,79.16,0.78,29.62,13.37,Cascavel,PR,Sul,-24.95,-53.45
2018,54,0.0,0.86,0.85,28.59,77.19,0.48,28.58,12.96,Cascavel,PR,Sul,-24.95,-53.45
2018,55,0.0,0.85,0.85,28.63,78.72,0.69,25.19,11.72,Cascavel,PR,Sul,-24.95,-53.45
2018,56,0.0,0.84,0.84,30.11,76.01,0.58,23.75,10.97,Cascavel,PR,Sul,-24.95,-53.45
2018,57,0.06,0.83,0.83,29.13,78.4,0.56,21.66,10.15,Cascavel,PR,Sul,-24.95,-53.45
2018,58,34.89,0.84,0.91,27.74,86.26,0.61,16.04,7.68,Cascavel,PR,Sul,-24.95,-53.45
2018,59,11.4,0.87,0.9,28.45,88.75,0.66,14.56,6.98,Cascavel,PR,Sul,-24.95,-53.45
2018,60,3.27,0.86,0.87,28.22,87.94,0.49,20.46,9.64,Cascavel,PR,Sul,-24.95,-53.45
2018,61,1.23,0.86,0.86,28.69,84.45,0.57,21.09,9.87,Cascavel,PR,Sul,-24.95,-53.45
2018,62,5.2,0.85,0.87,28.97,81.42,0.56,17.9,8.51,Cascavel,PR,Sul,-24.95,-53.45
2018,63,12.34,0.86,0.89,27.89,83.46,0.51,17.28,8.26,Cascavel,PR,Sul,-24.95,-53.45
2018,64,1.09,0.86,0.86,29.13,84.12,0.59,21.97,10.32,Cascavel,PR,Sul,-24.95,-53.45
2018,65,1.66,0.85,0.85,29.5,84.15,0.5,16.58,7.87,Cascavel,PR,Sul,-24.95,-53.45
2018,66,0.07,0.84,0.84,28.61,84.44,0.69,23.16,10.8,Cascavel,PR,Sul,-24.95,-53.45
2018,67,0.0,0.83,0.83,29.38,77.98,0.61,26.39,12.06,Cascavel,PR,Sul,-24.95,-53.45
2018,68,6.74,0.83,0.85,29.1,76.75,0.58,18.27,8.7,Cascavel,PR,Sul,-24.95,-53.45
2018,69,0.03,0.83,0.83,29.97,80.61,0.66,20.92,9.69,Cascavel,PR,Sul,-24.95,-53.45
2018,70,0.0,0.82,0.82,31.05,79.84,0.62,23.24,10.79,Cascavel,PR,Sul,-24.95,-53.45
2018,71,1.11,0.81,0.81,30.86,81.81,0.64,22.26,10.4,Cascavel,PR,Sul,-24.95,-53.45
2018,72,0.48,0.8,0.81,31.91,82.5,0.46,16.63,7.85,Cascavel,PR,Sul,-24.95,-53.45
2018,73,1.71,0.8,0.8,30.76,84.6,0.64,21.28,10.04,Cascavel,PR,Sul,-24.95,-53.45
2018,74,27.24,0.81,0.89,27.63,93.5,0.6,12.18,5.81,Cascavel,PR,Sul,-24.95,-53.45
2018,75,0.06,0.83,0.83,30.08,84.18,0.55,23.59,11.09,Cascavel,PR,Sul,-24.95,-53.45
2018,76,3.93,0.82,0.84,31.65,82.48,0.59,23.36,11.02,Cascavel,PR,Sul,-24.95,-53.45
2018,77,2.98,0.82,0.83,30.95,85.77,0.73,22.4,10.58,Cascavel,PR,Sul,-24.95,-53.45
2018,78,3.67,0.81,0.83,30.65,78.48,0.52,13.8,6.61,Cascavel,PR,Sul,-24.95,-53.45
2018,79,19.78,0.83,0.89,29.1,85.95,0.48,15.95,7.62,Cascavel,PR,Sul,-24.95,-53.45
2018,80,0.4,0.83,0.84,28.33,83.92,0.69,15.18,7.2,Cascavel,PR,Sul,-24.95,-53.45
2018,81,0.92,0.82,0.82,29.99,82.55,0.64,15.14,7.21,Cascavel,PR,Sul,-24.95,-53.45
2018,82,0.41,0.81,0.82,30.58,85.8,0.72,16.51,7.87,Cascavel,PR,Sul,-24.95,-53.45
2018,83,13.22,0.81,0.86,29.3,88.15,0.84,20.65,9.72,Cascavel,PR,Sul,-24.95,-53.45
2018,84,35.93,0.85,0.92,23.42,87.41,1.02,7.76,3.9,Cascavel,PR,Sul,-24.95,-53.45
2018,85,0.06,0.84,0.84,25.78,80.37,0.59,20.92,9.69,Cascavel,PR,Sul,-24.95,-53.45
2018,86,21.5,0.85,0.9,22.8,95.6,0.49,5.78,3.04,Cascavel,PR,Sul,-24.95,-53.45
2018,87,15.5,0.87,0.91,26.55,89.8,0.52,13.36,6.38,Cascavel,PR,Sul,-24.95,-53.45
2018,88,2.94,0.87,0.88,26.04,91.76,0.44,14.61,6.94,Cascavel,PR,Sul,-24.95,-53.45
2018,89,12.58,0.87,0.9,22.92,92.99,0.51,14.73,6.9,Cascavel,PR,Sul,-24.95,-53.45
2018,90,27.93,0.89,0.95,23.41,96.69,0.64,11.81,5.63,Cascavel,PR,Sul,-24.95,-53.45
2018,91,13.78,0.92,0.94,24.13,94.45,0.58,10.06,4.92,Cascavel,PR,Sul,-24.95,-53.45
2018,92,0.64,0.91,0.89,25.86,87.5,0.65,20.37,9.31,Cascavel,PR,Sul,-24.95,-53.45
2018,93,0.03,0.9,0.88,25.62,86.68,0.61,21.63,9.94,Cascavel,PR,Sul,-24.95,-53.45
2018,94,0.04,0.89,0.88,25.87,84.3,0.71,22.67,10.43,Cascavel,PR,Sul,-24.95,-53.45
2018,95,0.03,0.88,0.87,27.0,83.66,0.63,22.86,10.47,Cascavel,PR,Sul,-24.95,-53.45
2018,96,0.0,0.87,0.86,27.08,78.49,0.6,23.07,10.49,Cascavel,PR,Sul,-24.95,-53.45
2018,97,0.0,0.87,0.86,27.86,74.27,0.57,22.51,10.2,Cascavel,PR,Sul,-24.95,-53.45
2018,98,0.01,0.86,0.85,28.09,75.42,0.6,22.04,10.06,Cascavel,PR,Sul,-24.95,-53.45
2018,99,0.0,0.85,0.85,28.04,78.06,0.56,21.5,9.8,Cascavel,PR,Sul,-24.95,-53.45
2018,100,0.01,0.85,0.84,28.24,84.56,0.89,20.27,9.36,Cascavel,PR,Sul,-24.95,-53.45
2018,101,0.02,0.84,0.83,28.53,84.66,0.92,21.08,9.7,Cascavel,PR,Sul,-24.95,-53.45
2018,102,0.14,0.83,0.83,28.82,79.93,0.71,21.1,9.68,Cascavel,PR,Sul,-24.95,-53.45
2018,103,0.01,0.83,0.82,29.26,80.06,0.49,20.13,9.25,Cascavel,PR,Sul,-24.95,-53.45
2018,104,0.8,0.82,0.82,28.56,83.08,0.57,19.77,9.19,Cascavel,PR,Sul,-24.95,-53.45
2018,105,4.69,0.82,0.83,26.65,85.35,0.56,17.66,8.26,Cascavel,PR,Sul,-24.95,-53.45
2018,106,0.71,0.82,0.83,25.71,84.76,0.68,14.63,6.84,Cascavel,PR,Sul,-24.95,-53.45
2018,107,0.0,0.81,0.81,25.86,82.72,0.79,20.34,9.36,Cascavel,PR,Sul,-24.95,-53.45
2018,108,0.0,0.8,0.81,26.5,83.68,0.72,20.07,9.27,Cascavel,PR,Sul,-24.95,-53.45
2018,109,0.15,0.8,0.8,27.39,84.81,0.67,20.12,9.31,Cascavel,PR,Sul,-24.95,-53.45
2018,110,0.38,0.8,0.8,24.57,88.99,0.55,15.77,7.42,Cascavel,PR,Sul,-24.95,-53.45
2018,111,0.35,0.79,0.8,28.65,80.39,0.5,18.16,8.42,Cascavel,PR,Sul,-24.95,-53.45
2018,112,0.47,0.79,0.79,27.64,81.55,0.61,19.17,8.94,Cascavel,PR,Sul,-24.95,-53.45
2018,113,0.0,0.78,0.78,28.07,80.71,0.66,19.07,8.75,Cascavel,PR,Sul,-24.95,-53.45
2018,114,0.0,0.78,0.78,28.64,78.98,0.58,19.24,8.85,Cascavel,PR,Sul,-24.95,-53.45
2018,115,0.0,0.77,0.77,28.5,79.13,0.55,19.16,8.83,Cascavel,PR,Sul,-24.95,-53.45
2018,116,0.0,0.77,0.76,28.26,77.81,0.56,19.14,8.74,Cascavel,PR,Sul,-24.95,-53.45
2018,117,0.0,0.76,0.75,28.15,81.4,0.67,16.16,7.41,Cascavel,PR,Sul,-24.95,-53.45
2018,118,1.53,0.76,0.76,29.09,81.23,0.58,16.39,7.54,Cascavel,PR,Sul,-24.95,-53.45
2018,119,0.45,0.76,0.75,28.84,82.09,0.66,18.25,8.35,Cascavel,PR,Sul,-24.95,-53.45
2018,120,0.01,0.75,0.74,29.71,76.23,0.64,18.49,8.42,Cascavel,PR,Sul,-24.95,-53.45
2018,121,0.0,0.75,0.73,30.06,74.98,0.57,15.62,7.12,Cascavel,PR,Sul,-24.95,-53.45
2018,122,0.0,0.74,0.73,29.55,77.85,0.72,17.48,7.92,Cascavel,PR,Sul,-24.95,-53.45
2018,123,0.0,0.74,0.72,28.94,75.42,0.73,16.43,7.54,Cascavel,PR,Sul,-24.95,-53.45
2018,124,0.0,0.73,0.71,28.72,72.03,0.66,17.15,7.78,Cascavel,PR,Sul,-24.95,-53.45
2018,125,0.35,0.73,0.71,27.02,76.5,0.65,11.58,5.38,Cascavel,PR,Sul,-24.95,-53.45
2018,126,3.22,0.73,0.73,25.64,86.91,0.54,11.63,5.44,Cascavel,PR,Sul,-24.95,-53.45
2018,127,0.48,0.73,0.72,26.77,82.26,0.72,17.05,7.89,Cascavel,PR,Sul,-24.95,-53.45
2018,128,0.0,0.73,0.71,27.05,79.31,0.79,17.25,7.94,Cascavel,PR,Sul,-24.95,-53.45
2018,129,0.0,0.72,0.71,27.42,80.54,0.83,15.55,7.15,Cascavel,PR,Sul,-24.95,-53.45
2018,130,0.02,0.72,0.7,27.24,79.44,0.94,16.58,7.6,Cascavel,PR,Sul,-24.95,-53.45
2018,131,9.9,0.73,0.77,22.81,88.87,0.78,5.81,2.82,Cascavel,PR,Sul,-24.95,-53.45
2018,132,0.13,0.73,0.72,22.33,82.81,0.64,14.95,6.71,Cascavel,PR,Sul,-24.95,-53.45
2018,133,0.01,0.73,0.72,24.82,79.22,0.66,17.89,7.97,Cascavel,PR,Sul,-24.95,-53.45
2018,134,0.02,0.73,0.71,26.1,79.43,0.75,16.55,7.39,Cascavel,PR,Sul,-24.95,-53.45
2018,135,5.92,0.72,0.74,27.66,78.99,0.89,12.01,5.58,Cascavel,PR,Sul,-24.95,-53.45
2018,136,16.65,0.75,0.82,25.22,87.72,0.5,10.54,5.0,Cascavel,PR,Sul,-24.95,-53.45
2018,137,0.09,0.75,0.75,26.12,85.05,0.58,15.58,7.21,Cascavel,PR,Sul,-24.95,-53.45
2018,138,23.82,0.75,0.77,26.39,85.04,0.81,12.81,5.91,Cascavel,PR,Sul,-24.95,-53.45
2018,139,14.43,0.77,0.82,19.74,86.04,1.23,10.81,4.95,Cascavel,PR,Sul,-24.95,-53.45
2018,140,0.08,0.77,0.76,16.11,82.44,0.74,13.87,6.13,Cascavel,PR,Sul,-24.95,-53.45
2018,141,0.01,0.76,0.76,18.62,78.95,0.69,17.14,7.5,Cascavel,PR,Sul,-24.95,-53.45
2018,142,0.03,0.76,0.75,19.15,81.57,0.68,16.47,7.34,Cascavel,PR,Sul,-24.95,-53.45
2018,143,0.03,0.75,0.75,20.81,79.45,0.54,16.81,7.31,Cascavel,PR,Sul,-24.95,-53.45
2018,144,0.06,0.75,0.74,21.26,81.0,0.56,8.29,3.84,Cascavel,PR,Sul,-24.95,-53.45
2018,145,0.0,0.75,0.74,23.42,81.48,0.46,11.89,5.39,Cascavel,PR,Sul,-24.95,-53.45
2018,146,0.0,0.74,0.73,23.96,85.95,0.7,13.88,6.28,Cascavel,PR,Sul,-24.95,-53.45
2018,147,0.0,0.74,0.73,24.76,84.11,0.74,13.33,6.07,Cascavel,PR,Sul,-24.95,-53.45
2018,148,0.0,0.74,0.72,24.58,80.08,0.83,15.98,7.17,Cascavel,PR,Sul,-24.95,-53.45
2018,149,0.0,0.73,0.72,24.39,76.25,0.85,15.46,6.96,Cascavel,PR,Sul,-24.95,-53.45
2018,150,0.01,0.73,0.71,23.95,78.98,0.88,11.89,5.39,Cascavel,PR,Sul,-24.95,-53.45
2018,151,0.5,0.72,0.71,24.24,79.57,0.92,11.37,5.24,Cascavel,PR,Sul,-24.95,-53.45
2018,152,21.71,0.75,0.83,20.16,93.47,0.89,6.55,3.13,Cascavel,PR,Sul,-24.95,-53.45
2018,153,6.46,0.77,0.8,16.11,94.14,0.63,4.36,2.19,Cascavel,PR,Sul,-24.95,-53.45
2018,154,0.07,0.76,0.76,18.84,80.99,0.62,10.24,4.7,Cascavel,PR,Sul,-24.95,-53.45
2018,155,4.82,0.76,0.78,17.12,93.8,0.46,3.09,1.53,Cascavel,PR,Sul,-24.95,-53.45
2018,156,1.08,0.76,0.77,16.52,92.86,0.58,2.96,1.52,Cascavel,PR,Sul,-24.95,-53.45
2018,157,0.09,0.76,0.76,17.25,84.41,0.51,6.74,3.05,Cascavel,PR,Sul,-24.95,-53.45
2018,158,0.62,0.76,0.76,17.13,82.77,0.73,7.37,3.25,Cascavel,PR,Sul,-24.95,-53.45
2018,159,0.05,0.75,0.75,17.73,74.63,0.62,15.81,6.77,Cascavel,PR,Sul,-24.95,-53.45
2018,160,0.0,0.75,0.74,21.97,73.71,1.02,9.94,4.53,Cascavel,PR,Sul,-24.95,-53.45
2018,161,0.0,0.74,0.74,23.28,81.94,1.42,8.43,3.97,Cascavel,PR,Sul,-24.95,-53.45
2018,162,2.14,0.74,0.74,23.43,88.29,1.08,5.3,2.6,Cascavel,PR,Sul,-24.95,-53.45
2018,163,6.36,0.75,0.77,25.51,90.79,1.2,6.66,3.15,Cascavel,PR,Sul,-24.95,-53.45
2018,164,0.16,0.75,0.75,16.22,77.89,0.83,12.75,5.68,Cascavel,PR,Sul,-24.95,-53.45
2018,165,0.77,0.75,0.74,13.85,76.41,0.53,5.17,2.47,Cascavel,PR,Sul,-24.95,-53.45
2018,166,0.89,0.75,0.74,13.94,82.74,0.66,5.97,2.72,Cascavel,PR,Sul,-24.95,-53.45
2018,167,0.14,0.74,0.74,17.94,83.56,0.58,12.22,5.37,Cascavel,PR,Sul,-24.95,-53.45
2018,168,0.01,0.74,0.73,20.1,77.27,0.58,11.68,5.1,Cascavel,PR,Sul,-24.95,-53.45
2018,169,0.02,0.74,0.73,22.51,76.94,0.6,13.04,5.74,Cascavel,PR,Sul,-24.95,-53.45
2018,170,0.07,0.74,0.73,22.53,84.45,0.68,15.27,6.81,Cascavel,PR,Sul,-24.95,-53.45
2018,171,0.0,0.73,0.72,24.77,84.8,0.68,13.23,5.94,Cascavel,PR,Sul,-24.95,-53.45
2018,172,0.06,0.73,0.72,24.56,79.87,0.75,13.23,5.95,Cascavel,PR,Sul,-24.95,-53.45
2018,173,0.01,0.73,0.71,26.29,76.27,0.6,14.77,6.64,Cascavel,PR,Sul,-24.95,-53.45
2018,174,0.05,0.72,0.71,25.87,77.19,0.82,13.8,6.27,Cascavel,PR,Sul,-24.95,-53.45
2018,175,0.54,0.72,0.71,25.66,80.88,0.68,5.53,2.65,Cascavel,PR,Sul,-24.95,-53.45
2018,176,7.62,0.72,0.74,22.35,92.35,0.63,8.09,3.77,Cascavel,PR,Sul,-24.95,-53.45
2018,177,16.14,0.75,0.82,20.43,91.94,0.32,6.59,3.12,Cascavel,PR,Sul,-24.95,-53.45
2018,178,10.38,0.77,0.82,20.36,96.29,0.47,9.61,4.47,Cascavel,PR,Sul,-24.95,-53.45
2018,179,5.57,0.77,0.8,22.98,90.75,0.61,5.08,2.48,Cascavel,PR,Sul,-24.95,-53.45
2018,180,1.5,0.77,0.77,24.73,84.01,0.77,13.84,6.28,Cascavel,PR,Sul,-24.95,-53.45
2018,181,4.03,0.77,0.79,21.96,91.5,0.55,11.5,5.24,Cascavel,PR,Sul,-24.95,-53.45
2018,182,0.0,0.76,0.76,25.6,84.76,0.67,13.77,6.2,Cascavel,PR,Sul,-24.95,-53.45
2018,183,0.01,0.76,0.75,25.66,79.49,0.78,12.93,5.8,Cascavel,PR,Sul,-24.95,-53.45
2018,184,0.01,0.75,0.75,25.36,83.56,0.62,13.55,6.15,Cascavel,PR,Sul,-24.95,-53.45
2018,185,0.03,0.75,0.74,25.06,82.91,0.75,14.17,6.4,Cascavel,PR,Sul,-24.95,-53.45
2018,186,0.0,0.74,0.74,26.35,75.79,0.69,15.07,6.73,Cascavel,PR,Sul,-24.95,-53.45
2018,187,0.0,0.74,0.73,26.18,77.26,0.69,11.13,5.07,Cascavel,PR,Sul,-24.95,-53.45
2018,188,0.0,0.74,0.72,24.77,75.94,0.78,13.67,6.14,Cascavel,PR,Sul,-24.95,-53.45
2018,189,0.54,0.73,0.73,19.74,89.35,0.88,8.16,3.76,Cascavel,PR,Sul,-24.95,-53.45
2018,190,0.29,0.73,0.73,14.52,81.22,1.08,5.43,2.58,Cascavel,PR,Sul,-24.95,-53.45
2018,191,0.02,0.73,0.72,15.45,77.76,0.81,16.29,7.08,Cascavel,PR,Sul,-24.95,-53.45
2018,192,0.02,0.73,0.72,18.48,77.48,0.71,14.3,6.2,Cascavel,PR,Sul,-24.95,-53.45
2018,193,0.0,0.73,0.72,18.49,74.57,0.7,15.17,6.54,Cascavel,PR,Sul,-24.95,-53.45
2018,194,0.0,0.72,0.71,23.45,72.7,0.61,13.25,5.89,Cascavel,PR,Sul,-24.95,-53.45
2018,195,0.0,0.72,0.71,25.81,74.43,0.79,15.36,6.86,Cascavel,PR,Sul,-24.95,-53.45
2018,196,0.0,0.72,0.7,27.41,71.1,0.83,15.78,7.03,Cascavel,PR,Sul,-24.95,-53.45
2018,197,0.0,0.71,0.69,28.38,71.71,0.79,13.85,6.31,Cascavel,PR,Sul,-24.95,-53.45
2018,198,0.0,0.71,0.69,27.52,70.38,0.84,15.77,7.07,Cascavel,PR,Sul,-24.95,-53.45
2018,199,0.01,0.71,0.68,26.96,65.88,0.85,16.49,7.29,Cascavel,PR,Sul,-24.95,-53.45
2018,200,0.0,0.7,0.68,27.66,67.37,0.91,16.15,7.27,Cascavel,PR,Sul,-24.95,-53.45
2018,201,4.2,0.7,0.7,27.57,74.08,1.27,15.04,6.83,Cascavel,PR,Sul,-24.95,-53.45
2018,202,0.05,0.7,0.7,14.44,71.38,0.94,16.18,6.88,Cascavel,PR,Sul,-24.95,-53.45
2018,203,0.0,0.7,0.69,22.36,72.58,0.77,12.88,5.73,Cascavel,PR,Sul,-24.95,-53.45
2018,204,0.04,0.7,0.68,27.57,73.38,0.76,14.94,6.72,Cascavel,PR,Sul,-24.95,-53.45
2018,205,0.25,0.7,0.68,26.55,81.61,0.45,12.77,5.76,Cascavel,PR,Sul,-24.95,-53.45
2018,206,0.02,0.7,0.68,25.26,75.1,0.71,14.28,6.46,Cascavel,PR,Sul,-24.95,-53.45
2018,207,0.02,0.69,0.68,23.56,84.44,0.49,13.93,6.3,Cascavel,PR,Sul,-24.95,-53.45
2018,208,0.01,0.69,0.67,25.98,80.62,0.65,14.45,6.55,Cascavel,PR,Sul,-24.95,-53.45
2018,209,0.0,0.69,0.67,26.95,70.26,0.87,12.7,5.72,Cascavel,PR,Sul,-24.95,-53.45
2018,210,0.02,0.69,0.67,20.82,73.78,0.68,12.86,5.75,Cascavel,PR,Sul,-24.95,-53.45
2018,211,0.27,0.68,0.67,23.0,72.65,0.56,14.15,6.26,Cascavel,PR,Sul,-24.95,-53.45
2018,212,0.01,0.68,0.67,20.15,71.77,0.77,17.79,7.69,Cascavel,PR,Sul,-24.95,-53.45
2018,213,0.01,0.68,0.66,22.2,70.21,0.64,13.61,5.95,Cascavel,PR,Sul,-24.95,-53.45
2018,214,2.52,0.68,0.67,22.37,83.15,0.61,9.45,4.24,Cascavel,PR,Sul,-24.95,-53.45
2018,215,30.93,0.72,0.84,19.68,93.93,0.58,2.23,1.17,Cascavel,PR,Sul,-24.95,-53.45
2018,216,0.45,0.73,0.73,21.13,89.86,0.39,4.66,2.29,Cascavel,PR,Sul,-24.95,-53.45
2018,217,0.01,0.72,0.71,18.44,73.07,0.57,9.75,4.46,Cascavel,PR,Sul,-24.95,-53.45
2018,218,0.02,0.72,0.71,21.82,62.91,0.49,16.37,7.06,Cascavel,PR,Sul,-24.95,-53.45
2018,219,0.03,0.71,0.7,23.09,81.34,0.97,13.11,5.91,Cascavel,PR,Sul,-24.95,-53.45
2018,220,23.76,0.72,0.77,23.9,88.04,1.02,4.34,2.17,Cascavel,PR,Sul,-24.95,-53.45
2018,221,0.05,0.74,0.75,14.99,75.37,1.0,16.56,7.24,Cascavel,PR,Sul,-24.95,-53.45
2018,222,0.01,0.73,0.72,16.1,78.23,0.71,18.44,8.04,Cascavel,PR,Sul,-24.95,-53.45
2018,223,0.0,0.73,0.72,19.58,75.6,0.64,17.47,7.64,Cascavel,PR,Sul,-24.95,-53.45
2018,224,0.02,0.72,0.71,23.85,74.85,0.76,17.95,7.92,Cascavel,PR,Sul,-24.95,-53.45
2018,225,0.01,0.72,0.7,24.76,74.96,0.82,19.09,8.34,Cascavel,PR,Sul,-24.95,-53.45
2018,226,0.0,0.71,0.7,25.4,72.91,0.67,19.6,8.53,Cascavel,PR,Sul,-24.95,-53.45
2018,227,0.32,0.71,0.7,20.57,84.86,0.63,8.5,3.96,Cascavel,PR,Sul,-24.95,-53.45
2018,228,0.0,0.71,0.69,24.86,81.26,0.63,17.34,7.72,Cascavel,PR,Sul,-24.95,-53.45
2018,229,0.0,0.7,0.69,25.18,77.64,0.67,19.36,8.67,Cascavel,PR,Sul,-24.95,-53.45
2018,230,0.0,0.7,0.68,25.71,78.27,0.83,19.57,8.75,Cascavel,PR,Sul,-24.95,-53.45
2018,231,0.08,0.7,0.68,27.85,73.13,0.81,17.81,8.04,Cascavel,PR,Sul,-24.95,-53.45
2018,232,13.84,0.71,0.76,20.07,89.47,0.84,4.98,2.51,Cascavel,PR,Sul,-24.95,-53.45
2018,233,15.19,0.73,0.8,17.0,91.13,0.67,5.82,2.87,Cascavel,PR,Sul,-24.95,-53.45
2018,234,1.0,0.74,0.74,19.46,84.29,0.54,9.57,4.41,Cascavel,PR,Sul,-24.95,-53.45
2018,235,3.29,0.74,0.75,25.35,85.75,0.82,16.14,7.43,Cascavel,PR,Sul,-24.95,-53.45
2018,236,9.47,0.73,0.77,23.28,87.53,1.0,8.4,4.02,Cascavel,PR,Sul,-24.95,-53.45
2018,237,0.34,0.74,0.74,16.88,68.9,1.08,21.79,9.45,Cascavel,PR,Sul,-24.95,-53.45
2018,238,0.0,0.73,0.72,17.39,63.19,0.81,21.04,9.02,Cascavel,PR,Sul,-24.95,-53.45
2018,239,0.23,0.73,0.72,22.46,67.49,0.77,21.52,9.28,Cascavel,PR,Sul,-24.95,-53.45
2018,240,0.01,0.72,0.71,25.96,74.18,0.86,20.73,9.32,Cascavel,PR,Sul,-24.95,-53.45
2018,241,0.0,0.72,0.7,28.81,73.41,1.05,21.21,9.62,Cascavel,PR,Sul,-24.95,-53.45
2018,242,0.0,0.71,0.69,30.38,64.69,0.94,21.15,9.55,Cascavel,PR,Sul,-24.95,-53.45
2018,243,3.21,0.71,0.7,29.55,69.67,0.86,11.7,5.45,Cascavel,PR,Sul,-24.95,-53.45
2018,244,43.79,0.73,0.83,26.27,88.01,0.84,4.05,2.02,Cascavel,PR,Sul,-24.95,-53.45
2018,245,16.73,0.78,0.87,15.08,92.52,0.74,3.02,1.62,Cascavel,PR,Sul,-24.95,-53.45
2018,246,3.1,0.78,0.8,14.06,93.93,0.69,10.07,4.79,Cascavel,PR,Sul,-24.95,-53.45
2018,247,0.6,0.78,0.78,19.54,82.03,0.83,22.49,9.91,Cascavel,PR,Sul,-24.95,-53.45
2018,248,0.01,0.77,0.77,22.45,76.08,0.79,21.93,9.7,Cascavel,PR,Sul,-24.95,-53.45
2018,249,0.01,0.76,0.75,23.35,71.1,0.94,23.77,10.3,Cascavel,PR,Sul,-24.95,-53.45
2018,250,0.0,0.75,0.74,26.63,66.79,0.75,22.51,9.92,Cascavel,PR,Sul,-24.95,-53.45
2018,251,0.0,0.74,0.73,28.53,60.81,0.69,23.8,10.33,Cascavel,PR,Sul,-24.95,-53.45
2018,252,0.0,0.73,0.72,28.75,61.01,0.82,22.5,9.93,Cascavel,PR,Sul,-24.95,-53.45
2018,253,0.0,0.73,0.71,28.53,67.02,0.83,22.44,9.85,Cascavel,PR,Sul,-24.95,-53.45
2018,254,0.0,0.72,0.71,28.5,73.44,0.62,21.16,9.4,Cascavel,PR,Sul,-24.95,-53.45
2018,255,0.0,0.72,0.7,28.24,70.29,0.84,21.54,9.56,Cascavel,PR,Sul,-24.95,-53.45
2018,256,11.17,0.72,0.73,26.31,79.24,0.75,8.25,3.88,Cascavel,PR,Sul,-24.95,-53.45
2018,257,1.86,0.73,0.76,21.28,87.97,0.65,10.88,4.94,Cascavel,PR,Sul,-24.95,-53.45
2018,258,0.03,0.73,0.72,24.77,78.94,0.73,17.66,7.82,Cascavel,PR,Sul,-24.95,-53.45
2018,259,22.97,0.74,0.79,25.38,84.73,0.76,5.83,2.75,Cascavel,PR,Sul,-24.95,-53.45
2018,260,1.82,0.76,0.79,24.63,86.57,0.87,10.48,4.93,Cascavel,PR,Sul,-24.95,-53.45
2018,261,0.12,0.75,0.75,25.57,73.58,0.75,23.99,10.68,Cascavel,PR,Sul,-24.95,-53.45
2018,262,65.96,0.77,0.89,28.18,85.08,0.69,11.55,5.5,Cascavel,PR,Sul,-24.95,-53.45
2018,263,22.54,0.82,0.88,23.37,95.16,0.72,7.93,3.89,Cascavel,PR,Sul,-24.95,-53.45
2018,264,0.3,0.81,0.82,28.36,79.45,0.58,22.34,10.24,Cascavel,PR,Sul,-24.95,-53.45
2018,265,0.0,0.79,0.8,30.26,79.62,0.78,24.37,11.11,Cascavel,PR,Sul,-24.95,-53.45
2018,266,0.02,0.78,0.78,31.88,75.39,0.86,24.27,11.19,Cascavel,PR,Sul,-24.95,-53.45
2018,267,3.42,0.77,0.79,31.93,72.55,0.82,22.19,10.21,Cascavel,PR,Sul,-24.95,-53.45
2018,268,0.37,0.77,0.77,28.64,80.93,0.77,13.57,6.44,Cascavel,PR,Sul,-24.95,-53.45
2018,269,4.78,0.76,0.79,26.99,87.76,0.6,7.88,3.93,Cascavel,PR,Sul,-24.95,-53.45
2018,270,0.02,0.77,0.78,27.47,84.64,0.38,7.6,3.73,Cascavel,PR,Sul,-24.95,-53.45
2018,271,0.02,0.76,0.77,28.17,84.1,0.62,19.26,8.79,Cascavel,PR,Sul,-24.95,-53.45
2018,272,3.04,0.76,0.78,26.7,86.52,0.89,15.03,6.98,Cascavel,PR,Sul,-24.95,-53.45
2018,273,14.71,0.77,0.83,28.07,84.91,1.04,5.07,2.66,Cascavel,PR,Sul,-24.95,-53.45
2018,274,9.55,0.78,0.82,28.71,85.31,0.98,19.25,8.96,Cascavel,PR,Sul,-24.95,-53.45
2018,275,9.16,0.79,0.83,29.77,85.72,1.02,7.83,3.86,Cascavel,PR,Sul,-24.95,-53.45
2018,276,1.88,0.78,0.8,28.05,86.06,0.93,17.9,8.24,Cascavel,PR,Sul,-24.95,-53.45
2018,277,0.12,0.78,0.78,25.4,77.49,0.89,15.0,7.07,Cascavel,PR,Sul,-24.95,-53.45
2018,278,0.49,0.77,0.77,26.45,74.51,0.65,21.89,9.97,Cascavel,PR,Sul,-24.95,-53.45
2018,279,8.74,0.77,0.82,24.06,88.39,0.59,14.23,6.79,Cascavel,PR,Sul,-24.95,-53.45
2018,280,7.35,0.78,0.82,25.88,86.41,0.79,14.11,6.86,Cascavel,PR,Sul,-24.95,-53.45
2018,281,22.98,0.8,0.88,25.63,94.95,0.92,5.52,2.81,Cascavel,PR,Sul,-24.95,-53.45
2018,282,8.35,0.81,0.84,25.83,92.22,0.76,4.38,2.29,Cascavel,PR,Sul,-24.95,-53.45
2018,283,1.39,0.81,0.82,28.4,88.55,0.67,7.04,3.59,Cascavel,PR,Sul,-24.95,-53.45
2018,284,0.22,0.8,0.8,28.29,83.29,0.87,9.45,4.65,Cascavel,PR,Sul,-24.95,-53.45
2018,285,4.8,0.79,0.81,27.45,83.91,1.12,21.21,9.81,Cascavel,PR,Sul,-24.95,-53.45
2018,286,14.68,0.81,0.87,28.25,86.32,0.85,13.22,6.34,Cascavel,PR,Sul,-24.95,-53.45
2018,287,9.44,0.81,0.85,27.16,87.51,0.86,16.13,7.69,Cascavel,PR,Sul,-24.95,-53.45
2018,288,0.59,0.81,0.82,25.03,85.99,0.69,14.56,6.93,Cascavel,PR,Sul,-24.95,-53.45
2018,289,0.18,0.8,0.8,28.21,81.32,0.7,14.41,6.9,Cascavel,PR,Sul,-24.95,-53.45
2018,290,4.87,0.8,0.82,26.43,90.76,0.95,3.45,1.8,Cascavel,PR,Sul,-24.95,-53.45
2018,291,36.68,0.82,0.92,25.89,95.06,0.94,5.49,2.71,Cascavel,PR,Sul,-24.95,-53.45
2018,292,0.99,0.84,0.85,28.57,85.06,0.76,15.87,7.57,Cascavel,PR,Sul,-24.95,-53.45
2018,293,0.0,0.83,0.83,28.23,78.26,0.59,27.55,12.63,Cascavel,PR,Sul,-24.95,-53.45
2018,294,0.0,0.81,0.81,27.86,75.51,0.65,28.9,12.99,Cascavel,PR,Sul,-24.95,-53.45
2018,295,0.0,0.8,0.8,28.16,74.63,0.81,26.42,12.04,Cascavel,PR,Sul,-24.95,-53.45
2018,296,9.32,0.8,0.82,28.09,83.31,0.55,13.74,6.6,Cascavel,PR,Sul,-24.95,-53.45
2018,297,19.23,0.82,0.9,26.04,89.12,0.94,6.05,3.17,Cascavel,PR,Sul,-24.95,-53.45
2018,298,19.83,0.84,0.89,25.1,88.85,0.61,8.55,4.36,Cascavel,PR,Sul,-24.95,-53.45
2018,299,28.75,0.86,0.93,25.86,94.79,0.42,7.89,4.05,Cascavel,PR,Sul,-24.95,-53.45
2018,300,3.84,0.88,0.89,24.17,83.46,1.1,23.62,10.74,Cascavel,PR,Sul,-24.95,-53.45
2018,301,0.0,0.86,0.85,26.34,75.19,0.58,29.91,13.4,Cascavel,PR,Sul,-24.95,-53.45
2018,302,0.0,0.84,0.84,28.03,74.76,0.75,28.53,13.04,Cascavel,PR,Sul,-24.95,-53.45
2018,303,2.27,0.83,0.83,29.64,81.19,0.91,25.07,11.6,Cascavel,PR,Sul,-24.95,-53.45
2018,304,46.15,0.84,0.9,27.57,90.84,0.84,5.13,2.66,Cascavel,PR,Sul,-24.95,-53.45
2018,305,18.61,0.87,0.92,24.98,93.85,0.78,5.19,2.71,Cascavel,PR,Sul,-24.95,-53.45
2018,306,0.39,0.87,0.86,30.02,81.74,0.62,22.67,10.67,Cascavel,PR,Sul,-24.95,-53.45
2018,307,9.05,0.86,0.88,29.65,86.25,0.64,20.75,9.76,Cascavel,PR,Sul,-24.95,-53.45
2018,308,0.39,0.86,0.86,30.06,82.83,0.46,19.5,9.08,Cascavel,PR,Sul,-24.95,-53.45
2018,309,0.0,0.85,0.85,29.67,80.81,0.61,27.22,12.52,Cascavel,PR,Sul,-24.95,-53.45
2018,310,0.0,0.84,0.84,28.69,79.65,0.66,25.71,11.81,Cascavel,PR,Sul,-24.95,-53.45
2018,311,0.0,0.83,0.83,29.25,74.89,0.74,27.87,12.75,Cascavel,PR,Sul,-24.95,-53.45
2018,312,0.0,0.82,0.82,27.77,72.94,0.86,27.44,12.69,Cascavel,PR,Sul,-24.95,-53.45
2018,313,0.0,0.81,0.81,28.74,76.69,0.87,25.33,11.66,Cascavel,PR,Sul,-24.95,-53.45
2018,314,0.0,0.8,0.8,29.1,77.2,0.76,23.94,11.06,Cascavel,PR,Sul,-24.95,-53.45
2018,315,0.0,0.79,0.79,30.51,73.68,0.73,28.61,13.08,Cascavel,PR,Sul,-24.95,-53.45
2018,316,0.0,0.78,0.78,31.34,76.6,0.88,25.98,12.02,Cascavel,PR,Sul,-24.95,-53.45
2018,317,1.17,0.78,0.78,31.02,81.24,0.98,26.2,12.15,Cascavel,PR,Sul,-24.95,-53.45
2018,318,25.91,0.8,0.89,24.32,94.1,0.79,8.53,4.3,Cascavel,PR,Sul,-24.95,-53.45
2018,319,0.1,0.81,0.81,28.64,79.92,0.73,17.19,7.96,Cascavel,PR,Sul,-24.95,-53.45
2018,320,0.18,0.79,0.8,32.29,73.78,0.53,25.18,11.64,Cascavel,PR,Sul,-24.95,-53.45
2018,321,2.32,0.78,0.79,28.74,81.59,1.19,28.51,13.24,Cascavel,PR,Sul,-24.95,-53.45
2018,322,15.37,0.8,0.86,27.81,89.96,0.8,9.78,4.94,Cascavel,PR,Sul,-24.95,-53.45
2018,323,0.03,0.8,0.8,28.64,77.21,0.84,29.07,13.24,Cascavel,PR,Sul,-24.95,-53.45
2018,324,0.0,0.79,0.79,29.63,74.28,0.66,29.13,13.38,Cascavel,PR,Sul,-24.95,-53.45
2018,325,0.0,0.78,0.78,30.34,75.46,0.58,30.71,14.12,Cascavel,PR,Sul,-24.95,-53.45
2018,326,0.04,0.77,0.76,29.52,76.52,0.82,27.34,12.52,Cascavel,PR,Sul,-24.95,-53.45
2018,327,22.03,0.78,0.85,23.95,93.42,1.39,8.97,4.45,Cascavel,PR,Sul,-24.95,-53.45
2018,328,1.75,0.79,0.82,25.93,84.8,1.04,21.36,9.94,Cascavel,PR,Sul,-24.95,-53.45
2018,329,0.02,0.78,0.78,29.79,77.79,0.61,31.09,14.15,Cascavel,PR,Sul,-24.95,-53.45
2018,330,0.36,0.77,0.77,29.45,77.96,0.84,29.7,13.73,Cascavel,PR,Sul,-24.95,-53.45
2018,331,0.03,0.76,0.75,29.3,77.25,0.96,30.55,14.07,Cascavel,PR,Sul,-24.95,-53.45
2018,332,6.72,0.76,0.78,27.62,79.97,0.87,19.59,9.33,Cascavel,PR,Sul,-24.95,-53.45
2018,333,7.69,0.77,0.8,29.31,82.71,0.61,18.41,8.82,Cascavel,PR,Sul,-24.95,-53.45
2018,334,8.39,0.77,0.8,28.63,85.93,0.53,16.27,7.84,Cascavel,PR,Sul,-24.95,-53.45
2018,335,0.69,0.77,0.77,28.13,77.16,0.92,27.23,12.56,Cascavel,PR,Sul,-24.95,-53.45
2018,336,0.0,0.76,0.74,27.15,74.63,1.05,29.39,13.41,Cascavel,PR,Sul,-24.95,-53.45
2018,337,0.0,0.74,0.73,28.65,69.49,0.71,28.09,12.74,Cascavel,PR,Sul,-24.95,-53.45
2018,338,0.0,0.73,0.71,28.26,63.72,0.71,32.45,14.57,Cascavel,PR,Sul,-24.95,-53.45
2018,339,0.0,0.72,0.7,29.81,63.68,0.73,32.36,14.63,Cascavel,PR,Sul,-24.95,-53.45
2018,340,0.0,0.72,0.69,31.15,64.45,0.76,31.87,14.55,Cascavel,PR,Sul,-24.95,-53.45
2018,341,0.0,0.71,0.68,29.08,63.24,0.96,26.2,12.01,Cascavel,PR,Sul,-24.95,-53.45
2018,342,0.0,0.7,0.68,29.63,57.17,0.5,32.99,14.59,Cascavel,PR,Sul,-24.95,-53.45
2018,343,0.0,0.7,0.67,29.46,60.72,0.98,32.48,14.65,Cascavel,PR,Sul,-24.95,-53.45
2018,344,0.02,0.69,0.66,33.77,60.66,0.79,30.96,14.31,Cascavel,PR,Sul,-24.95,-53.45
2018,345,0.0,0.68,0.65,34.19,61.42,0.98,29.73,13.79,Cascavel,PR,Sul,-24.95,-53.45
2018,346,1.79,0.68,0.66,34.14,62.3,0.89,27.82,12.93,Cascavel,PR,Sul,-24.95,-53.45
2018,347,1.66,0.68,0.67,29.48,74.71,0.72,23.53,11.1,Cascavel,PR,Sul,-24.95,-53.45
2018,348,0.01,0.68,0.65,34.8,64.01,1.06,30.94,14.48,Cascavel,PR,Sul,-24.95,-53.45
2018,349,3.26,0.67,0.66,34.02,67.64,0.61,24.13,11.46,Cascavel,PR,Sul,-24.95,-53.45
2018,350,6.81,0.68,0.7,32.49,74.54,0.6,23.85,11.38,Cascavel,PR,Sul,-24.95,-53.45
2018,351,5.41,0.69,0.7,33.82,66.76,0.79,28.63,13.5,Cascavel,PR,Sul,-24.95,-53.45
2018,352,5.31,0.69,0.69,33.47,66.61,0.72,23.79,11.26,Cascavel,PR,Sul,-24.95,-53.45
2018,353,3.0,0.69,0.68,33.95,69.68,0.76,27.57,13.07,Cascavel,PR,Sul,-24.95,-53.45
2018,354,3.6,0.68,0.68,33.94,67.81,0.75,23.48,11.08,Cascavel,PR,Sul,-24.95,-53.45
2018,355,3.99,0.68,0.68,30.56,75.2,0.73,24.71,11.64,Cascavel,PR,Sul,-24.95,-53.45
2018,356,3.4,0.69,0.69,27.12,85.86,0.74,19.39,9.24,Cascavel,PR,Sul,-24.95,-53.45
2018,357,4.11,0.69,0.69,30.63,79.65,0.57,11.58,5.76,Cascavel,PR,Sul,-24.95,-53.45
2018,358,6.51,0.69,0.71,30.54,79.41,0.47,21.68,10.2,Cascavel,PR,Sul,-24.95,-53.45
2018,359,1.33,0.69,0.68,30.47,77.72,0.84,20.56,9.75,Cascavel,PR,Sul,-24.95,-53.45
2018,360,1.81,0.69,0.68,28.51,79.2,0.66,19.46,9.29,Cascavel,PR,Sul,-24.95,-53.45
2018,361,4.5,0.69,0.68,32.11,74.5,0.63,21.45,10.14,Cascavel,PR,Sul,-24.95,-53.45
2018,362,3.71,0.68,0.69,32.39,76.04,0.57,22.25,10.49,Cascavel,PR,Sul,-24.95,-53.45
2018,363,0.92,0.68,0.68,32.22,75.68,0.67,24.28,11.37,Cascavel,PR,Sul,-24.95,-53.45
2018,364,4.18,0.68,0.69,30.2,76.34,0.55,21.32,10.12,Cascavel,PR,Sul,-24.95,-53.45
2018,365,1.06,0.68,0.67,32.83,73.72,0.54,24.69,11.66,Cascavel,PR,Sul,-24.95,-53.45
2019,1,1.16,0.68,0.66,33.83,75.11,0.67,28.8,13.66,Cascavel,PR,Sul,-24.95,-53.45
2019,2,2.23,0.67,0.66,31.88,74.7,0.97,24.42,11.58,Cascavel,PR,Sul,-24.95,-53.45
2019,3,1.27,0.67,0.65,33.36,71.68,0.95,25.8,12.25,Cascavel,PR,Sul,-24.95,-53.45
2019,4,11.17,0.67,0.7,33.58,72.81,0.67,24.0,11.39,Cascavel,PR,Sul,-24.95,-53.45
2019,5,3.99,0.69,0.71,28.37,84.01,0.49,17.76,8.63,Cascavel,PR,Sul,-24.95,-53.45
2019,6,4.01,0.69,0.69,28.28,86.37,0.82,15.46,7.51,Cascavel,PR,Sul,-24.95,-53.45
2019,7,26.61,0.71,0.81,26.06,93.36,0.86,13.48,6.68,Cascavel,PR,Sul,-24.95,-53.45
2019,8,10.11,0.74,0.79,28.36,86.83,1.01,16.58,8.02,Cascavel,PR,Sul,-24.95,-53.45
2019,9,1.9,0.73,0.73,29.7,81.83,0.9,22.3,10.42,Cascavel,PR,Sul,-24.95,-53.45
2019,10,18.8,0.74,0.81,28.87,85.18,0.62,18.63,8.79,Cascavel,PR,Sul,-24.95,-53.45
2019,11,8.69,0.76,0.8,29.6,81.99,0.61,23.13,10.72,Cascavel,PR,Sul,-24.95,-53.45
2019,12,4.22,0.74,0.75,29.78,78.86,0.64,24.82,11.73,Cascavel,PR,Sul,-24.95,-53.45
2019,13,5.01,0.74,0.76,28.74,84.78,0.73,21.09,10.13,Cascavel,PR,Sul,-24.95,-53.45
2019,14,8.39,0.74,0.76,30.72,80.03,0.67,22.9,10.99,Cascavel,PR,Sul,-24.95,-53.45
2019,15,2.53,0.74,0.74,30.65,82.31,0.73,25.86,12.29,Cascavel,PR,Sul,-24.95,-53.45
2019,16,1.82,0.74,0.74,29.39,83.53,0.73,28.3,13.3,Cascavel,PR,Sul,-24.95,-53.45
2019,17,4.14,0.73,0.73,32.16,77.39,0.73,27.58,12.99,Cascavel,PR,Sul,-24.95,-53.45
2019,18,9.52,0.73,0.76,28.66,85.08,0.76,14.96,7.25,Cascavel,PR,Sul,-24.95,-53.45
2019,19,1.42,0.74,0.74,28.85,84.09,0.69,20.46,9.8,Cascavel,PR,Sul,-24.95,-53.45
2019,20,0.13,0.73,0.71,29.61,77.95,0.59,23.27,11.0,Cascavel,PR,Sul,-24.95,-53.45
2019,21,0.55,0.72,0.7,31.77,74.03,0.66,21.75,10.35,Cascavel,PR,Sul,-24.95,-53.45
2019,22,0.45,0.71,0.69,34.35,72.84,0.46,25.06,11.87,Cascavel,PR,Sul,-24.95,-53.45
2019,23,2.22,0.7,0.69,35.06,69.79,0.58,24.18,11.48,Cascavel,PR,Sul,-24.95,-53.45
2019,24,2.95,0.7,0.7,34.01,73.65,0.49,20.51,9.85,Cascavel,PR,Sul,-24.95,-53.45
2019,25,1.91,0.7,0.68,33.28,74.92,0.48,24.0,11.31,Cascavel,PR,Sul,-24.95,-53.45
2019,26,3.57,0.69,0.69,33.44,74.69,0.55,26.29,12.31,Cascavel,PR,Sul,-24.95,-53.45
2019,27,0.33,0.69,0.67,32.37,71.57,0.96,27.84,13.0,Cascavel,PR,Sul,-24.95,-53.45
2019,28,0.3,0.68,0.65,31.72,69.65,1.12,22.77,10.76,Cascavel,PR,Sul,-24.95,-53.45
2019,29,0.27,0.68,0.64,34.63,64.54,0.88,28.78,13.39,Cascavel,PR,Sul,-24.95,-53.45
2019,30,2.17,0.67,0.65,35.57,62.1,0.69,25.12,11.73,Cascavel,PR,Sul,-24.95,-53.45
2019,31,1.86,0.67,0.65,35.23,63.14,0.63,23.1,10.92,Cascavel,PR,Sul,-24.95,-53.45
2019,32,0.05,0.67,0.64,35.33,63.95,0.54,25.41,11.92,Cascavel,PR,Sul,-24.95,-53.45
2019,33,17.0,0.67,0.7,36.65,66.36,0.61,19.75,9.4,Cascavel,PR,Sul,-24.95,-53.45
2019,34,3.36,0.69,0.72,32.11,75.98,0.64,23.66,11.13,Cascavel,PR,Sul,-24.95,-53.45
2019,35,11.55,0.69,0.72,30.61,80.08,0.6,14.92,7.19,Cascavel,PR,Sul,-24.95,-53.45
2019,36,7.27,0.71,0.75,28.76,83.25,0.64,17.97,8.54,Cascavel,PR,Sul,-24.95,-53.45
2019,37,0.17,0.7,0.69,29.74,74.97,0.6,26.62,12.34,Cascavel,PR,Sul,-24.95,-53.45
2019,38,0.68,0.69,0.68,31.74,68.8,0.63,27.04,12.47,Cascavel,PR,Sul,-24.95,-53.45
2019,39,0.09,0.68,0.66,33.17,64.14,0.62,25.53,11.77,Cascavel,PR,Sul,-24.95,-53.45
2019,40,0.06,0.68,0.64,35.14,60.27,0.63,27.03,12.51,Cascavel,PR,Sul,-24.95,-53.45
2019,41,2.21,0.67,0.66,32.89,68.41,0.62,9.15,4.62,Cascavel,PR,Sul,-24.95,-53.45
2019,42,21.18,0.68,0.76,32.34,77.33,0.8,23.14,10.92,Cascavel,PR,Sul,-24.95,-53.45
2019,43,18.17,0.73,0.82,27.83,86.76,0.69,11.79,5.91,Cascavel,PR,Sul,-24.95,-53.45
2019,44,0.53,0.72,0.71,30.87,77.92,0.79,19.32,9.15,Cascavel,PR,Sul,-24.95,-53.45
2019,45,1.53,0.71,0.7,30.39,77.8,0.8,18.1,8.4,Cascavel,PR,Sul,-24.95,-53.45
2019,46,6.82,0.71,0.73,27.97,82.88,0.93,17.51,8.44,Cascavel,PR,Sul,-24.95,-53.45
2019,47,4.66,0.71,0.71,27.87,79.96,0.43,20.37,9.51,Cascavel,PR,Sul,-24.95,-53.45
2019,48,6.88,0.72,0.75,27.0,86.62,0.5,17.69,8.26,Cascavel,PR,Sul,-24.95,-53.45
2019,49,5.43,0.72,0.74,28.35,79.52,0.7,18.0,8.54,Cascavel,PR,Sul,-24.95,-53.45
2019,50,2.53,0.72,0.72,27.61,79.75,0.7,15.73,7.53,Cascavel,PR,Sul,-24.95,-53.45
2019,51,4.98,0.71,0.73,29.36,79.02,0.44,22.72,10.65,Cascavel,PR,Sul,-24.95,-53.45
2019,52,0.69,0.71,0.7,31.49,77.21,0.49,23.77,11.16,Cascavel,PR,Sul,-24.95,-53.45
2019,53,2.03,0.7,0.69,31.74,76.7,0.66,22.92,10.76,Cascavel,PR,Sul,-24.95,-53.45
2019,54,1.93,0.7,0.68,32.43,76.01,0.76,25.03,11.83,Cascavel,PR,Sul,-24.95,-53.45
2019,55,0.36,0.69,0.67,33.26,71.95,0.93,25.72,12.08,Cascavel,PR,Sul,-24.95,-53.45
2019,56,5.04,0.69,0.69,30.63,76.35,0.86,19.99,9.48,Cascavel,PR,Sul,-24.95,-53.45
2019,57,21.25,0.72,0.8,23.25,88.34,0.72,8.23,4.23,Cascavel,PR,Sul,-24.95,-53.45
2019,58,0.45,0.72,0.71,29.25,76.44,0.52,15.24,7.38,Cascavel,PR,Sul,-24.95,-53.45
2019,59,0.0,0.71,0.69,29.44,69.99,0.76,26.31,11.89,Cascavel,PR,Sul,-24.95,-53.45
2019,60,0.0,0.7,0.67,31.43,62.09,0.62,26.84,12.17,Cascavel,PR,Sul,-24.95,-53.45
2019,61,0.0,0.69,0.66,31.91,58.36,0.7,27.75,12.57,Cascavel,PR,Sul,-24.95,-53.45
2019,62,0.0,0.68,0.65,32.62,59.83,0.61,27.48,12.66,Cascavel,PR,Sul,-24.95,-53.45
2019,63,0.0,0.67,0.64,32.84,69.68,0.84,24.58,11.41,Cascavel,PR,Sul,-24.95,-53.45
2019,64,0.03,0.67,0.64,34.38,67.67,0.6,24.49,11.39,Cascavel,PR,Sul,-24.95,-53.45
2019,65,5.25,0.67,0.67,32.61,72.14,0.8,17.48,8.33,Cascavel,PR,Sul,-24.95,-53.45
2019,66,54.02,0.73,0.9,27.04,91.16,0.89,14.71,7.06,Cascavel,PR,Sul,-24.95,-53.45
2019,67,32.59,0.78,0.91,28.37,87.7,0.94,22.24,10.53,Cascavel,PR,Sul,-24.95,-53.45
2019,68,1.43,0.79,0.82,26.72,88.2,0.53,18.81,8.97,Cascavel,PR,Sul,-24.95,-53.45
2019,69,0.3,0.77,0.78,29.47,85.02,0.54,23.29,10.92,Cascavel,PR,Sul,-24.95,-53.45
2019,70,5.52,0.76,0.79,28.46,88.42,0.73,14.66,7.09,Cascavel,PR,Sul,-24.95,-53.45
2019,71,3.79,0.76,0.79,28.83,87.5,0.69,12.32,6.03,Cascavel,PR,Sul,-24.95,-53.45
2019,72,11.97,0.77,0.82,27.78,90.36,0.59,8.82,4.44,Cascavel,PR,Sul,-24.95,-53.45
2019,73,9.54,0.78,0.83,27.18,88.67,0.53,10.38,5.16,Cascavel,PR,Sul,-24.95,-53.45
2019,74,2.36,0.78,0.8,28.07,87.24,0.53,11.84,5.8,Cascavel,PR,Sul,-24.95,-53.45
2019,75,7.05,0.78,0.81,26.44,89.81,0.76,9.05,4.57,Cascavel,PR,Sul,-24.95,-53.45
2019,76,21.04,0.79,0.87,25.94,94.31,0.68,7.1,3.66,Cascavel,PR,Sul,-24.95,-53.45
2019,77,8.69,0.81,0.85,26.86,91.93,0.83,13.09,6.35,Cascavel,PR,Sul,-24.95,-53.45
2019,78,0.36,0.8,0.81,28.8,86.14,0.48,8.99,4.36,Cascavel,PR,Sul,-24.95,-53.45
2019,79,3.13,0.8,0.81,25.64,88.81,0.66,3.47,1.85,Cascavel,PR,Sul,-24.95,-53.45
2019,80,0.91,0.79,0.8,26.93,83.59,0.7,18.89,8.72,Cascavel,PR,Sul,-24.95,-53.45
2019,81,0.21,0.78,0.79,26.92,80.6,0.68,22.82,10.58,Cascavel,PR,Sul,-24.95,-53.45
2019,82,0.0,0.77,0.78,27.93,79.82,0.72,23.88,11.1,Cascavel,PR,Sul,-24.95,-53.45
2019,83,0.14,0.76,0.77,28.75,81.51,0.59,23.6,10.98,Cascavel,PR,Sul,-24.95,-53.45
2019,84,0.02,0.76,0.76,28.68,81.25,0.56,23.14,10.62,Cascavel,PR,Sul,-24.95,-53.45
2019,85,0.0,0.75,0.75,29.2,75.39,0.6,24.06,10.99,Cascavel,PR,Sul,-24.95,-53.45
2019,86,0.0,0.74,0.74,30.02,75.89,0.54,23.17,10.71,Cascavel,PR,Sul,-24.95,-53.45
2019,87,0.03,0.73,0.73,30.02,77.85,0.64,22.84,10.66,Cascavel,PR,Sul,-24.95,-53.45
2019,88,0.01,0.73,0.72,29.97,75.31,0.63,22.46,10.52,Cascavel,PR,Sul,-24.95,-53.45
2019,89,0.0,0.72,0.71,30.19,73.58,0.69,22.31,10.41,Cascavel,PR,Sul,-24.95,-53.45
2019,90,0.0,0.72,0.71,28.59,76.59,0.65,16.08,7.55,Cascavel,PR,Sul,-24.95,-53.45
2019,91,0.0,0.71,0.7,31.12,73.62,0.75,17.86,8.27,Cascavel,PR,Sul,-24.95,-53.45
2019,92,4.11,0.71,0.72,25.82,85.57,0.59,6.66,3.36,Cascavel,PR,Sul,-24.95,-53.45
2019,93,0.47,0.71,0.71,28.83,85.06,0.62,13.58,6.45,Cascavel,PR,Sul,-24.95,-53.45
2019,94,14.09,0.72,0.76,27.57,88.6,0.76,14.18,6.72,Cascavel,PR,Sul,-24.95,-53.45
2019,95,20.3,0.76,0.86,26.89,91.05,0.88,6.49,3.25,Cascavel,PR,Sul,-24.95,-53.45
2019,96,4.07,0.77,0.8,21.28,91.28,0.64,7.22,3.65,Cascavel,PR,Sul,-24.95,-53.45
2019,97,0.05,0.76,0.77,24.58,86.73,0.57,9.3,4.55,Cascavel,PR,Sul,-24.95,-53.45
2019,98,0.01,0.75,0.76,26.12,85.32,0.56,20.9,9.42,Cascavel,PR,Sul,-24.95,-53.45
2019,99,0.0,0.74,0.75,28.03,82.42,0.64,19.73,9.04,Cascavel,PR,Sul,-24.95,-53.45
2019,100,0.0,0.74,0.74,27.29,77.76,0.7,19.89,9.14,Cascavel,PR,Sul,-24.95,-53.45
2019,101,0.0,0.73,0.73,28.34,78.05,0.54,21.16,9.74,Cascavel,PR,Sul,-24.95,-53.45
2019,102,0.0,0.72,0.72,28.33,76.4,0.55,20.15,9.25,Cascavel,PR,Sul,-24.95,-53.45
2019,103,0.01,0.72,0.71,28.65,77.63,0.5,17.15,7.91,Cascavel,PR,Sul,-24.95,-53.45
2019,104,1.48,0.71,0.71,29.36,82.77,0.56,13.33,6.23,Cascavel,PR,Sul,-24.95,-53.45
2019,105,0.08,0.71,0.7,29.7,78.14,0.59,19.01,8.84,Cascavel,PR,Sul,-24.95,-53.45
2019,106,0.44,0.71,0.69,29.03,79.69,0.68,16.65,7.78,Cascavel,PR,Sul,-24.95,-53.45
2019,107,0.09,0.7,0.69,26.82,75.03,0.72,20.23,9.07,Cascavel,PR,Sul,-24.95,-53.45
2019,108,0.0,0.7,0.68,28.39,66.1,0.75,19.76,8.88,Cascavel,PR,Sul,-24.95,-53.45
2019,109,0.0,0.69,0.67,30.81,64.59,0.69,20.2,9.23,Cascavel,PR,Sul,-24.95,-53.45
2019,110,9.81,0.69,0.71,30.72,72.88,0.77,13.11,6.17,Cascavel,PR,Sul,-24.95,-53.45
2019,111,15.8,0.72,0.8,26.15,90.26,0.6,6.78,3.4,Cascavel,PR,Sul,-24.95,-53.45
2019,112,0.45,0.73,0.75,26.72,87.55,0.38,11.82,5.58,Cascavel,PR,Sul,-24.95,-53.45
2019,113,0.03,0.73,0.72,28.98,81.94,0.47,15.82,7.37,Cascavel,PR,Sul,-24.95,-53.45
2019,114,0.0,0.72,0.71,28.1,83.45,0.56,18.89,8.75,Cascavel,PR,Sul,-24.95,-53.45
2019,115,0.24,0.71,0.7,30.02,79.33,0.62,16.05,7.52,Cascavel,PR,Sul,-24.95,-53.45
2019,116,0.94,0.71,0.7,29.39,79.22,0.6,14.34,6.79,Cascavel,PR,Sul,-24.95,-53.45
2019,117,23.7,0.72,0.8,27.48,86.89,0.61,11.86,5.65,Cascavel,PR,Sul,-24.95,-53.45
2019,118,15.72,0.76,0.84,23.51,88.33,0.86,9.97,4.76,Cascavel,PR,Sul,-24.95,-53.45
2019,119,0.04,0.75,0.76,24.85,81.81,0.48,17.45,7.77,Cascavel,PR,Sul,-24.95,-53.45
2019,120,4.74,0.75,0.76,26.37,85.48,0.6,13.56,6.26,Cascavel,PR,Sul,-24.95,-53.45
2019,121,7.23,0.75,0.81,22.87,96.69,0.69,5.72,2.82,Cascavel,PR,Sul,-24.95,-53.45
2019,122,0.68,0.76,0.77,26.59,87.25,0.59,11.68,5.45,Cascavel,PR,Sul,-24.95,-53.45
2019,123,0.7,0.75,0.75,27.99,87.94,0.79,10.11,4.78,Cascavel,PR,Sul,-24.95,-53.45
2019,124,1.45,0.75,0.76,27.28,87.4,0.75,14.82,7.02,Cascavel,PR,Sul,-24.95,-53.45
2019,125,0.15,0.74,0.74,29.09,82.71,0.79,15.87,7.41,Cascavel,PR,Sul,-24.95,-53.45
2019,126,9.03,0.74,0.78,27.3,89.66,0.51,11.83,5.57,Cascavel,PR,Sul,-24.95,-53.45
2019,127,0.69,0.75,0.76,28.27,85.5,0.49,16.44,7.7,Cascavel,PR,Sul,-24.95,-53.45
2019,128,11.54,0.75,0.8,26.5,89.53,0.67,15.18,7.09,Cascavel,PR,Sul,-24.95,-53.45
2019,129,2.56,0.76,0.78,26.77,85.15,0.83,11.54,5.5,Cascavel,PR,Sul,-24.95,-53.45
2019,130,11.69,0.76,0.8,27.32,87.08,0.94,13.82,6.49,Cascavel,PR,Sul,-24.95,-53.45
2019,131,42.17,0.8,0.94,24.03,96.75,0.9,1.37,0.77,Cascavel,PR,Sul,-24.95,-53.45
2019,132,5.92,0.82,0.86,22.21,93.63,0.39,7.92,3.82,Cascavel,PR,Sul,-24.95,-53.45
2019,133,0.71,0.82,0.83,19.14,89.1,0.59,5.25,2.62,Cascavel,PR,Sul,-24.95,-53.45
2019,134,0.18,0.8,0.81,18.48,87.1,0.77,7.97,3.7,Cascavel,PR,Sul,-24.95,-53.45
2019,135,0.01,0.8,0.8,22.53,84.94,0.63,16.07,7.33,Cascavel,PR,Sul,-24.95,-53.45
2019,136,0.13,0.79,0.8,22.43,85.51,0.67,12.47,5.75,Cascavel,PR,Sul,-24.95,-53.45
2019,137,0.0,0.79,0.79,23.98,85.14,0.8,14.76,6.81,Cascavel,PR,Sul,-24.95,-53.45
2019,138,0.0,0.78,0.79,24.52,81.29,0.72,16.15,7.38,Cascavel,PR,Sul,-24.95,-53.45
2019,139,0.0,0.78,0.78,24.81,80.78,0.64,15.49,7.07,Cascavel,PR,Sul,-24.95,-53.45
2019,140,0.01,0.77,0.78,25.31,82.02,0.65,16.2,7.41,Cascavel,PR,Sul,-24.95,-53.45
2019,141,0.4,0.76,0.77,24.33,82.21,0.76,12.48,5.72,Cascavel,PR,Sul,-24.95,-53.45
2019,142,5.74,0.76,0.79,21.62,92.17,0.52,8.51,3.94,Cascavel,PR,Sul,-24.95,-53.45
2019,143,27.79,0.79,0.9,17.67,97.08,0.52,2.04,1.07,Cascavel,PR,Sul,-24.95,-53.45
2019,144,3.85,0.82,0.84,16.18,91.03,0.84,9.49,4.38,Cascavel,PR,Sul,-24.95,-53.45
2019,145,0.06,0.81,0.81,21.05,86.3,0.4,15.14,6.79,Cascavel,PR,Sul,-24.95,-53.45
2019,146,0.02,0.8,0.8,21.67,83.79,0.87,12.54,5.72,Cascavel,PR,Sul,-24.95,-53.45
2019,147,3.8,0.79,0.8,24.9,79.74,0.99,13.75,6.36,Cascavel,PR,Sul,-24.95,-53.45
2019,148,50.36,0.82,0.94,22.91,97.38,0.68,3.38,1.75,Cascavel,PR,Sul,-24.95,-53.45
2019,149,2.99,0.84,0.86,24.27,94.08,0.49,9.84,4.62,Cascavel,PR,Sul,-24.95,-53.45
2019,150,31.08,0.84,0.91,26.54,93.56,0.65,8.91,4.23,Cascavel,PR,Sul,-24.95,-53.45
2019,151,37.66,0.88,0.94,22.44,95.94,0.6,7.84,3.77,Cascavel,PR,Sul,-24.95,-53.45
2019,152,8.7,0.88,0.9,21.23,94.75,0.44,6.31,2.99,Cascavel,PR,Sul,-24.95,-53.45
2019,153,0.55,0.88,0.87,23.52,92.01,0.39,8.0,3.62,Cascavel,PR,Sul,-24.95,-53.45
2019,154,0.08,0.87,0.86,22.57,90.37,0.57,12.76,5.71,Cascavel,PR,Sul,-24.95,-53.45
2019,155,0.01,0.86,0.86,20.13,80.26,0.61,16.26,6.99,Cascavel,PR,Sul,-24.95,-53.45
2019,156,0.0,0.85,0.85,18.66,82.9,0.86,16.22,7.11,Cascavel,PR,Sul,-24.95,-53.45
2019,157,0.0,0.85,0.85,21.02,87.06,0.95,15.76,7.05,Cascavel,PR,Sul,-24.95,-53.45
2019,158,0.0,0.84,0.84,23.06,81.1,0.67,15.96,7.03,Cascavel,PR,Sul,-24.95,-53.45
2019,159,0.0,0.84,0.84,24.03,81.9,0.68,13.9,6.24,Cascavel,PR,Sul,-24.95,-53.45
2019,160,0.0,0.83,0.83,23.26,78.89,0.78,14.39,6.49,Cascavel,PR,Sul,-24.95,-53.45
2019,161,0.0,0.83,0.83,22.15,87.26,0.82,15.08,6.72,Cascavel,PR,Sul,-24.95,-53.45
2019,162,0.0,0.82,0.83,24.23,86.57,0.69,14.59,6.54,Cascavel,PR,Sul,-24.95,-53.45
2019,163,0.0,0.82,0.82,24.73,86.22,0.84,13.68,6.23,Cascavel,PR,Sul,-24.95,-53.45
2019,164,0.0,0.82,0.82,23.98,87.39,0.79,13.95,6.29,Cascavel,PR,Sul,-24.95,-53.45
2019,165,0.0,0.81,0.82,25.63,86.27,0.73,11.36,5.21,Cascavel,PR,Sul,-24.95,-53.45
2019,166,0.0,0.81,0.81,25.06,87.05,0.72,12.13,5.5,Cascavel,PR,Sul,-24.95,-53.45
2019,167,0.0,0.8,0.81,25.28,84.14,0.72,13.72,6.23,Cascavel,PR,Sul,-24.95,-53.45
2019,168,0.0,0.8,0.8,24.52,82.86,0.64,15.04,6.75,Cascavel,PR,Sul,-24.95,-53.45
2019,169,0.02,0.8,0.8,23.54,86.68,0.72,11.58,5.18,Cascavel,PR,Sul,-24.95,-53.45
2019,170,0.0,0.79,0.8,24.14,87.52,0.56,10.87,4.91,Cascavel,PR,Sul,-24.95,-53.45
2019,171,0.0,0.79,0.8,24.34,85.14,0.53,13.16,5.89,Cascavel,PR,Sul,-24.95,-53.45
2019,172,0.0,0.79,0.79,24.74,88.88,0.73,14.61,6.61,Cascavel,PR,Sul,-24.95,-53.45
2019,173,0.0,0.78,0.79,24.21,87.83,0.68,13.56,6.1,Cascavel,PR,Sul,-24.95,-53.45
2019,174,0.0,0.78,0.79,23.71,84.41,0.78,15.14,6.72,Cascavel,PR,Sul,-24.95,-53.45
2019,175,0.0,0.77,0.78,23.59,80.63,0.81,15.38,6.8,Cascavel,PR,Sul,-24.95,-53.45
2019,176,1.69,0.77,0.78,23.66,78.06,0.81,14.41,6.38,Cascavel,PR,Sul,-24.95,-53.45
2019,177,12.28,0.79,0.85,16.4,93.89,0.69,2.98,1.51,Cascavel,PR,Sul,-24.95,-53.45
2019,178,1.53,0.79,0.8,21.63,92.03,0.76,3.24,1.62,Cascavel,PR,Sul,-24.95,-53.45
2019,179,0.14,0.79,0.79,24.96,84.96,1.14,14.07,6.42,Cascavel,PR,Sul,-24.95,-53.45
2019,180,0.02,0.78,0.78,25.51,82.12,0.93,14.66,6.71,Cascavel,PR,Sul,-24.95,-53.45
2019,181,0.06,0.77,0.78,25.52,83.87,0.8,13.82,6.33,Cascavel,PR,Sul,-24.95,-53.45
2019,182,2.12,0.77,0.79,21.77,92.41,0.61,8.08,3.72,Cascavel,PR,Sul,-24.95,-53.45
2019,183,0.1,0.77,0.78,22.4,88.52,0.66,7.65,3.56,Cascavel,PR,Sul,-24.95,-53.45
2019,184,0.25,0.77,0.78,19.48,91.44,0.62,3.86,1.86,Cascavel,PR,Sul,-24.95,-53.45
2019,185,0.0,0.77,0.77,18.17,70.35,0.76,12.79,5.54,Cascavel,PR,Sul,-24.95,-53.45
2019,186,0.01,0.76,0.76,13.07,66.06,1.02,16.09,6.95,Cascavel,PR,Sul,-24.95,-53.45
2019,187,0.13,0.76,0.76,11.71,73.24,0.82,16.84,7.11,Cascavel,PR,Sul,-24.95,-53.45
2019,188,0.09,0.76,0.76,16.35,71.58,0.63,16.56,6.99,Cascavel,PR,Sul,-24.95,-53.45
2019,189,0.0,0.75,0.76,18.66,77.11,0.83,16.34,7.03,Cascavel,PR,Sul,-24.95,-53.45
2019,190,0.0,0.75,0.75,21.23,81.74,0.77,16.23,7.02,Cascavel,PR,Sul,-24.95,-53.45
2019,191,0.04,0.75,0.75,23.3,80.03,0.72,15.66,6.87,Cascavel,PR,Sul,-24.95,-53.45
2019,192,0.05,0.74,0.74,24.51,76.28,0.69,15.91,7.02,Cascavel,PR,Sul,-24.95,-53.45
2019,193,0.0,0.74,0.73,24.11,74.49,0.75,14.76,6.51,Cascavel,PR,Sul,-24.95,-53.45
2019,194,0.01,0.73,0.73,25.12,71.73,0.71,10.18,4.53,Cascavel,PR,Sul,-24.95,-53.45
2019,195,1.42,0.73,0.73,26.14,77.71,0.67,13.28,5.96,Cascavel,PR,Sul,-24.95,-53.45
2019,196,21.67,0.76,0.84,19.66,97.0,0.51,1.94,1.0,Cascavel,PR,Sul,-24.95,-53.45
2019,197,0.01,0.76,0.77,17.26,77.88,0.76,15.3,6.55,Cascavel,PR,Sul,-24.95,-53.45
2019,198,0.0,0.76,0.76,17.11,76.36,0.72,16.63,7.14,Cascavel,PR,Sul,-24.95,-53.45
2019,199,0.03,0.75,0.75,18.96,81.33,0.82,10.0,4.46,Cascavel,PR,Sul,-24.95,-53.45
2019,200,0.05,0.75,0.75,20.68,82.97,0.81,6.23,2.95,Cascavel,PR,Sul,-24.95,-53.45
2019,201,0.12,0.75,0.74,24.34,79.66,0.88,13.05,5.92,Cascavel,PR,Sul,-24.95,-53.45
2019,202,0.0,0.74,0.73,22.21,75.62,1.01,10.16,4.61,Cascavel,PR,Sul,-24.95,-53.45
2019,203,0.0,0.74,0.73,25.28,72.68,1.13,15.4,6.96,Cascavel,PR,Sul,-24.95,-53.45
2019,204,0.0,0.73,0.72,26.02,78.15,0.92,14.77,6.68,Cascavel,PR,Sul,-24.95,-53.45
2019,205,0.01,0.73,0.72,25.29,80.21,0.5,13.32,6.01,Cascavel,PR,Sul,-24.95,-53.45
2019,206,0.19,0.73,0.72,22.84,88.11,0.56,10.36,4.76,Cascavel,PR,Sul,-24.95,-53.45
2019,207,0.3,0.72,0.72,17.61,87.29,0.59,7.61,3.56,Cascavel,PR,Sul,-24.95,-53.45
2019,208,0.03,0.72,0.72,19.22,82.35,0.6,13.22,5.89,Cascavel,PR,Sul,-24.95,-53.45
2019,209,0.02,0.72,0.71,24.84,78.96,0.59,15.42,6.94,Cascavel,PR,Sul,-24.95,-53.45
2019,210,2.46,0.72,0.71,24.74,77.52,0.8,15.2,6.83,Cascavel,PR,Sul,-24.95,-53.45
2019,211,3.64,0.72,0.74,25.35,79.03,0.64,14.45,6.49,Cascavel,PR,Sul,-24.95,-53.45
2019,212,0.01,0.72,0.71,26.45,74.82,0.69,17.35,7.77,Cascavel,PR,Sul,-24.95,-53.45
2019,213,0.0,0.71,0.7,27.23,69.19,0.89,17.82,7.87,Cascavel,PR,Sul,-24.95,-53.45
2019,214,0.29,0.71,0.7,17.32,78.29,1.32,10.88,4.86,Cascavel,PR,Sul,-24.95,-53.45
2019,215,0.0,0.71,0.7,15.6,69.22,0.88,19.16,8.17,Cascavel,PR,Sul,-24.95,-53.45
2019,216,0.0,0.71,0.7,19.52,64.05,0.56,19.09,8.15,Cascavel,PR,Sul,-24.95,-53.45
2019,217,0.0,0.71,0.69,20.79,75.84,0.85,16.86,7.43,Cascavel,PR,Sul,-24.95,-53.45
2019,218,0.0,0.7,0.69,24.46,77.04,1.05,17.53,7.98,Cascavel,PR,Sul,-24.95,-53.45
2019,219,0.01,0.7,0.68,27.36,75.6,0.87,16.94,7.66,Cascavel,PR,Sul,-24.95,-53.45
2019,220,0.1,0.7,0.67,29.06,68.8,0.92,16.82,7.64,Cascavel,PR,Sul,-24.95,-53.45
2019,221,0.02,0.69,0.67,29.22,67.37,0.95,15.0,6.75,Cascavel,PR,Sul,-24.95,-53.45
2019,222,0.36,0.69,0.67,20.36,76.7,0.74,7.36,3.37,Cascavel,PR,Sul,-24.95,-53.45
2019,223,0.0,0.69,0.67,28.09,70.82,0.72,17.46,7.81,Cascavel,PR,Sul,-24.95,-53.45
2019,224,0.0,0.68,0.66,30.05,67.92,0.84,16.58,7.53,Cascavel,PR,Sul,-24.95,-53.45
2019,225,0.14,0.68,0.66,20.42,59.49,1.39,12.61,5.49,Cascavel,PR,Sul,-24.95,-53.45
2019,226,0.0,0.68,0.66,21.26,58.1,0.86,19.74,8.3,Cascavel,PR,Sul,-24.95,-53.45
2019,227,0.05,0.67,0.65,24.33,66.17,0.96,17.54,7.66,Cascavel,PR,Sul,-24.95,-53.45
2019,228,0.01,0.67,0.65,28.17,66.53,0.91,17.47,7.77,Cascavel,PR,Sul,-24.95,-53.45
2019,229,0.0,0.67,0.64,29.33,59.54,0.95,17.88,7.85,Cascavel,PR,Sul,-24.95,-53.45
2019,230,2.9,0.67,0.66,24.13,77.33,0.62,6.92,2.98,Cascavel,PR,Sul,-24.95,-53.45
2019,231,0.57,0.67,0.66,22.02,79.39,0.97,11.64,4.97,Cascavel,PR,Sul,-24.95,-53.45
2019,232,0.0,0.67,0.65,26.15,70.52,0.53,15.26,6.77,Cascavel,PR,Sul,-24.95,-53.45
2019,233,0.0,0.67,0.65,26.54,68.03,0.61,17.71,7.81,Cascavel,PR,Sul,-24.95,-53.45
2019,234,1.63,0.66,0.65,27.49,71.24,0.79,18.57,8.24,Cascavel,PR,Sul,-24.95,-53.45
2019,235,0.04,0.66,0.65,24.89,70.84,0.64,20.17,8.79,Cascavel,PR,Sul,-24.95,-53.45
2019,236,0.01,0.66,0.64,26.46,66.8,0.76,20.48,9.09,Cascavel,PR,Sul,-24.95,-53.45
2019,237,0.0,0.66,0.63,27.33,61.69,0.96,21.28,9.34,Cascavel,PR,Sul,-24.95,-53.45
2019,238,0.03,0.65,0.63,28.26,65.44,0.81,17.96,7.92,Cascavel,PR,Sul,-24.95,-53.45
2019,239,0.0,0.65,0.63,30.31,63.77,0.71,14.15,6.19,Cascavel,PR,Sul,-24.95,-53.45
2019,240,0.0,0.65,0.62,30.53,64.03,0.82,19.52,8.68,Cascavel,PR,Sul,-24.95,-53.45
2019,241,0.0,0.65,0.62,31.04,60.23,0.9,20.14,9.01,Cascavel,PR,Sul,-24.95,-53.45
2019,242,0.06,0.64,0.61,32.42,54.22,0.99,19.4,8.72,Cascavel,PR,Sul,-24.95,-53.45
2019,243,10.87,0.65,0.69,26.75,79.26,0.86,3.21,1.63,Cascavel,PR,Sul,-24.95,-53.45
2019,244,12.8,0.68,0.75,18.72,86.57,0.9,4.19,2.1,Cascavel,PR,Sul,-24.95,-53.45
2019,245,0.02,0.68,0.67,25.17,70.67,0.51,17.89,7.79,Cascavel,PR,Sul,-24.95,-53.45
2019,246,0.0,0.67,0.66,26.39,66.18,0.65,12.1,5.38,Cascavel,PR,Sul,-24.95,-53.45
2019,247,0.0,0.67,0.65,21.27,62.66,0.72,12.2,5.45,Cascavel,PR,Sul,-24.95,-53.45
2019,248,0.12,0.67,0.65,26.83,73.18,0.52,9.37,4.32,Cascavel,PR,Sul,-24.95,-53.45
2019,249,0.01,0.66,0.65,23.86,72.55,1.12,13.96,6.53,Cascavel,PR,Sul,-24.95,-53.45
2019,250,0.0,0.66,0.64,33.15,61.41,1.31,17.82,8.11,Cascavel,PR,Sul,-24.95,-53.45
2019,251,0.0,0.66,0.62,34.75,52.72,1.17,19.82,8.88,Cascavel,PR,Sul,-24.95,-53.45
2019,252,0.0,0.65,0.61,35.51,49.95,1.3,21.86,9.87,Cascavel,PR,Sul,-24.95,-53.45
2019,253,0.0,0.64,0.61,34.2,54.82,0.99,16.68,7.29,Cascavel,PR,Sul,-24.95,-53.45
2019,254,0.0,0.64,0.6,35.5,57.72,0.93,15.53,6.66,Cascavel,PR,Sul,-24.95,-53.45
2019,255,2.79,0.64,0.63,23.16,81.16,0.91,9.91,4.35,Cascavel,PR,Sul,-24.95,-53.45
2019,256,0.06,0.64,0.63,26.86,73.76,0.69,16.62,7.45,Cascavel,PR,Sul,-24.95,-53.45
2019,257,0.01,0.64,0.61,33.94,63.18,0.88,20.35,9.15,Cascavel,PR,Sul,-24.95,-53.45
2019,258,0.0,0.64,0.6,35.35,55.69,1.12,20.69,9.38,Cascavel,PR,Sul,-24.95,-53.45
2019,259,0.0,0.63,0.59,37.55,50.0,1.05,20.53,9.11,Cascavel,PR,Sul,-24.95,-53.45
2019,260,0.0,0.63,0.58,33.72,57.12,0.83,17.7,7.37,Cascavel,PR,Sul,-24.95,-53.45
2019,261,0.62,0.63,0.59,24.62,76.13,0.77,9.61,4.15,Cascavel,PR,Sul,-24.95,-53.45
2019,262,5.2,0.63,0.62,31.32,77.63,1.06,9.66,4.04,Cascavel,PR,Sul,-24.95,-53.45
2019,263,1.68,0.64,0.65,24.83,80.18,0.83,8.97,3.87,Cascavel,PR,Sul,-24.95,-53.45
2019,264,0.02,0.64,0.61,30.34,59.72,0.84,15.77,6.94,Cascavel,PR,Sul,-24.95,-53.45
2019,265,0.0,0.63,0.59,29.32,54.98,0.93,24.68,10.83,Cascavel,PR,Sul,-24.95,-53.45
2019,266,0.0,0.63,0.58,29.0,54.92,1.03,25.07,10.98,Cascavel,PR,Sul,-24.95,-53.45
2019,267,0.07,0.63,0.56,31.67,58.09,0.65,18.13,8.2,Cascavel,PR,Sul,-24.95,-53.45
2019,268,0.04,0.63,0.55,25.74,72.7,0.6,8.91,4.32,Cascavel,PR,Sul,-24.95,-53.45
2019,269,0.0,0.62,0.54,30.73,59.34,0.65,22.2,10.08,Cascavel,PR,Sul,-24.95,-53.45
2019,270,0.0,0.62,0.52,32.9,51.45,0.53,25.99,11.65,Cascavel,PR,Sul,-24.95,-53.45
2019,271,0.0,0.62,0.51,31.5,50.28,1.0,25.53,11.6,Cascavel,PR,Sul,-24.95,-53.45
2019,272,0.0,0.62,0.5,33.97,43.95,0.72,25.37,11.37,Cascavel,PR,Sul,-24.95,-53.45
2019,273,0.0,0.62,0.48,34.99,39.47,1.12,25.83,11.39,Cascavel,PR,Sul,-24.95,-53.45
2019,274,0.0,0.61,0.46,37.28,38.92,1.28,23.67,10.76,Cascavel,PR,Sul,-24.95,-53.45
2019,275,15.44,0.62,0.58,32.64,59.08,1.03,17.81,8.22,Cascavel,PR,Sul,-24.95,-53.45
2019,276,1.59,0.64,0.65,33.12,70.94,0.67,17.9,8.41,Cascavel,PR,Sul,-24.95,-53.45
2019,277,0.02,0.64,0.61,34.62,63.41,0.74,23.54,11.02,Cascavel,PR,Sul,-24.95,-53.45
2019,278,6.23,0.64,0.63,30.12,75.19,0.83,11.83,5.74,Cascavel,PR,Sul,-24.95,-53.45
2019,279,4.27,0.65,0.68,26.38,76.15,1.03,6.13,3.17,Cascavel,PR,Sul,-24.95,-53.45
2019,280,0.04,0.65,0.63,28.96,71.16,0.44,16.45,7.71,Cascavel,PR,Sul,-24.95,-53.45
2019,281,0.0,0.64,0.62,29.38,66.73,0.61,21.76,9.83,Cascavel,PR,Sul,-24.95,-53.45
2019,282,0.0,0.64,0.61,33.74,59.64,0.61,27.39,12.36,Cascavel,PR,Sul,-24.95,-53.45
2019,283,0.0,0.63,0.6,35.01,52.59,0.93,27.21,12.32,Cascavel,PR,Sul,-24.95,-53.45
2019,284,0.0,0.63,0.58,36.52,50.99,0.94,26.31,12.11,Cascavel,PR,Sul,-24.95,-53.45
2019,285,0.09,0.62,0.56,37.79,50.26,1.07,25.37,11.66,Cascavel,PR,Sul,-24.95,-53.45
2019,286,1.14,0.62,0.55,38.37,52.99,0.74,24.05,11.16,Cascavel,PR,Sul,-24.95,-53.45
2019,287,0.57,0.62,0.54,36.2,61.18,0.65,17.2,8.26,Cascavel,PR,Sul,-24.95,-53.45
2019,288,1.48,0.62,0.54,33.21,65.66,0.66,12.85,5.94,Cascavel,PR,Sul,-24.95,-53.45
2019,289,0.04,0.62,0.53,34.0,59.65,0.55,22.3,10.28,Cascavel,PR,Sul,-24.95,-53.45
2019,290,0.02,0.62,0.51,35.6,60.95,0.85,16.65,7.93,Cascavel,PR,Sul,-24.95,-53.45
2019,291,4.55,0.62,0.53,35.86,67.53,0.78,17.66,8.22,Cascavel,PR,Sul,-24.95,-53.45
2019,292,0.29,0.62,0.58,34.63,65.04,0.88,23.18,10.69,Cascavel,PR,Sul,-24.95,-53.45
2019,293,9.83,0.62,0.61,30.97,71.96,0.67,13.29,6.44,Cascavel,PR,Sul,-24.95,-53.45
2019,294,20.14,0.67,0.76,28.13,75.65,1.02,9.74,4.87,Cascavel,PR,Sul,-24.95,-53.45
2019,295,0.15,0.66,0.64,26.92,66.58,0.94,28.54,12.73,Cascavel,PR,Sul,-24.95,-53.45
2019,296,0.0,0.65,0.62,31.61,60.96,0.74,28.99,13.07,Cascavel,PR,Sul,-24.95,-53.45
2019,297,0.0,0.65,0.61,33.51,55.81,0.7,28.69,13.03,Cascavel,PR,Sul,-24.95,-53.45
2019,298,0.0,0.64,0.6,35.33,55.22,0.81,25.73,11.83,Cascavel,PR,Sul,-24.95,-53.45
2019,299,0.11,0.64,0.6,36.2,58.29,0.91,23.58,10.86,Cascavel,PR,Sul,-24.95,-53.45
2019,300,15.54,0.64,0.7,35.21,63.09,1.13,25.13,11.65,Cascavel,PR,Sul,-24.95,-53.45
2019,301,10.84,0.66,0.72,34.73,66.69,1.11,20.87,9.78,Cascavel,PR,Sul,-24.95,-53.45
2019,302,0.07,0.66,0.64,36.07,62.5,1.04,26.45,12.05,Cascavel,PR,Sul,-24.95,-53.45
2019,303,0.05,0.65,0.61,38.17,57.3,0.94,28.58,13.18,Cascavel,PR,Sul,-24.95,-53.45
2019,304,26.08,0.66,0.72,35.41,68.87,0.87,15.94,7.46,Cascavel,PR,Sul,-24.95,-53.45
2019,305,1.07,0.68,0.69,31.92,72.31,0.78,17.49,8.07,Cascavel,PR,Sul,-24.95,-53.45
2019,306,0.17,0.67,0.64,35.68,61.77,0.88,28.47,13.16,Cascavel,PR,Sul,-24.95,-53.45
2019,307,1.18,0.66,0.63,35.74,64.28,0.77,17.29,8.15,Cascavel,PR,Sul,-24.95,-53.45
2019,308,2.27,0.66,0.64,35.56,63.14,0.96,24.31,11.43,Cascavel,PR,Sul,-24.95,-53.45
2019,309,6.74,0.66,0.68,29.6,79.31,0.69,12.53,6.05,Cascavel,PR,Sul,-24.95,-53.45
2019,310,0.82,0.67,0.65,30.86,77.2,0.71,11.51,5.62,Cascavel,PR,Sul,-24.95,-53.45
2019,311,2.33,0.67,0.66,27.99,80.25,0.75,13.2,6.37,Cascavel,PR,Sul,-24.95,-53.45
2019,312,14.29,0.67,0.7,29.62,81.35,0.54,16.74,7.89,Cascavel,PR,Sul,-24.95,-53.45
2019,313,22.55,0.7,0.81,30.82,81.45,0.71,24.17,11.32,Cascavel,PR,Sul,-24.95,-53.45
2019,314,12.0,0.73,0.8,28.76,86.39,0.52,17.3,8.22,Cascavel,PR,Sul,-24.95,-53.45
2019,315,0.18,0.72,0.71,32.02,76.6,0.63,26.82,12.5,Cascavel,PR,Sul,-24.95,-53.45
2019,316,0.0,0.71,0.68,31.69,70.81,0.85,30.06,13.9,Cascavel,PR,Sul,-24.95,-53.45
2019,317,14.58,0.7,0.72,28.3,78.46,0.82,17.19,8.21,Cascavel,PR,Sul,-24.95,-53.45
2019,318,23.02,0.75,0.85,26.01,88.56,0.93,11.93,5.91,Cascavel,PR,Sul,-24.95,-53.45
2019,319,0.17,0.73,0.73,28.47,75.35,0.78,30.02,13.58,Cascavel,PR,Sul,-24.95,-53.45
2019,320,0.01,0.72,0.71,30.45,69.1,0.52,29.85,13.41,Cascavel,PR,Sul,-24.95,-53.45
2019,321,0.0,0.71,0.69,32.08,67.39,0.61,28.8,13.09,Cascavel,PR,Sul,-24.95,-53.45
2019,322,0.0,0.7,0.67,32.95,64.51,0.61,29.16,13.41,Cascavel,PR,Sul,-24.95,-53.45
2019,323,0.0,0.69,0.66,33.46,61.91,0.66,29.67,13.66,Cascavel,PR,Sul,-24.95,-53.45
2019,324,0.0,0.68,0.65,34.92,59.98,0.61,29.75,13.63,Cascavel,PR,Sul,-24.95,-53.45
2019,325,0.0,0.68,0.64,35.18,58.16,0.68,29.33,13.53,Cascavel,PR,Sul,-24.95,-53.45
2019,326,0.58,0.67,0.64,35.33,60.21,0.76,27.76,12.89,Cascavel,PR,Sul,-24.95,-53.45
2019,327,0.16,0.67,0.63,34.43,59.92,0.76,25.85,12.04,Cascavel,PR,Sul,-24.95,-53.45
2019,328,0.03,0.66,0.62,32.96,62.94,0.84,24.53,11.35,Cascavel,PR,Sul,-24.95,-53.45
2019,329,0.24,0.66,0.62,32.81,61.47,1.02,30.39,14.0,Cascavel,PR,Sul,-24.95,-53.45
2019,330,18.13,0.67,0.72,31.79,71.41,1.18,14.02,6.77,Cascavel,PR,Sul,-24.95,-53.45
2019,331,37.63,0.73,0.86,23.18,92.82,0.73,7.43,3.81,Cascavel,PR,Sul,-24.95,-53.45
2019,332,0.21,0.73,0.73,31.04,78.09,0.65,21.87,10.21,Cascavel,PR,Sul,-24.95,-53.45
2019,333,0.0,0.71,0.7,31.03,71.46,0.82,30.54,14.08,Cascavel,PR,Sul,-24.95,-53.45
2019,334,3.57,0.7,0.7,32.4,71.03,0.59,28.31,13.22,Cascavel,PR,Sul,-24.95,-53.45
2019,335,0.27,0.7,0.68,30.9,73.05,0.83,25.07,11.62,Cascavel,PR,Sul,-24.95,-53.45
2019,336,0.0,0.69,0.66,33.35,63.69,0.68,27.66,12.54,Cascavel,PR,Sul,-24.95,-53.45
2019,337,10.32,0.69,0.71,30.5,73.21,0.76,14.42,6.95,Cascavel,PR,Sul,-24.95,-53.45
2019,338,20.53,0.71,0.78,29.47,85.79,0.8,8.54,4.33,Cascavel,PR,Sul,-24.95,-53.45
2019,339,14.47,0.75,0.83,25.2,87.6,0.86,15.23,7.34,Cascavel,PR,Sul,-24.95,-53.45
2019,340,0.0,0.73,0.73,26.4,70.63,0.78,33.25,14.75,Cascavel,PR,Sul,-24.95,-53.45
2019,341,0.0,0.72,0.71,29.32,64.82,0.7,33.21,14.74,Cascavel,PR,Sul,-24.95,-53.45
2019,342,26.13,0.72,0.79,29.62,71.76,0.67,12.19,5.91,Cascavel,PR,Sul,-24.95,-53.45
2019,343,11.53,0.76,0.84,25.81,85.28,0.49,13.93,6.75,Cascavel,PR,Sul,-24.95,-53.45
2019,344,0.57,0.75,0.76,28.49,84.13,0.47,22.46,10.45,Cascavel,PR,Sul,-24.95,-53.45
2019,345,2.32,0.74,0.76,30.97,76.65,0.52,11.52,5.65,Cascavel,PR,Sul,-24.95,-53.45
2019,346,4.5,0.74,0.75,30.24,81.64,0.69,19.77,9.28,Cascavel,PR,Sul,-24.95,-53.45
2019,347,0.5,0.73,0.73,32.66,73.08,0.48,26.77,12.34,Cascavel,PR,Sul,-24.95,-53.45
2019,348,1.18,0.72,0.71,29.62,75.45,1.29,23.37,11.0,Cascavel,PR,Sul,-24.95,-53.45
2019,349,50.24,0.74,0.86,29.88,84.22,1.14,22.17,10.49,Cascavel,PR,Sul,-24.95,-53.45
2019,350,39.59,0.81,0.94,23.77,95.86,0.88,5.01,2.71,Cascavel,PR,Sul,-24.95,-53.45
2019,351,16.09,0.83,0.88,24.51,88.78,0.83,7.67,3.89,Cascavel,PR,Sul,-24.95,-53.45
2019,352,0.72,0.82,0.82,28.41,82.23,0.59,23.91,11.15,Cascavel,PR,Sul,-24.95,-53.45
2019,353,1.94,0.8,0.81,28.91,82.87,0.88,15.32,7.45,Cascavel,PR,Sul,-24.95,-53.45
2019,354,21.04,0.8,0.87,25.21,93.32,1.11,18.87,9.12,Cascavel,PR,Sul,-24.95,-53.45
2019,355,5.94,0.83,0.86,25.22,92.32,0.83,17.78,8.51,Cascavel,PR,Sul,-24.95,-53.45
2019,356,0.39,0.81,0.82,25.92,78.07,0.72,30.39,13.77,Cascavel,PR,Sul,-24.95,-53.45
2019,357,0.0,0.8,0.8,27.24,71.1,0.67,32.66,14.79,Cascavel,PR,Sul,-24.95,-53.45
2019,358,0.34,0.78,0.79,28.92,71.18,0.84,31.9,14.38,Cascavel,PR,Sul,-24.95,-53.45
2019,359,0.0,0.77,0.77,31.11,76.04,0.71,31.35,14.48,Cascavel,PR,Sul,-24.95,-53.45
2019,360,0.05,0.76,0.76,32.47,69.85,0.6,31.24,14.45,Cascavel,PR,Sul,-24.95,-53.45
2019,361,0.28,0.75,0.75,32.26,65.91,0.67,30.78,14.31,Cascavel,PR,Sul,-24.95,-53.45
2019,362,0.1,0.74,0.74,31.45,71.97,0.71,24.95,11.51,Cascavel,PR,Sul,-24.95,-53.45
2019,363,0.0,0.73,0.72,33.72,67.1,0.72,30.22,13.95,Cascavel,PR,Sul,-24.95,-53.45
2019,364,0.22,0.72,0.71,34.05,63.93,0.65,29.9,14.02,Cascavel,PR,Sul,-24.95,-53.45
2019,365,0.48,0.71,0.7,34.24,63.46,0.72,27.56,12.91,Cascavel,PR,Sul,-24.95,-53.45
2020,1,6.71,0.71,0.73,30.67,76.43,0.64,25.99,12.3,Cascavel,PR,Sul,-24.95,-53.45
2020,2,7.45,0.72,0.75,32.9,78.5,0.62,18.04,8.73,Cascavel,PR,Sul,-24.95,-53.45
2020,3,0.18,0.72,0.71,30.29,72.86,0.71,14.8,7.23,Cascavel,PR,Sul,-24.95,-53.45
2020,4,0.15,0.71,0.69,28.88,69.64,0.59,24.47,11.43,Cascavel,PR,Sul,-24.95,-53.45
2020,5,0.16,0.7,0.68,30.92,68.27,0.61,29.84,13.84,Cascavel,PR,Sul,-24.95,-53.45
2020,6,4.85,0.7,0.7,31.99,68.0,0.81,28.75,13.4,Cascavel,PR,Sul,-24.95,-53.45
2020,7,8.97,0.71,0.74,30.81,73.36,0.54,13.85,6.72,Cascavel,PR,Sul,-24.95,-53.45
2020,8,0.1,0.71,0.69,32.03,74.46,0.57,23.12,10.89,Cascavel,PR,Sul,-24.95,-53.45
2020,9,6.88,0.7,0.71,30.43,81.27,0.84,19.67,9.35,Cascavel,PR,Sul,-24.95,-53.45
2020,10,32.7,0.73,0.85,30.44,85.23,0.7,24.38,11.44,Cascavel,PR,Sul,-24.95,-53.45
2020,11,6.35,0.75,0.79,31.15,82.53,0.66,17.69,8.44,Cascavel,PR,Sul,-24.95,-53.45
2020,12,4.89,0.75,0.78,29.73,82.26,0.48,24.65,11.72,Cascavel,PR,Sul,-24.95,-53.45
2020,13,11.18,0.75,0.8,27.38,88.53,0.62,15.6,7.55,Cascavel,PR,Sul,-24.95,-53.45
2020,14,3.69,0.76,0.78,27.47,89.96,0.62,17.4,8.5,Cascavel,PR,Sul,-24.95,-53.45
2020,15,0.66,0.75,0.76,29.82,84.44,0.66,26.04,12.37,Cascavel,PR,Sul,-24.95,-53.45
2020,16,16.82,0.76,0.83,29.56,88.22,0.56,18.02,8.67,Cascavel,PR,Sul,-24.95,-53.45
2020,17,1.16,0.75,0.72,36.63,74.05,0.42,21.76,10.3,Cascavel,PR,Sul,-24.95,-53.45
2020,18,0.01,0.74,0.73,31.05,76.25,0.64,29.21,13.58,Cascavel,PR,Sul,-24.95,-53.45
2020,19,0.0,0.72,0.72,32.14,74.51,0.51,28.84,13.46,Cascavel,PR,Sul,-24.95,-53.45
2020,20,0.0,0.71,0.7,33.11,71.01,0.56,28.56,13.4,Cascavel,PR,Sul,-24.95,-53.45
2020,21,0.68,0.71,0.69,30.45,73.83,0.71,22.05,10.38,Cascavel,PR,Sul,-24.95,-53.45
2020,22,12.27,0.72,0.76,25.08,83.63,0.92,12.45,6.22,Cascavel,PR,Sul,-24.95,-53.45
2020,23,1.86,0.72,0.71,28.31,80.0,0.75,8.59,4.4,Cascavel,PR,Sul,-24.95,-53.45
2020,24,0.15,0.71,0.69,29.49,75.06,0.72,29.33,13.52,Cascavel,PR,Sul,-24.95,-53.45
2020,25,0.0,0.7,0.67,31.3,70.69,0.75,29.93,13.74,Cascavel,PR,Sul,-24.95,-53.45
2020,26,0.0,0.69,0.66,32.73,61.83,0.76,29.99,13.72,Cascavel,PR,Sul,-24.95,-53.45
2020,27,0.01,0.68,0.65,33.41,60.73,0.71,28.42,13.09,Cascavel,PR,Sul,-24.95,-53.45
2020,28,7.51,0.68,0.69,34.07,61.97,0.74,24.18,11.28,Cascavel,PR,Sul,-24.95,-53.45
2020,29,20.45,0.7,0.78,31.49,77.7,0.72,11.48,5.59,Cascavel,PR,Sul,-24.95,-53.45
2020,30,20.05,0.74,0.83,28.25,88.47,0.78,11.34,5.62,Cascavel,PR,Sul,-24.95,-53.45
2020,31,2.07,0.74,0.75,28.86,82.03,0.66,20.86,9.84,Cascavel,PR,Sul,-24.95,-53.45
2020,32,0.64,0.73,0.72,31.47,77.0,0.55,15.43,7.46,Cascavel,PR,Sul,-24.95,-53.45
2020,33,22.21,0.73,0.82,29.65,85.76,0.6,10.86,5.51,Cascavel,PR,Sul,-24.95,-53.45
2020,34,0.94,0.75,0.77,30.88,80.91,0.47,24.36,11.49,Cascavel,PR,Sul,-24.95,-53.45
2020,35,0.01,0.73,0.73,30.5,76.39,0.7,21.12,9.87,Cascavel,PR,Sul,-24.95,-53.45
2020,36,0.56,0.72,0.71,31.35,77.46,0.63,22.36,10.54,Cascavel,PR,Sul,-24.95,-53.45
2020,37,2.63,0.71,0.71,32.25,76.64,0.53,24.65,11.61,Cascavel,PR,Sul,-24.95,-53.45
2020,38,2.62,0.71,0.71,31.65,76.98,0.58,24.08,11.38,Cascavel,PR,Sul,-24.95,-53.45
2020,39,0.74,0.7,0.69,31.14,77.34,0.77,24.26,11.49,Cascavel,PR,Sul,-24.95,-53.45
2020,40,3.75,0.7,0.69,33.75,74.49,0.51,24.71,11.62,Cascavel,PR,Sul,-24.95,-53.45
2020,41,6.73,0.7,0.71,31.86,79.82,0.63,19.67,9.41,Cascavel,PR,Sul,-24.95,-53.45
2020,42,4.51,0.7,0.7,30.32,74.73,0.61,21.16,9.99,Cascavel,PR,Sul,-24.95,-53.45
2020,43,1.41,0.7,0.69,30.89,73.42,0.67,25.73,12.0,Cascavel,PR,Sul,-24.95,-53.45
2020,44,0.0,0.69,0.66,32.82,63.48,0.65,28.94,13.38,Cascavel,PR,Sul,-24.95,-53.45
2020,45,0.0,0.68,0.65,33.3,64.23,0.81,20.61,9.65,Cascavel,PR,Sul,-24.95,-53.45
2020,46,0.03,0.68,0.64,33.01,69.36,0.78,19.78,9.39,Cascavel,PR,Sul,-24.95,-53.45
2020,47,3.72,0.68,0.67,31.67,74.37,0.73,18.7,8.95,Cascavel,PR,Sul,-24.95,-53.45
2020,48,1.43,0.68,0.66,34.05,68.97,0.82,23.16,10.96,Cascavel,PR,Sul,-24.95,-53.45
2020,49,5.99,0.68,0.68,34.96,69.32,0.72,19.84,9.42,Cascavel,PR,Sul,-24.95,-53.45
2020,50,4.18,0.68,0.69,31.31,77.32,0.5,23.02,10.85,Cascavel,PR,Sul,-24.95,-53.45
2020,51,1.09,0.68,0.66,34.29,68.13,0.73,22.79,10.76,Cascavel,PR,Sul,-24.95,-53.45
2020,52,0.0,0.67,0.64,33.07,55.85,0.99,26.95,12.44,Cascavel,PR,Sul,-24.95,-53.45
2020,53,0.0,0.67,0.63,29.0,48.62,1.02,29.49,13.09,Cascavel,PR,Sul,-24.95,-53.45
2020,54,0.0,0.66,0.63,31.21,63.97,0.81,24.16,11.19,Cascavel,PR,Sul,-24.95,-53.45
2020,55,1.95,0.66,0.63,32.36,73.36,0.89,20.9,9.84,Cascavel,PR,Sul,-24.95,-53.45
2020,56,30.04,0.68,0.79,30.19,85.13,0.72,14.86,7.26,Cascavel,PR,Sul,-24.95,-53.45
2020,57,14.98,0.73,0.81,25.61,87.66,0.84,17.08,8.07,Cascavel,PR,Sul,-24.95,-53.45
2020,58,0.15,0.72,0.71,27.84,73.09,0.65,26.56,12.08,Cascavel,PR,Sul,-24.95,-53.45
2020,59,0.01,0.71,0.69,29.57,70.91,0.59,24.42,11.27,Cascavel,PR,Sul,-24.95,-53.45
2020,60,0.04,0.7,0.68,30.13,71.03,0.64,23.1,10.71,Cascavel,PR,Sul,-24.95,-53.45
2020,61,0.0,0.69,0.67,30.53,68.02,0.68,26.36,12.15,Cascavel,PR,Sul,-24.95,-53.45
2020,62,0.98,0.68,0.66,29.05,70.67,0.69,22.3,10.37,Cascavel,PR,Sul,-24.95,-53.45
2020,63,0.22,0.68,0.65,30.41,69.1,0.57,25.86,12.0,Cascavel,PR,Sul,-24.95,-53.45
2020,64,0.05,0.67,0.64,31.22,63.54,0.68,25.08,11.56,Cascavel,PR,Sul,-24.95,-53.45
2020,65,0.01,0.67,0.63,33.05,58.35,0.62,26.04,11.88,Cascavel,PR,Sul,-24.95,-53.45
2020,66,0.02,0.66,0.63,32.45,57.11,0.7,24.98,11.51,Cascavel,PR,Sul,-24.95,-53.45
2020,67,3.82,0.66,0.65,30.89,63.42,0.8,24.12,11.13,Cascavel,PR,Sul,-24.95,-53.45
2020,68,1.05,0.66,0.64,33.03,62.48,0.62,25.01,11.51,Cascavel,PR,Sul,-24.95,-53.45
2020,69,0.0,0.66,0.62,34.59,58.05,0.58,25.4,11.69,Cascavel,PR,Sul,-24.95,-53.45
2020,70,0.0,0.65,0.62,34.75,55.07,0.75,26.72,12.22,Cascavel,PR,Sul,-24.95,-53.45
2020,71,0.0,0.65,0.61,34.69,57.02,0.86,23.91,10.97,Cascavel,PR,Sul,-24.95,-53.45
2020,72,0.06,0.65,0.61,35.68,60.52,0.79,23.59,10.96,Cascavel,PR,Sul,-24.95,-53.45
2020,73,1.36,0.64,0.62,35.91,57.65,0.63,22.43,10.41,Cascavel,PR,Sul,-24.95,-53.45
2020,74,0.0,0.64,0.6,36.85,51.02,0.73,25.87,11.85,Cascavel,PR,Sul,-24.95,-53.45
2020,75,0.0,0.64,0.6,36.4,51.5,0.61,22.09,10.21,Cascavel,PR,Sul,-24.95,-53.45
2020,76,0.33,0.63,0.59,36.34,52.35,0.68,20.29,9.51,Cascavel,PR,Sul,-24.95,-53.45
2020,77,1.24,0.63,0.59,35.08,62.44,0.66,22.29,10.48,Cascavel,PR,Sul,-24.95,-53.45
2020,78,26.09,0.65,0.74,30.48,77.96,0.59,9.66,4.8,Cascavel,PR,Sul,-24.95,-53.45
2020,79,7.87,0.69,0.74,29.54,84.13,0.63,13.92,6.68,Cascavel,PR,Sul,-24.95,-53.45
2020,80,0.06,0.68,0.67,28.12,70.29,0.84,23.15,10.5,Cascavel,PR,Sul,-24.95,-53.45
2020,81,0.15,0.67,0.65,30.48,65.17,0.59,25.77,11.54,Cascavel,PR,Sul,-24.95,-53.45
2020,82,0.03,0.67,0.64,32.34,65.68,0.69,23.06,10.58,Cascavel,PR,Sul,-24.95,-53.45
2020,83,0.0,0.66,0.63,31.86,63.12,0.71,24.32,11.14,Cascavel,PR,Sul,-24.95,-53.45
2020,84,0.0,0.66,0.62,30.7,56.75,0.7,24.0,10.8,Cascavel,PR,Sul,-24.95,-53.45
2020,85,0.0,0.65,0.62,31.48,59.68,0.74,23.28,10.61,Cascavel,PR,Sul,-24.95,-53.45
2020,86,0.01,0.65,0.62,31.69,58.44,0.76,23.7,10.81,Cascavel,PR,Sul,-24.95,-53.45
2020,87,0.01,0.64,0.61,31.82,56.56,0.91,21.93,9.94,Cascavel,PR,Sul,-24.95,-53.45
2020,88,4.2,0.64,0.64,31.8,66.85,0.8,16.5,7.83,Cascavel,PR,Sul,-24.95,-53.45
2020,89,2.1,0.65,0.65,29.18,78.78,0.76,17.99,8.48,Cascavel,PR,Sul,-24.95,-53.45
2020,90,0.1,0.65,0.62,33.69,69.03,0.55,22.55,10.48,Cascavel,PR,Sul,-24.95,-53.45
2020,91,0.2,0.64,0.61,34.07,65.91,0.57,19.66,9.2,Cascavel,PR,Sul,-24.95,-53.45
2020,92,0.12,0.64,0.61,34.2,62.65,0.66,21.3,9.95,Cascavel,PR,Sul,-24.95,-53.45
2020,93,0.95,0.64,0.61,33.27,66.58,1.1,16.68,7.8,Cascavel,PR,Sul,-24.95,-53.45
2020,94,0.01,0.64,0.61,25.87,56.86,0.97,24.38,10.75,Cascavel,PR,Sul,-24.95,-53.45
2020,95,0.01,0.63,0.6,29.87,56.85,0.62,23.85,10.6,Cascavel,PR,Sul,-24.95,-53.45
2020,96,0.0,0.63,0.58,33.17,52.07,0.78,22.18,10.26,Cascavel,PR,Sul,-24.95,-53.45
2020,97,26.81,0.64,0.7,32.4,72.18,1.05,8.78,4.29,Cascavel,PR,Sul,-24.95,-53.45
2020,98,0.18,0.67,0.67,26.05,72.24,1.1,18.83,8.5,Cascavel,PR,Sul,-24.95,-53.45
2020,99,0.13,0.66,0.64,27.17,58.05,0.76,22.45,9.97,Cascavel,PR,Sul,-24.95,-53.45
2020,100,0.03,0.66,0.63,27.91,57.43,0.69,22.05,9.85,Cascavel,PR,Sul,-24.95,-53.45
2020,101,0.0,0.65,0.62,26.05,63.65,0.79,22.67,10.02,Cascavel,PR,Sul,-24.95,-53.45
2020,102,0.01,0.65,0.62,28.39,59.58,0.66,22.19,9.79,Cascavel,PR,Sul,-24.95,-53.45
2020,103,0.01,0.65,0.62,29.76,56.95,0.79,22.4,9.93,Cascavel,PR,Sul,-24.95,-53.45
2020,104,4.39,0.64,0.63,30.17,69.21,0.86,17.79,8.22,Cascavel,PR,Sul,-24.95,-53.45
2020,105,15.31,0.67,0.74,22.91,73.47,1.0,16.69,7.47,Cascavel,PR,Sul,-24.95,-53.45
2020,106,0.0,0.67,0.65,21.93,64.28,0.82,22.54,9.85,Cascavel,PR,Sul,-24.95,-53.45
2020,107,0.02,0.66,0.64,23.55,61.41,0.74,21.46,9.56,Cascavel,PR,Sul,-24.95,-53.45
2020,108,0.03,0.66,0.63,27.73,58.53,0.57,20.08,8.88,Cascavel,PR,Sul,-24.95,-53.45
2020,109,0.03,0.66,0.63,28.56,59.48,0.68,19.7,8.82,Cascavel,PR,Sul,-24.95,-53.45
2020,110,0.01,0.65,0.62,29.21,64.96,0.64,20.88,9.43,Cascavel,PR,Sul,-24.95,-53.45
2020,111,0.0,0.65,0.62,29.93,60.58,0.66,20.8,9.42,Cascavel,PR,Sul,-24.95,-53.45
2020,112,0.01,0.65,0.62,30.54,60.53,0.67,20.69,9.32,Cascavel,PR,Sul,-24.95,-53.45
2020,113,0.01,0.64,0.61,30.61,59.49,0.67,20.65,9.23,Cascavel,PR,Sul,-24.95,-53.45
2020,114,0.23,0.64,0.62,30.29,59.01,0.66,20.32,9.14,Cascavel,PR,Sul,-24.95,-53.45
2020,115,0.0,0.64,0.61,29.56,57.09,0.93,19.78,8.89,Cascavel,PR,Sul,-24.95,-53.45
2020,116,0.02,0.64,0.61,32.65,65.2,0.88,18.51,8.5,Cascavel,PR,Sul,-24.95,-53.45
2020,117,0.05,0.63,0.6,33.49,61.27,0.66,16.82,7.82,Cascavel,PR,Sul,-24.95,-53.45
2020,118,0.0,0.63,0.59,31.92,55.16,0.88,19.17,8.67,Cascavel,PR,Sul,-24.95,-53.45
2020,119,0.0,0.63,0.58,30.41,62.85,1.02,18.45,8.4,Cascavel,PR,Sul,-24.95,-53.45
2020,120,0.0,0.63,0.58,31.13,62.66,0.66,16.79,7.69,Cascavel,PR,Sul,-24.95,-53.45
2020,121,0.0,0.63,0.57,31.31,62.01,0.62,17.63,8.06,Cascavel,PR,Sul,-24.95,-53.45
2020,122,0.6,0.62,0.56,32.15,66.83,0.73,14.22,6.54,Cascavel,PR,Sul,-24.95,-53.45
2020,123,0.01,0.62,0.56,28.33,61.09,0.76,15.56,6.89,Cascavel,PR,Sul,-24.95,-53.45
2020,124,0.01,0.62,0.55,29.82,45.6,0.71,19.81,8.54,Cascavel,PR,Sul,-24.95,-53.45
2020,125,0.0,0.62,0.54,29.59,51.77,0.8,17.74,7.9,Cascavel,PR,Sul,-24.95,-53.45
2020,126,0.74,0.62,0.53,30.79,56.34,0.81,9.26,4.34,Cascavel,PR,Sul,-24.95,-53.45
2020,127,13.8,0.64,0.7,20.7,69.26,1.13,9.95,4.6,Cascavel,PR,Sul,-24.95,-53.45
2020,128,0.0,0.64,0.62,20.41,62.48,0.7,19.56,8.4,Cascavel,PR,Sul,-24.95,-53.45
2020,129,0.01,0.64,0.62,23.96,60.56,0.78,19.04,8.26,Cascavel,PR,Sul,-24.95,-53.45
2020,130,0.03,0.64,0.61,26.02,59.68,0.91,18.81,8.23,Cascavel,PR,Sul,-24.95,-53.45
2020,131,0.03,0.63,0.61,28.62,58.75,0.95,17.85,7.98,Cascavel,PR,Sul,-24.95,-53.45
2020,132,0.83,0.63,0.61,29.9,61.27,0.86,16.67,7.62,Cascavel,PR,Sul,-24.95,-53.45
2020,133,15.19,0.64,0.68,28.68,70.76,0.94,3.54,1.83,Cascavel,PR,Sul,-24.95,-53.45
2020,134,21.29,0.67,0.78,25.04,90.72,0.53,5.86,2.85,Cascavel,PR,Sul,-24.95,-53.45
2020,135,0.52,0.69,0.69,21.56,81.17,0.96,13.83,6.19,Cascavel,PR,Sul,-24.95,-53.45
2020,136,0.03,0.68,0.66,22.76,69.84,0.65,15.09,6.67,Cascavel,PR,Sul,-24.95,-53.45
2020,137,0.03,0.67,0.65,23.3,68.04,0.69,17.92,7.8,Cascavel,PR,Sul,-24.95,-53.45
2020,138,0.03,0.67,0.65,26.47,63.33,0.67,17.75,7.79,Cascavel,PR,Sul,-24.95,-53.45
2020,139,0.04,0.66,0.64,28.36,60.16,0.62,17.05,7.58,Cascavel,PR,Sul,-24.95,-53.45
2020,140,0.07,0.66,0.63,27.39,66.09,0.91,17.01,7.48,Cascavel,PR,Sul,-24.95,-53.45
2020,141,0.03,0.66,0.63,28.4,66.92,0.96,16.41,7.42,Cascavel,PR,Sul,-24.95,-53.45
2020,142,0.91,0.65,0.63,29.71,66.93,1.1,15.21,6.98,Cascavel,PR,Sul,-24.95,-53.45
2020,143,129.24,0.7,0.86,21.85,92.42,1.32,1.77,0.95,Cascavel,PR,Sul,-24.95,-53.45
2020,144,1.16,0.73,0.74,12.22,88.88,1.14,6.92,3.25,Cascavel,PR,Sul,-24.95,-53.45
2020,145,0.56,0.72,0.72,17.02,84.57,0.56,11.13,5.06,Cascavel,PR,Sul,-24.95,-53.45
2020,146,0.0,0.71,0.7,18.26,78.82,0.82,15.81,7.0,Cascavel,PR,Sul,-24.95,-53.45
2020,147,0.01,0.71,0.7,18.42,81.48,0.74,16.32,7.21,Cascavel,PR,Sul,-24.95,-53.45
2020,148,0.0,0.7,0.69,22.89,77.1,0.56,16.07,7.12,Cascavel,PR,Sul,-24.95,-53.45
2020,149,0.0,0.7,0.68,23.68,72.48,0.84,15.52,6.84,Cascavel,PR,Sul,-24.95,-53.45
2020,150,0.02,0.69,0.67,23.62,65.69,0.66,15.73,6.77,Cascavel,PR,Sul,-24.95,-53.45
2020,151,0.01,0.69,0.67,25.3,68.39,0.81,15.84,6.93,Cascavel,PR,Sul,-24.95,-53.45
2020,152,3.06,0.69,0.68,22.99,78.91,0.62,12.79,5.83,Cascavel,PR,Sul,-24.95,-53.45
2020,153,5.37,0.69,0.71,20.49,91.33,0.71,5.88,2.82,Cascavel,PR,Sul,-24.95,-53.45
2020,154,0.03,0.7,0.69,19.98,77.99,0.65,8.77,3.97,Cascavel,PR,Sul,-24.95,-53.45
2020,155,0.25,0.69,0.68,22.99,76.79,0.61,5.57,2.55,Cascavel,PR,Sul,-24.95,-53.45
2020,156,23.94,0.72,0.82,19.05,97.57,0.75,4.38,2.16,Cascavel,PR,Sul,-24.95,-53.45
2020,157,18.81,0.74,0.81,23.44,92.59,1.21,9.47,4.43,Cascavel,PR,Sul,-24.95,-53.45
2020,158,0.31,0.75,0.76,16.81,81.64,0.79,10.7,4.79,Cascavel,PR,Sul,-24.95,-53.45
2020,159,0.16,0.74,0.74,21.21,81.52,0.55,13.93,6.2,Cascavel,PR,Sul,-24.95,-53.45
2020,160,0.64,0.73,0.74,25.49,88.74,0.7,9.94,4.59,Cascavel,PR,Sul,-24.95,-53.45
2020,161,17.93,0.74,0.81,25.98,93.38,0.75,10.16,4.75,Cascavel,PR,Sul,-24.95,-53.45
2020,162,4.49,0.76,0.79,26.64,89.44,0.83,11.75,5.38,Cascavel,PR,Sul,-24.95,-53.45
2020,163,1.05,0.75,0.76,26.86,84.82,0.76,12.56,5.71,Cascavel,PR,Sul,-24.95,-53.45
2020,164,0.03,0.74,0.74,26.7,82.1,0.82,14.52,6.55,Cascavel,PR,Sul,-24.95,-53.45
2020,165,8.26,0.74,0.78,22.92,90.35,0.84,5.22,2.51,Cascavel,PR,Sul,-24.95,-53.45
2020,166,0.06,0.74,0.75,23.01,85.26,0.55,11.76,5.37,Cascavel,PR,Sul,-24.95,-53.45
2020,167,0.0,0.74,0.74,24.32,85.66,0.78,14.16,6.47,Cascavel,PR,Sul,-24.95,-53.45
2020,168,0.03,0.73,0.73,24.57,84.7,0.9,14.75,6.68,Cascavel,PR,Sul,-24.95,-53.45
2020,169,0.01,0.73,0.72,24.7,79.65,1.16,14.57,6.56,Cascavel,PR,Sul,-24.95,-53.45
2020,170,0.01,0.72,0.72,24.63,78.61,1.16,13.49,6.14,Cascavel,PR,Sul,-24.95,-53.45
2020,171,0.12,0.72,0.71,26.07,81.35,0.88,14.21,6.48,Cascavel,PR,Sul,-24.95,-53.45
2020,172,0.02,0.71,0.7,26.19,78.57,0.85,14.92,6.8,Cascavel,PR,Sul,-24.95,-53.45
2020,173,0.0,0.71,0.7,26.4,73.57,0.82,15.39,6.82,Cascavel,PR,Sul,-24.95,-53.45
2020,174,0.0,0.7,0.69,27.1,72.37,0.75,15.18,6.83,Cascavel,PR,Sul,-24.95,-53.45
2020,175,0.01,0.7,0.68,25.93,72.24,1.01,15.12,6.8,Cascavel,PR,Sul,-24.95,-53.45
2020,176,0.02,0.7,0.68,25.6,71.28,1.11,14.91,6.61,Cascavel,PR,Sul,-24.95,-53.45
2020,177,13.16,0.7,0.75,20.89,89.18,0.98,2.11,1.11,Cascavel,PR,Sul,-24.95,-53.45
2020,178,8.97,0.71,0.74,17.26,84.32,0.67,8.18,3.64,Cascavel,PR,Sul,-24.95,-53.45
2020,179,1.42,0.73,0.75,20.12,86.61,0.51,8.75,3.91,Cascavel,PR,Sul,-24.95,-53.45
2020,180,0.22,0.72,0.72,21.22,84.42,0.63,8.54,3.79,Cascavel,PR,Sul,-24.95,-53.45
2020,181,1.4,0.72,0.72,20.88,82.66,1.28,9.56,4.43,Cascavel,PR,Sul,-24.95,-53.45
2020,182,20.96,0.73,0.82,18.77,91.59,1.43,7.46,3.55,Cascavel,PR,Sul,-24.95,-53.45
2020,183,0.05,0.75,0.76,13.46,79.43,0.95,11.71,5.12,Cascavel,PR,Sul,-24.95,-53.45
2020,184,0.06,0.74,0.74,14.74,83.38,0.64,14.98,6.56,Cascavel,PR,Sul,-24.95,-53.45
2020,185,0.01,0.74,0.74,16.96,76.25,0.62,16.05,6.94,Cascavel,PR,Sul,-24.95,-53.45
2020,186,0.01,0.73,0.73,20.54,77.38,0.84,15.16,6.69,Cascavel,PR,Sul,-24.95,-53.45
2020,187,1.19,0.73,0.73,19.44,87.1,0.77,5.23,2.53,Cascavel,PR,Sul,-24.95,-53.45
2020,188,6.32,0.73,0.77,25.84,89.67,0.5,10.13,4.59,Cascavel,PR,Sul,-24.95,-53.45
2020,189,8.48,0.74,0.77,25.76,87.8,1.07,9.15,4.24,Cascavel,PR,Sul,-24.95,-53.45
2020,190,10.03,0.76,0.82,15.91,92.49,0.84,4.1,2.02,Cascavel,PR,Sul,-24.95,-53.45
2020,191,0.09,0.76,0.76,16.74,78.48,0.69,16.34,7.06,Cascavel,PR,Sul,-24.95,-53.45
2020,192,0.0,0.75,0.75,21.0,80.55,0.88,15.93,7.0,Cascavel,PR,Sul,-24.95,-53.45
2020,193,0.1,0.74,0.74,24.42,83.27,0.79,13.53,6.17,Cascavel,PR,Sul,-24.95,-53.45
2020,194,0.0,0.74,0.74,23.98,79.36,0.76,13.48,6.11,Cascavel,PR,Sul,-24.95,-53.45
2020,195,0.28,0.73,0.73,25.94,82.39,0.68,10.76,4.96,Cascavel,PR,Sul,-24.95,-53.45
2020,196,0.04,0.73,0.72,20.69,75.11,0.77,16.02,6.9,Cascavel,PR,Sul,-24.95,-53.45
2020,197,0.02,0.72,0.72,23.89,77.68,0.61,15.8,6.96,Cascavel,PR,Sul,-24.95,-53.45
2020,198,0.01,0.72,0.71,24.93,79.82,0.88,8.94,4.13,Cascavel,PR,Sul,-24.95,-53.45
2020,199,0.03,0.72,0.71,26.96,78.11,0.69,15.04,6.87,Cascavel,PR,Sul,-24.95,-53.45
2020,200,0.03,0.71,0.7,26.68,77.76,0.9,15.92,7.22,Cascavel,PR,Sul,-24.95,-53.45
2020,201,0.0,0.71,0.69,26.25,72.1,0.93,16.24,7.29,Cascavel,PR,Sul,-24.95,-53.45
2020,202,0.01,0.7,0.69,25.91,70.56,0.82,16.67,7.42,Cascavel,PR,Sul,-24.95,-53.45
2020,203,0.0,0.7,0.68,26.62,70.24,0.8,16.44,7.34,Cascavel,PR,Sul,-24.95,-53.45
2020,204,0.01,0.69,0.68,26.71,69.03,0.78,16.28,7.16,Cascavel,PR,Sul,-24.95,-53.45
2020,205,0.0,0.69,0.67,27.21,65.57,0.85,17.13,7.55,Cascavel,PR,Sul,-24.95,-53.45
2020,206,0.16,0.69,0.66,27.64,67.87,0.92,16.53,7.38,Cascavel,PR,Sul,-24.95,-53.45
2020,207,2.38,0.69,0.68,14.93,79.5,0.92,8.76,4.0,Cascavel,PR,Sul,-24.95,-53.45
2020,208,0.01,0.69,0.67,21.75,71.2,0.58,8.58,3.89,Cascavel,PR,Sul,-24.95,-53.45
2020,209,0.03,0.68,0.66,26.56,76.17,0.87,9.02,4.25,Cascavel,PR,Sul,-24.95,-53.45
2020,210,2.23,0.68,0.68,20.25,86.76,0.79,9.13,4.1,Cascavel,PR,Sul,-24.95,-53.45
2020,211,0.1,0.69,0.67,19.01,71.39,0.74,14.85,6.47,Cascavel,PR,Sul,-24.95,-53.45
2020,212,0.01,0.68,0.67,23.61,74.5,0.64,15.16,6.57,Cascavel,PR,Sul,-24.95,-53.45
2020,213,0.01,0.68,0.66,25.61,72.94,0.75,16.87,7.59,Cascavel,PR,Sul,-24.95,-53.45
2020,214,0.0,0.68,0.66,27.32,73.44,0.73,17.0,7.65,Cascavel,PR,Sul,-24.95,-53.45
2020,215,0.03,0.67,0.65,27.16,67.15,0.72,18.17,7.93,Cascavel,PR,Sul,-24.95,-53.45
2020,216,0.0,0.67,0.65,26.6,66.6,0.78,18.19,7.96,Cascavel,PR,Sul,-24.95,-53.45
2020,217,0.01,0.67,0.64,26.79,64.81,0.86,18.15,8.0,Cascavel,PR,Sul,-24.95,-53.45
2020,218,0.0,0.67,0.64,26.99,63.74,0.93,18.42,8.05,Cascavel,PR,Sul,-24.95,-53.45
2020,219,0.01,0.66,0.63,28.19,60.64,0.84,18.79,8.14,Cascavel,PR,Sul,-24.95,-53.45
2020,220,0.0,0.66,0.63,27.49,57.1,0.88,18.42,7.95,Cascavel,PR,Sul,-24.95,-53.45
2020,221,0.01,0.66,0.63,27.84,55.22,0.7,18.74,8.19,Cascavel,PR,Sul,-24.95,-53.45
2020,222,0.0,0.65,0.63,28.33,56.91,0.77,18.89,8.25,Cascavel,PR,Sul,-24.95,-53.45
2020,223,0.0,0.65,0.62,29.14,55.5,0.85,18.69,8.22,Cascavel,PR,Sul,-24.95,-53.45
2020,224,0.06,0.65,0.62,30.74,56.53,0.81,16.38,7.03,Cascavel,PR,Sul,-24.95,-53.45
2020,225,15.02,0.66,0.71,20.74,86.05,0.42,3.22,1.59,Cascavel,PR,Sul,-24.95,-53.45
2020,226,5.82,0.69,0.72,18.68,92.18,0.45,7.18,3.24,Cascavel,PR,Sul,-24.95,-53.45
2020,227,13.87,0.69,0.74,24.04,84.36,0.97,9.88,4.25,Cascavel,PR,Sul,-24.95,-53.45
2020,228,41.31,0.74,0.88,20.56,94.52,0.58,3.08,1.54,Cascavel,PR,Sul,-24.95,-53.45
2020,229,1.28,0.75,0.77,24.13,88.03,0.63,5.22,2.48,Cascavel,PR,Sul,-24.95,-53.45
2020,230,13.25,0.75,0.82,23.8,88.69,0.47,3.91,1.93,Cascavel,PR,Sul,-24.95,-53.45
2020,231,37.85,0.77,0.85,20.29,96.54,0.7,3.31,1.69,Cascavel,PR,Sul,-24.95,-53.45
2020,232,22.77,0.81,0.9,19.16,93.5,0.83,2.16,1.13,Cascavel,PR,Sul,-24.95,-53.45
2020,233,0.42,0.8,0.82,13.3,83.71,0.91,4.91,2.4,Cascavel,PR,Sul,-24.95,-53.45
2020,234,0.0,0.79,0.8,13.22,68.13,0.95,21.33,9.01,Cascavel,PR,Sul,-24.95,-53.45
2020,235,0.0,0.78,0.79,17.65,74.18,0.71,20.87,9.1,Cascavel,PR,Sul,-24.95,-53.45
2020,236,0.03,0.78,0.78,20.29,80.78,1.0,20.91,9.18,Cascavel,PR,Sul,-24.95,-53.45
2020,237,0.06,0.77,0.77,23.01,78.58,1.04,17.72,7.95,Cascavel,PR,Sul,-24.95,-53.45
2020,238,0.06,0.76,0.77,24.83,75.06,1.04,20.2,9.0,Cascavel,PR,Sul,-24.95,-53.45
2020,239,0.03,0.75,0.75,25.66,71.24,1.04,20.46,9.02,Cascavel,PR,Sul,-24.95,-53.45
2020,240,0.01,0.74,0.74,27.56,70.67,0.9,20.0,8.99,Cascavel,PR,Sul,-24.95,-53.45
2020,241,0.0,0.74,0.73,27.85,68.79,0.89,19.78,8.7,Cascavel,PR,Sul,-24.95,-53.45
2020,242,0.0,0.73,0.72,28.89,70.0,0.88,21.35,9.45,Cascavel,PR,Sul,-24.95,-53.45
2020,243,0.0,0.72,0.71,30.08,69.2,0.7,20.49,9.06,Cascavel,PR,Sul,-24.95,-53.45
2020,244,0.0,0.72,0.71,30.02,72.77,0.74,20.06,8.89,Cascavel,PR,Sul,-24.95,-53.45
2020,245,0.11,0.71,0.7,28.84,77.68,0.9,19.9,8.97,Cascavel,PR,Sul,-24.95,-53.45
2020,246,0.35,0.71,0.7,27.89,76.55,0.94,18.59,8.51,Cascavel,PR,Sul,-24.95,-53.45
2020,247,0.34,0.71,0.7,26.21,82.41,0.59,15.8,7.04,Cascavel,PR,Sul,-24.95,-53.45
2020,248,0.01,0.7,0.69,27.25,75.5,0.5,15.98,6.91,Cascavel,PR,Sul,-24.95,-53.45
2020,249,0.06,0.7,0.68,30.36,69.97,0.74,19.61,8.89,Cascavel,PR,Sul,-24.95,-53.45
2020,250,0.02,0.7,0.67,32.42,62.72,0.83,17.43,7.72,Cascavel,PR,Sul,-24.95,-53.45
2020,251,0.0,0.69,0.67,28.94,76.74,0.8,14.62,6.36,Cascavel,PR,Sul,-24.95,-53.45
2020,252,0.0,0.69,0.67,28.16,80.53,0.47,12.56,5.2,Cascavel,PR,Sul,-24.95,-53.45
2020,253,0.0,0.69,0.67,31.07,75.56,0.79,17.12,7.74,Cascavel,PR,Sul,-24.95,-53.45
2020,254,0.0,0.68,0.66,33.68,66.16,0.73,20.15,9.06,Cascavel,PR,Sul,-24.95,-53.45
2020,255,0.0,0.68,0.65,33.12,59.51,0.81,18.6,8.29,Cascavel,PR,Sul,-24.95,-53.45
2020,256,0.0,0.67,0.64,34.29,53.5,1.03,17.54,7.28,Cascavel,PR,Sul,-24.95,-53.45
2020,257,0.02,0.67,0.63,34.44,51.77,0.98,19.48,8.21,Cascavel,PR,Sul,-24.95,-53.45
2020,258,0.0,0.67,0.64,28.58,68.68,0.88,15.12,6.57,Cascavel,PR,Sul,-24.95,-53.45
2020,259,0.0,0.67,0.64,29.65,69.67,0.81,13.24,5.76,Cascavel,PR,Sul,-24.95,-53.45
2020,260,2.14,0.66,0.64,28.88,68.01,0.96,15.97,7.17,Cascavel,PR,Sul,-24.95,-53.45
2020,261,5.78,0.67,0.7,24.82,81.75,0.52,2.94,1.48,Cascavel,PR,Sul,-24.95,-53.45
2020,262,0.31,0.68,0.66,29.49,65.76,0.61,19.09,8.09,Cascavel,PR,Sul,-24.95,-53.45
2020,263,0.0,0.67,0.64,30.49,53.84,0.91,18.26,7.49,Cascavel,PR,Sul,-24.95,-53.45
2020,264,0.0,0.67,0.64,25.76,67.42,0.89,19.31,8.34,Cascavel,PR,Sul,-24.95,-53.45
2020,265,1.77,0.67,0.65,26.55,62.5,0.58,17.1,7.56,Cascavel,PR,Sul,-24.95,-53.45
2020,266,0.41,0.66,0.64,27.6,68.02,0.64,20.08,9.0,Cascavel,PR,Sul,-24.95,-53.45
2020,267,0.0,0.66,0.63,30.19,63.2,0.69,23.73,10.69,Cascavel,PR,Sul,-24.95,-53.45
2020,268,0.0,0.66,0.63,31.23,60.83,0.82,25.35,11.45,Cascavel,PR,Sul,-24.95,-53.45
2020,269,0.0,0.65,0.62,33.95,56.05,0.77,24.5,11.01,Cascavel,PR,Sul,-24.95,-53.45
2020,270,0.0,0.65,0.61,36.14,51.82,1.1,25.08,11.28,Cascavel,PR,Sul,-24.95,-53.45
2020,271,7.79,0.65,0.66,33.64,66.39,0.93,14.69,6.64,Cascavel,PR,Sul,-24.95,-53.45
2020,272,11.21,0.67,0.73,28.58,68.36,1.02,7.78,3.7,Cascavel,PR,Sul,-24.95,-53.45
2020,273,0.4,0.67,0.66,33.28,65.01,0.82,21.82,9.66,Cascavel,PR,Sul,-24.95,-53.45
2020,274,0.0,0.66,0.63,36.39,61.52,0.96,23.7,10.8,Cascavel,PR,Sul,-24.95,-53.45
2020,275,0.0,0.66,0.62,37.08,57.04,0.91,21.77,9.5,Cascavel,PR,Sul,-24.95,-53.45
2020,276,0.0,0.65,0.61,37.84,51.78,0.87,20.79,8.92,Cascavel,PR,Sul,-24.95,-53.45
2020,277,0.18,0.65,0.61,37.79,60.66,0.65,18.65,8.1,Cascavel,PR,Sul,-24.95,-53.45
2020,278,0.0,0.64,0.61,34.06,64.47,0.91,21.84,9.62,Cascavel,PR,Sul,-24.95,-53.45
2020,279,0.0,0.64,0.61,33.88,64.83,0.71,22.27,9.96,Cascavel,PR,Sul,-24.95,-53.45
2020,280,0.0,0.64,0.6,35.96,62.96,0.73,23.05,10.01,Cascavel,PR,Sul,-24.95,-53.45
2020,281,0.17,0.63,0.6,37.23,57.41,0.78,22.09,9.61,Cascavel,PR,Sul,-24.95,-53.45
2020,282,8.58,0.64,0.66,34.72,65.44,0.73,16.4,6.96,Cascavel,PR,Sul,-24.95,-53.45
2020,283,5.99,0.65,0.68,26.59,79.48,1.08,13.8,6.01,Cascavel,PR,Sul,-24.95,-53.45
2020,284,0.01,0.65,0.63,28.84,59.39,0.81,27.05,11.71,Cascavel,PR,Sul,-24.95,-53.45
2020,285,0.01,0.65,0.62,31.66,54.26,0.65,25.27,10.91,Cascavel,PR,Sul,-24.95,-53.45
2020,286,0.0,0.64,0.6,34.43,54.53,0.7,22.13,9.38,Cascavel,PR,Sul,-24.95,-53.45
2020,287,0.27,0.64,0.61,29.36,63.8,0.61,10.72,4.62,Cascavel,PR,Sul,-24.95,-53.45
2020,288,29.72,0.65,0.7,31.19,75.87,0.65,12.3,5.02,Cascavel,PR,Sul,-24.95,-53.45
2020,289,0.66,0.68,0.7,30.65,74.3,0.69,7.37,3.37,Cascavel,PR,Sul,-24.95,-53.45
2020,290,0.06,0.67,0.66,25.84,79.42,0.69,16.41,7.52,Cascavel,PR,Sul,-24.95,-53.45
2020,291,0.0,0.66,0.64,30.59,63.5,0.7,23.28,10.42,Cascavel,PR,Sul,-24.95,-53.45
2020,292,0.0,0.66,0.63,32.15,61.38,0.73,19.42,8.7,Cascavel,PR,Sul,-24.95,-53.45
2020,293,0.07,0.65,0.62,34.2,61.59,0.76,25.53,11.66,Cascavel,PR,Sul,-24.95,-53.45
2020,294,0.52,0.65,0.62,34.08,63.21,0.71,25.81,11.96,Cascavel,PR,Sul,-24.95,-53.45
2020,295,0.15,0.65,0.61,34.14,64.63,0.56,25.03,11.68,Cascavel,PR,Sul,-24.95,-53.45
2020,296,0.0,0.64,0.61,34.69,55.9,0.79,27.54,12.74,Cascavel,PR,Sul,-24.95,-53.45
2020,297,0.0,0.64,0.6,34.85,55.97,0.79,25.85,11.97,Cascavel,PR,Sul,-24.95,-53.45
2020,298,0.41,0.63,0.6,33.13,63.95,0.67,21.52,10.08,Cascavel,PR,Sul,-24.95,-53.45
2020,299,2.41,0.63,0.61,35.52,56.21,0.65,26.55,12.22,Cascavel,PR,Sul,-24.95,-53.45
2020,300,14.32,0.65,0.7,26.95,73.84,1.19,8.93,4.39,Cascavel,PR,Sul,-24.95,-53.45
2020,301,0.14,0.66,0.63,29.69,58.16,0.86,29.93,13.31,Cascavel,PR,Sul,-24.95,-53.45
2020,302,0.0,0.65,0.61,34.17,43.98,0.8,28.7,12.8,Cascavel,PR,Sul,-24.95,-53.45
2020,303,4.41,0.65,0.64,30.3,60.64,0.75,7.35,3.72,Cascavel,PR,Sul,-24.95,-53.45
2020,304,0.25,0.65,0.63,31.49,67.39,0.74,20.39,9.54,Cascavel,PR,Sul,-24.95,-53.45
2020,305,0.04,0.65,0.62,29.8,61.9,0.67,25.65,11.88,Cascavel,PR,Sul,-24.95,-53.45
2020,306,0.0,0.64,0.61,31.06,55.87,0.65,27.18,12.27,Cascavel,PR,Sul,-24.95,-53.45
2020,307,0.0,0.64,0.6,30.42,55.03,0.71,27.98,12.77,Cascavel,PR,Sul,-24.95,-53.45
2020,308,0.0,0.63,0.6,30.16,52.7,0.72,25.98,11.86,Cascavel,PR,Sul,-24.95,-53.45
2020,309,0.0,0.63,0.59,32.09,45.07,0.82,28.31,12.69,Cascavel,PR,Sul,-24.95,-53.45
2020,310,0.0,0.63,0.57,32.84,43.44,0.68,31.31,13.86,Cascavel,PR,Sul,-24.95,-53.45
2020,311,0.05,0.62,0.55,34.37,39.22,0.85,29.54,13.28,Cascavel,PR,Sul,-24.95,-53.45
2020,312,0.0,0.62,0.53,36.08,40.06,0.94,29.46,13.35,Cascavel,PR,Sul,-24.95,-53.45
2020,313,1.23,0.62,0.52,36.47,47.49,0.95,23.52,10.61,Cascavel,PR,Sul,-24.95,-53.45
2020,314,4.25,0.62,0.55,36.02,58.92,0.94,6.97,3.58,Cascavel,PR,Sul,-24.95,-53.45
2020,315,6.16,0.62,0.63,29.29,78.03,0.66,12.86,6.06,Cascavel,PR,Sul,-24.95,-53.45
2020,316,27.88,0.65,0.77,27.61,80.03,0.49,17.06,7.9,Cascavel,PR,Sul,-24.95,-53.45
2020,317,1.93,0.68,0.68,30.33,75.62,0.55,23.54,10.86,Cascavel,PR,Sul,-24.95,-53.45
2020,318,0.28,0.67,0.65,32.64,64.09,0.68,28.36,13.03,Cascavel,PR,Sul,-24.95,-53.45
2020,319,0.01,0.66,0.62,35.09,57.34,0.82,29.2,13.36,Cascavel,PR,Sul,-24.95,-53.45
2020,320,5.5,0.66,0.66,31.48,73.53,0.65,9.43,4.77,Cascavel,PR,Sul,-24.95,-53.45
2020,321,0.56,0.66,0.64,32.68,75.3,0.71,23.8,11.14,Cascavel,PR,Sul,-24.95,-53.45
2020,322,1.11,0.65,0.62,33.11,61.0,0.8,27.45,12.8,Cascavel,PR,Sul,-24.95,-53.45
2020,323,14.87,0.67,0.74,26.3,76.98,0.56,5.66,3.03,Cascavel,PR,Sul,-24.95,-53.45
2020,324,0.01,0.67,0.65,29.3,61.7,0.85,28.67,12.98,Cascavel,PR,Sul,-24.95,-53.45
2020,325,0.01,0.66,0.63,30.47,54.75,0.71,28.33,12.88,Cascavel,PR,Sul,-24.95,-53.45
2020,326,0.01,0.66,0.62,32.22,47.76,0.77,29.56,13.47,Cascavel,PR,Sul,-24.95,-53.45
2020,327,0.0,0.65,0.61,33.81,41.17,0.8,27.84,12.73,Cascavel,PR,Sul,-24.95,-53.45
2020,328,0.0,0.65,0.6,34.78,50.48,0.95,31.11,14.21,Cascavel,PR,Sul,-24.95,-53.45
2020,329,0.0,0.64,0.59,35.46,47.67,1.01,32.2,14.34,Cascavel,PR,Sul,-24.95,-53.45
2020,330,0.26,0.64,0.59,36.64,52.79,1.11,29.41,13.52,Cascavel,PR,Sul,-24.95,-53.45
2020,331,0.46,0.63,0.57,37.24,51.16,0.94,20.95,9.81,Cascavel,PR,Sul,-24.95,-53.45
2020,332,5.31,0.64,0.62,35.09,64.53,0.73,21.92,10.36,Cascavel,PR,Sul,-24.95,-53.45
2020,333,1.83,0.64,0.61,36.62,59.4,0.94,28.85,13.46,Cascavel,PR,Sul,-24.95,-53.45
2020,334,16.57,0.64,0.69,35.71,60.9,0.94,23.13,10.87,Cascavel,PR,Sul,-24.95,-53.45
2020,335,2.77,0.66,0.67,30.72,71.34,0.57,14.58,7.07,Cascavel,PR,Sul,-24.95,-53.45
2020,336,0.54,0.66,0.63,34.36,66.09,0.66,20.35,9.57,Cascavel,PR,Sul,-24.95,-53.45
2020,337,53.13,0.68,0.8,31.69,73.23,0.71,24.46,11.55,Cascavel,PR,Sul,-24.95,-53.45
2020,338,14.62,0.72,0.8,26.01,87.02,0.78,4.94,2.61,Cascavel,PR,Sul,-24.95,-53.45
2020,339,28.23,0.74,0.86,27.08,89.69,0.73,6.27,3.26,Cascavel,PR,Sul,-24.95,-53.45
2020,340,21.23,0.77,0.87,23.38,90.97,0.66,7.9,4.04,Cascavel,PR,Sul,-24.95,-53.45
2020,341,2.59,0.77,0.8,27.83,83.23,0.6,11.25,5.58,Cascavel,PR,Sul,-24.95,-53.45
2020,342,0.03,0.75,0.75,29.37,75.54,0.59,27.0,12.43,Cascavel,PR,Sul,-24.95,-53.45
2020,343,0.0,0.74,0.73,29.79,68.13,0.69,32.08,14.52,Cascavel,PR,Sul,-24.95,-53.45
2020,344,0.0,0.72,0.69,32.98,57.11,0.5,32.11,14.49,Cascavel,PR,Sul,-24.95,-53.45
2020,345,0.0,0.71,0.68,32.4,62.85,0.75,31.12,14.05,Cascavel,PR,Sul,-24.95,-53.45
2020,346,0.0,0.7,0.67,32.21,66.44,0.93,31.06,14.35,Cascavel,PR,Sul,-24.95,-53.45
2020,347,0.0,0.69,0.65,33.41,64.27,0.82,30.03,13.94,Cascavel,PR,Sul,-24.95,-53.45
2020,348,10.06,0.69,0.71,31.64,72.34,0.92,25.84,12.1,Cascavel,PR,Sul,-24.95,-53.45
2020,349,7.14,0.71,0.74,27.42,84.14,0.54,14.72,7.22,Cascavel,PR,Sul,-24.95,-53.45
2020,350,0.61,0.7,0.69,30.82,76.14,0.73,25.02,11.69,Cascavel,PR,Sul,-24.95,-53.45
2020,351,33.15,0.71,0.79,27.65,84.71,0.59,5.49,2.77,Cascavel,PR,Sul,-24.95,-53.45
2020,352,7.29,0.74,0.78,28.8,84.68,0.55,12.42,6.17,Cascavel,PR,Sul,-24.95,-53.45
2020,353,1.74,0.73,0.74,30.04,84.48,0.63,23.25,10.99,Cascavel,PR,Sul,-24.95,-53.45
2020,354,0.89,0.72,0.72,32.15,79.58,0.93,29.63,14.08,Cascavel,PR,Sul,-24.95,-53.45
2020,355,3.33,0.72,0.73,28.08,82.73,0.64,16.38,7.93,Cascavel,PR,Sul,-24.95,-53.45
2020,356,11.11,0.73,0.79,23.6,89.71,0.82,15.16,7.37,Cascavel,PR,Sul,-24.95,-53.45
2020,357,0.0,0.72,0.72,29.87,69.99,0.71,32.21,14.48,Cascavel,PR,Sul,-24.95,-53.45
2020,358,0.03,0.71,0.7,31.95,63.54,0.65,25.81,11.79,Cascavel,PR,Sul,-24.95,-53.45
2020,359,0.0,0.7,0.68,32.35,70.88,0.67,31.0,14.35,Cascavel,PR,Sul,-24.95,-53.45
2020,360,0.0,0.69,0.66,32.06,61.3,0.71,30.23,14.03,Cascavel,PR,Sul,-24.95,-53.45
2020,361,0.0,0.68,0.65,31.74,61.91,0.6,30.39,14.07,Cascavel,PR,Sul,-24.95,-53.45
2020,362,0.45,0.68,0.64,33.28,62.57,0.72,28.71,13.41,Cascavel,PR,Sul,-24.95,-53.45
2020,363,3.72,0.68,0.66,31.72,71.76,0.7,20.34,9.64,Cascavel,PR,Sul,-24.95,-53.45
2020,364,11.7,0.69,0.72,31.68,74.91,0.69,16.9,8.06,Cascavel,PR,Sul,-24.95,-53.45
2020,365,4.2,0.69,0.7,31.59,78.42,0.85,29.99,14.09,Cascavel,PR,Sul,-24.95,-53.45
2020,366,39.86,0.7,0.77,27.41,88.65,0.77,10.98,5.5,Cascavel,PR,Sul,-24.95,-53.45
2021,1,6.31,0.72,0.75,30.64,70.08,0.65,28.77,13.27,Cascavel,PR,Sul,-24.95,-53.45
2021,2,0.0,0.71,0.69,32.35,57.1,0.53,30.56,14.01,Cascavel,PR,Sul,-24.95,-53.45
2021,3,5.18,0.7,0.71,29.85,73.15,0.83,26.23,12.21,Cascavel,PR,Sul,-24.95,-53.45
2021,4,2.16,0.7,0.69,30.63,74.7,1.0,24.46,11.39,Cascavel,PR,Sul,-24.95,-53.45
2021,5,20.28,0.71,0.79,25.14,91.95,0.98,12.91,6.37,Cascavel,PR,Sul,-24.95,-53.45
2021,6,6.42,0.73,0.77,28.6,81.59,0.64,25.34,11.95,Cascavel,PR,Sul,-24.95,-53.45
2021,7,9.73,0.73,0.77,26.72,89.11,0.53,12.18,5.99,Cascavel,PR,Sul,-24.95,-53.45
2021,8,0.32,0.73,0.73,29.85,77.24,0.48,20.87,9.83,Cascavel,PR,Sul,-24.95,-53.45
2021,9,3.15,0.72,0.72,30.28,71.32,0.53,21.19,10.02,Cascavel,PR,Sul,-24.95,-53.45
2021,10,2.38,0.72,0.72,29.96,76.49,0.56,21.61,10.13,Cascavel,PR,Sul,-24.95,-53.45
2021,11,0.37,0.71,0.7,30.73,78.55,0.72,28.25,13.24,Cascavel,PR,Sul,-24.95,-53.45
2021,12,6.43,0.71,0.72,33.19,79.01,0.44,20.16,9.59,Cascavel,PR,Sul,-24.95,-53.45
2021,13,14.0,0.72,0.79,29.5,85.59,0.48,23.9,11.38,Cascavel,PR,Sul,-24.95,-53.45
2021,14,4.16,0.73,0.74,30.69,80.29,0.76,25.44,11.95,Cascavel,PR,Sul,-24.95,-53.45
2021,15,0.76,0.72,0.7,30.75,77.44,0.88,22.25,10.53,Cascavel,PR,Sul,-24.95,-53.45
2021,16,13.59,0.72,0.76,27.56,88.74,1.05,10.33,5.2,Cascavel,PR,Sul,-24.95,-53.45
2021,17,19.84,0.75,0.83,26.35,92.12,0.71,7.01,3.61,Cascavel,PR,Sul,-24.95,-53.45
2021,18,9.82,0.76,0.8,28.45,85.73,0.85,17.83,8.56,Cascavel,PR,Sul,-24.95,-53.45
2021,19,44.51,0.77,0.88,26.42,89.4,0.76,14.14,6.91,Cascavel,PR,Sul,-24.95,-53.45
2021,20,28.86,0.82,0.91,28.37,87.63,0.62,11.64,5.75,Cascavel,PR,Sul,-24.95,-53.45
2021,21,12.73,0.83,0.89,28.11,90.05,0.72,9.68,4.99,Cascavel,PR,Sul,-24.95,-53.45
2021,22,1.48,0.82,0.83,28.89,85.61,0.69,14.41,6.98,Cascavel,PR,Sul,-24.95,-53.45
2021,23,2.04,0.8,0.82,26.16,88.75,0.61,21.54,10.23,Cascavel,PR,Sul,-24.95,-53.45
2021,24,4.63,0.8,0.83,27.66,85.8,0.56,20.74,9.86,Cascavel,PR,Sul,-24.95,-53.45
2021,25,12.82,0.81,0.86,27.21,88.65,0.63,13.75,6.76,Cascavel,PR,Sul,-24.95,-53.45
2021,26,5.64,0.81,0.84,25.73,92.25,0.9,15.43,7.4,Cascavel,PR,Sul,-24.95,-53.45
2021,27,4.0,0.81,0.83,25.59,90.67,0.86,14.6,7.03,Cascavel,PR,Sul,-24.95,-53.45
2021,28,4.65,0.81,0.83,26.11,92.43,0.98,15.88,7.67,Cascavel,PR,Sul,-24.95,-53.45
2021,29,27.4,0.81,0.88,27.26,90.5,1.01,13.92,6.88,Cascavel,PR,Sul,-24.95,-53.45
2021,30,23.0,0.85,0.92,24.56,95.84,0.94,14.21,6.92,Cascavel,PR,Sul,-24.95,-53.45
2021,31,18.58,0.86,0.91,27.49,92.35,0.83,5.48,2.87,Cascavel,PR,Sul,-24.95,-53.45
2021,32,11.5,0.87,0.9,27.9,92.57,0.67,4.67,2.46,Cascavel,PR,Sul,-24.95,-53.45
2021,33,2.5,0.87,0.87,28.12,89.19,0.75,14.38,7.08,Cascavel,PR,Sul,-24.95,-53.45
2021,34,0.73,0.86,0.86,29.16,85.85,0.65,22.58,10.6,Cascavel,PR,Sul,-24.95,-53.45
2021,35,0.91,0.85,0.85,27.38,86.29,0.98,17.92,8.56,Cascavel,PR,Sul,-24.95,-53.45
2021,36,0.02,0.84,0.84,25.7,81.91,0.84,30.25,13.81,Cascavel,PR,Sul,-24.95,-53.45
2021,37,0.0,0.83,0.83,26.15,79.9,0.69,29.42,13.37,Cascavel,PR,Sul,-24.95,-53.45
2021,38,0.0,0.82,0.82,27.95,75.75,0.76,29.85,13.68,Cascavel,PR,Sul,-24.95,-53.45
2021,39,0.0,0.8,0.81,28.38,65.35,0.74,30.47,13.87,Cascavel,PR,Sul,-24.95,-53.45
2021,40,0.03,0.79,0.8,27.78,76.54,0.73,22.43,10.3,Cascavel,PR,Sul,-24.95,-53.45
2021,41,2.57,0.79,0.81,27.1,78.9,0.7,26.97,12.34,Cascavel,PR,Sul,-24.95,-53.45
2021,42,9.02,0.8,0.83,27.04,82.08,0.62,20.63,9.58,Cascavel,PR,Sul,-24.95,-53.45
2021,43,3.05,0.8,0.82,27.16,86.15,0.55,20.07,9.51,Cascavel,PR,Sul,-24.95,-53.45
2021,44,0.32,0.79,0.8,27.75,80.87,0.55,24.56,11.35,Cascavel,PR,Sul,-24.95,-53.45
2021,45,2.5,0.79,0.8,28.27,85.57,0.65,19.85,9.39,Cascavel,PR,Sul,-24.95,-53.45
2021,46,0.76,0.78,0.79,28.42,82.48,0.68,26.25,12.21,Cascavel,PR,Sul,-24.95,-53.45
2021,47,2.17,0.78,0.79,28.59,81.2,0.66,25.13,11.62,Cascavel,PR,Sul,-24.95,-53.45
2021,48,0.42,0.77,0.78,28.4,78.67,0.74,28.87,13.16,Cascavel,PR,Sul,-24.95,-53.45
2021,49,0.01,0.76,0.76,27.12,72.16,0.73,29.77,13.38,Cascavel,PR,Sul,-24.95,-53.45
2021,50,0.0,0.75,0.75,28.9,68.43,0.66,25.61,11.89,Cascavel,PR,Sul,-24.95,-53.45
2021,51,0.0,0.74,0.74,31.19,65.88,0.5,28.54,13.16,Cascavel,PR,Sul,-24.95,-53.45
2021,52,0.06,0.73,0.72,30.5,71.14,0.81,26.65,12.32,Cascavel,PR,Sul,-24.95,-53.45
2021,53,0.14,0.73,0.71,30.68,73.93,0.88,26.88,12.49,Cascavel,PR,Sul,-24.95,-53.45
2021,54,0.49,0.72,0.71,32.62,67.56,0.67,27.05,12.58,Cascavel,PR,Sul,-24.95,-53.45
2021,55,6.27,0.72,0.74,31.91,71.67,0.54,18.65,8.83,Cascavel,PR,Sul,-24.95,-53.45
2021,56,0.25,0.72,0.7,32.05,72.41,0.51,24.06,11.23,Cascavel,PR,Sul,-24.95,-53.45
2021,57,0.01,0.71,0.69,31.07,69.6,0.74,26.83,12.4,Cascavel,PR,Sul,-24.95,-53.45
2021,58,0.17,0.71,0.68,31.6,68.69,0.75,26.12,12.06,Cascavel,PR,Sul,-24.95,-53.45
2021,59,0.28,0.7,0.68,30.32,71.17,0.66,23.86,11.1,Cascavel,PR,Sul,-24.95,-53.45
2021,60,4.27,0.7,0.69,29.62,79.83,0.87,20.18,9.52,Cascavel,PR,Sul,-24.95,-53.45
2021,61,9.74,0.7,0.73,29.9,79.33,0.85,22.18,10.41,Cascavel,PR,Sul,-24.95,-53.45
2021,62,16.74,0.72,0.79,26.73,90.03,0.81,15.75,7.61,Cascavel,PR,Sul,-24.95,-53.45
2021,63,17.6,0.75,0.84,24.78,95.03,0.78,7.02,3.65,Cascavel,PR,Sul,-24.95,-53.45
2021,64,6.37,0.76,0.8,27.62,85.96,0.66,15.11,7.24,Cascavel,PR,Sul,-24.95,-53.45
2021,65,1.4,0.76,0.77,28.39,80.7,0.54,17.51,8.3,Cascavel,PR,Sul,-24.95,-53.45
2021,66,0.02,0.74,0.74,29.69,73.21,0.64,24.84,11.38,Cascavel,PR,Sul,-24.95,-53.45
2021,67,0.05,0.73,0.72,30.4,67.95,0.6,23.42,10.77,Cascavel,PR,Sul,-24.95,-53.45
2021,68,0.04,0.72,0.71,30.05,67.27,0.73,26.38,12.1,Cascavel,PR,Sul,-24.95,-53.45
2021,69,0.0,0.72,0.7,30.11,65.0,0.64,26.78,12.15,Cascavel,PR,Sul,-24.95,-53.45
2021,70,0.0,0.71,0.69,30.14,58.33,0.76,27.09,12.28,Cascavel,PR,Sul,-24.95,-53.45
2021,71,0.03,0.7,0.68,31.71,49.5,0.58,22.17,10.27,Cascavel,PR,Sul,-24.95,-53.45
2021,72,0.01,0.7,0.67,32.97,54.24,0.7,26.36,12.04,Cascavel,PR,Sul,-24.95,-53.45
2021,73,0.58,0.69,0.66,33.52,58.47,0.75,22.22,10.33,Cascavel,PR,Sul,-24.95,-53.45
2021,74,0.04,0.69,0.66,33.19,73.62,0.61,22.14,10.29,Cascavel,PR,Sul,-24.95,-53.45
2021,75,4.82,0.68,0.68,32.22,73.71,0.89,23.23,10.86,Cascavel,PR,Sul,-24.95,-53.45
2021,76,13.43,0.7,0.75,24.88,91.23,0.53,13.64,6.48,Cascavel,PR,Sul,-24.95,-53.45
2021,77,0.45,0.71,0.7,31.03,77.16,0.58,23.88,10.95,Cascavel,PR,Sul,-24.95,-53.45
2021,78,0.78,0.7,0.68,30.06,75.48,0.8,20.25,9.41,Cascavel,PR,Sul,-24.95,-53.45
2021,79,0.41,0.69,0.67,30.39,78.5,1.03,20.67,9.73,Cascavel,PR,Sul,-24.95,-53.45
2021,80,3.26,0.69,0.68,31.69,74.85,0.64,19.9,9.32,Cascavel,PR,Sul,-24.95,-53.45
2021,81,5.84,0.7,0.71,31.59,79.56,0.54,17.21,8.13,Cascavel,PR,Sul,-24.95,-53.45
2021,82,2.89,0.7,0.7,30.95,80.24,0.57,21.78,10.28,Cascavel,PR,Sul,-24.95,-53.45
2021,83,0.37,0.7,0.68,30.7,77.2,0.49,21.54,10.06,Cascavel,PR,Sul,-24.95,-53.45
2021,84,3.17,0.69,0.69,32.33,75.33,0.68,20.8,9.72,Cascavel,PR,Sul,-24.95,-53.45
2021,85,4.35,0.7,0.7,31.48,78.79,0.7,17.18,8.0,Cascavel,PR,Sul,-24.95,-53.45
2021,86,1.56,0.69,0.68,32.45,74.13,0.73,18.87,8.83,Cascavel,PR,Sul,-24.95,-53.45
2021,87,1.0,0.69,0.68,30.03,78.3,0.64,18.05,8.56,Cascavel,PR,Sul,-24.95,-53.45
2021,88,0.8,0.69,0.67,29.15,78.55,0.7,16.53,7.73,Cascavel,PR,Sul,-24.95,-53.45
2021,89,1.55,0.68,0.67,27.03,76.28,0.71,14.45,6.79,Cascavel,PR,Sul,-24.95,-53.45
2021,90,0.49,0.68,0.66,28.16,70.86,0.64,23.72,10.75,Cascavel,PR,Sul,-24.95,-53.45
2021,91,0.0,0.68,0.65,29.17,60.69,0.52,23.79,10.64,Cascavel,PR,Sul,-24.95,-53.45
2021,92,0.01,0.67,0.65,29.45,67.25,0.76,22.64,10.3,Cascavel,PR,Sul,-24.95,-53.45
2021,93,0.02,0.67,0.64,30.62,65.29,0.64,22.03,10.1,Cascavel,PR,Sul,-24.95,-53.45
2021,94,0.35,0.66,0.64,31.05,64.61,0.63,21.25,9.83,Cascavel,PR,Sul,-24.95,-53.45
2021,95,0.02,0.66,0.63,30.7,64.49,0.8,21.2,9.81,Cascavel,PR,Sul,-24.95,-53.45
2021,96,0.01,0.66,0.64,26.36,70.92,0.64,11.28,5.4,Cascavel,PR,Sul,-24.95,-53.45
2021,97,0.01,0.66,0.63,31.05,66.61,0.72,20.94,9.71,Cascavel,PR,Sul,-24.95,-53.45
2021,98,0.04,0.65,0.63,30.28,70.14,1.0,20.77,9.56,Cascavel,PR,Sul,-24.95,-53.45
2021,99,0.01,0.65,0.62,31.5,66.96,1.01,21.77,10.09,Cascavel,PR,Sul,-24.95,-53.45
2021,100,0.0,0.65,0.61,32.08,57.91,0.89,21.52,9.9,Cascavel,PR,Sul,-24.95,-53.45
2021,101,1.04,0.65,0.61,32.22,62.55,0.89,20.01,9.25,Cascavel,PR,Sul,-24.95,-53.45
2021,102,0.26,0.65,0.63,30.18,75.89,0.76,17.37,8.16,Cascavel,PR,Sul,-24.95,-53.45
2021,103,0.0,0.64,0.61,31.37,63.21,0.58,18.12,8.28,Cascavel,PR,Sul,-24.95,-53.45
2021,104,0.04,0.64,0.62,29.88,71.43,0.63,17.03,7.96,Cascavel,PR,Sul,-24.95,-53.45
2021,105,1.29,0.64,0.62,30.44,66.95,0.52,20.33,9.47,Cascavel,PR,Sul,-24.95,-53.45
2021,106,1.63,0.64,0.63,28.41,68.56,0.63,9.58,4.67,Cascavel,PR,Sul,-24.95,-53.45
2021,107,0.29,0.64,0.62,28.66,68.24,0.53,19.14,8.84,Cascavel,PR,Sul,-24.95,-53.45
2021,108,0.47,0.64,0.62,29.56,69.42,0.52,19.26,8.92,Cascavel,PR,Sul,-24.95,-53.45
2021,109,0.35,0.64,0.61,29.89,63.56,0.7,19.95,9.15,Cascavel,PR,Sul,-24.95,-53.45
2021,110,0.12,0.64,0.61,29.89,60.78,0.64,20.21,9.24,Cascavel,PR,Sul,-24.95,-53.45
2021,111,0.0,0.64,0.6,29.25,61.47,0.81,19.91,9.08,Cascavel,PR,Sul,-24.95,-53.45
2021,112,0.0,0.63,0.6,28.77,66.67,0.83,19.55,8.89,Cascavel,PR,Sul,-24.95,-53.45
2021,113,0.09,0.63,0.59,26.62,67.25,0.71,14.98,6.88,Cascavel,PR,Sul,-24.95,-53.45
2021,114,1.96,0.63,0.6,28.43,72.63,0.65,9.91,4.71,Cascavel,PR,Sul,-24.95,-53.45
2021,115,2.45,0.64,0.64,25.39,80.79,0.61,11.91,5.58,Cascavel,PR,Sul,-24.95,-53.45
2021,116,0.02,0.64,0.61,25.77,69.9,0.71,19.42,8.7,Cascavel,PR,Sul,-24.95,-53.45
2021,117,0.0,0.63,0.6,25.56,61.91,0.67,19.41,8.61,Cascavel,PR,Sul,-24.95,-53.45
2021,118,0.26,0.63,0.6,26.86,58.42,0.64,20.26,8.83,Cascavel,PR,Sul,-24.95,-53.45
2021,119,0.51,0.63,0.59,28.14,56.45,0.76,19.45,8.65,Cascavel,PR,Sul,-24.95,-53.45
2021,120,0.04,0.63,0.58,27.08,60.4,0.87,19.79,8.8,Cascavel,PR,Sul,-24.95,-53.45
2021,121,0.0,0.63,0.57,28.57,68.77,0.85,17.97,8.12,Cascavel,PR,Sul,-24.95,-53.45
2021,122,0.01,0.63,0.57,30.32,68.65,0.85,17.8,8.13,Cascavel,PR,Sul,-24.95,-53.45
2021,123,0.0,0.62,0.55,31.48,59.41,0.85,18.38,8.47,Cascavel,PR,Sul,-24.95,-53.45
2021,124,0.0,0.62,0.54,32.35,55.63,0.78,18.49,8.4,Cascavel,PR,Sul,-24.95,-53.45
2021,125,0.15,0.62,0.53,32.15,56.9,0.95,17.4,7.96,Cascavel,PR,Sul,-24.95,-53.45
2021,126,8.74,0.63,0.63,19.31,90.79,0.9,3.81,1.97,Cascavel,PR,Sul,-24.95,-53.45
2021,127,0.12,0.63,0.62,23.16,67.8,0.71,19.09,8.39,Cascavel,PR,Sul,-24.95,-53.45
2021,128,0.03,0.63,0.61,26.05,66.68,0.76,17.49,7.86,Cascavel,PR,Sul,-24.95,-53.45
2021,129,0.02,0.63,0.6,28.17,65.19,0.69,17.69,8.0,Cascavel,PR,Sul,-24.95,-53.45
2021,130,0.0,0.63,0.59,28.9,58.27,0.69,17.41,7.91,Cascavel,PR,Sul,-24.95,-53.45
2021,131,2.84,0.63,0.61,26.92,71.09,0.61,11.73,5.42,Cascavel,PR,Sul,-24.95,-53.45
2021,132,3.88,0.64,0.65,22.8,81.94,0.68,4.82,2.36,Cascavel,PR,Sul,-24.95,-53.45
2021,133,0.65,0.64,0.62,24.73,75.35,0.65,14.21,6.33,Cascavel,PR,Sul,-24.95,-53.45
2021,134,0.07,0.63,0.61,24.92,71.82,0.59,11.67,5.29,Cascavel,PR,Sul,-24.95,-53.45
2021,135,0.11,0.63,0.6,26.76,65.89,0.58,12.67,5.74,Cascavel,PR,Sul,-24.95,-53.45
2021,136,0.14,0.63,0.59,26.44,67.57,0.66,15.25,6.91,Cascavel,PR,Sul,-24.95,-53.45
2021,137,0.0,0.63,0.59,26.07,68.64,0.83,16.6,7.49,Cascavel,PR,Sul,-24.95,-53.45
2021,138,0.01,0.63,0.58,26.23,62.72,0.7,17.39,7.63,Cascavel,PR,Sul,-24.95,-53.45
2021,139,0.01,0.63,0.57,28.82,49.67,0.68,16.61,7.35,Cascavel,PR,Sul,-24.95,-53.45
2021,140,0.0,0.62,0.55,29.75,51.9,0.81,16.07,7.24,Cascavel,PR,Sul,-24.95,-53.45
2021,141,4.67,0.62,0.57,26.64,67.26,1.02,13.23,6.02,Cascavel,PR,Sul,-24.95,-53.45
2021,142,6.57,0.64,0.68,21.43,82.05,0.66,12.26,5.62,Cascavel,PR,Sul,-24.95,-53.45
2021,143,0.0,0.64,0.62,19.51,65.8,0.9,17.42,7.57,Cascavel,PR,Sul,-24.95,-53.45
2021,144,0.0,0.64,0.61,19.77,67.47,0.76,16.81,7.34,Cascavel,PR,Sul,-24.95,-53.45
2021,145,0.01,0.63,0.61,24.67,56.61,0.62,16.36,7.15,Cascavel,PR,Sul,-24.95,-53.45
2021,146,0.0,0.63,0.6,26.66,50.97,0.72,11.78,5.22,Cascavel,PR,Sul,-24.95,-53.45
2021,147,0.0,0.63,0.59,27.6,64.34,0.62,12.77,5.74,Cascavel,PR,Sul,-24.95,-53.45
2021,148,0.06,0.63,0.58,26.19,70.07,1.16,9.63,4.5,Cascavel,PR,Sul,-24.95,-53.45
2021,149,0.49,0.63,0.58,28.01,69.46,0.8,11.39,5.16,Cascavel,PR,Sul,-24.95,-53.45
2021,150,3.09,0.63,0.63,20.07,77.74,0.73,7.85,3.63,Cascavel,PR,Sul,-24.95,-53.45
2021,151,0.0,0.63,0.61,26.53,65.68,0.62,8.44,3.74,Cascavel,PR,Sul,-24.95,-53.45
2021,152,0.02,0.63,0.59,26.31,72.06,0.71,10.03,4.51,Cascavel,PR,Sul,-24.95,-53.45
2021,153,0.57,0.63,0.59,27.65,74.74,0.74,13.87,6.37,Cascavel,PR,Sul,-24.95,-53.45
2021,154,0.08,0.63,0.58,29.45,73.28,0.67,14.98,6.89,Cascavel,PR,Sul,-24.95,-53.45
2021,155,0.0,0.62,0.57,29.89,68.83,0.95,15.36,7.0,Cascavel,PR,Sul,-24.95,-53.45
2021,156,0.02,0.62,0.55,30.17,63.85,0.98,14.76,6.7,Cascavel,PR,Sul,-24.95,-53.45
2021,157,10.98,0.62,0.61,27.31,72.95,0.66,2.86,1.47,Cascavel,PR,Sul,-24.95,-53.45
2021,158,12.9,0.66,0.74,24.54,88.84,0.5,8.03,3.7,Cascavel,PR,Sul,-24.95,-53.45
2021,159,2.89,0.66,0.68,21.24,90.37,0.65,9.08,4.22,Cascavel,PR,Sul,-24.95,-53.45
2021,160,7.92,0.66,0.68,21.19,87.92,0.88,11.18,5.12,Cascavel,PR,Sul,-24.95,-53.45
2021,161,5.79,0.68,0.72,21.59,92.54,0.73,7.38,3.4,Cascavel,PR,Sul,-24.95,-53.45
2021,162,0.36,0.68,0.66,22.54,83.29,0.71,13.82,6.25,Cascavel,PR,Sul,-24.95,-53.45
2021,163,0.01,0.67,0.65,21.31,70.82,0.61,15.88,7.0,Cascavel,PR,Sul,-24.95,-53.45
2021,164,0.01,0.67,0.64,23.67,68.68,0.75,14.93,6.64,Cascavel,PR,Sul,-24.95,-53.45
2021,165,0.01,0.66,0.64,24.06,66.61,0.66,14.93,6.64,Cascavel,PR,Sul,-24.95,-53.45
2021,166,0.0,0.66,0.64,23.89,71.31,0.76,14.73,6.52,Cascavel,PR,Sul,-24.95,-53.45
2021,167,0.01,0.66,0.64,21.61,80.05,0.66,14.0,6.21,Cascavel,PR,Sul,-24.95,-53.45
2021,168,0.0,0.66,0.63,20.11,74.14,0.53,10.42,4.67,Cascavel,PR,Sul,-24.95,-53.45
2021,169,11.52,0.66,0.68,21.49,79.01,0.52,4.55,2.18,Cascavel,PR,Sul,-24.95,-53.45
2021,170,25.74,0.71,0.84,15.88,96.97,0.66,1.7,0.92,Cascavel,PR,Sul,-24.95,-53.45
2021,171,0.89,0.72,0.72,19.04,88.26,0.43,8.32,3.74,Cascavel,PR,Sul,-24.95,-53.45
2021,172,7.34,0.71,0.74,18.53,92.96,0.62,3.36,1.67,Cascavel,PR,Sul,-24.95,-53.45
2021,173,0.56,0.72,0.72,22.27,86.14,0.53,8.92,3.96,Cascavel,PR,Sul,-24.95,-53.45
2021,174,0.06,0.71,0.7,23.32,84.09,1.08,11.52,5.23,Cascavel,PR,Sul,-24.95,-53.45
2021,175,1.4,0.7,0.69,22.48,82.26,1.24,9.6,4.39,Cascavel,PR,Sul,-24.95,-53.45
2021,176,1.16,0.7,0.7,25.56,86.67,0.59,12.46,5.61,Cascavel,PR,Sul,-24.95,-53.45
2021,177,0.07,0.7,0.68,26.74,74.08,1.15,13.92,6.22,Cascavel,PR,Sul,-24.95,-53.45
2021,178,13.51,0.7,0.75,18.09,90.03,0.96,4.3,2.09,Cascavel,PR,Sul,-24.95,-53.45
2021,179,3.95,0.72,0.75,9.51,81.47,0.97,3.91,1.93,Cascavel,PR,Sul,-24.95,-53.45
2021,180,0.04,0.71,0.71,10.79,75.54,0.8,16.31,6.94,Cascavel,PR,Sul,-24.95,-53.45
2021,181,0.08,0.71,0.7,14.85,78.35,0.7,14.54,6.33,Cascavel,PR,Sul,-24.95,-53.45
2021,182,0.17,0.71,0.7,17.81,76.86,0.84,16.13,6.88,Cascavel,PR,Sul,-24.95,-53.45
2021,183,0.2,0.7,0.69,20.74,68.52,0.77,16.38,6.95,Cascavel,PR,Sul,-24.95,-53.45
2021,184,0.02,0.7,0.69,21.15,65.91,0.8,15.05,6.5,Cascavel,PR,Sul,-24.95,-53.45
2021,185,0.0,0.7,0.68,24.35,75.11,0.62,14.09,6.09,Cascavel,PR,Sul,-24.95,-53.45
2021,186,0.01,0.69,0.68,24.66,70.71,0.59,15.16,6.63,Cascavel,PR,Sul,-24.95,-53.45
2021,187,0.0,0.69,0.67,23.78,75.26,0.62,14.71,6.48,Cascavel,PR,Sul,-24.95,-53.45
2021,188,0.01,0.69,0.67,23.4,72.09,0.77,15.33,6.74,Cascavel,PR,Sul,-24.95,-53.45
2021,189,0.0,0.68,0.66,24.29,70.69,0.66,15.66,6.86,Cascavel,PR,Sul,-24.95,-53.45
2021,190,0.02,0.68,0.66,22.68,75.62,0.76,15.92,6.91,Cascavel,PR,Sul,-24.95,-53.45
2021,191,0.01,0.68,0.65,25.76,66.77,0.7,13.58,5.94,Cascavel,PR,Sul,-24.95,-53.45
2021,192,0.0,0.67,0.65,26.83,64.65,0.69,15.18,6.74,Cascavel,PR,Sul,-24.95,-53.45
2021,193,0.01,0.67,0.64,25.83,65.07,0.85,15.54,6.72,Cascavel,PR,Sul,-24.95,-53.45
2021,194,0.0,0.67,0.64,26.72,61.68,0.84,11.5,5.1,Cascavel,PR,Sul,-24.95,-53.45
2021,195,0.0,0.67,0.63,26.69,60.59,0.88,12.54,5.56,Cascavel,PR,Sul,-24.95,-53.45
2021,196,9.91,0.67,0.7,22.78,80.0,0.58,7.0,3.23,Cascavel,PR,Sul,-24.95,-53.45
2021,197,0.82,0.68,0.68,20.36,89.3,0.42,3.97,1.98,Cascavel,PR,Sul,-24.95,-53.45
2021,198,0.89,0.68,0.67,20.8,85.75,0.61,7.05,3.16,Cascavel,PR,Sul,-24.95,-53.45
2021,199,0.03,0.68,0.66,13.51,66.54,1.01,17.52,7.43,Cascavel,PR,Sul,-24.95,-53.45
2021,200,0.01,0.68,0.66,15.29,65.91,0.72,16.72,7.07,Cascavel,PR,Sul,-24.95,-53.45
2021,201,0.02,0.68,0.66,18.04,62.99,0.68,14.3,6.04,Cascavel,PR,Sul,-24.95,-53.45
2021,202,0.02,0.67,0.65,22.43,54.15,0.57,15.08,6.63,Cascavel,PR,Sul,-24.95,-53.45
2021,203,0.0,0.67,0.64,27.08,54.38,0.75,16.81,7.32,Cascavel,PR,Sul,-24.95,-53.45
2021,204,0.01,0.67,0.64,26.68,57.74,0.9,17.34,7.44,Cascavel,PR,Sul,-24.95,-53.45
2021,205,0.0,0.66,0.63,27.51,60.82,0.96,16.76,7.48,Cascavel,PR,Sul,-24.95,-53.45
2021,206,0.0,0.66,0.63,27.49,60.7,0.99,16.55,7.41,Cascavel,PR,Sul,-24.95,-53.45
2021,207,0.08,0.66,0.62,28.5,59.88,0.96,15.27,6.83,Cascavel,PR,Sul,-24.95,-53.45
2021,208,21.5,0.68,0.77,18.23,79.48,1.06,5.22,2.49,Cascavel,PR,Sul,-24.95,-53.45
2021,209,0.0,0.69,0.68,12.44,57.97,1.01,17.17,7.38,Cascavel,PR,Sul,-24.95,-53.45
2021,210,0.05,0.69,0.67,12.52,65.8,0.77,18.61,7.93,Cascavel,PR,Sul,-24.95,-53.45
2021,211,0.09,0.68,0.67,18.33,59.52,0.69,17.41,7.41,Cascavel,PR,Sul,-24.95,-53.45
2021,212,0.85,0.68,0.67,14.82,70.74,0.7,10.43,4.6,Cascavel,PR,Sul,-24.95,-53.45
2021,213,1.07,0.68,0.68,21.94,71.54,0.56,13.93,6.21,Cascavel,PR,Sul,-24.95,-53.45
2021,214,0.03,0.68,0.66,22.67,70.36,0.71,18.31,7.94,Cascavel,PR,Sul,-24.95,-53.45
2021,215,0.01,0.67,0.65,23.77,67.28,0.55,18.71,7.97,Cascavel,PR,Sul,-24.95,-53.45
2021,216,0.0,0.67,0.65,23.33,61.48,0.72,18.09,7.85,Cascavel,PR,Sul,-24.95,-53.45
2021,217,0.0,0.67,0.64,24.23,72.39,0.79,13.49,5.99,Cascavel,PR,Sul,-24.95,-53.45
2021,218,0.0,0.67,0.64,26.72,65.97,0.96,16.31,7.33,Cascavel,PR,Sul,-24.95,-53.45
2021,219,0.0,0.66,0.63,27.53,66.22,0.93,17.69,8.01,Cascavel,PR,Sul,-24.95,-53.45
2021,220,0.0,0.66,0.63,28.44,65.89,0.89,18.23,8.2,Cascavel,PR,Sul,-24.95,-53.45
2021,221,0.0,0.66,0.62,30.46,60.91,0.93,16.63,7.48,Cascavel,PR,Sul,-24.95,-53.45
2021,222,0.06,0.65,0.63,24.6,77.55,0.86,14.76,6.62,Cascavel,PR,Sul,-24.95,-53.45
2021,223,0.07,0.65,0.63,21.84,69.73,0.91,11.59,5.17,Cascavel,PR,Sul,-24.95,-53.45
2021,224,5.28,0.65,0.64,22.72,74.61,0.41,6.87,3.21,Cascavel,PR,Sul,-24.95,-53.45
2021,225,20.2,0.68,0.79,19.96,91.03,0.46,6.53,3.09,Cascavel,PR,Sul,-24.95,-53.45
2021,226,0.44,0.69,0.69,24.79,83.25,0.57,16.7,7.54,Cascavel,PR,Sul,-24.95,-53.45
2021,227,0.01,0.69,0.67,25.95,80.42,0.53,14.78,6.64,Cascavel,PR,Sul,-24.95,-53.45
2021,228,0.01,0.68,0.66,29.21,69.06,0.67,17.69,7.87,Cascavel,PR,Sul,-24.95,-53.45
2021,229,0.0,0.67,0.65,32.41,61.93,0.79,18.06,8.09,Cascavel,PR,Sul,-24.95,-53.45
2021,230,0.0,0.67,0.64,32.61,56.37,0.88,18.72,8.35,Cascavel,PR,Sul,-24.95,-53.45
2021,231,0.0,0.66,0.63,32.68,52.34,1.07,19.72,8.7,Cascavel,PR,Sul,-24.95,-53.45
2021,232,0.0,0.66,0.62,31.77,51.32,0.97,18.99,8.33,Cascavel,PR,Sul,-24.95,-53.45
2021,233,0.0,0.65,0.62,31.91,50.31,0.97,19.39,8.45,Cascavel,PR,Sul,-24.95,-53.45
2021,234,0.0,0.65,0.61,32.05,49.54,1.0,20.05,8.85,Cascavel,PR,Sul,-24.95,-53.45
2021,235,0.0,0.64,0.61,32.45,51.26,0.96,11.93,4.97,Cascavel,PR,Sul,-24.95,-53.45
2021,236,2.37,0.64,0.63,29.37,65.22,0.71,9.25,3.91,Cascavel,PR,Sul,-24.95,-53.45
2021,237,2.14,0.64,0.63,33.83,64.78,1.13,7.36,3.31,Cascavel,PR,Sul,-24.95,-53.45
2021,238,3.17,0.65,0.66,22.49,76.94,0.76,6.9,3.26,Cascavel,PR,Sul,-24.95,-53.45
2021,239,0.23,0.65,0.63,19.24,81.23,0.61,8.32,3.91,Cascavel,PR,Sul,-24.95,-53.45
2021,240,0.0,0.65,0.62,25.94,75.91,0.77,11.35,5.19,Cascavel,PR,Sul,-24.95,-53.45
2021,241,0.0,0.65,0.62,27.45,73.2,0.6,17.5,7.84,Cascavel,PR,Sul,-24.95,-53.45
2021,242,0.0,0.64,0.62,28.57,63.72,0.87,21.71,9.69,Cascavel,PR,Sul,-24.95,-53.45
2021,243,0.01,0.64,0.61,29.48,61.84,0.96,21.8,9.79,Cascavel,PR,Sul,-24.95,-53.45
2021,244,0.03,0.64,0.61,29.29,60.05,1.08,22.12,9.85,Cascavel,PR,Sul,-24.95,-53.45
2021,245,0.0,0.64,0.6,31.34,50.33,0.9,21.09,9.38,Cascavel,PR,Sul,-24.95,-53.45
2021,246,0.05,0.63,0.6,33.8,53.03,0.69,20.0,8.82,Cascavel,PR,Sul,-24.95,-53.45
2021,247,3.85,0.63,0.63,28.03,67.01,0.55,13.69,6.19,Cascavel,PR,Sul,-24.95,-53.45
2021,248,2.3,0.64,0.64,31.44,71.49,0.67,20.26,9.07,Cascavel,PR,Sul,-24.95,-53.45
2021,249,0.15,0.64,0.61,34.46,63.31,0.77,19.69,8.85,Cascavel,PR,Sul,-24.95,-53.45
2021,250,0.0,0.63,0.6,34.06,52.17,1.28,20.19,9.12,Cascavel,PR,Sul,-24.95,-53.45
2021,251,9.65,0.63,0.67,31.24,65.92,1.21,9.38,4.34,Cascavel,PR,Sul,-24.95,-53.45
2021,252,0.24,0.64,0.63,22.69,66.03,0.91,13.86,6.31,Cascavel,PR,Sul,-24.95,-53.45
2021,253,0.01,0.64,0.62,24.66,59.31,0.86,23.07,10.06,Cascavel,PR,Sul,-24.95,-53.45
2021,254,3.07,0.64,0.64,28.76,60.06,0.68,18.06,8.22,Cascavel,PR,Sul,-24.95,-53.45
2021,255,0.14,0.64,0.61,34.14,59.49,1.04,18.0,8.05,Cascavel,PR,Sul,-24.95,-53.45
2021,256,3.59,0.64,0.62,33.62,56.39,1.25,17.07,7.52,Cascavel,PR,Sul,-24.95,-53.45
2021,257,25.66,0.67,0.8,26.42,83.15,0.99,11.79,5.37,Cascavel,PR,Sul,-24.95,-53.45
2021,258,0.52,0.68,0.67,25.13,78.24,1.08,12.81,5.93,Cascavel,PR,Sul,-24.95,-53.45
2021,259,4.75,0.67,0.68,22.89,82.74,1.01,11.96,5.48,Cascavel,PR,Sul,-24.95,-53.45
2021,260,0.12,0.67,0.67,31.34,72.91,1.05,17.28,7.93,Cascavel,PR,Sul,-24.95,-53.45
2021,261,0.03,0.67,0.64,34.3,71.34,0.68,20.75,9.29,Cascavel,PR,Sul,-24.95,-53.45
2021,262,0.01,0.66,0.63,32.27,68.83,0.68,18.9,8.38,Cascavel,PR,Sul,-24.95,-53.45
2021,263,0.01,0.65,0.62,37.37,54.54,0.95,22.42,9.79,Cascavel,PR,Sul,-24.95,-53.45
2021,264,0.05,0.65,0.62,31.89,68.31,1.17,13.15,5.63,Cascavel,PR,Sul,-24.95,-53.45
2021,265,0.03,0.65,0.62,31.25,65.42,0.73,21.11,9.23,Cascavel,PR,Sul,-24.95,-53.45
2021,266,0.07,0.64,0.61,28.95,61.32,0.9,16.05,7.12,Cascavel,PR,Sul,-24.95,-53.45
2021,267,0.0,0.64,0.61,29.71,69.23,0.75,19.15,8.58,Cascavel,PR,Sul,-24.95,-53.45
2021,268,0.0,0.64,0.61,31.01,57.03,0.76,24.18,10.53,Cascavel,PR,Sul,-24.95,-53.45
2021,269,0.0,0.63,0.6,34.71,52.43,0.73,21.49,9.22,Cascavel,PR,Sul,-24.95,-53.45
2021,270,0.0,0.63,0.6,35.6,57.18,0.81,24.29,10.72,Cascavel,PR,Sul,-24.95,-53.45
2021,271,0.2,0.63,0.58,35.89,53.73,0.9,18.94,8.58,Cascavel,PR,Sul,-24.95,-53.45
2021,272,8.14,0.63,0.66,31.23,73.78,0.64,5.63,2.82,Cascavel,PR,Sul,-24.95,-53.45
2021,273,5.21,0.64,0.66,32.86,65.03,1.08,17.8,7.95,Cascavel,PR,Sul,-24.95,-53.45
2021,274,30.49,0.67,0.78,25.86,78.85,0.7,4.84,2.39,Cascavel,PR,Sul,-24.95,-53.45
2021,275,20.83,0.71,0.8,25.9,88.4,0.74,5.64,2.72,Cascavel,PR,Sul,-24.95,-53.45
2021,276,59.68,0.75,0.89,25.78,92.13,1.1,1.36,0.77,Cascavel,PR,Sul,-24.95,-53.45
2021,277,5.93,0.78,0.82,24.26,82.98,0.87,8.32,4.05,Cascavel,PR,Sul,-24.95,-53.45
2021,278,0.86,0.76,0.76,28.7,75.85,0.55,17.12,7.85,Cascavel,PR,Sul,-24.95,-53.45
2021,279,21.48,0.75,0.82,29.82,84.26,0.91,19.85,9.18,Cascavel,PR,Sul,-24.95,-53.45
2021,280,7.24,0.78,0.83,27.26,89.16,0.63,8.6,4.23,Cascavel,PR,Sul,-24.95,-53.45
2021,281,2.06,0.77,0.78,28.1,85.07,0.75,11.37,5.54,Cascavel,PR,Sul,-24.95,-53.45
2021,282,23.53,0.76,0.82,25.04,88.71,0.93,2.73,1.47,Cascavel,PR,Sul,-24.95,-53.45
2021,283,5.57,0.79,0.83,23.01,87.99,0.89,10.29,4.99,Cascavel,PR,Sul,-24.95,-53.45
2021,284,0.04,0.78,0.78,27.01,79.06,0.6,20.13,9.34,Cascavel,PR,Sul,-24.95,-53.45
2021,285,0.0,0.77,0.77,28.19,77.56,0.64,25.07,11.51,Cascavel,PR,Sul,-24.95,-53.45
2021,286,0.04,0.75,0.75,29.44,71.94,1.04,27.38,12.62,Cascavel,PR,Sul,-24.95,-53.45
2021,287,57.07,0.78,0.89,24.09,89.22,0.91,12.54,5.83,Cascavel,PR,Sul,-24.95,-53.45
2021,288,38.29,0.81,0.89,26.33,93.92,1.37,2.99,1.56,Cascavel,PR,Sul,-24.95,-53.45
2021,289,1.28,0.82,0.83,23.54,86.97,0.94,16.5,7.78,Cascavel,PR,Sul,-24.95,-53.45
2021,290,3.75,0.81,0.83,23.04,89.68,0.57,8.33,4.14,Cascavel,PR,Sul,-24.95,-53.45
2021,291,0.35,0.8,0.81,26.18,82.8,0.68,18.25,8.46,Cascavel,PR,Sul,-24.95,-53.45
2021,292,2.74,0.79,0.81,25.39,81.2,0.54,21.13,9.75,Cascavel,PR,Sul,-24.95,-53.45
2021,293,0.15,0.79,0.79,25.79,74.49,0.61,27.76,12.49,Cascavel,PR,Sul,-24.95,-53.45
2021,294,0.01,0.78,0.78,25.84,72.57,0.72,26.24,11.89,Cascavel,PR,Sul,-24.95,-53.45
2021,295,0.0,0.77,0.77,28.1,70.26,0.73,25.44,11.5,Cascavel,PR,Sul,-24.95,-53.45
2021,296,41.82,0.76,0.82,26.17,76.55,1.64,10.77,5.05,Cascavel,PR,Sul,-24.95,-53.45
2021,297,6.05,0.79,0.83,22.12,81.23,0.85,23.09,10.41,Cascavel,PR,Sul,-24.95,-53.45
2021,298,0.01,0.78,0.78,26.06,72.23,0.83,26.6,11.98,Cascavel,PR,Sul,-24.95,-53.45
2021,299,0.0,0.77,0.77,29.18,69.51,0.65,23.32,10.53,Cascavel,PR,Sul,-24.95,-53.45
2021,300,0.09,0.76,0.76,30.07,71.41,0.57,24.08,10.96,Cascavel,PR,Sul,-24.95,-53.45
2021,301,0.11,0.75,0.75,30.12,76.34,0.82,26.39,12.19,Cascavel,PR,Sul,-24.95,-53.45
2021,302,5.52,0.74,0.77,28.95,79.45,0.68,24.98,11.53,Cascavel,PR,Sul,-24.95,-53.45
2021,303,16.65,0.76,0.83,28.32,82.16,0.76,18.7,8.81,Cascavel,PR,Sul,-24.95,-53.45
2021,304,3.87,0.77,0.79,28.47,80.69,0.6,23.14,10.76,Cascavel,PR,Sul,-24.95,-53.45
2021,305,0.19,0.76,0.76,28.77,77.82,0.65,27.27,12.52,Cascavel,PR,Sul,-24.95,-53.45
2021,306,0.01,0.75,0.75,30.83,66.12,0.54,27.16,12.53,Cascavel,PR,Sul,-24.95,-53.45
2021,307,0.0,0.74,0.73,29.98,72.53,0.81,27.14,12.56,Cascavel,PR,Sul,-24.95,-53.45
2021,308,0.19,0.73,0.72,32.38,71.53,0.59,24.6,11.41,Cascavel,PR,Sul,-24.95,-53.45
2021,309,4.23,0.73,0.74,32.45,75.2,0.65,20.1,9.43,Cascavel,PR,Sul,-24.95,-53.45
2021,310,0.73,0.72,0.72,31.31,75.89,0.67,23.77,11.07,Cascavel,PR,Sul,-24.95,-53.45
2021,311,1.4,0.71,0.7,30.52,75.23,0.69,24.6,11.48,Cascavel,PR,Sul,-24.95,-53.45
2021,312,2.36,0.71,0.71,29.0,77.55,0.64,21.89,10.2,Cascavel,PR,Sul,-24.95,-53.45
2021,313,0.22,0.71,0.69,31.88,68.28,0.58,28.26,12.96,Cascavel,PR,Sul,-24.95,-53.45
2021,314,10.74,0.71,0.72,29.0,79.32,0.78,14.64,7.07,Cascavel,PR,Sul,-24.95,-53.45
2021,315,2.73,0.72,0.75,28.0,76.58,0.66,23.93,11.12,Cascavel,PR,Sul,-24.95,-53.45
2021,316,0.13,0.72,0.7,30.0,69.23,0.65,28.37,13.07,Cascavel,PR,Sul,-24.95,-53.45
2021,317,0.0,0.71,0.68,29.63,67.18,0.86,25.42,11.59,Cascavel,PR,Sul,-24.95,-53.45
2021,318,0.0,0.7,0.67,31.12,60.02,0.92,24.93,11.17,Cascavel,PR,Sul,-24.95,-53.45
2021,319,0.03,0.69,0.67,27.83,67.36,0.96,24.76,11.32,Cascavel,PR,Sul,-24.95,-53.45
2021,320,0.0,0.69,0.66,32.62,63.54,0.9,26.88,12.46,Cascavel,PR,Sul,-24.95,-53.45
2021,321,9.47,0.69,0.72,28.44,81.02,0.68,18.52,8.9,Cascavel,PR,Sul,-24.95,-53.45
2021,322,7.58,0.7,0.73,29.15,81.65,0.82,16.49,8.01,Cascavel,PR,Sul,-24.95,-53.45
2021,323,0.25,0.7,0.69,29.51,72.71,0.82,28.1,12.63,Cascavel,PR,Sul,-24.95,-53.45
2021,324,0.0,0.69,0.67,32.27,63.93,0.6,27.62,12.7,Cascavel,PR,Sul,-24.95,-53.45
2021,325,0.0,0.68,0.65,33.51,62.28,0.67,29.5,13.63,Cascavel,PR,Sul,-24.95,-53.45
2021,326,0.0,0.68,0.64,34.24,56.97,0.89,31.09,14.36,Cascavel,PR,Sul,-24.95,-53.45
2021,327,0.01,0.67,0.63,36.44,46.92,0.64,22.64,10.47,Cascavel,PR,Sul,-24.95,-53.45
2021,328,0.0,0.66,0.63,35.45,55.88,0.73,26.22,12.09,Cascavel,PR,Sul,-24.95,-53.45
2021,329,1.11,0.66,0.63,35.94,66.04,0.85,20.98,9.89,Cascavel,PR,Sul,-24.95,-53.45
2021,330,13.81,0.68,0.72,29.78,72.14,1.13,29.97,13.82,Cascavel,PR,Sul,-24.95,-53.45
2021,331,0.03,0.68,0.65,31.82,65.74,0.74,32.31,14.51,Cascavel,PR,Sul,-24.95,-53.45
2021,332,0.76,0.67,0.64,33.7,66.51,0.79,25.42,11.7,Cascavel,PR,Sul,-24.95,-53.45
2021,333,4.41,0.67,0.67,29.03,67.05,1.08,26.48,12.17,Cascavel,PR,Sul,-24.95,-53.45
2021,334,0.0,0.67,0.63,30.16,62.19,0.84,32.69,14.68,Cascavel,PR,Sul,-24.95,-53.45
2021,335,0.01,0.66,0.62,33.46,56.4,0.68,32.1,14.44,Cascavel,PR,Sul,-24.95,-53.45
2021,336,0.09,0.66,0.61,35.02,51.97,0.72,32.04,14.49,Cascavel,PR,Sul,-24.95,-53.45
2021,337,0.01,0.65,0.61,35.69,48.42,0.6,30.88,13.96,Cascavel,PR,Sul,-24.95,-53.45
2021,338,0.0,0.65,0.61,35.57,53.44,0.8,30.12,13.82,Cascavel,PR,Sul,-24.95,-53.45
2021,339,0.19,0.64,0.6,36.12,52.35,0.77,28.02,12.86,Cascavel,PR,Sul,-24.95,-53.45
2021,340,0.5,0.64,0.6,34.23,53.21,0.96,29.1,13.32,Cascavel,PR,Sul,-24.95,-53.45
2021,341,0.01,0.64,0.59,33.2,52.59,0.73,30.43,13.94,Cascavel,PR,Sul,-24.95,-53.45
2021,342,0.0,0.63,0.57,32.55,46.8,0.77,31.94,14.4,Cascavel,PR,Sul,-24.95,-53.45
2021,343,0.0,0.63,0.56,34.07,46.07,0.71,32.14,14.44,Cascavel,PR,Sul,-24.95,-53.45
2021,344,0.0,0.63,0.55,34.74,44.03,0.77,32.46,14.56,Cascavel,PR,Sul,-24.95,-53.45
2021,345,0.0,0.63,0.53,35.93,42.23,0.82,26.42,11.88,Cascavel,PR,Sul,-24.95,-53.45
2021,346,0.0,0.62,0.52,36.34,48.11,0.6,20.32,9.34,Cascavel,PR,Sul,-24.95,-53.45
2021,347,0.25,0.62,0.52,35.42,58.65,0.78,18.74,8.99,Cascavel,PR,Sul,-24.95,-53.45
2021,348,0.1,0.62,0.52,30.72,67.18,0.88,20.78,9.89,Cascavel,PR,Sul,-24.95,-53.45
2021,349,0.74,0.62,0.52,34.86,56.92,0.77,24.94,11.65,Cascavel,PR,Sul,-24.95,-53.45
2021,350,1.01,0.62,0.52,36.48,57.24,0.61,27.79,12.92,Cascavel,PR,Sul,-24.95,-53.45
2021,351,1.07,0.62,0.52,37.62,53.01,0.56,27.76,12.93,Cascavel,PR,Sul,-24.95,-53.45
2021,352,0.45,0.62,0.51,37.57,55.73,0.9,29.18,13.67,Cascavel,PR,Sul,-24.95,-53.45
2021,353,0.0,0.62,0.5,36.87,48.34,0.66,30.35,14.15,Cascavel,PR,Sul,-24.95,-53.45
2021,354,0.03,0.61,0.48,37.78,45.6,0.71,29.7,13.72,Cascavel,PR,Sul,-24.95,-53.45
2021,355,0.4,0.61,0.47,37.32,47.89,0.6,21.43,10.02,Cascavel,PR,Sul,-24.95,-53.45
2021,356,0.88,0.61,0.46,36.64,50.44,0.82,29.07,13.37,Cascavel,PR,Sul,-24.95,-53.45
2021,357,0.0,0.61,0.45,36.2,40.11,0.98,28.29,12.76,Cascavel,PR,Sul,-24.95,-53.45
2021,358,0.01,0.61,0.43,35.73,40.53,0.72,29.45,13.54,Cascavel,PR,Sul,-24.95,-53.45
2021,359,0.0,0.61,0.42,35.67,41.04,0.74,29.11,13.37,Cascavel,PR,Sul,-24.95,-53.45
2021,360,0.5,0.61,0.41,37.17,36.97,0.86,26.23,12.05,Cascavel,PR,Sul,-24.95,-53.45
2021,361,0.0,0.61,0.4,38.39,32.64,0.8,29.63,13.66,Cascavel,PR,Sul,-24.95,-53.45
2021,362,0.01,0.61,0.38,39.55,31.86,0.71,30.34,13.83,Cascavel,PR,Sul,-24.95,-53.45
2021,363,3.83,0.61,0.39,37.89,46.29,0.79,25.92,11.94,Cascavel,PR,Sul,-24.95,-53.45
2021,364,10.26,0.62,0.59,30.68,70.61,0.9,25.48,11.7,Cascavel,PR,Sul,-24.95,-53.45
2021,365,0.12,0.63,0.6,34.05,60.05,0.59,26.48,12.22,Cascavel,PR,Sul,-24.95,-53.45
2022,1,0.0,0.62,0.56,37.03,52.04,0.58,30.1,13.82,Cascavel,PR,Sul,-24.95,-53.45
2022,2,0.13,0.62,0.53,37.72,49.81,0.79,29.05,13.48,Cascavel,PR,Sul,-24.95,-53.45
2022,3,18.25,0.63,0.69,33.87,68.41,0.62,12.51,6.19,Cascavel,PR,Sul,-24.95,-53.45
2022,4,2.62,0.64,0.64,32.53,70.14,0.7,19.07,9.13,Cascavel,PR,Sul,-24.95,-53.45
2022,5,4.44,0.64,0.64,33.41,65.42,0.83,21.3,10.04,Cascavel,PR,Sul,-24.95,-53.45
2022,6,1.17,0.64,0.62,33.94,64.34,0.63,26.32,12.23,Cascavel,PR,Sul,-24.95,-53.45
2022,7,5.4,0.64,0.64,32.87,68.45,0.68,24.9,11.66,Cascavel,PR,Sul,-24.95,-53.45
2022,8,5.91,0.65,0.67,31.09,67.64,0.65,25.71,12.05,Cascavel,PR,Sul,-24.95,-53.45
2022,9,2.44,0.65,0.64,30.16,61.81,0.62,25.14,11.81,Cascavel,PR,Sul,-24.95,-53.45
2022,10,0.98,0.64,0.62,31.31,60.24,0.6,24.86,11.62,Cascavel,PR,Sul,-24.95,-53.45
2022,11,0.06,0.64,0.61,32.93,58.21,0.59,26.0,12.17,Cascavel,PR,Sul,-24.95,-53.45
2022,12,3.05,0.64,0.62,34.54,56.42,0.53,23.81,11.18,Cascavel,PR,Sul,-24.95,-53.45
2022,13,1.47,0.64,0.62,29.68,73.04,0.92,19.5,9.3,Cascavel,PR,Sul,-24.95,-53.45
2022,14,7.2,0.64,0.66,30.33,74.69,0.92,20.33,9.68,Cascavel,PR,Sul,-24.95,-53.45
2022,15,2.55,0.65,0.64,32.89,70.52,0.83,26.67,12.59,Cascavel,PR,Sul,-24.95,-53.45
2022,16,1.08,0.64,0.62,32.88,67.89,0.92,27.75,12.95,Cascavel,PR,Sul,-24.95,-53.45
2022,17,0.01,0.64,0.6,37.06,57.61,1.03,30.76,14.25,Cascavel,PR,Sul,-24.95,-53.45
2022,18,4.77,0.64,0.64,35.4,61.46,0.83,28.24,13.2,Cascavel,PR,Sul,-24.95,-53.45
2022,19,1.4,0.64,0.61,36.37,60.23,0.61,21.45,10.23,Cascavel,PR,Sul,-24.95,-53.45
2022,20,4.47,0.64,0.63,34.59,66.26,0.86,28.44,13.29,Cascavel,PR,Sul,-24.95,-53.45
2022,21,0.69,0.64,0.61,35.04,62.47,0.81,26.71,12.54,Cascavel,PR,Sul,-24.95,-53.45
2022,22,0.53,0.63,0.59,37.48,56.03,0.73,29.51,13.78,Cascavel,PR,Sul,-24.95,-53.45
2022,23,1.11,0.63,0.58,38.6,52.35,0.58,26.04,12.29,Cascavel,PR,Sul,-24.95,-53.45
2022,24,2.06,0.63,0.58,38.7,54.4,0.52,22.64,10.69,Cascavel,PR,Sul,-24.95,-53.45
2022,25,9.69,0.64,0.66,35.2,62.31,0.63,21.35,10.07,Cascavel,PR,Sul,-24.95,-53.45
2022,26,3.84,0.64,0.64,33.93,64.68,0.64,25.03,11.61,Cascavel,PR,Sul,-24.95,-53.45
2022,27,26.81,0.66,0.77,29.43,83.18,0.45,14.04,6.73,Cascavel,PR,Sul,-24.95,-53.45
2022,28,19.64,0.7,0.79,29.72,82.83,0.55,9.41,4.79,Cascavel,PR,Sul,-24.95,-53.45
2022,29,1.58,0.7,0.7,30.83,78.28,0.51,16.18,7.76,Cascavel,PR,Sul,-24.95,-53.45
2022,30,2.93,0.69,0.68,30.46,74.43,0.58,19.72,9.15,Cascavel,PR,Sul,-24.95,-53.45
2022,31,6.36,0.69,0.7,31.22,74.43,0.57,21.98,10.25,Cascavel,PR,Sul,-24.95,-53.45
2022,32,0.14,0.68,0.66,33.97,62.26,0.54,27.09,12.37,Cascavel,PR,Sul,-24.95,-53.45
2022,33,0.22,0.67,0.64,32.64,68.4,0.83,23.26,10.78,Cascavel,PR,Sul,-24.95,-53.45
2022,34,8.55,0.67,0.67,28.73,82.03,0.83,14.15,6.86,Cascavel,PR,Sul,-24.95,-53.45
2022,35,38.26,0.71,0.87,26.72,92.94,0.9,14.09,6.93,Cascavel,PR,Sul,-24.95,-53.45
2022,36,13.91,0.75,0.82,28.67,87.86,0.65,10.61,5.31,Cascavel,PR,Sul,-24.95,-53.45
2022,37,1.77,0.74,0.76,28.52,78.13,0.95,24.79,11.36,Cascavel,PR,Sul,-24.95,-53.45
2022,38,0.61,0.72,0.72,26.71,67.07,0.81,31.39,13.94,Cascavel,PR,Sul,-24.95,-53.45
2022,39,0.5,0.71,0.7,27.85,63.07,0.71,31.24,13.86,Cascavel,PR,Sul,-24.95,-53.45
2022,40,0.51,0.7,0.68,30.83,60.06,0.59,27.55,12.43,Cascavel,PR,Sul,-24.95,-53.45
2022,41,0.29,0.69,0.67,31.33,66.92,0.94,28.25,13.04,Cascavel,PR,Sul,-24.95,-53.45
2022,42,0.02,0.68,0.65,33.29,58.28,0.67,29.46,13.53,Cascavel,PR,Sul,-24.95,-53.45
2022,43,0.04,0.68,0.64,33.18,63.74,0.73,28.55,13.22,Cascavel,PR,Sul,-24.95,-53.45
2022,44,0.86,0.67,0.64,33.3,66.89,0.61,24.3,11.31,Cascavel,PR,Sul,-24.95,-53.45
2022,45,0.04,0.67,0.63,33.92,64.29,0.76,26.77,12.28,Cascavel,PR,Sul,-24.95,-53.45
2022,46,0.0,0.66,0.62,35.93,51.11,0.74,27.43,12.47,Cascavel,PR,Sul,-24.95,-53.45
2022,47,0.15,0.66,0.61,36.32,46.42,0.84,27.34,12.58,Cascavel,PR,Sul,-24.95,-53.45
2022,48,0.26,0.65,0.61,35.13,49.21,0.88,24.79,11.25,Cascavel,PR,Sul,-24.95,-53.45
2022,49,0.08,0.65,0.6,34.63,48.31,0.8,27.0,12.11,Cascavel,PR,Sul,-24.95,-53.45
2022,50,0.01,0.65,0.6,33.63,54.77,0.79,26.71,12.06,Cascavel,PR,Sul,-24.95,-53.45
2022,51,0.26,0.64,0.59,34.45,56.0,0.9,24.3,11.14,Cascavel,PR,Sul,-24.95,-53.45
2022,52,2.38,0.64,0.62,30.55,70.59,0.55,20.96,9.77,Cascavel,PR,Sul,-24.95,-53.45
2022,53,11.74,0.65,0.68,34.75,65.78,0.61,19.66,9.31,Cascavel,PR,Sul,-24.95,-53.45
2022,54,0.29,0.66,0.64,36.3,64.23,0.48,26.81,12.54,Cascavel,PR,Sul,-24.95,-53.45
2022,55,3.04,0.66,0.64,33.3,69.07,0.78,23.71,11.21,Cascavel,PR,Sul,-24.95,-53.45
2022,56,16.78,0.67,0.74,33.3,74.85,0.69,15.15,7.31,Cascavel,PR,Sul,-24.95,-53.45
2022,57,5.09,0.68,0.69,34.28,70.86,0.49,26.15,12.25,Cascavel,PR,Sul,-24.95,-53.45
2022,58,0.01,0.68,0.64,35.15,65.24,0.83,24.99,11.69,Cascavel,PR,Sul,-24.95,-53.45
2022,59,5.17,0.67,0.66,34.81,64.67,0.82,21.65,10.18,Cascavel,PR,Sul,-24.95,-53.45
2022,60,3.97,0.67,0.68,30.98,80.52,0.5,17.51,8.34,Cascavel,PR,Sul,-24.95,-53.45
2022,61,10.75,0.68,0.73,26.42,93.49,0.69,15.99,7.63,Cascavel,PR,Sul,-24.95,-53.45
2022,62,9.06,0.69,0.71,30.52,81.48,0.56,14.74,7.09,Cascavel,PR,Sul,-24.95,-53.45
2022,63,13.38,0.71,0.78,30.61,82.78,0.73,20.92,9.87,Cascavel,PR,Sul,-24.95,-53.45
2022,64,0.42,0.71,0.7,31.35,76.98,0.78,23.58,11.1,Cascavel,PR,Sul,-24.95,-53.45
2022,65,0.2,0.7,0.67,32.3,72.07,0.82,23.87,11.22,Cascavel,PR,Sul,-24.95,-53.45
2022,66,1.27,0.69,0.67,33.22,68.33,0.8,24.79,11.64,Cascavel,PR,Sul,-24.95,-53.45
2022,67,1.65,0.68,0.66,34.67,65.6,0.61,25.32,11.85,Cascavel,PR,Sul,-24.95,-53.45
2022,68,2.82,0.68,0.67,34.06,69.59,0.55,23.16,10.87,Cascavel,PR,Sul,-24.95,-53.45
2022,69,21.9,0.7,0.78,28.92,85.66,0.68,16.59,7.91,Cascavel,PR,Sul,-24.95,-53.45
2022,70,18.75,0.73,0.81,25.48,92.57,0.58,10.65,5.32,Cascavel,PR,Sul,-24.95,-53.45
2022,71,10.21,0.74,0.8,27.29,86.8,0.52,10.65,5.33,Cascavel,PR,Sul,-24.95,-53.45
2022,72,7.02,0.75,0.78,26.29,88.78,0.45,11.47,5.67,Cascavel,PR,Sul,-24.95,-53.45
2022,73,0.25,0.74,0.74,27.91,81.08,0.65,23.47,10.94,Cascavel,PR,Sul,-24.95,-53.45
2022,74,0.07,0.73,0.72,28.86,77.36,0.59,23.83,11.04,Cascavel,PR,Sul,-24.95,-53.45
2022,75,2.43,0.72,0.71,29.43,74.4,0.68,21.2,9.93,Cascavel,PR,Sul,-24.95,-53.45
2022,76,0.15,0.71,0.7,30.97,77.19,0.77,21.33,9.94,Cascavel,PR,Sul,-24.95,-53.45
2022,77,11.97,0.71,0.72,30.44,83.35,0.57,11.73,5.71,Cascavel,PR,Sul,-24.95,-53.45
2022,78,4.73,0.73,0.77,29.17,83.8,0.66,19.06,8.99,Cascavel,PR,Sul,-24.95,-53.45
2022,79,0.07,0.72,0.71,30.56,78.6,0.57,22.27,10.31,Cascavel,PR,Sul,-24.95,-53.45
2022,80,0.01,0.71,0.7,28.76,73.07,0.84,24.2,11.2,Cascavel,PR,Sul,-24.95,-53.45
2022,81,0.62,0.7,0.68,29.15,73.94,1.05,21.32,9.94,Cascavel,PR,Sul,-24.95,-53.45
2022,82,15.35,0.71,0.77,28.32,82.89,1.18,13.83,6.65,Cascavel,PR,Sul,-24.95,-53.45
2022,83,7.72,0.73,0.78,27.16,88.68,0.98,9.13,4.5,Cascavel,PR,Sul,-24.95,-53.45
2022,84,44.65,0.76,0.86,23.81,90.96,0.85,8.2,4.14,Cascavel,PR,Sul,-24.95,-53.45
2022,85,0.0,0.76,0.76,24.66,77.86,0.62,22.6,10.23,Cascavel,PR,Sul,-24.95,-53.45
2022,86,0.05,0.74,0.75,28.08,79.89,0.56,24.43,11.1,Cascavel,PR,Sul,-24.95,-53.45
2022,87,0.09,0.73,0.73,30.0,76.29,0.55,22.19,10.13,Cascavel,PR,Sul,-24.95,-53.45
2022,88,0.39,0.72,0.72,29.76,81.35,0.86,23.26,10.82,Cascavel,PR,Sul,-24.95,-53.45
2022,89,20.21,0.73,0.8,29.56,85.57,1.24,12.67,6.16,Cascavel,PR,Sul,-24.95,-53.45
2022,90,0.01,0.75,0.75,19.01,72.85,1.13,10.22,4.99,Cascavel,PR,Sul,-24.95,-53.45
2022,91,0.26,0.74,0.74,24.36,80.01,0.45,8.54,4.25,Cascavel,PR,Sul,-24.95,-53.45
2022,92,0.04,0.73,0.73,25.36,82.53,0.67,12.64,6.0,Cascavel,PR,Sul,-24.95,-53.45
2022,93,1.53,0.73,0.73,27.36,84.68,0.81,21.35,9.97,Cascavel,PR,Sul,-24.95,-53.45
2022,94,4.48,0.73,0.75,26.73,89.7,0.59,3.51,1.87,Cascavel,PR,Sul,-24.95,-53.45
2022,95,2.04,0.73,0.74,29.03,85.57,0.43,17.36,8.28,Cascavel,PR,Sul,-24.95,-53.45
2022,96,0.03,0.72,0.72,30.75,81.05,0.5,17.19,8.12,Cascavel,PR,Sul,-24.95,-53.45
2022,97,9.38,0.72,0.76,27.06,88.78,0.66,13.0,6.22,Cascavel,PR,Sul,-24.95,-53.45
2022,98,4.28,0.74,0.77,27.55,90.24,0.61,7.01,3.54,Cascavel,PR,Sul,-24.95,-53.45
2022,99,0.21,0.73,0.73,29.12,81.42,0.45,19.93,9.27,Cascavel,PR,Sul,-24.95,-53.45
2022,100,15.43,0.74,0.79,27.05,86.53,0.69,16.66,7.9,Cascavel,PR,Sul,-24.95,-53.45
2022,101,47.21,0.78,0.93,26.87,91.35,0.92,8.11,4.02,Cascavel,PR,Sul,-24.95,-53.45
2022,102,31.43,0.83,0.9,26.43,93.1,0.8,4.27,2.29,Cascavel,PR,Sul,-24.95,-53.45
2022,103,2.91,0.82,0.84,26.99,90.83,0.66,8.45,4.18,Cascavel,PR,Sul,-24.95,-53.45
2022,104,0.04,0.81,0.81,23.83,81.84,0.89,21.22,9.58,Cascavel,PR,Sul,-24.95,-53.45
2022,105,0.01,0.8,0.8,22.85,77.84,0.59,22.26,9.78,Cascavel,PR,Sul,-24.95,-53.45
2022,106,0.04,0.79,0.79,23.23,75.59,0.68,21.83,9.67,Cascavel,PR,Sul,-24.95,-53.45
2022,107,0.03,0.78,0.79,22.11,79.96,0.67,19.1,8.75,Cascavel,PR,Sul,-24.95,-53.45
2022,108,0.01,0.77,0.78,24.13,81.26,0.6,20.0,9.08,Cascavel,PR,Sul,-24.95,-53.45
2022,109,0.01,0.77,0.77,25.45,77.35,0.62,20.9,9.43,Cascavel,PR,Sul,-24.95,-53.45
2022,110,0.01,0.76,0.77,26.48,74.09,0.65,20.13,9.08,Cascavel,PR,Sul,-24.95,-53.45
2022,111,26.78,0.77,0.86,26.01,81.87,0.65,14.47,6.78,Cascavel,PR,Sul,-24.95,-53.45
2022,112,9.7,0.79,0.83,23.43,92.38,0.79,15.57,7.32,Cascavel,PR,Sul,-24.95,-53.45
2022,113,39.94,0.82,0.89,24.15,88.84,0.62,12.83,6.06,Cascavel,PR,Sul,-24.95,-53.45
2022,114,0.93,0.81,0.82,27.43,89.24,0.76,19.27,8.95,Cascavel,PR,Sul,-24.95,-53.45
2022,115,0.01,0.8,0.8,27.81,84.58,1.0,19.15,8.85,Cascavel,PR,Sul,-24.95,-53.45
2022,116,0.02,0.79,0.79,28.74,83.5,0.93,18.75,8.71,Cascavel,PR,Sul,-24.95,-53.45
2022,117,0.0,0.78,0.79,28.89,83.64,0.92,18.85,8.7,Cascavel,PR,Sul,-24.95,-53.45
2022,118,0.07,0.78,0.78,28.68,84.79,0.79,17.22,7.99,Cascavel,PR,Sul,-24.95,-53.45
2022,119,6.07,0.77,0.81,27.93,88.81,0.47,15.91,7.45,Cascavel,PR,Sul,-24.95,-53.45
2022,120,6.32,0.78,0.82,25.33,88.48,0.84,12.64,6.02,Cascavel,PR,Sul,-24.95,-53.45
2022,121,3.57,0.78,0.81,26.7,84.84,0.61,13.82,6.47,Cascavel,PR,Sul,-24.95,-53.45
2022,122,4.72,0.78,0.8,27.1,86.93,0.77,15.23,7.04,Cascavel,PR,Sul,-24.95,-53.45
2022,123,39.89,0.81,0.92,19.79,96.51,0.78,3.16,1.67,Cascavel,PR,Sul,-24.95,-53.45
2022,124,1.81,0.82,0.84,15.25,94.22,0.75,9.58,4.49,Cascavel,PR,Sul,-24.95,-53.45
2022,125,0.53,0.82,0.82,23.34,87.37,0.37,12.87,5.94,Cascavel,PR,Sul,-24.95,-53.45
2022,126,0.23,0.81,0.81,23.4,85.82,0.48,16.63,7.45,Cascavel,PR,Sul,-24.95,-53.45
2022,127,0.05,0.8,0.81,23.37,82.92,0.49,17.5,7.81,Cascavel,PR,Sul,-24.95,-53.45
2022,128,0.09,0.79,0.8,22.13,83.38,0.69,17.02,7.61,Cascavel,PR,Sul,-24.95,-53.45
2022,129,0.56,0.79,0.8,24.27,81.06,0.63,17.31,7.82,Cascavel,PR,Sul,-24.95,-53.45
2022,130,22.88,0.8,0.88,20.28,95.26,0.63,8.02,3.82,Cascavel,PR,Sul,-24.95,-53.45
2022,131,2.73,0.82,0.85,19.97,88.57,0.68,16.57,7.48,Cascavel,PR,Sul,-24.95,-53.45
2022,132,0.02,0.81,0.82,21.66,83.3,0.5,17.06,7.62,Cascavel,PR,Sul,-24.95,-53.45
2022,133,0.05,0.81,0.81,22.67,85.62,0.72,16.3,7.27,Cascavel,PR,Sul,-24.95,-53.45
2022,134,10.01,0.8,0.84,23.69,87.78,0.8,2.97,1.5,Cascavel,PR,Sul,-24.95,-53.45
2022,135,6.11,0.82,0.85,21.45,90.39,0.72,8.09,3.76,Cascavel,PR,Sul,-24.95,-53.45
2022,136,0.22,0.82,0.82,16.5,79.09,0.93,16.1,7.16,Cascavel,PR,Sul,-24.95,-53.45
2022,137,0.16,0.81,0.82,12.25,77.97,0.99,12.46,5.53,Cascavel,PR,Sul,-24.95,-53.45
2022,138,0.01,0.81,0.82,10.64,88.67,0.98,9.26,4.25,Cascavel,PR,Sul,-24.95,-53.45
2022,139,0.01,0.81,0.81,15.2,83.91,0.68,11.45,5.12,Cascavel,PR,Sul,-24.95,-53.45
2022,140,0.0,0.8,0.81,17.34,81.35,0.78,17.33,7.51,Cascavel,PR,Sul,-24.95,-53.45
2022,141,0.05,0.8,0.8,19.16,71.87,0.68,15.13,6.59,Cascavel,PR,Sul,-24.95,-53.45
2022,142,0.0,0.79,0.8,19.83,75.27,0.72,16.23,7.14,Cascavel,PR,Sul,-24.95,-53.45
2022,143,0.0,0.79,0.8,20.38,80.27,0.71,12.22,5.61,Cascavel,PR,Sul,-24.95,-53.45
2022,144,0.0,0.78,0.79,23.21,80.43,0.8,16.09,7.2,Cascavel,PR,Sul,-24.95,-53.45
2022,145,0.0,0.78,0.78,24.19,81.48,0.86,15.84,7.14,Cascavel,PR,Sul,-24.95,-53.45
2022,146,0.01,0.77,0.78,23.64,81.65,0.75,9.52,4.39,Cascavel,PR,Sul,-24.95,-53.45
2022,147,21.81,0.78,0.83,22.67,83.83,0.72,11.8,5.47,Cascavel,PR,Sul,-24.95,-53.45
2022,148,7.13,0.8,0.85,23.92,89.66,0.81,8.65,4.06,Cascavel,PR,Sul,-24.95,-53.45
2022,149,14.95,0.81,0.87,24.56,92.71,0.84,8.78,4.1,Cascavel,PR,Sul,-24.95,-53.45
2022,150,12.59,0.83,0.89,18.66,94.74,0.68,3.26,1.69,Cascavel,PR,Sul,-24.95,-53.45
2022,151,1.63,0.83,0.84,17.88,88.95,0.47,5.24,2.55,Cascavel,PR,Sul,-24.95,-53.45
2022,152,15.46,0.84,0.88,16.07,95.46,0.47,2.9,1.52,Cascavel,PR,Sul,-24.95,-53.45
2022,153,9.31,0.86,0.89,14.63,96.62,0.49,3.4,1.72,Cascavel,PR,Sul,-24.95,-53.45
2022,154,0.1,0.85,0.85,19.42,87.17,0.56,11.69,5.23,Cascavel,PR,Sul,-24.95,-53.45
2022,155,0.11,0.84,0.84,21.78,90.29,0.79,10.38,4.82,Cascavel,PR,Sul,-24.95,-53.45
2022,156,0.01,0.84,0.84,22.39,87.94,0.8,12.14,5.69,Cascavel,PR,Sul,-24.95,-53.45
2022,157,12.41,0.84,0.88,21.06,93.83,0.7,10.69,4.99,Cascavel,PR,Sul,-24.95,-53.45
2022,158,3.91,0.85,0.87,22.4,92.97,0.55,9.79,4.54,Cascavel,PR,Sul,-24.95,-53.45
2022,159,1.01,0.85,0.85,23.73,84.79,0.5,12.09,5.47,Cascavel,PR,Sul,-24.95,-53.45
2022,160,13.14,0.85,0.88,19.58,97.14,0.66,1.65,0.89,Cascavel,PR,Sul,-24.95,-53.45
2022,161,5.67,0.86,0.88,17.6,89.1,0.85,7.07,3.28,Cascavel,PR,Sul,-24.95,-53.45
2022,162,0.0,0.86,0.85,13.49,76.29,0.74,13.98,6.05,Cascavel,PR,Sul,-24.95,-53.45
2022,163,0.03,0.85,0.85,13.93,74.88,0.79,16.26,7.03,Cascavel,PR,Sul,-24.95,-53.45
2022,164,0.01,0.85,0.85,18.1,74.77,0.57,16.05,6.93,Cascavel,PR,Sul,-24.95,-53.45
2022,165,0.07,0.84,0.84,18.77,85.86,0.85,15.26,6.65,Cascavel,PR,Sul,-24.95,-53.45
2022,166,0.05,0.84,0.84,20.35,90.3,0.75,14.47,6.57,Cascavel,PR,Sul,-24.95,-53.45
2022,167,0.27,0.84,0.84,23.93,88.6,0.76,13.18,6.05,Cascavel,PR,Sul,-24.95,-53.45
2022,168,17.29,0.84,0.89,21.21,92.74,1.26,3.8,1.96,Cascavel,PR,Sul,-24.95,-53.45
2022,169,0.12,0.85,0.85,15.86,79.29,0.78,15.89,6.84,Cascavel,PR,Sul,-24.95,-53.45
2022,170,2.81,0.85,0.85,17.83,85.48,0.72,13.06,5.74,Cascavel,PR,Sul,-24.95,-53.45
2022,171,0.57,0.85,0.85,21.87,92.22,0.7,9.42,4.4,Cascavel,PR,Sul,-24.95,-53.45
2022,172,0.29,0.84,0.84,24.37,88.42,0.99,13.36,6.09,Cascavel,PR,Sul,-24.95,-53.45
2022,173,0.98,0.84,0.84,24.95,87.14,0.93,13.67,6.22,Cascavel,PR,Sul,-24.95,-53.45
2022,174,1.1,0.83,0.84,24.72,91.22,0.78,13.74,6.24,Cascavel,PR,Sul,-24.95,-53.45
2022,175,0.09,0.83,0.83,25.79,88.63,0.79,12.95,5.95,Cascavel,PR,Sul,-24.95,-53.45
2022,176,0.02,0.82,0.83,24.62,89.67,0.5,12.53,5.74,Cascavel,PR,Sul,-24.95,-53.45
2022,177,0.0,0.82,0.83,23.59,88.92,0.48,7.08,3.34,Cascavel,PR,Sul,-24.95,-53.45
2022,178,0.0,0.82,0.82,22.72,88.24,0.75,14.47,6.52,Cascavel,PR,Sul,-24.95,-53.45
2022,179,0.11,0.81,0.82,23.27,87.78,0.78,14.38,6.49,Cascavel,PR,Sul,-24.95,-53.45
2022,180,0.15,0.81,0.82,17.98,83.75,0.72,15.07,6.6,Cascavel,PR,Sul,-24.95,-53.45
2022,181,0.01,0.81,0.81,21.39,83.84,0.61,14.67,6.5,Cascavel,PR,Sul,-24.95,-53.45
2022,182,0.06,0.8,0.81,22.21,86.6,0.84,13.76,6.21,Cascavel,PR,Sul,-24.95,-53.45
2022,183,0.02,0.8,0.8,24.0,85.37,0.87,14.65,6.59,Cascavel,PR,Sul,-24.95,-53.45
2022,184,0.01,0.79,0.8,24.59,84.51,0.84,13.98,6.42,Cascavel,PR,Sul,-24.95,-53.45
2022,185,0.0,0.79,0.8,24.58,84.89,0.87,14.49,6.51,Cascavel,PR,Sul,-24.95,-53.45
2022,186,0.01,0.79,0.79,21.86,84.0,0.79,12.34,5.55,Cascavel,PR,Sul,-24.95,-53.45
2022,187,0.0,0.78,0.79,22.27,79.38,0.83,14.24,6.35,Cascavel,PR,Sul,-24.95,-53.45
2022,188,0.05,0.78,0.79,23.83,83.35,0.76,12.9,5.82,Cascavel,PR,Sul,-24.95,-53.45
2022,189,0.05,0.78,0.78,24.14,80.82,0.74,11.62,5.32,Cascavel,PR,Sul,-24.95,-53.45
2022,190,0.0,0.77,0.77,24.59,79.96,0.86,14.89,6.73,Cascavel,PR,Sul,-24.95,-53.45
2022,191,0.02,0.77,0.77,24.2,80.81,0.99,12.55,5.72,Cascavel,PR,Sul,-24.95,-53.45
2022,192,7.5,0.76,0.77,24.79,77.67,1.4,12.04,5.48,Cascavel,PR,Sul,-24.95,-53.45
2022,193,6.02,0.78,0.83,17.29,85.84,0.89,11.98,5.37,Cascavel,PR,Sul,-24.95,-53.45
2022,194,1.36,0.78,0.79,21.51,86.47,0.75,14.64,6.46,Cascavel,PR,Sul,-24.95,-53.45
2022,195,0.56,0.78,0.78,23.7,83.21,1.09,14.21,6.53,Cascavel,PR,Sul,-24.95,-53.45
2022,196,0.72,0.77,0.77,23.44,75.34,1.05,12.27,5.67,Cascavel,PR,Sul,-24.95,-53.45
2022,197,5.13,0.77,0.79,22.28,83.85,1.35,4.43,2.21,Cascavel,PR,Sul,-24.95,-53.45
2022,198,0.01,0.77,0.78,14.46,79.74,0.73,9.48,4.28,Cascavel,PR,Sul,-24.95,-53.45
2022,199,13.76,0.78,0.83,21.38,81.24,0.48,5.45,2.75,Cascavel,PR,Sul,-24.95,-53.45
2022,200,0.13,0.79,0.8,25.74,89.25,0.57,15.14,6.96,Cascavel,PR,Sul,-24.95,-53.45
2022,201,0.04,0.78,0.78,26.27,86.75,0.72,15.22,6.97,Cascavel,PR,Sul,-24.95,-53.45
2022,202,0.0,0.77,0.77,25.13,85.12,0.84,14.41,6.54,Cascavel,PR,Sul,-24.95,-53.45
2022,203,0.01,0.77,0.77,25.63,80.38,0.84,15.9,7.15,Cascavel,PR,Sul,-24.95,-53.45
2022,204,0.0,0.76,0.76,25.25,77.3,0.79,13.13,6.0,Cascavel,PR,Sul,-24.95,-53.45
2022,205,0.02,0.76,0.75,25.99,75.44,0.75,15.7,7.12,Cascavel,PR,Sul,-24.95,-53.45
2022,206,0.0,0.75,0.75,26.92,71.13,0.71,15.49,7.05,Cascavel,PR,Sul,-24.95,-53.45
2022,207,0.16,0.75,0.74,27.36,71.75,0.63,16.13,7.28,Cascavel,PR,Sul,-24.95,-53.45
2022,208,0.02,0.74,0.74,27.01,74.95,0.73,15.17,6.85,Cascavel,PR,Sul,-24.95,-53.45
2022,209,6.72,0.74,0.75,26.54,77.13,0.81,15.68,7.13,Cascavel,PR,Sul,-24.95,-53.45
2022,210,2.17,0.75,0.77,16.76,76.58,1.08,17.78,7.72,Cascavel,PR,Sul,-24.95,-53.45
2022,211,0.36,0.75,0.75,19.77,70.66,0.58,17.85,7.68,Cascavel,PR,Sul,-24.95,-53.45
2022,212,0.02,0.74,0.74,23.5,64.26,0.77,16.94,7.53,Cascavel,PR,Sul,-24.95,-53.45
2022,213,0.01,0.74,0.74,25.5,71.65,0.69,12.22,5.59,Cascavel,PR,Sul,-24.95,-53.45
2022,214,0.0,0.73,0.73,27.78,72.69,0.75,12.12,5.54,Cascavel,PR,Sul,-24.95,-53.45
2022,215,0.0,0.73,0.72,27.85,69.02,0.84,16.66,7.49,Cascavel,PR,Sul,-24.95,-53.45
2022,216,4.56,0.72,0.74,24.24,77.72,0.81,5.94,2.79,Cascavel,PR,Sul,-24.95,-53.45
2022,217,0.06,0.73,0.73,21.42,82.12,0.67,15.7,6.96,Cascavel,PR,Sul,-24.95,-53.45
2022,218,35.5,0.75,0.85,16.57,92.5,0.54,4.76,2.32,Cascavel,PR,Sul,-24.95,-53.45
2022,219,32.62,0.81,0.93,19.48,96.89,0.45,2.23,1.17,Cascavel,PR,Sul,-24.95,-53.45
2022,220,3.26,0.82,0.84,22.64,90.95,0.37,8.18,3.82,Cascavel,PR,Sul,-24.95,-53.45
2022,221,2.22,0.81,0.83,16.77,91.34,0.87,5.22,2.57,Cascavel,PR,Sul,-24.95,-53.45
2022,222,1.92,0.81,0.82,14.23,87.45,1.09,8.99,4.2,Cascavel,PR,Sul,-24.95,-53.45
2022,223,0.06,0.8,0.81,20.25,77.44,0.67,19.03,8.38,Cascavel,PR,Sul,-24.95,-53.45
2022,224,0.04,0.79,0.8,20.49,79.56,0.94,19.07,8.38,Cascavel,PR,Sul,-24.95,-53.45
2022,225,0.01,0.79,0.79,23.0,79.83,0.8,16.87,7.47,Cascavel,PR,Sul,-24.95,-53.45
2022,226,0.01,0.78,0.78,25.88,69.5,0.95,18.69,8.38,Cascavel,PR,Sul,-24.95,-53.45
2022,227,0.01,0.77,0.77,27.04,65.81,1.12,18.25,8.2,Cascavel,PR,Sul,-24.95,-53.45
2022,228,35.04,0.79,0.87,20.03,90.34,0.74,1.68,0.89,Cascavel,PR,Sul,-24.95,-53.45
2022,229,7.64,0.8,0.83,23.56,92.26,1.25,3.37,1.65,Cascavel,PR,Sul,-24.95,-53.45
2022,230,33.32,0.83,0.9,19.43,83.75,1.45,5.68,2.81,Cascavel,PR,Sul,-24.95,-53.45
2022,231,0.05,0.82,0.83,13.7,69.62,0.92,20.5,8.72,Cascavel,PR,Sul,-24.95,-53.45
2022,232,0.03,0.82,0.82,18.21,72.88,0.81,20.7,8.86,Cascavel,PR,Sul,-24.95,-53.45
2022,233,0.01,0.81,0.82,23.08,82.12,0.57,16.06,7.25,Cascavel,PR,Sul,-24.95,-53.45
2022,234,0.03,0.8,0.81,24.67,83.29,0.52,19.51,8.79,Cascavel,PR,Sul,-24.95,-53.45
2022,235,0.1,0.8,0.8,25.25,79.05,0.66,18.85,8.49,Cascavel,PR,Sul,-24.95,-53.45
2022,236,0.06,0.79,0.79,25.32,77.28,0.71,19.47,8.76,Cascavel,PR,Sul,-24.95,-53.45
2022,237,0.01,0.78,0.79,26.52,73.57,0.59,20.08,9.03,Cascavel,PR,Sul,-24.95,-53.45
2022,238,0.0,0.78,0.78,26.46,73.86,0.73,20.48,9.18,Cascavel,PR,Sul,-24.95,-53.45
2022,239,0.0,0.77,0.77,27.91,67.8,0.9,20.33,9.11,Cascavel,PR,Sul,-24.95,-53.45
2022,240,0.03,0.77,0.77,25.36,72.78,1.24,14.4,6.48,Cascavel,PR,Sul,-24.95,-53.45
2022,241,0.0,0.76,0.76,19.98,69.37,0.9,19.08,8.17,Cascavel,PR,Sul,-24.95,-53.45
2022,242,0.0,0.76,0.75,21.75,68.71,0.86,20.81,9.02,Cascavel,PR,Sul,-24.95,-53.45
2022,243,0.0,0.75,0.75,23.98,77.13,0.94,20.26,8.96,Cascavel,PR,Sul,-24.95,-53.45
2022,244,0.5,0.75,0.74,27.18,74.54,1.03,20.04,8.99,Cascavel,PR,Sul,-24.95,-53.45
2022,245,4.19,0.75,0.77,24.82,84.2,0.84,5.92,2.75,Cascavel,PR,Sul,-24.95,-53.45
2022,246,2.66,0.75,0.76,21.17,76.24,1.11,10.63,4.87,Cascavel,PR,Sul,-24.95,-53.45
2022,247,1.46,0.75,0.75,22.27,78.4,0.55,14.89,6.61,Cascavel,PR,Sul,-24.95,-53.45
2022,248,6.31,0.76,0.79,18.0,93.21,0.55,8.22,3.92,Cascavel,PR,Sul,-24.95,-53.45
2022,249,22.54,0.78,0.84,17.21,95.73,0.57,2.22,1.22,Cascavel,PR,Sul,-24.95,-53.45
2022,250,3.74,0.79,0.81,25.48,85.24,0.84,16.83,7.48,Cascavel,PR,Sul,-24.95,-53.45
2022,251,0.19,0.78,0.78,29.27,78.32,0.97,17.49,7.57,Cascavel,PR,Sul,-24.95,-53.45
2022,252,1.96,0.77,0.77,29.02,80.63,0.98,11.52,4.75,Cascavel,PR,Sul,-24.95,-53.45
2022,253,0.83,0.77,0.77,20.23,79.32,0.88,11.08,4.87,Cascavel,PR,Sul,-24.95,-53.45
2022,254,0.35,0.76,0.77,22.67,80.58,0.51,11.26,5.07,Cascavel,PR,Sul,-24.95,-53.45
2022,255,21.67,0.77,0.84,24.36,90.93,0.72,7.17,3.38,Cascavel,PR,Sul,-24.95,-53.45
2022,256,10.16,0.79,0.84,23.36,86.79,0.5,5.31,2.47,Cascavel,PR,Sul,-24.95,-53.45
2022,257,0.67,0.8,0.82,19.01,91.44,0.53,4.97,2.46,Cascavel,PR,Sul,-24.95,-53.45
2022,258,0.04,0.79,0.8,21.96,79.88,0.62,21.25,9.4,Cascavel,PR,Sul,-24.95,-53.45
2022,259,0.2,0.78,0.79,24.09,76.99,0.67,22.07,9.86,Cascavel,PR,Sul,-24.95,-53.45
2022,260,0.0,0.78,0.78,23.04,71.1,1.04,25.01,11.02,Cascavel,PR,Sul,-24.95,-53.45
2022,261,0.01,0.77,0.77,24.71,73.22,1.1,23.36,10.4,Cascavel,PR,Sul,-24.95,-53.45
2022,262,30.51,0.78,0.88,22.57,85.01,1.05,4.26,2.17,Cascavel,PR,Sul,-24.95,-53.45
2022,263,0.6,0.8,0.81,26.38,85.54,0.51,13.63,6.31,Cascavel,PR,Sul,-24.95,-53.45
2022,264,31.94,0.82,0.89,24.19,92.08,0.72,2.16,1.18,Cascavel,PR,Sul,-24.95,-53.45
2022,265,0.31,0.82,0.82,20.54,80.78,1.12,18.54,8.46,Cascavel,PR,Sul,-24.95,-53.45
2022,266,0.0,0.81,0.81,18.63,74.42,0.91,24.99,10.89,Cascavel,PR,Sul,-24.95,-53.45
2022,267,8.33,0.8,0.83,23.84,72.33,0.69,23.63,10.46,Cascavel,PR,Sul,-24.95,-53.45
2022,268,32.77,0.82,0.9,19.82,90.05,0.82,9.61,4.6,Cascavel,PR,Sul,-24.95,-53.45
2022,269,35.59,0.87,0.95,21.03,94.58,0.66,2.94,1.51,Cascavel,PR,Sul,-24.95,-53.45
2022,270,12.49,0.87,0.9,20.93,95.32,0.85,3.45,1.8,Cascavel,PR,Sul,-24.95,-53.45
2022,271,15.58,0.88,0.92,19.37,89.99,1.0,5.31,2.72,Cascavel,PR,Sul,-24.95,-53.45
2022,272,3.76,0.89,0.89,19.76,88.86,0.92,16.69,7.78,Cascavel,PR,Sul,-24.95,-53.45
2022,273,4.84,0.89,0.89,21.14,89.88,0.72,14.12,6.53,Cascavel,PR,Sul,-24.95,-53.45
2022,274,0.77,0.88,0.87,25.46,84.17,0.53,11.56,5.49,Cascavel,PR,Sul,-24.95,-53.45
2022,275,0.23,0.87,0.86,26.18,81.69,0.62,21.07,9.59,Cascavel,PR,Sul,-24.95,-53.45
2022,276,0.11,0.86,0.85,25.62,80.68,0.66,25.16,11.35,Cascavel,PR,Sul,-24.95,-53.45
2022,277,0.01,0.85,0.85,26.64,71.28,0.67,26.42,11.78,Cascavel,PR,Sul,-24.95,-53.45
2022,278,27.67,0.86,0.9,26.6,86.72,0.91,5.08,2.51,Cascavel,PR,Sul,-24.95,-53.45
2022,279,33.63,0.88,0.92,23.89,92.26,1.57,2.37,1.3,Cascavel,PR,Sul,-24.95,-53.45
2022,280,0.82,0.89,0.88,20.56,79.89,0.96,20.37,9.28,Cascavel,PR,Sul,-24.95,-53.45
2022,281,0.12,0.87,0.86,24.69,75.26,0.89,27.67,12.25,Cascavel,PR,Sul,-24.95,-53.45
2022,282,4.59,0.87,0.88,23.82,85.24,0.97,14.45,6.85,Cascavel,PR,Sul,-24.95,-53.45
2022,283,43.65,0.87,0.91,25.24,90.71,0.74,8.07,4.03,Cascavel,PR,Sul,-24.95,-53.45
2022,284,53.49,0.9,0.96,21.31,93.67,0.63,4.23,2.25,Cascavel,PR,Sul,-24.95,-53.45
2022,285,0.49,0.92,0.9,22.89,87.5,0.51,8.51,4.3,Cascavel,PR,Sul,-24.95,-53.45
2022,286,27.48,0.91,0.93,25.26,91.23,0.64,14.98,7.05,Cascavel,PR,Sul,-24.95,-53.45
2022,287,10.29,0.93,0.93,23.91,89.31,0.62,12.87,6.15,Cascavel,PR,Sul,-24.95,-53.45
2022,288,0.55,0.92,0.9,25.24,85.95,0.9,12.5,6.05,Cascavel,PR,Sul,-24.95,-53.45
2022,289,1.83,0.91,0.9,26.82,87.07,0.63,15.13,7.22,Cascavel,PR,Sul,-24.95,-53.45
2022,290,4.38,0.9,0.89,28.98,83.11,0.52,24.81,11.41,Cascavel,PR,Sul,-24.95,-53.45
2022,291,5.73,0.91,0.91,25.64,88.46,0.84,13.74,6.59,Cascavel,PR,Sul,-24.95,-53.45
2022,292,11.64,0.91,0.92,26.66,88.13,0.58,18.28,8.62,Cascavel,PR,Sul,-24.95,-53.45
2022,293,59.75,0.93,0.97,24.32,94.13,0.78,5.73,2.91,Cascavel,PR,Sul,-24.95,-53.45
2022,294,7.42,0.94,0.93,24.52,83.72,0.9,23.15,10.63,Cascavel,PR,Sul,-24.95,-53.45
2022,295,0.09,0.92,0.9,26.32,82.6,0.63,28.51,12.91,Cascavel,PR,Sul,-24.95,-53.45
2022,296,0.0,0.91,0.89,28.69,81.41,0.59,28.42,12.88,Cascavel,PR,Sul,-24.95,-53.45
2022,297,0.01,0.9,0.88,28.82,77.31,0.68,28.63,12.94,Cascavel,PR,Sul,-24.95,-53.45
2022,298,0.01,0.9,0.88,29.5,75.9,0.8,28.94,13.13,Cascavel,PR,Sul,-24.95,-53.45
2022,299,0.09,0.88,0.87,28.55,77.02,1.17,28.77,12.94,Cascavel,PR,Sul,-24.95,-53.45
2022,300,0.39,0.88,0.87,24.75,86.48,0.67,14.05,6.84,Cascavel,PR,Sul,-24.95,-53.45
2022,301,0.3,0.87,0.86,29.12,82.88,0.64,27.06,12.45,Cascavel,PR,Sul,-24.95,-53.45
2022,302,33.53,0.88,0.92,26.22,91.6,0.8,7.9,4.04,Cascavel,PR,Sul,-24.95,-53.45
2022,303,3.82,0.89,0.89,28.23,89.03,0.98,14.23,6.97,Cascavel,PR,Sul,-24.95,-53.45
2022,304,49.5,0.91,0.93,21.89,85.82,1.72,10.79,5.39,Cascavel,PR,Sul,-24.95,-53.45
2022,305,0.39,0.9,0.88,18.05,69.11,1.51,16.01,7.59,Cascavel,PR,Sul,-24.95,-53.45
2022,306,0.11,0.89,0.87,20.68,72.99,0.88,29.27,13.05,Cascavel,PR,Sul,-24.95,-53.45
2022,307,0.01,0.88,0.87,22.62,76.33,0.77,31.07,13.69,Cascavel,PR,Sul,-24.95,-53.45
2022,308,0.01,0.87,0.86,24.65,76.59,0.69,30.12,13.47,Cascavel,PR,Sul,-24.95,-53.45
2022,309,0.01,0.86,0.85,24.66,77.11,0.67,27.38,12.35,Cascavel,PR,Sul,-24.95,-53.45
2022,310,0.0,0.85,0.85,25.07,76.47,0.63,26.97,12.22,Cascavel,PR,Sul,-24.95,-53.45
2022,311,0.0,0.85,0.84,24.96,76.76,0.62,25.56,11.63,Cascavel,PR,Sul,-24.95,-53.45
2022,312,0.0,0.84,0.84,25.09,76.68,0.71,28.28,12.81,Cascavel,PR,Sul,-24.95,-53.45
2022,313,0.0,0.83,0.83,27.61,71.64,0.61,29.7,13.27,Cascavel,PR,Sul,-24.95,-53.45
2022,314,0.68,0.82,0.82,29.22,74.4,0.67,26.57,11.94,Cascavel,PR,Sul,-24.95,-53.45
2022,315,6.03,0.83,0.85,25.26,85.49,0.79,18.05,8.48,Cascavel,PR,Sul,-24.95,-53.45
2022,316,19.15,0.83,0.89,27.79,87.2,0.75,20.98,9.87,Cascavel,PR,Sul,-24.95,-53.45
2022,317,51.42,0.87,0.95,25.95,92.95,1.05,7.62,3.9,Cascavel,PR,Sul,-24.95,-53.45
2022,318,3.25,0.88,0.89,25.52,83.57,0.86,23.59,10.93,Cascavel,PR,Sul,-24.95,-53.45
2022,319,0.01,0.87,0.86,24.51,76.28,0.83,31.81,14.14,Cascavel,PR,Sul,-24.95,-53.45
2022,320,0.0,0.85,0.85,26.34,75.21,0.79,31.88,14.11,Cascavel,PR,Sul,-24.95,-53.45
2022,321,0.02,0.84,0.84,28.32,75.21,0.72,31.31,13.99,Cascavel,PR,Sul,-24.95,-53.45
2022,322,0.0,0.83,0.82,27.36,68.48,0.82,31.97,14.04,Cascavel,PR,Sul,-24.95,-53.45
2022,323,0.0,0.82,0.82,28.5,73.42,0.84,31.23,14.05,Cascavel,PR,Sul,-24.95,-53.45
2022,324,0.03,0.81,0.81,29.95,77.65,1.02,29.05,13.3,Cascavel,PR,Sul,-24.95,-53.45
2022,325,3.79,0.8,0.82,25.99,84.11,0.61,14.88,7.21,Cascavel,PR,Sul,-24.95,-53.45
2022,326,8.46,0.81,0.85,27.71,85.13,0.64,21.57,10.2,Cascavel,PR,Sul,-24.95,-53.45
2022,327,0.11,0.81,0.81,27.06,81.52,0.76,28.3,12.98,Cascavel,PR,Sul,-24.95,-53.45
2022,328,0.02,0.8,0.8,28.61,76.88,0.63,31.4,14.14,Cascavel,PR,Sul,-24.95,-53.45
2022,329,0.0,0.79,0.79,29.35,76.89,0.66,30.79,14.03,Cascavel,PR,Sul,-24.95,-53.45
2022,330,0.06,0.78,0.78,28.73,72.68,0.57,29.38,13.35,Cascavel,PR,Sul,-24.95,-53.45
2022,331,4.16,0.77,0.78,28.82,80.15,0.68,28.87,13.39,Cascavel,PR,Sul,-24.95,-53.45
2022,332,0.06,0.77,0.77,28.61,77.67,0.65,29.06,13.46,Cascavel,PR,Sul,-24.95,-53.45
2022,333,0.29,0.76,0.75,28.97,78.41,0.59,28.23,13.11,Cascavel,PR,Sul,-24.95,-53.45
2022,334,5.28,0.76,0.77,28.57,78.57,0.55,27.27,12.71,Cascavel,PR,Sul,-24.95,-53.45
2022,335,3.78,0.76,0.77,29.66,78.45,0.5,25.85,12.11,Cascavel,PR,Sul,-24.95,-53.45
2022,336,4.19,0.76,0.78,27.06,85.45,0.52,20.22,9.62,Cascavel,PR,Sul,-24.95,-53.45
2022,337,7.55,0.77,0.79,28.98,84.86,0.67,21.46,10.2,Cascavel,PR,Sul,-24.95,-53.45
2022,338,11.23,0.77,0.81,29.38,82.46,0.59,22.51,10.75,Cascavel,PR,Sul,-24.95,-53.45
2022,339,2.33,0.77,0.78,31.25,80.63,0.5,23.15,11.03,Cascavel,PR,Sul,-24.95,-53.45
2022,340,1.17,0.76,0.76,30.96,77.91,0.72,27.51,12.97,Cascavel,PR,Sul,-24.95,-53.45
2022,341,0.3,0.75,0.74,32.6,75.35,0.55,27.99,13.13,Cascavel,PR,Sul,-24.95,-53.45
2022,342,0.07,0.74,0.73,33.56,70.88,0.56,26.24,12.33,Cascavel,PR,Sul,-24.95,-53.45
2022,343,3.13,0.74,0.73,33.27,72.31,0.52,23.45,11.14,Cascavel,PR,Sul,-24.95,-53.45
2022,344,0.3,0.73,0.72,32.09,76.68,0.7,24.64,11.62,Cascavel,PR,Sul,-24.95,-53.45
2022,345,5.44,0.73,0.74,30.25,84.9,0.64,16.51,7.96,Cascavel,PR,Sul,-24.95,-53.45
2022,346,10.51,0.74,0.78,27.44,91.0,0.63,21.1,10.11,Cascavel,PR,Sul,-24.95,-53.45
2022,347,3.45,0.75,0.77,30.05,75.9,0.88,26.76,12.52,Cascavel,PR,Sul,-24.95,-53.45
2022,348,0.1,0.74,0.72,28.99,72.79,0.76,30.82,13.99,Cascavel,PR,Sul,-24.95,-53.45
2022,349,0.0,0.73,0.71,30.36,70.78,0.67,30.71,14.03,Cascavel,PR,Sul,-24.95,-53.45
2022,350,0.53,0.72,0.7,30.2,65.99,0.65,26.36,12.25,Cascavel,PR,Sul,-24.95,-53.45
2022,351,0.96,0.71,0.7,29.91,69.36,0.62,29.81,13.65,Cascavel,PR,Sul,-24.95,-53.45
2022,352,5.17,0.72,0.73,24.93,86.9,0.69,15.91,7.71,Cascavel,PR,Sul,-24.95,-53.45
2022,353,2.68,0.72,0.72,28.88,77.8,0.56,20.41,9.67,Cascavel,PR,Sul,-24.95,-53.45
2022,354,0.4,0.71,0.7,29.44,73.72,0.57,29.06,13.4,Cascavel,PR,Sul,-24.95,-53.45
2022,355,0.0,0.71,0.68,30.22,70.55,0.62,30.41,13.99,Cascavel,PR,Sul,-24.95,-53.45
2022,356,0.01,0.7,0.68,30.0,67.32,0.62,31.13,14.27,Cascavel,PR,Sul,-24.95,-53.45
2022,357,0.0,0.69,0.67,30.2,65.93,0.71,30.72,13.95,Cascavel,PR,Sul,-24.95,-53.45
2022,358,0.05,0.69,0.66,30.84,64.92,0.75,27.58,12.7,Cascavel,PR,Sul,-24.95,-53.45
2022,359,0.23,0.68,0.66,30.1,69.85,0.75,13.87,6.84,Cascavel,PR,Sul,-24.95,-53.45
2022,360,0.01,0.68,0.66,33.33,63.83,0.59,29.49,13.62,Cascavel,PR,Sul,-24.95,-53.45
2022,361,3.26,0.68,0.66,34.15,64.46,0.74,28.39,13.2,Cascavel,PR,Sul,-24.95,-53.45
2022,362,2.43,0.68,0.68,31.83,68.11,0.64,27.52,12.9,Cascavel,PR,Sul,-24.95,-53.45
2022,363,0.0,0.67,0.65,31.92,60.48,0.83,32.14,14.41,Cascavel,PR,Sul,-24.95,-53.45
2022,364,0.07,0.67,0.64,34.14,58.55,0.53,29.61,13.63,Cascavel,PR,Sul,-24.95,-53.45
2022,365,0.0,0.66,0.63,34.79,63.1,0.63,29.6,13.76,Cascavel,PR,Sul,-24.95,-53.45
2023,1,6.87,0.66,0.67,34.54,65.84,0.85,29.63,13.74,Cascavel,PR,Sul,-24.95,-53.45
2023,2,23.73,0.69,0.8,28.21,85.11,0.57,11.49,5.64,Cascavel,PR,Sul,-24.95,-53.45
2023,3,25.66,0.71,0.79,28.18,87.89,0.67,18.16,8.7,Cascavel,PR,Sul,-24.95,-53.45
2023,4,0.79,0.73,0.75,26.99,76.03,0.98,23.95,11.25,Cascavel,PR,Sul,-24.95,-53.45
2023,5,0.19,0.72,0.7,28.34,67.02,0.84,32.32,14.47,Cascavel,PR,Sul,-24.95,-53.45
2023,6,0.0,0.71,0.68,28.29,62.12,0.76,31.67,14.17,Cascavel,PR,Sul,-24.95,-53.45
2023,7,0.01,0.7,0.67,29.36,65.38,0.72,30.61,13.89,Cascavel,PR,Sul,-24.95,-53.45
2023,8,0.0,0.69,0.66,29.7,66.47,0.66,30.04,13.67,Cascavel,PR,Sul,-24.95,-53.45
2023,9,5.05,0.69,0.7,28.44,74.73,0.68,21.7,10.21,Cascavel,PR,Sul,-24.95,-53.45
2023,10,3.51,0.69,0.69,29.59,73.58,0.65,19.97,9.49,Cascavel,PR,Sul,-24.95,-53.45
2023,11,1.27,0.69,0.67,30.6,71.09,0.56,25.12,11.71,Cascavel,PR,Sul,-24.95,-53.45
2023,12,3.59,0.68,0.68,30.81,72.88,0.64,23.45,11.02,Cascavel,PR,Sul,-24.95,-53.45
2023,13,8.99,0.69,0.72,27.02,84.94,0.77,21.6,10.3,Cascavel,PR,Sul,-24.95,-53.45
2023,14,6.77,0.7,0.73,25.56,89.95,0.61,16.45,7.99,Cascavel,PR,Sul,-24.95,-53.45
2023,15,7.52,0.71,0.74,28.13,88.82,0.63,15.69,7.73,Cascavel,PR,Sul,-24.95,-53.45
2023,16,0.17,0.71,0.69,31.85,73.83,0.55,26.75,12.52,Cascavel,PR,Sul,-24.95,-53.45
2023,17,8.94,0.7,0.73,28.48,85.21,0.65,15.67,7.67,Cascavel,PR,Sul,-24.95,-53.45
2023,18,6.98,0.71,0.74,29.62,80.41,0.51,23.8,11.23,Cascavel,PR,Sul,-24.95,-53.45
2023,19,4.08,0.71,0.73,30.09,80.79,0.54,25.14,11.87,Cascavel,PR,Sul,-24.95,-53.45
2023,20,0.49,0.71,0.69,31.59,75.87,0.58,25.78,12.14,Cascavel,PR,Sul,-24.95,-53.45
2023,21,1.48,0.7,0.69,32.47,71.14,0.64,23.58,11.12,Cascavel,PR,Sul,-24.95,-53.45
2023,22,6.41,0.7,0.72,29.82,83.01,0.72,13.27,6.5,Cascavel,PR,Sul,-24.95,-53.45
2023,23,2.05,0.7,0.69,31.51,71.16,0.62,26.45,12.21,Cascavel,PR,Sul,-24.95,-53.45
2023,24,0.4,0.69,0.67,33.53,64.24,0.52,29.38,13.51,Cascavel,PR,Sul,-24.95,-53.45
2023,25,1.26,0.68,0.66,34.27,64.09,0.71,30.17,13.83,Cascavel,PR,Sul,-24.95,-53.45
2023,26,0.25,0.68,0.65,33.76,65.16,0.78,30.19,13.88,Cascavel,PR,Sul,-24.95,-53.45
2023,27,0.93,0.67,0.64,33.74,64.42,0.86,29.64,13.62,Cascavel,PR,Sul,-24.95,-53.45
2023,28,0.67,0.66,0.63,34.8,64.11,0.76,28.02,13.02,Cascavel,PR,Sul,-24.95,-53.45
2023,29,7.67,0.67,0.69,31.43,72.13,0.59,20.18,9.63,Cascavel,PR,Sul,-24.95,-53.45
2023,30,8.45,0.68,0.71,28.95,83.22,0.56,15.12,7.37,Cascavel,PR,Sul,-24.95,-53.45
2023,31,7.36,0.69,0.73,24.53,94.07,0.52,7.22,3.8,Cascavel,PR,Sul,-24.95,-53.45
2023,32,3.41,0.69,0.69,30.9,80.03,0.51,15.81,7.72,Cascavel,PR,Sul,-24.95,-53.45
2023,33,9.67,0.7,0.74,29.53,86.67,0.75,12.96,6.44,Cascavel,PR,Sul,-24.95,-53.45
2023,34,34.44,0.73,0.84,24.68,96.11,0.59,11.97,6.01,Cascavel,PR,Sul,-24.95,-53.45
2023,35,1.64,0.74,0.76,27.99,82.06,0.73,25.49,11.79,Cascavel,PR,Sul,-24.95,-53.45
2023,36,0.01,0.73,0.72,28.29,73.4,0.74,27.04,12.5,Cascavel,PR,Sul,-24.95,-53.45
2023,37,0.01,0.72,0.7,30.04,67.37,0.55,26.05,12.04,Cascavel,PR,Sul,-24.95,-53.45
2023,38,0.1,0.71,0.69,31.88,66.79,0.47,27.43,12.56,Cascavel,PR,Sul,-24.95,-53.45
2023,39,0.97,0.7,0.68,32.54,65.28,0.6,28.52,12.96,Cascavel,PR,Sul,-24.95,-53.45
2023,40,0.68,0.69,0.67,33.83,65.86,0.65,25.28,11.66,Cascavel,PR,Sul,-24.95,-53.45
2023,41,11.33,0.69,0.71,31.79,75.9,0.64,18.73,8.88,Cascavel,PR,Sul,-24.95,-53.45
2023,42,0.78,0.7,0.7,31.49,76.83,0.48,20.51,9.65,Cascavel,PR,Sul,-24.95,-53.45
2023,43,1.01,0.69,0.67,31.99,75.04,0.67,24.86,11.68,Cascavel,PR,Sul,-24.95,-53.45
2023,44,11.54,0.7,0.73,30.43,82.44,0.82,20.66,9.89,Cascavel,PR,Sul,-24.95,-53.45
2023,45,8.68,0.71,0.75,28.82,86.34,0.79,14.44,7.07,Cascavel,PR,Sul,-24.95,-53.45
2023,46,65.76,0.75,0.86,25.43,92.85,0.63,13.64,6.74,Cascavel,PR,Sul,-24.95,-53.45
2023,47,3.28,0.75,0.77,26.12,89.12,0.59,8.8,4.49,Cascavel,PR,Sul,-24.95,-53.45
2023,48,16.26,0.77,0.83,25.15,89.3,0.85,12.17,5.98,Cascavel,PR,Sul,-24.95,-53.45
2023,49,0.01,0.76,0.76,23.08,64.15,1.02,29.05,13.04,Cascavel,PR,Sul,-24.95,-53.45
2023,50,4.5,0.75,0.77,23.12,83.72,0.76,14.4,6.87,Cascavel,PR,Sul,-24.95,-53.45
2023,51,40.88,0.77,0.87,23.18,92.05,0.51,2.94,1.64,Cascavel,PR,Sul,-24.95,-53.45
2023,52,0.5,0.78,0.79,27.68,84.68,0.53,18.28,8.72,Cascavel,PR,Sul,-24.95,-53.45
2023,53,7.72,0.77,0.81,27.3,89.17,0.66,17.76,8.5,Cascavel,PR,Sul,-24.95,-53.45
2023,54,21.39,0.79,0.86,25.28,94.08,0.54,11.04,5.38,Cascavel,PR,Sul,-24.95,-53.45
2023,55,5.14,0.81,0.84,28.12,88.61,0.7,13.28,6.54,Cascavel,PR,Sul,-24.95,-53.45
2023,56,0.97,0.79,0.8,28.61,83.09,0.61,17.1,8.13,Cascavel,PR,Sul,-24.95,-53.45
2023,57,21.78,0.81,0.89,26.43,91.76,0.42,12.79,6.35,Cascavel,PR,Sul,-24.95,-53.45
2023,58,0.2,0.81,0.81,28.56,84.56,0.5,10.08,5.01,Cascavel,PR,Sul,-24.95,-53.45
2023,59,9.51,0.8,0.84,27.57,87.63,0.68,18.06,8.66,Cascavel,PR,Sul,-24.95,-53.45
2023,60,3.46,0.8,0.83,27.44,87.57,0.7,22.01,10.39,Cascavel,PR,Sul,-24.95,-53.45
2023,61,6.13,0.8,0.83,26.08,92.26,0.71,12.98,6.38,Cascavel,PR,Sul,-24.95,-53.45
2023,62,5.82,0.81,0.83,27.19,90.66,0.92,12.23,6.05,Cascavel,PR,Sul,-24.95,-53.45
2023,63,4.47,0.8,0.82,28.19,84.85,0.93,19.45,9.25,Cascavel,PR,Sul,-24.95,-53.45
2023,64,0.3,0.8,0.8,28.2,84.75,0.73,24.7,11.56,Cascavel,PR,Sul,-24.95,-53.45
2023,65,0.0,0.79,0.79,29.47,79.23,0.66,25.82,11.91,Cascavel,PR,Sul,-24.95,-53.45
2023,66,0.03,0.78,0.78,29.85,74.75,0.71,25.61,11.78,Cascavel,PR,Sul,-24.95,-53.45
2023,67,8.61,0.77,0.81,28.59,82.65,0.62,12.31,6.06,Cascavel,PR,Sul,-24.95,-53.45
2023,68,9.92,0.78,0.83,29.25,87.24,0.56,12.15,5.95,Cascavel,PR,Sul,-24.95,-53.45
2023,69,1.05,0.79,0.81,26.73,87.78,0.6,20.59,9.75,Cascavel,PR,Sul,-24.95,-53.45
2023,70,1.82,0.78,0.8,27.47,86.31,0.51,17.87,8.45,Cascavel,PR,Sul,-24.95,-53.45
2023,71,1.31,0.78,0.79,28.26,85.18,0.68,16.28,7.83,Cascavel,PR,Sul,-24.95,-53.45
2023,72,6.37,0.78,0.8,26.57,89.87,0.73,13.16,6.43,Cascavel,PR,Sul,-24.95,-53.45
2023,73,3.84,0.78,0.8,26.7,90.38,0.94,14.89,7.21,Cascavel,PR,Sul,-24.95,-53.45
2023,74,1.2,0.78,0.79,28.82,85.36,0.8,14.7,7.07,Cascavel,PR,Sul,-24.95,-53.45
2023,75,0.56,0.77,0.78,27.06,88.17,0.72,13.77,6.69,Cascavel,PR,Sul,-24.95,-53.45
2023,76,1.11,0.76,0.77,28.53,84.37,0.82,20.91,9.84,Cascavel,PR,Sul,-24.95,-53.45
2023,77,0.13,0.76,0.76,29.79,80.54,0.67,22.79,10.55,Cascavel,PR,Sul,-24.95,-53.45
2023,78,1.54,0.75,0.76,29.47,79.33,0.54,19.85,9.37,Cascavel,PR,Sul,-24.95,-53.45
2023,79,0.07,0.74,0.74,30.56,76.16,0.54,22.32,10.44,Cascavel,PR,Sul,-24.95,-53.45
2023,80,0.14,0.73,0.73,30.98,76.51,0.6,23.39,10.93,Cascavel,PR,Sul,-24.95,-53.45
2023,81,0.16,0.73,0.72,31.35,77.85,0.72,23.11,10.75,Cascavel,PR,Sul,-24.95,-53.45
2023,82,0.04,0.72,0.71,31.24,75.8,0.72,23.05,10.73,Cascavel,PR,Sul,-24.95,-53.45
2023,83,0.05,0.72,0.71,29.89,72.66,0.38,21.03,9.88,Cascavel,PR,Sul,-24.95,-53.45
2023,84,1.62,0.71,0.7,30.61,79.01,0.69,20.38,9.58,Cascavel,PR,Sul,-24.95,-53.45
2023,85,4.28,0.72,0.73,27.49,83.86,0.61,19.52,9.23,Cascavel,PR,Sul,-24.95,-53.45
2023,86,0.0,0.71,0.7,30.23,65.87,0.58,22.92,10.39,Cascavel,PR,Sul,-24.95,-53.45
2023,87,0.13,0.71,0.69,30.34,79.58,0.74,21.82,10.26,Cascavel,PR,Sul,-24.95,-53.45
2023,88,8.31,0.71,0.73,30.51,82.06,0.64,18.49,8.81,Cascavel,PR,Sul,-24.95,-53.45
2023,89,5.25,0.72,0.75,29.55,81.2,0.59,13.04,6.32,Cascavel,PR,Sul,-24.95,-53.45
2023,90,0.38,0.72,0.71,30.97,77.42,0.59,22.78,10.5,Cascavel,PR,Sul,-24.95,-53.45
2023,91,0.17,0.71,0.69,30.51,72.83,0.76,22.16,10.29,Cascavel,PR,Sul,-24.95,-53.45
2023,92,0.0,0.7,0.68,30.61,54.39,0.54,23.59,10.66,Cascavel,PR,Sul,-24.95,-53.45
2023,93,0.0,0.7,0.68,30.13,74.33,0.78,22.44,10.35,Cascavel,PR,Sul,-24.95,-53.45
2023,94,0.0,0.69,0.67,30.46,69.79,0.56,19.75,9.23,Cascavel,PR,Sul,-24.95,-53.45
2023,95,4.08,0.69,0.69,26.86,80.91,0.58,14.39,6.8,Cascavel,PR,Sul,-24.95,-53.45
2023,96,8.12,0.71,0.74,21.42,93.79,0.7,4.37,2.25,Cascavel,PR,Sul,-24.95,-53.45
2023,97,15.59,0.73,0.81,25.97,88.11,0.43,11.42,5.49,Cascavel,PR,Sul,-24.95,-53.45
2023,98,0.47,0.73,0.73,27.43,82.42,0.51,16.39,7.71,Cascavel,PR,Sul,-24.95,-53.45
2023,99,0.04,0.72,0.72,28.14,79.72,0.62,18.71,8.68,Cascavel,PR,Sul,-24.95,-53.45
2023,100,4.84,0.72,0.73,28.3,78.91,0.59,21.37,9.82,Cascavel,PR,Sul,-24.95,-53.45
2023,101,1.15,0.72,0.71,28.42,76.8,0.77,21.58,9.87,Cascavel,PR,Sul,-24.95,-53.45
2023,102,0.01,0.71,0.7,29.84,68.98,0.61,21.24,9.74,Cascavel,PR,Sul,-24.95,-53.45
2023,103,8.48,0.71,0.72,28.26,81.07,0.66,13.7,6.47,Cascavel,PR,Sul,-24.95,-53.45
2023,104,3.73,0.72,0.75,27.07,82.56,0.56,14.8,6.93,Cascavel,PR,Sul,-24.95,-53.45
2023,105,0.06,0.72,0.71,28.07,80.77,0.61,12.59,6.01,Cascavel,PR,Sul,-24.95,-53.45
2023,106,20.8,0.71,0.74,27.23,88.79,0.75,13.71,6.55,Cascavel,PR,Sul,-24.95,-53.45
2023,107,12.68,0.74,0.82,25.6,89.18,0.47,6.18,3.17,Cascavel,PR,Sul,-24.95,-53.45
2023,108,8.8,0.76,0.81,20.82,89.02,0.74,12.33,5.92,Cascavel,PR,Sul,-24.95,-53.45
2023,109,0.03,0.75,0.75,21.92,75.88,0.97,17.46,7.91,Cascavel,PR,Sul,-24.95,-53.45
2023,110,0.0,0.74,0.74,20.8,73.22,0.68,21.29,9.45,Cascavel,PR,Sul,-24.95,-53.45
2023,111,0.07,0.73,0.73,22.65,73.77,0.92,21.14,9.32,Cascavel,PR,Sul,-24.95,-53.45
2023,112,0.04,0.73,0.72,24.83,74.77,0.59,20.83,9.27,Cascavel,PR,Sul,-24.95,-53.45
2023,113,0.02,0.72,0.71,25.74,81.46,0.72,18.68,8.52,Cascavel,PR,Sul,-24.95,-53.45
2023,114,4.52,0.72,0.73,24.42,83.66,0.88,18.04,8.38,Cascavel,PR,Sul,-24.95,-53.45
2023,115,12.37,0.72,0.75,24.06,87.22,1.0,15.99,7.47,Cascavel,PR,Sul,-24.95,-53.45
2023,116,15.98,0.75,0.81,25.01,87.01,0.46,9.44,4.5,Cascavel,PR,Sul,-24.95,-53.45
2023,117,0.04,0.74,0.75,23.45,83.45,0.58,17.22,7.85,Cascavel,PR,Sul,-24.95,-53.45
2023,118,0.03,0.73,0.74,24.64,81.61,0.61,18.1,8.18,Cascavel,PR,Sul,-24.95,-53.45
2023,119,0.01,0.73,0.73,25.31,82.89,0.79,18.62,8.42,Cascavel,PR,Sul,-24.95,-53.45
2023,120,0.02,0.72,0.72,26.42,79.8,0.73,18.6,8.43,Cascavel,PR,Sul,-24.95,-53.45
2023,121,0.01,0.72,0.71,28.54,76.76,0.63,18.06,8.29,Cascavel,PR,Sul,-24.95,-53.45
2023,122,1.69,0.71,0.71,27.95,79.86,0.72,14.05,6.56,Cascavel,PR,Sul,-24.95,-53.45
2023,123,18.01,0.73,0.81,25.82,91.57,0.77,6.36,3.19,Cascavel,PR,Sul,-24.95,-53.45
2023,124,2.68,0.74,0.76,26.6,90.08,0.54,12.32,5.88,Cascavel,PR,Sul,-24.95,-53.45
2023,125,0.17,0.74,0.74,27.44,87.62,0.75,15.44,7.25,Cascavel,PR,Sul,-24.95,-53.45
2023,126,0.0,0.73,0.73,26.87,83.74,0.67,13.31,6.22,Cascavel,PR,Sul,-24.95,-53.45
2023,127,2.19,0.73,0.73,27.3,85.06,0.75,13.55,6.34,Cascavel,PR,Sul,-24.95,-53.45
2023,128,3.55,0.73,0.76,22.3,93.28,0.42,6.81,3.36,Cascavel,PR,Sul,-24.95,-53.45
2023,129,0.04,0.73,0.73,24.83,82.3,0.61,14.16,6.54,Cascavel,PR,Sul,-24.95,-53.45
2023,130,0.01,0.72,0.72,24.46,78.22,0.67,17.67,7.89,Cascavel,PR,Sul,-24.95,-53.45
2023,131,0.02,0.72,0.71,21.78,76.81,0.71,18.42,8.07,Cascavel,PR,Sul,-24.95,-53.45
2023,132,0.03,0.71,0.7,21.49,72.03,0.69,17.76,7.9,Cascavel,PR,Sul,-24.95,-53.45
2023,133,0.01,0.71,0.7,22.6,69.39,0.68,17.71,7.85,Cascavel,PR,Sul,-24.95,-53.45
2023,134,0.0,0.7,0.69,24.59,64.77,0.62,17.67,7.79,Cascavel,PR,Sul,-24.95,-53.45
2023,135,0.01,0.7,0.68,26.24,64.89,0.75,17.78,7.8,Cascavel,PR,Sul,-24.95,-53.45
2023,136,0.01,0.7,0.68,26.78,65.51,0.58,17.58,7.76,Cascavel,PR,Sul,-24.95,-53.45
2023,137,0.02,0.69,0.67,25.12,72.42,0.88,17.29,7.63,Cascavel,PR,Sul,-24.95,-53.45
2023,138,0.05,0.69,0.67,25.12,73.16,0.75,17.28,7.62,Cascavel,PR,Sul,-24.95,-53.45
2023,139,0.02,0.68,0.66,25.15,74.0,0.82,15.16,6.67,Cascavel,PR,Sul,-24.95,-53.45
2023,140,0.03,0.68,0.66,25.97,75.81,0.75,9.88,4.56,Cascavel,PR,Sul,-24.95,-53.45
2023,141,1.72,0.68,0.66,24.51,77.42,0.8,8.88,4.1,Cascavel,PR,Sul,-24.95,-53.45
2023,142,2.3,0.68,0.68,20.06,86.07,0.71,7.65,3.6,Cascavel,PR,Sul,-24.95,-53.45
2023,143,0.01,0.68,0.66,26.65,72.17,0.73,15.78,7.21,Cascavel,PR,Sul,-24.95,-53.45
2023,144,0.02,0.68,0.65,26.18,71.56,0.9,16.19,7.28,Cascavel,PR,Sul,-24.95,-53.45
2023,145,0.02,0.68,0.65,26.42,73.1,0.93,16.0,7.24,Cascavel,PR,Sul,-24.95,-53.45
2023,146,0.24,0.67,0.65,27.0,71.82,1.05,13.25,6.08,Cascavel,PR,Sul,-24.95,-53.45
2023,147,28.89,0.68,0.74,23.51,85.09,0.69,5.4,2.6,Cascavel,PR,Sul,-24.95,-53.45
2023,148,1.3,0.72,0.76,21.85,94.41,0.51,8.57,4.02,Cascavel,PR,Sul,-24.95,-53.45
2023,149,1.4,0.71,0.71,23.24,84.66,0.59,8.26,3.85,Cascavel,PR,Sul,-24.95,-53.45
2023,150,1.6,0.71,0.72,19.22,92.5,0.51,6.2,2.97,Cascavel,PR,Sul,-24.95,-53.45
2023,151,0.04,0.71,0.7,23.9,83.46,0.47,9.18,4.29,Cascavel,PR,Sul,-24.95,-53.45
2023,152,0.01,0.7,0.69,24.74,80.31,0.51,14.53,6.55,Cascavel,PR,Sul,-24.95,-53.45
2023,153,0.01,0.7,0.69,23.81,80.22,0.78,15.5,6.91,Cascavel,PR,Sul,-24.95,-53.45
2023,154,0.03,0.7,0.68,24.48,80.15,0.87,15.52,6.91,Cascavel,PR,Sul,-24.95,-53.45
2023,155,0.04,0.69,0.67,25.33,75.24,0.69,15.68,6.97,Cascavel,PR,Sul,-24.95,-53.45
2023,156,0.01,0.69,0.67,26.34,73.82,0.6,14.44,6.49,Cascavel,PR,Sul,-24.95,-53.45
2023,157,0.04,0.68,0.66,24.62,76.03,0.82,15.04,6.79,Cascavel,PR,Sul,-24.95,-53.45
2023,158,0.02,0.68,0.66,25.4,71.24,0.76,15.18,6.82,Cascavel,PR,Sul,-24.95,-53.45
2023,159,0.02,0.68,0.65,25.4,73.78,0.77,15.04,6.73,Cascavel,PR,Sul,-24.95,-53.45
2023,160,0.01,0.68,0.65,26.35,72.12,0.84,15.41,6.84,Cascavel,PR,Sul,-24.95,-53.45
2023,161,0.05,0.67,0.65,27.41,73.44,0.81,11.87,5.48,Cascavel,PR,Sul,-24.95,-53.45
2023,162,7.89,0.67,0.69,23.59,82.53,1.0,4.76,2.33,Cascavel,PR,Sul,-24.95,-53.45
2023,163,19.31,0.71,0.8,16.71,88.59,1.15,3.74,1.88,Cascavel,PR,Sul,-24.95,-53.45
2023,164,2.87,0.72,0.73,16.16,88.99,0.56,3.7,1.87,Cascavel,PR,Sul,-24.95,-53.45
2023,165,11.9,0.72,0.79,14.68,95.4,0.54,4.3,2.11,Cascavel,PR,Sul,-24.95,-53.45
2023,166,2.22,0.73,0.75,13.02,94.97,0.63,3.59,1.79,Cascavel,PR,Sul,-24.95,-53.45
2023,167,0.86,0.73,0.73,14.54,93.76,0.42,5.54,2.65,Cascavel,PR,Sul,-24.95,-53.45
2023,168,0.29,0.73,0.72,16.76,88.25,0.59,8.99,4.1,Cascavel,PR,Sul,-24.95,-53.45
2023,169,0.01,0.72,0.72,18.38,79.73,0.56,15.45,6.78,Cascavel,PR,Sul,-24.95,-53.45
2023,170,0.06,0.72,0.71,20.31,84.59,0.89,15.18,6.64,Cascavel,PR,Sul,-24.95,-53.45
2023,171,0.03,0.71,0.71,22.15,82.75,0.7,14.95,6.67,Cascavel,PR,Sul,-24.95,-53.45
2023,172,0.91,0.71,0.7,23.57,82.37,0.84,6.83,3.24,Cascavel,PR,Sul,-24.95,-53.45
2023,173,7.54,0.72,0.75,23.05,91.85,0.69,3.46,1.75,Cascavel,PR,Sul,-24.95,-53.45
2023,174,7.98,0.73,0.77,21.49,93.04,0.87,4.66,2.32,Cascavel,PR,Sul,-24.95,-53.45
2023,175,3.98,0.73,0.76,24.41,85.27,0.88,14.61,6.63,Cascavel,PR,Sul,-24.95,-53.45
2023,176,0.01,0.73,0.72,25.1,81.52,0.75,14.78,6.62,Cascavel,PR,Sul,-24.95,-53.45
2023,177,0.03,0.72,0.71,24.66,83.61,0.78,15.0,6.72,Cascavel,PR,Sul,-24.95,-53.45
2023,178,0.01,0.72,0.71,23.71,81.21,0.82,15.29,6.77,Cascavel,PR,Sul,-24.95,-53.45
2023,179,0.03,0.71,0.7,25.76,80.68,0.6,14.73,6.6,Cascavel,PR,Sul,-24.95,-53.45
2023,180,2.07,0.71,0.71,25.18,85.3,0.53,14.41,6.55,Cascavel,PR,Sul,-24.95,-53.45
2023,181,0.42,0.71,0.7,24.41,81.05,0.76,14.57,6.63,Cascavel,PR,Sul,-24.95,-53.45
2023,182,0.0,0.7,0.69,25.36,76.1,0.58,14.69,6.64,Cascavel,PR,Sul,-24.95,-53.45
2023,183,0.01,0.7,0.69,24.57,80.0,0.74,14.95,6.68,Cascavel,PR,Sul,-24.95,-53.45
2023,184,0.01,0.7,0.68,23.59,78.4,0.79,15.09,6.71,Cascavel,PR,Sul,-24.95,-53.45
2023,185,0.02,0.69,0.68,22.64,76.85,0.85,15.39,6.82,Cascavel,PR,Sul,-24.95,-53.45
2023,186,0.01,0.69,0.67,24.83,74.75,0.78,14.85,6.66,Cascavel,PR,Sul,-24.95,-53.45
2023,187,0.0,0.69,0.67,24.68,71.97,0.8,12.03,5.49,Cascavel,PR,Sul,-24.95,-53.45
2023,188,0.17,0.68,0.66,25.49,70.75,0.9,9.5,4.37,Cascavel,PR,Sul,-24.95,-53.45
2023,189,10.71,0.69,0.73,23.21,86.61,0.66,4.42,2.19,Cascavel,PR,Sul,-24.95,-53.45
2023,190,5.37,0.7,0.72,23.23,95.07,0.6,6.66,3.17,Cascavel,PR,Sul,-24.95,-53.45
2023,191,26.87,0.73,0.86,22.95,93.32,0.79,4.04,1.97,Cascavel,PR,Sul,-24.95,-53.45
2023,192,3.24,0.75,0.77,25.17,90.66,0.73,8.71,4.04,Cascavel,PR,Sul,-24.95,-53.45
2023,193,15.78,0.75,0.8,24.6,86.98,1.08,9.52,4.42,Cascavel,PR,Sul,-24.95,-53.45
2023,194,0.66,0.76,0.78,13.48,85.76,1.2,10.13,4.59,Cascavel,PR,Sul,-24.95,-53.45
2023,195,0.06,0.75,0.76,15.7,80.34,0.63,16.18,7.05,Cascavel,PR,Sul,-24.95,-53.45
2023,196,0.0,0.74,0.75,18.41,77.89,0.73,15.4,6.74,Cascavel,PR,Sul,-24.95,-53.45
2023,197,0.0,0.74,0.74,22.73,70.87,0.5,9.88,4.49,Cascavel,PR,Sul,-24.95,-53.45
2023,198,1.73,0.73,0.74,20.94,88.95,0.53,5.68,2.71,Cascavel,PR,Sul,-24.95,-53.45
2023,199,0.09,0.73,0.74,18.62,85.32,0.45,7.48,3.54,Cascavel,PR,Sul,-24.95,-53.45
2023,200,0.0,0.73,0.73,22.05,87.08,0.65,9.37,4.37,Cascavel,PR,Sul,-24.95,-53.45
2023,201,0.0,0.73,0.72,24.4,84.15,0.89,15.06,6.9,Cascavel,PR,Sul,-24.95,-53.45
2023,202,0.0,0.72,0.71,25.53,80.95,1.02,15.5,7.06,Cascavel,PR,Sul,-24.95,-53.45
2023,203,0.0,0.72,0.71,25.13,77.07,1.12,16.01,7.21,Cascavel,PR,Sul,-24.95,-53.45
2023,204,0.0,0.71,0.7,26.48,76.34,0.79,15.45,6.97,Cascavel,PR,Sul,-24.95,-53.45
2023,205,0.0,0.71,0.69,26.8,74.49,0.73,10.15,4.72,Cascavel,PR,Sul,-24.95,-53.45
2023,206,3.0,0.7,0.7,27.14,71.69,0.82,15.53,7.01,Cascavel,PR,Sul,-24.95,-53.45
2023,207,18.06,0.73,0.81,25.3,86.36,0.68,12.01,5.56,Cascavel,PR,Sul,-24.95,-53.45
2023,208,4.93,0.73,0.75,23.64,90.79,0.54,3.49,1.79,Cascavel,PR,Sul,-24.95,-53.45
2023,209,7.33,0.74,0.79,22.42,94.75,0.52,3.14,1.61,Cascavel,PR,Sul,-24.95,-53.45
2023,210,0.14,0.74,0.75,23.41,85.12,0.46,10.75,4.96,Cascavel,PR,Sul,-24.95,-53.45
2023,211,0.0,0.74,0.74,23.84,84.74,0.7,16.0,7.22,Cascavel,PR,Sul,-24.95,-53.45
2023,212,0.0,0.73,0.73,25.94,78.93,0.62,16.75,7.54,Cascavel,PR,Sul,-24.95,-53.45
2023,213,0.01,0.72,0.72,26.0,79.4,0.74,16.76,7.48,Cascavel,PR,Sul,-24.95,-53.45
2023,214,0.02,0.72,0.71,27.07,71.33,0.81,17.55,7.78,Cascavel,PR,Sul,-24.95,-53.45
2023,215,0.0,0.71,0.7,28.86,69.45,0.62,17.45,7.79,Cascavel,PR,Sul,-24.95,-53.45
2023,216,0.0,0.71,0.7,28.55,68.93,0.57,17.71,7.93,Cascavel,PR,Sul,-24.95,-53.45
2023,217,0.0,0.7,0.69,27.86,68.38,0.77,18.01,8.0,Cascavel,PR,Sul,-24.95,-53.45
2023,218,0.0,0.7,0.68,28.14,65.83,0.93,17.63,7.87,Cascavel,PR,Sul,-24.95,-53.45
2023,219,1.59,0.7,0.68,26.13,75.65,0.66,9.88,4.6,Cascavel,PR,Sul,-24.95,-53.45
2023,220,10.07,0.71,0.74,24.68,88.15,0.74,2.95,1.51,Cascavel,PR,Sul,-24.95,-53.45
2023,221,18.04,0.74,0.83,18.69,92.69,0.9,8.04,3.84,Cascavel,PR,Sul,-24.95,-53.45
2023,222,0.86,0.74,0.74,27.05,84.99,0.71,14.37,6.66,Cascavel,PR,Sul,-24.95,-53.45
2023,223,4.43,0.73,0.75,28.2,80.83,0.78,13.11,6.06,Cascavel,PR,Sul,-24.95,-53.45
2023,224,13.08,0.75,0.81,24.0,85.58,0.86,1.87,0.95,Cascavel,PR,Sul,-24.95,-53.45
2023,225,0.0,0.74,0.74,19.37,69.17,0.67,12.93,5.82,Cascavel,PR,Sul,-24.95,-53.45
2023,226,0.05,0.74,0.74,24.43,76.83,0.4,14.84,6.76,Cascavel,PR,Sul,-24.95,-53.45
2023,227,0.0,0.73,0.73,27.87,81.65,0.7,16.67,7.57,Cascavel,PR,Sul,-24.95,-53.45
2023,228,0.01,0.73,0.72,27.99,79.0,0.88,17.05,7.75,Cascavel,PR,Sul,-24.95,-53.45
2023,229,0.01,0.72,0.71,28.07,74.16,0.93,18.59,8.46,Cascavel,PR,Sul,-24.95,-53.45
2023,230,12.17,0.72,0.74,28.23,74.74,1.18,9.75,4.59,Cascavel,PR,Sul,-24.95,-53.45
2023,231,0.02,0.73,0.74,22.33,78.66,0.63,14.55,6.49,Cascavel,PR,Sul,-24.95,-53.45
2023,232,0.98,0.73,0.73,23.49,85.02,0.65,9.43,4.4,Cascavel,PR,Sul,-24.95,-53.45
2023,233,0.05,0.72,0.72,26.93,81.72,0.58,17.65,7.86,Cascavel,PR,Sul,-24.95,-53.45
2023,234,0.05,0.72,0.71,28.41,78.05,1.11,17.04,7.75,Cascavel,PR,Sul,-24.95,-53.45
2023,235,0.0,0.71,0.69,31.23,71.97,1.02,17.41,7.86,Cascavel,PR,Sul,-24.95,-53.45
2023,236,0.0,0.71,0.69,28.63,78.09,0.73,13.92,6.13,Cascavel,PR,Sul,-24.95,-53.45
2023,237,0.09,0.7,0.69,23.39,78.08,0.71,8.57,4.01,Cascavel,PR,Sul,-24.95,-53.45
2023,238,0.0,0.7,0.68,22.33,63.29,0.92,17.35,7.79,Cascavel,PR,Sul,-24.95,-53.45
2023,239,0.0,0.69,0.68,21.82,70.08,0.56,16.22,7.3,Cascavel,PR,Sul,-24.95,-53.45
2023,240,0.0,0.69,0.67,23.63,71.08,0.72,19.41,8.63,Cascavel,PR,Sul,-24.95,-53.45
2023,241,0.01,0.69,0.67,22.86,71.76,0.68,15.65,7.16,Cascavel,PR,Sul,-24.95,-53.45
2023,242,0.0,0.69,0.67,27.15,73.87,0.73,18.02,8.04,Cascavel,PR,Sul,-24.95,-53.45
2023,243,0.1,0.68,0.66,30.27,72.78,0.48,16.75,7.55,Cascavel,PR,Sul,-24.95,-53.45
2023,244,14.63,0.69,0.73,28.65,74.4,1.16,15.53,7.09,Cascavel,PR,Sul,-24.95,-53.45
2023,245,24.09,0.72,0.82,28.03,80.62,1.06,10.77,5.16,Cascavel,PR,Sul,-24.95,-53.45
2023,246,5.33,0.74,0.78,30.09,78.51,1.3,17.45,8.07,Cascavel,PR,Sul,-24.95,-53.45
2023,247,2.82,0.73,0.73,29.77,77.47,1.61,8.99,4.25,Cascavel,PR,Sul,-24.95,-53.45
2023,248,0.05,0.73,0.72,24.35,75.95,0.71,15.62,7.03,Cascavel,PR,Sul,-24.95,-53.45
2023,249,0.03,0.72,0.71,25.54,75.99,0.99,13.77,6.17,Cascavel,PR,Sul,-24.95,-53.45
2023,250,5.03,0.72,0.72,25.84,79.56,1.53,13.78,6.49,Cascavel,PR,Sul,-24.95,-53.45
2023,251,19.46,0.74,0.83,24.23,89.65,0.79,1.82,1.0,Cascavel,PR,Sul,-24.95,-53.45
2023,252,17.53,0.77,0.84,26.47,88.86,0.62,4.7,2.37,Cascavel,PR,Sul,-24.95,-53.45
2023,253,1.51,0.76,0.78,28.45,83.9,0.78,20.4,9.23,Cascavel,PR,Sul,-24.95,-53.45
2023,254,0.02,0.75,0.75,29.72,74.34,0.96,22.84,10.29,Cascavel,PR,Sul,-24.95,-53.45
2023,255,0.26,0.74,0.73,28.72,72.22,1.31,15.86,7.34,Cascavel,PR,Sul,-24.95,-53.45
2023,256,4.66,0.74,0.75,25.6,82.3,1.24,5.24,2.56,Cascavel,PR,Sul,-24.95,-53.45
2023,257,0.14,0.74,0.74,19.64,72.71,1.07,23.57,10.3,Cascavel,PR,Sul,-24.95,-53.45
2023,258,0.02,0.73,0.73,24.98,59.48,0.56,24.59,10.72,Cascavel,PR,Sul,-24.95,-53.45
2023,259,0.01,0.72,0.71,27.83,63.09,1.06,23.78,10.57,Cascavel,PR,Sul,-24.95,-53.45
2023,260,0.0,0.71,0.69,33.13,64.56,1.05,22.82,10.37,Cascavel,PR,Sul,-24.95,-53.45
2023,261,0.0,0.71,0.68,31.61,67.75,0.95,19.64,9.04,Cascavel,PR,Sul,-24.95,-53.45
2023,262,1.21,0.7,0.68,31.96,72.23,0.84,17.14,7.93,Cascavel,PR,Sul,-24.95,-53.45
2023,263,0.16,0.7,0.67,34.35,67.74,0.64,20.34,9.32,Cascavel,PR,Sul,-24.95,-53.45
2023,264,0.06,0.69,0.66,34.61,67.1,0.88,19.14,8.96,Cascavel,PR,Sul,-24.95,-53.45
2023,265,0.01,0.68,0.65,36.79,60.31,0.85,22.98,10.58,Cascavel,PR,Sul,-24.95,-53.45
2023,266,0.0,0.68,0.64,37.35,58.8,0.86,22.76,10.43,Cascavel,PR,Sul,-24.95,-53.45
2023,267,0.23,0.67,0.64,34.86,65.06,0.75,19.51,9.08,Cascavel,PR,Sul,-24.95,-53.45
2023,268,0.33,0.67,0.63,37.75,61.92,0.87,20.42,9.32,Cascavel,PR,Sul,-24.95,-53.45
2023,269,0.16,0.67,0.62,37.42,61.44,1.15,19.92,9.0,Cascavel,PR,Sul,-24.95,-53.45
2023,270,1.15,0.67,0.64,24.12,75.15,1.22,12.01,5.61,Cascavel,PR,Sul,-24.95,-53.45
2023,271,0.0,0.66,0.64,29.87,66.18,0.53,19.89,9.06,Cascavel,PR,Sul,-24.95,-53.45
2023,272,0.45,0.66,0.63,28.91,73.21,0.68,13.11,6.09,Cascavel,PR,Sul,-24.95,-53.45
2023,273,1.72,0.66,0.64,30.55,73.42,0.73,7.76,3.77,Cascavel,PR,Sul,-24.95,-53.45
2023,274,1.62,0.66,0.66,29.78,72.46,0.65,13.38,6.37,Cascavel,PR,Sul,-24.95,-53.45
2023,275,0.0,0.66,0.63,31.82,60.56,0.8,20.21,9.27,Cascavel,PR,Sul,-24.95,-53.45
2023,276,9.88,0.66,0.68,35.29,61.7,1.04,20.1,9.31,Cascavel,PR,Sul,-24.95,-53.45
2023,277,19.85,0.69,0.76,27.87,77.55,1.34,13.37,6.18,Cascavel,PR,Sul,-24.95,-53.45
2023,278,1.95,0.7,0.72,23.68,83.33,0.42,6.44,3.21,Cascavel,PR,Sul,-24.95,-53.45
2023,279,2.15,0.7,0.69,33.24,77.16,0.76,19.8,8.87,Cascavel,PR,Sul,-24.95,-53.45
2023,280,2.61,0.7,0.69,27.23,78.91,1.1,14.94,6.74,Cascavel,PR,Sul,-24.95,-53.45
2023,281,28.1,0.72,0.83,21.49,89.93,0.79,3.46,1.83,Cascavel,PR,Sul,-24.95,-53.45
2023,282,0.15,0.73,0.72,26.95,73.77,0.71,26.66,11.91,Cascavel,PR,Sul,-24.95,-53.45
2023,283,0.01,0.71,0.69,30.91,70.99,0.9,26.43,11.96,Cascavel,PR,Sul,-24.95,-53.45
2023,284,1.27,0.7,0.68,33.93,67.19,1.28,24.05,11.11,Cascavel,PR,Sul,-24.95,-53.45
2023,285,18.99,0.72,0.78,24.0,81.42,1.19,15.53,7.16,Cascavel,PR,Sul,-24.95,-53.45
2023,286,0.0,0.72,0.7,26.97,76.17,0.75,12.69,6.08,Cascavel,PR,Sul,-24.95,-53.45
2023,287,0.0,0.71,0.69,28.55,76.25,0.73,20.27,9.42,Cascavel,PR,Sul,-24.95,-53.45
2023,288,0.0,0.7,0.68,33.03,70.3,0.9,25.12,11.56,Cascavel,PR,Sul,-24.95,-53.45
2023,289,3.38,0.69,0.69,35.28,68.77,1.23,24.9,11.63,Cascavel,PR,Sul,-24.95,-53.45
2023,290,13.36,0.7,0.75,29.93,83.0,0.93,13.69,6.6,Cascavel,PR,Sul,-24.95,-53.45
2023,291,0.94,0.71,0.7,33.3,74.61,0.7,21.49,9.93,Cascavel,PR,Sul,-24.95,-53.45
2023,292,16.41,0.72,0.78,31.31,80.21,0.91,15.62,7.43,Cascavel,PR,Sul,-24.95,-53.45
2023,293,1.26,0.73,0.73,30.51,77.88,0.64,16.68,7.81,Cascavel,PR,Sul,-24.95,-53.45
2023,294,0.0,0.71,0.7,33.56,70.34,0.67,26.12,11.89,Cascavel,PR,Sul,-24.95,-53.45
2023,295,0.0,0.71,0.68,34.34,66.07,0.97,23.79,10.81,Cascavel,PR,Sul,-24.95,-53.45
2023,296,0.5,0.69,0.67,35.58,56.71,0.83,21.2,9.68,Cascavel,PR,Sul,-24.95,-53.45
2023,297,13.29,0.7,0.75,32.11,72.9,0.77,3.58,1.82,Cascavel,PR,Sul,-24.95,-53.45
2023,298,3.06,0.71,0.72,27.54,79.74,0.57,17.61,8.11,Cascavel,PR,Sul,-24.95,-53.45
2023,299,4.84,0.71,0.71,30.78,79.03,0.72,23.82,11.0,Cascavel,PR,Sul,-24.95,-53.45
2023,300,55.94,0.74,0.87,27.22,93.22,0.71,1.82,0.99,Cascavel,PR,Sul,-24.95,-53.45
2023,301,55.81,0.78,0.91,27.96,89.16,1.15,11.47,5.49,Cascavel,PR,Sul,-24.95,-53.45
2023,302,27.02,0.83,0.91,30.28,89.04,0.95,13.98,6.69,Cascavel,PR,Sul,-24.95,-53.45
2023,303,7.89,0.82,0.85,30.48,86.26,1.14,10.7,5.21,Cascavel,PR,Sul,-24.95,-53.45
2023,304,29.41,0.83,0.88,25.53,93.57,0.77,18.4,8.78,Cascavel,PR,Sul,-24.95,-53.45
2023,305,0.58,0.82,0.83,27.46,88.2,0.72,13.26,6.52,Cascavel,PR,Sul,-24.95,-53.45
2023,306,59.3,0.83,0.92,23.61,92.3,1.31,10.26,5.08,Cascavel,PR,Sul,-24.95,-53.45
2023,307,24.56,0.86,0.89,23.57,83.87,1.26,9.54,4.76,Cascavel,PR,Sul,-24.95,-53.45
2023,308,0.0,0.84,0.84,22.03,76.57,0.85,29.97,13.16,Cascavel,PR,Sul,-24.95,-53.45
2023,309,0.01,0.83,0.83,26.59,73.54,0.64,31.25,13.69,Cascavel,PR,Sul,-24.95,-53.45
2023,310,0.01,0.82,0.82,29.4,74.91,0.77,30.03,13.6,Cascavel,PR,Sul,-24.95,-53.45
2023,311,0.01,0.8,0.8,30.03,72.76,0.96,30.28,13.58,Cascavel,PR,Sul,-24.95,-53.45
2023,312,1.79,0.79,0.79,31.46,75.02,0.99,25.89,11.78,Cascavel,PR,Sul,-24.95,-53.45
2023,313,24.89,0.8,0.88,27.08,88.6,0.64,3.26,1.78,Cascavel,PR,Sul,-24.95,-53.45
2023,314,1.4,0.82,0.83,29.27,86.4,0.88,26.94,12.52,Cascavel,PR,Sul,-24.95,-53.45
2023,315,0.08,0.8,0.8,33.52,74.95,0.98,26.92,12.5,Cascavel,PR,Sul,-24.95,-53.45
2023,316,0.13,0.79,0.79,34.37,73.72,0.91,25.77,11.82,Cascavel,PR,Sul,-24.95,-53.45
2023,317,8.64,0.78,0.82,31.9,77.55,0.78,13.32,6.16,Cascavel,PR,Sul,-24.95,-53.45
2023,318,25.59,0.81,0.9,26.33,88.89,0.65,11.31,5.46,Cascavel,PR,Sul,-24.95,-53.45
2023,319,0.8,0.81,0.82,31.53,80.93,1.03,18.54,8.64,Cascavel,PR,Sul,-24.95,-53.45
2023,320,0.19,0.8,0.8,32.99,78.8,0.93,17.82,8.08,Cascavel,PR,Sul,-24.95,-53.45
2023,321,0.03,0.79,0.78,34.68,67.28,1.14,19.24,8.44,Cascavel,PR,Sul,-24.95,-53.45
2023,322,1.76,0.77,0.77,32.46,71.32,1.27,17.34,7.54,Cascavel,PR,Sul,-24.95,-53.45
2023,323,0.34,0.77,0.77,31.7,78.44,0.71,14.59,6.47,Cascavel,PR,Sul,-24.95,-53.45
2023,324,0.0,0.76,0.76,30.07,78.98,0.79,10.48,4.66,Cascavel,PR,Sul,-24.95,-53.45
2023,325,0.07,0.75,0.74,32.06,76.25,0.85,25.09,11.37,Cascavel,PR,Sul,-24.95,-53.45
2023,326,21.77,0.75,0.83,31.35,80.6,0.77,19.82,9.27,Cascavel,PR,Sul,-24.95,-53.45
2023,327,16.21,0.8,0.87,25.97,93.48,0.61,6.67,3.44,Cascavel,PR,Sul,-24.95,-53.45
2023,328,2.03,0.79,0.8,28.75,82.14,0.77,6.95,3.58,Cascavel,PR,Sul,-24.95,-53.45
2023,329,0.43,0.78,0.79,26.55,81.03,0.82,7.69,3.96,Cascavel,PR,Sul,-24.95,-53.45
2023,330,5.37,0.78,0.8,25.19,88.5,0.72,8.7,4.48,Cascavel,PR,Sul,-24.95,-53.45
2023,331,15.26,0.79,0.86,24.1,93.55,0.72,8.25,4.29,Cascavel,PR,Sul,-24.95,-53.45
2023,332,7.71,0.81,0.84,28.07,89.95,0.87,7.36,3.92,Cascavel,PR,Sul,-24.95,-53.45
2023,333,1.31,0.8,0.81,31.34,80.72,0.7,26.38,12.4,Cascavel,PR,Sul,-24.95,-53.45
2023,334,0.12,0.79,0.79,32.35,83.9,0.64,28.02,13.16,Cascavel,PR,Sul,-24.95,-53.45
2023,335,0.71,0.78,0.79,30.1,87.23,0.6,29.67,13.94,Cascavel,PR,Sul,-24.95,-53.45
2023,336,2.93,0.78,0.79,29.99,85.46,0.67,28.13,13.32,Cascavel,PR,Sul,-24.95,-53.45
2023,337,10.64,0.78,0.83,30.83,83.65,0.62,25.37,12.06,Cascavel,PR,Sul,-24.95,-53.45
2023,338,11.78,0.8,0.85,27.26,88.84,0.47,18.46,8.86,Cascavel,PR,Sul,-24.95,-53.45
2023,339,2.43,0.8,0.82,26.23,90.11,0.81,17.69,8.61,Cascavel,PR,Sul,-24.95,-53.45
2023,340,1.45,0.8,0.8,27.67,87.64,0.7,17.7,8.57,Cascavel,PR,Sul,-24.95,-53.45
2023,341,13.76,0.79,0.82,29.99,85.17,0.79,12.29,6.09,Cascavel,PR,Sul,-24.95,-53.45
2023,342,0.11,0.8,0.82,29.59,84.7,0.68,21.5,10.27,Cascavel,PR,Sul,-24.95,-53.45
2023,343,7.91,0.79,0.81,30.72,82.08,0.57,22.78,10.89,Cascavel,PR,Sul,-24.95,-53.45
2023,344,19.28,0.8,0.87,23.92,93.18,0.89,4.22,2.31,Cascavel,PR,Sul,-24.95,-53.45
2023,345,0.2,0.81,0.81,30.81,82.24,0.37,28.73,13.39,Cascavel,PR,Sul,-24.95,-53.45
2023,346,0.27,0.79,0.8,31.1,79.5,0.66,30.43,14.03,Cascavel,PR,Sul,-24.95,-53.45
2023,347,0.0,0.78,0.78,30.75,78.38,0.85,27.97,13.08,Cascavel,PR,Sul,-24.95,-53.45
2023,348,0.27,0.77,0.77,31.25,77.98,0.79,29.22,13.73,Cascavel,PR,Sul,-24.95,-53.45
2023,349,0.04,0.76,0.76,35.08,69.4,0.78,30.62,14.22,Cascavel,PR,Sul,-24.95,-53.45
2023,350,0.0,0.75,0.74,35.76,67.63,0.67,30.42,14.11,Cascavel,PR,Sul,-24.95,-53.45
2023,351,0.02,0.74,0.73,34.04,71.96,0.74,29.91,14.02,Cascavel,PR,Sul,-24.95,-53.45
2023,352,2.4,0.73,0.73,34.22,75.06,0.64,28.22,13.29,Cascavel,PR,Sul,-24.95,-53.45
2023,353,1.12,0.73,0.73,30.03,82.77,0.41,26.1,12.38,Cascavel,PR,Sul,-24.95,-53.45
2023,354,1.53,0.73,0.72,31.17,77.9,0.63,19.81,9.44,Cascavel,PR,Sul,-24.95,-53.45
2023,355,0.2,0.72,0.71,30.9,73.43,0.58,27.94,13.05,Cascavel,PR,Sul,-24.95,-53.45
2023,356,1.93,0.71,0.7,33.99,70.61,0.53,29.56,13.76,Cascavel,PR,Sul,-24.95,-53.45
2023,357,14.39,0.72,0.79,30.08,85.21,0.61,12.56,6.15,Cascavel,PR,Sul,-24.95,-53.45
2023,358,1.49,0.73,0.74,29.6,84.83,0.6,13.16,6.39,Cascavel,PR,Sul,-24.95,-53.45
2023,359,9.49,0.74,0.78,27.67,89.51,0.59,8.93,4.59,Cascavel,PR,Sul,-24.95,-53.45
2023,360,2.13,0.74,0.75,29.55,77.82,0.72,28.88,13.21,Cascavel,PR,Sul,-24.95,-53.45
2023,361,0.02,0.73,0.72,31.24,67.24,0.42,32.19,14.43,Cascavel,PR,Sul,-24.95,-53.45
2023,362,0.02,0.72,0.7,33.23,67.36,0.79,31.38,14.42,Cascavel,PR,Sul,-24.95,-53.45
2023,363,3.52,0.71,0.71,33.22,77.74,0.88,18.15,8.69,Cascavel,PR,Sul,-24.95,-53.45
2023,364,0.15,0.71,0.69,29.12,75.78,0.7,21.58,10.07,Cascavel,PR,Sul,-24.95,-53.45
2023,365,0.01,0.7,0.68,31.39,68.8,0.49,20.33,9.43,Cascavel,PR,Sul,-24.95,-53.45
2024,1,0.24,0.69,0.67,32.79,68.41,0.63,27.71,12.87,Cascavel,PR,Sul,-24.95,-53.45
2024,2,3.5,0.69,0.68,30.92,72.44,0.61,22.57,10.72,Cascavel,PR,Sul,-24.95,-53.45
2024,3,0.38,0.69,0.66,32.7,71.37,0.7,27.08,12.67,Cascavel,PR,Sul,-24.95,-53.45
2024,4,0.03,0.68,0.65,33.49,69.57,0.69,29.14,13.48,Cascavel,PR,Sul,-24.95,-53.45
2024,5,0.7,0.68,0.64,33.82,67.64,0.57,28.28,13.13,Cascavel,PR,Sul,-24.95,-53.45
2024,6,0.04,0.67,0.63,35.75,60.69,0.72,29.18,13.47,Cascavel,PR,Sul,-24.95,-53.45
2024,7,0.0,0.66,0.62,37.77,56.13,0.81,29.06,13.43,Cascavel,PR,Sul,-24.95,-53.45
2024,8,0.19,0.66,0.62,38.13,56.83,0.69,30.23,14.02,Cascavel,PR,Sul,-24.95,-53.45
2024,9,13.42,0.67,0.7,37.98,65.53,0.77,22.86,10.77,Cascavel,PR,Sul,-24.95,-53.45
2024,10,0.45,0.68,0.66,36.14,66.22,0.73,28.38,13.36,Cascavel,PR,Sul,-24.95,-53.45
2024,11,1.52,0.67,0.65,32.18,73.88,0.83,19.76,9.54,Cascavel,PR,Sul,-24.95,-53.45
2024,12,6.33,0.67,0.68,33.28,73.77,0.4,17.88,8.54,Cascavel,PR,Sul,-24.95,-53.45
2024,13,0.48,0.67,0.65,33.85,73.28,0.87,25.25,11.97,Cascavel,PR,Sul,-24.95,-53.45
2024,14,2.76,0.67,0.64,33.88,71.06,0.84,24.89,11.81,Cascavel,PR,Sul,-24.95,-53.45
2024,15,13.82,0.68,0.73,29.5,85.15,0.74,9.08,4.59,Cascavel,PR,Sul,-24.95,-53.45
2024,16,1.24,0.69,0.68,33.28,76.16,0.91,22.49,10.74,Cascavel,PR,Sul,-24.95,-53.45
2024,17,2.35,0.68,0.66,32.83,71.78,0.85,16.89,8.2,Cascavel,PR,Sul,-24.95,-53.45
2024,18,7.32,0.68,0.69,31.74,81.36,0.86,25.38,12.13,Cascavel,PR,Sul,-24.95,-53.45
2024,19,5.21,0.69,0.7,33.52,77.09,0.81,13.72,6.72,Cascavel,PR,Sul,-24.95,-53.45
2024,20,17.0,0.7,0.77,29.34,89.49,0.66,12.54,6.24,Cascavel,PR,Sul,-24.95,-53.45
2024,21,1.95,0.71,0.71,33.48,72.07,0.39,25.11,11.78,Cascavel,PR,Sul,-24.95,-53.45
2024,22,17.27,0.71,0.78,24.26,90.94,0.71,7.46,3.92,Cascavel,PR,Sul,-24.95,-53.45
2024,23,2.6,0.72,0.73,28.13,81.72,0.56,11.94,5.94,Cascavel,PR,Sul,-24.95,-53.45
2024,24,0.87,0.71,0.7,27.48,77.03,0.67,25.77,12.02,Cascavel,PR,Sul,-24.95,-53.45
2024,25,1.24,0.7,0.69,27.59,73.75,0.62,23.55,10.97,Cascavel,PR,Sul,-24.95,-53.45
2024,26,0.09,0.69,0.67,28.07,68.84,0.68,28.07,12.81,Cascavel,PR,Sul,-24.95,-53.45
2024,27,1.19,0.69,0.67,27.76,71.63,0.52,24.69,11.47,Cascavel,PR,Sul,-24.95,-53.45
2024,28,4.64,0.68,0.69,29.34,68.06,0.57,25.53,11.86,Cascavel,PR,Sul,-24.95,-53.45
2024,29,0.53,0.68,0.66,32.27,66.63,0.62,28.14,12.96,Cascavel,PR,Sul,-24.95,-53.45
2024,30,0.0,0.67,0.64,34.58,62.6,0.57,27.33,12.6,Cascavel,PR,Sul,-24.95,-53.45
2024,31,0.01,0.67,0.63,35.03,59.91,0.57,26.97,12.48,Cascavel,PR,Sul,-24.95,-53.45
2024,32,1.35,0.66,0.63,35.54,59.47,0.58,27.78,12.82,Cascavel,PR,Sul,-24.95,-53.45
2024,33,1.84,0.66,0.64,34.44,61.85,0.56,25.59,11.88,Cascavel,PR,Sul,-24.95,-53.45
2024,34,0.06,0.66,0.62,34.0,62.02,0.77,28.04,12.97,Cascavel,PR,Sul,-24.95,-53.45
2024,35,9.25,0.66,0.68,33.87,63.99,0.72,26.76,12.43,Cascavel,PR,Sul,-24.95,-53.45
2024,36,2.25,0.66,0.65,34.05,65.94,0.62,23.59,11.09,Cascavel,PR,Sul,-24.95,-53.45
2024,37,0.9,0.66,0.64,32.73,69.32,0.62,18.44,8.78,Cascavel,PR,Sul,-24.95,-53.45
2024,38,5.19,0.66,0.66,32.83,69.45,0.55,18.83,8.92,Cascavel,PR,Sul,-24.95,-53.45
2024,39,3.86,0.67,0.66,32.76,73.83,0.71,22.21,10.41,Cascavel,PR,Sul,-24.95,-53.45
2024,40,1.09,0.66,0.64,34.43,68.93,0.73,24.94,11.73,Cascavel,PR,Sul,-24.95,-53.45
2024,41,1.31,0.66,0.63,35.0,68.63,0.9,24.58,11.58,Cascavel,PR,Sul,-24.95,-53.45
2024,42,0.01,0.66,0.62,35.53,60.68,0.86,27.2,12.68,Cascavel,PR,Sul,-24.95,-53.45
2024,43,0.07,0.65,0.61,36.19,58.95,1.04,25.0,11.64,Cascavel,PR,Sul,-24.95,-53.45
2024,44,5.09,0.65,0.65,30.65,74.48,0.7,15.17,7.37,Cascavel,PR,Sul,-24.95,-53.45
2024,45,9.31,0.66,0.68,31.86,82.87,0.76,19.02,9.16,Cascavel,PR,Sul,-24.95,-53.45
2024,46,9.26,0.67,0.71,30.82,81.72,0.67,12.55,6.21,Cascavel,PR,Sul,-24.95,-53.45
2024,47,4.29,0.68,0.68,31.68,77.64,0.7,22.56,10.58,Cascavel,PR,Sul,-24.95,-53.45
2024,48,0.07,0.67,0.64,33.49,69.03,0.6,26.1,12.01,Cascavel,PR,Sul,-24.95,-53.45
2024,49,4.07,0.66,0.65,32.75,70.65,0.63,19.86,9.41,Cascavel,PR,Sul,-24.95,-53.45
2024,50,7.6,0.67,0.7,30.9,78.97,0.63,18.25,8.68,Cascavel,PR,Sul,-24.95,-53.45
2024,51,4.22,0.67,0.68,29.0,79.12,0.44,21.81,10.27,Cascavel,PR,Sul,-24.95,-53.45
2024,52,1.53,0.67,0.65,31.67,73.39,0.47,25.2,11.73,Cascavel,PR,Sul,-24.95,-53.45
2024,53,0.18,0.67,0.64,33.1,67.27,0.59,25.19,11.7,Cascavel,PR,Sul,-24.95,-53.45
2024,54,0.51,0.66,0.63,35.34,64.97,0.57,18.0,8.63,Cascavel,PR,Sul,-24.95,-53.45
2024,55,2.99,0.66,0.64,35.25,69.84,0.46,16.45,7.89,Cascavel,PR,Sul,-24.95,-53.45
2024,56,5.11,0.66,0.67,31.49,79.57,0.57,20.74,9.89,Cascavel,PR,Sul,-24.95,-53.45
2024,57,0.27,0.66,0.64,33.54,73.16,0.82,25.39,11.97,Cascavel,PR,Sul,-24.95,-53.45
2024,58,1.02,0.66,0.64,32.21,73.64,0.56,22.76,10.79,Cascavel,PR,Sul,-24.95,-53.45
2024,59,1.07,0.66,0.64,31.5,77.83,0.52,22.98,11.01,Cascavel,PR,Sul,-24.95,-53.45
2024,60,4.24,0.66,0.66,29.33,86.75,0.64,21.76,10.43,Cascavel,PR,Sul,-24.95,-53.45
2024,61,0.2,0.66,0.63,34.8,70.15,0.7,25.32,11.85,Cascavel,PR,Sul,-24.95,-53.45
2024,62,0.22,0.65,0.62,36.27,67.91,0.62,26.4,12.31,Cascavel,PR,Sul,-24.95,-53.45
2024,63,0.9,0.65,0.62,36.41,65.99,0.7,24.51,11.47,Cascavel,PR,Sul,-24.95,-53.45
2024,64,3.15,0.65,0.64,28.81,82.01,0.57,17.62,8.45,Cascavel,PR,Sul,-24.95,-53.45
2024,65,1.55,0.65,0.64,32.14,74.56,0.33,19.4,9.25,Cascavel,PR,Sul,-24.95,-53.45
2024,66,1.12,0.65,0.62,34.07,69.93,0.62,20.37,9.66,Cascavel,PR,Sul,-24.95,-53.45
2024,67,13.13,0.66,0.7,31.98,75.8,0.78,18.62,8.92,Cascavel,PR,Sul,-24.95,-53.45
2024,68,2.69,0.67,0.67,31.83,79.41,0.93,13.8,6.83,Cascavel,PR,Sul,-24.95,-53.45
2024,69,2.22,0.66,0.65,33.38,77.22,0.7,21.45,10.26,Cascavel,PR,Sul,-24.95,-53.45
2024,70,0.26,0.66,0.63,34.83,73.7,0.72,21.5,10.14,Cascavel,PR,Sul,-24.95,-53.45
2024,71,0.0,0.65,0.62,36.19,68.88,0.71,24.94,11.6,Cascavel,PR,Sul,-24.95,-53.45
2024,72,0.0,0.65,0.61,36.49,61.16,0.69,26.01,11.88,Cascavel,PR,Sul,-24.95,-53.45
2024,73,0.0,0.64,0.6,37.47,53.11,0.76,26.0,11.84,Cascavel,PR,Sul,-24.95,-53.45
2024,74,0.0,0.64,0.59,38.99,51.98,0.69,25.04,11.56,Cascavel,PR,Sul,-24.95,-53.45
2024,75,0.86,0.64,0.59,35.91,67.07,0.72,22.0,10.38,Cascavel,PR,Sul,-24.95,-53.45
2024,76,15.8,0.64,0.68,36.78,69.18,0.85,21.7,10.28,Cascavel,PR,Sul,-24.95,-53.45
2024,77,20.1,0.68,0.78,33.27,76.59,0.45,10.03,4.98,Cascavel,PR,Sul,-24.95,-53.45
2024,78,2.21,0.69,0.69,32.62,79.12,0.68,20.36,9.73,Cascavel,PR,Sul,-24.95,-53.45
2024,79,5.56,0.68,0.7,33.14,78.51,0.66,22.82,10.81,Cascavel,PR,Sul,-24.95,-53.45
2024,80,0.32,0.68,0.67,34.44,74.04,0.9,21.77,10.31,Cascavel,PR,Sul,-24.95,-53.45
2024,81,6.14,0.68,0.68,34.06,77.81,1.05,14.59,7.05,Cascavel,PR,Sul,-24.95,-53.45
2024,82,1.56,0.68,0.68,31.91,77.52,0.75,20.97,9.82,Cascavel,PR,Sul,-24.95,-53.45
2024,83,0.0,0.67,0.65,31.1,66.12,0.75,21.78,10.11,Cascavel,PR,Sul,-24.95,-53.45
2024,84,0.0,0.67,0.64,30.22,72.99,0.51,19.0,8.87,Cascavel,PR,Sul,-24.95,-53.45
2024,85,0.01,0.66,0.63,32.69,70.78,0.5,21.8,10.11,Cascavel,PR,Sul,-24.95,-53.45
2024,86,0.04,0.66,0.63,33.45,69.45,0.47,22.3,10.31,Cascavel,PR,Sul,-24.95,-53.45
2024,87,0.06,0.65,0.62,32.51,67.87,0.6,20.87,9.68,Cascavel,PR,Sul,-24.95,-53.45
2024,88,0.01,0.65,0.62,32.87,66.46,0.58,22.64,10.39,Cascavel,PR,Sul,-24.95,-53.45
2024,89,0.0,0.65,0.61,33.04,63.34,0.52,21.96,10.16,Cascavel,PR,Sul,-24.95,-53.45
2024,90,0.0,0.64,0.61,34.18,61.91,0.55,22.55,10.36,Cascavel,PR,Sul,-24.95,-53.45
2024,91,0.0,0.64,0.6,35.15,57.6,0.54,20.56,9.46,Cascavel,PR,Sul,-24.95,-53.45
2024,92,2.36,0.64,0.61,31.87,70.53,0.6,10.56,5.16,Cascavel,PR,Sul,-24.95,-53.45
2024,93,0.19,0.64,0.61,33.96,68.71,0.59,19.36,9.07,Cascavel,PR,Sul,-24.95,-53.45
2024,94,0.01,0.64,0.59,36.0,61.96,0.74,22.34,10.26,Cascavel,PR,Sul,-24.95,-53.45
2024,95,0.25,0.63,0.58,36.29,58.07,0.79,15.85,7.46,Cascavel,PR,Sul,-24.95,-53.45
2024,96,4.55,0.63,0.61,35.19,65.18,0.54,17.82,8.38,Cascavel,PR,Sul,-24.95,-53.45
2024,97,0.49,0.64,0.61,35.73,64.66,0.73,20.77,9.62,Cascavel,PR,Sul,-24.95,-53.45
2024,98,2.28,0.63,0.6,32.32,64.26,1.05,5.64,2.88,Cascavel,PR,Sul,-24.95,-53.45
2024,99,20.56,0.67,0.75,31.29,77.47,0.52,12.36,5.9,Cascavel,PR,Sul,-24.95,-53.45
2024,100,0.1,0.67,0.64,32.84,73.85,0.58,19.66,9.07,Cascavel,PR,Sul,-24.95,-53.45
2024,101,1.07,0.66,0.64,31.44,71.12,0.57,17.86,8.33,Cascavel,PR,Sul,-24.95,-53.45
2024,102,0.25,0.66,0.63,32.88,67.41,0.55,11.32,5.4,Cascavel,PR,Sul,-24.95,-53.45
2024,103,0.0,0.65,0.62,33.22,66.55,0.82,19.84,9.19,Cascavel,PR,Sul,-24.95,-53.45
2024,104,7.4,0.65,0.66,29.26,77.36,0.95,10.68,5.22,Cascavel,PR,Sul,-24.95,-53.45
2024,105,10.14,0.67,0.72,28.26,88.24,1.05,5.79,2.97,Cascavel,PR,Sul,-24.95,-53.45
2024,106,9.17,0.68,0.73,24.93,94.2,1.02,9.9,4.88,Cascavel,PR,Sul,-24.95,-53.45
2024,107,48.59,0.7,0.81,25.24,94.46,1.09,5.2,2.67,Cascavel,PR,Sul,-24.95,-53.45
2024,108,0.7,0.73,0.74,23.69,78.6,1.01,20.53,9.18,Cascavel,PR,Sul,-24.95,-53.45
2024,109,0.01,0.71,0.7,24.14,73.46,0.82,21.86,9.57,Cascavel,PR,Sul,-24.95,-53.45
2024,110,0.02,0.7,0.69,27.47,71.91,0.61,21.17,9.42,Cascavel,PR,Sul,-24.95,-53.45
2024,111,0.0,0.7,0.68,28.03,69.88,0.74,20.68,9.16,Cascavel,PR,Sul,-24.95,-53.45
2024,112,0.04,0.69,0.67,29.98,72.32,0.71,20.48,9.21,Cascavel,PR,Sul,-24.95,-53.45
2024,113,6.66,0.69,0.69,30.32,80.19,0.82,15.12,7.07,Cascavel,PR,Sul,-24.95,-53.45
2024,114,7.59,0.7,0.74,29.64,83.31,0.76,9.83,4.8,Cascavel,PR,Sul,-24.95,-53.45
2024,115,21.2,0.71,0.78,28.91,88.83,0.55,3.67,1.92,Cascavel,PR,Sul,-24.95,-53.45
2024,116,0.03,0.72,0.71,30.78,79.29,0.64,16.28,7.65,Cascavel,PR,Sul,-24.95,-53.45
2024,117,0.01,0.71,0.69,31.09,73.66,0.89,18.71,8.66,Cascavel,PR,Sul,-24.95,-53.45
2024,118,0.31,0.7,0.68,30.82,74.97,0.83,17.24,8.02,Cascavel,PR,Sul,-24.95,-53.45
2024,119,0.86,0.7,0.68,29.52,81.09,0.73,16.2,7.61,Cascavel,PR,Sul,-24.95,-53.45
2024,120,0.03,0.69,0.67,32.25,73.24,0.93,17.63,8.19,Cascavel,PR,Sul,-24.95,-53.45
2024,121,0.0,0.68,0.65,32.71,67.6,0.95,17.67,8.25,Cascavel,PR,Sul,-24.95,-53.45
2024,122,0.03,0.68,0.65,32.12,68.21,1.01,15.75,7.39,Cascavel,PR,Sul,-24.95,-53.45
2024,123,19.28,0.69,0.75,29.94,77.75,0.91,14.32,6.73,Cascavel,PR,Sul,-24.95,-53.45
2024,124,53.26,0.74,0.89,26.86,90.21,0.88,11.01,5.24,Cascavel,PR,Sul,-24.95,-53.45
2024,125,5.22,0.77,0.81,29.51,81.53,0.77,15.51,7.25,Cascavel,PR,Sul,-24.95,-53.45
2024,126,0.02,0.75,0.75,30.24,73.68,0.85,17.42,8.03,Cascavel,PR,Sul,-24.95,-53.45
2024,127,0.0,0.74,0.73,29.09,67.06,0.92,16.87,7.62,Cascavel,PR,Sul,-24.95,-53.45
2024,128,0.01,0.73,0.72,29.88,72.47,0.9,17.34,7.91,Cascavel,PR,Sul,-24.95,-53.45
2024,129,0.25,0.72,0.71,29.65,77.48,0.82,16.29,7.51,Cascavel,PR,Sul,-24.95,-53.45
2024,130,3.19,0.72,0.72,25.74,91.6,0.46,8.11,3.97,Cascavel,PR,Sul,-24.95,-53.45
2024,131,0.72,0.72,0.72,29.99,77.64,0.71,13.69,6.4,Cascavel,PR,Sul,-24.95,-53.45
2024,132,0.15,0.71,0.7,30.24,72.06,0.76,16.6,7.66,Cascavel,PR,Sul,-24.95,-53.45
2024,133,0.01,0.71,0.69,29.19,73.87,0.8,15.72,7.25,Cascavel,PR,Sul,-24.95,-53.45
2024,134,2.44,0.7,0.7,22.44,89.31,0.79,4.43,2.24,Cascavel,PR,Sul,-24.95,-53.45
2024,135,0.24,0.71,0.7,20.01,82.19,0.81,6.84,3.32,Cascavel,PR,Sul,-24.95,-53.45
2024,136,0.01,0.7,0.69,19.94,80.63,0.46,6.45,3.18,Cascavel,PR,Sul,-24.95,-53.45
2024,137,1.29,0.7,0.7,24.15,83.87,0.65,10.37,4.83,Cascavel,PR,Sul,-24.95,-53.45
2024,138,0.45,0.7,0.69,27.4,78.66,0.61,13.1,6.08,Cascavel,PR,Sul,-24.95,-53.45
2024,139,20.6,0.71,0.79,19.46,94.08,0.58,5.37,2.66,Cascavel,PR,Sul,-24.95,-53.45
2024,140,1.76,0.74,0.76,18.21,90.05,0.59,4.97,2.47,Cascavel,PR,Sul,-24.95,-53.45
2024,141,0.07,0.73,0.73,22.23,79.85,0.43,13.58,6.25,Cascavel,PR,Sul,-24.95,-53.45
2024,142,0.01,0.72,0.72,28.08,77.37,0.87,14.96,6.89,Cascavel,PR,Sul,-24.95,-53.45
2024,143,0.01,0.72,0.7,29.08,72.88,0.96,14.51,6.66,Cascavel,PR,Sul,-24.95,-53.45
2024,144,10.41,0.71,0.73,27.02,78.62,0.83,9.35,4.38,Cascavel,PR,Sul,-24.95,-53.45
2024,145,19.09,0.75,0.83,20.05,87.48,1.03,7.03,3.35,Cascavel,PR,Sul,-24.95,-53.45
2024,146,0.4,0.74,0.75,16.17,80.49,0.83,8.75,3.97,Cascavel,PR,Sul,-24.95,-53.45
2024,147,3.1,0.74,0.74,19.32,81.77,0.47,7.35,3.47,Cascavel,PR,Sul,-24.95,-53.45
2024,148,15.3,0.76,0.84,13.54,93.51,0.59,2.14,1.17,Cascavel,PR,Sul,-24.95,-53.45
2024,149,0.34,0.76,0.77,13.31,83.93,0.8,13.95,6.14,Cascavel,PR,Sul,-24.95,-53.45
2024,150,0.02,0.75,0.76,17.9,86.72,0.59,16.09,7.09,Cascavel,PR,Sul,-24.95,-53.45
2024,151,0.14,0.75,0.75,20.55,79.52,0.62,16.03,7.04,Cascavel,PR,Sul,-24.95,-53.45
2024,152,0.02,0.74,0.74,21.55,79.87,0.75,16.07,7.06,Cascavel,PR,Sul,-24.95,-53.45
2024,153,0.01,0.74,0.74,22.19,80.78,0.8,14.97,6.65,Cascavel,PR,Sul,-24.95,-53.45
2024,154,0.0,0.73,0.73,25.35,76.98,0.81,15.08,6.82,Cascavel,PR,Sul,-24.95,-53.45
2024,155,0.0,0.73,0.72,25.66,79.47,0.57,12.06,5.56,Cascavel,PR,Sul,-24.95,-53.45
2024,156,0.01,0.72,0.72,25.98,81.66,0.62,13.37,6.13,Cascavel,PR,Sul,-24.95,-53.45
2024,157,0.0,0.72,0.71,25.85,73.77,0.77,15.0,6.8,Cascavel,PR,Sul,-24.95,-53.45
2024,158,0.02,0.71,0.7,26.65,74.52,0.75,13.98,6.36,Cascavel,PR,Sul,-24.95,-53.45
2024,159,0.0,0.71,0.7,27.34,75.07,0.67,14.47,6.55,Cascavel,PR,Sul,-24.95,-53.45
2024,160,0.2,0.71,0.69,27.05,74.93,0.81,13.67,6.21,Cascavel,PR,Sul,-24.95,-53.45
2024,161,0.0,0.7,0.68,28.02,69.96,1.02,14.57,6.57,Cascavel,PR,Sul,-24.95,-53.45
2024,162,0.01,0.7,0.68,28.27,76.7,0.73,11.88,5.43,Cascavel,PR,Sul,-24.95,-53.45
2024,163,0.01,0.69,0.67,27.75,69.96,0.76,13.79,6.24,Cascavel,PR,Sul,-24.95,-53.45
2024,164,0.01,0.69,0.67,27.21,66.03,0.78,15.15,6.75,Cascavel,PR,Sul,-24.95,-53.45
2024,165,0.02,0.69,0.66,28.19,59.5,1.18,14.82,6.67,Cascavel,PR,Sul,-24.95,-53.45
2024,166,0.0,0.68,0.65,28.57,55.41,1.19,14.76,6.62,Cascavel,PR,Sul,-24.95,-53.45
2024,167,0.12,0.68,0.65,27.36,65.05,0.91,6.61,3.11,Cascavel,PR,Sul,-24.95,-53.45
2024,168,13.75,0.68,0.7,27.21,71.18,0.79,6.49,3.13,Cascavel,PR,Sul,-24.95,-53.45
2024,169,9.09,0.71,0.77,25.89,78.92,0.67,5.5,2.66,Cascavel,PR,Sul,-24.95,-53.45
2024,170,0.2,0.71,0.7,23.76,73.78,0.73,8.64,4.03,Cascavel,PR,Sul,-24.95,-53.45
2024,171,0.12,0.7,0.69,27.41,66.09,0.76,9.01,4.2,Cascavel,PR,Sul,-24.95,-53.45
2024,172,0.01,0.7,0.68,26.97,65.29,0.8,7.56,3.56,Cascavel,PR,Sul,-24.95,-53.45
2024,173,0.0,0.69,0.67,27.26,60.08,0.91,14.19,6.39,Cascavel,PR,Sul,-24.95,-53.45
2024,174,0.02,0.69,0.66,28.34,62.71,1.0,11.76,5.41,Cascavel,PR,Sul,-24.95,-53.45
2024,175,1.04,0.68,0.66,28.68,71.97,0.78,10.62,4.9,Cascavel,PR,Sul,-24.95,-53.45
2024,176,23.44,0.7,0.78,23.74,87.53,0.78,7.44,3.44,Cascavel,PR,Sul,-24.95,-53.45
2024,177,3.47,0.72,0.74,22.93,93.68,0.5,5.63,2.67,Cascavel,PR,Sul,-24.95,-53.45
2024,178,0.22,0.72,0.71,20.54,86.3,0.72,4.78,2.3,Cascavel,PR,Sul,-24.95,-53.45
2024,179,0.04,0.71,0.7,20.22,73.44,0.5,14.22,6.21,Cascavel,PR,Sul,-24.95,-53.45
2024,180,0.13,0.71,0.7,24.6,79.66,0.69,6.66,3.07,Cascavel,PR,Sul,-24.95,-53.45
2024,181,1.85,0.71,0.7,16.5,73.04,1.0,7.95,3.66,Cascavel,PR,Sul,-24.95,-53.45
2024,182,0.0,0.7,0.69,16.71,64.97,0.7,14.52,6.33,Cascavel,PR,Sul,-24.95,-53.45
2024,183,0.01,0.7,0.68,22.66,62.96,0.67,15.63,6.77,Cascavel,PR,Sul,-24.95,-53.45
2024,184,0.03,0.69,0.68,24.98,69.75,0.81,14.48,6.51,Cascavel,PR,Sul,-24.95,-53.45
2024,185,0.0,0.69,0.67,27.62,67.98,0.78,12.81,5.8,Cascavel,PR,Sul,-24.95,-53.45
2024,186,0.0,0.69,0.66,28.29,61.05,0.81,10.8,4.89,Cascavel,PR,Sul,-24.95,-53.45
2024,187,0.25,0.68,0.66,28.85,65.62,0.79,12.03,5.43,Cascavel,PR,Sul,-24.95,-53.45
2024,188,0.29,0.68,0.66,22.71,83.94,0.47,8.11,3.79,Cascavel,PR,Sul,-24.95,-53.45
2024,189,18.77,0.69,0.77,18.07,94.42,0.52,5.53,2.67,Cascavel,PR,Sul,-24.95,-53.45
2024,190,0.65,0.71,0.71,17.44,85.42,0.76,3.26,1.65,Cascavel,PR,Sul,-24.95,-53.45
2024,191,5.05,0.71,0.73,14.96,92.73,0.48,2.15,1.16,Cascavel,PR,Sul,-24.95,-53.45
2024,192,0.56,0.71,0.71,14.76,84.07,0.6,9.07,4.09,Cascavel,PR,Sul,-24.95,-53.45
2024,193,22.6,0.73,0.81,14.2,94.26,0.55,1.44,0.81,Cascavel,PR,Sul,-24.95,-53.45
2024,194,45.7,0.79,0.92,11.33,95.62,0.79,2.67,1.39,Cascavel,PR,Sul,-24.95,-53.45
2024,195,20.2,0.8,0.87,14.28,94.99,0.5,4.1,2.09,Cascavel,PR,Sul,-24.95,-53.45
2024,196,3.09,0.81,0.85,14.54,89.46,0.55,3.6,1.81,Cascavel,PR,Sul,-24.95,-53.45
2024,197,0.25,0.8,0.81,17.94,83.73,0.49,10.26,4.68,Cascavel,PR,Sul,-24.95,-53.45
2024,198,0.78,0.79,0.8,21.76,90.63,0.68,10.7,4.98,Cascavel,PR,Sul,-24.95,-53.45
2024,199,0.1,0.79,0.79,23.7,88.67,0.61,14.54,6.65,Cascavel,PR,Sul,-24.95,-53.45
2024,200,0.01,0.78,0.78,24.95,83.71,0.68,15.99,7.17,Cascavel,PR,Sul,-24.95,-53.45
2024,201,0.03,0.77,0.78,25.05,78.02,0.72,16.22,7.18,Cascavel,PR,Sul,-24.95,-53.45
2024,202,0.01,0.77,0.77,24.45,76.63,0.73,16.51,7.3,Cascavel,PR,Sul,-24.95,-53.45
2024,203,0.01,0.76,0.76,24.5,71.93,0.77,16.23,7.15,Cascavel,PR,Sul,-24.95,-53.45
2024,204,0.01,0.75,0.76,25.87,75.55,0.58,16.46,7.28,Cascavel,PR,Sul,-24.95,-53.45
2024,205,0.0,0.75,0.75,25.07,75.28,0.74,16.15,7.09,Cascavel,PR,Sul,-24.95,-53.45
2024,206,0.01,0.74,0.74,25.52,67.88,0.82,14.88,6.59,Cascavel,PR,Sul,-24.95,-53.45
2024,207,0.01,0.74,0.73,26.6,67.55,0.75,15.26,6.79,Cascavel,PR,Sul,-24.95,-53.45
2024,208,0.0,0.73,0.73,23.58,73.87,0.63,11.38,5.13,Cascavel,PR,Sul,-24.95,-53.45
2024,209,0.64,0.73,0.73,22.78,76.66,0.62,7.47,3.48,Cascavel,PR,Sul,-24.95,-53.45
2024,210,8.23,0.73,0.77,25.76,80.42,0.63,7.06,3.34,Cascavel,PR,Sul,-24.95,-53.45
2024,211,6.69,0.75,0.78,22.22,90.82,0.49,2.07,1.07,Cascavel,PR,Sul,-24.95,-53.45
2024,212,0.1,0.75,0.76,22.66,85.93,0.54,4.11,2.0,Cascavel,PR,Sul,-24.95,-53.45
2024,213,0.03,0.74,0.74,24.12,79.23,0.86,14.74,6.56,Cascavel,PR,Sul,-24.95,-53.45
2024,214,0.07,0.74,0.73,27.4,71.94,1.01,16.58,7.42,Cascavel,PR,Sul,-24.95,-53.45
2024,215,0.0,0.73,0.72,27.04,61.46,1.21,17.0,7.59,Cascavel,PR,Sul,-24.95,-53.45
2024,216,0.01,0.72,0.7,28.07,56.92,1.28,11.9,5.32,Cascavel,PR,Sul,-24.95,-53.45
2024,217,0.98,0.71,0.7,27.75,61.81,0.97,8.57,3.88,Cascavel,PR,Sul,-24.95,-53.45
2024,218,0.26,0.71,0.7,25.59,69.5,0.66,7.4,3.22,Cascavel,PR,Sul,-24.95,-53.45
2024,219,0.0,0.71,0.69,28.92,60.67,0.96,17.16,7.7,Cascavel,PR,Sul,-24.95,-53.45
2024,220,0.25,0.7,0.69,25.15,70.52,0.63,8.87,3.89,Cascavel,PR,Sul,-24.95,-53.45
2024,221,5.51,0.71,0.73,18.48,86.21,0.76,3.72,1.86,Cascavel,PR,Sul,-24.95,-53.45
2024,222,0.0,0.71,0.7,15.27,69.82,0.89,8.46,3.91,Cascavel,PR,Sul,-24.95,-53.45
2024,223,0.01,0.71,0.7,16.73,69.22,0.78,19.15,8.21,Cascavel,PR,Sul,-24.95,-53.45
2024,224,0.0,0.7,0.69,19.8,71.89,0.71,17.17,7.35,Cascavel,PR,Sul,-24.95,-53.45
2024,225,0.0,0.7,0.69,15.89,69.53,0.92,19.5,8.36,Cascavel,PR,Sul,-24.95,-53.45
2024,226,0.0,0.7,0.68,20.5,58.37,0.63,19.2,8.08,Cascavel,PR,Sul,-24.95,-53.45
2024,227,0.0,0.7,0.68,24.98,55.35,0.81,19.03,8.22,Cascavel,PR,Sul,-24.95,-53.45
2024,228,0.0,0.69,0.67,28.78,56.88,0.83,14.93,6.26,Cascavel,PR,Sul,-24.95,-53.45
2024,229,0.0,0.69,0.66,31.55,51.75,0.83,16.03,6.85,Cascavel,PR,Sul,-24.95,-53.45
2024,230,0.0,0.68,0.65,31.87,54.58,0.91,17.0,7.41,Cascavel,PR,Sul,-24.95,-53.45
2024,231,0.0,0.67,0.64,33.65,52.45,0.88,18.61,8.23,Cascavel,PR,Sul,-24.95,-53.45
2024,232,0.0,0.67,0.64,32.95,49.79,0.91,18.41,8.1,Cascavel,PR,Sul,-24.95,-53.45
2024,233,0.0,0.67,0.63,33.92,48.25,0.88,17.68,7.81,Cascavel,PR,Sul,-24.95,-53.45
2024,234,0.0,0.66,0.63,31.88,47.76,1.16,18.81,8.33,Cascavel,PR,Sul,-24.95,-53.45
2024,235,0.05,0.66,0.62,32.74,52.94,1.24,14.12,5.83,Cascavel,PR,Sul,-24.95,-53.45
2024,236,16.53,0.68,0.74,17.6,88.76,0.8,6.25,3.0,Cascavel,PR,Sul,-24.95,-53.45
2024,237,0.69,0.69,0.68,18.56,76.88,0.9,10.99,4.99,Cascavel,PR,Sul,-24.95,-53.45
2024,238,0.0,0.68,0.67,14.88,69.64,0.93,16.51,7.21,Cascavel,PR,Sul,-24.95,-53.45
2024,239,0.0,0.68,0.66,19.46,66.02,0.7,21.28,9.02,Cascavel,PR,Sul,-24.95,-53.45
2024,240,0.0,0.68,0.66,23.44,54.2,0.69,20.57,8.81,Cascavel,PR,Sul,-24.95,-53.45
2024,241,0.03,0.67,0.65,26.2,52.23,0.76,18.23,8.01,Cascavel,PR,Sul,-24.95,-53.45
2024,242,0.06,0.67,0.64,32.0,53.91,0.88,19.97,8.84,Cascavel,PR,Sul,-24.95,-53.45
2024,243,0.04,0.66,0.63,32.82,53.87,0.91,20.32,8.97,Cascavel,PR,Sul,-24.95,-53.45
2024,244,0.0,0.66,0.63,33.04,59.9,0.89,18.1,7.91,Cascavel,PR,Sul,-24.95,-53.45
2024,245,0.05,0.66,0.64,22.57,76.96,0.7,9.96,3.97,Cascavel,PR,Sul,-24.95,-53.45
2024,246,0.0,0.66,0.63,24.88,63.4,0.54,13.77,5.76,Cascavel,PR,Sul,-24.95,-53.45
2024,247,0.0,0.65,0.62,33.73,53.35,0.84,20.6,9.08,Cascavel,PR,Sul,-24.95,-53.45
2024,248,10.0,0.65,0.64,34.21,55.94,1.0,12.16,5.14,Cascavel,PR,Sul,-24.95,-53.45
2024,249,2.24,0.67,0.7,22.82,72.37,1.13,12.6,5.71,Cascavel,PR,Sul,-24.95,-53.45
2024,250,0.05,0.67,0.64,29.55,70.14,0.8,14.56,5.74,Cascavel,PR,Sul,-24.95,-53.45
2024,251,0.0,0.66,0.63,33.53,60.78,0.88,17.96,7.62,Cascavel,PR,Sul,-24.95,-53.45
2024,252,0.0,0.66,0.62,35.84,49.27,0.95,18.68,8.02,Cascavel,PR,Sul,-24.95,-53.45
2024,253,0.0,0.65,0.61,33.55,49.26,0.86,15.28,6.21,Cascavel,PR,Sul,-24.95,-53.45
2024,254,0.0,0.65,0.61,35.33,43.99,0.93,16.05,6.39,Cascavel,PR,Sul,-24.95,-53.45
2024,255,0.0,0.64,0.6,35.18,39.32,1.03,16.77,6.72,Cascavel,PR,Sul,-24.95,-53.45
2024,256,0.11,0.64,0.6,35.01,46.53,1.05,10.18,3.98,Cascavel,PR,Sul,-24.95,-53.45
2024,257,18.37,0.65,0.7,30.57,79.86,0.67,9.35,3.29,Cascavel,PR,Sul,-24.95,-53.45
2024,258,14.99,0.68,0.75,22.5,88.07,0.76,5.05,2.26,Cascavel,PR,Sul,-24.95,-53.45
2024,259,24.04,0.72,0.83,20.6,93.53,0.56,1.71,0.91,Cascavel,PR,Sul,-24.95,-53.45
2024,260,0.07,0.73,0.72,24.98,80.54,0.74,23.78,10.67,Cascavel,PR,Sul,-24.95,-53.45
2024,261,0.81,0.71,0.7,26.18,73.17,0.88,24.13,10.65,Cascavel,PR,Sul,-24.95,-53.45
2024,262,0.72,0.71,0.69,27.07,72.51,0.85,16.06,6.72,Cascavel,PR,Sul,-24.95,-53.45
2024,263,0.01,0.7,0.68,31.74,67.47,1.06,18.37,7.98,Cascavel,PR,Sul,-24.95,-53.45
2024,264,26.55,0.7,0.75,28.73,82.26,0.85,2.73,1.2,Cascavel,PR,Sul,-24.95,-53.45
2024,265,1.29,0.73,0.76,28.57,80.64,0.8,13.09,5.31,Cascavel,PR,Sul,-24.95,-53.45
2024,266,0.02,0.72,0.71,30.8,77.83,0.86,11.72,4.26,Cascavel,PR,Sul,-24.95,-53.45
2024,267,0.0,0.71,0.7,33.85,72.49,0.84,14.25,5.89,Cascavel,PR,Sul,-24.95,-53.45
2024,268,0.0,0.7,0.68,34.15,69.5,0.92,18.58,7.8,Cascavel,PR,Sul,-24.95,-53.45
2024,269,0.17,0.69,0.67,35.08,55.67,0.95,20.0,8.58,Cascavel,PR,Sul,-24.95,-53.45
2024,270,4.22,0.69,0.69,29.84,71.09,0.92,5.35,2.16,Cascavel,PR,Sul,-24.95,-53.45
2024,271,0.13,0.69,0.67,26.11,72.73,1.07,25.73,11.44,Cascavel,PR,Sul,-24.95,-53.45
2024,272,0.0,0.68,0.66,30.68,64.63,0.6,25.96,11.48,Cascavel,PR,Sul,-24.95,-53.45
2024,273,0.0,0.68,0.65,32.79,56.07,0.88,24.71,10.8,Cascavel,PR,Sul,-24.95,-53.45
2024,274,0.0,0.67,0.63,35.26,51.91,1.18,24.53,10.94,Cascavel,PR,Sul,-24.95,-53.45
2024,275,0.0,0.67,0.63,34.66,55.45,1.03,20.04,8.72,Cascavel,PR,Sul,-24.95,-53.45
2024,276,0.31,0.66,0.63,33.23,67.21,1.27,9.47,3.84,Cascavel,PR,Sul,-24.95,-53.45
2024,277,0.05,0.66,0.63,28.48,64.82,0.76,10.71,4.88,Cascavel,PR,Sul,-24.95,-53.45
2024,278,0.0,0.66,0.62,33.07,63.83,0.63,24.48,10.95,Cascavel,PR,Sul,-24.95,-53.45
2024,279,0.0,0.65,0.62,34.41,56.08,0.65,25.96,11.53,Cascavel,PR,Sul,-24.95,-53.45
2024,280,0.0,0.65,0.61,35.09,53.42,0.59,17.76,7.76,Cascavel,PR,Sul,-24.95,-53.45
2024,281,0.0,0.65,0.61,34.52,50.66,1.14,18.86,8.15,Cascavel,PR,Sul,-24.95,-53.45
2024,282,0.66,0.64,0.6,34.22,55.04,0.9,9.38,3.55,Cascavel,PR,Sul,-24.95,-53.45
2024,283,30.0,0.68,0.8,30.47,80.25,0.7,2.91,1.41,Cascavel,PR,Sul,-24.95,-53.45
2024,284,21.79,0.71,0.8,28.85,84.6,1.15,4.04,1.94,Cascavel,PR,Sul,-24.95,-53.45
2024,285,29.02,0.74,0.81,25.04,88.56,1.43,7.71,3.77,Cascavel,PR,Sul,-24.95,-53.45
2024,286,0.31,0.74,0.74,27.95,79.32,0.55,20.96,9.62,Cascavel,PR,Sul,-24.95,-53.45
2024,287,0.0,0.72,0.71,30.7,72.81,0.81,26.55,11.97,Cascavel,PR,Sul,-24.95,-53.45
2024,288,0.0,0.71,0.7,29.63,70.37,0.77,16.59,7.13,Cascavel,PR,Sul,-24.95,-53.45
2024,289,5.13,0.71,0.72,31.89,71.84,0.93,21.22,9.26,Cascavel,PR,Sul,-24.95,-53.45
2024,290,0.11,0.71,0.7,30.94,78.17,0.69,22.59,10.16,Cascavel,PR,Sul,-24.95,-53.45
2024,291,1.71,0.7,0.69,30.11,81.41,0.62,19.79,8.85,Cascavel,PR,Sul,-24.95,-53.45
2024,292,4.47,0.7,0.72,30.07,78.72,0.6,7.11,3.51,Cascavel,PR,Sul,-24.95,-53.45
2024,293,0.93,0.7,0.7,25.6,85.16,0.49,9.26,4.59,Cascavel,PR,Sul,-24.95,-53.45
2024,294,0.0,0.7,0.68,30.33,72.58,0.75,18.6,8.61,Cascavel,PR,Sul,-24.95,-53.45
2024,295,0.99,0.69,0.67,31.4,73.85,0.95,21.15,9.84,Cascavel,PR,Sul,-24.95,-53.45
2024,296,1.64,0.69,0.67,31.58,75.64,0.8,23.15,10.89,Cascavel,PR,Sul,-24.95,-53.45
2024,297,0.29,0.68,0.65,33.39,70.34,0.85,24.15,11.29,Cascavel,PR,Sul,-24.95,-53.45
2024,298,5.22,0.68,0.67,34.1,73.4,1.27,19.04,8.91,Cascavel,PR,Sul,-24.95,-53.45
2024,299,0.79,0.68,0.67,31.0,66.35,0.73,28.5,12.97,Cascavel,PR,Sul,-24.95,-53.45
2024,300,0.0,0.67,0.64,28.99,63.3,0.82,23.79,10.77,Cascavel,PR,Sul,-24.95,-53.45
2024,301,0.0,0.67,0.63,34.53,57.27,0.51,26.62,12.21,Cascavel,PR,Sul,-24.95,-53.45
2024,302,0.0,0.66,0.63,34.89,60.48,0.7,24.59,11.37,Cascavel,PR,Sul,-24.95,-53.45
2024,303,0.02,0.66,0.62,33.37,66.48,0.65,22.29,10.46,Cascavel,PR,Sul,-24.95,-53.45
2024,304,0.0,0.66,0.62,35.64,58.21,0.66,28.23,12.98,Cascavel,PR,Sul,-24.95,-53.45
2024,305,0.0,0.65,0.61,35.1,53.98,0.95,27.54,12.64,Cascavel,PR,Sul,-24.95,-53.45
2024,306,2.24,0.65,0.62,32.26,62.4,1.33,24.01,11.13,Cascavel,PR,Sul,-24.95,-53.45
2024,307,19.77,0.67,0.75,24.64,90.13,1.1,6.98,3.63,Cascavel,PR,Sul,-24.95,-53.45
2024,308,0.64,0.68,0.68,28.8,82.25,0.83,17.55,8.27,Cascavel,PR,Sul,-24.95,-53.45
2024,309,0.38,0.68,0.66,31.93,76.92,0.82,18.99,9.05,Cascavel,PR,Sul,-24.95,-53.45
2024,310,0.04,0.67,0.64,33.43,72.08,0.69,22.24,10.55,Cascavel,PR,Sul,-24.95,-53.45
2024,311,3.16,0.67,0.66,30.37,76.5,0.71,17.85,8.62,Cascavel,PR,Sul,-24.95,-53.45
2024,312,21.91,0.69,0.78,30.29,84.91,0.67,7.42,3.92,Cascavel,PR,Sul,-24.95,-53.45
2024,313,1.38,0.7,0.71,29.86,79.27,1.0,26.4,12.37,Cascavel,PR,Sul,-24.95,-53.45
2024,314,0.0,0.69,0.67,30.92,68.82,0.69,27.55,12.59,Cascavel,PR,Sul,-24.95,-53.45
2024,315,0.0,0.68,0.65,33.42,65.58,0.79,29.24,13.35,Cascavel,PR,Sul,-24.95,-53.45
2024,316,0.4,0.67,0.64,34.13,63.55,0.92,29.22,13.46,Cascavel,PR,Sul,-24.95,-53.45
2024,317,1.14,0.67,0.64,24.51,61.87,1.32,11.81,5.75,Cascavel,PR,Sul,-24.95,-53.45
2024,318,0.4,0.67,0.63,28.25,54.72,0.83,31.65,13.99,Cascavel,PR,Sul,-24.95,-53.45
2024,319,0.0,0.66,0.62,32.24,52.02,0.66,30.04,13.47,Cascavel,PR,Sul,-24.95,-53.45
2024,320,0.0,0.65,0.62,33.51,59.25,0.91,27.34,12.6,Cascavel,PR,Sul,-24.95,-53.45
2024,321,0.0,0.65,0.61,35.54,58.89,0.84,29.89,13.74,Cascavel,PR,Sul,-24.95,-53.45
2024,322,0.0,0.65,0.61,35.9,57.91,0.9,29.35,13.45,Cascavel,PR,Sul,-24.95,-53.45
2024,323,0.83,0.64,0.61,36.13,59.39,0.68,25.86,12.09,Cascavel,PR,Sul,-24.95,-53.45
2024,324,3.96,0.64,0.64,34.55,65.06,0.63,25.96,12.15,Cascavel,PR,Sul,-24.95,-53.45
2024,325,0.27,0.64,0.62,35.14,64.9,0.54,24.72,11.64,Cascavel,PR,Sul,-24.95,-53.45
2024,326,37.51,0.66,0.77,30.81,79.79,0.68,14.32,6.98,Cascavel,PR,Sul,-24.95,-53.45
2024,327,5.52,0.71,0.75,31.67,78.21,0.54,22.16,10.51,Cascavel,PR,Sul,-24.95,-53.45
2024,328,0.0,0.7,0.68,32.85,70.41,0.53,26.33,12.24,Cascavel,PR,Sul,-24.95,-53.45
2024,329,0.0,0.68,0.65,32.94,64.0,0.72,30.54,14.04,Cascavel,PR,Sul,-24.95,-53.45
2024,330,0.0,0.68,0.64,33.62,57.88,0.95,29.61,13.5,Cascavel,PR,Sul,-24.95,-53.45
2024,331,0.02,0.67,0.63,35.09,60.7,0.92,26.5,12.37,Cascavel,PR,Sul,-24.95,-53.45
2024,332,4.04,0.67,0.66,30.57,74.54,0.71,18.63,8.9,Cascavel,PR,Sul,-24.95,-53.45
2024,333,23.28,0.69,0.79,29.28,86.75,0.64,14.08,6.87,Cascavel,PR,Sul,-24.95,-53.45
2024,334,2.08,0.71,0.71,32.03,81.69,0.78,13.94,6.74,Cascavel,PR,Sul,-24.95,-53.45
2024,335,0.2,0.7,0.68,31.26,80.27,0.45,16.42,7.9,Cascavel,PR,Sul,-24.95,-53.45
2024,336,0.59,0.69,0.67,30.0,79.29,0.9,21.8,10.34,Cascavel,PR,Sul,-24.95,-53.45
2024,337,8.03,0.7,0.71,28.89,82.06,0.9,18.43,8.81,Cascavel,PR,Sul,-24.95,-53.45
2024,338,1.12,0.7,0.69,28.18,78.11,0.85,10.95,5.55,Cascavel,PR,Sul,-24.95,-53.45
2024,339,4.41,0.69,0.7,30.65,79.03,0.68,10.73,5.43,Cascavel,PR,Sul,-24.95,-53.45
2024,340,0.23,0.69,0.67,29.06,76.81,1.02,23.63,11.16,Cascavel,PR,Sul,-24.95,-53.45
2024,341,22.55,0.7,0.77,31.17,80.81,1.02,21.57,10.34,Cascavel,PR,Sul,-24.95,-53.45
2024,342,45.89,0.75,0.91,27.68,92.77,0.88,7.75,3.97,Cascavel,PR,Sul,-24.95,-53.45
2024,343,50.52,0.81,0.93,26.42,93.32,0.84,4.52,2.48,Cascavel,PR,Sul,-24.95,-53.45
2024,344,19.58,0.82,0.89,27.27,91.5,0.83,12.31,6.08,Cascavel,PR,Sul,-24.95,-53.45
2024,345,0.37,0.81,0.82,28.89,84.07,0.72,20.88,9.94,Cascavel,PR,Sul,-24.95,-53.45
2024,346,0.13,0.79,0.8,29.74,79.01,0.56,29.17,13.42,Cascavel,PR,Sul,-24.95,-53.45
2024,347,1.55,0.77,0.78,28.66,81.54,0.83,27.73,12.87,Cascavel,PR,Sul,-24.95,-53.45
2024,348,3.74,0.77,0.79,26.39,84.97,0.9,11.83,5.86,Cascavel,PR,Sul,-24.95,-53.45
2024,349,10.35,0.78,0.82,28.48,86.17,0.95,18.7,8.85,Cascavel,PR,Sul,-24.95,-53.45
2024,350,0.31,0.77,0.77,26.54,79.85,0.86,30.9,14.11,Cascavel,PR,Sul,-24.95,-53.45
2024,351,0.16,0.76,0.76,26.65,77.79,0.73,31.76,14.39,Cascavel,PR,Sul,-24.95,-53.45
2024,352,0.0,0.74,0.74,28.48,68.61,0.57,32.28,14.49,Cascavel,PR,Sul,-24.95,-53.45
2024,353,0.18,0.73,0.72,30.0,72.4,0.83,31.25,14.25,Cascavel,PR,Sul,-24.95,-53.45
2024,354,13.49,0.73,0.78,27.48,85.22,0.87,6.74,3.51,Cascavel,PR,Sul,-24.95,-53.45
2024,355,27.43,0.78,0.89,28.63,87.1,0.62,12.36,6.22,Cascavel,PR,Sul,-24.95,-53.45
2024,356,0.23,0.78,0.79,30.85,78.4,0.55,20.55,9.77,Cascavel,PR,Sul,-24.95,-53.45
2024,357,2.12,0.76,0.77,31.07,76.55,0.72,21.36,10.14,Cascavel,PR,Sul,-24.95,-53.45
2024,358,0.13,0.75,0.75,29.92,69.27,0.54,30.42,13.78,Cascavel,PR,Sul,-24.95,-53.45
2024,359,3.62,0.74,0.75,29.65,76.2,0.79,29.36,13.59,Cascavel,PR,Sul,-24.95,-53.45
2024,360,15.82,0.75,0.82,25.95,85.1,0.78,9.3,4.7,Cascavel,PR,Sul,-24.95,-53.45
2024,361,0.07,0.75,0.76,27.44,70.8,0.75,31.17,14.27,Cascavel,PR,Sul,-24.95,-53.45
2024,362,0.0,0.74,0.73,29.16,62.99,0.69,32.04,14.37,Cascavel,PR,Sul,-24.95,-53.45
2024,363,0.0,0.73,0.71,30.42,61.86,0.72,32.18,14.54,Cascavel,PR,Sul,-24.95,-53.45
2024,364,0.0,0.71,0.7,31.55,62.18,0.58,30.66,14.01,Cascavel,PR,Sul,-24.95,-53.45
2024,365,0.31,0.71,0.68,30.67,62.68,0.75,30.1,13.8,Cascavel,PR,Sul,-24.95,-53.45
2024,366,0.78,0.7,0.68,31.37,70.42,0.88,27.96,13.02,Cascavel,PR,Sul,-24.95,-53.45
2025,1,0.65,0.69,0.66,33.37,66.18,0.84,30.45,14.05,Cascavel,PR,Sul,-24.95,-53.45
2025,2,2.55,0.69,0.67,32.98,67.4,0.78,16.61,7.88,Cascavel,PR,Sul,-24.95,-53.45
2025,3,0.51,0.68,0.66,33.88,64.62,0.79,28.35,13.13,Cascavel,PR,Sul,-24.95,-53.45
2025,4,0.0,0.68,0.64,32.44,53.48,0.89,27.06,12.33,Cascavel,PR,Sul,-24.95,-53.45
2025,5,0.0,0.67,0.63,32.88,50.59,0.77,31.8,14.27,Cascavel,PR,Sul,-24.95,-53.45
2025,6,0.0,0.67,0.63,30.76,56.01,0.68,31.7,14.39,Cascavel,PR,Sul,-24.95,-53.45
2025,7,0.0,0.66,0.62,34.83,52.58,0.7,31.14,14.18,Cascavel,PR,Sul,-24.95,-53.45
2025,8,0.31,0.66,0.62,35.06,52.8,0.65,28.61,13.18,Cascavel,PR,Sul,-24.95,-53.45
2025,9,0.18,0.65,0.62,34.81,56.06,0.74,29.04,13.38,Cascavel,PR,Sul,-24.95,-53.45
2025,10,0.94,0.65,0.62,34.37,58.99,0.85,27.53,12.82,Cascavel,PR,Sul,-24.95,-53.45
2025,11,0.29,0.65,0.61,34.17,59.64,0.79,25.22,11.78,Cascavel,PR,Sul,-24.95,-53.45
2025,12,0.02,0.65,0.61,35.07,58.91,0.46,27.31,12.58,Cascavel,PR,Sul,-24.95,-53.45
2025,13,0.16,0.64,0.61,33.98,57.54,0.62,28.63,13.18,Cascavel,PR,Sul,-24.95,-53.45
2025,14,11.19,0.64,0.64,33.51,61.03,0.74,28.29,13.12,Cascavel,PR,Sul,-24.95,-53.45
2025,15,1.66,0.66,0.68,33.81,66.24,0.74,27.78,12.84,Cascavel,PR,Sul,-24.95,-53.45
2025,16,0.02,0.65,0.62,35.87,57.96,0.69,27.38,12.65,Cascavel,PR,Sul,-24.95,-53.45
2025,17,0.03,0.65,0.61,36.59,58.14,0.63,24.62,11.53,Cascavel,PR,Sul,-24.95,-53.45
2025,18,0.6,0.64,0.61,36.84,62.14,0.56,24.12,11.35,Cascavel,PR,Sul,-24.95,-53.45
2025,19,3.37,0.64,0.63,34.98,68.9,0.74,19.17,9.22,Cascavel,PR,Sul,-24.95,-53.45
2025,20,0.76,0.64,0.61,35.01,66.36,0.8,18.28,8.84,Cascavel,PR,Sul,-24.95,-53.45
2025,21,0.17,0.64,0.59,35.51,54.97,0.76,22.03,10.33,Cascavel,PR,Sul,-24.95,-53.45
2025,22,1.72,0.64,0.59,35.06,62.71,0.67,24.52,11.57,Cascavel,PR,Sul,-24.95,-53.45
2025,23,8.05,0.64,0.62,35.15,65.55,0.76,19.0,9.05,Cascavel,PR,Sul,-24.95,-53.45
2025,24,4.96,0.65,0.69,31.05,76.64,0.67,25.62,12.12,Cascavel,PR,Sul,-24.95,-53.45
2025,25,14.32,0.66,0.72,33.45,74.97,0.82,17.73,8.47,Cascavel,PR,Sul,-24.95,-53.45
2025,26,0.22,0.67,0.65,33.74,71.38,0.52,27.11,12.7,Cascavel,PR,Sul,-24.95,-53.45
2025,27,3.6,0.66,0.65,32.93,70.42,0.74,14.08,6.8,Cascavel,PR,Sul,-24.95,-53.45
2025,28,1.6,0.66,0.65,33.13,73.18,0.67,20.78,9.86,Cascavel,PR,Sul,-24.95,-53.45
2025,29,1.22,0.66,0.62,36.47,61.96,0.59,17.82,8.37,Cascavel,PR,Sul,-24.95,-53.45
2025,30,1.97,0.65,0.63,34.69,65.43,0.56,15.22,7.4,Cascavel,PR,Sul,-24.95,-53.45
2025,31,2.22,0.65,0.63,33.25,67.56,0.65,23.78,11.19,Cascavel,PR,Sul,-24.95,-53.45
2025,32,0.29,0.65,0.62,33.78,63.33,0.6,26.5,12.38,Cascavel,PR,Sul,-24.95,-53.45
2025,33,1.55,0.65,0.62,33.38,63.92,0.61,25.46,11.9,Cascavel,PR,Sul,-24.95,-53.45
2025,34,0.83,0.64,0.62,35.33,63.67,0.76,25.19,11.8,Cascavel,PR,Sul,-24.95,-53.45
2025,35,3.34,0.64,0.63,30.84,73.62,0.78,22.76,10.83,Cascavel,PR,Sul,-24.95,-53.45
2025,36,3.38,0.64,0.64,29.9,79.6,0.86,20.84,9.99,Cascavel,PR,Sul,-24.95,-53.45
2025,37,3.16,0.65,0.65,27.76,83.0,0.88,18.22,8.82,Cascavel,PR,Sul,-24.95,-53.45
2025,38,17.31,0.67,0.73,29.0,84.53,0.49,19.52,9.35,Cascavel,PR,Sul,-24.95,-53.45
2025,39,6.58,0.68,0.69,32.21,74.1,0.59,22.29,10.51,Cascavel,PR,Sul,-24.95,-53.45
2025,40,2.18,0.68,0.66,34.34,70.4,0.49,25.16,11.76,Cascavel,PR,Sul,-24.95,-53.45
2025,41,3.96,0.67,0.66,34.31,66.98,0.67,25.7,12.0,Cascavel,PR,Sul,-24.95,-53.45
2025,42,0.19,0.67,0.63,34.65,62.51,0.91,27.75,12.86,Cascavel,PR,Sul,-24.95,-53.45
2025,43,1.21,0.66,0.63,33.47,62.88,0.81,23.83,11.23,Cascavel,PR,Sul,-24.95,-53.45
2025,44,3.26,0.66,0.64,33.33,64.98,0.63,22.09,10.45,Cascavel,PR,Sul,-24.95,-53.45
2025,45,0.88,0.66,0.63,34.56,66.73,0.63,23.77,11.23,Cascavel,PR,Sul,-24.95,-53.45
2025,46,12.43,0.66,0.7,32.81,73.53,0.69,15.19,7.38,Cascavel,PR,Sul,-24.95,-53.45
2025,47,4.44,0.67,0.69,31.71,75.31,0.8,21.94,10.44,Cascavel,PR,Sul,-24.95,-53.45
2025,48,1.92,0.67,0.66,30.68,78.35,0.86,23.82,11.37,Cascavel,PR,Sul,-24.95,-53.45
2025,49,12.78,0.68,0.74,27.82,88.75,0.53,15.4,7.54,Cascavel,PR,Sul,-24.95,-53.45
2025,50,1.2,0.69,0.69,27.57,87.12,0.62,13.38,6.52,Cascavel,PR,Sul,-24.95,-53.45
2025,51,0.19,0.68,0.66,33.39,69.59,0.45,23.03,10.86,Cascavel,PR,Sul,-24.95,-53.45
2025,52,3.56,0.68,0.67,32.48,73.64,0.54,17.08,8.26,Cascavel,PR,Sul,-24.95,-53.45
2025,53,0.56,0.68,0.65,34.31,70.21,0.48,25.52,11.96,Cascavel,PR,Sul,-24.95,-53.45
2025,54,0.97,0.67,0.64,33.52,69.71,0.54,23.54,11.1,Cascavel,PR,Sul,-24.95,-53.45
2025,55,0.04,0.66,0.63,34.13,65.26,0.87,25.52,11.87,Cascavel,PR,Sul,-24.95,-53.45
2025,56,0.0,0.66,0.62,34.19,62.0,0.83,23.19,10.86,Cascavel,PR,Sul,-24.95,-53.45
2025,57,2.32,0.66,0.63,33.2,69.26,0.8,20.71,9.8,Cascavel,PR,Sul,-24.95,-53.45
2025,58,1.1,0.65,0.63,33.97,66.26,0.74,23.52,11.04,Cascavel,PR,Sul,-24.95,-53.45
2025,59,1.13,0.65,0.62,35.72,59.17,0.83,23.9,11.13,Cascavel,PR,Sul,-24.95,-53.45
2025,60,0.11,0.65,0.6,36.65,55.97,0.87,25.3,11.76,Cascavel,PR,Sul,-24.95,-53.45
2025,61,0.02,0.64,0.6,37.27,55.42,0.69,25.7,11.92,Cascavel,PR,Sul,-24.95,-53.45
2025,62,0.03,0.64,0.59,37.31,56.66,0.63,25.42,11.78,Cascavel,PR,Sul,-24.95,-53.45
2025,63,0.0,0.64,0.58,36.83,54.42,0.8,25.91,11.98,Cascavel,PR,Sul,-24.95,-53.45
2025,64,5.38,0.64,0.62,34.49,59.18,0.94,21.56,10.1,Cascavel,PR,Sul,-24.95,-53.45
2025,65,1.33,0.64,0.62,35.18,62.2,0.85,18.45,8.73,Cascavel,PR,Sul,-24.95,-53.45
2025,66,0.0,0.64,0.59,36.37,54.63,0.8,25.1,11.54,Cascavel,PR,Sul,-24.95,-53.45
2025,67,0.0,0.63,0.58,35.87,52.18,0.69,24.68,11.34,Cascavel,PR,Sul,-24.95,-53.45
2025,68,0.01,0.63,0.57,36.97,47.08,0.66,22.96,10.59,Cascavel,PR,Sul,-24.95,-53.45
2025,69,0.2,0.63,0.55,33.85,62.5,0.73,20.51,9.63,Cascavel,PR,Sul,-24.95,-53.45
2025,70,12.67,0.64,0.64,27.79,75.03,0.51,6.14,3.13,Cascavel,PR,Sul,-24.95,-53.45
2025,71,2.41,0.65,0.66,27.8,81.48,0.4,15.32,7.42,Cascavel,PR,Sul,-24.95,-53.45
2025,72,0.43,0.65,0.62,30.84,69.82,0.62,15.82,7.59,Cascavel,PR,Sul,-24.95,-53.45
2025,73,0.0,0.64,0.61,32.85,61.56,0.72,21.07,9.86,Cascavel,PR,Sul,-24.95,-53.45
2025,74,0.59,0.64,0.61,31.72,57.91,0.63,11.49,5.6,Cascavel,PR,Sul,-24.95,-53.45
2025,75,0.58,0.64,0.61,34.51,60.61,0.64,24.21,11.1,Cascavel,PR,Sul,-24.95,-53.45
2025,76,12.2,0.65,0.68,33.62,65.0,0.69,22.26,10.32,Cascavel,PR,Sul,-24.95,-53.45
2025,77,11.81,0.67,0.72,29.0,76.74,0.53,19.79,9.25,Cascavel,PR,Sul,-24.95,-53.45
2025,78,0.09,0.67,0.65,32.22,61.47,0.64,24.68,11.31,Cascavel,PR,Sul,-24.95,-53.45
2025,79,0.01,0.66,0.63,31.15,65.28,0.77,23.8,10.92,Cascavel,PR,Sul,-24.95,-53.45
2025,80,0.0,0.65,0.62,32.13,58.09,0.79,24.57,11.09,Cascavel,PR,Sul,-24.95,-53.45
2025,81,0.71,0.65,0.61,32.47,55.35,0.89,19.89,9.2,Cascavel,PR,Sul,-24.95,-53.45
2025,82,3.21,0.65,0.64,32.65,66.27,0.59,17.8,8.37,Cascavel,PR,Sul,-24.95,-53.45
2025,83,3.71,0.65,0.64,32.22,70.59,0.68,21.19,9.93,Cascavel,PR,Sul,-24.95,-53.45
2025,84,0.94,0.65,0.63,32.62,70.0,0.52,20.33,9.54,Cascavel,PR,Sul,-24.95,-53.45
2025,85,3.84,0.65,0.65,32.32,72.4,0.63,21.97,10.32,Cascavel,PR,Sul,-24.95,-53.45
2025,86,6.96,0.66,0.68,30.48,74.71,0.73,21.13,9.89,Cascavel,PR,Sul,-24.95,-53.45
2025,87,3.64,0.66,0.66,30.02,75.57,0.73,16.97,8.09,Cascavel,PR,Sul,-24.95,-53.45
2025,88,3.99,0.67,0.68,27.66,84.11,0.41,10.67,5.25,Cascavel,PR,Sul,-24.95,-53.45
2025,89,0.08,0.66,0.63,32.93,72.01,0.77,21.84,10.17,Cascavel,PR,Sul,-24.95,-53.45
2025,90,2.71,0.66,0.65,30.3,72.62,0.87,19.05,8.96,Cascavel,PR,Sul,-24.95,-53.45
2025,91,6.26,0.66,0.67,31.09,78.42,0.57,16.42,7.86,Cascavel,PR,Sul,-24.95,-53.45
2025,92,10.7,0.68,0.73,28.08,89.09,0.64,16.82,8.06,Cascavel,PR,Sul,-24.95,-53.45
2025,93,3.03,0.68,0.68,30.63,79.1,0.62,15.33,7.33,Cascavel,PR,Sul,-24.95,-53.45
2025,94,0.32,0.67,0.65,27.2,70.47,1.07,15.6,7.38,Cascavel,PR,Sul,-24.95,-53.45
2025,95,1.36,0.67,0.65,26.92,71.85,0.72,9.5,4.69,Cascavel,PR,Sul,-24.95,-53.45
2025,96,0.01,0.67,0.64,28.05,69.45,0.74,17.65,8.29,Cascavel,PR,Sul,-24.95,-53.45
2025,97,1.24,0.66,0.63,29.66,69.91,0.89,18.29,8.54,Cascavel,PR,Sul,-24.95,-53.45
2025,98,15.23,0.67,0.73,26.98,88.73,0.82,5.47,2.83,Cascavel,PR,Sul,-24.95,-53.45
2025,99,1.36,0.68,0.69,25.82,78.76,0.67,16.34,7.7,Cascavel,PR,Sul,-24.95,-53.45
2025,100,0.0,0.68,0.66,27.46,69.21,0.67,20.91,9.6,Cascavel,PR,Sul,-24.95,-53.45
2025,101,0.01,0.67,0.65,28.83,70.59,0.63,20.88,9.64,Cascavel,PR,Sul,-24.95,-53.45
2025,102,9.5,0.67,0.7,23.58,85.86,0.9,1.87,1.04,Cascavel,PR,Sul,-24.95,-53.45
2025,103,8.96,0.7,0.75,26.11,88.05,0.65,7.37,3.69,Cascavel,PR,Sul,-24.95,-53.45
2025,104,0.13,0.69,0.68,28.87,79.36,0.48,20.74,9.48,Cascavel,PR,Sul,-24.95,-53.45
2025,105,1.19,0.69,0.68,24.14,87.95,0.51,8.65,4.27,Cascavel,PR,Sul,-24.95,-53.45
2025,106,0.29,0.68,0.67,29.69,76.11,0.38,11.7,5.52,Cascavel,PR,Sul,-24.95,-53.45
2025,107,0.05,0.68,0.66,29.72,78.74,0.62,15.76,7.42,Cascavel,PR,Sul,-24.95,-53.45
2025,108,0.28,0.68,0.66,26.89,85.89,0.74,9.27,4.54,Cascavel,PR,Sul,-24.95,-53.45
2025,109,1.48,0.68,0.66,28.71,80.05,0.57,14.11,6.71,Cascavel,PR,Sul,-24.95,-53.45
2025,110,0.08,0.67,0.65,30.66,74.33,0.44,17.95,8.31,Cascavel,PR,Sul,-24.95,-53.45
2025,111,0.0,0.67,0.64,30.24,70.4,0.45,16.71,7.77,Cascavel,PR,Sul,-24.95,-53.45
2025,112,0.01,0.66,0.64,26.91,73.89,0.56,15.12,7.05,Cascavel,PR,Sul,-24.95,-53.45
2025,113,0.92,0.66,0.64,26.73,73.8,0.53,11.02,5.29,Cascavel,PR,Sul,-24.95,-53.45
2025,114,14.82,0.68,0.74,20.44,94.46,0.62,3.77,1.93,Cascavel,PR,Sul,-24.95,-53.45
2025,115,0.42,0.69,0.69,27.05,83.62,0.63,5.37,2.69,Cascavel,PR,Sul,-24.95,-53.45
2025,116,0.17,0.68,0.66,28.77,79.84,0.63,12.9,6.04,Cascavel,PR,Sul,-24.95,-53.45
2025,117,3.55,0.68,0.67,28.75,83.77,0.5,3.49,1.81,Cascavel,PR,Sul,-24.95,-53.45
2025,118,0.15,0.68,0.67,25.68,73.66,0.84,18.04,8.19,Cascavel,PR,Sul,-24.95,-53.45
2025,119,0.0,0.68,0.65,24.89,60.51,0.67,20.13,8.75,Cascavel,PR,Sul,-24.95,-53.45
2025,120,0.0,0.67,0.64,26.85,58.83,0.69,19.46,8.56,Cascavel,PR,Sul,-24.95,-53.45
2025,121,0.0,0.67,0.64,27.02,66.66,0.75,19.14,8.52,Cascavel,PR,Sul,-24.95,-53.45
2025,122,0.0,0.67,0.64,27.51,61.35,0.69,18.79,8.37,Cascavel,PR,Sul,-24.95,-53.45
2025,123,0.01,0.66,0.64,27.47,65.96,0.57,10.8,5.11,Cascavel,PR,Sul,-24.95,-53.45
2025,124,0.1,0.66,0.63,28.24,70.43,0.71,15.92,7.34,Cascavel,PR,Sul,-24.95,-53.45
2025,125,0.05,0.66,0.63,29.77,71.38,0.7,15.62,7.25,Cascavel,PR,Sul,-24.95,-53.45
2025,126,0.0,0.66,0.62,29.8,68.37,0.75,11.3,5.37,Cascavel,PR,Sul,-24.95,-53.45
2025,127,0.0,0.65,0.62,29.1,68.01,0.86,10.64,5.05,Cascavel,PR,Sul,-24.95,-53.45
2025,128,0.0,0.65,0.62,29.61,67.87,0.96,17.3,7.91,Cascavel,PR,Sul,-24.95,-53.45
2025,129,13.14,0.65,0.68,30.34,76.62,1.02,13.22,6.19,Cascavel,PR,Sul,-24.95,-53.45
2025,130,1.29,0.67,0.68,25.56,71.04,1.03,17.04,7.71,Cascavel,PR,Sul,-24.95,-53.45
2025,131,0.39,0.67,0.64,26.16,62.99,0.67,18.06,7.99,Cascavel,PR,Sul,-24.95,-53.45
2025,132,0.01,0.66,0.64,25.95,73.04,0.8,17.37,7.87,Cascavel,PR,Sul,-24.95,-53.45
2025,133,0.27,0.66,0.63,27.35,76.89,0.76,15.14,6.97,Cascavel,PR,Sul,-24.95,-53.45
2025,134,0.13,0.66,0.63,27.77,72.39,0.78,17.11,7.78,Cascavel,PR,Sul,-24.95,-53.45
2025,135,0.04,0.66,0.63,26.12,66.6,0.79,16.94,7.56,Cascavel,PR,Sul,-24.95,-53.45
2025,136,0.01,0.65,0.63,26.24,71.34,0.81,15.67,7.13,Cascavel,PR,Sul,-24.95,-53.45
2025,137,0.0,0.65,0.62,28.5,67.85,0.97,14.4,6.61,Cascavel,PR,Sul,-24.95,-53.45
2025,138,4.89,0.65,0.65,28.08,70.7,0.92,12.39,5.76,Cascavel,PR,Sul,-24.95,-53.45
2025,139,0.67,0.66,0.64,28.22,78.29,0.71,15.47,7.14,Cascavel,PR,Sul,-24.95,-53.45
2025,140,0.94,0.65,0.64,25.29,84.81,0.61,10.71,5.04,Cascavel,PR,Sul,-24.95,-53.45
2025,141,2.23,0.65,0.64,29.09,75.71,0.66,13.81,6.38,Cascavel,PR,Sul,-24.95,-53.45
2025,142,11.28,0.67,0.71,23.96,88.45,0.43,6.67,3.27,Cascavel,PR,Sul,-24.95,-53.45
2025,143,0.3,0.67,0.66,26.92,80.06,0.54,13.54,6.26,Cascavel,PR,Sul,-24.95,-53.45
2025,144,0.0,0.67,0.64,27.07,75.03,0.87,15.32,7.03,Cascavel,PR,Sul,-24.95,-53.45
2025,145,0.0,0.66,0.64,27.83,71.49,0.83,15.42,7.02,Cascavel,PR,Sul,-24.95,-53.45
2025,146,0.0,0.66,0.63,27.5,66.76,0.9,10.88,5.06,Cascavel,PR,Sul,-24.95,-53.45
2025,147,0.28,0.66,0.63,23.1,65.54,1.16,12.14,5.58,Cascavel,PR,Sul,-24.95,-53.45
2025,148,23.69,0.69,0.77,18.87,80.36,1.38,7.67,3.59,Cascavel,PR,Sul,-24.95,-53.45
2025,149,0.06,0.69,0.67,14.53,74.86,0.76,15.37,6.74,Cascavel,PR,Sul,-24.95,-53.45
2025,150,0.01,0.68,0.67,18.18,71.54,0.51,16.2,7.09,Cascavel,PR,Sul,-24.95,-53.45
2025,151,0.03,0.68,0.66,20.34,72.82,0.74,9.48,4.3,Cascavel,PR,Sul,-24.95,-53.45
2025,152,0.04,0.68,0.65,22.81,76.27,0.62,14.89,6.73,Cascavel,PR,Sul,-24.95,-53.45
2025,153,4.84,0.68,0.68,21.57,90.67,0.56,7.83,3.75,Cascavel,PR,Sul,-24.95,-53.45
2025,154,0.5,0.68,0.67,23.79,83.62,0.78,9.61,4.51,Cascavel,PR,Sul,-24.95,-53.45
2025,155,2.57,0.68,0.67,26.5,85.57,0.74,10.27,4.81,Cascavel,PR,Sul,-24.95,-53.45
2025,156,31.64,0.71,0.82,23.14,95.19,0.72,4.1,2.01,Cascavel,PR,Sul,-24.95,-53.45
2025,157,0.34,0.72,0.73,25.32,88.11,0.42,4.66,2.29,Cascavel,PR,Sul,-24.95,-53.45
2025,158,4.83,0.71,0.72,24.73,88.96,0.62,5.49,2.66,Cascavel,PR,Sul,-24.95,-53.45
2025,159,2.03,0.72,0.74,20.77,90.3,0.49,7.09,3.39,Cascavel,PR,Sul,-24.95,-53.45
2025,160,0.08,0.71,0.71,19.47,81.99,0.59,13.5,6.02,Cascavel,PR,Sul,-24.95,-53.45
2025,161,0.04,0.71,0.7,20.87,79.16,0.46,15.01,6.56,Cascavel,PR,Sul,-24.95,-53.45
2025,162,0.0,0.7,0.69,20.75,74.28,0.57,15.41,6.73,Cascavel,PR,Sul,-24.95,-53.45
2025,163,0.0,0.7,0.69,18.48,75.44,0.93,15.03,6.57,Cascavel,PR,Sul,-24.95,-53.45
2025,164,0.12,0.7,0.68,19.96,76.84,1.08,11.52,5.21,Cascavel,PR,Sul,-24.95,-53.45
2025,165,22.28,0.7,0.73,19.49,78.95,1.48,5.67,2.66,Cascavel,PR,Sul,-24.95,-53.45
2025,166,11.82,0.73,0.79,20.24,82.59,0.5,11.8,5.24,Cascavel,PR,Sul,-24.95,-53.45
2025,167,0.18,0.72,0.72,24.19,89.35,0.99,12.35,5.68,Cascavel,PR,Sul,-24.95,-53.45
2025,168,0.02,0.72,0.71,24.05,76.84,1.2,12.59,5.84,Cascavel,PR,Sul,-24.95,-53.45
2025,169,0.0,0.71,0.7,24.87,76.13,0.89,13.79,6.38,Cascavel,PR,Sul,-24.95,-53.45
2025,170,6.51,0.71,0.73,23.07,86.13,0.67,9.31,4.35,Cascavel,PR,Sul,-24.95,-53.45
2025,171,9.23,0.73,0.78,18.46,93.65,0.54,3.33,1.76,Cascavel,PR,Sul,-24.95,-53.45
2025,172,3.47,0.73,0.75,19.04,90.33,0.48,9.16,4.24,Cascavel,PR,Sul,-24.95,-53.45
2025,173,16.05,0.74,0.81,21.09,95.36,0.95,6.12,2.95,Cascavel,PR,Sul,-24.95,-53.45
2025,174,24.29,0.77,0.86,17.21,77.8,1.22,8.49,3.91,Cascavel,PR,Sul,-24.95,-53.45
2025,175,0.0,0.77,0.78,11.67,65.86,0.64,16.23,6.88,Cascavel,PR,Sul,-24.95,-53.45
2025,176,1.13,0.76,0.77,15.44,62.55,1.12,14.79,6.39,Cascavel,PR,Sul,-24.95,-53.45
2025,177,41.0,0.79,0.93,16.79,94.45,0.92,2.44,1.28,Cascavel,PR,Sul,-24.95,-53.45
2025,178,1.18,0.8,0.82,20.49,91.2,0.4,7.77,3.66,Cascavel,PR,Sul,-24.95,-53.45
2025,179,12.09,0.81,0.86,23.99,94.08,0.83,10.31,4.87,Cascavel,PR,Sul,-24.95,-53.45
2025,180,2.95,0.81,0.83,18.25,91.81,0.82,5.2,2.53,Cascavel,PR,Sul,-24.95,-53.45
2025,181,0.12,0.8,0.81,14.14,81.89,1.01,4.4,2.17,Cascavel,PR,Sul,-24.95,-53.45
2025,182,0.01,0.79,0.8,14.18,72.28,0.69,6.6,3.09,Cascavel,PR,Sul,-24.95,-53.45
2025,183,0.01,0.79,0.8,16.46,73.16,0.58,13.04,5.85,Cascavel,PR,Sul,-24.95,-53.45
2025,184,0.0,0.78,0.79,18.61,82.57,0.67,13.21,5.84,Cascavel,PR,Sul,-24.95,-53.45
2025,185,0.0,0.78,0.79,19.15,83.83,0.7,15.29,6.71,Cascavel,PR,Sul,-24.95,-53.45
2025,186,0.0,0.78,0.79,20.47,78.71,0.62,15.23,6.7,Cascavel,PR,Sul,-24.95,-53.45
2025,187,0.0,0.77,0.78,21.03,82.16,0.69,15.55,6.84,Cascavel,PR,Sul,-24.95,-53.45
2025,188,0.0,0.77,0.78,21.12,76.53,0.68,15.33,6.77,Cascavel,PR,Sul,-24.95,-53.45
2025,189,0.0,0.76,0.77,22.0,83.38,0.54,15.21,6.82,Cascavel,PR,Sul,-24.95,-53.45
2025,190,0.0,0.76,0.77,21.29,83.14,0.66,14.41,6.42,Cascavel,PR,Sul,-24.95,-53.45
2025,191,0.0,0.76,0.76,21.42,80.73,0.73,13.77,6.17,Cascavel,PR,Sul,-24.95,-53.45
2025,192,0.0,0.75,0.76,22.87,81.93,0.76,11.11,5.05,Cascavel,PR,Sul,-24.95,-53.45
2025,193,0.0,0.75,0.75,22.94,77.59,0.74,11.5,5.21,Cascavel,PR,Sul,-24.95,-53.45
2025,194,0.0,0.74,0.75,23.76,76.63,0.75,12.4,5.61,Cascavel,PR,Sul,-24.95,-53.45
2025,195,0.0,0.74,0.74,23.65,77.41,0.72,14.78,6.65,Cascavel,PR,Sul,-24.95,-53.45
2025,196,0.01,0.73,0.73,24.04,78.82,0.83,13.09,5.98,Cascavel,PR,Sul,-24.95,-53.45
2025,197,0.0,0.73,0.73,24.6,77.07,0.8,12.38,5.67,Cascavel,PR,Sul,-24.95,-53.45
2025,198,0.2,0.73,0.73,14.45,85.39,0.78,6.85,3.22,Cascavel,PR,Sul,-24.95,-53.45
2025,199,0.0,0.73,0.73,17.34,82.58,0.69,16.55,7.2,Cascavel,PR,Sul,-24.95,-53.45
2025,200,0.0,0.72,0.72,20.55,78.23,0.75,16.01,6.93,Cascavel,PR,Sul,-24.95,-53.45
2025,201,0.03,0.72,0.72,21.06,78.11,0.69,13.51,6.0,Cascavel,PR,Sul,-24.95,-53.45
2025,202,0.0,0.72,0.71,23.91,72.89,0.74,15.41,6.84,Cascavel,PR,Sul,-24.95,-53.45
2025,203,0.0,0.71,0.71,25.71,74.48,0.64,15.8,7.16,Cascavel,PR,Sul,-24.95,-53.45
2025,204,0.5,0.71,0.71,25.95,73.5,0.61,15.57,7.04,Cascavel,PR,Sul,-24.95,-53.45
2025,205,33.06,0.74,0.85,16.63,91.28,0.8,1.84,0.97,Cascavel,PR,Sul,-24.95,-53.45
2025,206,1.03,0.76,0.77,22.95,86.27,0.77,14.63,6.68,Cascavel,PR,Sul,-24.95,-53.45
2025,207,0.04,0.75,0.75,24.37,82.74,0.88,11.74,5.39,Cascavel,PR,Sul,-24.95,-53.45
2025,208,35.71,0.75,0.81,24.39,81.44,1.0,8.6,4.02,Cascavel,PR,Sul,-24.95,-53.45
2025,209,0.78,0.77,0.8,16.15,89.46,0.95,9.11,4.21,Cascavel,PR,Sul,-24.95,-53.45
2025,210,0.01,0.76,0.77,16.94,78.42,0.72,17.84,7.77,Cascavel,PR,Sul,-24.95,-53.45
2025,211,0.0,0.76,0.76,19.56,73.79,0.7,17.8,7.77,Cascavel,PR,Sul,-24.95,-53.45
2025,212,0.5,0.75,0.75,21.05,71.27,1.0,18.07,7.83,Cascavel,PR,Sul,-24.95,-53.45
2025,213,0.42,0.74,0.75,21.8,68.09,1.16,15.86,7.03,Cascavel,PR,Sul,-24.95,-53.45
2025,214,0.01,0.74,0.73,25.18,66.45,1.16,14.21,6.51,Cascavel,PR,Sul,-24.95,-53.45
2025,215,24.99,0.74,0.81,21.9,75.84,0.97,9.13,4.21,Cascavel,PR,Sul,-24.95,-53.45
2025,216,6.86,0.77,0.82,18.86,92.04,0.74,3.9,1.95,Cascavel,PR,Sul,-24.95,-53.45
2025,217,0.85,0.77,0.79,22.1,87.88,0.48,13.28,6.05,Cascavel,PR,Sul,-24.95,-53.45
2025,218,0.0,0.77,0.77,22.49,82.54,0.76,16.37,7.36,Cascavel,PR,Sul,-24.95,-53.45
2025,219,4.02,0.76,0.77,22.39,83.29,0.75,14.01,6.4,Cascavel,PR,Sul,-24.95,-53.45
2025,220,3.28,0.77,0.8,16.54,83.34,1.0,11.79,5.46,Cascavel,PR,Sul,-24.95,-53.45
2025,221,0.0,0.76,0.77,14.41,74.2,0.78,19.26,8.29,Cascavel,PR,Sul,-24.95,-53.45
2025,222,0.0,0.76,0.77,18.91,79.08,0.51,19.06,8.23,Cascavel,PR,Sul,-24.95,-53.45
2025,223,0.03,0.75,0.76,19.83,75.4,0.61,19.01,8.22,Cascavel,PR,Sul,-24.95,-53.45
2025,224,0.01,0.75,0.75,20.71,69.47,0.76,19.26,8.38,Cascavel,PR,Sul,-24.95,-53.45
2025,225,0.03,0.74,0.74,22.8,73.49,0.67,19.41,8.44,Cascavel,PR,Sul,-24.95,-53.45
2025,226,0.01,0.74,0.74,23.74,76.86,0.58,19.45,8.48,Cascavel,PR,Sul,-24.95,-53.45
2025,227,0.0,0.73,0.73,22.75,74.85,0.82,19.06,8.37,Cascavel,PR,Sul,-24.95,-53.45
2025,228,0.03,0.73,0.72,24.91,68.16,0.78,19.36,8.5,Cascavel,PR,Sul,-24.95,-53.45
2025,229,0.0,0.72,0.72,27.36,63.4,0.6,18.66,8.3,Cascavel,PR,Sul,-24.95,-53.45
2025,230,0.0,0.71,0.7,27.18,64.17,0.88,15.04,6.85,Cascavel,PR,Sul,-24.95,-53.45
2025,231,5.06,0.71,0.7,27.72,63.36,1.65,13.69,6.22,Cascavel,PR,Sul,-24.95,-53.45
2025,232,18.39,0.74,0.82,21.39,80.29,0.78,14.39,6.62,Cascavel,PR,Sul,-24.95,-53.45
2025,233,0.04,0.74,0.74,25.69,81.71,0.85,16.17,7.44,Cascavel,PR,Sul,-24.95,-53.45
2025,234,0.0,0.73,0.72,29.81,67.68,1.19,18.35,8.3,Cascavel,PR,Sul,-24.95,-53.45
2025,235,23.36,0.74,0.82,23.98,80.24,1.1,12.18,5.66,Cascavel,PR,Sul,-24.95,-53.45
2025,236,14.04,0.77,0.85,12.9,91.95,1.07,3.56,1.88,Cascavel,PR,Sul,-24.95,-53.45
2025,237,2.48,0.78,0.8,12.46,91.62,0.63,5.75,2.94,Cascavel,PR,Sul,-24.95,-53.45
2025,238,0.4,0.78,0.79,21.01,86.04,0.51,12.27,5.59,Cascavel,PR,Sul,-24.95,-53.45
2025,239,0.42,0.77,0.78,23.27,79.17,0.6,19.4,8.57,Cascavel,PR,Sul,-24.95,-53.45
2025,240,0.12,0.76,0.77,24.84,73.49,0.62,19.41,8.61,Cascavel,PR,Sul,-24.95,-53.45
2025,241,0.08,0.75,0.75,26.06,78.1,0.78,19.51,8.79,Cascavel,PR,Sul,-24.95,-53.45
2025,242,0.0,0.74,0.75,26.66,76.71,1.0,20.8,9.34,Cascavel,PR,Sul,-24.95,-53.45
2025,243,0.38,0.74,0.73,25.08,70.41,1.09,19.81,8.9,Cascavel,PR,Sul,-24.95,-53.45
2025,244,0.47,0.73,0.73,26.36,75.16,1.0,5.74,2.79,Cascavel,PR,Sul,-24.95,-53.45
2025,245,0.01,0.73,0.72,28.91,68.79,1.11,18.59,8.47,Cascavel,PR,Sul,-24.95,-53.45
2025,246,0.01,0.72,0.7,30.36,64.45,1.16,20.25,9.22,Cascavel,PR,Sul,-24.95,-53.45
2025,247,4.61,0.71,0.72,30.08,69.76,1.01,8.14,3.93,Cascavel,PR,Sul,-24.95,-53.45
2025,248,8.51,0.73,0.77,19.51,90.46,0.95,4.91,2.57,Cascavel,PR,Sul,-24.95,-53.45
2025,249,0.11,0.73,0.73,23.24,75.31,0.74,12.61,5.91,Cascavel,PR,Sul,-24.95,-53.45
2025,250,0.56,0.72,0.72,25.39,82.38,0.63,9.65,4.61,Cascavel,PR,Sul,-24.95,-53.45
2025,251,6.58,0.72,0.73,28.45,80.5,0.88,17.0,7.81,Cascavel,PR,Sul,-24.95,-53.45
2025,252,3.23,0.73,0.76,23.58,79.46,0.89,22.35,9.75,Cascavel,PR,Sul,-24.95,-53.45
2025,253,0.38,0.72,0.72,27.35,64.09,0.73,24.34,10.45,Cascavel,PR,Sul,-24.95,-53.45
2025,254,0.27,0.72,0.71,30.88,65.09,0.58,15.29,6.91,Cascavel,PR,Sul,-24.95,-53.45
2025,255,0.0,0.71,0.7,31.08,72.04,0.55,21.73,9.83,Cascavel,PR,Sul,-24.95,-53.45
2025,256,0.43,0.7,0.69,29.19,70.13,0.78,10.13,4.84,Cascavel,PR,Sul,-24.95,-53.45
2025,257,2.11,0.7,0.7,25.89,76.05,0.8,14.14,6.52,Cascavel,PR,Sul,-24.95,-53.45
2025,258,0.63,0.7,0.68,32.0,68.16,0.94,17.11,7.8,Cascavel,PR,Sul,-24.95,-53.45
2025,259,0.26,0.7,0.68,29.58,75.52,0.64,19.38,8.89,Cascavel,PR,Sul,-24.95,-53.45
2025,260,0.01,0.69,0.67,32.34,69.58,0.56,21.8,9.91,Cascavel,PR,Sul,-24.95,-53.45
2025,261,0.0,0.68,0.66,31.58,57.98,0.78,22.97,10.3,Cascavel,PR,Sul,-24.95,-53.45
2025,262,0.02,0.68,0.65,32.75,56.14,0.81,23.12,10.44,Cascavel,PR,Sul,-24.95,-53.45
2025,263,2.43,0.68,0.65,32.66,64.25,1.09,19.47,8.98,Cascavel,PR,Sul,-24.95,-53.45
2025,264,1.77,0.68,0.65,33.79,63.82,1.24,18.46,8.58,Cascavel,PR,Sul,-24.95,-53.45
2025,265,64.84,0.71,0.79,23.74,71.91,1.37,17.52,7.98,Cascavel,PR,Sul,-24.95,-53.45
2025,266,0.0,0.71,0.7,25.0,62.81,0.66,25.06,10.84,Cascavel,PR,Sul,-24.95,-53.45
2025,267,0.02,0.7,0.68,27.87,59.84,0.74,24.08,10.72,Cascavel,PR,Sul,-24.95,-53.45
2025,268,0.0,0.7,0.67,27.05,63.22,0.78,26.02,11.43,Cascavel,PR,Sul,-24.95,-53.45
2025,269,0.0,0.69,0.66,26.67,64.23,1.17,25.89,11.5,Cascavel,PR,Sul,-24.95,-53.45
2025,270,0.06,0.68,0.65,30.28,60.76,1.32,25.18,11.29,Cascavel,PR,Sul,-24.95,-53.45
2025,271,7.66,0.69,0.72,26.62,76.86,0.83,20.44,9.42,Cascavel,PR,Sul,-24.95,-53.45
2025,272,1.15,0.69,0.68,29.29,75.35,0.61,17.76,8.18,Cascavel,PR,Sul,-24.95,-53.45
2025,273,13.39,0.7,0.73,33.09,75.32,0.97,6.42,3.15,Cascavel,PR,Sul,-24.95,-53.45
2025,274,1.83,0.71,0.71,29.94,79.92,0.54,11.1,5.35,Cascavel,PR,Sul,-24.95,-53.45
2025,275,7.23,0.7,0.72,28.56,81.81,0.58,13.98,6.58,Cascavel,PR,Sul,-24.95,-53.45
2025,276,4.84,0.71,0.74,26.75,80.73,0.87,7.37,3.67,Cascavel,PR,Sul,-24.95,-53.45
2025,277,0.15,0.71,0.7,30.95,70.93,1.03,23.67,10.76,Cascavel,PR,Sul,-24.95,-53.45
2025,278,0.0,0.7,0.67,33.99,53.79,1.23,23.67,10.63,Cascavel,PR,Sul,-24.95,-53.45
2025,279,3.15,0.69,0.69,25.13,76.11,1.21,11.22,5.34,Cascavel,PR,Sul,-24.95,-53.45
2025,280,1.65,0.69,0.68,25.05,71.42,1.28,16.49,7.74,Cascavel,PR,Sul,-24.95,-53.45
2025,281,14.86,0.71,0.77,20.96,88.52,0.82,5.6,2.92,Cascavel,PR,Sul,-24.95,-53.45
2025,282,0.37,0.71,0.72,24.21,81.58,0.63,15.51,7.31,Cascavel,PR,Sul,-24.95,-53.45
2025,283,0.1,0.71,0.7,29.09,77.31,0.69,21.7,10.05,Cascavel,PR,Sul,-24.95,-53.45
2025,284,11.76,0.7,0.74,31.41,73.24,1.21,25.7,11.72,Cascavel,PR,Sul,-24.95,-53.45
2025,285,57.24,0.73,0.8,25.69,85.65,1.08,3.31,1.75,Cascavel,PR,Sul,-24.95,-53.45
2025,286,0.26,0.74,0.74,26.25,79.13,0.87,18.13,8.44,Cascavel,PR,Sul,-24.95,-53.45
2025,287,0.03,0.72,0.71,28.08,68.24,0.67,28.76,12.66,Cascavel,PR,Sul,-24.95,-53.45
2025,288,0.03,0.71,0.7,28.5,71.19,0.96,25.21,11.62,Cascavel,PR,Sul,-24.95,-53.45
2025,289,17.99,0.72,0.76,31.83,75.98,0.86,17.89,8.34,Cascavel,PR,Sul,-24.95,-53.45
2025,290,5.38,0.74,0.77,28.06,84.48,0.65,12.29,5.94,Cascavel,PR,Sul,-24.95,-53.45
2025,291,30.66,0.76,0.83,25.87,83.6,1.14,14.37,6.87,Cascavel,PR,Sul,-24.95,-53.45
2025,292,0.0,0.75,0.75,24.68,69.24,0.88,29.09,12.95,Cascavel,PR,Sul,-24.95,-53.45
2025,293,0.01,0.74,0.73,24.79,68.53,0.87,24.74,11.36,Cascavel,PR,Sul,-24.95,-53.45
2025,294,0.02,0.73,0.71,25.26,62.28,1.21,29.22,12.92,Cascavel,PR,Sul,-24.95,-53.45
2025,295,0.11,0.72,0.7,27.39,62.31,1.15,29.33,13.03,Cascavel,PR,Sul,-24.95,-53.45
2025,296,0.09,0.71,0.68,28.24,62.4,1.16,24.08,10.76,Cascavel,PR,Sul,-24.95,-53.45
2025,297,0.11,0.7,0.67,30.41,58.11,1.37,26.62,12.07,Cascavel,PR,Sul,-24.95,-53.45
2025,298,0.17,0.69,0.65,33.77,55.46,1.31,24.85,11.44,Cascavel,PR,Sul,-24.95,-53.45
2025,299,0.17,0.68,0.66,28.03,76.5,0.88,8.31,4.24,Cascavel,PR,Sul,-24.95,-53.45
2025,300,1.05,0.68,0.66,30.19,73.57,0.49,20.0,9.43,Cascavel,PR,Sul,-24.95,-53.45
2025,301,32.35,0.7,0.79,25.55,89.13,0.94,10.24,5.21,Cascavel,PR,Sul,-24.95,-53.45
2025,302,0.3,0.72,0.72,24.89,76.58,1.06,15.46,7.24,Cascavel,PR,Sul,-24.95,-53.45
2025,303,0.02,0.71,0.7,25.89,73.66,0.69,26.44,12.05,Cascavel,PR,Sul,-24.95,-53.45
2025,304,0.28,0.71,0.69,27.4,71.74,0.71,27.08,12.41,Cascavel,PR,Sul,-24.95,-53.45
2025,305,38.19,0.73,0.85,27.37,86.95,0.99,14.47,7.09,Cascavel,PR,Sul,-24.95,-53.45
2025,306,17.42,0.77,0.85,26.71,86.99,0.83,18.52,8.7,Cascavel,PR,Sul,-24.95,-53.45
2025,307,1.17,0.77,0.78,28.92,84.17,0.71,22.73,10.62,Cascavel,PR,Sul,-24.95,-53.45
2025,308,0.06,0.75,0.75,30.63,75.01,0.78,26.47,12.3,Cascavel,PR,Sul,-24.95,-53.45
2025,309,2.64,0.74,0.76,28.69,82.59,0.54,12.76,6.05,Cascavel,PR,Sul,-24.95,-53.45
2025,310,0.0,0.74,0.73,30.79,70.32,0.53,29.49,13.4,Cascavel,PR,Sul,-24.95,-53.45
2025,311,12.56,0.73,0.75,30.67,76.15,1.46,24.95,11.63,Cascavel,PR,Sul,-24.95,-53.45
2025,312,1.49,0.74,0.76,24.07,74.75,1.27,23.22,10.58,Cascavel,PR,Sul,-24.95,-53.45
2025,313,0.01,0.73,0.72,28.45,71.36,0.57,25.98,11.71,Cascavel,PR,Sul,-24.95,-53.45
2025,314,0.0,0.72,0.71,28.13,68.72,0.59,29.5,13.38,Cascavel,PR,Sul,-24.95,-53.45
2025,315,0.0,0.71,0.69,29.12,61.18,0.9,29.85,13.58,Cascavel,PR,Sul,-24.95,-53.45
2025,316,31.1,0.72,0.81,28.54,76.57,0.78,17.19,8.13,Cascavel,PR,Sul,-24.95,-53.45
2025,317,4.76,0.76,0.81,25.56,87.99,0.59,9.41,4.8,Cascavel,PR,Sul,-24.95,-53.45
2025,318,1.3,0.75,0.77,28.12,82.82,0.42,14.56,7.12,Cascavel,PR,Sul,-24.95,-53.45
2025,319,3.11,0.75,0.76,27.21,87.27,0.65,10.52,5.31,Cascavel,PR,Sul,-24.95,-53.45
2025,320,0.91,0.74,0.75,27.15,85.48,0.94,15.65,7.6,Cascavel,PR,Sul,-24.95,-53.45
2025,321,17.44,0.76,0.82,23.62,85.38,1.03,8.98,4.58,Cascavel,PR,Sul,-24.95,-53.45
2025,322,2.8,0.76,0.78,22.59,77.1,0.99,28.79,12.98,Cascavel,PR,Sul,-24.95,-53.45
2025,323,0.0,0.74,0.75,26.98,66.8,0.82,31.96,14.3,Cascavel,PR,Sul,-24.95,-53.45
2025,324,0.0,0.73,0.72,29.42,69.33,0.86,31.42,14.11,Cascavel,PR,Sul,-24.95,-53.45
2025,325,0.0,0.72,0.7,30.92,62.84,0.85,31.27,14.1,Cascavel,PR,Sul,-24.95,-53.45
2025,326,0.0,0.71,0.69,32.23,67.08,0.71,30.57,13.97,Cascavel,PR,Sul,-24.95,-53.45
2025,327,2.18,0.7,0.69,30.3,74.35,0.67,26.31,12.3,Cascavel,PR,Sul,-24.95,-53.45
2025,328,1.27,0.7,0.69,29.12,69.17,0.69,27.21,12.59,Cascavel,PR,Sul,-24.95,-53.45
2025,329,0.0,0.7,0.67,30.97,58.65,0.61,31.17,14.04,Cascavel,PR,Sul,-24.95,-53.45
2025,330,0.0,0.69,0.65,32.12,59.16,0.72,30.43,13.83,Cascavel,PR,Sul,-24.95,-53.45
2025,331,0.0,0.68,0.64,33.0,56.97,0.9,30.49,13.88,Cascavel,PR,Sul,-24.95,-53.45
2025,332,0.0,0.67,0.64,34.67,58.5,0.72,26.53,12.15,Cascavel,PR,Sul,-24.95,-53.45
2025,333,0.0,0.67,0.63,35.74,54.86,0.58,29.69,13.64,Cascavel,PR,Sul,-24.95,-53.45
2025,334,0.32,0.66,0.62,37.21,52.09,0.86,29.08,13.36,Cascavel,PR,Sul,-24.95,-53.45
2025,335,21.51,0.69,0.78,28.42,79.73,0.58,16.09,7.67,Cascavel,PR,Sul,-24.95,-53.45
2025,336,8.7,0.71,0.75,29.39,79.47,0.65,23.21,10.81,Cascavel,PR,Sul,-24.95,-53.45
2025,337,0.53,0.7,0.69,31.28,69.22,0.73,30.15,13.78,Cascavel,PR,Sul,-24.95,-53.45
2025,338,0.0,0.69,0.66,32.21,53.96,0.63,31.66,14.22,Cascavel,PR,Sul,-24.95,-53.45
2025,339,0.0,0.68,0.65,32.65,55.98,0.79,30.63,13.99,Cascavel,PR,Sul,-24.95,-53.45
2025,340,0.0,0.67,0.64,35.54,52.07,0.61,30.28,13.82,Cascavel,PR,Sul,-24.95,-53.45
2025,341,4.84,0.67,0.64,36.63,60.55,0.69,22.72,10.64,Cascavel,PR,Sul,-24.95,-53.45
2025,342,41.38,0.72,0.87,25.87,90.92,0.91,5.26,2.78,Cascavel,PR,Sul,-24.95,-53.45
2025,343,25.36,0.77,0.86,25.25,85.89,1.24,21.06,9.93,Cascavel,PR,Sul,-24.95,-53.45
2025,344,0.21,0.75,0.76,25.74,80.12,1.3,25.77,11.89,Cascavel,PR,Sul,-24.95,-53.45
2025,345,0.01,0.74,0.74,28.3,70.54,0.59,31.94,14.49,Cascavel,PR,Sul,-24.95,-53.45
2025,346,52.57,0.76,0.9,23.04,91.92,0.69,1.54,0.95,Cascavel,PR,Sul,-24.95,-53.45
2025,347,4.23,0.79,0.82,29.46,85.55,0.6,19.96,9.5,Cascavel,PR,Sul,-24.95,-53.45
2025,348,7.82,0.78,0.81,28.56,89.12,0.77,10.08,5.29,Cascavel,PR,Sul,-24.95,-53.45
2025,349,11.4,0.79,0.84,29.04,87.3,0.74,20.16,9.73,Cascavel,PR,Sul,-24.95,-53.45
2025,350,12.83,0.8,0.85,24.75,86.58,1.01,16.56,8.02,Cascavel,PR,Sul,-24.95,-53.45
2025,351,0.08,0.79,0.79,29.19,75.92,0.54,25.64,11.89,Cascavel,PR,Sul,-24.95,-53.45
2025,352,0.03,0.77,0.78,29.85,76.03,0.52,31.76,14.44,Cascavel,PR,Sul,-24.95,-53.45
2025,353,0.0,0.76,0.76,29.77,73.47,0.76,32.1,14.51,Cascavel,PR,Sul,-24.95,-53.45
2025,354,0.09,0.75,0.75,30.34,77.33,1.07,28.49,13.25,Cascavel,PR,Sul,-24.95,-53.45
2025,355,4.23,0.74,0.76,28.03,87.0,0.9,20.87,9.95,Cascavel,PR,Sul,-24.95,-53.45
2025,356,3.94,0.75,0.77,28.13,87.35,0.79,22.99,10.9,Cascavel,PR,Sul,-24.95,-53.45
2025,357,4.33,0.75,0.77,28.98,87.02,0.78,17.66,8.56,Cascavel,PR,Sul,-24.95,-53.45
2025,358,4.31,0.75,0.77,29.45,85.06,0.73,26.39,12.52,Cascavel,PR,Sul,-24.95,-53.45
2025,359,1.98,0.74,0.75,31.53,82.73,0.63,23.16,11.06,Cascavel,PR,Sul,-24.95,-53.45
2025,360,12.21,0.74,0.81,31.37,82.0,0.66,26.35,12.42,Cascavel,PR,Sul,-24.95,-53.45
2025,361,0.12,0.74,0.75,32.1,75.15,0.73,30.25,14.21,Cascavel,PR,Sul,-24.95,-53.45
2025,362,2.37,0.73,0.74,32.11,78.7,0.63,18.08,8.69,Cascavel,PR,Sul,-24.95,-53.45
2025,363,10.06,0.74,0.78,29.38,84.02,0.59,26.84,12.71,Cascavel,PR,Sul,-24.95,-53.45
2025,364,7.75,0.75,0.8,26.98,89.27,0.52,24.18,11.55,Cascavel,PR,Sul,-24.95,-53.45
2025,365,5.23,0.75,0.78,26.72,90.35,0.53,23.36,-999.0,Cascavel,PR,Sul,-24.95,-53.45
2026,1,10.59,0.76,0.81,28.87,88.65,0.78,23.11,-999.0,Cascavel,PR,Sul,-24.95,-53.45
2026,2,5.49,0.76,0.8,28.65,89.11,0.66,26.52,-999.0,Cascavel,PR,Sul,-24.95,-53.45
2026,3,0.66,0.76,0.76,30.95,80.42,0.74,29.9,-999.0,Cascavel,PR,Sul,-24.95,-53.45
2026,4,0.02,0.74,0.74,27.03,68.85,0.93,31.48,-999.0,Cascavel,PR,Sul,-24.95,-53.45
2026,5,0.08,0.73,0.73,29.25,66.77,0.57,27.6,-999.0,Cascavel,PR,Sul,-24.95,-53.45
2026,6,0.0,0.72,0.71,29.38,71.97,0.93,31.08,-999.0,Cascavel,PR,Sul,-24.95,-53.45
2026,7,0.0,0.71,0.69,31.72,66.84,0.71,29.89,-999.0,Cascavel,PR,Sul,-24.95,-53.45
2026,8,0.0,0.7,0.67,32.36,66.96,0.79,30.18,-999.0,Cascavel,PR,Sul,-24.95,-53.45
2026,9,10.78,0.7,0.69,30.88,76.34,0.99,25.33,-999.0,Cascavel,PR,Sul,-24.95,-53.45
2026,10,26.45,0.74,0.87,26.61,89.78,0.91,10.58,-999.0,Cascavel,PR,Sul,-24.95,-53.45
2026,11,12.28,0.76,0.82,27.52,86.33,0.99,15.36,-999.0,Cascavel,PR,Sul,-24.95,-53.45
2026,12,0.08,0.75,0.76,27.5,76.16,0.57,29.2,-999.0,Cascavel,PR,Sul,-24.95,-53.45
2026,13,0.01,0.74,0.74,29.27,72.85,0.67,29.47,-999.0,Cascavel,PR,Sul,-24.95,-53.45
2026,14,0.0,0.73,0.72,30.57,74.07,0.67,29.95,-999.0,Cascavel,PR,Sul,-24.95,-53.45
2026,15,0.08,0.72,0.7,30.94,75.0,0.76,26.27,-999.0,Cascavel,PR,Sul,-24.95,-53.45
2026,16,0.52,0.71,0.69,31.16,73.78,0.77,28.03,-999.0,Cascavel,PR,Sul,-24.95,-53.45
2026,17,1.03,0.7,0.68,31.91,73.68,0.73,28.64,-999.0,Cascavel,PR,Sul,-24.95,-53.45
2026,18,4.12,0.7,0.7,31.15,76.86,0.69,18.63,-999.0,Cascavel,PR,Sul,-24.95,-53.45
2026,19,0.03,0.7,0.67,31.75,61.75,0.95,30.6,-999.0,Cascavel,PR,Sul,-24.95,-53.45
2026,20,0.0,0.69,0.65,29.71,63.06,0.68,27.8,-999.0,Cascavel,PR,Sul,-24.95,-53.45
2026,21,0.13,0.68,0.65,30.14,59.71,0.6,22.71,-999.0,Cascavel,PR,Sul,-24.95,-53.45
2026,22,0.02,0.68,0.64,31.27,58.46,0.68,24.5,-999.0,Cascavel,PR,Sul,-24.95,-53.45
2026,23,0.0,0.67,0.63,32.26,56.31,0.63,30.66,-999.0,Cascavel,PR,Sul,-24.95,-53.45
2026,24,0.0,0.67,0.63,32.4,54.38,0.68,28.25,-999.0,Cascavel,PR,Sul,-24.95,-53.45
2026,25,0.0,0.66,0.63,32.86,57.95,0.85,25.23,-999.0,Cascavel,PR,Sul,-24.95,-53.45
2026,26,1.32,0.66,0.63,31.36,60.57,0.75,22.8,-999.0,Cascavel,PR,Sul,-24.95,-53.45
2026,27,1.63,0.66,0.63,33.98,58.05,0.57,12.26,-999.0,Cascavel,PR,Sul,-24.95,-53.45
2026,28,3.36,0.66,0.64,33.97,65.96,0.68,20.53,-999.0,Cascavel,PR,Sul,-24.95,-53.45
2026,29,8.8,0.67,0.69,32.32,69.52,0.57,23.04,-999.0,Cascavel,PR,Sul,-24.95,-53.45
2026,30,0.25,0.67,0.64,32.73,65.2,0.76,28.25,-999.0,Cascavel,PR,Sul,-24.95,-53.45
2026,31,0.0,0.66,0.62,33.68,61.66,0.85,28.53,-999.0,Cascavel,PR,Sul,-24.95,-53.45
2026,32,0.15,0.66,0.62,31.99,62.11,0.78,8.92,-999.0,Cascavel,PR,Sul,-24.95,-53.45
2026,33,1.35,0.65,0.63,31.68,69.79,0.63,20.06,-999.0,Cascavel,PR,Sul,-24.95,-53.45
2026,34,13.43,0.67,0.72,28.9,80.49,0.49,11.52,-999.0,Cascavel,PR,Sul,-24.95,-53.45
2026,35,0.3,0.67,0.65,33.51,65.66,0.39,29.31,-999.0,Cascavel,PR,Sul,-24.95,-53.45
2026,36,0.0,0.66,0.63,33.94,60.63,0.62,25.76,-999.0,Cascavel,PR,Sul,-24.95,-53.45
2026,37,0.0,0.66,0.62,36.05,53.98,0.55,23.42,-999.0,Cascavel,PR,Sul,-24.95,-53.45
2026,38,5.27,0.66,0.65,35.09,65.68,0.64,16.37,-999.0,Cascavel,PR,Sul,-24.95,-53.45
2026,39,0.36,0.66,0.63,34.21,64.53,0.49,25.73,-999.0,Cascavel,PR,Sul,-24.95,-53.45
2026,40,0.06,0.65,0.62,34.25,60.1,0.68,28.11,-999.0,Cascavel,PR,Sul,-24.95,-53.45
2026,41,0.38,0.65,0.61,35.19,59.95,0.69,25.35,-999.0,Cascavel,PR,Sul,-24.95,-53.45
2026,42,0.03,0.64,0.61,36.63,56.79,0.61,26.07,-999.0,Cascavel,PR,Sul,-24.95,-53.45
2026,43,0.1,0.64,0.6,35.95,61.8,0.93,20.14,-999.0,Cascavel,PR,Sul,-24.95,-53.45
2026,44,12.41,0.65,0.67,29.06,83.61,0.99,8.78,-999.0,Cascavel,PR,Sul,-24.95,-53.45
2026,45,2.62,0.66,0.68,28.62,82.27,0.87,22.69,-999.0,Cascavel,PR,Sul,-24.95,-53.45
2026,46,0.44,0.66,0.63,34.84,65.3,0.69,27.03,-999.0,Cascavel,PR,Sul,-24.95,-53.45
2026,47,0.29,0.65,0.62,35.95,59.53,0.52,23.31,-999.0,Cascavel,PR,Sul,-24.95,-53.45
2026,48,0.14,0.65,0.61,37.46,56.62,0.65,17.88,-999.0,Cascavel,PR,Sul,-24.95,-53.45
2026,49,1.72,0.64,0.62,35.52,62.01,0.63,8.22,-999.0,Cascavel,PR,Sul,-24.95,-53.45
2026,50,0.04,0.64,0.6,37.65,59.63,0.56,27.97,-999.0,Cascavel,PR,Sul,-24.95,-53.45
2026,51,2.04,0.64,0.61,33.43,70.66,0.59,19.72,-999.0,Cascavel,PR,Sul,-24.95,-53.45
2026,52,1.71,0.64,0.61,32.85,69.39,0.47,18.11,-999.0,Cascavel,PR,Sul,-24.95,-53.45
2026,53,3.85,0.64,0.63,29.73,73.04,0.9,21.62,-999.0,Cascavel,PR,Sul,-24.95,-53.45
2026,54,3.32,0.64,0.65,27.53,79.35,0.62,9.76,-999.0,Cascavel,PR,Sul,-24.95,-53.45
2026,55,0.17,0.64,0.62,32.81,70.57,0.67,23.49,-999.0,Cascavel,PR,Sul,-24.95,-53.45
2026,56,0.02,0.64,0.61,31.11,69.3,0.74,25.93,-999.0,Cascavel,PR,Sul,-24.95,-53.45
2026,57,0.0,0.64,0.6,34.21,57.64,0.69,25.75,-999.0,Cascavel,PR,Sul,-24.95,-53.45
2026,58,0.44,0.63,0.59,34.91,51.38,0.72,26.53,-999.0,Cascavel,PR,Sul,-24.95,-53.45
2026,59,0.46,0.63,0.57,34.93,53.5,0.8,25.08,-999.0,Cascavel,PR,Sul,-24.95,-53.45
2026,60,1.48,0.63,0.57,34.94,53.06,0.71,25.65,-999.0,Cascavel,PR,Sul,-24.95,-53.45
2026,61,0.9,0.63,0.56,34.13,55.38,0.78,26.25,-999.0,Cascavel,PR,Sul,-24.95,-53.45
2026,62,0.01,0.62,0.54,35.72,50.95,0.66,26.73,-999.0,Cascavel,PR,Sul,-24.95,-53.45
2026,63,0.15,0.62,0.53,36.51,52.58,0.57,24.85,-999.0,Cascavel,PR,Sul,-24.95,-53.45
2026,64,1.6,0.62,0.52,36.16,56.5,0.57,22.29,-999.0,Cascavel,PR,Sul,-24.95,-53.45
2026,65,1.84,0.62,0.55,35.92,61.81,0.54,25.89,-999.0,Cascavel,PR,Sul,-24.95,-53.45
2026,66,0.02,0.62,0.52,35.85,54.57,0.7,21.77,-999.0,Cascavel,PR,Sul,-24.95,-53.45
2026,67,2.91,0.62,0.54,36.12,57.75,0.55,23.41,-999.0,Cascavel,PR,Sul,-24.95,-53.45
2026,68,2.69,0.62,0.58,28.32,75.62,0.78,13.24,-999.0,Cascavel,PR,Sul,-24.95,-53.45
2026,69,0.21,0.62,0.57,34.88,63.61,0.61,18.6,-999.0,Cascavel,PR,Sul,-24.95,-53.45
2026,70,0.25,0.62,0.55,32.03,66.13,0.59,12.17,-999.0,Cascavel,PR,Sul,-24.95,-53.45
2026,71,0.33,0.62,0.54,32.83,65.13,0.61,22.72,-999.0,Cascavel,PR,Sul,-24.95,-53.45
2026,72,0.02,0.62,0.52,34.2,55.97,0.67,25.14,-999.0,Cascavel,PR,Sul,-24.95,-53.45
2026,73,0.0,0.62,0.51,35.66,44.62,0.8,23.95,-999.0,Cascavel,PR,Sul,-24.95,-53.45
2026,74,1.31,0.61,0.5,35.36,51.13,0.87,19.94,-999.0,Cascavel,PR,Sul,-24.95,-53.45
2026,75,0.14,0.61,0.5,35.1,50.36,0.95,18.53,-999.0,Cascavel,PR,Sul,-24.95,-53.45
2026,76,6.55,0.62,0.58,29.26,74.74,0.82,6.31,-999.0,Cascavel,PR,Sul,-24.95,-53.45
2026,77,0.68,0.62,0.6,31.02,75.56,0.67,19.07,-999.0,Cascavel,PR,Sul,-24.95,-53.45
2026,78,0.09,0.62,0.57,35.74,64.48,0.51,22.29,-999.0,Cascavel,PR,Sul,-24.95,-53.45
2026,79,0.14,0.62,0.54,35.94,60.24,0.6,23.5,-999.0,Cascavel,PR,Sul,-24.95,-53.45
2026,80,0.16,0.61,0.52,34.81,65.62,0.88,18.88,-999.0,Cascavel,PR,Sul,-24.95,-53.45
2026,81,8.28,0.62,0.59,27.58,82.88,0.59,16.54,-999.0,Cascavel,PR,Sul,-24.95,-53.45
2026,82,2.43,0.63,0.6,33.61,72.94,0.67,21.77,-999.0,Cascavel,PR,Sul,-24.95,-53.45
2026,83,3.81,0.63,0.64,31.85,73.92,0.43,8.66,-999.0,Cascavel,PR,Sul,-24.95,-53.45
2026,84,2.0,0.63,0.62,34.52,69.35,0.44,19.99,-999.0,Cascavel,PR,Sul,-24.95,-53.45
2026,85,0.67,0.63,0.61,33.99,68.2,0.72,21.39,-999.0,Cascavel,PR,Sul,-24.95,-53.45
2026,86,0.74,0.63,0.59,32.9,66.07,0.91,18.06,-999.0,Cascavel,PR,Sul,-24.95,-53.45
2026,87,0.55,0.63,0.58,34.97,63.32,0.72,22.0,-999.0,Cascavel,PR,Sul,-24.95,-53.45
2026,88,0.0,0.62,0.56,36.75,53.38,0.52,22.61,-999.0,Cascavel,PR,Sul,-24.95,-53.45
2026,89,0.0,0.62,0.54,36.89,47.77,0.64,22.56,-999.0,Cascavel,PR,Sul,-24.95,-53.45
2026,90,7.79,0.62,0.61,34.5,58.43,0.58,8.61,-999.0,Cascavel,PR,Sul,-24.95,-53.45
2026,91,1.98,0.63,0.63,32.03,65.9,0.64,14.44,-999.0,Cascavel,PR,Sul,-24.95,-53.45
