YEAR,DOY,PRECTOTCORR,GWETROOT,GWETTOP,T2M_MAX,RH2M,WS2M,ALLSKY_SFC_SW_DWN,ALLSKY_SFC_PAR_TOT,CIDADE,ESTADO,REGIAO,LATITUDE,LONGITUDE
2015,1,17.43,0.71,0.77,26.5,93.67,1.36,8.78,4.53,Eldorado do Sul,RS,Sul,-30.0,-51.61
2015,2,0.97,0.71,0.74,25.05,72.98,1.52,17.06,8.14,Eldorado do Sul,RS,Sul,-30.0,-51.61
2015,3,0.0,0.7,0.72,27.5,72.47,1.11,27.52,12.61,Eldorado do Sul,RS,Sul,-30.0,-51.61
2015,4,0.01,0.69,0.71,30.41,71.39,1.19,32.2,14.58,Eldorado do Sul,RS,Sul,-30.0,-51.61
2015,5,0.01,0.68,0.69,31.15,76.36,1.53,31.28,14.27,Eldorado do Sul,RS,Sul,-30.0,-51.61
2015,6,9.61,0.67,0.72,33.29,77.66,1.02,29.23,13.64,Eldorado do Sul,RS,Sul,-30.0,-51.61
2015,7,8.3,0.68,0.73,31.81,83.07,1.01,18.97,8.94,Eldorado do Sul,RS,Sul,-30.0,-51.61
2015,8,22.21,0.71,0.8,25.59,89.95,1.16,11.28,5.57,Eldorado do Sul,RS,Sul,-30.0,-51.61
2015,9,7.64,0.73,0.77,31.22,88.72,1.47,22.19,10.59,Eldorado do Sul,RS,Sul,-30.0,-51.61
2015,10,5.47,0.72,0.76,29.56,85.92,1.21,24.4,11.47,Eldorado do Sul,RS,Sul,-30.0,-51.61
2015,11,1.26,0.72,0.74,30.98,84.84,0.94,23.74,11.08,Eldorado do Sul,RS,Sul,-30.0,-51.61
2015,12,0.51,0.71,0.73,32.56,80.6,1.94,27.12,12.67,Eldorado do Sul,RS,Sul,-30.0,-51.61
2015,13,16.2,0.7,0.77,33.46,77.25,1.22,28.01,13.09,Eldorado do Sul,RS,Sul,-30.0,-51.61
2015,14,8.28,0.72,0.76,30.71,88.8,1.71,16.69,8.01,Eldorado do Sul,RS,Sul,-30.0,-51.61
2015,15,3.96,0.72,0.76,26.63,81.61,2.35,10.96,5.48,Eldorado do Sul,RS,Sul,-30.0,-51.61
2015,16,6.19,0.72,0.76,29.46,80.79,0.87,21.68,10.32,Eldorado do Sul,RS,Sul,-30.0,-51.61
2015,17,6.33,0.72,0.76,28.94,86.48,1.28,13.74,6.67,Eldorado do Sul,RS,Sul,-30.0,-51.61
2015,18,0.61,0.71,0.74,29.3,81.56,1.17,19.69,9.3,Eldorado do Sul,RS,Sul,-30.0,-51.61
2015,19,3.05,0.71,0.73,31.85,78.66,0.79,28.04,13.06,Eldorado do Sul,RS,Sul,-30.0,-51.61
2015,20,9.45,0.7,0.74,27.74,85.24,1.73,10.3,5.22,Eldorado do Sul,RS,Sul,-30.0,-51.61
2015,21,3.6,0.71,0.75,25.4,80.9,2.95,16.13,7.7,Eldorado do Sul,RS,Sul,-30.0,-51.61
2015,22,0.02,0.7,0.72,26.11,73.9,2.9,29.55,13.41,Eldorado do Sul,RS,Sul,-30.0,-51.61
2015,23,0.0,0.69,0.71,27.82,75.14,1.81,30.5,13.88,Eldorado do Sul,RS,Sul,-30.0,-51.61
2015,24,0.82,0.68,0.7,30.55,77.55,0.96,28.39,13.12,Eldorado do Sul,RS,Sul,-30.0,-51.61
2015,25,0.87,0.68,0.7,32.18,76.89,0.97,29.53,13.76,Eldorado do Sul,RS,Sul,-30.0,-51.61
2015,26,0.08,0.67,0.68,32.03,75.77,0.85,26.08,12.09,Eldorado do Sul,RS,Sul,-30.0,-51.61
2015,27,4.62,0.67,0.7,31.02,81.08,1.03,21.29,10.08,Eldorado do Sul,RS,Sul,-30.0,-51.61
2015,28,8.55,0.67,0.72,29.48,83.9,0.75,19.23,9.23,Eldorado do Sul,RS,Sul,-30.0,-51.61
2015,29,11.99,0.7,0.76,23.81,85.19,2.17,11.93,5.93,Eldorado do Sul,RS,Sul,-30.0,-51.61
2015,30,0.01,0.69,0.71,26.9,72.52,1.82,23.61,10.77,Eldorado do Sul,RS,Sul,-30.0,-51.61
2015,31,0.43,0.68,0.7,26.23,79.67,2.14,16.17,7.77,Eldorado do Sul,RS,Sul,-30.0,-51.61
2015,32,0.43,0.67,0.69,29.8,81.77,1.47,24.05,11.19,Eldorado do Sul,RS,Sul,-30.0,-51.61
2015,33,0.11,0.66,0.68,32.15,78.26,1.14,27.28,12.67,Eldorado do Sul,RS,Sul,-30.0,-51.61
2015,34,0.08,0.65,0.67,31.27,78.26,1.3,25.17,11.66,Eldorado do Sul,RS,Sul,-30.0,-51.61
2015,35,0.47,0.65,0.66,29.16,79.04,3.05,22.73,10.66,Eldorado do Sul,RS,Sul,-30.0,-51.61
2015,36,1.3,0.64,0.65,28.35,77.56,2.53,26.57,12.33,Eldorado do Sul,RS,Sul,-30.0,-51.61
2015,37,1.35,0.64,0.65,28.42,77.47,1.87,24.78,11.55,Eldorado do Sul,RS,Sul,-30.0,-51.61
2015,38,0.51,0.64,0.64,29.43,73.22,1.54,25.66,11.68,Eldorado do Sul,RS,Sul,-30.0,-51.61
2015,39,0.0,0.63,0.63,30.47,69.76,0.96,30.02,13.47,Eldorado do Sul,RS,Sul,-30.0,-51.61
2015,40,6.34,0.63,0.66,32.3,74.07,0.92,20.74,9.71,Eldorado do Sul,RS,Sul,-30.0,-51.61
2015,41,5.25,0.63,0.67,33.8,77.16,1.05,20.13,9.43,Eldorado do Sul,RS,Sul,-30.0,-51.61
2015,42,7.44,0.64,0.68,30.46,80.27,1.16,11.36,5.66,Eldorado do Sul,RS,Sul,-30.0,-51.61
2015,43,0.03,0.64,0.65,31.98,77.92,1.25,18.24,8.57,Eldorado do Sul,RS,Sul,-30.0,-51.61
2015,44,0.14,0.63,0.64,31.98,75.71,1.7,21.97,10.17,Eldorado do Sul,RS,Sul,-30.0,-51.61
2015,45,0.07,0.62,0.63,28.13,75.86,2.79,17.98,8.4,Eldorado do Sul,RS,Sul,-30.0,-51.61
2015,46,0.02,0.62,0.62,28.12,73.08,3.0,20.5,9.44,Eldorado do Sul,RS,Sul,-30.0,-51.61
2015,47,0.67,0.62,0.62,27.43,77.54,1.87,19.8,9.22,Eldorado do Sul,RS,Sul,-30.0,-51.61
2015,48,3.54,0.61,0.63,28.34,79.42,2.11,24.34,11.2,Eldorado do Sul,RS,Sul,-30.0,-51.61
2015,49,0.05,0.61,0.62,30.31,75.74,1.77,22.53,10.54,Eldorado do Sul,RS,Sul,-30.0,-51.61
2015,50,4.44,0.61,0.62,32.55,78.01,0.88,18.02,8.52,Eldorado do Sul,RS,Sul,-30.0,-51.61
2015,51,3.97,0.61,0.64,29.26,78.21,1.7,8.67,4.41,Eldorado do Sul,RS,Sul,-30.0,-51.61
2015,52,1.18,0.61,0.62,30.56,78.18,1.83,14.69,7.04,Eldorado do Sul,RS,Sul,-30.0,-51.61
2015,53,6.58,0.62,0.65,32.17,82.6,1.01,10.03,4.92,Eldorado do Sul,RS,Sul,-30.0,-51.61
2015,54,11.4,0.62,0.67,28.82,84.02,1.01,17.29,8.24,Eldorado do Sul,RS,Sul,-30.0,-51.61
2015,55,0.73,0.63,0.65,29.72,80.63,1.19,23.0,10.71,Eldorado do Sul,RS,Sul,-30.0,-51.61
2015,56,4.92,0.62,0.65,31.86,75.73,0.88,25.33,11.72,Eldorado do Sul,RS,Sul,-30.0,-51.61
2015,57,13.77,0.64,0.71,31.82,85.05,1.01,17.82,8.41,Eldorado do Sul,RS,Sul,-30.0,-51.61
2015,58,6.13,0.64,0.68,29.28,83.34,1.74,16.29,7.77,Eldorado do Sul,RS,Sul,-30.0,-51.61
2015,59,0.08,0.64,0.65,27.86,71.8,2.17,25.08,11.44,Eldorado do Sul,RS,Sul,-30.0,-51.61
2015,60,0.0,0.63,0.63,29.08,75.45,1.56,24.32,11.13,Eldorado do Sul,RS,Sul,-30.0,-51.61
2015,61,0.12,0.62,0.63,29.54,75.51,1.25,21.09,9.92,Eldorado do Sul,RS,Sul,-30.0,-51.61
2015,62,0.01,0.61,0.62,31.93,73.1,1.22,24.31,11.33,Eldorado do Sul,RS,Sul,-30.0,-51.61
2015,63,1.88,0.61,0.62,31.08,79.67,1.22,21.32,10.07,Eldorado do Sul,RS,Sul,-30.0,-51.61
2015,64,3.05,0.61,0.64,29.73,82.32,1.19,13.58,6.51,Eldorado do Sul,RS,Sul,-30.0,-51.61
2015,65,0.07,0.61,0.61,28.65,78.52,1.47,17.51,8.13,Eldorado do Sul,RS,Sul,-30.0,-51.61
2015,66,0.0,0.6,0.61,28.86,76.16,2.08,21.43,9.83,Eldorado do Sul,RS,Sul,-30.0,-51.61
2015,67,0.34,0.6,0.6,30.86,77.18,2.14,25.04,11.47,Eldorado do Sul,RS,Sul,-30.0,-51.61
2015,68,1.72,0.59,0.6,29.79,80.9,1.99,20.16,9.42,Eldorado do Sul,RS,Sul,-30.0,-51.61
2015,69,6.7,0.59,0.62,29.59,80.59,2.26,12.16,5.99,Eldorado do Sul,RS,Sul,-30.0,-51.61
2015,70,5.55,0.6,0.64,29.47,77.38,2.04,19.9,9.13,Eldorado do Sul,RS,Sul,-30.0,-51.61
2015,71,0.19,0.6,0.6,30.32,74.58,1.36,22.56,10.33,Eldorado do Sul,RS,Sul,-30.0,-51.61
2015,72,0.05,0.59,0.59,30.59,76.89,1.44,24.19,11.15,Eldorado do Sul,RS,Sul,-30.0,-51.61
2015,73,0.0,0.59,0.58,33.83,72.79,0.93,17.93,8.33,Eldorado do Sul,RS,Sul,-30.0,-51.61
2015,74,0.19,0.58,0.58,32.9,74.08,1.2,14.62,6.94,Eldorado do Sul,RS,Sul,-30.0,-51.61
2015,75,0.01,0.58,0.57,31.76,69.41,1.84,20.28,9.41,Eldorado do Sul,RS,Sul,-30.0,-51.61
2015,76,0.02,0.57,0.56,30.42,70.23,1.91,24.12,11.04,Eldorado do Sul,RS,Sul,-30.0,-51.61
2015,77,0.01,0.57,0.56,30.49,69.74,2.36,23.82,10.93,Eldorado do Sul,RS,Sul,-30.0,-51.61
2015,78,0.01,0.57,0.55,31.91,70.82,1.69,23.83,10.94,Eldorado do Sul,RS,Sul,-30.0,-51.61
2015,79,0.07,0.57,0.55,32.86,71.65,1.18,23.19,10.73,Eldorado do Sul,RS,Sul,-30.0,-51.61
2015,80,1.19,0.56,0.56,29.23,65.87,2.5,13.57,6.36,Eldorado do Sul,RS,Sul,-30.0,-51.61
2015,81,0.02,0.56,0.55,26.16,64.38,1.89,17.61,7.94,Eldorado do Sul,RS,Sul,-30.0,-51.61
2015,82,0.55,0.56,0.55,26.83,72.98,1.42,17.55,8.1,Eldorado do Sul,RS,Sul,-30.0,-51.61
2015,83,0.02,0.56,0.54,30.4,70.96,1.39,21.53,9.82,Eldorado do Sul,RS,Sul,-30.0,-51.61
2015,84,0.03,0.56,0.54,31.75,70.26,1.17,18.52,8.55,Eldorado do Sul,RS,Sul,-30.0,-51.61
2015,85,1.89,0.56,0.55,27.39,76.58,1.57,6.03,3.07,Eldorado do Sul,RS,Sul,-30.0,-51.61
2015,86,0.15,0.56,0.55,25.08,74.82,1.0,10.52,5.05,Eldorado do Sul,RS,Sul,-30.0,-51.61
2015,87,0.01,0.56,0.54,27.07,70.21,1.97,12.79,6.05,Eldorado do Sul,RS,Sul,-30.0,-51.61
2015,88,3.39,0.56,0.54,28.99,75.72,2.6,12.31,5.89,Eldorado do Sul,RS,Sul,-30.0,-51.61
2015,89,10.1,0.58,0.63,27.49,81.32,2.06,13.22,6.26,Eldorado do Sul,RS,Sul,-30.0,-51.61
2015,90,1.87,0.58,0.58,28.88,76.36,1.86,17.57,8.11,Eldorado do Sul,RS,Sul,-30.0,-51.61
2015,91,0.18,0.57,0.57,29.08,68.75,0.75,19.97,9.08,Eldorado do Sul,RS,Sul,-30.0,-51.61
2015,92,0.01,0.57,0.56,29.82,64.35,0.91,21.45,9.64,Eldorado do Sul,RS,Sul,-30.0,-51.61
2015,93,0.01,0.57,0.55,32.43,70.5,1.05,21.96,9.9,Eldorado do Sul,RS,Sul,-30.0,-51.61
2015,94,0.52,0.56,0.55,30.87,69.8,0.89,18.01,8.3,Eldorado do Sul,RS,Sul,-30.0,-51.61
2015,95,17.9,0.58,0.66,23.6,84.43,1.04,3.53,1.9,Eldorado do Sul,RS,Sul,-30.0,-51.61
2015,96,3.74,0.6,0.62,25.15,74.7,2.41,15.35,7.08,Eldorado do Sul,RS,Sul,-30.0,-51.61
2015,97,0.0,0.59,0.59,24.87,67.39,1.66,20.46,9.22,Eldorado do Sul,RS,Sul,-30.0,-51.61
2015,98,0.0,0.58,0.58,26.77,71.4,1.31,20.24,9.27,Eldorado do Sul,RS,Sul,-30.0,-51.61
2015,99,0.01,0.58,0.57,28.86,69.99,0.98,19.58,9.0,Eldorado do Sul,RS,Sul,-30.0,-51.61
2015,100,0.01,0.57,0.56,30.12,61.37,0.76,20.22,9.16,Eldorado do Sul,RS,Sul,-30.0,-51.61
2015,101,0.0,0.57,0.56,30.71,65.92,1.24,19.53,8.87,Eldorado do Sul,RS,Sul,-30.0,-51.61
2015,102,1.22,0.56,0.56,28.11,75.92,1.64,15.42,7.11,Eldorado do Sul,RS,Sul,-30.0,-51.61
2015,103,0.04,0.56,0.55,28.57,73.63,1.55,19.6,8.86,Eldorado do Sul,RS,Sul,-30.0,-51.61
2015,104,0.92,0.56,0.55,29.85,77.24,0.88,15.18,6.99,Eldorado do Sul,RS,Sul,-30.0,-51.61
2015,105,4.17,0.57,0.58,26.76,83.07,1.13,8.56,4.17,Eldorado do Sul,RS,Sul,-30.0,-51.61
2015,106,1.34,0.57,0.57,26.87,81.36,2.65,12.26,5.74,Eldorado do Sul,RS,Sul,-30.0,-51.61
2015,107,5.36,0.57,0.58,28.05,79.61,1.49,13.33,6.23,Eldorado do Sul,RS,Sul,-30.0,-51.61
2015,108,11.63,0.59,0.65,24.66,72.43,1.4,13.14,6.0,Eldorado do Sul,RS,Sul,-30.0,-51.61
2015,109,0.08,0.59,0.59,28.47,73.24,0.8,17.3,7.91,Eldorado do Sul,RS,Sul,-30.0,-51.61
2015,110,21.29,0.61,0.69,26.67,85.38,0.85,2.3,1.22,Eldorado do Sul,RS,Sul,-30.0,-51.61
2015,111,0.3,0.61,0.63,24.01,78.78,2.19,11.59,5.32,Eldorado do Sul,RS,Sul,-30.0,-51.61
2015,112,0.1,0.6,0.61,23.43,70.86,2.38,8.0,3.83,Eldorado do Sul,RS,Sul,-30.0,-51.61
2015,113,2.48,0.6,0.61,21.28,87.83,1.44,8.78,4.21,Eldorado do Sul,RS,Sul,-30.0,-51.61
2015,114,0.43,0.59,0.6,25.29,82.16,1.29,9.73,4.52,Eldorado do Sul,RS,Sul,-30.0,-51.61
2015,115,0.0,0.59,0.59,24.41,75.52,0.89,14.37,6.38,Eldorado do Sul,RS,Sul,-30.0,-51.61
2015,116,0.01,0.58,0.58,26.38,79.82,0.95,17.9,7.91,Eldorado do Sul,RS,Sul,-30.0,-51.61
2015,117,0.06,0.58,0.58,26.89,76.94,0.78,16.91,7.5,Eldorado do Sul,RS,Sul,-30.0,-51.61
2015,118,0.02,0.58,0.57,25.99,77.42,1.37,12.8,5.83,Eldorado do Sul,RS,Sul,-30.0,-51.61
2015,119,0.28,0.57,0.57,22.98,70.92,2.46,15.81,7.15,Eldorado do Sul,RS,Sul,-30.0,-51.61
2015,120,2.25,0.57,0.58,21.61,78.58,1.94,9.07,4.26,Eldorado do Sul,RS,Sul,-30.0,-51.61
2015,121,0.05,0.57,0.57,25.48,77.54,0.81,12.85,5.84,Eldorado do Sul,RS,Sul,-30.0,-51.61
2015,122,5.06,0.57,0.58,24.0,83.19,1.32,9.4,4.43,Eldorado do Sul,RS,Sul,-30.0,-51.61
2015,123,6.02,0.59,0.63,19.96,93.9,1.45,3.52,1.8,Eldorado do Sul,RS,Sul,-30.0,-51.61
2015,124,1.12,0.59,0.61,19.71,72.59,1.34,14.82,6.54,Eldorado do Sul,RS,Sul,-30.0,-51.61
2015,125,0.03,0.59,0.59,20.04,66.22,0.77,15.92,6.93,Eldorado do Sul,RS,Sul,-30.0,-51.61
2015,126,0.02,0.58,0.58,22.8,67.01,1.17,15.65,6.87,Eldorado do Sul,RS,Sul,-30.0,-51.61
2015,127,0.01,0.58,0.58,20.25,74.48,1.67,16.19,7.11,Eldorado do Sul,RS,Sul,-30.0,-51.61
2015,128,0.0,0.58,0.58,21.04,77.27,1.11,9.23,4.3,Eldorado do Sul,RS,Sul,-30.0,-51.61
2015,129,0.32,0.58,0.57,25.51,78.4,0.97,14.58,6.67,Eldorado do Sul,RS,Sul,-30.0,-51.61
2015,130,10.0,0.58,0.63,19.88,91.13,1.21,7.66,3.65,Eldorado do Sul,RS,Sul,-30.0,-51.61
2015,131,11.1,0.6,0.67,18.48,89.91,2.49,5.87,2.88,Eldorado do Sul,RS,Sul,-30.0,-51.61
2015,132,0.2,0.6,0.62,21.38,82.41,1.93,10.83,4.99,Eldorado do Sul,RS,Sul,-30.0,-51.61
2015,133,0.0,0.6,0.61,22.52,84.26,1.24,15.07,6.83,Eldorado do Sul,RS,Sul,-30.0,-51.61
2015,134,0.01,0.59,0.6,23.98,81.74,1.16,14.66,6.68,Eldorado do Sul,RS,Sul,-30.0,-51.61
2015,135,0.01,0.59,0.6,25.15,82.48,1.06,11.28,5.21,Eldorado do Sul,RS,Sul,-30.0,-51.61
2015,136,0.26,0.59,0.59,26.72,79.86,1.02,8.02,3.85,Eldorado do Sul,RS,Sul,-30.0,-51.61
2015,137,0.14,0.58,0.58,26.51,80.41,1.07,10.65,4.89,Eldorado do Sul,RS,Sul,-30.0,-51.61
2015,138,0.05,0.58,0.58,26.16,81.67,0.88,13.87,6.39,Eldorado do Sul,RS,Sul,-30.0,-51.61
2015,139,0.03,0.58,0.57,26.37,82.37,1.19,13.98,6.43,Eldorado do Sul,RS,Sul,-30.0,-51.61
2015,140,0.01,0.58,0.57,26.81,81.07,1.1,13.53,6.23,Eldorado do Sul,RS,Sul,-30.0,-51.61
2015,141,0.02,0.57,0.57,28.03,76.72,1.18,14.06,6.45,Eldorado do Sul,RS,Sul,-30.0,-51.61
2015,142,0.01,0.57,0.56,29.21,73.45,1.2,13.94,6.43,Eldorado do Sul,RS,Sul,-30.0,-51.61
2015,143,4.4,0.57,0.57,28.52,81.24,1.69,11.31,5.28,Eldorado do Sul,RS,Sul,-30.0,-51.61
2015,144,6.84,0.59,0.63,24.13,81.45,1.97,4.53,2.25,Eldorado do Sul,RS,Sul,-30.0,-51.61
2015,145,0.7,0.59,0.59,23.13,82.2,2.14,6.74,3.2,Eldorado do Sul,RS,Sul,-30.0,-51.61
2015,146,6.89,0.58,0.6,22.15,86.31,2.68,4.47,2.19,Eldorado do Sul,RS,Sul,-30.0,-51.61
2015,147,64.91,0.65,0.85,17.19,93.74,4.96,2.93,1.51,Eldorado do Sul,RS,Sul,-30.0,-51.61
2015,148,10.24,0.69,0.76,19.01,89.94,2.11,4.97,2.44,Eldorado do Sul,RS,Sul,-30.0,-51.61
2015,149,1.39,0.68,0.71,18.75,85.42,0.92,8.87,4.07,Eldorado do Sul,RS,Sul,-30.0,-51.61
2015,150,0.09,0.67,0.69,18.95,82.64,0.83,9.83,4.43,Eldorado do Sul,RS,Sul,-30.0,-51.61
2015,151,0.03,0.65,0.68,19.49,78.83,0.72,8.25,3.64,Eldorado do Sul,RS,Sul,-30.0,-51.61
2015,152,0.0,0.65,0.67,19.43,80.75,0.78,11.15,4.92,Eldorado do Sul,RS,Sul,-30.0,-51.61
2015,153,0.09,0.64,0.66,20.76,83.0,1.09,14.08,6.19,Eldorado do Sul,RS,Sul,-30.0,-51.61
2015,154,0.06,0.64,0.66,23.25,84.86,1.22,13.66,6.1,Eldorado do Sul,RS,Sul,-30.0,-51.61
2015,155,0.07,0.63,0.66,23.09,90.96,0.73,9.08,4.09,Eldorado do Sul,RS,Sul,-30.0,-51.61
2015,156,29.3,0.64,0.73,22.36,92.45,1.05,6.59,3.15,Eldorado do Sul,RS,Sul,-30.0,-51.61
2015,157,0.0,0.67,0.71,26.05,84.51,1.59,11.85,5.41,Eldorado do Sul,RS,Sul,-30.0,-51.61
2015,158,1.74,0.66,0.69,26.11,84.06,1.2,10.6,4.87,Eldorado do Sul,RS,Sul,-30.0,-51.61
2015,159,7.77,0.66,0.71,23.78,88.91,1.32,11.01,5.11,Eldorado do Sul,RS,Sul,-30.0,-51.61
2015,160,0.26,0.66,0.69,26.7,86.73,1.16,12.37,5.72,Eldorado do Sul,RS,Sul,-30.0,-51.61
2015,161,7.28,0.66,0.7,25.26,86.45,1.75,5.29,2.51,Eldorado do Sul,RS,Sul,-30.0,-51.61
2015,162,23.1,0.69,0.79,17.55,86.63,1.49,2.28,1.19,Eldorado do Sul,RS,Sul,-30.0,-51.61
2015,163,0.38,0.69,0.72,14.73,79.5,0.84,13.06,5.59,Eldorado do Sul,RS,Sul,-30.0,-51.61
2015,164,0.53,0.68,0.71,18.19,86.24,0.87,8.0,3.7,Eldorado do Sul,RS,Sul,-30.0,-51.61
2015,165,2.33,0.68,0.72,18.3,87.25,1.17,6.27,2.94,Eldorado do Sul,RS,Sul,-30.0,-51.61
2015,166,0.0,0.68,0.7,13.98,74.81,1.72,14.12,6.06,Eldorado do Sul,RS,Sul,-30.0,-51.61
2015,167,0.0,0.67,0.7,16.21,73.13,1.15,12.02,5.32,Eldorado do Sul,RS,Sul,-30.0,-51.61
2015,168,24.02,0.67,0.73,17.66,82.92,0.9,7.27,3.25,Eldorado do Sul,RS,Sul,-30.0,-51.61
2015,169,17.71,0.73,0.8,14.47,85.18,1.97,3.17,1.56,Eldorado do Sul,RS,Sul,-30.0,-51.61
2015,170,0.0,0.71,0.74,13.48,82.99,1.24,13.45,5.82,Eldorado do Sul,RS,Sul,-30.0,-51.61
2015,171,0.0,0.71,0.73,17.13,85.77,1.1,12.92,5.66,Eldorado do Sul,RS,Sul,-30.0,-51.61
2015,172,1.13,0.7,0.73,19.21,94.45,0.9,5.71,2.71,Eldorado do Sul,RS,Sul,-30.0,-51.61
2015,173,8.67,0.7,0.74,21.11,95.11,1.51,4.45,2.16,Eldorado do Sul,RS,Sul,-30.0,-51.61
2015,174,9.1,0.72,0.78,14.66,82.57,1.94,5.54,2.52,Eldorado do Sul,RS,Sul,-30.0,-51.61
2015,175,0.4,0.71,0.74,12.84,92.57,1.24,5.07,2.44,Eldorado do Sul,RS,Sul,-30.0,-51.61
2015,176,0.09,0.71,0.73,19.72,89.78,1.24,10.83,4.93,Eldorado do Sul,RS,Sul,-30.0,-51.61
2015,177,0.01,0.71,0.73,20.52,88.21,1.04,12.67,5.67,Eldorado do Sul,RS,Sul,-30.0,-51.61
2015,178,0.01,0.7,0.73,21.27,84.59,1.15,11.83,5.31,Eldorado do Sul,RS,Sul,-30.0,-51.61
2015,179,0.04,0.7,0.72,22.13,85.17,1.01,11.76,5.28,Eldorado do Sul,RS,Sul,-30.0,-51.61
2015,180,2.05,0.7,0.72,17.49,94.19,0.8,6.63,3.11,Eldorado do Sul,RS,Sul,-30.0,-51.61
2015,181,6.65,0.71,0.76,18.2,97.25,1.26,5.11,2.48,Eldorado do Sul,RS,Sul,-30.0,-51.61
2015,182,0.08,0.71,0.73,17.73,88.18,1.21,9.62,4.32,Eldorado do Sul,RS,Sul,-30.0,-51.61
2015,183,0.12,0.7,0.73,18.45,91.35,1.31,12.1,5.42,Eldorado do Sul,RS,Sul,-30.0,-51.61
2015,184,2.04,0.7,0.73,20.6,90.29,1.61,6.43,3.01,Eldorado do Sul,RS,Sul,-30.0,-51.61
2015,185,0.24,0.7,0.73,13.58,81.88,2.24,7.98,3.55,Eldorado do Sul,RS,Sul,-30.0,-51.61
2015,186,0.0,0.7,0.72,16.38,86.37,1.09,13.92,6.08,Eldorado do Sul,RS,Sul,-30.0,-51.61
2015,187,2.36,0.7,0.73,18.16,87.67,0.92,8.43,3.9,Eldorado do Sul,RS,Sul,-30.0,-51.61
2015,188,4.34,0.7,0.75,19.23,89.8,1.37,3.41,1.72,Eldorado do Sul,RS,Sul,-30.0,-51.61
2015,189,22.93,0.72,0.8,16.21,95.55,2.4,2.19,1.15,Eldorado do Sul,RS,Sul,-30.0,-51.61
2015,190,3.66,0.74,0.78,19.09,88.73,1.81,4.68,2.27,Eldorado do Sul,RS,Sul,-30.0,-51.61
2015,191,0.09,0.73,0.76,19.87,89.02,0.89,9.87,4.43,Eldorado do Sul,RS,Sul,-30.0,-51.61
2015,192,0.08,0.72,0.75,20.51,89.55,1.09,10.5,4.83,Eldorado do Sul,RS,Sul,-30.0,-51.61
2015,193,38.8,0.74,0.82,20.29,97.99,1.06,5.95,2.88,Eldorado do Sul,RS,Sul,-30.0,-51.61
2015,194,12.02,0.76,0.8,22.34,92.25,1.88,3.79,1.89,Eldorado do Sul,RS,Sul,-30.0,-51.61
2015,195,43.88,0.8,0.87,15.32,94.55,1.35,2.15,1.13,Eldorado do Sul,RS,Sul,-30.0,-51.61
2015,196,7.76,0.8,0.83,12.89,88.57,1.17,2.79,1.41,Eldorado do Sul,RS,Sul,-30.0,-51.61
2015,197,10.75,0.8,0.83,15.73,94.45,1.76,4.79,2.29,Eldorado do Sul,RS,Sul,-30.0,-51.61
2015,198,11.25,0.8,0.84,18.79,93.54,1.19,4.45,2.14,Eldorado do Sul,RS,Sul,-30.0,-51.61
2015,199,1.08,0.8,0.82,19.93,88.26,0.9,13.3,5.84,Eldorado do Sul,RS,Sul,-30.0,-51.61
2015,200,37.61,0.82,0.88,22.01,97.19,1.04,8.4,3.95,Eldorado do Sul,RS,Sul,-30.0,-51.61
2015,201,61.29,0.86,0.91,16.91,95.08,1.74,1.39,0.75,Eldorado do Sul,RS,Sul,-30.0,-51.61
2015,202,4.39,0.87,0.87,15.52,88.84,1.65,7.28,3.37,Eldorado do Sul,RS,Sul,-30.0,-51.61
2015,203,0.02,0.85,0.85,16.37,85.04,1.07,13.66,6.02,Eldorado do Sul,RS,Sul,-30.0,-51.61
2015,204,0.87,0.84,0.85,17.54,88.54,0.94,5.52,2.67,Eldorado do Sul,RS,Sul,-30.0,-51.61
2015,205,2.74,0.84,0.85,16.35,94.98,1.3,4.92,2.37,Eldorado do Sul,RS,Sul,-30.0,-51.61
2015,206,0.8,0.84,0.84,18.6,89.75,1.67,8.86,4.09,Eldorado do Sul,RS,Sul,-30.0,-51.61
2015,207,2.65,0.84,0.85,19.55,89.46,0.84,6.19,3.0,Eldorado do Sul,RS,Sul,-30.0,-51.61
2015,208,0.51,0.84,0.84,20.82,86.71,0.68,13.12,5.96,Eldorado do Sul,RS,Sul,-30.0,-51.61
2015,209,0.05,0.83,0.84,22.7,90.31,1.09,14.59,6.55,Eldorado do Sul,RS,Sul,-30.0,-51.61
2015,210,0.03,0.83,0.84,25.19,88.47,1.13,8.79,4.08,Eldorado do Sul,RS,Sul,-30.0,-51.61
2015,211,0.02,0.83,0.83,23.33,88.03,0.9,14.5,6.59,Eldorado do Sul,RS,Sul,-30.0,-51.61
2015,212,0.02,0.82,0.83,25.98,86.45,1.48,12.6,5.73,Eldorado do Sul,RS,Sul,-30.0,-51.61
2015,213,0.0,0.82,0.83,20.92,86.83,1.66,13.3,5.99,Eldorado do Sul,RS,Sul,-30.0,-51.61
2015,214,0.01,0.82,0.83,27.17,86.93,1.48,12.08,5.52,Eldorado do Sul,RS,Sul,-30.0,-51.61
2015,215,1.65,0.82,0.83,23.94,87.26,1.89,8.17,3.78,Eldorado do Sul,RS,Sul,-30.0,-51.61
2015,216,23.21,0.83,0.87,18.54,93.53,2.84,6.63,3.2,Eldorado do Sul,RS,Sul,-30.0,-51.61
2015,217,7.19,0.85,0.86,20.81,94.94,1.69,7.05,3.38,Eldorado do Sul,RS,Sul,-30.0,-51.61
2015,218,0.0,0.84,0.84,26.8,84.38,1.86,13.49,6.17,Eldorado do Sul,RS,Sul,-30.0,-51.61
2015,219,0.0,0.83,0.84,27.56,81.19,1.55,13.43,6.09,Eldorado do Sul,RS,Sul,-30.0,-51.61
2015,220,0.0,0.83,0.83,28.59,84.25,1.09,14.25,6.5,Eldorado do Sul,RS,Sul,-30.0,-51.61
2015,221,0.0,0.82,0.83,27.7,84.63,1.66,16.21,7.24,Eldorado do Sul,RS,Sul,-30.0,-51.61
2015,222,0.0,0.82,0.83,27.99,82.61,2.02,15.66,7.04,Eldorado do Sul,RS,Sul,-30.0,-51.61
2015,223,1.39,0.82,0.83,22.65,89.53,1.55,8.5,4.03,Eldorado do Sul,RS,Sul,-30.0,-51.61
2015,224,0.2,0.82,0.83,26.56,87.18,1.02,15.91,7.18,Eldorado do Sul,RS,Sul,-30.0,-51.61
2015,225,0.0,0.81,0.82,26.96,84.63,1.35,13.05,5.93,Eldorado do Sul,RS,Sul,-30.0,-51.61
2015,226,0.0,0.81,0.82,24.87,88.93,0.89,8.88,4.12,Eldorado do Sul,RS,Sul,-30.0,-51.61
2015,227,0.08,0.81,0.82,22.12,89.01,1.48,9.66,4.45,Eldorado do Sul,RS,Sul,-30.0,-51.61
2015,228,2.63,0.81,0.82,18.71,91.49,2.3,6.18,2.9,Eldorado do Sul,RS,Sul,-30.0,-51.61
2015,229,0.44,0.81,0.82,25.0,87.28,1.33,15.75,7.13,Eldorado do Sul,RS,Sul,-30.0,-51.61
2015,230,11.26,0.81,0.84,24.52,87.93,1.46,8.72,4.1,Eldorado do Sul,RS,Sul,-30.0,-51.61
2015,231,3.7,0.82,0.84,18.6,86.1,2.25,5.73,2.79,Eldorado do Sul,RS,Sul,-30.0,-51.61
2015,232,0.52,0.82,0.83,18.86,83.94,1.83,9.49,4.42,Eldorado do Sul,RS,Sul,-30.0,-51.61
2015,233,0.01,0.81,0.82,22.28,83.39,1.68,17.52,7.95,Eldorado do Sul,RS,Sul,-30.0,-51.61
2015,234,3.75,0.81,0.83,23.02,89.72,1.17,14.08,6.42,Eldorado do Sul,RS,Sul,-30.0,-51.61
2015,235,11.42,0.82,0.85,21.34,79.91,1.73,11.85,5.31,Eldorado do Sul,RS,Sul,-30.0,-51.61
2015,236,0.83,0.82,0.83,17.55,84.65,1.64,14.82,6.71,Eldorado do Sul,RS,Sul,-30.0,-51.61
2015,237,0.0,0.81,0.82,21.6,85.35,2.1,14.34,6.52,Eldorado do Sul,RS,Sul,-30.0,-51.61
2015,238,21.49,0.82,0.85,25.64,90.78,1.42,2.34,1.2,Eldorado do Sul,RS,Sul,-30.0,-51.61
2015,239,1.17,0.83,0.84,21.33,79.77,2.13,18.93,8.45,Eldorado do Sul,RS,Sul,-30.0,-51.61
2015,240,0.36,0.82,0.83,20.64,75.4,1.13,19.02,8.42,Eldorado do Sul,RS,Sul,-30.0,-51.61
2015,241,0.0,0.82,0.82,26.17,83.26,1.39,18.05,7.93,Eldorado do Sul,RS,Sul,-30.0,-51.61
2015,242,0.01,0.81,0.82,28.63,74.34,1.07,19.68,8.75,Eldorado do Sul,RS,Sul,-30.0,-51.61
2015,243,0.55,0.81,0.82,29.11,83.55,1.53,19.09,8.62,Eldorado do Sul,RS,Sul,-30.0,-51.61
2015,244,1.44,0.8,0.82,18.5,78.69,2.57,7.52,3.61,Eldorado do Sul,RS,Sul,-30.0,-51.61
2015,245,0.01,0.8,0.81,19.82,76.35,2.42,18.44,8.35,Eldorado do Sul,RS,Sul,-30.0,-51.61
2015,246,0.18,0.8,0.81,20.79,81.87,2.06,14.4,6.55,Eldorado do Sul,RS,Sul,-30.0,-51.61
2015,247,0.37,0.8,0.81,19.27,84.2,1.73,12.36,5.54,Eldorado do Sul,RS,Sul,-30.0,-51.61
2015,248,0.27,0.79,0.81,16.64,84.72,2.28,10.21,4.77,Eldorado do Sul,RS,Sul,-30.0,-51.61
2015,249,0.17,0.79,0.81,19.46,82.87,1.6,10.21,4.69,Eldorado do Sul,RS,Sul,-30.0,-51.61
2015,250,0.03,0.79,0.8,21.49,79.44,1.17,20.72,9.1,Eldorado do Sul,RS,Sul,-30.0,-51.61
2015,251,0.09,0.78,0.8,23.06,84.6,1.04,10.1,4.67,Eldorado do Sul,RS,Sul,-30.0,-51.61
2015,252,0.05,0.78,0.79,22.55,79.75,1.01,20.79,9.16,Eldorado do Sul,RS,Sul,-30.0,-51.61
2015,253,8.99,0.78,0.81,24.92,86.28,1.89,10.8,4.96,Eldorado do Sul,RS,Sul,-30.0,-51.61
2015,254,4.21,0.79,0.82,16.17,72.21,2.26,17.89,7.86,Eldorado do Sul,RS,Sul,-30.0,-51.61
2015,255,0.18,0.79,0.8,15.7,70.74,1.76,21.59,9.4,Eldorado do Sul,RS,Sul,-30.0,-51.61
2015,256,0.0,0.78,0.79,20.03,70.21,1.45,22.35,9.75,Eldorado do Sul,RS,Sul,-30.0,-51.61
2015,257,0.01,0.78,0.79,22.15,69.62,1.2,22.75,9.86,Eldorado do Sul,RS,Sul,-30.0,-51.61
2015,258,1.25,0.77,0.79,25.57,83.23,1.35,18.91,8.47,Eldorado do Sul,RS,Sul,-30.0,-51.61
2015,259,10.75,0.78,0.82,28.45,87.81,2.51,4.84,2.49,Eldorado do Sul,RS,Sul,-30.0,-51.61
2015,260,29.19,0.81,0.86,18.85,91.41,2.33,4.4,2.24,Eldorado do Sul,RS,Sul,-30.0,-51.61
2015,261,10.31,0.82,0.85,19.08,88.82,2.46,5.23,2.62,Eldorado do Sul,RS,Sul,-30.0,-51.61
2015,262,20.82,0.82,0.86,21.04,90.66,2.42,2.55,1.35,Eldorado do Sul,RS,Sul,-30.0,-51.61
2015,263,17.64,0.84,0.87,21.7,92.58,2.63,3.42,1.76,Eldorado do Sul,RS,Sul,-30.0,-51.61
2015,264,13.76,0.84,0.87,27.79,90.21,2.05,7.8,3.82,Eldorado do Sul,RS,Sul,-30.0,-51.61
2015,265,10.82,0.85,0.87,27.93,88.39,1.14,5.5,2.66,Eldorado do Sul,RS,Sul,-30.0,-51.61
2015,266,7.97,0.85,0.87,31.05,86.47,1.48,12.19,5.53,Eldorado do Sul,RS,Sul,-30.0,-51.61
2015,267,14.44,0.85,0.87,27.49,89.87,1.71,5.79,2.78,Eldorado do Sul,RS,Sul,-30.0,-51.61
2015,268,19.44,0.87,0.89,23.91,84.96,2.48,13.4,6.2,Eldorado do Sul,RS,Sul,-30.0,-51.61
2015,269,1.18,0.86,0.86,20.65,90.0,2.05,4.6,2.35,Eldorado do Sul,RS,Sul,-30.0,-51.61
2015,270,0.56,0.86,0.86,22.21,88.04,1.36,7.46,3.63,Eldorado do Sul,RS,Sul,-30.0,-51.61
2015,271,0.05,0.85,0.85,22.49,73.41,1.12,23.67,10.51,Eldorado do Sul,RS,Sul,-30.0,-51.61
2015,272,0.01,0.85,0.84,25.31,75.54,0.97,23.62,10.57,Eldorado do Sul,RS,Sul,-30.0,-51.61
2015,273,0.01,0.84,0.84,21.2,78.83,1.3,21.38,9.58,Eldorado do Sul,RS,Sul,-30.0,-51.61
2015,274,0.0,0.83,0.84,23.35,83.05,2.21,20.34,9.31,Eldorado do Sul,RS,Sul,-30.0,-51.61
2015,275,8.83,0.83,0.85,27.37,88.51,2.01,6.74,3.39,Eldorado do Sul,RS,Sul,-30.0,-51.61
2015,276,0.35,0.84,0.84,19.11,77.98,1.72,7.71,3.77,Eldorado do Sul,RS,Sul,-30.0,-51.61
2015,277,0.01,0.83,0.83,19.87,75.64,1.34,24.05,10.63,Eldorado do Sul,RS,Sul,-30.0,-51.61
2015,278,0.02,0.83,0.83,21.11,79.83,1.97,25.52,11.41,Eldorado do Sul,RS,Sul,-30.0,-51.61
2015,279,7.78,0.83,0.85,24.02,90.46,1.66,15.5,7.33,Eldorado do Sul,RS,Sul,-30.0,-51.61
2015,280,25.48,0.84,0.87,26.86,91.38,1.35,3.66,1.96,Eldorado do Sul,RS,Sul,-30.0,-51.61
2015,281,64.33,0.88,0.92,27.21,91.77,2.56,2.06,1.15,Eldorado do Sul,RS,Sul,-30.0,-51.61
2015,282,29.95,0.9,0.93,18.45,91.25,2.8,4.2,2.27,Eldorado do Sul,RS,Sul,-30.0,-51.61
2015,283,8.11,0.91,0.9,19.24,86.31,3.2,5.84,3.05,Eldorado do Sul,RS,Sul,-30.0,-51.61
2015,284,18.11,0.92,0.92,17.73,90.21,3.06,10.62,5.21,Eldorado do Sul,RS,Sul,-30.0,-51.61
2015,285,2.03,0.91,0.89,18.94,88.07,2.06,12.58,5.98,Eldorado do Sul,RS,Sul,-30.0,-51.61
2015,286,0.09,0.91,0.88,21.35,80.88,1.4,21.87,9.78,Eldorado do Sul,RS,Sul,-30.0,-51.61
2015,287,12.63,0.91,0.9,25.08,88.05,2.02,20.05,9.32,Eldorado do Sul,RS,Sul,-30.0,-51.61
2015,288,10.25,0.91,0.91,29.4,86.22,2.61,4.68,2.55,Eldorado do Sul,RS,Sul,-30.0,-51.61
2015,289,1.49,0.91,0.89,23.03,76.7,1.27,18.78,8.51,Eldorado do Sul,RS,Sul,-30.0,-51.61
2015,290,0.04,0.9,0.88,17.7,79.1,1.8,10.57,5.09,Eldorado do Sul,RS,Sul,-30.0,-51.61
2015,291,0.0,0.89,0.88,19.22,77.62,2.03,25.18,11.04,Eldorado do Sul,RS,Sul,-30.0,-51.61
2015,292,1.14,0.89,0.88,21.36,89.18,1.96,17.96,8.22,Eldorado do Sul,RS,Sul,-30.0,-51.61
2015,293,1.73,0.89,0.88,30.27,88.6,1.59,15.62,7.23,Eldorado do Sul,RS,Sul,-30.0,-51.61
2015,294,29.19,0.88,0.89,23.04,87.32,1.93,8.33,4.17,Eldorado do Sul,RS,Sul,-30.0,-51.61
2015,295,2.49,0.9,0.89,22.45,86.11,1.81,10.04,4.9,Eldorado do Sul,RS,Sul,-30.0,-51.61
2015,296,0.05,0.89,0.88,23.86,82.75,1.79,19.95,9.09,Eldorado do Sul,RS,Sul,-30.0,-51.61
2015,297,0.25,0.89,0.87,21.15,82.42,2.04,18.15,8.33,Eldorado do Sul,RS,Sul,-30.0,-51.61
2015,298,0.03,0.88,0.87,19.82,84.28,2.66,9.94,4.93,Eldorado do Sul,RS,Sul,-30.0,-51.61
2015,299,0.06,0.88,0.87,25.08,87.05,1.85,16.9,7.96,Eldorado do Sul,RS,Sul,-30.0,-51.61
2015,300,0.58,0.87,0.86,26.78,86.49,2.01,11.68,5.66,Eldorado do Sul,RS,Sul,-30.0,-51.61
2015,301,0.86,0.86,0.86,26.06,87.35,3.07,17.39,8.05,Eldorado do Sul,RS,Sul,-30.0,-51.61
2015,302,0.02,0.85,0.85,29.4,82.32,1.86,27.7,12.59,Eldorado do Sul,RS,Sul,-30.0,-51.61
2015,303,0.8,0.85,0.85,25.84,84.84,1.36,18.78,8.78,Eldorado do Sul,RS,Sul,-30.0,-51.61
2015,304,8.09,0.85,0.87,24.96,84.87,2.55,5.63,2.99,Eldorado do Sul,RS,Sul,-30.0,-51.61
2015,305,1.32,0.85,0.85,22.31,80.02,2.83,6.81,3.48,Eldorado do Sul,RS,Sul,-30.0,-51.61
2015,306,1.58,0.85,0.85,18.96,87.12,2.81,9.8,4.89,Eldorado do Sul,RS,Sul,-30.0,-51.61
2015,307,1.38,0.84,0.85,25.24,85.26,1.85,15.42,7.49,Eldorado do Sul,RS,Sul,-30.0,-51.61
2015,308,20.95,0.85,0.89,20.42,87.96,3.06,5.86,3.1,Eldorado do Sul,RS,Sul,-30.0,-51.61
2015,309,19.67,0.88,0.9,17.65,86.52,2.91,8.47,4.26,Eldorado do Sul,RS,Sul,-30.0,-51.61
2015,310,0.08,0.87,0.86,21.08,77.22,1.76,11.66,5.63,Eldorado do Sul,RS,Sul,-30.0,-51.61
2015,311,0.05,0.86,0.86,23.28,80.49,2.32,22.11,10.11,Eldorado do Sul,RS,Sul,-30.0,-51.61
2015,312,0.25,0.85,0.85,26.87,82.61,1.68,26.4,12.15,Eldorado do Sul,RS,Sul,-30.0,-51.61
2015,313,0.89,0.85,0.85,29.26,83.01,1.14,27.35,12.58,Eldorado do Sul,RS,Sul,-30.0,-51.61
2015,314,20.84,0.86,0.89,26.25,94.8,1.4,4.31,2.26,Eldorado do Sul,RS,Sul,-30.0,-51.61
2015,315,2.92,0.87,0.87,26.55,87.5,1.77,11.4,5.76,Eldorado do Sul,RS,Sul,-30.0,-51.61
2015,316,3.79,0.86,0.86,27.16,85.61,2.19,18.63,8.79,Eldorado do Sul,RS,Sul,-30.0,-51.61
2015,317,3.35,0.86,0.86,30.74,86.05,2.47,11.99,5.76,Eldorado do Sul,RS,Sul,-30.0,-51.61
2015,318,0.0,0.85,0.84,25.22,78.94,2.25,21.3,9.69,Eldorado do Sul,RS,Sul,-30.0,-51.61
2015,319,0.0,0.84,0.84,24.91,80.02,1.84,30.54,13.65,Eldorado do Sul,RS,Sul,-30.0,-51.61
2015,320,0.06,0.83,0.84,22.6,84.15,2.88,15.66,7.47,Eldorado do Sul,RS,Sul,-30.0,-51.61
2015,321,18.55,0.84,0.88,26.66,89.71,1.76,8.07,4.16,Eldorado do Sul,RS,Sul,-30.0,-51.61
2015,322,0.31,0.85,0.85,28.31,84.01,1.33,17.55,8.35,Eldorado do Sul,RS,Sul,-30.0,-51.61
2015,323,23.47,0.84,0.87,29.52,81.87,1.05,23.86,11.05,Eldorado do Sul,RS,Sul,-30.0,-51.61
2015,324,2.58,0.86,0.86,20.75,84.13,2.47,19.8,9.16,Eldorado do Sul,RS,Sul,-30.0,-51.61
2015,325,0.0,0.85,0.84,22.93,73.76,1.19,28.11,12.49,Eldorado do Sul,RS,Sul,-30.0,-51.61
2015,326,0.0,0.84,0.84,27.65,78.14,1.56,30.24,13.64,Eldorado do Sul,RS,Sul,-30.0,-51.61
2015,327,0.02,0.83,0.83,24.09,76.56,2.37,19.81,9.05,Eldorado do Sul,RS,Sul,-30.0,-51.61
2015,328,0.04,0.82,0.82,22.44,79.45,2.78,11.04,5.37,Eldorado do Sul,RS,Sul,-30.0,-51.61
2015,329,0.02,0.81,0.82,24.13,81.35,3.5,23.29,10.72,Eldorado do Sul,RS,Sul,-30.0,-51.61
2015,330,1.73,0.81,0.82,28.11,85.15,2.86,21.05,9.85,Eldorado do Sul,RS,Sul,-30.0,-51.61
2015,331,4.17,0.81,0.83,26.88,91.01,1.83,10.84,5.41,Eldorado do Sul,RS,Sul,-30.0,-51.61
2015,332,1.53,0.81,0.82,25.89,82.93,2.09,13.96,6.82,Eldorado do Sul,RS,Sul,-30.0,-51.61
2015,333,0.42,0.8,0.81,25.25,72.65,1.46,29.14,13.09,Eldorado do Sul,RS,Sul,-30.0,-51.61
2015,334,0.0,0.8,0.8,24.58,71.37,1.56,32.23,14.35,Eldorado do Sul,RS,Sul,-30.0,-51.61
2015,335,0.69,0.79,0.8,25.82,81.47,2.19,17.94,8.49,Eldorado do Sul,RS,Sul,-30.0,-51.61
2015,336,13.81,0.8,0.84,23.91,90.62,2.54,6.96,3.58,Eldorado do Sul,RS,Sul,-30.0,-51.61
2015,337,5.45,0.81,0.83,25.91,88.8,2.78,19.69,9.19,Eldorado do Sul,RS,Sul,-30.0,-51.61
2015,338,7.07,0.81,0.83,28.39,90.23,1.51,12.95,6.26,Eldorado do Sul,RS,Sul,-30.0,-51.61
2015,339,0.34,0.8,0.81,28.06,82.01,1.74,20.75,9.61,Eldorado do Sul,RS,Sul,-30.0,-51.61
2015,340,0.13,0.79,0.8,25.42,78.78,1.35,24.95,11.31,Eldorado do Sul,RS,Sul,-30.0,-51.61
2015,341,0.0,0.79,0.79,25.02,73.71,1.17,32.34,14.33,Eldorado do Sul,RS,Sul,-30.0,-51.61
2015,342,0.05,0.78,0.79,28.44,82.83,1.82,30.63,13.98,Eldorado do Sul,RS,Sul,-30.0,-51.61
2015,343,29.33,0.79,0.85,29.35,90.6,1.23,12.96,6.27,Eldorado do Sul,RS,Sul,-30.0,-51.61
2015,344,0.27,0.8,0.82,28.04,76.75,1.36,20.02,9.39,Eldorado do Sul,RS,Sul,-30.0,-51.61
2015,345,0.01,0.79,0.8,28.59,73.71,1.23,29.99,13.65,Eldorado do Sul,RS,Sul,-30.0,-51.61
2015,346,5.48,0.78,0.81,29.46,84.55,0.89,24.98,11.65,Eldorado do Sul,RS,Sul,-30.0,-51.61
2015,347,4.77,0.79,0.82,27.42,92.73,1.65,15.14,7.37,Eldorado do Sul,RS,Sul,-30.0,-51.61
2015,348,1.21,0.79,0.8,27.93,89.84,1.93,6.26,3.3,Eldorado do Sul,RS,Sul,-30.0,-51.61
2015,349,5.14,0.79,0.81,29.19,81.83,2.05,17.81,8.48,Eldorado do Sul,RS,Sul,-30.0,-51.61
2015,350,0.2,0.78,0.79,26.8,80.69,2.0,31.62,14.29,Eldorado do Sul,RS,Sul,-30.0,-51.61
2015,351,1.19,0.77,0.79,31.8,83.97,1.5,27.73,12.88,Eldorado do Sul,RS,Sul,-30.0,-51.61
2015,352,14.69,0.77,0.81,31.16,86.46,2.1,7.76,3.97,Eldorado do Sul,RS,Sul,-30.0,-51.61
2015,353,6.65,0.79,0.82,22.9,84.55,1.96,10.1,5.08,Eldorado do Sul,RS,Sul,-30.0,-51.61
2015,354,0.0,0.78,0.79,24.96,79.09,2.9,18.24,8.73,Eldorado do Sul,RS,Sul,-30.0,-51.61
2015,355,1.15,0.77,0.79,25.79,86.28,1.78,10.0,4.87,Eldorado do Sul,RS,Sul,-30.0,-51.61
2015,356,23.41,0.78,0.84,26.64,91.69,1.38,12.39,6.11,Eldorado do Sul,RS,Sul,-30.0,-51.61
2015,357,16.47,0.81,0.86,28.24,93.89,1.15,8.98,4.58,Eldorado do Sul,RS,Sul,-30.0,-51.61
2015,358,15.55,0.82,0.86,24.66,92.99,2.28,5.14,2.73,Eldorado do Sul,RS,Sul,-30.0,-51.61
2015,359,11.36,0.84,0.86,25.4,87.91,2.57,10.04,5.08,Eldorado do Sul,RS,Sul,-30.0,-51.61
2015,360,0.12,0.82,0.83,29.12,85.72,1.61,14.11,6.85,Eldorado do Sul,RS,Sul,-30.0,-51.61
2015,361,0.01,0.81,0.82,29.82,85.01,0.9,19.42,9.21,Eldorado do Sul,RS,Sul,-30.0,-51.61
2015,362,0.5,0.8,0.81,29.1,86.42,1.97,19.81,9.36,Eldorado do Sul,RS,Sul,-30.0,-51.61
2015,363,1.95,0.79,0.8,31.61,85.55,2.08,23.17,10.94,Eldorado do Sul,RS,Sul,-30.0,-51.61
2015,364,6.73,0.79,0.82,31.86,88.57,1.52,14.23,6.96,Eldorado do Sul,RS,Sul,-30.0,-51.61
2015,365,3.56,0.79,0.81,29.87,85.19,2.46,17.84,8.55,Eldorado do Sul,RS,Sul,-30.0,-51.61
2016,1,0.25,0.79,0.8,26.94,83.79,2.24,20.54,9.68,Eldorado do Sul,RS,Sul,-30.0,-51.61
2016,2,0.33,0.78,0.79,27.5,82.67,3.09,16.81,8.03,Eldorado do Sul,RS,Sul,-30.0,-51.61
2016,3,0.01,0.77,0.78,28.43,80.64,3.03,25.89,12.03,Eldorado do Sul,RS,Sul,-30.0,-51.61
2016,4,0.01,0.76,0.78,29.27,81.07,1.93,24.64,11.52,Eldorado do Sul,RS,Sul,-30.0,-51.61
2016,5,3.43,0.76,0.78,29.05,85.75,1.56,18.81,8.99,Eldorado do Sul,RS,Sul,-30.0,-51.61
2016,6,3.62,0.76,0.79,29.45,90.13,1.17,16.99,8.23,Eldorado do Sul,RS,Sul,-30.0,-51.61
2016,7,1.39,0.76,0.78,30.38,83.57,2.24,7.81,4.05,Eldorado do Sul,RS,Sul,-30.0,-51.61
2016,8,0.3,0.75,0.77,27.34,84.79,1.75,14.48,7.02,Eldorado do Sul,RS,Sul,-30.0,-51.61
2016,9,0.39,0.75,0.76,28.95,86.5,2.47,16.18,7.8,Eldorado do Sul,RS,Sul,-30.0,-51.61
2016,10,0.13,0.74,0.76,29.22,86.24,1.77,20.99,9.9,Eldorado do Sul,RS,Sul,-30.0,-51.61
2016,11,0.11,0.74,0.75,31.38,83.56,1.59,26.75,12.45,Eldorado do Sul,RS,Sul,-30.0,-51.61
2016,12,0.02,0.73,0.74,31.77,81.78,1.3,28.23,13.06,Eldorado do Sul,RS,Sul,-30.0,-51.61
2016,13,0.96,0.72,0.74,31.47,79.13,1.87,26.62,12.34,Eldorado do Sul,RS,Sul,-30.0,-51.61
2016,14,0.12,0.71,0.73,27.22,73.33,2.62,22.62,10.48,Eldorado do Sul,RS,Sul,-30.0,-51.61
2016,15,0.0,0.71,0.72,31.24,78.54,1.3,29.73,13.66,Eldorado do Sul,RS,Sul,-30.0,-51.61
2016,16,0.0,0.7,0.71,30.09,77.92,1.65,29.92,13.6,Eldorado do Sul,RS,Sul,-30.0,-51.61
2016,17,0.01,0.69,0.7,31.88,73.81,1.02,32.09,14.49,Eldorado do Sul,RS,Sul,-30.0,-51.61
2016,18,0.0,0.68,0.69,33.76,69.22,0.75,30.98,14.07,Eldorado do Sul,RS,Sul,-30.0,-51.61
2016,19,0.0,0.68,0.68,32.27,73.5,1.55,30.82,14.11,Eldorado do Sul,RS,Sul,-30.0,-51.61
2016,20,0.0,0.67,0.67,31.18,77.02,1.74,30.22,13.78,Eldorado do Sul,RS,Sul,-30.0,-51.61
2016,21,0.21,0.67,0.67,29.83,78.08,2.57,28.99,13.34,Eldorado do Sul,RS,Sul,-30.0,-51.61
2016,22,0.01,0.66,0.66,29.33,74.98,2.08,29.83,13.48,Eldorado do Sul,RS,Sul,-30.0,-51.61
2016,23,0.19,0.65,0.66,34.74,70.34,0.92,30.1,13.79,Eldorado do Sul,RS,Sul,-30.0,-51.61
2016,24,0.11,0.65,0.65,34.0,72.85,1.6,29.51,13.67,Eldorado do Sul,RS,Sul,-30.0,-51.61
2016,25,0.66,0.64,0.64,36.03,71.28,1.66,24.99,11.53,Eldorado do Sul,RS,Sul,-30.0,-51.61
2016,26,8.0,0.65,0.68,25.21,77.92,1.71,5.91,3.1,Eldorado do Sul,RS,Sul,-30.0,-51.61
2016,27,0.11,0.65,0.66,27.79,73.51,2.41,21.06,9.75,Eldorado do Sul,RS,Sul,-30.0,-51.61
2016,28,0.16,0.65,0.65,29.73,79.42,2.47,17.3,8.14,Eldorado do Sul,RS,Sul,-30.0,-51.61
2016,29,7.02,0.64,0.68,33.18,80.8,1.38,26.18,12.22,Eldorado do Sul,RS,Sul,-30.0,-51.61
2016,30,25.97,0.66,0.74,30.71,87.42,1.29,14.46,7.11,Eldorado do Sul,RS,Sul,-30.0,-51.61
2016,31,32.2,0.73,0.83,26.03,85.78,2.06,10.37,5.17,Eldorado do Sul,RS,Sul,-30.0,-51.61
2016,32,0.38,0.72,0.74,27.64,81.19,1.64,20.75,9.58,Eldorado do Sul,RS,Sul,-30.0,-51.61
2016,33,0.01,0.7,0.72,26.79,80.3,1.46,17.99,8.38,Eldorado do Sul,RS,Sul,-30.0,-51.61
2016,34,28.3,0.7,0.78,26.35,88.32,1.57,11.74,5.84,Eldorado do Sul,RS,Sul,-30.0,-51.61
2016,35,23.34,0.75,0.84,28.85,83.75,1.04,12.48,6.14,Eldorado do Sul,RS,Sul,-30.0,-51.61
2016,36,0.94,0.74,0.76,29.63,82.15,1.48,22.39,10.47,Eldorado do Sul,RS,Sul,-30.0,-51.61
2016,37,0.0,0.72,0.74,27.73,84.26,1.71,22.66,10.5,Eldorado do Sul,RS,Sul,-30.0,-51.61
2016,38,0.03,0.71,0.73,30.0,84.2,2.12,28.03,13.05,Eldorado do Sul,RS,Sul,-30.0,-51.61
2016,39,5.65,0.7,0.74,32.38,83.71,1.18,24.72,11.71,Eldorado do Sul,RS,Sul,-30.0,-51.61
2016,40,4.11,0.71,0.75,29.97,91.97,1.7,9.7,4.93,Eldorado do Sul,RS,Sul,-30.0,-51.61
2016,41,0.19,0.71,0.72,30.8,76.96,1.15,26.62,12.37,Eldorado do Sul,RS,Sul,-30.0,-51.61
2016,42,0.01,0.69,0.71,29.95,81.13,1.97,29.28,13.48,Eldorado do Sul,RS,Sul,-30.0,-51.61
2016,43,0.0,0.68,0.7,32.23,81.08,1.54,26.4,12.25,Eldorado do Sul,RS,Sul,-30.0,-51.61
2016,44,21.1,0.69,0.77,27.74,93.16,1.3,16.12,7.72,Eldorado do Sul,RS,Sul,-30.0,-51.61
2016,45,2.3,0.72,0.75,29.86,85.28,1.0,12.27,5.96,Eldorado do Sul,RS,Sul,-30.0,-51.61
2016,46,0.02,0.7,0.72,29.33,82.15,1.84,25.2,11.49,Eldorado do Sul,RS,Sul,-30.0,-51.61
2016,47,0.62,0.69,0.72,27.05,83.97,1.53,14.41,7.01,Eldorado do Sul,RS,Sul,-30.0,-51.61
2016,48,10.08,0.7,0.75,30.46,90.08,1.08,23.89,11.22,Eldorado do Sul,RS,Sul,-30.0,-51.61
2016,49,0.32,0.7,0.72,32.22,82.93,1.47,24.16,11.2,Eldorado do Sul,RS,Sul,-30.0,-51.61
2016,50,0.02,0.69,0.71,29.66,76.8,1.31,27.24,12.31,Eldorado do Sul,RS,Sul,-30.0,-51.61
2016,51,0.13,0.68,0.7,27.95,81.77,1.69,18.88,8.78,Eldorado do Sul,RS,Sul,-30.0,-51.61
2016,52,0.02,0.67,0.69,29.83,83.68,2.88,22.49,10.45,Eldorado do Sul,RS,Sul,-30.0,-51.61
2016,53,2.65,0.67,0.69,30.51,83.29,2.21,24.6,11.46,Eldorado do Sul,RS,Sul,-30.0,-51.61
2016,54,0.4,0.66,0.68,31.72,81.37,1.23,25.01,11.7,Eldorado do Sul,RS,Sul,-30.0,-51.61
2016,55,0.7,0.66,0.67,32.43,80.49,1.2,21.75,10.23,Eldorado do Sul,RS,Sul,-30.0,-51.61
2016,56,0.12,0.65,0.66,33.73,76.35,1.41,21.79,10.24,Eldorado do Sul,RS,Sul,-30.0,-51.61
2016,57,6.1,0.65,0.67,33.92,76.46,1.07,22.42,10.49,Eldorado do Sul,RS,Sul,-30.0,-51.61
2016,58,1.42,0.65,0.67,29.23,78.86,1.64,11.69,5.79,Eldorado do Sul,RS,Sul,-30.0,-51.61
2016,59,0.02,0.65,0.65,28.95,73.93,1.18,21.89,10.01,Eldorado do Sul,RS,Sul,-30.0,-51.61
2016,60,0.01,0.64,0.64,29.58,72.32,1.29,27.52,12.43,Eldorado do Sul,RS,Sul,-30.0,-51.61
2016,61,0.0,0.63,0.64,29.15,71.91,1.66,26.41,11.89,Eldorado do Sul,RS,Sul,-30.0,-51.61
2016,62,5.66,0.63,0.65,26.53,78.19,2.93,9.94,4.86,Eldorado do Sul,RS,Sul,-30.0,-51.61
2016,63,50.74,0.7,0.83,22.85,88.84,3.38,10.08,5.07,Eldorado do Sul,RS,Sul,-30.0,-51.61
2016,64,2.0,0.7,0.73,25.56,82.22,1.7,15.94,7.49,Eldorado do Sul,RS,Sul,-30.0,-51.61
2016,65,0.08,0.69,0.71,26.33,78.95,1.11,23.71,10.86,Eldorado do Sul,RS,Sul,-30.0,-51.61
2016,66,0.0,0.68,0.69,26.73,78.35,1.61,23.47,10.67,Eldorado do Sul,RS,Sul,-30.0,-51.61
2016,67,0.0,0.67,0.68,27.15,74.16,0.86,23.36,10.48,Eldorado do Sul,RS,Sul,-30.0,-51.61
2016,68,0.38,0.66,0.67,29.85,80.33,1.29,24.4,11.13,Eldorado do Sul,RS,Sul,-30.0,-51.61
2016,69,19.91,0.67,0.73,26.11,90.41,1.16,4.26,2.27,Eldorado do Sul,RS,Sul,-30.0,-51.61
2016,70,24.97,0.72,0.81,24.89,87.86,2.46,7.66,3.9,Eldorado do Sul,RS,Sul,-30.0,-51.61
2016,71,9.8,0.71,0.76,24.66,87.79,1.65,14.87,7.04,Eldorado do Sul,RS,Sul,-30.0,-51.61
2016,72,1.01,0.71,0.73,24.83,80.52,1.6,16.22,7.55,Eldorado do Sul,RS,Sul,-30.0,-51.61
2016,73,0.07,0.7,0.71,25.34,79.12,1.6,20.06,9.16,Eldorado do Sul,RS,Sul,-30.0,-51.61
2016,74,0.01,0.69,0.7,26.92,82.62,1.66,23.84,10.97,Eldorado do Sul,RS,Sul,-30.0,-51.61
2016,75,0.02,0.68,0.7,28.48,84.76,1.68,22.27,10.3,Eldorado do Sul,RS,Sul,-30.0,-51.61
2016,76,0.02,0.67,0.69,30.07,83.13,1.13,23.35,10.74,Eldorado do Sul,RS,Sul,-30.0,-51.61
2016,77,0.0,0.66,0.68,31.88,82.99,1.3,23.51,10.92,Eldorado do Sul,RS,Sul,-30.0,-51.61
2016,78,4.69,0.66,0.68,32.54,79.55,1.37,23.09,10.72,Eldorado do Sul,RS,Sul,-30.0,-51.61
2016,79,23.33,0.69,0.77,25.17,87.6,2.3,6.86,3.46,Eldorado do Sul,RS,Sul,-30.0,-51.61
2016,80,2.46,0.69,0.72,24.12,87.19,2.7,7.8,3.9,Eldorado do Sul,RS,Sul,-30.0,-51.61
2016,81,39.1,0.72,0.82,26.38,91.05,1.68,11.67,5.62,Eldorado do Sul,RS,Sul,-30.0,-51.61
2016,82,2.07,0.73,0.76,24.77,87.63,1.4,15.28,7.04,Eldorado do Sul,RS,Sul,-30.0,-51.61
2016,83,0.33,0.72,0.74,25.7,86.19,1.42,15.53,7.15,Eldorado do Sul,RS,Sul,-30.0,-51.61
2016,84,2.03,0.71,0.73,25.42,86.27,2.55,19.7,9.06,Eldorado do Sul,RS,Sul,-30.0,-51.61
2016,85,34.2,0.72,0.81,20.62,90.16,4.5,4.26,2.26,Eldorado do Sul,RS,Sul,-30.0,-51.61
2016,86,30.78,0.78,0.86,24.96,86.03,2.66,13.76,6.48,Eldorado do Sul,RS,Sul,-30.0,-51.61
2016,87,4.58,0.77,0.79,23.92,86.99,2.36,12.6,5.95,Eldorado do Sul,RS,Sul,-30.0,-51.61
2016,88,0.37,0.75,0.77,25.07,85.27,2.32,13.99,6.56,Eldorado do Sul,RS,Sul,-30.0,-51.61
2016,89,0.05,0.74,0.76,26.38,83.05,1.38,18.15,8.33,Eldorado do Sul,RS,Sul,-30.0,-51.61
2016,90,0.01,0.73,0.75,26.97,83.96,0.94,18.85,8.59,Eldorado do Sul,RS,Sul,-30.0,-51.61
2016,91,0.12,0.72,0.74,27.02,87.51,1.56,17.87,8.17,Eldorado do Sul,RS,Sul,-30.0,-51.61
2016,92,0.08,0.72,0.74,27.29,86.92,1.56,18.98,8.6,Eldorado do Sul,RS,Sul,-30.0,-51.61
2016,93,11.86,0.72,0.77,29.84,85.41,0.91,17.47,8.16,Eldorado do Sul,RS,Sul,-30.0,-51.61
2016,94,1.29,0.73,0.76,27.79,86.11,1.55,18.62,8.68,Eldorado do Sul,RS,Sul,-30.0,-51.61
2016,95,0.04,0.72,0.74,26.05,88.46,1.93,14.22,6.7,Eldorado do Sul,RS,Sul,-30.0,-51.61
2016,96,0.14,0.72,0.74,30.41,87.13,1.17,15.44,7.26,Eldorado do Sul,RS,Sul,-30.0,-51.61
2016,97,0.68,0.71,0.73,32.0,86.72,1.34,17.05,7.9,Eldorado do Sul,RS,Sul,-30.0,-51.61
2016,98,4.83,0.71,0.75,27.57,87.6,1.56,13.11,6.26,Eldorado do Sul,RS,Sul,-30.0,-51.61
2016,99,2.69,0.71,0.74,24.85,88.02,1.57,10.53,5.04,Eldorado do Sul,RS,Sul,-30.0,-51.61
2016,100,7.23,0.73,0.77,25.47,93.91,0.76,6.83,3.42,Eldorado do Sul,RS,Sul,-30.0,-51.61
2016,101,6.27,0.73,0.77,23.28,93.33,2.04,9.72,4.73,Eldorado do Sul,RS,Sul,-30.0,-51.61
2016,102,9.17,0.74,0.78,25.82,90.81,2.47,5.92,3.0,Eldorado do Sul,RS,Sul,-30.0,-51.61
2016,103,4.03,0.74,0.77,25.32,92.05,2.3,6.77,3.4,Eldorado do Sul,RS,Sul,-30.0,-51.61
2016,104,6.68,0.74,0.78,25.43,95.22,1.72,10.85,5.21,Eldorado do Sul,RS,Sul,-30.0,-51.61
2016,105,0.85,0.74,0.77,28.52,86.92,1.06,15.76,7.33,Eldorado do Sul,RS,Sul,-30.0,-51.61
2016,106,0.0,0.73,0.75,29.92,89.73,1.08,18.46,8.61,Eldorado do Sul,RS,Sul,-30.0,-51.61
2016,107,0.0,0.72,0.74,31.59,86.54,1.32,18.51,8.64,Eldorado do Sul,RS,Sul,-30.0,-51.61
2016,108,0.0,0.72,0.74,31.65,86.81,1.24,17.3,8.1,Eldorado do Sul,RS,Sul,-30.0,-51.61
2016,109,0.01,0.71,0.73,30.79,87.22,1.33,13.21,6.19,Eldorado do Sul,RS,Sul,-30.0,-51.61
2016,110,0.0,0.71,0.73,31.79,82.98,1.83,15.84,7.27,Eldorado do Sul,RS,Sul,-30.0,-51.61
2016,111,0.01,0.7,0.72,29.1,84.42,1.32,14.15,6.61,Eldorado do Sul,RS,Sul,-30.0,-51.61
2016,112,3.64,0.7,0.73,28.76,87.64,2.04,8.19,3.95,Eldorado do Sul,RS,Sul,-30.0,-51.61
2016,113,4.05,0.71,0.74,23.55,86.68,2.33,7.74,3.74,Eldorado do Sul,RS,Sul,-30.0,-51.61
2016,114,20.37,0.73,0.8,28.9,90.33,1.79,6.38,3.18,Eldorado do Sul,RS,Sul,-30.0,-51.61
2016,115,9.04,0.73,0.78,28.33,90.44,1.1,8.5,4.09,Eldorado do Sul,RS,Sul,-30.0,-51.61
2016,116,80.53,0.78,0.87,22.9,92.25,1.63,7.87,3.89,Eldorado do Sul,RS,Sul,-30.0,-51.61
2016,117,14.09,0.79,0.83,17.15,88.36,2.55,2.92,1.54,Eldorado do Sul,RS,Sul,-30.0,-51.61
2016,118,0.72,0.79,0.8,14.48,80.7,2.41,12.74,5.65,Eldorado do Sul,RS,Sul,-30.0,-51.61
2016,119,0.0,0.77,0.79,14.76,78.83,1.73,17.02,7.38,Eldorado do Sul,RS,Sul,-30.0,-51.61
2016,120,0.0,0.76,0.78,12.78,81.83,1.16,11.76,5.24,Eldorado do Sul,RS,Sul,-30.0,-51.61
2016,121,0.0,0.76,0.78,15.65,81.18,1.68,13.08,5.75,Eldorado do Sul,RS,Sul,-30.0,-51.61
2016,122,0.0,0.76,0.78,18.55,79.31,0.8,17.34,7.57,Eldorado do Sul,RS,Sul,-30.0,-51.61
2016,123,0.05,0.75,0.77,19.74,84.26,0.74,14.59,6.49,Eldorado do Sul,RS,Sul,-30.0,-51.61
2016,124,0.02,0.75,0.77,18.9,87.06,1.15,14.61,6.5,Eldorado do Sul,RS,Sul,-30.0,-51.61
2016,125,0.05,0.75,0.77,19.86,83.23,0.72,15.08,6.71,Eldorado do Sul,RS,Sul,-30.0,-51.61
2016,126,0.03,0.75,0.77,19.03,87.54,1.01,9.35,4.24,Eldorado do Sul,RS,Sul,-30.0,-51.61
2016,127,0.22,0.74,0.77,19.62,91.56,1.9,5.13,2.52,Eldorado do Sul,RS,Sul,-30.0,-51.61
2016,128,0.26,0.74,0.76,20.7,90.97,2.28,7.24,3.47,Eldorado do Sul,RS,Sul,-30.0,-51.61
2016,129,0.58,0.74,0.76,20.28,92.57,2.26,9.71,4.53,Eldorado do Sul,RS,Sul,-30.0,-51.61
2016,130,1.16,0.74,0.77,23.77,89.85,1.01,10.57,4.88,Eldorado do Sul,RS,Sul,-30.0,-51.61
2016,131,2.68,0.74,0.77,20.04,91.59,1.73,6.05,2.91,Eldorado do Sul,RS,Sul,-30.0,-51.61
2016,132,1.4,0.74,0.77,19.51,90.51,1.63,7.11,3.34,Eldorado do Sul,RS,Sul,-30.0,-51.61
2016,133,0.1,0.74,0.76,17.86,84.8,1.28,4.9,2.4,Eldorado do Sul,RS,Sul,-30.0,-51.61
2016,134,0.09,0.74,0.76,19.26,86.94,1.45,8.37,3.86,Eldorado do Sul,RS,Sul,-30.0,-51.61
2016,135,0.06,0.74,0.76,21.77,90.22,1.3,14.53,6.6,Eldorado do Sul,RS,Sul,-30.0,-51.61
2016,136,38.45,0.76,0.84,22.66,93.24,2.4,1.7,0.92,Eldorado do Sul,RS,Sul,-30.0,-51.61
2016,137,1.24,0.78,0.8,15.76,85.46,2.74,5.95,2.8,Eldorado do Sul,RS,Sul,-30.0,-51.61
2016,138,0.01,0.77,0.78,14.11,81.16,2.08,10.81,4.69,Eldorado do Sul,RS,Sul,-30.0,-51.61
2016,139,0.0,0.76,0.78,15.63,83.18,1.22,13.87,6.15,Eldorado do Sul,RS,Sul,-30.0,-51.61
2016,140,0.01,0.76,0.78,15.95,85.83,0.89,12.49,5.5,Eldorado do Sul,RS,Sul,-30.0,-51.61
2016,141,0.7,0.76,0.78,19.05,87.16,0.99,3.64,1.84,Eldorado do Sul,RS,Sul,-30.0,-51.61
2016,142,1.95,0.76,0.78,17.66,90.06,1.13,6.35,2.99,Eldorado do Sul,RS,Sul,-30.0,-51.61
2016,143,2.38,0.76,0.78,15.76,92.48,1.26,3.5,1.77,Eldorado do Sul,RS,Sul,-30.0,-51.61
2016,144,0.75,0.76,0.78,16.49,87.09,1.51,10.03,4.51,Eldorado do Sul,RS,Sul,-30.0,-51.61
2016,145,0.03,0.76,0.77,17.44,90.02,1.02,13.93,6.15,Eldorado do Sul,RS,Sul,-30.0,-51.61
2016,146,0.02,0.75,0.77,17.26,92.26,0.96,10.91,4.94,Eldorado do Sul,RS,Sul,-30.0,-51.61
2016,147,0.21,0.75,0.77,20.17,89.26,0.77,8.73,4.03,Eldorado do Sul,RS,Sul,-30.0,-51.61
2016,148,0.0,0.75,0.77,19.99,89.35,1.08,5.07,2.37,Eldorado do Sul,RS,Sul,-30.0,-51.61
2016,149,0.01,0.75,0.77,21.36,90.8,1.8,9.61,4.43,Eldorado do Sul,RS,Sul,-30.0,-51.61
2016,150,9.06,0.75,0.8,18.32,97.46,1.19,4.48,2.21,Eldorado do Sul,RS,Sul,-30.0,-51.61
2016,151,0.19,0.76,0.78,19.75,92.39,1.54,7.23,3.36,Eldorado do Sul,RS,Sul,-30.0,-51.61
2016,152,0.05,0.76,0.77,18.52,87.4,1.69,7.86,3.54,Eldorado do Sul,RS,Sul,-30.0,-51.61
2016,153,0.0,0.75,0.77,17.64,85.95,1.09,10.09,4.49,Eldorado do Sul,RS,Sul,-30.0,-51.61
2016,154,0.02,0.75,0.77,16.78,83.66,1.7,12.29,5.43,Eldorado do Sul,RS,Sul,-30.0,-51.61
2016,155,0.01,0.75,0.77,12.31,85.61,2.04,6.49,2.96,Eldorado do Sul,RS,Sul,-30.0,-51.61
2016,156,0.0,0.75,0.77,14.22,82.65,0.81,7.98,3.64,Eldorado do Sul,RS,Sul,-30.0,-51.61
2016,157,0.03,0.75,0.77,14.59,85.9,0.86,8.56,3.84,Eldorado do Sul,RS,Sul,-30.0,-51.61
2016,158,0.0,0.74,0.76,14.3,83.47,1.01,7.49,3.34,Eldorado do Sul,RS,Sul,-30.0,-51.61
2016,159,0.0,0.74,0.76,15.36,83.32,2.21,13.14,5.73,Eldorado do Sul,RS,Sul,-30.0,-51.61
2016,160,0.01,0.74,0.76,13.62,77.1,2.46,14.04,6.04,Eldorado do Sul,RS,Sul,-30.0,-51.61
2016,161,0.0,0.74,0.76,13.0,76.16,1.58,14.05,5.98,Eldorado do Sul,RS,Sul,-30.0,-51.61
2016,162,0.42,0.74,0.76,12.44,77.96,1.94,6.68,2.98,Eldorado do Sul,RS,Sul,-30.0,-51.61
2016,163,0.0,0.74,0.76,11.55,84.4,1.99,11.1,4.81,Eldorado do Sul,RS,Sul,-30.0,-51.61
2016,164,0.0,0.74,0.76,14.01,82.36,1.65,14.0,6.0,Eldorado do Sul,RS,Sul,-30.0,-51.61
2016,165,0.03,0.73,0.76,14.96,82.13,0.97,13.77,5.98,Eldorado do Sul,RS,Sul,-30.0,-51.61
2016,166,0.01,0.73,0.76,16.41,86.99,0.78,10.84,4.7,Eldorado do Sul,RS,Sul,-30.0,-51.61
2016,167,0.03,0.73,0.75,19.75,82.84,0.71,11.09,4.93,Eldorado do Sul,RS,Sul,-30.0,-51.61
2016,168,2.14,0.73,0.75,18.84,88.43,0.69,6.68,3.07,Eldorado do Sul,RS,Sul,-30.0,-51.61
2016,169,2.07,0.74,0.77,15.89,87.94,1.0,4.37,2.06,Eldorado do Sul,RS,Sul,-30.0,-51.61
2016,170,0.0,0.73,0.76,14.36,86.04,0.75,9.09,3.94,Eldorado do Sul,RS,Sul,-30.0,-51.61
2016,171,0.0,0.73,0.75,15.0,80.69,0.85,10.76,4.64,Eldorado do Sul,RS,Sul,-30.0,-51.61
2016,172,0.01,0.73,0.75,13.54,84.2,1.47,12.15,5.22,Eldorado do Sul,RS,Sul,-30.0,-51.61
2016,173,0.03,0.73,0.75,16.47,87.76,1.84,10.27,4.6,Eldorado do Sul,RS,Sul,-30.0,-51.61
2016,174,1.78,0.73,0.76,16.14,94.4,1.13,4.64,2.18,Eldorado do Sul,RS,Sul,-30.0,-51.61
2016,175,0.12,0.73,0.75,17.34,89.41,0.69,7.48,3.36,Eldorado do Sul,RS,Sul,-30.0,-51.61
2016,176,0.04,0.73,0.75,17.86,91.03,1.17,10.76,4.67,Eldorado do Sul,RS,Sul,-30.0,-51.61
2016,177,0.05,0.73,0.75,19.56,92.5,0.9,9.7,4.41,Eldorado do Sul,RS,Sul,-30.0,-51.61
2016,178,0.08,0.73,0.75,21.71,89.38,0.88,8.72,4.03,Eldorado do Sul,RS,Sul,-30.0,-51.61
2016,179,0.01,0.72,0.75,20.96,93.69,0.91,8.8,3.97,Eldorado do Sul,RS,Sul,-30.0,-51.61
2016,180,0.01,0.72,0.75,22.49,89.59,0.56,7.25,3.32,Eldorado do Sul,RS,Sul,-30.0,-51.61
2016,181,0.06,0.72,0.74,21.78,91.86,0.97,7.66,3.49,Eldorado do Sul,RS,Sul,-30.0,-51.61
2016,182,0.03,0.72,0.74,18.07,94.96,0.85,8.78,4.01,Eldorado do Sul,RS,Sul,-30.0,-51.61
2016,183,0.02,0.72,0.74,24.18,90.01,1.07,12.11,5.39,Eldorado do Sul,RS,Sul,-30.0,-51.61
2016,184,0.07,0.72,0.74,23.97,89.23,1.08,11.86,5.32,Eldorado do Sul,RS,Sul,-30.0,-51.61
2016,185,0.01,0.72,0.74,24.62,91.18,1.21,12.45,5.59,Eldorado do Sul,RS,Sul,-30.0,-51.61
2016,186,0.01,0.71,0.74,25.31,88.99,1.3,11.04,5.02,Eldorado do Sul,RS,Sul,-30.0,-51.61
2016,187,8.02,0.71,0.76,23.03,87.62,1.78,6.75,3.19,Eldorado do Sul,RS,Sul,-30.0,-51.61
2016,188,10.6,0.74,0.79,18.28,84.95,3.88,5.87,2.66,Eldorado do Sul,RS,Sul,-30.0,-51.61
2016,189,0.0,0.73,0.75,16.71,79.99,2.55,13.87,6.07,Eldorado do Sul,RS,Sul,-30.0,-51.61
2016,190,0.0,0.73,0.75,18.03,81.52,0.96,12.83,5.59,Eldorado do Sul,RS,Sul,-30.0,-51.61
2016,191,8.59,0.73,0.78,13.91,96.35,1.11,2.33,1.2,Eldorado do Sul,RS,Sul,-30.0,-51.61
2016,192,0.57,0.74,0.76,18.1,93.27,1.01,9.74,4.42,Eldorado do Sul,RS,Sul,-30.0,-51.61
2016,193,50.25,0.77,0.86,16.53,96.79,1.5,0.76,0.44,Eldorado do Sul,RS,Sul,-30.0,-51.61
2016,194,1.02,0.79,0.81,16.63,94.03,1.93,8.34,3.77,Eldorado do Sul,RS,Sul,-30.0,-51.61
2016,195,4.58,0.77,0.79,16.73,88.07,1.47,9.33,4.14,Eldorado do Sul,RS,Sul,-30.0,-51.61
2016,196,21.68,0.79,0.85,18.69,92.12,1.25,2.09,1.12,Eldorado do Sul,RS,Sul,-30.0,-51.61
2016,197,0.27,0.79,0.81,18.67,88.79,1.53,8.15,3.66,Eldorado do Sul,RS,Sul,-30.0,-51.61
2016,198,0.25,0.78,0.8,14.59,81.3,2.5,10.7,4.72,Eldorado do Sul,RS,Sul,-30.0,-51.61
2016,199,0.22,0.78,0.79,11.56,80.16,2.76,13.86,6.02,Eldorado do Sul,RS,Sul,-30.0,-51.61
2016,200,0.0,0.77,0.79,13.78,85.04,1.24,11.68,5.11,Eldorado do Sul,RS,Sul,-30.0,-51.61
2016,201,0.0,0.77,0.79,13.6,86.55,1.0,11.61,5.03,Eldorado do Sul,RS,Sul,-30.0,-51.61
2016,202,0.0,0.77,0.79,13.28,83.21,0.78,14.1,6.08,Eldorado do Sul,RS,Sul,-30.0,-51.61
2016,203,0.0,0.77,0.79,15.06,86.47,0.84,10.2,4.46,Eldorado do Sul,RS,Sul,-30.0,-51.61
2016,204,0.01,0.77,0.78,16.05,88.14,1.09,13.47,5.84,Eldorado do Sul,RS,Sul,-30.0,-51.61
2016,205,0.05,0.76,0.78,20.62,88.82,1.04,13.14,5.82,Eldorado do Sul,RS,Sul,-30.0,-51.61
2016,206,0.02,0.76,0.78,22.85,88.88,1.37,12.23,5.44,Eldorado do Sul,RS,Sul,-30.0,-51.61
2016,207,4.43,0.76,0.78,23.3,90.28,1.68,11.93,5.35,Eldorado do Sul,RS,Sul,-30.0,-51.61
2016,208,10.71,0.77,0.82,21.47,85.2,3.32,1.99,1.06,Eldorado do Sul,RS,Sul,-30.0,-51.61
2016,209,1.09,0.78,0.79,14.8,80.46,2.98,13.29,5.88,Eldorado do Sul,RS,Sul,-30.0,-51.61
2016,210,0.0,0.77,0.79,14.77,84.79,1.32,11.93,5.22,Eldorado do Sul,RS,Sul,-30.0,-51.61
2016,211,0.0,0.77,0.79,17.19,88.23,1.87,14.39,6.37,Eldorado do Sul,RS,Sul,-30.0,-51.61
2016,212,0.0,0.76,0.78,22.44,89.93,1.03,11.93,5.36,Eldorado do Sul,RS,Sul,-30.0,-51.61
2016,213,0.0,0.76,0.78,25.34,89.27,1.29,14.54,6.52,Eldorado do Sul,RS,Sul,-30.0,-51.61
2016,214,0.12,0.76,0.78,22.24,87.99,1.57,5.78,2.74,Eldorado do Sul,RS,Sul,-30.0,-51.61
2016,215,0.09,0.76,0.78,17.07,85.16,1.79,7.85,3.59,Eldorado do Sul,RS,Sul,-30.0,-51.61
2016,216,0.01,0.75,0.77,20.02,87.92,2.3,13.76,6.21,Eldorado do Sul,RS,Sul,-30.0,-51.61
2016,217,0.03,0.75,0.77,22.09,92.5,0.93,9.12,4.14,Eldorado do Sul,RS,Sul,-30.0,-51.61
2016,218,0.0,0.75,0.77,26.68,87.69,1.46,14.83,6.6,Eldorado do Sul,RS,Sul,-30.0,-51.61
2016,219,22.72,0.76,0.82,18.73,91.95,1.7,5.67,2.68,Eldorado do Sul,RS,Sul,-30.0,-51.61
2016,220,1.12,0.78,0.81,18.39,80.3,1.23,15.91,6.99,Eldorado do Sul,RS,Sul,-30.0,-51.61
2016,221,0.0,0.77,0.79,17.52,79.42,1.56,11.84,5.28,Eldorado do Sul,RS,Sul,-30.0,-51.61
2016,222,0.58,0.77,0.79,19.47,83.46,1.02,12.16,5.41,Eldorado do Sul,RS,Sul,-30.0,-51.61
2016,223,1.95,0.77,0.79,17.21,86.18,1.22,11.77,5.25,Eldorado do Sul,RS,Sul,-30.0,-51.61
2016,224,0.06,0.76,0.78,17.44,85.85,1.17,12.5,5.59,Eldorado do Sul,RS,Sul,-30.0,-51.61
2016,225,0.03,0.76,0.78,20.26,82.43,0.88,16.58,7.22,Eldorado do Sul,RS,Sul,-30.0,-51.61
2016,226,0.05,0.76,0.78,22.03,80.62,1.19,17.54,7.57,Eldorado do Sul,RS,Sul,-30.0,-51.61
2016,227,0.05,0.75,0.77,23.97,82.71,0.86,16.93,7.49,Eldorado do Sul,RS,Sul,-30.0,-51.61
2016,228,0.01,0.75,0.77,25.02,90.75,1.29,7.77,3.67,Eldorado do Sul,RS,Sul,-30.0,-51.61
2016,229,4.27,0.75,0.78,24.74,88.41,1.09,14.46,6.52,Eldorado do Sul,RS,Sul,-30.0,-51.61
2016,230,7.9,0.76,0.8,20.91,84.5,1.61,6.47,3.08,Eldorado do Sul,RS,Sul,-30.0,-51.61
2016,231,0.0,0.76,0.78,19.13,72.7,1.17,18.76,8.12,Eldorado do Sul,RS,Sul,-30.0,-51.61
2016,232,6.1,0.76,0.79,16.34,89.96,2.77,3.72,1.92,Eldorado do Sul,RS,Sul,-30.0,-51.61
2016,233,9.77,0.77,0.81,18.27,91.56,2.37,2.95,1.57,Eldorado do Sul,RS,Sul,-30.0,-51.61
2016,234,5.45,0.78,0.81,14.35,81.05,2.65,10.8,4.89,Eldorado do Sul,RS,Sul,-30.0,-51.61
2016,235,0.05,0.77,0.79,16.44,75.3,1.57,19.12,8.28,Eldorado do Sul,RS,Sul,-30.0,-51.61
2016,236,0.01,0.77,0.78,19.79,71.34,0.95,18.65,8.21,Eldorado do Sul,RS,Sul,-30.0,-51.61
2016,237,0.01,0.76,0.78,21.77,82.79,1.07,19.69,8.62,Eldorado do Sul,RS,Sul,-30.0,-51.61
2016,238,0.06,0.76,0.77,25.61,82.79,1.05,19.41,8.56,Eldorado do Sul,RS,Sul,-30.0,-51.61
2016,239,0.01,0.75,0.77,28.23,85.69,1.02,18.16,8.14,Eldorado do Sul,RS,Sul,-30.0,-51.61
2016,240,0.14,0.75,0.76,29.84,86.17,1.57,15.08,6.8,Eldorado do Sul,RS,Sul,-30.0,-51.61
2016,241,9.54,0.75,0.79,22.97,88.74,1.31,10.91,5.03,Eldorado do Sul,RS,Sul,-30.0,-51.61
2016,242,12.63,0.77,0.82,18.67,94.47,2.1,3.92,2.03,Eldorado do Sul,RS,Sul,-30.0,-51.61
2016,243,24.97,0.79,0.86,22.55,91.72,1.67,8.16,3.88,Eldorado do Sul,RS,Sul,-30.0,-51.61
2016,244,1.21,0.8,0.82,20.31,88.3,1.87,8.74,4.17,Eldorado do Sul,RS,Sul,-30.0,-51.61
2016,245,0.16,0.79,0.8,21.85,84.97,1.37,11.61,5.25,Eldorado do Sul,RS,Sul,-30.0,-51.61
2016,246,0.19,0.78,0.8,16.64,88.76,2.23,9.82,4.64,Eldorado do Sul,RS,Sul,-30.0,-51.61
2016,247,8.04,0.78,0.82,15.64,91.41,2.72,4.03,2.06,Eldorado do Sul,RS,Sul,-30.0,-51.61
2016,248,12.67,0.8,0.85,19.56,91.63,2.01,4.18,2.18,Eldorado do Sul,RS,Sul,-30.0,-51.61
2016,249,17.89,0.8,0.84,23.52,88.3,1.15,10.49,5.03,Eldorado do Sul,RS,Sul,-30.0,-51.61
2016,250,1.92,0.82,0.83,15.2,77.63,4.08,13.23,5.87,Eldorado do Sul,RS,Sul,-30.0,-51.61
2016,251,1.22,0.81,0.82,17.4,77.72,4.4,8.13,3.92,Eldorado do Sul,RS,Sul,-30.0,-51.61
2016,252,0.01,0.8,0.81,19.86,83.59,1.95,13.87,6.35,Eldorado do Sul,RS,Sul,-30.0,-51.61
2016,253,0.01,0.79,0.8,22.31,81.6,0.91,21.35,9.5,Eldorado do Sul,RS,Sul,-30.0,-51.61
2016,254,0.01,0.79,0.8,26.03,78.94,0.81,21.76,9.67,Eldorado do Sul,RS,Sul,-30.0,-51.61
2016,255,0.0,0.78,0.79,25.63,84.51,1.31,21.19,9.38,Eldorado do Sul,RS,Sul,-30.0,-51.61
2016,256,0.28,0.78,0.79,28.67,85.69,1.27,19.69,8.89,Eldorado do Sul,RS,Sul,-30.0,-51.61
2016,257,33.34,0.8,0.85,23.19,73.57,3.71,7.22,3.42,Eldorado do Sul,RS,Sul,-30.0,-51.61
2016,258,0.02,0.8,0.81,17.43,71.75,4.61,18.36,8.19,Eldorado do Sul,RS,Sul,-30.0,-51.61
2016,259,0.0,0.79,0.8,19.56,75.2,1.82,20.89,9.22,Eldorado do Sul,RS,Sul,-30.0,-51.61
2016,260,0.0,0.79,0.8,21.17,81.03,1.54,23.18,10.08,Eldorado do Sul,RS,Sul,-30.0,-51.61
2016,261,0.01,0.78,0.79,26.52,82.09,1.0,22.15,9.84,Eldorado do Sul,RS,Sul,-30.0,-51.61
2016,262,0.01,0.78,0.79,24.06,84.51,1.44,13.95,6.31,Eldorado do Sul,RS,Sul,-30.0,-51.61
2016,263,0.02,0.77,0.79,17.62,79.05,1.94,15.64,7.03,Eldorado do Sul,RS,Sul,-30.0,-51.61
2016,264,0.0,0.77,0.78,20.59,85.13,1.63,17.32,7.82,Eldorado do Sul,RS,Sul,-30.0,-51.61
2016,265,0.0,0.76,0.78,22.99,83.83,1.98,22.24,9.9,Eldorado do Sul,RS,Sul,-30.0,-51.61
2016,266,0.01,0.76,0.77,23.84,81.3,1.28,24.63,10.79,Eldorado do Sul,RS,Sul,-30.0,-51.61
2016,267,0.06,0.76,0.77,22.19,81.83,1.74,21.51,9.61,Eldorado do Sul,RS,Sul,-30.0,-51.61
2016,268,0.0,0.75,0.77,18.21,79.25,1.3,18.6,8.17,Eldorado do Sul,RS,Sul,-30.0,-51.61
2016,269,0.0,0.75,0.77,19.61,82.09,1.21,19.09,8.49,Eldorado do Sul,RS,Sul,-30.0,-51.61
2016,270,0.0,0.75,0.76,20.55,79.54,1.21,24.22,10.59,Eldorado do Sul,RS,Sul,-30.0,-51.61
2016,271,0.01,0.74,0.76,21.18,81.04,1.52,24.72,10.76,Eldorado do Sul,RS,Sul,-30.0,-51.61
2016,272,0.02,0.74,0.75,26.78,80.83,1.21,25.13,10.95,Eldorado do Sul,RS,Sul,-30.0,-51.61
2016,273,0.02,0.73,0.75,18.84,78.96,2.23,16.1,7.3,Eldorado do Sul,RS,Sul,-30.0,-51.61
2016,274,0.0,0.73,0.75,19.46,77.86,2.56,23.54,10.41,Eldorado do Sul,RS,Sul,-30.0,-51.61
2016,275,0.0,0.73,0.74,22.08,81.56,2.67,23.18,10.38,Eldorado do Sul,RS,Sul,-30.0,-51.61
2016,276,0.0,0.72,0.74,23.29,82.16,2.43,23.8,10.65,Eldorado do Sul,RS,Sul,-30.0,-51.61
2016,277,0.1,0.72,0.74,22.68,84.86,2.25,22.28,10.11,Eldorado do Sul,RS,Sul,-30.0,-51.61
2016,278,0.24,0.72,0.74,22.54,85.44,2.38,16.07,7.34,Eldorado do Sul,RS,Sul,-30.0,-51.61
2016,279,2.68,0.72,0.74,21.99,86.27,3.35,18.6,8.55,Eldorado do Sul,RS,Sul,-30.0,-51.61
2016,280,2.62,0.72,0.75,19.4,84.57,3.5,11.78,5.64,Eldorado do Sul,RS,Sul,-30.0,-51.61
2016,281,0.04,0.72,0.74,22.88,81.28,1.34,20.81,9.39,Eldorado do Sul,RS,Sul,-30.0,-51.61
2016,282,0.0,0.71,0.73,21.98,72.56,2.07,20.61,9.11,Eldorado do Sul,RS,Sul,-30.0,-51.61
2016,283,0.0,0.71,0.72,21.66,72.6,0.93,27.37,11.96,Eldorado do Sul,RS,Sul,-30.0,-51.61
2016,284,0.01,0.7,0.72,22.96,73.39,2.16,26.56,11.49,Eldorado do Sul,RS,Sul,-30.0,-51.61
2016,285,0.01,0.7,0.71,26.78,80.02,1.27,19.25,8.77,Eldorado do Sul,RS,Sul,-30.0,-51.61
2016,286,0.81,0.69,0.72,23.82,87.95,0.97,12.29,5.88,Eldorado do Sul,RS,Sul,-30.0,-51.61
2016,287,4.98,0.7,0.74,23.57,89.77,1.77,18.25,8.58,Eldorado do Sul,RS,Sul,-30.0,-51.61
2016,288,0.0,0.7,0.72,25.67,81.64,1.79,17.76,8.18,Eldorado do Sul,RS,Sul,-30.0,-51.61
2016,289,4.87,0.7,0.73,26.85,84.28,1.67,18.95,8.85,Eldorado do Sul,RS,Sul,-30.0,-51.61
2016,290,41.81,0.72,0.83,29.98,92.1,1.14,7.22,3.55,Eldorado do Sul,RS,Sul,-30.0,-51.61
2016,291,96.11,0.81,0.91,26.1,93.91,1.65,1.73,0.99,Eldorado do Sul,RS,Sul,-30.0,-51.61
2016,292,23.95,0.83,0.87,21.43,93.16,2.74,3.4,1.83,Eldorado do Sul,RS,Sul,-30.0,-51.61
2016,293,24.06,0.83,0.88,24.63,95.57,1.44,1.99,1.08,Eldorado do Sul,RS,Sul,-30.0,-51.61
2016,294,2.95,0.83,0.84,25.13,81.98,2.59,22.58,10.14,Eldorado do Sul,RS,Sul,-30.0,-51.61
2016,295,0.1,0.81,0.82,22.28,78.91,1.69,18.62,8.48,Eldorado do Sul,RS,Sul,-30.0,-51.61
2016,296,0.0,0.8,0.81,22.76,80.6,1.99,28.0,12.46,Eldorado do Sul,RS,Sul,-30.0,-51.61
2016,297,0.11,0.79,0.8,25.14,87.07,1.41,17.7,8.32,Eldorado do Sul,RS,Sul,-30.0,-51.61
2016,298,3.83,0.79,0.8,27.86,88.58,2.06,18.77,8.79,Eldorado do Sul,RS,Sul,-30.0,-51.61
2016,299,2.6,0.79,0.81,23.61,91.49,3.7,13.5,6.47,Eldorado do Sul,RS,Sul,-30.0,-51.61
2016,300,16.88,0.79,0.83,25.15,91.41,1.91,12.93,6.34,Eldorado do Sul,RS,Sul,-30.0,-51.61
2016,301,1.99,0.81,0.82,19.28,74.2,4.44,16.8,7.76,Eldorado do Sul,RS,Sul,-30.0,-51.61
2016,302,0.2,0.79,0.8,19.32,73.65,2.54,18.36,8.32,Eldorado do Sul,RS,Sul,-30.0,-51.61
2016,303,0.0,0.79,0.79,21.72,76.0,1.9,30.27,13.43,Eldorado do Sul,RS,Sul,-30.0,-51.61
2016,304,0.02,0.78,0.79,24.6,78.92,1.6,29.26,13.06,Eldorado do Sul,RS,Sul,-30.0,-51.61
2016,305,0.01,0.77,0.78,29.35,80.1,1.48,28.7,12.92,Eldorado do Sul,RS,Sul,-30.0,-51.61
2016,306,11.81,0.77,0.82,26.38,92.76,1.55,4.22,2.23,Eldorado do Sul,RS,Sul,-30.0,-51.61
2016,307,24.85,0.81,0.86,21.45,81.18,3.03,13.81,6.6,Eldorado do Sul,RS,Sul,-30.0,-51.61
2016,308,0.0,0.8,0.81,21.12,67.88,1.3,29.78,13.09,Eldorado do Sul,RS,Sul,-30.0,-51.61
2016,309,0.03,0.79,0.8,25.14,68.68,1.03,28.85,12.96,Eldorado do Sul,RS,Sul,-30.0,-51.61
2016,310,0.03,0.78,0.79,27.29,76.19,1.57,30.86,13.82,Eldorado do Sul,RS,Sul,-30.0,-51.61
2016,311,0.0,0.77,0.78,28.57,79.4,1.37,30.55,13.7,Eldorado do Sul,RS,Sul,-30.0,-51.61
2016,312,0.0,0.76,0.77,31.36,78.56,1.08,29.2,13.34,Eldorado do Sul,RS,Sul,-30.0,-51.61
2016,313,0.13,0.75,0.77,28.82,84.98,1.07,23.85,10.91,Eldorado do Sul,RS,Sul,-30.0,-51.61
2016,314,24.93,0.77,0.84,24.06,92.86,1.08,11.3,5.7,Eldorado do Sul,RS,Sul,-30.0,-51.61
2016,315,8.91,0.79,0.82,28.55,83.51,1.61,26.31,12.04,Eldorado do Sul,RS,Sul,-30.0,-51.61
2016,316,2.58,0.79,0.81,24.51,82.72,2.01,13.52,6.54,Eldorado do Sul,RS,Sul,-30.0,-51.61
2016,317,0.0,0.78,0.79,21.99,70.28,2.23,32.18,14.24,Eldorado do Sul,RS,Sul,-30.0,-51.61
2016,318,0.01,0.77,0.78,26.64,79.69,1.51,30.89,13.92,Eldorado do Sul,RS,Sul,-30.0,-51.61
2016,319,0.01,0.76,0.77,29.89,78.0,0.96,30.61,13.78,Eldorado do Sul,RS,Sul,-30.0,-51.61
2016,320,0.25,0.75,0.77,29.1,82.83,1.01,25.15,11.54,Eldorado do Sul,RS,Sul,-30.0,-51.61
2016,321,2.81,0.75,0.77,26.44,86.52,1.63,17.47,8.3,Eldorado do Sul,RS,Sul,-30.0,-51.61
2016,322,14.12,0.76,0.81,23.69,85.75,2.04,12.75,6.22,Eldorado do Sul,RS,Sul,-30.0,-51.61
2016,323,2.13,0.77,0.79,18.36,83.53,1.89,15.98,7.3,Eldorado do Sul,RS,Sul,-30.0,-51.61
2016,324,0.03,0.76,0.77,22.37,77.28,1.71,29.71,13.25,Eldorado do Sul,RS,Sul,-30.0,-51.61
2016,325,0.0,0.75,0.77,22.36,82.73,1.27,26.95,12.07,Eldorado do Sul,RS,Sul,-30.0,-51.61
2016,326,0.0,0.75,0.76,26.8,77.42,1.96,27.68,12.46,Eldorado do Sul,RS,Sul,-30.0,-51.61
2016,327,0.04,0.74,0.75,23.85,73.9,1.17,22.44,10.15,Eldorado do Sul,RS,Sul,-30.0,-51.61
2016,328,0.0,0.73,0.74,25.51,72.79,1.0,31.38,13.91,Eldorado do Sul,RS,Sul,-30.0,-51.61
2016,329,0.04,0.72,0.74,26.29,74.18,1.69,32.36,14.49,Eldorado do Sul,RS,Sul,-30.0,-51.61
2016,330,0.04,0.72,0.73,27.02,83.35,1.95,24.58,11.27,Eldorado do Sul,RS,Sul,-30.0,-51.61
2016,331,0.15,0.71,0.73,30.69,82.9,1.33,27.82,12.72,Eldorado do Sul,RS,Sul,-30.0,-51.61
2016,332,16.92,0.72,0.78,28.39,88.4,0.92,11.12,5.45,Eldorado do Sul,RS,Sul,-30.0,-51.61
2016,333,13.38,0.75,0.81,24.34,85.69,1.98,9.26,4.71,Eldorado do Sul,RS,Sul,-30.0,-51.61
2016,334,0.02,0.74,0.76,25.97,76.22,1.91,27.87,12.59,Eldorado do Sul,RS,Sul,-30.0,-51.61
2016,335,0.05,0.73,0.74,24.33,75.37,2.39,30.85,13.75,Eldorado do Sul,RS,Sul,-30.0,-51.61
2016,336,0.07,0.72,0.73,26.26,75.52,1.84,31.78,14.2,Eldorado do Sul,RS,Sul,-30.0,-51.61
2016,337,0.06,0.71,0.73,28.93,81.14,1.08,25.35,11.77,Eldorado do Sul,RS,Sul,-30.0,-51.61
2016,338,39.92,0.73,0.82,25.96,89.82,1.43,5.54,2.96,Eldorado do Sul,RS,Sul,-30.0,-51.61
2016,339,4.08,0.77,0.79,24.4,83.86,2.29,20.29,9.5,Eldorado do Sul,RS,Sul,-30.0,-51.61
2016,340,0.01,0.75,0.76,26.5,77.35,1.21,32.44,14.55,Eldorado do Sul,RS,Sul,-30.0,-51.61
2016,341,0.05,0.73,0.75,30.58,78.52,1.22,29.1,13.2,Eldorado do Sul,RS,Sul,-30.0,-51.61
2016,342,1.66,0.72,0.75,28.68,77.61,1.32,28.53,13.14,Eldorado do Sul,RS,Sul,-30.0,-51.61
2016,343,3.67,0.72,0.75,27.16,78.43,1.77,19.79,9.26,Eldorado do Sul,RS,Sul,-30.0,-51.61
2016,344,0.08,0.72,0.73,24.42,75.35,2.51,16.8,8.01,Eldorado do Sul,RS,Sul,-30.0,-51.61
2016,345,0.07,0.71,0.73,30.01,81.55,1.54,21.87,10.25,Eldorado do Sul,RS,Sul,-30.0,-51.61
2016,346,0.0,0.7,0.71,30.96,70.29,2.06,29.05,13.15,Eldorado do Sul,RS,Sul,-30.0,-51.61
2016,347,0.0,0.69,0.7,31.37,68.73,1.18,30.47,13.93,Eldorado do Sul,RS,Sul,-30.0,-51.61
2016,348,0.37,0.68,0.69,31.87,74.23,1.88,26.54,12.26,Eldorado do Sul,RS,Sul,-30.0,-51.61
2016,349,0.04,0.68,0.68,25.45,64.8,2.13,31.47,13.92,Eldorado do Sul,RS,Sul,-30.0,-51.61
2016,350,0.03,0.67,0.67,23.88,67.69,2.34,33.53,14.93,Eldorado do Sul,RS,Sul,-30.0,-51.61
2016,351,0.04,0.66,0.67,26.73,73.84,2.22,30.06,13.58,Eldorado do Sul,RS,Sul,-30.0,-51.61
2016,352,1.24,0.66,0.67,29.69,77.4,1.48,27.76,12.77,Eldorado do Sul,RS,Sul,-30.0,-51.61
2016,353,5.42,0.66,0.69,32.43,81.34,1.39,24.94,11.68,Eldorado do Sul,RS,Sul,-30.0,-51.61
2016,354,1.3,0.66,0.68,28.95,82.13,1.88,15.01,7.38,Eldorado do Sul,RS,Sul,-30.0,-51.61
2016,355,0.09,0.66,0.67,28.19,76.34,0.88,18.98,9.02,Eldorado do Sul,RS,Sul,-30.0,-51.61
2016,356,0.1,0.66,0.66,31.59,77.27,1.59,28.64,13.13,Eldorado do Sul,RS,Sul,-30.0,-51.61
2016,357,7.34,0.65,0.69,33.09,77.37,1.23,26.46,12.29,Eldorado do Sul,RS,Sul,-30.0,-51.61
2016,358,4.01,0.66,0.68,32.3,80.32,2.04,22.06,10.4,Eldorado do Sul,RS,Sul,-30.0,-51.61
2016,359,1.06,0.66,0.67,31.77,78.42,1.63,24.79,11.64,Eldorado do Sul,RS,Sul,-30.0,-51.61
2016,360,7.78,0.65,0.69,32.06,81.27,1.9,27.52,12.93,Eldorado do Sul,RS,Sul,-30.0,-51.61
2016,361,13.22,0.67,0.73,33.87,82.7,1.53,24.58,11.56,Eldorado do Sul,RS,Sul,-30.0,-51.61
2016,362,15.3,0.7,0.77,25.76,90.83,1.59,14.22,6.92,Eldorado do Sul,RS,Sul,-30.0,-51.61
2016,363,9.67,0.7,0.75,27.6,87.19,2.38,10.08,5.15,Eldorado do Sul,RS,Sul,-30.0,-51.61
2016,364,8.36,0.7,0.74,25.55,91.42,2.5,11.97,5.99,Eldorado do Sul,RS,Sul,-30.0,-51.61
2016,365,10.13,0.71,0.76,29.54,86.44,0.81,19.55,9.37,Eldorado do Sul,RS,Sul,-30.0,-51.61
2016,366,7.56,0.71,0.76,30.72,88.6,1.24,10.95,5.46,Eldorado do Sul,RS,Sul,-30.0,-51.61
2017,1,3.39,0.7,0.73,31.87,81.51,1.64,24.17,11.39,Eldorado do Sul,RS,Sul,-30.0,-51.61
2017,2,3.36,0.7,0.73,31.24,81.26,1.75,20.43,9.72,Eldorado do Sul,RS,Sul,-30.0,-51.61
2017,3,28.81,0.7,0.78,32.51,81.48,1.44,26.18,12.24,Eldorado do Sul,RS,Sul,-30.0,-51.61
2017,4,29.01,0.75,0.84,29.14,89.72,1.15,18.81,8.86,Eldorado do Sul,RS,Sul,-30.0,-51.61
2017,5,6.79,0.76,0.8,29.12,90.53,1.42,15.88,7.68,Eldorado do Sul,RS,Sul,-30.0,-51.61
2017,6,3.84,0.75,0.78,27.35,80.23,2.63,15.29,7.46,Eldorado do Sul,RS,Sul,-30.0,-51.61
2017,7,0.23,0.73,0.75,28.95,83.26,1.81,15.32,7.45,Eldorado do Sul,RS,Sul,-30.0,-51.61
2017,8,7.81,0.73,0.77,31.04,85.96,0.86,19.59,9.35,Eldorado do Sul,RS,Sul,-30.0,-51.61
2017,9,26.76,0.74,0.83,32.46,86.9,1.38,12.03,5.91,Eldorado do Sul,RS,Sul,-30.0,-51.61
2017,10,18.93,0.77,0.83,29.45,90.78,1.71,17.06,8.26,Eldorado do Sul,RS,Sul,-30.0,-51.61
2017,11,4.85,0.77,0.81,28.58,83.63,2.56,18.58,8.83,Eldorado do Sul,RS,Sul,-30.0,-51.61
2017,12,0.06,0.76,0.77,28.06,79.87,1.86,31.91,14.46,Eldorado do Sul,RS,Sul,-30.0,-51.61
2017,13,0.01,0.74,0.76,33.06,73.42,1.0,31.25,14.26,Eldorado do Sul,RS,Sul,-30.0,-51.61
2017,14,3.44,0.73,0.76,32.17,83.82,1.63,18.23,8.61,Eldorado do Sul,RS,Sul,-30.0,-51.61
2017,15,4.72,0.73,0.76,30.23,86.4,1.75,25.23,11.84,Eldorado do Sul,RS,Sul,-30.0,-51.61
2017,16,21.97,0.74,0.8,29.66,85.71,1.56,13.62,6.74,Eldorado do Sul,RS,Sul,-30.0,-51.61
2017,17,11.23,0.76,0.81,28.16,86.27,1.56,21.66,10.21,Eldorado do Sul,RS,Sul,-30.0,-51.61
2017,18,1.11,0.76,0.77,30.17,82.21,1.8,26.48,12.26,Eldorado do Sul,RS,Sul,-30.0,-51.61
2017,19,0.33,0.74,0.76,27.52,77.51,2.24,31.83,14.46,Eldorado do Sul,RS,Sul,-30.0,-51.61
2017,20,0.0,0.73,0.74,27.84,80.43,2.06,31.85,14.38,Eldorado do Sul,RS,Sul,-30.0,-51.61
2017,21,0.0,0.72,0.73,27.61,79.47,2.18,30.74,13.91,Eldorado do Sul,RS,Sul,-30.0,-51.61
2017,22,0.04,0.71,0.72,28.88,82.19,1.82,27.77,12.74,Eldorado do Sul,RS,Sul,-30.0,-51.61
2017,23,3.99,0.7,0.73,29.09,84.72,1.64,26.8,12.36,Eldorado do Sul,RS,Sul,-30.0,-51.61
2017,24,4.11,0.7,0.73,31.4,84.25,1.11,26.67,12.39,Eldorado do Sul,RS,Sul,-30.0,-51.61
2017,25,7.43,0.71,0.75,29.55,85.93,1.65,20.42,9.54,Eldorado do Sul,RS,Sul,-30.0,-51.61
2017,26,4.68,0.71,0.74,24.24,83.18,1.83,19.72,9.12,Eldorado do Sul,RS,Sul,-30.0,-51.61
2017,27,0.67,0.71,0.73,25.27,75.07,1.36,27.36,12.37,Eldorado do Sul,RS,Sul,-30.0,-51.61
2017,28,0.25,0.7,0.72,27.53,80.51,1.62,28.27,12.67,Eldorado do Sul,RS,Sul,-30.0,-51.61
2017,29,1.47,0.69,0.71,29.93,82.8,2.0,22.41,10.41,Eldorado do Sul,RS,Sul,-30.0,-51.61
2017,30,2.33,0.68,0.71,31.25,81.99,1.44,18.75,8.87,Eldorado do Sul,RS,Sul,-30.0,-51.61
2017,31,3.42,0.68,0.71,29.13,84.4,1.3,18.0,8.57,Eldorado do Sul,RS,Sul,-30.0,-51.61
2017,32,2.87,0.68,0.71,28.31,87.97,1.19,15.88,7.6,Eldorado do Sul,RS,Sul,-30.0,-51.61
2017,33,6.68,0.69,0.73,27.31,88.43,1.03,20.72,9.73,Eldorado do Sul,RS,Sul,-30.0,-51.61
2017,34,4.81,0.69,0.73,30.59,82.7,1.46,23.6,10.97,Eldorado do Sul,RS,Sul,-30.0,-51.61
2017,35,2.49,0.69,0.71,32.35,80.34,0.98,28.7,13.21,Eldorado do Sul,RS,Sul,-30.0,-51.61
2017,36,2.1,0.68,0.71,32.0,84.89,1.96,18.39,8.64,Eldorado do Sul,RS,Sul,-30.0,-51.61
2017,37,0.0,0.68,0.69,25.85,74.4,2.24,27.84,12.53,Eldorado do Sul,RS,Sul,-30.0,-51.61
2017,38,0.0,0.67,0.68,27.47,74.49,1.22,29.41,13.11,Eldorado do Sul,RS,Sul,-30.0,-51.61
2017,39,0.0,0.66,0.67,28.11,75.59,2.07,24.92,11.28,Eldorado do Sul,RS,Sul,-30.0,-51.61
2017,40,0.05,0.65,0.66,30.85,79.14,2.31,26.85,12.47,Eldorado do Sul,RS,Sul,-30.0,-51.61
2017,41,3.58,0.65,0.67,30.97,80.88,1.51,23.91,11.12,Eldorado do Sul,RS,Sul,-30.0,-51.61
2017,42,6.59,0.66,0.69,28.24,85.05,1.17,8.63,4.32,Eldorado do Sul,RS,Sul,-30.0,-51.61
2017,43,4.69,0.66,0.7,28.89,85.75,1.44,17.71,8.37,Eldorado do Sul,RS,Sul,-30.0,-51.61
2017,44,12.3,0.66,0.71,31.36,82.66,1.23,13.13,6.44,Eldorado do Sul,RS,Sul,-30.0,-51.61
2017,45,16.26,0.69,0.77,29.7,88.49,1.16,13.52,6.46,Eldorado do Sul,RS,Sul,-30.0,-51.61
2017,46,2.94,0.69,0.72,32.26,83.96,1.48,21.5,10.13,Eldorado do Sul,RS,Sul,-30.0,-51.61
2017,47,13.39,0.7,0.76,28.46,91.27,1.16,21.68,10.25,Eldorado do Sul,RS,Sul,-30.0,-51.61
2017,48,0.42,0.7,0.72,31.53,83.58,1.42,22.4,10.52,Eldorado do Sul,RS,Sul,-30.0,-51.61
2017,49,2.57,0.69,0.71,33.88,80.78,1.21,25.41,11.92,Eldorado do Sul,RS,Sul,-30.0,-51.61
2017,50,16.53,0.69,0.76,29.77,89.23,1.32,21.41,10.07,Eldorado do Sul,RS,Sul,-30.0,-51.61
2017,51,2.79,0.71,0.74,31.58,86.83,0.88,23.51,11.13,Eldorado do Sul,RS,Sul,-30.0,-51.61
2017,52,4.43,0.7,0.74,29.75,87.65,0.96,18.07,8.51,Eldorado do Sul,RS,Sul,-30.0,-51.61
2017,53,8.09,0.71,0.75,29.4,87.6,0.93,16.5,7.77,Eldorado do Sul,RS,Sul,-30.0,-51.61
2017,54,3.74,0.71,0.74,27.4,90.17,1.2,17.21,8.09,Eldorado do Sul,RS,Sul,-30.0,-51.61
2017,55,4.25,0.71,0.74,29.71,84.31,1.12,19.31,9.04,Eldorado do Sul,RS,Sul,-30.0,-51.61
2017,56,0.63,0.7,0.72,29.84,84.6,1.74,22.07,10.25,Eldorado do Sul,RS,Sul,-30.0,-51.61
2017,57,0.14,0.69,0.7,29.82,83.42,1.81,26.16,12.04,Eldorado do Sul,RS,Sul,-30.0,-51.61
2017,58,0.01,0.68,0.69,30.2,81.1,1.33,25.28,11.55,Eldorado do Sul,RS,Sul,-30.0,-51.61
2017,59,0.03,0.67,0.68,31.98,77.03,0.74,23.8,10.93,Eldorado do Sul,RS,Sul,-30.0,-51.61
2017,60,2.12,0.66,0.69,29.61,87.0,1.07,12.55,6.15,Eldorado do Sul,RS,Sul,-30.0,-51.61
2017,61,0.05,0.66,0.68,32.13,81.74,1.08,24.24,11.3,Eldorado do Sul,RS,Sul,-30.0,-51.61
2017,62,6.84,0.66,0.69,33.66,79.66,0.93,20.73,9.72,Eldorado do Sul,RS,Sul,-30.0,-51.61
2017,63,17.45,0.67,0.75,27.72,91.37,1.19,8.72,4.37,Eldorado do Sul,RS,Sul,-30.0,-51.61
2017,64,5.92,0.69,0.74,27.43,85.25,2.2,12.04,5.86,Eldorado do Sul,RS,Sul,-30.0,-51.61
2017,65,0.19,0.69,0.71,28.54,82.3,1.68,20.54,9.59,Eldorado do Sul,RS,Sul,-30.0,-51.61
2017,66,0.01,0.67,0.69,29.21,81.93,2.01,20.54,9.53,Eldorado do Sul,RS,Sul,-30.0,-51.61
2017,67,0.15,0.67,0.69,28.24,86.4,1.8,22.6,10.55,Eldorado do Sul,RS,Sul,-30.0,-51.61
2017,68,3.92,0.66,0.69,32.91,84.61,1.86,18.47,8.69,Eldorado do Sul,RS,Sul,-30.0,-51.61
2017,69,47.56,0.72,0.83,24.56,89.55,1.32,6.76,3.41,Eldorado do Sul,RS,Sul,-30.0,-51.61
2017,70,2.92,0.72,0.74,26.69,83.73,1.87,17.84,8.3,Eldorado do Sul,RS,Sul,-30.0,-51.61
2017,71,62.59,0.76,0.87,24.16,87.52,2.25,4.36,2.23,Eldorado do Sul,RS,Sul,-30.0,-51.61
2017,72,0.02,0.76,0.77,23.7,71.11,1.25,26.29,11.63,Eldorado do Sul,RS,Sul,-30.0,-51.61
2017,73,0.13,0.74,0.76,25.39,76.14,1.0,25.65,11.36,Eldorado do Sul,RS,Sul,-30.0,-51.61
2017,74,0.09,0.72,0.74,30.44,85.19,1.19,23.69,10.85,Eldorado do Sul,RS,Sul,-30.0,-51.61
2017,75,10.37,0.73,0.78,23.72,92.99,1.7,9.13,4.57,Eldorado do Sul,RS,Sul,-30.0,-51.61
2017,76,0.34,0.73,0.75,22.62,77.57,1.67,18.54,8.31,Eldorado do Sul,RS,Sul,-30.0,-51.61
2017,77,0.02,0.72,0.73,24.23,77.91,1.75,22.72,10.17,Eldorado do Sul,RS,Sul,-30.0,-51.61
2017,78,0.03,0.71,0.73,24.53,82.75,1.92,18.84,8.63,Eldorado do Sul,RS,Sul,-30.0,-51.61
2017,79,0.02,0.7,0.72,25.37,83.52,2.13,21.73,10.01,Eldorado do Sul,RS,Sul,-30.0,-51.61
2017,80,0.28,0.7,0.71,26.17,84.59,1.67,22.86,10.5,Eldorado do Sul,RS,Sul,-30.0,-51.61
2017,81,0.23,0.69,0.71,27.77,83.17,1.6,20.07,9.24,Eldorado do Sul,RS,Sul,-30.0,-51.61
2017,82,0.82,0.68,0.71,28.29,83.87,1.12,10.2,4.94,Eldorado do Sul,RS,Sul,-30.0,-51.61
2017,83,0.09,0.68,0.7,27.68,84.54,1.12,20.79,9.59,Eldorado do Sul,RS,Sul,-30.0,-51.61
2017,84,0.45,0.68,0.69,26.32,85.21,1.98,18.08,8.35,Eldorado do Sul,RS,Sul,-30.0,-51.61
2017,85,0.38,0.67,0.69,26.78,85.72,2.28,18.98,8.73,Eldorado do Sul,RS,Sul,-30.0,-51.61
2017,86,1.4,0.67,0.69,26.75,85.27,2.43,20.61,9.48,Eldorado do Sul,RS,Sul,-30.0,-51.61
2017,87,0.2,0.67,0.68,25.93,82.97,2.64,17.5,8.08,Eldorado do Sul,RS,Sul,-30.0,-51.61
2017,88,0.01,0.66,0.67,25.9,81.09,2.58,18.17,8.33,Eldorado do Sul,RS,Sul,-30.0,-51.61
2017,89,0.01,0.66,0.67,25.62,79.36,1.94,21.27,9.66,Eldorado do Sul,RS,Sul,-30.0,-51.61
2017,90,0.01,0.65,0.66,25.55,79.71,2.28,22.03,9.92,Eldorado do Sul,RS,Sul,-30.0,-51.61
2017,91,0.01,0.65,0.66,25.58,78.72,2.5,18.29,8.3,Eldorado do Sul,RS,Sul,-30.0,-51.61
2017,92,0.01,0.65,0.66,26.62,82.91,1.69,20.8,9.49,Eldorado do Sul,RS,Sul,-30.0,-51.61
2017,93,0.0,0.65,0.66,27.14,84.47,1.09,19.94,9.2,Eldorado do Sul,RS,Sul,-30.0,-51.61
2017,94,0.04,0.65,0.65,30.66,77.62,0.79,11.38,5.39,Eldorado do Sul,RS,Sul,-30.0,-51.61
2017,95,1.21,0.64,0.65,27.32,84.43,1.15,9.16,4.43,Eldorado do Sul,RS,Sul,-30.0,-51.61
2017,96,0.04,0.64,0.65,26.92,78.12,1.48,18.54,8.47,Eldorado do Sul,RS,Sul,-30.0,-51.61
2017,97,0.0,0.64,0.64,27.21,81.79,2.55,18.51,8.47,Eldorado do Sul,RS,Sul,-30.0,-51.61
2017,98,0.14,0.64,0.64,27.12,83.39,2.53,12.07,5.76,Eldorado do Sul,RS,Sul,-30.0,-51.61
2017,99,3.74,0.64,0.66,24.38,92.61,2.05,5.33,2.74,Eldorado do Sul,RS,Sul,-30.0,-51.61
2017,100,4.96,0.64,0.67,30.55,86.4,1.83,12.27,5.8,Eldorado do Sul,RS,Sul,-30.0,-51.61
2017,101,9.87,0.66,0.72,24.09,79.53,2.46,18.37,8.38,Eldorado do Sul,RS,Sul,-30.0,-51.61
2017,102,0.19,0.65,0.67,22.27,74.56,1.59,11.6,5.22,Eldorado do Sul,RS,Sul,-30.0,-51.61
2017,103,0.01,0.65,0.66,22.97,77.11,1.59,18.96,8.54,Eldorado do Sul,RS,Sul,-30.0,-51.61
2017,104,0.17,0.65,0.66,24.14,87.71,1.5,10.39,4.9,Eldorado do Sul,RS,Sul,-30.0,-51.61
2017,105,1.44,0.64,0.66,25.86,88.39,1.08,7.76,3.74,Eldorado do Sul,RS,Sul,-30.0,-51.61
2017,106,6.57,0.65,0.69,21.57,89.1,2.16,3.69,1.94,Eldorado do Sul,RS,Sul,-30.0,-51.61
2017,107,0.35,0.65,0.67,23.23,83.3,1.78,13.71,6.29,Eldorado do Sul,RS,Sul,-30.0,-51.61
2017,108,0.01,0.65,0.66,24.01,84.66,2.74,14.9,6.84,Eldorado do Sul,RS,Sul,-30.0,-51.61
2017,109,0.0,0.64,0.65,25.72,81.19,1.88,15.93,7.31,Eldorado do Sul,RS,Sul,-30.0,-51.61
2017,110,0.22,0.64,0.65,26.44,82.64,1.28,10.32,4.97,Eldorado do Sul,RS,Sul,-30.0,-51.61
2017,111,6.9,0.64,0.68,24.49,92.39,1.37,10.36,4.86,Eldorado do Sul,RS,Sul,-30.0,-51.61
2017,112,0.09,0.65,0.66,23.05,75.54,1.05,17.58,7.86,Eldorado do Sul,RS,Sul,-30.0,-51.61
2017,113,0.05,0.64,0.65,22.56,76.84,1.18,18.35,8.2,Eldorado do Sul,RS,Sul,-30.0,-51.61
2017,114,1.41,0.64,0.65,23.14,87.7,1.16,3.87,2.01,Eldorado do Sul,RS,Sul,-30.0,-51.61
2017,115,31.35,0.66,0.77,22.02,96.44,1.48,3.01,1.57,Eldorado do Sul,RS,Sul,-30.0,-51.61
2017,116,14.81,0.71,0.76,21.13,75.74,4.02,12.49,5.66,Eldorado do Sul,RS,Sul,-30.0,-51.61
2017,117,0.0,0.69,0.71,18.11,71.96,2.31,18.38,8.04,Eldorado do Sul,RS,Sul,-30.0,-51.61
2017,118,0.01,0.68,0.7,20.13,75.04,1.31,18.72,8.11,Eldorado do Sul,RS,Sul,-30.0,-51.61
2017,119,0.01,0.67,0.69,22.22,69.81,0.8,18.31,8.04,Eldorado do Sul,RS,Sul,-30.0,-51.61
2017,120,0.04,0.67,0.69,23.14,78.56,0.96,18.19,7.94,Eldorado do Sul,RS,Sul,-30.0,-51.61
2017,121,0.02,0.66,0.69,21.18,88.73,0.81,10.54,4.77,Eldorado do Sul,RS,Sul,-30.0,-51.61
2017,122,0.16,0.66,0.68,24.83,85.27,0.99,14.65,6.7,Eldorado do Sul,RS,Sul,-30.0,-51.61
2017,123,0.93,0.66,0.68,25.59,87.61,0.86,12.99,6.02,Eldorado do Sul,RS,Sul,-30.0,-51.61
2017,124,1.13,0.66,0.67,25.36,87.78,1.26,6.68,3.26,Eldorado do Sul,RS,Sul,-30.0,-51.61
2017,125,1.19,0.65,0.68,24.45,90.58,1.83,10.65,4.95,Eldorado do Sul,RS,Sul,-30.0,-51.61
2017,126,0.05,0.65,0.67,24.06,88.27,1.86,12.46,5.7,Eldorado do Sul,RS,Sul,-30.0,-51.61
2017,127,0.02,0.65,0.66,25.37,86.75,1.55,15.07,6.81,Eldorado do Sul,RS,Sul,-30.0,-51.61
2017,128,0.04,0.65,0.66,26.2,85.42,1.25,12.76,5.81,Eldorado do Sul,RS,Sul,-30.0,-51.61
2017,129,0.3,0.64,0.65,23.31,81.57,1.77,7.45,3.52,Eldorado do Sul,RS,Sul,-30.0,-51.61
2017,130,0.12,0.64,0.65,20.9,81.95,1.31,11.14,5.01,Eldorado do Sul,RS,Sul,-30.0,-51.61
2017,131,0.06,0.64,0.65,20.03,81.36,1.81,9.81,4.44,Eldorado do Sul,RS,Sul,-30.0,-51.61
2017,132,20.24,0.65,0.73,17.57,96.34,1.83,3.37,1.73,Eldorado do Sul,RS,Sul,-30.0,-51.61
2017,133,21.91,0.69,0.77,22.05,94.66,1.25,2.71,1.42,Eldorado do Sul,RS,Sul,-30.0,-51.61
2017,134,2.21,0.7,0.74,21.62,89.34,1.86,6.76,3.15,Eldorado do Sul,RS,Sul,-30.0,-51.61
2017,135,0.63,0.69,0.71,20.88,88.59,1.1,10.34,4.66,Eldorado do Sul,RS,Sul,-30.0,-51.61
2017,136,0.21,0.68,0.71,20.21,85.23,1.0,8.86,4.02,Eldorado do Sul,RS,Sul,-30.0,-51.61
2017,137,0.02,0.68,0.7,22.03,88.43,1.56,14.32,6.49,Eldorado do Sul,RS,Sul,-30.0,-51.61
2017,138,0.29,0.67,0.7,22.02,90.3,2.27,9.96,4.66,Eldorado do Sul,RS,Sul,-30.0,-51.61
2017,139,2.58,0.68,0.71,21.69,90.88,2.8,12.61,5.87,Eldorado do Sul,RS,Sul,-30.0,-51.61
2017,140,8.86,0.67,0.71,24.17,85.68,0.97,8.55,4.02,Eldorado do Sul,RS,Sul,-30.0,-51.61
2017,141,10.2,0.7,0.76,19.33,84.75,1.47,9.13,4.25,Eldorado do Sul,RS,Sul,-30.0,-51.61
2017,142,0.27,0.69,0.71,20.53,84.98,1.16,13.81,6.19,Eldorado do Sul,RS,Sul,-30.0,-51.61
2017,143,1.97,0.69,0.71,18.54,92.14,1.17,4.18,2.05,Eldorado do Sul,RS,Sul,-30.0,-51.61
2017,144,2.69,0.69,0.72,23.59,93.87,0.92,9.21,4.35,Eldorado do Sul,RS,Sul,-30.0,-51.61
2017,145,24.64,0.72,0.81,25.76,94.15,1.34,7.26,3.51,Eldorado do Sul,RS,Sul,-30.0,-51.61
2017,146,72.07,0.77,0.89,21.44,94.91,1.41,2.14,1.13,Eldorado do Sul,RS,Sul,-30.0,-51.61
2017,147,16.09,0.81,0.85,18.86,94.6,2.44,1.8,0.94,Eldorado do Sul,RS,Sul,-30.0,-51.61
2017,148,11.79,0.81,0.85,20.35,93.81,2.36,3.8,1.93,Eldorado do Sul,RS,Sul,-30.0,-51.61
2017,149,1.06,0.79,0.81,21.04,91.16,1.92,6.87,3.22,Eldorado do Sul,RS,Sul,-30.0,-51.61
2017,150,7.39,0.78,0.81,18.05,91.05,1.42,5.12,2.48,Eldorado do Sul,RS,Sul,-30.0,-51.61
2017,151,10.65,0.78,0.82,17.09,94.42,2.48,3.45,1.79,Eldorado do Sul,RS,Sul,-30.0,-51.61
2017,152,39.44,0.83,0.9,18.49,94.92,1.71,4.08,2.06,Eldorado do Sul,RS,Sul,-30.0,-51.61
2017,153,0.67,0.83,0.84,18.85,84.46,1.22,9.22,4.14,Eldorado do Sul,RS,Sul,-30.0,-51.61
2017,154,0.22,0.81,0.82,20.28,86.46,1.01,12.93,5.76,Eldorado do Sul,RS,Sul,-30.0,-51.61
2017,155,9.58,0.82,0.84,18.26,95.32,1.07,2.23,1.17,Eldorado do Sul,RS,Sul,-30.0,-51.61
2017,156,1.73,0.81,0.83,18.1,91.54,1.86,2.82,1.44,Eldorado do Sul,RS,Sul,-30.0,-51.61
2017,157,4.65,0.82,0.84,17.03,94.46,2.0,3.51,1.76,Eldorado do Sul,RS,Sul,-30.0,-51.61
2017,158,21.8,0.82,0.85,18.92,94.1,1.66,5.22,2.46,Eldorado do Sul,RS,Sul,-30.0,-51.61
2017,159,17.59,0.85,0.89,17.01,95.48,2.82,2.48,1.27,Eldorado do Sul,RS,Sul,-30.0,-51.61
2017,160,4.4,0.85,0.86,12.87,88.71,2.76,4.69,2.23,Eldorado do Sul,RS,Sul,-30.0,-51.61
2017,161,0.02,0.84,0.84,16.38,83.72,2.58,13.12,5.84,Eldorado do Sul,RS,Sul,-30.0,-51.61
2017,162,0.08,0.84,0.84,18.59,79.56,0.96,13.65,6.0,Eldorado do Sul,RS,Sul,-30.0,-51.61
2017,163,0.07,0.83,0.84,18.29,86.03,0.94,11.91,5.33,Eldorado do Sul,RS,Sul,-30.0,-51.61
2017,164,0.07,0.83,0.84,20.49,87.26,0.92,12.06,5.32,Eldorado do Sul,RS,Sul,-30.0,-51.61
2017,165,0.2,0.83,0.83,19.44,92.43,0.98,7.45,3.36,Eldorado do Sul,RS,Sul,-30.0,-51.61
2017,166,0.06,0.83,0.83,21.62,92.0,1.07,11.96,5.37,Eldorado do Sul,RS,Sul,-30.0,-51.61
2017,167,0.0,0.82,0.83,23.56,91.49,1.22,9.74,4.38,Eldorado do Sul,RS,Sul,-30.0,-51.61
2017,168,0.0,0.82,0.83,25.01,89.62,1.66,12.35,5.56,Eldorado do Sul,RS,Sul,-30.0,-51.61
2017,169,9.02,0.82,0.85,21.75,89.25,2.39,7.44,3.47,Eldorado do Sul,RS,Sul,-30.0,-51.61
2017,170,1.03,0.83,0.84,13.49,83.27,1.41,7.63,3.44,Eldorado do Sul,RS,Sul,-30.0,-51.61
2017,171,0.01,0.83,0.83,12.87,83.25,1.14,13.39,5.78,Eldorado do Sul,RS,Sul,-30.0,-51.61
2017,172,0.04,0.82,0.83,16.92,92.22,1.09,11.03,4.94,Eldorado do Sul,RS,Sul,-30.0,-51.61
2017,173,0.01,0.82,0.83,22.04,91.58,1.22,12.99,5.79,Eldorado do Sul,RS,Sul,-30.0,-51.61
2017,174,0.01,0.82,0.83,24.01,92.14,1.26,13.02,5.85,Eldorado do Sul,RS,Sul,-30.0,-51.61
2017,175,0.0,0.82,0.82,23.96,91.42,1.22,11.18,5.07,Eldorado do Sul,RS,Sul,-30.0,-51.61
2017,176,0.0,0.81,0.82,23.56,89.25,1.35,13.4,5.93,Eldorado do Sul,RS,Sul,-30.0,-51.61
2017,177,0.01,0.81,0.82,22.79,90.43,1.2,12.59,5.53,Eldorado do Sul,RS,Sul,-30.0,-51.61
2017,178,0.0,0.81,0.82,22.9,89.62,1.52,12.41,5.48,Eldorado do Sul,RS,Sul,-30.0,-51.61
2017,179,0.11,0.81,0.82,24.56,89.2,1.27,12.51,5.69,Eldorado do Sul,RS,Sul,-30.0,-51.61
2017,180,0.86,0.8,0.82,23.37,90.66,1.24,11.65,5.31,Eldorado do Sul,RS,Sul,-30.0,-51.61
2017,181,5.75,0.81,0.83,19.56,88.84,1.39,4.0,1.94,Eldorado do Sul,RS,Sul,-30.0,-51.61
2017,182,0.46,0.81,0.82,16.42,85.72,1.08,12.22,5.45,Eldorado do Sul,RS,Sul,-30.0,-51.61
2017,183,0.03,0.81,0.82,16.07,87.39,1.44,13.49,5.87,Eldorado do Sul,RS,Sul,-30.0,-51.61
2017,184,0.03,0.8,0.82,17.31,87.92,1.27,13.87,6.07,Eldorado do Sul,RS,Sul,-30.0,-51.61
2017,185,0.02,0.8,0.81,18.41,87.65,1.17,12.83,5.67,Eldorado do Sul,RS,Sul,-30.0,-51.61
2017,186,0.01,0.8,0.81,21.33,88.7,1.31,13.63,6.05,Eldorado do Sul,RS,Sul,-30.0,-51.61
2017,187,0.0,0.8,0.81,21.42,87.14,1.14,13.54,6.03,Eldorado do Sul,RS,Sul,-30.0,-51.61
2017,188,0.0,0.8,0.81,22.1,88.76,1.18,12.53,5.57,Eldorado do Sul,RS,Sul,-30.0,-51.61
2017,189,0.0,0.79,0.81,23.13,87.18,1.42,12.17,5.45,Eldorado do Sul,RS,Sul,-30.0,-51.61
2017,190,0.52,0.79,0.81,22.53,90.25,1.13,7.75,3.5,Eldorado do Sul,RS,Sul,-30.0,-51.61
2017,191,0.56,0.79,0.8,23.47,89.83,1.03,12.11,5.5,Eldorado do Sul,RS,Sul,-30.0,-51.61
2017,192,2.36,0.79,0.81,17.98,95.71,1.27,4.11,2.03,Eldorado do Sul,RS,Sul,-30.0,-51.61
2017,193,0.98,0.79,0.81,21.58,95.64,1.32,10.62,4.84,Eldorado do Sul,RS,Sul,-30.0,-51.61
2017,194,0.06,0.79,0.81,24.43,90.3,1.22,13.71,6.06,Eldorado do Sul,RS,Sul,-30.0,-51.61
2017,195,0.02,0.79,0.8,24.74,88.68,1.4,9.18,4.11,Eldorado do Sul,RS,Sul,-30.0,-51.61
2017,196,0.0,0.78,0.8,25.23,81.6,2.1,11.95,5.29,Eldorado do Sul,RS,Sul,-30.0,-51.61
2017,197,9.96,0.78,0.82,21.23,83.38,2.42,4.91,2.35,Eldorado do Sul,RS,Sul,-30.0,-51.61
2017,198,8.16,0.8,0.84,11.49,81.79,2.11,4.18,2.0,Eldorado do Sul,RS,Sul,-30.0,-51.61
2017,199,0.0,0.8,0.81,11.04,74.92,1.64,15.31,6.51,Eldorado do Sul,RS,Sul,-30.0,-51.61
2017,200,0.05,0.8,0.81,13.92,68.12,0.92,15.31,6.54,Eldorado do Sul,RS,Sul,-30.0,-51.61
2017,201,0.02,0.79,0.81,17.88,75.25,1.13,15.29,6.52,Eldorado do Sul,RS,Sul,-30.0,-51.61
2017,202,0.02,0.79,0.8,17.62,82.36,1.36,15.12,6.52,Eldorado do Sul,RS,Sul,-30.0,-51.61
2017,203,0.2,0.79,0.8,18.45,87.65,1.12,14.74,6.4,Eldorado do Sul,RS,Sul,-30.0,-51.61
2017,204,0.02,0.78,0.8,22.71,89.84,1.23,14.88,6.51,Eldorado do Sul,RS,Sul,-30.0,-51.61
2017,205,0.01,0.78,0.8,25.97,87.16,1.4,14.23,6.4,Eldorado do Sul,RS,Sul,-30.0,-51.61
2017,206,0.02,0.78,0.8,25.05,88.04,0.92,13.78,6.21,Eldorado do Sul,RS,Sul,-30.0,-51.61
2017,207,0.01,0.78,0.79,25.17,85.66,1.09,12.68,5.76,Eldorado do Sul,RS,Sul,-30.0,-51.61
2017,208,0.06,0.77,0.79,23.94,87.92,0.9,13.48,6.07,Eldorado do Sul,RS,Sul,-30.0,-51.61
2017,209,0.09,0.77,0.79,22.72,87.3,1.33,15.58,6.76,Eldorado do Sul,RS,Sul,-30.0,-51.61
2017,210,0.03,0.77,0.79,23.82,86.29,1.45,15.53,6.83,Eldorado do Sul,RS,Sul,-30.0,-51.61
2017,211,0.0,0.77,0.78,24.93,86.53,1.25,14.04,6.23,Eldorado do Sul,RS,Sul,-30.0,-51.61
2017,212,0.0,0.76,0.78,24.97,85.16,1.08,14.21,6.27,Eldorado do Sul,RS,Sul,-30.0,-51.61
2017,213,0.04,0.76,0.78,25.02,83.07,0.89,14.27,6.31,Eldorado do Sul,RS,Sul,-30.0,-51.61
2017,214,11.39,0.76,0.8,19.68,91.65,1.57,5.93,2.82,Eldorado do Sul,RS,Sul,-30.0,-51.61
2017,215,15.37,0.8,0.85,18.24,86.08,2.91,6.47,3.06,Eldorado do Sul,RS,Sul,-30.0,-51.61
2017,216,0.07,0.79,0.8,17.7,85.8,1.28,14.63,6.46,Eldorado do Sul,RS,Sul,-30.0,-51.61
2017,217,0.03,0.78,0.8,19.52,86.44,1.78,16.48,7.18,Eldorado do Sul,RS,Sul,-30.0,-51.61
2017,218,0.02,0.78,0.79,20.3,83.33,1.17,17.07,7.43,Eldorado do Sul,RS,Sul,-30.0,-51.61
2017,219,0.01,0.77,0.79,22.32,87.18,1.16,16.49,7.29,Eldorado do Sul,RS,Sul,-30.0,-51.61
2017,220,6.51,0.78,0.81,22.39,92.3,1.74,3.47,1.73,Eldorado do Sul,RS,Sul,-30.0,-51.61
2017,221,0.31,0.78,0.8,18.47,88.71,1.81,9.93,4.47,Eldorado do Sul,RS,Sul,-30.0,-51.61
2017,222,2.58,0.78,0.8,20.86,88.68,2.76,15.02,6.76,Eldorado do Sul,RS,Sul,-30.0,-51.61
2017,223,5.22,0.78,0.81,21.29,91.01,2.81,8.98,4.17,Eldorado do Sul,RS,Sul,-30.0,-51.61
2017,224,14.72,0.78,0.82,25.89,85.73,1.91,6.08,2.88,Eldorado do Sul,RS,Sul,-30.0,-51.61
2017,225,34.99,0.83,0.9,19.07,95.71,1.35,3.88,1.96,Eldorado do Sul,RS,Sul,-30.0,-51.61
2017,226,1.1,0.83,0.84,18.73,76.88,1.82,14.62,6.51,Eldorado do Sul,RS,Sul,-30.0,-51.61
2017,227,0.06,0.82,0.82,20.1,85.82,1.27,16.22,7.15,Eldorado do Sul,RS,Sul,-30.0,-51.61
2017,228,0.04,0.81,0.82,20.91,84.88,1.3,11.21,4.99,Eldorado do Sul,RS,Sul,-30.0,-51.61
2017,229,0.01,0.8,0.81,20.62,82.32,0.93,16.15,7.05,Eldorado do Sul,RS,Sul,-30.0,-51.61
2017,230,0.04,0.8,0.81,24.26,84.69,1.03,17.75,7.8,Eldorado do Sul,RS,Sul,-30.0,-51.61
2017,231,12.48,0.8,0.83,25.16,86.22,1.52,10.83,5.03,Eldorado do Sul,RS,Sul,-30.0,-51.61
2017,232,11.48,0.82,0.85,16.83,76.96,2.54,9.37,4.31,Eldorado do Sul,RS,Sul,-30.0,-51.61
2017,233,0.02,0.82,0.82,15.82,75.58,1.25,19.19,8.31,Eldorado do Sul,RS,Sul,-30.0,-51.61
2017,234,0.02,0.81,0.82,18.79,81.91,1.53,17.86,7.86,Eldorado do Sul,RS,Sul,-30.0,-51.61
2017,235,0.0,0.8,0.81,24.58,86.52,1.19,16.73,7.69,Eldorado do Sul,RS,Sul,-30.0,-51.61
2017,236,0.0,0.8,0.81,28.36,89.97,1.27,15.76,7.21,Eldorado do Sul,RS,Sul,-30.0,-51.61
2017,237,0.0,0.79,0.8,28.89,85.94,1.4,18.15,8.29,Eldorado do Sul,RS,Sul,-30.0,-51.61
2017,238,0.21,0.79,0.8,27.54,82.35,1.16,19.17,8.54,Eldorado do Sul,RS,Sul,-30.0,-51.61
2017,239,1.68,0.79,0.81,22.42,92.66,0.8,5.44,2.73,Eldorado do Sul,RS,Sul,-30.0,-51.61
2017,240,0.06,0.79,0.8,26.67,87.64,0.87,14.11,6.51,Eldorado do Sul,RS,Sul,-30.0,-51.61
2017,241,0.1,0.79,0.8,30.94,85.88,1.59,15.2,6.87,Eldorado do Sul,RS,Sul,-30.0,-51.61
2017,242,0.96,0.78,0.8,22.3,80.47,2.3,4.15,2.08,Eldorado do Sul,RS,Sul,-30.0,-51.61
2017,243,0.05,0.78,0.79,20.4,82.0,2.3,17.16,7.64,Eldorado do Sul,RS,Sul,-30.0,-51.61
2017,244,0.01,0.78,0.79,24.88,85.21,1.77,17.74,8.04,Eldorado do Sul,RS,Sul,-30.0,-51.61
2017,245,0.0,0.77,0.78,28.12,83.03,1.33,18.99,8.46,Eldorado do Sul,RS,Sul,-30.0,-51.61
2017,246,0.0,0.77,0.78,29.08,83.96,1.29,19.93,8.92,Eldorado do Sul,RS,Sul,-30.0,-51.61
2017,247,0.21,0.76,0.78,29.88,81.85,1.65,18.77,8.39,Eldorado do Sul,RS,Sul,-30.0,-51.61
2017,248,6.22,0.77,0.8,22.13,91.03,1.54,7.37,3.56,Eldorado do Sul,RS,Sul,-30.0,-51.61
2017,249,0.2,0.77,0.78,22.21,87.46,2.45,13.12,5.98,Eldorado do Sul,RS,Sul,-30.0,-51.61
2017,250,0.08,0.76,0.78,25.99,87.57,1.05,15.76,7.05,Eldorado do Sul,RS,Sul,-30.0,-51.61
2017,251,0.0,0.76,0.78,25.36,84.22,0.69,18.16,8.16,Eldorado do Sul,RS,Sul,-30.0,-51.61
2017,252,0.01,0.76,0.78,25.69,90.95,1.23,13.72,6.18,Eldorado do Sul,RS,Sul,-30.0,-51.61
2017,253,0.01,0.76,0.77,31.23,83.63,1.54,17.75,7.85,Eldorado do Sul,RS,Sul,-30.0,-51.61
2017,254,0.62,0.75,0.77,22.53,84.15,2.11,7.21,3.43,Eldorado do Sul,RS,Sul,-30.0,-51.61
2017,255,5.95,0.75,0.79,18.77,90.28,1.91,6.99,3.38,Eldorado do Sul,RS,Sul,-30.0,-51.61
2017,256,0.39,0.76,0.78,22.21,91.84,1.87,11.71,5.52,Eldorado do Sul,RS,Sul,-30.0,-51.61
2017,257,24.6,0.77,0.82,25.83,88.03,1.59,9.26,4.39,Eldorado do Sul,RS,Sul,-30.0,-51.61
2017,258,44.6,0.8,0.88,19.76,89.15,2.2,2.57,1.4,Eldorado do Sul,RS,Sul,-30.0,-51.61
2017,259,52.36,0.87,0.93,18.28,93.37,2.57,2.68,1.48,Eldorado do Sul,RS,Sul,-30.0,-51.61
2017,260,3.29,0.87,0.87,21.98,83.98,1.77,10.12,4.75,Eldorado do Sul,RS,Sul,-30.0,-51.61
2017,261,0.49,0.85,0.85,21.77,85.75,1.48,15.35,6.9,Eldorado do Sul,RS,Sul,-30.0,-51.61
2017,262,0.01,0.83,0.84,25.46,87.97,1.48,20.13,9.04,Eldorado do Sul,RS,Sul,-30.0,-51.61
2017,263,0.01,0.83,0.83,30.93,83.65,1.04,21.47,9.58,Eldorado do Sul,RS,Sul,-30.0,-51.61
2017,264,0.02,0.82,0.82,31.93,77.39,1.07,23.11,10.35,Eldorado do Sul,RS,Sul,-30.0,-51.61
2017,265,1.21,0.81,0.82,27.98,85.8,1.79,19.43,8.63,Eldorado do Sul,RS,Sul,-30.0,-51.61
2017,266,4.57,0.82,0.83,21.18,87.08,1.42,5.65,2.74,Eldorado do Sul,RS,Sul,-30.0,-51.61
2017,267,0.03,0.81,0.82,22.96,85.63,2.59,17.2,7.73,Eldorado do Sul,RS,Sul,-30.0,-51.61
2017,268,0.03,0.81,0.81,27.73,84.86,1.49,22.34,10.05,Eldorado do Sul,RS,Sul,-30.0,-51.61
2017,269,0.14,0.8,0.81,27.07,85.55,0.81,21.19,9.53,Eldorado do Sul,RS,Sul,-30.0,-51.61
2017,270,1.64,0.8,0.81,28.0,84.7,1.84,12.27,5.74,Eldorado do Sul,RS,Sul,-30.0,-51.61
2017,271,0.4,0.8,0.8,19.34,81.8,2.89,9.04,4.4,Eldorado do Sul,RS,Sul,-30.0,-51.61
2017,272,4.42,0.79,0.82,17.59,89.89,2.73,6.91,3.51,Eldorado do Sul,RS,Sul,-30.0,-51.61
2017,273,9.94,0.81,0.84,21.54,88.97,1.16,10.88,5.29,Eldorado do Sul,RS,Sul,-30.0,-51.61
2017,274,21.17,0.82,0.86,26.52,88.23,1.12,22.12,10.12,Eldorado do Sul,RS,Sul,-30.0,-51.61
2017,275,6.7,0.84,0.85,19.56,79.39,2.76,12.38,5.68,Eldorado do Sul,RS,Sul,-30.0,-51.61
2017,276,0.12,0.82,0.83,21.23,77.08,2.23,25.99,11.56,Eldorado do Sul,RS,Sul,-30.0,-51.61
2017,277,0.0,0.81,0.82,25.94,77.55,1.62,24.08,10.71,Eldorado do Sul,RS,Sul,-30.0,-51.61
2017,278,0.0,0.8,0.81,28.74,76.71,1.47,21.37,9.41,Eldorado do Sul,RS,Sul,-30.0,-51.61
2017,279,3.7,0.8,0.82,24.84,86.64,1.71,5.24,2.69,Eldorado do Sul,RS,Sul,-30.0,-51.61
2017,280,0.23,0.8,0.81,21.93,81.49,3.39,20.25,9.13,Eldorado do Sul,RS,Sul,-30.0,-51.61
2017,281,2.84,0.8,0.81,24.25,85.74,2.99,16.42,7.69,Eldorado do Sul,RS,Sul,-30.0,-51.61
2017,282,0.12,0.79,0.8,27.24,87.43,1.36,12.68,6.0,Eldorado do Sul,RS,Sul,-30.0,-51.61
2017,283,20.57,0.79,0.84,24.09,89.84,2.87,9.22,4.51,Eldorado do Sul,RS,Sul,-30.0,-51.61
2017,284,47.64,0.86,0.92,18.35,93.71,3.1,2.45,1.36,Eldorado do Sul,RS,Sul,-30.0,-51.61
2017,285,36.97,0.88,0.92,20.21,92.78,3.37,3.08,1.65,Eldorado do Sul,RS,Sul,-30.0,-51.61
2017,286,33.36,0.91,0.92,21.66,92.45,1.3,6.17,3.17,Eldorado do Sul,RS,Sul,-30.0,-51.61
2017,287,0.49,0.9,0.88,21.54,83.57,1.84,12.88,6.09,Eldorado do Sul,RS,Sul,-30.0,-51.61
2017,288,0.0,0.88,0.87,22.64,76.84,1.26,28.21,12.46,Eldorado do Sul,RS,Sul,-30.0,-51.61
2017,289,0.0,0.87,0.86,25.86,84.17,1.73,26.09,11.7,Eldorado do Sul,RS,Sul,-30.0,-51.61
2017,290,0.0,0.86,0.85,28.88,81.18,1.34,26.36,12.1,Eldorado do Sul,RS,Sul,-30.0,-51.61
2017,291,21.04,0.86,0.87,30.08,85.91,1.03,13.79,6.55,Eldorado do Sul,RS,Sul,-30.0,-51.61
2017,292,25.5,0.89,0.9,22.99,87.91,1.67,10.63,5.18,Eldorado do Sul,RS,Sul,-30.0,-51.61
2017,293,0.0,0.88,0.87,24.88,81.56,1.74,25.51,11.41,Eldorado do Sul,RS,Sul,-30.0,-51.61
2017,294,5.62,0.88,0.88,22.86,92.96,1.78,6.85,3.53,Eldorado do Sul,RS,Sul,-30.0,-51.61
2017,295,1.6,0.88,0.87,19.6,73.94,2.66,25.08,11.15,Eldorado do Sul,RS,Sul,-30.0,-51.61
2017,296,0.03,0.87,0.86,20.96,75.03,1.2,30.03,13.06,Eldorado do Sul,RS,Sul,-30.0,-51.61
2017,297,0.03,0.86,0.85,23.35,82.37,1.97,28.45,12.73,Eldorado do Sul,RS,Sul,-30.0,-51.61
2017,298,0.04,0.86,0.85,21.85,89.95,1.35,12.49,6.12,Eldorado do Sul,RS,Sul,-30.0,-51.61
2017,299,1.09,0.85,0.85,27.32,82.58,0.78,20.33,9.35,Eldorado do Sul,RS,Sul,-30.0,-51.61
2017,300,15.84,0.86,0.88,26.14,87.03,1.77,17.23,8.06,Eldorado do Sul,RS,Sul,-30.0,-51.61
2017,301,3.28,0.86,0.86,23.62,85.9,2.48,16.73,7.79,Eldorado do Sul,RS,Sul,-30.0,-51.61
2017,302,0.05,0.85,0.85,24.61,86.21,1.89,23.16,10.59,Eldorado do Sul,RS,Sul,-30.0,-51.61
2017,303,0.26,0.85,0.85,28.05,84.42,1.23,19.5,9.1,Eldorado do Sul,RS,Sul,-30.0,-51.61
2017,304,0.03,0.84,0.84,23.27,73.2,1.69,29.4,12.98,Eldorado do Sul,RS,Sul,-30.0,-51.61
2017,305,0.0,0.83,0.83,23.9,74.64,1.47,30.42,13.58,Eldorado do Sul,RS,Sul,-30.0,-51.61
2017,306,0.01,0.82,0.82,26.51,78.02,1.72,30.29,13.52,Eldorado do Sul,RS,Sul,-30.0,-51.61
2017,307,4.75,0.82,0.84,25.74,89.4,1.73,9.86,4.92,Eldorado do Sul,RS,Sul,-30.0,-51.61
2017,308,17.88,0.84,0.86,21.42,91.67,2.43,7.12,3.66,Eldorado do Sul,RS,Sul,-30.0,-51.61
2017,309,0.0,0.84,0.84,22.54,77.24,1.75,27.01,12.08,Eldorado do Sul,RS,Sul,-30.0,-51.61
2017,310,0.01,0.83,0.83,23.58,80.91,2.01,27.33,12.23,Eldorado do Sul,RS,Sul,-30.0,-51.61
2017,311,0.93,0.82,0.82,25.84,82.8,2.3,28.18,12.82,Eldorado do Sul,RS,Sul,-30.0,-51.61
2017,312,6.11,0.82,0.84,25.08,82.89,1.23,8.54,4.36,Eldorado do Sul,RS,Sul,-30.0,-51.61
2017,313,11.43,0.82,0.85,28.65,83.61,1.17,21.14,9.85,Eldorado do Sul,RS,Sul,-30.0,-51.61
2017,314,8.49,0.83,0.86,22.77,85.44,1.58,10.01,4.96,Eldorado do Sul,RS,Sul,-30.0,-51.61
2017,315,0.01,0.83,0.83,26.34,76.02,2.4,28.9,12.92,Eldorado do Sul,RS,Sul,-30.0,-51.61
2017,316,0.0,0.82,0.82,24.41,74.58,2.02,31.9,14.08,Eldorado do Sul,RS,Sul,-30.0,-51.61
2017,317,0.01,0.8,0.81,27.68,72.13,0.82,31.4,14.06,Eldorado do Sul,RS,Sul,-30.0,-51.61
2017,318,0.0,0.8,0.8,27.78,77.56,1.5,31.56,14.09,Eldorado do Sul,RS,Sul,-30.0,-51.61
2017,319,0.01,0.79,0.8,31.72,76.39,1.79,31.06,14.03,Eldorado do Sul,RS,Sul,-30.0,-51.61
2017,320,16.69,0.79,0.83,27.37,81.15,1.76,17.65,8.23,Eldorado do Sul,RS,Sul,-30.0,-51.61
2017,321,3.37,0.8,0.81,25.36,82.09,1.26,15.0,7.04,Eldorado do Sul,RS,Sul,-30.0,-51.61
2017,322,1.4,0.79,0.81,26.23,78.49,1.72,16.68,7.82,Eldorado do Sul,RS,Sul,-30.0,-51.61
2017,323,0.01,0.79,0.79,22.88,69.44,1.52,31.42,13.92,Eldorado do Sul,RS,Sul,-30.0,-51.61
2017,324,0.0,0.78,0.79,26.98,75.89,1.41,31.98,14.28,Eldorado do Sul,RS,Sul,-30.0,-51.61
2017,325,7.89,0.77,0.8,27.03,83.87,2.56,11.81,5.68,Eldorado do Sul,RS,Sul,-30.0,-51.61
2017,326,0.67,0.78,0.79,22.22,72.58,1.46,27.06,12.02,Eldorado do Sul,RS,Sul,-30.0,-51.61
2017,327,0.02,0.77,0.78,26.56,69.72,1.2,32.75,14.43,Eldorado do Sul,RS,Sul,-30.0,-51.61
2017,328,0.0,0.76,0.77,29.54,74.1,1.94,32.16,14.32,Eldorado do Sul,RS,Sul,-30.0,-51.61
2017,329,39.64,0.76,0.83,20.82,87.46,3.32,7.47,3.76,Eldorado do Sul,RS,Sul,-30.0,-51.61
2017,330,8.79,0.81,0.84,25.11,82.1,1.61,15.93,7.54,Eldorado do Sul,RS,Sul,-30.0,-51.61
2017,331,0.01,0.79,0.8,27.54,72.22,1.16,30.17,13.58,Eldorado do Sul,RS,Sul,-30.0,-51.61
2017,332,0.0,0.78,0.79,25.8,79.64,2.26,25.84,11.78,Eldorado do Sul,RS,Sul,-30.0,-51.61
2017,333,0.0,0.77,0.78,25.29,81.37,2.73,25.68,11.56,Eldorado do Sul,RS,Sul,-30.0,-51.61
2017,334,0.0,0.76,0.77,23.82,81.13,4.01,24.49,11.19,Eldorado do Sul,RS,Sul,-30.0,-51.61
2017,335,0.01,0.75,0.76,25.98,80.61,3.57,27.76,12.71,Eldorado do Sul,RS,Sul,-30.0,-51.61
2017,336,0.01,0.74,0.76,28.12,82.23,2.1,30.25,13.92,Eldorado do Sul,RS,Sul,-30.0,-51.61
2017,337,2.7,0.74,0.76,28.44,85.43,1.23,13.17,6.43,Eldorado do Sul,RS,Sul,-30.0,-51.61
2017,338,2.76,0.74,0.76,27.4,86.23,2.54,8.08,4.14,Eldorado do Sul,RS,Sul,-30.0,-51.61
2017,339,0.34,0.74,0.75,25.48,83.85,3.08,18.42,8.65,Eldorado do Sul,RS,Sul,-30.0,-51.61
2017,340,4.6,0.73,0.76,29.21,83.3,1.75,27.32,12.59,Eldorado do Sul,RS,Sul,-30.0,-51.61
2017,341,26.75,0.76,0.84,29.38,82.27,1.49,17.79,8.48,Eldorado do Sul,RS,Sul,-30.0,-51.61
2017,342,0.31,0.76,0.77,28.81,79.79,1.49,30.12,13.67,Eldorado do Sul,RS,Sul,-30.0,-51.61
2017,343,0.0,0.74,0.76,30.2,71.39,0.83,31.05,13.95,Eldorado do Sul,RS,Sul,-30.0,-51.61
2017,344,0.5,0.73,0.75,31.44,73.12,1.92,29.57,13.49,Eldorado do Sul,RS,Sul,-30.0,-51.61
2017,345,0.02,0.72,0.73,25.49,72.36,2.04,28.45,12.82,Eldorado do Sul,RS,Sul,-30.0,-51.61
2017,346,0.0,0.71,0.73,25.54,73.43,2.08,33.74,15.03,Eldorado do Sul,RS,Sul,-30.0,-51.61
2017,347,0.0,0.71,0.72,31.77,77.2,1.39,31.05,14.26,Eldorado do Sul,RS,Sul,-30.0,-51.61
2017,348,0.9,0.7,0.72,30.87,84.52,1.4,16.83,7.98,Eldorado do Sul,RS,Sul,-30.0,-51.61
2017,349,0.08,0.7,0.71,30.35,79.04,1.25,30.31,13.91,Eldorado do Sul,RS,Sul,-30.0,-51.61
2017,350,0.01,0.69,0.7,34.21,75.09,1.06,30.91,14.24,Eldorado do Sul,RS,Sul,-30.0,-51.61
2017,351,10.04,0.69,0.72,36.18,78.17,2.37,14.37,6.96,Eldorado do Sul,RS,Sul,-30.0,-51.61
2017,352,0.25,0.69,0.71,23.91,74.21,2.59,12.56,6.14,Eldorado do Sul,RS,Sul,-30.0,-51.61
2017,353,0.14,0.69,0.7,27.22,79.41,2.5,25.89,11.87,Eldorado do Sul,RS,Sul,-30.0,-51.61
2017,354,2.53,0.69,0.71,27.1,88.69,2.19,9.12,4.58,Eldorado do Sul,RS,Sul,-30.0,-51.61
2017,355,0.1,0.68,0.7,30.74,78.33,1.47,27.9,12.83,Eldorado do Sul,RS,Sul,-30.0,-51.61
2017,356,1.89,0.67,0.69,32.29,79.25,1.53,28.33,13.12,Eldorado do Sul,RS,Sul,-30.0,-51.61
2017,357,52.78,0.69,0.78,30.84,86.43,1.6,12.07,5.97,Eldorado do Sul,RS,Sul,-30.0,-51.61
2017,358,2.97,0.73,0.77,25.05,81.89,2.74,10.56,5.22,Eldorado do Sul,RS,Sul,-30.0,-51.61
2017,359,0.02,0.72,0.73,25.36,75.68,1.85,30.06,13.43,Eldorado do Sul,RS,Sul,-30.0,-51.61
2017,360,0.01,0.7,0.72,29.79,81.0,1.38,30.91,14.15,Eldorado do Sul,RS,Sul,-30.0,-51.61
2017,361,0.01,0.69,0.7,32.61,75.86,1.35,30.42,14.01,Eldorado do Sul,RS,Sul,-30.0,-51.61
2017,362,0.01,0.68,0.69,30.87,79.59,1.9,27.88,12.86,Eldorado do Sul,RS,Sul,-30.0,-51.61
2017,363,4.38,0.68,0.7,29.65,83.06,1.69,19.18,9.09,Eldorado do Sul,RS,Sul,-30.0,-51.61
2017,364,0.76,0.67,0.68,30.56,77.8,2.02,21.43,10.15,Eldorado do Sul,RS,Sul,-30.0,-51.61
2017,365,0.31,0.67,0.67,32.03,77.32,1.64,29.6,13.67,Eldorado do Sul,RS,Sul,-30.0,-51.61
2018,1,4.78,0.66,0.68,32.16,80.42,1.23,20.73,9.72,Eldorado do Sul,RS,Sul,-30.0,-51.61
2018,2,8.34,0.67,0.72,29.19,79.27,1.63,14.88,7.21,Eldorado do Sul,RS,Sul,-30.0,-51.61
2018,3,0.0,0.67,0.67,30.53,68.95,1.74,29.64,13.49,Eldorado do Sul,RS,Sul,-30.0,-51.61
2018,4,0.0,0.66,0.66,32.27,65.74,1.27,32.46,14.69,Eldorado do Sul,RS,Sul,-30.0,-51.61
2018,5,0.0,0.65,0.65,34.85,65.93,1.44,29.91,13.69,Eldorado do Sul,RS,Sul,-30.0,-51.61
2018,6,0.05,0.64,0.65,26.01,73.03,2.27,17.08,8.11,Eldorado do Sul,RS,Sul,-30.0,-51.61
2018,7,0.0,0.64,0.64,27.45,65.55,2.14,27.03,12.23,Eldorado do Sul,RS,Sul,-30.0,-51.61
2018,8,0.0,0.63,0.63,28.68,71.21,2.76,30.13,13.75,Eldorado do Sul,RS,Sul,-30.0,-51.61
2018,9,0.14,0.63,0.63,29.53,74.66,2.57,30.54,13.95,Eldorado do Sul,RS,Sul,-30.0,-51.61
2018,10,15.56,0.64,0.7,30.67,81.69,1.83,21.11,9.96,Eldorado do Sul,RS,Sul,-30.0,-51.61
2018,11,0.97,0.65,0.66,31.4,78.59,1.77,21.18,9.88,Eldorado do Sul,RS,Sul,-30.0,-51.61
2018,12,0.58,0.64,0.64,31.23,78.39,1.32,23.14,10.81,Eldorado do Sul,RS,Sul,-30.0,-51.61
2018,13,0.56,0.63,0.63,32.64,75.6,1.24,26.31,12.29,Eldorado do Sul,RS,Sul,-30.0,-51.61
2018,14,7.13,0.63,0.66,30.01,82.5,1.5,17.58,8.44,Eldorado do Sul,RS,Sul,-30.0,-51.61
2018,15,9.71,0.64,0.68,31.66,78.69,2.49,15.26,7.4,Eldorado do Sul,RS,Sul,-30.0,-51.61
2018,16,0.86,0.64,0.65,29.89,78.82,2.23,12.06,5.92,Eldorado do Sul,RS,Sul,-30.0,-51.61
2018,17,1.69,0.63,0.64,31.51,80.46,1.74,22.46,10.53,Eldorado do Sul,RS,Sul,-30.0,-51.61
2018,18,5.13,0.63,0.66,31.96,77.5,2.29,16.94,8.14,Eldorado do Sul,RS,Sul,-30.0,-51.61
2018,19,0.0,0.62,0.63,31.03,69.67,1.19,30.71,13.8,Eldorado do Sul,RS,Sul,-30.0,-51.61
2018,20,0.05,0.61,0.61,31.88,69.09,1.7,30.21,13.63,Eldorado do Sul,RS,Sul,-30.0,-51.61
2018,21,8.37,0.62,0.66,27.75,84.99,1.76,4.65,2.48,Eldorado do Sul,RS,Sul,-30.0,-51.61
2018,22,19.23,0.64,0.72,31.25,85.28,1.64,10.79,5.4,Eldorado do Sul,RS,Sul,-30.0,-51.61
2018,23,3.45,0.65,0.68,31.01,84.35,1.84,6.14,3.22,Eldorado do Sul,RS,Sul,-30.0,-51.61
2018,24,5.46,0.65,0.67,31.0,82.63,1.51,20.75,9.77,Eldorado do Sul,RS,Sul,-30.0,-51.61
2018,25,4.49,0.65,0.69,28.21,76.78,2.44,11.72,5.64,Eldorado do Sul,RS,Sul,-30.0,-51.61
2018,26,0.01,0.64,0.65,27.59,73.01,2.97,22.13,10.24,Eldorado do Sul,RS,Sul,-30.0,-51.61
2018,27,1.98,0.63,0.64,30.31,74.9,2.19,23.78,11.14,Eldorado do Sul,RS,Sul,-30.0,-51.61
2018,28,10.05,0.63,0.68,28.97,85.36,1.79,14.57,7.01,Eldorado do Sul,RS,Sul,-30.0,-51.61
2018,29,1.0,0.64,0.65,29.49,73.77,1.96,27.52,12.53,Eldorado do Sul,RS,Sul,-30.0,-51.61
2018,30,0.0,0.62,0.63,29.46,76.45,2.73,27.98,12.75,Eldorado do Sul,RS,Sul,-30.0,-51.61
2018,31,0.0,0.61,0.62,29.88,76.76,2.41,26.7,12.15,Eldorado do Sul,RS,Sul,-30.0,-51.61
2018,32,0.0,0.61,0.61,30.06,73.15,1.81,29.0,13.21,Eldorado do Sul,RS,Sul,-30.0,-51.61
2018,33,0.0,0.6,0.6,33.0,67.44,1.44,28.63,12.86,Eldorado do Sul,RS,Sul,-30.0,-51.61
2018,34,0.0,0.59,0.59,30.27,70.81,2.09,25.5,11.66,Eldorado do Sul,RS,Sul,-30.0,-51.61
2018,35,0.0,0.59,0.59,29.57,71.36,2.55,29.19,13.27,Eldorado do Sul,RS,Sul,-30.0,-51.61
2018,36,0.0,0.58,0.58,30.48,71.64,1.95,27.51,12.56,Eldorado do Sul,RS,Sul,-30.0,-51.61
2018,37,0.0,0.58,0.57,31.97,71.2,1.88,28.44,12.96,Eldorado do Sul,RS,Sul,-30.0,-51.61
2018,38,0.0,0.58,0.56,33.4,69.72,1.96,28.34,12.93,Eldorado do Sul,RS,Sul,-30.0,-51.61
2018,39,0.0,0.57,0.55,35.04,68.06,1.35,29.07,13.25,Eldorado do Sul,RS,Sul,-30.0,-51.61
2018,40,12.23,0.57,0.6,34.8,74.64,1.4,20.94,9.83,Eldorado do Sul,RS,Sul,-30.0,-51.61
2018,41,1.7,0.59,0.61,33.4,77.4,1.56,22.66,10.57,Eldorado do Sul,RS,Sul,-30.0,-51.61
2018,42,11.44,0.6,0.65,28.68,83.12,2.68,13.03,6.31,Eldorado do Sul,RS,Sul,-30.0,-51.61
2018,43,0.32,0.6,0.61,26.33,70.8,2.28,13.16,6.25,Eldorado do Sul,RS,Sul,-30.0,-51.61
2018,44,0.0,0.59,0.59,27.24,65.94,1.76,28.13,12.54,Eldorado do Sul,RS,Sul,-30.0,-51.61
2018,45,0.0,0.59,0.58,28.66,71.38,2.34,28.66,12.98,Eldorado do Sul,RS,Sul,-30.0,-51.61
2018,46,0.0,0.58,0.57,29.18,68.42,2.41,28.95,13.11,Eldorado do Sul,RS,Sul,-30.0,-51.61
2018,47,0.0,0.57,0.56,30.93,68.45,2.19,27.06,12.39,Eldorado do Sul,RS,Sul,-30.0,-51.61
2018,48,0.0,0.57,0.56,31.85,70.84,1.92,26.68,12.21,Eldorado do Sul,RS,Sul,-30.0,-51.61
2018,49,0.02,0.57,0.55,34.43,68.31,1.3,26.38,12.07,Eldorado do Sul,RS,Sul,-30.0,-51.61
2018,50,1.31,0.56,0.55,30.52,78.0,1.27,10.26,5.09,Eldorado do Sul,RS,Sul,-30.0,-51.61
2018,51,7.54,0.57,0.6,30.4,78.97,2.12,12.85,6.3,Eldorado do Sul,RS,Sul,-30.0,-51.61
2018,52,2.02,0.57,0.57,31.55,70.82,1.86,19.33,9.02,Eldorado do Sul,RS,Sul,-30.0,-51.61
2018,53,0.75,0.57,0.57,29.6,70.5,1.87,25.66,11.81,Eldorado do Sul,RS,Sul,-30.0,-51.61
2018,54,0.31,0.57,0.55,30.65,71.2,1.76,24.96,11.37,Eldorado do Sul,RS,Sul,-30.0,-51.61
2018,55,0.02,0.56,0.54,31.23,72.42,2.12,25.74,11.81,Eldorado do Sul,RS,Sul,-30.0,-51.61
2018,56,0.0,0.56,0.54,32.28,70.05,1.69,23.49,10.9,Eldorado do Sul,RS,Sul,-30.0,-51.61
2018,57,0.06,0.56,0.53,32.81,69.03,1.47,22.33,10.33,Eldorado do Sul,RS,Sul,-30.0,-51.61
2018,58,12.8,0.56,0.6,30.16,78.42,1.56,20.77,9.71,Eldorado do Sul,RS,Sul,-30.0,-51.61
2018,59,5.02,0.58,0.61,29.54,81.15,1.33,20.09,9.44,Eldorado do Sul,RS,Sul,-30.0,-51.61
2018,60,2.07,0.58,0.58,31.83,78.63,1.12,20.38,9.55,Eldorado do Sul,RS,Sul,-30.0,-51.61
2018,61,0.25,0.58,0.57,32.98,72.69,1.52,20.28,9.42,Eldorado do Sul,RS,Sul,-30.0,-51.61
2018,62,0.01,0.57,0.55,32.43,72.2,1.59,19.26,8.87,Eldorado do Sul,RS,Sul,-30.0,-51.61
2018,63,0.1,0.56,0.55,33.39,71.68,1.34,19.44,9.05,Eldorado do Sul,RS,Sul,-30.0,-51.61
2018,64,0.0,0.56,0.54,33.76,66.33,1.25,23.78,10.97,Eldorado do Sul,RS,Sul,-30.0,-51.61
2018,65,0.16,0.55,0.53,31.25,66.98,1.74,17.92,8.34,Eldorado do Sul,RS,Sul,-30.0,-51.61
2018,66,0.0,0.55,0.52,29.94,58.59,1.82,26.49,11.85,Eldorado do Sul,RS,Sul,-30.0,-51.61
2018,67,0.0,0.55,0.51,30.43,63.62,1.49,26.22,11.83,Eldorado do Sul,RS,Sul,-30.0,-51.61
2018,68,0.0,0.55,0.51,31.36,69.73,1.67,17.94,8.23,Eldorado do Sul,RS,Sul,-30.0,-51.61
2018,69,0.0,0.54,0.49,35.36,64.74,1.07,23.77,10.85,Eldorado do Sul,RS,Sul,-30.0,-51.61
2018,70,3.15,0.54,0.49,36.55,63.02,1.96,23.56,10.68,Eldorado do Sul,RS,Sul,-30.0,-51.61
2018,71,0.28,0.55,0.52,28.85,56.54,1.61,25.37,11.26,Eldorado do Sul,RS,Sul,-30.0,-51.61
2018,72,0.18,0.54,0.5,30.97,62.69,0.95,24.97,11.2,Eldorado do Sul,RS,Sul,-30.0,-51.61
2018,73,1.9,0.54,0.5,33.46,55.85,1.12,19.38,9.01,Eldorado do Sul,RS,Sul,-30.0,-51.61
2018,74,35.26,0.59,0.69,26.93,89.58,2.06,6.48,3.28,Eldorado do Sul,RS,Sul,-30.0,-51.61
2018,75,0.01,0.6,0.6,27.21,70.07,1.07,25.12,11.25,Eldorado do Sul,RS,Sul,-30.0,-51.61
2018,76,0.0,0.58,0.58,29.88,76.07,1.03,22.5,10.44,Eldorado do Sul,RS,Sul,-30.0,-51.61
2018,77,8.95,0.58,0.61,36.2,78.4,1.68,18.76,8.87,Eldorado do Sul,RS,Sul,-30.0,-51.61
2018,78,4.41,0.59,0.62,27.91,70.55,1.94,11.0,5.23,Eldorado do Sul,RS,Sul,-30.0,-51.61
2018,79,6.41,0.59,0.63,26.75,76.73,0.91,6.39,3.24,Eldorado do Sul,RS,Sul,-30.0,-51.61
2018,80,1.99,0.59,0.6,27.17,74.2,1.54,20.88,9.39,Eldorado do Sul,RS,Sul,-30.0,-51.61
2018,81,0.01,0.58,0.58,27.01,70.27,1.39,23.01,10.22,Eldorado do Sul,RS,Sul,-30.0,-51.61
2018,82,0.07,0.57,0.57,30.25,75.32,0.87,17.58,8.15,Eldorado do Sul,RS,Sul,-30.0,-51.61
2018,83,32.33,0.59,0.71,27.33,92.41,1.48,7.27,3.6,Eldorado do Sul,RS,Sul,-30.0,-51.61
2018,84,9.47,0.63,0.7,24.28,82.69,2.08,11.13,5.31,Eldorado do Sul,RS,Sul,-30.0,-51.61
2018,85,1.31,0.63,0.65,22.74,81.39,2.34,9.59,4.59,Eldorado do Sul,RS,Sul,-30.0,-51.61
2018,86,1.43,0.62,0.64,25.77,87.21,2.71,8.58,4.14,Eldorado do Sul,RS,Sul,-30.0,-51.61
2018,87,0.28,0.61,0.63,27.1,87.62,0.84,11.28,5.4,Eldorado do Sul,RS,Sul,-30.0,-51.61
2018,88,1.31,0.6,0.62,28.08,87.03,1.09,13.9,6.54,Eldorado do Sul,RS,Sul,-30.0,-51.61
2018,89,0.35,0.6,0.61,29.14,84.18,1.25,12.61,5.95,Eldorado do Sul,RS,Sul,-30.0,-51.61
2018,90,26.97,0.61,0.7,24.95,93.37,1.22,3.63,1.91,Eldorado do Sul,RS,Sul,-30.0,-51.61
2018,91,5.13,0.64,0.69,25.62,90.39,2.07,7.58,3.77,Eldorado do Sul,RS,Sul,-30.0,-51.61
2018,92,26.51,0.66,0.77,25.78,89.84,2.0,9.26,4.5,Eldorado do Sul,RS,Sul,-30.0,-51.61
2018,93,9.48,0.67,0.73,25.81,87.63,1.0,14.66,6.84,Eldorado do Sul,RS,Sul,-30.0,-51.61
2018,94,5.47,0.67,0.71,26.34,86.27,0.79,15.39,7.22,Eldorado do Sul,RS,Sul,-30.0,-51.61
2018,95,0.13,0.66,0.68,25.71,85.6,1.09,17.85,8.22,Eldorado do Sul,RS,Sul,-30.0,-51.61
2018,96,0.03,0.65,0.67,26.3,84.76,1.27,19.69,9.0,Eldorado do Sul,RS,Sul,-30.0,-51.61
2018,97,0.02,0.64,0.65,28.92,80.34,0.97,19.84,9.03,Eldorado do Sul,RS,Sul,-30.0,-51.61
2018,98,0.02,0.63,0.65,28.91,80.47,1.13,19.28,8.87,Eldorado do Sul,RS,Sul,-30.0,-51.61
2018,99,0.0,0.62,0.64,28.83,83.65,1.62,18.74,8.64,Eldorado do Sul,RS,Sul,-30.0,-51.61
2018,100,0.0,0.61,0.63,29.72,80.48,1.34,17.24,7.85,Eldorado do Sul,RS,Sul,-30.0,-51.61
2018,101,0.0,0.61,0.62,31.57,81.63,1.37,19.74,9.0,Eldorado do Sul,RS,Sul,-30.0,-51.61
2018,102,0.16,0.6,0.62,32.1,76.38,1.58,18.69,8.57,Eldorado do Sul,RS,Sul,-30.0,-51.61
2018,103,7.79,0.61,0.66,22.96,83.38,2.47,3.8,1.98,Eldorado do Sul,RS,Sul,-30.0,-51.61
2018,104,0.36,0.61,0.63,23.04,76.39,2.73,3.33,1.75,Eldorado do Sul,RS,Sul,-30.0,-51.61
2018,105,0.06,0.61,0.62,24.83,78.38,2.33,14.26,6.64,Eldorado do Sul,RS,Sul,-30.0,-51.61
2018,106,0.0,0.6,0.62,25.88,78.35,2.17,18.38,8.37,Eldorado do Sul,RS,Sul,-30.0,-51.61
2018,107,0.0,0.6,0.61,26.56,75.82,1.22,18.93,8.55,Eldorado do Sul,RS,Sul,-30.0,-51.61
2018,108,0.02,0.6,0.6,27.87,78.19,1.04,18.8,8.56,Eldorado do Sul,RS,Sul,-30.0,-51.61
2018,109,0.01,0.59,0.6,29.66,73.35,0.97,18.7,8.54,Eldorado do Sul,RS,Sul,-30.0,-51.61
2018,110,3.41,0.59,0.61,31.4,74.0,0.94,17.75,8.25,Eldorado do Sul,RS,Sul,-30.0,-51.61
2018,111,14.21,0.61,0.69,28.22,87.99,1.1,7.02,3.47,Eldorado do Sul,RS,Sul,-30.0,-51.61
2018,112,0.17,0.61,0.64,29.14,84.22,0.86,17.45,8.1,Eldorado do Sul,RS,Sul,-30.0,-51.61
2018,113,0.42,0.61,0.63,29.67,82.17,0.98,12.33,5.8,Eldorado do Sul,RS,Sul,-30.0,-51.61
2018,114,0.88,0.61,0.63,29.22,82.03,0.65,13.81,6.45,Eldorado do Sul,RS,Sul,-30.0,-51.61
2018,115,0.01,0.6,0.61,29.38,82.78,0.72,14.03,6.53,Eldorado do Sul,RS,Sul,-30.0,-51.61
2018,116,0.0,0.6,0.61,29.06,83.92,1.27,10.99,5.15,Eldorado do Sul,RS,Sul,-30.0,-51.61
2018,117,0.01,0.59,0.6,27.15,81.85,0.87,11.35,5.3,Eldorado do Sul,RS,Sul,-30.0,-51.61
2018,118,0.01,0.59,0.6,31.0,75.36,0.75,16.37,7.47,Eldorado do Sul,RS,Sul,-30.0,-51.61
2018,119,0.84,0.59,0.59,31.08,75.06,0.81,15.66,7.16,Eldorado do Sul,RS,Sul,-30.0,-51.61
2018,120,12.68,0.61,0.67,28.11,85.01,1.41,9.01,4.29,Eldorado do Sul,RS,Sul,-30.0,-51.61
2018,121,2.54,0.61,0.64,21.85,89.59,1.85,5.51,2.68,Eldorado do Sul,RS,Sul,-30.0,-51.61
2018,122,6.47,0.61,0.66,23.55,90.76,1.9,10.06,4.73,Eldorado do Sul,RS,Sul,-30.0,-51.61
2018,123,0.36,0.61,0.64,29.8,86.33,1.28,11.3,5.27,Eldorado do Sul,RS,Sul,-30.0,-51.61
2018,124,0.27,0.61,0.62,28.03,85.86,0.77,11.96,5.52,Eldorado do Sul,RS,Sul,-30.0,-51.61
2018,125,0.2,0.6,0.62,24.92,89.09,1.27,9.45,4.43,Eldorado do Sul,RS,Sul,-30.0,-51.61
2018,126,0.62,0.6,0.62,25.41,87.65,2.33,7.65,3.66,Eldorado do Sul,RS,Sul,-30.0,-51.61
2018,127,0.03,0.6,0.61,25.37,84.01,2.52,12.62,5.84,Eldorado do Sul,RS,Sul,-30.0,-51.61
2018,128,0.0,0.59,0.6,26.4,82.9,1.59,15.97,7.23,Eldorado do Sul,RS,Sul,-30.0,-51.61
2018,129,0.03,0.59,0.6,28.72,79.98,1.04,11.38,5.34,Eldorado do Sul,RS,Sul,-30.0,-51.61
2018,130,0.07,0.59,0.59,29.96,79.44,1.12,11.21,5.23,Eldorado do Sul,RS,Sul,-30.0,-51.61
2018,131,8.08,0.59,0.63,23.64,82.8,2.4,4.96,2.43,Eldorado do Sul,RS,Sul,-30.0,-51.61
2018,132,0.98,0.6,0.62,22.2,81.83,1.51,12.27,5.58,Eldorado do Sul,RS,Sul,-30.0,-51.61
2018,133,0.02,0.59,0.6,21.62,77.42,0.88,13.81,6.15,Eldorado do Sul,RS,Sul,-30.0,-51.61
2018,134,0.01,0.59,0.6,26.35,80.79,1.19,13.65,6.02,Eldorado do Sul,RS,Sul,-30.0,-51.61
2018,135,1.86,0.59,0.61,20.51,91.66,0.9,2.78,1.39,Eldorado do Sul,RS,Sul,-30.0,-51.61
2018,136,0.16,0.59,0.6,20.06,69.16,1.5,11.46,5.18,Eldorado do Sul,RS,Sul,-30.0,-51.61
2018,137,0.73,0.59,0.6,20.63,76.43,1.26,11.33,5.07,Eldorado do Sul,RS,Sul,-30.0,-51.61
2018,138,31.13,0.62,0.75,17.33,93.95,2.08,2.07,1.07,Eldorado do Sul,RS,Sul,-30.0,-51.61
2018,139,25.45,0.65,0.75,13.33,92.42,3.01,2.29,1.23,Eldorado do Sul,RS,Sul,-30.0,-51.61
2018,140,0.06,0.67,0.7,15.35,87.01,2.3,6.84,3.18,Eldorado do Sul,RS,Sul,-30.0,-51.61
2018,141,0.02,0.65,0.68,18.12,83.63,1.22,9.12,4.09,Eldorado do Sul,RS,Sul,-30.0,-51.61
2018,142,0.03,0.65,0.67,17.35,84.27,1.36,12.2,5.37,Eldorado do Sul,RS,Sul,-30.0,-51.61
2018,143,0.02,0.64,0.66,17.04,74.71,1.13,14.22,6.18,Eldorado do Sul,RS,Sul,-30.0,-51.61
2018,144,0.04,0.63,0.66,18.15,72.04,0.87,14.35,6.22,Eldorado do Sul,RS,Sul,-30.0,-51.61
2018,145,0.03,0.63,0.65,17.88,85.97,1.2,14.14,6.16,Eldorado do Sul,RS,Sul,-30.0,-51.61
2018,146,0.03,0.63,0.65,22.49,87.61,0.67,13.83,6.21,Eldorado do Sul,RS,Sul,-30.0,-51.61
2018,147,0.03,0.62,0.65,23.88,88.27,0.89,13.52,6.17,Eldorado do Sul,RS,Sul,-30.0,-51.61
2018,148,0.02,0.62,0.64,25.84,86.89,1.15,13.95,6.29,Eldorado do Sul,RS,Sul,-30.0,-51.61
2018,149,0.0,0.62,0.64,24.62,82.18,1.47,13.74,6.08,Eldorado do Sul,RS,Sul,-30.0,-51.61
2018,150,0.0,0.61,0.63,24.5,82.95,1.4,11.45,5.15,Eldorado do Sul,RS,Sul,-30.0,-51.61
2018,151,0.09,0.61,0.63,19.46,88.86,1.11,7.49,3.49,Eldorado do Sul,RS,Sul,-30.0,-51.61
2018,152,13.27,0.62,0.7,22.12,93.25,1.21,4.21,2.08,Eldorado do Sul,RS,Sul,-30.0,-51.61
2018,153,0.9,0.64,0.66,16.16,82.8,2.02,6.49,2.99,Eldorado do Sul,RS,Sul,-30.0,-51.61
2018,154,0.11,0.63,0.65,15.19,89.25,1.11,7.5,3.38,Eldorado do Sul,RS,Sul,-30.0,-51.61
2018,155,2.71,0.63,0.66,19.24,86.66,1.34,10.02,4.54,Eldorado do Sul,RS,Sul,-30.0,-51.61
2018,156,4.87,0.63,0.68,14.59,94.91,1.77,5.45,2.54,Eldorado do Sul,RS,Sul,-30.0,-51.61
2018,157,2.2,0.64,0.68,15.08,82.47,1.46,8.55,3.87,Eldorado do Sul,RS,Sul,-30.0,-51.61
2018,158,0.0,0.64,0.66,16.21,75.86,1.72,13.21,5.77,Eldorado do Sul,RS,Sul,-30.0,-51.61
2018,159,0.01,0.63,0.65,16.17,76.67,1.43,13.64,5.93,Eldorado do Sul,RS,Sul,-30.0,-51.61
2018,160,0.03,0.63,0.65,18.84,76.27,0.88,13.94,6.01,Eldorado do Sul,RS,Sul,-30.0,-51.61
2018,161,15.46,0.64,0.72,23.39,92.32,1.39,4.12,2.06,Eldorado do Sul,RS,Sul,-30.0,-51.61
2018,162,3.62,0.65,0.69,26.92,87.57,2.36,6.15,2.92,Eldorado do Sul,RS,Sul,-30.0,-51.61
2018,163,27.4,0.68,0.78,20.46,90.12,1.67,5.06,2.4,Eldorado do Sul,RS,Sul,-30.0,-51.61
2018,164,0.41,0.68,0.71,13.44,78.08,3.13,12.59,5.49,Eldorado do Sul,RS,Sul,-30.0,-51.61
2018,165,0.07,0.67,0.7,12.13,84.24,1.36,10.51,4.57,Eldorado do Sul,RS,Sul,-30.0,-51.61
2018,166,0.0,0.66,0.69,12.37,80.72,1.1,9.78,4.28,Eldorado do Sul,RS,Sul,-30.0,-51.61
2018,167,0.02,0.66,0.69,12.68,72.71,0.63,13.32,5.7,Eldorado do Sul,RS,Sul,-30.0,-51.61
2018,168,0.0,0.66,0.68,14.27,76.65,0.75,9.44,4.1,Eldorado do Sul,RS,Sul,-30.0,-51.61
2018,169,0.05,0.66,0.68,16.36,89.58,0.71,11.61,5.05,Eldorado do Sul,RS,Sul,-30.0,-51.61
2018,170,0.08,0.65,0.68,18.8,91.33,1.01,12.08,5.23,Eldorado do Sul,RS,Sul,-30.0,-51.61
2018,171,0.03,0.65,0.68,22.07,86.42,1.14,13.06,5.76,Eldorado do Sul,RS,Sul,-30.0,-51.61
2018,172,3.82,0.65,0.69,25.03,89.36,2.04,10.16,4.59,Eldorado do Sul,RS,Sul,-30.0,-51.61
2018,173,0.03,0.65,0.68,17.3,80.05,0.82,11.96,5.19,Eldorado do Sul,RS,Sul,-30.0,-51.61
2018,174,7.33,0.65,0.69,25.6,88.06,1.74,9.9,4.52,Eldorado do Sul,RS,Sul,-30.0,-51.61
2018,175,14.92,0.68,0.75,12.72,86.67,1.76,2.57,1.32,Eldorado do Sul,RS,Sul,-30.0,-51.61
2018,176,16.85,0.7,0.78,16.04,94.78,1.26,2.05,1.07,Eldorado do Sul,RS,Sul,-30.0,-51.61
2018,177,0.06,0.7,0.72,17.57,84.46,0.89,7.05,3.18,Eldorado do Sul,RS,Sul,-30.0,-51.61
2018,178,0.04,0.69,0.71,19.02,88.9,0.96,10.56,4.67,Eldorado do Sul,RS,Sul,-30.0,-51.61
2018,179,13.36,0.69,0.75,19.64,94.45,1.02,3.53,1.71,Eldorado do Sul,RS,Sul,-30.0,-51.61
2018,180,5.95,0.7,0.75,23.14,91.89,0.69,3.51,1.78,Eldorado do Sul,RS,Sul,-30.0,-51.61
2018,181,4.77,0.71,0.75,21.1,92.09,0.83,6.13,2.84,Eldorado do Sul,RS,Sul,-30.0,-51.61
2018,182,0.37,0.7,0.72,22.92,90.42,0.92,12.15,5.45,Eldorado do Sul,RS,Sul,-30.0,-51.61
2018,183,22.98,0.71,0.77,24.12,92.39,1.72,6.28,2.92,Eldorado do Sul,RS,Sul,-30.0,-51.61
2018,184,1.09,0.72,0.75,13.15,81.02,1.65,6.54,2.92,Eldorado do Sul,RS,Sul,-30.0,-51.61
2018,185,3.51,0.71,0.74,13.02,84.15,1.42,4.61,2.24,Eldorado do Sul,RS,Sul,-30.0,-51.61
2018,186,6.59,0.72,0.77,15.77,94.34,1.25,3.93,1.89,Eldorado do Sul,RS,Sul,-30.0,-51.61
2018,187,1.23,0.72,0.75,18.54,92.3,2.27,4.22,2.04,Eldorado do Sul,RS,Sul,-30.0,-51.61
2018,188,3.53,0.71,0.75,25.47,90.75,2.28,8.61,3.93,Eldorado do Sul,RS,Sul,-30.0,-51.61
2018,189,1.64,0.71,0.74,13.98,89.49,2.71,8.17,3.68,Eldorado do Sul,RS,Sul,-30.0,-51.61
2018,190,11.22,0.72,0.78,12.89,91.13,2.63,4.48,2.19,Eldorado do Sul,RS,Sul,-30.0,-51.61
2018,191,2.05,0.73,0.76,16.12,87.69,1.65,6.88,3.12,Eldorado do Sul,RS,Sul,-30.0,-51.61
2018,192,0.48,0.72,0.75,16.45,86.09,0.96,8.65,3.86,Eldorado do Sul,RS,Sul,-30.0,-51.61
2018,193,0.05,0.72,0.74,16.51,80.42,0.85,12.99,5.6,Eldorado do Sul,RS,Sul,-30.0,-51.61
2018,194,0.0,0.71,0.74,18.86,80.37,1.05,13.9,6.1,Eldorado do Sul,RS,Sul,-30.0,-51.61
2018,195,0.04,0.71,0.74,23.02,87.43,1.07,13.61,6.08,Eldorado do Sul,RS,Sul,-30.0,-51.61
2018,196,0.29,0.71,0.73,25.61,87.45,1.36,11.39,5.15,Eldorado do Sul,RS,Sul,-30.0,-51.61
2018,197,22.6,0.72,0.8,15.92,93.37,2.78,2.26,1.2,Eldorado do Sul,RS,Sul,-30.0,-51.61
2018,198,32.9,0.76,0.84,22.93,94.77,1.88,2.37,1.23,Eldorado do Sul,RS,Sul,-30.0,-51.61
2018,199,0.04,0.77,0.79,26.0,91.37,1.18,13.43,6.0,Eldorado do Sul,RS,Sul,-30.0,-51.61
2018,200,0.02,0.76,0.78,24.26,91.6,1.19,13.87,6.18,Eldorado do Sul,RS,Sul,-30.0,-51.61
2018,201,13.23,0.75,0.8,21.87,88.13,2.76,8.1,3.78,Eldorado do Sul,RS,Sul,-30.0,-51.61
2018,202,0.22,0.76,0.78,13.78,73.69,2.59,14.94,6.43,Eldorado do Sul,RS,Sul,-30.0,-51.61
2018,203,0.02,0.76,0.78,16.19,84.98,1.08,11.12,4.9,Eldorado do Sul,RS,Sul,-30.0,-51.61
2018,204,1.73,0.75,0.78,15.99,90.28,1.46,7.45,3.41,Eldorado do Sul,RS,Sul,-30.0,-51.61
2018,205,9.38,0.76,0.8,14.34,89.54,2.46,2.6,1.35,Eldorado do Sul,RS,Sul,-30.0,-51.61
2018,206,19.91,0.78,0.84,17.56,93.04,3.39,3.05,1.58,Eldorado do Sul,RS,Sul,-30.0,-51.61
2018,207,13.16,0.8,0.84,16.43,96.24,1.46,5.25,2.48,Eldorado do Sul,RS,Sul,-30.0,-51.61
2018,208,0.12,0.79,0.8,15.86,90.93,1.23,6.5,2.97,Eldorado do Sul,RS,Sul,-30.0,-51.61
2018,209,4.42,0.78,0.81,20.71,92.21,1.06,4.36,2.09,Eldorado do Sul,RS,Sul,-30.0,-51.61
2018,210,0.44,0.79,0.8,15.87,83.8,2.4,12.06,5.32,Eldorado do Sul,RS,Sul,-30.0,-51.61
2018,211,0.01,0.78,0.8,15.68,87.56,1.16,12.0,5.25,Eldorado do Sul,RS,Sul,-30.0,-51.61
2018,212,0.01,0.78,0.79,16.18,82.89,1.45,12.91,5.6,Eldorado do Sul,RS,Sul,-30.0,-51.61
2018,213,0.0,0.77,0.79,13.9,83.7,1.63,13.09,5.64,Eldorado do Sul,RS,Sul,-30.0,-51.61
2018,214,0.02,0.77,0.79,17.89,88.33,1.28,13.49,5.99,Eldorado do Sul,RS,Sul,-30.0,-51.61
2018,215,0.33,0.77,0.79,19.43,91.89,0.84,6.8,3.23,Eldorado do Sul,RS,Sul,-30.0,-51.61
2018,216,0.45,0.77,0.79,19.95,89.26,1.37,10.73,4.86,Eldorado do Sul,RS,Sul,-30.0,-51.61
2018,217,0.01,0.77,0.79,16.97,88.35,1.6,12.08,5.31,Eldorado do Sul,RS,Sul,-30.0,-51.61
2018,218,0.02,0.77,0.78,18.44,82.85,0.98,15.53,6.77,Eldorado do Sul,RS,Sul,-30.0,-51.61
2018,219,0.48,0.76,0.78,20.56,87.73,1.2,16.73,7.37,Eldorado do Sul,RS,Sul,-30.0,-51.61
2018,220,10.65,0.77,0.81,21.95,91.96,1.64,2.82,1.42,Eldorado do Sul,RS,Sul,-30.0,-51.61
2018,221,5.57,0.78,0.8,11.13,87.34,3.34,5.03,2.44,Eldorado do Sul,RS,Sul,-30.0,-51.61
2018,222,1.65,0.78,0.8,11.54,81.65,3.25,8.91,4.0,Eldorado do Sul,RS,Sul,-30.0,-51.61
2018,223,0.96,0.78,0.79,18.51,89.14,1.73,7.37,3.48,Eldorado do Sul,RS,Sul,-30.0,-51.61
2018,224,0.23,0.77,0.79,19.84,90.23,1.34,12.78,5.69,Eldorado do Sul,RS,Sul,-30.0,-51.61
2018,225,0.01,0.77,0.79,21.94,86.57,1.12,17.0,7.46,Eldorado do Sul,RS,Sul,-30.0,-51.61
2018,226,0.07,0.77,0.78,23.2,87.37,1.45,16.54,7.38,Eldorado do Sul,RS,Sul,-30.0,-51.61
2018,227,0.02,0.76,0.78,15.18,86.46,1.37,9.66,4.4,Eldorado do Sul,RS,Sul,-30.0,-51.61
2018,228,0.02,0.76,0.78,19.47,86.08,2.05,16.31,7.2,Eldorado do Sul,RS,Sul,-30.0,-51.61
2018,229,0.07,0.76,0.78,22.42,87.05,1.36,18.09,7.9,Eldorado do Sul,RS,Sul,-30.0,-51.61
2018,230,0.0,0.75,0.77,23.33,82.65,1.16,18.58,8.09,Eldorado do Sul,RS,Sul,-30.0,-51.61
2018,231,7.65,0.75,0.78,25.11,85.66,1.96,16.63,7.46,Eldorado do Sul,RS,Sul,-30.0,-51.61
2018,232,13.0,0.77,0.81,12.26,83.96,1.7,3.68,1.86,Eldorado do Sul,RS,Sul,-30.0,-51.61
2018,233,10.21,0.79,0.83,14.77,85.78,1.17,7.58,3.51,Eldorado do Sul,RS,Sul,-30.0,-51.61
2018,234,10.88,0.8,0.84,14.55,94.39,1.46,5.57,2.72,Eldorado do Sul,RS,Sul,-30.0,-51.61
2018,235,0.37,0.79,0.8,18.43,83.27,1.19,17.09,7.47,Eldorado do Sul,RS,Sul,-30.0,-51.61
2018,236,28.53,0.8,0.86,26.11,91.63,2.46,3.24,1.65,Eldorado do Sul,RS,Sul,-30.0,-51.61
2018,237,0.33,0.81,0.82,14.99,73.9,3.47,18.26,7.95,Eldorado do Sul,RS,Sul,-30.0,-51.61
2018,238,0.0,0.8,0.81,14.84,66.19,1.17,20.6,8.75,Eldorado do Sul,RS,Sul,-30.0,-51.61
2018,239,0.0,0.79,0.8,18.15,71.87,1.08,20.35,8.71,Eldorado do Sul,RS,Sul,-30.0,-51.61
2018,240,0.0,0.79,0.8,22.46,80.9,1.0,20.33,8.78,Eldorado do Sul,RS,Sul,-30.0,-51.61
2018,241,0.18,0.78,0.8,24.71,86.78,1.19,16.06,7.36,Eldorado do Sul,RS,Sul,-30.0,-51.61
2018,242,12.64,0.78,0.82,24.68,88.35,1.24,14.95,6.77,Eldorado do Sul,RS,Sul,-30.0,-51.61
2018,243,46.14,0.83,0.9,20.86,94.1,2.67,2.22,1.17,Eldorado do Sul,RS,Sul,-30.0,-51.61
2018,244,47.12,0.86,0.91,19.03,91.57,3.98,3.32,1.7,Eldorado do Sul,RS,Sul,-30.0,-51.61
2018,245,13.95,0.88,0.9,18.49,93.66,2.09,5.33,2.65,Eldorado do Sul,RS,Sul,-30.0,-51.61
2018,246,8.56,0.88,0.88,18.71,90.42,2.66,4.69,2.41,Eldorado do Sul,RS,Sul,-30.0,-51.61
2018,247,1.9,0.87,0.86,18.61,87.69,1.87,12.6,5.79,Eldorado do Sul,RS,Sul,-30.0,-51.61
2018,248,0.05,0.86,0.85,19.6,83.68,1.38,21.1,9.23,Eldorado do Sul,RS,Sul,-30.0,-51.61
2018,249,0.02,0.85,0.85,24.16,81.1,1.13,21.76,9.53,Eldorado do Sul,RS,Sul,-30.0,-51.61
2018,250,0.04,0.85,0.85,25.0,78.49,0.87,21.83,9.63,Eldorado do Sul,RS,Sul,-30.0,-51.61
2018,251,0.02,0.84,0.84,22.93,83.26,1.52,21.7,9.53,Eldorado do Sul,RS,Sul,-30.0,-51.61
2018,252,0.01,0.84,0.84,21.81,86.75,2.8,17.11,7.61,Eldorado do Sul,RS,Sul,-30.0,-51.61
2018,253,0.02,0.83,0.84,21.42,88.66,3.16,17.54,7.99,Eldorado do Sul,RS,Sul,-30.0,-51.61
2018,254,0.01,0.83,0.84,19.7,85.94,3.39,12.85,5.87,Eldorado do Sul,RS,Sul,-30.0,-51.61
2018,255,0.0,0.83,0.83,23.4,86.22,2.44,21.73,9.73,Eldorado do Sul,RS,Sul,-30.0,-51.61
2018,256,4.05,0.82,0.84,23.65,86.95,1.1,15.31,6.98,Eldorado do Sul,RS,Sul,-30.0,-51.61
2018,257,11.13,0.84,0.86,19.7,95.11,1.93,3.01,1.61,Eldorado do Sul,RS,Sul,-30.0,-51.61
2018,258,8.32,0.85,0.86,20.4,92.23,3.07,13.71,6.41,Eldorado do Sul,RS,Sul,-30.0,-51.61
2018,259,0.04,0.84,0.84,23.66,85.04,2.46,18.11,8.23,Eldorado do Sul,RS,Sul,-30.0,-51.61
2018,260,2.5,0.84,0.84,23.2,87.68,1.95,11.28,5.32,Eldorado do Sul,RS,Sul,-30.0,-51.61
2018,261,0.32,0.83,0.84,24.11,83.94,0.75,13.85,6.47,Eldorado do Sul,RS,Sul,-30.0,-51.61
2018,262,0.25,0.83,0.83,27.04,83.13,1.63,21.62,9.67,Eldorado do Sul,RS,Sul,-30.0,-51.61
2018,263,0.58,0.82,0.83,19.71,85.91,2.03,8.11,3.97,Eldorado do Sul,RS,Sul,-30.0,-51.61
2018,264,0.87,0.82,0.83,27.2,83.29,1.38,19.89,9.17,Eldorado do Sul,RS,Sul,-30.0,-51.61
2018,265,0.87,0.82,0.83,29.56,82.59,1.16,23.46,10.62,Eldorado do Sul,RS,Sul,-30.0,-51.61
2018,266,31.47,0.83,0.88,29.32,86.87,1.57,10.25,4.91,Eldorado do Sul,RS,Sul,-30.0,-51.61
2018,267,35.68,0.86,0.88,21.05,91.66,2.28,4.44,2.3,Eldorado do Sul,RS,Sul,-30.0,-51.61
2018,268,10.48,0.86,0.87,20.84,93.17,2.87,8.72,4.27,Eldorado do Sul,RS,Sul,-30.0,-51.61
2018,269,0.15,0.86,0.86,26.72,87.6,1.05,13.12,6.23,Eldorado do Sul,RS,Sul,-30.0,-51.61
2018,270,0.37,0.85,0.85,22.81,90.66,2.26,10.72,5.13,Eldorado do Sul,RS,Sul,-30.0,-51.61
2018,271,0.06,0.84,0.85,26.34,87.81,2.74,18.5,8.55,Eldorado do Sul,RS,Sul,-30.0,-51.61
2018,272,9.28,0.84,0.86,29.33,87.35,1.6,23.63,10.88,Eldorado do Sul,RS,Sul,-30.0,-51.61
2018,273,3.85,0.85,0.86,28.65,85.16,1.23,9.47,4.61,Eldorado do Sul,RS,Sul,-30.0,-51.61
2018,274,27.1,0.85,0.88,27.91,88.13,2.35,7.31,3.57,Eldorado do Sul,RS,Sul,-30.0,-51.61
2018,275,4.52,0.86,0.87,19.16,84.57,2.14,5.62,3.02,Eldorado do Sul,RS,Sul,-30.0,-51.61
2018,276,12.14,0.87,0.88,20.24,85.85,2.08,6.73,3.42,Eldorado do Sul,RS,Sul,-30.0,-51.61
2018,277,0.07,0.86,0.86,22.29,76.67,1.55,24.85,10.86,Eldorado do Sul,RS,Sul,-30.0,-51.61
2018,278,0.01,0.85,0.85,19.89,74.49,1.6,25.2,11.04,Eldorado do Sul,RS,Sul,-30.0,-51.61
2018,279,0.0,0.85,0.85,19.82,81.15,2.01,24.13,10.78,Eldorado do Sul,RS,Sul,-30.0,-51.61
2018,280,0.0,0.84,0.85,26.33,83.64,1.3,20.66,9.47,Eldorado do Sul,RS,Sul,-30.0,-51.61
2018,281,0.0,0.84,0.84,28.07,86.82,1.05,20.92,9.62,Eldorado do Sul,RS,Sul,-30.0,-51.61
2018,282,0.5,0.83,0.84,28.76,87.94,1.62,13.99,6.65,Eldorado do Sul,RS,Sul,-30.0,-51.61
2018,283,4.61,0.84,0.85,19.83,85.21,2.53,11.06,5.29,Eldorado do Sul,RS,Sul,-30.0,-51.61
2018,284,0.01,0.83,0.83,21.52,76.88,3.36,17.45,8.05,Eldorado do Sul,RS,Sul,-30.0,-51.61
2018,285,11.54,0.83,0.85,26.72,85.95,2.33,14.85,6.99,Eldorado do Sul,RS,Sul,-30.0,-51.61
2018,286,1.5,0.84,0.84,22.44,84.36,2.14,8.78,4.36,Eldorado do Sul,RS,Sul,-30.0,-51.61
2018,287,0.06,0.83,0.83,22.3,81.71,1.74,21.03,9.4,Eldorado do Sul,RS,Sul,-30.0,-51.61
2018,288,0.0,0.82,0.83,24.3,82.49,1.67,25.3,11.32,Eldorado do Sul,RS,Sul,-30.0,-51.61
2018,289,0.01,0.82,0.82,27.4,83.54,1.46,25.57,11.69,Eldorado do Sul,RS,Sul,-30.0,-51.61
2018,290,1.07,0.81,0.82,30.14,85.9,1.1,15.47,7.26,Eldorado do Sul,RS,Sul,-30.0,-51.61
2018,291,0.44,0.81,0.82,26.03,87.57,1.37,9.12,4.45,Eldorado do Sul,RS,Sul,-30.0,-51.61
2018,292,0.1,0.8,0.81,23.23,80.1,2.63,21.07,9.55,Eldorado do Sul,RS,Sul,-30.0,-51.61
2018,293,0.0,0.8,0.81,21.37,73.87,2.08,25.86,11.56,Eldorado do Sul,RS,Sul,-30.0,-51.61
2018,294,0.0,0.79,0.8,23.28,78.64,2.0,27.88,12.64,Eldorado do Sul,RS,Sul,-30.0,-51.61
2018,295,0.0,0.79,0.8,28.14,79.25,1.23,26.44,12.08,Eldorado do Sul,RS,Sul,-30.0,-51.61
2018,296,0.09,0.78,0.8,23.63,82.03,2.62,12.2,5.84,Eldorado do Sul,RS,Sul,-30.0,-51.61
2018,297,0.01,0.78,0.79,23.32,77.33,3.05,16.92,7.85,Eldorado do Sul,RS,Sul,-30.0,-51.61
2018,298,0.11,0.77,0.79,25.96,82.02,1.54,19.03,8.8,Eldorado do Sul,RS,Sul,-30.0,-51.61
2018,299,13.15,0.77,0.82,26.59,88.68,1.31,12.05,5.86,Eldorado do Sul,RS,Sul,-30.0,-51.61
2018,300,2.56,0.79,0.81,22.31,82.24,3.03,18.38,8.53,Eldorado do Sul,RS,Sul,-30.0,-51.61
2018,301,0.01,0.78,0.8,20.93,80.47,1.55,24.0,10.84,Eldorado do Sul,RS,Sul,-30.0,-51.61
2018,302,0.0,0.78,0.79,24.4,81.42,2.25,24.2,11.03,Eldorado do Sul,RS,Sul,-30.0,-51.61
2018,303,1.13,0.77,0.78,30.25,81.39,1.53,27.7,12.71,Eldorado do Sul,RS,Sul,-30.0,-51.61
2018,304,22.43,0.79,0.85,25.95,94.26,1.56,9.35,4.74,Eldorado do Sul,RS,Sul,-30.0,-51.61
2018,305,0.13,0.79,0.8,23.44,79.79,1.87,15.31,7.1,Eldorado do Sul,RS,Sul,-30.0,-51.61
2018,306,0.02,0.78,0.79,24.61,79.21,1.5,27.91,12.6,Eldorado do Sul,RS,Sul,-30.0,-51.61
2018,307,26.13,0.79,0.84,23.89,88.99,1.7,7.0,3.6,Eldorado do Sul,RS,Sul,-30.0,-51.61
2018,308,0.26,0.79,0.8,23.8,81.99,1.87,28.02,12.58,Eldorado do Sul,RS,Sul,-30.0,-51.61
2018,309,0.0,0.78,0.79,27.56,82.82,2.07,29.51,13.44,Eldorado do Sul,RS,Sul,-30.0,-51.61
2018,310,0.0,0.77,0.79,25.74,85.83,1.47,26.6,12.16,Eldorado do Sul,RS,Sul,-30.0,-51.61
2018,311,0.15,0.77,0.78,25.26,81.76,3.27,16.33,7.68,Eldorado do Sul,RS,Sul,-30.0,-51.61
2018,312,0.0,0.76,0.77,26.55,79.67,2.8,30.17,13.65,Eldorado do Sul,RS,Sul,-30.0,-51.61
2018,313,0.01,0.75,0.77,28.69,79.44,1.43,29.09,13.28,Eldorado do Sul,RS,Sul,-30.0,-51.61
2018,314,0.01,0.74,0.76,31.35,79.26,1.39,28.7,13.14,Eldorado do Sul,RS,Sul,-30.0,-51.61
2018,315,0.0,0.73,0.75,31.9,78.91,1.37,27.08,12.42,Eldorado do Sul,RS,Sul,-30.0,-51.61
2018,316,0.0,0.73,0.74,32.2,79.95,1.68,23.43,10.76,Eldorado do Sul,RS,Sul,-30.0,-51.61
2018,317,0.6,0.72,0.74,30.01,85.98,1.56,16.76,8.08,Eldorado do Sul,RS,Sul,-30.0,-51.61
2018,318,10.07,0.73,0.78,26.76,79.62,2.16,9.6,4.8,Eldorado do Sul,RS,Sul,-30.0,-51.61
2018,319,0.07,0.73,0.75,27.67,68.59,1.22,31.49,14.07,Eldorado do Sul,RS,Sul,-30.0,-51.61
2018,320,0.0,0.72,0.74,26.91,78.42,2.65,31.12,14.05,Eldorado do Sul,RS,Sul,-30.0,-51.61
2018,321,8.47,0.71,0.75,24.54,83.14,1.6,17.53,8.44,Eldorado do Sul,RS,Sul,-30.0,-51.61
2018,322,19.7,0.75,0.82,23.66,83.94,1.81,9.4,4.73,Eldorado do Sul,RS,Sul,-30.0,-51.61
2018,323,0.04,0.74,0.76,23.35,71.82,1.47,32.93,14.42,Eldorado do Sul,RS,Sul,-30.0,-51.61
2018,324,0.34,0.73,0.75,26.88,79.78,1.46,32.27,14.38,Eldorado do Sul,RS,Sul,-30.0,-51.61
2018,325,0.01,0.72,0.74,29.57,78.95,1.31,32.24,14.45,Eldorado do Sul,RS,Sul,-30.0,-51.61
2018,326,0.01,0.71,0.73,31.03,78.66,1.56,30.52,13.75,Eldorado do Sul,RS,Sul,-30.0,-51.61
2018,327,5.62,0.71,0.73,30.32,82.68,1.24,17.58,8.4,Eldorado do Sul,RS,Sul,-30.0,-51.61
2018,328,45.15,0.76,0.86,24.62,88.1,2.97,9.16,4.67,Eldorado do Sul,RS,Sul,-30.0,-51.61
2018,329,0.16,0.76,0.77,25.36,73.39,1.63,30.23,13.57,Eldorado do Sul,RS,Sul,-30.0,-51.61
2018,330,0.01,0.74,0.76,24.58,73.81,2.33,30.77,13.79,Eldorado do Sul,RS,Sul,-30.0,-51.61
2018,331,0.05,0.73,0.74,26.52,80.23,3.17,21.35,10.08,Eldorado do Sul,RS,Sul,-30.0,-51.61
2018,332,0.78,0.72,0.74,26.11,86.52,1.2,9.87,4.98,Eldorado do Sul,RS,Sul,-30.0,-51.61
2018,333,2.78,0.72,0.75,29.5,84.05,1.18,21.73,10.2,Eldorado do Sul,RS,Sul,-30.0,-51.61
2018,334,4.98,0.72,0.75,29.24,83.3,0.96,20.02,9.5,Eldorado do Sul,RS,Sul,-30.0,-51.61
2018,335,8.23,0.72,0.76,27.59,81.5,1.84,20.46,9.57,Eldorado do Sul,RS,Sul,-30.0,-51.61
2018,336,2.05,0.72,0.75,23.19,72.89,2.38,20.09,9.12,Eldorado do Sul,RS,Sul,-30.0,-51.61
2018,337,0.0,0.71,0.73,23.57,67.94,1.32,32.65,14.43,Eldorado do Sul,RS,Sul,-30.0,-51.61
2018,338,0.62,0.7,0.72,25.9,69.5,2.1,33.22,14.75,Eldorado do Sul,RS,Sul,-30.0,-51.61
2018,339,0.13,0.69,0.71,26.49,73.49,1.69,30.36,13.69,Eldorado do Sul,RS,Sul,-30.0,-51.61
2018,340,0.0,0.68,0.7,25.15,72.91,1.72,28.87,12.9,Eldorado do Sul,RS,Sul,-30.0,-51.61
2018,341,0.02,0.68,0.69,23.12,66.56,1.95,27.67,12.39,Eldorado do Sul,RS,Sul,-30.0,-51.61
2018,342,0.0,0.67,0.68,23.68,68.83,1.43,33.76,14.89,Eldorado do Sul,RS,Sul,-30.0,-51.61
2018,343,0.0,0.66,0.68,28.75,74.93,1.31,27.49,12.38,Eldorado do Sul,RS,Sul,-30.0,-51.61
2018,344,0.0,0.66,0.67,31.6,70.81,1.37,32.16,14.66,Eldorado do Sul,RS,Sul,-30.0,-51.61
2018,345,0.16,0.65,0.66,35.04,70.73,1.08,29.44,13.37,Eldorado do Sul,RS,Sul,-30.0,-51.61
2018,346,0.8,0.65,0.66,29.78,80.67,1.61,13.2,6.48,Eldorado do Sul,RS,Sul,-30.0,-51.61
2018,347,4.98,0.65,0.67,30.23,81.55,2.73,23.07,10.79,Eldorado do Sul,RS,Sul,-30.0,-51.61
2018,348,4.78,0.66,0.69,31.08,85.28,1.51,17.75,8.46,Eldorado do Sul,RS,Sul,-30.0,-51.61
2018,349,7.6,0.67,0.72,27.68,87.8,1.39,14.0,6.78,Eldorado do Sul,RS,Sul,-30.0,-51.61
2018,350,0.07,0.67,0.69,32.24,82.01,1.53,26.06,12.08,Eldorado do Sul,RS,Sul,-30.0,-51.61
2018,351,9.37,0.66,0.71,31.85,85.54,1.14,26.59,12.45,Eldorado do Sul,RS,Sul,-30.0,-51.61
2018,352,9.74,0.68,0.73,27.82,85.61,2.11,9.38,4.69,Eldorado do Sul,RS,Sul,-30.0,-51.61
2018,353,12.44,0.69,0.75,30.44,86.92,1.7,20.88,9.81,Eldorado do Sul,RS,Sul,-30.0,-51.61
2018,354,8.7,0.69,0.74,28.72,89.4,1.7,10.86,5.4,Eldorado do Sul,RS,Sul,-30.0,-51.61
2018,355,14.28,0.71,0.77,30.53,87.52,1.75,11.89,5.84,Eldorado do Sul,RS,Sul,-30.0,-51.61
2018,356,0.09,0.7,0.72,28.85,78.47,1.53,22.46,10.37,Eldorado do Sul,RS,Sul,-30.0,-51.61
2018,357,0.0,0.69,0.71,28.72,78.31,1.72,27.99,12.78,Eldorado do Sul,RS,Sul,-30.0,-51.61
2018,358,0.0,0.67,0.69,27.61,78.81,2.39,28.73,13.09,Eldorado do Sul,RS,Sul,-30.0,-51.61
2018,359,0.54,0.66,0.68,29.3,79.77,2.43,23.05,10.79,Eldorado do Sul,RS,Sul,-30.0,-51.61
2018,360,0.79,0.66,0.67,30.52,79.99,1.67,28.09,13.02,Eldorado do Sul,RS,Sul,-30.0,-51.61
2018,361,0.02,0.65,0.66,31.86,77.33,1.44,31.1,14.32,Eldorado do Sul,RS,Sul,-30.0,-51.61
2018,362,0.0,0.64,0.64,34.23,72.19,1.17,28.89,13.37,Eldorado do Sul,RS,Sul,-30.0,-51.61
2018,363,0.0,0.63,0.63,33.5,72.91,1.66,31.28,14.31,Eldorado do Sul,RS,Sul,-30.0,-51.61
2018,364,0.39,0.63,0.63,31.83,79.52,1.17,25.42,11.86,Eldorado do Sul,RS,Sul,-30.0,-51.61
2018,365,0.23,0.63,0.63,31.08,78.35,2.21,22.84,10.84,Eldorado do Sul,RS,Sul,-30.0,-51.61
2019,1,0.0,0.62,0.63,33.44,78.47,1.62,27.44,12.95,Eldorado do Sul,RS,Sul,-30.0,-51.61
2019,2,6.86,0.62,0.64,37.54,75.53,1.4,27.21,12.83,Eldorado do Sul,RS,Sul,-30.0,-51.61
2019,3,15.34,0.64,0.72,27.71,84.77,2.15,9.03,4.63,Eldorado do Sul,RS,Sul,-30.0,-51.61
2019,4,1.92,0.65,0.68,29.14,73.01,1.9,10.82,5.3,Eldorado do Sul,RS,Sul,-30.0,-51.61
2019,5,0.07,0.64,0.65,28.73,77.14,2.58,18.79,8.74,Eldorado do Sul,RS,Sul,-30.0,-51.61
2019,6,2.29,0.63,0.64,31.77,78.81,1.68,27.1,12.63,Eldorado do Sul,RS,Sul,-30.0,-51.61
2019,7,6.01,0.64,0.68,31.17,87.53,2.28,15.83,7.63,Eldorado do Sul,RS,Sul,-30.0,-51.61
2019,8,3.6,0.64,0.66,32.6,83.43,1.88,21.77,10.23,Eldorado do Sul,RS,Sul,-30.0,-51.61
2019,9,1.5,0.63,0.65,30.77,83.94,1.65,13.71,6.7,Eldorado do Sul,RS,Sul,-30.0,-51.61
2019,10,5.27,0.64,0.67,29.07,85.92,1.61,10.04,5.03,Eldorado do Sul,RS,Sul,-30.0,-51.61
2019,11,0.83,0.64,0.66,27.67,83.44,1.67,12.47,6.13,Eldorado do Sul,RS,Sul,-30.0,-51.61
2019,12,1.23,0.63,0.65,28.64,84.58,2.45,12.63,6.25,Eldorado do Sul,RS,Sul,-30.0,-51.61
2019,13,6.67,0.63,0.67,31.94,79.38,0.97,25.22,11.94,Eldorado do Sul,RS,Sul,-30.0,-51.61
2019,14,2.0,0.63,0.65,31.68,80.98,1.16,21.63,10.27,Eldorado do Sul,RS,Sul,-30.0,-51.61
2019,15,20.15,0.63,0.7,32.35,82.82,0.96,23.69,11.1,Eldorado do Sul,RS,Sul,-30.0,-51.61
2019,16,5.36,0.66,0.72,29.31,89.85,2.09,16.76,8.13,Eldorado do Sul,RS,Sul,-30.0,-51.61
2019,17,12.21,0.66,0.73,27.72,90.09,1.93,12.98,6.41,Eldorado do Sul,RS,Sul,-30.0,-51.61
2019,18,12.87,0.67,0.74,28.71,88.89,2.9,15.93,7.76,Eldorado do Sul,RS,Sul,-30.0,-51.61
2019,19,7.05,0.68,0.73,23.3,83.82,3.42,12.06,5.92,Eldorado do Sul,RS,Sul,-30.0,-51.61
2019,20,0.66,0.67,0.69,26.47,82.73,2.27,16.22,7.73,Eldorado do Sul,RS,Sul,-30.0,-51.61
2019,21,0.09,0.66,0.68,29.98,80.01,1.22,21.55,10.04,Eldorado do Sul,RS,Sul,-30.0,-51.61
2019,22,0.0,0.65,0.66,32.15,78.79,1.3,30.37,13.84,Eldorado do Sul,RS,Sul,-30.0,-51.61
2019,23,0.65,0.64,0.66,31.16,84.59,1.12,22.77,10.75,Eldorado do Sul,RS,Sul,-30.0,-51.61
2019,24,1.71,0.64,0.65,29.9,81.8,3.12,23.86,11.17,Eldorado do Sul,RS,Sul,-30.0,-51.61
2019,25,0.14,0.63,0.63,31.25,77.66,2.92,29.8,13.8,Eldorado do Sul,RS,Sul,-30.0,-51.61
2019,26,0.01,0.62,0.62,33.61,75.18,1.69,28.4,13.17,Eldorado do Sul,RS,Sul,-30.0,-51.61
2019,27,0.02,0.61,0.61,34.93,73.66,1.47,28.5,13.15,Eldorado do Sul,RS,Sul,-30.0,-51.61
2019,28,0.01,0.6,0.6,36.2,70.77,1.5,27.53,12.88,Eldorado do Sul,RS,Sul,-30.0,-51.61
2019,29,1.58,0.6,0.6,36.45,68.27,1.5,22.18,10.49,Eldorado do Sul,RS,Sul,-30.0,-51.61
2019,30,0.04,0.59,0.59,37.03,70.3,1.82,26.12,12.27,Eldorado do Sul,RS,Sul,-30.0,-51.61
2019,31,6.54,0.59,0.62,36.2,73.37,1.51,21.68,10.21,Eldorado do Sul,RS,Sul,-30.0,-51.61
2019,32,5.53,0.6,0.63,38.49,75.4,1.3,21.69,10.25,Eldorado do Sul,RS,Sul,-30.0,-51.61
2019,33,11.8,0.61,0.66,32.39,78.93,2.07,18.18,8.66,Eldorado do Sul,RS,Sul,-30.0,-51.61
2019,34,2.54,0.62,0.64,26.68,70.3,2.53,12.09,5.83,Eldorado do Sul,RS,Sul,-30.0,-51.61
2019,35,0.02,0.61,0.61,27.65,64.9,2.07,24.0,10.96,Eldorado do Sul,RS,Sul,-30.0,-51.61
2019,36,0.0,0.6,0.6,28.02,68.17,2.18,27.08,12.37,Eldorado do Sul,RS,Sul,-30.0,-51.61
2019,37,0.01,0.59,0.59,29.96,70.74,1.57,29.15,13.26,Eldorado do Sul,RS,Sul,-30.0,-51.61
2019,38,0.0,0.59,0.58,32.6,68.67,0.97,27.29,12.57,Eldorado do Sul,RS,Sul,-30.0,-51.61
2019,39,0.0,0.58,0.57,34.71,66.91,0.89,28.24,13.06,Eldorado do Sul,RS,Sul,-30.0,-51.61
2019,40,0.01,0.58,0.56,36.62,66.78,1.1,26.72,12.34,Eldorado do Sul,RS,Sul,-30.0,-51.61
2019,41,6.09,0.58,0.6,32.32,76.88,0.96,8.27,4.15,Eldorado do Sul,RS,Sul,-30.0,-51.61
2019,42,10.4,0.59,0.64,32.69,82.3,1.45,18.75,8.83,Eldorado do Sul,RS,Sul,-30.0,-51.61
2019,43,4.77,0.6,0.64,25.32,73.65,2.62,11.92,5.8,Eldorado do Sul,RS,Sul,-30.0,-51.61
2019,44,0.01,0.6,0.6,26.9,65.62,1.89,26.63,12.07,Eldorado do Sul,RS,Sul,-30.0,-51.61
2019,45,0.77,0.59,0.58,30.2,68.04,2.03,25.07,11.52,Eldorado do Sul,RS,Sul,-30.0,-51.61
2019,46,9.75,0.6,0.64,28.22,81.73,2.68,9.32,4.69,Eldorado do Sul,RS,Sul,-30.0,-51.61
2019,47,1.07,0.6,0.6,28.99,76.11,3.24,19.54,9.12,Eldorado do Sul,RS,Sul,-30.0,-51.61
2019,48,0.12,0.59,0.58,30.01,74.04,2.92,23.29,10.79,Eldorado do Sul,RS,Sul,-30.0,-51.61
2019,49,0.3,0.58,0.58,30.56,76.14,2.12,23.09,10.84,Eldorado do Sul,RS,Sul,-30.0,-51.61
2019,50,0.53,0.58,0.57,32.93,73.45,1.07,22.62,10.54,Eldorado do Sul,RS,Sul,-30.0,-51.61
2019,51,0.04,0.57,0.56,35.4,65.01,1.07,26.28,12.05,Eldorado do Sul,RS,Sul,-30.0,-51.61
2019,52,0.0,0.57,0.55,35.55,66.47,1.58,28.24,12.85,Eldorado do Sul,RS,Sul,-30.0,-51.61
2019,53,0.01,0.56,0.54,36.01,62.89,0.94,27.64,12.56,Eldorado do Sul,RS,Sul,-30.0,-51.61
2019,54,0.01,0.56,0.54,37.03,64.96,1.41,26.29,11.98,Eldorado do Sul,RS,Sul,-30.0,-51.61
2019,55,9.98,0.56,0.58,35.11,70.27,2.34,13.61,6.55,Eldorado do Sul,RS,Sul,-30.0,-51.61
2019,56,17.47,0.59,0.69,24.48,82.44,1.39,4.82,2.6,Eldorado do Sul,RS,Sul,-30.0,-51.61
2019,57,0.09,0.6,0.61,26.73,69.48,1.17,15.75,7.4,Eldorado do Sul,RS,Sul,-30.0,-51.61
2019,58,0.26,0.59,0.59,26.67,71.88,1.21,18.53,8.46,Eldorado do Sul,RS,Sul,-30.0,-51.61
2019,59,0.04,0.59,0.58,28.97,67.49,0.87,25.06,11.28,Eldorado do Sul,RS,Sul,-30.0,-51.61
2019,60,0.02,0.58,0.57,30.46,62.13,0.86,26.85,11.97,Eldorado do Sul,RS,Sul,-30.0,-51.61
2019,61,0.0,0.57,0.56,31.94,66.61,1.72,27.29,12.23,Eldorado do Sul,RS,Sul,-30.0,-51.61
2019,62,0.0,0.57,0.55,32.54,69.07,1.55,25.13,11.49,Eldorado do Sul,RS,Sul,-30.0,-51.61
2019,63,0.0,0.56,0.54,35.75,69.09,1.64,24.85,11.4,Eldorado do Sul,RS,Sul,-30.0,-51.61
2019,64,9.0,0.56,0.59,34.02,73.44,1.23,16.52,7.8,Eldorado do Sul,RS,Sul,-30.0,-51.61
2019,65,5.48,0.58,0.62,32.48,81.64,0.98,15.6,7.4,Eldorado do Sul,RS,Sul,-30.0,-51.61
2019,66,1.07,0.58,0.58,32.91,76.98,1.15,20.76,9.72,Eldorado do Sul,RS,Sul,-30.0,-51.61
2019,67,26.75,0.59,0.69,29.14,84.84,1.39,13.81,6.63,Eldorado do Sul,RS,Sul,-30.0,-51.61
2019,68,29.91,0.66,0.78,23.8,84.96,3.04,6.95,3.6,Eldorado do Sul,RS,Sul,-30.0,-51.61
2019,69,0.77,0.65,0.67,24.99,75.97,2.6,13.43,6.31,Eldorado do Sul,RS,Sul,-30.0,-51.61
2019,70,0.45,0.63,0.65,25.64,80.43,2.26,15.55,7.31,Eldorado do Sul,RS,Sul,-30.0,-51.61
2019,71,0.83,0.62,0.64,28.45,87.87,1.4,10.32,5.1,Eldorado do Sul,RS,Sul,-30.0,-51.61
2019,72,1.1,0.61,0.63,28.64,81.08,1.96,11.07,5.3,Eldorado do Sul,RS,Sul,-30.0,-51.61
2019,73,0.01,0.6,0.61,27.81,75.81,1.66,23.44,10.66,Eldorado do Sul,RS,Sul,-30.0,-51.61
2019,74,0.0,0.6,0.6,29.21,75.01,1.24,22.54,10.22,Eldorado do Sul,RS,Sul,-30.0,-51.61
2019,75,0.61,0.59,0.59,29.81,79.72,2.7,18.3,8.52,Eldorado do Sul,RS,Sul,-30.0,-51.61
2019,76,7.1,0.59,0.63,25.5,90.99,1.39,5.64,2.88,Eldorado do Sul,RS,Sul,-30.0,-51.61
2019,77,9.36,0.61,0.66,29.97,90.76,1.83,8.85,4.36,Eldorado do Sul,RS,Sul,-30.0,-51.61
2019,78,1.51,0.61,0.63,29.12,80.41,1.52,18.85,8.78,Eldorado do Sul,RS,Sul,-30.0,-51.61
2019,79,0.79,0.6,0.62,23.65,76.02,1.92,10.3,4.97,Eldorado do Sul,RS,Sul,-30.0,-51.61
2019,80,0.01,0.6,0.6,24.18,71.66,1.56,20.24,9.1,Eldorado do Sul,RS,Sul,-30.0,-51.61
2019,81,0.14,0.59,0.59,24.98,76.3,1.61,17.85,8.2,Eldorado do Sul,RS,Sul,-30.0,-51.61
2019,82,0.01,0.59,0.59,27.93,71.99,0.85,19.55,8.87,Eldorado do Sul,RS,Sul,-30.0,-51.61
2019,83,0.01,0.58,0.57,29.56,72.33,1.68,22.7,10.29,Eldorado do Sul,RS,Sul,-30.0,-51.61
2019,84,0.02,0.58,0.57,25.58,63.07,1.73,23.37,10.31,Eldorado do Sul,RS,Sul,-30.0,-51.61
2019,85,0.02,0.57,0.56,26.75,71.5,1.37,21.62,9.78,Eldorado do Sul,RS,Sul,-30.0,-51.61
2019,86,0.67,0.57,0.56,25.49,77.8,2.45,17.0,7.79,Eldorado do Sul,RS,Sul,-30.0,-51.61
2019,87,0.04,0.57,0.56,27.6,77.57,3.21,18.5,8.51,Eldorado do Sul,RS,Sul,-30.0,-51.61
2019,88,0.0,0.57,0.56,30.26,76.39,1.89,19.87,9.12,Eldorado do Sul,RS,Sul,-30.0,-51.61
2019,89,0.11,0.57,0.55,31.67,74.06,1.04,19.51,9.06,Eldorado do Sul,RS,Sul,-30.0,-51.61
2019,90,0.8,0.56,0.56,31.23,78.22,0.87,11.5,5.5,Eldorado do Sul,RS,Sul,-30.0,-51.61
2019,91,0.0,0.56,0.55,31.34,75.72,1.77,18.21,8.34,Eldorado do Sul,RS,Sul,-30.0,-51.61
2019,92,0.06,0.56,0.55,33.02,71.86,0.97,19.39,8.97,Eldorado do Sul,RS,Sul,-30.0,-51.61
2019,93,0.02,0.56,0.54,33.21,71.49,1.5,17.38,8.08,Eldorado do Sul,RS,Sul,-30.0,-51.61
2019,94,14.42,0.56,0.6,32.4,82.06,1.11,14.21,6.66,Eldorado do Sul,RS,Sul,-30.0,-51.61
2019,95,21.42,0.61,0.71,23.94,83.6,2.23,4.74,2.43,Eldorado do Sul,RS,Sul,-30.0,-51.61
2019,96,7.42,0.61,0.66,23.51,88.17,1.72,5.38,2.74,Eldorado do Sul,RS,Sul,-30.0,-51.61
2019,97,3.67,0.62,0.66,24.17,87.38,1.82,7.06,3.58,Eldorado do Sul,RS,Sul,-30.0,-51.61
2019,98,0.08,0.61,0.62,25.5,79.94,1.46,13.44,6.21,Eldorado do Sul,RS,Sul,-30.0,-51.61
2019,99,0.01,0.6,0.61,25.39,79.06,1.91,20.97,9.41,Eldorado do Sul,RS,Sul,-30.0,-51.61
2019,100,0.0,0.59,0.6,27.87,77.8,1.3,20.81,9.37,Eldorado do Sul,RS,Sul,-30.0,-51.61
2019,101,0.32,0.59,0.59,29.92,79.44,1.37,18.89,8.67,Eldorado do Sul,RS,Sul,-30.0,-51.61
2019,102,2.35,0.58,0.6,27.57,80.78,1.01,11.57,5.34,Eldorado do Sul,RS,Sul,-30.0,-51.61
2019,103,0.01,0.58,0.58,29.05,81.52,1.17,14.41,6.68,Eldorado do Sul,RS,Sul,-30.0,-51.61
2019,104,0.08,0.58,0.57,30.78,76.66,0.98,17.16,7.99,Eldorado do Sul,RS,Sul,-30.0,-51.61
2019,105,0.79,0.58,0.57,28.91,72.56,2.32,14.35,6.63,Eldorado do Sul,RS,Sul,-30.0,-51.61
2019,106,47.56,0.62,0.75,21.89,91.94,3.5,5.18,2.62,Eldorado do Sul,RS,Sul,-30.0,-51.61
2019,107,1.2,0.64,0.66,24.23,86.32,1.34,11.82,5.48,Eldorado do Sul,RS,Sul,-30.0,-51.61
2019,108,0.01,0.62,0.64,25.55,84.42,0.82,16.35,7.37,Eldorado do Sul,RS,Sul,-30.0,-51.61
2019,109,0.03,0.61,0.63,26.67,81.26,1.24,17.13,7.72,Eldorado do Sul,RS,Sul,-30.0,-51.61
2019,110,0.01,0.61,0.62,29.17,75.53,1.0,7.55,3.67,Eldorado do Sul,RS,Sul,-30.0,-51.61
2019,111,0.98,0.6,0.61,24.52,83.33,1.5,6.04,2.98,Eldorado do Sul,RS,Sul,-30.0,-51.61
2019,112,0.12,0.6,0.61,23.77,77.11,1.6,6.38,3.07,Eldorado do Sul,RS,Sul,-30.0,-51.61
2019,113,0.05,0.59,0.6,25.68,79.49,2.21,12.83,6.01,Eldorado do Sul,RS,Sul,-30.0,-51.61
2019,114,0.22,0.59,0.59,30.12,80.38,1.25,16.36,7.63,Eldorado do Sul,RS,Sul,-30.0,-51.61
2019,115,5.47,0.59,0.61,27.12,88.83,2.53,5.56,2.82,Eldorado do Sul,RS,Sul,-30.0,-51.61
2019,116,56.6,0.64,0.77,25.95,95.13,2.11,10.02,4.81,Eldorado do Sul,RS,Sul,-30.0,-51.61
2019,117,15.43,0.68,0.76,25.42,95.12,1.33,4.16,2.12,Eldorado do Sul,RS,Sul,-30.0,-51.61
2019,118,0.67,0.67,0.7,23.72,86.17,1.5,8.59,4.02,Eldorado do Sul,RS,Sul,-30.0,-51.61
2019,119,0.1,0.66,0.68,23.72,82.94,0.61,16.85,7.55,Eldorado do Sul,RS,Sul,-30.0,-51.61
2019,120,0.07,0.65,0.67,23.75,84.71,1.25,15.9,7.15,Eldorado do Sul,RS,Sul,-30.0,-51.61
2019,121,0.14,0.64,0.66,24.3,85.17,1.24,9.38,4.34,Eldorado do Sul,RS,Sul,-30.0,-51.61
2019,122,0.01,0.63,0.65,25.17,81.67,1.03,15.56,7.1,Eldorado do Sul,RS,Sul,-30.0,-51.61
2019,123,31.44,0.64,0.73,28.63,89.4,1.2,10.16,4.77,Eldorado do Sul,RS,Sul,-30.0,-51.61
2019,124,3.92,0.68,0.73,29.05,90.74,0.96,12.54,5.87,Eldorado do Sul,RS,Sul,-30.0,-51.61
2019,125,11.6,0.67,0.73,26.54,92.88,0.69,10.97,5.19,Eldorado do Sul,RS,Sul,-30.0,-51.61
2019,126,13.05,0.7,0.77,24.03,91.34,1.98,5.55,2.77,Eldorado do Sul,RS,Sul,-30.0,-51.61
2019,127,0.12,0.69,0.71,21.58,83.81,1.68,9.49,4.31,Eldorado do Sul,RS,Sul,-30.0,-51.61
2019,128,0.09,0.68,0.7,22.42,85.85,2.4,9.69,4.48,Eldorado do Sul,RS,Sul,-30.0,-51.61
2019,129,10.82,0.67,0.73,24.68,90.92,1.57,8.36,3.97,Eldorado do Sul,RS,Sul,-30.0,-51.61
2019,130,15.74,0.7,0.77,23.24,95.78,1.38,1.82,0.98,Eldorado do Sul,RS,Sul,-30.0,-51.61
2019,131,6.73,0.71,0.76,19.84,90.59,0.89,4.59,2.26,Eldorado do Sul,RS,Sul,-30.0,-51.61
2019,132,0.25,0.7,0.73,21.12,86.53,1.43,7.69,3.55,Eldorado do Sul,RS,Sul,-30.0,-51.61
2019,133,8.62,0.7,0.75,22.16,93.93,1.64,5.6,2.75,Eldorado do Sul,RS,Sul,-30.0,-51.61
2019,134,6.62,0.71,0.75,21.08,89.46,2.16,6.17,2.96,Eldorado do Sul,RS,Sul,-30.0,-51.61
2019,135,3.82,0.71,0.74,21.37,91.53,2.38,10.87,4.99,Eldorado do Sul,RS,Sul,-30.0,-51.61
2019,136,0.03,0.7,0.72,22.66,87.14,2.22,14.06,6.4,Eldorado do Sul,RS,Sul,-30.0,-51.61
2019,137,0.01,0.69,0.72,22.32,87.4,1.55,15.62,6.97,Eldorado do Sul,RS,Sul,-30.0,-51.61
2019,138,0.03,0.69,0.71,23.74,87.9,1.11,14.2,6.53,Eldorado do Sul,RS,Sul,-30.0,-51.61
2019,139,0.02,0.69,0.71,23.74,87.92,0.86,14.12,6.5,Eldorado do Sul,RS,Sul,-30.0,-51.61
2019,140,1.74,0.68,0.71,24.35,88.38,0.82,12.5,5.77,Eldorado do Sul,RS,Sul,-30.0,-51.61
2019,141,6.89,0.69,0.74,21.38,96.3,1.12,3.99,1.99,Eldorado do Sul,RS,Sul,-30.0,-51.61
2019,142,5.79,0.7,0.73,23.01,91.1,2.05,5.63,2.73,Eldorado do Sul,RS,Sul,-30.0,-51.61
2019,143,19.04,0.72,0.8,20.11,92.56,2.37,5.35,2.61,Eldorado do Sul,RS,Sul,-30.0,-51.61
2019,144,12.52,0.73,0.79,17.19,94.74,1.88,3.49,1.77,Eldorado do Sul,RS,Sul,-30.0,-51.61
2019,145,0.22,0.73,0.76,19.65,82.93,0.99,10.59,4.78,Eldorado do Sul,RS,Sul,-30.0,-51.61
2019,146,0.07,0.72,0.75,19.97,89.49,0.86,13.99,6.27,Eldorado do Sul,RS,Sul,-30.0,-51.61
2019,147,29.47,0.73,0.81,20.95,94.17,0.8,5.36,2.58,Eldorado do Sul,RS,Sul,-30.0,-51.61
2019,148,12.47,0.77,0.82,18.85,91.83,1.55,3.73,1.85,Eldorado do Sul,RS,Sul,-30.0,-51.61
2019,149,0.36,0.76,0.78,20.27,87.49,1.08,7.71,3.54,Eldorado do Sul,RS,Sul,-30.0,-51.61
2019,150,17.04,0.76,0.82,17.31,94.44,2.87,2.61,1.36,Eldorado do Sul,RS,Sul,-30.0,-51.61
2019,151,5.03,0.77,0.8,19.37,91.49,2.66,4.08,2.02,Eldorado do Sul,RS,Sul,-30.0,-51.61
2019,152,1.39,0.76,0.79,17.37,94.07,2.19,5.27,2.53,Eldorado do Sul,RS,Sul,-30.0,-51.61
2019,153,0.57,0.76,0.78,20.5,92.3,1.78,6.87,3.15,Eldorado do Sul,RS,Sul,-30.0,-51.61
2019,154,1.39,0.76,0.78,19.46,90.31,1.49,8.06,3.7,Eldorado do Sul,RS,Sul,-30.0,-51.61
2019,155,0.03,0.75,0.77,19.13,85.66,0.86,12.01,5.33,Eldorado do Sul,RS,Sul,-30.0,-51.61
2019,156,0.02,0.75,0.77,19.66,87.75,1.03,12.54,5.54,Eldorado do Sul,RS,Sul,-30.0,-51.61
2019,157,0.05,0.75,0.77,21.38,88.06,1.07,12.63,5.6,Eldorado do Sul,RS,Sul,-30.0,-51.61
2019,158,0.01,0.74,0.77,23.09,89.54,1.42,12.84,5.79,Eldorado do Sul,RS,Sul,-30.0,-51.61
2019,159,1.59,0.74,0.77,18.16,92.18,0.91,4.57,2.19,Eldorado do Sul,RS,Sul,-30.0,-51.61
2019,160,0.34,0.74,0.77,19.78,94.89,0.95,7.62,3.52,Eldorado do Sul,RS,Sul,-30.0,-51.61
2019,161,0.0,0.74,0.77,22.97,88.86,1.04,9.99,4.54,Eldorado do Sul,RS,Sul,-30.0,-51.61
2019,162,0.0,0.74,0.76,23.55,88.4,1.0,12.39,5.58,Eldorado do Sul,RS,Sul,-30.0,-51.61
2019,163,0.03,0.74,0.76,24.91,91.27,1.06,9.57,4.38,Eldorado do Sul,RS,Sul,-30.0,-51.61
2019,164,0.0,0.74,0.76,26.28,91.57,1.13,9.71,4.46,Eldorado do Sul,RS,Sul,-30.0,-51.61
2019,165,0.0,0.73,0.76,26.77,88.5,1.38,10.67,4.85,Eldorado do Sul,RS,Sul,-30.0,-51.61
2019,166,0.0,0.73,0.75,26.9,89.03,1.13,8.93,4.12,Eldorado do Sul,RS,Sul,-30.0,-51.61
2019,167,0.02,0.73,0.75,26.66,87.71,0.89,11.61,5.29,Eldorado do Sul,RS,Sul,-30.0,-51.61
2019,168,0.11,0.73,0.75,25.32,90.96,1.11,11.15,5.04,Eldorado do Sul,RS,Sul,-30.0,-51.61
2019,169,0.06,0.72,0.75,25.54,88.01,1.3,11.11,5.07,Eldorado do Sul,RS,Sul,-30.0,-51.61
2019,170,6.98,0.73,0.77,18.53,78.91,2.16,9.38,4.22,Eldorado do Sul,RS,Sul,-30.0,-51.61
2019,171,0.01,0.73,0.75,18.27,80.36,0.99,13.42,5.94,Eldorado do Sul,RS,Sul,-30.0,-51.61
2019,172,0.02,0.73,0.75,21.0,88.44,0.94,12.28,5.39,Eldorado do Sul,RS,Sul,-30.0,-51.61
2019,173,0.02,0.72,0.75,25.39,90.76,1.24,11.81,5.36,Eldorado do Sul,RS,Sul,-30.0,-51.61
2019,174,0.03,0.72,0.75,24.65,88.35,1.39,12.08,5.42,Eldorado do Sul,RS,Sul,-30.0,-51.61
2019,175,0.0,0.72,0.74,24.42,84.32,1.69,11.32,5.06,Eldorado do Sul,RS,Sul,-30.0,-51.61
2019,176,11.02,0.72,0.76,23.63,83.46,2.56,9.8,4.42,Eldorado do Sul,RS,Sul,-30.0,-51.61
2019,177,0.55,0.73,0.76,12.65,70.97,1.21,11.77,5.0,Eldorado do Sul,RS,Sul,-30.0,-51.61
2019,178,0.06,0.73,0.75,17.1,85.37,0.96,12.41,5.52,Eldorado do Sul,RS,Sul,-30.0,-51.61
2019,179,7.18,0.74,0.78,22.16,96.17,1.28,6.15,2.91,Eldorado do Sul,RS,Sul,-30.0,-51.61
2019,180,2.53,0.74,0.76,27.82,85.89,1.65,10.51,4.85,Eldorado do Sul,RS,Sul,-30.0,-51.61
2019,181,31.71,0.76,0.83,21.75,89.63,1.53,1.85,0.98,Eldorado do Sul,RS,Sul,-30.0,-51.61
2019,182,0.99,0.77,0.79,14.46,82.3,1.24,4.65,2.23,Eldorado do Sul,RS,Sul,-30.0,-51.61
2019,183,0.07,0.76,0.78,16.23,75.77,0.77,8.6,3.79,Eldorado do Sul,RS,Sul,-30.0,-51.61
2019,184,0.1,0.75,0.77,13.38,75.53,1.94,13.06,5.62,Eldorado do Sul,RS,Sul,-30.0,-51.61
2019,185,0.02,0.75,0.77,11.16,79.94,1.48,13.75,5.99,Eldorado do Sul,RS,Sul,-30.0,-51.61
2019,186,0.0,0.75,0.77,10.29,76.83,2.99,13.52,5.78,Eldorado do Sul,RS,Sul,-30.0,-51.61
2019,187,0.0,0.74,0.77,10.26,82.01,2.01,13.85,5.89,Eldorado do Sul,RS,Sul,-30.0,-51.61
2019,188,0.0,0.74,0.77,12.39,79.58,0.73,14.19,6.06,Eldorado do Sul,RS,Sul,-30.0,-51.61
2019,189,0.03,0.74,0.77,16.23,81.23,0.87,13.97,5.97,Eldorado do Sul,RS,Sul,-30.0,-51.61
2019,190,0.01,0.74,0.76,19.3,79.1,0.83,12.38,5.29,Eldorado do Sul,RS,Sul,-30.0,-51.61
2019,191,0.03,0.74,0.76,20.4,87.03,0.89,11.72,5.15,Eldorado do Sul,RS,Sul,-30.0,-51.61
2019,192,0.03,0.74,0.76,22.19,89.4,0.87,12.9,5.85,Eldorado do Sul,RS,Sul,-30.0,-51.61
2019,193,1.44,0.74,0.76,23.34,88.82,1.25,11.5,5.14,Eldorado do Sul,RS,Sul,-30.0,-51.61
2019,194,14.31,0.74,0.8,20.86,93.42,1.54,5.47,2.61,Eldorado do Sul,RS,Sul,-30.0,-51.61
2019,195,2.61,0.76,0.79,16.03,89.41,1.36,2.37,1.21,Eldorado do Sul,RS,Sul,-30.0,-51.61
2019,196,0.14,0.75,0.77,15.72,88.4,0.91,4.14,1.93,Eldorado do Sul,RS,Sul,-30.0,-51.61
2019,197,0.04,0.75,0.77,16.4,84.87,1.15,13.58,5.87,Eldorado do Sul,RS,Sul,-30.0,-51.61
2019,198,0.04,0.75,0.77,17.47,89.75,0.96,13.97,6.14,Eldorado do Sul,RS,Sul,-30.0,-51.61
2019,199,0.05,0.74,0.77,19.5,88.14,1.1,14.37,6.32,Eldorado do Sul,RS,Sul,-30.0,-51.61
2019,200,0.09,0.74,0.77,20.96,91.73,1.08,6.58,3.15,Eldorado do Sul,RS,Sul,-30.0,-51.61
2019,201,0.02,0.74,0.76,22.95,89.67,1.07,13.76,6.16,Eldorado do Sul,RS,Sul,-30.0,-51.61
2019,202,0.0,0.74,0.76,23.85,88.52,1.28,11.12,4.94,Eldorado do Sul,RS,Sul,-30.0,-51.61
2019,203,4.26,0.74,0.77,24.65,88.69,1.2,7.08,3.28,Eldorado do Sul,RS,Sul,-30.0,-51.61
2019,204,43.0,0.76,0.85,25.18,91.83,0.67,1.89,1.0,Eldorado do Sul,RS,Sul,-30.0,-51.61
2019,205,37.63,0.83,0.9,17.73,93.68,2.19,2.09,1.12,Eldorado do Sul,RS,Sul,-30.0,-51.61
2019,206,3.94,0.83,0.84,18.0,96.21,2.87,6.08,2.95,Eldorado do Sul,RS,Sul,-30.0,-51.61
2019,207,3.13,0.82,0.83,17.29,91.21,2.12,2.67,1.38,Eldorado do Sul,RS,Sul,-30.0,-51.61
2019,208,0.01,0.8,0.82,13.41,88.68,1.32,6.05,2.86,Eldorado do Sul,RS,Sul,-30.0,-51.61
2019,209,0.04,0.8,0.81,16.47,87.36,1.8,8.89,3.96,Eldorado do Sul,RS,Sul,-30.0,-51.61
2019,210,1.94,0.79,0.81,23.46,90.73,0.84,7.35,3.38,Eldorado do Sul,RS,Sul,-30.0,-51.61
2019,211,10.78,0.81,0.84,20.41,91.15,1.24,9.98,4.6,Eldorado do Sul,RS,Sul,-30.0,-51.61
2019,212,0.01,0.8,0.81,21.72,87.89,1.1,14.84,6.57,Eldorado do Sul,RS,Sul,-30.0,-51.61
2019,213,10.17,0.8,0.83,25.69,86.74,2.19,13.93,6.25,Eldorado do Sul,RS,Sul,-30.0,-51.61
2019,214,3.43,0.81,0.83,14.01,84.43,1.9,8.4,3.75,Eldorado do Sul,RS,Sul,-30.0,-51.61
2019,215,0.04,0.81,0.81,14.37,80.23,1.9,16.43,7.08,Eldorado do Sul,RS,Sul,-30.0,-51.61
2019,216,0.0,0.8,0.81,14.19,82.32,1.08,16.59,7.03,Eldorado do Sul,RS,Sul,-30.0,-51.61
2019,217,0.01,0.8,0.81,18.0,83.53,1.14,17.11,7.36,Eldorado do Sul,RS,Sul,-30.0,-51.61
2019,218,0.02,0.79,0.81,24.07,89.01,1.17,15.73,7.09,Eldorado do Sul,RS,Sul,-30.0,-51.61
2019,219,0.0,0.79,0.8,26.23,85.91,1.38,15.41,7.0,Eldorado do Sul,RS,Sul,-30.0,-51.61
2019,220,4.5,0.79,0.81,21.43,93.06,1.45,11.9,5.39,Eldorado do Sul,RS,Sul,-30.0,-51.61
2019,221,11.22,0.81,0.84,25.89,91.29,1.59,7.36,3.46,Eldorado do Sul,RS,Sul,-30.0,-51.61
2019,222,8.48,0.82,0.84,18.12,88.56,2.94,9.38,4.32,Eldorado do Sul,RS,Sul,-30.0,-51.61
2019,223,0.4,0.81,0.82,18.79,87.35,1.12,16.26,7.06,Eldorado do Sul,RS,Sul,-30.0,-51.61
2019,224,20.52,0.82,0.86,18.43,94.32,0.89,4.46,2.17,Eldorado do Sul,RS,Sul,-30.0,-51.61
2019,225,0.32,0.83,0.83,13.45,80.97,2.01,10.84,4.73,Eldorado do Sul,RS,Sul,-30.0,-51.61
2019,226,0.03,0.82,0.83,13.14,86.89,1.37,14.53,6.33,Eldorado do Sul,RS,Sul,-30.0,-51.61
2019,227,0.02,0.82,0.82,18.14,80.65,1.25,17.5,7.59,Eldorado do Sul,RS,Sul,-30.0,-51.61
2019,228,0.01,0.81,0.82,25.2,87.35,1.09,15.57,6.87,Eldorado do Sul,RS,Sul,-30.0,-51.61
2019,229,0.0,0.81,0.82,25.81,85.96,1.71,15.98,7.04,Eldorado do Sul,RS,Sul,-30.0,-51.61
2019,230,0.06,0.8,0.81,19.46,81.67,2.19,7.31,3.43,Eldorado do Sul,RS,Sul,-30.0,-51.61
2019,231,0.02,0.8,0.81,14.25,83.41,1.63,16.98,7.42,Eldorado do Sul,RS,Sul,-30.0,-51.61
2019,232,0.0,0.8,0.81,15.49,86.7,1.36,11.88,5.3,Eldorado do Sul,RS,Sul,-30.0,-51.61
2019,233,0.01,0.8,0.81,15.91,85.16,1.32,17.47,7.78,Eldorado do Sul,RS,Sul,-30.0,-51.61
2019,234,0.0,0.79,0.81,17.8,85.83,1.97,17.45,7.7,Eldorado do Sul,RS,Sul,-30.0,-51.61
2019,235,0.03,0.79,0.8,18.14,84.86,1.44,8.03,3.67,Eldorado do Sul,RS,Sul,-30.0,-51.61
2019,236,0.04,0.79,0.8,18.52,84.35,2.09,16.5,7.18,Eldorado do Sul,RS,Sul,-30.0,-51.61
2019,237,0.0,0.79,0.8,21.2,85.46,1.66,19.46,8.53,Eldorado do Sul,RS,Sul,-30.0,-51.61
2019,238,0.05,0.78,0.8,19.12,87.61,1.04,15.17,6.81,Eldorado do Sul,RS,Sul,-30.0,-51.61
2019,239,0.01,0.78,0.8,23.56,85.74,1.15,16.57,7.33,Eldorado do Sul,RS,Sul,-30.0,-51.61
2019,240,0.01,0.78,0.79,26.25,86.37,1.11,18.01,8.09,Eldorado do Sul,RS,Sul,-30.0,-51.61
2019,241,0.0,0.78,0.79,28.73,85.68,1.49,18.89,8.46,Eldorado do Sul,RS,Sul,-30.0,-51.61
2019,242,7.16,0.77,0.8,28.4,84.19,1.5,14.77,6.65,Eldorado do Sul,RS,Sul,-30.0,-51.61
2019,243,24.73,0.8,0.85,16.1,91.28,1.52,3.52,1.83,Eldorado do Sul,RS,Sul,-30.0,-51.61
2019,244,0.1,0.8,0.81,18.48,78.55,1.09,16.28,7.06,Eldorado do Sul,RS,Sul,-30.0,-51.61
2019,245,0.01,0.79,0.81,18.58,72.29,0.88,20.78,8.93,Eldorado do Sul,RS,Sul,-30.0,-51.61
2019,246,0.01,0.79,0.8,17.78,79.11,1.2,19.67,8.61,Eldorado do Sul,RS,Sul,-30.0,-51.61
2019,247,0.0,0.78,0.8,15.79,73.82,1.39,18.65,8.02,Eldorado do Sul,RS,Sul,-30.0,-51.61
2019,248,0.0,0.78,0.79,15.77,79.04,2.56,17.24,7.44,Eldorado do Sul,RS,Sul,-30.0,-51.61
2019,249,0.03,0.78,0.79,18.51,87.93,1.93,3.48,1.77,Eldorado do Sul,RS,Sul,-30.0,-51.61
2019,250,12.41,0.79,0.83,25.95,90.9,1.02,4.75,2.39,Eldorado do Sul,RS,Sul,-30.0,-51.61
2019,251,7.24,0.8,0.83,28.25,91.07,1.33,9.24,4.08,Eldorado do Sul,RS,Sul,-30.0,-51.61
2019,252,0.35,0.79,0.8,31.14,84.21,2.09,15.91,7.27,Eldorado do Sul,RS,Sul,-30.0,-51.61
2019,253,2.4,0.79,0.81,21.6,87.45,2.44,11.47,5.11,Eldorado do Sul,RS,Sul,-30.0,-51.61
2019,254,18.51,0.79,0.84,22.53,92.34,2.05,6.63,3.07,Eldorado do Sul,RS,Sul,-30.0,-51.61
2019,255,12.32,0.82,0.86,20.85,90.3,1.63,5.24,2.57,Eldorado do Sul,RS,Sul,-30.0,-51.61
2019,256,0.26,0.81,0.82,19.6,83.62,2.06,12.75,5.71,Eldorado do Sul,RS,Sul,-30.0,-51.61
2019,257,0.19,0.8,0.82,21.59,88.58,1.86,11.33,5.29,Eldorado do Sul,RS,Sul,-30.0,-51.61
2019,258,0.41,0.8,0.81,31.46,84.25,0.89,16.92,7.68,Eldorado do Sul,RS,Sul,-30.0,-51.61
2019,259,2.31,0.79,0.81,27.44,86.03,2.59,10.9,4.99,Eldorado do Sul,RS,Sul,-30.0,-51.61
2019,260,25.97,0.81,0.86,18.3,89.89,2.01,4.31,2.21,Eldorado do Sul,RS,Sul,-30.0,-51.61
2019,261,0.38,0.82,0.83,22.51,78.24,0.9,6.33,3.06,Eldorado do Sul,RS,Sul,-30.0,-51.61
2019,262,0.56,0.81,0.82,25.46,86.65,1.23,16.71,7.45,Eldorado do Sul,RS,Sul,-30.0,-51.61
2019,263,0.96,0.81,0.82,18.56,78.47,2.05,10.68,4.97,Eldorado do Sul,RS,Sul,-30.0,-51.61
2019,264,0.0,0.8,0.81,20.34,75.71,0.99,17.48,7.6,Eldorado do Sul,RS,Sul,-30.0,-51.61
2019,265,0.0,0.79,0.8,21.16,77.83,1.7,23.68,10.26,Eldorado do Sul,RS,Sul,-30.0,-51.61
2019,266,0.0,0.79,0.8,19.66,78.57,2.36,24.9,10.8,Eldorado do Sul,RS,Sul,-30.0,-51.61
2019,267,0.0,0.78,0.79,22.52,80.89,1.33,24.48,10.76,Eldorado do Sul,RS,Sul,-30.0,-51.61
2019,268,0.0,0.78,0.79,23.72,82.66,1.28,24.02,10.58,Eldorado do Sul,RS,Sul,-30.0,-51.61
2019,269,0.03,0.78,0.79,25.12,78.49,1.18,23.36,10.37,Eldorado do Sul,RS,Sul,-30.0,-51.61
2019,270,0.0,0.77,0.79,20.1,82.56,2.13,18.96,8.43,Eldorado do Sul,RS,Sul,-30.0,-51.61
2019,271,0.0,0.77,0.78,23.19,81.78,2.18,23.86,10.76,Eldorado do Sul,RS,Sul,-30.0,-51.61
2019,272,0.01,0.76,0.78,25.84,81.6,0.98,23.8,10.51,Eldorado do Sul,RS,Sul,-30.0,-51.61
2019,273,0.0,0.76,0.77,30.09,82.11,1.36,24.25,10.75,Eldorado do Sul,RS,Sul,-30.0,-51.61
2019,274,0.29,0.75,0.77,32.58,78.05,1.83,23.93,10.61,Eldorado do Sul,RS,Sul,-30.0,-51.61
2019,275,23.1,0.76,0.82,26.57,83.4,2.17,7.84,3.89,Eldorado do Sul,RS,Sul,-30.0,-51.61
2019,276,9.43,0.78,0.81,20.84,88.46,3.21,4.9,2.58,Eldorado do Sul,RS,Sul,-30.0,-51.61
2019,277,27.32,0.81,0.86,25.43,90.54,1.64,3.84,2.03,Eldorado do Sul,RS,Sul,-30.0,-51.61
2019,278,42.04,0.85,0.9,24.53,87.86,1.77,3.83,2.09,Eldorado do Sul,RS,Sul,-30.0,-51.61
2019,279,3.17,0.84,0.85,19.19,88.73,1.98,7.38,3.74,Eldorado do Sul,RS,Sul,-30.0,-51.61
2019,280,0.05,0.83,0.83,25.68,79.65,1.17,23.51,10.55,Eldorado do Sul,RS,Sul,-30.0,-51.61
2019,281,0.02,0.81,0.82,25.9,78.4,1.3,23.01,10.27,Eldorado do Sul,RS,Sul,-30.0,-51.61
2019,282,0.0,0.8,0.81,26.8,81.52,1.25,25.65,11.64,Eldorado do Sul,RS,Sul,-30.0,-51.61
2019,283,0.0,0.8,0.81,29.73,79.37,1.14,23.82,10.79,Eldorado do Sul,RS,Sul,-30.0,-51.61
2019,284,0.0,0.79,0.8,33.36,73.55,1.44,25.68,11.67,Eldorado do Sul,RS,Sul,-30.0,-51.61
2019,285,0.0,0.78,0.79,34.47,78.25,1.18,26.02,11.97,Eldorado do Sul,RS,Sul,-30.0,-51.61
2019,286,3.16,0.78,0.79,31.85,82.41,2.02,19.18,8.99,Eldorado do Sul,RS,Sul,-30.0,-51.61
2019,287,19.06,0.79,0.84,18.46,86.66,3.86,4.93,2.62,Eldorado do Sul,RS,Sul,-30.0,-51.61
2019,288,4.7,0.81,0.82,18.77,84.81,3.89,6.8,3.51,Eldorado do Sul,RS,Sul,-30.0,-51.61
2019,289,22.29,0.81,0.86,20.97,90.6,2.27,5.19,2.7,Eldorado do Sul,RS,Sul,-30.0,-51.61
2019,290,24.01,0.83,0.87,26.08,89.93,1.61,10.82,5.2,Eldorado do Sul,RS,Sul,-30.0,-51.61
2019,291,1.13,0.84,0.84,26.95,83.79,1.8,15.31,7.07,Eldorado do Sul,RS,Sul,-30.0,-51.61
2019,292,0.0,0.82,0.82,22.79,76.07,1.7,23.43,10.42,Eldorado do Sul,RS,Sul,-30.0,-51.61
2019,293,0.08,0.81,0.82,20.88,81.82,2.18,17.23,7.83,Eldorado do Sul,RS,Sul,-30.0,-51.61
2019,294,9.64,0.81,0.84,18.92,88.58,2.3,7.05,3.6,Eldorado do Sul,RS,Sul,-30.0,-51.61
2019,295,1.08,0.82,0.83,22.48,81.06,1.26,15.66,7.25,Eldorado do Sul,RS,Sul,-30.0,-51.61
2019,296,0.03,0.81,0.82,24.51,78.32,1.1,26.1,11.59,Eldorado do Sul,RS,Sul,-30.0,-51.61
2019,297,0.0,0.8,0.81,25.9,77.81,1.41,26.28,11.7,Eldorado do Sul,RS,Sul,-30.0,-51.61
2019,298,0.0,0.79,0.8,25.05,77.11,1.32,28.04,12.34,Eldorado do Sul,RS,Sul,-30.0,-51.61
2019,299,0.14,0.79,0.8,27.31,81.98,1.67,29.42,13.11,Eldorado do Sul,RS,Sul,-30.0,-51.61
2019,300,33.51,0.81,0.87,23.84,93.98,1.64,2.47,1.37,Eldorado do Sul,RS,Sul,-30.0,-51.61
2019,301,5.74,0.82,0.84,31.18,85.27,1.26,16.47,7.86,Eldorado do Sul,RS,Sul,-30.0,-51.61
2019,302,16.23,0.82,0.86,31.79,87.21,1.74,5.83,2.97,Eldorado do Sul,RS,Sul,-30.0,-51.61
2019,303,21.52,0.84,0.87,31.81,88.41,1.79,2.23,1.22,Eldorado do Sul,RS,Sul,-30.0,-51.61
2019,304,25.66,0.86,0.88,24.85,87.75,2.95,6.18,3.21,Eldorado do Sul,RS,Sul,-30.0,-51.61
2019,305,0.01,0.84,0.84,26.49,85.01,2.94,22.9,10.6,Eldorado do Sul,RS,Sul,-30.0,-51.61
2019,306,2.25,0.83,0.84,30.41,84.96,1.34,21.63,10.02,Eldorado do Sul,RS,Sul,-30.0,-51.61
2019,307,2.29,0.83,0.84,22.65,84.65,1.63,7.79,4.01,Eldorado do Sul,RS,Sul,-30.0,-51.61
2019,308,34.6,0.84,0.89,25.04,92.41,1.26,3.31,1.8,Eldorado do Sul,RS,Sul,-30.0,-51.61
2019,309,9.55,0.87,0.88,25.75,86.0,2.11,11.68,5.72,Eldorado do Sul,RS,Sul,-30.0,-51.61
2019,310,0.06,0.85,0.85,24.45,77.45,2.06,30.4,13.57,Eldorado do Sul,RS,Sul,-30.0,-51.61
2019,311,15.98,0.86,0.88,27.32,83.54,1.85,9.07,4.47,Eldorado do Sul,RS,Sul,-30.0,-51.61
2019,312,0.2,0.85,0.85,27.22,83.98,1.89,27.18,12.26,Eldorado do Sul,RS,Sul,-30.0,-51.61
2019,313,4.53,0.85,0.85,26.84,87.94,2.12,12.6,6.11,Eldorado do Sul,RS,Sul,-30.0,-51.61
2019,314,1.11,0.84,0.84,26.79,86.08,2.7,11.85,5.69,Eldorado do Sul,RS,Sul,-30.0,-51.61
2019,315,0.32,0.83,0.83,25.03,83.48,3.71,18.9,8.76,Eldorado do Sul,RS,Sul,-30.0,-51.61
2019,316,0.0,0.82,0.83,28.15,81.59,2.04,26.48,12.19,Eldorado do Sul,RS,Sul,-30.0,-51.61
2019,317,8.08,0.82,0.84,25.69,84.5,1.22,16.77,8.08,Eldorado do Sul,RS,Sul,-30.0,-51.61
2019,318,7.13,0.84,0.85,27.79,84.87,1.82,15.08,7.23,Eldorado do Sul,RS,Sul,-30.0,-51.61
2019,319,1.78,0.83,0.83,24.92,79.04,1.66,24.01,10.81,Eldorado do Sul,RS,Sul,-30.0,-51.61
2019,320,0.0,0.82,0.82,25.29,77.43,1.21,30.96,13.82,Eldorado do Sul,RS,Sul,-30.0,-51.61
2019,321,0.01,0.81,0.81,26.56,77.04,1.49,31.52,14.11,Eldorado do Sul,RS,Sul,-30.0,-51.61
2019,322,0.0,0.8,0.81,28.28,78.39,1.5,30.49,13.6,Eldorado do Sul,RS,Sul,-30.0,-51.61
2019,323,0.0,0.79,0.8,30.2,80.62,1.23,29.42,13.34,Eldorado do Sul,RS,Sul,-30.0,-51.61
2019,324,0.0,0.79,0.79,31.35,80.52,1.26,30.55,13.92,Eldorado do Sul,RS,Sul,-30.0,-51.61
2019,325,0.04,0.78,0.79,32.76,79.96,1.12,28.59,13.09,Eldorado do Sul,RS,Sul,-30.0,-51.61
2019,326,6.04,0.77,0.8,32.62,83.12,1.8,18.18,8.5,Eldorado do Sul,RS,Sul,-30.0,-51.61
2019,327,6.28,0.78,0.81,23.51,76.99,2.91,15.84,7.44,Eldorado do Sul,RS,Sul,-30.0,-51.61
2019,328,0.01,0.77,0.78,23.78,70.97,2.93,31.71,14.14,Eldorado do Sul,RS,Sul,-30.0,-51.61
2019,329,0.0,0.76,0.77,26.21,76.08,2.62,31.27,14.14,Eldorado do Sul,RS,Sul,-30.0,-51.61
2019,330,2.81,0.76,0.78,29.14,81.26,1.89,11.72,5.81,Eldorado do Sul,RS,Sul,-30.0,-51.61
2019,331,3.32,0.76,0.78,26.53,83.2,2.2,10.12,5.07,Eldorado do Sul,RS,Sul,-30.0,-51.61
2019,332,0.0,0.75,0.77,25.33,70.25,1.56,32.74,14.61,Eldorado do Sul,RS,Sul,-30.0,-51.61
2019,333,0.0,0.74,0.76,30.49,74.03,1.13,32.22,14.65,Eldorado do Sul,RS,Sul,-30.0,-51.61
2019,334,0.02,0.74,0.75,32.34,76.15,1.13,19.5,9.19,Eldorado do Sul,RS,Sul,-30.0,-51.61
2019,335,0.02,0.73,0.74,27.32,73.24,2.0,24.71,11.25,Eldorado do Sul,RS,Sul,-30.0,-51.61
2019,336,0.0,0.72,0.74,23.97,69.74,1.2,32.8,14.36,Eldorado do Sul,RS,Sul,-30.0,-51.61
2019,337,0.0,0.71,0.73,25.4,72.39,2.01,33.07,14.62,Eldorado do Sul,RS,Sul,-30.0,-51.61
2019,338,7.96,0.71,0.74,30.89,77.18,1.02,23.41,10.84,Eldorado do Sul,RS,Sul,-30.0,-51.61
2019,339,0.17,0.72,0.74,25.9,74.17,2.09,24.27,11.0,Eldorado do Sul,RS,Sul,-30.0,-51.61
2019,340,0.0,0.71,0.72,26.46,72.25,1.41,32.78,14.48,Eldorado do Sul,RS,Sul,-30.0,-51.61
2019,341,0.0,0.7,0.71,27.53,68.96,1.46,33.09,14.71,Eldorado do Sul,RS,Sul,-30.0,-51.61
2019,342,0.0,0.69,0.71,28.57,74.17,1.41,31.89,14.25,Eldorado do Sul,RS,Sul,-30.0,-51.61
2019,343,0.0,0.68,0.7,31.85,67.06,0.71,29.68,13.42,Eldorado do Sul,RS,Sul,-30.0,-51.61
2019,344,0.0,0.67,0.69,30.69,68.53,1.22,32.91,14.73,Eldorado do Sul,RS,Sul,-30.0,-51.61
2019,345,0.0,0.67,0.68,32.23,73.34,1.02,32.43,14.42,Eldorado do Sul,RS,Sul,-30.0,-51.61
2019,346,0.05,0.66,0.67,33.05,74.88,2.03,17.91,8.46,Eldorado do Sul,RS,Sul,-30.0,-51.61
2019,347,0.02,0.66,0.66,26.37,66.26,1.87,29.9,13.33,Eldorado do Sul,RS,Sul,-30.0,-51.61
2019,348,0.36,0.65,0.66,29.55,76.83,1.8,22.24,10.39,Eldorado do Sul,RS,Sul,-30.0,-51.61
2019,349,2.88,0.65,0.66,34.0,79.34,2.45,19.47,9.23,Eldorado do Sul,RS,Sul,-30.0,-51.61
2019,350,6.05,0.66,0.7,24.82,80.1,2.0,17.96,8.56,Eldorado do Sul,RS,Sul,-30.0,-51.61
2019,351,0.01,0.66,0.67,26.22,75.11,1.74,22.19,10.29,Eldorado do Sul,RS,Sul,-30.0,-51.61
2019,352,0.0,0.65,0.66,27.07,73.34,2.8,32.22,14.43,Eldorado do Sul,RS,Sul,-30.0,-51.61
2019,353,0.0,0.64,0.65,29.71,73.58,1.76,29.84,13.74,Eldorado do Sul,RS,Sul,-30.0,-51.61
2019,354,8.31,0.64,0.67,32.7,79.51,1.34,25.97,12.1,Eldorado do Sul,RS,Sul,-30.0,-51.61
2019,355,3.55,0.65,0.68,26.75,79.17,2.63,20.08,9.41,Eldorado do Sul,RS,Sul,-30.0,-51.61
2019,356,0.01,0.65,0.65,24.92,69.48,2.35,29.67,13.11,Eldorado do Sul,RS,Sul,-30.0,-51.61
2019,357,0.0,0.64,0.64,28.23,61.74,1.74,34.18,14.96,Eldorado do Sul,RS,Sul,-30.0,-51.61
2019,358,0.0,0.63,0.63,31.12,66.93,1.28,33.81,14.89,Eldorado do Sul,RS,Sul,-30.0,-51.61
2019,359,0.0,0.62,0.62,34.8,66.34,1.4,31.52,14.29,Eldorado do Sul,RS,Sul,-30.0,-51.61
2019,360,0.0,0.61,0.61,35.68,71.89,1.49,28.62,13.19,Eldorado do Sul,RS,Sul,-30.0,-51.61
2019,361,0.0,0.61,0.61,36.56,69.77,1.79,29.75,13.86,Eldorado do Sul,RS,Sul,-30.0,-51.61
2019,362,0.0,0.6,0.6,37.85,66.85,1.58,31.33,14.5,Eldorado do Sul,RS,Sul,-30.0,-51.61
2019,363,0.04,0.6,0.59,37.86,65.31,1.24,26.41,12.29,Eldorado do Sul,RS,Sul,-30.0,-51.61
2019,364,0.07,0.59,0.58,37.82,62.3,1.29,30.2,13.93,Eldorado do Sul,RS,Sul,-30.0,-51.61
2019,365,5.58,0.59,0.61,38.08,70.8,0.96,22.65,10.61,Eldorado do Sul,RS,Sul,-30.0,-51.61
2020,1,5.65,0.6,0.63,32.45,76.67,2.35,23.38,11.1,Eldorado do Sul,RS,Sul,-30.0,-51.61
2020,2,1.28,0.6,0.61,29.12,73.8,3.08,21.96,10.23,Eldorado do Sul,RS,Sul,-30.0,-51.61
2020,3,1.46,0.59,0.6,28.19,71.5,3.44,22.45,10.43,Eldorado do Sul,RS,Sul,-30.0,-51.61
2020,4,1.04,0.59,0.59,29.29,74.16,2.63,23.06,10.73,Eldorado do Sul,RS,Sul,-30.0,-51.61
2020,5,0.02,0.59,0.58,32.14,69.7,1.57,30.52,13.96,Eldorado do Sul,RS,Sul,-30.0,-51.61
2020,6,0.89,0.58,0.57,36.2,67.36,1.61,26.99,12.56,Eldorado do Sul,RS,Sul,-30.0,-51.61
2020,7,0.87,0.58,0.57,32.61,62.86,1.83,26.1,11.95,Eldorado do Sul,RS,Sul,-30.0,-51.61
2020,8,0.01,0.57,0.56,32.48,69.85,2.41,26.97,12.25,Eldorado do Sul,RS,Sul,-30.0,-51.61
2020,9,0.27,0.57,0.54,38.55,66.11,1.37,26.72,12.33,Eldorado do Sul,RS,Sul,-30.0,-51.61
2020,10,24.3,0.58,0.64,36.5,78.73,1.24,15.43,7.47,Eldorado do Sul,RS,Sul,-30.0,-51.61
2020,11,1.99,0.61,0.64,30.88,79.14,2.06,17.29,8.18,Eldorado do Sul,RS,Sul,-30.0,-51.61
2020,12,0.12,0.6,0.6,32.6,68.73,1.49,28.35,12.89,Eldorado do Sul,RS,Sul,-30.0,-51.61
2020,13,0.0,0.59,0.58,32.02,66.22,2.31,30.61,14.0,Eldorado do Sul,RS,Sul,-30.0,-51.61
2020,14,0.0,0.58,0.57,35.8,67.35,1.89,29.58,13.71,Eldorado do Sul,RS,Sul,-30.0,-51.61
2020,15,4.91,0.58,0.59,33.53,77.22,1.51,18.5,8.84,Eldorado do Sul,RS,Sul,-30.0,-51.61
2020,16,12.1,0.6,0.65,27.77,70.31,2.37,12.22,5.98,Eldorado do Sul,RS,Sul,-30.0,-51.61
2020,17,0.0,0.59,0.59,27.23,62.01,1.77,31.24,13.79,Eldorado do Sul,RS,Sul,-30.0,-51.61
2020,18,0.01,0.59,0.58,30.91,69.95,1.7,28.87,12.99,Eldorado do Sul,RS,Sul,-30.0,-51.61
2020,19,0.0,0.58,0.57,33.13,68.3,1.15,29.49,13.49,Eldorado do Sul,RS,Sul,-30.0,-51.61
2020,20,0.78,0.57,0.56,36.21,68.06,1.07,25.9,11.98,Eldorado do Sul,RS,Sul,-30.0,-51.61
2020,21,13.24,0.57,0.62,31.53,78.55,1.44,10.92,5.48,Eldorado do Sul,RS,Sul,-30.0,-51.61
2020,22,2.58,0.59,0.62,28.99,75.68,3.19,13.8,6.69,Eldorado do Sul,RS,Sul,-30.0,-51.61
2020,23,1.73,0.59,0.59,28.53,75.38,3.52,25.62,11.71,Eldorado do Sul,RS,Sul,-30.0,-51.61
2020,24,0.12,0.58,0.57,30.33,70.71,2.07,24.81,11.32,Eldorado do Sul,RS,Sul,-30.0,-51.61
2020,25,0.0,0.58,0.56,32.79,67.65,1.47,30.48,13.78,Eldorado do Sul,RS,Sul,-30.0,-51.61
2020,26,0.03,0.57,0.55,34.59,62.44,1.19,27.94,12.98,Eldorado do Sul,RS,Sul,-30.0,-51.61
2020,27,4.37,0.57,0.57,34.8,66.05,2.31,20.89,9.71,Eldorado do Sul,RS,Sul,-30.0,-51.61
2020,28,1.9,0.57,0.57,31.86,71.67,2.24,24.54,11.33,Eldorado do Sul,RS,Sul,-30.0,-51.61
2020,29,6.0,0.57,0.58,32.79,71.91,1.25,10.58,5.24,Eldorado do Sul,RS,Sul,-30.0,-51.61
2020,30,3.51,0.57,0.58,31.38,78.13,1.11,11.35,5.65,Eldorado do Sul,RS,Sul,-30.0,-51.61
2020,31,9.14,0.58,0.62,30.42,78.02,1.71,18.29,8.68,Eldorado do Sul,RS,Sul,-30.0,-51.61
2020,32,1.24,0.58,0.58,32.0,71.53,1.13,26.73,12.2,Eldorado do Sul,RS,Sul,-30.0,-51.61
2020,33,0.0,0.57,0.56,34.05,70.32,2.07,28.08,12.8,Eldorado do Sul,RS,Sul,-30.0,-51.61
2020,34,0.2,0.57,0.55,33.19,71.07,2.84,24.96,11.48,Eldorado do Sul,RS,Sul,-30.0,-51.61
2020,35,0.07,0.56,0.54,34.5,67.27,2.92,28.35,13.01,Eldorado do Sul,RS,Sul,-30.0,-51.61
2020,36,0.01,0.56,0.53,35.27,65.68,2.66,26.09,12.08,Eldorado do Sul,RS,Sul,-30.0,-51.61
2020,37,0.57,0.55,0.53,36.45,67.42,2.31,27.85,12.92,Eldorado do Sul,RS,Sul,-30.0,-51.61
2020,38,0.9,0.55,0.52,35.96,69.17,2.38,24.69,11.62,Eldorado do Sul,RS,Sul,-30.0,-51.61
2020,39,9.52,0.55,0.56,37.01,69.38,1.38,23.11,10.92,Eldorado do Sul,RS,Sul,-30.0,-51.61
2020,40,10.08,0.58,0.63,29.54,72.81,2.79,11.59,5.65,Eldorado do Sul,RS,Sul,-30.0,-51.61
2020,41,0.01,0.57,0.56,28.65,63.9,1.97,26.78,12.17,Eldorado do Sul,RS,Sul,-30.0,-51.61
2020,42,0.37,0.57,0.55,28.66,68.95,2.49,27.35,12.44,Eldorado do Sul,RS,Sul,-30.0,-51.61
2020,43,0.29,0.56,0.55,30.48,68.18,2.74,25.94,11.96,Eldorado do Sul,RS,Sul,-30.0,-51.61
2020,44,0.11,0.56,0.54,33.45,62.49,2.1,26.78,12.29,Eldorado do Sul,RS,Sul,-30.0,-51.61
2020,45,0.19,0.55,0.53,34.9,62.46,1.5,16.54,7.96,Eldorado do Sul,RS,Sul,-30.0,-51.61
2020,46,0.12,0.55,0.53,35.71,66.73,0.6,18.71,8.78,Eldorado do Sul,RS,Sul,-30.0,-51.61
2020,47,3.63,0.55,0.54,36.47,64.16,1.09,23.58,11.02,Eldorado do Sul,RS,Sul,-30.0,-51.61
2020,48,2.0,0.55,0.54,37.06,72.5,1.62,18.25,8.74,Eldorado do Sul,RS,Sul,-30.0,-51.61
2020,49,9.02,0.55,0.58,33.36,82.31,2.26,9.6,4.79,Eldorado do Sul,RS,Sul,-30.0,-51.61
2020,50,0.32,0.56,0.56,32.21,63.48,1.31,23.56,10.71,Eldorado do Sul,RS,Sul,-30.0,-51.61
2020,51,0.17,0.56,0.54,34.15,64.76,1.98,25.27,11.45,Eldorado do Sul,RS,Sul,-30.0,-51.61
2020,52,0.09,0.55,0.53,27.68,51.48,2.43,24.84,11.0,Eldorado do Sul,RS,Sul,-30.0,-51.61
2020,53,0.25,0.55,0.52,27.07,60.32,1.81,27.91,12.42,Eldorado do Sul,RS,Sul,-30.0,-51.61
2020,54,0.07,0.54,0.52,29.07,64.68,2.1,28.04,12.65,Eldorado do Sul,RS,Sul,-30.0,-51.61
2020,55,2.92,0.54,0.52,34.83,65.61,1.48,23.12,10.62,Eldorado do Sul,RS,Sul,-30.0,-51.61
2020,56,15.14,0.55,0.57,34.64,70.13,1.25,17.97,8.46,Eldorado do Sul,RS,Sul,-30.0,-51.61
2020,57,2.85,0.57,0.6,28.26,69.43,2.66,16.46,7.65,Eldorado do Sul,RS,Sul,-30.0,-51.61
2020,58,0.0,0.57,0.55,29.91,60.11,1.08,25.81,11.74,Eldorado do Sul,RS,Sul,-30.0,-51.61
2020,59,0.0,0.56,0.54,30.89,60.81,1.26,26.96,12.24,Eldorado do Sul,RS,Sul,-30.0,-51.61
2020,60,0.0,0.55,0.53,32.44,62.69,1.57,26.45,12.01,Eldorado do Sul,RS,Sul,-30.0,-51.61
2020,61,0.02,0.55,0.53,31.65,66.8,2.33,26.61,12.04,Eldorado do Sul,RS,Sul,-30.0,-51.61
2020,62,0.36,0.54,0.52,30.71,71.12,2.7,25.06,11.42,Eldorado do Sul,RS,Sul,-30.0,-51.61
2020,63,0.56,0.54,0.52,30.94,68.83,2.29,25.0,11.35,Eldorado do Sul,RS,Sul,-30.0,-51.61
2020,64,0.27,0.54,0.51,28.56,67.23,2.31,21.44,9.76,Eldorado do Sul,RS,Sul,-30.0,-51.61
2020,65,0.13,0.54,0.5,29.68,65.29,2.24,25.72,11.56,Eldorado do Sul,RS,Sul,-30.0,-51.61
2020,66,0.46,0.54,0.49,31.63,68.81,2.19,25.55,11.53,Eldorado do Sul,RS,Sul,-30.0,-51.61
2020,67,0.37,0.53,0.48,33.16,65.09,1.99,20.22,9.28,Eldorado do Sul,RS,Sul,-30.0,-51.61
2020,68,0.21,0.53,0.46,35.38,63.94,1.24,24.26,11.08,Eldorado do Sul,RS,Sul,-30.0,-51.61
2020,69,0.54,0.53,0.45,37.65,60.61,1.05,24.19,11.02,Eldorado do Sul,RS,Sul,-30.0,-51.61
2020,70,0.47,0.53,0.44,36.08,64.81,2.15,22.9,10.5,Eldorado do Sul,RS,Sul,-30.0,-51.61
2020,71,0.68,0.53,0.44,35.14,66.8,2.22,24.02,11.01,Eldorado do Sul,RS,Sul,-30.0,-51.61
2020,72,0.04,0.53,0.42,38.6,58.49,0.97,23.58,10.82,Eldorado do Sul,RS,Sul,-30.0,-51.61
2020,73,0.57,0.53,0.41,38.52,56.06,1.66,23.02,10.61,Eldorado do Sul,RS,Sul,-30.0,-51.61
2020,74,0.36,0.53,0.4,40.36,60.49,1.32,23.93,11.05,Eldorado do Sul,RS,Sul,-30.0,-51.61
2020,75,2.19,0.53,0.41,33.47,72.68,2.03,16.2,7.61,Eldorado do Sul,RS,Sul,-30.0,-51.61
2020,76,6.34,0.53,0.5,27.03,81.98,2.26,4.84,2.54,Eldorado do Sul,RS,Sul,-30.0,-51.61
2020,77,4.63,0.54,0.55,31.18,78.58,2.27,20.47,9.39,Eldorado do Sul,RS,Sul,-30.0,-51.61
2020,78,5.89,0.54,0.57,34.11,78.2,1.99,11.53,5.55,Eldorado do Sul,RS,Sul,-30.0,-51.61
2020,79,0.27,0.55,0.54,32.34,66.9,2.36,20.71,9.48,Eldorado do Sul,RS,Sul,-30.0,-51.61
2020,80,0.33,0.54,0.52,29.72,66.31,1.62,17.2,7.83,Eldorado do Sul,RS,Sul,-30.0,-51.61
2020,81,0.04,0.54,0.52,30.13,68.93,1.68,22.22,10.14,Eldorado do Sul,RS,Sul,-30.0,-51.61
2020,82,0.01,0.54,0.51,32.18,69.35,1.96,22.85,10.37,Eldorado do Sul,RS,Sul,-30.0,-51.61
2020,83,0.32,0.53,0.49,33.0,69.15,2.23,22.77,10.44,Eldorado do Sul,RS,Sul,-30.0,-51.61
2020,84,0.03,0.53,0.47,33.0,64.76,1.9,22.76,10.43,Eldorado do Sul,RS,Sul,-30.0,-51.61
2020,85,0.04,0.53,0.46,33.65,64.76,1.32,23.3,10.58,Eldorado do Sul,RS,Sul,-30.0,-51.61
2020,86,0.0,0.53,0.44,34.3,64.42,1.78,21.74,9.88,Eldorado do Sul,RS,Sul,-30.0,-51.61
2020,87,0.01,0.52,0.43,33.83,65.15,2.42,21.34,9.78,Eldorado do Sul,RS,Sul,-30.0,-51.61
2020,88,0.02,0.52,0.41,35.52,56.96,1.95,17.18,7.85,Eldorado do Sul,RS,Sul,-30.0,-51.61
2020,89,1.29,0.52,0.42,32.26,67.51,1.1,13.54,6.46,Eldorado do Sul,RS,Sul,-30.0,-51.61
2020,90,0.32,0.52,0.41,34.65,64.04,1.16,19.34,8.95,Eldorado do Sul,RS,Sul,-30.0,-51.61
2020,91,0.35,0.52,0.4,33.28,70.89,2.44,17.73,8.21,Eldorado do Sul,RS,Sul,-30.0,-51.61
2020,92,1.12,0.52,0.41,32.63,71.37,2.37,17.12,7.97,Eldorado do Sul,RS,Sul,-30.0,-51.61
2020,93,9.07,0.54,0.54,30.05,69.13,2.85,9.32,4.49,Eldorado do Sul,RS,Sul,-30.0,-51.61
2020,94,0.21,0.54,0.52,24.85,61.1,2.96,12.35,5.78,Eldorado do Sul,RS,Sul,-30.0,-51.61
2020,95,0.13,0.53,0.51,27.59,64.5,0.9,20.87,9.33,Eldorado do Sul,RS,Sul,-30.0,-51.61
2020,96,0.16,0.53,0.5,30.14,64.29,1.08,21.44,9.57,Eldorado do Sul,RS,Sul,-30.0,-51.61
2020,97,7.3,0.54,0.57,26.14,79.69,1.13,5.96,3.02,Eldorado do Sul,RS,Sul,-30.0,-51.61
2020,98,0.06,0.54,0.53,23.86,53.7,2.03,21.39,9.36,Eldorado do Sul,RS,Sul,-30.0,-51.61
2020,99,0.03,0.54,0.52,23.43,63.42,1.5,20.93,9.26,Eldorado do Sul,RS,Sul,-30.0,-51.61
2020,100,0.28,0.54,0.52,22.03,74.1,1.51,12.36,5.6,Eldorado do Sul,RS,Sul,-30.0,-51.61
2020,101,1.9,0.54,0.53,23.56,76.55,1.38,14.73,6.71,Eldorado do Sul,RS,Sul,-30.0,-51.61
2020,102,0.31,0.54,0.52,25.53,75.85,1.4,14.89,6.76,Eldorado do Sul,RS,Sul,-30.0,-51.61
2020,103,0.17,0.53,0.51,26.37,73.51,1.63,20.05,8.96,Eldorado do Sul,RS,Sul,-30.0,-51.61
2020,104,0.3,0.53,0.51,29.09,73.04,1.4,18.25,8.25,Eldorado do Sul,RS,Sul,-30.0,-51.61
2020,105,1.77,0.53,0.52,23.0,70.98,3.33,12.79,5.73,Eldorado do Sul,RS,Sul,-30.0,-51.61
2020,106,0.01,0.53,0.5,23.69,50.48,3.39,20.17,8.89,Eldorado do Sul,RS,Sul,-30.0,-51.61
2020,107,0.03,0.53,0.49,24.99,65.09,1.69,19.06,8.51,Eldorado do Sul,RS,Sul,-30.0,-51.61
2020,108,1.01,0.53,0.48,25.28,77.8,1.5,11.51,5.31,Eldorado do Sul,RS,Sul,-30.0,-51.61
2020,109,0.18,0.53,0.47,26.77,76.23,1.89,16.66,7.55,Eldorado do Sul,RS,Sul,-30.0,-51.61
2020,110,0.25,0.53,0.46,28.26,73.95,1.55,19.07,8.6,Eldorado do Sul,RS,Sul,-30.0,-51.61
2020,111,0.01,0.52,0.45,30.24,69.4,0.99,18.98,8.54,Eldorado do Sul,RS,Sul,-30.0,-51.61
2020,112,0.04,0.52,0.44,31.34,63.5,0.83,18.66,8.33,Eldorado do Sul,RS,Sul,-30.0,-51.61
2020,113,0.02,0.52,0.42,30.75,64.23,0.94,17.53,7.89,Eldorado do Sul,RS,Sul,-30.0,-51.61
2020,114,0.39,0.52,0.41,29.85,70.97,1.43,17.7,7.94,Eldorado do Sul,RS,Sul,-30.0,-51.61
2020,115,0.37,0.52,0.41,31.48,65.99,1.47,17.86,7.93,Eldorado do Sul,RS,Sul,-30.0,-51.61
2020,116,0.38,0.52,0.4,33.65,57.92,1.31,18.01,7.95,Eldorado do Sul,RS,Sul,-30.0,-51.61
2020,117,0.22,0.52,0.39,30.14,66.63,2.34,6.52,3.18,Eldorado do Sul,RS,Sul,-30.0,-51.61
2020,118,0.88,0.52,0.39,27.61,76.56,3.11,7.97,3.84,Eldorado do Sul,RS,Sul,-30.0,-51.61
2020,119,0.09,0.52,0.39,32.65,64.93,1.61,15.72,7.24,Eldorado do Sul,RS,Sul,-30.0,-51.61
2020,120,1.35,0.52,0.4,29.3,59.35,1.79,10.25,4.77,Eldorado do Sul,RS,Sul,-30.0,-51.61
2020,121,0.0,0.52,0.4,26.55,50.35,1.54,17.72,7.86,Eldorado do Sul,RS,Sul,-30.0,-51.61
2020,122,0.0,0.52,0.39,26.64,55.59,1.13,16.87,7.62,Eldorado do Sul,RS,Sul,-30.0,-51.61
2020,123,0.28,0.52,0.39,24.21,66.88,1.43,15.45,6.87,Eldorado do Sul,RS,Sul,-30.0,-51.61
2020,124,0.02,0.52,0.38,25.05,71.75,1.29,17.07,7.56,Eldorado do Sul,RS,Sul,-30.0,-51.61
2020,125,5.39,0.52,0.39,27.21,60.17,0.89,13.61,6.05,Eldorado do Sul,RS,Sul,-30.0,-51.61
2020,126,0.53,0.53,0.52,24.64,75.4,1.73,4.65,2.31,Eldorado do Sul,RS,Sul,-30.0,-51.61
2020,127,0.02,0.53,0.49,20.44,64.09,2.2,11.36,5.06,Eldorado do Sul,RS,Sul,-30.0,-51.61
2020,128,0.03,0.53,0.48,21.07,66.05,1.14,16.02,7.05,Eldorado do Sul,RS,Sul,-30.0,-51.61
2020,129,0.02,0.53,0.47,22.9,60.42,1.1,16.51,7.25,Eldorado do Sul,RS,Sul,-30.0,-51.61
2020,130,0.04,0.52,0.46,26.24,60.54,1.23,16.36,7.14,Eldorado do Sul,RS,Sul,-30.0,-51.61
2020,131,0.06,0.52,0.45,28.98,59.06,1.5,14.72,6.5,Eldorado do Sul,RS,Sul,-30.0,-51.61
2020,132,14.52,0.53,0.5,31.29,67.11,1.98,12.5,5.71,Eldorado do Sul,RS,Sul,-30.0,-51.61
2020,133,22.58,0.58,0.7,19.75,96.64,1.41,2.26,1.18,Eldorado do Sul,RS,Sul,-30.0,-51.61
2020,134,8.74,0.6,0.66,19.06,89.98,1.35,4.51,2.22,Eldorado do Sul,RS,Sul,-30.0,-51.61
2020,135,0.09,0.59,0.6,19.72,74.43,1.23,15.37,6.75,Eldorado do Sul,RS,Sul,-30.0,-51.61
2020,136,0.06,0.58,0.58,19.68,72.72,1.03,15.47,6.73,Eldorado do Sul,RS,Sul,-30.0,-51.61
2020,137,0.04,0.57,0.57,22.36,69.12,1.57,15.3,6.83,Eldorado do Sul,RS,Sul,-30.0,-51.61
2020,138,0.02,0.57,0.56,25.68,68.32,1.3,15.29,6.85,Eldorado do Sul,RS,Sul,-30.0,-51.61
2020,139,0.1,0.56,0.55,25.83,70.95,1.23,15.05,6.71,Eldorado do Sul,RS,Sul,-30.0,-51.61
2020,140,0.03,0.56,0.55,27.13,77.0,1.27,14.9,6.61,Eldorado do Sul,RS,Sul,-30.0,-51.61
2020,141,0.07,0.55,0.54,28.77,75.78,1.4,14.73,6.61,Eldorado do Sul,RS,Sul,-30.0,-51.61
2020,142,25.96,0.56,0.62,26.18,81.52,1.45,2.77,1.41,Eldorado do Sul,RS,Sul,-30.0,-51.61
2020,143,31.76,0.64,0.77,22.78,94.0,1.32,3.64,1.81,Eldorado do Sul,RS,Sul,-30.0,-51.61
2020,144,17.42,0.66,0.73,17.0,86.47,2.58,7.62,3.59,Eldorado do Sul,RS,Sul,-30.0,-51.61
2020,145,1.21,0.65,0.68,16.54,85.34,2.25,6.58,3.09,Eldorado do Sul,RS,Sul,-30.0,-51.61
2020,146,0.07,0.64,0.66,18.59,70.91,3.34,14.06,6.27,Eldorado do Sul,RS,Sul,-30.0,-51.61
2020,147,0.04,0.62,0.64,17.35,80.41,2.1,13.26,5.9,Eldorado do Sul,RS,Sul,-30.0,-51.61
2020,148,0.0,0.61,0.64,19.11,78.15,0.74,14.37,6.38,Eldorado do Sul,RS,Sul,-30.0,-51.61
2020,149,0.0,0.61,0.63,22.15,78.93,0.99,14.29,6.24,Eldorado do Sul,RS,Sul,-30.0,-51.61
2020,150,0.04,0.6,0.62,23.78,73.41,0.87,14.19,6.26,Eldorado do Sul,RS,Sul,-30.0,-51.61
2020,151,0.04,0.6,0.62,23.98,76.43,1.11,13.37,5.84,Eldorado do Sul,RS,Sul,-30.0,-51.61
2020,152,1.31,0.6,0.62,19.82,82.0,1.93,7.64,3.55,Eldorado do Sul,RS,Sul,-30.0,-51.61
2020,153,0.1,0.6,0.62,16.15,78.38,1.39,9.06,4.05,Eldorado do Sul,RS,Sul,-30.0,-51.61
2020,154,0.23,0.6,0.61,16.33,81.34,0.98,13.42,5.92,Eldorado do Sul,RS,Sul,-30.0,-51.61
2020,155,0.15,0.59,0.61,18.82,86.85,1.12,13.57,5.91,Eldorado do Sul,RS,Sul,-30.0,-51.61
2020,156,0.17,0.59,0.61,20.95,87.35,2.08,9.02,4.13,Eldorado do Sul,RS,Sul,-30.0,-51.61
2020,157,27.56,0.61,0.7,18.12,97.36,2.42,1.68,0.9,Eldorado do Sul,RS,Sul,-30.0,-51.61
2020,158,1.69,0.64,0.69,15.41,88.7,1.79,4.19,2.02,Eldorado do Sul,RS,Sul,-30.0,-51.61
2020,159,0.19,0.63,0.65,18.38,90.52,1.6,4.29,2.09,Eldorado do Sul,RS,Sul,-30.0,-51.61
2020,160,0.06,0.62,0.65,20.53,86.39,0.96,11.93,5.4,Eldorado do Sul,RS,Sul,-30.0,-51.61
2020,161,0.53,0.62,0.64,21.33,85.14,0.89,3.91,1.94,Eldorado do Sul,RS,Sul,-30.0,-51.61
2020,162,9.22,0.62,0.67,21.16,89.1,1.42,4.92,2.34,Eldorado do Sul,RS,Sul,-30.0,-51.61
2020,163,1.16,0.63,0.67,23.27,89.5,0.81,7.88,3.61,Eldorado do Sul,RS,Sul,-30.0,-51.61
2020,164,3.09,0.63,0.66,28.68,84.07,1.94,10.14,4.64,Eldorado do Sul,RS,Sul,-30.0,-51.61
2020,165,26.91,0.66,0.75,21.69,74.51,2.12,6.03,2.76,Eldorado do Sul,RS,Sul,-30.0,-51.61
2020,166,0.21,0.65,0.68,13.36,74.1,0.94,14.04,6.04,Eldorado do Sul,RS,Sul,-30.0,-51.61
2020,167,0.28,0.65,0.67,14.73,93.25,1.21,10.67,4.78,Eldorado do Sul,RS,Sul,-30.0,-51.61
2020,168,0.12,0.64,0.66,23.87,90.77,1.03,12.02,5.51,Eldorado do Sul,RS,Sul,-30.0,-51.61
2020,169,0.12,0.64,0.66,24.88,88.0,1.37,12.38,5.58,Eldorado do Sul,RS,Sul,-30.0,-51.61
2020,170,0.15,0.63,0.65,26.47,85.95,2.21,6.21,2.94,Eldorado do Sul,RS,Sul,-30.0,-51.61
2020,171,0.11,0.63,0.65,22.55,91.4,0.93,7.92,3.65,Eldorado do Sul,RS,Sul,-30.0,-51.61
2020,172,3.45,0.63,0.67,23.3,92.83,1.05,8.1,3.75,Eldorado do Sul,RS,Sul,-30.0,-51.61
2020,173,0.37,0.63,0.66,26.72,86.57,1.49,11.94,5.46,Eldorado do Sul,RS,Sul,-30.0,-51.61
2020,174,1.46,0.63,0.66,22.96,91.27,1.23,9.71,4.53,Eldorado do Sul,RS,Sul,-30.0,-51.61
2020,175,0.02,0.63,0.65,26.54,84.72,1.4,9.39,4.29,Eldorado do Sul,RS,Sul,-30.0,-51.61
2020,176,0.03,0.62,0.64,26.76,77.59,1.8,12.86,5.8,Eldorado do Sul,RS,Sul,-30.0,-51.61
2020,177,23.31,0.64,0.72,19.07,85.83,2.2,3.11,1.54,Eldorado do Sul,RS,Sul,-30.0,-51.61
2020,178,0.01,0.65,0.67,14.37,76.7,1.16,9.45,4.13,Eldorado do Sul,RS,Sul,-30.0,-51.61
2020,179,0.11,0.65,0.67,15.22,76.42,1.64,8.56,3.73,Eldorado do Sul,RS,Sul,-30.0,-51.61
2020,180,0.05,0.64,0.66,15.88,81.57,1.23,10.32,4.49,Eldorado do Sul,RS,Sul,-30.0,-51.61
2020,181,15.53,0.64,0.68,14.22,93.99,1.37,2.25,1.12,Eldorado do Sul,RS,Sul,-30.0,-51.61
2020,182,83.99,0.74,0.9,17.09,95.02,2.61,1.78,0.93,Eldorado do Sul,RS,Sul,-30.0,-51.61
2020,183,4.61,0.76,0.79,15.34,84.61,3.68,5.29,2.41,Eldorado do Sul,RS,Sul,-30.0,-51.61
2020,184,0.15,0.73,0.76,11.16,85.1,1.59,7.68,3.4,Eldorado do Sul,RS,Sul,-30.0,-51.61
2020,185,0.01,0.72,0.74,13.22,79.12,1.11,12.89,5.56,Eldorado do Sul,RS,Sul,-30.0,-51.61
2020,186,0.06,0.71,0.73,17.14,84.44,1.01,13.56,5.89,Eldorado do Sul,RS,Sul,-30.0,-51.61
2020,187,18.81,0.72,0.79,16.88,94.25,0.92,1.48,0.77,Eldorado do Sul,RS,Sul,-30.0,-51.61
2020,188,1.15,0.73,0.76,14.3,91.75,1.55,4.26,2.01,Eldorado do Sul,RS,Sul,-30.0,-51.61
2020,189,91.99,0.77,0.9,13.01,94.97,3.88,0.96,0.51,Eldorado do Sul,RS,Sul,-30.0,-51.61
2020,190,4.47,0.82,0.84,14.53,94.67,2.49,4.89,2.33,Eldorado do Sul,RS,Sul,-30.0,-51.61
2020,191,0.1,0.8,0.81,14.07,83.09,2.41,12.31,5.38,Eldorado do Sul,RS,Sul,-30.0,-51.61
2020,192,0.22,0.78,0.79,17.61,84.44,0.9,14.25,6.17,Eldorado do Sul,RS,Sul,-30.0,-51.61
2020,193,19.1,0.78,0.84,17.53,91.99,1.0,3.97,1.98,Eldorado do Sul,RS,Sul,-30.0,-51.61
2020,194,16.31,0.8,0.85,17.12,92.08,1.31,2.73,1.36,Eldorado do Sul,RS,Sul,-30.0,-51.61
2020,195,0.02,0.8,0.81,16.26,77.2,1.2,9.66,4.17,Eldorado do Sul,RS,Sul,-30.0,-51.61
2020,196,0.08,0.79,0.8,12.11,73.92,1.54,14.81,6.18,Eldorado do Sul,RS,Sul,-30.0,-51.61
2020,197,0.14,0.78,0.8,13.17,72.1,1.12,13.89,5.95,Eldorado do Sul,RS,Sul,-30.0,-51.61
2020,198,11.0,0.79,0.83,12.42,93.72,1.78,2.08,1.09,Eldorado do Sul,RS,Sul,-30.0,-51.61
2020,199,0.25,0.79,0.81,19.46,91.78,0.79,9.52,4.33,Eldorado do Sul,RS,Sul,-30.0,-51.61
2020,200,0.37,0.79,0.8,26.39,93.53,1.14,13.09,5.9,Eldorado do Sul,RS,Sul,-30.0,-51.61
2020,201,0.05,0.78,0.8,26.86,91.22,1.28,13.25,5.9,Eldorado do Sul,RS,Sul,-30.0,-51.61
2020,202,0.05,0.78,0.79,26.41,88.5,1.23,13.2,5.93,Eldorado do Sul,RS,Sul,-30.0,-51.61
2020,203,0.0,0.77,0.79,25.7,89.15,1.09,12.83,5.78,Eldorado do Sul,RS,Sul,-30.0,-51.61
2020,204,0.01,0.77,0.79,25.68,87.96,1.1,12.68,5.69,Eldorado do Sul,RS,Sul,-30.0,-51.61
2020,205,0.01,0.77,0.79,25.96,88.34,1.32,12.94,5.75,Eldorado do Sul,RS,Sul,-30.0,-51.61
2020,206,1.45,0.77,0.79,22.92,86.57,1.63,10.41,4.71,Eldorado do Sul,RS,Sul,-30.0,-51.61
2020,207,7.41,0.78,0.81,13.74,80.29,2.53,11.92,5.24,Eldorado do Sul,RS,Sul,-30.0,-51.61
2020,208,0.1,0.77,0.79,16.2,79.12,0.93,14.68,6.29,Eldorado do Sul,RS,Sul,-30.0,-51.61
2020,209,30.65,0.79,0.86,16.2,93.34,1.17,8.1,3.71,Eldorado do Sul,RS,Sul,-30.0,-51.61
2020,210,12.18,0.82,0.85,13.13,85.29,1.3,2.46,1.28,Eldorado do Sul,RS,Sul,-30.0,-51.61
2020,211,0.83,0.81,0.82,12.45,81.55,1.04,15.54,6.64,Eldorado do Sul,RS,Sul,-30.0,-51.61
2020,212,0.07,0.8,0.82,15.95,86.57,1.85,16.18,6.94,Eldorado do Sul,RS,Sul,-30.0,-51.61
2020,213,1.46,0.8,0.82,20.02,85.21,0.97,15.64,6.96,Eldorado do Sul,RS,Sul,-30.0,-51.61
2020,214,0.58,0.8,0.81,22.11,89.69,1.01,14.51,6.53,Eldorado do Sul,RS,Sul,-30.0,-51.61
2020,215,0.03,0.79,0.81,24.2,84.43,0.86,14.6,6.47,Eldorado do Sul,RS,Sul,-30.0,-51.61
2020,216,0.06,0.79,0.81,24.96,85.92,0.87,15.2,6.71,Eldorado do Sul,RS,Sul,-30.0,-51.61
2020,217,0.12,0.79,0.8,23.59,84.81,1.07,16.04,7.01,Eldorado do Sul,RS,Sul,-30.0,-51.61
2020,218,0.15,0.79,0.8,23.98,87.93,1.23,16.67,7.27,Eldorado do Sul,RS,Sul,-30.0,-51.61
2020,219,0.02,0.78,0.8,26.41,77.24,1.12,16.56,7.23,Eldorado do Sul,RS,Sul,-30.0,-51.61
2020,220,0.08,0.78,0.79,24.05,86.07,1.04,15.98,7.0,Eldorado do Sul,RS,Sul,-30.0,-51.61
2020,221,0.1,0.78,0.79,22.92,88.21,1.07,14.18,6.17,Eldorado do Sul,RS,Sul,-30.0,-51.61
2020,222,0.08,0.77,0.79,25.5,82.51,0.98,16.34,7.18,Eldorado do Sul,RS,Sul,-30.0,-51.61
2020,223,0.01,0.77,0.79,26.44,81.81,1.64,16.18,7.11,Eldorado do Sul,RS,Sul,-30.0,-51.61
2020,224,11.16,0.77,0.8,19.08,80.6,1.67,4.98,2.31,Eldorado do Sul,RS,Sul,-30.0,-51.61
2020,225,24.49,0.81,0.86,13.07,92.79,2.26,3.05,1.51,Eldorado do Sul,RS,Sul,-30.0,-51.61
2020,226,4.13,0.81,0.83,17.92,91.15,1.11,3.9,1.91,Eldorado do Sul,RS,Sul,-30.0,-51.61
2020,227,7.01,0.81,0.83,21.15,91.25,1.27,10.0,4.5,Eldorado do Sul,RS,Sul,-30.0,-51.61
2020,228,1.64,0.81,0.83,20.21,87.38,1.82,10.78,4.81,Eldorado do Sul,RS,Sul,-30.0,-51.61
2020,229,0.1,0.8,0.81,18.3,74.56,0.92,16.38,6.96,Eldorado do Sul,RS,Sul,-30.0,-51.61
2020,230,0.11,0.8,0.81,20.17,76.13,1.02,17.61,7.51,Eldorado do Sul,RS,Sul,-30.0,-51.61
2020,231,8.78,0.8,0.83,23.28,89.87,1.05,10.87,4.95,Eldorado do Sul,RS,Sul,-30.0,-51.61
2020,232,1.86,0.81,0.82,17.49,85.81,1.74,8.96,4.07,Eldorado do Sul,RS,Sul,-30.0,-51.61
2020,233,0.4,0.8,0.81,11.72,78.58,1.72,10.42,4.57,Eldorado do Sul,RS,Sul,-30.0,-51.61
2020,234,0.01,0.8,0.81,13.98,67.55,1.24,19.57,8.35,Eldorado do Sul,RS,Sul,-30.0,-51.61
2020,235,0.03,0.79,0.81,16.36,70.07,1.19,19.51,8.41,Eldorado do Sul,RS,Sul,-30.0,-51.61
2020,236,0.02,0.79,0.8,19.87,84.36,1.58,19.62,8.51,Eldorado do Sul,RS,Sul,-30.0,-51.61
2020,237,0.03,0.79,0.8,21.43,84.81,1.53,19.67,8.61,Eldorado do Sul,RS,Sul,-30.0,-51.61
2020,238,0.01,0.78,0.8,21.62,86.78,1.33,17.9,8.07,Eldorado do Sul,RS,Sul,-30.0,-51.61
2020,239,0.03,0.78,0.79,27.05,83.71,1.31,18.63,8.38,Eldorado do Sul,RS,Sul,-30.0,-51.61
2020,240,1.14,0.78,0.8,23.21,89.1,0.89,16.63,7.64,Eldorado do Sul,RS,Sul,-30.0,-51.61
2020,241,1.64,0.78,0.8,22.81,89.26,1.65,7.44,3.57,Eldorado do Sul,RS,Sul,-30.0,-51.61
2020,242,4.23,0.78,0.8,28.33,88.27,1.44,11.99,5.34,Eldorado do Sul,RS,Sul,-30.0,-51.61
2020,243,8.3,0.79,0.83,16.51,88.27,2.31,2.88,1.5,Eldorado do Sul,RS,Sul,-30.0,-51.61
2020,244,1.87,0.79,0.81,14.45,79.35,2.36,4.69,2.32,Eldorado do Sul,RS,Sul,-30.0,-51.61
2020,245,3.92,0.79,0.82,15.47,91.42,3.92,7.48,3.33,Eldorado do Sul,RS,Sul,-30.0,-51.61
2020,246,1.29,0.79,0.8,26.38,83.49,1.76,17.27,7.75,Eldorado do Sul,RS,Sul,-30.0,-51.61
2020,247,12.58,0.8,0.84,18.46,84.92,2.37,3.87,1.95,Eldorado do Sul,RS,Sul,-30.0,-51.61
2020,248,1.47,0.8,0.82,20.29,85.35,1.03,16.89,7.47,Eldorado do Sul,RS,Sul,-30.0,-51.61
2020,249,21.88,0.81,0.85,17.24,92.52,3.09,7.08,3.37,Eldorado do Sul,RS,Sul,-30.0,-51.61
2020,250,21.02,0.84,0.88,18.11,93.13,2.65,1.59,0.82,Eldorado do Sul,RS,Sul,-30.0,-51.61
2020,251,4.98,0.84,0.85,17.38,92.13,3.58,2.72,1.44,Eldorado do Sul,RS,Sul,-30.0,-51.61
2020,252,1.44,0.83,0.84,20.03,90.5,3.66,8.66,4.01,Eldorado do Sul,RS,Sul,-30.0,-51.61
2020,253,13.67,0.84,0.86,24.76,91.72,1.45,10.26,4.21,Eldorado do Sul,RS,Sul,-30.0,-51.61
2020,254,3.78,0.84,0.85,24.39,84.83,1.5,17.89,7.7,Eldorado do Sul,RS,Sul,-30.0,-51.61
2020,255,0.58,0.83,0.84,26.02,88.55,0.96,13.15,5.72,Eldorado do Sul,RS,Sul,-30.0,-51.61
2020,256,17.19,0.84,0.87,19.44,92.41,2.02,3.53,1.73,Eldorado do Sul,RS,Sul,-30.0,-51.61
2020,257,6.03,0.85,0.86,23.96,92.23,1.36,7.36,3.28,Eldorado do Sul,RS,Sul,-30.0,-51.61
2020,258,4.31,0.85,0.86,19.38,77.58,2.13,7.04,3.29,Eldorado do Sul,RS,Sul,-30.0,-51.61
2020,259,4.52,0.84,0.85,17.11,83.01,1.76,9.14,4.12,Eldorado do Sul,RS,Sul,-30.0,-51.61
2020,260,24.55,0.87,0.9,20.19,95.17,1.15,2.24,1.15,Eldorado do Sul,RS,Sul,-30.0,-51.61
2020,261,4.92,0.87,0.87,24.23,84.44,0.87,16.61,7.3,Eldorado do Sul,RS,Sul,-30.0,-51.61
2020,262,0.11,0.86,0.85,25.63,84.08,1.34,19.31,8.39,Eldorado do Sul,RS,Sul,-30.0,-51.61
2020,263,0.09,0.85,0.85,21.63,84.14,1.78,9.64,4.52,Eldorado do Sul,RS,Sul,-30.0,-51.61
2020,264,0.02,0.85,0.85,17.44,73.91,1.18,21.68,9.35,Eldorado do Sul,RS,Sul,-30.0,-51.61
2020,265,0.01,0.84,0.84,19.31,73.56,1.48,25.18,10.81,Eldorado do Sul,RS,Sul,-30.0,-51.61
2020,266,0.0,0.84,0.84,18.47,79.94,1.8,25.0,10.85,Eldorado do Sul,RS,Sul,-30.0,-51.61
2020,267,0.01,0.83,0.84,26.45,82.51,0.95,23.16,10.45,Eldorado do Sul,RS,Sul,-30.0,-51.61
2020,268,0.03,0.83,0.83,28.5,81.35,1.16,22.93,10.11,Eldorado do Sul,RS,Sul,-30.0,-51.61
2020,269,0.03,0.82,0.83,27.42,84.53,1.64,20.83,9.25,Eldorado do Sul,RS,Sul,-30.0,-51.61
2020,270,1.66,0.82,0.83,25.8,88.09,2.03,16.32,7.38,Eldorado do Sul,RS,Sul,-30.0,-51.61
2020,271,10.17,0.82,0.84,26.64,89.31,2.14,4.33,2.12,Eldorado do Sul,RS,Sul,-30.0,-51.61
2020,272,3.53,0.83,0.84,21.5,81.09,2.3,17.52,7.81,Eldorado do Sul,RS,Sul,-30.0,-51.61
2020,273,0.44,0.83,0.83,21.85,80.26,1.67,19.12,8.35,Eldorado do Sul,RS,Sul,-30.0,-51.61
2020,274,25.54,0.84,0.87,28.79,89.92,1.45,11.58,5.36,Eldorado do Sul,RS,Sul,-30.0,-51.61
2020,275,1.76,0.84,0.85,33.75,86.48,1.57,11.36,5.13,Eldorado do Sul,RS,Sul,-30.0,-51.61
2020,276,10.69,0.84,0.86,22.25,89.42,2.96,5.31,2.49,Eldorado do Sul,RS,Sul,-30.0,-51.61
2020,277,18.92,0.85,0.88,15.2,89.02,3.67,2.61,1.34,Eldorado do Sul,RS,Sul,-30.0,-51.61
2020,278,6.76,0.86,0.87,16.52,91.45,3.78,9.81,4.65,Eldorado do Sul,RS,Sul,-30.0,-51.61
2020,279,0.15,0.86,0.85,23.77,87.87,2.02,12.22,5.67,Eldorado do Sul,RS,Sul,-30.0,-51.61
2020,280,0.0,0.85,0.85,22.83,81.25,1.56,24.96,10.9,Eldorado do Sul,RS,Sul,-30.0,-51.61
2020,281,0.13,0.84,0.84,23.06,87.42,1.16,12.98,6.0,Eldorado do Sul,RS,Sul,-30.0,-51.61
2020,282,0.14,0.84,0.84,23.18,82.84,1.71,15.5,7.02,Eldorado do Sul,RS,Sul,-30.0,-51.61
2020,283,0.18,0.83,0.83,24.36,79.07,1.27,16.44,7.38,Eldorado do Sul,RS,Sul,-30.0,-51.61
2020,284,0.01,0.83,0.83,21.19,74.6,1.4,27.43,11.82,Eldorado do Sul,RS,Sul,-30.0,-51.61
2020,285,0.04,0.82,0.82,24.62,77.85,0.99,27.73,12.1,Eldorado do Sul,RS,Sul,-30.0,-51.61
2020,286,0.09,0.81,0.82,25.27,79.84,1.71,26.58,11.69,Eldorado do Sul,RS,Sul,-30.0,-51.61
2020,287,0.03,0.81,0.81,24.09,81.54,1.07,24.36,10.88,Eldorado do Sul,RS,Sul,-30.0,-51.61
2020,288,0.03,0.8,0.81,25.12,83.76,1.32,20.39,9.13,Eldorado do Sul,RS,Sul,-30.0,-51.61
2020,289,0.02,0.8,0.81,23.4,84.72,2.35,22.03,9.74,Eldorado do Sul,RS,Sul,-30.0,-51.61
2020,290,0.03,0.79,0.8,24.73,83.08,2.69,27.72,12.18,Eldorado do Sul,RS,Sul,-30.0,-51.61
2020,291,0.07,0.79,0.8,25.31,81.66,1.59,25.96,11.31,Eldorado do Sul,RS,Sul,-30.0,-51.61
2020,292,0.01,0.78,0.79,27.38,80.11,1.34,27.97,12.44,Eldorado do Sul,RS,Sul,-30.0,-51.61
2020,293,0.01,0.78,0.79,30.82,77.73,1.25,28.23,12.77,Eldorado do Sul,RS,Sul,-30.0,-51.61
2020,294,0.13,0.77,0.78,28.25,83.64,1.97,26.65,11.93,Eldorado do Sul,RS,Sul,-30.0,-51.61
2020,295,0.63,0.77,0.78,24.57,86.14,3.6,19.59,9.06,Eldorado do Sul,RS,Sul,-30.0,-51.61
2020,296,0.7,0.76,0.78,25.91,84.4,3.66,22.85,10.58,Eldorado do Sul,RS,Sul,-30.0,-51.61
2020,297,1.3,0.76,0.78,26.55,87.36,1.25,9.59,4.78,Eldorado do Sul,RS,Sul,-30.0,-51.61
2020,298,0.11,0.76,0.77,28.82,82.89,1.09,24.06,11.09,Eldorado do Sul,RS,Sul,-30.0,-51.61
2020,299,0.28,0.75,0.77,29.55,84.22,2.02,26.52,12.17,Eldorado do Sul,RS,Sul,-30.0,-51.61
2020,300,18.17,0.75,0.79,28.97,81.53,1.55,9.82,4.95,Eldorado do Sul,RS,Sul,-30.0,-51.61
2020,301,14.36,0.78,0.83,21.89,80.09,2.65,14.42,6.91,Eldorado do Sul,RS,Sul,-30.0,-51.61
2020,302,0.61,0.78,0.79,26.57,79.46,1.95,25.87,11.73,Eldorado do Sul,RS,Sul,-30.0,-51.61
2020,303,1.92,0.77,0.79,20.44,83.57,1.75,9.18,4.58,Eldorado do Sul,RS,Sul,-30.0,-51.61
2020,304,0.02,0.77,0.78,20.73,78.15,2.36,27.54,12.19,Eldorado do Sul,RS,Sul,-30.0,-51.61
2020,305,0.02,0.76,0.77,22.19,78.41,2.39,19.5,9.02,Eldorado do Sul,RS,Sul,-30.0,-51.61
2020,306,0.08,0.75,0.76,22.74,77.62,1.82,23.47,10.5,Eldorado do Sul,RS,Sul,-30.0,-51.61
2020,307,0.03,0.74,0.76,23.39,78.1,1.71,28.59,12.75,Eldorado do Sul,RS,Sul,-30.0,-51.61
2020,308,0.48,0.74,0.75,22.37,80.6,2.28,25.9,11.65,Eldorado do Sul,RS,Sul,-30.0,-51.61
2020,309,0.04,0.73,0.75,20.97,73.92,2.35,25.77,11.32,Eldorado do Sul,RS,Sul,-30.0,-51.61
2020,310,1.65,0.73,0.75,22.41,81.2,2.22,18.46,8.45,Eldorado do Sul,RS,Sul,-30.0,-51.61
2020,311,0.13,0.72,0.74,24.66,81.7,2.8,30.5,13.61,Eldorado do Sul,RS,Sul,-30.0,-51.61
2020,312,0.04,0.72,0.73,27.38,81.31,2.5,30.14,13.64,Eldorado do Sul,RS,Sul,-30.0,-51.61
2020,313,0.0,0.71,0.73,26.04,82.03,3.12,22.38,10.17,Eldorado do Sul,RS,Sul,-30.0,-51.61
2020,314,0.88,0.71,0.73,21.88,88.86,3.28,7.07,3.53,Eldorado do Sul,RS,Sul,-30.0,-51.61
2020,315,4.54,0.71,0.75,27.63,85.03,1.34,22.19,10.17,Eldorado do Sul,RS,Sul,-30.0,-51.61
2020,316,0.55,0.71,0.73,27.82,82.35,1.47,21.0,9.65,Eldorado do Sul,RS,Sul,-30.0,-51.61
2020,317,0.31,0.71,0.72,28.13,80.93,1.21,19.23,9.01,Eldorado do Sul,RS,Sul,-30.0,-51.61
2020,318,0.07,0.7,0.72,28.6,80.2,1.29,23.79,10.83,Eldorado do Sul,RS,Sul,-30.0,-51.61
2020,319,0.02,0.69,0.71,31.98,79.74,1.84,28.74,13.09,Eldorado do Sul,RS,Sul,-30.0,-51.61
2020,320,2.5,0.68,0.71,27.99,84.92,1.33,18.25,8.62,Eldorado do Sul,RS,Sul,-30.0,-51.61
2020,321,16.79,0.7,0.76,25.17,86.94,1.83,8.64,4.37,Eldorado do Sul,RS,Sul,-30.0,-51.61
2020,322,0.03,0.71,0.73,24.52,74.2,1.68,30.15,13.34,Eldorado do Sul,RS,Sul,-30.0,-51.61
2020,323,0.0,0.7,0.72,23.75,76.73,1.51,20.08,9.17,Eldorado do Sul,RS,Sul,-30.0,-51.61
2020,324,0.05,0.69,0.71,24.31,75.5,1.66,28.53,12.92,Eldorado do Sul,RS,Sul,-30.0,-51.61
2020,325,0.61,0.68,0.7,23.81,77.63,2.08,28.25,12.8,Eldorado do Sul,RS,Sul,-30.0,-51.61
2020,326,0.02,0.68,0.69,24.66,77.0,1.99,29.64,13.22,Eldorado do Sul,RS,Sul,-30.0,-51.61
2020,327,0.0,0.67,0.68,25.78,76.69,2.15,31.73,14.1,Eldorado do Sul,RS,Sul,-30.0,-51.61
2020,328,0.0,0.66,0.68,28.6,78.4,2.43,32.15,14.48,Eldorado do Sul,RS,Sul,-30.0,-51.61
2020,329,0.0,0.65,0.67,32.37,76.99,1.56,31.81,14.46,Eldorado do Sul,RS,Sul,-30.0,-51.61
2020,330,0.36,0.65,0.65,35.92,67.38,1.65,26.13,11.89,Eldorado do Sul,RS,Sul,-30.0,-51.61
2020,331,3.34,0.65,0.68,27.49,85.89,1.25,12.5,6.24,Eldorado do Sul,RS,Sul,-30.0,-51.61
2020,332,1.4,0.65,0.67,24.62,86.96,2.77,11.77,5.83,Eldorado do Sul,RS,Sul,-30.0,-51.61
2020,333,2.28,0.65,0.68,27.35,86.41,1.48,15.4,7.42,Eldorado do Sul,RS,Sul,-30.0,-51.61
2020,334,9.9,0.66,0.72,29.99,83.16,1.92,17.02,8.19,Eldorado do Sul,RS,Sul,-30.0,-51.61
2020,335,0.01,0.66,0.68,27.63,81.9,1.89,10.96,5.5,Eldorado do Sul,RS,Sul,-30.0,-51.61
2020,336,0.01,0.65,0.67,27.39,76.36,2.4,25.32,11.67,Eldorado do Sul,RS,Sul,-30.0,-51.61
2020,337,7.51,0.65,0.67,31.0,80.12,1.77,27.08,12.56,Eldorado do Sul,RS,Sul,-30.0,-51.61
2020,338,16.13,0.67,0.74,28.26,79.4,2.77,19.05,8.96,Eldorado do Sul,RS,Sul,-30.0,-51.61
2020,339,0.05,0.66,0.68,28.66,69.87,1.58,27.25,12.54,Eldorado do Sul,RS,Sul,-30.0,-51.61
2020,340,0.04,0.65,0.67,22.93,71.16,2.84,8.15,4.1,Eldorado do Sul,RS,Sul,-30.0,-51.61
2020,341,1.46,0.65,0.67,21.06,82.45,2.85,8.29,4.27,Eldorado do Sul,RS,Sul,-30.0,-51.61
2020,342,4.83,0.65,0.69,27.18,82.56,1.43,17.18,8.18,Eldorado do Sul,RS,Sul,-30.0,-51.61
2020,343,0.22,0.65,0.66,28.88,78.82,1.27,24.97,11.41,Eldorado do Sul,RS,Sul,-30.0,-51.61
2020,344,0.2,0.64,0.64,28.3,78.31,1.56,26.02,11.88,Eldorado do Sul,RS,Sul,-30.0,-51.61
2020,345,0.01,0.63,0.63,30.48,73.82,1.53,31.92,14.27,Eldorado do Sul,RS,Sul,-30.0,-51.61
2020,346,0.2,0.62,0.62,36.93,69.05,1.45,30.47,14.03,Eldorado do Sul,RS,Sul,-30.0,-51.61
2020,347,1.24,0.61,0.62,30.45,75.37,1.6,21.17,9.95,Eldorado do Sul,RS,Sul,-30.0,-51.61
2020,348,13.79,0.61,0.64,34.42,77.53,1.57,20.51,9.73,Eldorado do Sul,RS,Sul,-30.0,-51.61
2020,349,5.56,0.64,0.69,26.69,78.31,1.56,19.33,8.95,Eldorado do Sul,RS,Sul,-30.0,-51.61
2020,350,0.02,0.63,0.64,31.94,71.77,1.03,30.57,13.93,Eldorado do Sul,RS,Sul,-30.0,-51.61
2020,351,5.77,0.62,0.65,30.93,82.23,1.63,17.98,8.42,Eldorado do Sul,RS,Sul,-30.0,-51.61
2020,352,2.96,0.63,0.66,29.67,81.08,2.56,25.05,11.7,Eldorado do Sul,RS,Sul,-30.0,-51.61
2020,353,0.02,0.62,0.63,32.05,76.1,2.1,31.52,14.49,Eldorado do Sul,RS,Sul,-30.0,-51.61
2020,354,1.82,0.61,0.62,33.44,80.12,2.06,11.08,5.52,Eldorado do Sul,RS,Sul,-30.0,-51.61
2020,355,0.18,0.61,0.61,27.18,68.45,2.12,20.66,9.47,Eldorado do Sul,RS,Sul,-30.0,-51.61
2020,356,0.01,0.6,0.6,28.44,60.92,1.48,33.17,14.81,Eldorado do Sul,RS,Sul,-30.0,-51.61
2020,357,0.0,0.6,0.59,28.72,66.41,1.58,32.73,14.7,Eldorado do Sul,RS,Sul,-30.0,-51.61
2020,358,0.02,0.59,0.59,30.46,70.17,2.11,31.82,14.34,Eldorado do Sul,RS,Sul,-30.0,-51.61
2020,359,0.01,0.58,0.58,32.85,72.88,2.36,29.8,13.71,Eldorado do Sul,RS,Sul,-30.0,-51.61
2020,360,0.16,0.58,0.57,32.34,70.43,2.87,29.4,13.6,Eldorado do Sul,RS,Sul,-30.0,-51.61
2020,361,0.0,0.57,0.57,29.65,71.82,2.68,24.99,11.52,Eldorado do Sul,RS,Sul,-30.0,-51.61
2020,362,4.65,0.57,0.59,30.35,78.13,2.3,19.73,9.39,Eldorado do Sul,RS,Sul,-30.0,-51.61
2020,363,1.01,0.58,0.58,31.55,73.65,2.54,25.31,11.86,Eldorado do Sul,RS,Sul,-30.0,-51.61
2020,364,0.26,0.57,0.57,34.34,71.87,1.48,28.88,13.26,Eldorado do Sul,RS,Sul,-30.0,-51.61
2020,365,0.79,0.57,0.56,36.85,68.01,1.39,27.21,12.67,Eldorado do Sul,RS,Sul,-30.0,-51.61
2020,366,7.99,0.57,0.61,31.26,61.09,2.03,24.28,11.07,Eldorado do Sul,RS,Sul,-30.0,-51.61
2021,1,0.0,0.57,0.56,30.55,58.29,1.45,32.86,14.85,Eldorado do Sul,RS,Sul,-30.0,-51.61
2021,2,0.04,0.56,0.55,32.35,57.42,1.95,31.57,14.37,Eldorado do Sul,RS,Sul,-30.0,-51.61
2021,3,0.0,0.56,0.54,31.83,65.39,2.4,31.01,14.18,Eldorado do Sul,RS,Sul,-30.0,-51.61
2021,4,0.07,0.55,0.53,34.05,62.99,2.21,29.32,13.48,Eldorado do Sul,RS,Sul,-30.0,-51.61
2021,5,9.08,0.56,0.59,29.23,78.69,1.47,10.9,5.51,Eldorado do Sul,RS,Sul,-30.0,-51.61
2021,6,1.31,0.57,0.57,33.6,73.2,1.24,23.41,10.87,Eldorado do Sul,RS,Sul,-30.0,-51.61
2021,7,0.33,0.56,0.55,34.58,62.37,1.84,22.96,10.7,Eldorado do Sul,RS,Sul,-30.0,-51.61
2021,8,0.13,0.56,0.53,35.8,50.48,1.24,32.13,14.37,Eldorado do Sul,RS,Sul,-30.0,-51.61
2021,9,0.08,0.55,0.52,37.05,55.39,1.63,28.76,13.22,Eldorado do Sul,RS,Sul,-30.0,-51.61
2021,10,0.18,0.55,0.51,35.99,64.72,1.96,27.88,12.96,Eldorado do Sul,RS,Sul,-30.0,-51.61
2021,11,9.36,0.55,0.53,36.18,66.13,1.57,29.57,13.8,Eldorado do Sul,RS,Sul,-30.0,-51.61
2021,12,3.37,0.56,0.6,28.08,76.03,2.38,12.36,6.05,Eldorado do Sul,RS,Sul,-30.0,-51.61
2021,13,0.02,0.56,0.55,29.59,63.74,2.99,13.99,6.73,Eldorado do Sul,RS,Sul,-30.0,-51.61
2021,14,0.0,0.56,0.54,29.82,62.87,3.56,26.73,12.14,Eldorado do Sul,RS,Sul,-30.0,-51.61
2021,15,0.59,0.55,0.53,34.66,68.61,2.28,27.72,12.81,Eldorado do Sul,RS,Sul,-30.0,-51.61
2021,16,24.4,0.57,0.66,28.32,87.54,1.33,15.12,7.29,Eldorado do Sul,RS,Sul,-30.0,-51.61
2021,17,9.38,0.6,0.67,29.84,88.33,1.29,13.73,6.72,Eldorado do Sul,RS,Sul,-30.0,-51.61
2021,18,0.31,0.6,0.61,29.12,71.01,1.7,20.49,9.45,Eldorado do Sul,RS,Sul,-30.0,-51.61
2021,19,0.02,0.58,0.58,29.45,68.83,2.3,25.6,11.64,Eldorado do Sul,RS,Sul,-30.0,-51.61
2021,20,0.13,0.57,0.57,29.76,71.46,2.99,12.19,6.04,Eldorado do Sul,RS,Sul,-30.0,-51.61
2021,21,1.42,0.57,0.57,28.37,78.15,3.29,15.75,7.67,Eldorado do Sul,RS,Sul,-30.0,-51.61
2021,22,0.05,0.57,0.55,31.58,74.65,3.29,23.48,10.91,Eldorado do Sul,RS,Sul,-30.0,-51.61
2021,23,0.06,0.56,0.54,32.74,72.93,1.8,26.53,12.27,Eldorado do Sul,RS,Sul,-30.0,-51.61
2021,24,8.22,0.56,0.58,32.53,74.95,0.85,22.16,10.38,Eldorado do Sul,RS,Sul,-30.0,-51.61
2021,25,4.66,0.57,0.6,32.71,75.02,1.1,25.36,11.78,Eldorado do Sul,RS,Sul,-30.0,-51.61
2021,26,16.85,0.58,0.63,33.02,80.84,1.61,17.01,8.17,Eldorado do Sul,RS,Sul,-30.0,-51.61
2021,27,17.22,0.6,0.69,27.38,91.15,1.76,11.39,5.69,Eldorado do Sul,RS,Sul,-30.0,-51.61
2021,28,5.81,0.62,0.67,28.22,85.41,1.59,8.94,4.53,Eldorado do Sul,RS,Sul,-30.0,-51.61
2021,29,4.49,0.62,0.66,32.06,83.58,1.66,19.48,9.29,Eldorado do Sul,RS,Sul,-30.0,-51.61
2021,30,12.0,0.61,0.68,31.44,83.18,0.97,22.3,10.46,Eldorado do Sul,RS,Sul,-30.0,-51.61
2021,31,7.38,0.63,0.69,28.43,87.9,1.56,17.81,8.5,Eldorado do Sul,RS,Sul,-30.0,-51.61
2021,32,0.16,0.62,0.64,31.89,74.98,0.6,25.9,12.0,Eldorado do Sul,RS,Sul,-30.0,-51.61
2021,33,4.62,0.61,0.64,33.36,74.27,0.86,24.43,11.46,Eldorado do Sul,RS,Sul,-30.0,-51.61
2021,34,7.52,0.61,0.67,31.2,90.14,1.1,6.56,3.39,Eldorado do Sul,RS,Sul,-30.0,-51.61
2021,35,15.07,0.63,0.7,27.79,80.07,2.84,17.6,8.32,Eldorado do Sul,RS,Sul,-30.0,-51.61
2021,36,0.71,0.62,0.64,25.28,75.75,2.1,23.0,10.42,Eldorado do Sul,RS,Sul,-30.0,-51.61
2021,37,0.05,0.61,0.62,28.26,72.24,1.03,28.89,13.11,Eldorado do Sul,RS,Sul,-30.0,-51.61
2021,38,0.07,0.6,0.61,30.2,72.12,1.51,28.78,13.14,Eldorado do Sul,RS,Sul,-30.0,-51.61
2021,39,0.03,0.59,0.59,30.5,72.56,1.63,29.73,13.48,Eldorado do Sul,RS,Sul,-30.0,-51.61
2021,40,0.52,0.58,0.58,31.86,74.02,1.45,26.61,12.17,Eldorado do Sul,RS,Sul,-30.0,-51.61
2021,41,0.74,0.58,0.57,31.67,71.69,2.57,25.65,11.86,Eldorado do Sul,RS,Sul,-30.0,-51.61
2021,42,0.8,0.57,0.57,30.06,74.4,1.73,21.07,9.84,Eldorado do Sul,RS,Sul,-30.0,-51.61
2021,43,4.37,0.57,0.59,28.81,79.07,1.44,12.57,6.14,Eldorado do Sul,RS,Sul,-30.0,-51.61
2021,44,1.05,0.58,0.58,31.0,75.35,1.02,23.45,10.93,Eldorado do Sul,RS,Sul,-30.0,-51.61
2021,45,2.83,0.57,0.58,29.45,79.91,0.92,12.4,5.97,Eldorado do Sul,RS,Sul,-30.0,-51.61
2021,46,1.59,0.58,0.58,30.32,73.37,1.17,19.62,9.21,Eldorado do Sul,RS,Sul,-30.0,-51.61
2021,47,1.02,0.57,0.57,30.25,72.49,2.07,21.45,9.95,Eldorado do Sul,RS,Sul,-30.0,-51.61
2021,48,0.05,0.57,0.55,29.2,67.51,2.21,28.06,12.78,Eldorado do Sul,RS,Sul,-30.0,-51.61
2021,49,0.19,0.56,0.55,29.72,70.88,1.68,22.0,10.26,Eldorado do Sul,RS,Sul,-30.0,-51.61
2021,50,0.04,0.56,0.54,32.19,66.24,1.35,26.48,12.1,Eldorado do Sul,RS,Sul,-30.0,-51.61
2021,51,0.17,0.55,0.54,33.46,62.87,1.16,27.34,12.63,Eldorado do Sul,RS,Sul,-30.0,-51.61
2021,52,0.1,0.55,0.53,33.95,67.52,2.05,27.5,12.56,Eldorado do Sul,RS,Sul,-30.0,-51.61
2021,53,5.35,0.55,0.55,35.93,68.46,1.36,24.87,11.57,Eldorado do Sul,RS,Sul,-30.0,-51.61
2021,54,5.31,0.56,0.58,33.45,74.63,1.84,17.28,8.13,Eldorado do Sul,RS,Sul,-30.0,-51.61
2021,55,0.48,0.56,0.55,31.97,64.39,1.77,25.09,11.55,Eldorado do Sul,RS,Sul,-30.0,-51.61
2021,56,0.0,0.55,0.54,32.03,63.06,2.1,26.17,11.82,Eldorado do Sul,RS,Sul,-30.0,-51.61
2021,57,0.0,0.55,0.53,32.31,65.99,2.62,27.01,12.35,Eldorado do Sul,RS,Sul,-30.0,-51.61
2021,58,0.02,0.55,0.53,32.14,69.4,3.38,24.57,11.31,Eldorado do Sul,RS,Sul,-30.0,-51.61
2021,59,0.15,0.54,0.53,31.98,72.96,3.61,20.06,9.31,Eldorado do Sul,RS,Sul,-30.0,-51.61
2021,60,1.4,0.54,0.53,31.86,73.73,2.63,16.7,7.9,Eldorado do Sul,RS,Sul,-30.0,-51.61
2021,61,0.12,0.54,0.53,32.54,73.13,1.46,20.02,9.4,Eldorado do Sul,RS,Sul,-30.0,-51.61
2021,62,0.54,0.54,0.53,31.74,77.93,1.12,18.86,8.79,Eldorado do Sul,RS,Sul,-30.0,-51.61
2021,63,6.92,0.54,0.57,27.32,89.12,1.16,7.09,3.6,Eldorado do Sul,RS,Sul,-30.0,-51.61
2021,64,4.35,0.56,0.58,29.81,80.38,1.44,14.12,6.82,Eldorado do Sul,RS,Sul,-30.0,-51.61
2021,65,0.35,0.56,0.55,29.79,71.33,1.47,19.78,9.02,Eldorado do Sul,RS,Sul,-30.0,-51.61
2021,66,0.0,0.55,0.54,30.6,67.81,1.42,24.54,11.11,Eldorado do Sul,RS,Sul,-30.0,-51.61
2021,67,0.56,0.55,0.53,32.76,68.52,1.23,22.87,10.41,Eldorado do Sul,RS,Sul,-30.0,-51.61
2021,68,5.31,0.55,0.57,29.29,74.57,2.12,19.77,9.15,Eldorado do Sul,RS,Sul,-30.0,-51.61
2021,69,0.18,0.55,0.54,29.25,70.57,1.58,22.84,10.44,Eldorado do Sul,RS,Sul,-30.0,-51.61
2021,70,0.06,0.55,0.53,30.93,68.46,1.03,24.3,11.03,Eldorado do Sul,RS,Sul,-30.0,-51.61
2021,71,0.01,0.54,0.52,32.32,61.93,1.06,23.9,10.86,Eldorado do Sul,RS,Sul,-30.0,-51.61
2021,72,0.02,0.54,0.52,33.2,63.93,1.24,23.85,10.82,Eldorado do Sul,RS,Sul,-30.0,-51.61
2021,73,0.04,0.54,0.51,33.14,69.93,1.79,21.6,9.91,Eldorado do Sul,RS,Sul,-30.0,-51.61
2021,74,0.0,0.54,0.51,32.08,66.78,1.94,18.6,8.5,Eldorado do Sul,RS,Sul,-30.0,-51.61
2021,75,7.85,0.54,0.55,34.86,72.19,1.71,22.94,10.65,Eldorado do Sul,RS,Sul,-30.0,-51.61
2021,76,13.59,0.57,0.63,31.34,80.46,2.06,14.07,6.59,Eldorado do Sul,RS,Sul,-30.0,-51.61
2021,77,0.25,0.57,0.56,28.53,73.02,1.48,12.45,5.81,Eldorado do Sul,RS,Sul,-30.0,-51.61
2021,78,0.01,0.56,0.54,29.95,74.64,2.13,20.82,9.55,Eldorado do Sul,RS,Sul,-30.0,-51.61
2021,79,0.07,0.55,0.54,34.22,71.18,1.33,21.68,10.06,Eldorado do Sul,RS,Sul,-30.0,-51.61
2021,80,9.24,0.56,0.6,26.37,88.07,1.52,7.58,3.84,Eldorado do Sul,RS,Sul,-30.0,-51.61
2021,81,1.18,0.56,0.57,28.18,80.38,2.07,9.83,4.82,Eldorado do Sul,RS,Sul,-30.0,-51.61
2021,82,6.78,0.57,0.6,24.02,90.72,1.67,7.77,3.9,Eldorado do Sul,RS,Sul,-30.0,-51.61
2021,83,0.29,0.57,0.56,29.69,78.82,1.64,15.82,7.36,Eldorado do Sul,RS,Sul,-30.0,-51.61
2021,84,2.1,0.56,0.56,33.31,77.1,1.69,22.05,10.28,Eldorado do Sul,RS,Sul,-30.0,-51.61
2021,85,10.78,0.57,0.62,28.68,89.27,1.18,8.42,4.15,Eldorado do Sul,RS,Sul,-30.0,-51.61
2021,86,0.52,0.58,0.59,26.26,88.28,1.14,7.19,3.63,Eldorado do Sul,RS,Sul,-30.0,-51.61
2021,87,1.4,0.57,0.57,29.57,79.22,1.56,10.35,4.97,Eldorado do Sul,RS,Sul,-30.0,-51.61
2021,88,0.04,0.57,0.56,26.23,74.85,1.98,17.5,8.0,Eldorado do Sul,RS,Sul,-30.0,-51.61
2021,89,6.02,0.57,0.59,26.19,79.51,1.89,10.02,4.78,Eldorado do Sul,RS,Sul,-30.0,-51.61
2021,90,0.6,0.57,0.57,26.49,75.21,1.7,19.12,8.65,Eldorado do Sul,RS,Sul,-30.0,-51.61
2021,91,0.82,0.56,0.56,26.55,73.7,1.78,19.64,8.96,Eldorado do Sul,RS,Sul,-30.0,-51.61
2021,92,0.24,0.56,0.55,26.43,75.51,1.89,19.13,8.73,Eldorado do Sul,RS,Sul,-30.0,-51.61
2021,93,0.13,0.56,0.54,29.04,76.73,1.7,20.34,9.35,Eldorado do Sul,RS,Sul,-30.0,-51.61
2021,94,0.02,0.55,0.54,30.85,73.14,1.86,20.66,9.47,Eldorado do Sul,RS,Sul,-30.0,-51.61
2021,95,0.08,0.55,0.53,30.38,74.45,1.68,19.18,8.8,Eldorado do Sul,RS,Sul,-30.0,-51.61
2021,96,0.06,0.55,0.53,31.75,72.42,1.26,18.92,8.76,Eldorado do Sul,RS,Sul,-30.0,-51.61
2021,97,0.01,0.54,0.53,30.72,72.56,1.97,20.77,9.49,Eldorado do Sul,RS,Sul,-30.0,-51.61
2021,98,0.02,0.54,0.52,32.81,65.64,1.41,18.8,8.62,Eldorado do Sul,RS,Sul,-30.0,-51.61
2021,99,0.02,0.54,0.52,34.67,66.0,1.46,19.96,9.25,Eldorado do Sul,RS,Sul,-30.0,-51.61
2021,100,0.01,0.54,0.52,35.42,62.35,1.24,16.77,7.79,Eldorado do Sul,RS,Sul,-30.0,-51.61
2021,101,0.69,0.53,0.51,35.74,61.44,2.88,13.68,6.44,Eldorado do Sul,RS,Sul,-30.0,-51.61
2021,102,0.26,0.53,0.51,27.41,69.48,1.5,14.62,6.66,Eldorado do Sul,RS,Sul,-30.0,-51.61
2021,103,0.04,0.53,0.51,27.49,71.36,1.89,18.21,8.23,Eldorado do Sul,RS,Sul,-30.0,-51.61
2021,104,0.0,0.53,0.5,29.27,66.8,1.91,19.58,8.9,Eldorado do Sul,RS,Sul,-30.0,-51.61
2021,105,0.13,0.53,0.5,27.62,75.56,0.9,13.34,6.33,Eldorado do Sul,RS,Sul,-30.0,-51.61
2021,106,0.07,0.53,0.5,29.75,69.32,0.84,15.42,7.17,Eldorado do Sul,RS,Sul,-30.0,-51.61
2021,107,0.76,0.53,0.5,26.66,81.58,1.49,10.7,5.05,Eldorado do Sul,RS,Sul,-30.0,-51.61
2021,108,1.38,0.53,0.51,27.07,79.65,2.3,12.33,5.72,Eldorado do Sul,RS,Sul,-30.0,-51.61
2021,109,0.29,0.53,0.5,27.57,70.36,2.16,17.45,7.89,Eldorado do Sul,RS,Sul,-30.0,-51.61
2021,110,0.05,0.53,0.5,27.33,75.55,2.44,16.1,7.35,Eldorado do Sul,RS,Sul,-30.0,-51.61
2021,111,0.16,0.53,0.49,27.27,75.5,3.05,15.94,7.34,Eldorado do Sul,RS,Sul,-30.0,-51.61
2021,112,0.0,0.53,0.48,28.03,69.87,2.46,18.28,8.37,Eldorado do Sul,RS,Sul,-30.0,-51.61
2021,113,0.04,0.53,0.48,28.9,72.83,1.54,18.14,8.26,Eldorado do Sul,RS,Sul,-30.0,-51.61
2021,114,0.72,0.53,0.47,29.51,74.39,1.1,15.36,7.07,Eldorado do Sul,RS,Sul,-30.0,-51.61
2021,115,11.24,0.54,0.58,24.54,80.86,1.86,10.04,4.75,Eldorado do Sul,RS,Sul,-30.0,-51.61
2021,116,0.28,0.55,0.54,23.87,72.18,1.37,13.55,6.1,Eldorado do Sul,RS,Sul,-30.0,-51.61
2021,117,0.03,0.54,0.53,23.07,68.79,1.35,16.84,7.49,Eldorado do Sul,RS,Sul,-30.0,-51.61
2021,118,0.05,0.54,0.53,24.44,74.31,0.97,17.25,7.61,Eldorado do Sul,RS,Sul,-30.0,-51.61
2021,119,0.05,0.54,0.52,24.92,73.16,1.17,16.06,7.13,Eldorado do Sul,RS,Sul,-30.0,-51.61
2021,120,0.02,0.54,0.52,27.08,74.95,1.09,17.63,7.91,Eldorado do Sul,RS,Sul,-30.0,-51.61
2021,121,0.03,0.54,0.52,27.87,73.0,1.03,17.15,7.78,Eldorado do Sul,RS,Sul,-30.0,-51.61
2021,122,0.05,0.53,0.51,30.24,69.99,0.75,16.4,7.48,Eldorado do Sul,RS,Sul,-30.0,-51.61
2021,123,0.03,0.53,0.51,33.38,65.18,1.06,16.23,7.44,Eldorado do Sul,RS,Sul,-30.0,-51.61
2021,124,7.85,0.53,0.54,30.51,73.83,2.08,6.28,3.1,Eldorado do Sul,RS,Sul,-30.0,-51.61
2021,125,19.97,0.56,0.66,18.41,89.97,1.36,2.21,1.2,Eldorado do Sul,RS,Sul,-30.0,-51.61
2021,126,0.9,0.58,0.6,19.7,79.13,1.54,5.36,2.66,Eldorado do Sul,RS,Sul,-30.0,-51.61
2021,127,0.08,0.57,0.57,20.86,76.07,1.01,16.4,7.22,Eldorado do Sul,RS,Sul,-30.0,-51.61
2021,128,0.04,0.56,0.56,21.8,78.31,1.39,16.02,7.1,Eldorado do Sul,RS,Sul,-30.0,-51.61
2021,129,0.07,0.56,0.55,24.15,80.02,1.28,15.9,7.1,Eldorado do Sul,RS,Sul,-30.0,-51.61
2021,130,5.49,0.56,0.56,26.51,81.02,1.48,12.67,5.8,Eldorado do Sul,RS,Sul,-30.0,-51.61
2021,131,8.45,0.58,0.64,17.59,80.63,1.37,8.52,3.92,Eldorado do Sul,RS,Sul,-30.0,-51.61
2021,132,0.18,0.57,0.57,19.8,65.55,0.76,15.71,6.85,Eldorado do Sul,RS,Sul,-30.0,-51.61
2021,133,0.07,0.57,0.57,20.34,66.06,0.86,15.41,6.67,Eldorado do Sul,RS,Sul,-30.0,-51.61
2021,134,0.11,0.57,0.56,21.56,68.76,0.85,11.24,4.95,Eldorado do Sul,RS,Sul,-30.0,-51.61
2021,135,0.14,0.56,0.56,22.75,79.51,0.84,13.45,6.0,Eldorado do Sul,RS,Sul,-30.0,-51.61
2021,136,0.05,0.56,0.55,22.97,81.27,0.7,11.73,5.3,Eldorado do Sul,RS,Sul,-30.0,-51.61
2021,137,0.02,0.56,0.55,22.68,75.86,1.33,12.3,5.43,Eldorado do Sul,RS,Sul,-30.0,-51.61
2021,138,0.07,0.56,0.55,20.88,74.36,1.08,14.12,6.21,Eldorado do Sul,RS,Sul,-30.0,-51.61
2021,139,0.08,0.55,0.55,20.57,77.25,0.66,13.9,6.08,Eldorado do Sul,RS,Sul,-30.0,-51.61
2021,140,1.13,0.55,0.55,15.16,90.93,0.79,6.22,2.9,Eldorado do Sul,RS,Sul,-30.0,-51.61
2021,141,48.19,0.58,0.68,18.61,94.82,2.01,2.22,1.17,Eldorado do Sul,RS,Sul,-30.0,-51.61
2021,142,7.3,0.64,0.7,20.85,83.36,2.52,11.14,4.99,Eldorado do Sul,RS,Sul,-30.0,-51.61
2021,143,0.24,0.62,0.64,16.6,71.14,4.6,8.41,3.81,Eldorado do Sul,RS,Sul,-30.0,-51.61
2021,144,0.1,0.61,0.63,17.16,79.77,2.89,11.18,4.95,Eldorado do Sul,RS,Sul,-30.0,-51.61
2021,145,0.02,0.6,0.62,18.87,82.54,1.64,14.94,6.52,Eldorado do Sul,RS,Sul,-30.0,-51.61
2021,146,0.08,0.6,0.61,20.16,77.35,1.06,14.72,6.44,Eldorado do Sul,RS,Sul,-30.0,-51.61
2021,147,0.1,0.59,0.6,21.82,75.43,1.12,14.5,6.4,Eldorado do Sul,RS,Sul,-30.0,-51.61
2021,148,53.95,0.62,0.75,19.42,95.32,0.88,1.66,0.89,Eldorado do Sul,RS,Sul,-30.0,-51.61
2021,149,2.07,0.67,0.72,19.49,82.72,1.59,10.35,4.69,Eldorado do Sul,RS,Sul,-30.0,-51.61
2021,150,0.53,0.66,0.68,14.59,75.28,1.26,14.38,6.17,Eldorado do Sul,RS,Sul,-30.0,-51.61
2021,151,0.04,0.64,0.66,16.9,75.82,1.21,14.19,6.19,Eldorado do Sul,RS,Sul,-30.0,-51.61
2021,152,0.09,0.63,0.65,20.34,79.41,1.07,13.61,6.1,Eldorado do Sul,RS,Sul,-30.0,-51.61
2021,153,0.04,0.63,0.65,22.49,86.37,1.33,7.76,3.55,Eldorado do Sul,RS,Sul,-30.0,-51.61
2021,154,0.15,0.62,0.65,20.31,82.07,0.82,13.15,5.85,Eldorado do Sul,RS,Sul,-30.0,-51.61
2021,155,0.03,0.62,0.64,27.23,87.47,1.16,12.89,5.91,Eldorado do Sul,RS,Sul,-30.0,-51.61
2021,156,4.59,0.62,0.64,28.47,83.0,1.81,12.55,5.71,Eldorado do Sul,RS,Sul,-30.0,-51.61
2021,157,8.54,0.63,0.7,17.07,91.14,1.57,4.28,2.12,Eldorado do Sul,RS,Sul,-30.0,-51.61
2021,158,0.36,0.63,0.65,19.36,85.63,2.95,5.1,2.45,Eldorado do Sul,RS,Sul,-30.0,-51.61
2021,159,5.96,0.63,0.68,17.46,94.89,2.38,3.06,1.56,Eldorado do Sul,RS,Sul,-30.0,-51.61
2021,160,5.01,0.64,0.69,22.06,93.28,1.79,11.2,5.14,Eldorado do Sul,RS,Sul,-30.0,-51.61
2021,161,12.83,0.65,0.72,20.34,96.22,0.7,3.86,1.94,Eldorado do Sul,RS,Sul,-30.0,-51.61
2021,162,0.5,0.65,0.68,18.05,83.38,1.62,10.1,4.56,Eldorado do Sul,RS,Sul,-30.0,-51.61
2021,163,0.0,0.65,0.67,17.78,80.86,1.3,13.28,5.91,Eldorado do Sul,RS,Sul,-30.0,-51.61
2021,164,0.06,0.64,0.66,19.95,84.86,0.92,13.4,6.0,Eldorado do Sul,RS,Sul,-30.0,-51.61
2021,165,0.03,0.64,0.66,22.4,87.31,1.17,13.54,6.0,Eldorado do Sul,RS,Sul,-30.0,-51.61
2021,166,0.67,0.63,0.66,17.94,88.06,1.47,4.11,1.97,Eldorado do Sul,RS,Sul,-30.0,-51.61
2021,167,0.09,0.63,0.66,13.81,79.11,1.59,7.98,3.54,Eldorado do Sul,RS,Sul,-30.0,-51.61
2021,168,0.05,0.63,0.66,14.41,85.07,1.07,7.81,3.49,Eldorado do Sul,RS,Sul,-30.0,-51.61
2021,169,0.02,0.63,0.65,15.66,87.94,1.33,6.74,3.11,Eldorado do Sul,RS,Sul,-30.0,-51.61
2021,170,1.92,0.63,0.66,15.58,93.08,1.05,3.61,1.81,Eldorado do Sul,RS,Sul,-30.0,-51.61
2021,171,0.41,0.63,0.66,17.98,90.4,0.86,4.41,2.1,Eldorado do Sul,RS,Sul,-30.0,-51.61
2021,172,0.26,0.63,0.65,17.07,90.39,1.37,7.39,3.36,Eldorado do Sul,RS,Sul,-30.0,-51.61
2021,173,0.28,0.63,0.65,18.4,90.08,1.92,5.36,2.51,Eldorado do Sul,RS,Sul,-30.0,-51.61
2021,174,0.06,0.63,0.65,20.46,87.34,1.74,7.67,3.5,Eldorado do Sul,RS,Sul,-30.0,-51.61
2021,175,10.1,0.64,0.7,18.54,91.39,2.19,3.91,1.94,Eldorado do Sul,RS,Sul,-30.0,-51.61
2021,176,0.14,0.64,0.66,18.71,81.82,1.16,12.25,5.36,Eldorado do Sul,RS,Sul,-30.0,-51.61
2021,177,83.0,0.69,0.85,19.61,95.68,2.32,1.68,0.9,Eldorado do Sul,RS,Sul,-30.0,-51.61
2021,178,10.0,0.76,0.81,14.24,90.3,2.31,2.89,1.42,Eldorado do Sul,RS,Sul,-30.0,-51.61
2021,179,0.0,0.73,0.76,11.43,75.19,2.73,11.29,4.82,Eldorado do Sul,RS,Sul,-30.0,-51.61
2021,180,0.06,0.71,0.74,10.32,75.82,3.96,5.25,2.45,Eldorado do Sul,RS,Sul,-30.0,-51.61
2021,181,0.27,0.7,0.73,11.57,90.92,1.74,6.23,2.88,Eldorado do Sul,RS,Sul,-30.0,-51.61
2021,182,0.1,0.7,0.72,16.56,89.65,0.8,12.24,5.33,Eldorado do Sul,RS,Sul,-30.0,-51.61
2021,183,0.13,0.69,0.72,19.02,89.24,1.42,13.25,5.76,Eldorado do Sul,RS,Sul,-30.0,-51.61
2021,184,0.07,0.69,0.71,17.69,78.66,0.77,12.73,5.48,Eldorado do Sul,RS,Sul,-30.0,-51.61
2021,185,0.13,0.69,0.71,17.0,89.19,1.18,9.42,4.09,Eldorado do Sul,RS,Sul,-30.0,-51.61
2021,186,0.14,0.68,0.71,18.99,89.69,0.72,11.14,4.85,Eldorado do Sul,RS,Sul,-30.0,-51.61
2021,187,0.14,0.68,0.71,19.75,91.89,1.01,11.74,5.16,Eldorado do Sul,RS,Sul,-30.0,-51.61
2021,188,0.05,0.68,0.71,20.64,84.04,1.05,13.09,5.88,Eldorado do Sul,RS,Sul,-30.0,-51.61
2021,189,0.01,0.68,0.7,22.06,85.15,0.8,13.27,5.87,Eldorado do Sul,RS,Sul,-30.0,-51.61
2021,190,0.12,0.68,0.7,20.56,88.16,0.96,13.28,5.89,Eldorado do Sul,RS,Sul,-30.0,-51.61
2021,191,0.09,0.67,0.7,22.67,87.72,1.26,13.59,5.97,Eldorado do Sul,RS,Sul,-30.0,-51.61
2021,192,0.05,0.67,0.7,21.41,90.03,1.01,11.88,5.29,Eldorado do Sul,RS,Sul,-30.0,-51.61
2021,193,0.12,0.67,0.69,22.44,86.36,1.0,11.59,5.11,Eldorado do Sul,RS,Sul,-30.0,-51.61
2021,194,0.09,0.67,0.7,20.57,91.2,0.95,7.54,3.44,Eldorado do Sul,RS,Sul,-30.0,-51.61
2021,195,0.76,0.67,0.7,20.81,92.4,1.23,9.06,4.07,Eldorado do Sul,RS,Sul,-30.0,-51.61
2021,196,8.42,0.68,0.74,17.65,93.52,1.34,2.7,1.36,Eldorado do Sul,RS,Sul,-30.0,-51.61
2021,197,0.1,0.68,0.71,17.36,86.35,0.87,11.01,4.84,Eldorado do Sul,RS,Sul,-30.0,-51.61
2021,198,0.36,0.68,0.7,16.63,86.06,1.91,8.69,3.82,Eldorado do Sul,RS,Sul,-30.0,-51.61
2021,199,0.25,0.67,0.7,12.55,71.47,4.16,14.95,6.44,Eldorado do Sul,RS,Sul,-30.0,-51.61
2021,200,0.11,0.67,0.7,12.95,79.78,2.95,11.33,4.94,Eldorado do Sul,RS,Sul,-30.0,-51.61
2021,201,0.02,0.67,0.7,14.88,83.52,1.49,13.26,5.71,Eldorado do Sul,RS,Sul,-30.0,-51.61
2021,202,0.05,0.67,0.69,17.47,75.61,1.19,15.36,6.51,Eldorado do Sul,RS,Sul,-30.0,-51.61
2021,203,0.07,0.67,0.69,18.83,81.75,1.03,15.03,6.47,Eldorado do Sul,RS,Sul,-30.0,-51.61
2021,204,0.12,0.66,0.69,25.05,77.89,1.05,15.01,6.62,Eldorado do Sul,RS,Sul,-30.0,-51.61
2021,205,0.05,0.66,0.68,25.47,79.14,1.18,14.87,6.55,Eldorado do Sul,RS,Sul,-30.0,-51.61
2021,206,0.03,0.66,0.68,26.42,79.67,1.48,11.78,5.28,Eldorado do Sul,RS,Sul,-30.0,-51.61
2021,207,19.09,0.67,0.74,26.32,84.26,1.47,3.55,1.75,Eldorado do Sul,RS,Sul,-30.0,-51.61
2021,208,5.82,0.69,0.74,13.68,71.4,2.9,10.76,4.74,Eldorado do Sul,RS,Sul,-30.0,-51.61
2021,209,1.35,0.69,0.71,10.62,79.1,3.14,11.1,4.76,Eldorado do Sul,RS,Sul,-30.0,-51.61
2021,210,0.05,0.68,0.71,11.52,78.68,2.13,14.74,6.36,Eldorado do Sul,RS,Sul,-30.0,-51.61
2021,211,0.02,0.68,0.7,14.86,79.8,0.93,16.24,7.01,Eldorado do Sul,RS,Sul,-30.0,-51.61
2021,212,0.02,0.68,0.7,18.07,81.28,0.91,16.45,7.07,Eldorado do Sul,RS,Sul,-30.0,-51.61
2021,213,0.04,0.67,0.7,19.44,78.0,0.78,15.62,6.77,Eldorado do Sul,RS,Sul,-30.0,-51.61
2021,214,0.73,0.67,0.7,17.4,84.12,0.99,8.61,3.84,Eldorado do Sul,RS,Sul,-30.0,-51.61
2021,215,0.6,0.67,0.7,17.34,87.91,0.86,15.84,6.9,Eldorado do Sul,RS,Sul,-30.0,-51.61
2021,216,0.44,0.67,0.69,19.12,90.23,1.69,10.85,4.82,Eldorado do Sul,RS,Sul,-30.0,-51.61
2021,217,0.02,0.67,0.69,20.75,91.28,1.76,13.15,5.89,Eldorado do Sul,RS,Sul,-30.0,-51.61
2021,218,0.03,0.66,0.69,21.62,86.77,1.11,11.12,5.06,Eldorado do Sul,RS,Sul,-30.0,-51.61
2021,219,0.03,0.66,0.68,26.35,82.98,1.27,15.19,6.83,Eldorado do Sul,RS,Sul,-30.0,-51.61
2021,220,0.01,0.66,0.68,27.14,81.3,1.15,16.03,7.18,Eldorado do Sul,RS,Sul,-30.0,-51.61
2021,221,0.35,0.65,0.68,25.08,86.67,1.26,8.71,4.0,Eldorado do Sul,RS,Sul,-30.0,-51.61
2021,222,3.77,0.65,0.69,17.51,86.02,1.67,2.35,1.24,Eldorado do Sul,RS,Sul,-30.0,-51.61
2021,223,0.52,0.66,0.68,15.56,80.22,1.5,11.84,5.18,Eldorado do Sul,RS,Sul,-30.0,-51.61
2021,224,0.01,0.66,0.68,13.5,81.71,1.76,11.49,5.08,Eldorado do Sul,RS,Sul,-30.0,-51.61
2021,225,0.07,0.66,0.68,18.19,87.68,2.54,11.35,5.15,Eldorado do Sul,RS,Sul,-30.0,-51.61
2021,226,0.06,0.65,0.68,21.19,86.92,0.99,12.54,5.65,Eldorado do Sul,RS,Sul,-30.0,-51.61
2021,227,0.02,0.65,0.68,20.98,88.11,0.86,11.01,4.91,Eldorado do Sul,RS,Sul,-30.0,-51.61
2021,228,0.02,0.65,0.67,22.25,87.16,1.11,9.76,4.29,Eldorado do Sul,RS,Sul,-30.0,-51.61
2021,229,0.95,0.65,0.67,26.81,84.94,0.8,15.74,6.97,Eldorado do Sul,RS,Sul,-30.0,-51.61
2021,230,14.33,0.66,0.73,27.55,87.14,1.06,5.75,2.75,Eldorado do Sul,RS,Sul,-30.0,-51.61
2021,231,0.0,0.67,0.69,31.03,75.75,2.06,16.51,7.29,Eldorado do Sul,RS,Sul,-30.0,-51.61
2021,232,1.93,0.66,0.69,22.51,86.33,1.5,9.23,4.14,Eldorado do Sul,RS,Sul,-30.0,-51.61
2021,233,1.46,0.66,0.69,18.98,95.72,1.75,7.39,3.39,Eldorado do Sul,RS,Sul,-30.0,-51.61
2021,234,0.0,0.66,0.68,29.0,81.66,1.58,15.56,6.71,Eldorado do Sul,RS,Sul,-30.0,-51.61
2021,235,2.44,0.65,0.68,19.02,78.72,2.95,9.1,4.0,Eldorado do Sul,RS,Sul,-30.0,-51.61
2021,236,17.47,0.67,0.75,19.12,93.34,2.78,2.42,1.11,Eldorado do Sul,RS,Sul,-30.0,-51.61
2021,237,45.28,0.73,0.86,19.74,95.96,1.09,0.97,0.51,Eldorado do Sul,RS,Sul,-30.0,-51.61
2021,238,1.6,0.74,0.77,17.83,83.39,1.71,8.04,3.77,Eldorado do Sul,RS,Sul,-30.0,-51.61
2021,239,0.02,0.72,0.74,20.29,76.63,0.95,18.49,7.97,Eldorado do Sul,RS,Sul,-30.0,-51.61
2021,240,0.08,0.71,0.73,21.33,85.35,2.08,18.79,8.23,Eldorado do Sul,RS,Sul,-30.0,-51.61
2021,241,0.02,0.7,0.72,23.94,85.13,1.27,18.64,8.37,Eldorado do Sul,RS,Sul,-30.0,-51.61
2021,242,0.02,0.69,0.71,24.84,85.04,1.36,19.72,8.8,Eldorado do Sul,RS,Sul,-30.0,-51.61
2021,243,0.01,0.69,0.71,25.69,82.49,1.29,20.4,9.06,Eldorado do Sul,RS,Sul,-30.0,-51.61
2021,244,0.01,0.68,0.7,27.42,79.37,1.43,18.95,8.42,Eldorado do Sul,RS,Sul,-30.0,-51.61
2021,245,0.01,0.68,0.7,26.87,75.46,1.08,16.01,7.24,Eldorado do Sul,RS,Sul,-30.0,-51.61
2021,246,0.07,0.67,0.7,23.04,84.73,1.69,11.03,5.09,Eldorado do Sul,RS,Sul,-30.0,-51.61
2021,247,16.3,0.67,0.72,21.75,85.28,1.87,15.04,6.82,Eldorado do Sul,RS,Sul,-30.0,-51.61
2021,248,4.59,0.7,0.75,21.52,86.59,1.49,8.84,4.13,Eldorado do Sul,RS,Sul,-30.0,-51.61
2021,249,1.11,0.69,0.72,22.49,86.11,2.42,14.58,6.56,Eldorado do Sul,RS,Sul,-30.0,-51.61
2021,250,22.47,0.71,0.8,19.5,93.73,3.2,1.54,0.86,Eldorado do Sul,RS,Sul,-30.0,-51.61
2021,251,50.99,0.75,0.83,24.95,90.81,1.87,4.87,2.45,Eldorado do Sul,RS,Sul,-30.0,-51.61
2021,252,0.8,0.75,0.77,20.05,78.61,3.19,20.97,9.32,Eldorado do Sul,RS,Sul,-30.0,-51.61
2021,253,0.19,0.73,0.75,17.85,80.98,2.66,12.77,5.86,Eldorado do Sul,RS,Sul,-30.0,-51.61
2021,254,0.01,0.72,0.74,21.52,81.53,0.99,20.5,9.03,Eldorado do Sul,RS,Sul,-30.0,-51.61
2021,255,0.12,0.72,0.74,27.1,84.83,1.13,21.28,9.66,Eldorado do Sul,RS,Sul,-30.0,-51.61
2021,256,51.92,0.73,0.82,31.5,89.44,1.15,2.0,1.04,Eldorado do Sul,RS,Sul,-30.0,-51.61
2021,257,3.56,0.77,0.79,24.4,88.89,1.43,4.56,2.3,Eldorado do Sul,RS,Sul,-30.0,-51.61
2021,258,0.03,0.75,0.77,19.69,73.54,1.12,22.27,9.66,Eldorado do Sul,RS,Sul,-30.0,-51.61
2021,259,0.04,0.74,0.76,19.93,78.37,2.0,17.91,7.89,Eldorado do Sul,RS,Sul,-30.0,-51.61
2021,260,6.49,0.73,0.78,18.72,91.14,1.63,3.47,1.79,Eldorado do Sul,RS,Sul,-30.0,-51.61
2021,261,0.55,0.74,0.76,24.47,87.33,1.06,14.92,6.85,Eldorado do Sul,RS,Sul,-30.0,-51.61
2021,262,6.57,0.74,0.77,25.95,88.52,1.52,10.85,5.07,Eldorado do Sul,RS,Sul,-30.0,-51.61
2021,263,3.53,0.74,0.77,30.6,88.51,1.77,11.74,5.15,Eldorado do Sul,RS,Sul,-30.0,-51.61
2021,264,0.62,0.74,0.76,19.15,76.79,2.78,12.37,5.74,Eldorado do Sul,RS,Sul,-30.0,-51.61
2021,265,0.1,0.73,0.75,20.73,75.68,3.04,19.59,8.8,Eldorado do Sul,RS,Sul,-30.0,-51.61
2021,266,4.58,0.73,0.76,17.21,86.96,1.78,10.39,4.95,Eldorado do Sul,RS,Sul,-30.0,-51.61
2021,267,0.23,0.73,0.75,22.18,85.33,1.28,13.36,6.06,Eldorado do Sul,RS,Sul,-30.0,-51.61
2021,268,0.04,0.72,0.74,23.22,81.04,0.77,20.43,9.1,Eldorado do Sul,RS,Sul,-30.0,-51.61
2021,269,0.01,0.72,0.74,26.23,81.81,1.01,22.89,10.03,Eldorado do Sul,RS,Sul,-30.0,-51.61
2021,270,0.03,0.71,0.73,28.68,82.28,1.13,23.47,10.33,Eldorado do Sul,RS,Sul,-30.0,-51.61
2021,271,7.77,0.71,0.75,25.87,89.3,1.55,4.54,2.31,Eldorado do Sul,RS,Sul,-30.0,-51.61
2021,272,1.44,0.72,0.75,23.42,85.87,2.51,9.66,4.58,Eldorado do Sul,RS,Sul,-30.0,-51.61
2021,273,33.18,0.72,0.78,23.79,86.06,2.72,14.62,6.69,Eldorado do Sul,RS,Sul,-30.0,-51.61
2021,274,1.2,0.75,0.78,26.52,84.22,1.77,10.04,4.79,Eldorado do Sul,RS,Sul,-30.0,-51.61
2021,275,0.1,0.74,0.76,23.98,80.36,1.35,22.4,10.05,Eldorado do Sul,RS,Sul,-30.0,-51.61
2021,276,8.98,0.74,0.78,23.43,85.86,1.7,13.09,6.14,Eldorado do Sul,RS,Sul,-30.0,-51.61
2021,277,0.13,0.73,0.75,20.76,76.1,1.67,10.32,4.85,Eldorado do Sul,RS,Sul,-30.0,-51.61
2021,278,0.01,0.73,0.74,20.9,74.34,1.39,26.13,11.46,Eldorado do Sul,RS,Sul,-30.0,-51.61
2021,279,0.34,0.72,0.74,25.21,77.51,1.57,10.22,4.95,Eldorado do Sul,RS,Sul,-30.0,-51.61
2021,280,0.07,0.71,0.73,19.93,75.91,1.64,19.32,8.6,Eldorado do Sul,RS,Sul,-30.0,-51.61
2021,281,1.56,0.71,0.73,19.79,80.03,2.5,14.04,6.58,Eldorado do Sul,RS,Sul,-30.0,-51.61
2021,282,1.93,0.71,0.74,23.48,86.34,3.04,11.0,5.33,Eldorado do Sul,RS,Sul,-30.0,-51.61
2021,283,0.37,0.71,0.72,25.02,83.22,3.01,16.82,7.74,Eldorado do Sul,RS,Sul,-30.0,-51.61
2021,284,1.47,0.7,0.73,23.98,83.46,2.07,10.14,4.98,Eldorado do Sul,RS,Sul,-30.0,-51.61
2021,285,0.6,0.7,0.72,26.88,81.74,0.84,22.13,10.11,Eldorado do Sul,RS,Sul,-30.0,-51.61
2021,286,0.04,0.69,0.71,29.55,81.86,1.23,20.91,9.46,Eldorado do Sul,RS,Sul,-30.0,-51.61
2021,287,0.49,0.69,0.71,28.65,81.78,1.47,22.89,10.48,Eldorado do Sul,RS,Sul,-30.0,-51.61
2021,288,23.85,0.71,0.79,20.74,90.28,3.12,8.57,4.37,Eldorado do Sul,RS,Sul,-30.0,-51.61
2021,289,3.41,0.72,0.75,20.05,81.49,2.21,8.89,4.37,Eldorado do Sul,RS,Sul,-30.0,-51.61
2021,290,0.13,0.71,0.73,21.67,77.46,1.93,16.38,7.55,Eldorado do Sul,RS,Sul,-30.0,-51.61
2021,291,0.1,0.71,0.72,23.07,80.17,1.92,24.05,10.69,Eldorado do Sul,RS,Sul,-30.0,-51.61
2021,292,0.04,0.7,0.72,22.72,76.89,1.76,27.02,11.9,Eldorado do Sul,RS,Sul,-30.0,-51.61
2021,293,0.12,0.69,0.71,22.56,79.1,1.74,26.72,11.9,Eldorado do Sul,RS,Sul,-30.0,-51.61
2021,294,0.0,0.68,0.7,24.86,78.15,1.35,26.25,11.76,Eldorado do Sul,RS,Sul,-30.0,-51.61
2021,295,0.0,0.67,0.69,25.84,75.18,1.09,27.32,12.01,Eldorado do Sul,RS,Sul,-30.0,-51.61
2021,296,5.79,0.67,0.71,26.35,86.7,1.44,9.24,4.39,Eldorado do Sul,RS,Sul,-30.0,-51.61
2021,297,0.55,0.68,0.7,23.2,70.65,2.02,27.63,12.31,Eldorado do Sul,RS,Sul,-30.0,-51.61
2021,298,0.12,0.67,0.69,25.89,68.81,1.65,29.85,13.09,Eldorado do Sul,RS,Sul,-30.0,-51.61
2021,299,0.17,0.66,0.68,30.18,62.45,0.95,29.79,13.16,Eldorado do Sul,RS,Sul,-30.0,-51.61
2021,300,0.03,0.65,0.67,30.74,69.5,1.33,29.52,13.22,Eldorado do Sul,RS,Sul,-30.0,-51.61
2021,301,0.0,0.65,0.66,28.78,75.84,2.49,29.38,13.12,Eldorado do Sul,RS,Sul,-30.0,-51.61
2021,302,0.03,0.64,0.65,28.14,79.24,2.98,27.59,12.58,Eldorado do Sul,RS,Sul,-30.0,-51.61
2021,303,0.1,0.63,0.65,28.12,81.7,2.32,25.84,11.84,Eldorado do Sul,RS,Sul,-30.0,-51.61
2021,304,0.71,0.63,0.65,24.43,86.49,1.48,25.62,11.79,Eldorado do Sul,RS,Sul,-30.0,-51.61
2021,305,0.05,0.63,0.65,29.78,78.7,1.41,28.45,13.0,Eldorado do Sul,RS,Sul,-30.0,-51.61
2021,306,0.04,0.63,0.64,32.08,77.46,1.35,27.43,12.66,Eldorado do Sul,RS,Sul,-30.0,-51.61
2021,307,17.11,0.63,0.69,30.35,81.92,1.06,12.18,5.98,Eldorado do Sul,RS,Sul,-30.0,-51.61
2021,308,0.2,0.65,0.67,29.69,78.86,1.48,27.67,12.6,Eldorado do Sul,RS,Sul,-30.0,-51.61
2021,309,0.09,0.64,0.65,30.9,79.13,1.58,23.94,10.9,Eldorado do Sul,RS,Sul,-30.0,-51.61
2021,310,6.74,0.64,0.68,24.97,81.29,2.86,10.09,5.04,Eldorado do Sul,RS,Sul,-30.0,-51.61
2021,311,0.04,0.64,0.65,25.06,73.39,1.85,21.19,9.77,Eldorado do Sul,RS,Sul,-30.0,-51.61
2021,312,0.02,0.63,0.64,25.81,72.94,1.74,29.58,13.23,Eldorado do Sul,RS,Sul,-30.0,-51.61
2021,313,0.02,0.62,0.63,26.11,72.95,1.83,30.4,13.61,Eldorado do Sul,RS,Sul,-30.0,-51.61
2021,314,0.0,0.61,0.62,24.37,73.81,2.58,29.32,13.16,Eldorado do Sul,RS,Sul,-30.0,-51.61
2021,315,0.01,0.61,0.62,23.39,71.45,3.24,26.27,11.98,Eldorado do Sul,RS,Sul,-30.0,-51.61
2021,316,0.0,0.61,0.61,24.23,70.75,3.32,28.06,12.63,Eldorado do Sul,RS,Sul,-30.0,-51.61
2021,317,0.0,0.6,0.6,27.69,70.6,2.8,30.71,13.89,Eldorado do Sul,RS,Sul,-30.0,-51.61
2021,318,0.0,0.6,0.6,30.37,71.36,1.12,26.9,12.37,Eldorado do Sul,RS,Sul,-30.0,-51.61
2021,319,0.01,0.59,0.59,32.61,70.69,1.58,25.38,11.69,Eldorado do Sul,RS,Sul,-30.0,-51.61
2021,320,15.34,0.59,0.64,32.34,80.77,1.03,15.44,7.38,Eldorado do Sul,RS,Sul,-30.0,-51.61
2021,321,5.27,0.62,0.68,21.48,83.01,2.29,5.41,2.89,Eldorado do Sul,RS,Sul,-30.0,-51.61
2021,322,0.36,0.62,0.64,22.96,73.97,2.22,7.08,3.7,Eldorado do Sul,RS,Sul,-30.0,-51.61
2021,323,0.06,0.61,0.62,26.09,72.06,1.65,16.73,7.69,Eldorado do Sul,RS,Sul,-30.0,-51.61
2021,324,0.01,0.6,0.61,28.12,68.33,1.39,32.11,14.19,Eldorado do Sul,RS,Sul,-30.0,-51.61
2021,325,0.02,0.6,0.6,32.16,61.5,0.93,32.34,14.4,Eldorado do Sul,RS,Sul,-30.0,-51.61
2021,326,0.02,0.59,0.58,35.67,59.26,1.1,31.32,14.05,Eldorado do Sul,RS,Sul,-30.0,-51.61
2021,327,0.03,0.58,0.57,29.81,60.81,2.47,26.14,11.75,Eldorado do Sul,RS,Sul,-30.0,-51.61
2021,328,0.01,0.58,0.57,30.2,65.15,1.72,32.85,14.31,Eldorado do Sul,RS,Sul,-30.0,-51.61
2021,329,6.55,0.57,0.6,36.5,71.86,1.34,21.04,9.78,Eldorado do Sul,RS,Sul,-30.0,-51.61
2021,330,23.39,0.6,0.71,26.66,77.75,3.07,14.94,7.17,Eldorado do Sul,RS,Sul,-30.0,-51.61
2021,331,6.87,0.62,0.67,28.69,80.67,2.19,16.39,7.77,Eldorado do Sul,RS,Sul,-30.0,-51.61
2021,332,0.2,0.61,0.63,27.38,81.52,0.71,15.28,7.37,Eldorado do Sul,RS,Sul,-30.0,-51.61
2021,333,0.04,0.6,0.61,28.6,66.71,3.51,26.01,11.9,Eldorado do Sul,RS,Sul,-30.0,-51.61
2021,334,0.29,0.59,0.59,29.02,65.28,2.65,27.86,12.62,Eldorado do Sul,RS,Sul,-30.0,-51.61
2021,335,3.98,0.59,0.61,26.83,75.38,1.76,23.64,10.74,Eldorado do Sul,RS,Sul,-30.0,-51.61
2021,336,0.18,0.59,0.59,26.12,70.25,2.2,27.09,12.21,Eldorado do Sul,RS,Sul,-30.0,-51.61
2021,337,0.74,0.58,0.58,27.16,73.5,2.81,31.04,14.08,Eldorado do Sul,RS,Sul,-30.0,-51.61
2021,338,0.03,0.58,0.57,31.24,71.97,2.43,29.31,13.45,Eldorado do Sul,RS,Sul,-30.0,-51.61
2021,339,21.23,0.59,0.66,27.76,82.07,2.68,23.48,10.86,Eldorado do Sul,RS,Sul,-30.0,-51.61
2021,340,6.21,0.61,0.65,25.71,80.8,3.25,21.72,10.1,Eldorado do Sul,RS,Sul,-30.0,-51.61
2021,341,0.06,0.6,0.61,25.97,70.23,3.27,30.82,13.83,Eldorado do Sul,RS,Sul,-30.0,-51.61
2021,342,0.05,0.59,0.59,26.52,71.0,2.66,30.56,13.72,Eldorado do Sul,RS,Sul,-30.0,-51.61
2021,343,0.24,0.58,0.58,27.24,71.6,2.5,30.28,13.69,Eldorado do Sul,RS,Sul,-30.0,-51.61
2021,344,0.02,0.58,0.57,27.71,67.44,2.05,33.15,14.83,Eldorado do Sul,RS,Sul,-30.0,-51.61
2021,345,0.0,0.57,0.56,32.9,65.37,1.5,27.45,12.49,Eldorado do Sul,RS,Sul,-30.0,-51.61
2021,346,0.07,0.56,0.55,33.77,65.67,1.68,28.45,13.01,Eldorado do Sul,RS,Sul,-30.0,-51.61
2021,347,0.98,0.56,0.54,36.05,69.74,2.08,16.54,7.84,Eldorado do Sul,RS,Sul,-30.0,-51.61
2021,348,19.07,0.57,0.66,24.97,87.15,4.1,8.97,4.68,Eldorado do Sul,RS,Sul,-30.0,-51.61
2021,349,2.17,0.59,0.62,29.4,82.43,3.13,17.79,8.54,Eldorado do Sul,RS,Sul,-30.0,-51.61
2021,350,0.14,0.58,0.58,33.04,74.54,1.86,13.21,6.3,Eldorado do Sul,RS,Sul,-30.0,-51.61
2021,351,0.63,0.58,0.57,29.25,75.8,2.77,30.22,13.77,Eldorado do Sul,RS,Sul,-30.0,-51.61
2021,352,0.13,0.57,0.56,29.44,73.42,3.37,22.01,10.15,Eldorado do Sul,RS,Sul,-30.0,-51.61
2021,353,0.0,0.56,0.55,32.89,66.91,2.46,32.08,14.64,Eldorado do Sul,RS,Sul,-30.0,-51.61
2021,354,0.01,0.56,0.53,37.65,64.33,1.63,31.15,14.26,Eldorado do Sul,RS,Sul,-30.0,-51.61
2021,355,1.07,0.55,0.53,35.49,67.44,1.45,26.87,12.34,Eldorado do Sul,RS,Sul,-30.0,-51.61
2021,356,0.37,0.55,0.53,30.99,65.95,2.33,18.81,8.78,Eldorado do Sul,RS,Sul,-30.0,-51.61
2021,357,0.15,0.55,0.53,29.51,64.28,2.45,28.99,13.09,Eldorado do Sul,RS,Sul,-30.0,-51.61
2021,358,0.0,0.54,0.52,30.85,64.34,2.26,31.42,14.19,Eldorado do Sul,RS,Sul,-30.0,-51.61
2021,359,0.0,0.54,0.51,35.09,60.34,1.57,32.52,14.64,Eldorado do Sul,RS,Sul,-30.0,-51.61
2021,360,0.13,0.54,0.51,34.7,64.14,1.44,20.84,9.62,Eldorado do Sul,RS,Sul,-30.0,-51.61
2021,361,0.01,0.54,0.5,36.28,56.9,1.63,31.96,14.37,Eldorado do Sul,RS,Sul,-30.0,-51.61
2021,362,0.0,0.53,0.49,34.54,60.25,2.18,31.44,14.08,Eldorado do Sul,RS,Sul,-30.0,-51.61
2021,363,0.0,0.53,0.48,33.99,64.16,3.06,31.84,14.27,Eldorado do Sul,RS,Sul,-30.0,-51.61
2021,364,0.08,0.53,0.47,35.35,63.61,2.31,28.49,13.21,Eldorado do Sul,RS,Sul,-30.0,-51.61
2021,365,0.86,0.53,0.47,35.77,60.4,1.37,29.36,13.56,Eldorado do Sul,RS,Sul,-30.0,-51.61
2022,1,0.11,0.53,0.46,38.56,60.1,2.01,31.65,14.31,Eldorado do Sul,RS,Sul,-30.0,-51.61
2022,2,9.27,0.53,0.51,39.89,67.46,1.5,22.09,10.26,Eldorado do Sul,RS,Sul,-30.0,-51.61
2022,3,0.94,0.54,0.54,38.07,64.32,1.44,23.64,10.95,Eldorado do Sul,RS,Sul,-30.0,-51.61
2022,4,1.8,0.54,0.53,30.07,74.19,1.31,14.11,6.96,Eldorado do Sul,RS,Sul,-30.0,-51.61
2022,5,26.95,0.56,0.65,28.49,78.34,2.59,11.06,5.54,Eldorado do Sul,RS,Sul,-30.0,-51.61
2022,6,0.87,0.58,0.59,28.08,67.37,2.64,24.65,11.2,Eldorado do Sul,RS,Sul,-30.0,-51.61
2022,7,0.0,0.57,0.55,28.46,65.54,2.81,30.38,13.71,Eldorado do Sul,RS,Sul,-30.0,-51.61
2022,8,0.01,0.56,0.54,30.06,64.29,3.13,30.09,13.69,Eldorado do Sul,RS,Sul,-30.0,-51.61
2022,9,0.0,0.55,0.53,30.43,64.07,3.13,28.42,12.88,Eldorado do Sul,RS,Sul,-30.0,-51.61
2022,10,0.0,0.55,0.52,33.64,64.11,2.05,29.67,13.52,Eldorado do Sul,RS,Sul,-30.0,-51.61
2022,11,0.0,0.54,0.51,36.06,62.62,1.58,31.82,14.43,Eldorado do Sul,RS,Sul,-30.0,-51.61
2022,12,0.0,0.54,0.51,37.01,61.17,1.94,32.26,14.46,Eldorado do Sul,RS,Sul,-30.0,-51.61
2022,13,0.01,0.53,0.5,37.64,59.9,1.76,32.33,14.58,Eldorado do Sul,RS,Sul,-30.0,-51.61
2022,14,1.36,0.53,0.49,38.71,61.18,1.65,26.32,12.28,Eldorado do Sul,RS,Sul,-30.0,-51.61
2022,15,1.91,0.53,0.49,38.39,61.18,1.41,17.74,8.49,Eldorado do Sul,RS,Sul,-30.0,-51.61
2022,16,17.61,0.54,0.59,36.01,73.45,1.5,24.6,11.67,Eldorado do Sul,RS,Sul,-30.0,-51.61
2022,17,32.67,0.58,0.69,34.19,76.15,1.39,20.72,9.83,Eldorado do Sul,RS,Sul,-30.0,-51.61
2022,18,4.58,0.61,0.66,34.29,76.3,1.11,11.44,5.66,Eldorado do Sul,RS,Sul,-30.0,-51.61
2022,19,0.21,0.59,0.6,36.58,74.85,1.41,28.36,13.05,Eldorado do Sul,RS,Sul,-30.0,-51.61
2022,20,0.07,0.58,0.57,37.84,70.52,1.43,26.61,12.36,Eldorado do Sul,RS,Sul,-30.0,-51.61
2022,21,0.47,0.57,0.55,38.01,70.88,1.81,24.8,11.58,Eldorado do Sul,RS,Sul,-30.0,-51.61
2022,22,0.06,0.56,0.53,40.67,62.23,1.39,28.3,13.26,Eldorado do Sul,RS,Sul,-30.0,-51.61
2022,23,6.02,0.55,0.56,40.25,61.33,1.11,14.45,6.98,Eldorado do Sul,RS,Sul,-30.0,-51.61
2022,24,6.1,0.56,0.58,39.2,69.43,1.56,27.67,12.97,Eldorado do Sul,RS,Sul,-30.0,-51.61
2022,25,0.64,0.56,0.54,37.7,69.39,1.43,25.8,12.07,Eldorado do Sul,RS,Sul,-30.0,-51.61
2022,26,15.79,0.56,0.59,39.25,72.01,1.44,21.71,10.18,Eldorado do Sul,RS,Sul,-30.0,-51.61
2022,27,23.71,0.61,0.71,25.43,81.0,2.69,6.09,3.25,Eldorado do Sul,RS,Sul,-30.0,-51.61
2022,28,0.24,0.6,0.62,26.54,67.72,2.5,22.84,10.41,Eldorado do Sul,RS,Sul,-30.0,-51.61
2022,29,0.01,0.59,0.59,27.57,67.23,2.52,23.06,10.54,Eldorado do Sul,RS,Sul,-30.0,-51.61
2022,30,0.12,0.58,0.57,30.13,69.72,1.97,21.24,9.91,Eldorado do Sul,RS,Sul,-30.0,-51.61
2022,31,3.11,0.57,0.57,33.74,67.35,1.44,27.98,12.85,Eldorado do Sul,RS,Sul,-30.0,-51.61
2022,32,0.48,0.57,0.56,33.17,66.71,1.58,28.52,13.16,Eldorado do Sul,RS,Sul,-30.0,-51.61
2022,33,0.0,0.56,0.54,36.32,64.68,1.5,29.35,13.45,Eldorado do Sul,RS,Sul,-30.0,-51.61
2022,34,0.28,0.55,0.53,37.59,66.97,1.47,25.76,12.01,Eldorado do Sul,RS,Sul,-30.0,-51.61
2022,35,9.12,0.55,0.59,30.35,79.23,1.05,12.38,6.12,Eldorado do Sul,RS,Sul,-30.0,-51.61
2022,36,10.1,0.57,0.61,31.11,80.97,1.24,13.85,6.76,Eldorado do Sul,RS,Sul,-30.0,-51.61
2022,37,0.19,0.58,0.57,29.53,66.46,2.29,24.37,11.1,Eldorado do Sul,RS,Sul,-30.0,-51.61
2022,38,0.0,0.57,0.55,28.65,61.38,1.98,30.08,13.36,Eldorado do Sul,RS,Sul,-30.0,-51.61
2022,39,0.01,0.56,0.54,29.99,67.06,1.77,26.96,12.16,Eldorado do Sul,RS,Sul,-30.0,-51.61
2022,40,0.0,0.55,0.53,30.05,66.05,1.86,27.36,12.38,Eldorado do Sul,RS,Sul,-30.0,-51.61
2022,41,0.1,0.55,0.53,34.32,66.4,2.05,27.74,12.65,Eldorado do Sul,RS,Sul,-30.0,-51.61
2022,42,1.03,0.55,0.53,36.4,66.87,1.8,23.77,11.06,Eldorado do Sul,RS,Sul,-30.0,-51.61
2022,43,1.49,0.54,0.53,37.11,67.71,1.36,24.76,11.42,Eldorado do Sul,RS,Sul,-30.0,-51.61
2022,44,1.47,0.54,0.53,29.87,73.2,1.53,9.9,4.84,Eldorado do Sul,RS,Sul,-30.0,-51.61
2022,45,0.04,0.54,0.52,31.56,53.33,1.56,29.92,13.29,Eldorado do Sul,RS,Sul,-30.0,-51.61
2022,46,0.04,0.54,0.51,34.85,56.43,1.56,29.28,13.22,Eldorado do Sul,RS,Sul,-30.0,-51.61
2022,47,0.01,0.54,0.5,35.58,61.96,1.93,29.14,13.18,Eldorado do Sul,RS,Sul,-30.0,-51.61
2022,48,0.01,0.53,0.5,34.61,65.38,2.23,24.62,11.13,Eldorado do Sul,RS,Sul,-30.0,-51.61
2022,49,0.45,0.53,0.5,30.88,67.91,2.31,25.94,11.82,Eldorado do Sul,RS,Sul,-30.0,-51.61
2022,50,0.06,0.53,0.49,34.43,62.2,2.05,27.85,12.65,Eldorado do Sul,RS,Sul,-30.0,-51.61
2022,51,1.21,0.53,0.48,36.91,62.21,1.05,21.88,9.89,Eldorado do Sul,RS,Sul,-30.0,-51.61
2022,52,5.73,0.54,0.55,33.45,69.97,1.32,15.03,6.89,Eldorado do Sul,RS,Sul,-30.0,-51.61
2022,53,1.54,0.54,0.52,35.36,64.04,1.29,16.78,7.83,Eldorado do Sul,RS,Sul,-30.0,-51.61
2022,54,0.11,0.53,0.5,34.55,63.68,1.6,22.12,10.12,Eldorado do Sul,RS,Sul,-30.0,-51.61
2022,55,0.15,0.53,0.49,35.96,65.22,1.96,26.79,12.1,Eldorado do Sul,RS,Sul,-30.0,-51.61
2022,56,3.3,0.53,0.5,36.21,72.54,1.3,22.78,10.62,Eldorado do Sul,RS,Sul,-30.0,-51.61
2022,57,0.49,0.53,0.49,37.28,68.65,1.81,24.92,11.57,Eldorado do Sul,RS,Sul,-30.0,-51.61
2022,58,8.46,0.53,0.53,38.82,67.5,1.53,20.93,9.79,Eldorado do Sul,RS,Sul,-30.0,-51.61
2022,59,4.94,0.54,0.54,37.75,68.3,1.58,11.22,5.41,Eldorado do Sul,RS,Sul,-30.0,-51.61
2022,60,0.15,0.55,0.55,30.8,69.99,2.06,10.96,5.29,Eldorado do Sul,RS,Sul,-30.0,-51.61
2022,61,0.02,0.54,0.52,35.4,64.88,1.08,20.61,9.5,Eldorado do Sul,RS,Sul,-30.0,-51.61
2022,62,0.13,0.54,0.51,36.61,63.8,1.5,25.71,11.67,Eldorado do Sul,RS,Sul,-30.0,-51.61
2022,63,0.09,0.53,0.49,38.15,64.4,1.34,24.36,11.21,Eldorado do Sul,RS,Sul,-30.0,-51.61
2022,64,5.13,0.53,0.51,38.76,67.25,1.15,22.6,10.57,Eldorado do Sul,RS,Sul,-30.0,-51.61
2022,65,7.46,0.54,0.57,35.33,76.79,1.14,13.75,6.58,Eldorado do Sul,RS,Sul,-30.0,-51.61
2022,66,18.68,0.57,0.65,35.76,80.36,1.72,17.7,8.35,Eldorado do Sul,RS,Sul,-30.0,-51.61
2022,67,5.1,0.58,0.6,30.84,70.22,1.34,18.12,8.44,Eldorado do Sul,RS,Sul,-30.0,-51.61
2022,68,2.79,0.57,0.57,32.58,77.62,2.0,18.75,8.81,Eldorado do Sul,RS,Sul,-30.0,-51.61
2022,69,5.58,0.57,0.6,29.83,84.29,1.27,15.26,7.27,Eldorado do Sul,RS,Sul,-30.0,-51.61
2022,70,19.09,0.59,0.68,23.42,83.67,2.15,6.26,3.27,Eldorado do Sul,RS,Sul,-30.0,-51.61
2022,71,0.31,0.59,0.6,25.47,73.69,2.01,14.02,6.58,Eldorado do Sul,RS,Sul,-30.0,-51.61
2022,72,1.26,0.58,0.59,23.66,80.33,2.19,7.49,3.8,Eldorado do Sul,RS,Sul,-30.0,-51.61
2022,73,1.54,0.58,0.58,26.66,82.19,1.97,8.79,4.34,Eldorado do Sul,RS,Sul,-30.0,-51.61
2022,74,0.3,0.57,0.57,27.59,80.46,2.45,13.06,6.16,Eldorado do Sul,RS,Sul,-30.0,-51.61
2022,75,0.35,0.57,0.56,29.76,76.11,2.12,12.63,6.08,Eldorado do Sul,RS,Sul,-30.0,-51.61
2022,76,0.0,0.56,0.55,30.13,73.51,0.97,23.41,10.9,Eldorado do Sul,RS,Sul,-30.0,-51.61
2022,77,1.08,0.56,0.55,35.51,70.84,1.39,18.11,8.46,Eldorado do Sul,RS,Sul,-30.0,-51.61
2022,78,3.84,0.56,0.56,26.25,73.36,2.35,7.41,3.58,Eldorado do Sul,RS,Sul,-30.0,-51.61
2022,79,0.36,0.56,0.54,24.53,67.47,2.57,10.75,5.08,Eldorado do Sul,RS,Sul,-30.0,-51.61
2022,80,0.03,0.55,0.54,27.16,68.38,3.0,20.01,9.13,Eldorado do Sul,RS,Sul,-30.0,-51.61
2022,81,0.01,0.55,0.53,31.69,68.75,1.78,21.77,9.94,Eldorado do Sul,RS,Sul,-30.0,-51.61
2022,82,30.6,0.57,0.66,25.78,87.06,1.44,8.4,4.2,Eldorado do Sul,RS,Sul,-30.0,-51.61
2022,83,9.51,0.61,0.69,29.64,84.13,1.78,8.65,4.3,Eldorado do Sul,RS,Sul,-30.0,-51.61
2022,84,0.17,0.6,0.61,24.14,64.62,2.6,17.07,7.77,Eldorado do Sul,RS,Sul,-30.0,-51.61
2022,85,0.02,0.59,0.59,25.05,74.99,2.25,9.8,4.64,Eldorado do Sul,RS,Sul,-30.0,-51.61
2022,86,0.02,0.58,0.58,28.05,70.63,1.3,22.47,10.16,Eldorado do Sul,RS,Sul,-30.0,-51.61
2022,87,0.01,0.57,0.57,29.52,67.93,1.3,23.02,10.3,Eldorado do Sul,RS,Sul,-30.0,-51.61
2022,88,0.15,0.57,0.56,33.21,75.73,1.51,22.05,10.09,Eldorado do Sul,RS,Sul,-30.0,-51.61
2022,89,30.25,0.6,0.7,22.99,80.12,1.99,5.11,2.64,Eldorado do Sul,RS,Sul,-30.0,-51.61
2022,90,0.02,0.61,0.62,20.55,65.15,1.37,23.17,10.12,Eldorado do Sul,RS,Sul,-30.0,-51.61
2022,91,0.3,0.6,0.61,21.85,74.17,1.45,18.85,8.43,Eldorado do Sul,RS,Sul,-30.0,-51.61
2022,92,0.01,0.59,0.6,25.31,78.52,1.85,20.51,9.31,Eldorado do Sul,RS,Sul,-30.0,-51.61
2022,93,16.92,0.6,0.68,23.3,91.75,1.25,5.04,2.62,Eldorado do Sul,RS,Sul,-30.0,-51.61
2022,94,38.5,0.66,0.78,24.54,92.82,1.27,7.5,3.66,Eldorado do Sul,RS,Sul,-30.0,-51.61
2022,95,0.9,0.65,0.68,24.75,85.96,1.23,14.14,6.54,Eldorado do Sul,RS,Sul,-30.0,-51.61
2022,96,0.04,0.64,0.66,25.94,84.87,1.49,19.73,8.94,Eldorado do Sul,RS,Sul,-30.0,-51.61
2022,97,0.26,0.63,0.65,22.81,92.08,0.83,5.22,2.67,Eldorado do Sul,RS,Sul,-30.0,-51.61
2022,98,4.79,0.63,0.67,23.2,92.37,1.98,7.68,3.74,Eldorado do Sul,RS,Sul,-30.0,-51.61
2022,99,0.59,0.62,0.64,25.82,87.58,1.67,10.81,5.11,Eldorado do Sul,RS,Sul,-30.0,-51.61
2022,100,0.66,0.62,0.64,26.47,87.97,1.85,17.48,8.0,Eldorado do Sul,RS,Sul,-30.0,-51.61
2022,101,1.68,0.61,0.64,24.76,90.0,1.11,5.95,3.0,Eldorado do Sul,RS,Sul,-30.0,-51.61
2022,102,3.33,0.61,0.65,26.05,87.17,1.03,7.83,3.87,Eldorado do Sul,RS,Sul,-30.0,-51.61
2022,103,0.38,0.61,0.64,24.27,83.73,1.65,6.91,3.39,Eldorado do Sul,RS,Sul,-30.0,-51.61
2022,104,0.4,0.61,0.62,21.22,72.53,1.82,17.28,7.73,Eldorado do Sul,RS,Sul,-30.0,-51.61
2022,105,0.23,0.6,0.62,20.72,80.1,1.56,14.1,6.39,Eldorado do Sul,RS,Sul,-30.0,-51.61
2022,106,0.05,0.6,0.61,22.43,74.23,1.43,14.9,6.79,Eldorado do Sul,RS,Sul,-30.0,-51.61
2022,107,0.04,0.6,0.61,23.09,81.01,1.31,15.74,7.17,Eldorado do Sul,RS,Sul,-30.0,-51.61
2022,108,0.01,0.59,0.6,25.17,79.01,1.44,16.6,7.56,Eldorado do Sul,RS,Sul,-30.0,-51.61
2022,109,0.03,0.59,0.6,26.45,78.87,0.85,18.4,8.35,Eldorado do Sul,RS,Sul,-30.0,-51.61
2022,110,0.06,0.59,0.59,26.01,79.43,1.18,18.6,8.31,Eldorado do Sul,RS,Sul,-30.0,-51.61
2022,111,0.09,0.58,0.59,26.1,81.42,0.94,15.45,7.04,Eldorado do Sul,RS,Sul,-30.0,-51.61
2022,112,1.18,0.58,0.59,27.85,76.67,1.16,13.61,6.23,Eldorado do Sul,RS,Sul,-30.0,-51.61
2022,113,2.52,0.58,0.6,21.22,74.06,2.33,15.03,6.7,Eldorado do Sul,RS,Sul,-30.0,-51.61
2022,114,0.02,0.58,0.58,26.16,70.84,1.26,18.71,8.21,Eldorado do Sul,RS,Sul,-30.0,-51.61
2022,115,6.9,0.58,0.6,30.56,77.92,1.44,9.61,4.6,Eldorado do Sul,RS,Sul,-30.0,-51.61
2022,116,26.63,0.62,0.73,24.3,94.64,1.15,4.49,2.34,Eldorado do Sul,RS,Sul,-30.0,-51.61
2022,117,2.41,0.63,0.65,31.65,85.25,1.87,15.98,7.42,Eldorado do Sul,RS,Sul,-30.0,-51.61
2022,118,30.33,0.64,0.74,20.84,91.13,2.04,4.7,2.31,Eldorado do Sul,RS,Sul,-30.0,-51.61
2022,119,0.25,0.66,0.68,19.95,81.29,1.34,14.59,6.52,Eldorado do Sul,RS,Sul,-30.0,-51.61
2022,120,4.26,0.64,0.67,19.76,85.33,1.63,8.8,4.19,Eldorado do Sul,RS,Sul,-30.0,-51.61
2022,121,8.74,0.66,0.72,20.1,89.33,0.79,5.25,2.65,Eldorado do Sul,RS,Sul,-30.0,-51.61
2022,122,24.17,0.66,0.75,16.19,91.74,2.04,1.92,1.04,Eldorado do Sul,RS,Sul,-30.0,-51.61
2022,123,13.66,0.7,0.77,17.54,94.91,2.46,3.48,1.8,Eldorado do Sul,RS,Sul,-30.0,-51.61
2022,124,10.44,0.7,0.76,21.46,89.75,2.52,6.3,3.09,Eldorado do Sul,RS,Sul,-30.0,-51.61
2022,125,0.43,0.69,0.72,20.94,84.79,1.27,12.89,5.85,Eldorado do Sul,RS,Sul,-30.0,-51.61
2022,126,0.08,0.68,0.7,20.81,83.48,0.96,14.48,6.47,Eldorado do Sul,RS,Sul,-30.0,-51.61
2022,127,0.05,0.67,0.69,21.15,86.88,1.23,12.82,5.78,Eldorado do Sul,RS,Sul,-30.0,-51.61
2022,128,0.14,0.66,0.69,21.54,86.15,1.11,16.54,7.29,Eldorado do Sul,RS,Sul,-30.0,-51.61
2022,129,0.1,0.66,0.68,22.85,86.48,0.99,15.02,6.76,Eldorado do Sul,RS,Sul,-30.0,-51.61
2022,130,8.4,0.66,0.71,20.6,92.95,0.83,2.72,1.43,Eldorado do Sul,RS,Sul,-30.0,-51.61
2022,131,6.46,0.68,0.73,20.1,89.83,1.48,6.21,2.98,Eldorado do Sul,RS,Sul,-30.0,-51.61
2022,132,0.12,0.67,0.7,19.18,82.42,1.09,13.17,5.96,Eldorado do Sul,RS,Sul,-30.0,-51.61
2022,133,0.08,0.67,0.69,19.65,85.78,1.21,14.22,6.36,Eldorado do Sul,RS,Sul,-30.0,-51.61
2022,134,11.06,0.67,0.72,17.76,93.95,0.86,5.16,2.53,Eldorado do Sul,RS,Sul,-30.0,-51.61
2022,135,4.34,0.69,0.73,18.51,91.94,1.53,2.81,1.45,Eldorado do Sul,RS,Sul,-30.0,-51.61
2022,136,0.24,0.68,0.71,14.78,81.92,2.71,14.13,6.14,Eldorado do Sul,RS,Sul,-30.0,-51.61
2022,137,12.81,0.68,0.74,12.94,84.55,4.93,8.94,4.12,Eldorado do Sul,RS,Sul,-30.0,-51.61
2022,138,6.0,0.7,0.75,16.94,88.94,3.39,6.78,3.25,Eldorado do Sul,RS,Sul,-30.0,-51.61
2022,139,1.23,0.69,0.72,15.92,90.35,1.46,8.77,4.0,Eldorado do Sul,RS,Sul,-30.0,-51.61
2022,140,0.18,0.69,0.71,17.13,80.87,1.06,13.0,5.75,Eldorado do Sul,RS,Sul,-30.0,-51.61
2022,141,0.18,0.68,0.71,18.33,83.34,1.08,14.79,6.5,Eldorado do Sul,RS,Sul,-30.0,-51.61
2022,142,0.03,0.68,0.71,17.06,87.26,0.61,10.5,4.71,Eldorado do Sul,RS,Sul,-30.0,-51.61
2022,143,0.15,0.68,0.7,21.14,85.96,0.78,13.95,6.22,Eldorado do Sul,RS,Sul,-30.0,-51.61
2022,144,0.03,0.68,0.7,23.13,84.44,1.05,14.09,6.3,Eldorado do Sul,RS,Sul,-30.0,-51.61
2022,145,0.52,0.67,0.7,24.21,87.99,1.27,13.47,6.0,Eldorado do Sul,RS,Sul,-30.0,-51.61
2022,146,6.86,0.68,0.73,20.02,94.71,0.85,4.39,2.16,Eldorado do Sul,RS,Sul,-30.0,-51.61
2022,147,8.29,0.69,0.74,19.64,97.49,1.09,2.68,1.37,Eldorado do Sul,RS,Sul,-30.0,-51.61
2022,148,4.25,0.7,0.73,23.08,93.54,0.8,5.92,2.77,Eldorado do Sul,RS,Sul,-30.0,-51.61
2022,149,12.31,0.71,0.77,19.94,92.89,1.32,2.48,1.31,Eldorado do Sul,RS,Sul,-30.0,-51.61
2022,150,0.36,0.71,0.73,14.87,76.86,1.62,6.81,3.12,Eldorado do Sul,RS,Sul,-30.0,-51.61
2022,151,0.02,0.7,0.72,12.61,77.0,0.99,13.8,5.96,Eldorado do Sul,RS,Sul,-30.0,-51.61
2022,152,0.35,0.7,0.72,13.95,80.09,1.58,3.87,1.9,Eldorado do Sul,RS,Sul,-30.0,-51.61
2022,153,0.81,0.69,0.72,12.72,87.84,1.66,4.37,2.16,Eldorado do Sul,RS,Sul,-30.0,-51.61
2022,154,0.13,0.69,0.72,14.69,86.3,1.13,13.53,5.91,Eldorado do Sul,RS,Sul,-30.0,-51.61
2022,155,0.04,0.69,0.71,18.42,89.6,1.3,11.12,4.99,Eldorado do Sul,RS,Sul,-30.0,-51.61
2022,156,19.19,0.7,0.76,18.24,97.05,0.86,1.51,0.81,Eldorado do Sul,RS,Sul,-30.0,-51.61
2022,157,17.76,0.74,0.82,17.76,96.89,0.86,2.04,1.05,Eldorado do Sul,RS,Sul,-30.0,-51.61
2022,158,0.5,0.74,0.76,19.8,90.77,1.17,3.94,1.95,Eldorado do Sul,RS,Sul,-30.0,-51.61
2022,159,0.17,0.73,0.75,20.61,90.52,0.97,10.02,4.6,Eldorado do Sul,RS,Sul,-30.0,-51.61
2022,160,0.24,0.72,0.74,20.87,90.04,0.69,8.53,3.89,Eldorado do Sul,RS,Sul,-30.0,-51.61
2022,161,0.54,0.72,0.74,15.47,81.71,2.1,7.06,3.19,Eldorado do Sul,RS,Sul,-30.0,-51.61
2022,162,0.0,0.71,0.73,11.48,70.92,2.28,14.24,6.05,Eldorado do Sul,RS,Sul,-30.0,-51.61
2022,163,0.02,0.71,0.73,14.43,77.96,2.02,13.79,6.03,Eldorado do Sul,RS,Sul,-30.0,-51.61
2022,164,0.03,0.71,0.73,17.96,87.74,0.86,9.41,4.26,Eldorado do Sul,RS,Sul,-30.0,-51.61
2022,165,0.03,0.71,0.73,18.13,88.02,1.0,13.26,5.79,Eldorado do Sul,RS,Sul,-30.0,-51.61
2022,166,0.08,0.7,0.73,20.41,85.23,0.92,13.55,5.92,Eldorado do Sul,RS,Sul,-30.0,-51.61
2022,167,0.6,0.7,0.73,21.27,89.16,0.76,10.8,4.87,Eldorado do Sul,RS,Sul,-30.0,-51.61
2022,168,38.08,0.74,0.83,18.06,96.17,1.65,2.17,1.12,Eldorado do Sul,RS,Sul,-30.0,-51.61
2022,169,0.03,0.75,0.77,12.57,79.18,1.73,13.67,5.81,Eldorado do Sul,RS,Sul,-30.0,-51.61
2022,170,0.07,0.74,0.76,15.39,77.3,0.98,13.64,5.82,Eldorado do Sul,RS,Sul,-30.0,-51.61
2022,171,0.1,0.73,0.76,18.7,87.35,0.78,12.66,5.6,Eldorado do Sul,RS,Sul,-30.0,-51.61
2022,172,10.18,0.74,0.78,15.43,97.99,0.99,2.27,1.19,Eldorado do Sul,RS,Sul,-30.0,-51.61
2022,173,12.85,0.75,0.8,15.67,96.1,1.3,3.43,1.68,Eldorado do Sul,RS,Sul,-30.0,-51.61
2022,174,3.54,0.76,0.79,18.46,93.55,1.59,3.35,1.68,Eldorado do Sul,RS,Sul,-30.0,-51.61
2022,175,4.5,0.76,0.79,16.4,95.15,1.67,3.18,1.62,Eldorado do Sul,RS,Sul,-30.0,-51.61
2022,176,0.19,0.75,0.78,14.45,87.94,1.68,6.73,3.07,Eldorado do Sul,RS,Sul,-30.0,-51.61
2022,177,0.01,0.75,0.77,12.26,89.33,1.42,6.17,2.85,Eldorado do Sul,RS,Sul,-30.0,-51.61
2022,178,0.03,0.75,0.77,15.1,93.67,0.68,7.58,3.49,Eldorado do Sul,RS,Sul,-30.0,-51.61
2022,179,9.65,0.75,0.79,19.19,96.36,1.34,9.45,4.36,Eldorado do Sul,RS,Sul,-30.0,-51.61
2022,180,0.93,0.76,0.79,14.99,85.62,2.27,11.21,4.99,Eldorado do Sul,RS,Sul,-30.0,-51.61
2022,181,0.03,0.75,0.77,16.94,85.09,1.19,13.48,5.89,Eldorado do Sul,RS,Sul,-30.0,-51.61
2022,182,0.1,0.75,0.77,18.69,89.29,1.39,13.0,5.7,Eldorado do Sul,RS,Sul,-30.0,-51.61
2022,183,0.1,0.75,0.77,22.97,87.93,1.94,8.77,4.02,Eldorado do Sul,RS,Sul,-30.0,-51.61
2022,184,2.23,0.75,0.77,16.86,93.02,2.16,4.05,2.01,Eldorado do Sul,RS,Sul,-30.0,-51.61
2022,185,1.31,0.75,0.77,19.78,95.64,0.77,9.51,4.42,Eldorado do Sul,RS,Sul,-30.0,-51.61
2022,186,0.02,0.75,0.77,24.92,88.97,0.93,9.28,4.27,Eldorado do Sul,RS,Sul,-30.0,-51.61
2022,187,0.06,0.74,0.77,24.22,89.9,1.21,8.17,3.81,Eldorado do Sul,RS,Sul,-30.0,-51.61
2022,188,8.45,0.74,0.79,21.05,91.56,1.28,6.02,2.84,Eldorado do Sul,RS,Sul,-30.0,-51.61
2022,189,0.54,0.76,0.78,15.94,89.05,1.51,2.91,1.51,Eldorado do Sul,RS,Sul,-30.0,-51.61
2022,190,0.2,0.75,0.77,23.77,92.36,1.19,11.77,5.37,Eldorado do Sul,RS,Sul,-30.0,-51.61
2022,191,0.01,0.75,0.77,25.94,89.42,1.33,7.88,3.61,Eldorado do Sul,RS,Sul,-30.0,-51.61
2022,192,24.17,0.75,0.79,26.08,83.29,2.55,9.82,4.53,Eldorado do Sul,RS,Sul,-30.0,-51.61
2022,193,0.38,0.77,0.8,14.92,81.79,2.09,7.46,3.42,Eldorado do Sul,RS,Sul,-30.0,-51.61
2022,194,0.09,0.76,0.78,15.91,87.21,1.48,13.57,5.95,Eldorado do Sul,RS,Sul,-30.0,-51.61
2022,195,34.78,0.79,0.86,18.11,96.63,1.44,2.36,1.25,Eldorado do Sul,RS,Sul,-30.0,-51.61
2022,196,7.66,0.8,0.83,21.76,92.26,1.33,3.08,1.54,Eldorado do Sul,RS,Sul,-30.0,-51.61
2022,197,24.04,0.81,0.86,23.36,92.95,2.3,5.15,2.51,Eldorado do Sul,RS,Sul,-30.0,-51.61
2022,198,0.85,0.81,0.82,14.2,80.42,2.48,6.99,3.19,Eldorado do Sul,RS,Sul,-30.0,-51.61
2022,199,0.03,0.8,0.81,17.77,86.75,0.86,14.13,6.18,Eldorado do Sul,RS,Sul,-30.0,-51.61
2022,200,0.06,0.8,0.81,17.21,89.07,1.29,4.08,2.01,Eldorado do Sul,RS,Sul,-30.0,-51.61
2022,201,0.11,0.79,0.81,21.94,91.18,1.0,12.93,5.89,Eldorado do Sul,RS,Sul,-30.0,-51.61
2022,202,0.04,0.79,0.81,22.6,95.26,1.18,10.3,4.79,Eldorado do Sul,RS,Sul,-30.0,-51.61
2022,203,3.41,0.79,0.81,26.12,87.04,0.65,6.64,3.18,Eldorado do Sul,RS,Sul,-30.0,-51.61
2022,204,5.9,0.8,0.83,24.01,91.02,1.0,8.3,3.86,Eldorado do Sul,RS,Sul,-30.0,-51.61
2022,205,0.55,0.8,0.81,22.85,94.1,0.77,9.97,4.59,Eldorado do Sul,RS,Sul,-30.0,-51.61
2022,206,0.06,0.79,0.81,25.82,90.87,1.11,13.45,6.06,Eldorado do Sul,RS,Sul,-30.0,-51.61
2022,207,0.05,0.79,0.8,25.0,89.23,0.89,12.97,5.85,Eldorado do Sul,RS,Sul,-30.0,-51.61
2022,208,0.1,0.79,0.8,24.94,87.62,0.94,12.54,5.56,Eldorado do Sul,RS,Sul,-30.0,-51.61
2022,209,28.19,0.8,0.86,23.39,93.76,2.09,6.11,2.88,Eldorado do Sul,RS,Sul,-30.0,-51.61
2022,210,0.28,0.82,0.83,15.92,81.72,2.52,7.83,3.55,Eldorado do Sul,RS,Sul,-30.0,-51.61
2022,211,0.02,0.81,0.82,17.38,82.36,0.9,14.24,6.22,Eldorado do Sul,RS,Sul,-30.0,-51.61
2022,212,0.08,0.8,0.82,20.47,84.37,0.77,14.78,6.47,Eldorado do Sul,RS,Sul,-30.0,-51.61
2022,213,0.1,0.8,0.81,20.77,83.86,0.68,13.09,5.82,Eldorado do Sul,RS,Sul,-30.0,-51.61
2022,214,1.16,0.8,0.81,19.93,90.06,1.43,9.3,4.28,Eldorado do Sul,RS,Sul,-30.0,-51.61
2022,215,3.97,0.8,0.82,24.12,91.47,1.39,11.61,5.25,Eldorado do Sul,RS,Sul,-30.0,-51.61
2022,216,15.17,0.81,0.85,22.58,93.35,1.73,8.11,3.76,Eldorado do Sul,RS,Sul,-30.0,-51.61
2022,217,2.16,0.82,0.83,16.59,85.28,1.73,11.95,5.33,Eldorado do Sul,RS,Sul,-30.0,-51.61
2022,218,1.03,0.81,0.82,13.44,89.0,1.65,10.28,4.58,Eldorado do Sul,RS,Sul,-30.0,-51.61
2022,219,1.16,0.81,0.82,18.11,89.82,2.61,7.41,3.47,Eldorado do Sul,RS,Sul,-30.0,-51.61
2022,220,2.45,0.81,0.82,16.1,92.05,3.33,4.78,2.35,Eldorado do Sul,RS,Sul,-30.0,-51.61
2022,221,24.42,0.82,0.87,14.82,91.82,3.27,3.26,1.7,Eldorado do Sul,RS,Sul,-30.0,-51.61
2022,222,3.16,0.84,0.85,16.64,86.36,2.39,9.15,4.2,Eldorado do Sul,RS,Sul,-30.0,-51.61
2022,223,1.62,0.83,0.84,18.09,88.26,1.27,14.33,6.4,Eldorado do Sul,RS,Sul,-30.0,-51.61
2022,224,0.09,0.83,0.83,21.04,87.45,1.44,16.03,7.07,Eldorado do Sul,RS,Sul,-30.0,-51.61
2022,225,0.01,0.82,0.83,22.24,86.34,1.06,8.14,3.84,Eldorado do Sul,RS,Sul,-30.0,-51.61
2022,226,0.56,0.82,0.83,24.14,86.89,1.08,12.0,5.45,Eldorado do Sul,RS,Sul,-30.0,-51.61
2022,227,25.98,0.83,0.87,24.49,89.91,1.79,8.13,3.82,Eldorado do Sul,RS,Sul,-30.0,-51.61
2022,228,1.08,0.84,0.85,16.83,86.16,1.16,5.68,2.77,Eldorado do Sul,RS,Sul,-30.0,-51.61
2022,229,0.09,0.84,0.84,22.87,86.09,0.88,14.16,6.31,Eldorado do Sul,RS,Sul,-30.0,-51.61
2022,230,14.27,0.84,0.87,16.58,80.6,2.73,6.42,3.01,Eldorado do Sul,RS,Sul,-30.0,-51.61
2022,231,0.06,0.84,0.84,13.92,72.02,1.24,18.13,7.77,Eldorado do Sul,RS,Sul,-30.0,-51.61
2022,232,1.06,0.84,0.84,15.74,82.7,1.46,19.17,8.24,Eldorado do Sul,RS,Sul,-30.0,-51.61
2022,233,0.0,0.83,0.84,19.03,84.29,0.83,18.87,8.19,Eldorado do Sul,RS,Sul,-30.0,-51.61
2022,234,0.02,0.83,0.83,19.2,86.38,1.14,12.67,5.64,Eldorado do Sul,RS,Sul,-30.0,-51.61
2022,235,0.02,0.83,0.83,21.84,85.28,1.07,16.93,7.48,Eldorado do Sul,RS,Sul,-30.0,-51.61
2022,236,0.08,0.82,0.83,23.38,82.76,0.79,17.58,7.95,Eldorado do Sul,RS,Sul,-30.0,-51.61
2022,237,0.07,0.82,0.83,25.78,80.89,0.98,17.69,7.94,Eldorado do Sul,RS,Sul,-30.0,-51.61
2022,238,0.05,0.82,0.82,24.02,86.18,1.18,16.72,7.49,Eldorado do Sul,RS,Sul,-30.0,-51.61
2022,239,2.87,0.81,0.82,27.4,84.77,1.86,18.46,8.22,Eldorado do Sul,RS,Sul,-30.0,-51.61
2022,240,13.71,0.83,0.86,14.85,78.44,2.32,5.65,2.72,Eldorado do Sul,RS,Sul,-30.0,-51.61
2022,241,0.03,0.83,0.83,14.04,83.27,1.72,15.78,6.98,Eldorado do Sul,RS,Sul,-30.0,-51.61
2022,242,0.03,0.82,0.83,18.75,86.58,1.84,19.84,8.75,Eldorado do Sul,RS,Sul,-30.0,-51.61
2022,243,0.06,0.82,0.82,20.1,84.64,1.17,20.63,9.0,Eldorado do Sul,RS,Sul,-30.0,-51.61
2022,244,0.36,0.81,0.82,24.85,86.96,1.3,19.22,8.6,Eldorado do Sul,RS,Sul,-30.0,-51.61
2022,245,11.97,0.82,0.85,19.83,90.46,1.72,4.05,2.1,Eldorado do Sul,RS,Sul,-30.0,-51.61
2022,246,0.06,0.82,0.83,16.44,81.1,1.61,20.05,8.66,Eldorado do Sul,RS,Sul,-30.0,-51.61
2022,247,0.05,0.82,0.82,18.01,80.82,1.36,21.24,9.18,Eldorado do Sul,RS,Sul,-30.0,-51.61
2022,248,0.12,0.81,0.82,19.96,85.61,1.89,19.38,8.5,Eldorado do Sul,RS,Sul,-30.0,-51.61
2022,249,0.47,0.81,0.82,21.65,87.26,1.27,8.92,4.17,Eldorado do Sul,RS,Sul,-30.0,-51.61
2022,250,0.75,0.81,0.82,23.97,84.44,0.97,13.98,6.35,Eldorado do Sul,RS,Sul,-30.0,-51.61
2022,251,0.2,0.8,0.81,26.48,85.17,1.13,17.01,7.58,Eldorado do Sul,RS,Sul,-30.0,-51.61
2022,252,19.16,0.81,0.86,27.37,90.47,2.31,8.1,3.26,Eldorado do Sul,RS,Sul,-30.0,-51.61
2022,253,0.65,0.82,0.83,16.47,72.6,2.12,22.39,9.69,Eldorado do Sul,RS,Sul,-30.0,-51.61
2022,254,0.01,0.81,0.82,18.05,78.37,1.68,21.37,9.3,Eldorado do Sul,RS,Sul,-30.0,-51.61
2022,255,0.04,0.81,0.82,21.78,87.73,1.11,10.28,4.73,Eldorado do Sul,RS,Sul,-30.0,-51.61
2022,256,0.01,0.8,0.81,21.64,83.16,1.62,16.12,7.22,Eldorado do Sul,RS,Sul,-30.0,-51.61
2022,257,2.44,0.8,0.82,19.87,86.91,1.7,12.95,5.95,Eldorado do Sul,RS,Sul,-30.0,-51.61
2022,258,2.15,0.8,0.82,19.6,87.11,2.19,10.55,5.07,Eldorado do Sul,RS,Sul,-30.0,-51.61
2022,259,0.07,0.8,0.81,21.75,84.96,2.62,20.2,9.12,Eldorado do Sul,RS,Sul,-30.0,-51.61
2022,260,0.01,0.79,0.8,21.92,81.96,2.39,23.55,10.34,Eldorado do Sul,RS,Sul,-30.0,-51.61
2022,261,0.85,0.79,0.8,21.89,83.04,1.62,23.35,10.25,Eldorado do Sul,RS,Sul,-30.0,-51.61
2022,262,20.77,0.8,0.84,19.32,93.94,0.88,2.49,1.35,Eldorado do Sul,RS,Sul,-30.0,-51.61
2022,263,0.43,0.81,0.82,22.87,85.89,1.43,17.03,7.71,Eldorado do Sul,RS,Sul,-30.0,-51.61
2022,264,5.11,0.81,0.82,20.74,85.08,2.29,12.35,5.77,Eldorado do Sul,RS,Sul,-30.0,-51.61
2022,265,6.23,0.81,0.84,16.5,88.46,2.72,12.11,5.65,Eldorado do Sul,RS,Sul,-30.0,-51.61
2022,266,0.03,0.81,0.82,18.7,75.98,2.31,24.0,10.42,Eldorado do Sul,RS,Sul,-30.0,-51.61
2022,267,0.03,0.8,0.81,20.36,76.24,1.22,24.6,10.73,Eldorado do Sul,RS,Sul,-30.0,-51.61
2022,268,0.02,0.79,0.81,20.61,87.67,1.8,14.13,6.64,Eldorado do Sul,RS,Sul,-30.0,-51.61
2022,269,0.08,0.79,0.8,24.64,82.55,1.09,16.25,7.42,Eldorado do Sul,RS,Sul,-30.0,-51.61
2022,270,0.08,0.79,0.8,24.37,80.48,1.53,19.57,8.84,Eldorado do Sul,RS,Sul,-30.0,-51.61
2022,271,0.0,0.78,0.79,19.34,82.95,2.5,13.77,6.42,Eldorado do Sul,RS,Sul,-30.0,-51.61
2022,272,0.33,0.78,0.79,19.22,77.38,2.46,15.27,7.0,Eldorado do Sul,RS,Sul,-30.0,-51.61
2022,273,7.08,0.78,0.81,22.3,86.43,1.61,8.74,4.32,Eldorado do Sul,RS,Sul,-30.0,-51.61
2022,274,0.19,0.78,0.8,22.22,86.12,1.36,14.9,6.9,Eldorado do Sul,RS,Sul,-30.0,-51.61
2022,275,0.11,0.78,0.79,21.89,83.92,1.16,15.57,7.16,Eldorado do Sul,RS,Sul,-30.0,-51.61
2022,276,0.03,0.77,0.79,22.2,80.42,1.39,21.47,9.57,Eldorado do Sul,RS,Sul,-30.0,-51.61
2022,277,0.01,0.77,0.78,20.13,80.77,1.45,25.9,11.27,Eldorado do Sul,RS,Sul,-30.0,-51.61
2022,278,0.17,0.76,0.78,24.09,82.88,2.3,25.11,11.18,Eldorado do Sul,RS,Sul,-30.0,-51.61
2022,279,12.08,0.77,0.82,24.36,94.78,1.89,8.47,4.28,Eldorado do Sul,RS,Sul,-30.0,-51.61
2022,280,3.95,0.78,0.8,22.26,78.75,2.93,16.94,7.74,Eldorado do Sul,RS,Sul,-30.0,-51.61
2022,281,0.02,0.77,0.78,25.25,78.56,1.66,26.05,11.54,Eldorado do Sul,RS,Sul,-30.0,-51.61
2022,282,0.33,0.76,0.78,18.13,70.0,1.99,11.47,5.44,Eldorado do Sul,RS,Sul,-30.0,-51.61
2022,283,4.03,0.76,0.78,18.17,79.57,2.97,7.98,4.0,Eldorado do Sul,RS,Sul,-30.0,-51.61
2022,284,7.94,0.77,0.81,23.55,88.7,1.93,6.41,3.3,Eldorado do Sul,RS,Sul,-30.0,-51.61
2022,285,0.71,0.77,0.79,21.4,82.68,1.59,12.35,5.86,Eldorado do Sul,RS,Sul,-30.0,-51.61
2022,286,0.17,0.76,0.78,25.21,79.51,1.62,22.92,10.32,Eldorado do Sul,RS,Sul,-30.0,-51.61
2022,287,0.18,0.76,0.77,20.59,76.71,2.96,6.71,3.34,Eldorado do Sul,RS,Sul,-30.0,-51.61
2022,288,2.46,0.75,0.77,21.27,84.0,3.26,15.75,7.31,Eldorado do Sul,RS,Sul,-30.0,-51.61
2022,289,2.3,0.75,0.78,25.79,84.82,1.53,18.66,8.65,Eldorado do Sul,RS,Sul,-30.0,-51.61
2022,290,0.28,0.75,0.76,23.85,84.4,2.12,21.04,9.54,Eldorado do Sul,RS,Sul,-30.0,-51.61
2022,291,0.71,0.74,0.76,22.26,87.63,3.51,10.22,5.09,Eldorado do Sul,RS,Sul,-30.0,-51.61
2022,292,0.21,0.74,0.76,25.83,84.68,1.78,17.52,8.11,Eldorado do Sul,RS,Sul,-30.0,-51.61
2022,293,2.94,0.73,0.76,25.86,88.43,1.85,12.56,6.07,Eldorado do Sul,RS,Sul,-30.0,-51.61
2022,294,5.43,0.74,0.77,25.38,85.25,2.54,17.62,8.29,Eldorado do Sul,RS,Sul,-30.0,-51.61
2022,295,0.52,0.74,0.76,25.04,79.33,0.96,16.91,7.91,Eldorado do Sul,RS,Sul,-30.0,-51.61
2022,296,0.05,0.73,0.75,23.22,79.12,1.79,24.16,10.89,Eldorado do Sul,RS,Sul,-30.0,-51.61
2022,297,0.0,0.72,0.74,24.0,81.74,1.74,25.37,11.32,Eldorado do Sul,RS,Sul,-30.0,-51.61
2022,298,0.0,0.71,0.73,25.85,82.2,2.15,28.65,12.78,Eldorado do Sul,RS,Sul,-30.0,-51.61
2022,299,0.56,0.71,0.73,30.94,80.84,1.69,24.18,11.01,Eldorado do Sul,RS,Sul,-30.0,-51.61
2022,300,4.05,0.71,0.74,26.49,77.0,2.22,25.34,11.57,Eldorado do Sul,RS,Sul,-30.0,-51.61
2022,301,0.0,0.7,0.72,27.7,68.72,1.01,29.55,13.03,Eldorado do Sul,RS,Sul,-30.0,-51.61
2022,302,1.75,0.69,0.72,30.93,85.17,1.23,17.95,8.51,Eldorado do Sul,RS,Sul,-30.0,-51.61
2022,303,4.97,0.69,0.73,29.33,87.72,2.06,19.1,9.12,Eldorado do Sul,RS,Sul,-30.0,-51.61
2022,304,32.63,0.73,0.83,16.36,82.17,3.27,3.95,2.14,Eldorado do Sul,RS,Sul,-30.0,-51.61
2022,305,0.66,0.74,0.76,18.66,71.8,2.06,24.68,10.85,Eldorado do Sul,RS,Sul,-30.0,-51.61
2022,306,0.0,0.73,0.75,20.68,71.15,1.22,30.73,13.4,Eldorado do Sul,RS,Sul,-30.0,-51.61
2022,307,0.06,0.72,0.74,23.43,71.21,1.29,30.78,13.42,Eldorado do Sul,RS,Sul,-30.0,-51.61
2022,308,0.01,0.71,0.73,21.91,73.05,2.32,23.56,10.58,Eldorado do Sul,RS,Sul,-30.0,-51.61
2022,309,0.0,0.7,0.72,22.61,79.69,2.48,26.86,12.03,Eldorado do Sul,RS,Sul,-30.0,-51.61
2022,310,0.49,0.69,0.71,21.74,80.31,2.59,27.31,12.37,Eldorado do Sul,RS,Sul,-30.0,-51.61
2022,311,4.04,0.69,0.72,21.06,80.59,2.57,20.04,9.34,Eldorado do Sul,RS,Sul,-30.0,-51.61
2022,312,6.45,0.7,0.74,19.81,86.2,1.86,23.88,11.02,Eldorado do Sul,RS,Sul,-30.0,-51.61
2022,313,1.18,0.7,0.72,23.38,82.98,1.81,23.09,10.63,Eldorado do Sul,RS,Sul,-30.0,-51.61
2022,314,0.04,0.69,0.71,25.85,81.1,1.87,29.16,13.06,Eldorado do Sul,RS,Sul,-30.0,-51.61
2022,315,0.12,0.68,0.7,25.74,84.52,1.92,11.15,5.47,Eldorado do Sul,RS,Sul,-30.0,-51.61
2022,316,0.48,0.68,0.71,24.92,89.32,0.95,22.82,10.73,Eldorado do Sul,RS,Sul,-30.0,-51.61
2022,317,13.7,0.69,0.75,27.58,89.83,1.22,8.68,4.4,Eldorado do Sul,RS,Sul,-30.0,-51.61
2022,318,3.45,0.7,0.73,26.51,78.75,2.81,24.12,11.17,Eldorado do Sul,RS,Sul,-30.0,-51.61
2022,319,0.26,0.69,0.71,26.18,70.89,2.61,29.54,13.28,Eldorado do Sul,RS,Sul,-30.0,-51.61
2022,320,0.0,0.68,0.7,28.37,69.61,1.3,31.89,14.12,Eldorado do Sul,RS,Sul,-30.0,-51.61
2022,321,0.0,0.67,0.68,28.78,69.21,1.43,31.12,13.94,Eldorado do Sul,RS,Sul,-30.0,-51.61
2022,322,0.0,0.66,0.67,28.93,74.37,1.71,30.95,13.98,Eldorado do Sul,RS,Sul,-30.0,-51.61
2022,323,0.0,0.65,0.66,29.83,74.86,1.59,30.6,13.86,Eldorado do Sul,RS,Sul,-30.0,-51.61
2022,324,0.0,0.64,0.65,31.44,74.15,1.64,28.43,12.94,Eldorado do Sul,RS,Sul,-30.0,-51.61
2022,325,0.87,0.64,0.65,28.94,80.31,1.17,13.8,6.73,Eldorado do Sul,RS,Sul,-30.0,-51.61
2022,326,26.17,0.66,0.76,27.38,84.63,1.73,11.35,5.71,Eldorado do Sul,RS,Sul,-30.0,-51.61
2022,327,1.59,0.68,0.71,25.41,79.31,1.3,24.42,11.22,Eldorado do Sul,RS,Sul,-30.0,-51.61
2022,328,0.01,0.67,0.68,27.64,74.92,1.35,31.08,13.97,Eldorado do Sul,RS,Sul,-30.0,-51.61
2022,329,0.0,0.65,0.67,27.21,75.61,1.83,32.2,14.47,Eldorado do Sul,RS,Sul,-30.0,-51.61
2022,330,0.03,0.64,0.66,28.19,81.29,2.92,22.67,10.6,Eldorado do Sul,RS,Sul,-30.0,-51.61
2022,331,0.01,0.64,0.65,28.63,78.33,3.82,23.89,11.12,Eldorado do Sul,RS,Sul,-30.0,-51.61
2022,332,0.1,0.63,0.64,27.65,77.43,3.34,25.89,11.91,Eldorado do Sul,RS,Sul,-30.0,-51.61
2022,333,0.19,0.62,0.63,28.78,78.71,3.01,25.21,11.71,Eldorado do Sul,RS,Sul,-30.0,-51.61
2022,334,0.13,0.62,0.62,30.1,79.07,2.73,22.7,10.63,Eldorado do Sul,RS,Sul,-30.0,-51.61
2022,335,2.46,0.61,0.63,30.89,79.6,1.5,24.29,11.44,Eldorado do Sul,RS,Sul,-30.0,-51.61
2022,336,2.56,0.61,0.62,34.7,72.62,1.29,28.55,13.11,Eldorado do Sul,RS,Sul,-30.0,-51.61
2022,337,4.87,0.61,0.64,30.74,80.83,1.43,16.29,7.88,Eldorado do Sul,RS,Sul,-30.0,-51.61
2022,338,16.6,0.62,0.69,29.87,84.19,1.57,10.57,5.37,Eldorado do Sul,RS,Sul,-30.0,-51.61
2022,339,1.3,0.64,0.66,30.43,78.31,2.16,18.45,8.86,Eldorado do Sul,RS,Sul,-30.0,-51.61
2022,340,0.03,0.62,0.63,32.49,76.71,1.47,26.28,12.19,Eldorado do Sul,RS,Sul,-30.0,-51.61
2022,341,0.01,0.61,0.61,31.66,74.04,1.58,27.16,12.33,Eldorado do Sul,RS,Sul,-30.0,-51.61
2022,342,0.03,0.6,0.6,35.43,70.51,1.36,30.87,14.19,Eldorado do Sul,RS,Sul,-30.0,-51.61
2022,343,0.01,0.6,0.59,33.75,71.74,1.63,31.92,14.45,Eldorado do Sul,RS,Sul,-30.0,-51.61
2022,344,0.07,0.59,0.58,35.68,69.82,1.79,23.23,10.81,Eldorado do Sul,RS,Sul,-30.0,-51.61
2022,345,0.12,0.58,0.57,34.71,71.1,1.61,28.49,13.08,Eldorado do Sul,RS,Sul,-30.0,-51.61
2022,346,11.36,0.58,0.61,35.57,67.66,2.21,22.71,10.62,Eldorado do Sul,RS,Sul,-30.0,-51.61
2022,347,2.49,0.6,0.63,28.5,63.65,2.0,31.5,14.09,Eldorado do Sul,RS,Sul,-30.0,-51.61
2022,348,0.0,0.59,0.58,28.96,62.73,1.38,33.35,14.85,Eldorado do Sul,RS,Sul,-30.0,-51.61
2022,349,0.11,0.58,0.57,33.5,64.48,1.96,27.61,12.69,Eldorado do Sul,RS,Sul,-30.0,-51.61
2022,350,0.74,0.58,0.57,28.58,63.94,2.39,23.36,10.81,Eldorado do Sul,RS,Sul,-30.0,-51.61
2022,351,0.06,0.57,0.56,28.16,59.58,2.83,30.6,13.73,Eldorado do Sul,RS,Sul,-30.0,-51.61
2022,352,2.33,0.57,0.57,26.55,74.23,3.9,9.65,4.91,Eldorado do Sul,RS,Sul,-30.0,-51.61
2022,353,5.29,0.58,0.6,24.53,81.02,3.54,20.47,9.69,Eldorado do Sul,RS,Sul,-30.0,-51.61
2022,354,1.0,0.58,0.58,26.89,79.17,3.41,25.03,11.71,Eldorado do Sul,RS,Sul,-30.0,-51.61
2022,355,0.05,0.58,0.57,29.57,70.65,2.99,28.84,13.23,Eldorado do Sul,RS,Sul,-30.0,-51.61
2022,356,0.0,0.57,0.56,30.71,67.36,2.54,31.96,14.49,Eldorado do Sul,RS,Sul,-30.0,-51.61
2022,357,0.0,0.57,0.55,33.41,64.28,1.75,31.81,14.49,Eldorado do Sul,RS,Sul,-30.0,-51.61
2022,358,0.0,0.56,0.54,36.02,60.92,1.75,30.67,13.9,Eldorado do Sul,RS,Sul,-30.0,-51.61
2022,359,0.94,0.56,0.55,31.38,74.92,1.58,19.9,9.41,Eldorado do Sul,RS,Sul,-30.0,-51.61
2022,360,0.6,0.56,0.55,28.73,70.5,2.12,15.37,7.37,Eldorado do Sul,RS,Sul,-30.0,-51.61
2022,361,3.13,0.56,0.55,30.6,65.94,2.0,20.66,9.82,Eldorado do Sul,RS,Sul,-30.0,-51.61
2022,362,10.25,0.57,0.62,29.51,71.32,1.62,19.18,9.01,Eldorado do Sul,RS,Sul,-30.0,-51.61
2022,363,0.03,0.57,0.56,30.47,60.16,1.73,30.29,13.67,Eldorado do Sul,RS,Sul,-30.0,-51.61
2022,364,0.0,0.57,0.55,33.32,59.3,0.97,32.17,14.47,Eldorado do Sul,RS,Sul,-30.0,-51.61
2022,365,0.0,0.56,0.54,37.04,58.1,1.16,31.43,14.26,Eldorado do Sul,RS,Sul,-30.0,-51.61
2023,1,0.16,0.55,0.52,38.8,62.35,1.57,28.85,13.37,Eldorado do Sul,RS,Sul,-30.0,-51.61
2023,2,4.57,0.55,0.55,35.23,69.6,1.87,19.34,9.26,Eldorado do Sul,RS,Sul,-30.0,-51.61
2023,3,0.13,0.55,0.53,33.54,57.44,1.94,25.32,11.62,Eldorado do Sul,RS,Sul,-30.0,-51.61
2023,4,0.0,0.55,0.52,34.54,53.04,1.3,31.44,14.12,Eldorado do Sul,RS,Sul,-30.0,-51.61
2023,5,0.0,0.54,0.5,34.47,55.81,1.89,32.23,14.53,Eldorado do Sul,RS,Sul,-30.0,-51.61
2023,6,0.0,0.54,0.49,32.27,61.27,2.89,32.46,14.53,Eldorado do Sul,RS,Sul,-30.0,-51.61
2023,7,0.0,0.54,0.48,31.9,64.14,3.07,30.57,13.84,Eldorado do Sul,RS,Sul,-30.0,-51.61
2023,8,0.01,0.54,0.48,31.74,64.25,2.69,29.96,13.6,Eldorado do Sul,RS,Sul,-30.0,-51.61
2023,9,0.07,0.54,0.47,33.71,63.97,2.33,28.85,13.2,Eldorado do Sul,RS,Sul,-30.0,-51.61
2023,10,4.05,0.54,0.49,33.48,66.02,1.41,18.55,8.79,Eldorado do Sul,RS,Sul,-30.0,-51.61
2023,11,0.21,0.54,0.49,36.94,59.2,1.03,30.67,13.91,Eldorado do Sul,RS,Sul,-30.0,-51.61
2023,12,0.14,0.54,0.47,38.0,54.95,1.53,24.92,11.46,Eldorado do Sul,RS,Sul,-30.0,-51.61
2023,13,10.67,0.54,0.54,30.06,75.71,1.47,16.11,7.74,Eldorado do Sul,RS,Sul,-30.0,-51.61
2023,14,0.36,0.55,0.55,31.22,69.24,1.88,17.63,8.36,Eldorado do Sul,RS,Sul,-30.0,-51.61
2023,15,0.46,0.55,0.53,31.58,64.47,2.42,12.67,6.26,Eldorado do Sul,RS,Sul,-30.0,-51.61
2023,16,0.39,0.54,0.52,34.53,69.63,2.3,24.45,11.55,Eldorado do Sul,RS,Sul,-30.0,-51.61
2023,17,0.04,0.54,0.51,34.66,70.1,2.62,27.4,12.82,Eldorado do Sul,RS,Sul,-30.0,-51.61
2023,18,0.17,0.54,0.49,32.96,70.71,3.13,18.43,8.78,Eldorado do Sul,RS,Sul,-30.0,-51.61
2023,19,0.36,0.54,0.48,33.68,70.62,2.78,22.54,10.55,Eldorado do Sul,RS,Sul,-30.0,-51.61
2023,20,0.09,0.53,0.47,35.4,65.77,2.24,27.81,12.87,Eldorado do Sul,RS,Sul,-30.0,-51.61
2023,21,12.52,0.54,0.55,37.97,65.29,1.41,21.09,9.88,Eldorado do Sul,RS,Sul,-30.0,-51.61
2023,22,8.11,0.56,0.59,35.64,64.11,1.55,24.66,11.49,Eldorado do Sul,RS,Sul,-30.0,-51.61
2023,23,2.04,0.55,0.54,35.68,59.46,1.19,21.83,10.24,Eldorado do Sul,RS,Sul,-30.0,-51.61
2023,24,2.18,0.55,0.54,37.01,61.15,1.33,29.2,13.28,Eldorado do Sul,RS,Sul,-30.0,-51.61
2023,25,0.01,0.55,0.52,38.01,62.22,1.76,27.98,12.87,Eldorado do Sul,RS,Sul,-30.0,-51.61
2023,26,5.48,0.54,0.54,38.1,67.0,1.86,23.01,10.85,Eldorado do Sul,RS,Sul,-30.0,-51.61
2023,27,0.94,0.55,0.54,38.58,64.36,1.03,27.53,12.82,Eldorado do Sul,RS,Sul,-30.0,-51.61
2023,28,8.79,0.54,0.55,38.86,67.08,0.89,20.85,9.87,Eldorado do Sul,RS,Sul,-30.0,-51.61
2023,29,0.77,0.55,0.56,33.54,70.08,1.91,21.32,10.01,Eldorado do Sul,RS,Sul,-30.0,-51.61
2023,30,0.61,0.55,0.53,34.47,64.0,0.92,26.35,12.12,Eldorado do Sul,RS,Sul,-30.0,-51.61
2023,31,3.64,0.55,0.54,35.83,64.99,0.84,22.31,10.5,Eldorado do Sul,RS,Sul,-30.0,-51.61
2023,32,1.24,0.55,0.53,36.83,64.96,1.53,26.62,12.28,Eldorado do Sul,RS,Sul,-30.0,-51.61
2023,33,0.42,0.54,0.51,35.46,66.29,2.12,22.07,10.31,Eldorado do Sul,RS,Sul,-30.0,-51.61
2023,34,8.0,0.55,0.56,33.01,71.83,1.94,10.87,5.34,Eldorado do Sul,RS,Sul,-30.0,-51.61
2023,35,1.17,0.55,0.54,31.7,65.73,2.42,21.57,10.08,Eldorado do Sul,RS,Sul,-30.0,-51.61
2023,36,0.27,0.54,0.52,31.45,62.36,2.01,28.86,13.1,Eldorado do Sul,RS,Sul,-30.0,-51.61
2023,37,0.01,0.54,0.51,34.6,60.37,1.05,26.72,12.3,Eldorado do Sul,RS,Sul,-30.0,-51.61
2023,38,0.0,0.53,0.49,35.35,58.36,1.53,27.7,12.66,Eldorado do Sul,RS,Sul,-30.0,-51.61
2023,39,0.41,0.53,0.47,38.35,60.89,1.58,28.21,12.81,Eldorado do Sul,RS,Sul,-30.0,-51.61
2023,40,1.42,0.53,0.47,34.64,68.13,1.47,14.28,6.81,Eldorado do Sul,RS,Sul,-30.0,-51.61
2023,41,0.13,0.53,0.46,36.79,60.84,2.09,26.1,12.0,Eldorado do Sul,RS,Sul,-30.0,-51.61
2023,42,0.01,0.53,0.43,38.24,59.01,1.72,29.46,13.26,Eldorado do Sul,RS,Sul,-30.0,-51.61
2023,43,0.01,0.52,0.41,39.32,56.48,1.53,29.58,13.25,Eldorado do Sul,RS,Sul,-30.0,-51.61
2023,44,0.01,0.52,0.39,40.51,54.66,1.35,27.97,12.75,Eldorado do Sul,RS,Sul,-30.0,-51.61
2023,45,27.33,0.54,0.54,37.43,65.0,1.87,20.37,9.61,Eldorado do Sul,RS,Sul,-30.0,-51.61
2023,46,2.48,0.57,0.59,31.46,74.01,1.51,13.17,6.36,Eldorado do Sul,RS,Sul,-30.0,-51.61
2023,47,2.18,0.56,0.55,33.62,70.79,1.08,24.92,11.51,Eldorado do Sul,RS,Sul,-30.0,-51.61
2023,48,0.76,0.56,0.55,28.87,59.51,2.59,14.11,6.73,Eldorado do Sul,RS,Sul,-30.0,-51.61
2023,49,0.0,0.55,0.53,26.12,48.61,1.66,29.53,12.9,Eldorado do Sul,RS,Sul,-30.0,-51.61
2023,50,0.05,0.55,0.53,27.77,59.58,2.37,28.03,12.62,Eldorado do Sul,RS,Sul,-30.0,-51.61
2023,51,11.04,0.55,0.58,25.57,78.69,1.71,4.76,2.52,Eldorado do Sul,RS,Sul,-30.0,-51.61
2023,52,6.48,0.57,0.6,29.28,76.51,1.5,19.24,9.02,Eldorado do Sul,RS,Sul,-30.0,-51.61
2023,53,0.03,0.56,0.55,30.76,72.27,1.8,26.38,12.05,Eldorado do Sul,RS,Sul,-30.0,-51.61
2023,54,0.31,0.56,0.54,29.86,78.14,1.34,11.64,5.62,Eldorado do Sul,RS,Sul,-30.0,-51.61
2023,55,3.68,0.56,0.56,28.89,80.34,0.95,14.1,6.83,Eldorado do Sul,RS,Sul,-30.0,-51.61
2023,56,12.58,0.56,0.61,31.21,74.24,1.74,11.33,5.6,Eldorado do Sul,RS,Sul,-30.0,-51.61
2023,57,0.21,0.57,0.56,33.98,64.01,1.37,15.53,7.27,Eldorado do Sul,RS,Sul,-30.0,-51.61
2023,58,0.59,0.56,0.54,33.29,70.38,1.63,24.36,11.16,Eldorado do Sul,RS,Sul,-30.0,-51.61
2023,59,0.25,0.55,0.53,34.86,65.51,1.52,24.98,11.38,Eldorado do Sul,RS,Sul,-30.0,-51.61
2023,60,0.4,0.55,0.53,33.26,70.36,1.26,22.76,10.61,Eldorado do Sul,RS,Sul,-30.0,-51.61
2023,61,1.68,0.55,0.54,31.13,77.13,1.02,16.39,7.76,Eldorado do Sul,RS,Sul,-30.0,-51.61
2023,62,6.14,0.55,0.57,26.48,87.38,1.02,7.62,3.95,Eldorado do Sul,RS,Sul,-30.0,-51.61
2023,63,18.16,0.57,0.65,29.29,85.16,1.41,16.91,8.11,Eldorado do Sul,RS,Sul,-30.0,-51.61
2023,64,6.05,0.59,0.62,29.5,80.45,2.05,19.13,8.96,Eldorado do Sul,RS,Sul,-30.0,-51.61
2023,65,16.29,0.59,0.67,26.77,88.99,2.12,7.24,3.75,Eldorado do Sul,RS,Sul,-30.0,-51.61
2023,66,6.84,0.6,0.66,29.35,82.66,0.93,16.7,8.03,Eldorado do Sul,RS,Sul,-30.0,-51.61
2023,67,1.01,0.6,0.62,32.85,78.17,1.2,23.03,10.74,Eldorado do Sul,RS,Sul,-30.0,-51.61
2023,68,1.23,0.58,0.59,33.57,72.42,1.31,23.65,10.91,Eldorado do Sul,RS,Sul,-30.0,-51.61
2023,69,0.41,0.58,0.57,33.19,76.36,1.79,23.41,10.81,Eldorado do Sul,RS,Sul,-30.0,-51.61
2023,70,0.03,0.57,0.55,34.14,74.43,1.8,24.29,11.23,Eldorado do Sul,RS,Sul,-30.0,-51.61
2023,71,0.01,0.56,0.54,33.3,74.3,2.49,23.32,10.83,Eldorado do Sul,RS,Sul,-30.0,-51.61
2023,72,0.17,0.56,0.54,33.93,73.33,2.42,22.46,10.53,Eldorado do Sul,RS,Sul,-30.0,-51.61
2023,73,0.04,0.55,0.53,35.12,69.64,1.93,20.39,9.62,Eldorado do Sul,RS,Sul,-30.0,-51.61
2023,74,0.0,0.55,0.53,31.66,71.89,1.52,18.42,8.72,Eldorado do Sul,RS,Sul,-30.0,-51.61
2023,75,0.0,0.55,0.52,35.77,66.1,1.67,22.95,10.62,Eldorado do Sul,RS,Sul,-30.0,-51.61
2023,76,0.0,0.54,0.52,36.33,66.12,1.44,24.09,11.08,Eldorado do Sul,RS,Sul,-30.0,-51.61
2023,77,0.01,0.54,0.52,37.53,66.24,1.47,23.63,10.8,Eldorado do Sul,RS,Sul,-30.0,-51.61
2023,78,0.07,0.54,0.51,37.08,64.88,1.08,22.28,10.26,Eldorado do Sul,RS,Sul,-30.0,-51.61
2023,79,6.33,0.54,0.54,36.59,67.3,1.5,17.86,8.4,Eldorado do Sul,RS,Sul,-30.0,-51.61
2023,80,2.78,0.55,0.56,31.82,75.74,1.9,17.45,8.21,Eldorado do Sul,RS,Sul,-30.0,-51.61
2023,81,0.01,0.55,0.53,30.18,73.14,2.83,18.75,8.77,Eldorado do Sul,RS,Sul,-30.0,-51.61
2023,82,0.98,0.54,0.53,33.28,71.75,1.63,19.3,9.06,Eldorado do Sul,RS,Sul,-30.0,-51.61
2023,83,0.79,0.54,0.53,32.64,72.94,1.78,14.24,6.72,Eldorado do Sul,RS,Sul,-30.0,-51.61
2023,84,4.91,0.54,0.56,27.03,86.41,1.51,10.06,4.98,Eldorado do Sul,RS,Sul,-30.0,-51.61
2023,85,0.44,0.55,0.54,30.41,69.26,2.52,12.79,6.03,Eldorado do Sul,RS,Sul,-30.0,-51.61
2023,86,0.13,0.54,0.53,29.05,67.81,1.68,20.76,9.39,Eldorado do Sul,RS,Sul,-30.0,-51.61
2023,87,0.01,0.54,0.52,33.32,69.6,1.33,21.43,9.78,Eldorado do Sul,RS,Sul,-30.0,-51.61
2023,88,9.32,0.55,0.58,33.85,74.42,1.22,15.65,7.44,Eldorado do Sul,RS,Sul,-30.0,-51.61
2023,89,1.32,0.55,0.55,27.7,83.23,1.3,13.77,6.56,Eldorado do Sul,RS,Sul,-30.0,-51.61
2023,90,0.67,0.55,0.54,33.49,75.33,1.92,19.91,9.19,Eldorado do Sul,RS,Sul,-30.0,-51.61
2023,91,0.01,0.55,0.53,25.76,60.78,1.93,23.0,10.09,Eldorado do Sul,RS,Sul,-30.0,-51.61
2023,92,0.01,0.54,0.53,27.98,68.51,1.42,21.11,9.41,Eldorado do Sul,RS,Sul,-30.0,-51.61
2023,93,0.04,0.54,0.52,31.63,66.77,1.26,21.67,9.67,Eldorado do Sul,RS,Sul,-30.0,-51.61
2023,94,0.01,0.54,0.52,28.49,73.67,1.48,14.69,6.79,Eldorado do Sul,RS,Sul,-30.0,-51.61
2023,95,1.98,0.54,0.53,28.76,72.0,2.16,14.1,6.61,Eldorado do Sul,RS,Sul,-30.0,-51.61
2023,96,1.36,0.54,0.53,23.78,80.46,2.36,4.68,2.45,Eldorado do Sul,RS,Sul,-30.0,-51.61
2023,97,1.59,0.54,0.54,24.98,81.61,2.1,9.24,4.44,Eldorado do Sul,RS,Sul,-30.0,-51.61
2023,98,0.19,0.54,0.53,26.99,78.16,2.23,9.31,4.51,Eldorado do Sul,RS,Sul,-30.0,-51.61
2023,99,0.02,0.54,0.52,30.67,75.25,1.05,18.21,8.38,Eldorado do Sul,RS,Sul,-30.0,-51.61
2023,100,0.01,0.54,0.52,32.57,71.27,1.23,17.98,8.29,Eldorado do Sul,RS,Sul,-30.0,-51.61
2023,101,0.15,0.53,0.51,34.08,67.67,1.13,19.22,8.82,Eldorado do Sul,RS,Sul,-30.0,-51.61
2023,102,0.73,0.53,0.51,33.26,66.2,1.36,17.3,7.98,Eldorado do Sul,RS,Sul,-30.0,-51.61
2023,103,1.15,0.53,0.52,22.18,79.42,2.06,6.03,3.01,Eldorado do Sul,RS,Sul,-30.0,-51.61
2023,104,0.23,0.53,0.51,23.9,65.68,2.41,5.94,2.97,Eldorado do Sul,RS,Sul,-30.0,-51.61
2023,105,0.45,0.53,0.51,25.45,73.94,2.25,7.47,3.67,Eldorado do Sul,RS,Sul,-30.0,-51.61
2023,106,9.3,0.53,0.56,29.79,79.71,1.19,11.35,5.39,Eldorado do Sul,RS,Sul,-30.0,-51.61
2023,107,1.43,0.55,0.56,24.97,76.81,1.71,8.18,3.93,Eldorado do Sul,RS,Sul,-30.0,-51.61
2023,108,0.0,0.54,0.53,25.43,64.64,1.54,15.16,6.83,Eldorado do Sul,RS,Sul,-30.0,-51.61
2023,109,0.5,0.54,0.53,21.32,58.98,2.86,9.61,4.43,Eldorado do Sul,RS,Sul,-30.0,-51.61
2023,110,0.02,0.54,0.53,22.85,71.4,1.42,18.28,8.07,Eldorado do Sul,RS,Sul,-30.0,-51.61
2023,111,0.02,0.54,0.52,26.57,72.16,1.4,18.98,8.39,Eldorado do Sul,RS,Sul,-30.0,-51.61
2023,112,0.01,0.54,0.52,28.71,70.28,1.12,15.69,7.08,Eldorado do Sul,RS,Sul,-30.0,-51.61
2023,113,0.03,0.53,0.52,27.24,76.21,1.47,16.38,7.4,Eldorado do Sul,RS,Sul,-30.0,-51.61
2023,114,0.03,0.53,0.51,29.7,74.31,1.55,17.03,7.81,Eldorado do Sul,RS,Sul,-30.0,-51.61
2023,115,0.43,0.53,0.52,25.97,76.1,1.15,9.08,4.34,Eldorado do Sul,RS,Sul,-30.0,-51.61
2023,116,8.29,0.55,0.58,26.3,79.21,1.42,10.89,5.13,Eldorado do Sul,RS,Sul,-30.0,-51.61
2023,117,0.08,0.54,0.53,26.57,73.42,1.18,9.91,4.61,Eldorado do Sul,RS,Sul,-30.0,-51.61
2023,118,0.01,0.54,0.53,27.36,70.87,0.91,17.0,7.57,Eldorado do Sul,RS,Sul,-30.0,-51.61
2023,119,0.08,0.54,0.52,28.66,74.76,1.1,17.45,7.8,Eldorado do Sul,RS,Sul,-30.0,-51.61
2023,120,0.04,0.54,0.52,30.46,71.78,1.38,17.38,7.8,Eldorado do Sul,RS,Sul,-30.0,-51.61
2023,121,0.71,0.53,0.52,24.01,78.38,1.91,12.76,5.99,Eldorado do Sul,RS,Sul,-30.0,-51.61
2023,122,5.27,0.54,0.56,21.53,87.47,2.86,2.75,1.46,Eldorado do Sul,RS,Sul,-30.0,-51.61
2023,123,12.87,0.55,0.62,22.27,90.49,3.08,1.76,0.97,Eldorado do Sul,RS,Sul,-30.0,-51.61
2023,124,6.35,0.56,0.6,26.14,89.41,1.45,5.48,2.72,Eldorado do Sul,RS,Sul,-30.0,-51.61
2023,125,33.36,0.59,0.71,23.05,96.07,2.08,1.43,0.79,Eldorado do Sul,RS,Sul,-30.0,-51.61
2023,126,12.34,0.64,0.72,25.64,93.69,0.98,7.16,3.51,Eldorado do Sul,RS,Sul,-30.0,-51.61
2023,127,13.29,0.63,0.69,27.2,92.28,0.77,8.74,4.23,Eldorado do Sul,RS,Sul,-30.0,-51.61
2023,128,2.87,0.64,0.69,20.85,83.43,2.09,9.68,4.47,Eldorado do Sul,RS,Sul,-30.0,-51.61
2023,129,2.03,0.63,0.66,22.04,83.54,1.45,16.04,7.11,Eldorado do Sul,RS,Sul,-30.0,-51.61
2023,130,0.06,0.62,0.64,21.23,80.51,1.32,11.35,5.17,Eldorado do Sul,RS,Sul,-30.0,-51.61
2023,131,0.35,0.61,0.63,19.02,83.11,1.25,13.92,6.23,Eldorado do Sul,RS,Sul,-30.0,-51.61
2023,132,0.09,0.6,0.62,19.45,82.02,0.95,13.02,5.9,Eldorado do Sul,RS,Sul,-30.0,-51.61
2023,133,0.04,0.6,0.61,20.6,76.93,1.02,15.05,6.75,Eldorado do Sul,RS,Sul,-30.0,-51.61
2023,134,0.05,0.59,0.61,23.09,74.8,1.26,14.94,6.74,Eldorado do Sul,RS,Sul,-30.0,-51.61
2023,135,0.01,0.59,0.6,23.9,79.4,1.44,15.16,6.75,Eldorado do Sul,RS,Sul,-30.0,-51.61
2023,136,0.04,0.59,0.59,22.97,83.1,1.11,15.0,6.66,Eldorado do Sul,RS,Sul,-30.0,-51.61
2023,137,0.09,0.58,0.59,23.88,82.02,1.12,15.13,6.68,Eldorado do Sul,RS,Sul,-30.0,-51.61
2023,138,0.05,0.58,0.59,26.13,75.88,0.93,15.2,6.71,Eldorado do Sul,RS,Sul,-30.0,-51.61
2023,139,0.14,0.58,0.58,25.6,75.09,0.88,12.86,5.73,Eldorado do Sul,RS,Sul,-30.0,-51.61
2023,140,0.1,0.58,0.58,25.08,81.69,1.01,11.93,5.35,Eldorado do Sul,RS,Sul,-30.0,-51.61
2023,141,0.39,0.57,0.58,22.84,84.4,1.19,4.07,2.05,Eldorado do Sul,RS,Sul,-30.0,-51.61
2023,142,0.88,0.57,0.58,25.08,81.95,0.82,4.83,2.37,Eldorado do Sul,RS,Sul,-30.0,-51.61
2023,143,0.15,0.57,0.57,27.52,79.41,0.92,13.72,6.26,Eldorado do Sul,RS,Sul,-30.0,-51.61
2023,144,0.07,0.57,0.57,29.48,77.23,1.02,13.27,6.01,Eldorado do Sul,RS,Sul,-30.0,-51.61
2023,145,0.02,0.57,0.56,27.65,73.6,1.23,13.77,6.18,Eldorado do Sul,RS,Sul,-30.0,-51.61
2023,146,3.12,0.57,0.57,29.49,76.54,1.61,9.84,4.48,Eldorado do Sul,RS,Sul,-30.0,-51.61
2023,147,2.62,0.57,0.6,21.57,82.76,2.09,4.52,2.2,Eldorado do Sul,RS,Sul,-30.0,-51.61
2023,148,0.07,0.57,0.57,19.19,73.02,1.71,6.14,2.91,Eldorado do Sul,RS,Sul,-30.0,-51.61
2023,149,0.01,0.57,0.57,19.75,75.41,1.49,10.99,4.93,Eldorado do Sul,RS,Sul,-30.0,-51.61
2023,150,0.04,0.57,0.57,22.44,80.84,1.07,10.05,4.6,Eldorado do Sul,RS,Sul,-30.0,-51.61
2023,151,0.03,0.57,0.57,23.76,76.42,0.92,12.97,5.86,Eldorado do Sul,RS,Sul,-30.0,-51.61
2023,152,0.05,0.57,0.56,25.13,76.13,0.98,13.31,6.04,Eldorado do Sul,RS,Sul,-30.0,-51.61
2023,153,0.15,0.57,0.56,25.69,78.37,1.06,13.63,6.12,Eldorado do Sul,RS,Sul,-30.0,-51.61
2023,154,0.08,0.56,0.56,25.69,76.89,1.38,13.6,6.1,Eldorado do Sul,RS,Sul,-30.0,-51.61
2023,155,0.08,0.56,0.56,26.52,78.88,1.02,11.79,5.37,Eldorado do Sul,RS,Sul,-30.0,-51.61
2023,156,0.14,0.56,0.56,22.93,82.33,1.3,4.98,2.36,Eldorado do Sul,RS,Sul,-30.0,-51.61
2023,157,0.04,0.56,0.56,24.96,80.59,1.0,13.19,5.94,Eldorado do Sul,RS,Sul,-30.0,-51.61
2023,158,0.07,0.56,0.55,26.9,77.94,1.14,11.6,5.36,Eldorado do Sul,RS,Sul,-30.0,-51.61
2023,159,0.01,0.56,0.55,28.17,71.42,1.1,12.81,5.89,Eldorado do Sul,RS,Sul,-30.0,-51.61
2023,160,0.04,0.56,0.54,28.61,72.28,1.71,13.24,5.95,Eldorado do Sul,RS,Sul,-30.0,-51.61
2023,161,16.39,0.56,0.6,26.32,77.14,1.65,9.62,4.45,Eldorado do Sul,RS,Sul,-30.0,-51.61
2023,162,15.98,0.61,0.71,16.45,78.54,1.5,5.32,2.57,Eldorado do Sul,RS,Sul,-30.0,-51.61
2023,163,0.0,0.61,0.62,13.75,71.25,1.33,11.29,4.89,Eldorado do Sul,RS,Sul,-30.0,-51.61
2023,164,0.82,0.6,0.62,14.09,77.47,1.55,9.19,4.1,Eldorado do Sul,RS,Sul,-30.0,-51.61
2023,165,5.03,0.6,0.64,15.19,91.21,2.07,3.58,1.79,Eldorado do Sul,RS,Sul,-30.0,-51.61
2023,166,50.86,0.63,0.78,16.09,95.15,3.27,2.35,1.23,Eldorado do Sul,RS,Sul,-30.0,-51.61
2023,167,69.41,0.75,0.88,15.39,91.74,3.7,3.83,1.94,Eldorado do Sul,RS,Sul,-30.0,-51.61
2023,168,0.44,0.74,0.76,15.38,84.74,1.52,7.63,3.48,Eldorado do Sul,RS,Sul,-30.0,-51.61
2023,169,0.72,0.71,0.74,15.35,81.48,1.05,12.19,5.33,Eldorado do Sul,RS,Sul,-30.0,-51.61
2023,170,0.55,0.69,0.72,16.71,88.55,1.11,13.05,5.67,Eldorado do Sul,RS,Sul,-30.0,-51.61
2023,171,0.31,0.68,0.71,16.72,90.49,0.64,12.26,5.53,Eldorado do Sul,RS,Sul,-30.0,-51.61
2023,172,4.28,0.68,0.72,15.42,93.73,0.75,1.84,0.97,Eldorado do Sul,RS,Sul,-30.0,-51.61
2023,173,3.15,0.68,0.72,19.23,93.76,1.42,5.38,2.56,Eldorado do Sul,RS,Sul,-30.0,-51.61
2023,174,3.37,0.68,0.72,21.38,95.75,0.84,4.18,2.03,Eldorado do Sul,RS,Sul,-30.0,-51.61
2023,175,0.96,0.68,0.71,23.82,95.19,1.16,10.05,4.65,Eldorado do Sul,RS,Sul,-30.0,-51.61
2023,176,0.88,0.67,0.7,25.21,84.84,1.34,5.73,2.76,Eldorado do Sul,RS,Sul,-30.0,-51.61
2023,177,0.25,0.67,0.7,26.14,87.95,1.24,12.29,5.64,Eldorado do Sul,RS,Sul,-30.0,-51.61
2023,178,0.03,0.66,0.69,25.55,81.49,1.53,12.45,5.61,Eldorado do Sul,RS,Sul,-30.0,-51.61
2023,179,2.22,0.66,0.7,18.63,90.38,1.7,5.53,2.64,Eldorado do Sul,RS,Sul,-30.0,-51.61
2023,180,0.02,0.66,0.69,15.07,82.56,1.12,12.22,5.32,Eldorado do Sul,RS,Sul,-30.0,-51.61
2023,181,0.03,0.66,0.69,18.05,88.8,1.38,8.75,3.99,Eldorado do Sul,RS,Sul,-30.0,-51.61
2023,182,0.02,0.66,0.69,19.38,88.76,0.76,6.48,3.04,Eldorado do Sul,RS,Sul,-30.0,-51.61
2023,183,0.06,0.66,0.68,20.92,89.93,1.35,5.4,2.49,Eldorado do Sul,RS,Sul,-30.0,-51.61
2023,184,0.04,0.66,0.68,23.32,88.32,1.1,12.3,5.55,Eldorado do Sul,RS,Sul,-30.0,-51.61
2023,185,0.04,0.65,0.68,23.22,86.39,1.22,13.13,5.83,Eldorado do Sul,RS,Sul,-30.0,-51.61
2023,186,0.13,0.65,0.68,22.13,84.87,1.13,6.31,2.96,Eldorado do Sul,RS,Sul,-30.0,-51.61
2023,187,4.67,0.65,0.69,24.15,87.79,1.1,12.89,5.8,Eldorado do Sul,RS,Sul,-30.0,-51.61
2023,188,18.42,0.66,0.74,18.81,93.27,2.08,1.46,0.77,Eldorado do Sul,RS,Sul,-30.0,-51.61
2023,189,27.26,0.72,0.8,19.51,86.87,3.05,9.37,4.32,Eldorado do Sul,RS,Sul,-30.0,-51.61
2023,190,0.08,0.71,0.73,21.24,90.32,1.51,8.77,4.03,Eldorado do Sul,RS,Sul,-30.0,-51.61
2023,191,0.02,0.7,0.72,19.58,91.26,1.23,6.01,2.76,Eldorado do Sul,RS,Sul,-30.0,-51.61
2023,192,4.33,0.69,0.73,16.74,91.58,2.83,3.24,1.57,Eldorado do Sul,RS,Sul,-30.0,-51.61
2023,193,59.52,0.73,0.86,18.09,96.75,3.05,0.8,0.45,Eldorado do Sul,RS,Sul,-30.0,-51.61
2023,194,27.2,0.78,0.86,15.52,87.72,3.83,4.57,2.25,Eldorado do Sul,RS,Sul,-30.0,-51.61
2023,195,1.07,0.79,0.81,12.82,82.39,1.73,11.21,4.93,Eldorado do Sul,RS,Sul,-30.0,-51.61
2023,196,0.0,0.77,0.79,15.53,79.21,0.72,12.73,5.58,Eldorado do Sul,RS,Sul,-30.0,-51.61
2023,197,0.0,0.75,0.77,15.92,84.62,1.27,10.83,4.88,Eldorado do Sul,RS,Sul,-30.0,-51.61
2023,198,0.0,0.75,0.77,13.6,79.62,1.26,11.6,5.08,Eldorado do Sul,RS,Sul,-30.0,-51.61
2023,199,0.0,0.74,0.76,13.0,82.89,1.63,11.65,5.11,Eldorado do Sul,RS,Sul,-30.0,-51.61
2023,200,0.0,0.74,0.76,14.88,82.96,1.98,12.94,5.72,Eldorado do Sul,RS,Sul,-30.0,-51.61
2023,201,3.31,0.74,0.76,18.32,90.18,1.04,10.95,5.09,Eldorado do Sul,RS,Sul,-30.0,-51.61
2023,202,3.89,0.74,0.78,25.3,90.31,1.29,13.55,6.18,Eldorado do Sul,RS,Sul,-30.0,-51.61
2023,203,0.0,0.74,0.76,25.19,90.71,1.31,13.24,5.94,Eldorado do Sul,RS,Sul,-30.0,-51.61
2023,204,0.0,0.74,0.76,25.39,86.48,1.8,10.21,4.68,Eldorado do Sul,RS,Sul,-30.0,-51.61
2023,205,0.26,0.73,0.76,20.38,88.88,2.36,6.74,3.18,Eldorado do Sul,RS,Sul,-30.0,-51.61
2023,206,13.67,0.74,0.8,19.59,95.11,1.18,3.9,1.95,Eldorado do Sul,RS,Sul,-30.0,-51.61
2023,207,2.65,0.76,0.79,20.14,90.7,2.04,8.94,4.12,Eldorado do Sul,RS,Sul,-30.0,-51.61
2023,208,0.42,0.75,0.77,16.85,81.74,1.01,15.38,6.62,Eldorado do Sul,RS,Sul,-30.0,-51.61
2023,209,14.31,0.76,0.81,16.69,85.32,1.47,9.28,4.23,Eldorado do Sul,RS,Sul,-30.0,-51.61
2023,210,0.05,0.76,0.78,16.12,85.92,1.24,13.95,6.16,Eldorado do Sul,RS,Sul,-30.0,-51.61
2023,211,0.0,0.75,0.77,20.33,82.77,0.89,15.32,6.67,Eldorado do Sul,RS,Sul,-30.0,-51.61
2023,212,0.01,0.75,0.77,23.6,86.35,0.98,13.94,6.3,Eldorado do Sul,RS,Sul,-30.0,-51.61
2023,213,0.1,0.74,0.77,25.42,84.85,1.04,15.27,6.79,Eldorado do Sul,RS,Sul,-30.0,-51.61
2023,214,0.09,0.74,0.76,26.15,89.43,1.24,15.52,6.9,Eldorado do Sul,RS,Sul,-30.0,-51.61
2023,215,0.0,0.74,0.76,20.94,84.47,1.67,7.76,3.62,Eldorado do Sul,RS,Sul,-30.0,-51.61
2023,216,0.0,0.73,0.76,22.28,88.3,0.86,11.66,5.35,Eldorado do Sul,RS,Sul,-30.0,-51.61
2023,217,0.03,0.73,0.76,22.0,89.84,1.2,8.49,3.98,Eldorado do Sul,RS,Sul,-30.0,-51.61
2023,218,0.01,0.73,0.75,27.09,86.05,1.42,15.53,6.93,Eldorado do Sul,RS,Sul,-30.0,-51.61
2023,219,11.3,0.74,0.79,18.32,85.92,2.09,2.4,1.3,Eldorado do Sul,RS,Sul,-30.0,-51.61
2023,220,0.03,0.74,0.76,18.11,75.89,3.33,11.02,5.01,Eldorado do Sul,RS,Sul,-30.0,-51.61
2023,221,13.36,0.75,0.8,16.76,90.87,1.77,3.5,1.82,Eldorado do Sul,RS,Sul,-30.0,-51.61
2023,222,2.86,0.76,0.78,23.57,91.6,0.91,14.23,6.45,Eldorado do Sul,RS,Sul,-30.0,-51.61
2023,223,19.47,0.78,0.83,25.08,90.94,1.25,10.44,4.79,Eldorado do Sul,RS,Sul,-30.0,-51.61
2023,224,0.13,0.77,0.78,16.23,67.61,1.73,16.13,7.05,Eldorado do Sul,RS,Sul,-30.0,-51.61
2023,225,1.56,0.76,0.78,14.47,66.48,0.78,17.71,7.68,Eldorado do Sul,RS,Sul,-30.0,-51.61
2023,226,0.01,0.76,0.78,18.34,72.02,0.75,17.3,7.64,Eldorado do Sul,RS,Sul,-30.0,-51.61
2023,227,0.04,0.75,0.77,23.79,82.74,0.93,17.6,7.73,Eldorado do Sul,RS,Sul,-30.0,-51.61
2023,228,0.04,0.75,0.77,27.6,85.57,1.17,16.98,7.65,Eldorado do Sul,RS,Sul,-30.0,-51.61
2023,229,0.65,0.74,0.76,29.31,86.18,1.33,16.79,7.63,Eldorado do Sul,RS,Sul,-30.0,-51.61
2023,230,8.59,0.74,0.79,23.14,93.03,1.52,6.14,2.99,Eldorado do Sul,RS,Sul,-30.0,-51.61
2023,231,2.86,0.75,0.78,17.68,72.12,1.93,18.74,8.15,Eldorado do Sul,RS,Sul,-30.0,-51.61
2023,232,0.7,0.75,0.77,21.76,81.02,1.64,15.54,7.03,Eldorado do Sul,RS,Sul,-30.0,-51.61
2023,233,2.04,0.75,0.77,23.4,85.64,1.05,16.35,7.39,Eldorado do Sul,RS,Sul,-30.0,-51.61
2023,234,2.48,0.75,0.77,28.89,86.38,2.07,12.13,5.58,Eldorado do Sul,RS,Sul,-30.0,-51.61
2023,235,15.76,0.76,0.81,21.74,89.17,2.05,9.22,4.41,Eldorado do Sul,RS,Sul,-30.0,-51.61
2023,236,0.81,0.76,0.78,19.0,79.56,1.86,10.77,5.05,Eldorado do Sul,RS,Sul,-30.0,-51.61
2023,237,0.22,0.75,0.77,17.94,72.16,1.35,18.86,8.32,Eldorado do Sul,RS,Sul,-30.0,-51.61
2023,238,0.05,0.75,0.77,15.64,72.72,1.53,17.55,7.68,Eldorado do Sul,RS,Sul,-30.0,-51.61
2023,239,0.0,0.74,0.76,15.15,75.09,1.42,19.61,8.46,Eldorado do Sul,RS,Sul,-30.0,-51.61
2023,240,0.02,0.74,0.76,16.2,80.67,1.59,20.15,8.68,Eldorado do Sul,RS,Sul,-30.0,-51.61
2023,241,0.03,0.74,0.76,20.69,83.89,1.26,19.1,8.42,Eldorado do Sul,RS,Sul,-30.0,-51.61
2023,242,0.08,0.73,0.75,23.8,82.25,0.91,19.51,8.68,Eldorado do Sul,RS,Sul,-30.0,-51.61
2023,243,1.0,0.73,0.75,25.29,82.92,1.16,19.37,8.56,Eldorado do Sul,RS,Sul,-30.0,-51.61
2023,244,0.17,0.73,0.75,22.6,89.59,1.34,9.8,4.59,Eldorado do Sul,RS,Sul,-30.0,-51.61
2023,245,3.06,0.73,0.76,22.45,94.22,1.28,9.14,4.38,Eldorado do Sul,RS,Sul,-30.0,-51.61
2023,246,38.23,0.76,0.84,23.45,94.88,1.45,1.62,0.86,Eldorado do Sul,RS,Sul,-30.0,-51.61
2023,247,63.04,0.83,0.92,23.22,93.23,3.05,2.09,1.13,Eldorado do Sul,RS,Sul,-30.0,-51.61
2023,248,2.57,0.84,0.85,18.85,81.23,1.8,10.07,4.72,Eldorado do Sul,RS,Sul,-30.0,-51.61
2023,249,0.07,0.81,0.82,21.43,83.61,2.88,19.79,8.91,Eldorado do Sul,RS,Sul,-30.0,-51.61
2023,250,12.23,0.81,0.84,20.96,92.38,2.21,9.27,4.43,Eldorado do Sul,RS,Sul,-30.0,-51.61
2023,251,16.14,0.83,0.86,21.93,92.38,1.46,7.67,3.74,Eldorado do Sul,RS,Sul,-30.0,-51.61
2023,252,10.58,0.83,0.85,19.11,85.72,1.66,5.71,2.87,Eldorado do Sul,RS,Sul,-30.0,-51.61
2023,253,0.18,0.82,0.83,23.99,89.01,1.12,13.14,6.18,Eldorado do Sul,RS,Sul,-30.0,-51.61
2023,254,0.66,0.81,0.82,30.26,85.97,1.57,18.98,8.63,Eldorado do Sul,RS,Sul,-30.0,-51.61
2023,255,26.6,0.82,0.86,22.26,85.81,2.72,4.45,2.27,Eldorado do Sul,RS,Sul,-30.0,-51.61
2023,256,56.31,0.88,0.93,15.86,92.17,3.72,2.68,1.44,Eldorado do Sul,RS,Sul,-30.0,-51.61
2023,257,3.12,0.88,0.87,16.2,82.21,2.2,14.93,6.74,Eldorado do Sul,RS,Sul,-30.0,-51.61
2023,258,0.05,0.86,0.85,20.19,74.94,1.2,22.91,10.09,Eldorado do Sul,RS,Sul,-30.0,-51.61
2023,259,0.04,0.85,0.85,27.13,80.0,1.52,23.24,10.19,Eldorado do Sul,RS,Sul,-30.0,-51.61
2023,260,0.05,0.84,0.84,31.84,81.29,1.4,21.42,9.7,Eldorado do Sul,RS,Sul,-30.0,-51.61
2023,261,8.28,0.84,0.85,28.79,85.6,2.17,10.43,4.9,Eldorado do Sul,RS,Sul,-30.0,-51.61
2023,262,12.47,0.86,0.87,21.33,92.72,2.7,6.03,2.99,Eldorado do Sul,RS,Sul,-30.0,-51.61
2023,263,0.17,0.85,0.85,29.45,88.14,1.33,19.39,8.88,Eldorado do Sul,RS,Sul,-30.0,-51.61
2023,264,8.86,0.85,0.86,30.41,88.54,1.15,14.59,6.86,Eldorado do Sul,RS,Sul,-30.0,-51.61
2023,265,21.14,0.86,0.88,25.33,90.49,2.15,3.39,1.76,Eldorado do Sul,RS,Sul,-30.0,-51.61
2023,266,13.26,0.87,0.88,26.52,90.77,1.7,7.7,3.65,Eldorado do Sul,RS,Sul,-30.0,-51.61
2023,267,15.86,0.89,0.9,22.58,91.41,2.33,7.77,3.88,Eldorado do Sul,RS,Sul,-30.0,-51.61
2023,268,19.62,0.9,0.91,17.89,90.47,2.76,4.15,2.18,Eldorado do Sul,RS,Sul,-30.0,-51.61
2023,269,28.24,0.91,0.92,18.93,92.58,3.75,6.87,3.38,Eldorado do Sul,RS,Sul,-30.0,-51.61
2023,270,5.78,0.93,0.91,19.1,85.62,2.77,7.86,3.91,Eldorado do Sul,RS,Sul,-30.0,-51.61
2023,271,0.46,0.91,0.89,20.98,85.06,2.75,21.96,9.88,Eldorado do Sul,RS,Sul,-30.0,-51.61
2023,272,0.02,0.91,0.88,23.95,84.32,1.36,18.96,8.7,Eldorado do Sul,RS,Sul,-30.0,-51.61
2023,273,0.48,0.9,0.88,23.13,87.56,1.88,7.02,3.47,Eldorado do Sul,RS,Sul,-30.0,-51.61
2023,274,0.05,0.89,0.88,20.47,77.56,1.21,16.33,7.33,Eldorado do Sul,RS,Sul,-30.0,-51.61
2023,275,0.04,0.89,0.87,20.09,82.46,1.47,25.21,11.0,Eldorado do Sul,RS,Sul,-30.0,-51.61
2023,276,1.46,0.88,0.87,23.3,83.78,1.81,21.6,9.58,Eldorado do Sul,RS,Sul,-30.0,-51.61
2023,277,18.74,0.89,0.9,24.56,88.9,2.37,9.23,4.48,Eldorado do Sul,RS,Sul,-30.0,-51.61
2023,278,0.05,0.89,0.87,21.95,79.76,1.17,22.34,10.04,Eldorado do Sul,RS,Sul,-30.0,-51.61
2023,279,1.59,0.88,0.87,25.36,84.35,1.31,10.13,4.92,Eldorado do Sul,RS,Sul,-30.0,-51.61
2023,280,16.73,0.9,0.91,23.0,90.61,1.53,4.12,2.22,Eldorado do Sul,RS,Sul,-30.0,-51.61
2023,281,3.07,0.89,0.88,19.66,90.1,2.55,5.78,2.96,Eldorado do Sul,RS,Sul,-30.0,-51.61
2023,282,0.7,0.89,0.88,23.21,84.58,2.0,15.6,7.34,Eldorado do Sul,RS,Sul,-30.0,-51.61
2023,283,0.03,0.88,0.87,27.19,85.3,1.59,25.85,11.7,Eldorado do Sul,RS,Sul,-30.0,-51.61
2023,284,35.5,0.9,0.92,22.35,92.4,2.05,1.99,1.13,Eldorado do Sul,RS,Sul,-30.0,-51.61
2023,285,1.72,0.91,0.9,16.09,82.75,2.49,5.75,2.98,Eldorado do Sul,RS,Sul,-30.0,-51.61
2023,286,0.16,0.9,0.88,19.38,81.79,1.82,15.81,7.25,Eldorado do Sul,RS,Sul,-30.0,-51.61
2023,287,0.0,0.9,0.88,21.49,84.52,2.33,25.03,11.29,Eldorado do Sul,RS,Sul,-30.0,-51.61
2023,288,0.92,0.89,0.88,25.71,84.47,2.05,23.13,10.63,Eldorado do Sul,RS,Sul,-30.0,-51.61
2023,289,36.67,0.9,0.92,24.34,94.84,1.72,2.42,1.36,Eldorado do Sul,RS,Sul,-30.0,-51.61
2023,290,8.87,0.93,0.92,24.41,88.18,1.82,4.29,2.33,Eldorado do Sul,RS,Sul,-30.0,-51.61
2023,291,0.04,0.92,0.89,20.09,81.73,2.03,14.87,7.03,Eldorado do Sul,RS,Sul,-30.0,-51.61
2023,292,0.01,0.91,0.89,21.75,81.69,3.0,14.11,6.7,Eldorado do Sul,RS,Sul,-30.0,-51.61
2023,293,0.0,0.9,0.88,23.69,85.61,2.31,20.48,9.58,Eldorado do Sul,RS,Sul,-30.0,-51.61
2023,294,0.0,0.89,0.88,25.93,87.59,1.94,22.63,10.47,Eldorado do Sul,RS,Sul,-30.0,-51.61
2023,295,7.75,0.89,0.89,28.21,89.19,1.34,15.86,7.61,Eldorado do Sul,RS,Sul,-30.0,-51.61
2023,296,3.81,0.9,0.89,24.3,93.64,0.73,6.73,3.5,Eldorado do Sul,RS,Sul,-30.0,-51.61
2023,297,0.39,0.89,0.88,26.02,87.75,1.67,13.48,6.47,Eldorado do Sul,RS,Sul,-30.0,-51.61
2023,298,0.12,0.89,0.87,24.12,80.92,1.3,18.37,8.48,Eldorado do Sul,RS,Sul,-30.0,-51.61
2023,299,0.04,0.88,0.87,23.39,80.07,1.5,25.23,11.37,Eldorado do Sul,RS,Sul,-30.0,-51.61
2023,300,0.01,0.87,0.86,25.97,84.95,1.64,22.67,10.42,Eldorado do Sul,RS,Sul,-30.0,-51.61
2023,301,0.13,0.87,0.86,25.12,94.03,1.22,9.15,4.43,Eldorado do Sul,RS,Sul,-30.0,-51.61
2023,302,0.14,0.86,0.86,29.93,78.85,1.21,25.19,11.44,Eldorado do Sul,RS,Sul,-30.0,-51.61
2023,303,4.41,0.86,0.86,27.06,90.38,1.93,7.9,4.0,Eldorado do Sul,RS,Sul,-30.0,-51.61
2023,304,0.66,0.86,0.86,23.28,86.55,3.03,10.07,5.03,Eldorado do Sul,RS,Sul,-30.0,-51.61
2023,305,1.56,0.85,0.85,23.72,84.8,3.42,14.69,7.01,Eldorado do Sul,RS,Sul,-30.0,-51.61
2023,306,22.86,0.86,0.89,21.39,90.77,3.98,8.95,4.54,Eldorado do Sul,RS,Sul,-30.0,-51.61
2023,307,25.57,0.89,0.92,24.59,86.43,2.97,6.99,3.57,Eldorado do Sul,RS,Sul,-30.0,-51.61
2023,308,2.32,0.89,0.88,19.67,79.26,3.2,22.63,10.19,Eldorado do Sul,RS,Sul,-30.0,-51.61
2023,309,0.38,0.88,0.87,22.76,79.72,1.39,30.75,13.44,Eldorado do Sul,RS,Sul,-30.0,-51.61
2023,310,0.05,0.87,0.86,25.46,83.29,2.19,30.14,13.52,Eldorado do Sul,RS,Sul,-30.0,-51.61
2023,311,0.0,0.86,0.85,29.78,83.07,1.48,30.5,13.71,Eldorado do Sul,RS,Sul,-30.0,-51.61
2023,312,1.05,0.86,0.85,26.93,87.64,1.35,14.08,6.87,Eldorado do Sul,RS,Sul,-30.0,-51.61
2023,313,0.51,0.85,0.85,22.88,82.23,2.21,9.62,4.8,Eldorado do Sul,RS,Sul,-30.0,-51.61
2023,314,0.48,0.85,0.85,25.18,86.72,2.72,22.95,10.65,Eldorado do Sul,RS,Sul,-30.0,-51.61
2023,315,54.99,0.87,0.9,32.33,91.6,1.74,14.0,6.71,Eldorado do Sul,RS,Sul,-30.0,-51.61
2023,316,36.86,0.89,0.91,27.94,92.86,2.21,10.59,5.21,Eldorado do Sul,RS,Sul,-30.0,-51.61
2023,317,5.56,0.91,0.9,21.53,94.4,1.73,7.29,3.73,Eldorado do Sul,RS,Sul,-30.0,-51.61
2023,318,0.11,0.9,0.89,24.12,90.01,1.02,6.04,3.05,Eldorado do Sul,RS,Sul,-30.0,-51.61
2023,319,17.59,0.91,0.91,25.42,94.01,1.29,4.26,2.24,Eldorado do Sul,RS,Sul,-30.0,-51.61
2023,320,4.8,0.91,0.9,25.07,84.76,1.42,7.64,3.76,Eldorado do Sul,RS,Sul,-30.0,-51.61
2023,321,27.48,0.92,0.92,24.52,91.55,1.86,2.59,1.42,Eldorado do Sul,RS,Sul,-30.0,-51.61
2023,322,8.13,0.94,0.92,24.29,90.24,1.78,6.74,3.35,Eldorado do Sul,RS,Sul,-30.0,-51.61
2023,323,0.36,0.93,0.9,25.25,78.65,1.07,27.6,12.43,Eldorado do Sul,RS,Sul,-30.0,-51.61
2023,324,0.09,0.92,0.89,26.63,76.66,1.27,30.57,13.51,Eldorado do Sul,RS,Sul,-30.0,-51.61
2023,325,0.01,0.9,0.88,32.21,80.9,1.1,29.72,13.51,Eldorado do Sul,RS,Sul,-30.0,-51.61
2023,326,15.99,0.9,0.9,23.16,91.79,2.66,5.61,2.86,Eldorado do Sul,RS,Sul,-30.0,-51.61
2023,327,0.42,0.91,0.89,24.34,82.91,1.77,22.18,10.17,Eldorado do Sul,RS,Sul,-30.0,-51.61
2023,328,0.0,0.9,0.88,25.67,76.39,1.81,29.57,13.29,Eldorado do Sul,RS,Sul,-30.0,-51.61
2023,329,0.01,0.89,0.87,23.93,78.18,1.73,31.99,14.41,Eldorado do Sul,RS,Sul,-30.0,-51.61
2023,330,0.0,0.88,0.86,27.9,84.17,1.64,27.16,12.59,Eldorado do Sul,RS,Sul,-30.0,-51.61
2023,331,0.3,0.87,0.86,26.51,89.38,1.18,20.37,9.77,Eldorado do Sul,RS,Sul,-30.0,-51.61
2023,332,18.27,0.88,0.9,23.39,92.63,3.45,6.42,3.41,Eldorado do Sul,RS,Sul,-30.0,-51.61
2023,333,3.73,0.89,0.88,28.66,86.75,2.07,22.59,10.63,Eldorado do Sul,RS,Sul,-30.0,-51.61
2023,334,0.03,0.88,0.86,31.01,84.48,1.5,23.41,10.98,Eldorado do Sul,RS,Sul,-30.0,-51.61
2023,335,1.2,0.87,0.86,33.16,84.07,1.26,28.6,13.35,Eldorado do Sul,RS,Sul,-30.0,-51.61
2023,336,6.21,0.86,0.87,32.39,87.7,0.83,17.62,8.45,Eldorado do Sul,RS,Sul,-30.0,-51.61
2023,337,4.33,0.87,0.87,27.49,88.4,2.23,16.1,7.73,Eldorado do Sul,RS,Sul,-30.0,-51.61
2023,338,1.96,0.86,0.86,21.07,84.06,3.67,4.75,2.56,Eldorado do Sul,RS,Sul,-30.0,-51.61
2023,339,0.14,0.86,0.86,23.13,87.04,2.96,14.72,7.2,Eldorado do Sul,RS,Sul,-30.0,-51.61
2023,340,3.4,0.86,0.86,28.41,90.25,1.76,11.45,5.71,Eldorado do Sul,RS,Sul,-30.0,-51.61
2023,341,2.29,0.86,0.86,24.9,91.51,1.85,10.5,5.4,Eldorado do Sul,RS,Sul,-30.0,-51.61
2023,342,0.1,0.85,0.85,24.69,76.7,2.27,25.23,11.55,Eldorado do Sul,RS,Sul,-30.0,-51.61
2023,343,0.01,0.84,0.84,25.36,78.59,2.64,27.51,12.57,Eldorado do Sul,RS,Sul,-30.0,-51.61
2023,344,1.97,0.83,0.84,26.12,83.91,1.93,14.68,7.1,Eldorado do Sul,RS,Sul,-30.0,-51.61
2023,345,1.47,0.83,0.83,26.76,85.3,2.4,25.06,11.56,Eldorado do Sul,RS,Sul,-30.0,-51.61
2023,346,0.02,0.82,0.83,30.18,82.51,1.69,31.98,14.56,Eldorado do Sul,RS,Sul,-30.0,-51.61
2023,347,0.03,0.81,0.82,31.46,82.59,1.26,22.91,10.7,Eldorado do Sul,RS,Sul,-30.0,-51.61
2023,348,2.63,0.81,0.82,31.72,82.61,1.14,20.51,9.74,Eldorado do Sul,RS,Sul,-30.0,-51.61
2023,349,7.04,0.81,0.83,33.37,86.07,1.14,20.94,9.97,Eldorado do Sul,RS,Sul,-30.0,-51.61
2023,350,3.18,0.81,0.83,35.02,77.13,0.69,18.21,8.75,Eldorado do Sul,RS,Sul,-30.0,-51.61
2023,351,0.09,0.8,0.81,36.59,78.07,1.19,29.33,13.74,Eldorado do Sul,RS,Sul,-30.0,-51.61
2023,352,4.98,0.8,0.82,31.15,88.48,2.05,24.56,11.65,Eldorado do Sul,RS,Sul,-30.0,-51.61
2023,353,2.75,0.8,0.81,29.08,85.18,2.74,11.39,5.64,Eldorado do Sul,RS,Sul,-30.0,-51.61
2023,354,0.77,0.79,0.81,28.21,85.77,2.95,14.05,6.94,Eldorado do Sul,RS,Sul,-30.0,-51.61
2023,355,0.36,0.79,0.8,31.21,79.54,1.05,25.69,12.11,Eldorado do Sul,RS,Sul,-30.0,-51.61
2023,356,0.17,0.78,0.79,31.51,82.47,1.33,24.59,11.53,Eldorado do Sul,RS,Sul,-30.0,-51.61
2023,357,1.43,0.77,0.79,29.32,83.8,1.77,26.69,12.52,Eldorado do Sul,RS,Sul,-30.0,-51.61
2023,358,0.05,0.77,0.78,29.52,79.43,1.62,24.39,11.46,Eldorado do Sul,RS,Sul,-30.0,-51.61
2023,359,6.71,0.76,0.79,30.65,83.26,1.96,15.89,7.77,Eldorado do Sul,RS,Sul,-30.0,-51.61
2023,360,0.33,0.76,0.78,25.96,76.46,1.57,31.83,14.19,Eldorado do Sul,RS,Sul,-30.0,-51.61
2023,361,0.01,0.75,0.76,26.24,78.75,1.76,32.76,14.72,Eldorado do Sul,RS,Sul,-30.0,-51.61
2023,362,0.14,0.74,0.76,32.02,77.31,1.66,31.57,14.42,Eldorado do Sul,RS,Sul,-30.0,-51.61
2023,363,16.26,0.76,0.81,26.75,88.52,1.79,10.29,5.19,Eldorado do Sul,RS,Sul,-30.0,-51.61
2023,364,0.01,0.76,0.77,25.96,72.0,1.6,24.1,11.03,Eldorado do Sul,RS,Sul,-30.0,-51.61
2023,365,0.0,0.75,0.76,24.78,76.37,1.57,23.49,10.83,Eldorado do Sul,RS,Sul,-30.0,-51.61
2024,1,0.09,0.74,0.75,28.86,80.66,1.8,28.56,13.12,Eldorado do Sul,RS,Sul,-30.0,-51.61
2024,2,7.7,0.73,0.77,30.41,85.22,1.85,13.64,6.78,Eldorado do Sul,RS,Sul,-30.0,-51.61
2024,3,9.15,0.75,0.79,27.64,84.86,2.85,22.17,10.51,Eldorado do Sul,RS,Sul,-30.0,-51.61
2024,4,0.62,0.75,0.76,25.96,85.04,3.05,22.25,10.55,Eldorado do Sul,RS,Sul,-30.0,-51.61
2024,5,0.75,0.74,0.75,28.07,83.51,2.54,28.37,13.15,Eldorado do Sul,RS,Sul,-30.0,-51.61
2024,6,0.05,0.73,0.74,31.0,81.33,1.52,29.95,13.84,Eldorado do Sul,RS,Sul,-30.0,-51.61
2024,7,2.03,0.72,0.74,33.64,78.98,0.93,23.51,11.12,Eldorado do Sul,RS,Sul,-30.0,-51.61
2024,8,0.21,0.72,0.74,30.14,86.05,1.69,17.01,8.22,Eldorado do Sul,RS,Sul,-30.0,-51.61
2024,9,0.81,0.71,0.73,31.08,84.93,1.1,17.44,8.35,Eldorado do Sul,RS,Sul,-30.0,-51.61
2024,10,2.12,0.71,0.73,31.91,82.08,1.08,22.17,10.57,Eldorado do Sul,RS,Sul,-30.0,-51.61
2024,11,14.11,0.72,0.78,27.34,87.88,2.03,8.56,4.4,Eldorado do Sul,RS,Sul,-30.0,-51.61
2024,12,0.61,0.72,0.74,27.59,80.21,2.25,22.06,10.25,Eldorado do Sul,RS,Sul,-30.0,-51.61
2024,13,0.0,0.71,0.73,28.25,80.22,2.0,27.48,12.65,Eldorado do Sul,RS,Sul,-30.0,-51.61
2024,14,11.89,0.71,0.76,33.7,81.87,1.24,25.39,11.91,Eldorado do Sul,RS,Sul,-30.0,-51.61
2024,15,6.69,0.73,0.77,32.13,81.02,1.42,29.26,13.65,Eldorado do Sul,RS,Sul,-30.0,-51.61
2024,16,2.32,0.71,0.73,32.81,83.44,1.98,19.69,9.41,Eldorado do Sul,RS,Sul,-30.0,-51.61
2024,17,18.98,0.73,0.8,24.31,90.52,4.24,8.59,4.41,Eldorado do Sul,RS,Sul,-30.0,-51.61
2024,18,2.32,0.73,0.76,31.95,85.74,2.68,10.1,5.22,Eldorado do Sul,RS,Sul,-30.0,-51.61
2024,19,4.52,0.72,0.75,31.94,83.18,1.83,24.1,11.35,Eldorado do Sul,RS,Sul,-30.0,-51.61
2024,20,9.75,0.73,0.77,29.58,84.26,2.28,13.01,6.48,Eldorado do Sul,RS,Sul,-30.0,-51.61
2024,21,2.75,0.72,0.75,27.33,80.7,2.69,21.11,9.96,Eldorado do Sul,RS,Sul,-30.0,-51.61
2024,22,0.12,0.71,0.73,26.32,74.98,3.02,19.99,9.46,Eldorado do Sul,RS,Sul,-30.0,-51.61
2024,23,0.11,0.7,0.72,26.74,74.61,2.79,23.65,11.02,Eldorado do Sul,RS,Sul,-30.0,-51.61
2024,24,3.64,0.7,0.72,25.96,79.36,2.92,15.79,7.68,Eldorado do Sul,RS,Sul,-30.0,-51.61
2024,25,0.08,0.69,0.71,26.64,76.18,2.56,27.06,12.25,Eldorado do Sul,RS,Sul,-30.0,-51.61
2024,26,0.35,0.68,0.7,25.72,81.15,2.36,21.39,10.03,Eldorado do Sul,RS,Sul,-30.0,-51.61
2024,27,0.21,0.68,0.7,25.62,83.51,1.75,19.74,9.38,Eldorado do Sul,RS,Sul,-30.0,-51.61
2024,28,4.78,0.68,0.71,26.24,84.39,1.71,19.86,9.48,Eldorado do Sul,RS,Sul,-30.0,-51.61
2024,29,3.11,0.68,0.71,29.1,81.14,1.07,24.29,11.31,Eldorado do Sul,RS,Sul,-30.0,-51.61
2024,30,0.08,0.68,0.69,30.77,75.02,1.28,26.03,12.02,Eldorado do Sul,RS,Sul,-30.0,-51.61
2024,31,0.02,0.67,0.68,30.93,77.0,1.21,30.63,13.87,Eldorado do Sul,RS,Sul,-30.0,-51.61
2024,32,0.02,0.66,0.66,30.66,77.19,1.91,29.62,13.47,Eldorado do Sul,RS,Sul,-30.0,-51.61
2024,33,0.03,0.65,0.66,30.61,77.32,2.41,30.16,13.83,Eldorado do Sul,RS,Sul,-30.0,-51.61
2024,34,0.03,0.65,0.65,34.18,74.92,1.38,27.8,12.84,Eldorado do Sul,RS,Sul,-30.0,-51.61
2024,35,2.21,0.64,0.65,35.48,75.22,1.42,17.36,8.16,Eldorado do Sul,RS,Sul,-30.0,-51.61
2024,36,0.39,0.64,0.65,32.69,80.27,1.8,23.76,11.17,Eldorado do Sul,RS,Sul,-30.0,-51.61
2024,37,0.02,0.64,0.64,32.34,78.09,1.88,22.77,10.74,Eldorado do Sul,RS,Sul,-30.0,-51.61
2024,38,0.01,0.63,0.63,35.13,74.7,1.36,26.03,12.02,Eldorado do Sul,RS,Sul,-30.0,-51.61
2024,39,0.06,0.63,0.63,36.34,73.3,1.53,26.34,12.16,Eldorado do Sul,RS,Sul,-30.0,-51.61
2024,40,0.23,0.62,0.62,36.22,75.37,1.89,26.93,12.5,Eldorado do Sul,RS,Sul,-30.0,-51.61
2024,41,0.03,0.61,0.62,32.86,77.99,1.35,24.47,11.62,Eldorado do Sul,RS,Sul,-30.0,-51.61
2024,42,0.23,0.61,0.62,34.35,73.3,1.15,18.59,8.96,Eldorado do Sul,RS,Sul,-30.0,-51.61
2024,43,1.84,0.61,0.62,35.91,75.37,1.05,16.87,8.14,Eldorado do Sul,RS,Sul,-30.0,-51.61
2024,44,27.83,0.64,0.74,27.17,82.97,2.49,4.8,2.6,Eldorado do Sul,RS,Sul,-30.0,-51.61
2024,45,0.37,0.65,0.67,26.86,70.49,2.54,11.55,5.63,Eldorado do Sul,RS,Sul,-30.0,-51.61
2024,46,0.36,0.64,0.65,28.21,75.66,2.39,15.25,7.37,Eldorado do Sul,RS,Sul,-30.0,-51.61
2024,47,17.23,0.65,0.72,25.62,85.3,2.78,9.99,5.16,Eldorado do Sul,RS,Sul,-30.0,-51.61
2024,48,8.41,0.66,0.72,29.54,85.46,2.01,18.32,8.72,Eldorado do Sul,RS,Sul,-30.0,-51.61
2024,49,1.16,0.66,0.68,30.69,83.85,2.14,25.23,11.85,Eldorado do Sul,RS,Sul,-30.0,-51.61
2024,50,1.35,0.65,0.67,28.74,83.44,2.04,17.45,8.43,Eldorado do Sul,RS,Sul,-30.0,-51.61
2024,51,0.0,0.64,0.65,29.11,75.64,1.84,25.06,11.48,Eldorado do Sul,RS,Sul,-30.0,-51.61
2024,52,0.01,0.63,0.64,29.81,77.3,1.74,27.35,12.54,Eldorado do Sul,RS,Sul,-30.0,-51.61
2024,53,0.13,0.62,0.63,31.96,78.47,1.48,25.41,11.77,Eldorado do Sul,RS,Sul,-30.0,-51.61
2024,54,0.05,0.62,0.62,34.51,73.5,0.76,24.72,11.45,Eldorado do Sul,RS,Sul,-30.0,-51.61
2024,55,0.01,0.61,0.61,33.96,74.21,1.83,24.69,11.53,Eldorado do Sul,RS,Sul,-30.0,-51.61
2024,56,0.05,0.6,0.6,31.49,75.57,2.87,21.01,9.92,Eldorado do Sul,RS,Sul,-30.0,-51.61
2024,57,5.71,0.6,0.63,26.22,88.9,2.73,13.35,6.6,Eldorado do Sul,RS,Sul,-30.0,-51.61
2024,58,3.96,0.61,0.64,31.89,83.69,1.88,16.21,7.76,Eldorado do Sul,RS,Sul,-30.0,-51.61
2024,59,0.85,0.61,0.62,31.84,80.37,1.34,14.06,6.87,Eldorado do Sul,RS,Sul,-30.0,-51.61
2024,60,0.1,0.61,0.61,31.99,78.07,1.27,15.85,7.6,Eldorado do Sul,RS,Sul,-30.0,-51.61
2024,61,0.06,0.6,0.6,32.18,76.15,1.76,22.25,10.38,Eldorado do Sul,RS,Sul,-30.0,-51.61
2024,62,0.01,0.6,0.6,34.22,75.49,1.17,24.59,11.46,Eldorado do Sul,RS,Sul,-30.0,-51.61
2024,63,2.8,0.59,0.6,32.33,77.23,1.93,13.74,6.65,Eldorado do Sul,RS,Sul,-30.0,-51.61
2024,64,1.4,0.59,0.6,27.28,70.29,2.21,5.82,3.04,Eldorado do Sul,RS,Sul,-30.0,-51.61
2024,65,0.04,0.59,0.59,29.02,65.08,1.39,15.36,7.19,Eldorado do Sul,RS,Sul,-30.0,-51.61
2024,66,0.01,0.59,0.58,28.57,66.78,1.32,26.39,11.72,Eldorado do Sul,RS,Sul,-30.0,-51.61
2024,67,0.15,0.58,0.57,31.82,74.71,1.75,24.0,11.03,Eldorado do Sul,RS,Sul,-30.0,-51.61
2024,68,21.38,0.6,0.67,29.25,89.24,1.35,5.03,2.69,Eldorado do Sul,RS,Sul,-30.0,-51.61
2024,69,1.57,0.62,0.64,32.71,81.76,0.93,12.46,6.07,Eldorado do Sul,RS,Sul,-30.0,-51.61
2024,70,0.11,0.61,0.61,32.64,74.09,1.54,20.38,9.37,Eldorado do Sul,RS,Sul,-30.0,-51.61
2024,71,0.02,0.6,0.6,29.95,74.8,1.7,26.02,11.57,Eldorado do Sul,RS,Sul,-30.0,-51.61
2024,72,0.03,0.59,0.59,33.82,75.81,1.16,24.69,11.3,Eldorado do Sul,RS,Sul,-30.0,-51.61
2024,73,0.0,0.59,0.58,35.81,71.1,1.16,22.02,10.13,Eldorado do Sul,RS,Sul,-30.0,-51.61
2024,74,0.01,0.58,0.57,35.95,67.43,0.91,24.15,10.97,Eldorado do Sul,RS,Sul,-30.0,-51.61
2024,75,2.81,0.58,0.59,31.74,80.66,1.45,7.6,3.87,Eldorado do Sul,RS,Sul,-30.0,-51.61
2024,76,3.86,0.58,0.6,31.09,85.47,0.72,8.63,4.27,Eldorado do Sul,RS,Sul,-30.0,-51.61
2024,77,0.32,0.58,0.58,31.86,75.85,1.08,11.77,5.71,Eldorado do Sul,RS,Sul,-30.0,-51.61
2024,78,0.04,0.58,0.57,34.74,75.73,1.25,21.24,9.89,Eldorado do Sul,RS,Sul,-30.0,-51.61
2024,79,0.09,0.58,0.57,33.75,77.14,1.19,11.81,5.79,Eldorado do Sul,RS,Sul,-30.0,-51.61
2024,80,7.51,0.57,0.6,35.78,79.04,1.49,21.73,10.2,Eldorado do Sul,RS,Sul,-30.0,-51.61
2024,81,5.3,0.59,0.63,28.38,77.79,2.81,7.44,3.82,Eldorado do Sul,RS,Sul,-30.0,-51.61
2024,82,0.02,0.59,0.58,26.0,63.95,2.21,18.33,8.36,Eldorado do Sul,RS,Sul,-30.0,-51.61
2024,83,0.01,0.58,0.57,27.66,68.57,2.25,22.4,10.13,Eldorado do Sul,RS,Sul,-30.0,-51.61
2024,84,0.01,0.58,0.57,30.58,68.22,1.17,21.42,9.87,Eldorado do Sul,RS,Sul,-30.0,-51.61
2024,85,0.01,0.57,0.56,31.33,67.97,1.53,19.58,8.95,Eldorado do Sul,RS,Sul,-30.0,-51.61
2024,86,0.01,0.57,0.56,29.3,71.26,1.66,21.81,9.8,Eldorado do Sul,RS,Sul,-30.0,-51.61
2024,87,0.02,0.57,0.55,30.84,74.95,1.57,21.51,9.85,Eldorado do Sul,RS,Sul,-30.0,-51.61
2024,88,0.06,0.56,0.55,32.42,74.38,1.06,15.37,7.25,Eldorado do Sul,RS,Sul,-30.0,-51.61
2024,89,9.33,0.57,0.6,30.21,79.31,1.11,17.46,8.19,Eldorado do Sul,RS,Sul,-30.0,-51.61
2024,90,0.48,0.58,0.58,32.02,75.89,1.36,21.05,9.65,Eldorado do Sul,RS,Sul,-30.0,-51.61
2024,91,0.07,0.57,0.56,33.74,69.27,1.2,19.31,8.86,Eldorado do Sul,RS,Sul,-30.0,-51.61
2024,92,0.88,0.57,0.56,32.89,74.82,1.76,18.61,8.63,Eldorado do Sul,RS,Sul,-30.0,-51.61
2024,93,0.57,0.57,0.56,27.02,75.87,1.86,6.47,3.25,Eldorado do Sul,RS,Sul,-30.0,-51.61
2024,94,0.34,0.57,0.55,33.42,75.4,1.03,20.23,9.36,Eldorado do Sul,RS,Sul,-30.0,-51.61
2024,95,0.48,0.56,0.55,29.66,82.51,1.33,7.74,3.92,Eldorado do Sul,RS,Sul,-30.0,-51.61
2024,96,1.48,0.56,0.56,29.11,73.06,2.1,5.19,2.68,Eldorado do Sul,RS,Sul,-30.0,-51.61
2024,97,0.26,0.56,0.54,27.64,69.93,2.7,20.42,9.19,Eldorado do Sul,RS,Sul,-30.0,-51.61
2024,98,6.67,0.57,0.59,24.98,87.32,1.67,6.0,3.06,Eldorado do Sul,RS,Sul,-30.0,-51.61
2024,99,0.09,0.57,0.57,30.07,77.64,0.91,14.21,6.71,Eldorado do Sul,RS,Sul,-30.0,-51.61
2024,100,0.06,0.57,0.55,31.39,75.11,1.2,16.76,7.8,Eldorado do Sul,RS,Sul,-30.0,-51.61
2024,101,0.53,0.56,0.55,28.54,77.53,2.09,7.69,3.73,Eldorado do Sul,RS,Sul,-30.0,-51.61
2024,102,2.45,0.56,0.56,23.4,79.99,2.96,4.2,2.22,Eldorado do Sul,RS,Sul,-30.0,-51.61
2024,103,3.7,0.56,0.57,23.97,85.38,3.38,5.35,2.78,Eldorado do Sul,RS,Sul,-30.0,-51.61
2024,104,11.0,0.57,0.61,25.95,90.39,2.39,5.55,2.77,Eldorado do Sul,RS,Sul,-30.0,-51.61
2024,105,2.74,0.59,0.62,27.54,88.54,2.22,9.52,4.67,Eldorado do Sul,RS,Sul,-30.0,-51.61
2024,106,7.86,0.59,0.63,28.16,91.01,1.68,10.27,4.98,Eldorado do Sul,RS,Sul,-30.0,-51.61
2024,107,27.84,0.6,0.69,26.07,94.86,1.73,2.57,1.38,Eldorado do Sul,RS,Sul,-30.0,-51.61
2024,108,1.02,0.63,0.66,22.41,78.82,2.71,16.92,7.65,Eldorado do Sul,RS,Sul,-30.0,-51.61
2024,109,0.0,0.62,0.63,24.61,79.36,2.04,19.26,8.63,Eldorado do Sul,RS,Sul,-30.0,-51.61
2024,110,0.01,0.61,0.61,25.94,77.55,1.08,18.94,8.52,Eldorado do Sul,RS,Sul,-30.0,-51.61
2024,111,0.03,0.6,0.6,27.84,75.86,1.01,19.21,8.51,Eldorado do Sul,RS,Sul,-30.0,-51.61
2024,112,0.04,0.59,0.6,28.55,76.48,1.02,18.73,8.34,Eldorado do Sul,RS,Sul,-30.0,-51.61
2024,113,0.01,0.59,0.59,25.99,81.91,1.01,5.84,2.91,Eldorado do Sul,RS,Sul,-30.0,-51.61
2024,114,0.71,0.59,0.59,29.38,83.39,0.91,11.23,5.34,Eldorado do Sul,RS,Sul,-30.0,-51.61
2024,115,6.23,0.59,0.63,25.84,77.13,1.62,6.26,3.0,Eldorado do Sul,RS,Sul,-30.0,-51.61
2024,116,0.06,0.59,0.59,25.63,79.05,1.75,15.37,7.14,Eldorado do Sul,RS,Sul,-30.0,-51.61
2024,117,6.1,0.6,0.63,26.8,93.88,0.94,9.24,4.5,Eldorado do Sul,RS,Sul,-30.0,-51.61
2024,118,28.11,0.61,0.69,32.18,86.43,2.27,6.1,3.03,Eldorado do Sul,RS,Sul,-30.0,-51.61
2024,119,3.36,0.64,0.69,23.08,81.88,1.62,5.52,2.74,Eldorado do Sul,RS,Sul,-30.0,-51.61
2024,120,72.92,0.67,0.8,25.64,92.8,1.72,2.37,1.31,Eldorado do Sul,RS,Sul,-30.0,-51.61
2024,121,87.08,0.76,0.9,26.63,94.17,1.42,0.81,0.48,Eldorado do Sul,RS,Sul,-30.0,-51.61
2024,122,76.51,0.81,0.9,24.2,96.51,1.36,1.17,0.67,Eldorado do Sul,RS,Sul,-30.0,-51.61
2024,123,26.26,0.85,0.9,23.67,94.81,1.78,1.12,0.64,Eldorado do Sul,RS,Sul,-30.0,-51.61
2024,124,3.97,0.82,0.84,19.94,89.87,2.58,4.01,2.07,Eldorado do Sul,RS,Sul,-30.0,-51.61
2024,125,14.74,0.8,0.84,26.01,91.33,1.35,3.91,2.0,Eldorado do Sul,RS,Sul,-30.0,-51.61
2024,126,14.73,0.81,0.86,27.6,91.37,1.07,11.65,5.57,Eldorado do Sul,RS,Sul,-30.0,-51.61
2024,127,0.04,0.79,0.81,29.26,87.02,1.6,15.57,7.09,Eldorado do Sul,RS,Sul,-30.0,-51.61
2024,128,0.12,0.78,0.79,29.45,84.75,1.75,15.14,7.03,Eldorado do Sul,RS,Sul,-30.0,-51.61
2024,129,5.36,0.77,0.8,28.41,87.49,2.23,8.54,4.09,Eldorado do Sul,RS,Sul,-30.0,-51.61
2024,130,0.22,0.77,0.79,19.29,81.45,1.19,11.6,5.26,Eldorado do Sul,RS,Sul,-30.0,-51.61
2024,131,25.15,0.78,0.84,18.78,92.14,1.7,2.25,1.19,Eldorado do Sul,RS,Sul,-30.0,-51.61
2024,132,36.33,0.82,0.88,23.09,93.85,1.44,2.31,1.19,Eldorado do Sul,RS,Sul,-30.0,-51.61
2024,133,52.83,0.87,0.93,21.24,95.92,1.89,1.1,0.62,Eldorado do Sul,RS,Sul,-30.0,-51.61
2024,134,5.0,0.87,0.88,18.6,89.25,2.51,5.04,2.52,Eldorado do Sul,RS,Sul,-30.0,-51.61
2024,135,0.01,0.85,0.85,15.21,80.98,1.53,11.61,5.19,Eldorado do Sul,RS,Sul,-30.0,-51.61
2024,136,0.0,0.84,0.84,15.28,76.67,1.14,15.37,6.67,Eldorado do Sul,RS,Sul,-30.0,-51.61
2024,137,10.98,0.84,0.86,14.36,85.39,0.63,2.38,1.28,Eldorado do Sul,RS,Sul,-30.0,-51.61
2024,138,1.7,0.85,0.86,16.9,80.95,1.05,8.33,3.93,Eldorado do Sul,RS,Sul,-30.0,-51.61
2024,139,0.23,0.84,0.85,16.44,86.43,1.53,6.5,3.12,Eldorado do Sul,RS,Sul,-30.0,-51.61
2024,140,1.79,0.84,0.85,17.23,91.72,1.52,4.51,2.26,Eldorado do Sul,RS,Sul,-30.0,-51.61
2024,141,0.28,0.84,0.84,18.57,88.77,1.03,10.52,4.77,Eldorado do Sul,RS,Sul,-30.0,-51.61
2024,142,0.15,0.84,0.84,20.89,90.5,0.84,13.22,6.1,Eldorado do Sul,RS,Sul,-30.0,-51.61
2024,143,3.56,0.84,0.84,27.18,92.01,1.25,12.15,5.65,Eldorado do Sul,RS,Sul,-30.0,-51.61
2024,144,75.38,0.87,0.94,23.73,95.37,1.79,0.7,0.4,Eldorado do Sul,RS,Sul,-30.0,-51.61
2024,145,31.82,0.91,0.92,18.64,90.5,2.04,4.64,2.32,Eldorado do Sul,RS,Sul,-30.0,-51.61
2024,146,0.67,0.91,0.89,12.46,88.35,1.39,5.07,2.4,Eldorado do Sul,RS,Sul,-30.0,-51.61
2024,147,0.24,0.9,0.88,13.88,87.03,2.12,7.23,3.39,Eldorado do Sul,RS,Sul,-30.0,-51.61
2024,148,22.47,0.91,0.92,15.6,96.31,2.06,2.93,1.53,Eldorado do Sul,RS,Sul,-30.0,-51.61
2024,149,1.15,0.92,0.9,14.54,91.69,2.59,4.65,2.28,Eldorado do Sul,RS,Sul,-30.0,-51.61
2024,150,0.55,0.91,0.89,18.43,86.87,1.25,10.6,4.82,Eldorado do Sul,RS,Sul,-30.0,-51.61
2024,151,0.04,0.91,0.89,18.23,81.76,0.61,12.37,5.47,Eldorado do Sul,RS,Sul,-30.0,-51.61
2024,152,0.18,0.91,0.89,18.06,90.68,1.08,11.71,5.2,Eldorado do Sul,RS,Sul,-30.0,-51.61
2024,153,0.08,0.9,0.89,20.14,91.59,1.18,12.54,5.56,Eldorado do Sul,RS,Sul,-30.0,-51.61
2024,154,0.05,0.9,0.88,23.96,90.18,1.32,13.47,6.08,Eldorado do Sul,RS,Sul,-30.0,-51.61
2024,155,12.56,0.91,0.9,16.51,88.46,1.75,3.49,1.72,Eldorado do Sul,RS,Sul,-30.0,-51.61
2024,156,0.08,0.91,0.89,17.04,88.83,1.68,9.53,4.29,Eldorado do Sul,RS,Sul,-30.0,-51.61
2024,157,0.44,0.91,0.89,21.54,93.44,0.85,10.22,4.73,Eldorado do Sul,RS,Sul,-30.0,-51.61
2024,158,0.2,0.9,0.89,25.85,91.08,0.98,11.66,5.35,Eldorado do Sul,RS,Sul,-30.0,-51.61
2024,159,0.05,0.9,0.88,25.71,89.14,1.0,12.23,5.58,Eldorado do Sul,RS,Sul,-30.0,-51.61
2024,160,0.07,0.9,0.88,25.38,89.67,0.92,9.94,4.45,Eldorado do Sul,RS,Sul,-30.0,-51.61
2024,161,0.01,0.9,0.88,26.06,90.19,1.51,11.0,5.03,Eldorado do Sul,RS,Sul,-30.0,-51.61
2024,162,0.02,0.89,0.88,26.16,90.53,1.48,9.36,4.36,Eldorado do Sul,RS,Sul,-30.0,-51.61
2024,163,0.02,0.89,0.88,22.65,92.46,1.32,6.17,2.94,Eldorado do Sul,RS,Sul,-30.0,-51.61
2024,164,0.02,0.89,0.88,26.37,91.81,1.18,12.48,5.66,Eldorado do Sul,RS,Sul,-30.0,-51.61
2024,165,0.02,0.88,0.87,25.55,88.72,1.41,10.75,4.82,Eldorado do Sul,RS,Sul,-30.0,-51.61
2024,166,0.02,0.88,0.87,26.31,80.84,2.25,12.61,5.69,Eldorado do Sul,RS,Sul,-30.0,-51.61
2024,167,16.06,0.89,0.89,20.39,91.52,1.71,2.4,1.23,Eldorado do Sul,RS,Sul,-30.0,-51.61
2024,168,42.83,0.92,0.94,16.85,94.1,3.25,1.07,0.59,Eldorado do Sul,RS,Sul,-30.0,-51.61
2024,169,2.55,0.93,0.91,20.75,93.94,2.02,4.2,2.06,Eldorado do Sul,RS,Sul,-30.0,-51.61
2024,170,26.6,0.93,0.92,23.98,94.01,0.97,7.11,3.35,Eldorado do Sul,RS,Sul,-30.0,-51.61
2024,171,30.69,0.96,0.95,24.21,92.1,1.36,3.23,1.64,Eldorado do Sul,RS,Sul,-30.0,-51.61
2024,172,7.85,0.97,0.94,19.77,93.32,1.71,3.29,1.67,Eldorado do Sul,RS,Sul,-30.0,-51.61
2024,173,21.87,0.97,0.95,22.15,94.82,1.54,2.39,1.25,Eldorado do Sul,RS,Sul,-30.0,-51.61
2024,174,3.38,0.97,0.94,26.43,89.68,1.36,12.45,5.66,Eldorado do Sul,RS,Sul,-30.0,-51.61
2024,175,7.42,0.97,0.94,25.36,91.06,1.98,7.96,3.68,Eldorado do Sul,RS,Sul,-30.0,-51.61
2024,176,3.94,0.97,0.94,16.73,85.75,1.73,3.54,1.75,Eldorado do Sul,RS,Sul,-30.0,-51.61
2024,177,2.16,0.97,0.94,13.57,86.37,1.86,7.35,3.41,Eldorado do Sul,RS,Sul,-30.0,-51.61
2024,178,11.04,0.97,0.95,13.14,93.29,2.01,5.36,2.58,Eldorado do Sul,RS,Sul,-30.0,-51.61
2024,179,0.09,0.97,0.94,15.36,88.65,1.85,13.39,5.88,Eldorado do Sul,RS,Sul,-30.0,-51.61
2024,180,0.03,0.97,0.93,16.37,90.57,1.8,6.15,2.81,Eldorado do Sul,RS,Sul,-30.0,-51.61
2024,181,0.0,0.97,0.93,10.25,83.31,2.38,13.73,5.87,Eldorado do Sul,RS,Sul,-30.0,-51.61
2024,182,0.0,0.96,0.93,10.64,80.51,1.42,13.69,5.9,Eldorado do Sul,RS,Sul,-30.0,-51.61
2024,183,0.01,0.96,0.93,14.08,76.43,1.1,14.03,6.03,Eldorado do Sul,RS,Sul,-30.0,-51.61
2024,184,0.02,0.96,0.92,17.53,84.31,0.92,13.77,5.97,Eldorado do Sul,RS,Sul,-30.0,-51.61
2024,185,0.3,0.96,0.92,20.01,87.44,1.48,4.54,2.2,Eldorado do Sul,RS,Sul,-30.0,-51.61
2024,186,1.01,0.95,0.92,13.32,92.48,1.57,4.57,2.2,Eldorado do Sul,RS,Sul,-30.0,-51.61
2024,187,9.57,0.96,0.93,10.69,92.88,1.64,1.25,0.7,Eldorado do Sul,RS,Sul,-30.0,-51.61
2024,188,0.04,0.96,0.92,10.74,85.0,1.45,10.92,4.84,Eldorado do Sul,RS,Sul,-30.0,-51.61
2024,189,0.84,0.96,0.92,13.35,90.14,1.97,3.18,1.61,Eldorado do Sul,RS,Sul,-30.0,-51.61
2024,190,0.14,0.96,0.92,11.56,86.64,1.52,3.64,1.76,Eldorado do Sul,RS,Sul,-30.0,-51.61
2024,191,6.89,0.96,0.93,9.65,87.92,1.23,4.27,2.07,Eldorado do Sul,RS,Sul,-30.0,-51.61
2024,192,11.59,0.97,0.94,9.05,95.52,1.04,3.46,1.67,Eldorado do Sul,RS,Sul,-30.0,-51.61
2024,193,1.41,0.97,0.93,12.37,92.48,0.61,3.95,1.93,Eldorado do Sul,RS,Sul,-30.0,-51.61
2024,194,0.44,0.97,0.93,13.02,88.77,1.25,8.6,3.88,Eldorado do Sul,RS,Sul,-30.0,-51.61
2024,195,5.69,0.97,0.93,12.83,95.45,2.17,3.21,1.6,Eldorado do Sul,RS,Sul,-30.0,-51.61
2024,196,6.06,0.97,0.94,15.47,95.74,2.56,3.33,1.7,Eldorado do Sul,RS,Sul,-30.0,-51.61
2024,197,0.68,0.97,0.93,16.65,92.28,2.29,6.91,3.24,Eldorado do Sul,RS,Sul,-30.0,-51.61
2024,198,1.79,0.97,0.93,17.43,96.43,1.7,8.64,4.04,Eldorado do Sul,RS,Sul,-30.0,-51.61
2024,199,0.34,0.97,0.93,19.26,92.78,1.35,9.71,4.39,Eldorado do Sul,RS,Sul,-30.0,-51.61
2024,200,0.03,0.97,0.93,19.31,89.93,0.92,12.97,5.73,Eldorado do Sul,RS,Sul,-30.0,-51.61
2024,201,0.05,0.96,0.93,23.34,89.35,1.05,14.2,6.33,Eldorado do Sul,RS,Sul,-30.0,-51.61
2024,202,0.02,0.96,0.93,18.79,93.6,1.6,7.51,3.43,Eldorado do Sul,RS,Sul,-30.0,-51.61
2024,203,0.0,0.96,0.92,21.48,90.21,1.02,12.5,5.58,Eldorado do Sul,RS,Sul,-30.0,-51.61
2024,204,0.03,0.96,0.92,23.99,88.32,0.83,12.99,5.83,Eldorado do Sul,RS,Sul,-30.0,-51.61
2024,205,0.01,0.96,0.92,24.18,90.75,0.88,13.23,5.92,Eldorado do Sul,RS,Sul,-30.0,-51.61
2024,206,0.04,0.95,0.92,24.16,91.54,1.14,14.06,6.15,Eldorado do Sul,RS,Sul,-30.0,-51.61
2024,207,0.06,0.95,0.91,23.65,90.28,1.13,11.05,5.0,Eldorado do Sul,RS,Sul,-30.0,-51.61
2024,208,0.1,0.95,0.91,20.2,89.92,1.48,9.66,4.42,Eldorado do Sul,RS,Sul,-30.0,-51.61
2024,209,2.82,0.94,0.91,22.0,93.3,0.74,5.36,2.55,Eldorado do Sul,RS,Sul,-30.0,-51.61
2024,210,15.65,0.94,0.92,18.62,93.47,2.12,3.66,1.78,Eldorado do Sul,RS,Sul,-30.0,-51.61
2024,211,3.97,0.96,0.93,14.66,85.95,2.65,4.57,2.23,Eldorado do Sul,RS,Sul,-30.0,-51.61
2024,212,0.01,0.95,0.92,16.4,85.65,1.73,12.43,5.61,Eldorado do Sul,RS,Sul,-30.0,-51.61
2024,213,0.04,0.95,0.91,21.47,87.47,1.17,15.34,6.78,Eldorado do Sul,RS,Sul,-30.0,-51.61
2024,214,0.01,0.95,0.91,24.26,91.28,1.19,12.45,5.62,Eldorado do Sul,RS,Sul,-30.0,-51.61
2024,215,0.01,0.94,0.91,25.74,90.61,1.38,14.85,6.56,Eldorado do Sul,RS,Sul,-30.0,-51.61
2024,216,0.08,0.94,0.9,26.43,89.05,2.09,11.79,5.17,Eldorado do Sul,RS,Sul,-30.0,-51.61
2024,217,8.39,0.94,0.92,20.19,92.2,2.26,2.21,1.14,Eldorado do Sul,RS,Sul,-30.0,-51.61
2024,218,2.63,0.94,0.91,22.54,92.48,1.81,9.86,4.42,Eldorado do Sul,RS,Sul,-30.0,-51.61
2024,219,10.99,0.95,0.92,25.41,92.47,1.27,3.53,1.61,Eldorado do Sul,RS,Sul,-30.0,-51.61
2024,220,10.9,0.95,0.93,22.2,92.86,0.91,3.0,1.53,Eldorado do Sul,RS,Sul,-30.0,-51.61
2024,221,2.01,0.96,0.92,15.45,90.74,1.42,2.72,1.4,Eldorado do Sul,RS,Sul,-30.0,-51.61
2024,222,0.28,0.95,0.92,11.95,86.23,2.61,8.39,3.82,Eldorado do Sul,RS,Sul,-30.0,-51.61
2024,223,0.11,0.95,0.91,14.75,86.29,1.62,9.56,4.31,Eldorado do Sul,RS,Sul,-30.0,-51.61
2024,224,0.09,0.95,0.91,16.22,83.55,2.36,17.01,7.36,Eldorado do Sul,RS,Sul,-30.0,-51.61
2024,225,0.03,0.94,0.91,12.29,81.92,2.09,16.54,7.15,Eldorado do Sul,RS,Sul,-30.0,-51.61
2024,226,0.0,0.94,0.91,14.23,79.25,0.79,17.92,7.71,Eldorado do Sul,RS,Sul,-30.0,-51.61
2024,227,0.01,0.93,0.9,20.58,78.59,0.78,17.47,7.51,Eldorado do Sul,RS,Sul,-30.0,-51.61
2024,228,0.01,0.93,0.9,21.77,83.17,0.65,14.75,6.43,Eldorado do Sul,RS,Sul,-30.0,-51.61
2024,229,0.03,0.93,0.9,21.0,89.45,0.96,10.65,4.46,Eldorado do Sul,RS,Sul,-30.0,-51.61
2024,230,0.58,0.92,0.9,17.76,92.71,2.49,5.63,2.6,Eldorado do Sul,RS,Sul,-30.0,-51.61
2024,231,0.23,0.92,0.9,24.51,92.16,1.06,10.35,4.61,Eldorado do Sul,RS,Sul,-30.0,-51.61
2024,232,2.48,0.92,0.9,27.05,89.57,1.43,9.51,4.23,Eldorado do Sul,RS,Sul,-30.0,-51.61
2024,233,5.77,0.92,0.91,19.35,91.76,3.39,4.31,2.08,Eldorado do Sul,RS,Sul,-30.0,-51.61
2024,234,0.13,0.92,0.9,25.13,90.7,1.71,15.38,6.74,Eldorado do Sul,RS,Sul,-30.0,-51.61
2024,235,8.48,0.92,0.91,24.71,91.53,1.75,4.96,2.32,Eldorado do Sul,RS,Sul,-30.0,-51.61
2024,236,3.31,0.93,0.9,16.22,86.2,1.35,2.75,1.41,Eldorado do Sul,RS,Sul,-30.0,-51.61
2024,237,1.76,0.93,0.9,13.99,83.06,1.44,9.26,4.22,Eldorado do Sul,RS,Sul,-30.0,-51.61
2024,238,0.02,0.92,0.9,13.55,82.72,2.26,15.65,6.88,Eldorado do Sul,RS,Sul,-30.0,-51.61
2024,239,0.01,0.92,0.89,16.39,80.78,1.3,19.29,8.37,Eldorado do Sul,RS,Sul,-30.0,-51.61
2024,240,0.03,0.91,0.89,18.22,84.86,0.98,19.17,8.39,Eldorado do Sul,RS,Sul,-30.0,-51.61
2024,241,0.01,0.91,0.89,19.42,87.98,1.92,15.5,6.92,Eldorado do Sul,RS,Sul,-30.0,-51.61
2024,242,0.0,0.9,0.89,22.17,88.89,0.79,7.22,3.27,Eldorado do Sul,RS,Sul,-30.0,-51.61
2024,243,0.05,0.9,0.88,21.14,89.51,2.18,10.72,4.57,Eldorado do Sul,RS,Sul,-30.0,-51.61
2024,244,0.48,0.9,0.88,23.69,89.66,2.49,10.28,4.54,Eldorado do Sul,RS,Sul,-30.0,-51.61
2024,245,0.52,0.9,0.88,18.25,82.02,3.39,16.43,7.26,Eldorado do Sul,RS,Sul,-30.0,-51.61
2024,246,0.05,0.89,0.88,19.41,84.61,1.25,16.2,7.27,Eldorado do Sul,RS,Sul,-30.0,-51.61
2024,247,0.01,0.89,0.88,22.56,86.41,1.28,15.69,6.76,Eldorado do Sul,RS,Sul,-30.0,-51.61
2024,248,29.72,0.89,0.91,18.94,90.91,2.64,7.88,3.45,Eldorado do Sul,RS,Sul,-30.0,-51.61
2024,249,0.15,0.91,0.89,18.47,77.67,1.3,16.74,7.34,Eldorado do Sul,RS,Sul,-30.0,-51.61
2024,250,0.12,0.9,0.88,20.4,86.28,1.31,20.82,8.97,Eldorado do Sul,RS,Sul,-30.0,-51.61
2024,251,0.16,0.9,0.88,24.5,90.11,0.79,6.8,2.61,Eldorado do Sul,RS,Sul,-30.0,-51.61
2024,252,0.31,0.89,0.88,23.45,91.23,1.93,11.39,4.9,Eldorado do Sul,RS,Sul,-30.0,-51.61
2024,253,0.16,0.89,0.88,25.3,91.96,1.69,10.37,4.6,Eldorado do Sul,RS,Sul,-30.0,-51.61
2024,254,0.12,0.89,0.87,28.49,88.92,1.15,10.72,4.05,Eldorado do Sul,RS,Sul,-30.0,-51.61
2024,255,0.02,0.88,0.87,28.33,88.05,1.66,8.22,3.33,Eldorado do Sul,RS,Sul,-30.0,-51.61
2024,256,4.68,0.88,0.88,16.95,93.32,2.44,2.22,1.06,Eldorado do Sul,RS,Sul,-30.0,-51.61
2024,257,16.81,0.89,0.9,23.99,93.71,1.36,4.24,1.93,Eldorado do Sul,RS,Sul,-30.0,-51.61
2024,258,0.76,0.9,0.88,22.51,86.4,1.92,10.68,5.04,Eldorado do Sul,RS,Sul,-30.0,-51.61
2024,259,0.03,0.89,0.88,19.44,84.04,1.99,11.79,5.46,Eldorado do Sul,RS,Sul,-30.0,-51.61
2024,260,0.02,0.89,0.87,21.95,84.58,1.55,14.38,6.53,Eldorado do Sul,RS,Sul,-30.0,-51.61
2024,261,0.0,0.88,0.87,23.29,84.37,1.88,22.37,9.9,Eldorado do Sul,RS,Sul,-30.0,-51.61
2024,262,0.0,0.87,0.87,23.38,84.03,1.28,20.99,9.43,Eldorado do Sul,RS,Sul,-30.0,-51.61
2024,263,1.63,0.87,0.87,25.5,87.79,1.35,15.38,6.73,Eldorado do Sul,RS,Sul,-30.0,-51.61
2024,264,32.73,0.89,0.91,25.67,90.82,1.01,4.26,1.87,Eldorado do Sul,RS,Sul,-30.0,-51.61
2024,265,0.02,0.89,0.88,23.42,85.22,1.37,16.27,7.22,Eldorado do Sul,RS,Sul,-30.0,-51.61
2024,266,0.53,0.88,0.87,29.99,87.95,1.12,21.42,9.58,Eldorado do Sul,RS,Sul,-30.0,-51.61
2024,267,1.72,0.88,0.87,31.69,88.71,1.18,5.48,2.14,Eldorado do Sul,RS,Sul,-30.0,-51.61
2024,268,1.39,0.88,0.87,26.08,91.12,2.35,6.35,2.73,Eldorado do Sul,RS,Sul,-30.0,-51.61
2024,269,26.3,0.88,0.9,23.28,92.96,2.1,2.92,1.3,Eldorado do Sul,RS,Sul,-30.0,-51.61
2024,270,35.82,0.92,0.94,19.45,92.26,1.81,1.6,0.8,Eldorado do Sul,RS,Sul,-30.0,-51.61
2024,271,1.08,0.93,0.9,23.05,86.51,1.72,18.28,8.36,Eldorado do Sul,RS,Sul,-30.0,-51.61
2024,272,0.0,0.92,0.89,24.37,83.09,0.94,24.1,10.74,Eldorado do Sul,RS,Sul,-30.0,-51.61
2024,273,0.01,0.91,0.89,28.52,81.97,1.03,24.95,11.14,Eldorado do Sul,RS,Sul,-30.0,-51.61
2024,274,1.02,0.9,0.89,30.94,84.05,1.51,23.84,10.64,Eldorado do Sul,RS,Sul,-30.0,-51.61
2024,275,18.25,0.9,0.91,26.9,90.1,1.81,5.86,2.8,Eldorado do Sul,RS,Sul,-30.0,-51.61
2024,276,18.97,0.93,0.92,20.13,87.52,2.16,6.8,3.28,Eldorado do Sul,RS,Sul,-30.0,-51.61
2024,277,0.01,0.92,0.89,19.06,78.04,1.88,23.73,10.58,Eldorado do Sul,RS,Sul,-30.0,-51.61
2024,278,0.02,0.91,0.89,21.4,80.09,1.87,25.89,11.52,Eldorado do Sul,RS,Sul,-30.0,-51.61
2024,279,0.01,0.9,0.88,24.48,83.84,1.38,25.92,11.52,Eldorado do Sul,RS,Sul,-30.0,-51.61
2024,280,0.02,0.9,0.88,23.8,86.51,2.33,21.66,9.8,Eldorado do Sul,RS,Sul,-30.0,-51.61
2024,281,2.55,0.89,0.88,22.18,91.02,2.36,5.52,2.8,Eldorado do Sul,RS,Sul,-30.0,-51.61
2024,282,3.45,0.9,0.89,21.3,94.0,1.99,2.53,1.25,Eldorado do Sul,RS,Sul,-30.0,-51.61
2024,283,1.84,0.9,0.88,20.12,89.78,3.7,4.59,2.25,Eldorado do Sul,RS,Sul,-30.0,-51.61
2024,284,2.16,0.89,0.88,21.77,91.09,2.53,6.59,3.31,Eldorado do Sul,RS,Sul,-30.0,-51.61
2024,285,2.7,0.89,0.88,22.32,93.78,0.99,7.51,3.85,Eldorado do Sul,RS,Sul,-30.0,-51.61
2024,286,0.38,0.89,0.87,24.99,81.29,1.72,24.66,11.11,Eldorado do Sul,RS,Sul,-30.0,-51.61
2024,287,0.04,0.88,0.87,24.94,83.77,2.4,25.08,11.4,Eldorado do Sul,RS,Sul,-30.0,-51.61
2024,288,0.03,0.87,0.86,24.97,84.71,1.58,21.12,9.64,Eldorado do Sul,RS,Sul,-30.0,-51.61
2024,289,1.47,0.87,0.87,22.95,92.17,1.25,3.7,1.92,Eldorado do Sul,RS,Sul,-30.0,-51.61
2024,290,0.26,0.87,0.86,26.07,82.99,1.49,19.79,9.09,Eldorado do Sul,RS,Sul,-30.0,-51.61
2024,291,0.0,0.86,0.85,25.88,79.3,1.2,27.23,12.04,Eldorado do Sul,RS,Sul,-30.0,-51.61
2024,292,0.01,0.85,0.85,24.79,83.23,1.13,11.99,5.69,Eldorado do Sul,RS,Sul,-30.0,-51.61
2024,293,0.0,0.85,0.85,25.29,84.43,1.75,22.38,10.15,Eldorado do Sul,RS,Sul,-30.0,-51.61
2024,294,0.0,0.84,0.84,26.38,83.38,2.23,28.32,12.59,Eldorado do Sul,RS,Sul,-30.0,-51.61
2024,295,0.0,0.83,0.84,29.93,83.24,1.09,25.07,11.54,Eldorado do Sul,RS,Sul,-30.0,-51.61
2024,296,0.0,0.83,0.83,31.39,82.47,1.28,25.97,12.02,Eldorado do Sul,RS,Sul,-30.0,-51.61
2024,297,1.23,0.82,0.83,27.93,88.78,1.83,15.1,7.24,Eldorado do Sul,RS,Sul,-30.0,-51.61
2024,298,3.48,0.82,0.83,31.6,84.97,2.94,8.82,4.29,Eldorado do Sul,RS,Sul,-30.0,-51.61
2024,299,0.09,0.82,0.82,25.57,78.7,2.64,21.48,9.9,Eldorado do Sul,RS,Sul,-30.0,-51.61
2024,300,0.0,0.81,0.81,22.0,72.25,2.08,28.17,12.48,Eldorado do Sul,RS,Sul,-30.0,-51.61
2024,301,0.0,0.8,0.81,23.01,73.15,1.47,29.74,13.19,Eldorado do Sul,RS,Sul,-30.0,-51.61
2024,302,0.0,0.79,0.8,27.27,80.31,1.2,28.56,12.93,Eldorado do Sul,RS,Sul,-30.0,-51.61
2024,303,0.0,0.79,0.8,27.87,84.14,1.61,24.88,11.31,Eldorado do Sul,RS,Sul,-30.0,-51.61
2024,304,0.0,0.78,0.79,27.52,85.33,2.73,26.5,12.16,Eldorado do Sul,RS,Sul,-30.0,-51.61
2024,305,0.0,0.78,0.79,29.19,81.85,2.27,28.87,13.25,Eldorado do Sul,RS,Sul,-30.0,-51.61
2024,306,1.35,0.77,0.79,28.58,80.07,1.2,25.34,11.74,Eldorado do Sul,RS,Sul,-30.0,-51.61
2024,307,0.59,0.77,0.79,24.98,91.61,1.37,12.54,6.13,Eldorado do Sul,RS,Sul,-30.0,-51.61
2024,308,0.63,0.77,0.78,29.16,86.72,1.78,16.19,7.78,Eldorado do Sul,RS,Sul,-30.0,-51.61
2024,309,0.09,0.76,0.78,29.78,82.2,1.63,17.74,8.33,Eldorado do Sul,RS,Sul,-30.0,-51.61
2024,310,0.31,0.76,0.77,30.42,83.9,2.11,19.31,9.19,Eldorado do Sul,RS,Sul,-30.0,-51.61
2024,311,0.9,0.75,0.77,26.88,87.6,2.6,13.95,6.83,Eldorado do Sul,RS,Sul,-30.0,-51.61
2024,312,6.95,0.76,0.79,27.31,91.36,2.38,13.88,6.87,Eldorado do Sul,RS,Sul,-30.0,-51.61
2024,313,4.72,0.77,0.8,23.49,83.34,2.79,12.54,6.08,Eldorado do Sul,RS,Sul,-30.0,-51.61
2024,314,0.06,0.76,0.77,23.96,75.34,1.7,24.14,10.86,Eldorado do Sul,RS,Sul,-30.0,-51.61
2024,315,0.01,0.75,0.76,28.12,80.33,1.53,30.0,13.53,Eldorado do Sul,RS,Sul,-30.0,-51.61
2024,316,2.6,0.74,0.76,30.92,79.96,1.78,26.99,12.32,Eldorado do Sul,RS,Sul,-30.0,-51.61
2024,317,0.0,0.74,0.75,22.51,69.03,1.97,24.13,10.8,Eldorado do Sul,RS,Sul,-30.0,-51.61
2024,318,0.0,0.73,0.74,24.36,64.03,1.1,31.01,13.82,Eldorado do Sul,RS,Sul,-30.0,-51.61
2024,319,0.0,0.72,0.74,26.46,64.37,1.29,30.61,13.78,Eldorado do Sul,RS,Sul,-30.0,-51.61
2024,320,0.0,0.71,0.73,28.24,80.15,1.92,27.48,12.61,Eldorado do Sul,RS,Sul,-30.0,-51.61
2024,321,0.0,0.71,0.72,32.07,79.98,1.65,29.48,13.55,Eldorado do Sul,RS,Sul,-30.0,-51.61
2024,322,0.74,0.7,0.72,34.89,73.94,0.98,27.99,12.95,Eldorado do Sul,RS,Sul,-30.0,-51.61
2024,323,2.5,0.7,0.72,30.63,79.54,2.17,15.6,7.58,Eldorado do Sul,RS,Sul,-30.0,-51.61
2024,324,14.51,0.7,0.75,24.23,81.97,3.26,6.88,3.61,Eldorado do Sul,RS,Sul,-30.0,-51.61
2024,325,25.73,0.75,0.83,21.77,85.01,3.94,7.74,3.95,Eldorado do Sul,RS,Sul,-30.0,-51.61
2024,326,0.18,0.74,0.76,24.4,80.64,3.77,15.76,7.55,Eldorado do Sul,RS,Sul,-30.0,-51.61
2024,327,0.38,0.73,0.75,24.6,83.63,3.19,12.32,6.04,Eldorado do Sul,RS,Sul,-30.0,-51.61
2024,328,0.05,0.72,0.74,26.35,80.03,3.61,23.5,10.97,Eldorado do Sul,RS,Sul,-30.0,-51.61
2024,329,0.0,0.71,0.73,28.97,78.45,1.85,30.87,14.06,Eldorado do Sul,RS,Sul,-30.0,-51.61
2024,330,0.0,0.7,0.72,30.53,73.84,1.31,21.28,9.95,Eldorado do Sul,RS,Sul,-30.0,-51.61
2024,331,0.14,0.7,0.71,33.3,78.39,1.18,12.03,5.97,Eldorado do Sul,RS,Sul,-30.0,-51.61
2024,332,0.86,0.69,0.71,31.61,82.04,0.92,17.68,8.43,Eldorado do Sul,RS,Sul,-30.0,-51.61
2024,333,1.46,0.69,0.71,26.18,85.54,1.93,11.28,5.61,Eldorado do Sul,RS,Sul,-30.0,-51.61
2024,334,0.7,0.69,0.71,28.5,82.73,2.07,17.81,8.53,Eldorado do Sul,RS,Sul,-30.0,-51.61
2024,335,0.02,0.68,0.69,28.62,78.69,2.01,22.77,10.66,Eldorado do Sul,RS,Sul,-30.0,-51.61
2024,336,2.11,0.67,0.69,33.52,78.31,2.19,27.57,12.95,Eldorado do Sul,RS,Sul,-30.0,-51.61
2024,337,7.46,0.68,0.73,26.21,75.62,2.3,13.18,6.37,Eldorado do Sul,RS,Sul,-30.0,-51.61
2024,338,1.36,0.68,0.69,25.97,70.09,1.73,23.82,10.81,Eldorado do Sul,RS,Sul,-30.0,-51.61
2024,339,0.12,0.67,0.68,25.8,71.61,1.71,28.86,13.08,Eldorado do Sul,RS,Sul,-30.0,-51.61
2024,340,0.01,0.66,0.67,31.37,75.41,1.13,31.52,14.33,Eldorado do Sul,RS,Sul,-30.0,-51.61
2024,341,3.47,0.66,0.67,33.12,80.82,2.42,14.08,6.9,Eldorado do Sul,RS,Sul,-30.0,-51.61
2024,342,12.36,0.68,0.74,26.1,79.85,1.84,7.17,3.78,Eldorado do Sul,RS,Sul,-30.0,-51.61
2024,343,0.12,0.67,0.69,22.85,72.1,2.24,13.25,6.46,Eldorado do Sul,RS,Sul,-30.0,-51.61
2024,344,0.99,0.67,0.68,23.57,78.22,2.93,11.75,5.83,Eldorado do Sul,RS,Sul,-30.0,-51.61
2024,345,0.87,0.66,0.68,26.64,81.37,2.42,17.37,8.25,Eldorado do Sul,RS,Sul,-30.0,-51.61
2024,346,0.01,0.66,0.66,27.44,77.88,2.46,28.43,13.05,Eldorado do Sul,RS,Sul,-30.0,-51.61
2024,347,0.0,0.65,0.65,31.33,75.56,2.01,30.18,13.86,Eldorado do Sul,RS,Sul,-30.0,-51.61
2024,348,18.59,0.65,0.7,29.99,84.33,1.44,17.74,8.44,Eldorado do Sul,RS,Sul,-30.0,-51.61
2024,349,6.2,0.68,0.73,29.87,81.2,3.21,15.97,7.72,Eldorado do Sul,RS,Sul,-30.0,-51.61
2024,350,14.5,0.68,0.73,26.37,78.05,3.26,19.66,9.33,Eldorado do Sul,RS,Sul,-30.0,-51.61
2024,351,9.36,0.69,0.74,26.63,81.23,2.73,14.99,7.38,Eldorado do Sul,RS,Sul,-30.0,-51.61
2024,352,0.51,0.68,0.7,26.22,77.06,1.33,29.22,13.17,Eldorado do Sul,RS,Sul,-30.0,-51.61
2024,353,0.01,0.67,0.68,28.37,80.56,1.92,30.91,14.11,Eldorado do Sul,RS,Sul,-30.0,-51.61
2024,354,5.77,0.66,0.69,29.94,82.08,1.18,16.57,7.97,Eldorado do Sul,RS,Sul,-30.0,-51.61
2024,355,7.45,0.67,0.72,30.24,79.8,1.65,25.67,11.98,Eldorado do Sul,RS,Sul,-30.0,-51.61
2024,356,2.74,0.66,0.69,27.76,77.66,2.46,22.25,10.4,Eldorado do Sul,RS,Sul,-30.0,-51.61
2024,357,14.85,0.68,0.75,23.45,78.73,2.55,12.0,5.86,Eldorado do Sul,RS,Sul,-30.0,-51.61
2024,358,0.03,0.67,0.69,25.87,73.93,2.2,31.87,14.3,Eldorado do Sul,RS,Sul,-30.0,-51.61
2024,359,8.07,0.66,0.7,30.76,78.89,1.29,28.16,12.99,Eldorado do Sul,RS,Sul,-30.0,-51.61
2024,360,7.35,0.67,0.73,27.3,76.74,1.89,19.09,9.01,Eldorado do Sul,RS,Sul,-30.0,-51.61
2024,361,0.04,0.67,0.68,26.8,71.22,2.02,31.03,13.93,Eldorado do Sul,RS,Sul,-30.0,-51.61
2024,362,0.0,0.65,0.67,28.88,71.34,1.67,30.25,13.61,Eldorado do Sul,RS,Sul,-30.0,-51.61
2024,363,0.1,0.64,0.65,29.25,72.87,1.21,28.66,13.03,Eldorado do Sul,RS,Sul,-30.0,-51.61
2024,364,0.29,0.64,0.64,28.5,76.62,1.94,27.72,12.73,Eldorado do Sul,RS,Sul,-30.0,-51.61
2024,365,0.03,0.63,0.63,29.15,77.74,2.37,26.56,12.33,Eldorado do Sul,RS,Sul,-30.0,-51.61
2024,366,7.64,0.63,0.67,29.85,80.77,2.31,25.41,11.92,Eldorado do Sul,RS,Sul,-30.0,-51.61
2025,1,20.4,0.64,0.72,33.13,79.19,1.23,24.35,11.35,Eldorado do Sul,RS,Sul,-30.0,-51.61
2025,2,6.84,0.67,0.72,32.79,75.37,1.41,25.83,12.04,Eldorado do Sul,RS,Sul,-30.0,-51.61
2025,3,0.1,0.65,0.66,30.31,67.74,1.9,28.11,12.9,Eldorado do Sul,RS,Sul,-30.0,-51.61
2025,4,0.01,0.64,0.65,29.19,66.12,1.67,31.95,14.38,Eldorado do Sul,RS,Sul,-30.0,-51.61
2025,5,0.0,0.63,0.64,29.59,71.29,1.23,26.38,12.05,Eldorado do Sul,RS,Sul,-30.0,-51.61
2025,6,0.03,0.62,0.62,28.95,69.52,1.5,30.76,13.86,Eldorado do Sul,RS,Sul,-30.0,-51.61
2025,7,0.09,0.61,0.62,28.58,69.14,1.58,30.52,13.76,Eldorado do Sul,RS,Sul,-30.0,-51.61
2025,8,0.22,0.61,0.61,28.35,75.55,2.71,26.04,12.07,Eldorado do Sul,RS,Sul,-30.0,-51.61
2025,9,0.02,0.6,0.61,29.24,73.85,2.94,29.29,13.54,Eldorado do Sul,RS,Sul,-30.0,-51.61
2025,10,0.04,0.6,0.6,30.08,72.44,2.82,26.76,12.48,Eldorado do Sul,RS,Sul,-30.0,-51.61
2025,11,0.16,0.6,0.59,28.91,70.09,3.18,21.47,10.18,Eldorado do Sul,RS,Sul,-30.0,-51.61
2025,12,0.02,0.59,0.59,28.64,69.63,2.48,28.96,13.25,Eldorado do Sul,RS,Sul,-30.0,-51.61
2025,13,0.0,0.59,0.59,28.95,72.32,2.32,29.15,13.38,Eldorado do Sul,RS,Sul,-30.0,-51.61
2025,14,0.0,0.58,0.58,31.12,70.33,2.33,29.98,13.76,Eldorado do Sul,RS,Sul,-30.0,-51.61
2025,15,0.28,0.58,0.58,31.51,73.76,1.62,21.84,10.26,Eldorado do Sul,RS,Sul,-30.0,-51.61
2025,16,6.34,0.58,0.59,34.37,74.14,1.72,25.23,11.86,Eldorado do Sul,RS,Sul,-30.0,-51.61
2025,17,4.07,0.59,0.61,35.79,73.62,1.21,26.0,12.18,Eldorado do Sul,RS,Sul,-30.0,-51.61
2025,18,1.87,0.59,0.6,34.92,72.98,1.41,23.7,11.12,Eldorado do Sul,RS,Sul,-30.0,-51.61
2025,19,2.92,0.58,0.58,35.6,72.61,1.18,25.61,11.97,Eldorado do Sul,RS,Sul,-30.0,-51.61
2025,20,1.8,0.58,0.58,33.29,69.93,1.94,20.59,9.67,Eldorado do Sul,RS,Sul,-30.0,-51.61
2025,21,0.6,0.57,0.56,32.79,69.67,2.22,27.91,12.86,Eldorado do Sul,RS,Sul,-30.0,-51.61
2025,22,0.02,0.57,0.55,35.1,66.12,1.2,28.04,12.85,Eldorado do Sul,RS,Sul,-30.0,-51.61
2025,23,0.01,0.56,0.54,37.53,66.55,1.86,29.24,13.4,Eldorado do Sul,RS,Sul,-30.0,-51.61
2025,24,2.86,0.56,0.55,34.58,74.33,1.02,14.57,7.05,Eldorado do Sul,RS,Sul,-30.0,-51.61
2025,25,7.12,0.57,0.61,33.7,75.89,1.93,19.14,9.14,Eldorado do Sul,RS,Sul,-30.0,-51.61
2025,26,1.02,0.57,0.57,32.11,68.92,2.26,24.68,11.29,Eldorado do Sul,RS,Sul,-30.0,-51.61
2025,27,2.5,0.57,0.57,27.92,80.07,1.95,20.74,9.86,Eldorado do Sul,RS,Sul,-30.0,-51.61
2025,28,6.83,0.57,0.6,34.1,76.13,1.27,19.4,9.22,Eldorado do Sul,RS,Sul,-30.0,-51.61
2025,29,4.86,0.58,0.6,31.61,77.54,2.37,18.84,8.92,Eldorado do Sul,RS,Sul,-30.0,-51.61
2025,30,1.45,0.58,0.58,29.31,75.8,2.43,10.37,5.2,Eldorado do Sul,RS,Sul,-30.0,-51.61
2025,31,0.52,0.57,0.57,31.88,71.91,1.3,21.59,10.14,Eldorado do Sul,RS,Sul,-30.0,-51.61
2025,32,0.02,0.57,0.55,33.76,66.4,1.42,25.25,11.68,Eldorado do Sul,RS,Sul,-30.0,-51.61
2025,33,0.03,0.56,0.54,35.14,71.2,1.62,27.66,12.83,Eldorado do Sul,RS,Sul,-30.0,-51.61
2025,34,0.23,0.56,0.53,37.18,68.33,1.87,27.53,12.77,Eldorado do Sul,RS,Sul,-30.0,-51.61
2025,35,0.05,0.55,0.52,39.79,65.73,1.74,28.8,13.4,Eldorado do Sul,RS,Sul,-30.0,-51.61
2025,36,2.32,0.55,0.52,38.12,68.57,1.87,28.92,13.3,Eldorado do Sul,RS,Sul,-30.0,-51.61
2025,37,2.56,0.55,0.54,36.65,66.61,2.58,18.15,8.65,Eldorado do Sul,RS,Sul,-30.0,-51.61
2025,38,0.6,0.55,0.51,34.53,65.24,2.12,23.41,10.81,Eldorado do Sul,RS,Sul,-30.0,-51.61
2025,39,0.09,0.55,0.5,35.96,65.18,2.02,29.98,13.68,Eldorado do Sul,RS,Sul,-30.0,-51.61
2025,40,0.01,0.54,0.48,39.59,59.09,1.45,28.11,12.89,Eldorado do Sul,RS,Sul,-30.0,-51.61
2025,41,0.0,0.54,0.47,39.45,58.45,1.36,28.5,13.02,Eldorado do Sul,RS,Sul,-30.0,-51.61
2025,42,2.63,0.54,0.47,40.63,59.75,1.64,23.73,11.14,Eldorado do Sul,RS,Sul,-30.0,-51.61
2025,43,11.48,0.55,0.58,36.71,74.71,1.36,13.68,6.62,Eldorado do Sul,RS,Sul,-30.0,-51.61
2025,44,4.15,0.56,0.58,32.57,75.02,2.12,11.42,5.66,Eldorado do Sul,RS,Sul,-30.0,-51.61
2025,45,0.01,0.56,0.54,33.29,65.19,2.39,24.31,11.33,Eldorado do Sul,RS,Sul,-30.0,-51.61
2025,46,25.46,0.57,0.65,33.95,75.91,1.22,16.1,7.7,Eldorado do Sul,RS,Sul,-30.0,-51.61
2025,47,34.05,0.62,0.76,34.27,84.91,1.19,18.96,9.08,Eldorado do Sul,RS,Sul,-30.0,-51.61
2025,48,9.85,0.65,0.72,29.67,89.84,1.35,5.61,2.98,Eldorado do Sul,RS,Sul,-30.0,-51.61
2025,49,0.21,0.64,0.66,27.93,76.72,1.73,20.46,9.5,Eldorado do Sul,RS,Sul,-30.0,-51.61
2025,50,0.04,0.62,0.63,29.96,77.32,1.21,22.7,10.52,Eldorado do Sul,RS,Sul,-30.0,-51.61
2025,51,0.01,0.6,0.61,31.41,77.59,1.3,22.19,10.26,Eldorado do Sul,RS,Sul,-30.0,-51.61
2025,52,0.01,0.59,0.59,33.56,75.33,1.31,26.92,12.39,Eldorado do Sul,RS,Sul,-30.0,-51.61
2025,53,0.0,0.58,0.57,32.93,74.55,1.73,26.47,12.13,Eldorado do Sul,RS,Sul,-30.0,-51.61
2025,54,0.03,0.58,0.56,34.73,74.08,2.06,25.96,12.08,Eldorado do Sul,RS,Sul,-30.0,-51.61
2025,55,0.01,0.57,0.55,37.6,69.39,1.41,26.6,12.29,Eldorado do Sul,RS,Sul,-30.0,-51.61
2025,56,10.08,0.57,0.6,39.05,68.34,1.15,24.02,11.17,Eldorado do Sul,RS,Sul,-30.0,-51.61
2025,57,7.75,0.58,0.62,37.09,75.57,1.57,22.84,10.71,Eldorado do Sul,RS,Sul,-30.0,-51.61
2025,58,2.07,0.58,0.6,32.0,82.05,1.34,18.9,9.01,Eldorado do Sul,RS,Sul,-30.0,-51.61
2025,59,1.87,0.58,0.59,32.93,77.09,0.9,21.78,10.27,Eldorado do Sul,RS,Sul,-30.0,-51.61
2025,60,0.76,0.58,0.57,36.18,71.98,1.5,21.63,10.25,Eldorado do Sul,RS,Sul,-30.0,-51.61
2025,61,0.17,0.57,0.55,37.04,68.03,1.27,24.03,11.27,Eldorado do Sul,RS,Sul,-30.0,-51.61
2025,62,0.07,0.57,0.55,39.2,68.32,1.25,25.32,11.83,Eldorado do Sul,RS,Sul,-30.0,-51.61
2025,63,0.0,0.56,0.54,38.63,67.05,1.54,26.37,12.11,Eldorado do Sul,RS,Sul,-30.0,-51.61
2025,64,0.0,0.56,0.53,38.54,63.14,1.63,26.21,11.99,Eldorado do Sul,RS,Sul,-30.0,-51.61
2025,65,0.0,0.55,0.53,37.69,63.87,1.68,23.79,11.02,Eldorado do Sul,RS,Sul,-30.0,-51.61
2025,66,0.0,0.55,0.52,38.71,59.16,1.5,25.65,11.71,Eldorado do Sul,RS,Sul,-30.0,-51.61
2025,67,0.79,0.54,0.52,38.87,60.09,1.52,24.11,11.24,Eldorado do Sul,RS,Sul,-30.0,-51.61
2025,68,25.25,0.57,0.67,24.81,83.43,2.46,3.91,2.12,Eldorado do Sul,RS,Sul,-30.0,-51.61
2025,69,0.03,0.59,0.59,27.58,68.13,1.43,19.74,9.04,Eldorado do Sul,RS,Sul,-30.0,-51.61
2025,70,0.11,0.58,0.57,30.71,67.49,1.64,16.15,7.6,Eldorado do Sul,RS,Sul,-30.0,-51.61
2025,71,0.06,0.57,0.56,30.4,70.72,1.66,11.38,5.48,Eldorado do Sul,RS,Sul,-30.0,-51.61
2025,72,2.65,0.57,0.57,26.56,74.59,1.66,12.63,6.08,Eldorado do Sul,RS,Sul,-30.0,-51.61
2025,73,0.03,0.57,0.55,28.33,66.34,1.53,24.34,10.88,Eldorado do Sul,RS,Sul,-30.0,-51.61
2025,74,0.06,0.56,0.54,29.23,68.71,1.56,18.15,8.32,Eldorado do Sul,RS,Sul,-30.0,-51.61
2025,75,0.62,0.56,0.54,29.9,74.78,1.72,22.17,10.16,Eldorado do Sul,RS,Sul,-30.0,-51.61
2025,76,0.08,0.55,0.54,31.85,72.68,1.31,19.81,9.08,Eldorado do Sul,RS,Sul,-30.0,-51.61
2025,77,0.03,0.55,0.53,31.91,68.76,1.73,18.7,8.71,Eldorado do Sul,RS,Sul,-30.0,-51.61
2025,78,0.0,0.55,0.53,31.52,67.92,1.52,23.27,10.53,Eldorado do Sul,RS,Sul,-30.0,-51.61
2025,79,0.01,0.54,0.53,31.89,66.13,1.32,23.88,10.83,Eldorado do Sul,RS,Sul,-30.0,-51.61
2025,80,0.01,0.54,0.52,32.33,67.5,1.49,23.6,10.66,Eldorado do Sul,RS,Sul,-30.0,-51.61
2025,81,0.02,0.54,0.52,34.14,67.3,1.15,17.01,7.81,Eldorado do Sul,RS,Sul,-30.0,-51.61
2025,82,0.45,0.54,0.51,33.35,67.58,1.26,21.44,9.85,Eldorado do Sul,RS,Sul,-30.0,-51.61
2025,83,0.43,0.54,0.51,32.78,73.03,1.56,20.36,9.42,Eldorado do Sul,RS,Sul,-30.0,-51.61
2025,84,0.53,0.54,0.51,29.47,72.6,2.11,13.14,6.3,Eldorado do Sul,RS,Sul,-30.0,-51.61
2025,85,0.2,0.54,0.5,31.75,73.72,2.46,19.56,9.09,Eldorado do Sul,RS,Sul,-30.0,-51.61
2025,86,0.77,0.54,0.5,33.04,74.41,1.8,11.12,5.38,Eldorado do Sul,RS,Sul,-30.0,-51.61
2025,87,0.1,0.54,0.5,30.67,76.19,0.76,10.24,5.01,Eldorado do Sul,RS,Sul,-30.0,-51.61
2025,88,0.01,0.54,0.49,34.02,67.02,1.4,14.85,7.03,Eldorado do Sul,RS,Sul,-30.0,-51.61
2025,89,0.0,0.53,0.48,34.64,70.23,1.44,21.3,9.85,Eldorado do Sul,RS,Sul,-30.0,-51.61
2025,90,7.79,0.53,0.5,37.32,70.49,1.7,15.19,7.19,Eldorado do Sul,RS,Sul,-30.0,-51.61
2025,91,3.82,0.55,0.58,26.71,77.89,2.15,4.98,2.59,Eldorado do Sul,RS,Sul,-30.0,-51.61
2025,92,4.66,0.55,0.56,32.81,81.55,2.13,9.32,4.6,Eldorado do Sul,RS,Sul,-30.0,-51.61
2025,93,6.33,0.56,0.59,29.41,80.39,1.65,10.82,5.24,Eldorado do Sul,RS,Sul,-30.0,-51.61
2025,94,0.01,0.56,0.55,22.27,59.48,2.4,19.73,8.72,Eldorado do Sul,RS,Sul,-30.0,-51.61
2025,95,0.0,0.55,0.54,25.07,62.6,2.34,20.83,9.29,Eldorado do Sul,RS,Sul,-30.0,-51.61
2025,96,0.0,0.55,0.54,27.01,67.44,2.42,21.45,9.6,Eldorado do Sul,RS,Sul,-30.0,-51.61
2025,97,13.64,0.55,0.59,23.31,82.28,2.11,4.99,2.56,Eldorado do Sul,RS,Sul,-30.0,-51.61
2025,98,22.37,0.6,0.72,25.99,89.73,1.37,6.74,3.34,Eldorado do Sul,RS,Sul,-30.0,-51.61
2025,99,0.53,0.6,0.62,25.37,79.06,1.38,14.9,6.87,Eldorado do Sul,RS,Sul,-30.0,-51.61
2025,100,1.45,0.59,0.6,26.16,81.63,1.58,14.43,6.71,Eldorado do Sul,RS,Sul,-30.0,-51.61
2025,101,0.52,0.58,0.59,26.55,84.22,2.84,15.99,7.49,Eldorado do Sul,RS,Sul,-30.0,-51.61
2025,102,0.63,0.58,0.57,29.34,76.85,1.13,13.71,6.45,Eldorado do Sul,RS,Sul,-30.0,-51.61
2025,103,1.68,0.57,0.58,26.69,79.27,1.48,8.51,4.1,Eldorado do Sul,RS,Sul,-30.0,-51.61
2025,104,0.02,0.57,0.56,25.48,74.4,1.34,18.76,8.46,Eldorado do Sul,RS,Sul,-30.0,-51.61
2025,105,0.81,0.57,0.57,24.0,84.28,1.38,16.07,7.47,Eldorado do Sul,RS,Sul,-30.0,-51.61
2025,106,0.01,0.56,0.56,28.04,76.0,1.28,15.62,7.19,Eldorado do Sul,RS,Sul,-30.0,-51.61
2025,107,0.01,0.56,0.55,29.08,73.99,0.97,17.23,7.85,Eldorado do Sul,RS,Sul,-30.0,-51.61
2025,108,0.03,0.56,0.54,31.22,74.35,1.18,16.79,7.75,Eldorado do Sul,RS,Sul,-30.0,-51.61
2025,109,0.27,0.55,0.54,26.04,71.53,1.99,6.86,3.33,Eldorado do Sul,RS,Sul,-30.0,-51.61
2025,110,0.0,0.55,0.54,23.47,70.91,1.18,18.0,7.97,Eldorado do Sul,RS,Sul,-30.0,-51.61
2025,111,0.01,0.55,0.54,25.01,74.96,1.42,18.0,8.04,Eldorado do Sul,RS,Sul,-30.0,-51.61
2025,112,0.01,0.55,0.54,26.57,75.16,1.26,16.56,7.48,Eldorado do Sul,RS,Sul,-30.0,-51.61
2025,113,0.03,0.55,0.53,29.45,70.24,0.7,16.47,7.47,Eldorado do Sul,RS,Sul,-30.0,-51.61
2025,114,0.0,0.55,0.54,24.56,80.67,0.78,10.94,5.12,Eldorado do Sul,RS,Sul,-30.0,-51.61
2025,115,0.02,0.55,0.53,29.15,77.58,1.47,15.09,6.95,Eldorado do Sul,RS,Sul,-30.0,-51.61
2025,116,0.19,0.54,0.53,29.86,77.5,1.43,13.95,6.45,Eldorado do Sul,RS,Sul,-30.0,-51.61
2025,117,6.37,0.55,0.57,26.23,82.9,1.5,6.74,3.25,Eldorado do Sul,RS,Sul,-30.0,-51.61
2025,118,0.12,0.55,0.55,22.94,67.06,1.86,18.08,7.96,Eldorado do Sul,RS,Sul,-30.0,-51.61
2025,119,0.45,0.55,0.54,22.78,68.25,1.29,17.25,7.66,Eldorado do Sul,RS,Sul,-30.0,-51.61
2025,120,0.09,0.55,0.54,24.32,72.43,0.78,17.77,7.82,Eldorado do Sul,RS,Sul,-30.0,-51.61
2025,121,0.0,0.55,0.53,25.39,72.9,1.21,17.16,7.54,Eldorado do Sul,RS,Sul,-30.0,-51.61
2025,122,0.0,0.55,0.53,28.22,68.63,1.07,9.26,4.34,Eldorado do Sul,RS,Sul,-30.0,-51.61
2025,123,0.0,0.54,0.53,28.48,66.09,1.09,15.86,7.16,Eldorado do Sul,RS,Sul,-30.0,-51.61
2025,124,0.02,0.54,0.53,29.54,72.57,1.07,16.48,7.36,Eldorado do Sul,RS,Sul,-30.0,-51.61
2025,125,0.03,0.54,0.53,30.44,70.38,0.8,16.3,7.38,Eldorado do Sul,RS,Sul,-30.0,-51.61
2025,126,0.0,0.54,0.53,27.0,77.02,1.0,15.39,7.08,Eldorado do Sul,RS,Sul,-30.0,-51.61
2025,127,0.51,0.54,0.52,30.14,74.88,1.08,8.55,4.06,Eldorado do Sul,RS,Sul,-30.0,-51.61
2025,128,14.64,0.54,0.57,30.58,77.52,1.31,5.28,2.63,Eldorado do Sul,RS,Sul,-30.0,-51.61
2025,129,21.1,0.58,0.69,25.18,90.13,1.76,2.2,1.18,Eldorado do Sul,RS,Sul,-30.0,-51.61
2025,130,0.07,0.6,0.62,23.05,79.76,1.46,15.82,7.1,Eldorado do Sul,RS,Sul,-30.0,-51.61
2025,131,0.04,0.59,0.59,20.89,80.41,1.4,12.82,5.79,Eldorado do Sul,RS,Sul,-30.0,-51.61
2025,132,0.04,0.58,0.58,23.28,81.56,1.66,15.15,6.78,Eldorado do Sul,RS,Sul,-30.0,-51.61
2025,133,0.03,0.57,0.57,26.18,81.88,1.29,15.06,6.85,Eldorado do Sul,RS,Sul,-30.0,-51.61
2025,134,3.47,0.57,0.58,28.15,79.11,1.11,12.62,5.75,Eldorado do Sul,RS,Sul,-30.0,-51.61
2025,135,0.87,0.57,0.58,27.54,79.02,1.12,13.48,6.14,Eldorado do Sul,RS,Sul,-30.0,-51.61
2025,136,0.18,0.57,0.57,26.31,77.54,1.2,11.73,5.29,Eldorado do Sul,RS,Sul,-30.0,-51.61
2025,137,0.0,0.57,0.56,27.77,77.22,1.28,9.78,4.54,Eldorado do Sul,RS,Sul,-30.0,-51.61
2025,138,1.49,0.56,0.56,30.21,77.06,2.15,10.55,4.9,Eldorado do Sul,RS,Sul,-30.0,-51.61
2025,139,0.66,0.56,0.56,23.81,78.11,1.17,8.1,3.83,Eldorado do Sul,RS,Sul,-30.0,-51.61
2025,140,2.94,0.57,0.58,20.95,86.81,1.19,4.61,2.29,Eldorado do Sul,RS,Sul,-30.0,-51.61
2025,141,0.01,0.57,0.56,21.1,69.61,1.3,6.38,3.02,Eldorado do Sul,RS,Sul,-30.0,-51.61
2025,142,0.01,0.56,0.56,21.0,76.92,1.76,11.1,5.01,Eldorado do Sul,RS,Sul,-30.0,-51.61
2025,143,0.07,0.56,0.56,20.41,81.68,1.59,11.15,5.03,Eldorado do Sul,RS,Sul,-30.0,-51.61
2025,144,1.27,0.56,0.56,21.44,89.33,1.07,3.99,2.0,Eldorado do Sul,RS,Sul,-30.0,-51.61
2025,145,3.56,0.57,0.59,24.68,88.22,0.58,8.66,4.1,Eldorado do Sul,RS,Sul,-30.0,-51.61
2025,146,6.27,0.58,0.61,22.5,95.08,0.75,2.74,1.45,Eldorado do Sul,RS,Sul,-30.0,-51.61
2025,147,9.3,0.58,0.62,27.61,87.54,1.8,4.62,2.25,Eldorado do Sul,RS,Sul,-30.0,-51.61
2025,148,31.42,0.61,0.72,18.42,90.01,2.34,3.25,1.65,Eldorado do Sul,RS,Sul,-30.0,-51.61
2025,149,26.14,0.67,0.77,14.14,83.25,2.6,5.35,2.55,Eldorado do Sul,RS,Sul,-30.0,-51.61
2025,150,0.3,0.66,0.68,16.03,79.94,0.82,13.06,5.79,Eldorado do Sul,RS,Sul,-30.0,-51.61
2025,151,0.01,0.64,0.66,16.83,82.72,1.26,12.89,5.71,Eldorado do Sul,RS,Sul,-30.0,-51.61
2025,152,0.04,0.63,0.65,16.55,78.73,0.82,11.86,5.18,Eldorado do Sul,RS,Sul,-30.0,-51.61
2025,153,1.37,0.62,0.65,15.39,90.19,0.68,8.61,3.95,Eldorado do Sul,RS,Sul,-30.0,-51.61
2025,154,26.16,0.66,0.77,18.48,95.62,0.52,4.11,2.05,Eldorado do Sul,RS,Sul,-30.0,-51.61
2025,155,0.67,0.66,0.69,23.22,91.83,1.05,10.57,4.83,Eldorado do Sul,RS,Sul,-30.0,-51.61
2025,156,3.78,0.65,0.69,20.87,90.37,1.44,3.43,1.68,Eldorado do Sul,RS,Sul,-30.0,-51.61
2025,157,0.14,0.65,0.67,17.12,83.36,0.97,10.65,4.76,Eldorado do Sul,RS,Sul,-30.0,-51.61
2025,158,0.03,0.64,0.66,17.13,85.05,1.11,8.16,3.69,Eldorado do Sul,RS,Sul,-30.0,-51.61
2025,159,0.01,0.64,0.66,17.65,85.01,1.33,3.92,1.89,Eldorado do Sul,RS,Sul,-30.0,-51.61
2025,160,33.87,0.66,0.77,14.15,91.99,1.26,7.06,3.26,Eldorado do Sul,RS,Sul,-30.0,-51.61
2025,161,5.12,0.69,0.74,14.13,86.83,1.17,9.84,4.37,Eldorado do Sul,RS,Sul,-30.0,-51.61
2025,162,0.0,0.68,0.7,16.54,84.32,1.12,10.64,4.7,Eldorado do Sul,RS,Sul,-30.0,-51.61
2025,163,0.0,0.67,0.69,17.54,86.48,1.25,13.7,6.01,Eldorado do Sul,RS,Sul,-30.0,-51.61
2025,164,0.2,0.66,0.69,18.64,88.48,1.28,13.58,5.96,Eldorado do Sul,RS,Sul,-30.0,-51.61
2025,165,11.28,0.66,0.71,18.63,91.14,1.19,4.42,2.19,Eldorado do Sul,RS,Sul,-30.0,-51.61
2025,166,8.66,0.69,0.75,16.12,92.65,1.99,5.42,2.52,Eldorado do Sul,RS,Sul,-30.0,-51.61
2025,167,6.94,0.68,0.71,19.1,89.88,1.23,12.9,5.66,Eldorado do Sul,RS,Sul,-30.0,-51.61
2025,168,71.63,0.74,0.89,21.31,96.72,1.14,1.97,1.07,Eldorado do Sul,RS,Sul,-30.0,-51.61
2025,169,30.13,0.8,0.87,18.17,95.89,1.87,0.97,0.51,Eldorado do Sul,RS,Sul,-30.0,-51.61
2025,170,3.83,0.79,0.82,17.66,93.63,2.22,2.74,1.44,Eldorado do Sul,RS,Sul,-30.0,-51.61
2025,171,9.7,0.78,0.83,16.88,94.67,2.6,4.78,2.33,Eldorado do Sul,RS,Sul,-30.0,-51.61
2025,172,0.06,0.77,0.79,17.54,89.08,1.22,7.28,3.32,Eldorado do Sul,RS,Sul,-30.0,-51.61
2025,173,7.02,0.76,0.79,18.27,89.7,0.77,5.19,2.47,Eldorado do Sul,RS,Sul,-30.0,-51.61
2025,174,0.39,0.76,0.79,11.32,72.33,3.29,11.96,5.24,Eldorado do Sul,RS,Sul,-30.0,-51.61
2025,175,0.01,0.75,0.77,11.33,67.93,2.58,13.76,5.88,Eldorado do Sul,RS,Sul,-30.0,-51.61
2025,176,0.02,0.75,0.77,14.48,72.14,0.92,13.94,5.9,Eldorado do Sul,RS,Sul,-30.0,-51.61
2025,177,6.45,0.76,0.79,14.21,89.39,0.92,3.56,1.8,Eldorado do Sul,RS,Sul,-30.0,-51.61
2025,178,0.07,0.75,0.77,14.74,80.94,0.88,11.84,5.16,Eldorado do Sul,RS,Sul,-30.0,-51.61
2025,179,34.39,0.76,0.84,14.42,95.6,1.11,2.81,1.43,Eldorado do Sul,RS,Sul,-30.0,-51.61
2025,180,3.3,0.8,0.82,12.92,94.61,2.04,3.7,1.8,Eldorado do Sul,RS,Sul,-30.0,-51.61
2025,181,0.12,0.79,0.8,10.42,83.49,1.77,6.36,2.9,Eldorado do Sul,RS,Sul,-30.0,-51.61
2025,182,0.0,0.78,0.79,9.28,79.66,1.43,13.2,5.62,Eldorado do Sul,RS,Sul,-30.0,-51.61
2025,183,0.0,0.77,0.79,11.88,84.6,1.27,12.15,5.28,Eldorado do Sul,RS,Sul,-30.0,-51.61
2025,184,0.01,0.77,0.79,15.48,87.15,1.58,11.01,4.93,Eldorado do Sul,RS,Sul,-30.0,-51.61
2025,185,0.03,0.77,0.79,16.85,87.72,1.02,13.3,5.82,Eldorado do Sul,RS,Sul,-30.0,-51.61
2025,186,0.0,0.77,0.79,18.32,88.72,1.1,13.03,5.75,Eldorado do Sul,RS,Sul,-30.0,-51.61
2025,187,0.0,0.76,0.78,17.13,88.81,1.1,10.88,4.79,Eldorado do Sul,RS,Sul,-30.0,-51.61
2025,188,0.06,0.76,0.78,19.19,86.17,0.92,13.36,5.88,Eldorado do Sul,RS,Sul,-30.0,-51.61
2025,189,0.38,0.76,0.78,18.87,87.55,1.03,13.05,5.8,Eldorado do Sul,RS,Sul,-30.0,-51.61
2025,190,0.02,0.76,0.78,17.37,89.53,1.12,6.37,2.93,Eldorado do Sul,RS,Sul,-30.0,-51.61
2025,191,0.01,0.76,0.78,18.31,89.24,0.95,12.26,5.42,Eldorado do Sul,RS,Sul,-30.0,-51.61
2025,192,0.02,0.76,0.78,20.39,85.76,0.65,9.84,4.46,Eldorado do Sul,RS,Sul,-30.0,-51.61
2025,193,0.03,0.75,0.77,17.99,89.91,1.15,6.15,2.79,Eldorado do Sul,RS,Sul,-30.0,-51.61
2025,194,0.01,0.75,0.77,20.63,91.44,0.87,8.94,4.07,Eldorado do Sul,RS,Sul,-30.0,-51.61
2025,195,0.05,0.75,0.77,21.0,91.48,0.84,10.81,4.9,Eldorado do Sul,RS,Sul,-30.0,-51.61
2025,196,0.05,0.75,0.77,22.83,90.04,1.0,11.72,5.3,Eldorado do Sul,RS,Sul,-30.0,-51.61
2025,197,3.2,0.75,0.78,20.13,91.42,0.83,6.82,3.16,Eldorado do Sul,RS,Sul,-30.0,-51.61
2025,198,15.77,0.77,0.82,17.17,87.12,2.79,2.95,1.49,Eldorado do Sul,RS,Sul,-30.0,-51.61
2025,199,7.28,0.78,0.81,15.23,89.96,2.4,5.53,2.66,Eldorado do Sul,RS,Sul,-30.0,-51.61
2025,200,0.32,0.77,0.79,16.92,84.34,0.87,13.78,6.07,Eldorado do Sul,RS,Sul,-30.0,-51.61
2025,201,0.01,0.77,0.79,19.23,89.52,0.88,13.16,5.83,Eldorado do Sul,RS,Sul,-30.0,-51.61
2025,202,0.04,0.76,0.78,22.0,81.9,0.8,14.28,6.29,Eldorado do Sul,RS,Sul,-30.0,-51.61
2025,203,0.01,0.76,0.78,21.91,89.32,1.28,10.58,4.88,Eldorado do Sul,RS,Sul,-30.0,-51.61
2025,204,0.01,0.76,0.78,16.24,85.06,1.45,5.82,2.75,Eldorado do Sul,RS,Sul,-30.0,-51.61
2025,205,0.45,0.76,0.78,16.81,90.76,2.14,6.57,3.1,Eldorado do Sul,RS,Sul,-30.0,-51.61
2025,206,0.06,0.76,0.78,20.62,88.76,1.11,12.09,5.52,Eldorado do Sul,RS,Sul,-30.0,-51.61
2025,207,6.34,0.75,0.79,20.77,92.32,1.78,9.42,4.3,Eldorado do Sul,RS,Sul,-30.0,-51.61
2025,208,53.91,0.81,0.91,17.33,96.63,1.74,1.83,0.97,Eldorado do Sul,RS,Sul,-30.0,-51.61
2025,209,6.97,0.83,0.85,13.65,88.68,3.91,4.11,2.07,Eldorado do Sul,RS,Sul,-30.0,-51.61
2025,210,0.2,0.82,0.82,15.02,85.79,1.95,13.23,5.82,Eldorado do Sul,RS,Sul,-30.0,-51.61
2025,211,0.01,0.8,0.81,16.88,82.54,1.08,15.11,6.7,Eldorado do Sul,RS,Sul,-30.0,-51.61
2025,212,0.02,0.8,0.81,20.63,86.2,1.25,15.91,7.0,Eldorado do Sul,RS,Sul,-30.0,-51.61
2025,213,0.03,0.79,0.81,22.88,86.34,1.43,13.32,5.86,Eldorado do Sul,RS,Sul,-30.0,-51.61
2025,214,10.15,0.79,0.82,26.12,83.52,1.91,10.9,5.0,Eldorado do Sul,RS,Sul,-30.0,-51.61
2025,215,37.35,0.83,0.88,17.95,95.29,1.67,1.02,0.56,Eldorado do Sul,RS,Sul,-30.0,-51.61
2025,216,9.91,0.84,0.86,16.54,95.14,2.1,3.05,1.55,Eldorado do Sul,RS,Sul,-30.0,-51.61
2025,217,0.28,0.83,0.84,16.52,82.33,2.27,8.17,3.8,Eldorado do Sul,RS,Sul,-30.0,-51.61
2025,218,0.32,0.83,0.83,18.33,88.34,1.48,12.08,5.5,Eldorado do Sul,RS,Sul,-30.0,-51.61
2025,219,4.92,0.83,0.84,17.61,91.99,1.25,7.84,3.7,Eldorado do Sul,RS,Sul,-30.0,-51.61
2025,220,4.37,0.83,0.85,12.78,87.49,1.95,3.32,1.67,Eldorado do Sul,RS,Sul,-30.0,-51.61
2025,221,0.91,0.83,0.83,14.28,84.26,1.66,9.4,4.25,Eldorado do Sul,RS,Sul,-30.0,-51.61
2025,222,0.05,0.82,0.83,16.92,81.13,0.85,12.06,5.38,Eldorado do Sul,RS,Sul,-30.0,-51.61
2025,223,0.03,0.82,0.83,17.67,79.04,0.71,15.3,6.72,Eldorado do Sul,RS,Sul,-30.0,-51.61
2025,224,0.04,0.82,0.83,18.87,77.09,0.89,16.84,7.33,Eldorado do Sul,RS,Sul,-30.0,-51.61
2025,225,0.06,0.81,0.82,19.84,84.44,1.64,16.5,7.26,Eldorado do Sul,RS,Sul,-30.0,-51.61
2025,226,0.09,0.81,0.82,16.16,83.23,1.52,8.79,3.96,Eldorado do Sul,RS,Sul,-30.0,-51.61
2025,227,0.22,0.81,0.82,17.43,83.37,2.61,14.93,6.69,Eldorado do Sul,RS,Sul,-30.0,-51.61
2025,228,0.09,0.81,0.82,20.03,88.48,1.71,9.65,4.41,Eldorado do Sul,RS,Sul,-30.0,-51.61
2025,229,0.0,0.8,0.81,22.85,87.63,1.42,15.22,6.85,Eldorado do Sul,RS,Sul,-30.0,-51.61
2025,230,0.11,0.8,0.81,22.71,89.54,1.84,8.87,4.15,Eldorado do Sul,RS,Sul,-30.0,-51.61
2025,231,2.83,0.8,0.81,24.04,88.25,1.69,10.13,4.68,Eldorado do Sul,RS,Sul,-30.0,-51.61
2025,232,1.01,0.8,0.81,20.2,79.39,3.46,12.78,5.85,Eldorado do Sul,RS,Sul,-30.0,-51.61
2025,233,28.4,0.8,0.82,22.02,80.73,1.64,18.21,8.12,Eldorado do Sul,RS,Sul,-30.0,-51.61
2025,234,7.27,0.82,0.84,27.83,84.8,2.81,8.67,4.17,Eldorado do Sul,RS,Sul,-30.0,-51.61
2025,235,34.86,0.84,0.89,22.53,89.13,2.22,1.72,0.96,Eldorado do Sul,RS,Sul,-30.0,-51.61
2025,236,0.03,0.84,0.84,16.01,74.6,0.81,7.17,3.38,Eldorado do Sul,RS,Sul,-30.0,-51.61
2025,237,0.0,0.83,0.84,14.76,72.63,1.22,10.83,4.93,Eldorado do Sul,RS,Sul,-30.0,-51.61
2025,238,0.02,0.83,0.83,20.2,76.26,1.18,9.09,4.27,Eldorado do Sul,RS,Sul,-30.0,-51.61
2025,239,0.03,0.82,0.83,20.29,86.06,2.1,16.22,7.36,Eldorado do Sul,RS,Sul,-30.0,-51.61
2025,240,0.04,0.82,0.83,22.11,88.38,2.02,18.5,8.37,Eldorado do Sul,RS,Sul,-30.0,-51.61
2025,241,0.03,0.81,0.82,24.23,86.75,2.08,18.18,8.17,Eldorado do Sul,RS,Sul,-30.0,-51.61
2025,242,0.06,0.81,0.82,25.3,86.77,1.29,19.66,8.77,Eldorado do Sul,RS,Sul,-30.0,-51.61
2025,243,0.05,0.81,0.82,25.62,86.44,1.56,17.49,7.83,Eldorado do Sul,RS,Sul,-30.0,-51.61
2025,244,0.0,0.8,0.81,26.28,81.89,1.31,14.11,6.45,Eldorado do Sul,RS,Sul,-30.0,-51.61
2025,245,1.56,0.8,0.82,23.39,90.73,1.25,7.8,3.76,Eldorado do Sul,RS,Sul,-30.0,-51.61
2025,246,27.53,0.82,0.86,25.09,91.6,1.57,8.05,3.84,Eldorado do Sul,RS,Sul,-30.0,-51.61
2025,247,34.73,0.86,0.91,20.39,91.73,2.13,1.89,1.03,Eldorado do Sul,RS,Sul,-30.0,-51.61
2025,248,4.01,0.86,0.86,15.66,79.8,2.11,5.0,2.54,Eldorado do Sul,RS,Sul,-30.0,-51.61
2025,249,0.04,0.85,0.85,14.67,81.56,1.73,15.39,6.91,Eldorado do Sul,RS,Sul,-30.0,-51.61
2025,250,0.03,0.84,0.85,18.87,86.43,1.66,18.29,8.22,Eldorado do Sul,RS,Sul,-30.0,-51.61
2025,251,13.36,0.85,0.87,18.54,97.19,0.76,4.28,2.24,Eldorado do Sul,RS,Sul,-30.0,-51.61
2025,252,11.6,0.87,0.88,20.08,85.17,2.26,15.66,7.14,Eldorado do Sul,RS,Sul,-30.0,-51.61
2025,253,0.01,0.86,0.85,21.87,79.73,1.06,22.1,9.66,Eldorado do Sul,RS,Sul,-30.0,-51.61
2025,254,0.04,0.85,0.85,23.18,82.13,1.58,21.72,9.63,Eldorado do Sul,RS,Sul,-30.0,-51.61
2025,255,0.02,0.84,0.84,19.66,79.34,1.39,23.35,10.05,Eldorado do Sul,RS,Sul,-30.0,-51.61
2025,256,0.02,0.84,0.84,21.96,84.39,2.57,22.74,9.99,Eldorado do Sul,RS,Sul,-30.0,-51.61
2025,257,0.12,0.83,0.84,23.33,87.52,1.18,12.83,6.03,Eldorado do Sul,RS,Sul,-30.0,-51.61
2025,258,3.15,0.83,0.85,23.74,92.1,0.82,6.85,3.45,Eldorado do Sul,RS,Sul,-30.0,-51.61
2025,259,0.1,0.83,0.84,24.43,86.86,1.43,11.44,5.33,Eldorado do Sul,RS,Sul,-30.0,-51.61
2025,260,0.03,0.83,0.83,25.44,86.23,2.07,20.39,9.21,Eldorado do Sul,RS,Sul,-30.0,-51.61
2025,261,0.05,0.82,0.83,25.14,86.64,1.38,20.83,9.31,Eldorado do Sul,RS,Sul,-30.0,-51.61
2025,262,0.24,0.82,0.83,28.34,84.24,1.1,13.01,6.12,Eldorado do Sul,RS,Sul,-30.0,-51.61
2025,263,35.67,0.83,0.87,27.89,87.35,0.89,6.38,3.19,Eldorado do Sul,RS,Sul,-30.0,-51.61
2025,264,21.2,0.85,0.87,24.17,92.57,0.92,4.88,2.49,Eldorado do Sul,RS,Sul,-30.0,-51.61
2025,265,10.99,0.87,0.88,18.64,82.13,2.51,11.23,5.29,Eldorado do Sul,RS,Sul,-30.0,-51.61
2025,266,0.01,0.86,0.85,21.21,77.12,1.94,24.13,10.61,Eldorado do Sul,RS,Sul,-30.0,-51.61
2025,267,0.06,0.85,0.84,21.49,77.19,1.9,21.88,9.81,Eldorado do Sul,RS,Sul,-30.0,-51.61
2025,268,0.04,0.84,0.84,19.08,74.21,2.3,25.27,10.98,Eldorado do Sul,RS,Sul,-30.0,-51.61
2025,269,0.0,0.83,0.83,21.65,78.97,2.51,25.32,11.09,Eldorado do Sul,RS,Sul,-30.0,-51.61
2025,270,1.37,0.83,0.84,24.04,82.34,1.62,21.32,9.56,Eldorado do Sul,RS,Sul,-30.0,-51.61
2025,271,2.9,0.83,0.84,23.29,85.51,1.98,13.61,6.28,Eldorado do Sul,RS,Sul,-30.0,-51.61
2025,272,0.09,0.82,0.83,23.7,81.07,1.39,24.5,10.78,Eldorado do Sul,RS,Sul,-30.0,-51.61
2025,273,18.77,0.83,0.87,22.11,94.29,2.08,2.52,1.36,Eldorado do Sul,RS,Sul,-30.0,-51.61
2025,274,0.72,0.84,0.84,22.44,86.44,2.5,9.82,4.75,Eldorado do Sul,RS,Sul,-30.0,-51.61
2025,275,0.71,0.83,0.84,23.91,90.6,2.16,16.94,7.93,Eldorado do Sul,RS,Sul,-30.0,-51.61
2025,276,2.54,0.83,0.84,25.22,91.0,1.33,6.71,3.3,Eldorado do Sul,RS,Sul,-30.0,-51.61
2025,277,7.59,0.83,0.85,27.75,84.52,1.2,18.94,8.77,Eldorado do Sul,RS,Sul,-30.0,-51.61
2025,278,3.17,0.84,0.84,32.79,85.96,1.46,19.15,8.8,Eldorado do Sul,RS,Sul,-30.0,-51.61
2025,279,29.45,0.85,0.89,23.07,86.34,2.03,4.56,2.39,Eldorado do Sul,RS,Sul,-30.0,-51.61
2025,280,0.38,0.85,0.85,19.97,77.12,1.51,20.0,9.01,Eldorado do Sul,RS,Sul,-30.0,-51.61
2025,281,0.0,0.84,0.84,20.92,76.4,1.68,23.36,10.26,Eldorado do Sul,RS,Sul,-30.0,-51.61
2025,282,0.01,0.84,0.84,23.99,81.04,1.37,24.18,10.81,Eldorado do Sul,RS,Sul,-30.0,-51.61
2025,283,0.0,0.83,0.83,25.87,83.08,1.51,24.84,11.16,Eldorado do Sul,RS,Sul,-30.0,-51.61
2025,284,0.28,0.82,0.83,27.8,84.33,1.45,22.94,10.43,Eldorado do Sul,RS,Sul,-30.0,-51.61
2025,285,1.24,0.82,0.83,23.01,93.68,1.59,4.49,2.34,Eldorado do Sul,RS,Sul,-30.0,-51.61
2025,286,0.07,0.82,0.82,23.11,78.55,2.87,25.14,11.31,Eldorado do Sul,RS,Sul,-30.0,-51.61
2025,287,0.01,0.81,0.82,24.14,77.65,1.57,27.9,12.31,Eldorado do Sul,RS,Sul,-30.0,-51.61
2025,288,0.08,0.8,0.81,26.88,83.69,1.84,27.62,12.32,Eldorado do Sul,RS,Sul,-30.0,-51.61
2025,289,0.31,0.8,0.82,21.88,92.4,1.34,4.73,2.52,Eldorado do Sul,RS,Sul,-30.0,-51.61
2025,290,5.58,0.8,0.83,24.92,90.37,1.37,6.23,3.22,Eldorado do Sul,RS,Sul,-30.0,-51.61
2025,291,6.17,0.81,0.84,20.23,77.81,3.66,10.61,5.22,Eldorado do Sul,RS,Sul,-30.0,-51.61
2025,292,0.05,0.81,0.81,20.13,72.33,2.12,21.15,9.5,Eldorado do Sul,RS,Sul,-30.0,-51.61
2025,293,0.02,0.8,0.81,22.11,76.89,2.16,28.61,12.62,Eldorado do Sul,RS,Sul,-30.0,-51.61
2025,294,0.0,0.79,0.8,23.93,77.96,1.69,29.5,12.98,Eldorado do Sul,RS,Sul,-30.0,-51.61
2025,295,0.02,0.79,0.8,25.74,76.94,1.45,29.31,12.94,Eldorado do Sul,RS,Sul,-30.0,-51.61
2025,296,0.02,0.78,0.79,25.65,77.19,1.47,29.39,12.97,Eldorado do Sul,RS,Sul,-30.0,-51.61
2025,297,0.03,0.77,0.78,27.84,75.38,1.83,24.21,10.84,Eldorado do Sul,RS,Sul,-30.0,-51.61
2025,298,0.02,0.77,0.78,29.44,82.03,1.97,16.12,7.64,Eldorado do Sul,RS,Sul,-30.0,-51.61
2025,299,0.02,0.76,0.78,24.22,81.86,1.81,8.34,4.15,Eldorado do Sul,RS,Sul,-30.0,-51.61
2025,300,0.01,0.76,0.77,24.3,77.07,2.48,14.01,6.63,Eldorado do Sul,RS,Sul,-30.0,-51.61
2025,301,10.61,0.75,0.79,20.35,83.77,3.65,5.25,2.77,Eldorado do Sul,RS,Sul,-30.0,-51.61
2025,302,13.32,0.79,0.83,18.07,86.56,3.07,5.44,2.93,Eldorado do Sul,RS,Sul,-30.0,-51.61
2025,303,2.14,0.78,0.8,19.52,82.78,1.99,15.64,7.3,Eldorado do Sul,RS,Sul,-30.0,-51.61
2025,304,0.46,0.78,0.79,22.48,82.94,1.99,16.97,7.94,Eldorado do Sul,RS,Sul,-30.0,-51.61
2025,305,0.01,0.77,0.78,27.04,78.57,1.09,25.56,11.58,Eldorado do Sul,RS,Sul,-30.0,-51.61
2025,306,4.76,0.76,0.78,25.97,83.64,1.75,19.62,9.13,Eldorado do Sul,RS,Sul,-30.0,-51.61
2025,307,2.57,0.76,0.79,25.83,82.38,2.03,15.66,7.55,Eldorado do Sul,RS,Sul,-30.0,-51.61
2025,308,0.12,0.76,0.77,29.21,80.79,0.84,28.13,12.89,Eldorado do Sul,RS,Sul,-30.0,-51.61
2025,309,0.07,0.75,0.76,25.87,78.42,2.51,24.56,11.28,Eldorado do Sul,RS,Sul,-30.0,-51.61
2025,310,0.0,0.74,0.75,22.58,73.98,1.8,30.16,13.29,Eldorado do Sul,RS,Sul,-30.0,-51.61
2025,311,40.15,0.76,0.85,19.26,86.81,4.22,2.81,1.57,Eldorado do Sul,RS,Sul,-30.0,-51.61
2025,312,5.23,0.79,0.81,20.04,81.61,2.83,12.2,5.97,Eldorado do Sul,RS,Sul,-30.0,-51.61
2025,313,0.3,0.78,0.79,22.48,78.36,1.37,26.68,12.03,Eldorado do Sul,RS,Sul,-30.0,-51.61
2025,314,0.0,0.77,0.78,25.54,74.64,1.26,31.14,13.76,Eldorado do Sul,RS,Sul,-30.0,-51.61
2025,315,0.08,0.76,0.77,26.49,78.28,1.48,30.86,13.7,Eldorado do Sul,RS,Sul,-30.0,-51.61
2025,316,0.44,0.74,0.76,30.92,77.4,1.64,21.97,10.25,Eldorado do Sul,RS,Sul,-30.0,-51.61
2025,317,0.03,0.74,0.75,24.8,78.03,1.94,25.01,11.44,Eldorado do Sul,RS,Sul,-30.0,-51.61
2025,318,0.0,0.73,0.75,27.32,79.06,1.93,27.93,12.59,Eldorado do Sul,RS,Sul,-30.0,-51.61
2025,319,0.02,0.72,0.74,30.96,81.43,1.13,27.7,12.67,Eldorado do Sul,RS,Sul,-30.0,-51.61
2025,320,16.59,0.72,0.76,30.35,81.46,2.26,20.0,9.44,Eldorado do Sul,RS,Sul,-30.0,-51.61
2025,321,1.96,0.74,0.78,21.86,71.51,1.72,11.54,5.59,Eldorado do Sul,RS,Sul,-30.0,-51.61
2025,322,0.04,0.73,0.75,24.99,73.68,1.84,27.35,12.33,Eldorado do Sul,RS,Sul,-30.0,-51.61
2025,323,0.01,0.72,0.74,25.18,69.29,1.48,26.47,12.05,Eldorado do Sul,RS,Sul,-30.0,-51.61
2025,324,0.0,0.71,0.73,27.8,71.69,1.26,31.6,14.1,Eldorado do Sul,RS,Sul,-30.0,-51.61
2025,325,0.24,0.7,0.72,30.5,76.3,2.26,26.24,11.97,Eldorado do Sul,RS,Sul,-30.0,-51.61
2025,326,0.28,0.7,0.71,24.34,78.39,2.23,13.86,6.57,Eldorado do Sul,RS,Sul,-30.0,-51.61
2025,327,0.01,0.69,0.71,20.64,75.83,3.2,11.14,5.46,Eldorado do Sul,RS,Sul,-30.0,-51.61
2025,328,0.0,0.69,0.71,25.21,78.1,2.73,28.08,12.83,Eldorado do Sul,RS,Sul,-30.0,-51.61
2025,329,0.0,0.68,0.7,30.02,76.78,1.64,29.39,13.42,Eldorado do Sul,RS,Sul,-30.0,-51.61
2025,330,0.0,0.68,0.69,27.2,80.69,2.39,28.84,13.16,Eldorado do Sul,RS,Sul,-30.0,-51.61
2025,331,0.0,0.67,0.68,31.44,78.04,1.26,28.54,13.17,Eldorado do Sul,RS,Sul,-30.0,-51.61
2025,332,0.0,0.66,0.67,33.57,71.93,1.56,23.53,10.96,Eldorado do Sul,RS,Sul,-30.0,-51.61
2025,333,0.0,0.66,0.66,31.07,70.49,1.42,28.73,13.12,Eldorado do Sul,RS,Sul,-30.0,-51.61
2025,334,0.0,0.65,0.67,23.01,82.5,2.04,23.57,10.93,Eldorado do Sul,RS,Sul,-30.0,-51.61
2025,335,0.01,0.65,0.66,27.98,81.45,2.31,21.35,10.03,Eldorado do Sul,RS,Sul,-30.0,-51.61
2025,336,0.0,0.65,0.65,30.64,72.63,1.73,29.6,13.53,Eldorado do Sul,RS,Sul,-30.0,-51.61
2025,337,0.0,0.64,0.65,28.61,70.2,1.66,29.27,13.32,Eldorado do Sul,RS,Sul,-30.0,-51.61
2025,338,0.0,0.64,0.64,28.52,73.89,1.6,32.71,14.6,Eldorado do Sul,RS,Sul,-30.0,-51.61
2025,339,0.0,0.63,0.63,32.53,71.31,1.11,31.42,14.19,Eldorado do Sul,RS,Sul,-30.0,-51.61
2025,340,0.0,0.62,0.62,34.69,68.46,0.94,29.61,13.54,Eldorado do Sul,RS,Sul,-30.0,-51.61
2025,341,0.0,0.62,0.61,36.77,66.81,1.67,29.11,13.42,Eldorado do Sul,RS,Sul,-30.0,-51.61
2025,342,1.86,0.61,0.62,31.13,79.35,2.45,15.49,7.52,Eldorado do Sul,RS,Sul,-30.0,-51.61
2025,343,43.34,0.66,0.8,23.21,93.49,2.63,8.93,4.61,Eldorado do Sul,RS,Sul,-30.0,-51.61
2025,344,24.15,0.71,0.81,22.45,86.29,3.64,7.53,4.02,Eldorado do Sul,RS,Sul,-30.0,-51.61
2025,345,0.23,0.71,0.73,28.41,77.01,2.34,30.23,13.72,Eldorado do Sul,RS,Sul,-30.0,-51.61
2025,346,0.07,0.69,0.71,27.51,83.22,1.43,18.54,8.89,Eldorado do Sul,RS,Sul,-30.0,-51.61
2025,347,0.08,0.67,0.7,30.97,74.41,1.02,29.97,13.66,Eldorado do Sul,RS,Sul,-30.0,-51.61
2025,348,0.04,0.66,0.68,32.38,77.96,1.38,30.36,13.95,Eldorado do Sul,RS,Sul,-30.0,-51.61
2025,349,5.62,0.65,0.68,33.99,78.55,1.13,17.3,8.22,Eldorado do Sul,RS,Sul,-30.0,-51.61
2025,350,0.41,0.65,0.67,27.03,68.52,2.47,26.26,11.96,Eldorado do Sul,RS,Sul,-30.0,-51.61
2025,351,0.0,0.64,0.65,26.13,71.24,1.29,31.55,14.12,Eldorado do Sul,RS,Sul,-30.0,-51.61
2025,352,0.0,0.63,0.64,30.87,67.92,0.91,32.95,14.71,Eldorado do Sul,RS,Sul,-30.0,-51.61
2025,353,0.0,0.62,0.62,33.23,68.54,1.11,32.88,14.76,Eldorado do Sul,RS,Sul,-30.0,-51.61
2025,354,0.0,0.61,0.61,33.77,70.23,1.64,32.64,14.72,Eldorado do Sul,RS,Sul,-30.0,-51.61
2025,355,1.77,0.61,0.62,32.69,80.28,1.65,12.56,6.29,Eldorado do Sul,RS,Sul,-30.0,-51.61
2025,356,4.32,0.62,0.64,29.55,88.3,1.0,14.16,6.99,Eldorado do Sul,RS,Sul,-30.0,-51.61
2025,357,7.28,0.62,0.66,29.7,87.08,1.47,13.4,6.56,Eldorado do Sul,RS,Sul,-30.0,-51.61
2025,358,3.58,0.63,0.67,33.5,78.64,1.25,15.21,7.49,Eldorado do Sul,RS,Sul,-30.0,-51.61
2025,359,9.83,0.63,0.69,29.09,87.99,1.42,6.72,3.53,Eldorado do Sul,RS,Sul,-30.0,-51.61
2025,360,0.58,0.64,0.66,32.36,78.34,1.19,21.66,10.35,Eldorado do Sul,RS,Sul,-30.0,-51.61
2025,361,14.52,0.64,0.71,30.0,86.96,1.31,22.34,10.69,Eldorado do Sul,RS,Sul,-30.0,-51.61
2025,362,22.95,0.67,0.77,29.41,88.51,1.71,20.3,9.79,Eldorado do Sul,RS,Sul,-30.0,-51.61
2025,363,7.69,0.69,0.75,26.07,85.0,1.73,12.38,6.17,Eldorado do Sul,RS,Sul,-30.0,-51.61
2025,364,0.15,0.67,0.69,29.69,82.04,1.97,21.11,10.08,Eldorado do Sul,RS,Sul,-30.0,-51.61
2025,365,0.31,0.66,0.68,32.62,76.47,1.03,24.59,-999.0,Eldorado do Sul,RS,Sul,-30.0,-51.61
2026,1,0.09,0.65,0.66,33.01,73.33,1.08,27.51,-999.0,Eldorado do Sul,RS,Sul,-30.0,-51.61
2026,2,1.61,0.64,0.65,32.69,74.94,1.26,30.53,-999.0,Eldorado do Sul,RS,Sul,-30.0,-51.61
2026,3,0.2,0.62,0.63,29.29,62.31,2.78,25.05,-999.0,Eldorado do Sul,RS,Sul,-30.0,-51.61
2026,4,0.03,0.62,0.62,24.79,62.18,1.89,31.97,-999.0,Eldorado do Sul,RS,Sul,-30.0,-51.61
2026,5,0.03,0.61,0.61,26.53,67.11,1.32,31.59,-999.0,Eldorado do Sul,RS,Sul,-30.0,-51.61
2026,6,0.01,0.6,0.6,31.71,69.46,1.36,28.37,-999.0,Eldorado do Sul,RS,Sul,-30.0,-51.61
2026,7,0.49,0.6,0.6,33.85,67.63,1.34,26.0,-999.0,Eldorado do Sul,RS,Sul,-30.0,-51.61
2026,8,1.14,0.59,0.6,30.07,74.25,2.13,24.67,-999.0,Eldorado do Sul,RS,Sul,-30.0,-51.61
2026,9,12.53,0.6,0.65,29.38,83.01,2.49,20.49,-999.0,Eldorado do Sul,RS,Sul,-30.0,-51.61
2026,10,3.43,0.61,0.65,31.58,84.47,1.77,16.97,-999.0,Eldorado do Sul,RS,Sul,-30.0,-51.61
2026,11,3.31,0.61,0.63,29.25,76.86,2.28,18.7,-999.0,Eldorado do Sul,RS,Sul,-30.0,-51.61
2026,12,1.03,0.61,0.62,28.87,74.92,1.08,17.93,-999.0,Eldorado do Sul,RS,Sul,-30.0,-51.61
2026,13,0.08,0.6,0.6,31.91,67.16,0.97,25.22,-999.0,Eldorado do Sul,RS,Sul,-30.0,-51.61
2026,14,0.0,0.59,0.59,34.1,66.26,1.11,25.27,-999.0,Eldorado do Sul,RS,Sul,-30.0,-51.61
2026,15,0.47,0.59,0.58,37.07,64.34,1.0,23.8,-999.0,Eldorado do Sul,RS,Sul,-30.0,-51.61
2026,16,9.82,0.58,0.62,33.38,74.08,1.45,8.08,-999.0,Eldorado do Sul,RS,Sul,-30.0,-51.61
2026,17,5.97,0.6,0.64,32.19,77.13,1.28,24.12,-999.0,Eldorado do Sul,RS,Sul,-30.0,-51.61
2026,18,18.77,0.62,0.7,30.53,77.55,2.23,7.53,-999.0,Eldorado do Sul,RS,Sul,-30.0,-51.61
2026,19,1.02,0.62,0.63,25.39,66.33,2.75,24.15,-999.0,Eldorado do Sul,RS,Sul,-30.0,-51.61
2026,20,0.01,0.61,0.61,26.07,63.31,2.02,27.71,-999.0,Eldorado do Sul,RS,Sul,-30.0,-51.61
2026,21,0.02,0.6,0.6,26.79,71.74,2.09,27.18,-999.0,Eldorado do Sul,RS,Sul,-30.0,-51.61
2026,22,0.0,0.59,0.59,28.93,69.26,1.97,27.54,-999.0,Eldorado do Sul,RS,Sul,-30.0,-51.61
2026,23,0.0,0.58,0.58,29.48,70.99,2.17,27.3,-999.0,Eldorado do Sul,RS,Sul,-30.0,-51.61
2026,24,0.0,0.58,0.57,31.99,70.14,1.73,28.23,-999.0,Eldorado do Sul,RS,Sul,-30.0,-51.61
2026,25,0.0,0.57,0.56,33.36,70.37,1.75,27.75,-999.0,Eldorado do Sul,RS,Sul,-30.0,-51.61
2026,26,0.0,0.57,0.55,35.44,65.95,1.78,28.51,-999.0,Eldorado do Sul,RS,Sul,-30.0,-51.61
2026,27,0.08,0.56,0.54,36.93,65.47,1.22,27.58,-999.0,Eldorado do Sul,RS,Sul,-30.0,-51.61
2026,28,0.31,0.56,0.54,35.19,68.49,1.21,22.93,-999.0,Eldorado do Sul,RS,Sul,-30.0,-51.61
2026,29,5.91,0.56,0.58,29.54,81.2,1.44,8.48,-999.0,Eldorado do Sul,RS,Sul,-30.0,-51.61
2026,30,3.36,0.57,0.58,30.56,75.91,2.19,15.7,-999.0,Eldorado do Sul,RS,Sul,-30.0,-51.61
2026,31,5.74,0.57,0.59,29.38,78.76,1.19,20.56,-999.0,Eldorado do Sul,RS,Sul,-30.0,-51.61
2026,32,2.05,0.57,0.58,30.49,70.76,1.99,26.91,-999.0,Eldorado do Sul,RS,Sul,-30.0,-51.61
2026,33,0.09,0.57,0.56,31.72,68.67,0.86,25.85,-999.0,Eldorado do Sul,RS,Sul,-30.0,-51.61
2026,34,0.02,0.56,0.54,34.73,64.65,1.13,18.79,-999.0,Eldorado do Sul,RS,Sul,-30.0,-51.61
2026,35,0.01,0.56,0.54,36.23,62.39,1.46,29.3,-999.0,Eldorado do Sul,RS,Sul,-30.0,-51.61
2026,36,0.0,0.55,0.53,36.33,66.17,1.65,29.19,-999.0,Eldorado do Sul,RS,Sul,-30.0,-51.61
2026,37,4.16,0.55,0.53,39.19,66.3,1.92,28.72,-999.0,Eldorado do Sul,RS,Sul,-30.0,-51.61
2026,38,8.85,0.57,0.61,29.29,73.45,2.32,9.64,-999.0,Eldorado do Sul,RS,Sul,-30.0,-51.61
2026,39,0.08,0.57,0.55,29.78,68.72,2.23,24.93,-999.0,Eldorado do Sul,RS,Sul,-30.0,-51.61
2026,40,0.0,0.56,0.54,34.77,67.01,1.78,26.64,-999.0,Eldorado do Sul,RS,Sul,-30.0,-51.61
2026,41,1.14,0.56,0.54,35.2,71.43,1.4,18.21,-999.0,Eldorado do Sul,RS,Sul,-30.0,-51.61
2026,42,0.04,0.55,0.53,38.97,61.07,1.35,27.22,-999.0,Eldorado do Sul,RS,Sul,-30.0,-51.61
2026,43,6.62,0.55,0.56,39.28,61.81,1.59,19.55,-999.0,Eldorado do Sul,RS,Sul,-30.0,-51.61
2026,44,1.39,0.56,0.56,33.28,69.19,2.27,19.98,-999.0,Eldorado do Sul,RS,Sul,-30.0,-51.61
2026,45,0.32,0.55,0.54,31.59,68.41,3.25,9.47,-999.0,Eldorado do Sul,RS,Sul,-30.0,-51.61
2026,46,5.96,0.55,0.55,34.69,71.77,1.75,18.44,-999.0,Eldorado do Sul,RS,Sul,-30.0,-51.61
2026,47,2.28,0.56,0.57,34.2,75.55,1.73,16.6,-999.0,Eldorado do Sul,RS,Sul,-30.0,-51.61
2026,48,10.21,0.56,0.6,33.8,76.11,1.23,17.05,-999.0,Eldorado do Sul,RS,Sul,-30.0,-51.61
2026,49,0.65,0.57,0.57,34.14,69.11,1.72,23.99,-999.0,Eldorado do Sul,RS,Sul,-30.0,-51.61
2026,50,0.15,0.56,0.54,34.11,66.33,1.29,24.71,-999.0,Eldorado do Sul,RS,Sul,-30.0,-51.61
2026,51,4.52,0.56,0.57,29.49,74.75,1.93,13.56,-999.0,Eldorado do Sul,RS,Sul,-30.0,-51.61
2026,52,4.15,0.56,0.57,30.44,71.55,2.79,21.5,-999.0,Eldorado do Sul,RS,Sul,-30.0,-51.61
2026,53,0.11,0.56,0.54,32.26,68.71,3.08,26.11,-999.0,Eldorado do Sul,RS,Sul,-30.0,-51.61
2026,54,0.09,0.55,0.54,32.81,68.32,2.42,23.13,-999.0,Eldorado do Sul,RS,Sul,-30.0,-51.61
2026,55,11.18,0.56,0.6,28.59,82.25,1.0,7.69,-999.0,Eldorado do Sul,RS,Sul,-30.0,-51.61
2026,56,1.97,0.57,0.57,31.47,74.67,2.06,17.2,-999.0,Eldorado do Sul,RS,Sul,-30.0,-51.61
2026,57,0.07,0.56,0.55,29.51,66.15,1.66,23.42,-999.0,Eldorado do Sul,RS,Sul,-30.0,-51.61
2026,58,0.0,0.56,0.54,29.75,64.55,1.67,26.11,-999.0,Eldorado do Sul,RS,Sul,-30.0,-51.61
2026,59,0.01,0.55,0.54,30.56,65.86,1.95,22.11,-999.0,Eldorado do Sul,RS,Sul,-30.0,-51.61
2026,60,0.0,0.55,0.53,30.38,66.43,2.48,22.98,-999.0,Eldorado do Sul,RS,Sul,-30.0,-51.61
2026,61,0.0,0.54,0.52,32.9,66.52,2.38,25.15,-999.0,Eldorado do Sul,RS,Sul,-30.0,-51.61
2026,62,0.0,0.54,0.51,36.51,64.29,1.68,25.31,-999.0,Eldorado do Sul,RS,Sul,-30.0,-51.61
2026,63,2.11,0.54,0.52,37.73,65.05,1.44,25.19,-999.0,Eldorado do Sul,RS,Sul,-30.0,-51.61
2026,64,1.12,0.54,0.52,34.21,69.56,2.09,17.97,-999.0,Eldorado do Sul,RS,Sul,-30.0,-51.61
2026,65,5.97,0.54,0.54,33.75,74.04,2.2,23.65,-999.0,Eldorado do Sul,RS,Sul,-30.0,-51.61
2026,66,4.76,0.55,0.57,32.21,76.01,2.27,14.85,-999.0,Eldorado do Sul,RS,Sul,-30.0,-51.61
2026,67,1.03,0.55,0.54,29.14,70.34,2.57,18.59,-999.0,Eldorado do Sul,RS,Sul,-30.0,-51.61
2026,68,1.1,0.55,0.54,24.12,69.5,2.91,5.19,-999.0,Eldorado do Sul,RS,Sul,-30.0,-51.61
2026,69,1.45,0.55,0.55,25.77,80.31,2.94,18.57,-999.0,Eldorado do Sul,RS,Sul,-30.0,-51.61
2026,70,0.29,0.55,0.54,26.95,81.52,1.81,14.18,-999.0,Eldorado do Sul,RS,Sul,-30.0,-51.61
2026,71,2.6,0.55,0.54,31.53,72.93,1.09,18.6,-999.0,Eldorado do Sul,RS,Sul,-30.0,-51.61
2026,72,0.31,0.54,0.53,31.58,69.69,1.39,21.47,-999.0,Eldorado do Sul,RS,Sul,-30.0,-51.61
2026,73,0.06,0.54,0.52,32.32,64.3,1.07,23.44,-999.0,Eldorado do Sul,RS,Sul,-30.0,-51.61
2026,74,0.0,0.54,0.51,35.05,63.93,1.2,24.01,-999.0,Eldorado do Sul,RS,Sul,-30.0,-51.61
2026,75,0.05,0.53,0.49,38.07,66.61,1.5,21.81,-999.0,Eldorado do Sul,RS,Sul,-30.0,-51.61
2026,76,9.01,0.54,0.55,31.2,79.87,1.26,10.44,-999.0,Eldorado do Sul,RS,Sul,-30.0,-51.61
2026,77,4.03,0.55,0.56,33.43,79.16,1.55,16.54,-999.0,Eldorado do Sul,RS,Sul,-30.0,-51.61
2026,78,1.44,0.55,0.54,33.28,76.43,2.22,16.23,-999.0,Eldorado do Sul,RS,Sul,-30.0,-51.61
2026,79,0.16,0.55,0.53,33.28,74.58,2.16,21.59,-999.0,Eldorado do Sul,RS,Sul,-30.0,-51.61
2026,80,7.07,0.54,0.56,37.64,71.02,1.42,20.29,-999.0,Eldorado do Sul,RS,Sul,-30.0,-51.61
2026,81,5.99,0.56,0.59,29.66,78.23,1.63,6.14,-999.0,Eldorado do Sul,RS,Sul,-30.0,-51.61
2026,82,11.92,0.56,0.59,34.05,82.28,1.67,15.67,-999.0,Eldorado do Sul,RS,Sul,-30.0,-51.61
2026,83,7.44,0.58,0.64,28.0,77.43,1.75,9.6,-999.0,Eldorado do Sul,RS,Sul,-30.0,-51.61
2026,84,5.05,0.58,0.6,25.59,86.02,2.13,10.62,-999.0,Eldorado do Sul,RS,Sul,-30.0,-51.61
2026,85,1.66,0.58,0.59,29.57,84.47,1.76,16.25,-999.0,Eldorado do Sul,RS,Sul,-30.0,-51.61
2026,86,0.15,0.57,0.56,35.64,75.01,0.97,20.02,-999.0,Eldorado do Sul,RS,Sul,-30.0,-51.61
2026,87,0.08,0.56,0.55,37.39,71.22,1.08,20.76,-999.0,Eldorado do Sul,RS,Sul,-30.0,-51.61
2026,88,0.24,0.56,0.54,36.54,70.92,1.34,20.59,-999.0,Eldorado do Sul,RS,Sul,-30.0,-51.61
2026,89,1.43,0.55,0.54,32.7,77.31,1.77,11.4,-999.0,Eldorado do Sul,RS,Sul,-30.0,-51.61
2026,90,0.24,0.55,0.54,31.8,73.51,3.0,20.67,-999.0,Eldorado do Sul,RS,Sul,-30.0,-51.61
2026,91,0.0,0.55,0.53,32.61,68.05,1.18,19.38,-999.0,Eldorado do Sul,RS,Sul,-30.0,-51.61
